2026-04-17 14:52:34,408 - {'dataset': {'dataset': 'ActivityNet', 'feature_path': '/data/chenyuan/videogrounding/cpl-main/data/activitynet/sub_activitynet_v1-3.c3d.hdf5', 'vocab_size': 1111, 'word_dim': 300, 'frame_dim': 500, 'max_num_words': 40, 'max_num_frames': 200, 'target_stride': 1, 'train_data': 'data/activitynet/train_data.json', 'test_data': 'data/activitynet/test_data.json', 'val_data': 'data/activitynet/val_data.json', 'vocab_path': 'data/activitynet/glove.pkl'}, 'train': {'optimizer': {'lr': 0.0004, 'weight_decay': 0, 'warmup_updates': 400, 'warmup_init_lr': 1e-07}, 'batch_size': 32, 'max_num_epochs': 30, 'model_saved_path': 'checkpoints/activitynet_moe/cpl_moe'}, 'model': {'name': 'CPL_MoE', 'source': 'models', 'config': {'frames_input_size': 500, 'words_input_size': 300, 'hidden_size': 256, 'use_negative': True, 'num_props': 8, 'sigma': 9, 'gamma': 0.5, 'dropout': 0.1, 'DualTransformer': {'d_model': 256, 'num_heads': 4, 'num_decoder_layers1': 3, 'num_decoder_layers2': 3, 'dropout': 0.1}, 'MoE': {'use_moe': True, 'use_simple_moe': False, 'num_experts': 8, 'num_shared_experts': 2, 'top_k': 2, 'use_load_balance_loss': True, 'load_balance_weight': 0.01, 'use_2layer_gate': True}}}, 'loss': {'margin_1': 0.1, 'margin_2': 0.2, 'lambda': 0.125, 'alpha_1': 1, 'alpha_2': 5, 'use_width_reg': False, 'width_lambda': 0.05}, 'vote': True}
2026-04-17 14:52:34,759 - train: 37421 samples, test: 17031 samples
2026-04-17 14:52:35,516 - Start Epoch 1
2026-04-17 14:52:54,770 - Epoch 1, Batch 50, lr = 0.00005, final_loss = 6.8853, nll_loss = 6.8433, ref_nll_loss = 6.9274, ivc_loss = 1.3236, neg_loss_1 = 0.1106, neg_loss_2 = 0.1076, ref_loss = 0.0423, div_loss = 0.2126, 0.385 seconds/batch
2026-04-17 14:53:13,592 - Epoch 1, Batch 100, lr = 0.00010, final_loss = 6.0581, nll_loss = 6.0192, ref_nll_loss = 6.0970, ivc_loss = 0.3241, neg_loss_1 = 0.0678, neg_loss_2 = 0.0677, ref_loss = 0.0401, div_loss = 0.0297, 0.381 seconds/batch
2026-04-17 14:53:32,591 - Epoch 1, Batch 150, lr = 0.00015, final_loss = 5.6436, nll_loss = 5.6033, ref_nll_loss = 5.6839, ivc_loss = 0.2266, neg_loss_1 = 0.0686, neg_loss_2 = 0.0634, ref_loss = 0.0404, div_loss = 0.0108, 0.380 seconds/batch
2026-04-17 14:53:51,511 - Epoch 1, Batch 200, lr = 0.00020, final_loss = 5.4316, nll_loss = 5.3872, ref_nll_loss = 5.4761, ivc_loss = 0.1961, neg_loss_1 = 0.0645, neg_loss_2 = 0.0585, ref_loss = 0.0358, div_loss = 0.0075, 0.380 seconds/batch
2026-04-17 14:54:10,533 - Epoch 1, Batch 250, lr = 0.00025, final_loss = 5.3292, nll_loss = 5.2800, ref_nll_loss = 5.3784, ivc_loss = 0.1850, neg_loss_1 = 0.0565, neg_loss_2 = 0.0560, ref_loss = 0.0337, div_loss = 0.0078, 0.380 seconds/batch
2026-04-17 14:54:29,372 - Epoch 1, Batch 300, lr = 0.00030, final_loss = 5.2584, nll_loss = 5.2084, ref_nll_loss = 5.3083, ivc_loss = 0.1776, neg_loss_1 = 0.0567, neg_loss_2 = 0.0505, ref_loss = 0.0339, div_loss = 0.0073, 0.380 seconds/batch
2026-04-17 14:54:47,112 - Epoch 1, Batch 350, lr = 0.00035, final_loss = 5.1644, nll_loss = 5.1110, ref_nll_loss = 5.2178, ivc_loss = 0.1659, neg_loss_1 = 0.0552, neg_loss_2 = 0.0462, ref_loss = 0.0305, div_loss = 0.0068, 0.376 seconds/batch
2026-04-17 14:55:01,078 - Epoch 1, Batch 400, lr = 0.00040, final_loss = 5.0797, nll_loss = 5.0249, ref_nll_loss = 5.1345, ivc_loss = 0.1590, neg_loss_1 = 0.0467, neg_loss_2 = 0.0466, ref_loss = 0.0312, div_loss = 0.0069, 0.364 seconds/batch
2026-04-17 14:55:15,890 - Epoch 1, Batch 450, lr = 0.00038, final_loss = 5.0467, nll_loss = 4.9905, ref_nll_loss = 5.1030, ivc_loss = 0.1537, neg_loss_1 = 0.0463, neg_loss_2 = 0.0438, ref_loss = 0.0323, div_loss = 0.0063, 0.356 seconds/batch
2026-04-17 14:55:34,742 - Epoch 1, Batch 500, lr = 0.00036, final_loss = 4.9709, nll_loss = 4.9143, ref_nll_loss = 5.0275, ivc_loss = 0.1418, neg_loss_1 = 0.0362, neg_loss_2 = 0.0371, ref_loss = 0.0343, div_loss = 0.0068, 0.358 seconds/batch
2026-04-17 14:55:53,944 - Epoch 1, Batch 550, lr = 0.00034, final_loss = 4.8870, nll_loss = 4.8295, ref_nll_loss = 4.9445, ivc_loss = 0.1228, neg_loss_1 = 0.0281, neg_loss_2 = 0.0302, ref_loss = 0.0353, div_loss = 0.0058, 0.361 seconds/batch
2026-04-17 14:56:12,920 - Epoch 1, Batch 600, lr = 0.00033, final_loss = 4.8628, nll_loss = 4.8072, ref_nll_loss = 4.9185, ivc_loss = 0.1120, neg_loss_1 = 0.0227, neg_loss_2 = 0.0223, ref_loss = 0.0369, div_loss = 0.0060, 0.362 seconds/batch
2026-04-17 14:56:31,927 - Epoch 1, Batch 650, lr = 0.00031, final_loss = 4.8195, nll_loss = 4.7631, ref_nll_loss = 4.8760, ivc_loss = 0.1021, neg_loss_1 = 0.0173, neg_loss_2 = 0.0176, ref_loss = 0.0374, div_loss = 0.0060, 0.364 seconds/batch
2026-04-17 14:56:51,032 - Epoch 1, Batch 700, lr = 0.00030, final_loss = 4.7621, nll_loss = 4.7067, ref_nll_loss = 4.8175, ivc_loss = 0.1001, neg_loss_1 = 0.0166, neg_loss_2 = 0.0154, ref_loss = 0.0378, div_loss = 0.0061, 0.365 seconds/batch
2026-04-17 14:57:10,185 - Epoch 1, Batch 750, lr = 0.00029, final_loss = 4.7582, nll_loss = 4.7030, ref_nll_loss = 4.8134, ivc_loss = 0.0920, neg_loss_1 = 0.0114, neg_loss_2 = 0.0140, ref_loss = 0.0371, div_loss = 0.0059, 0.366 seconds/batch
2026-04-17 14:57:26,010 - Epoch 1, Batch 800, lr = 0.00028, final_loss = 4.6862, nll_loss = 4.6295, ref_nll_loss = 4.7428, ivc_loss = 0.0846, neg_loss_1 = 0.0102, neg_loss_2 = 0.0094, ref_loss = 0.0373, div_loss = 0.0055, 0.363 seconds/batch
2026-04-17 14:57:39,900 - Epoch 1, Batch 850, lr = 0.00027, final_loss = 4.6915, nll_loss = 4.6337, ref_nll_loss = 4.7493, ivc_loss = 0.0861, neg_loss_1 = 0.0092, neg_loss_2 = 0.0106, ref_loss = 0.0366, div_loss = 0.0059, 0.358 seconds/batch
2026-04-17 14:57:56,412 - Epoch 1, Batch 900, lr = 0.00027, final_loss = 4.6643, nll_loss = 4.6037, ref_nll_loss = 4.7248, ivc_loss = 0.0820, neg_loss_1 = 0.0083, neg_loss_2 = 0.0074, ref_loss = 0.0359, div_loss = 0.0061, 0.357 seconds/batch
2026-04-17 14:58:15,583 - Epoch 1, Batch 950, lr = 0.00026, final_loss = 4.6677, nll_loss = 4.6093, ref_nll_loss = 4.7261, ivc_loss = 0.0781, neg_loss_1 = 0.0063, neg_loss_2 = 0.0074, ref_loss = 0.0354, div_loss = 0.0058, 0.358 seconds/batch
2026-04-17 14:58:34,737 - Epoch 1, Batch 1000, lr = 0.00025, final_loss = 4.6277, nll_loss = 4.5659, ref_nll_loss = 4.6896, ivc_loss = 0.0759, neg_loss_1 = 0.0070, neg_loss_2 = 0.0067, ref_loss = 0.0356, div_loss = 0.0053, 0.359 seconds/batch
2026-04-17 14:58:53,613 - Epoch 1, Batch 1050, lr = 0.00025, final_loss = 4.6204, nll_loss = 4.5619, ref_nll_loss = 4.6789, ivc_loss = 0.0792, neg_loss_1 = 0.0071, neg_loss_2 = 0.0065, ref_loss = 0.0378, div_loss = 0.0056, 0.360 seconds/batch
2026-04-17 14:59:12,512 - Epoch 1, Batch 1100, lr = 0.00024, final_loss = 4.5691, nll_loss = 4.5070, ref_nll_loss = 4.6313, ivc_loss = 0.0684, neg_loss_1 = 0.0046, neg_loss_2 = 0.0048, ref_loss = 0.0319, div_loss = 0.0054, 0.361 seconds/batch
2026-04-17 14:59:31,413 - Epoch 1, Batch 1150, lr = 0.00024, final_loss = 4.5587, nll_loss = 4.4957, ref_nll_loss = 4.6217, ivc_loss = 0.0699, neg_loss_1 = 0.0049, neg_loss_2 = 0.0067, ref_loss = 0.0314, div_loss = 0.0054, 0.362 seconds/batch
2026-04-17 14:59:39,052 - Epoch 1, Batch 1170, lr = 0.00023, final_loss = 4.5291, nll_loss = 4.4717, ref_nll_loss = 4.5865, ivc_loss = 0.0722, neg_loss_1 = 0.0057, neg_loss_2 = 0.0042, ref_loss = 0.0362, div_loss = 0.0052, 0.362 seconds/batch
2026-04-17 14:59:39,118 - save model to checkpoints/activitynet_moe/cpl_moe/model-1.pt, num_updates 1170.
2026-04-17 15:01:51,824 - | R@1,mIoU 0.2285 | R@1,IoU@0.1 0.5410 | R@1,IoU@0.3 0.3863 | R@1,IoU@0.5 0.1545 | R@1,IoU@0.7 0.0474 | R@1,IoU@0.9 0.0050 | R@5,mIoU 0.5225 | R@5,IoU@0.1 0.9173 | R@5,IoU@0.3 0.7852 | R@5,IoU@0.5 0.5249 | R@5,IoU@0.7 0.3098 | R@5,IoU@0.9 0.0726 |
2026-04-17 15:01:51,896 - Best results have been updated.
2026-04-17 15:01:51,897 - ============================================================
2026-04-17 15:01:51,897 - Start Epoch 2
2026-04-17 15:02:07,409 - Epoch 2, Batch 50, lr = 0.00023, final_loss = 4.5198, nll_loss = 4.4578, ref_nll_loss = 4.5819, ivc_loss = 0.0778, neg_loss_1 = 0.0080, neg_loss_2 = 0.0090, ref_loss = 0.0333, div_loss = 0.0055, 0.310 seconds/batch
2026-04-17 15:02:26,269 - Epoch 2, Batch 100, lr = 0.00022, final_loss = 4.5244, nll_loss = 4.4650, ref_nll_loss = 4.5839, ivc_loss = 0.0793, neg_loss_1 = 0.0073, neg_loss_2 = 0.0098, ref_loss = 0.0342, div_loss = 0.0056, 0.344 seconds/batch
2026-04-17 15:02:45,213 - Epoch 2, Batch 150, lr = 0.00022, final_loss = 4.5337, nll_loss = 4.4732, ref_nll_loss = 4.5942, ivc_loss = 0.0738, neg_loss_1 = 0.0064, neg_loss_2 = 0.0066, ref_loss = 0.0336, div_loss = 0.0054, 0.355 seconds/batch
2026-04-17 15:03:04,184 - Epoch 2, Batch 200, lr = 0.00022, final_loss = 4.4833, nll_loss = 4.4235, ref_nll_loss = 4.5430, ivc_loss = 0.0776, neg_loss_1 = 0.0075, neg_loss_2 = 0.0066, ref_loss = 0.0343, div_loss = 0.0058, 0.361 seconds/batch
2026-04-17 15:03:23,145 - Epoch 2, Batch 250, lr = 0.00021, final_loss = 4.4817, nll_loss = 4.4208, ref_nll_loss = 4.5426, ivc_loss = 0.0768, neg_loss_1 = 0.0057, neg_loss_2 = 0.0099, ref_loss = 0.0348, div_loss = 0.0053, 0.365 seconds/batch
2026-04-17 15:03:42,141 - Epoch 2, Batch 300, lr = 0.00021, final_loss = 4.4736, nll_loss = 4.4105, ref_nll_loss = 4.5367, ivc_loss = 0.0734, neg_loss_1 = 0.0067, neg_loss_2 = 0.0081, ref_loss = 0.0311, div_loss = 0.0055, 0.367 seconds/batch
2026-04-17 15:04:05,386 - Epoch 2, Batch 350, lr = 0.00021, final_loss = 4.4942, nll_loss = 4.4334, ref_nll_loss = 4.5550, ivc_loss = 0.0739, neg_loss_1 = 0.0075, neg_loss_2 = 0.0078, ref_loss = 0.0320, div_loss = 0.0053, 0.381 seconds/batch
2026-04-17 15:04:30,584 - Epoch 2, Batch 400, lr = 0.00020, final_loss = 4.4747, nll_loss = 4.4145, ref_nll_loss = 4.5348, ivc_loss = 0.0741, neg_loss_1 = 0.0068, neg_loss_2 = 0.0065, ref_loss = 0.0340, div_loss = 0.0054, 0.397 seconds/batch
2026-04-17 15:04:58,590 - Epoch 2, Batch 450, lr = 0.00020, final_loss = 4.4389, nll_loss = 4.3761, ref_nll_loss = 4.5017, ivc_loss = 0.0709, neg_loss_1 = 0.0047, neg_loss_2 = 0.0069, ref_loss = 0.0331, div_loss = 0.0052, 0.415 seconds/batch
2026-04-17 15:05:35,660 - Epoch 2, Batch 500, lr = 0.00020, final_loss = 4.4333, nll_loss = 4.3719, ref_nll_loss = 4.4948, ivc_loss = 0.0764, neg_loss_1 = 0.0067, neg_loss_2 = 0.0064, ref_loss = 0.0331, div_loss = 0.0060, 0.448 seconds/batch
2026-04-17 15:06:13,937 - Epoch 2, Batch 550, lr = 0.00019, final_loss = 4.4203, nll_loss = 4.3567, ref_nll_loss = 4.4839, ivc_loss = 0.0652, neg_loss_1 = 0.0042, neg_loss_2 = 0.0042, ref_loss = 0.0312, div_loss = 0.0051, 0.476 seconds/batch
2026-04-17 15:06:52,048 - Epoch 2, Batch 600, lr = 0.00019, final_loss = 4.4186, nll_loss = 4.3559, ref_nll_loss = 4.4813, ivc_loss = 0.0711, neg_loss_1 = 0.0056, neg_loss_2 = 0.0048, ref_loss = 0.0330, div_loss = 0.0056, 0.500 seconds/batch
2026-04-17 15:07:30,548 - Epoch 2, Batch 650, lr = 0.00019, final_loss = 4.4092, nll_loss = 4.3441, ref_nll_loss = 4.4742, ivc_loss = 0.0661, neg_loss_1 = 0.0043, neg_loss_2 = 0.0050, ref_loss = 0.0298, div_loss = 0.0054, 0.521 seconds/batch
2026-04-17 15:08:08,911 - Epoch 2, Batch 700, lr = 0.00018, final_loss = 4.4035, nll_loss = 4.3417, ref_nll_loss = 4.4653, ivc_loss = 0.0681, neg_loss_1 = 0.0047, neg_loss_2 = 0.0050, ref_loss = 0.0325, div_loss = 0.0052, 0.539 seconds/batch
2026-04-17 15:08:47,310 - Epoch 2, Batch 750, lr = 0.00018, final_loss = 4.3826, nll_loss = 4.3192, ref_nll_loss = 4.4459, ivc_loss = 0.0709, neg_loss_1 = 0.0065, neg_loss_2 = 0.0058, ref_loss = 0.0320, div_loss = 0.0053, 0.554 seconds/batch
2026-04-17 15:09:24,997 - Epoch 2, Batch 800, lr = 0.00018, final_loss = 4.3747, nll_loss = 4.3077, ref_nll_loss = 4.4416, ivc_loss = 0.0700, neg_loss_1 = 0.0048, neg_loss_2 = 0.0080, ref_loss = 0.0298, div_loss = 0.0055, 0.566 seconds/batch
2026-04-17 15:09:58,780 - Epoch 2, Batch 850, lr = 0.00018, final_loss = 4.3975, nll_loss = 4.3368, ref_nll_loss = 4.4581, ivc_loss = 0.0774, neg_loss_1 = 0.0065, neg_loss_2 = 0.0082, ref_loss = 0.0333, div_loss = 0.0059, 0.573 seconds/batch
2026-04-17 15:10:32,973 - Epoch 2, Batch 900, lr = 0.00018, final_loss = 4.3864, nll_loss = 4.3191, ref_nll_loss = 4.4536, ivc_loss = 0.0778, neg_loss_1 = 0.0089, neg_loss_2 = 0.0122, ref_loss = 0.0292, div_loss = 0.0055, 0.579 seconds/batch
2026-04-17 15:11:11,515 - Epoch 2, Batch 950, lr = 0.00017, final_loss = 4.3873, nll_loss = 4.3232, ref_nll_loss = 4.4514, ivc_loss = 0.0820, neg_loss_1 = 0.0061, neg_loss_2 = 0.0113, ref_loss = 0.0333, div_loss = 0.0063, 0.589 seconds/batch
2026-04-17 15:11:49,702 - Epoch 2, Batch 1000, lr = 0.00017, final_loss = 4.3471, nll_loss = 4.2789, ref_nll_loss = 4.4153, ivc_loss = 0.0787, neg_loss_1 = 0.0079, neg_loss_2 = 0.0108, ref_loss = 0.0289, div_loss = 0.0062, 0.598 seconds/batch
2026-04-17 15:12:28,076 - Epoch 2, Batch 1050, lr = 0.00017, final_loss = 4.3942, nll_loss = 4.3295, ref_nll_loss = 4.4589, ivc_loss = 0.0801, neg_loss_1 = 0.0095, neg_loss_2 = 0.0114, ref_loss = 0.0314, div_loss = 0.0056, 0.606 seconds/batch
2026-04-17 15:13:06,469 - Epoch 2, Batch 1100, lr = 0.00017, final_loss = 4.3584, nll_loss = 4.2938, ref_nll_loss = 4.4231, ivc_loss = 0.0685, neg_loss_1 = 0.0059, neg_loss_2 = 0.0063, ref_loss = 0.0304, div_loss = 0.0052, 0.613 seconds/batch
2026-04-17 15:13:44,611 - Epoch 2, Batch 1150, lr = 0.00017, final_loss = 4.3503, nll_loss = 4.2817, ref_nll_loss = 4.4188, ivc_loss = 0.0653, neg_loss_1 = 0.0054, neg_loss_2 = 0.0056, ref_loss = 0.0282, div_loss = 0.0052, 0.620 seconds/batch
2026-04-17 15:13:59,538 - Epoch 2, Batch 1170, lr = 0.00017, final_loss = 4.3658, nll_loss = 4.2969, ref_nll_loss = 4.4346, ivc_loss = 0.0612, neg_loss_1 = 0.0013, neg_loss_2 = 0.0033, ref_loss = 0.0302, div_loss = 0.0053, 0.622 seconds/batch
2026-04-17 15:13:59,602 - save model to checkpoints/activitynet_moe/cpl_moe/model-2.pt, num_updates 2340.
2026-04-17 15:17:50,915 - | R@1,mIoU 0.2340 | R@1,IoU@0.1 0.5543 | R@1,IoU@0.3 0.4045 | R@1,IoU@0.5 0.1551 | R@1,IoU@0.7 0.0440 | R@1,IoU@0.9 0.0043 | R@5,mIoU 0.5260 | R@5,IoU@0.1 0.9208 | R@5,IoU@0.3 0.7872 | R@5,IoU@0.5 0.5309 | R@5,IoU@0.7 0.3175 | R@5,IoU@0.9 0.0720 |
2026-04-17 15:17:50,999 - Best results have been updated.
2026-04-17 15:17:50,999 - ============================================================
2026-04-17 15:17:50,999 - Start Epoch 3
2026-04-17 15:18:09,172 - Epoch 3, Batch 50, lr = 0.00016, final_loss = 4.3110, nll_loss = 4.2440, ref_nll_loss = 4.3779, ivc_loss = 0.0723, neg_loss_1 = 0.0060, neg_loss_2 = 0.0083, ref_loss = 0.0310, div_loss = 0.0054, 0.363 seconds/batch
2026-04-17 15:18:27,114 - Epoch 3, Batch 100, lr = 0.00016, final_loss = 4.3171, nll_loss = 4.2504, ref_nll_loss = 4.3839, ivc_loss = 0.0733, neg_loss_1 = 0.0063, neg_loss_2 = 0.0099, ref_loss = 0.0311, div_loss = 0.0052, 0.361 seconds/batch
2026-04-17 15:18:44,922 - Epoch 3, Batch 150, lr = 0.00016, final_loss = 4.3153, nll_loss = 4.2486, ref_nll_loss = 4.3820, ivc_loss = 0.0691, neg_loss_1 = 0.0054, neg_loss_2 = 0.0075, ref_loss = 0.0306, div_loss = 0.0051, 0.359 seconds/batch
2026-04-17 15:19:02,797 - Epoch 3, Batch 200, lr = 0.00016, final_loss = 4.2958, nll_loss = 4.2271, ref_nll_loss = 4.3645, ivc_loss = 0.0720, neg_loss_1 = 0.0058, neg_loss_2 = 0.0106, ref_loss = 0.0293, div_loss = 0.0053, 0.359 seconds/batch
2026-04-17 15:19:20,531 - Epoch 3, Batch 250, lr = 0.00016, final_loss = 4.3007, nll_loss = 4.2331, ref_nll_loss = 4.3683, ivc_loss = 0.0674, neg_loss_1 = 0.0058, neg_loss_2 = 0.0067, ref_loss = 0.0288, div_loss = 0.0052, 0.358 seconds/batch
2026-04-17 15:19:38,567 - Epoch 3, Batch 300, lr = 0.00016, final_loss = 4.3159, nll_loss = 4.2520, ref_nll_loss = 4.3798, ivc_loss = 0.0694, neg_loss_1 = 0.0080, neg_loss_2 = 0.0046, ref_loss = 0.0307, div_loss = 0.0052, 0.359 seconds/batch
2026-04-17 15:19:58,887 - Epoch 3, Batch 350, lr = 0.00015, final_loss = 4.3113, nll_loss = 4.2452, ref_nll_loss = 4.3774, ivc_loss = 0.0741, neg_loss_1 = 0.0071, neg_loss_2 = 0.0090, ref_loss = 0.0315, div_loss = 0.0053, 0.365 seconds/batch
2026-04-17 15:20:22,427 - Epoch 3, Batch 400, lr = 0.00015, final_loss = 4.2727, nll_loss = 4.2065, ref_nll_loss = 4.3389, ivc_loss = 0.0735, neg_loss_1 = 0.0071, neg_loss_2 = 0.0075, ref_loss = 0.0329, div_loss = 0.0052, 0.379 seconds/batch
2026-04-17 15:20:49,632 - Epoch 3, Batch 450, lr = 0.00015, final_loss = 4.2551, nll_loss = 4.1884, ref_nll_loss = 4.3219, ivc_loss = 0.0697, neg_loss_1 = 0.0068, neg_loss_2 = 0.0072, ref_loss = 0.0299, div_loss = 0.0052, 0.397 seconds/batch
2026-04-17 15:21:19,656 - Epoch 3, Batch 500, lr = 0.00015, final_loss = 4.3038, nll_loss = 4.2373, ref_nll_loss = 4.3704, ivc_loss = 0.0738, neg_loss_1 = 0.0069, neg_loss_2 = 0.0073, ref_loss = 0.0304, div_loss = 0.0059, 0.417 seconds/batch
2026-04-17 15:21:49,906 - Epoch 3, Batch 550, lr = 0.00015, final_loss = 4.3115, nll_loss = 4.2417, ref_nll_loss = 4.3814, ivc_loss = 0.0704, neg_loss_1 = 0.0074, neg_loss_2 = 0.0054, ref_loss = 0.0309, div_loss = 0.0053, 0.434 seconds/batch
2026-04-17 15:22:19,958 - Epoch 3, Batch 600, lr = 0.00015, final_loss = 4.2834, nll_loss = 4.2154, ref_nll_loss = 4.3514, ivc_loss = 0.0726, neg_loss_1 = 0.0085, neg_loss_2 = 0.0077, ref_loss = 0.0301, div_loss = 0.0053, 0.448 seconds/batch
2026-04-17 15:22:50,147 - Epoch 3, Batch 650, lr = 0.00015, final_loss = 4.2666, nll_loss = 4.1984, ref_nll_loss = 4.3348, ivc_loss = 0.0754, neg_loss_1 = 0.0076, neg_loss_2 = 0.0096, ref_loss = 0.0299, div_loss = 0.0057, 0.460 seconds/batch
2026-04-17 15:23:20,328 - Epoch 3, Batch 700, lr = 0.00015, final_loss = 4.2811, nll_loss = 4.2144, ref_nll_loss = 4.3478, ivc_loss = 0.0722, neg_loss_1 = 0.0075, neg_loss_2 = 0.0078, ref_loss = 0.0297, div_loss = 0.0054, 0.470 seconds/batch
2026-04-17 15:23:50,695 - Epoch 3, Batch 750, lr = 0.00014, final_loss = 4.3122, nll_loss = 4.2422, ref_nll_loss = 4.3822, ivc_loss = 0.0690, neg_loss_1 = 0.0066, neg_loss_2 = 0.0071, ref_loss = 0.0296, div_loss = 0.0051, 0.480 seconds/batch
2026-04-17 15:24:20,886 - Epoch 3, Batch 800, lr = 0.00014, final_loss = 4.2476, nll_loss = 4.1781, ref_nll_loss = 4.3171, ivc_loss = 0.0731, neg_loss_1 = 0.0053, neg_loss_2 = 0.0083, ref_loss = 0.0321, div_loss = 0.0055, 0.487 seconds/batch
2026-04-17 15:24:51,174 - Epoch 3, Batch 850, lr = 0.00014, final_loss = 4.2464, nll_loss = 4.1768, ref_nll_loss = 4.3160, ivc_loss = 0.0680, neg_loss_1 = 0.0056, neg_loss_2 = 0.0074, ref_loss = 0.0286, div_loss = 0.0053, 0.494 seconds/batch
2026-04-17 15:25:21,558 - Epoch 3, Batch 900, lr = 0.00014, final_loss = 4.2727, nll_loss = 4.2038, ref_nll_loss = 4.3416, ivc_loss = 0.0727, neg_loss_1 = 0.0059, neg_loss_2 = 0.0084, ref_loss = 0.0307, div_loss = 0.0055, 0.501 seconds/batch
2026-04-17 15:25:51,716 - Epoch 3, Batch 950, lr = 0.00014, final_loss = 4.2662, nll_loss = 4.1965, ref_nll_loss = 4.3359, ivc_loss = 0.0689, neg_loss_1 = 0.0073, neg_loss_2 = 0.0082, ref_loss = 0.0270, div_loss = 0.0053, 0.506 seconds/batch
2026-04-17 15:26:21,930 - Epoch 3, Batch 1000, lr = 0.00014, final_loss = 4.2333, nll_loss = 4.1654, ref_nll_loss = 4.3012, ivc_loss = 0.0663, neg_loss_1 = 0.0057, neg_loss_2 = 0.0055, ref_loss = 0.0300, div_loss = 0.0050, 0.511 seconds/batch
2026-04-17 15:26:52,188 - Epoch 3, Batch 1050, lr = 0.00014, final_loss = 4.2305, nll_loss = 4.1634, ref_nll_loss = 4.2977, ivc_loss = 0.0698, neg_loss_1 = 0.0064, neg_loss_2 = 0.0074, ref_loss = 0.0303, div_loss = 0.0051, 0.515 seconds/batch
2026-04-17 15:27:22,501 - Epoch 3, Batch 1100, lr = 0.00014, final_loss = 4.2449, nll_loss = 4.1743, ref_nll_loss = 4.3154, ivc_loss = 0.0686, neg_loss_1 = 0.0057, neg_loss_2 = 0.0068, ref_loss = 0.0304, div_loss = 0.0051, 0.520 seconds/batch
2026-04-17 15:27:52,545 - Epoch 3, Batch 1150, lr = 0.00014, final_loss = 4.2530, nll_loss = 4.1815, ref_nll_loss = 4.3245, ivc_loss = 0.0696, neg_loss_1 = 0.0058, neg_loss_2 = 0.0071, ref_loss = 0.0299, div_loss = 0.0054, 0.523 seconds/batch
2026-04-17 15:28:04,450 - Epoch 3, Batch 1170, lr = 0.00014, final_loss = 4.2244, nll_loss = 4.1522, ref_nll_loss = 4.2967, ivc_loss = 0.0727, neg_loss_1 = 0.0067, neg_loss_2 = 0.0082, ref_loss = 0.0286, div_loss = 0.0058, 0.524 seconds/batch
2026-04-17 15:28:04,515 - save model to checkpoints/activitynet_moe/cpl_moe/model-3.pt, num_updates 3510.
2026-04-17 15:31:39,795 - | R@1,mIoU 0.2424 | R@1,IoU@0.1 0.5812 | R@1,IoU@0.3 0.4133 | R@1,IoU@0.5 0.1521 | R@1,IoU@0.7 0.0381 | R@1,IoU@0.9 0.0023 | R@5,mIoU 0.5343 | R@5,IoU@0.1 0.9275 | R@5,IoU@0.3 0.7947 | R@5,IoU@0.5 0.5445 | R@5,IoU@0.7 0.3210 | R@5,IoU@0.9 0.0733 |
2026-04-17 15:31:39,879 - Best results have been updated.
2026-04-17 15:31:39,880 - ============================================================
2026-04-17 15:31:39,880 - Start Epoch 4
2026-04-17 15:31:58,118 - Epoch 4, Batch 50, lr = 0.00013, final_loss = 4.1936, nll_loss = 4.1227, ref_nll_loss = 4.2645, ivc_loss = 0.0717, neg_loss_1 = 0.0064, neg_loss_2 = 0.0092, ref_loss = 0.0296, div_loss = 0.0053, 0.365 seconds/batch
2026-04-17 15:32:16,167 - Epoch 4, Batch 100, lr = 0.00013, final_loss = 4.1838, nll_loss = 4.1110, ref_nll_loss = 4.2565, ivc_loss = 0.0680, neg_loss_1 = 0.0075, neg_loss_2 = 0.0066, ref_loss = 0.0274, div_loss = 0.0053, 0.363 seconds/batch
2026-04-17 15:32:34,208 - Epoch 4, Batch 150, lr = 0.00013, final_loss = 4.2221, nll_loss = 4.1531, ref_nll_loss = 4.2912, ivc_loss = 0.0731, neg_loss_1 = 0.0079, neg_loss_2 = 0.0084, ref_loss = 0.0304, div_loss = 0.0053, 0.362 seconds/batch
2026-04-17 15:32:52,145 - Epoch 4, Batch 200, lr = 0.00013, final_loss = 4.2264, nll_loss = 4.1557, ref_nll_loss = 4.2970, ivc_loss = 0.0770, neg_loss_1 = 0.0078, neg_loss_2 = 0.0129, ref_loss = 0.0297, div_loss = 0.0053, 0.361 seconds/batch
2026-04-17 15:33:09,918 - Epoch 4, Batch 250, lr = 0.00013, final_loss = 4.1847, nll_loss = 4.1124, ref_nll_loss = 4.2570, ivc_loss = 0.0755, neg_loss_1 = 0.0073, neg_loss_2 = 0.0088, ref_loss = 0.0290, div_loss = 0.0061, 0.360 seconds/batch
2026-04-17 15:33:27,836 - Epoch 4, Batch 300, lr = 0.00013, final_loss = 4.2196, nll_loss = 4.1501, ref_nll_loss = 4.2892, ivc_loss = 0.0747, neg_loss_1 = 0.0068, neg_loss_2 = 0.0090, ref_loss = 0.0301, div_loss = 0.0058, 0.360 seconds/batch
2026-04-17 15:33:48,247 - Epoch 4, Batch 350, lr = 0.00013, final_loss = 4.2146, nll_loss = 4.1410, ref_nll_loss = 4.2881, ivc_loss = 0.0683, neg_loss_1 = 0.0051, neg_loss_2 = 0.0082, ref_loss = 0.0280, div_loss = 0.0054, 0.367 seconds/batch
2026-04-17 15:34:12,138 - Epoch 4, Batch 400, lr = 0.00013, final_loss = 4.1906, nll_loss = 4.1200, ref_nll_loss = 4.2612, ivc_loss = 0.0695, neg_loss_1 = 0.0067, neg_loss_2 = 0.0070, ref_loss = 0.0279, div_loss = 0.0056, 0.381 seconds/batch
2026-04-17 15:34:39,141 - Epoch 4, Batch 450, lr = 0.00013, final_loss = 4.1762, nll_loss = 4.1065, ref_nll_loss = 4.2460, ivc_loss = 0.0730, neg_loss_1 = 0.0079, neg_loss_2 = 0.0076, ref_loss = 0.0302, div_loss = 0.0054, 0.398 seconds/batch
2026-04-17 15:35:09,207 - Epoch 4, Batch 500, lr = 0.00013, final_loss = 4.1659, nll_loss = 4.0958, ref_nll_loss = 4.2360, ivc_loss = 0.0751, neg_loss_1 = 0.0085, neg_loss_2 = 0.0097, ref_loss = 0.0294, div_loss = 0.0055, 0.419 seconds/batch
2026-04-17 15:35:39,270 - Epoch 4, Batch 550, lr = 0.00013, final_loss = 4.2132, nll_loss = 4.1411, ref_nll_loss = 4.2852, ivc_loss = 0.0715, neg_loss_1 = 0.0076, neg_loss_2 = 0.0074, ref_loss = 0.0269, div_loss = 0.0059, 0.435 seconds/batch
2026-04-17 15:36:09,373 - Epoch 4, Batch 600, lr = 0.00012, final_loss = 4.2005, nll_loss = 4.1308, ref_nll_loss = 4.2701, ivc_loss = 0.0739, neg_loss_1 = 0.0075, neg_loss_2 = 0.0097, ref_loss = 0.0295, div_loss = 0.0055, 0.449 seconds/batch
2026-04-17 15:36:39,397 - Epoch 4, Batch 650, lr = 0.00012, final_loss = 4.2184, nll_loss = 4.1497, ref_nll_loss = 4.2870, ivc_loss = 0.0746, neg_loss_1 = 0.0067, neg_loss_2 = 0.0071, ref_loss = 0.0324, div_loss = 0.0057, 0.461 seconds/batch
2026-04-17 15:37:09,367 - Epoch 4, Batch 700, lr = 0.00012, final_loss = 4.1777, nll_loss = 4.1098, ref_nll_loss = 4.2455, ivc_loss = 0.0779, neg_loss_1 = 0.0069, neg_loss_2 = 0.0089, ref_loss = 0.0314, div_loss = 0.0061, 0.471 seconds/batch
2026-04-17 15:37:39,696 - Epoch 4, Batch 750, lr = 0.00012, final_loss = 4.2101, nll_loss = 4.1401, ref_nll_loss = 4.2802, ivc_loss = 0.0862, neg_loss_1 = 0.0065, neg_loss_2 = 0.0096, ref_loss = 0.0296, div_loss = 0.0081, 0.480 seconds/batch
2026-04-17 15:38:09,401 - Epoch 4, Batch 800, lr = 0.00012, final_loss = 4.1839, nll_loss = 4.1118, ref_nll_loss = 4.2560, ivc_loss = 0.0746, neg_loss_1 = 0.0070, neg_loss_2 = 0.0124, ref_loss = 0.0275, div_loss = 0.0056, 0.487 seconds/batch
2026-04-17 15:38:39,566 - Epoch 4, Batch 850, lr = 0.00012, final_loss = 4.2064, nll_loss = 4.1390, ref_nll_loss = 4.2739, ivc_loss = 0.0771, neg_loss_1 = 0.0080, neg_loss_2 = 0.0080, ref_loss = 0.0332, div_loss = 0.0056, 0.494 seconds/batch
2026-04-17 15:39:09,590 - Epoch 4, Batch 900, lr = 0.00012, final_loss = 4.1900, nll_loss = 4.1159, ref_nll_loss = 4.2641, ivc_loss = 0.0722, neg_loss_1 = 0.0058, neg_loss_2 = 0.0113, ref_loss = 0.0273, div_loss = 0.0056, 0.500 seconds/batch
2026-04-17 15:39:39,823 - Epoch 4, Batch 950, lr = 0.00012, final_loss = 4.1960, nll_loss = 4.1184, ref_nll_loss = 4.2736, ivc_loss = 0.0733, neg_loss_1 = 0.0066, neg_loss_2 = 0.0078, ref_loss = 0.0295, div_loss = 0.0059, 0.505 seconds/batch
2026-04-17 15:40:09,949 - Epoch 4, Batch 1000, lr = 0.00012, final_loss = 4.1940, nll_loss = 4.1236, ref_nll_loss = 4.2644, ivc_loss = 0.0728, neg_loss_1 = 0.0062, neg_loss_2 = 0.0078, ref_loss = 0.0305, div_loss = 0.0057, 0.510 seconds/batch
2026-04-17 15:40:39,913 - Epoch 4, Batch 1050, lr = 0.00012, final_loss = 4.2021, nll_loss = 4.1290, ref_nll_loss = 4.2751, ivc_loss = 0.0720, neg_loss_1 = 0.0056, neg_loss_2 = 0.0070, ref_loss = 0.0307, div_loss = 0.0058, 0.514 seconds/batch
2026-04-17 15:41:10,231 - Epoch 4, Batch 1100, lr = 0.00012, final_loss = 4.1869, nll_loss = 4.1155, ref_nll_loss = 4.2584, ivc_loss = 0.0701, neg_loss_1 = 0.0059, neg_loss_2 = 0.0069, ref_loss = 0.0298, div_loss = 0.0055, 0.519 seconds/batch
2026-04-17 15:41:40,353 - Epoch 4, Batch 1150, lr = 0.00012, final_loss = 4.1661, nll_loss = 4.0931, ref_nll_loss = 4.2391, ivc_loss = 0.0694, neg_loss_1 = 0.0044, neg_loss_2 = 0.0083, ref_loss = 0.0288, div_loss = 0.0056, 0.522 seconds/batch
2026-04-17 15:41:52,289 - Epoch 4, Batch 1170, lr = 0.00012, final_loss = 4.1938, nll_loss = 4.1191, ref_nll_loss = 4.2684, ivc_loss = 0.0694, neg_loss_1 = 0.0079, neg_loss_2 = 0.0087, ref_loss = 0.0253, div_loss = 0.0055, 0.523 seconds/batch
2026-04-17 15:41:52,352 - save model to checkpoints/activitynet_moe/cpl_moe/model-4.pt, num_updates 4680.
2026-04-17 15:45:28,087 - | R@1,mIoU 0.2938 | R@1,IoU@0.1 0.6765 | R@1,IoU@0.3 0.4987 | R@1,IoU@0.5 0.2168 | R@1,IoU@0.7 0.0676 | R@1,IoU@0.9 0.0076 | R@5,mIoU 0.5323 | R@5,IoU@0.1 0.9270 | R@5,IoU@0.3 0.7916 | R@5,IoU@0.5 0.5421 | R@5,IoU@0.7 0.3259 | R@5,IoU@0.9 0.0744 |
2026-04-17 15:45:28,160 - Best results have been updated.
2026-04-17 15:45:28,160 - ============================================================
2026-04-17 15:45:28,160 - Start Epoch 5
2026-04-17 15:45:46,193 - Epoch 5, Batch 50, lr = 0.00012, final_loss = 4.1371, nll_loss = 4.0627, ref_nll_loss = 4.2116, ivc_loss = 0.0732, neg_loss_1 = 0.0082, neg_loss_2 = 0.0105, ref_loss = 0.0266, div_loss = 0.0056, 0.361 seconds/batch
2026-04-17 15:46:04,180 - Epoch 5, Batch 100, lr = 0.00012, final_loss = 4.1311, nll_loss = 4.0592, ref_nll_loss = 4.2031, ivc_loss = 0.0754, neg_loss_1 = 0.0085, neg_loss_2 = 0.0079, ref_loss = 0.0297, div_loss = 0.0059, 0.360 seconds/batch
2026-04-17 15:46:22,166 - Epoch 5, Batch 150, lr = 0.00012, final_loss = 4.1293, nll_loss = 4.0566, ref_nll_loss = 4.2020, ivc_loss = 0.0756, neg_loss_1 = 0.0090, neg_loss_2 = 0.0072, ref_loss = 0.0302, div_loss = 0.0058, 0.360 seconds/batch
2026-04-17 15:46:40,133 - Epoch 5, Batch 200, lr = 0.00011, final_loss = 4.1378, nll_loss = 4.0639, ref_nll_loss = 4.2116, ivc_loss = 0.0734, neg_loss_1 = 0.0080, neg_loss_2 = 0.0100, ref_loss = 0.0274, div_loss = 0.0056, 0.360 seconds/batch
2026-04-17 15:46:58,047 - Epoch 5, Batch 250, lr = 0.00011, final_loss = 4.1443, nll_loss = 4.0700, ref_nll_loss = 4.2186, ivc_loss = 0.0729, neg_loss_1 = 0.0076, neg_loss_2 = 0.0078, ref_loss = 0.0285, div_loss = 0.0058, 0.360 seconds/batch
2026-04-17 15:47:15,977 - Epoch 5, Batch 300, lr = 0.00011, final_loss = 4.1518, nll_loss = 4.0821, ref_nll_loss = 4.2215, ivc_loss = 0.0796, neg_loss_1 = 0.0088, neg_loss_2 = 0.0106, ref_loss = 0.0309, div_loss = 0.0059, 0.359 seconds/batch
2026-04-17 15:47:36,361 - Epoch 5, Batch 350, lr = 0.00011, final_loss = 4.1766, nll_loss = 4.1036, ref_nll_loss = 4.2496, ivc_loss = 0.0789, neg_loss_1 = 0.0116, neg_loss_2 = 0.0072, ref_loss = 0.0280, div_loss = 0.0064, 0.366 seconds/batch
2026-04-17 15:48:00,230 - Epoch 5, Batch 400, lr = 0.00011, final_loss = 4.1436, nll_loss = 4.0676, ref_nll_loss = 4.2196, ivc_loss = 0.0750, neg_loss_1 = 0.0077, neg_loss_2 = 0.0111, ref_loss = 0.0273, div_loss = 0.0058, 0.380 seconds/batch
2026-04-17 15:48:27,428 - Epoch 5, Batch 450, lr = 0.00011, final_loss = 4.1424, nll_loss = 4.0689, ref_nll_loss = 4.2159, ivc_loss = 0.0732, neg_loss_1 = 0.0094, neg_loss_2 = 0.0067, ref_loss = 0.0287, div_loss = 0.0057, 0.398 seconds/batch
2026-04-17 15:48:57,499 - Epoch 5, Batch 500, lr = 0.00011, final_loss = 4.1205, nll_loss = 4.0476, ref_nll_loss = 4.1933, ivc_loss = 0.0732, neg_loss_1 = 0.0070, neg_loss_2 = 0.0079, ref_loss = 0.0285, div_loss = 0.0060, 0.419 seconds/batch
2026-04-17 15:49:27,868 - Epoch 5, Batch 550, lr = 0.00011, final_loss = 4.1431, nll_loss = 4.0672, ref_nll_loss = 4.2191, ivc_loss = 0.0738, neg_loss_1 = 0.0066, neg_loss_2 = 0.0106, ref_loss = 0.0284, div_loss = 0.0056, 0.436 seconds/batch
2026-04-17 15:49:58,106 - Epoch 5, Batch 600, lr = 0.00011, final_loss = 4.1610, nll_loss = 4.0876, ref_nll_loss = 4.2344, ivc_loss = 0.0709, neg_loss_1 = 0.0074, neg_loss_2 = 0.0069, ref_loss = 0.0293, div_loss = 0.0055, 0.450 seconds/batch
2026-04-17 15:50:28,294 - Epoch 5, Batch 650, lr = 0.00011, final_loss = 4.1559, nll_loss = 4.0804, ref_nll_loss = 4.2315, ivc_loss = 0.0710, neg_loss_1 = 0.0083, neg_loss_2 = 0.0073, ref_loss = 0.0269, div_loss = 0.0057, 0.462 seconds/batch
2026-04-17 15:50:58,446 - Epoch 5, Batch 700, lr = 0.00011, final_loss = 4.1521, nll_loss = 4.0810, ref_nll_loss = 4.2232, ivc_loss = 0.0768, neg_loss_1 = 0.0076, neg_loss_2 = 0.0088, ref_loss = 0.0307, div_loss = 0.0059, 0.472 seconds/batch
2026-04-17 15:51:28,592 - Epoch 5, Batch 750, lr = 0.00011, final_loss = 4.1091, nll_loss = 4.0347, ref_nll_loss = 4.1835, ivc_loss = 0.0729, neg_loss_1 = 0.0073, neg_loss_2 = 0.0076, ref_loss = 0.0296, div_loss = 0.0057, 0.481 seconds/batch
2026-04-17 15:51:58,566 - Epoch 5, Batch 800, lr = 0.00011, final_loss = 4.1408, nll_loss = 4.0660, ref_nll_loss = 4.2157, ivc_loss = 0.0717, neg_loss_1 = 0.0057, neg_loss_2 = 0.0086, ref_loss = 0.0297, div_loss = 0.0055, 0.488 seconds/batch
2026-04-17 15:52:28,696 - Epoch 5, Batch 850, lr = 0.00011, final_loss = 4.1389, nll_loss = 4.0685, ref_nll_loss = 4.2092, ivc_loss = 0.0739, neg_loss_1 = 0.0062, neg_loss_2 = 0.0090, ref_loss = 0.0312, div_loss = 0.0055, 0.495 seconds/batch
2026-04-17 15:52:58,596 - Epoch 5, Batch 900, lr = 0.00011, final_loss = 4.1242, nll_loss = 4.0508, ref_nll_loss = 4.1976, ivc_loss = 0.0720, neg_loss_1 = 0.0072, neg_loss_2 = 0.0075, ref_loss = 0.0294, div_loss = 0.0056, 0.500 seconds/batch
2026-04-17 15:53:28,967 - Epoch 5, Batch 950, lr = 0.00011, final_loss = 4.1086, nll_loss = 4.0321, ref_nll_loss = 4.1851, ivc_loss = 0.0720, neg_loss_1 = 0.0088, neg_loss_2 = 0.0079, ref_loss = 0.0276, div_loss = 0.0056, 0.506 seconds/batch
2026-04-17 15:53:59,286 - Epoch 5, Batch 1000, lr = 0.00011, final_loss = 4.1577, nll_loss = 4.0847, ref_nll_loss = 4.2307, ivc_loss = 0.0721, neg_loss_1 = 0.0079, neg_loss_2 = 0.0086, ref_loss = 0.0286, div_loss = 0.0054, 0.511 seconds/batch
2026-04-17 15:54:29,620 - Epoch 5, Batch 1050, lr = 0.00011, final_loss = 4.1416, nll_loss = 4.0671, ref_nll_loss = 4.2161, ivc_loss = 0.0742, neg_loss_1 = 0.0083, neg_loss_2 = 0.0099, ref_loss = 0.0288, div_loss = 0.0055, 0.516 seconds/batch
2026-04-17 15:54:59,711 - Epoch 5, Batch 1100, lr = 0.00011, final_loss = 4.1304, nll_loss = 4.0567, ref_nll_loss = 4.2042, ivc_loss = 0.0722, neg_loss_1 = 0.0065, neg_loss_2 = 0.0095, ref_loss = 0.0284, div_loss = 0.0056, 0.520 seconds/batch
2026-04-17 15:55:29,756 - Epoch 5, Batch 1150, lr = 0.00010, final_loss = 4.1085, nll_loss = 4.0362, ref_nll_loss = 4.1807, ivc_loss = 0.0724, neg_loss_1 = 0.0073, neg_loss_2 = 0.0079, ref_loss = 0.0294, div_loss = 0.0056, 0.523 seconds/batch
2026-04-17 15:55:41,762 - Epoch 5, Batch 1170, lr = 0.00010, final_loss = 4.1535, nll_loss = 4.0855, ref_nll_loss = 4.2215, ivc_loss = 0.0757, neg_loss_1 = 0.0065, neg_loss_2 = 0.0095, ref_loss = 0.0330, div_loss = 0.0053, 0.524 seconds/batch
2026-04-17 15:55:41,830 - save model to checkpoints/activitynet_moe/cpl_moe/model-5.pt, num_updates 5850.
2026-04-17 15:59:16,599 - | R@1,mIoU 0.2393 | R@1,IoU@0.1 0.5744 | R@1,IoU@0.3 0.4135 | R@1,IoU@0.5 0.1577 | R@1,IoU@0.7 0.0417 | R@1,IoU@0.9 0.0019 | R@5,mIoU 0.5302 | R@5,IoU@0.1 0.9247 | R@5,IoU@0.3 0.7881 | R@5,IoU@0.5 0.5352 | R@5,IoU@0.7 0.3234 | R@5,IoU@0.9 0.0802 |
2026-04-17 15:59:16,599 - ============================================================
2026-04-17 15:59:16,599 - Start Epoch 6
2026-04-17 15:59:35,173 - Epoch 6, Batch 50, lr = 0.00010, final_loss = 4.0753, nll_loss = 4.0015, ref_nll_loss = 4.1490, ivc_loss = 0.0737, neg_loss_1 = 0.0065, neg_loss_2 = 0.0094, ref_loss = 0.0304, div_loss = 0.0055, 0.371 seconds/batch
2026-04-17 15:59:53,309 - Epoch 6, Batch 100, lr = 0.00010, final_loss = 4.0828, nll_loss = 4.0122, ref_nll_loss = 4.1534, ivc_loss = 0.0762, neg_loss_1 = 0.0098, neg_loss_2 = 0.0082, ref_loss = 0.0305, div_loss = 0.0056, 0.367 seconds/batch
2026-04-17 16:00:11,333 - Epoch 6, Batch 150, lr = 0.00010, final_loss = 4.0941, nll_loss = 4.0229, ref_nll_loss = 4.1653, ivc_loss = 0.0764, neg_loss_1 = 0.0091, neg_loss_2 = 0.0078, ref_loss = 0.0309, div_loss = 0.0057, 0.365 seconds/batch
2026-04-17 16:00:29,148 - Epoch 6, Batch 200, lr = 0.00010, final_loss = 4.0949, nll_loss = 4.0211, ref_nll_loss = 4.1686, ivc_loss = 0.0744, neg_loss_1 = 0.0085, neg_loss_2 = 0.0072, ref_loss = 0.0293, div_loss = 0.0059, 0.363 seconds/batch
2026-04-17 16:00:47,123 - Epoch 6, Batch 250, lr = 0.00010, final_loss = 4.0887, nll_loss = 4.0136, ref_nll_loss = 4.1637, ivc_loss = 0.0819, neg_loss_1 = 0.0088, neg_loss_2 = 0.0119, ref_loss = 0.0279, div_loss = 0.0067, 0.362 seconds/batch
2026-04-17 16:01:04,951 - Epoch 6, Batch 300, lr = 0.00010, final_loss = 4.1035, nll_loss = 4.0262, ref_nll_loss = 4.1809, ivc_loss = 0.0770, neg_loss_1 = 0.0097, neg_loss_2 = 0.0121, ref_loss = 0.0266, div_loss = 0.0057, 0.361 seconds/batch
2026-04-17 16:01:25,339 - Epoch 6, Batch 350, lr = 0.00010, final_loss = 4.1069, nll_loss = 4.0304, ref_nll_loss = 4.1834, ivc_loss = 0.0770, neg_loss_1 = 0.0092, neg_loss_2 = 0.0089, ref_loss = 0.0270, div_loss = 0.0064, 0.368 seconds/batch
2026-04-17 16:01:49,206 - Epoch 6, Batch 400, lr = 0.00010, final_loss = 4.0601, nll_loss = 3.9890, ref_nll_loss = 4.1313, ivc_loss = 0.0765, neg_loss_1 = 0.0075, neg_loss_2 = 0.0096, ref_loss = 0.0296, div_loss = 0.0060, 0.382 seconds/batch
2026-04-17 16:02:16,384 - Epoch 6, Batch 450, lr = 0.00010, final_loss = 4.0940, nll_loss = 4.0182, ref_nll_loss = 4.1697, ivc_loss = 0.0762, neg_loss_1 = 0.0077, neg_loss_2 = 0.0096, ref_loss = 0.0282, div_loss = 0.0061, 0.400 seconds/batch
2026-04-17 16:02:46,723 - Epoch 6, Batch 500, lr = 0.00010, final_loss = 4.1091, nll_loss = 4.0351, ref_nll_loss = 4.1831, ivc_loss = 0.0751, neg_loss_1 = 0.0085, neg_loss_2 = 0.0084, ref_loss = 0.0277, div_loss = 0.0061, 0.420 seconds/batch
2026-04-17 16:03:16,659 - Epoch 6, Batch 550, lr = 0.00010, final_loss = 4.0836, nll_loss = 4.0086, ref_nll_loss = 4.1585, ivc_loss = 0.0759, neg_loss_1 = 0.0088, neg_loss_2 = 0.0092, ref_loss = 0.0288, div_loss = 0.0058, 0.436 seconds/batch
2026-04-17 16:03:47,064 - Epoch 6, Batch 600, lr = 0.00010, final_loss = 4.0902, nll_loss = 4.0154, ref_nll_loss = 4.1650, ivc_loss = 0.0767, neg_loss_1 = 0.0086, neg_loss_2 = 0.0109, ref_loss = 0.0289, div_loss = 0.0057, 0.451 seconds/batch
2026-04-17 16:04:16,999 - Epoch 6, Batch 650, lr = 0.00010, final_loss = 4.1120, nll_loss = 4.0343, ref_nll_loss = 4.1896, ivc_loss = 0.0744, neg_loss_1 = 0.0103, neg_loss_2 = 0.0093, ref_loss = 0.0270, div_loss = 0.0056, 0.462 seconds/batch
2026-04-17 16:04:47,154 - Epoch 6, Batch 700, lr = 0.00010, final_loss = 4.0639, nll_loss = 3.9854, ref_nll_loss = 4.1425, ivc_loss = 0.0731, neg_loss_1 = 0.0092, neg_loss_2 = 0.0098, ref_loss = 0.0262, div_loss = 0.0056, 0.472 seconds/batch
2026-04-17 16:05:17,188 - Epoch 6, Batch 750, lr = 0.00010, final_loss = 4.1050, nll_loss = 4.0276, ref_nll_loss = 4.1824, ivc_loss = 0.0700, neg_loss_1 = 0.0062, neg_loss_2 = 0.0083, ref_loss = 0.0279, div_loss = 0.0055, 0.481 seconds/batch
2026-04-17 16:05:47,308 - Epoch 6, Batch 800, lr = 0.00010, final_loss = 4.0820, nll_loss = 4.0086, ref_nll_loss = 4.1554, ivc_loss = 0.0757, neg_loss_1 = 0.0076, neg_loss_2 = 0.0089, ref_loss = 0.0306, div_loss = 0.0057, 0.488 seconds/batch
2026-04-17 16:06:17,355 - Epoch 6, Batch 850, lr = 0.00010, final_loss = 4.0964, nll_loss = 4.0221, ref_nll_loss = 4.1707, ivc_loss = 0.0759, neg_loss_1 = 0.0071, neg_loss_2 = 0.0103, ref_loss = 0.0293, div_loss = 0.0058, 0.495 seconds/batch
2026-04-17 16:06:47,410 - Epoch 6, Batch 900, lr = 0.00010, final_loss = 4.0747, nll_loss = 4.0017, ref_nll_loss = 4.1477, ivc_loss = 0.0769, neg_loss_1 = 0.0076, neg_loss_2 = 0.0085, ref_loss = 0.0321, div_loss = 0.0057, 0.501 seconds/batch
2026-04-17 16:07:17,507 - Epoch 6, Batch 950, lr = 0.00010, final_loss = 4.0901, nll_loss = 4.0142, ref_nll_loss = 4.1659, ivc_loss = 0.0722, neg_loss_1 = 0.0072, neg_loss_2 = 0.0081, ref_loss = 0.0285, div_loss = 0.0057, 0.506 seconds/batch
2026-04-17 16:07:47,648 - Epoch 6, Batch 1000, lr = 0.00010, final_loss = 4.0974, nll_loss = 4.0197, ref_nll_loss = 4.1750, ivc_loss = 0.0751, neg_loss_1 = 0.0079, neg_loss_2 = 0.0092, ref_loss = 0.0281, div_loss = 0.0060, 0.511 seconds/batch
2026-04-17 16:08:17,984 - Epoch 6, Batch 1050, lr = 0.00010, final_loss = 4.0871, nll_loss = 4.0079, ref_nll_loss = 4.1662, ivc_loss = 0.0742, neg_loss_1 = 0.0100, neg_loss_2 = 0.0099, ref_loss = 0.0251, div_loss = 0.0058, 0.516 seconds/batch
2026-04-17 16:08:48,145 - Epoch 6, Batch 1100, lr = 0.00010, final_loss = 4.0780, nll_loss = 4.0012, ref_nll_loss = 4.1549, ivc_loss = 0.0760, neg_loss_1 = 0.0086, neg_loss_2 = 0.0096, ref_loss = 0.0271, div_loss = 0.0061, 0.520 seconds/batch
2026-04-17 16:09:18,467 - Epoch 6, Batch 1150, lr = 0.00010, final_loss = 4.1023, nll_loss = 4.0242, ref_nll_loss = 4.1804, ivc_loss = 0.0717, neg_loss_1 = 0.0078, neg_loss_2 = 0.0088, ref_loss = 0.0266, div_loss = 0.0057, 0.523 seconds/batch
2026-04-17 16:09:30,147 - Epoch 6, Batch 1170, lr = 0.00010, final_loss = 4.0796, nll_loss = 4.0021, ref_nll_loss = 4.1572, ivc_loss = 0.0727, neg_loss_1 = 0.0064, neg_loss_2 = 0.0106, ref_loss = 0.0261, div_loss = 0.0059, 0.524 seconds/batch
2026-04-17 16:09:30,214 - save model to checkpoints/activitynet_moe/cpl_moe/model-6.pt, num_updates 7020.
2026-04-17 16:14:39,812 - | R@1,mIoU 0.2384 | R@1,IoU@0.1 0.5725 | R@1,IoU@0.3 0.4090 | R@1,IoU@0.5 0.1607 | R@1,IoU@0.7 0.0462 | R@1,IoU@0.9 0.0045 | R@5,mIoU 0.5309 | R@5,IoU@0.1 0.9260 | R@5,IoU@0.3 0.7944 | R@5,IoU@0.5 0.5410 | R@5,IoU@0.7 0.3191 | R@5,IoU@0.9 0.0726 |
2026-04-17 16:14:39,812 - ============================================================
2026-04-17 16:14:39,812 - Start Epoch 7
2026-04-17 16:15:07,966 - Epoch 7, Batch 50, lr = 0.00010, final_loss = 4.0516, nll_loss = 3.9759, ref_nll_loss = 4.1272, ivc_loss = 0.0773, neg_loss_1 = 0.0109, neg_loss_2 = 0.0084, ref_loss = 0.0280, div_loss = 0.0060, 0.563 seconds/batch
2026-04-17 16:15:35,429 - Epoch 7, Batch 100, lr = 0.00009, final_loss = 4.0473, nll_loss = 3.9737, ref_nll_loss = 4.1209, ivc_loss = 0.0780, neg_loss_1 = 0.0100, neg_loss_2 = 0.0098, ref_loss = 0.0296, div_loss = 0.0057, 0.556 seconds/batch
2026-04-17 16:16:02,976 - Epoch 7, Batch 150, lr = 0.00009, final_loss = 4.0634, nll_loss = 3.9863, ref_nll_loss = 4.1404, ivc_loss = 0.0781, neg_loss_1 = 0.0081, neg_loss_2 = 0.0092, ref_loss = 0.0288, div_loss = 0.0064, 0.554 seconds/batch
2026-04-17 16:16:30,499 - Epoch 7, Batch 200, lr = 0.00009, final_loss = 4.0332, nll_loss = 3.9557, ref_nll_loss = 4.1108, ivc_loss = 0.0790, neg_loss_1 = 0.0095, neg_loss_2 = 0.0107, ref_loss = 0.0278, div_loss = 0.0062, 0.553 seconds/batch
2026-04-17 16:16:58,008 - Epoch 7, Batch 250, lr = 0.00009, final_loss = 4.0656, nll_loss = 3.9874, ref_nll_loss = 4.1439, ivc_loss = 0.0765, neg_loss_1 = 0.0096, neg_loss_2 = 0.0087, ref_loss = 0.0282, div_loss = 0.0060, 0.553 seconds/batch
2026-04-17 16:17:25,385 - Epoch 7, Batch 300, lr = 0.00009, final_loss = 4.0429, nll_loss = 3.9644, ref_nll_loss = 4.1215, ivc_loss = 0.0761, neg_loss_1 = 0.0079, neg_loss_2 = 0.0099, ref_loss = 0.0262, div_loss = 0.0064, 0.552 seconds/batch
2026-04-17 16:17:54,505 - Epoch 7, Batch 350, lr = 0.00009, final_loss = 4.0633, nll_loss = 3.9886, ref_nll_loss = 4.1380, ivc_loss = 0.0793, neg_loss_1 = 0.0119, neg_loss_2 = 0.0082, ref_loss = 0.0283, div_loss = 0.0062, 0.556 seconds/batch
2026-04-17 16:18:28,509 - Epoch 7, Batch 400, lr = 0.00009, final_loss = 4.0865, nll_loss = 4.0136, ref_nll_loss = 4.1593, ivc_loss = 0.0792, neg_loss_1 = 0.0100, neg_loss_2 = 0.0084, ref_loss = 0.0313, div_loss = 0.0059, 0.572 seconds/batch
2026-04-17 16:19:05,058 - Epoch 7, Batch 450, lr = 0.00009, final_loss = 4.0473, nll_loss = 3.9723, ref_nll_loss = 4.1222, ivc_loss = 0.0791, neg_loss_1 = 0.0103, neg_loss_2 = 0.0106, ref_loss = 0.0305, div_loss = 0.0055, 0.589 seconds/batch
2026-04-17 16:19:45,241 - Epoch 7, Batch 500, lr = 0.00009, final_loss = 4.0476, nll_loss = 3.9716, ref_nll_loss = 4.1235, ivc_loss = 0.0750, neg_loss_1 = 0.0078, neg_loss_2 = 0.0093, ref_loss = 0.0288, div_loss = 0.0058, 0.611 seconds/batch
2026-04-17 16:20:25,174 - Epoch 7, Batch 550, lr = 0.00009, final_loss = 4.0681, nll_loss = 3.9933, ref_nll_loss = 4.1429, ivc_loss = 0.0768, neg_loss_1 = 0.0075, neg_loss_2 = 0.0099, ref_loss = 0.0305, div_loss = 0.0058, 0.628 seconds/batch
2026-04-17 16:21:04,774 - Epoch 7, Batch 600, lr = 0.00009, final_loss = 4.0657, nll_loss = 3.9881, ref_nll_loss = 4.1434, ivc_loss = 0.0766, neg_loss_1 = 0.0080, neg_loss_2 = 0.0111, ref_loss = 0.0284, div_loss = 0.0058, 0.642 seconds/batch
2026-04-17 16:21:44,593 - Epoch 7, Batch 650, lr = 0.00009, final_loss = 4.0800, nll_loss = 4.0021, ref_nll_loss = 4.1580, ivc_loss = 0.0774, neg_loss_1 = 0.0091, neg_loss_2 = 0.0088, ref_loss = 0.0293, div_loss = 0.0061, 0.654 seconds/batch
2026-04-17 16:22:22,470 - Epoch 7, Batch 700, lr = 0.00009, final_loss = 4.0524, nll_loss = 3.9730, ref_nll_loss = 4.1318, ivc_loss = 0.0740, neg_loss_1 = 0.0109, neg_loss_2 = 0.0081, ref_loss = 0.0261, div_loss = 0.0058, 0.661 seconds/batch
2026-04-17 16:22:56,523 - Epoch 7, Batch 750, lr = 0.00009, final_loss = 4.0836, nll_loss = 4.0045, ref_nll_loss = 4.1627, ivc_loss = 0.0772, neg_loss_1 = 0.0103, neg_loss_2 = 0.0100, ref_loss = 0.0283, div_loss = 0.0057, 0.662 seconds/batch
2026-04-17 16:23:30,299 - Epoch 7, Batch 800, lr = 0.00009, final_loss = 4.0448, nll_loss = 3.9676, ref_nll_loss = 4.1221, ivc_loss = 0.0765, neg_loss_1 = 0.0073, neg_loss_2 = 0.0099, ref_loss = 0.0317, div_loss = 0.0055, 0.663 seconds/batch
2026-04-17 16:24:04,548 - Epoch 7, Batch 850, lr = 0.00009, final_loss = 4.0680, nll_loss = 3.9910, ref_nll_loss = 4.1450, ivc_loss = 0.0766, neg_loss_1 = 0.0113, neg_loss_2 = 0.0105, ref_loss = 0.0244, div_loss = 0.0061, 0.664 seconds/batch
2026-04-17 16:24:38,457 - Epoch 7, Batch 900, lr = 0.00009, final_loss = 4.0570, nll_loss = 3.9766, ref_nll_loss = 4.1375, ivc_loss = 0.0752, neg_loss_1 = 0.0082, neg_loss_2 = 0.0102, ref_loss = 0.0271, div_loss = 0.0060, 0.665 seconds/batch
2026-04-17 16:25:12,772 - Epoch 7, Batch 950, lr = 0.00009, final_loss = 4.0663, nll_loss = 3.9889, ref_nll_loss = 4.1437, ivc_loss = 0.0763, neg_loss_1 = 0.0092, neg_loss_2 = 0.0097, ref_loss = 0.0280, div_loss = 0.0059, 0.666 seconds/batch
2026-04-17 16:25:46,637 - Epoch 7, Batch 1000, lr = 0.00009, final_loss = 4.0581, nll_loss = 3.9825, ref_nll_loss = 4.1337, ivc_loss = 0.0725, neg_loss_1 = 0.0071, neg_loss_2 = 0.0078, ref_loss = 0.0284, div_loss = 0.0059, 0.667 seconds/batch
2026-04-17 16:26:20,644 - Epoch 7, Batch 1050, lr = 0.00009, final_loss = 4.0193, nll_loss = 3.9435, ref_nll_loss = 4.0951, ivc_loss = 0.0793, neg_loss_1 = 0.0103, neg_loss_2 = 0.0095, ref_loss = 0.0301, div_loss = 0.0059, 0.667 seconds/batch
2026-04-17 16:26:54,382 - Epoch 7, Batch 1100, lr = 0.00009, final_loss = 4.0566, nll_loss = 3.9805, ref_nll_loss = 4.1327, ivc_loss = 0.0765, neg_loss_1 = 0.0098, neg_loss_2 = 0.0080, ref_loss = 0.0289, div_loss = 0.0060, 0.668 seconds/batch
2026-04-17 16:27:28,537 - Epoch 7, Batch 1150, lr = 0.00009, final_loss = 3.9965, nll_loss = 3.9213, ref_nll_loss = 4.0716, ivc_loss = 0.0761, neg_loss_1 = 0.0087, neg_loss_2 = 0.0095, ref_loss = 0.0284, div_loss = 0.0059, 0.668 seconds/batch
2026-04-17 16:27:41,882 - Epoch 7, Batch 1170, lr = 0.00009, final_loss = 4.0567, nll_loss = 3.9829, ref_nll_loss = 4.1306, ivc_loss = 0.0769, neg_loss_1 = 0.0113, neg_loss_2 = 0.0078, ref_loss = 0.0299, div_loss = 0.0056, 0.668 seconds/batch
2026-04-17 16:27:41,947 - save model to checkpoints/activitynet_moe/cpl_moe/model-7.pt, num_updates 8190.
2026-04-17 16:32:56,765 - | R@1,mIoU 0.2780 | R@1,IoU@0.1 0.6719 | R@1,IoU@0.3 0.4738 | R@1,IoU@0.5 0.1835 | R@1,IoU@0.7 0.0487 | R@1,IoU@0.9 0.0032 | R@5,mIoU 0.5335 | R@5,IoU@0.1 0.9256 | R@5,IoU@0.3 0.7933 | R@5,IoU@0.5 0.5422 | R@5,IoU@0.7 0.3263 | R@5,IoU@0.9 0.0753 |
2026-04-17 16:32:56,765 - ============================================================
2026-04-17 16:32:56,766 - Start Epoch 8
2026-04-17 16:33:24,554 - Epoch 8, Batch 50, lr = 0.00009, final_loss = 4.0379, nll_loss = 3.9613, ref_nll_loss = 4.1145, ivc_loss = 0.0814, neg_loss_1 = 0.0132, neg_loss_2 = 0.0106, ref_loss = 0.0282, div_loss = 0.0059, 0.556 seconds/batch
2026-04-17 16:33:52,148 - Epoch 8, Batch 100, lr = 0.00009, final_loss = 4.0243, nll_loss = 3.9492, ref_nll_loss = 4.0995, ivc_loss = 0.0796, neg_loss_1 = 0.0111, neg_loss_2 = 0.0114, ref_loss = 0.0291, div_loss = 0.0056, 0.554 seconds/batch
2026-04-17 16:34:19,824 - Epoch 8, Batch 150, lr = 0.00009, final_loss = 4.0157, nll_loss = 3.9391, ref_nll_loss = 4.0922, ivc_loss = 0.0776, neg_loss_1 = 0.0092, neg_loss_2 = 0.0097, ref_loss = 0.0294, div_loss = 0.0059, 0.554 seconds/batch
2026-04-17 16:34:47,090 - Epoch 8, Batch 200, lr = 0.00009, final_loss = 4.0328, nll_loss = 3.9523, ref_nll_loss = 4.1132, ivc_loss = 0.0755, neg_loss_1 = 0.0118, neg_loss_2 = 0.0083, ref_loss = 0.0265, div_loss = 0.0058, 0.552 seconds/batch
2026-04-17 16:35:14,806 - Epoch 8, Batch 250, lr = 0.00009, final_loss = 4.0224, nll_loss = 3.9437, ref_nll_loss = 4.1010, ivc_loss = 0.0757, neg_loss_1 = 0.0089, neg_loss_2 = 0.0099, ref_loss = 0.0276, div_loss = 0.0059, 0.552 seconds/batch
2026-04-17 16:35:42,230 - Epoch 8, Batch 300, lr = 0.00009, final_loss = 4.0288, nll_loss = 3.9508, ref_nll_loss = 4.1067, ivc_loss = 0.0784, neg_loss_1 = 0.0118, neg_loss_2 = 0.0102, ref_loss = 0.0268, div_loss = 0.0059, 0.552 seconds/batch
2026-04-17 16:36:09,618 - Epoch 8, Batch 350, lr = 0.00009, final_loss = 4.0065, nll_loss = 3.9291, ref_nll_loss = 4.0838, ivc_loss = 0.0849, neg_loss_1 = 0.0124, neg_loss_2 = 0.0106, ref_loss = 0.0304, div_loss = 0.0063, 0.551 seconds/batch
2026-04-17 16:36:43,685 - Epoch 8, Batch 400, lr = 0.00009, final_loss = 4.0347, nll_loss = 3.9560, ref_nll_loss = 4.1134, ivc_loss = 0.0862, neg_loss_1 = 0.0105, neg_loss_2 = 0.0087, ref_loss = 0.0293, div_loss = 0.0075, 0.567 seconds/batch
2026-04-17 16:37:19,591 - Epoch 8, Batch 450, lr = 0.00009, final_loss = 3.9909, nll_loss = 3.9101, ref_nll_loss = 4.0717, ivc_loss = 0.0784, neg_loss_1 = 0.0082, neg_loss_2 = 0.0104, ref_loss = 0.0273, div_loss = 0.0065, 0.584 seconds/batch
2026-04-17 16:37:59,823 - Epoch 8, Batch 500, lr = 0.00009, final_loss = 4.0368, nll_loss = 3.9562, ref_nll_loss = 4.1174, ivc_loss = 0.0752, neg_loss_1 = 0.0082, neg_loss_2 = 0.0091, ref_loss = 0.0258, div_loss = 0.0064, 0.606 seconds/batch
2026-04-17 16:38:39,263 - Epoch 8, Batch 550, lr = 0.00009, final_loss = 4.0388, nll_loss = 3.9578, ref_nll_loss = 4.1197, ivc_loss = 0.0775, neg_loss_1 = 0.0104, neg_loss_2 = 0.0107, ref_loss = 0.0251, div_loss = 0.0062, 0.623 seconds/batch
2026-04-17 16:39:19,159 - Epoch 8, Batch 600, lr = 0.00009, final_loss = 4.0451, nll_loss = 3.9689, ref_nll_loss = 4.1213, ivc_loss = 0.0786, neg_loss_1 = 0.0094, neg_loss_2 = 0.0090, ref_loss = 0.0298, div_loss = 0.0061, 0.637 seconds/batch
2026-04-17 16:39:58,741 - Epoch 8, Batch 650, lr = 0.00009, final_loss = 4.0413, nll_loss = 3.9656, ref_nll_loss = 4.1169, ivc_loss = 0.0797, neg_loss_1 = 0.0107, neg_loss_2 = 0.0090, ref_loss = 0.0292, div_loss = 0.0061, 0.649 seconds/batch
2026-04-17 16:40:35,249 - Epoch 8, Batch 700, lr = 0.00008, final_loss = 4.0172, nll_loss = 3.9386, ref_nll_loss = 4.0957, ivc_loss = 0.0799, neg_loss_1 = 0.0116, neg_loss_2 = 0.0108, ref_loss = 0.0273, div_loss = 0.0060, 0.655 seconds/batch
2026-04-17 16:41:09,172 - Epoch 8, Batch 750, lr = 0.00008, final_loss = 4.0663, nll_loss = 3.9873, ref_nll_loss = 4.1454, ivc_loss = 0.0806, neg_loss_1 = 0.0111, neg_loss_2 = 0.0105, ref_loss = 0.0268, div_loss = 0.0064, 0.657 seconds/batch
2026-04-17 16:41:43,157 - Epoch 8, Batch 800, lr = 0.00008, final_loss = 4.0341, nll_loss = 3.9553, ref_nll_loss = 4.1129, ivc_loss = 0.0768, neg_loss_1 = 0.0083, neg_loss_2 = 0.0078, ref_loss = 0.0280, div_loss = 0.0065, 0.658 seconds/batch
2026-04-17 16:42:17,593 - Epoch 8, Batch 850, lr = 0.00008, final_loss = 3.9975, nll_loss = 3.9185, ref_nll_loss = 4.0765, ivc_loss = 0.0782, neg_loss_1 = 0.0098, neg_loss_2 = 0.0114, ref_loss = 0.0259, div_loss = 0.0062, 0.660 seconds/batch
2026-04-17 16:42:51,273 - Epoch 8, Batch 900, lr = 0.00008, final_loss = 4.0050, nll_loss = 3.9255, ref_nll_loss = 4.0844, ivc_loss = 0.0782, neg_loss_1 = 0.0106, neg_loss_2 = 0.0105, ref_loss = 0.0261, div_loss = 0.0062, 0.661 seconds/batch
2026-04-17 16:43:25,428 - Epoch 8, Batch 950, lr = 0.00008, final_loss = 4.0122, nll_loss = 3.9302, ref_nll_loss = 4.0942, ivc_loss = 0.0770, neg_loss_1 = 0.0094, neg_loss_2 = 0.0111, ref_loss = 0.0250, div_loss = 0.0063, 0.662 seconds/batch
2026-04-17 16:43:59,401 - Epoch 8, Batch 1000, lr = 0.00008, final_loss = 4.0053, nll_loss = 3.9275, ref_nll_loss = 4.0832, ivc_loss = 0.0762, neg_loss_1 = 0.0090, neg_loss_2 = 0.0094, ref_loss = 0.0280, div_loss = 0.0059, 0.663 seconds/batch
2026-04-17 16:44:33,550 - Epoch 8, Batch 1050, lr = 0.00008, final_loss = 4.0398, nll_loss = 3.9598, ref_nll_loss = 4.1199, ivc_loss = 0.0782, neg_loss_1 = 0.0108, neg_loss_2 = 0.0117, ref_loss = 0.0261, div_loss = 0.0059, 0.664 seconds/batch
2026-04-17 16:45:07,601 - Epoch 8, Batch 1100, lr = 0.00008, final_loss = 4.0195, nll_loss = 3.9391, ref_nll_loss = 4.0999, ivc_loss = 0.0779, neg_loss_1 = 0.0084, neg_loss_2 = 0.0118, ref_loss = 0.0272, div_loss = 0.0061, 0.664 seconds/batch
2026-04-17 16:45:41,492 - Epoch 8, Batch 1150, lr = 0.00008, final_loss = 4.0351, nll_loss = 3.9567, ref_nll_loss = 4.1136, ivc_loss = 0.0863, neg_loss_1 = 0.0113, neg_loss_2 = 0.0114, ref_loss = 0.0279, div_loss = 0.0071, 0.665 seconds/batch
2026-04-17 16:45:55,024 - Epoch 8, Batch 1170, lr = 0.00008, final_loss = 4.0502, nll_loss = 3.9739, ref_nll_loss = 4.1265, ivc_loss = 0.0754, neg_loss_1 = 0.0066, neg_loss_2 = 0.0111, ref_loss = 0.0280, div_loss = 0.0059, 0.665 seconds/batch
2026-04-17 16:45:55,093 - save model to checkpoints/activitynet_moe/cpl_moe/model-8.pt, num_updates 9360.
2026-04-17 16:51:14,721 - | R@1,mIoU 0.2517 | R@1,IoU@0.1 0.6080 | R@1,IoU@0.3 0.4341 | R@1,IoU@0.5 0.1664 | R@1,IoU@0.7 0.0438 | R@1,IoU@0.9 0.0023 | R@5,mIoU 0.5261 | R@5,IoU@0.1 0.9211 | R@5,IoU@0.3 0.7857 | R@5,IoU@0.5 0.5339 | R@5,IoU@0.7 0.3152 | R@5,IoU@0.9 0.0723 |
2026-04-17 16:51:14,721 - ============================================================
2026-04-17 16:51:14,721 - Start Epoch 9
2026-04-17 16:51:42,649 - Epoch 9, Batch 50, lr = 0.00008, final_loss = 3.9737, nll_loss = 3.8957, ref_nll_loss = 4.0516, ivc_loss = 0.0816, neg_loss_1 = 0.0126, neg_loss_2 = 0.0092, ref_loss = 0.0279, div_loss = 0.0064, 0.559 seconds/batch
2026-04-17 16:52:10,081 - Epoch 9, Batch 100, lr = 0.00008, final_loss = 4.0015, nll_loss = 3.9222, ref_nll_loss = 4.0808, ivc_loss = 0.0843, neg_loss_1 = 0.0122, neg_loss_2 = 0.0116, ref_loss = 0.0292, div_loss = 0.0063, 0.554 seconds/batch
2026-04-17 16:52:37,615 - Epoch 9, Batch 150, lr = 0.00008, final_loss = 3.9817, nll_loss = 3.9002, ref_nll_loss = 4.0633, ivc_loss = 0.0766, neg_loss_1 = 0.0108, neg_loss_2 = 0.0089, ref_loss = 0.0260, div_loss = 0.0062, 0.553 seconds/batch
2026-04-17 16:53:05,244 - Epoch 9, Batch 200, lr = 0.00008, final_loss = 3.9780, nll_loss = 3.8971, ref_nll_loss = 4.0589, ivc_loss = 0.0795, neg_loss_1 = 0.0126, neg_loss_2 = 0.0104, ref_loss = 0.0262, div_loss = 0.0061, 0.553 seconds/batch
2026-04-17 16:53:32,927 - Epoch 9, Batch 250, lr = 0.00008, final_loss = 4.0031, nll_loss = 3.9257, ref_nll_loss = 4.0805, ivc_loss = 0.0791, neg_loss_1 = 0.0123, neg_loss_2 = 0.0095, ref_loss = 0.0268, div_loss = 0.0061, 0.553 seconds/batch
2026-04-17 16:54:00,197 - Epoch 9, Batch 300, lr = 0.00008, final_loss = 3.9974, nll_loss = 3.9154, ref_nll_loss = 4.0793, ivc_loss = 0.0735, neg_loss_1 = 0.0089, neg_loss_2 = 0.0085, ref_loss = 0.0257, div_loss = 0.0061, 0.552 seconds/batch
2026-04-17 16:54:28,032 - Epoch 9, Batch 350, lr = 0.00008, final_loss = 3.9954, nll_loss = 3.9143, ref_nll_loss = 4.0764, ivc_loss = 0.0780, neg_loss_1 = 0.0101, neg_loss_2 = 0.0103, ref_loss = 0.0272, div_loss = 0.0061, 0.552 seconds/batch
2026-04-17 16:55:00,723 - Epoch 9, Batch 400, lr = 0.00008, final_loss = 3.9759, nll_loss = 3.8943, ref_nll_loss = 4.0575, ivc_loss = 0.0758, neg_loss_1 = 0.0097, neg_loss_2 = 0.0082, ref_loss = 0.0270, div_loss = 0.0062, 0.565 seconds/batch
2026-04-17 16:55:36,257 - Epoch 9, Batch 450, lr = 0.00008, final_loss = 3.9950, nll_loss = 3.9154, ref_nll_loss = 4.0746, ivc_loss = 0.0836, neg_loss_1 = 0.0103, neg_loss_2 = 0.0123, ref_loss = 0.0290, div_loss = 0.0064, 0.581 seconds/batch
2026-04-17 16:56:15,963 - Epoch 9, Batch 500, lr = 0.00008, final_loss = 4.0125, nll_loss = 3.9307, ref_nll_loss = 4.0942, ivc_loss = 0.0808, neg_loss_1 = 0.0109, neg_loss_2 = 0.0105, ref_loss = 0.0276, div_loss = 0.0064, 0.602 seconds/batch
2026-04-17 16:56:55,638 - Epoch 9, Batch 550, lr = 0.00008, final_loss = 3.9531, nll_loss = 3.8706, ref_nll_loss = 4.0357, ivc_loss = 0.0795, neg_loss_1 = 0.0120, neg_loss_2 = 0.0091, ref_loss = 0.0270, div_loss = 0.0063, 0.620 seconds/batch
2026-04-17 16:57:35,639 - Epoch 9, Batch 600, lr = 0.00008, final_loss = 4.0199, nll_loss = 3.9385, ref_nll_loss = 4.1014, ivc_loss = 0.0784, neg_loss_1 = 0.0110, neg_loss_2 = 0.0113, ref_loss = 0.0258, div_loss = 0.0061, 0.635 seconds/batch
2026-04-17 16:58:15,323 - Epoch 9, Batch 650, lr = 0.00008, final_loss = 4.0056, nll_loss = 3.9233, ref_nll_loss = 4.0879, ivc_loss = 0.0784, neg_loss_1 = 0.0098, neg_loss_2 = 0.0108, ref_loss = 0.0264, div_loss = 0.0063, 0.647 seconds/batch
2026-04-17 16:58:49,569 - Epoch 9, Batch 700, lr = 0.00008, final_loss = 4.0140, nll_loss = 3.9331, ref_nll_loss = 4.0949, ivc_loss = 0.0818, neg_loss_1 = 0.0111, neg_loss_2 = 0.0112, ref_loss = 0.0277, div_loss = 0.0064, 0.650 seconds/batch
2026-04-17 16:59:23,579 - Epoch 9, Batch 750, lr = 0.00008, final_loss = 4.0400, nll_loss = 3.9583, ref_nll_loss = 4.1216, ivc_loss = 0.0803, neg_loss_1 = 0.0107, neg_loss_2 = 0.0111, ref_loss = 0.0263, div_loss = 0.0064, 0.652 seconds/batch
2026-04-17 16:59:57,588 - Epoch 9, Batch 800, lr = 0.00008, final_loss = 3.9889, nll_loss = 3.9031, ref_nll_loss = 4.0747, ivc_loss = 0.0761, neg_loss_1 = 0.0106, neg_loss_2 = 0.0095, ref_loss = 0.0238, div_loss = 0.0064, 0.654 seconds/batch
2026-04-17 17:00:31,660 - Epoch 9, Batch 850, lr = 0.00008, final_loss = 3.9989, nll_loss = 3.9174, ref_nll_loss = 4.0805, ivc_loss = 0.0772, neg_loss_1 = 0.0095, neg_loss_2 = 0.0100, ref_loss = 0.0262, div_loss = 0.0063, 0.655 seconds/batch
2026-04-17 17:01:05,514 - Epoch 9, Batch 900, lr = 0.00008, final_loss = 3.9828, nll_loss = 3.8998, ref_nll_loss = 4.0658, ivc_loss = 0.0805, neg_loss_1 = 0.0112, neg_loss_2 = 0.0129, ref_loss = 0.0258, div_loss = 0.0061, 0.656 seconds/batch
2026-04-17 17:01:39,311 - Epoch 9, Batch 950, lr = 0.00008, final_loss = 4.0076, nll_loss = 3.9270, ref_nll_loss = 4.0882, ivc_loss = 0.0835, neg_loss_1 = 0.0121, neg_loss_2 = 0.0107, ref_loss = 0.0289, div_loss = 0.0063, 0.657 seconds/batch
2026-04-17 17:02:13,182 - Epoch 9, Batch 1000, lr = 0.00008, final_loss = 3.9879, nll_loss = 3.9067, ref_nll_loss = 4.0691, ivc_loss = 0.0793, neg_loss_1 = 0.0099, neg_loss_2 = 0.0103, ref_loss = 0.0273, div_loss = 0.0064, 0.658 seconds/batch
2026-04-17 17:02:47,363 - Epoch 9, Batch 1050, lr = 0.00008, final_loss = 4.0054, nll_loss = 3.9261, ref_nll_loss = 4.0848, ivc_loss = 0.0815, neg_loss_1 = 0.0114, neg_loss_2 = 0.0098, ref_loss = 0.0284, div_loss = 0.0064, 0.660 seconds/batch
2026-04-17 17:03:21,463 - Epoch 9, Batch 1100, lr = 0.00008, final_loss = 4.0005, nll_loss = 3.9204, ref_nll_loss = 4.0806, ivc_loss = 0.0772, neg_loss_1 = 0.0087, neg_loss_2 = 0.0089, ref_loss = 0.0272, div_loss = 0.0065, 0.661 seconds/batch
2026-04-17 17:03:55,477 - Epoch 9, Batch 1150, lr = 0.00008, final_loss = 4.0075, nll_loss = 3.9227, ref_nll_loss = 4.0923, ivc_loss = 0.0766, neg_loss_1 = 0.0113, neg_loss_2 = 0.0093, ref_loss = 0.0243, div_loss = 0.0063, 0.662 seconds/batch
2026-04-17 17:04:09,978 - Epoch 9, Batch 1170, lr = 0.00008, final_loss = 3.9646, nll_loss = 3.8842, ref_nll_loss = 4.0449, ivc_loss = 0.0791, neg_loss_1 = 0.0102, neg_loss_2 = 0.0112, ref_loss = 0.0259, div_loss = 0.0064, 0.663 seconds/batch
2026-04-17 17:04:10,049 - save model to checkpoints/activitynet_moe/cpl_moe/model-9.pt, num_updates 10530.
2026-04-17 17:09:32,243 - | R@1,mIoU 0.2272 | R@1,IoU@0.1 0.5422 | R@1,IoU@0.3 0.3914 | R@1,IoU@0.5 0.1553 | R@1,IoU@0.7 0.0453 | R@1,IoU@0.9 0.0033 | R@5,mIoU 0.5305 | R@5,IoU@0.1 0.9207 | R@5,IoU@0.3 0.7873 | R@5,IoU@0.5 0.5400 | R@5,IoU@0.7 0.3239 | R@5,IoU@0.9 0.0775 |
2026-04-17 17:09:32,244 - ============================================================
2026-04-17 17:09:32,244 - Start Epoch 10
2026-04-17 17:09:59,872 - Epoch 10, Batch 50, lr = 0.00008, final_loss = 3.9421, nll_loss = 3.8575, ref_nll_loss = 4.0266, ivc_loss = 0.0782, neg_loss_1 = 0.0102, neg_loss_2 = 0.0101, ref_loss = 0.0262, div_loss = 0.0063, 0.553 seconds/batch
2026-04-17 17:10:27,718 - Epoch 10, Batch 100, lr = 0.00008, final_loss = 3.9751, nll_loss = 3.8921, ref_nll_loss = 4.0581, ivc_loss = 0.0780, neg_loss_1 = 0.0116, neg_loss_2 = 0.0090, ref_loss = 0.0264, div_loss = 0.0062, 0.555 seconds/batch
2026-04-17 17:10:55,462 - Epoch 10, Batch 150, lr = 0.00008, final_loss = 3.9427, nll_loss = 3.8603, ref_nll_loss = 4.0251, ivc_loss = 0.0793, neg_loss_1 = 0.0128, neg_loss_2 = 0.0108, ref_loss = 0.0249, div_loss = 0.0061, 0.555 seconds/batch
2026-04-17 17:11:23,084 - Epoch 10, Batch 200, lr = 0.00008, final_loss = 3.9948, nll_loss = 3.9121, ref_nll_loss = 4.0774, ivc_loss = 0.0801, neg_loss_1 = 0.0110, neg_loss_2 = 0.0100, ref_loss = 0.0278, div_loss = 0.0063, 0.554 seconds/batch
2026-04-17 17:11:50,567 - Epoch 10, Batch 250, lr = 0.00008, final_loss = 3.9759, nll_loss = 3.8943, ref_nll_loss = 4.0574, ivc_loss = 0.0762, neg_loss_1 = 0.0091, neg_loss_2 = 0.0088, ref_loss = 0.0270, div_loss = 0.0063, 0.553 seconds/batch
2026-04-17 17:12:17,778 - Epoch 10, Batch 300, lr = 0.00008, final_loss = 3.9643, nll_loss = 3.8824, ref_nll_loss = 4.0462, ivc_loss = 0.0787, neg_loss_1 = 0.0113, neg_loss_2 = 0.0101, ref_loss = 0.0266, div_loss = 0.0061, 0.552 seconds/batch
2026-04-17 17:12:45,280 - Epoch 10, Batch 350, lr = 0.00008, final_loss = 3.9751, nll_loss = 3.8920, ref_nll_loss = 4.0583, ivc_loss = 0.0798, neg_loss_1 = 0.0119, neg_loss_2 = 0.0112, ref_loss = 0.0258, div_loss = 0.0062, 0.552 seconds/batch
2026-04-17 17:13:16,136 - Epoch 10, Batch 400, lr = 0.00008, final_loss = 3.9876, nll_loss = 3.9052, ref_nll_loss = 4.0700, ivc_loss = 0.0780, neg_loss_1 = 0.0099, neg_loss_2 = 0.0103, ref_loss = 0.0256, div_loss = 0.0064, 0.560 seconds/batch
2026-04-17 17:13:50,465 - Epoch 10, Batch 450, lr = 0.00008, final_loss = 3.9646, nll_loss = 3.8823, ref_nll_loss = 4.0469, ivc_loss = 0.0871, neg_loss_1 = 0.0154, neg_loss_2 = 0.0113, ref_loss = 0.0264, div_loss = 0.0068, 0.574 seconds/batch
2026-04-17 17:14:30,010 - Epoch 10, Batch 500, lr = 0.00008, final_loss = 3.9605, nll_loss = 3.8772, ref_nll_loss = 4.0438, ivc_loss = 0.0775, neg_loss_1 = 0.0104, neg_loss_2 = 0.0089, ref_loss = 0.0259, div_loss = 0.0065, 0.596 seconds/batch
2026-04-17 17:15:09,850 - Epoch 10, Batch 550, lr = 0.00008, final_loss = 3.9919, nll_loss = 3.9104, ref_nll_loss = 4.0734, ivc_loss = 0.0797, neg_loss_1 = 0.0122, neg_loss_2 = 0.0091, ref_loss = 0.0257, div_loss = 0.0066, 0.614 seconds/batch
2026-04-17 17:15:49,752 - Epoch 10, Batch 600, lr = 0.00008, final_loss = 3.9905, nll_loss = 3.9071, ref_nll_loss = 4.0739, ivc_loss = 0.0808, neg_loss_1 = 0.0117, neg_loss_2 = 0.0100, ref_loss = 0.0260, div_loss = 0.0066, 0.629 seconds/batch
2026-04-17 17:16:28,389 - Epoch 10, Batch 650, lr = 0.00008, final_loss = 3.9804, nll_loss = 3.8976, ref_nll_loss = 4.0631, ivc_loss = 0.0783, neg_loss_1 = 0.0109, neg_loss_2 = 0.0102, ref_loss = 0.0248, div_loss = 0.0065, 0.640 seconds/batch
2026-04-17 17:17:02,164 - Epoch 10, Batch 700, lr = 0.00008, final_loss = 3.9384, nll_loss = 3.8574, ref_nll_loss = 4.0194, ivc_loss = 0.0788, neg_loss_1 = 0.0108, neg_loss_2 = 0.0098, ref_loss = 0.0264, div_loss = 0.0064, 0.643 seconds/batch
2026-04-17 17:17:35,990 - Epoch 10, Batch 750, lr = 0.00008, final_loss = 3.9691, nll_loss = 3.8899, ref_nll_loss = 4.0482, ivc_loss = 0.0797, neg_loss_1 = 0.0107, neg_loss_2 = 0.0090, ref_loss = 0.0278, div_loss = 0.0064, 0.645 seconds/batch
2026-04-17 17:18:10,177 - Epoch 10, Batch 800, lr = 0.00008, final_loss = 3.9850, nll_loss = 3.9017, ref_nll_loss = 4.0683, ivc_loss = 0.0803, neg_loss_1 = 0.0106, neg_loss_2 = 0.0119, ref_loss = 0.0256, div_loss = 0.0064, 0.647 seconds/batch
2026-04-17 17:18:44,214 - Epoch 10, Batch 850, lr = 0.00007, final_loss = 3.9461, nll_loss = 3.8626, ref_nll_loss = 4.0296, ivc_loss = 0.0785, neg_loss_1 = 0.0113, neg_loss_2 = 0.0102, ref_loss = 0.0259, div_loss = 0.0062, 0.649 seconds/batch
2026-04-17 17:19:18,166 - Epoch 10, Batch 900, lr = 0.00007, final_loss = 3.9639, nll_loss = 3.8798, ref_nll_loss = 4.0479, ivc_loss = 0.0796, neg_loss_1 = 0.0116, neg_loss_2 = 0.0109, ref_loss = 0.0248, div_loss = 0.0065, 0.651 seconds/batch
2026-04-17 17:19:52,217 - Epoch 10, Batch 950, lr = 0.00007, final_loss = 3.9839, nll_loss = 3.9008, ref_nll_loss = 4.0670, ivc_loss = 0.0764, neg_loss_1 = 0.0085, neg_loss_2 = 0.0107, ref_loss = 0.0255, div_loss = 0.0063, 0.653 seconds/batch
2026-04-17 17:20:25,800 - Epoch 10, Batch 1000, lr = 0.00007, final_loss = 3.9808, nll_loss = 3.8962, ref_nll_loss = 4.0654, ivc_loss = 0.0815, neg_loss_1 = 0.0112, neg_loss_2 = 0.0109, ref_loss = 0.0268, div_loss = 0.0065, 0.654 seconds/batch
2026-04-17 17:21:00,270 - Epoch 10, Batch 1050, lr = 0.00007, final_loss = 4.0135, nll_loss = 3.9303, ref_nll_loss = 4.0966, ivc_loss = 0.0781, neg_loss_1 = 0.0112, neg_loss_2 = 0.0097, ref_loss = 0.0253, div_loss = 0.0064, 0.655 seconds/batch
2026-04-17 17:21:34,852 - Epoch 10, Batch 1100, lr = 0.00007, final_loss = 3.9699, nll_loss = 3.8891, ref_nll_loss = 4.0508, ivc_loss = 0.0823, neg_loss_1 = 0.0118, neg_loss_2 = 0.0105, ref_loss = 0.0274, div_loss = 0.0065, 0.657 seconds/batch
2026-04-17 17:22:08,735 - Epoch 10, Batch 1150, lr = 0.00007, final_loss = 4.0050, nll_loss = 3.9217, ref_nll_loss = 4.0882, ivc_loss = 0.0787, neg_loss_1 = 0.0099, neg_loss_2 = 0.0107, ref_loss = 0.0240, div_loss = 0.0068, 0.658 seconds/batch
2026-04-17 17:22:24,471 - Epoch 10, Batch 1170, lr = 0.00007, final_loss = 3.9347, nll_loss = 3.8519, ref_nll_loss = 4.0176, ivc_loss = 0.0852, neg_loss_1 = 0.0148, neg_loss_2 = 0.0117, ref_loss = 0.0263, div_loss = 0.0065, 0.660 seconds/batch
2026-04-17 17:22:24,539 - save model to checkpoints/activitynet_moe/cpl_moe/model-10.pt, num_updates 11700.
2026-04-17 17:27:49,481 - | R@1,mIoU 0.2642 | R@1,IoU@0.1 0.6182 | R@1,IoU@0.3 0.4484 | R@1,IoU@0.5 0.1889 | R@1,IoU@0.7 0.0611 | R@1,IoU@0.9 0.0063 | R@5,mIoU 0.5332 | R@5,IoU@0.1 0.9251 | R@5,IoU@0.3 0.7936 | R@5,IoU@0.5 0.5437 | R@5,IoU@0.7 0.3279 | R@5,IoU@0.9 0.0774 |
2026-04-17 17:27:49,481 - ============================================================
2026-04-17 17:27:49,481 - Start Epoch 11
2026-04-17 17:28:17,256 - Epoch 11, Batch 50, lr = 0.00007, final_loss = 3.9342, nll_loss = 3.8503, ref_nll_loss = 4.0180, ivc_loss = 0.0812, neg_loss_1 = 0.0118, neg_loss_2 = 0.0106, ref_loss = 0.0259, div_loss = 0.0066, 0.555 seconds/batch
2026-04-17 17:28:44,924 - Epoch 11, Batch 100, lr = 0.00007, final_loss = 3.9399, nll_loss = 3.8611, ref_nll_loss = 4.0188, ivc_loss = 0.0844, neg_loss_1 = 0.0116, neg_loss_2 = 0.0120, ref_loss = 0.0297, div_loss = 0.0062, 0.554 seconds/batch
2026-04-17 17:29:12,689 - Epoch 11, Batch 150, lr = 0.00007, final_loss = 3.9893, nll_loss = 3.9105, ref_nll_loss = 4.0681, ivc_loss = 0.0835, neg_loss_1 = 0.0119, neg_loss_2 = 0.0121, ref_loss = 0.0279, div_loss = 0.0063, 0.555 seconds/batch
2026-04-17 17:29:40,259 - Epoch 11, Batch 200, lr = 0.00007, final_loss = 3.9524, nll_loss = 3.8683, ref_nll_loss = 4.0364, ivc_loss = 0.0823, neg_loss_1 = 0.0132, neg_loss_2 = 0.0102, ref_loss = 0.0262, div_loss = 0.0065, 0.554 seconds/batch
2026-04-17 17:30:07,879 - Epoch 11, Batch 250, lr = 0.00007, final_loss = 3.9600, nll_loss = 3.8765, ref_nll_loss = 4.0435, ivc_loss = 0.0826, neg_loss_1 = 0.0139, neg_loss_2 = 0.0103, ref_loss = 0.0263, div_loss = 0.0064, 0.554 seconds/batch
2026-04-17 17:30:35,409 - Epoch 11, Batch 300, lr = 0.00007, final_loss = 3.9604, nll_loss = 3.8765, ref_nll_loss = 4.0442, ivc_loss = 0.0847, neg_loss_1 = 0.0138, neg_loss_2 = 0.0100, ref_loss = 0.0273, div_loss = 0.0067, 0.553 seconds/batch
2026-04-17 17:31:02,832 - Epoch 11, Batch 350, lr = 0.00007, final_loss = 3.9385, nll_loss = 3.8566, ref_nll_loss = 4.0204, ivc_loss = 0.0836, neg_loss_1 = 0.0108, neg_loss_2 = 0.0126, ref_loss = 0.0270, div_loss = 0.0066, 0.552 seconds/batch
2026-04-17 17:31:32,883 - Epoch 11, Batch 400, lr = 0.00007, final_loss = 3.9410, nll_loss = 3.8571, ref_nll_loss = 4.0249, ivc_loss = 0.0831, neg_loss_1 = 0.0117, neg_loss_2 = 0.0103, ref_loss = 0.0256, div_loss = 0.0071, 0.559 seconds/batch
2026-04-17 17:32:06,890 - Epoch 11, Batch 450, lr = 0.00007, final_loss = 3.9481, nll_loss = 3.8639, ref_nll_loss = 4.0323, ivc_loss = 0.0819, neg_loss_1 = 0.0116, neg_loss_2 = 0.0124, ref_loss = 0.0240, div_loss = 0.0068, 0.572 seconds/batch
2026-04-17 17:32:46,530 - Epoch 11, Batch 500, lr = 0.00007, final_loss = 3.9469, nll_loss = 3.8639, ref_nll_loss = 4.0298, ivc_loss = 0.0835, neg_loss_1 = 0.0128, neg_loss_2 = 0.0115, ref_loss = 0.0265, div_loss = 0.0066, 0.594 seconds/batch
2026-04-17 17:33:26,508 - Epoch 11, Batch 550, lr = 0.00007, final_loss = 3.9737, nll_loss = 3.8888, ref_nll_loss = 4.0587, ivc_loss = 0.0794, neg_loss_1 = 0.0109, neg_loss_2 = 0.0108, ref_loss = 0.0255, div_loss = 0.0064, 0.613 seconds/batch
2026-04-17 17:34:06,207 - Epoch 11, Batch 600, lr = 0.00007, final_loss = 3.9313, nll_loss = 3.8473, ref_nll_loss = 4.0152, ivc_loss = 0.0809, neg_loss_1 = 0.0134, neg_loss_2 = 0.0108, ref_loss = 0.0243, div_loss = 0.0065, 0.628 seconds/batch
2026-04-17 17:34:43,526 - Epoch 11, Batch 650, lr = 0.00007, final_loss = 3.9358, nll_loss = 3.8492, ref_nll_loss = 4.0224, ivc_loss = 0.0826, neg_loss_1 = 0.0132, neg_loss_2 = 0.0091, ref_loss = 0.0248, div_loss = 0.0071, 0.637 seconds/batch
2026-04-17 17:35:17,631 - Epoch 11, Batch 700, lr = 0.00007, final_loss = 3.9724, nll_loss = 3.8883, ref_nll_loss = 4.0565, ivc_loss = 0.0816, neg_loss_1 = 0.0121, neg_loss_2 = 0.0098, ref_loss = 0.0252, div_loss = 0.0069, 0.640 seconds/batch
2026-04-17 17:35:51,617 - Epoch 11, Batch 750, lr = 0.00007, final_loss = 3.9812, nll_loss = 3.8942, ref_nll_loss = 4.0683, ivc_loss = 0.0839, neg_loss_1 = 0.0142, neg_loss_2 = 0.0122, ref_loss = 0.0260, div_loss = 0.0063, 0.643 seconds/batch
2026-04-17 17:36:25,548 - Epoch 11, Batch 800, lr = 0.00007, final_loss = 3.9373, nll_loss = 3.8539, ref_nll_loss = 4.0206, ivc_loss = 0.0814, neg_loss_1 = 0.0100, neg_loss_2 = 0.0120, ref_loss = 0.0253, div_loss = 0.0068, 0.645 seconds/batch
2026-04-17 17:36:59,541 - Epoch 11, Batch 850, lr = 0.00007, final_loss = 3.9704, nll_loss = 3.8887, ref_nll_loss = 4.0521, ivc_loss = 0.0815, neg_loss_1 = 0.0130, neg_loss_2 = 0.0089, ref_loss = 0.0267, div_loss = 0.0066, 0.647 seconds/batch
2026-04-17 17:37:33,649 - Epoch 11, Batch 900, lr = 0.00007, final_loss = 3.9782, nll_loss = 3.8942, ref_nll_loss = 4.0622, ivc_loss = 0.0845, neg_loss_1 = 0.0145, neg_loss_2 = 0.0112, ref_loss = 0.0248, div_loss = 0.0068, 0.649 seconds/batch
2026-04-17 17:38:07,576 - Epoch 11, Batch 950, lr = 0.00007, final_loss = 3.9303, nll_loss = 3.8458, ref_nll_loss = 4.0148, ivc_loss = 0.0796, neg_loss_1 = 0.0129, neg_loss_2 = 0.0087, ref_loss = 0.0264, div_loss = 0.0063, 0.651 seconds/batch
2026-04-17 17:38:41,487 - Epoch 11, Batch 1000, lr = 0.00007, final_loss = 3.9565, nll_loss = 3.8726, ref_nll_loss = 4.0404, ivc_loss = 0.0813, neg_loss_1 = 0.0121, neg_loss_2 = 0.0086, ref_loss = 0.0274, div_loss = 0.0067, 0.652 seconds/batch
2026-04-17 17:39:15,317 - Epoch 11, Batch 1050, lr = 0.00007, final_loss = 3.9318, nll_loss = 3.8457, ref_nll_loss = 4.0178, ivc_loss = 0.0799, neg_loss_1 = 0.0105, neg_loss_2 = 0.0116, ref_loss = 0.0241, div_loss = 0.0067, 0.653 seconds/batch
2026-04-17 17:39:49,037 - Epoch 11, Batch 1100, lr = 0.00007, final_loss = 3.9449, nll_loss = 3.8631, ref_nll_loss = 4.0268, ivc_loss = 0.0782, neg_loss_1 = 0.0120, neg_loss_2 = 0.0089, ref_loss = 0.0260, div_loss = 0.0063, 0.654 seconds/batch
2026-04-17 17:40:24,569 - Epoch 11, Batch 1150, lr = 0.00007, final_loss = 3.9813, nll_loss = 3.8983, ref_nll_loss = 4.0643, ivc_loss = 0.0817, neg_loss_1 = 0.0114, neg_loss_2 = 0.0100, ref_loss = 0.0267, div_loss = 0.0067, 0.657 seconds/batch
2026-04-17 17:40:40,190 - Epoch 11, Batch 1170, lr = 0.00007, final_loss = 3.9424, nll_loss = 3.8611, ref_nll_loss = 4.0238, ivc_loss = 0.0849, neg_loss_1 = 0.0139, neg_loss_2 = 0.0115, ref_loss = 0.0279, div_loss = 0.0063, 0.659 seconds/batch
2026-04-17 17:40:40,255 - save model to checkpoints/activitynet_moe/cpl_moe/model-11.pt, num_updates 12870.
2026-04-17 17:46:06,096 - | R@1,mIoU 0.2368 | R@1,IoU@0.1 0.5563 | R@1,IoU@0.3 0.4027 | R@1,IoU@0.5 0.1689 | R@1,IoU@0.7 0.0532 | R@1,IoU@0.9 0.0036 | R@5,mIoU 0.5282 | R@5,IoU@0.1 0.9257 | R@5,IoU@0.3 0.7943 | R@5,IoU@0.5 0.5398 | R@5,IoU@0.7 0.3129 | R@5,IoU@0.9 0.0702 |
2026-04-17 17:46:06,097 - ============================================================
2026-04-17 17:46:06,098 - Start Epoch 12
2026-04-17 17:46:34,047 - Epoch 12, Batch 50, lr = 0.00007, final_loss = 3.9192, nll_loss = 3.8350, ref_nll_loss = 4.0034, ivc_loss = 0.0857, neg_loss_1 = 0.0131, neg_loss_2 = 0.0119, ref_loss = 0.0257, div_loss = 0.0070, 0.559 seconds/batch
2026-04-17 17:47:01,732 - Epoch 12, Batch 100, lr = 0.00007, final_loss = 3.8992, nll_loss = 3.8157, ref_nll_loss = 3.9828, ivc_loss = 0.0833, neg_loss_1 = 0.0119, neg_loss_2 = 0.0102, ref_loss = 0.0275, div_loss = 0.0067, 0.556 seconds/batch
2026-04-17 17:47:29,377 - Epoch 12, Batch 150, lr = 0.00007, final_loss = 3.9066, nll_loss = 3.8231, ref_nll_loss = 3.9901, ivc_loss = 0.0834, neg_loss_1 = 0.0132, neg_loss_2 = 0.0113, ref_loss = 0.0249, div_loss = 0.0068, 0.555 seconds/batch
2026-04-17 17:47:56,862 - Epoch 12, Batch 200, lr = 0.00007, final_loss = 3.9200, nll_loss = 3.8360, ref_nll_loss = 4.0039, ivc_loss = 0.0825, neg_loss_1 = 0.0143, neg_loss_2 = 0.0110, ref_loss = 0.0249, div_loss = 0.0065, 0.554 seconds/batch
2026-04-17 17:48:24,272 - Epoch 12, Batch 250, lr = 0.00007, final_loss = 3.9287, nll_loss = 3.8401, ref_nll_loss = 4.0173, ivc_loss = 0.0804, neg_loss_1 = 0.0128, neg_loss_2 = 0.0107, ref_loss = 0.0232, div_loss = 0.0067, 0.553 seconds/batch
2026-04-17 17:48:51,567 - Epoch 12, Batch 300, lr = 0.00007, final_loss = 3.9402, nll_loss = 3.8562, ref_nll_loss = 4.0243, ivc_loss = 0.0866, neg_loss_1 = 0.0134, neg_loss_2 = 0.0122, ref_loss = 0.0267, div_loss = 0.0068, 0.552 seconds/batch
2026-04-17 17:49:18,803 - Epoch 12, Batch 350, lr = 0.00007, final_loss = 3.9321, nll_loss = 3.8497, ref_nll_loss = 4.0145, ivc_loss = 0.0931, neg_loss_1 = 0.0158, neg_loss_2 = 0.0105, ref_loss = 0.0278, div_loss = 0.0078, 0.551 seconds/batch
2026-04-17 17:49:47,283 - Epoch 12, Batch 400, lr = 0.00007, final_loss = 3.9411, nll_loss = 3.8568, ref_nll_loss = 4.0253, ivc_loss = 0.0887, neg_loss_1 = 0.0166, neg_loss_2 = 0.0116, ref_loss = 0.0260, div_loss = 0.0069, 0.553 seconds/batch
2026-04-17 17:50:21,182 - Epoch 12, Batch 450, lr = 0.00007, final_loss = 3.9419, nll_loss = 3.8571, ref_nll_loss = 4.0267, ivc_loss = 0.0870, neg_loss_1 = 0.0129, neg_loss_2 = 0.0109, ref_loss = 0.0263, div_loss = 0.0074, 0.567 seconds/batch
2026-04-17 17:51:00,117 - Epoch 12, Batch 500, lr = 0.00007, final_loss = 3.9242, nll_loss = 3.8386, ref_nll_loss = 4.0099, ivc_loss = 0.0861, neg_loss_1 = 0.0147, neg_loss_2 = 0.0103, ref_loss = 0.0254, div_loss = 0.0071, 0.588 seconds/batch
2026-04-17 17:51:39,962 - Epoch 12, Batch 550, lr = 0.00007, final_loss = 3.9388, nll_loss = 3.8547, ref_nll_loss = 4.0228, ivc_loss = 0.0865, neg_loss_1 = 0.0137, neg_loss_2 = 0.0095, ref_loss = 0.0273, div_loss = 0.0072, 0.607 seconds/batch
2026-04-17 17:52:19,796 - Epoch 12, Batch 600, lr = 0.00007, final_loss = 3.9128, nll_loss = 3.8254, ref_nll_loss = 4.0002, ivc_loss = 0.0878, neg_loss_1 = 0.0140, neg_loss_2 = 0.0113, ref_loss = 0.0254, div_loss = 0.0074, 0.623 seconds/batch
2026-04-17 17:52:56,258 - Epoch 12, Batch 650, lr = 0.00007, final_loss = 3.9333, nll_loss = 3.8484, ref_nll_loss = 4.0183, ivc_loss = 0.0851, neg_loss_1 = 0.0139, neg_loss_2 = 0.0094, ref_loss = 0.0252, div_loss = 0.0073, 0.631 seconds/batch
2026-04-17 17:53:30,006 - Epoch 12, Batch 700, lr = 0.00007, final_loss = 3.9430, nll_loss = 3.8560, ref_nll_loss = 4.0301, ivc_loss = 0.0805, neg_loss_1 = 0.0129, neg_loss_2 = 0.0103, ref_loss = 0.0223, div_loss = 0.0070, 0.634 seconds/batch
2026-04-17 17:54:04,042 - Epoch 12, Batch 750, lr = 0.00007, final_loss = 3.9486, nll_loss = 3.8635, ref_nll_loss = 4.0338, ivc_loss = 0.0799, neg_loss_1 = 0.0129, neg_loss_2 = 0.0099, ref_loss = 0.0226, div_loss = 0.0069, 0.637 seconds/batch
2026-04-17 17:54:37,974 - Epoch 12, Batch 800, lr = 0.00007, final_loss = 3.9876, nll_loss = 3.9044, ref_nll_loss = 4.0707, ivc_loss = 0.0852, neg_loss_1 = 0.0132, neg_loss_2 = 0.0093, ref_loss = 0.0257, div_loss = 0.0074, 0.640 seconds/batch
2026-04-17 17:55:11,905 - Epoch 12, Batch 850, lr = 0.00007, final_loss = 3.9199, nll_loss = 3.8357, ref_nll_loss = 4.0042, ivc_loss = 0.0873, neg_loss_1 = 0.0135, neg_loss_2 = 0.0113, ref_loss = 0.0256, div_loss = 0.0074, 0.642 seconds/batch
2026-04-17 17:55:45,900 - Epoch 12, Batch 900, lr = 0.00007, final_loss = 3.9259, nll_loss = 3.8423, ref_nll_loss = 4.0096, ivc_loss = 0.0858, neg_loss_1 = 0.0136, neg_loss_2 = 0.0101, ref_loss = 0.0241, div_loss = 0.0076, 0.644 seconds/batch
2026-04-17 17:56:19,545 - Epoch 12, Batch 950, lr = 0.00007, final_loss = 3.9514, nll_loss = 3.8630, ref_nll_loss = 4.0398, ivc_loss = 0.0817, neg_loss_1 = 0.0134, neg_loss_2 = 0.0090, ref_loss = 0.0237, div_loss = 0.0071, 0.646 seconds/batch
2026-04-17 17:56:53,773 - Epoch 12, Batch 1000, lr = 0.00007, final_loss = 3.9214, nll_loss = 3.8372, ref_nll_loss = 4.0057, ivc_loss = 0.0852, neg_loss_1 = 0.0117, neg_loss_2 = 0.0099, ref_loss = 0.0269, div_loss = 0.0074, 0.648 seconds/batch
2026-04-17 17:57:27,486 - Epoch 12, Batch 1050, lr = 0.00007, final_loss = 3.9368, nll_loss = 3.8503, ref_nll_loss = 4.0233, ivc_loss = 0.0851, neg_loss_1 = 0.0136, neg_loss_2 = 0.0100, ref_loss = 0.0240, div_loss = 0.0075, 0.649 seconds/batch
2026-04-17 17:58:01,534 - Epoch 12, Batch 1100, lr = 0.00007, final_loss = 3.9502, nll_loss = 3.8659, ref_nll_loss = 4.0346, ivc_loss = 0.0836, neg_loss_1 = 0.0130, neg_loss_2 = 0.0107, ref_loss = 0.0252, div_loss = 0.0069, 0.650 seconds/batch
2026-04-17 17:58:38,481 - Epoch 12, Batch 1150, lr = 0.00007, final_loss = 3.9189, nll_loss = 3.8330, ref_nll_loss = 4.0049, ivc_loss = 0.0835, neg_loss_1 = 0.0128, neg_loss_2 = 0.0109, ref_loss = 0.0251, div_loss = 0.0070, 0.654 seconds/batch
2026-04-17 17:58:54,280 - Epoch 12, Batch 1170, lr = 0.00007, final_loss = 3.9555, nll_loss = 3.8711, ref_nll_loss = 4.0399, ivc_loss = 0.0822, neg_loss_1 = 0.0129, neg_loss_2 = 0.0070, ref_loss = 0.0257, div_loss = 0.0073, 0.657 seconds/batch
2026-04-17 17:58:54,345 - save model to checkpoints/activitynet_moe/cpl_moe/model-12.pt, num_updates 14040.
2026-04-17 18:04:22,234 - | R@1,mIoU 0.3036 | R@1,IoU@0.1 0.7092 | R@1,IoU@0.3 0.5085 | R@1,IoU@0.5 0.2215 | R@1,IoU@0.7 0.0737 | R@1,IoU@0.9 0.0105 | R@5,mIoU 0.5293 | R@5,IoU@0.1 0.9243 | R@5,IoU@0.3 0.7917 | R@5,IoU@0.5 0.5415 | R@5,IoU@0.7 0.3207 | R@5,IoU@0.9 0.0753 |
2026-04-17 18:04:22,314 - Best results have been updated.
2026-04-17 18:04:22,314 - ============================================================
2026-04-17 18:04:22,314 - Start Epoch 13
2026-04-17 18:04:50,173 - Epoch 13, Batch 50, lr = 0.00007, final_loss = 3.9053, nll_loss = 3.8194, ref_nll_loss = 3.9911, ivc_loss = 0.0845, neg_loss_1 = 0.0131, neg_loss_2 = 0.0108, ref_loss = 0.0262, div_loss = 0.0069, 0.557 seconds/batch
2026-04-17 18:05:17,753 - Epoch 13, Batch 100, lr = 0.00007, final_loss = 3.8921, nll_loss = 3.8048, ref_nll_loss = 3.9794, ivc_loss = 0.0827, neg_loss_1 = 0.0149, neg_loss_2 = 0.0094, ref_loss = 0.0235, div_loss = 0.0070, 0.554 seconds/batch
2026-04-17 18:05:45,264 - Epoch 13, Batch 150, lr = 0.00007, final_loss = 3.9086, nll_loss = 3.8252, ref_nll_loss = 3.9920, ivc_loss = 0.0854, neg_loss_1 = 0.0130, neg_loss_2 = 0.0093, ref_loss = 0.0271, div_loss = 0.0072, 0.553 seconds/batch
2026-04-17 18:06:12,803 - Epoch 13, Batch 200, lr = 0.00007, final_loss = 3.9074, nll_loss = 3.8229, ref_nll_loss = 3.9919, ivc_loss = 0.0865, neg_loss_1 = 0.0144, neg_loss_2 = 0.0104, ref_loss = 0.0263, div_loss = 0.0071, 0.552 seconds/batch
2026-04-17 18:06:40,444 - Epoch 13, Batch 250, lr = 0.00007, final_loss = 3.8913, nll_loss = 3.8029, ref_nll_loss = 3.9797, ivc_loss = 0.0905, neg_loss_1 = 0.0164, neg_loss_2 = 0.0119, ref_loss = 0.0252, div_loss = 0.0074, 0.553 seconds/batch
2026-04-17 18:07:07,936 - Epoch 13, Batch 300, lr = 0.00007, final_loss = 3.8914, nll_loss = 3.8030, ref_nll_loss = 3.9798, ivc_loss = 0.0860, neg_loss_1 = 0.0154, neg_loss_2 = 0.0107, ref_loss = 0.0235, div_loss = 0.0073, 0.552 seconds/batch
2026-04-17 18:07:35,324 - Epoch 13, Batch 350, lr = 0.00007, final_loss = 3.9090, nll_loss = 3.8231, ref_nll_loss = 3.9949, ivc_loss = 0.0832, neg_loss_1 = 0.0140, neg_loss_2 = 0.0084, ref_loss = 0.0243, div_loss = 0.0073, 0.551 seconds/batch
2026-04-17 18:08:02,935 - Epoch 13, Batch 400, lr = 0.00007, final_loss = 3.8928, nll_loss = 3.8068, ref_nll_loss = 3.9789, ivc_loss = 0.0877, neg_loss_1 = 0.0145, neg_loss_2 = 0.0116, ref_loss = 0.0244, div_loss = 0.0074, 0.552 seconds/batch
2026-04-17 18:08:36,395 - Epoch 13, Batch 450, lr = 0.00007, final_loss = 3.9211, nll_loss = 3.8348, ref_nll_loss = 4.0074, ivc_loss = 0.0831, neg_loss_1 = 0.0135, neg_loss_2 = 0.0092, ref_loss = 0.0244, div_loss = 0.0072, 0.565 seconds/batch
2026-04-17 18:09:14,741 - Epoch 13, Batch 500, lr = 0.00007, final_loss = 3.9384, nll_loss = 3.8490, ref_nll_loss = 4.0277, ivc_loss = 0.0845, neg_loss_1 = 0.0162, neg_loss_2 = 0.0088, ref_loss = 0.0243, div_loss = 0.0070, 0.585 seconds/batch
2026-04-17 18:09:54,491 - Epoch 13, Batch 550, lr = 0.00007, final_loss = 3.9121, nll_loss = 3.8271, ref_nll_loss = 3.9971, ivc_loss = 0.0897, neg_loss_1 = 0.0185, neg_loss_2 = 0.0103, ref_loss = 0.0271, div_loss = 0.0068, 0.604 seconds/batch
2026-04-17 18:10:34,378 - Epoch 13, Batch 600, lr = 0.00007, final_loss = 3.9511, nll_loss = 3.8623, ref_nll_loss = 4.0400, ivc_loss = 0.0851, neg_loss_1 = 0.0143, neg_loss_2 = 0.0089, ref_loss = 0.0248, div_loss = 0.0074, 0.620 seconds/batch
2026-04-17 18:11:08,919 - Epoch 13, Batch 650, lr = 0.00007, final_loss = 3.9454, nll_loss = 3.8622, ref_nll_loss = 4.0286, ivc_loss = 0.0902, neg_loss_1 = 0.0139, neg_loss_2 = 0.0106, ref_loss = 0.0277, div_loss = 0.0076, 0.626 seconds/batch
2026-04-17 18:11:42,711 - Epoch 13, Batch 700, lr = 0.00007, final_loss = 3.8843, nll_loss = 3.7928, ref_nll_loss = 3.9758, ivc_loss = 0.0860, neg_loss_1 = 0.0137, neg_loss_2 = 0.0101, ref_loss = 0.0219, div_loss = 0.0081, 0.629 seconds/batch
2026-04-17 18:12:16,598 - Epoch 13, Batch 750, lr = 0.00007, final_loss = 3.9109, nll_loss = 3.8247, ref_nll_loss = 3.9971, ivc_loss = 0.0801, neg_loss_1 = 0.0105, neg_loss_2 = 0.0093, ref_loss = 0.0238, div_loss = 0.0073, 0.632 seconds/batch
2026-04-17 18:12:50,497 - Epoch 13, Batch 800, lr = 0.00007, final_loss = 3.9241, nll_loss = 3.8375, ref_nll_loss = 4.0107, ivc_loss = 0.0865, neg_loss_1 = 0.0141, neg_loss_2 = 0.0092, ref_loss = 0.0264, div_loss = 0.0074, 0.635 seconds/batch
2026-04-17 18:13:24,471 - Epoch 13, Batch 850, lr = 0.00007, final_loss = 3.8939, nll_loss = 3.8058, ref_nll_loss = 3.9820, ivc_loss = 0.0851, neg_loss_1 = 0.0132, neg_loss_2 = 0.0113, ref_loss = 0.0231, div_loss = 0.0075, 0.638 seconds/batch
2026-04-17 18:13:58,216 - Epoch 13, Batch 900, lr = 0.00007, final_loss = 3.9051, nll_loss = 3.8197, ref_nll_loss = 3.9905, ivc_loss = 0.0840, neg_loss_1 = 0.0132, neg_loss_2 = 0.0116, ref_loss = 0.0235, div_loss = 0.0072, 0.640 seconds/batch
2026-04-17 18:14:32,376 - Epoch 13, Batch 950, lr = 0.00007, final_loss = 3.9264, nll_loss = 3.8369, ref_nll_loss = 4.0159, ivc_loss = 0.0839, neg_loss_1 = 0.0118, neg_loss_2 = 0.0108, ref_loss = 0.0238, div_loss = 0.0075, 0.642 seconds/batch
2026-04-17 18:15:06,215 - Epoch 13, Batch 1000, lr = 0.00007, final_loss = 3.9041, nll_loss = 3.8171, ref_nll_loss = 3.9912, ivc_loss = 0.0820, neg_loss_1 = 0.0127, neg_loss_2 = 0.0085, ref_loss = 0.0248, div_loss = 0.0072, 0.644 seconds/batch
2026-04-17 18:15:40,484 - Epoch 13, Batch 1050, lr = 0.00007, final_loss = 3.9264, nll_loss = 3.8364, ref_nll_loss = 4.0165, ivc_loss = 0.0825, neg_loss_1 = 0.0120, neg_loss_2 = 0.0103, ref_loss = 0.0235, div_loss = 0.0073, 0.646 seconds/batch
2026-04-17 18:16:14,262 - Epoch 13, Batch 1100, lr = 0.00007, final_loss = 3.9198, nll_loss = 3.8323, ref_nll_loss = 4.0074, ivc_loss = 0.0844, neg_loss_1 = 0.0135, neg_loss_2 = 0.0088, ref_loss = 0.0257, div_loss = 0.0073, 0.647 seconds/batch
2026-04-17 18:16:52,556 - Epoch 13, Batch 1150, lr = 0.00006, final_loss = 3.8918, nll_loss = 3.8041, ref_nll_loss = 3.9796, ivc_loss = 0.0852, neg_loss_1 = 0.0149, neg_loss_2 = 0.0103, ref_loss = 0.0257, div_loss = 0.0069, 0.652 seconds/batch
2026-04-17 18:17:08,192 - Epoch 13, Batch 1170, lr = 0.00006, final_loss = 3.9469, nll_loss = 3.8559, ref_nll_loss = 4.0378, ivc_loss = 0.0826, neg_loss_1 = 0.0131, neg_loss_2 = 0.0092, ref_loss = 0.0249, div_loss = 0.0071, 0.655 seconds/batch
2026-04-17 18:17:08,263 - save model to checkpoints/activitynet_moe/cpl_moe/model-13.pt, num_updates 15210.
2026-04-17 18:22:38,428 - | R@1,mIoU 0.3058 | R@1,IoU@0.1 0.7045 | R@1,IoU@0.3 0.5101 | R@1,IoU@0.5 0.2305 | R@1,IoU@0.7 0.0718 | R@1,IoU@0.9 0.0086 | R@5,mIoU 0.5316 | R@5,IoU@0.1 0.9231 | R@5,IoU@0.3 0.7920 | R@5,IoU@0.5 0.5445 | R@5,IoU@0.7 0.3238 | R@5,IoU@0.9 0.0777 |
2026-04-17 18:22:38,506 - Best results have been updated.
2026-04-17 18:22:38,506 - ============================================================
2026-04-17 18:22:38,506 - Start Epoch 14
2026-04-17 18:23:06,328 - Epoch 14, Batch 50, lr = 0.00006, final_loss = 3.8640, nll_loss = 3.7743, ref_nll_loss = 3.9536, ivc_loss = 0.0861, neg_loss_1 = 0.0137, neg_loss_2 = 0.0109, ref_loss = 0.0257, div_loss = 0.0072, 0.556 seconds/batch
2026-04-17 18:23:34,071 - Epoch 14, Batch 100, lr = 0.00006, final_loss = 3.8827, nll_loss = 3.7964, ref_nll_loss = 3.9691, ivc_loss = 0.0887, neg_loss_1 = 0.0152, neg_loss_2 = 0.0100, ref_loss = 0.0272, div_loss = 0.0072, 0.556 seconds/batch
2026-04-17 18:24:01,407 - Epoch 14, Batch 150, lr = 0.00006, final_loss = 3.8975, nll_loss = 3.8090, ref_nll_loss = 3.9861, ivc_loss = 0.0877, neg_loss_1 = 0.0155, neg_loss_2 = 0.0098, ref_loss = 0.0249, div_loss = 0.0075, 0.553 seconds/batch
2026-04-17 18:24:29,052 - Epoch 14, Batch 200, lr = 0.00006, final_loss = 3.9250, nll_loss = 3.8336, ref_nll_loss = 4.0164, ivc_loss = 0.0886, neg_loss_1 = 0.0142, neg_loss_2 = 0.0110, ref_loss = 0.0255, div_loss = 0.0076, 0.553 seconds/batch
2026-04-17 18:24:56,906 - Epoch 14, Batch 250, lr = 0.00006, final_loss = 3.8988, nll_loss = 3.8095, ref_nll_loss = 3.9881, ivc_loss = 0.0862, neg_loss_1 = 0.0142, neg_loss_2 = 0.0110, ref_loss = 0.0232, div_loss = 0.0076, 0.554 seconds/batch
2026-04-17 18:25:24,301 - Epoch 14, Batch 300, lr = 0.00006, final_loss = 3.8822, nll_loss = 3.7939, ref_nll_loss = 3.9704, ivc_loss = 0.0870, neg_loss_1 = 0.0139, neg_loss_2 = 0.0129, ref_loss = 0.0233, div_loss = 0.0074, 0.553 seconds/batch
2026-04-17 18:25:51,742 - Epoch 14, Batch 350, lr = 0.00006, final_loss = 3.8739, nll_loss = 3.7831, ref_nll_loss = 3.9648, ivc_loss = 0.0825, neg_loss_1 = 0.0132, neg_loss_2 = 0.0091, ref_loss = 0.0237, div_loss = 0.0073, 0.552 seconds/batch
2026-04-17 18:26:19,051 - Epoch 14, Batch 400, lr = 0.00006, final_loss = 3.9019, nll_loss = 3.8143, ref_nll_loss = 3.9895, ivc_loss = 0.0863, neg_loss_1 = 0.0118, neg_loss_2 = 0.0116, ref_loss = 0.0245, div_loss = 0.0077, 0.551 seconds/batch
2026-04-17 18:26:51,505 - Epoch 14, Batch 450, lr = 0.00006, final_loss = 3.9252, nll_loss = 3.8394, ref_nll_loss = 4.0109, ivc_loss = 0.0845, neg_loss_1 = 0.0133, neg_loss_2 = 0.0081, ref_loss = 0.0258, div_loss = 0.0075, 0.562 seconds/batch
2026-04-17 18:27:28,612 - Epoch 14, Batch 500, lr = 0.00006, final_loss = 3.8900, nll_loss = 3.8022, ref_nll_loss = 3.9778, ivc_loss = 0.0873, neg_loss_1 = 0.0149, neg_loss_2 = 0.0096, ref_loss = 0.0257, div_loss = 0.0074, 0.580 seconds/batch
2026-04-17 18:28:08,110 - Epoch 14, Batch 550, lr = 0.00006, final_loss = 3.8959, nll_loss = 3.8045, ref_nll_loss = 3.9873, ivc_loss = 0.0817, neg_loss_1 = 0.0141, neg_loss_2 = 0.0100, ref_loss = 0.0220, div_loss = 0.0072, 0.599 seconds/batch
2026-04-17 18:28:47,056 - Epoch 14, Batch 600, lr = 0.00006, final_loss = 3.9079, nll_loss = 3.8217, ref_nll_loss = 3.9941, ivc_loss = 0.0853, neg_loss_1 = 0.0129, neg_loss_2 = 0.0094, ref_loss = 0.0263, div_loss = 0.0073, 0.614 seconds/batch
2026-04-17 18:29:20,862 - Epoch 14, Batch 650, lr = 0.00006, final_loss = 3.9182, nll_loss = 3.8313, ref_nll_loss = 4.0051, ivc_loss = 0.0860, neg_loss_1 = 0.0157, neg_loss_2 = 0.0098, ref_loss = 0.0230, div_loss = 0.0075, 0.619 seconds/batch
2026-04-17 18:29:54,891 - Epoch 14, Batch 700, lr = 0.00006, final_loss = 3.8636, nll_loss = 3.7675, ref_nll_loss = 3.9597, ivc_loss = 0.0808, neg_loss_1 = 0.0112, neg_loss_2 = 0.0091, ref_loss = 0.0213, div_loss = 0.0078, 0.623 seconds/batch
2026-04-17 18:30:28,591 - Epoch 14, Batch 750, lr = 0.00006, final_loss = 3.8807, nll_loss = 3.7945, ref_nll_loss = 3.9670, ivc_loss = 0.0842, neg_loss_1 = 0.0161, neg_loss_2 = 0.0106, ref_loss = 0.0235, div_loss = 0.0068, 0.627 seconds/batch
2026-04-17 18:31:02,265 - Epoch 14, Batch 800, lr = 0.00006, final_loss = 3.8877, nll_loss = 3.7977, ref_nll_loss = 3.9777, ivc_loss = 0.0814, neg_loss_1 = 0.0152, neg_loss_2 = 0.0080, ref_loss = 0.0233, div_loss = 0.0070, 0.630 seconds/batch
2026-04-17 18:31:36,013 - Epoch 14, Batch 850, lr = 0.00006, final_loss = 3.8897, nll_loss = 3.8007, ref_nll_loss = 3.9787, ivc_loss = 0.0877, neg_loss_1 = 0.0144, neg_loss_2 = 0.0115, ref_loss = 0.0245, div_loss = 0.0075, 0.632 seconds/batch
2026-04-17 18:32:10,115 - Epoch 14, Batch 900, lr = 0.00006, final_loss = 3.8881, nll_loss = 3.7967, ref_nll_loss = 3.9794, ivc_loss = 0.0873, neg_loss_1 = 0.0151, neg_loss_2 = 0.0129, ref_loss = 0.0229, div_loss = 0.0073, 0.635 seconds/batch
2026-04-17 18:32:43,701 - Epoch 14, Batch 950, lr = 0.00006, final_loss = 3.8933, nll_loss = 3.8034, ref_nll_loss = 3.9831, ivc_loss = 0.0864, neg_loss_1 = 0.0128, neg_loss_2 = 0.0109, ref_loss = 0.0242, div_loss = 0.0077, 0.637 seconds/batch
2026-04-17 18:33:17,711 - Epoch 14, Batch 1000, lr = 0.00006, final_loss = 3.9016, nll_loss = 3.8131, ref_nll_loss = 3.9902, ivc_loss = 0.0893, neg_loss_1 = 0.0132, neg_loss_2 = 0.0114, ref_loss = 0.0243, div_loss = 0.0081, 0.639 seconds/batch
2026-04-17 18:33:51,813 - Epoch 14, Batch 1050, lr = 0.00006, final_loss = 3.9349, nll_loss = 3.8464, ref_nll_loss = 4.0233, ivc_loss = 0.0839, neg_loss_1 = 0.0117, neg_loss_2 = 0.0097, ref_loss = 0.0256, div_loss = 0.0074, 0.641 seconds/batch
2026-04-17 18:34:25,899 - Epoch 14, Batch 1100, lr = 0.00006, final_loss = 3.9459, nll_loss = 3.8557, ref_nll_loss = 4.0360, ivc_loss = 0.0894, neg_loss_1 = 0.0164, neg_loss_2 = 0.0110, ref_loss = 0.0245, div_loss = 0.0075, 0.643 seconds/batch
2026-04-17 18:35:05,843 - Epoch 14, Batch 1150, lr = 0.00006, final_loss = 3.8920, nll_loss = 3.8022, ref_nll_loss = 3.9818, ivc_loss = 0.0868, neg_loss_1 = 0.0130, neg_loss_2 = 0.0103, ref_loss = 0.0249, div_loss = 0.0077, 0.650 seconds/batch
2026-04-17 18:35:21,390 - Epoch 14, Batch 1170, lr = 0.00006, final_loss = 3.9124, nll_loss = 3.8262, ref_nll_loss = 3.9985, ivc_loss = 0.0896, neg_loss_1 = 0.0145, neg_loss_2 = 0.0139, ref_loss = 0.0249, div_loss = 0.0073, 0.652 seconds/batch
2026-04-17 18:35:21,460 - save model to checkpoints/activitynet_moe/cpl_moe/model-14.pt, num_updates 16380.
2026-04-17 18:40:53,610 - | R@1,mIoU 0.3066 | R@1,IoU@0.1 0.7022 | R@1,IoU@0.3 0.5190 | R@1,IoU@0.5 0.2279 | R@1,IoU@0.7 0.0766 | R@1,IoU@0.9 0.0116 | R@5,mIoU 0.5287 | R@5,IoU@0.1 0.9207 | R@5,IoU@0.3 0.7888 | R@5,IoU@0.5 0.5425 | R@5,IoU@0.7 0.3199 | R@5,IoU@0.9 0.0789 |
2026-04-17 18:40:53,689 - Best results have been updated.
2026-04-17 18:40:53,690 - ============================================================
2026-04-17 18:40:53,690 - Start Epoch 15
2026-04-17 18:41:21,812 - Epoch 15, Batch 50, lr = 0.00006, final_loss = 3.8675, nll_loss = 3.7780, ref_nll_loss = 3.9569, ivc_loss = 0.0854, neg_loss_1 = 0.0145, neg_loss_2 = 0.0118, ref_loss = 0.0228, div_loss = 0.0072, 0.562 seconds/batch
2026-04-17 18:41:49,446 - Epoch 15, Batch 100, lr = 0.00006, final_loss = 3.8776, nll_loss = 3.7862, ref_nll_loss = 3.9690, ivc_loss = 0.0876, neg_loss_1 = 0.0150, neg_loss_2 = 0.0101, ref_loss = 0.0247, div_loss = 0.0075, 0.558 seconds/batch
2026-04-17 18:42:17,048 - Epoch 15, Batch 150, lr = 0.00006, final_loss = 3.8621, nll_loss = 3.7688, ref_nll_loss = 3.9553, ivc_loss = 0.0839, neg_loss_1 = 0.0139, neg_loss_2 = 0.0102, ref_loss = 0.0216, div_loss = 0.0076, 0.556 seconds/batch
2026-04-17 18:42:44,699 - Epoch 15, Batch 200, lr = 0.00006, final_loss = 3.8561, nll_loss = 3.7664, ref_nll_loss = 3.9457, ivc_loss = 0.0876, neg_loss_1 = 0.0151, neg_loss_2 = 0.0106, ref_loss = 0.0249, div_loss = 0.0074, 0.555 seconds/batch
2026-04-17 18:43:12,471 - Epoch 15, Batch 250, lr = 0.00006, final_loss = 3.8723, nll_loss = 3.7826, ref_nll_loss = 3.9621, ivc_loss = 0.0851, neg_loss_1 = 0.0137, neg_loss_2 = 0.0111, ref_loss = 0.0232, div_loss = 0.0074, 0.555 seconds/batch
2026-04-17 18:43:39,819 - Epoch 15, Batch 300, lr = 0.00006, final_loss = 3.8884, nll_loss = 3.7995, ref_nll_loss = 3.9772, ivc_loss = 0.0891, neg_loss_1 = 0.0129, neg_loss_2 = 0.0116, ref_loss = 0.0265, div_loss = 0.0076, 0.554 seconds/batch
2026-04-17 18:44:07,170 - Epoch 15, Batch 350, lr = 0.00006, final_loss = 3.8605, nll_loss = 3.7721, ref_nll_loss = 3.9490, ivc_loss = 0.0873, neg_loss_1 = 0.0154, neg_loss_2 = 0.0086, ref_loss = 0.0250, div_loss = 0.0077, 0.553 seconds/batch
2026-04-17 18:44:34,661 - Epoch 15, Batch 400, lr = 0.00006, final_loss = 3.8796, nll_loss = 3.7863, ref_nll_loss = 3.9730, ivc_loss = 0.0839, neg_loss_1 = 0.0138, neg_loss_2 = 0.0088, ref_loss = 0.0220, div_loss = 0.0079, 0.552 seconds/batch
2026-04-17 18:45:04,854 - Epoch 15, Batch 450, lr = 0.00006, final_loss = 3.8975, nll_loss = 3.8079, ref_nll_loss = 3.9870, ivc_loss = 0.0876, neg_loss_1 = 0.0140, neg_loss_2 = 0.0097, ref_loss = 0.0249, div_loss = 0.0078, 0.558 seconds/batch
2026-04-17 18:45:40,490 - Epoch 15, Batch 500, lr = 0.00006, final_loss = 3.8975, nll_loss = 3.8062, ref_nll_loss = 3.9887, ivc_loss = 0.0857, neg_loss_1 = 0.0138, neg_loss_2 = 0.0104, ref_loss = 0.0244, div_loss = 0.0074, 0.574 seconds/batch
2026-04-17 18:46:20,334 - Epoch 15, Batch 550, lr = 0.00006, final_loss = 3.8877, nll_loss = 3.8000, ref_nll_loss = 3.9754, ivc_loss = 0.0881, neg_loss_1 = 0.0160, neg_loss_2 = 0.0108, ref_loss = 0.0253, div_loss = 0.0072, 0.594 seconds/batch
2026-04-17 18:46:58,098 - Epoch 15, Batch 600, lr = 0.00006, final_loss = 3.9041, nll_loss = 3.8160, ref_nll_loss = 3.9923, ivc_loss = 0.0866, neg_loss_1 = 0.0174, neg_loss_2 = 0.0084, ref_loss = 0.0237, div_loss = 0.0074, 0.607 seconds/batch
2026-04-17 18:47:31,958 - Epoch 15, Batch 650, lr = 0.00006, final_loss = 3.8704, nll_loss = 3.7800, ref_nll_loss = 3.9607, ivc_loss = 0.0861, neg_loss_1 = 0.0144, neg_loss_2 = 0.0092, ref_loss = 0.0236, div_loss = 0.0078, 0.613 seconds/batch
2026-04-17 18:48:06,139 - Epoch 15, Batch 700, lr = 0.00006, final_loss = 3.8876, nll_loss = 3.7956, ref_nll_loss = 3.9796, ivc_loss = 0.0844, neg_loss_1 = 0.0131, neg_loss_2 = 0.0110, ref_loss = 0.0232, div_loss = 0.0074, 0.618 seconds/batch
2026-04-17 18:48:40,120 - Epoch 15, Batch 750, lr = 0.00006, final_loss = 3.8777, nll_loss = 3.7866, ref_nll_loss = 3.9687, ivc_loss = 0.0815, neg_loss_1 = 0.0116, neg_loss_2 = 0.0102, ref_loss = 0.0236, div_loss = 0.0072, 0.622 seconds/batch
2026-04-17 18:49:13,942 - Epoch 15, Batch 800, lr = 0.00006, final_loss = 3.8774, nll_loss = 3.7866, ref_nll_loss = 3.9682, ivc_loss = 0.0853, neg_loss_1 = 0.0158, neg_loss_2 = 0.0098, ref_loss = 0.0228, div_loss = 0.0074, 0.625 seconds/batch
2026-04-17 18:49:47,847 - Epoch 15, Batch 850, lr = 0.00006, final_loss = 3.8777, nll_loss = 3.7873, ref_nll_loss = 3.9680, ivc_loss = 0.0846, neg_loss_1 = 0.0131, neg_loss_2 = 0.0116, ref_loss = 0.0225, div_loss = 0.0075, 0.628 seconds/batch
2026-04-17 18:50:21,761 - Epoch 15, Batch 900, lr = 0.00006, final_loss = 3.8641, nll_loss = 3.7743, ref_nll_loss = 3.9539, ivc_loss = 0.0858, neg_loss_1 = 0.0144, neg_loss_2 = 0.0086, ref_loss = 0.0239, div_loss = 0.0078, 0.631 seconds/batch
2026-04-17 18:50:55,639 - Epoch 15, Batch 950, lr = 0.00006, final_loss = 3.8967, nll_loss = 3.8033, ref_nll_loss = 3.9900, ivc_loss = 0.0811, neg_loss_1 = 0.0134, neg_loss_2 = 0.0089, ref_loss = 0.0217, div_loss = 0.0074, 0.634 seconds/batch
2026-04-17 18:51:29,675 - Epoch 15, Batch 1000, lr = 0.00006, final_loss = 3.8821, nll_loss = 3.7898, ref_nll_loss = 3.9745, ivc_loss = 0.0882, neg_loss_1 = 0.0164, neg_loss_2 = 0.0107, ref_loss = 0.0236, div_loss = 0.0075, 0.636 seconds/batch
2026-04-17 18:52:03,770 - Epoch 15, Batch 1050, lr = 0.00006, final_loss = 3.9137, nll_loss = 3.8253, ref_nll_loss = 4.0021, ivc_loss = 0.0914, neg_loss_1 = 0.0144, neg_loss_2 = 0.0106, ref_loss = 0.0271, div_loss = 0.0078, 0.638 seconds/batch
2026-04-17 18:52:39,121 - Epoch 15, Batch 1100, lr = 0.00006, final_loss = 3.8428, nll_loss = 3.7520, ref_nll_loss = 3.9337, ivc_loss = 0.0857, neg_loss_1 = 0.0162, neg_loss_2 = 0.0082, ref_loss = 0.0226, div_loss = 0.0077, 0.641 seconds/batch
2026-04-17 18:53:18,690 - Epoch 15, Batch 1150, lr = 0.00006, final_loss = 3.9045, nll_loss = 3.8124, ref_nll_loss = 3.9965, ivc_loss = 0.0819, neg_loss_1 = 0.0113, neg_loss_2 = 0.0091, ref_loss = 0.0226, div_loss = 0.0078, 0.648 seconds/batch
2026-04-17 18:53:34,428 - Epoch 15, Batch 1170, lr = 0.00006, final_loss = 3.8297, nll_loss = 3.7373, ref_nll_loss = 3.9222, ivc_loss = 0.0829, neg_loss_1 = 0.0118, neg_loss_2 = 0.0101, ref_loss = 0.0224, div_loss = 0.0077, 0.650 seconds/batch
2026-04-17 18:53:34,497 - save model to checkpoints/activitynet_moe/cpl_moe/model-15.pt, num_updates 17550.
2026-04-17 18:59:09,270 - | R@1,mIoU 0.3129 | R@1,IoU@0.1 0.7274 | R@1,IoU@0.3 0.5262 | R@1,IoU@0.5 0.2300 | R@1,IoU@0.7 0.0782 | R@1,IoU@0.9 0.0110 | R@5,mIoU 0.5264 | R@5,IoU@0.1 0.9207 | R@5,IoU@0.3 0.7884 | R@5,IoU@0.5 0.5414 | R@5,IoU@0.7 0.3175 | R@5,IoU@0.9 0.0750 |
2026-04-17 18:59:09,350 - Best results have been updated.
2026-04-17 18:59:09,351 - ============================================================
2026-04-17 18:59:09,351 - Start Epoch 16
2026-04-17 18:59:37,072 - Epoch 16, Batch 50, lr = 0.00006, final_loss = 3.8793, nll_loss = 3.7901, ref_nll_loss = 3.9686, ivc_loss = 0.0907, neg_loss_1 = 0.0156, neg_loss_2 = 0.0106, ref_loss = 0.0254, div_loss = 0.0078, 0.554 seconds/batch
2026-04-17 19:00:04,525 - Epoch 16, Batch 100, lr = 0.00006, final_loss = 3.8574, nll_loss = 3.7618, ref_nll_loss = 3.9530, ivc_loss = 0.0841, neg_loss_1 = 0.0147, neg_loss_2 = 0.0091, ref_loss = 0.0219, div_loss = 0.0077, 0.552 seconds/batch
2026-04-17 19:00:32,241 - Epoch 16, Batch 150, lr = 0.00006, final_loss = 3.8580, nll_loss = 3.7650, ref_nll_loss = 3.9509, ivc_loss = 0.0827, neg_loss_1 = 0.0134, neg_loss_2 = 0.0097, ref_loss = 0.0210, div_loss = 0.0077, 0.553 seconds/batch
2026-04-17 19:00:59,992 - Epoch 16, Batch 200, lr = 0.00006, final_loss = 3.8426, nll_loss = 3.7500, ref_nll_loss = 3.9353, ivc_loss = 0.0869, neg_loss_1 = 0.0154, neg_loss_2 = 0.0104, ref_loss = 0.0228, div_loss = 0.0077, 0.553 seconds/batch
2026-04-17 19:01:27,707 - Epoch 16, Batch 250, lr = 0.00006, final_loss = 3.8841, nll_loss = 3.7940, ref_nll_loss = 3.9743, ivc_loss = 0.0869, neg_loss_1 = 0.0144, neg_loss_2 = 0.0093, ref_loss = 0.0250, div_loss = 0.0076, 0.553 seconds/batch
2026-04-17 19:01:55,255 - Epoch 16, Batch 300, lr = 0.00006, final_loss = 3.8948, nll_loss = 3.8021, ref_nll_loss = 3.9875, ivc_loss = 0.0817, neg_loss_1 = 0.0140, neg_loss_2 = 0.0082, ref_loss = 0.0220, div_loss = 0.0075, 0.553 seconds/batch
2026-04-17 19:02:22,726 - Epoch 16, Batch 350, lr = 0.00006, final_loss = 3.8503, nll_loss = 3.7573, ref_nll_loss = 3.9433, ivc_loss = 0.0879, neg_loss_1 = 0.0162, neg_loss_2 = 0.0104, ref_loss = 0.0221, div_loss = 0.0078, 0.552 seconds/batch
2026-04-17 19:02:50,202 - Epoch 16, Batch 400, lr = 0.00006, final_loss = 3.8328, nll_loss = 3.7377, ref_nll_loss = 3.9279, ivc_loss = 0.0801, neg_loss_1 = 0.0126, neg_loss_2 = 0.0088, ref_loss = 0.0213, div_loss = 0.0075, 0.552 seconds/batch
2026-04-17 19:03:18,171 - Epoch 16, Batch 450, lr = 0.00006, final_loss = 3.8650, nll_loss = 3.7735, ref_nll_loss = 3.9566, ivc_loss = 0.0840, neg_loss_1 = 0.0170, neg_loss_2 = 0.0087, ref_loss = 0.0222, div_loss = 0.0072, 0.553 seconds/batch
2026-04-17 19:03:52,342 - Epoch 16, Batch 500, lr = 0.00006, final_loss = 3.8448, nll_loss = 3.7492, ref_nll_loss = 3.9403, ivc_loss = 0.0825, neg_loss_1 = 0.0137, neg_loss_2 = 0.0093, ref_loss = 0.0215, div_loss = 0.0076, 0.566 seconds/batch
2026-04-17 19:04:32,221 - Epoch 16, Batch 550, lr = 0.00006, final_loss = 3.8822, nll_loss = 3.7875, ref_nll_loss = 3.9769, ivc_loss = 0.0862, neg_loss_1 = 0.0171, neg_loss_2 = 0.0095, ref_loss = 0.0218, div_loss = 0.0076, 0.587 seconds/batch
2026-04-17 19:05:08,571 - Epoch 16, Batch 600, lr = 0.00006, final_loss = 3.8710, nll_loss = 3.7798, ref_nll_loss = 3.9622, ivc_loss = 0.0877, neg_loss_1 = 0.0151, neg_loss_2 = 0.0107, ref_loss = 0.0237, div_loss = 0.0077, 0.599 seconds/batch
2026-04-17 19:05:42,746 - Epoch 16, Batch 650, lr = 0.00006, final_loss = 3.8929, nll_loss = 3.8045, ref_nll_loss = 3.9814, ivc_loss = 0.0854, neg_loss_1 = 0.0134, neg_loss_2 = 0.0093, ref_loss = 0.0240, div_loss = 0.0077, 0.605 seconds/batch
2026-04-17 19:06:16,854 - Epoch 16, Batch 700, lr = 0.00006, final_loss = 3.8508, nll_loss = 3.7592, ref_nll_loss = 3.9425, ivc_loss = 0.0869, neg_loss_1 = 0.0148, neg_loss_2 = 0.0095, ref_loss = 0.0239, div_loss = 0.0078, 0.611 seconds/batch
2026-04-17 19:06:51,222 - Epoch 16, Batch 750, lr = 0.00006, final_loss = 3.8384, nll_loss = 3.7466, ref_nll_loss = 3.9302, ivc_loss = 0.0856, neg_loss_1 = 0.0149, neg_loss_2 = 0.0100, ref_loss = 0.0230, div_loss = 0.0076, 0.616 seconds/batch
2026-04-17 19:07:25,059 - Epoch 16, Batch 800, lr = 0.00006, final_loss = 3.8686, nll_loss = 3.7738, ref_nll_loss = 3.9634, ivc_loss = 0.0856, neg_loss_1 = 0.0143, neg_loss_2 = 0.0098, ref_loss = 0.0228, div_loss = 0.0077, 0.620 seconds/batch
2026-04-17 19:07:59,106 - Epoch 16, Batch 850, lr = 0.00006, final_loss = 3.8507, nll_loss = 3.7579, ref_nll_loss = 3.9436, ivc_loss = 0.0859, neg_loss_1 = 0.0127, neg_loss_2 = 0.0113, ref_loss = 0.0216, div_loss = 0.0081, 0.623 seconds/batch
2026-04-17 19:08:33,169 - Epoch 16, Batch 900, lr = 0.00006, final_loss = 3.8608, nll_loss = 3.7656, ref_nll_loss = 3.9559, ivc_loss = 0.0849, neg_loss_1 = 0.0132, neg_loss_2 = 0.0099, ref_loss = 0.0216, div_loss = 0.0080, 0.626 seconds/batch
2026-04-17 19:09:07,165 - Epoch 16, Batch 950, lr = 0.00006, final_loss = 3.8793, nll_loss = 3.7911, ref_nll_loss = 3.9675, ivc_loss = 0.0855, neg_loss_1 = 0.0140, neg_loss_2 = 0.0071, ref_loss = 0.0251, div_loss = 0.0079, 0.629 seconds/batch
2026-04-17 19:09:40,748 - Epoch 16, Batch 1000, lr = 0.00006, final_loss = 3.8853, nll_loss = 3.7959, ref_nll_loss = 3.9748, ivc_loss = 0.0861, neg_loss_1 = 0.0124, neg_loss_2 = 0.0083, ref_loss = 0.0246, div_loss = 0.0082, 0.631 seconds/batch
2026-04-17 19:10:14,766 - Epoch 16, Batch 1050, lr = 0.00006, final_loss = 3.8728, nll_loss = 3.7786, ref_nll_loss = 3.9670, ivc_loss = 0.0801, neg_loss_1 = 0.0105, neg_loss_2 = 0.0085, ref_loss = 0.0220, div_loss = 0.0078, 0.634 seconds/batch
2026-04-17 19:10:51,639 - Epoch 16, Batch 1100, lr = 0.00006, final_loss = 3.8556, nll_loss = 3.7638, ref_nll_loss = 3.9475, ivc_loss = 0.0871, neg_loss_1 = 0.0137, neg_loss_2 = 0.0107, ref_loss = 0.0232, div_loss = 0.0079, 0.638 seconds/batch
2026-04-17 19:11:31,222 - Epoch 16, Batch 1150, lr = 0.00006, final_loss = 3.8660, nll_loss = 3.7719, ref_nll_loss = 3.9600, ivc_loss = 0.0825, neg_loss_1 = 0.0117, neg_loss_2 = 0.0088, ref_loss = 0.0215, div_loss = 0.0081, 0.645 seconds/batch
2026-04-17 19:11:47,009 - Epoch 16, Batch 1170, lr = 0.00006, final_loss = 3.8170, nll_loss = 3.7270, ref_nll_loss = 3.9070, ivc_loss = 0.0873, neg_loss_1 = 0.0145, neg_loss_2 = 0.0089, ref_loss = 0.0249, div_loss = 0.0078, 0.648 seconds/batch
2026-04-17 19:11:47,073 - save model to checkpoints/activitynet_moe/cpl_moe/model-16.pt, num_updates 18720.
2026-04-17 19:17:25,027 - | R@1,mIoU 0.3094 | R@1,IoU@0.1 0.7148 | R@1,IoU@0.3 0.5279 | R@1,IoU@0.5 0.2281 | R@1,IoU@0.7 0.0689 | R@1,IoU@0.9 0.0069 | R@5,mIoU 0.5311 | R@5,IoU@0.1 0.9236 | R@5,IoU@0.3 0.7921 | R@5,IoU@0.5 0.5462 | R@5,IoU@0.7 0.3216 | R@5,IoU@0.9 0.0762 |
2026-04-17 19:17:25,027 - ============================================================
2026-04-17 19:17:25,027 - Start Epoch 17
2026-04-17 19:17:53,122 - Epoch 17, Batch 50, lr = 0.00006, final_loss = 3.8375, nll_loss = 3.7456, ref_nll_loss = 3.9294, ivc_loss = 0.0876, neg_loss_1 = 0.0153, neg_loss_2 = 0.0098, ref_loss = 0.0239, div_loss = 0.0077, 0.562 seconds/batch
2026-04-17 19:18:20,632 - Epoch 17, Batch 100, lr = 0.00006, final_loss = 3.8774, nll_loss = 3.7834, ref_nll_loss = 3.9713, ivc_loss = 0.0878, neg_loss_1 = 0.0165, neg_loss_2 = 0.0106, ref_loss = 0.0231, div_loss = 0.0075, 0.556 seconds/batch
2026-04-17 19:18:48,313 - Epoch 17, Batch 150, lr = 0.00006, final_loss = 3.8109, nll_loss = 3.7200, ref_nll_loss = 3.9018, ivc_loss = 0.0850, neg_loss_1 = 0.0145, neg_loss_2 = 0.0086, ref_loss = 0.0225, div_loss = 0.0079, 0.555 seconds/batch
2026-04-17 19:19:15,982 - Epoch 17, Batch 200, lr = 0.00006, final_loss = 3.8619, nll_loss = 3.7725, ref_nll_loss = 3.9514, ivc_loss = 0.0910, neg_loss_1 = 0.0159, neg_loss_2 = 0.0106, ref_loss = 0.0244, div_loss = 0.0080, 0.555 seconds/batch
2026-04-17 19:19:43,515 - Epoch 17, Batch 250, lr = 0.00006, final_loss = 3.8374, nll_loss = 3.7419, ref_nll_loss = 3.9329, ivc_loss = 0.0856, neg_loss_1 = 0.0149, neg_loss_2 = 0.0088, ref_loss = 0.0224, div_loss = 0.0079, 0.554 seconds/batch
2026-04-17 19:20:10,911 - Epoch 17, Batch 300, lr = 0.00006, final_loss = 3.8656, nll_loss = 3.7733, ref_nll_loss = 3.9579, ivc_loss = 0.0852, neg_loss_1 = 0.0147, neg_loss_2 = 0.0079, ref_loss = 0.0233, div_loss = 0.0079, 0.553 seconds/batch
2026-04-17 19:20:38,209 - Epoch 17, Batch 350, lr = 0.00006, final_loss = 3.8624, nll_loss = 3.7670, ref_nll_loss = 3.9578, ivc_loss = 0.0866, neg_loss_1 = 0.0169, neg_loss_2 = 0.0090, ref_loss = 0.0225, div_loss = 0.0076, 0.552 seconds/batch
2026-04-17 19:21:05,817 - Epoch 17, Batch 400, lr = 0.00006, final_loss = 3.8780, nll_loss = 3.7861, ref_nll_loss = 3.9698, ivc_loss = 0.0871, neg_loss_1 = 0.0142, neg_loss_2 = 0.0105, ref_loss = 0.0248, div_loss = 0.0075, 0.552 seconds/batch
2026-04-17 19:21:33,389 - Epoch 17, Batch 450, lr = 0.00006, final_loss = 3.8345, nll_loss = 3.7439, ref_nll_loss = 3.9252, ivc_loss = 0.0888, neg_loss_1 = 0.0164, neg_loss_2 = 0.0099, ref_loss = 0.0234, div_loss = 0.0078, 0.552 seconds/batch
2026-04-17 19:22:05,653 - Epoch 17, Batch 500, lr = 0.00006, final_loss = 3.8345, nll_loss = 3.7397, ref_nll_loss = 3.9293, ivc_loss = 0.0866, neg_loss_1 = 0.0188, neg_loss_2 = 0.0091, ref_loss = 0.0207, div_loss = 0.0076, 0.561 seconds/batch
2026-04-17 19:22:43,987 - Epoch 17, Batch 550, lr = 0.00006, final_loss = 3.8716, nll_loss = 3.7759, ref_nll_loss = 3.9672, ivc_loss = 0.0820, neg_loss_1 = 0.0128, neg_loss_2 = 0.0089, ref_loss = 0.0221, div_loss = 0.0077, 0.580 seconds/batch
2026-04-17 19:23:19,485 - Epoch 17, Batch 600, lr = 0.00006, final_loss = 3.8362, nll_loss = 3.7402, ref_nll_loss = 3.9323, ivc_loss = 0.0823, neg_loss_1 = 0.0132, neg_loss_2 = 0.0081, ref_loss = 0.0218, div_loss = 0.0078, 0.591 seconds/batch
2026-04-17 19:23:53,618 - Epoch 17, Batch 650, lr = 0.00006, final_loss = 3.8022, nll_loss = 3.7093, ref_nll_loss = 3.8951, ivc_loss = 0.0864, neg_loss_1 = 0.0136, neg_loss_2 = 0.0101, ref_loss = 0.0237, div_loss = 0.0078, 0.598 seconds/batch
2026-04-17 19:24:27,831 - Epoch 17, Batch 700, lr = 0.00006, final_loss = 3.8346, nll_loss = 3.7412, ref_nll_loss = 3.9281, ivc_loss = 0.0885, neg_loss_1 = 0.0150, neg_loss_2 = 0.0117, ref_loss = 0.0227, div_loss = 0.0078, 0.604 seconds/batch
2026-04-17 19:25:01,968 - Epoch 17, Batch 750, lr = 0.00006, final_loss = 3.8382, nll_loss = 3.7423, ref_nll_loss = 3.9342, ivc_loss = 0.0866, neg_loss_1 = 0.0170, neg_loss_2 = 0.0083, ref_loss = 0.0230, div_loss = 0.0077, 0.609 seconds/batch
2026-04-17 19:25:36,005 - Epoch 17, Batch 800, lr = 0.00006, final_loss = 3.8377, nll_loss = 3.7445, ref_nll_loss = 3.9309, ivc_loss = 0.0849, neg_loss_1 = 0.0143, neg_loss_2 = 0.0091, ref_loss = 0.0220, div_loss = 0.0079, 0.614 seconds/batch
2026-04-17 19:26:09,965 - Epoch 17, Batch 850, lr = 0.00006, final_loss = 3.8527, nll_loss = 3.7572, ref_nll_loss = 3.9483, ivc_loss = 0.0862, neg_loss_1 = 0.0147, neg_loss_2 = 0.0102, ref_loss = 0.0218, div_loss = 0.0079, 0.618 seconds/batch
2026-04-17 19:26:43,982 - Epoch 17, Batch 900, lr = 0.00006, final_loss = 3.8720, nll_loss = 3.7803, ref_nll_loss = 3.9637, ivc_loss = 0.0910, neg_loss_1 = 0.0163, neg_loss_2 = 0.0095, ref_loss = 0.0246, div_loss = 0.0081, 0.621 seconds/batch
2026-04-17 19:27:17,681 - Epoch 17, Batch 950, lr = 0.00006, final_loss = 3.8668, nll_loss = 3.7732, ref_nll_loss = 3.9604, ivc_loss = 0.0903, neg_loss_1 = 0.0147, neg_loss_2 = 0.0126, ref_loss = 0.0239, div_loss = 0.0078, 0.624 seconds/batch
2026-04-17 19:27:51,478 - Epoch 17, Batch 1000, lr = 0.00006, final_loss = 3.8690, nll_loss = 3.7752, ref_nll_loss = 3.9628, ivc_loss = 0.0908, neg_loss_1 = 0.0171, neg_loss_2 = 0.0095, ref_loss = 0.0232, div_loss = 0.0082, 0.626 seconds/batch
2026-04-17 19:28:25,277 - Epoch 17, Batch 1050, lr = 0.00006, final_loss = 3.8113, nll_loss = 3.7189, ref_nll_loss = 3.9036, ivc_loss = 0.0896, neg_loss_1 = 0.0142, neg_loss_2 = 0.0090, ref_loss = 0.0245, div_loss = 0.0084, 0.629 seconds/batch
2026-04-17 19:29:03,124 - Epoch 17, Batch 1100, lr = 0.00006, final_loss = 3.8333, nll_loss = 3.7364, ref_nll_loss = 3.9302, ivc_loss = 0.0848, neg_loss_1 = 0.0134, neg_loss_2 = 0.0089, ref_loss = 0.0212, div_loss = 0.0082, 0.635 seconds/batch
2026-04-17 19:29:43,221 - Epoch 17, Batch 1150, lr = 0.00006, final_loss = 3.8608, nll_loss = 3.7659, ref_nll_loss = 3.9557, ivc_loss = 0.0892, neg_loss_1 = 0.0158, neg_loss_2 = 0.0107, ref_loss = 0.0232, div_loss = 0.0079, 0.642 seconds/batch
2026-04-17 19:29:59,077 - Epoch 17, Batch 1170, lr = 0.00006, final_loss = 3.8342, nll_loss = 3.7341, ref_nll_loss = 3.9343, ivc_loss = 0.0831, neg_loss_1 = 0.0135, neg_loss_2 = 0.0108, ref_loss = 0.0204, div_loss = 0.0077, 0.644 seconds/batch
2026-04-17 19:29:59,145 - save model to checkpoints/activitynet_moe/cpl_moe/model-17.pt, num_updates 19890.
2026-04-17 19:35:40,863 - | R@1,mIoU 0.3162 | R@1,IoU@0.1 0.7224 | R@1,IoU@0.3 0.5384 | R@1,IoU@0.5 0.2386 | R@1,IoU@0.7 0.0762 | R@1,IoU@0.9 0.0086 | R@5,mIoU 0.5279 | R@5,IoU@0.1 0.9233 | R@5,IoU@0.3 0.7866 | R@5,IoU@0.5 0.5441 | R@5,IoU@0.7 0.3182 | R@5,IoU@0.9 0.0736 |
2026-04-17 19:35:40,938 - Best results have been updated.
2026-04-17 19:35:40,938 - ============================================================
2026-04-17 19:35:40,938 - Start Epoch 18
2026-04-17 19:36:08,661 - Epoch 18, Batch 50, lr = 0.00006, final_loss = 3.8344, nll_loss = 3.7422, ref_nll_loss = 3.9265, ivc_loss = 0.0875, neg_loss_1 = 0.0166, neg_loss_2 = 0.0092, ref_loss = 0.0222, div_loss = 0.0079, 0.554 seconds/batch
2026-04-17 19:36:35,938 - Epoch 18, Batch 100, lr = 0.00006, final_loss = 3.8282, nll_loss = 3.7388, ref_nll_loss = 3.9176, ivc_loss = 0.0894, neg_loss_1 = 0.0153, neg_loss_2 = 0.0106, ref_loss = 0.0235, div_loss = 0.0080, 0.550 seconds/batch
2026-04-17 19:37:03,494 - Epoch 18, Batch 150, lr = 0.00006, final_loss = 3.8115, nll_loss = 3.7155, ref_nll_loss = 3.9075, ivc_loss = 0.0901, neg_loss_1 = 0.0148, neg_loss_2 = 0.0099, ref_loss = 0.0219, div_loss = 0.0087, 0.550 seconds/batch
2026-04-17 19:37:30,836 - Epoch 18, Batch 200, lr = 0.00006, final_loss = 3.8192, nll_loss = 3.7262, ref_nll_loss = 3.9121, ivc_loss = 0.0879, neg_loss_1 = 0.0137, neg_loss_2 = 0.0116, ref_loss = 0.0226, div_loss = 0.0080, 0.549 seconds/batch
2026-04-17 19:37:58,592 - Epoch 18, Batch 250, lr = 0.00006, final_loss = 3.8356, nll_loss = 3.7416, ref_nll_loss = 3.9296, ivc_loss = 0.0907, neg_loss_1 = 0.0183, neg_loss_2 = 0.0112, ref_loss = 0.0241, div_loss = 0.0074, 0.551 seconds/batch
2026-04-17 19:38:26,133 - Epoch 18, Batch 300, lr = 0.00006, final_loss = 3.8192, nll_loss = 3.7275, ref_nll_loss = 3.9110, ivc_loss = 0.0852, neg_loss_1 = 0.0131, neg_loss_2 = 0.0095, ref_loss = 0.0230, div_loss = 0.0079, 0.551 seconds/batch
2026-04-17 19:38:53,784 - Epoch 18, Batch 350, lr = 0.00006, final_loss = 3.8379, nll_loss = 3.7423, ref_nll_loss = 3.9334, ivc_loss = 0.0863, neg_loss_1 = 0.0151, neg_loss_2 = 0.0101, ref_loss = 0.0212, div_loss = 0.0080, 0.551 seconds/batch
2026-04-17 19:39:21,375 - Epoch 18, Batch 400, lr = 0.00006, final_loss = 3.8071, nll_loss = 3.7092, ref_nll_loss = 3.9050, ivc_loss = 0.0829, neg_loss_1 = 0.0159, neg_loss_2 = 0.0073, ref_loss = 0.0209, div_loss = 0.0078, 0.551 seconds/batch
2026-04-17 19:39:48,955 - Epoch 18, Batch 450, lr = 0.00006, final_loss = 3.8519, nll_loss = 3.7580, ref_nll_loss = 3.9459, ivc_loss = 0.0836, neg_loss_1 = 0.0131, neg_loss_2 = 0.0087, ref_loss = 0.0233, div_loss = 0.0077, 0.551 seconds/batch
2026-04-17 19:40:19,014 - Epoch 18, Batch 500, lr = 0.00006, final_loss = 3.8323, nll_loss = 3.7380, ref_nll_loss = 3.9267, ivc_loss = 0.0855, neg_loss_1 = 0.0145, neg_loss_2 = 0.0094, ref_loss = 0.0229, div_loss = 0.0077, 0.556 seconds/batch
2026-04-17 19:40:55,188 - Epoch 18, Batch 550, lr = 0.00006, final_loss = 3.8205, nll_loss = 3.7266, ref_nll_loss = 3.9144, ivc_loss = 0.0873, neg_loss_1 = 0.0142, neg_loss_2 = 0.0100, ref_loss = 0.0235, div_loss = 0.0079, 0.571 seconds/batch
2026-04-17 19:41:29,293 - Epoch 18, Batch 600, lr = 0.00006, final_loss = 3.8331, nll_loss = 3.7378, ref_nll_loss = 3.9284, ivc_loss = 0.0833, neg_loss_1 = 0.0132, neg_loss_2 = 0.0102, ref_loss = 0.0215, div_loss = 0.0077, 0.581 seconds/batch
2026-04-17 19:42:03,236 - Epoch 18, Batch 650, lr = 0.00006, final_loss = 3.8312, nll_loss = 3.7347, ref_nll_loss = 3.9276, ivc_loss = 0.0889, neg_loss_1 = 0.0167, neg_loss_2 = 0.0116, ref_loss = 0.0207, div_loss = 0.0080, 0.588 seconds/batch
2026-04-17 19:42:37,324 - Epoch 18, Batch 700, lr = 0.00006, final_loss = 3.8329, nll_loss = 3.7363, ref_nll_loss = 3.9296, ivc_loss = 0.0829, neg_loss_1 = 0.0120, neg_loss_2 = 0.0093, ref_loss = 0.0215, div_loss = 0.0080, 0.595 seconds/batch
2026-04-17 19:43:11,594 - Epoch 18, Batch 750, lr = 0.00006, final_loss = 3.8483, nll_loss = 3.7562, ref_nll_loss = 3.9403, ivc_loss = 0.0887, neg_loss_1 = 0.0151, neg_loss_2 = 0.0105, ref_loss = 0.0240, div_loss = 0.0078, 0.601 seconds/batch
2026-04-17 19:43:45,173 - Epoch 18, Batch 800, lr = 0.00006, final_loss = 3.8521, nll_loss = 3.7578, ref_nll_loss = 3.9465, ivc_loss = 0.0863, neg_loss_1 = 0.0145, neg_loss_2 = 0.0115, ref_loss = 0.0226, div_loss = 0.0075, 0.605 seconds/batch
2026-04-17 19:44:19,370 - Epoch 18, Batch 850, lr = 0.00006, final_loss = 3.8448, nll_loss = 3.7526, ref_nll_loss = 3.9371, ivc_loss = 0.0887, neg_loss_1 = 0.0142, neg_loss_2 = 0.0114, ref_loss = 0.0242, div_loss = 0.0078, 0.610 seconds/batch
2026-04-17 19:44:53,493 - Epoch 18, Batch 900, lr = 0.00006, final_loss = 3.8639, nll_loss = 3.7714, ref_nll_loss = 3.9564, ivc_loss = 0.0884, neg_loss_1 = 0.0154, neg_loss_2 = 0.0072, ref_loss = 0.0255, div_loss = 0.0080, 0.614 seconds/batch
2026-04-17 19:45:27,172 - Epoch 18, Batch 950, lr = 0.00006, final_loss = 3.8060, nll_loss = 3.7107, ref_nll_loss = 3.9013, ivc_loss = 0.0876, neg_loss_1 = 0.0145, neg_loss_2 = 0.0088, ref_loss = 0.0219, div_loss = 0.0085, 0.617 seconds/batch
2026-04-17 19:46:01,237 - Epoch 18, Batch 1000, lr = 0.00006, final_loss = 3.8533, nll_loss = 3.7570, ref_nll_loss = 3.9497, ivc_loss = 0.0861, neg_loss_1 = 0.0143, neg_loss_2 = 0.0105, ref_loss = 0.0201, div_loss = 0.0082, 0.620 seconds/batch
2026-04-17 19:46:35,331 - Epoch 18, Batch 1050, lr = 0.00006, final_loss = 3.8089, nll_loss = 3.7162, ref_nll_loss = 3.9016, ivc_loss = 0.0841, neg_loss_1 = 0.0140, neg_loss_2 = 0.0083, ref_loss = 0.0221, div_loss = 0.0080, 0.623 seconds/batch
2026-04-17 19:47:14,791 - Epoch 18, Batch 1100, lr = 0.00006, final_loss = 3.8380, nll_loss = 3.7439, ref_nll_loss = 3.9321, ivc_loss = 0.0829, neg_loss_1 = 0.0157, neg_loss_2 = 0.0069, ref_loss = 0.0225, div_loss = 0.0076, 0.631 seconds/batch
2026-04-17 19:47:54,866 - Epoch 18, Batch 1150, lr = 0.00006, final_loss = 3.8562, nll_loss = 3.7628, ref_nll_loss = 3.9496, ivc_loss = 0.0855, neg_loss_1 = 0.0160, neg_loss_2 = 0.0099, ref_loss = 0.0222, div_loss = 0.0075, 0.638 seconds/batch
2026-04-17 19:48:10,422 - Epoch 18, Batch 1170, lr = 0.00006, final_loss = 3.8236, nll_loss = 3.7285, ref_nll_loss = 3.9186, ivc_loss = 0.0827, neg_loss_1 = 0.0132, neg_loss_2 = 0.0112, ref_loss = 0.0211, div_loss = 0.0074, 0.641 seconds/batch
2026-04-17 19:48:10,492 - save model to checkpoints/activitynet_moe/cpl_moe/model-18.pt, num_updates 21060.
2026-04-17 19:53:55,096 - | R@1,mIoU 0.3185 | R@1,IoU@0.1 0.7181 | R@1,IoU@0.3 0.5384 | R@1,IoU@0.5 0.2448 | R@1,IoU@0.7 0.0817 | R@1,IoU@0.9 0.0110 | R@5,mIoU 0.5274 | R@5,IoU@0.1 0.9212 | R@5,IoU@0.3 0.7870 | R@5,IoU@0.5 0.5417 | R@5,IoU@0.7 0.3173 | R@5,IoU@0.9 0.0756 |
2026-04-17 19:53:55,174 - Best results have been updated.
2026-04-17 19:53:55,175 - ============================================================
2026-04-17 19:53:55,175 - Start Epoch 19
2026-04-17 19:54:24,616 - Epoch 19, Batch 50, lr = 0.00006, final_loss = 3.8231, nll_loss = 3.7234, ref_nll_loss = 3.9228, ivc_loss = 0.0866, neg_loss_1 = 0.0163, neg_loss_2 = 0.0105, ref_loss = 0.0205, div_loss = 0.0079, 0.589 seconds/batch
2026-04-17 19:54:52,165 - Epoch 19, Batch 100, lr = 0.00005, final_loss = 3.8113, nll_loss = 3.7154, ref_nll_loss = 3.9073, ivc_loss = 0.0871, neg_loss_1 = 0.0159, neg_loss_2 = 0.0112, ref_loss = 0.0209, div_loss = 0.0078, 0.570 seconds/batch
2026-04-17 19:55:19,822 - Epoch 19, Batch 150, lr = 0.00005, final_loss = 3.8204, nll_loss = 3.7247, ref_nll_loss = 3.9162, ivc_loss = 0.0856, neg_loss_1 = 0.0142, neg_loss_2 = 0.0103, ref_loss = 0.0221, div_loss = 0.0078, 0.564 seconds/batch
2026-04-17 19:55:47,282 - Epoch 19, Batch 200, lr = 0.00005, final_loss = 3.8006, nll_loss = 3.7060, ref_nll_loss = 3.8952, ivc_loss = 0.0894, neg_loss_1 = 0.0154, neg_loss_2 = 0.0102, ref_loss = 0.0238, div_loss = 0.0080, 0.561 seconds/batch
2026-04-17 19:56:14,593 - Epoch 19, Batch 250, lr = 0.00005, final_loss = 3.8063, nll_loss = 3.7135, ref_nll_loss = 3.8990, ivc_loss = 0.0841, neg_loss_1 = 0.0135, neg_loss_2 = 0.0104, ref_loss = 0.0216, div_loss = 0.0077, 0.558 seconds/batch
2026-04-17 19:56:42,233 - Epoch 19, Batch 300, lr = 0.00005, final_loss = 3.8067, nll_loss = 3.7101, ref_nll_loss = 3.9033, ivc_loss = 0.0840, neg_loss_1 = 0.0160, neg_loss_2 = 0.0096, ref_loss = 0.0217, div_loss = 0.0073, 0.557 seconds/batch
2026-04-17 19:57:09,816 - Epoch 19, Batch 350, lr = 0.00005, final_loss = 3.8019, nll_loss = 3.7083, ref_nll_loss = 3.8955, ivc_loss = 0.0883, neg_loss_1 = 0.0164, neg_loss_2 = 0.0089, ref_loss = 0.0237, div_loss = 0.0079, 0.556 seconds/batch
2026-04-17 19:57:37,646 - Epoch 19, Batch 400, lr = 0.00005, final_loss = 3.8486, nll_loss = 3.7504, ref_nll_loss = 3.9469, ivc_loss = 0.0855, neg_loss_1 = 0.0133, neg_loss_2 = 0.0101, ref_loss = 0.0202, div_loss = 0.0084, 0.556 seconds/batch
2026-04-17 19:58:04,972 - Epoch 19, Batch 450, lr = 0.00005, final_loss = 3.8159, nll_loss = 3.7191, ref_nll_loss = 3.9128, ivc_loss = 0.0844, neg_loss_1 = 0.0150, neg_loss_2 = 0.0094, ref_loss = 0.0215, div_loss = 0.0077, 0.555 seconds/batch
2026-04-17 19:58:33,095 - Epoch 19, Batch 500, lr = 0.00005, final_loss = 3.8074, nll_loss = 3.7091, ref_nll_loss = 3.9057, ivc_loss = 0.0858, neg_loss_1 = 0.0166, neg_loss_2 = 0.0091, ref_loss = 0.0211, div_loss = 0.0078, 0.556 seconds/batch
2026-04-17 19:59:06,079 - Epoch 19, Batch 550, lr = 0.00005, final_loss = 3.8123, nll_loss = 3.7134, ref_nll_loss = 3.9112, ivc_loss = 0.0866, neg_loss_1 = 0.0142, neg_loss_2 = 0.0104, ref_loss = 0.0210, div_loss = 0.0082, 0.565 seconds/batch
2026-04-17 19:59:39,703 - Epoch 19, Batch 600, lr = 0.00005, final_loss = 3.8295, nll_loss = 3.7358, ref_nll_loss = 3.9231, ivc_loss = 0.0883, neg_loss_1 = 0.0157, neg_loss_2 = 0.0106, ref_loss = 0.0220, div_loss = 0.0080, 0.574 seconds/batch
2026-04-17 20:00:13,664 - Epoch 19, Batch 650, lr = 0.00005, final_loss = 3.8069, nll_loss = 3.7112, ref_nll_loss = 3.9026, ivc_loss = 0.0861, neg_loss_1 = 0.0144, neg_loss_2 = 0.0097, ref_loss = 0.0233, div_loss = 0.0077, 0.582 seconds/batch
2026-04-17 20:00:47,270 - Epoch 19, Batch 700, lr = 0.00005, final_loss = 3.8301, nll_loss = 3.7317, ref_nll_loss = 3.9285, ivc_loss = 0.0868, neg_loss_1 = 0.0159, neg_loss_2 = 0.0101, ref_loss = 0.0222, div_loss = 0.0077, 0.589 seconds/batch
2026-04-17 20:01:21,185 - Epoch 19, Batch 750, lr = 0.00005, final_loss = 3.8066, nll_loss = 3.7096, ref_nll_loss = 3.9037, ivc_loss = 0.0873, neg_loss_1 = 0.0178, neg_loss_2 = 0.0086, ref_loss = 0.0219, div_loss = 0.0078, 0.595 seconds/batch
2026-04-17 20:01:55,473 - Epoch 19, Batch 800, lr = 0.00005, final_loss = 3.8103, nll_loss = 3.7141, ref_nll_loss = 3.9065, ivc_loss = 0.0852, neg_loss_1 = 0.0139, neg_loss_2 = 0.0092, ref_loss = 0.0230, div_loss = 0.0078, 0.600 seconds/batch
2026-04-17 20:02:29,842 - Epoch 19, Batch 850, lr = 0.00005, final_loss = 3.8177, nll_loss = 3.7261, ref_nll_loss = 3.9092, ivc_loss = 0.0862, neg_loss_1 = 0.0141, neg_loss_2 = 0.0085, ref_loss = 0.0252, div_loss = 0.0077, 0.605 seconds/batch
2026-04-17 20:03:03,904 - Epoch 19, Batch 900, lr = 0.00005, final_loss = 3.8167, nll_loss = 3.7252, ref_nll_loss = 3.9082, ivc_loss = 0.0925, neg_loss_1 = 0.0170, neg_loss_2 = 0.0108, ref_loss = 0.0242, div_loss = 0.0081, 0.610 seconds/batch
2026-04-17 20:03:37,789 - Epoch 19, Batch 950, lr = 0.00005, final_loss = 3.8019, nll_loss = 3.7056, ref_nll_loss = 3.8981, ivc_loss = 0.0851, neg_loss_1 = 0.0147, neg_loss_2 = 0.0096, ref_loss = 0.0209, div_loss = 0.0080, 0.613 seconds/batch
2026-04-17 20:04:11,526 - Epoch 19, Batch 1000, lr = 0.00005, final_loss = 3.8533, nll_loss = 3.7580, ref_nll_loss = 3.9486, ivc_loss = 0.0853, neg_loss_1 = 0.0139, neg_loss_2 = 0.0090, ref_loss = 0.0218, div_loss = 0.0081, 0.616 seconds/batch
2026-04-17 20:04:45,829 - Epoch 19, Batch 1050, lr = 0.00005, final_loss = 3.8567, nll_loss = 3.7602, ref_nll_loss = 3.9533, ivc_loss = 0.0863, neg_loss_1 = 0.0140, neg_loss_2 = 0.0103, ref_loss = 0.0230, div_loss = 0.0078, 0.620 seconds/batch
2026-04-17 20:05:25,433 - Epoch 19, Batch 1100, lr = 0.00005, final_loss = 3.8119, nll_loss = 3.7128, ref_nll_loss = 3.9111, ivc_loss = 0.0864, neg_loss_1 = 0.0166, neg_loss_2 = 0.0098, ref_loss = 0.0196, div_loss = 0.0081, 0.628 seconds/batch
2026-04-17 20:06:05,281 - Epoch 19, Batch 1150, lr = 0.00005, final_loss = 3.8228, nll_loss = 3.7262, ref_nll_loss = 3.9194, ivc_loss = 0.0853, neg_loss_1 = 0.0140, neg_loss_2 = 0.0105, ref_loss = 0.0209, div_loss = 0.0080, 0.635 seconds/batch
2026-04-17 20:06:20,553 - Epoch 19, Batch 1170, lr = 0.00005, final_loss = 3.8353, nll_loss = 3.7324, ref_nll_loss = 3.9383, ivc_loss = 0.0853, neg_loss_1 = 0.0159, neg_loss_2 = 0.0112, ref_loss = 0.0186, div_loss = 0.0079, 0.637 seconds/batch
2026-04-17 20:06:20,623 - save model to checkpoints/activitynet_moe/cpl_moe/model-19.pt, num_updates 22230.
2026-04-17 20:12:06,629 - | R@1,mIoU 0.3155 | R@1,IoU@0.1 0.7060 | R@1,IoU@0.3 0.5323 | R@1,IoU@0.5 0.2468 | R@1,IoU@0.7 0.0882 | R@1,IoU@0.9 0.0129 | R@5,mIoU 0.5263 | R@5,IoU@0.1 0.9217 | R@5,IoU@0.3 0.7889 | R@5,IoU@0.5 0.5449 | R@5,IoU@0.7 0.3156 | R@5,IoU@0.9 0.0710 |
2026-04-17 20:12:06,629 - ============================================================
2026-04-17 20:12:06,629 - Start Epoch 20
2026-04-17 20:12:38,402 - Epoch 20, Batch 50, lr = 0.00005, final_loss = 3.7901, nll_loss = 3.6927, ref_nll_loss = 3.8874, ivc_loss = 0.0862, neg_loss_1 = 0.0155, neg_loss_2 = 0.0092, ref_loss = 0.0208, div_loss = 0.0081, 0.635 seconds/batch
2026-04-17 20:13:05,907 - Epoch 20, Batch 100, lr = 0.00005, final_loss = 3.8215, nll_loss = 3.7226, ref_nll_loss = 3.9204, ivc_loss = 0.0845, neg_loss_1 = 0.0130, neg_loss_2 = 0.0099, ref_loss = 0.0201, div_loss = 0.0083, 0.593 seconds/batch
2026-04-17 20:13:33,470 - Epoch 20, Batch 150, lr = 0.00005, final_loss = 3.7882, nll_loss = 3.6902, ref_nll_loss = 3.8862, ivc_loss = 0.0872, neg_loss_1 = 0.0159, neg_loss_2 = 0.0098, ref_loss = 0.0212, div_loss = 0.0081, 0.579 seconds/batch
2026-04-17 20:14:00,762 - Epoch 20, Batch 200, lr = 0.00005, final_loss = 3.7827, nll_loss = 3.6886, ref_nll_loss = 3.8767, ivc_loss = 0.0908, neg_loss_1 = 0.0160, neg_loss_2 = 0.0097, ref_loss = 0.0239, div_loss = 0.0083, 0.571 seconds/batch
2026-04-17 20:14:28,157 - Epoch 20, Batch 250, lr = 0.00005, final_loss = 3.7911, nll_loss = 3.6947, ref_nll_loss = 3.8875, ivc_loss = 0.0898, neg_loss_1 = 0.0147, neg_loss_2 = 0.0106, ref_loss = 0.0237, div_loss = 0.0082, 0.566 seconds/batch
2026-04-17 20:14:55,611 - Epoch 20, Batch 300, lr = 0.00005, final_loss = 3.8121, nll_loss = 3.7139, ref_nll_loss = 3.9103, ivc_loss = 0.0877, neg_loss_1 = 0.0137, neg_loss_2 = 0.0122, ref_loss = 0.0209, div_loss = 0.0082, 0.563 seconds/batch
2026-04-17 20:15:23,238 - Epoch 20, Batch 350, lr = 0.00005, final_loss = 3.8193, nll_loss = 3.7233, ref_nll_loss = 3.9153, ivc_loss = 0.0875, neg_loss_1 = 0.0148, neg_loss_2 = 0.0096, ref_loss = 0.0220, div_loss = 0.0082, 0.562 seconds/batch
2026-04-17 20:15:50,587 - Epoch 20, Batch 400, lr = 0.00005, final_loss = 3.8132, nll_loss = 3.7153, ref_nll_loss = 3.9110, ivc_loss = 0.0873, neg_loss_1 = 0.0130, neg_loss_2 = 0.0085, ref_loss = 0.0223, div_loss = 0.0087, 0.560 seconds/batch
2026-04-17 20:16:18,209 - Epoch 20, Batch 450, lr = 0.00005, final_loss = 3.8062, nll_loss = 3.7103, ref_nll_loss = 3.9022, ivc_loss = 0.0888, neg_loss_1 = 0.0158, neg_loss_2 = 0.0104, ref_loss = 0.0206, div_loss = 0.0084, 0.559 seconds/batch
2026-04-17 20:16:45,653 - Epoch 20, Batch 500, lr = 0.00005, final_loss = 3.8036, nll_loss = 3.7086, ref_nll_loss = 3.8987, ivc_loss = 0.0873, neg_loss_1 = 0.0148, neg_loss_2 = 0.0098, ref_loss = 0.0227, div_loss = 0.0080, 0.558 seconds/batch
2026-04-17 20:17:16,210 - Epoch 20, Batch 550, lr = 0.00005, final_loss = 3.8307, nll_loss = 3.7315, ref_nll_loss = 3.9298, ivc_loss = 0.0805, neg_loss_1 = 0.0126, neg_loss_2 = 0.0084, ref_loss = 0.0196, div_loss = 0.0080, 0.563 seconds/batch
2026-04-17 20:17:48,310 - Epoch 20, Batch 600, lr = 0.00005, final_loss = 3.8054, nll_loss = 3.7067, ref_nll_loss = 3.9040, ivc_loss = 0.0823, neg_loss_1 = 0.0124, neg_loss_2 = 0.0095, ref_loss = 0.0194, div_loss = 0.0082, 0.569 seconds/batch
2026-04-17 20:18:22,264 - Epoch 20, Batch 650, lr = 0.00005, final_loss = 3.8229, nll_loss = 3.7253, ref_nll_loss = 3.9206, ivc_loss = 0.0894, neg_loss_1 = 0.0163, neg_loss_2 = 0.0093, ref_loss = 0.0223, div_loss = 0.0083, 0.578 seconds/batch
2026-04-17 20:18:56,420 - Epoch 20, Batch 700, lr = 0.00005, final_loss = 3.8062, nll_loss = 3.7082, ref_nll_loss = 3.9041, ivc_loss = 0.0884, neg_loss_1 = 0.0149, neg_loss_2 = 0.0095, ref_loss = 0.0228, div_loss = 0.0082, 0.585 seconds/batch
2026-04-17 20:19:30,022 - Epoch 20, Batch 750, lr = 0.00005, final_loss = 3.7952, nll_loss = 3.6958, ref_nll_loss = 3.8947, ivc_loss = 0.0817, neg_loss_1 = 0.0123, neg_loss_2 = 0.0073, ref_loss = 0.0209, div_loss = 0.0082, 0.591 seconds/batch
2026-04-17 20:20:03,777 - Epoch 20, Batch 800, lr = 0.00005, final_loss = 3.8198, nll_loss = 3.7249, ref_nll_loss = 3.9146, ivc_loss = 0.0908, neg_loss_1 = 0.0153, neg_loss_2 = 0.0096, ref_loss = 0.0242, div_loss = 0.0084, 0.596 seconds/batch
2026-04-17 20:20:37,750 - Epoch 20, Batch 850, lr = 0.00005, final_loss = 3.8257, nll_loss = 3.7297, ref_nll_loss = 3.9216, ivc_loss = 0.0857, neg_loss_1 = 0.0146, neg_loss_2 = 0.0093, ref_loss = 0.0221, div_loss = 0.0080, 0.601 seconds/batch
2026-04-17 20:21:11,569 - Epoch 20, Batch 900, lr = 0.00005, final_loss = 3.7939, nll_loss = 3.6941, ref_nll_loss = 3.8937, ivc_loss = 0.0867, neg_loss_1 = 0.0146, neg_loss_2 = 0.0102, ref_loss = 0.0224, div_loss = 0.0079, 0.605 seconds/batch
2026-04-17 20:21:45,653 - Epoch 20, Batch 950, lr = 0.00005, final_loss = 3.8007, nll_loss = 3.7063, ref_nll_loss = 3.8952, ivc_loss = 0.0899, neg_loss_1 = 0.0137, neg_loss_2 = 0.0109, ref_loss = 0.0231, div_loss = 0.0084, 0.609 seconds/batch
2026-04-17 20:22:19,536 - Epoch 20, Batch 1000, lr = 0.00005, final_loss = 3.8151, nll_loss = 3.7208, ref_nll_loss = 3.9095, ivc_loss = 0.0846, neg_loss_1 = 0.0132, neg_loss_2 = 0.0094, ref_loss = 0.0219, div_loss = 0.0080, 0.613 seconds/batch
2026-04-17 20:22:54,232 - Epoch 20, Batch 1050, lr = 0.00005, final_loss = 3.7658, nll_loss = 3.6678, ref_nll_loss = 3.8638, ivc_loss = 0.0861, neg_loss_1 = 0.0155, neg_loss_2 = 0.0095, ref_loss = 0.0211, div_loss = 0.0080, 0.617 seconds/batch
2026-04-17 20:23:34,108 - Epoch 20, Batch 1100, lr = 0.00005, final_loss = 3.7903, nll_loss = 3.6979, ref_nll_loss = 3.8827, ivc_loss = 0.0909, neg_loss_1 = 0.0160, neg_loss_2 = 0.0113, ref_loss = 0.0242, div_loss = 0.0079, 0.625 seconds/batch
2026-04-17 20:24:13,900 - Epoch 20, Batch 1150, lr = 0.00005, final_loss = 3.8140, nll_loss = 3.7162, ref_nll_loss = 3.9117, ivc_loss = 0.0865, neg_loss_1 = 0.0130, neg_loss_2 = 0.0102, ref_loss = 0.0216, div_loss = 0.0084, 0.632 seconds/batch
2026-04-17 20:24:29,333 - Epoch 20, Batch 1170, lr = 0.00005, final_loss = 3.8333, nll_loss = 3.7349, ref_nll_loss = 3.9317, ivc_loss = 0.0884, neg_loss_1 = 0.0132, neg_loss_2 = 0.0110, ref_loss = 0.0218, div_loss = 0.0085, 0.635 seconds/batch
2026-04-17 20:24:29,402 - save model to checkpoints/activitynet_moe/cpl_moe/model-20.pt, num_updates 23400.
2026-04-17 20:30:18,980 - | R@1,mIoU 0.3068 | R@1,IoU@0.1 0.7007 | R@1,IoU@0.3 0.5209 | R@1,IoU@0.5 0.2320 | R@1,IoU@0.7 0.0756 | R@1,IoU@0.9 0.0082 | R@5,mIoU 0.5270 | R@5,IoU@0.1 0.9210 | R@5,IoU@0.3 0.7853 | R@5,IoU@0.5 0.5423 | R@5,IoU@0.7 0.3211 | R@5,IoU@0.9 0.0766 |
2026-04-17 20:30:18,980 - ============================================================
2026-04-17 20:30:18,980 - Start Epoch 21
2026-04-17 20:30:52,945 - Epoch 21, Batch 50, lr = 0.00005, final_loss = 3.7733, nll_loss = 3.6796, ref_nll_loss = 3.8671, ivc_loss = 0.0852, neg_loss_1 = 0.0144, neg_loss_2 = 0.0082, ref_loss = 0.0221, div_loss = 0.0081, 0.679 seconds/batch
2026-04-17 20:31:20,422 - Epoch 21, Batch 100, lr = 0.00005, final_loss = 3.8039, nll_loss = 3.7043, ref_nll_loss = 3.9035, ivc_loss = 0.0867, neg_loss_1 = 0.0128, neg_loss_2 = 0.0093, ref_loss = 0.0207, div_loss = 0.0088, 0.614 seconds/batch
2026-04-17 20:31:47,656 - Epoch 21, Batch 150, lr = 0.00005, final_loss = 3.7771, nll_loss = 3.6776, ref_nll_loss = 3.8767, ivc_loss = 0.0866, neg_loss_1 = 0.0136, neg_loss_2 = 0.0094, ref_loss = 0.0214, div_loss = 0.0084, 0.591 seconds/batch
2026-04-17 20:32:15,377 - Epoch 21, Batch 200, lr = 0.00005, final_loss = 3.8085, nll_loss = 3.7116, ref_nll_loss = 3.9053, ivc_loss = 0.0880, neg_loss_1 = 0.0161, neg_loss_2 = 0.0088, ref_loss = 0.0211, div_loss = 0.0084, 0.582 seconds/batch
2026-04-17 20:32:42,703 - Epoch 21, Batch 250, lr = 0.00005, final_loss = 3.7827, nll_loss = 3.6847, ref_nll_loss = 3.8807, ivc_loss = 0.0885, neg_loss_1 = 0.0160, neg_loss_2 = 0.0092, ref_loss = 0.0214, div_loss = 0.0084, 0.575 seconds/batch
2026-04-17 20:33:10,252 - Epoch 21, Batch 300, lr = 0.00005, final_loss = 3.8027, nll_loss = 3.7047, ref_nll_loss = 3.9007, ivc_loss = 0.0870, neg_loss_1 = 0.0154, neg_loss_2 = 0.0088, ref_loss = 0.0229, div_loss = 0.0080, 0.571 seconds/batch
2026-04-17 20:33:37,774 - Epoch 21, Batch 350, lr = 0.00005, final_loss = 3.7838, nll_loss = 3.6863, ref_nll_loss = 3.8813, ivc_loss = 0.0868, neg_loss_1 = 0.0148, neg_loss_2 = 0.0087, ref_loss = 0.0214, div_loss = 0.0084, 0.568 seconds/batch
2026-04-17 20:34:05,465 - Epoch 21, Batch 400, lr = 0.00005, final_loss = 3.7786, nll_loss = 3.6802, ref_nll_loss = 3.8769, ivc_loss = 0.0844, neg_loss_1 = 0.0116, neg_loss_2 = 0.0091, ref_loss = 0.0209, div_loss = 0.0086, 0.566 seconds/batch
2026-04-17 20:34:32,918 - Epoch 21, Batch 450, lr = 0.00005, final_loss = 3.7806, nll_loss = 3.6828, ref_nll_loss = 3.8783, ivc_loss = 0.0901, neg_loss_1 = 0.0176, neg_loss_2 = 0.0095, ref_loss = 0.0226, div_loss = 0.0081, 0.564 seconds/batch
2026-04-17 20:35:00,337 - Epoch 21, Batch 500, lr = 0.00005, final_loss = 3.7610, nll_loss = 3.6616, ref_nll_loss = 3.8604, ivc_loss = 0.0866, neg_loss_1 = 0.0135, neg_loss_2 = 0.0117, ref_loss = 0.0210, div_loss = 0.0081, 0.563 seconds/batch
2026-04-17 20:35:27,419 - Epoch 21, Batch 550, lr = 0.00005, final_loss = 3.7897, nll_loss = 3.6922, ref_nll_loss = 3.8871, ivc_loss = 0.0838, neg_loss_1 = 0.0139, neg_loss_2 = 0.0078, ref_loss = 0.0215, div_loss = 0.0082, 0.561 seconds/batch
2026-04-17 20:35:57,532 - Epoch 21, Batch 600, lr = 0.00005, final_loss = 3.7989, nll_loss = 3.6977, ref_nll_loss = 3.9000, ivc_loss = 0.0861, neg_loss_1 = 0.0135, neg_loss_2 = 0.0085, ref_loss = 0.0228, div_loss = 0.0083, 0.564 seconds/batch
2026-04-17 20:36:31,326 - Epoch 21, Batch 650, lr = 0.00005, final_loss = 3.7840, nll_loss = 3.6863, ref_nll_loss = 3.8818, ivc_loss = 0.0890, neg_loss_1 = 0.0158, neg_loss_2 = 0.0078, ref_loss = 0.0239, div_loss = 0.0083, 0.573 seconds/batch
2026-04-17 20:37:05,488 - Epoch 21, Batch 700, lr = 0.00005, final_loss = 3.7960, nll_loss = 3.7006, ref_nll_loss = 3.8913, ivc_loss = 0.0914, neg_loss_1 = 0.0152, neg_loss_2 = 0.0100, ref_loss = 0.0231, div_loss = 0.0086, 0.581 seconds/batch
2026-04-17 20:37:39,245 - Epoch 21, Batch 750, lr = 0.00005, final_loss = 3.8062, nll_loss = 3.7045, ref_nll_loss = 3.9079, ivc_loss = 0.0831, neg_loss_1 = 0.0121, neg_loss_2 = 0.0099, ref_loss = 0.0204, div_loss = 0.0081, 0.587 seconds/batch
2026-04-17 20:38:13,142 - Epoch 21, Batch 800, lr = 0.00005, final_loss = 3.7886, nll_loss = 3.6944, ref_nll_loss = 3.8828, ivc_loss = 0.0882, neg_loss_1 = 0.0165, neg_loss_2 = 0.0096, ref_loss = 0.0223, div_loss = 0.0080, 0.593 seconds/batch
2026-04-17 20:38:46,997 - Epoch 21, Batch 850, lr = 0.00005, final_loss = 3.7707, nll_loss = 3.6713, ref_nll_loss = 3.8700, ivc_loss = 0.0855, neg_loss_1 = 0.0150, neg_loss_2 = 0.0090, ref_loss = 0.0206, div_loss = 0.0082, 0.598 seconds/batch
2026-04-17 20:39:21,169 - Epoch 21, Batch 900, lr = 0.00005, final_loss = 3.7903, nll_loss = 3.6922, ref_nll_loss = 3.8884, ivc_loss = 0.0867, neg_loss_1 = 0.0130, neg_loss_2 = 0.0095, ref_loss = 0.0221, div_loss = 0.0084, 0.602 seconds/batch
2026-04-17 20:39:54,868 - Epoch 21, Batch 950, lr = 0.00005, final_loss = 3.8433, nll_loss = 3.7474, ref_nll_loss = 3.9393, ivc_loss = 0.0895, neg_loss_1 = 0.0166, neg_loss_2 = 0.0095, ref_loss = 0.0226, div_loss = 0.0082, 0.606 seconds/batch
2026-04-17 20:40:28,954 - Epoch 21, Batch 1000, lr = 0.00005, final_loss = 3.8009, nll_loss = 3.7045, ref_nll_loss = 3.8973, ivc_loss = 0.0861, neg_loss_1 = 0.0134, neg_loss_2 = 0.0086, ref_loss = 0.0220, div_loss = 0.0084, 0.610 seconds/batch
2026-04-17 20:41:04,273 - Epoch 21, Batch 1050, lr = 0.00005, final_loss = 3.7892, nll_loss = 3.6931, ref_nll_loss = 3.8852, ivc_loss = 0.0887, neg_loss_1 = 0.0136, neg_loss_2 = 0.0098, ref_loss = 0.0224, div_loss = 0.0086, 0.615 seconds/batch
2026-04-17 20:41:44,320 - Epoch 21, Batch 1100, lr = 0.00005, final_loss = 3.7709, nll_loss = 3.6754, ref_nll_loss = 3.8664, ivc_loss = 0.0873, neg_loss_1 = 0.0155, neg_loss_2 = 0.0093, ref_loss = 0.0215, div_loss = 0.0082, 0.623 seconds/batch
2026-04-17 20:42:24,574 - Epoch 21, Batch 1150, lr = 0.00005, final_loss = 3.8005, nll_loss = 3.7026, ref_nll_loss = 3.8984, ivc_loss = 0.0880, neg_loss_1 = 0.0146, neg_loss_2 = 0.0108, ref_loss = 0.0211, div_loss = 0.0083, 0.631 seconds/batch
2026-04-17 20:42:40,228 - Epoch 21, Batch 1170, lr = 0.00005, final_loss = 3.8053, nll_loss = 3.7041, ref_nll_loss = 3.9066, ivc_loss = 0.0858, neg_loss_1 = 0.0161, neg_loss_2 = 0.0106, ref_loss = 0.0195, div_loss = 0.0079, 0.634 seconds/batch
2026-04-17 20:42:40,293 - save model to checkpoints/activitynet_moe/cpl_moe/model-21.pt, num_updates 24570.
2026-04-17 20:48:28,137 - | R@1,mIoU 0.3183 | R@1,IoU@0.1 0.7186 | R@1,IoU@0.3 0.5367 | R@1,IoU@0.5 0.2458 | R@1,IoU@0.7 0.0853 | R@1,IoU@0.9 0.0120 | R@5,mIoU 0.5262 | R@5,IoU@0.1 0.9230 | R@5,IoU@0.3 0.7897 | R@5,IoU@0.5 0.5413 | R@5,IoU@0.7 0.3152 | R@5,IoU@0.9 0.0739 |
2026-04-17 20:48:28,137 - ============================================================
2026-04-17 20:48:28,137 - Start Epoch 22
2026-04-17 20:49:03,859 - Epoch 22, Batch 50, lr = 0.00005, final_loss = 3.7825, nll_loss = 3.6857, ref_nll_loss = 3.8793, ivc_loss = 0.0832, neg_loss_1 = 0.0155, neg_loss_2 = 0.0080, ref_loss = 0.0209, div_loss = 0.0078, 0.714 seconds/batch
2026-04-17 20:49:33,390 - Epoch 22, Batch 100, lr = 0.00005, final_loss = 3.7774, nll_loss = 3.6779, ref_nll_loss = 3.8770, ivc_loss = 0.0852, neg_loss_1 = 0.0150, neg_loss_2 = 0.0083, ref_loss = 0.0207, div_loss = 0.0082, 0.653 seconds/batch
2026-04-17 20:50:00,767 - Epoch 22, Batch 150, lr = 0.00005, final_loss = 3.7817, nll_loss = 3.6793, ref_nll_loss = 3.8842, ivc_loss = 0.0849, neg_loss_1 = 0.0134, neg_loss_2 = 0.0106, ref_loss = 0.0208, div_loss = 0.0080, 0.618 seconds/batch
2026-04-17 20:50:28,195 - Epoch 22, Batch 200, lr = 0.00005, final_loss = 3.7860, nll_loss = 3.6880, ref_nll_loss = 3.8840, ivc_loss = 0.0880, neg_loss_1 = 0.0163, neg_loss_2 = 0.0103, ref_loss = 0.0207, div_loss = 0.0081, 0.600 seconds/batch
2026-04-17 20:50:55,824 - Epoch 22, Batch 250, lr = 0.00005, final_loss = 3.7942, nll_loss = 3.6934, ref_nll_loss = 3.8950, ivc_loss = 0.0874, neg_loss_1 = 0.0165, neg_loss_2 = 0.0097, ref_loss = 0.0211, div_loss = 0.0080, 0.591 seconds/batch
2026-04-17 20:51:23,281 - Epoch 22, Batch 300, lr = 0.00005, final_loss = 3.7706, nll_loss = 3.6724, ref_nll_loss = 3.8687, ivc_loss = 0.0887, neg_loss_1 = 0.0150, neg_loss_2 = 0.0108, ref_loss = 0.0220, div_loss = 0.0082, 0.584 seconds/batch
2026-04-17 20:51:50,931 - Epoch 22, Batch 350, lr = 0.00005, final_loss = 3.7718, nll_loss = 3.6742, ref_nll_loss = 3.8694, ivc_loss = 0.0887, neg_loss_1 = 0.0164, neg_loss_2 = 0.0084, ref_loss = 0.0222, div_loss = 0.0083, 0.579 seconds/batch
2026-04-17 20:52:18,245 - Epoch 22, Batch 400, lr = 0.00005, final_loss = 3.7510, nll_loss = 3.6516, ref_nll_loss = 3.8503, ivc_loss = 0.0880, neg_loss_1 = 0.0148, neg_loss_2 = 0.0108, ref_loss = 0.0218, div_loss = 0.0081, 0.575 seconds/batch
2026-04-17 20:52:45,620 - Epoch 22, Batch 450, lr = 0.00005, final_loss = 3.7961, nll_loss = 3.6967, ref_nll_loss = 3.8955, ivc_loss = 0.0842, neg_loss_1 = 0.0106, neg_loss_2 = 0.0088, ref_loss = 0.0208, div_loss = 0.0088, 0.572 seconds/batch
2026-04-17 20:53:13,232 - Epoch 22, Batch 500, lr = 0.00005, final_loss = 3.7745, nll_loss = 3.6724, ref_nll_loss = 3.8767, ivc_loss = 0.0882, neg_loss_1 = 0.0150, neg_loss_2 = 0.0099, ref_loss = 0.0216, div_loss = 0.0083, 0.570 seconds/batch
2026-04-17 20:53:38,172 - Epoch 22, Batch 550, lr = 0.00005, final_loss = 3.7786, nll_loss = 3.6824, ref_nll_loss = 3.8747, ivc_loss = 0.0884, neg_loss_1 = 0.0146, neg_loss_2 = 0.0099, ref_loss = 0.0223, div_loss = 0.0083, 0.564 seconds/batch
2026-04-17 20:54:05,818 - Epoch 22, Batch 600, lr = 0.00005, final_loss = 3.7634, nll_loss = 3.6654, ref_nll_loss = 3.8613, ivc_loss = 0.0842, neg_loss_1 = 0.0123, neg_loss_2 = 0.0109, ref_loss = 0.0207, div_loss = 0.0081, 0.563 seconds/batch
2026-04-17 20:54:39,626 - Epoch 22, Batch 650, lr = 0.00005, final_loss = 3.7824, nll_loss = 3.6845, ref_nll_loss = 3.8803, ivc_loss = 0.0882, neg_loss_1 = 0.0126, neg_loss_2 = 0.0125, ref_loss = 0.0209, div_loss = 0.0084, 0.572 seconds/batch
2026-04-17 20:55:13,063 - Epoch 22, Batch 700, lr = 0.00005, final_loss = 3.7869, nll_loss = 3.6913, ref_nll_loss = 3.8824, ivc_loss = 0.0897, neg_loss_1 = 0.0146, neg_loss_2 = 0.0091, ref_loss = 0.0224, div_loss = 0.0087, 0.578 seconds/batch
2026-04-17 20:55:46,846 - Epoch 22, Batch 750, lr = 0.00005, final_loss = 3.7530, nll_loss = 3.6560, ref_nll_loss = 3.8499, ivc_loss = 0.0864, neg_loss_1 = 0.0120, neg_loss_2 = 0.0096, ref_loss = 0.0225, div_loss = 0.0085, 0.585 seconds/batch
2026-04-17 20:56:20,945 - Epoch 22, Batch 800, lr = 0.00005, final_loss = 3.7831, nll_loss = 3.6857, ref_nll_loss = 3.8806, ivc_loss = 0.0884, neg_loss_1 = 0.0146, neg_loss_2 = 0.0103, ref_loss = 0.0223, div_loss = 0.0082, 0.591 seconds/batch
2026-04-17 20:56:54,813 - Epoch 22, Batch 850, lr = 0.00005, final_loss = 3.7941, nll_loss = 3.6930, ref_nll_loss = 3.8953, ivc_loss = 0.0883, neg_loss_1 = 0.0150, neg_loss_2 = 0.0096, ref_loss = 0.0216, div_loss = 0.0084, 0.596 seconds/batch
2026-04-17 20:57:28,872 - Epoch 22, Batch 900, lr = 0.00005, final_loss = 3.7778, nll_loss = 3.6790, ref_nll_loss = 3.8766, ivc_loss = 0.0848, neg_loss_1 = 0.0135, neg_loss_2 = 0.0091, ref_loss = 0.0204, div_loss = 0.0084, 0.601 seconds/batch
2026-04-17 20:58:02,975 - Epoch 22, Batch 950, lr = 0.00005, final_loss = 3.7920, nll_loss = 3.6925, ref_nll_loss = 3.8916, ivc_loss = 0.0909, neg_loss_1 = 0.0151, neg_loss_2 = 0.0089, ref_loss = 0.0228, div_loss = 0.0088, 0.605 seconds/batch
2026-04-17 20:58:36,818 - Epoch 22, Batch 1000, lr = 0.00005, final_loss = 3.7750, nll_loss = 3.6755, ref_nll_loss = 3.8744, ivc_loss = 0.0858, neg_loss_1 = 0.0167, neg_loss_2 = 0.0085, ref_loss = 0.0205, div_loss = 0.0080, 0.609 seconds/batch
2026-04-17 20:59:12,567 - Epoch 22, Batch 1050, lr = 0.00005, final_loss = 3.7679, nll_loss = 3.6729, ref_nll_loss = 3.8630, ivc_loss = 0.0879, neg_loss_1 = 0.0154, neg_loss_2 = 0.0082, ref_loss = 0.0230, div_loss = 0.0083, 0.614 seconds/batch
2026-04-17 20:59:52,441 - Epoch 22, Batch 1100, lr = 0.00005, final_loss = 3.7907, nll_loss = 3.6914, ref_nll_loss = 3.8901, ivc_loss = 0.0877, neg_loss_1 = 0.0139, neg_loss_2 = 0.0093, ref_loss = 0.0230, div_loss = 0.0083, 0.622 seconds/batch
2026-04-17 21:00:32,536 - Epoch 22, Batch 1150, lr = 0.00005, final_loss = 3.8121, nll_loss = 3.7131, ref_nll_loss = 3.9111, ivc_loss = 0.0852, neg_loss_1 = 0.0141, neg_loss_2 = 0.0090, ref_loss = 0.0203, div_loss = 0.0084, 0.630 seconds/batch
2026-04-17 21:00:48,247 - Epoch 22, Batch 1170, lr = 0.00005, final_loss = 3.8467, nll_loss = 3.7516, ref_nll_loss = 3.9418, ivc_loss = 0.0868, neg_loss_1 = 0.0119, neg_loss_2 = 0.0112, ref_loss = 0.0220, div_loss = 0.0083, 0.633 seconds/batch
2026-04-17 21:00:48,318 - save model to checkpoints/activitynet_moe/cpl_moe/model-22.pt, num_updates 25740.
2026-04-17 21:06:36,956 - | R@1,mIoU 0.3090 | R@1,IoU@0.1 0.7020 | R@1,IoU@0.3 0.5238 | R@1,IoU@0.5 0.2363 | R@1,IoU@0.7 0.0779 | R@1,IoU@0.9 0.0097 | R@5,mIoU 0.5300 | R@5,IoU@0.1 0.9209 | R@5,IoU@0.3 0.7889 | R@5,IoU@0.5 0.5476 | R@5,IoU@0.7 0.3242 | R@5,IoU@0.9 0.0769 |
2026-04-17 21:06:36,956 - ============================================================
2026-04-17 21:06:36,956 - Start Epoch 23
2026-04-17 21:07:15,065 - Epoch 23, Batch 50, lr = 0.00005, final_loss = 3.7563, nll_loss = 3.6550, ref_nll_loss = 3.8577, ivc_loss = 0.0887, neg_loss_1 = 0.0157, neg_loss_2 = 0.0079, ref_loss = 0.0210, div_loss = 0.0088, 0.762 seconds/batch
2026-04-17 21:07:47,184 - Epoch 23, Batch 100, lr = 0.00005, final_loss = 3.7677, nll_loss = 3.6660, ref_nll_loss = 3.8693, ivc_loss = 0.0869, neg_loss_1 = 0.0132, neg_loss_2 = 0.0108, ref_loss = 0.0190, div_loss = 0.0088, 0.702 seconds/batch
2026-04-17 21:08:14,547 - Epoch 23, Batch 150, lr = 0.00005, final_loss = 3.7633, nll_loss = 3.6608, ref_nll_loss = 3.8658, ivc_loss = 0.0859, neg_loss_1 = 0.0155, neg_loss_2 = 0.0080, ref_loss = 0.0199, div_loss = 0.0085, 0.651 seconds/batch
2026-04-17 21:08:42,133 - Epoch 23, Batch 200, lr = 0.00005, final_loss = 3.7801, nll_loss = 3.6826, ref_nll_loss = 3.8777, ivc_loss = 0.0866, neg_loss_1 = 0.0130, neg_loss_2 = 0.0097, ref_loss = 0.0213, div_loss = 0.0085, 0.626 seconds/batch
2026-04-17 21:09:09,815 - Epoch 23, Batch 250, lr = 0.00005, final_loss = 3.7513, nll_loss = 3.6526, ref_nll_loss = 3.8499, ivc_loss = 0.0863, neg_loss_1 = 0.0139, neg_loss_2 = 0.0076, ref_loss = 0.0212, div_loss = 0.0087, 0.611 seconds/batch
2026-04-17 21:09:37,230 - Epoch 23, Batch 300, lr = 0.00005, final_loss = 3.7733, nll_loss = 3.6762, ref_nll_loss = 3.8705, ivc_loss = 0.0878, neg_loss_1 = 0.0134, neg_loss_2 = 0.0088, ref_loss = 0.0214, div_loss = 0.0088, 0.601 seconds/batch
2026-04-17 21:10:04,913 - Epoch 23, Batch 350, lr = 0.00005, final_loss = 3.7682, nll_loss = 3.6694, ref_nll_loss = 3.8670, ivc_loss = 0.0904, neg_loss_1 = 0.0152, neg_loss_2 = 0.0100, ref_loss = 0.0222, div_loss = 0.0086, 0.594 seconds/batch
2026-04-17 21:10:32,599 - Epoch 23, Batch 400, lr = 0.00005, final_loss = 3.7537, nll_loss = 3.6541, ref_nll_loss = 3.8533, ivc_loss = 0.0847, neg_loss_1 = 0.0131, neg_loss_2 = 0.0083, ref_loss = 0.0211, div_loss = 0.0084, 0.589 seconds/batch
2026-04-17 21:11:00,084 - Epoch 23, Batch 450, lr = 0.00005, final_loss = 3.7279, nll_loss = 3.6301, ref_nll_loss = 3.8258, ivc_loss = 0.0887, neg_loss_1 = 0.0159, neg_loss_2 = 0.0088, ref_loss = 0.0226, div_loss = 0.0083, 0.585 seconds/batch
2026-04-17 21:11:27,681 - Epoch 23, Batch 500, lr = 0.00005, final_loss = 3.7723, nll_loss = 3.6716, ref_nll_loss = 3.8729, ivc_loss = 0.0863, neg_loss_1 = 0.0127, neg_loss_2 = 0.0097, ref_loss = 0.0223, div_loss = 0.0083, 0.581 seconds/batch
2026-04-17 21:11:51,879 - Epoch 23, Batch 550, lr = 0.00005, final_loss = 3.7896, nll_loss = 3.6913, ref_nll_loss = 3.8880, ivc_loss = 0.0873, neg_loss_1 = 0.0137, neg_loss_2 = 0.0080, ref_loss = 0.0218, div_loss = 0.0087, 0.573 seconds/batch
2026-04-17 21:12:17,493 - Epoch 23, Batch 600, lr = 0.00005, final_loss = 3.7601, nll_loss = 3.6599, ref_nll_loss = 3.8603, ivc_loss = 0.0853, neg_loss_1 = 0.0161, neg_loss_2 = 0.0068, ref_loss = 0.0201, div_loss = 0.0085, 0.568 seconds/batch
2026-04-17 21:12:49,007 - Epoch 23, Batch 650, lr = 0.00005, final_loss = 3.7848, nll_loss = 3.6882, ref_nll_loss = 3.8813, ivc_loss = 0.0872, neg_loss_1 = 0.0145, neg_loss_2 = 0.0081, ref_loss = 0.0221, div_loss = 0.0085, 0.572 seconds/batch
2026-04-17 21:13:22,655 - Epoch 23, Batch 700, lr = 0.00005, final_loss = 3.7768, nll_loss = 3.6796, ref_nll_loss = 3.8740, ivc_loss = 0.0875, neg_loss_1 = 0.0123, neg_loss_2 = 0.0115, ref_loss = 0.0228, div_loss = 0.0082, 0.580 seconds/batch
2026-04-17 21:13:56,709 - Epoch 23, Batch 750, lr = 0.00005, final_loss = 3.7915, nll_loss = 3.6878, ref_nll_loss = 3.8953, ivc_loss = 0.0842, neg_loss_1 = 0.0152, neg_loss_2 = 0.0063, ref_loss = 0.0210, div_loss = 0.0083, 0.586 seconds/batch
2026-04-17 21:14:30,723 - Epoch 23, Batch 800, lr = 0.00005, final_loss = 3.7819, nll_loss = 3.6866, ref_nll_loss = 3.8772, ivc_loss = 0.0887, neg_loss_1 = 0.0152, neg_loss_2 = 0.0082, ref_loss = 0.0226, div_loss = 0.0085, 0.592 seconds/batch
2026-04-17 21:15:04,379 - Epoch 23, Batch 850, lr = 0.00005, final_loss = 3.7593, nll_loss = 3.6651, ref_nll_loss = 3.8535, ivc_loss = 0.0935, neg_loss_1 = 0.0147, neg_loss_2 = 0.0096, ref_loss = 0.0237, div_loss = 0.0091, 0.597 seconds/batch
2026-04-17 21:15:38,401 - Epoch 23, Batch 900, lr = 0.00005, final_loss = 3.7446, nll_loss = 3.6465, ref_nll_loss = 3.8426, ivc_loss = 0.0908, neg_loss_1 = 0.0133, neg_loss_2 = 0.0092, ref_loss = 0.0222, div_loss = 0.0092, 0.602 seconds/batch
2026-04-17 21:16:12,140 - Epoch 23, Batch 950, lr = 0.00005, final_loss = 3.7705, nll_loss = 3.6678, ref_nll_loss = 3.8731, ivc_loss = 0.0828, neg_loss_1 = 0.0133, neg_loss_2 = 0.0082, ref_loss = 0.0189, div_loss = 0.0085, 0.605 seconds/batch
2026-04-17 21:16:46,060 - Epoch 23, Batch 1000, lr = 0.00005, final_loss = 3.7740, nll_loss = 3.6761, ref_nll_loss = 3.8719, ivc_loss = 0.0883, neg_loss_1 = 0.0135, neg_loss_2 = 0.0112, ref_loss = 0.0220, div_loss = 0.0083, 0.609 seconds/batch
2026-04-17 21:17:21,940 - Epoch 23, Batch 1050, lr = 0.00005, final_loss = 3.7801, nll_loss = 3.6784, ref_nll_loss = 3.8819, ivc_loss = 0.0880, neg_loss_1 = 0.0154, neg_loss_2 = 0.0106, ref_loss = 0.0196, div_loss = 0.0085, 0.614 seconds/batch
2026-04-17 21:18:01,768 - Epoch 23, Batch 1100, lr = 0.00005, final_loss = 3.7544, nll_loss = 3.6514, ref_nll_loss = 3.8575, ivc_loss = 0.0862, neg_loss_1 = 0.0142, neg_loss_2 = 0.0088, ref_loss = 0.0198, div_loss = 0.0087, 0.623 seconds/batch
2026-04-17 21:18:41,424 - Epoch 23, Batch 1150, lr = 0.00005, final_loss = 3.7606, nll_loss = 3.6586, ref_nll_loss = 3.8625, ivc_loss = 0.0844, neg_loss_1 = 0.0130, neg_loss_2 = 0.0081, ref_loss = 0.0192, div_loss = 0.0088, 0.630 seconds/batch
2026-04-17 21:18:56,888 - Epoch 23, Batch 1170, lr = 0.00005, final_loss = 3.7731, nll_loss = 3.6721, ref_nll_loss = 3.8742, ivc_loss = 0.0890, neg_loss_1 = 0.0133, neg_loss_2 = 0.0084, ref_loss = 0.0226, div_loss = 0.0089, 0.632 seconds/batch
2026-04-17 21:18:56,956 - save model to checkpoints/activitynet_moe/cpl_moe/model-23.pt, num_updates 26910.
2026-04-17 21:24:45,742 - | R@1,mIoU 0.3014 | R@1,IoU@0.1 0.6829 | R@1,IoU@0.3 0.5097 | R@1,IoU@0.5 0.2296 | R@1,IoU@0.7 0.0784 | R@1,IoU@0.9 0.0113 | R@5,mIoU 0.5248 | R@5,IoU@0.1 0.9197 | R@5,IoU@0.3 0.7833 | R@5,IoU@0.5 0.5405 | R@5,IoU@0.7 0.3180 | R@5,IoU@0.9 0.0756 |
2026-04-17 21:24:45,742 - ============================================================
2026-04-17 21:24:45,742 - Start Epoch 24
2026-04-17 21:25:25,796 - Epoch 24, Batch 50, lr = 0.00005, final_loss = 3.7565, nll_loss = 3.6542, ref_nll_loss = 3.8588, ivc_loss = 0.0865, neg_loss_1 = 0.0142, neg_loss_2 = 0.0097, ref_loss = 0.0203, div_loss = 0.0085, 0.801 seconds/batch
2026-04-17 21:26:00,062 - Epoch 24, Batch 100, lr = 0.00005, final_loss = 3.7289, nll_loss = 3.6257, ref_nll_loss = 3.8320, ivc_loss = 0.0865, neg_loss_1 = 0.0158, neg_loss_2 = 0.0097, ref_loss = 0.0190, div_loss = 0.0084, 0.743 seconds/batch
2026-04-17 21:26:28,000 - Epoch 24, Batch 150, lr = 0.00005, final_loss = 3.7656, nll_loss = 3.6665, ref_nll_loss = 3.8646, ivc_loss = 0.0848, neg_loss_1 = 0.0135, neg_loss_2 = 0.0081, ref_loss = 0.0210, div_loss = 0.0084, 0.682 seconds/batch
2026-04-17 21:26:55,752 - Epoch 24, Batch 200, lr = 0.00005, final_loss = 3.7508, nll_loss = 3.6493, ref_nll_loss = 3.8524, ivc_loss = 0.0868, neg_loss_1 = 0.0169, neg_loss_2 = 0.0081, ref_loss = 0.0190, div_loss = 0.0086, 0.650 seconds/batch
2026-04-17 21:27:23,157 - Epoch 24, Batch 250, lr = 0.00005, final_loss = 3.7452, nll_loss = 3.6466, ref_nll_loss = 3.8437, ivc_loss = 0.0888, neg_loss_1 = 0.0145, neg_loss_2 = 0.0093, ref_loss = 0.0221, div_loss = 0.0086, 0.630 seconds/batch
2026-04-17 21:27:50,689 - Epoch 24, Batch 300, lr = 0.00005, final_loss = 3.7579, nll_loss = 3.6555, ref_nll_loss = 3.8603, ivc_loss = 0.0906, neg_loss_1 = 0.0158, neg_loss_2 = 0.0086, ref_loss = 0.0221, div_loss = 0.0088, 0.616 seconds/batch
2026-04-17 21:28:18,326 - Epoch 24, Batch 350, lr = 0.00005, final_loss = 3.7650, nll_loss = 3.6637, ref_nll_loss = 3.8663, ivc_loss = 0.0830, neg_loss_1 = 0.0122, neg_loss_2 = 0.0061, ref_loss = 0.0209, div_loss = 0.0088, 0.607 seconds/batch
2026-04-17 21:28:45,841 - Epoch 24, Batch 400, lr = 0.00005, final_loss = 3.7453, nll_loss = 3.6438, ref_nll_loss = 3.8469, ivc_loss = 0.0905, neg_loss_1 = 0.0176, neg_loss_2 = 0.0100, ref_loss = 0.0205, div_loss = 0.0085, 0.600 seconds/batch
2026-04-17 21:29:13,497 - Epoch 24, Batch 450, lr = 0.00005, final_loss = 3.7782, nll_loss = 3.6775, ref_nll_loss = 3.8789, ivc_loss = 0.0834, neg_loss_1 = 0.0136, neg_loss_2 = 0.0084, ref_loss = 0.0201, div_loss = 0.0082, 0.595 seconds/batch
2026-04-17 21:29:40,882 - Epoch 24, Batch 500, lr = 0.00005, final_loss = 3.7354, nll_loss = 3.6300, ref_nll_loss = 3.8408, ivc_loss = 0.0857, neg_loss_1 = 0.0137, neg_loss_2 = 0.0093, ref_loss = 0.0188, div_loss = 0.0088, 0.590 seconds/batch
2026-04-17 21:30:04,937 - Epoch 24, Batch 550, lr = 0.00005, final_loss = 3.7426, nll_loss = 3.6383, ref_nll_loss = 3.8468, ivc_loss = 0.0841, neg_loss_1 = 0.0140, neg_loss_2 = 0.0078, ref_loss = 0.0186, div_loss = 0.0088, 0.580 seconds/batch
2026-04-17 21:30:29,203 - Epoch 24, Batch 600, lr = 0.00005, final_loss = 3.7809, nll_loss = 3.6815, ref_nll_loss = 3.8804, ivc_loss = 0.0882, neg_loss_1 = 0.0137, neg_loss_2 = 0.0082, ref_loss = 0.0239, div_loss = 0.0085, 0.572 seconds/batch
2026-04-17 21:30:58,197 - Epoch 24, Batch 650, lr = 0.00005, final_loss = 3.7685, nll_loss = 3.6664, ref_nll_loss = 3.8706, ivc_loss = 0.0867, neg_loss_1 = 0.0132, neg_loss_2 = 0.0096, ref_loss = 0.0209, div_loss = 0.0086, 0.573 seconds/batch
2026-04-17 21:31:32,331 - Epoch 24, Batch 700, lr = 0.00005, final_loss = 3.7793, nll_loss = 3.6794, ref_nll_loss = 3.8792, ivc_loss = 0.0876, neg_loss_1 = 0.0145, neg_loss_2 = 0.0099, ref_loss = 0.0210, div_loss = 0.0085, 0.581 seconds/batch
2026-04-17 21:32:06,159 - Epoch 24, Batch 750, lr = 0.00005, final_loss = 3.7317, nll_loss = 3.6295, ref_nll_loss = 3.8339, ivc_loss = 0.0853, neg_loss_1 = 0.0155, neg_loss_2 = 0.0078, ref_loss = 0.0207, div_loss = 0.0083, 0.587 seconds/batch
2026-04-17 21:32:40,223 - Epoch 24, Batch 800, lr = 0.00005, final_loss = 3.7568, nll_loss = 3.6566, ref_nll_loss = 3.8570, ivc_loss = 0.0898, neg_loss_1 = 0.0143, neg_loss_2 = 0.0098, ref_loss = 0.0227, div_loss = 0.0086, 0.593 seconds/batch
2026-04-17 21:33:14,309 - Epoch 24, Batch 850, lr = 0.00005, final_loss = 3.7485, nll_loss = 3.6516, ref_nll_loss = 3.8454, ivc_loss = 0.0922, neg_loss_1 = 0.0145, neg_loss_2 = 0.0092, ref_loss = 0.0234, div_loss = 0.0090, 0.598 seconds/batch
2026-04-17 21:33:48,478 - Epoch 24, Batch 900, lr = 0.00005, final_loss = 3.7645, nll_loss = 3.6651, ref_nll_loss = 3.8638, ivc_loss = 0.0894, neg_loss_1 = 0.0134, neg_loss_2 = 0.0101, ref_loss = 0.0209, div_loss = 0.0090, 0.603 seconds/batch
2026-04-17 21:34:22,512 - Epoch 24, Batch 950, lr = 0.00005, final_loss = 3.7548, nll_loss = 3.6549, ref_nll_loss = 3.8548, ivc_loss = 0.0860, neg_loss_1 = 0.0155, neg_loss_2 = 0.0069, ref_loss = 0.0207, div_loss = 0.0086, 0.607 seconds/batch
2026-04-17 21:34:56,610 - Epoch 24, Batch 1000, lr = 0.00005, final_loss = 3.7574, nll_loss = 3.6575, ref_nll_loss = 3.8574, ivc_loss = 0.0914, neg_loss_1 = 0.0135, neg_loss_2 = 0.0098, ref_loss = 0.0232, div_loss = 0.0090, 0.611 seconds/batch
2026-04-17 21:35:32,748 - Epoch 24, Batch 1050, lr = 0.00005, final_loss = 3.7362, nll_loss = 3.6341, ref_nll_loss = 3.8383, ivc_loss = 0.0868, neg_loss_1 = 0.0142, neg_loss_2 = 0.0081, ref_loss = 0.0211, div_loss = 0.0087, 0.616 seconds/batch
2026-04-17 21:36:12,505 - Epoch 24, Batch 1100, lr = 0.00005, final_loss = 3.7921, nll_loss = 3.6931, ref_nll_loss = 3.8911, ivc_loss = 0.0867, neg_loss_1 = 0.0137, neg_loss_2 = 0.0090, ref_loss = 0.0207, div_loss = 0.0087, 0.624 seconds/batch
2026-04-17 21:36:52,143 - Epoch 24, Batch 1150, lr = 0.00005, final_loss = 3.7695, nll_loss = 3.6709, ref_nll_loss = 3.8681, ivc_loss = 0.0874, neg_loss_1 = 0.0141, neg_loss_2 = 0.0081, ref_loss = 0.0235, div_loss = 0.0084, 0.632 seconds/batch
2026-04-17 21:37:07,506 - Epoch 24, Batch 1170, lr = 0.00005, final_loss = 3.7654, nll_loss = 3.6677, ref_nll_loss = 3.8632, ivc_loss = 0.0832, neg_loss_1 = 0.0103, neg_loss_2 = 0.0090, ref_loss = 0.0219, div_loss = 0.0084, 0.634 seconds/batch
2026-04-17 21:37:07,579 - save model to checkpoints/activitynet_moe/cpl_moe/model-24.pt, num_updates 28080.
2026-04-17 21:42:56,414 - | R@1,mIoU 0.3184 | R@1,IoU@0.1 0.7197 | R@1,IoU@0.3 0.5415 | R@1,IoU@0.5 0.2429 | R@1,IoU@0.7 0.0812 | R@1,IoU@0.9 0.0122 | R@5,mIoU 0.5292 | R@5,IoU@0.1 0.9190 | R@5,IoU@0.3 0.7874 | R@5,IoU@0.5 0.5454 | R@5,IoU@0.7 0.3262 | R@5,IoU@0.9 0.0783 |
2026-04-17 21:42:56,414 - ============================================================
2026-04-17 21:42:56,414 - Start Epoch 25
2026-04-17 21:43:36,254 - Epoch 25, Batch 50, lr = 0.00005, final_loss = 3.7386, nll_loss = 3.6376, ref_nll_loss = 3.8397, ivc_loss = 0.0876, neg_loss_1 = 0.0137, neg_loss_2 = 0.0088, ref_loss = 0.0222, div_loss = 0.0086, 0.797 seconds/batch
2026-04-17 21:44:11,494 - Epoch 25, Batch 100, lr = 0.00005, final_loss = 3.7376, nll_loss = 3.6365, ref_nll_loss = 3.8387, ivc_loss = 0.0857, neg_loss_1 = 0.0130, neg_loss_2 = 0.0080, ref_loss = 0.0224, div_loss = 0.0084, 0.751 seconds/batch
2026-04-17 21:44:41,494 - Epoch 25, Batch 150, lr = 0.00005, final_loss = 3.7436, nll_loss = 3.6450, ref_nll_loss = 3.8422, ivc_loss = 0.0884, neg_loss_1 = 0.0147, neg_loss_2 = 0.0077, ref_loss = 0.0209, div_loss = 0.0090, 0.701 seconds/batch
2026-04-17 21:45:09,205 - Epoch 25, Batch 200, lr = 0.00005, final_loss = 3.7490, nll_loss = 3.6476, ref_nll_loss = 3.8503, ivc_loss = 0.0818, neg_loss_1 = 0.0119, neg_loss_2 = 0.0077, ref_loss = 0.0205, div_loss = 0.0083, 0.664 seconds/batch
2026-04-17 21:45:36,927 - Epoch 25, Batch 250, lr = 0.00005, final_loss = 3.7400, nll_loss = 3.6428, ref_nll_loss = 3.8371, ivc_loss = 0.0913, neg_loss_1 = 0.0148, neg_loss_2 = 0.0090, ref_loss = 0.0243, div_loss = 0.0087, 0.642 seconds/batch
2026-04-17 21:46:04,702 - Epoch 25, Batch 300, lr = 0.00005, final_loss = 3.7530, nll_loss = 3.6511, ref_nll_loss = 3.8548, ivc_loss = 0.0853, neg_loss_1 = 0.0124, neg_loss_2 = 0.0079, ref_loss = 0.0210, div_loss = 0.0088, 0.628 seconds/batch
2026-04-17 21:46:32,244 - Epoch 25, Batch 350, lr = 0.00005, final_loss = 3.7224, nll_loss = 3.6226, ref_nll_loss = 3.8222, ivc_loss = 0.0857, neg_loss_1 = 0.0125, neg_loss_2 = 0.0070, ref_loss = 0.0218, div_loss = 0.0089, 0.617 seconds/batch
2026-04-17 21:46:59,582 - Epoch 25, Batch 400, lr = 0.00005, final_loss = 3.7300, nll_loss = 3.6298, ref_nll_loss = 3.8301, ivc_loss = 0.0887, neg_loss_1 = 0.0119, neg_loss_2 = 0.0098, ref_loss = 0.0212, div_loss = 0.0092, 0.608 seconds/batch
2026-04-17 21:47:26,963 - Epoch 25, Batch 450, lr = 0.00005, final_loss = 3.7548, nll_loss = 3.6553, ref_nll_loss = 3.8542, ivc_loss = 0.0887, neg_loss_1 = 0.0138, neg_loss_2 = 0.0085, ref_loss = 0.0227, div_loss = 0.0087, 0.601 seconds/batch
2026-04-17 21:47:54,282 - Epoch 25, Batch 500, lr = 0.00005, final_loss = 3.7510, nll_loss = 3.6518, ref_nll_loss = 3.8503, ivc_loss = 0.0906, neg_loss_1 = 0.0156, neg_loss_2 = 0.0087, ref_loss = 0.0229, div_loss = 0.0087, 0.596 seconds/batch
2026-04-17 21:48:17,991 - Epoch 25, Batch 550, lr = 0.00005, final_loss = 3.7391, nll_loss = 3.6411, ref_nll_loss = 3.8371, ivc_loss = 0.0898, neg_loss_1 = 0.0137, neg_loss_2 = 0.0108, ref_loss = 0.0213, div_loss = 0.0088, 0.585 seconds/batch
2026-04-17 21:48:40,618 - Epoch 25, Batch 600, lr = 0.00005, final_loss = 3.7558, nll_loss = 3.6519, ref_nll_loss = 3.8598, ivc_loss = 0.0855, neg_loss_1 = 0.0144, neg_loss_2 = 0.0090, ref_loss = 0.0185, div_loss = 0.0087, 0.574 seconds/batch
2026-04-17 21:49:08,173 - Epoch 25, Batch 650, lr = 0.00005, final_loss = 3.7452, nll_loss = 3.6433, ref_nll_loss = 3.8470, ivc_loss = 0.0861, neg_loss_1 = 0.0117, neg_loss_2 = 0.0099, ref_loss = 0.0214, div_loss = 0.0086, 0.572 seconds/batch
2026-04-17 21:49:41,936 - Epoch 25, Batch 700, lr = 0.00005, final_loss = 3.7312, nll_loss = 3.6295, ref_nll_loss = 3.8328, ivc_loss = 0.0836, neg_loss_1 = 0.0118, neg_loss_2 = 0.0083, ref_loss = 0.0213, div_loss = 0.0084, 0.579 seconds/batch
2026-04-17 21:50:16,103 - Epoch 25, Batch 750, lr = 0.00005, final_loss = 3.7340, nll_loss = 3.6312, ref_nll_loss = 3.8368, ivc_loss = 0.0863, neg_loss_1 = 0.0141, neg_loss_2 = 0.0092, ref_loss = 0.0216, div_loss = 0.0083, 0.586 seconds/batch
2026-04-17 21:50:50,173 - Epoch 25, Batch 800, lr = 0.00005, final_loss = 3.7357, nll_loss = 3.6353, ref_nll_loss = 3.8360, ivc_loss = 0.0888, neg_loss_1 = 0.0133, neg_loss_2 = 0.0102, ref_loss = 0.0207, div_loss = 0.0089, 0.592 seconds/batch
2026-04-17 21:51:24,159 - Epoch 25, Batch 850, lr = 0.00005, final_loss = 3.7387, nll_loss = 3.6364, ref_nll_loss = 3.8410, ivc_loss = 0.0867, neg_loss_1 = 0.0123, neg_loss_2 = 0.0079, ref_loss = 0.0207, div_loss = 0.0092, 0.597 seconds/batch
2026-04-17 21:51:57,979 - Epoch 25, Batch 900, lr = 0.00005, final_loss = 3.7280, nll_loss = 3.6281, ref_nll_loss = 3.8280, ivc_loss = 0.0886, neg_loss_1 = 0.0129, neg_loss_2 = 0.0097, ref_loss = 0.0223, div_loss = 0.0087, 0.602 seconds/batch
2026-04-17 21:52:31,888 - Epoch 25, Batch 950, lr = 0.00005, final_loss = 3.7525, nll_loss = 3.6479, ref_nll_loss = 3.8571, ivc_loss = 0.0860, neg_loss_1 = 0.0147, neg_loss_2 = 0.0080, ref_loss = 0.0192, div_loss = 0.0088, 0.606 seconds/batch
2026-04-17 21:53:05,862 - Epoch 25, Batch 1000, lr = 0.00005, final_loss = 3.7683, nll_loss = 3.6650, ref_nll_loss = 3.8716, ivc_loss = 0.0892, neg_loss_1 = 0.0154, neg_loss_2 = 0.0091, ref_loss = 0.0206, div_loss = 0.0088, 0.609 seconds/batch
2026-04-17 21:53:41,948 - Epoch 25, Batch 1050, lr = 0.00005, final_loss = 3.7392, nll_loss = 3.6367, ref_nll_loss = 3.8416, ivc_loss = 0.0857, neg_loss_1 = 0.0150, neg_loss_2 = 0.0069, ref_loss = 0.0204, div_loss = 0.0087, 0.615 seconds/batch
2026-04-17 21:54:21,547 - Epoch 25, Batch 1100, lr = 0.00005, final_loss = 3.7612, nll_loss = 3.6608, ref_nll_loss = 3.8617, ivc_loss = 0.0853, neg_loss_1 = 0.0131, neg_loss_2 = 0.0095, ref_loss = 0.0207, div_loss = 0.0084, 0.623 seconds/batch
2026-04-17 21:55:01,524 - Epoch 25, Batch 1150, lr = 0.00005, final_loss = 3.7730, nll_loss = 3.6725, ref_nll_loss = 3.8734, ivc_loss = 0.0913, neg_loss_1 = 0.0161, neg_loss_2 = 0.0099, ref_loss = 0.0222, div_loss = 0.0086, 0.631 seconds/batch
2026-04-17 21:55:17,311 - Epoch 25, Batch 1170, lr = 0.00005, final_loss = 3.7251, nll_loss = 3.6274, ref_nll_loss = 3.8228, ivc_loss = 0.0867, neg_loss_1 = 0.0144, neg_loss_2 = 0.0077, ref_loss = 0.0224, div_loss = 0.0084, 0.633 seconds/batch
2026-04-17 21:55:17,378 - save model to checkpoints/activitynet_moe/cpl_moe/model-25.pt, num_updates 29250.
2026-04-17 22:01:04,646 - | R@1,mIoU 0.3223 | R@1,IoU@0.1 0.7237 | R@1,IoU@0.3 0.5339 | R@1,IoU@0.5 0.2500 | R@1,IoU@0.7 0.0952 | R@1,IoU@0.9 0.0139 | R@5,mIoU 0.5262 | R@5,IoU@0.1 0.9199 | R@5,IoU@0.3 0.7855 | R@5,IoU@0.5 0.5414 | R@5,IoU@0.7 0.3187 | R@5,IoU@0.9 0.0765 |
2026-04-17 22:01:04,723 - Best results have been updated.
2026-04-17 22:01:04,723 - ============================================================
2026-04-17 22:01:04,723 - Start Epoch 26
2026-04-17 22:01:45,273 - Epoch 26, Batch 50, lr = 0.00005, final_loss = 3.7284, nll_loss = 3.6261, ref_nll_loss = 3.8308, ivc_loss = 0.0858, neg_loss_1 = 0.0146, neg_loss_2 = 0.0084, ref_loss = 0.0198, div_loss = 0.0086, 0.811 seconds/batch
2026-04-17 22:02:22,588 - Epoch 26, Batch 100, lr = 0.00005, final_loss = 3.7382, nll_loss = 3.6357, ref_nll_loss = 3.8407, ivc_loss = 0.0881, neg_loss_1 = 0.0146, neg_loss_2 = 0.0072, ref_loss = 0.0228, div_loss = 0.0087, 0.779 seconds/batch
2026-04-17 22:02:54,746 - Epoch 26, Batch 150, lr = 0.00005, final_loss = 3.7032, nll_loss = 3.6003, ref_nll_loss = 3.8061, ivc_loss = 0.0836, neg_loss_1 = 0.0127, neg_loss_2 = 0.0087, ref_loss = 0.0188, div_loss = 0.0087, 0.733 seconds/batch
2026-04-17 22:03:22,294 - Epoch 26, Batch 200, lr = 0.00005, final_loss = 3.7078, nll_loss = 3.6048, ref_nll_loss = 3.8109, ivc_loss = 0.0854, neg_loss_1 = 0.0129, neg_loss_2 = 0.0078, ref_loss = 0.0197, div_loss = 0.0090, 0.688 seconds/batch
2026-04-17 22:03:49,642 - Epoch 26, Batch 250, lr = 0.00005, final_loss = 3.7258, nll_loss = 3.6228, ref_nll_loss = 3.8289, ivc_loss = 0.0870, neg_loss_1 = 0.0127, neg_loss_2 = 0.0095, ref_loss = 0.0193, div_loss = 0.0091, 0.660 seconds/batch
2026-04-17 22:04:17,259 - Epoch 26, Batch 300, lr = 0.00005, final_loss = 3.7389, nll_loss = 3.6364, ref_nll_loss = 3.8414, ivc_loss = 0.0914, neg_loss_1 = 0.0153, neg_loss_2 = 0.0083, ref_loss = 0.0217, div_loss = 0.0092, 0.642 seconds/batch
2026-04-17 22:04:44,780 - Epoch 26, Batch 350, lr = 0.00005, final_loss = 3.7463, nll_loss = 3.6425, ref_nll_loss = 3.8501, ivc_loss = 0.0856, neg_loss_1 = 0.0121, neg_loss_2 = 0.0062, ref_loss = 0.0205, div_loss = 0.0094, 0.629 seconds/batch
2026-04-17 22:05:12,226 - Epoch 26, Batch 400, lr = 0.00005, final_loss = 3.7279, nll_loss = 3.6262, ref_nll_loss = 3.8296, ivc_loss = 0.0907, neg_loss_1 = 0.0153, neg_loss_2 = 0.0084, ref_loss = 0.0223, div_loss = 0.0089, 0.619 seconds/batch
2026-04-17 22:05:39,754 - Epoch 26, Batch 450, lr = 0.00005, final_loss = 3.6941, nll_loss = 3.5935, ref_nll_loss = 3.7946, ivc_loss = 0.0910, neg_loss_1 = 0.0139, neg_loss_2 = 0.0105, ref_loss = 0.0220, div_loss = 0.0089, 0.611 seconds/batch
2026-04-17 22:06:07,293 - Epoch 26, Batch 500, lr = 0.00005, final_loss = 3.7284, nll_loss = 3.6272, ref_nll_loss = 3.8295, ivc_loss = 0.0884, neg_loss_1 = 0.0140, neg_loss_2 = 0.0085, ref_loss = 0.0229, div_loss = 0.0086, 0.605 seconds/batch
2026-04-17 22:06:30,851 - Epoch 26, Batch 550, lr = 0.00005, final_loss = 3.7474, nll_loss = 3.6441, ref_nll_loss = 3.8506, ivc_loss = 0.0876, neg_loss_1 = 0.0157, neg_loss_2 = 0.0067, ref_loss = 0.0221, div_loss = 0.0086, 0.593 seconds/batch
2026-04-17 22:06:52,713 - Epoch 26, Batch 600, lr = 0.00005, final_loss = 3.7379, nll_loss = 3.6389, ref_nll_loss = 3.8369, ivc_loss = 0.0889, neg_loss_1 = 0.0158, neg_loss_2 = 0.0082, ref_loss = 0.0220, div_loss = 0.0086, 0.580 seconds/batch
2026-04-17 22:07:19,164 - Epoch 26, Batch 650, lr = 0.00005, final_loss = 3.7387, nll_loss = 3.6399, ref_nll_loss = 3.8374, ivc_loss = 0.0869, neg_loss_1 = 0.0124, neg_loss_2 = 0.0099, ref_loss = 0.0219, div_loss = 0.0085, 0.576 seconds/batch
2026-04-17 22:07:50,687 - Epoch 26, Batch 700, lr = 0.00005, final_loss = 3.7468, nll_loss = 3.6449, ref_nll_loss = 3.8487, ivc_loss = 0.0856, neg_loss_1 = 0.0152, neg_loss_2 = 0.0070, ref_loss = 0.0212, div_loss = 0.0084, 0.580 seconds/batch
2026-04-17 22:08:24,350 - Epoch 26, Batch 750, lr = 0.00005, final_loss = 3.7656, nll_loss = 3.6662, ref_nll_loss = 3.8650, ivc_loss = 0.0846, neg_loss_1 = 0.0147, neg_loss_2 = 0.0072, ref_loss = 0.0197, div_loss = 0.0086, 0.586 seconds/batch
2026-04-17 22:08:58,283 - Epoch 26, Batch 800, lr = 0.00005, final_loss = 3.7397, nll_loss = 3.6381, ref_nll_loss = 3.8414, ivc_loss = 0.0901, neg_loss_1 = 0.0171, neg_loss_2 = 0.0089, ref_loss = 0.0233, div_loss = 0.0082, 0.592 seconds/batch
2026-04-17 22:09:32,293 - Epoch 26, Batch 850, lr = 0.00005, final_loss = 3.7102, nll_loss = 3.6062, ref_nll_loss = 3.8141, ivc_loss = 0.0858, neg_loss_1 = 0.0134, neg_loss_2 = 0.0075, ref_loss = 0.0206, div_loss = 0.0088, 0.597 seconds/batch
2026-04-17 22:10:06,145 - Epoch 26, Batch 900, lr = 0.00005, final_loss = 3.7458, nll_loss = 3.6460, ref_nll_loss = 3.8456, ivc_loss = 0.0896, neg_loss_1 = 0.0140, neg_loss_2 = 0.0090, ref_loss = 0.0230, div_loss = 0.0087, 0.602 seconds/batch
2026-04-17 22:10:40,467 - Epoch 26, Batch 950, lr = 0.00005, final_loss = 3.7450, nll_loss = 3.6455, ref_nll_loss = 3.8444, ivc_loss = 0.0872, neg_loss_1 = 0.0133, neg_loss_2 = 0.0090, ref_loss = 0.0206, div_loss = 0.0089, 0.606 seconds/batch
2026-04-17 22:11:14,312 - Epoch 26, Batch 1000, lr = 0.00005, final_loss = 3.7386, nll_loss = 3.6383, ref_nll_loss = 3.8388, ivc_loss = 0.0887, neg_loss_1 = 0.0151, neg_loss_2 = 0.0085, ref_loss = 0.0210, div_loss = 0.0088, 0.610 seconds/batch
2026-04-17 22:11:50,496 - Epoch 26, Batch 1050, lr = 0.00005, final_loss = 3.7536, nll_loss = 3.6486, ref_nll_loss = 3.8586, ivc_loss = 0.0821, neg_loss_1 = 0.0110, neg_loss_2 = 0.0083, ref_loss = 0.0190, div_loss = 0.0088, 0.615 seconds/batch
2026-04-17 22:12:29,988 - Epoch 26, Batch 1100, lr = 0.00005, final_loss = 3.7427, nll_loss = 3.6434, ref_nll_loss = 3.8419, ivc_loss = 0.0893, neg_loss_1 = 0.0154, neg_loss_2 = 0.0085, ref_loss = 0.0221, div_loss = 0.0087, 0.623 seconds/batch
2026-04-17 22:13:09,399 - Epoch 26, Batch 1150, lr = 0.00005, final_loss = 3.7160, nll_loss = 3.6141, ref_nll_loss = 3.8180, ivc_loss = 0.0843, neg_loss_1 = 0.0131, neg_loss_2 = 0.0079, ref_loss = 0.0189, div_loss = 0.0089, 0.630 seconds/batch
2026-04-17 22:13:24,803 - Epoch 26, Batch 1170, lr = 0.00005, final_loss = 3.7350, nll_loss = 3.6386, ref_nll_loss = 3.8314, ivc_loss = 0.0901, neg_loss_1 = 0.0165, neg_loss_2 = 0.0095, ref_loss = 0.0230, div_loss = 0.0082, 0.633 seconds/batch
2026-04-17 22:13:24,870 - save model to checkpoints/activitynet_moe/cpl_moe/model-26.pt, num_updates 30420.
2026-04-17 22:19:13,752 - | R@1,mIoU 0.2989 | R@1,IoU@0.1 0.6731 | R@1,IoU@0.3 0.5066 | R@1,IoU@0.5 0.2276 | R@1,IoU@0.7 0.0796 | R@1,IoU@0.9 0.0107 | R@5,mIoU 0.5266 | R@5,IoU@0.1 0.9200 | R@5,IoU@0.3 0.7853 | R@5,IoU@0.5 0.5444 | R@5,IoU@0.7 0.3205 | R@5,IoU@0.9 0.0725 |
2026-04-17 22:19:13,752 - ============================================================
2026-04-17 22:19:13,752 - Start Epoch 27
2026-04-17 22:19:54,105 - Epoch 27, Batch 50, lr = 0.00005, final_loss = 3.7048, nll_loss = 3.6027, ref_nll_loss = 3.8069, ivc_loss = 0.0890, neg_loss_1 = 0.0144, neg_loss_2 = 0.0090, ref_loss = 0.0228, div_loss = 0.0086, 0.807 seconds/batch
2026-04-17 22:20:33,388 - Epoch 27, Batch 100, lr = 0.00005, final_loss = 3.7192, nll_loss = 3.6137, ref_nll_loss = 3.8246, ivc_loss = 0.0858, neg_loss_1 = 0.0144, neg_loss_2 = 0.0096, ref_loss = 0.0198, div_loss = 0.0084, 0.796 seconds/batch
2026-04-17 22:21:07,479 - Epoch 27, Batch 150, lr = 0.00005, final_loss = 3.7085, nll_loss = 3.6079, ref_nll_loss = 3.8092, ivc_loss = 0.0901, neg_loss_1 = 0.0141, neg_loss_2 = 0.0091, ref_loss = 0.0222, div_loss = 0.0090, 0.758 seconds/batch
2026-04-17 22:21:35,477 - Epoch 27, Batch 200, lr = 0.00005, final_loss = 3.6934, nll_loss = 3.5912, ref_nll_loss = 3.7956, ivc_loss = 0.0898, neg_loss_1 = 0.0152, neg_loss_2 = 0.0073, ref_loss = 0.0239, div_loss = 0.0087, 0.709 seconds/batch
2026-04-17 22:22:03,419 - Epoch 27, Batch 250, lr = 0.00005, final_loss = 3.7196, nll_loss = 3.6213, ref_nll_loss = 3.8178, ivc_loss = 0.0861, neg_loss_1 = 0.0126, neg_loss_2 = 0.0093, ref_loss = 0.0222, div_loss = 0.0084, 0.679 seconds/batch
2026-04-17 22:22:30,877 - Epoch 27, Batch 300, lr = 0.00005, final_loss = 3.7298, nll_loss = 3.6321, ref_nll_loss = 3.8275, ivc_loss = 0.0889, neg_loss_1 = 0.0143, neg_loss_2 = 0.0087, ref_loss = 0.0224, div_loss = 0.0087, 0.657 seconds/batch
2026-04-17 22:22:58,614 - Epoch 27, Batch 350, lr = 0.00005, final_loss = 3.7507, nll_loss = 3.6526, ref_nll_loss = 3.8488, ivc_loss = 0.0924, neg_loss_1 = 0.0159, neg_loss_2 = 0.0096, ref_loss = 0.0229, div_loss = 0.0088, 0.642 seconds/batch
2026-04-17 22:23:26,082 - Epoch 27, Batch 400, lr = 0.00005, final_loss = 3.7371, nll_loss = 3.6369, ref_nll_loss = 3.8374, ivc_loss = 0.0872, neg_loss_1 = 0.0132, neg_loss_2 = 0.0103, ref_loss = 0.0210, div_loss = 0.0085, 0.631 seconds/batch
2026-04-17 22:23:53,773 - Epoch 27, Batch 450, lr = 0.00005, final_loss = 3.7347, nll_loss = 3.6304, ref_nll_loss = 3.8389, ivc_loss = 0.0866, neg_loss_1 = 0.0143, neg_loss_2 = 0.0073, ref_loss = 0.0204, div_loss = 0.0089, 0.622 seconds/batch
2026-04-17 22:24:21,533 - Epoch 27, Batch 500, lr = 0.00005, final_loss = 3.7142, nll_loss = 3.6155, ref_nll_loss = 3.8129, ivc_loss = 0.0905, neg_loss_1 = 0.0168, neg_loss_2 = 0.0085, ref_loss = 0.0237, div_loss = 0.0083, 0.616 seconds/batch
2026-04-17 22:24:45,019 - Epoch 27, Batch 550, lr = 0.00005, final_loss = 3.7198, nll_loss = 3.6214, ref_nll_loss = 3.8182, ivc_loss = 0.0885, neg_loss_1 = 0.0165, neg_loss_2 = 0.0077, ref_loss = 0.0228, div_loss = 0.0083, 0.602 seconds/batch
2026-04-17 22:25:06,687 - Epoch 27, Batch 600, lr = 0.00005, final_loss = 3.7162, nll_loss = 3.6171, ref_nll_loss = 3.8154, ivc_loss = 0.0897, neg_loss_1 = 0.0141, neg_loss_2 = 0.0081, ref_loss = 0.0224, div_loss = 0.0090, 0.588 seconds/batch
2026-04-17 22:25:31,697 - Epoch 27, Batch 650, lr = 0.00005, final_loss = 3.7004, nll_loss = 3.5994, ref_nll_loss = 3.8015, ivc_loss = 0.0890, neg_loss_1 = 0.0131, neg_loss_2 = 0.0091, ref_loss = 0.0216, div_loss = 0.0090, 0.581 seconds/batch
2026-04-17 22:26:01,476 - Epoch 27, Batch 700, lr = 0.00005, final_loss = 3.7425, nll_loss = 3.6402, ref_nll_loss = 3.8447, ivc_loss = 0.0874, neg_loss_1 = 0.0122, neg_loss_2 = 0.0093, ref_loss = 0.0221, div_loss = 0.0088, 0.582 seconds/batch
2026-04-17 22:26:35,462 - Epoch 27, Batch 750, lr = 0.00005, final_loss = 3.7604, nll_loss = 3.6575, ref_nll_loss = 3.8633, ivc_loss = 0.0877, neg_loss_1 = 0.0146, neg_loss_2 = 0.0085, ref_loss = 0.0192, div_loss = 0.0091, 0.589 seconds/batch
2026-04-17 22:27:09,344 - Epoch 27, Batch 800, lr = 0.00005, final_loss = 3.7407, nll_loss = 3.6357, ref_nll_loss = 3.8456, ivc_loss = 0.0864, neg_loss_1 = 0.0142, neg_loss_2 = 0.0088, ref_loss = 0.0189, div_loss = 0.0089, 0.594 seconds/batch
2026-04-17 22:27:43,030 - Epoch 27, Batch 850, lr = 0.00005, final_loss = 3.7206, nll_loss = 3.6232, ref_nll_loss = 3.8181, ivc_loss = 0.0867, neg_loss_1 = 0.0132, neg_loss_2 = 0.0077, ref_loss = 0.0215, div_loss = 0.0089, 0.599 seconds/batch
2026-04-17 22:28:16,902 - Epoch 27, Batch 900, lr = 0.00005, final_loss = 3.7285, nll_loss = 3.6247, ref_nll_loss = 3.8322, ivc_loss = 0.0871, neg_loss_1 = 0.0133, neg_loss_2 = 0.0085, ref_loss = 0.0211, div_loss = 0.0088, 0.603 seconds/batch
2026-04-17 22:28:50,906 - Epoch 27, Batch 950, lr = 0.00005, final_loss = 3.7274, nll_loss = 3.6242, ref_nll_loss = 3.8306, ivc_loss = 0.0896, neg_loss_1 = 0.0130, neg_loss_2 = 0.0096, ref_loss = 0.0213, div_loss = 0.0091, 0.608 seconds/batch
2026-04-17 22:29:24,735 - Epoch 27, Batch 1000, lr = 0.00005, final_loss = 3.7326, nll_loss = 3.6311, ref_nll_loss = 3.8342, ivc_loss = 0.0887, neg_loss_1 = 0.0158, neg_loss_2 = 0.0081, ref_loss = 0.0208, div_loss = 0.0088, 0.611 seconds/batch
2026-04-17 22:30:01,366 - Epoch 27, Batch 1050, lr = 0.00005, final_loss = 3.7365, nll_loss = 3.6358, ref_nll_loss = 3.8372, ivc_loss = 0.0901, neg_loss_1 = 0.0159, neg_loss_2 = 0.0084, ref_loss = 0.0221, div_loss = 0.0087, 0.617 seconds/batch
2026-04-17 22:30:41,265 - Epoch 27, Batch 1100, lr = 0.00005, final_loss = 3.7166, nll_loss = 3.6135, ref_nll_loss = 3.8196, ivc_loss = 0.0890, neg_loss_1 = 0.0128, neg_loss_2 = 0.0102, ref_loss = 0.0220, div_loss = 0.0088, 0.625 seconds/batch
2026-04-17 22:31:21,018 - Epoch 27, Batch 1150, lr = 0.00005, final_loss = 3.7288, nll_loss = 3.6255, ref_nll_loss = 3.8321, ivc_loss = 0.0852, neg_loss_1 = 0.0141, neg_loss_2 = 0.0089, ref_loss = 0.0191, div_loss = 0.0086, 0.632 seconds/batch
2026-04-17 22:31:36,490 - Epoch 27, Batch 1170, lr = 0.00005, final_loss = 3.7678, nll_loss = 3.6699, ref_nll_loss = 3.8656, ivc_loss = 0.0877, neg_loss_1 = 0.0151, neg_loss_2 = 0.0077, ref_loss = 0.0218, div_loss = 0.0086, 0.635 seconds/batch
2026-04-17 22:31:36,555 - save model to checkpoints/activitynet_moe/cpl_moe/model-27.pt, num_updates 31590.
2026-04-17 22:37:24,008 - | R@1,mIoU 0.3193 | R@1,IoU@0.1 0.7366 | R@1,IoU@0.3 0.5382 | R@1,IoU@0.5 0.2394 | R@1,IoU@0.7 0.0798 | R@1,IoU@0.9 0.0094 | R@5,mIoU 0.5268 | R@5,IoU@0.1 0.9202 | R@5,IoU@0.3 0.7858 | R@5,IoU@0.5 0.5438 | R@5,IoU@0.7 0.3236 | R@5,IoU@0.9 0.0760 |
2026-04-17 22:37:24,009 - ============================================================
2026-04-17 22:37:24,009 - Start Epoch 28
2026-04-17 22:38:04,054 - Epoch 28, Batch 50, lr = 0.00004, final_loss = 3.6986, nll_loss = 3.5956, ref_nll_loss = 3.8015, ivc_loss = 0.0863, neg_loss_1 = 0.0163, neg_loss_2 = 0.0065, ref_loss = 0.0201, div_loss = 0.0087, 0.801 seconds/batch
2026-04-17 22:38:44,026 - Epoch 28, Batch 100, lr = 0.00004, final_loss = 3.7044, nll_loss = 3.6010, ref_nll_loss = 3.8078, ivc_loss = 0.0870, neg_loss_1 = 0.0155, neg_loss_2 = 0.0083, ref_loss = 0.0201, div_loss = 0.0086, 0.800 seconds/batch
2026-04-17 22:39:19,416 - Epoch 28, Batch 150, lr = 0.00004, final_loss = 3.6880, nll_loss = 3.5868, ref_nll_loss = 3.7891, ivc_loss = 0.0898, neg_loss_1 = 0.0156, neg_loss_2 = 0.0080, ref_loss = 0.0212, div_loss = 0.0090, 0.769 seconds/batch
2026-04-17 22:39:49,096 - Epoch 28, Batch 200, lr = 0.00004, final_loss = 3.7007, nll_loss = 3.5984, ref_nll_loss = 3.8029, ivc_loss = 0.0864, neg_loss_1 = 0.0136, neg_loss_2 = 0.0090, ref_loss = 0.0200, div_loss = 0.0088, 0.725 seconds/batch
2026-04-17 22:40:16,747 - Epoch 28, Batch 250, lr = 0.00004, final_loss = 3.7061, nll_loss = 3.6042, ref_nll_loss = 3.8080, ivc_loss = 0.0911, neg_loss_1 = 0.0147, neg_loss_2 = 0.0086, ref_loss = 0.0230, div_loss = 0.0090, 0.691 seconds/batch
2026-04-17 22:40:44,311 - Epoch 28, Batch 300, lr = 0.00004, final_loss = 3.6810, nll_loss = 3.5794, ref_nll_loss = 3.7826, ivc_loss = 0.0940, neg_loss_1 = 0.0166, neg_loss_2 = 0.0084, ref_loss = 0.0235, div_loss = 0.0091, 0.668 seconds/batch
2026-04-17 22:41:11,931 - Epoch 28, Batch 350, lr = 0.00004, final_loss = 3.7173, nll_loss = 3.6117, ref_nll_loss = 3.8230, ivc_loss = 0.0865, neg_loss_1 = 0.0155, neg_loss_2 = 0.0078, ref_loss = 0.0176, div_loss = 0.0091, 0.651 seconds/batch
2026-04-17 22:41:39,567 - Epoch 28, Batch 400, lr = 0.00004, final_loss = 3.6964, nll_loss = 3.5947, ref_nll_loss = 3.7980, ivc_loss = 0.0822, neg_loss_1 = 0.0130, neg_loss_2 = 0.0074, ref_loss = 0.0187, div_loss = 0.0086, 0.639 seconds/batch
2026-04-17 22:42:07,158 - Epoch 28, Batch 450, lr = 0.00004, final_loss = 3.7237, nll_loss = 3.6195, ref_nll_loss = 3.8279, ivc_loss = 0.0895, neg_loss_1 = 0.0140, neg_loss_2 = 0.0090, ref_loss = 0.0218, div_loss = 0.0089, 0.629 seconds/batch
2026-04-17 22:42:34,685 - Epoch 28, Batch 500, lr = 0.00004, final_loss = 3.7082, nll_loss = 3.6043, ref_nll_loss = 3.8120, ivc_loss = 0.0909, neg_loss_1 = 0.0151, neg_loss_2 = 0.0092, ref_loss = 0.0211, div_loss = 0.0091, 0.621 seconds/batch
2026-04-17 22:42:58,076 - Epoch 28, Batch 550, lr = 0.00004, final_loss = 3.7182, nll_loss = 3.6201, ref_nll_loss = 3.8164, ivc_loss = 0.0919, neg_loss_1 = 0.0160, neg_loss_2 = 0.0085, ref_loss = 0.0236, div_loss = 0.0088, 0.607 seconds/batch
2026-04-17 22:43:19,733 - Epoch 28, Batch 600, lr = 0.00004, final_loss = 3.7432, nll_loss = 3.6439, ref_nll_loss = 3.8425, ivc_loss = 0.0867, neg_loss_1 = 0.0130, neg_loss_2 = 0.0089, ref_loss = 0.0223, div_loss = 0.0085, 0.593 seconds/batch
2026-04-17 22:43:42,610 - Epoch 28, Batch 650, lr = 0.00004, final_loss = 3.7169, nll_loss = 3.6139, ref_nll_loss = 3.8200, ivc_loss = 0.0869, neg_loss_1 = 0.0150, neg_loss_2 = 0.0080, ref_loss = 0.0192, div_loss = 0.0089, 0.582 seconds/batch
2026-04-17 22:44:10,389 - Epoch 28, Batch 700, lr = 0.00004, final_loss = 3.7242, nll_loss = 3.6227, ref_nll_loss = 3.8258, ivc_loss = 0.0860, neg_loss_1 = 0.0123, neg_loss_2 = 0.0088, ref_loss = 0.0205, div_loss = 0.0089, 0.581 seconds/batch
2026-04-17 22:44:44,293 - Epoch 28, Batch 750, lr = 0.00004, final_loss = 3.7605, nll_loss = 3.6597, ref_nll_loss = 3.8613, ivc_loss = 0.0909, neg_loss_1 = 0.0152, neg_loss_2 = 0.0077, ref_loss = 0.0229, div_loss = 0.0090, 0.587 seconds/batch
2026-04-17 22:45:18,144 - Epoch 28, Batch 800, lr = 0.00004, final_loss = 3.7016, nll_loss = 3.5992, ref_nll_loss = 3.8041, ivc_loss = 0.0881, neg_loss_1 = 0.0121, neg_loss_2 = 0.0075, ref_loss = 0.0227, div_loss = 0.0092, 0.593 seconds/batch
2026-04-17 22:45:52,063 - Epoch 28, Batch 850, lr = 0.00004, final_loss = 3.7274, nll_loss = 3.6247, ref_nll_loss = 3.8302, ivc_loss = 0.0878, neg_loss_1 = 0.0135, neg_loss_2 = 0.0079, ref_loss = 0.0215, div_loss = 0.0090, 0.598 seconds/batch
2026-04-17 22:46:25,927 - Epoch 28, Batch 900, lr = 0.00004, final_loss = 3.7223, nll_loss = 3.6181, ref_nll_loss = 3.8264, ivc_loss = 0.0861, neg_loss_1 = 0.0146, neg_loss_2 = 0.0071, ref_loss = 0.0195, div_loss = 0.0090, 0.602 seconds/batch
2026-04-17 22:46:59,785 - Epoch 28, Batch 950, lr = 0.00004, final_loss = 3.7132, nll_loss = 3.6092, ref_nll_loss = 3.8172, ivc_loss = 0.0837, neg_loss_1 = 0.0137, neg_loss_2 = 0.0085, ref_loss = 0.0184, div_loss = 0.0086, 0.606 seconds/batch
2026-04-17 22:47:33,905 - Epoch 28, Batch 1000, lr = 0.00004, final_loss = 3.7085, nll_loss = 3.6079, ref_nll_loss = 3.8091, ivc_loss = 0.0913, neg_loss_1 = 0.0144, neg_loss_2 = 0.0104, ref_loss = 0.0231, div_loss = 0.0087, 0.610 seconds/batch
2026-04-17 22:48:10,215 - Epoch 28, Batch 1050, lr = 0.00004, final_loss = 3.7242, nll_loss = 3.6230, ref_nll_loss = 3.8254, ivc_loss = 0.0884, neg_loss_1 = 0.0168, neg_loss_2 = 0.0069, ref_loss = 0.0220, div_loss = 0.0085, 0.615 seconds/batch
2026-04-17 22:48:50,095 - Epoch 28, Batch 1100, lr = 0.00004, final_loss = 3.7261, nll_loss = 3.6237, ref_nll_loss = 3.8286, ivc_loss = 0.0849, neg_loss_1 = 0.0138, neg_loss_2 = 0.0067, ref_loss = 0.0201, div_loss = 0.0088, 0.624 seconds/batch
2026-04-17 22:49:30,067 - Epoch 28, Batch 1150, lr = 0.00004, final_loss = 3.7138, nll_loss = 3.6108, ref_nll_loss = 3.8167, ivc_loss = 0.0860, neg_loss_1 = 0.0145, neg_loss_2 = 0.0077, ref_loss = 0.0205, div_loss = 0.0086, 0.631 seconds/batch
2026-04-17 22:49:45,688 - Epoch 28, Batch 1170, lr = 0.00004, final_loss = 3.7288, nll_loss = 3.6318, ref_nll_loss = 3.8259, ivc_loss = 0.0868, neg_loss_1 = 0.0171, neg_loss_2 = 0.0030, ref_loss = 0.0242, div_loss = 0.0085, 0.634 seconds/batch
2026-04-17 22:49:45,754 - save model to checkpoints/activitynet_moe/cpl_moe/model-28.pt, num_updates 32760.
2026-04-17 22:55:33,641 - | R@1,mIoU 0.2985 | R@1,IoU@0.1 0.6728 | R@1,IoU@0.3 0.5076 | R@1,IoU@0.5 0.2268 | R@1,IoU@0.7 0.0787 | R@1,IoU@0.9 0.0124 | R@5,mIoU 0.5300 | R@5,IoU@0.1 0.9204 | R@5,IoU@0.3 0.7889 | R@5,IoU@0.5 0.5490 | R@5,IoU@0.7 0.3235 | R@5,IoU@0.9 0.0792 |
2026-04-17 22:55:33,642 - ============================================================
2026-04-17 22:55:33,642 - Start Epoch 29
2026-04-17 22:56:13,492 - Epoch 29, Batch 50, lr = 0.00004, final_loss = 3.7238, nll_loss = 3.6196, ref_nll_loss = 3.8281, ivc_loss = 0.0886, neg_loss_1 = 0.0146, neg_loss_2 = 0.0073, ref_loss = 0.0225, div_loss = 0.0088, 0.797 seconds/batch
2026-04-17 22:56:53,494 - Epoch 29, Batch 100, lr = 0.00004, final_loss = 3.6934, nll_loss = 3.5881, ref_nll_loss = 3.7987, ivc_loss = 0.0881, neg_loss_1 = 0.0147, neg_loss_2 = 0.0085, ref_loss = 0.0184, div_loss = 0.0093, 0.799 seconds/batch
2026-04-17 22:57:30,625 - Epoch 29, Batch 150, lr = 0.00004, final_loss = 3.6979, nll_loss = 3.5961, ref_nll_loss = 3.7998, ivc_loss = 0.0893, neg_loss_1 = 0.0149, neg_loss_2 = 0.0076, ref_loss = 0.0224, div_loss = 0.0089, 0.780 seconds/batch
2026-04-17 22:58:02,997 - Epoch 29, Batch 200, lr = 0.00004, final_loss = 3.7068, nll_loss = 3.6052, ref_nll_loss = 3.8083, ivc_loss = 0.0866, neg_loss_1 = 0.0142, neg_loss_2 = 0.0062, ref_loss = 0.0212, div_loss = 0.0090, 0.747 seconds/batch
2026-04-17 22:58:30,425 - Epoch 29, Batch 250, lr = 0.00004, final_loss = 3.6767, nll_loss = 3.5735, ref_nll_loss = 3.7798, ivc_loss = 0.0886, neg_loss_1 = 0.0140, neg_loss_2 = 0.0081, ref_loss = 0.0218, div_loss = 0.0090, 0.707 seconds/batch
2026-04-17 22:58:58,074 - Epoch 29, Batch 300, lr = 0.00004, final_loss = 3.6923, nll_loss = 3.5919, ref_nll_loss = 3.7928, ivc_loss = 0.0856, neg_loss_1 = 0.0133, neg_loss_2 = 0.0088, ref_loss = 0.0210, div_loss = 0.0085, 0.681 seconds/batch
2026-04-17 22:59:25,655 - Epoch 29, Batch 350, lr = 0.00004, final_loss = 3.7115, nll_loss = 3.6093, ref_nll_loss = 3.8136, ivc_loss = 0.0887, neg_loss_1 = 0.0131, neg_loss_2 = 0.0081, ref_loss = 0.0213, div_loss = 0.0092, 0.663 seconds/batch
2026-04-17 22:59:53,300 - Epoch 29, Batch 400, lr = 0.00004, final_loss = 3.6780, nll_loss = 3.5734, ref_nll_loss = 3.7827, ivc_loss = 0.0901, neg_loss_1 = 0.0128, neg_loss_2 = 0.0101, ref_loss = 0.0229, div_loss = 0.0089, 0.649 seconds/batch
2026-04-17 23:00:20,622 - Epoch 29, Batch 450, lr = 0.00004, final_loss = 3.7156, nll_loss = 3.6149, ref_nll_loss = 3.8163, ivc_loss = 0.0917, neg_loss_1 = 0.0135, neg_loss_2 = 0.0084, ref_loss = 0.0225, div_loss = 0.0095, 0.638 seconds/batch
2026-04-17 23:00:48,041 - Epoch 29, Batch 500, lr = 0.00004, final_loss = 3.6998, nll_loss = 3.5993, ref_nll_loss = 3.8002, ivc_loss = 0.0901, neg_loss_1 = 0.0138, neg_loss_2 = 0.0086, ref_loss = 0.0214, div_loss = 0.0092, 0.629 seconds/batch
2026-04-17 23:01:10,910 - Epoch 29, Batch 550, lr = 0.00004, final_loss = 3.6852, nll_loss = 3.5806, ref_nll_loss = 3.7898, ivc_loss = 0.0882, neg_loss_1 = 0.0139, neg_loss_2 = 0.0068, ref_loss = 0.0202, div_loss = 0.0094, 0.613 seconds/batch
2026-04-17 23:01:32,698 - Epoch 29, Batch 600, lr = 0.00004, final_loss = 3.6904, nll_loss = 3.5858, ref_nll_loss = 3.7950, ivc_loss = 0.0908, neg_loss_1 = 0.0132, neg_loss_2 = 0.0089, ref_loss = 0.0189, div_loss = 0.0100, 0.598 seconds/batch
2026-04-17 23:01:54,664 - Epoch 29, Batch 650, lr = 0.00004, final_loss = 3.6961, nll_loss = 3.5922, ref_nll_loss = 3.8000, ivc_loss = 0.0926, neg_loss_1 = 0.0166, neg_loss_2 = 0.0087, ref_loss = 0.0224, div_loss = 0.0090, 0.586 seconds/batch
2026-04-17 23:02:21,897 - Epoch 29, Batch 700, lr = 0.00004, final_loss = 3.7018, nll_loss = 3.5990, ref_nll_loss = 3.8046, ivc_loss = 0.0867, neg_loss_1 = 0.0144, neg_loss_2 = 0.0080, ref_loss = 0.0193, div_loss = 0.0090, 0.583 seconds/batch
2026-04-17 23:02:53,970 - Epoch 29, Batch 750, lr = 0.00004, final_loss = 3.6999, nll_loss = 3.5948, ref_nll_loss = 3.8049, ivc_loss = 0.0857, neg_loss_1 = 0.0139, neg_loss_2 = 0.0079, ref_loss = 0.0200, div_loss = 0.0088, 0.587 seconds/batch
2026-04-17 23:03:27,903 - Epoch 29, Batch 800, lr = 0.00004, final_loss = 3.7109, nll_loss = 3.6100, ref_nll_loss = 3.8117, ivc_loss = 0.0896, neg_loss_1 = 0.0143, neg_loss_2 = 0.0080, ref_loss = 0.0210, div_loss = 0.0092, 0.593 seconds/batch
2026-04-17 23:04:01,855 - Epoch 29, Batch 850, lr = 0.00004, final_loss = 3.7130, nll_loss = 3.6155, ref_nll_loss = 3.8105, ivc_loss = 0.0886, neg_loss_1 = 0.0123, neg_loss_2 = 0.0074, ref_loss = 0.0236, div_loss = 0.0091, 0.598 seconds/batch
2026-04-17 23:04:35,796 - Epoch 29, Batch 900, lr = 0.00004, final_loss = 3.6895, nll_loss = 3.5901, ref_nll_loss = 3.7888, ivc_loss = 0.0822, neg_loss_1 = 0.0133, neg_loss_2 = 0.0066, ref_loss = 0.0190, div_loss = 0.0087, 0.602 seconds/batch
2026-04-17 23:05:09,878 - Epoch 29, Batch 950, lr = 0.00004, final_loss = 3.7418, nll_loss = 3.6364, ref_nll_loss = 3.8472, ivc_loss = 0.0871, neg_loss_1 = 0.0128, neg_loss_2 = 0.0091, ref_loss = 0.0200, div_loss = 0.0090, 0.607 seconds/batch
2026-04-17 23:05:43,816 - Epoch 29, Batch 1000, lr = 0.00004, final_loss = 3.6871, nll_loss = 3.5806, ref_nll_loss = 3.7935, ivc_loss = 0.0852, neg_loss_1 = 0.0125, neg_loss_2 = 0.0075, ref_loss = 0.0207, div_loss = 0.0089, 0.610 seconds/batch
2026-04-17 23:06:20,469 - Epoch 29, Batch 1050, lr = 0.00004, final_loss = 3.7074, nll_loss = 3.6023, ref_nll_loss = 3.8126, ivc_loss = 0.0862, neg_loss_1 = 0.0122, neg_loss_2 = 0.0076, ref_loss = 0.0200, div_loss = 0.0093, 0.616 seconds/batch
2026-04-17 23:07:00,158 - Epoch 29, Batch 1100, lr = 0.00004, final_loss = 3.7440, nll_loss = 3.6400, ref_nll_loss = 3.8481, ivc_loss = 0.0879, neg_loss_1 = 0.0101, neg_loss_2 = 0.0081, ref_loss = 0.0207, div_loss = 0.0098, 0.624 seconds/batch
2026-04-17 23:07:40,063 - Epoch 29, Batch 1150, lr = 0.00004, final_loss = 3.7190, nll_loss = 3.6123, ref_nll_loss = 3.8257, ivc_loss = 0.0879, neg_loss_1 = 0.0130, neg_loss_2 = 0.0081, ref_loss = 0.0216, div_loss = 0.0090, 0.632 seconds/batch
2026-04-17 23:07:55,775 - Epoch 29, Batch 1170, lr = 0.00004, final_loss = 3.7238, nll_loss = 3.6193, ref_nll_loss = 3.8282, ivc_loss = 0.0873, neg_loss_1 = 0.0110, neg_loss_2 = 0.0070, ref_loss = 0.0232, div_loss = 0.0092, 0.634 seconds/batch
2026-04-17 23:07:55,843 - save model to checkpoints/activitynet_moe/cpl_moe/model-29.pt, num_updates 33930.
2026-04-17 23:13:43,692 - | R@1,mIoU 0.3066 | R@1,IoU@0.1 0.6740 | R@1,IoU@0.3 0.5014 | R@1,IoU@0.5 0.2428 | R@1,IoU@0.7 0.1011 | R@1,IoU@0.9 0.0142 | R@5,mIoU 0.5246 | R@5,IoU@0.1 0.9174 | R@5,IoU@0.3 0.7830 | R@5,IoU@0.5 0.5414 | R@5,IoU@0.7 0.3130 | R@5,IoU@0.9 0.0736 |
2026-04-17 23:13:43,692 - ============================================================
2026-04-17 23:13:43,692 - Start Epoch 30
2026-04-17 23:14:23,602 - Epoch 30, Batch 50, lr = 0.00004, final_loss = 3.6644, nll_loss = 3.5646, ref_nll_loss = 3.7643, ivc_loss = 0.0866, neg_loss_1 = 0.0132, neg_loss_2 = 0.0081, ref_loss = 0.0223, div_loss = 0.0086, 0.798 seconds/batch
2026-04-17 23:15:03,152 - Epoch 30, Batch 100, lr = 0.00004, final_loss = 3.6598, nll_loss = 3.5562, ref_nll_loss = 3.7635, ivc_loss = 0.0875, neg_loss_1 = 0.0147, neg_loss_2 = 0.0086, ref_loss = 0.0210, div_loss = 0.0086, 0.795 seconds/batch
2026-04-17 23:15:41,555 - Epoch 30, Batch 150, lr = 0.00004, final_loss = 3.6905, nll_loss = 3.5878, ref_nll_loss = 3.7932, ivc_loss = 0.0886, neg_loss_1 = 0.0141, neg_loss_2 = 0.0094, ref_loss = 0.0205, div_loss = 0.0089, 0.786 seconds/batch
2026-04-17 23:16:15,580 - Epoch 30, Batch 200, lr = 0.00004, final_loss = 3.6875, nll_loss = 3.5825, ref_nll_loss = 3.7925, ivc_loss = 0.0904, neg_loss_1 = 0.0146, neg_loss_2 = 0.0078, ref_loss = 0.0228, div_loss = 0.0090, 0.759 seconds/batch
2026-04-17 23:16:43,191 - Epoch 30, Batch 250, lr = 0.00004, final_loss = 3.7055, nll_loss = 3.6023, ref_nll_loss = 3.8087, ivc_loss = 0.0849, neg_loss_1 = 0.0129, neg_loss_2 = 0.0072, ref_loss = 0.0217, div_loss = 0.0086, 0.718 seconds/batch
2026-04-17 23:17:10,728 - Epoch 30, Batch 300, lr = 0.00004, final_loss = 3.6746, nll_loss = 3.5720, ref_nll_loss = 3.7771, ivc_loss = 0.0878, neg_loss_1 = 0.0121, neg_loss_2 = 0.0100, ref_loss = 0.0214, div_loss = 0.0089, 0.690 seconds/batch
2026-04-17 23:17:38,160 - Epoch 30, Batch 350, lr = 0.00004, final_loss = 3.6827, nll_loss = 3.5768, ref_nll_loss = 3.7887, ivc_loss = 0.0889, neg_loss_1 = 0.0137, neg_loss_2 = 0.0089, ref_loss = 0.0204, div_loss = 0.0092, 0.670 seconds/batch
2026-04-17 23:18:05,738 - Epoch 30, Batch 400, lr = 0.00004, final_loss = 3.7197, nll_loss = 3.6176, ref_nll_loss = 3.8218, ivc_loss = 0.0875, neg_loss_1 = 0.0143, neg_loss_2 = 0.0081, ref_loss = 0.0197, div_loss = 0.0091, 0.655 seconds/batch
2026-04-17 23:18:33,180 - Epoch 30, Batch 450, lr = 0.00004, final_loss = 3.6847, nll_loss = 3.5833, ref_nll_loss = 3.7860, ivc_loss = 0.0903, neg_loss_1 = 0.0137, neg_loss_2 = 0.0075, ref_loss = 0.0239, div_loss = 0.0090, 0.643 seconds/batch
2026-04-17 23:19:00,721 - Epoch 30, Batch 500, lr = 0.00004, final_loss = 3.7110, nll_loss = 3.6102, ref_nll_loss = 3.8117, ivc_loss = 0.0860, neg_loss_1 = 0.0125, neg_loss_2 = 0.0078, ref_loss = 0.0210, div_loss = 0.0089, 0.634 seconds/batch
2026-04-17 23:19:23,504 - Epoch 30, Batch 550, lr = 0.00004, final_loss = 3.6944, nll_loss = 3.5872, ref_nll_loss = 3.8015, ivc_loss = 0.0832, neg_loss_1 = 0.0142, neg_loss_2 = 0.0063, ref_loss = 0.0188, div_loss = 0.0088, 0.618 seconds/batch
2026-04-17 23:19:45,179 - Epoch 30, Batch 600, lr = 0.00004, final_loss = 3.7036, nll_loss = 3.6012, ref_nll_loss = 3.8059, ivc_loss = 0.0885, neg_loss_1 = 0.0123, neg_loss_2 = 0.0087, ref_loss = 0.0233, div_loss = 0.0088, 0.602 seconds/batch
2026-04-17 23:20:06,911 - Epoch 30, Batch 650, lr = 0.00004, final_loss = 3.6788, nll_loss = 3.5800, ref_nll_loss = 3.7777, ivc_loss = 0.0893, neg_loss_1 = 0.0154, neg_loss_2 = 0.0064, ref_loss = 0.0221, div_loss = 0.0091, 0.590 seconds/batch
2026-04-17 23:20:32,471 - Epoch 30, Batch 700, lr = 0.00004, final_loss = 3.6779, nll_loss = 3.5777, ref_nll_loss = 3.7780, ivc_loss = 0.0864, neg_loss_1 = 0.0150, neg_loss_2 = 0.0057, ref_loss = 0.0204, div_loss = 0.0091, 0.584 seconds/batch
2026-04-17 23:21:02,585 - Epoch 30, Batch 750, lr = 0.00004, final_loss = 3.7045, nll_loss = 3.5987, ref_nll_loss = 3.8103, ivc_loss = 0.0857, neg_loss_1 = 0.0145, neg_loss_2 = 0.0070, ref_loss = 0.0188, div_loss = 0.0091, 0.585 seconds/batch
2026-04-17 23:21:36,911 - Epoch 30, Batch 800, lr = 0.00004, final_loss = 3.7145, nll_loss = 3.6093, ref_nll_loss = 3.8196, ivc_loss = 0.0882, neg_loss_1 = 0.0123, neg_loss_2 = 0.0089, ref_loss = 0.0210, div_loss = 0.0092, 0.592 seconds/batch
2026-04-17 23:22:10,839 - Epoch 30, Batch 850, lr = 0.00004, final_loss = 3.7066, nll_loss = 3.6024, ref_nll_loss = 3.8108, ivc_loss = 0.0863, neg_loss_1 = 0.0135, neg_loss_2 = 0.0065, ref_loss = 0.0219, div_loss = 0.0089, 0.597 seconds/batch
2026-04-17 23:22:44,898 - Epoch 30, Batch 900, lr = 0.00004, final_loss = 3.7179, nll_loss = 3.6166, ref_nll_loss = 3.8192, ivc_loss = 0.0876, neg_loss_1 = 0.0133, neg_loss_2 = 0.0095, ref_loss = 0.0222, div_loss = 0.0085, 0.601 seconds/batch
2026-04-17 23:23:18,660 - Epoch 30, Batch 950, lr = 0.00004, final_loss = 3.7142, nll_loss = 3.6131, ref_nll_loss = 3.8153, ivc_loss = 0.0917, neg_loss_1 = 0.0165, neg_loss_2 = 0.0095, ref_loss = 0.0213, div_loss = 0.0089, 0.605 seconds/batch
2026-04-17 23:23:52,819 - Epoch 30, Batch 1000, lr = 0.00004, final_loss = 3.7150, nll_loss = 3.6093, ref_nll_loss = 3.8206, ivc_loss = 0.0863, neg_loss_1 = 0.0149, neg_loss_2 = 0.0069, ref_loss = 0.0209, div_loss = 0.0087, 0.609 seconds/batch
2026-04-17 23:24:29,390 - Epoch 30, Batch 1050, lr = 0.00004, final_loss = 3.7334, nll_loss = 3.6307, ref_nll_loss = 3.8360, ivc_loss = 0.0873, neg_loss_1 = 0.0123, neg_loss_2 = 0.0069, ref_loss = 0.0220, div_loss = 0.0092, 0.615 seconds/batch
2026-04-17 23:25:09,357 - Epoch 30, Batch 1100, lr = 0.00004, final_loss = 3.6829, nll_loss = 3.5797, ref_nll_loss = 3.7861, ivc_loss = 0.0888, neg_loss_1 = 0.0153, neg_loss_2 = 0.0086, ref_loss = 0.0206, div_loss = 0.0089, 0.623 seconds/batch
2026-04-17 23:25:48,618 - Epoch 30, Batch 1150, lr = 0.00004, final_loss = 3.7101, nll_loss = 3.6049, ref_nll_loss = 3.8153, ivc_loss = 0.0845, neg_loss_1 = 0.0110, neg_loss_2 = 0.0082, ref_loss = 0.0199, div_loss = 0.0091, 0.630 seconds/batch
2026-04-17 23:26:04,457 - Epoch 30, Batch 1170, lr = 0.00004, final_loss = 3.6822, nll_loss = 3.5785, ref_nll_loss = 3.7859, ivc_loss = 0.0851, neg_loss_1 = 0.0148, neg_loss_2 = 0.0068, ref_loss = 0.0206, div_loss = 0.0086, 0.633 seconds/batch
2026-04-17 23:26:04,523 - save model to checkpoints/activitynet_moe/cpl_moe/model-30.pt, num_updates 35100.
2026-04-17 23:31:52,276 - | R@1,mIoU 0.3188 | R@1,IoU@0.1 0.7262 | R@1,IoU@0.3 0.5391 | R@1,IoU@0.5 0.2433 | R@1,IoU@0.7 0.0805 | R@1,IoU@0.9 0.0094 | R@5,mIoU 0.5231 | R@5,IoU@0.1 0.9198 | R@5,IoU@0.3 0.7838 | R@5,IoU@0.5 0.5374 | R@5,IoU@0.7 0.3103 | R@5,IoU@0.9 0.0741 |
2026-04-17 23:31:52,276 - ============================================================
2026-04-17 23:31:52,276 - Best results:
2026-04-17 23:31:52,276 - | R@1,mIoU 0.3223 | R@1,IoU@0.1 0.7237 | R@1,IoU@0.3 0.5339 | R@1,IoU@0.5 0.2500 | R@1,IoU@0.7 0.0952 | R@1,IoU@0.9 0.0139 | R@5,mIoU 0.5262 | R@5,IoU@0.1 0.9199 | R@5,IoU@0.3 0.7855 | R@5,IoU@0.5 0.5414 | R@5,IoU@0.7 0.3187 | R@5,IoU@0.9 0.0765 |
