2026-04-20 20:23:06,545 - {'dataset': {'dataset': 'ActivityNet', 'feature_path': '/data/chenyuan/videogrounding/cpl-main/data/activitynet/sub_activitynet_v1-3.c3d.hdf5', 'vocab_size': 8000, 'word_dim': 300, 'frame_dim': 500, 'max_num_words': 20, 'max_num_frames': 200, 'target_stride': 1, 'train_data': 'data/activitynet/train_data.json', 'test_data': 'data/activitynet/test_data.json', 'val_data': 'data/activitynet/val_data.json', 'vocab_path': 'data/activitynet/glove.pkl'}, 'train': {'optimizer': {'lr': 0.0004, 'weight_decay': 0, 'warmup_updates': 400, 'warmup_init_lr': 1e-07}, 'batch_size': 32, 'max_num_epochs': 30, 'model_saved_path': 'checkpoints/activitynet_moe_noaux_alpha1/cpl_moe2_noaux_alpha1'}, 'model': {'name': 'CPL_MoE', 'source': 'models', 'config': {'frames_input_size': 500, 'words_input_size': 300, 'hidden_size': 256, 'use_negative': True, 'num_props': 8, 'sigma': 9, 'gamma': 0, 'dropout': 0.1, 'DualTransformer': {'d_model': 256, 'num_heads': 4, 'num_decoder_layers1': 3, 'num_decoder_layers2': 3, 'dropout': 0.1}, 'MoE': {'use_moe': True, 'use_simple_moe': False, 'num_experts': 8, 'num_shared_experts': 2, 'top_k': 2, 'use_load_balance_loss': False, 'load_balance_weight': 0.0, 'use_2layer_gate': True}}}, 'loss': {'margin_1': 0.1, 'margin_2': 0.15, 'lambda': 0.115, 'alpha_1': 2, 'alpha_2': 1.0}, 'vote': True}
2026-04-20 20:23:06,874 - train: 37421 samples, test: 17031 samples
2026-04-20 20:23:07,539 - Start Epoch 1
2026-04-20 20:23:27,919 - Epoch 1, Batch 50, lr = 0.00005, final_loss = 8.8745, nll_loss = 8.8371, ref_nll_loss = 8.9120, ivc_loss = 0.7610, neg_loss_1 = 0.0813, neg_loss_2 = 0.0844, ref_loss = 0.0480, div_loss = 0.3335, 0.408 seconds/batch
2026-04-20 20:24:00,144 - Epoch 1, Batch 100, lr = 0.00010, final_loss = 7.9679, nll_loss = 7.9323, ref_nll_loss = 8.0035, ivc_loss = 0.3839, neg_loss_1 = 0.0570, neg_loss_2 = 0.0607, ref_loss = 0.0445, div_loss = 0.0597, 0.526 seconds/batch
2026-04-20 20:24:32,565 - Epoch 1, Batch 150, lr = 0.00015, final_loss = 7.2005, nll_loss = 7.1584, ref_nll_loss = 7.2426, ivc_loss = 0.3246, neg_loss_1 = 0.0541, neg_loss_2 = 0.0536, ref_loss = 0.0376, div_loss = 0.0340, 0.567 seconds/batch
2026-04-20 20:25:05,051 - Epoch 1, Batch 200, lr = 0.00020, final_loss = 6.6509, nll_loss = 6.6025, ref_nll_loss = 6.6992, ivc_loss = 0.3062, neg_loss_1 = 0.0529, neg_loss_2 = 0.0485, ref_loss = 0.0364, div_loss = 0.0306, 0.588 seconds/batch
2026-04-20 20:25:37,619 - Epoch 1, Batch 250, lr = 0.00025, final_loss = 6.3775, nll_loss = 6.3254, ref_nll_loss = 6.4297, ivc_loss = 0.2878, neg_loss_1 = 0.0502, neg_loss_2 = 0.0448, ref_loss = 0.0307, div_loss = 0.0364, 0.600 seconds/batch
2026-04-20 20:26:10,287 - Epoch 1, Batch 300, lr = 0.00030, final_loss = 6.2272, nll_loss = 6.1774, ref_nll_loss = 6.2770, ivc_loss = 0.2975, neg_loss_1 = 0.0500, neg_loss_2 = 0.0426, ref_loss = 0.0339, div_loss = 0.0445, 0.609 seconds/batch
2026-04-20 20:26:50,170 - Epoch 1, Batch 350, lr = 0.00035, final_loss = 6.1480, nll_loss = 6.0938, ref_nll_loss = 6.2023, ivc_loss = 0.2827, neg_loss_1 = 0.0438, neg_loss_2 = 0.0448, ref_loss = 0.0321, div_loss = 0.0413, 0.636 seconds/batch
2026-04-20 20:27:33,513 - Epoch 1, Batch 400, lr = 0.00040, final_loss = 6.0713, nll_loss = 6.0145, ref_nll_loss = 6.1281, ivc_loss = 0.2819, neg_loss_1 = 0.0524, neg_loss_2 = 0.0388, ref_loss = 0.0313, div_loss = 0.0370, 0.665 seconds/batch
2026-04-20 20:28:16,822 - Epoch 1, Batch 450, lr = 0.00038, final_loss = 6.0252, nll_loss = 5.9645, ref_nll_loss = 6.0860, ivc_loss = 0.2615, neg_loss_1 = 0.0429, neg_loss_2 = 0.0392, ref_loss = 0.0299, div_loss = 0.0374, 0.687 seconds/batch
2026-04-20 20:29:00,156 - Epoch 1, Batch 500, lr = 0.00036, final_loss = 5.9530, nll_loss = 5.8952, ref_nll_loss = 6.0108, ivc_loss = 0.2770, neg_loss_1 = 0.0479, neg_loss_2 = 0.0394, ref_loss = 0.0318, div_loss = 0.0387, 0.705 seconds/batch
2026-04-20 20:29:43,639 - Epoch 1, Batch 550, lr = 0.00034, final_loss = 5.8899, nll_loss = 5.8288, ref_nll_loss = 5.9509, ivc_loss = 0.2461, neg_loss_1 = 0.0432, neg_loss_2 = 0.0372, ref_loss = 0.0287, div_loss = 0.0278, 0.720 seconds/batch
2026-04-20 20:30:27,147 - Epoch 1, Batch 600, lr = 0.00033, final_loss = 5.8150, nll_loss = 5.7495, ref_nll_loss = 5.8804, ivc_loss = 0.2265, neg_loss_1 = 0.0389, neg_loss_2 = 0.0331, ref_loss = 0.0269, div_loss = 0.0287, 0.733 seconds/batch
2026-04-20 20:31:10,699 - Epoch 1, Batch 650, lr = 0.00031, final_loss = 5.8056, nll_loss = 5.7435, ref_nll_loss = 5.8677, ivc_loss = 0.2298, neg_loss_1 = 0.0377, neg_loss_2 = 0.0342, ref_loss = 0.0299, div_loss = 0.0262, 0.743 seconds/batch
2026-04-20 20:31:54,222 - Epoch 1, Batch 700, lr = 0.00030, final_loss = 5.7845, nll_loss = 5.7187, ref_nll_loss = 5.8503, ivc_loss = 0.2246, neg_loss_1 = 0.0390, neg_loss_2 = 0.0327, ref_loss = 0.0285, div_loss = 0.0242, 0.752 seconds/batch
2026-04-20 20:32:37,738 - Epoch 1, Batch 750, lr = 0.00029, final_loss = 5.7151, nll_loss = 5.6469, ref_nll_loss = 5.7833, ivc_loss = 0.2097, neg_loss_1 = 0.0343, neg_loss_2 = 0.0316, ref_loss = 0.0269, div_loss = 0.0241, 0.760 seconds/batch
2026-04-20 20:33:21,241 - Epoch 1, Batch 800, lr = 0.00028, final_loss = 5.7017, nll_loss = 5.6340, ref_nll_loss = 5.7695, ivc_loss = 0.2056, neg_loss_1 = 0.0323, neg_loss_2 = 0.0305, ref_loss = 0.0274, div_loss = 0.0253, 0.767 seconds/batch
2026-04-20 20:34:04,674 - Epoch 1, Batch 850, lr = 0.00027, final_loss = 5.6784, nll_loss = 5.6126, ref_nll_loss = 5.7443, ivc_loss = 0.2033, neg_loss_1 = 0.0316, neg_loss_2 = 0.0293, ref_loss = 0.0294, div_loss = 0.0226, 0.773 seconds/batch
2026-04-20 20:34:48,139 - Epoch 1, Batch 900, lr = 0.00027, final_loss = 5.6373, nll_loss = 5.5662, ref_nll_loss = 5.7084, ivc_loss = 0.2008, neg_loss_1 = 0.0306, neg_loss_2 = 0.0314, ref_loss = 0.0273, div_loss = 0.0223, 0.778 seconds/batch
2026-04-20 20:35:31,495 - Epoch 1, Batch 950, lr = 0.00026, final_loss = 5.6353, nll_loss = 5.5621, ref_nll_loss = 5.7084, ivc_loss = 0.1913, neg_loss_1 = 0.0273, neg_loss_2 = 0.0316, ref_loss = 0.0263, div_loss = 0.0208, 0.783 seconds/batch
2026-04-20 20:36:14,896 - Epoch 1, Batch 1000, lr = 0.00025, final_loss = 5.5690, nll_loss = 5.4990, ref_nll_loss = 5.6390, ivc_loss = 0.2011, neg_loss_1 = 0.0318, neg_loss_2 = 0.0293, ref_loss = 0.0289, div_loss = 0.0211, 0.787 seconds/batch
2026-04-20 20:36:58,345 - Epoch 1, Batch 1050, lr = 0.00025, final_loss = 5.5711, nll_loss = 5.4957, ref_nll_loss = 5.6466, ivc_loss = 0.1826, neg_loss_1 = 0.0293, neg_loss_2 = 0.0261, ref_loss = 0.0246, div_loss = 0.0224, 0.791 seconds/batch
2026-04-20 20:37:41,783 - Epoch 1, Batch 1100, lr = 0.00024, final_loss = 5.5428, nll_loss = 5.4709, ref_nll_loss = 5.6147, ivc_loss = 0.1873, neg_loss_1 = 0.0285, neg_loss_2 = 0.0281, ref_loss = 0.0274, div_loss = 0.0191, 0.795 seconds/batch
2026-04-20 20:38:25,195 - Epoch 1, Batch 1150, lr = 0.00024, final_loss = 5.5497, nll_loss = 5.4791, ref_nll_loss = 5.6204, ivc_loss = 0.1896, neg_loss_1 = 0.0294, neg_loss_2 = 0.0261, ref_loss = 0.0272, div_loss = 0.0242, 0.798 seconds/batch
2026-04-20 20:38:42,206 - Epoch 1, Batch 1170, lr = 0.00023, final_loss = 5.5103, nll_loss = 5.4327, ref_nll_loss = 5.5878, ivc_loss = 0.1674, neg_loss_1 = 0.0276, neg_loss_2 = 0.0257, ref_loss = 0.0209, div_loss = 0.0189, 0.799 seconds/batch
2026-04-20 20:38:42,281 - save model to checkpoints/activitynet_moe_noaux_alpha1/cpl_moe2_noaux_alpha1/model-1.pt, num_updates 1170.
2026-04-20 20:42:26,790 - | R@1,mIoU 0.2890 | R@1,IoU@0.1 0.6621 | R@1,IoU@0.3 0.4462 | R@1,IoU@0.5 0.2746 | R@1,IoU@0.7 0.0438 | R@1,IoU@0.9 0.0039 | R@5,mIoU 0.5392 | R@5,IoU@0.1 0.9090 | R@5,IoU@0.3 0.7542 | R@5,IoU@0.5 0.6000 | R@5,IoU@0.7 0.3313 | R@5,IoU@0.9 0.0814 |
2026-04-20 20:42:26,872 - Best results have been updated.
2026-04-20 20:42:26,873 - ============================================================
2026-04-20 20:42:26,873 - Start Epoch 2
2026-04-20 20:42:54,688 - Epoch 2, Batch 50, lr = 0.00023, final_loss = 5.4905, nll_loss = 5.4195, ref_nll_loss = 5.5615, ivc_loss = 0.1910, neg_loss_1 = 0.0271, neg_loss_2 = 0.0286, ref_loss = 0.0283, div_loss = 0.0231, 0.556 seconds/batch
2026-04-20 20:43:31,476 - Epoch 2, Batch 100, lr = 0.00022, final_loss = 5.4590, nll_loss = 5.3862, ref_nll_loss = 5.5318, ivc_loss = 0.1837, neg_loss_1 = 0.0296, neg_loss_2 = 0.0264, ref_loss = 0.0256, div_loss = 0.0205, 0.646 seconds/batch
2026-04-20 20:44:08,077 - Epoch 2, Batch 150, lr = 0.00022, final_loss = 5.4744, nll_loss = 5.4017, ref_nll_loss = 5.5471, ivc_loss = 0.1883, neg_loss_1 = 0.0257, neg_loss_2 = 0.0277, ref_loss = 0.0284, div_loss = 0.0246, 0.675 seconds/batch
2026-04-20 20:44:44,673 - Epoch 2, Batch 200, lr = 0.00022, final_loss = 5.4369, nll_loss = 5.3649, ref_nll_loss = 5.5090, ivc_loss = 0.1706, neg_loss_1 = 0.0255, neg_loss_2 = 0.0215, ref_loss = 0.0271, div_loss = 0.0223, 0.689 seconds/batch
2026-04-20 20:45:21,322 - Epoch 2, Batch 250, lr = 0.00021, final_loss = 5.4424, nll_loss = 5.3696, ref_nll_loss = 5.5152, ivc_loss = 0.1734, neg_loss_1 = 0.0264, neg_loss_2 = 0.0213, ref_loss = 0.0282, div_loss = 0.0216, 0.698 seconds/batch
2026-04-20 20:45:57,961 - Epoch 2, Batch 300, lr = 0.00021, final_loss = 5.4130, nll_loss = 5.3369, ref_nll_loss = 5.4891, ivc_loss = 0.1657, neg_loss_1 = 0.0239, neg_loss_2 = 0.0191, ref_loss = 0.0280, div_loss = 0.0238, 0.704 seconds/batch
2026-04-20 20:46:38,808 - Epoch 2, Batch 350, lr = 0.00021, final_loss = 5.4233, nll_loss = 5.3506, ref_nll_loss = 5.4960, ivc_loss = 0.1677, neg_loss_1 = 0.0235, neg_loss_2 = 0.0208, ref_loss = 0.0276, div_loss = 0.0240, 0.720 seconds/batch
2026-04-20 20:47:22,361 - Epoch 2, Batch 400, lr = 0.00020, final_loss = 5.3652, nll_loss = 5.2897, ref_nll_loss = 5.4407, ivc_loss = 0.1640, neg_loss_1 = 0.0241, neg_loss_2 = 0.0227, ref_loss = 0.0241, div_loss = 0.0222, 0.739 seconds/batch
2026-04-20 20:48:05,982 - Epoch 2, Batch 450, lr = 0.00020, final_loss = 5.3831, nll_loss = 5.3092, ref_nll_loss = 5.4570, ivc_loss = 0.1615, neg_loss_1 = 0.0210, neg_loss_2 = 0.0225, ref_loss = 0.0251, div_loss = 0.0241, 0.754 seconds/batch
2026-04-20 20:48:49,602 - Epoch 2, Batch 500, lr = 0.00020, final_loss = 5.3746, nll_loss = 5.3034, ref_nll_loss = 5.4458, ivc_loss = 0.1645, neg_loss_1 = 0.0220, neg_loss_2 = 0.0199, ref_loss = 0.0279, div_loss = 0.0251, 0.765 seconds/batch
2026-04-20 20:49:33,160 - Epoch 2, Batch 550, lr = 0.00019, final_loss = 5.3709, nll_loss = 5.2980, ref_nll_loss = 5.4438, ivc_loss = 0.1611, neg_loss_1 = 0.0207, neg_loss_2 = 0.0204, ref_loss = 0.0275, div_loss = 0.0238, 0.775 seconds/batch
2026-04-20 20:50:16,726 - Epoch 2, Batch 600, lr = 0.00019, final_loss = 5.3363, nll_loss = 5.2615, ref_nll_loss = 5.4112, ivc_loss = 0.1582, neg_loss_1 = 0.0215, neg_loss_2 = 0.0170, ref_loss = 0.0277, div_loss = 0.0257, 0.783 seconds/batch
2026-04-20 20:51:00,307 - Epoch 2, Batch 650, lr = 0.00019, final_loss = 5.3215, nll_loss = 5.2505, ref_nll_loss = 5.3924, ivc_loss = 0.1513, neg_loss_1 = 0.0195, neg_loss_2 = 0.0145, ref_loss = 0.0288, div_loss = 0.0256, 0.790 seconds/batch
2026-04-20 20:51:43,872 - Epoch 2, Batch 700, lr = 0.00018, final_loss = 5.3343, nll_loss = 5.2576, ref_nll_loss = 5.4110, ivc_loss = 0.1552, neg_loss_1 = 0.0218, neg_loss_2 = 0.0166, ref_loss = 0.0261, div_loss = 0.0261, 0.796 seconds/batch
2026-04-20 20:52:27,485 - Epoch 2, Batch 750, lr = 0.00018, final_loss = 5.2986, nll_loss = 5.2250, ref_nll_loss = 5.3721, ivc_loss = 0.1438, neg_loss_1 = 0.0176, neg_loss_2 = 0.0160, ref_loss = 0.0263, div_loss = 0.0240, 0.801 seconds/batch
2026-04-20 20:53:11,006 - Epoch 2, Batch 800, lr = 0.00018, final_loss = 5.2627, nll_loss = 5.1903, ref_nll_loss = 5.3351, ivc_loss = 0.1413, neg_loss_1 = 0.0186, neg_loss_2 = 0.0144, ref_loss = 0.0261, div_loss = 0.0232, 0.805 seconds/batch
2026-04-20 20:53:54,594 - Epoch 2, Batch 850, lr = 0.00018, final_loss = 5.2793, nll_loss = 5.2084, ref_nll_loss = 5.3502, ivc_loss = 0.1492, neg_loss_1 = 0.0183, neg_loss_2 = 0.0136, ref_loss = 0.0291, div_loss = 0.0272, 0.809 seconds/batch
2026-04-20 20:54:38,187 - Epoch 2, Batch 900, lr = 0.00018, final_loss = 5.3044, nll_loss = 5.2338, ref_nll_loss = 5.3751, ivc_loss = 0.1509, neg_loss_1 = 0.0180, neg_loss_2 = 0.0173, ref_loss = 0.0277, div_loss = 0.0247, 0.813 seconds/batch
2026-04-20 20:55:21,754 - Epoch 2, Batch 950, lr = 0.00017, final_loss = 5.2305, nll_loss = 5.1597, ref_nll_loss = 5.3013, ivc_loss = 0.1521, neg_loss_1 = 0.0196, neg_loss_2 = 0.0147, ref_loss = 0.0283, div_loss = 0.0268, 0.816 seconds/batch
2026-04-20 20:56:05,364 - Epoch 2, Batch 1000, lr = 0.00017, final_loss = 5.2669, nll_loss = 5.1922, ref_nll_loss = 5.3416, ivc_loss = 0.1486, neg_loss_1 = 0.0162, neg_loss_2 = 0.0156, ref_loss = 0.0277, div_loss = 0.0297, 0.818 seconds/batch
2026-04-20 20:56:48,951 - Epoch 2, Batch 1050, lr = 0.00017, final_loss = 5.2698, nll_loss = 5.1971, ref_nll_loss = 5.3424, ivc_loss = 0.1410, neg_loss_1 = 0.0157, neg_loss_2 = 0.0138, ref_loss = 0.0270, div_loss = 0.0280, 0.821 seconds/batch
2026-04-20 20:57:32,533 - Epoch 2, Batch 1100, lr = 0.00017, final_loss = 5.2154, nll_loss = 5.1439, ref_nll_loss = 5.2869, ivc_loss = 0.1385, neg_loss_1 = 0.0145, neg_loss_2 = 0.0132, ref_loss = 0.0279, div_loss = 0.0271, 0.823 seconds/batch
2026-04-20 20:58:16,122 - Epoch 2, Batch 1150, lr = 0.00017, final_loss = 5.2280, nll_loss = 5.1519, ref_nll_loss = 5.3041, ivc_loss = 0.1346, neg_loss_1 = 0.0152, neg_loss_2 = 0.0125, ref_loss = 0.0263, div_loss = 0.0266, 0.825 seconds/batch
2026-04-20 20:58:33,298 - Epoch 2, Batch 1170, lr = 0.00017, final_loss = 5.1765, nll_loss = 5.1007, ref_nll_loss = 5.2523, ivc_loss = 0.1329, neg_loss_1 = 0.0138, neg_loss_2 = 0.0126, ref_loss = 0.0264, div_loss = 0.0272, 0.826 seconds/batch
2026-04-20 20:58:33,376 - save model to checkpoints/activitynet_moe_noaux_alpha1/cpl_moe2_noaux_alpha1/model-2.pt, num_updates 2340.
2026-04-20 21:02:19,321 - | R@1,mIoU 0.3411 | R@1,IoU@0.1 0.8109 | R@1,IoU@0.3 0.4660 | R@1,IoU@0.5 0.2331 | R@1,IoU@0.7 0.1268 | R@1,IoU@0.9 0.0788 | R@5,mIoU 0.5385 | R@5,IoU@0.1 0.9206 | R@5,IoU@0.3 0.7441 | R@5,IoU@0.5 0.5657 | R@5,IoU@0.7 0.3517 | R@5,IoU@0.9 0.1261 |
2026-04-20 21:02:19,457 - Best results have been updated.
2026-04-20 21:02:19,457 - ============================================================
2026-04-20 21:02:19,457 - Start Epoch 3
2026-04-20 21:02:47,155 - Epoch 3, Batch 50, lr = 0.00016, final_loss = 5.1751, nll_loss = 5.0999, ref_nll_loss = 5.2503, ivc_loss = 0.1391, neg_loss_1 = 0.0148, neg_loss_2 = 0.0143, ref_loss = 0.0263, div_loss = 0.0281, 0.554 seconds/batch
2026-04-20 21:03:23,745 - Epoch 3, Batch 100, lr = 0.00016, final_loss = 5.1622, nll_loss = 5.0910, ref_nll_loss = 5.2333, ivc_loss = 0.1376, neg_loss_1 = 0.0135, neg_loss_2 = 0.0123, ref_loss = 0.0272, div_loss = 0.0315, 0.643 seconds/batch
2026-04-20 21:04:00,348 - Epoch 3, Batch 150, lr = 0.00016, final_loss = 5.1598, nll_loss = 5.0880, ref_nll_loss = 5.2316, ivc_loss = 0.1339, neg_loss_1 = 0.0120, neg_loss_2 = 0.0118, ref_loss = 0.0279, div_loss = 0.0305, 0.673 seconds/batch
2026-04-20 21:04:36,967 - Epoch 3, Batch 200, lr = 0.00016, final_loss = 5.1379, nll_loss = 5.0694, ref_nll_loss = 5.2065, ivc_loss = 0.1453, neg_loss_1 = 0.0142, neg_loss_2 = 0.0139, ref_loss = 0.0294, div_loss = 0.0304, 0.688 seconds/batch
2026-04-20 21:05:13,606 - Epoch 3, Batch 250, lr = 0.00016, final_loss = 5.1301, nll_loss = 5.0562, ref_nll_loss = 5.2040, ivc_loss = 0.1333, neg_loss_1 = 0.0135, neg_loss_2 = 0.0104, ref_loss = 0.0281, div_loss = 0.0292, 0.697 seconds/batch
2026-04-20 21:05:50,258 - Epoch 3, Batch 300, lr = 0.00016, final_loss = 5.1568, nll_loss = 5.0803, ref_nll_loss = 5.2333, ivc_loss = 0.1393, neg_loss_1 = 0.0133, neg_loss_2 = 0.0146, ref_loss = 0.0263, div_loss = 0.0308, 0.703 seconds/batch
2026-04-20 21:06:31,143 - Epoch 3, Batch 350, lr = 0.00015, final_loss = 5.1453, nll_loss = 5.0768, ref_nll_loss = 5.2138, ivc_loss = 0.1362, neg_loss_1 = 0.0131, neg_loss_2 = 0.0122, ref_loss = 0.0276, div_loss = 0.0304, 0.719 seconds/batch
2026-04-20 21:07:14,484 - Epoch 3, Batch 400, lr = 0.00015, final_loss = 5.1620, nll_loss = 5.0900, ref_nll_loss = 5.2340, ivc_loss = 0.1349, neg_loss_1 = 0.0114, neg_loss_2 = 0.0123, ref_loss = 0.0270, div_loss = 0.0335, 0.738 seconds/batch
2026-04-20 21:07:58,092 - Epoch 3, Batch 450, lr = 0.00015, final_loss = 5.1123, nll_loss = 5.0414, ref_nll_loss = 5.1832, ivc_loss = 0.1342, neg_loss_1 = 0.0128, neg_loss_2 = 0.0123, ref_loss = 0.0260, div_loss = 0.0321, 0.753 seconds/batch
2026-04-20 21:08:41,664 - Epoch 3, Batch 500, lr = 0.00015, final_loss = 5.1216, nll_loss = 5.0474, ref_nll_loss = 5.1958, ivc_loss = 0.1287, neg_loss_1 = 0.0128, neg_loss_2 = 0.0108, ref_loss = 0.0255, div_loss = 0.0305, 0.764 seconds/batch
2026-04-20 21:09:25,255 - Epoch 3, Batch 550, lr = 0.00015, final_loss = 5.1096, nll_loss = 5.0371, ref_nll_loss = 5.1821, ivc_loss = 0.1352, neg_loss_1 = 0.0111, neg_loss_2 = 0.0137, ref_loss = 0.0268, div_loss = 0.0320, 0.774 seconds/batch
2026-04-20 21:10:08,881 - Epoch 3, Batch 600, lr = 0.00015, final_loss = 5.1168, nll_loss = 5.0437, ref_nll_loss = 5.1898, ivc_loss = 0.1354, neg_loss_1 = 0.0114, neg_loss_2 = 0.0128, ref_loss = 0.0264, div_loss = 0.0342, 0.782 seconds/batch
2026-04-20 21:10:52,488 - Epoch 3, Batch 650, lr = 0.00015, final_loss = 5.1058, nll_loss = 5.0323, ref_nll_loss = 5.1793, ivc_loss = 0.1318, neg_loss_1 = 0.0121, neg_loss_2 = 0.0111, ref_loss = 0.0263, div_loss = 0.0328, 0.789 seconds/batch
2026-04-20 21:11:36,111 - Epoch 3, Batch 700, lr = 0.00015, final_loss = 5.1212, nll_loss = 5.0447, ref_nll_loss = 5.1977, ivc_loss = 0.1318, neg_loss_1 = 0.0127, neg_loss_2 = 0.0128, ref_loss = 0.0253, div_loss = 0.0303, 0.795 seconds/batch
2026-04-20 21:12:19,715 - Epoch 3, Batch 750, lr = 0.00014, final_loss = 5.1149, nll_loss = 5.0384, ref_nll_loss = 5.1914, ivc_loss = 0.1215, neg_loss_1 = 0.0115, neg_loss_2 = 0.0096, ref_loss = 0.0249, div_loss = 0.0295, 0.800 seconds/batch
2026-04-20 21:13:03,335 - Epoch 3, Batch 800, lr = 0.00014, final_loss = 5.1226, nll_loss = 5.0445, ref_nll_loss = 5.2007, ivc_loss = 0.1194, neg_loss_1 = 0.0104, neg_loss_2 = 0.0101, ref_loss = 0.0231, div_loss = 0.0320, 0.805 seconds/batch
2026-04-20 21:13:46,940 - Epoch 3, Batch 850, lr = 0.00014, final_loss = 5.1224, nll_loss = 5.0499, ref_nll_loss = 5.1949, ivc_loss = 0.1329, neg_loss_1 = 0.0129, neg_loss_2 = 0.0115, ref_loss = 0.0264, div_loss = 0.0313, 0.809 seconds/batch
2026-04-20 21:14:30,545 - Epoch 3, Batch 900, lr = 0.00014, final_loss = 5.0872, nll_loss = 5.0158, ref_nll_loss = 5.1587, ivc_loss = 0.1316, neg_loss_1 = 0.0107, neg_loss_2 = 0.0125, ref_loss = 0.0264, div_loss = 0.0325, 0.812 seconds/batch
2026-04-20 21:15:14,138 - Epoch 3, Batch 950, lr = 0.00014, final_loss = 5.0923, nll_loss = 5.0161, ref_nll_loss = 5.1686, ivc_loss = 0.1266, neg_loss_1 = 0.0114, neg_loss_2 = 0.0115, ref_loss = 0.0252, div_loss = 0.0306, 0.815 seconds/batch
2026-04-20 21:15:57,762 - Epoch 3, Batch 1000, lr = 0.00014, final_loss = 5.0771, nll_loss = 5.0051, ref_nll_loss = 5.1490, ivc_loss = 0.1300, neg_loss_1 = 0.0123, neg_loss_2 = 0.0113, ref_loss = 0.0264, div_loss = 0.0300, 0.818 seconds/batch
2026-04-20 21:16:41,400 - Epoch 3, Batch 1050, lr = 0.00014, final_loss = 5.0965, nll_loss = 5.0226, ref_nll_loss = 5.1704, ivc_loss = 0.1267, neg_loss_1 = 0.0115, neg_loss_2 = 0.0109, ref_loss = 0.0250, div_loss = 0.0318, 0.821 seconds/batch
2026-04-20 21:17:24,992 - Epoch 3, Batch 1100, lr = 0.00014, final_loss = 5.0647, nll_loss = 4.9891, ref_nll_loss = 5.1402, ivc_loss = 0.1196, neg_loss_1 = 0.0101, neg_loss_2 = 0.0089, ref_loss = 0.0243, div_loss = 0.0329, 0.823 seconds/batch
2026-04-20 21:18:08,603 - Epoch 3, Batch 1150, lr = 0.00014, final_loss = 5.0601, nll_loss = 4.9873, ref_nll_loss = 5.1328, ivc_loss = 0.1171, neg_loss_1 = 0.0085, neg_loss_2 = 0.0087, ref_loss = 0.0252, div_loss = 0.0322, 0.825 seconds/batch
2026-04-20 21:18:25,792 - Epoch 3, Batch 1170, lr = 0.00014, final_loss = 5.0779, nll_loss = 5.0033, ref_nll_loss = 5.1526, ivc_loss = 0.1217, neg_loss_1 = 0.0099, neg_loss_2 = 0.0084, ref_loss = 0.0269, div_loss = 0.0314, 0.826 seconds/batch
2026-04-20 21:18:25,870 - save model to checkpoints/activitynet_moe_noaux_alpha1/cpl_moe2_noaux_alpha1/model-3.pt, num_updates 3510.
2026-04-20 21:22:10,415 - | R@1,mIoU 0.3429 | R@1,IoU@0.1 0.8098 | R@1,IoU@0.3 0.4750 | R@1,IoU@0.5 0.2226 | R@1,IoU@0.7 0.1259 | R@1,IoU@0.9 0.0790 | R@5,mIoU 0.5154 | R@5,IoU@0.1 0.9149 | R@5,IoU@0.3 0.7305 | R@5,IoU@0.5 0.5275 | R@5,IoU@0.7 0.2930 | R@5,IoU@0.9 0.1230 |
2026-04-20 21:22:10,585 - Best results have been updated.
2026-04-20 21:22:10,585 - ============================================================
2026-04-20 21:22:10,585 - Start Epoch 4
2026-04-20 21:22:37,636 - Epoch 4, Batch 50, lr = 0.00013, final_loss = 5.0135, nll_loss = 4.9367, ref_nll_loss = 5.0904, ivc_loss = 0.1219, neg_loss_1 = 0.0116, neg_loss_2 = 0.0117, ref_loss = 0.0226, div_loss = 0.0302, 0.541 seconds/batch
2026-04-20 21:23:14,282 - Epoch 4, Batch 100, lr = 0.00013, final_loss = 4.9861, nll_loss = 4.9055, ref_nll_loss = 5.0668, ivc_loss = 0.1181, neg_loss_1 = 0.0110, neg_loss_2 = 0.0109, ref_loss = 0.0217, div_loss = 0.0310, 0.637 seconds/batch
2026-04-20 21:23:50,960 - Epoch 4, Batch 150, lr = 0.00013, final_loss = 5.0353, nll_loss = 4.9603, ref_nll_loss = 5.1103, ivc_loss = 0.1248, neg_loss_1 = 0.0122, neg_loss_2 = 0.0091, ref_loss = 0.0251, div_loss = 0.0320, 0.669 seconds/batch
2026-04-20 21:24:27,651 - Epoch 4, Batch 200, lr = 0.00013, final_loss = 5.0192, nll_loss = 4.9429, ref_nll_loss = 5.0956, ivc_loss = 0.1216, neg_loss_1 = 0.0102, neg_loss_2 = 0.0114, ref_loss = 0.0240, div_loss = 0.0305, 0.685 seconds/batch
2026-04-20 21:25:04,298 - Epoch 4, Batch 250, lr = 0.00013, final_loss = 4.9905, nll_loss = 4.9137, ref_nll_loss = 5.0674, ivc_loss = 0.1190, neg_loss_1 = 0.0099, neg_loss_2 = 0.0103, ref_loss = 0.0240, div_loss = 0.0307, 0.695 seconds/batch
2026-04-20 21:25:40,969 - Epoch 4, Batch 300, lr = 0.00013, final_loss = 4.9785, nll_loss = 4.9052, ref_nll_loss = 5.0518, ivc_loss = 0.1270, neg_loss_1 = 0.0120, neg_loss_2 = 0.0106, ref_loss = 0.0256, div_loss = 0.0305, 0.701 seconds/batch
2026-04-20 21:26:21,824 - Epoch 4, Batch 350, lr = 0.00013, final_loss = 5.0282, nll_loss = 4.9524, ref_nll_loss = 5.1040, ivc_loss = 0.1187, neg_loss_1 = 0.0095, neg_loss_2 = 0.0111, ref_loss = 0.0232, div_loss = 0.0310, 0.718 seconds/batch
2026-04-20 21:27:05,467 - Epoch 4, Batch 400, lr = 0.00013, final_loss = 4.9891, nll_loss = 4.9170, ref_nll_loss = 5.0611, ivc_loss = 0.1274, neg_loss_1 = 0.0108, neg_loss_2 = 0.0103, ref_loss = 0.0272, div_loss = 0.0307, 0.737 seconds/batch
2026-04-20 21:27:48,904 - Epoch 4, Batch 450, lr = 0.00013, final_loss = 5.0034, nll_loss = 4.9273, ref_nll_loss = 5.0795, ivc_loss = 0.1212, neg_loss_1 = 0.0123, neg_loss_2 = 0.0097, ref_loss = 0.0232, div_loss = 0.0308, 0.752 seconds/batch
2026-04-20 21:28:32,562 - Epoch 4, Batch 500, lr = 0.00013, final_loss = 4.9714, nll_loss = 4.8944, ref_nll_loss = 5.0484, ivc_loss = 0.1218, neg_loss_1 = 0.0107, neg_loss_2 = 0.0097, ref_loss = 0.0255, div_loss = 0.0301, 0.764 seconds/batch
2026-04-20 21:29:16,193 - Epoch 4, Batch 550, lr = 0.00013, final_loss = 4.9926, nll_loss = 4.9129, ref_nll_loss = 5.0723, ivc_loss = 0.1185, neg_loss_1 = 0.0103, neg_loss_2 = 0.0097, ref_loss = 0.0242, div_loss = 0.0299, 0.774 seconds/batch
2026-04-20 21:29:59,795 - Epoch 4, Batch 600, lr = 0.00012, final_loss = 4.9796, nll_loss = 4.9049, ref_nll_loss = 5.0542, ivc_loss = 0.1216, neg_loss_1 = 0.0113, neg_loss_2 = 0.0094, ref_loss = 0.0254, div_loss = 0.0293, 0.782 seconds/batch
2026-04-20 21:30:43,370 - Epoch 4, Batch 650, lr = 0.00012, final_loss = 4.9725, nll_loss = 4.8983, ref_nll_loss = 5.0467, ivc_loss = 0.1234, neg_loss_1 = 0.0120, neg_loss_2 = 0.0097, ref_loss = 0.0255, div_loss = 0.0289, 0.789 seconds/batch
2026-04-20 21:31:26,991 - Epoch 4, Batch 700, lr = 0.00012, final_loss = 5.0177, nll_loss = 4.9416, ref_nll_loss = 5.0937, ivc_loss = 0.1232, neg_loss_1 = 0.0108, neg_loss_2 = 0.0123, ref_loss = 0.0243, div_loss = 0.0284, 0.795 seconds/batch
2026-04-20 21:32:10,584 - Epoch 4, Batch 750, lr = 0.00012, final_loss = 4.9823, nll_loss = 4.9080, ref_nll_loss = 5.0566, ivc_loss = 0.1179, neg_loss_1 = 0.0103, neg_loss_2 = 0.0100, ref_loss = 0.0244, div_loss = 0.0286, 0.800 seconds/batch
2026-04-20 21:32:54,236 - Epoch 4, Batch 800, lr = 0.00012, final_loss = 4.9755, nll_loss = 4.8993, ref_nll_loss = 5.0516, ivc_loss = 0.1157, neg_loss_1 = 0.0106, neg_loss_2 = 0.0088, ref_loss = 0.0238, div_loss = 0.0293, 0.805 seconds/batch
2026-04-20 21:33:37,828 - Epoch 4, Batch 850, lr = 0.00012, final_loss = 4.9741, nll_loss = 4.8960, ref_nll_loss = 5.0521, ivc_loss = 0.1129, neg_loss_1 = 0.0090, neg_loss_2 = 0.0103, ref_loss = 0.0220, div_loss = 0.0304, 0.809 seconds/batch
2026-04-20 21:34:21,394 - Epoch 4, Batch 900, lr = 0.00012, final_loss = 4.9639, nll_loss = 4.8859, ref_nll_loss = 5.0420, ivc_loss = 0.1190, neg_loss_1 = 0.0099, neg_loss_2 = 0.0111, ref_loss = 0.0234, div_loss = 0.0301, 0.812 seconds/batch
2026-04-20 21:35:04,996 - Epoch 4, Batch 950, lr = 0.00012, final_loss = 4.9670, nll_loss = 4.8884, ref_nll_loss = 5.0455, ivc_loss = 0.1197, neg_loss_1 = 0.0091, neg_loss_2 = 0.0114, ref_loss = 0.0246, div_loss = 0.0292, 0.815 seconds/batch
2026-04-20 21:35:48,621 - Epoch 4, Batch 1000, lr = 0.00012, final_loss = 4.9691, nll_loss = 4.8936, ref_nll_loss = 5.0447, ivc_loss = 0.1200, neg_loss_1 = 0.0083, neg_loss_2 = 0.0109, ref_loss = 0.0267, div_loss = 0.0282, 0.818 seconds/batch
2026-04-20 21:36:32,257 - Epoch 4, Batch 1050, lr = 0.00012, final_loss = 4.9854, nll_loss = 4.9052, ref_nll_loss = 5.0655, ivc_loss = 0.1157, neg_loss_1 = 0.0114, neg_loss_2 = 0.0089, ref_loss = 0.0234, div_loss = 0.0284, 0.821 seconds/batch
2026-04-20 21:37:15,828 - Epoch 4, Batch 1100, lr = 0.00012, final_loss = 4.9402, nll_loss = 4.8582, ref_nll_loss = 5.0222, ivc_loss = 0.1047, neg_loss_1 = 0.0088, neg_loss_2 = 0.0078, ref_loss = 0.0212, div_loss = 0.0291, 0.823 seconds/batch
2026-04-20 21:37:59,435 - Epoch 4, Batch 1150, lr = 0.00012, final_loss = 4.9353, nll_loss = 4.8575, ref_nll_loss = 5.0131, ivc_loss = 0.1150, neg_loss_1 = 0.0106, neg_loss_2 = 0.0093, ref_loss = 0.0239, div_loss = 0.0276, 0.825 seconds/batch
2026-04-20 21:38:16,558 - Epoch 4, Batch 1170, lr = 0.00012, final_loss = 4.9813, nll_loss = 4.9056, ref_nll_loss = 5.0570, ivc_loss = 0.1182, neg_loss_1 = 0.0096, neg_loss_2 = 0.0112, ref_loss = 0.0247, div_loss = 0.0271, 0.826 seconds/batch
2026-04-20 21:38:16,634 - save model to checkpoints/activitynet_moe_noaux_alpha1/cpl_moe2_noaux_alpha1/model-4.pt, num_updates 4680.
2026-04-20 21:42:02,377 - | R@1,mIoU 0.3433 | R@1,IoU@0.1 0.7628 | R@1,IoU@0.3 0.4884 | R@1,IoU@0.5 0.2491 | R@1,IoU@0.7 0.1338 | R@1,IoU@0.9 0.0778 | R@5,mIoU 0.5239 | R@5,IoU@0.1 0.9178 | R@5,IoU@0.3 0.7398 | R@5,IoU@0.5 0.5410 | R@5,IoU@0.7 0.3104 | R@5,IoU@0.9 0.1308 |
2026-04-20 21:42:02,534 - Best results have been updated.
2026-04-20 21:42:02,534 - ============================================================
2026-04-20 21:42:02,534 - Start Epoch 5
2026-04-20 21:42:29,433 - Epoch 5, Batch 50, lr = 0.00012, final_loss = 4.8913, nll_loss = 4.8112, ref_nll_loss = 4.9713, ivc_loss = 0.1133, neg_loss_1 = 0.0101, neg_loss_2 = 0.0105, ref_loss = 0.0217, div_loss = 0.0288, 0.538 seconds/batch
2026-04-20 21:43:05,983 - Epoch 5, Batch 100, lr = 0.00012, final_loss = 4.8876, nll_loss = 4.8064, ref_nll_loss = 4.9688, ivc_loss = 0.1039, neg_loss_1 = 0.0091, neg_loss_2 = 0.0079, ref_loss = 0.0205, div_loss = 0.0291, 0.634 seconds/batch
2026-04-20 21:43:42,606 - Epoch 5, Batch 150, lr = 0.00012, final_loss = 4.9090, nll_loss = 4.8282, ref_nll_loss = 4.9897, ivc_loss = 0.1081, neg_loss_1 = 0.0080, neg_loss_2 = 0.0080, ref_loss = 0.0222, div_loss = 0.0314, 0.667 seconds/batch
2026-04-20 21:44:19,230 - Epoch 5, Batch 200, lr = 0.00011, final_loss = 4.9334, nll_loss = 4.8526, ref_nll_loss = 5.0143, ivc_loss = 0.1066, neg_loss_1 = 0.0079, neg_loss_2 = 0.0083, ref_loss = 0.0220, div_loss = 0.0301, 0.683 seconds/batch
2026-04-20 21:44:55,825 - Epoch 5, Batch 250, lr = 0.00011, final_loss = 4.8847, nll_loss = 4.8077, ref_nll_loss = 4.9616, ivc_loss = 0.1148, neg_loss_1 = 0.0103, neg_loss_2 = 0.0082, ref_loss = 0.0245, div_loss = 0.0290, 0.693 seconds/batch
2026-04-20 21:45:32,450 - Epoch 5, Batch 300, lr = 0.00011, final_loss = 4.9030, nll_loss = 4.8212, ref_nll_loss = 4.9849, ivc_loss = 0.1088, neg_loss_1 = 0.0093, neg_loss_2 = 0.0087, ref_loss = 0.0219, div_loss = 0.0290, 0.700 seconds/batch
2026-04-20 21:46:12,884 - Epoch 5, Batch 350, lr = 0.00011, final_loss = 4.9107, nll_loss = 4.8302, ref_nll_loss = 4.9912, ivc_loss = 0.1052, neg_loss_1 = 0.0104, neg_loss_2 = 0.0069, ref_loss = 0.0218, div_loss = 0.0269, 0.715 seconds/batch
2026-04-20 21:46:56,438 - Epoch 5, Batch 400, lr = 0.00011, final_loss = 4.9038, nll_loss = 4.8227, ref_nll_loss = 4.9849, ivc_loss = 0.1135, neg_loss_1 = 0.0103, neg_loss_2 = 0.0103, ref_loss = 0.0223, div_loss = 0.0276, 0.735 seconds/batch
2026-04-20 21:47:40,021 - Epoch 5, Batch 450, lr = 0.00011, final_loss = 4.9036, nll_loss = 4.8221, ref_nll_loss = 4.9850, ivc_loss = 0.1079, neg_loss_1 = 0.0098, neg_loss_2 = 0.0076, ref_loss = 0.0226, div_loss = 0.0279, 0.750 seconds/batch
2026-04-20 21:48:23,629 - Epoch 5, Batch 500, lr = 0.00011, final_loss = 4.8805, nll_loss = 4.7977, ref_nll_loss = 4.9634, ivc_loss = 0.1052, neg_loss_1 = 0.0087, neg_loss_2 = 0.0088, ref_loss = 0.0206, div_loss = 0.0290, 0.762 seconds/batch
2026-04-20 21:49:07,215 - Epoch 5, Batch 550, lr = 0.00011, final_loss = 4.9338, nll_loss = 4.8533, ref_nll_loss = 5.0143, ivc_loss = 0.1131, neg_loss_1 = 0.0111, neg_loss_2 = 0.0070, ref_loss = 0.0240, div_loss = 0.0290, 0.772 seconds/batch
2026-04-20 21:49:50,787 - Epoch 5, Batch 600, lr = 0.00011, final_loss = 4.8680, nll_loss = 4.7837, ref_nll_loss = 4.9523, ivc_loss = 0.1083, neg_loss_1 = 0.0099, neg_loss_2 = 0.0083, ref_loss = 0.0223, div_loss = 0.0273, 0.780 seconds/batch
2026-04-20 21:50:34,372 - Epoch 5, Batch 650, lr = 0.00011, final_loss = 4.8803, nll_loss = 4.7965, ref_nll_loss = 4.9640, ivc_loss = 0.1073, neg_loss_1 = 0.0096, neg_loss_2 = 0.0083, ref_loss = 0.0225, div_loss = 0.0265, 0.787 seconds/batch
2026-04-20 21:51:18,032 - Epoch 5, Batch 700, lr = 0.00011, final_loss = 4.8905, nll_loss = 4.8130, ref_nll_loss = 4.9681, ivc_loss = 0.1122, neg_loss_1 = 0.0093, neg_loss_2 = 0.0094, ref_loss = 0.0245, div_loss = 0.0256, 0.794 seconds/batch
2026-04-20 21:52:01,699 - Epoch 5, Batch 750, lr = 0.00011, final_loss = 4.8718, nll_loss = 4.7893, ref_nll_loss = 4.9543, ivc_loss = 0.1083, neg_loss_1 = 0.0100, neg_loss_2 = 0.0083, ref_loss = 0.0229, div_loss = 0.0260, 0.799 seconds/batch
2026-04-20 21:52:45,304 - Epoch 5, Batch 800, lr = 0.00011, final_loss = 4.9003, nll_loss = 4.8161, ref_nll_loss = 4.9845, ivc_loss = 0.1107, neg_loss_1 = 0.0131, neg_loss_2 = 0.0070, ref_loss = 0.0219, div_loss = 0.0266, 0.803 seconds/batch
2026-04-20 21:53:28,915 - Epoch 5, Batch 850, lr = 0.00011, final_loss = 4.8739, nll_loss = 4.7910, ref_nll_loss = 4.9569, ivc_loss = 0.1139, neg_loss_1 = 0.0108, neg_loss_2 = 0.0102, ref_loss = 0.0219, div_loss = 0.0282, 0.808 seconds/batch
2026-04-20 21:54:12,509 - Epoch 5, Batch 900, lr = 0.00011, final_loss = 4.9084, nll_loss = 4.8226, ref_nll_loss = 4.9941, ivc_loss = 0.1041, neg_loss_1 = 0.0106, neg_loss_2 = 0.0065, ref_loss = 0.0214, div_loss = 0.0272, 0.811 seconds/batch
2026-04-20 21:54:55,982 - Epoch 5, Batch 950, lr = 0.00011, final_loss = 4.8850, nll_loss = 4.8001, ref_nll_loss = 4.9699, ivc_loss = 0.1042, neg_loss_1 = 0.0109, neg_loss_2 = 0.0067, ref_loss = 0.0207, div_loss = 0.0275, 0.814 seconds/batch
2026-04-20 21:55:39,588 - Epoch 5, Batch 1000, lr = 0.00011, final_loss = 4.8532, nll_loss = 4.7645, ref_nll_loss = 4.9420, ivc_loss = 0.1033, neg_loss_1 = 0.0116, neg_loss_2 = 0.0074, ref_loss = 0.0187, div_loss = 0.0278, 0.817 seconds/batch
2026-04-20 21:56:23,057 - Epoch 5, Batch 1050, lr = 0.00011, final_loss = 4.8237, nll_loss = 4.7344, ref_nll_loss = 4.9131, ivc_loss = 0.1033, neg_loss_1 = 0.0094, neg_loss_2 = 0.0075, ref_loss = 0.0203, div_loss = 0.0288, 0.820 seconds/batch
2026-04-20 21:57:06,571 - Epoch 5, Batch 1100, lr = 0.00011, final_loss = 4.8985, nll_loss = 4.8141, ref_nll_loss = 4.9828, ivc_loss = 0.1011, neg_loss_1 = 0.0092, neg_loss_2 = 0.0061, ref_loss = 0.0203, div_loss = 0.0298, 0.822 seconds/batch
2026-04-20 21:57:50,175 - Epoch 5, Batch 1150, lr = 0.00010, final_loss = 4.8599, nll_loss = 4.7737, ref_nll_loss = 4.9462, ivc_loss = 0.0994, neg_loss_1 = 0.0101, neg_loss_2 = 0.0062, ref_loss = 0.0201, div_loss = 0.0267, 0.824 seconds/batch
2026-04-20 21:58:07,321 - Epoch 5, Batch 1170, lr = 0.00010, final_loss = 4.8598, nll_loss = 4.7784, ref_nll_loss = 4.9413, ivc_loss = 0.1031, neg_loss_1 = 0.0088, neg_loss_2 = 0.0076, ref_loss = 0.0219, div_loss = 0.0264, 0.825 seconds/batch
2026-04-20 21:58:07,403 - save model to checkpoints/activitynet_moe_noaux_alpha1/cpl_moe2_noaux_alpha1/model-5.pt, num_updates 5850.
2026-04-20 22:01:53,913 - | R@1,mIoU 0.3511 | R@1,IoU@0.1 0.8131 | R@1,IoU@0.3 0.4913 | R@1,IoU@0.5 0.2625 | R@1,IoU@0.7 0.1351 | R@1,IoU@0.9 0.0387 | R@5,mIoU 0.5275 | R@5,IoU@0.1 0.9240 | R@5,IoU@0.3 0.7646 | R@5,IoU@0.5 0.5452 | R@5,IoU@0.7 0.3054 | R@5,IoU@0.9 0.0924 |
2026-04-20 22:01:54,008 - Best results have been updated.
2026-04-20 22:01:54,009 - ============================================================
2026-04-20 22:01:54,009 - Start Epoch 6
2026-04-20 22:02:20,639 - Epoch 6, Batch 50, lr = 0.00010, final_loss = 4.8570, nll_loss = 4.7692, ref_nll_loss = 4.9449, ivc_loss = 0.1004, neg_loss_1 = 0.0102, neg_loss_2 = 0.0056, ref_loss = 0.0204, div_loss = 0.0280, 0.533 seconds/batch
2026-04-20 22:02:57,318 - Epoch 6, Batch 100, lr = 0.00010, final_loss = 4.8514, nll_loss = 4.7625, ref_nll_loss = 4.9403, ivc_loss = 0.0997, neg_loss_1 = 0.0098, neg_loss_2 = 0.0064, ref_loss = 0.0199, div_loss = 0.0274, 0.633 seconds/batch
2026-04-20 22:03:34,023 - Epoch 6, Batch 150, lr = 0.00010, final_loss = 4.8164, nll_loss = 4.7284, ref_nll_loss = 4.9045, ivc_loss = 0.0996, neg_loss_1 = 0.0089, neg_loss_2 = 0.0082, ref_loss = 0.0187, div_loss = 0.0279, 0.667 seconds/batch
2026-04-20 22:04:10,692 - Epoch 6, Batch 200, lr = 0.00010, final_loss = 4.8146, nll_loss = 4.7287, ref_nll_loss = 4.9006, ivc_loss = 0.1058, neg_loss_1 = 0.0114, neg_loss_2 = 0.0065, ref_loss = 0.0212, div_loss = 0.0276, 0.683 seconds/batch
2026-04-20 22:04:47,363 - Epoch 6, Batch 250, lr = 0.00010, final_loss = 4.8199, nll_loss = 4.7323, ref_nll_loss = 4.9074, ivc_loss = 0.1097, neg_loss_1 = 0.0091, neg_loss_2 = 0.0092, ref_loss = 0.0209, div_loss = 0.0312, 0.693 seconds/batch
2026-04-20 22:05:24,060 - Epoch 6, Batch 300, lr = 0.00010, final_loss = 4.8132, nll_loss = 4.7236, ref_nll_loss = 4.9028, ivc_loss = 0.1008, neg_loss_1 = 0.0077, neg_loss_2 = 0.0079, ref_loss = 0.0182, div_loss = 0.0332, 0.700 seconds/batch
2026-04-20 22:06:04,521 - Epoch 6, Batch 350, lr = 0.00010, final_loss = 4.8429, nll_loss = 4.7563, ref_nll_loss = 4.9295, ivc_loss = 0.1065, neg_loss_1 = 0.0087, neg_loss_2 = 0.0076, ref_loss = 0.0213, div_loss = 0.0312, 0.716 seconds/batch
2026-04-20 22:06:48,227 - Epoch 6, Batch 400, lr = 0.00010, final_loss = 4.8274, nll_loss = 4.7395, ref_nll_loss = 4.9153, ivc_loss = 0.0992, neg_loss_1 = 0.0079, neg_loss_2 = 0.0071, ref_loss = 0.0199, div_loss = 0.0293, 0.736 seconds/batch
2026-04-20 22:07:31,955 - Epoch 6, Batch 450, lr = 0.00010, final_loss = 4.8145, nll_loss = 4.7248, ref_nll_loss = 4.9041, ivc_loss = 0.0989, neg_loss_1 = 0.0087, neg_loss_2 = 0.0068, ref_loss = 0.0196, div_loss = 0.0287, 0.751 seconds/batch
2026-04-20 22:08:15,618 - Epoch 6, Batch 500, lr = 0.00010, final_loss = 4.7877, nll_loss = 4.6988, ref_nll_loss = 4.8766, ivc_loss = 0.0982, neg_loss_1 = 0.0092, neg_loss_2 = 0.0059, ref_loss = 0.0194, div_loss = 0.0294, 0.763 seconds/batch
2026-04-20 22:08:59,324 - Epoch 6, Batch 550, lr = 0.00010, final_loss = 4.7786, nll_loss = 4.6881, ref_nll_loss = 4.8692, ivc_loss = 0.0980, neg_loss_1 = 0.0087, neg_loss_2 = 0.0077, ref_loss = 0.0177, div_loss = 0.0299, 0.773 seconds/batch
2026-04-20 22:09:43,006 - Epoch 6, Batch 600, lr = 0.00010, final_loss = 4.7903, nll_loss = 4.7014, ref_nll_loss = 4.8792, ivc_loss = 0.1013, neg_loss_1 = 0.0085, neg_loss_2 = 0.0070, ref_loss = 0.0198, div_loss = 0.0306, 0.782 seconds/batch
2026-04-20 22:10:26,743 - Epoch 6, Batch 650, lr = 0.00010, final_loss = 4.8479, nll_loss = 4.7560, ref_nll_loss = 4.9399, ivc_loss = 0.0966, neg_loss_1 = 0.0096, neg_loss_2 = 0.0055, ref_loss = 0.0180, div_loss = 0.0304, 0.789 seconds/batch
2026-04-20 22:11:10,446 - Epoch 6, Batch 700, lr = 0.00010, final_loss = 4.8196, nll_loss = 4.7299, ref_nll_loss = 4.9094, ivc_loss = 0.1015, neg_loss_1 = 0.0096, neg_loss_2 = 0.0062, ref_loss = 0.0198, div_loss = 0.0304, 0.795 seconds/batch
2026-04-20 22:11:54,133 - Epoch 6, Batch 750, lr = 0.00010, final_loss = 4.8228, nll_loss = 4.7293, ref_nll_loss = 4.9163, ivc_loss = 0.1005, neg_loss_1 = 0.0101, neg_loss_2 = 0.0074, ref_loss = 0.0169, div_loss = 0.0317, 0.800 seconds/batch
2026-04-20 22:12:37,717 - Epoch 6, Batch 800, lr = 0.00010, final_loss = 4.8421, nll_loss = 4.7511, ref_nll_loss = 4.9331, ivc_loss = 0.0967, neg_loss_1 = 0.0081, neg_loss_2 = 0.0045, ref_loss = 0.0200, div_loss = 0.0315, 0.805 seconds/batch
2026-04-20 22:13:21,293 - Epoch 6, Batch 850, lr = 0.00010, final_loss = 4.8223, nll_loss = 4.7341, ref_nll_loss = 4.9106, ivc_loss = 0.1032, neg_loss_1 = 0.0066, neg_loss_2 = 0.0069, ref_loss = 0.0222, div_loss = 0.0318, 0.809 seconds/batch
2026-04-20 22:14:04,876 - Epoch 6, Batch 900, lr = 0.00010, final_loss = 4.7530, nll_loss = 4.6637, ref_nll_loss = 4.8423, ivc_loss = 0.1005, neg_loss_1 = 0.0073, neg_loss_2 = 0.0056, ref_loss = 0.0205, div_loss = 0.0338, 0.812 seconds/batch
2026-04-20 22:14:48,476 - Epoch 6, Batch 950, lr = 0.00010, final_loss = 4.8029, nll_loss = 4.7142, ref_nll_loss = 4.8915, ivc_loss = 0.1015, neg_loss_1 = 0.0083, neg_loss_2 = 0.0071, ref_loss = 0.0192, div_loss = 0.0323, 0.815 seconds/batch
2026-04-20 22:15:32,076 - Epoch 6, Batch 1000, lr = 0.00010, final_loss = 4.7922, nll_loss = 4.6994, ref_nll_loss = 4.8850, ivc_loss = 0.0947, neg_loss_1 = 0.0079, neg_loss_2 = 0.0054, ref_loss = 0.0179, div_loss = 0.0323, 0.818 seconds/batch
2026-04-20 22:16:15,661 - Epoch 6, Batch 1050, lr = 0.00010, final_loss = 4.7856, nll_loss = 4.6980, ref_nll_loss = 4.8731, ivc_loss = 0.1099, neg_loss_1 = 0.0094, neg_loss_2 = 0.0068, ref_loss = 0.0216, div_loss = 0.0343, 0.821 seconds/batch
2026-04-20 22:16:59,232 - Epoch 6, Batch 1100, lr = 0.00010, final_loss = 4.7857, nll_loss = 4.6960, ref_nll_loss = 4.8755, ivc_loss = 0.0932, neg_loss_1 = 0.0066, neg_loss_2 = 0.0044, ref_loss = 0.0193, div_loss = 0.0328, 0.823 seconds/batch
2026-04-20 22:17:42,841 - Epoch 6, Batch 1150, lr = 0.00010, final_loss = 4.7997, nll_loss = 4.7106, ref_nll_loss = 4.8888, ivc_loss = 0.0961, neg_loss_1 = 0.0079, neg_loss_2 = 0.0055, ref_loss = 0.0186, div_loss = 0.0321, 0.825 seconds/batch
2026-04-20 22:17:59,855 - Epoch 6, Batch 1170, lr = 0.00010, final_loss = 4.7893, nll_loss = 4.7010, ref_nll_loss = 4.8775, ivc_loss = 0.0981, neg_loss_1 = 0.0064, neg_loss_2 = 0.0050, ref_loss = 0.0226, div_loss = 0.0300, 0.826 seconds/batch
2026-04-20 22:17:59,930 - save model to checkpoints/activitynet_moe_noaux_alpha1/cpl_moe2_noaux_alpha1/model-6.pt, num_updates 7020.
2026-04-20 22:21:46,315 - | R@1,mIoU 0.3435 | R@1,IoU@0.1 0.7987 | R@1,IoU@0.3 0.4799 | R@1,IoU@0.5 0.2590 | R@1,IoU@0.7 0.1337 | R@1,IoU@0.9 0.0246 | R@5,mIoU 0.5185 | R@5,IoU@0.1 0.9227 | R@5,IoU@0.3 0.7429 | R@5,IoU@0.5 0.5311 | R@5,IoU@0.7 0.2949 | R@5,IoU@0.9 0.0943 |
2026-04-20 22:21:46,316 - ============================================================
2026-04-20 22:21:46,316 - Start Epoch 7
2026-04-20 22:22:12,031 - Epoch 7, Batch 50, lr = 0.00010, final_loss = 4.7269, nll_loss = 4.6385, ref_nll_loss = 4.8153, ivc_loss = 0.0982, neg_loss_1 = 0.0072, neg_loss_2 = 0.0055, ref_loss = 0.0201, div_loss = 0.0327, 0.514 seconds/batch
2026-04-20 22:22:48,461 - Epoch 7, Batch 100, lr = 0.00009, final_loss = 4.7543, nll_loss = 4.6612, ref_nll_loss = 4.8474, ivc_loss = 0.0992, neg_loss_1 = 0.0081, neg_loss_2 = 0.0062, ref_loss = 0.0188, div_loss = 0.0328, 0.621 seconds/batch
2026-04-20 22:23:25,147 - Epoch 7, Batch 150, lr = 0.00009, final_loss = 4.7300, nll_loss = 4.6398, ref_nll_loss = 4.8203, ivc_loss = 0.0969, neg_loss_1 = 0.0079, neg_loss_2 = 0.0055, ref_loss = 0.0194, div_loss = 0.0314, 0.659 seconds/batch
2026-04-20 22:24:01,761 - Epoch 7, Batch 200, lr = 0.00009, final_loss = 4.7531, nll_loss = 4.6606, ref_nll_loss = 4.8456, ivc_loss = 0.0933, neg_loss_1 = 0.0071, neg_loss_2 = 0.0051, ref_loss = 0.0187, div_loss = 0.0316, 0.677 seconds/batch
2026-04-20 22:24:38,475 - Epoch 7, Batch 250, lr = 0.00009, final_loss = 4.7688, nll_loss = 4.6774, ref_nll_loss = 4.8603, ivc_loss = 0.0915, neg_loss_1 = 0.0092, neg_loss_2 = 0.0037, ref_loss = 0.0177, div_loss = 0.0303, 0.689 seconds/batch
2026-04-20 22:25:15,140 - Epoch 7, Batch 300, lr = 0.00009, final_loss = 4.7756, nll_loss = 4.6813, ref_nll_loss = 4.8698, ivc_loss = 0.0937, neg_loss_1 = 0.0078, neg_loss_2 = 0.0052, ref_loss = 0.0178, div_loss = 0.0321, 0.696 seconds/batch
2026-04-20 22:25:55,116 - Epoch 7, Batch 350, lr = 0.00009, final_loss = 4.7821, nll_loss = 4.6889, ref_nll_loss = 4.8753, ivc_loss = 0.0955, neg_loss_1 = 0.0068, neg_loss_2 = 0.0062, ref_loss = 0.0190, div_loss = 0.0313, 0.711 seconds/batch
2026-04-20 22:26:38,804 - Epoch 7, Batch 400, lr = 0.00009, final_loss = 4.7548, nll_loss = 4.6648, ref_nll_loss = 4.8448, ivc_loss = 0.0989, neg_loss_1 = 0.0080, neg_loss_2 = 0.0058, ref_loss = 0.0193, div_loss = 0.0326, 0.731 seconds/batch
2026-04-20 22:27:22,473 - Epoch 7, Batch 450, lr = 0.00009, final_loss = 4.7692, nll_loss = 4.6769, ref_nll_loss = 4.8616, ivc_loss = 0.0966, neg_loss_1 = 0.0083, neg_loss_2 = 0.0060, ref_loss = 0.0180, div_loss = 0.0321, 0.747 seconds/batch
2026-04-20 22:28:06,156 - Epoch 7, Batch 500, lr = 0.00009, final_loss = 4.7579, nll_loss = 4.6684, ref_nll_loss = 4.8475, ivc_loss = 0.0946, neg_loss_1 = 0.0071, neg_loss_2 = 0.0053, ref_loss = 0.0194, div_loss = 0.0309, 0.760 seconds/batch
2026-04-20 22:28:49,826 - Epoch 7, Batch 550, lr = 0.00009, final_loss = 4.7921, nll_loss = 4.7030, ref_nll_loss = 4.8812, ivc_loss = 0.1038, neg_loss_1 = 0.0091, neg_loss_2 = 0.0063, ref_loss = 0.0206, div_loss = 0.0319, 0.770 seconds/batch
2026-04-20 22:29:33,378 - Epoch 7, Batch 600, lr = 0.00009, final_loss = 4.6968, nll_loss = 4.6068, ref_nll_loss = 4.7868, ivc_loss = 0.1003, neg_loss_1 = 0.0076, neg_loss_2 = 0.0068, ref_loss = 0.0197, div_loss = 0.0321, 0.778 seconds/batch
2026-04-20 22:30:17,010 - Epoch 7, Batch 650, lr = 0.00009, final_loss = 4.7418, nll_loss = 4.6505, ref_nll_loss = 4.8330, ivc_loss = 0.1000, neg_loss_1 = 0.0087, neg_loss_2 = 0.0056, ref_loss = 0.0197, div_loss = 0.0318, 0.786 seconds/batch
2026-04-20 22:31:00,680 - Epoch 7, Batch 700, lr = 0.00009, final_loss = 4.7387, nll_loss = 4.6488, ref_nll_loss = 4.8286, ivc_loss = 0.0989, neg_loss_1 = 0.0088, neg_loss_2 = 0.0056, ref_loss = 0.0189, div_loss = 0.0322, 0.792 seconds/batch
2026-04-20 22:31:44,303 - Epoch 7, Batch 750, lr = 0.00009, final_loss = 4.7843, nll_loss = 4.6915, ref_nll_loss = 4.8771, ivc_loss = 0.1024, neg_loss_1 = 0.0064, neg_loss_2 = 0.0085, ref_loss = 0.0197, div_loss = 0.0332, 0.797 seconds/batch
2026-04-20 22:32:27,955 - Epoch 7, Batch 800, lr = 0.00009, final_loss = 4.7312, nll_loss = 4.6383, ref_nll_loss = 4.8241, ivc_loss = 0.0983, neg_loss_1 = 0.0052, neg_loss_2 = 0.0062, ref_loss = 0.0197, div_loss = 0.0360, 0.802 seconds/batch
2026-04-20 22:33:11,371 - Epoch 7, Batch 850, lr = 0.00009, final_loss = 4.7409, nll_loss = 4.6501, ref_nll_loss = 4.8316, ivc_loss = 0.0944, neg_loss_1 = 0.0067, neg_loss_2 = 0.0055, ref_loss = 0.0183, div_loss = 0.0334, 0.806 seconds/batch
2026-04-20 22:33:54,978 - Epoch 7, Batch 900, lr = 0.00009, final_loss = 4.7609, nll_loss = 4.6712, ref_nll_loss = 4.8507, ivc_loss = 0.0956, neg_loss_1 = 0.0090, neg_loss_2 = 0.0053, ref_loss = 0.0183, div_loss = 0.0302, 0.810 seconds/batch
2026-04-20 22:34:38,627 - Epoch 7, Batch 950, lr = 0.00009, final_loss = 4.7296, nll_loss = 4.6363, ref_nll_loss = 4.8229, ivc_loss = 0.0897, neg_loss_1 = 0.0072, neg_loss_2 = 0.0051, ref_loss = 0.0168, div_loss = 0.0317, 0.813 seconds/batch
2026-04-20 22:35:22,252 - Epoch 7, Batch 1000, lr = 0.00009, final_loss = 4.7394, nll_loss = 4.6421, ref_nll_loss = 4.8368, ivc_loss = 0.0906, neg_loss_1 = 0.0076, neg_loss_2 = 0.0047, ref_loss = 0.0169, div_loss = 0.0322, 0.816 seconds/batch
2026-04-20 22:36:05,854 - Epoch 7, Batch 1050, lr = 0.00009, final_loss = 4.7465, nll_loss = 4.6519, ref_nll_loss = 4.8411, ivc_loss = 0.0990, neg_loss_1 = 0.0078, neg_loss_2 = 0.0073, ref_loss = 0.0185, div_loss = 0.0319, 0.819 seconds/batch
2026-04-20 22:36:49,477 - Epoch 7, Batch 1100, lr = 0.00009, final_loss = 4.7394, nll_loss = 4.6447, ref_nll_loss = 4.8341, ivc_loss = 0.0964, neg_loss_1 = 0.0084, neg_loss_2 = 0.0043, ref_loss = 0.0196, div_loss = 0.0317, 0.821 seconds/batch
2026-04-20 22:37:33,129 - Epoch 7, Batch 1150, lr = 0.00009, final_loss = 4.7457, nll_loss = 4.6529, ref_nll_loss = 4.8385, ivc_loss = 0.0930, neg_loss_1 = 0.0084, neg_loss_2 = 0.0048, ref_loss = 0.0173, div_loss = 0.0319, 0.823 seconds/batch
2026-04-20 22:37:50,271 - Epoch 7, Batch 1170, lr = 0.00009, final_loss = 4.7363, nll_loss = 4.6443, ref_nll_loss = 4.8283, ivc_loss = 0.0919, neg_loss_1 = 0.0054, neg_loss_2 = 0.0063, ref_loss = 0.0191, div_loss = 0.0303, 0.824 seconds/batch
2026-04-20 22:37:50,347 - save model to checkpoints/activitynet_moe_noaux_alpha1/cpl_moe2_noaux_alpha1/model-7.pt, num_updates 8190.
2026-04-20 22:41:38,552 - | R@1,mIoU 0.3494 | R@1,IoU@0.1 0.8012 | R@1,IoU@0.3 0.4925 | R@1,IoU@0.5 0.2686 | R@1,IoU@0.7 0.1382 | R@1,IoU@0.9 0.0271 | R@5,mIoU 0.5210 | R@5,IoU@0.1 0.9223 | R@5,IoU@0.3 0.7503 | R@5,IoU@0.5 0.5380 | R@5,IoU@0.7 0.3014 | R@5,IoU@0.9 0.0836 |
2026-04-20 22:41:38,553 - ============================================================
2026-04-20 22:41:38,553 - Start Epoch 8
2026-04-20 22:42:04,588 - Epoch 8, Batch 50, lr = 0.00009, final_loss = 4.6950, nll_loss = 4.6013, ref_nll_loss = 4.7887, ivc_loss = 0.0863, neg_loss_1 = 0.0060, neg_loss_2 = 0.0043, ref_loss = 0.0175, div_loss = 0.0307, 0.521 seconds/batch
2026-04-20 22:42:40,980 - Epoch 8, Batch 100, lr = 0.00009, final_loss = 4.7207, nll_loss = 4.6260, ref_nll_loss = 4.8155, ivc_loss = 0.0875, neg_loss_1 = 0.0076, neg_loss_2 = 0.0042, ref_loss = 0.0164, div_loss = 0.0311, 0.624 seconds/batch
2026-04-20 22:43:17,625 - Epoch 8, Batch 150, lr = 0.00009, final_loss = 4.7040, nll_loss = 4.6108, ref_nll_loss = 4.7972, ivc_loss = 0.0901, neg_loss_1 = 0.0068, neg_loss_2 = 0.0051, ref_loss = 0.0176, div_loss = 0.0313, 0.660 seconds/batch
2026-04-20 22:43:54,278 - Epoch 8, Batch 200, lr = 0.00009, final_loss = 4.6946, nll_loss = 4.5986, ref_nll_loss = 4.7907, ivc_loss = 0.0902, neg_loss_1 = 0.0079, neg_loss_2 = 0.0051, ref_loss = 0.0163, div_loss = 0.0316, 0.679 seconds/batch
2026-04-20 22:44:30,936 - Epoch 8, Batch 250, lr = 0.00009, final_loss = 4.7102, nll_loss = 4.6137, ref_nll_loss = 4.8067, ivc_loss = 0.0882, neg_loss_1 = 0.0058, neg_loss_2 = 0.0060, ref_loss = 0.0162, div_loss = 0.0321, 0.690 seconds/batch
2026-04-20 22:45:07,613 - Epoch 8, Batch 300, lr = 0.00009, final_loss = 4.6690, nll_loss = 4.5751, ref_nll_loss = 4.7629, ivc_loss = 0.0937, neg_loss_1 = 0.0076, neg_loss_2 = 0.0044, ref_loss = 0.0189, div_loss = 0.0320, 0.697 seconds/batch
2026-04-20 22:45:47,491 - Epoch 8, Batch 350, lr = 0.00009, final_loss = 4.6876, nll_loss = 4.5939, ref_nll_loss = 4.7813, ivc_loss = 0.0893, neg_loss_1 = 0.0068, neg_loss_2 = 0.0047, ref_loss = 0.0176, div_loss = 0.0310, 0.711 seconds/batch
2026-04-20 22:46:31,117 - Epoch 8, Batch 400, lr = 0.00009, final_loss = 4.7151, nll_loss = 4.6236, ref_nll_loss = 4.8067, ivc_loss = 0.0926, neg_loss_1 = 0.0064, neg_loss_2 = 0.0053, ref_loss = 0.0193, div_loss = 0.0306, 0.731 seconds/batch
2026-04-20 22:47:14,746 - Epoch 8, Batch 450, lr = 0.00009, final_loss = 4.7088, nll_loss = 4.6170, ref_nll_loss = 4.8007, ivc_loss = 0.0894, neg_loss_1 = 0.0059, neg_loss_2 = 0.0047, ref_loss = 0.0182, div_loss = 0.0318, 0.747 seconds/batch
2026-04-20 22:47:58,383 - Epoch 8, Batch 500, lr = 0.00009, final_loss = 4.7183, nll_loss = 4.6248, ref_nll_loss = 4.8117, ivc_loss = 0.0887, neg_loss_1 = 0.0067, neg_loss_2 = 0.0046, ref_loss = 0.0180, div_loss = 0.0303, 0.760 seconds/batch
2026-04-20 22:48:42,007 - Epoch 8, Batch 550, lr = 0.00009, final_loss = 4.7013, nll_loss = 4.6058, ref_nll_loss = 4.7969, ivc_loss = 0.0893, neg_loss_1 = 0.0062, neg_loss_2 = 0.0062, ref_loss = 0.0168, div_loss = 0.0308, 0.770 seconds/batch
2026-04-20 22:49:25,648 - Epoch 8, Batch 600, lr = 0.00009, final_loss = 4.6298, nll_loss = 4.5364, ref_nll_loss = 4.7232, ivc_loss = 0.0973, neg_loss_1 = 0.0089, neg_loss_2 = 0.0055, ref_loss = 0.0194, div_loss = 0.0296, 0.778 seconds/batch
2026-04-20 22:50:09,228 - Epoch 8, Batch 650, lr = 0.00009, final_loss = 4.7254, nll_loss = 4.6317, ref_nll_loss = 4.8190, ivc_loss = 0.0899, neg_loss_1 = 0.0072, neg_loss_2 = 0.0047, ref_loss = 0.0174, div_loss = 0.0312, 0.786 seconds/batch
2026-04-20 22:50:52,599 - Epoch 8, Batch 700, lr = 0.00008, final_loss = 4.7203, nll_loss = 4.6278, ref_nll_loss = 4.8128, ivc_loss = 0.0965, neg_loss_1 = 0.0055, neg_loss_2 = 0.0068, ref_loss = 0.0199, div_loss = 0.0321, 0.791 seconds/batch
2026-04-20 22:51:36,235 - Epoch 8, Batch 750, lr = 0.00008, final_loss = 4.7340, nll_loss = 4.6409, ref_nll_loss = 4.8270, ivc_loss = 0.0888, neg_loss_1 = 0.0058, neg_loss_2 = 0.0050, ref_loss = 0.0181, div_loss = 0.0310, 0.797 seconds/batch
2026-04-20 22:52:19,840 - Epoch 8, Batch 800, lr = 0.00008, final_loss = 4.6567, nll_loss = 4.5600, ref_nll_loss = 4.7534, ivc_loss = 0.0906, neg_loss_1 = 0.0072, neg_loss_2 = 0.0055, ref_loss = 0.0163, div_loss = 0.0326, 0.802 seconds/batch
2026-04-20 22:53:03,399 - Epoch 8, Batch 850, lr = 0.00008, final_loss = 4.7180, nll_loss = 4.6236, ref_nll_loss = 4.8125, ivc_loss = 0.0930, neg_loss_1 = 0.0079, neg_loss_2 = 0.0051, ref_loss = 0.0177, div_loss = 0.0316, 0.806 seconds/batch
2026-04-20 22:53:47,012 - Epoch 8, Batch 900, lr = 0.00008, final_loss = 4.6777, nll_loss = 4.5860, ref_nll_loss = 4.7695, ivc_loss = 0.0893, neg_loss_1 = 0.0059, neg_loss_2 = 0.0044, ref_loss = 0.0187, div_loss = 0.0314, 0.809 seconds/batch
2026-04-20 22:54:30,589 - Epoch 8, Batch 950, lr = 0.00008, final_loss = 4.7015, nll_loss = 4.6060, ref_nll_loss = 4.7969, ivc_loss = 0.0898, neg_loss_1 = 0.0066, neg_loss_2 = 0.0046, ref_loss = 0.0181, div_loss = 0.0313, 0.813 seconds/batch
2026-04-20 22:55:14,177 - Epoch 8, Batch 1000, lr = 0.00008, final_loss = 4.6990, nll_loss = 4.6056, ref_nll_loss = 4.7924, ivc_loss = 0.0862, neg_loss_1 = 0.0060, neg_loss_2 = 0.0044, ref_loss = 0.0171, div_loss = 0.0312, 0.816 seconds/batch
2026-04-20 22:55:57,778 - Epoch 8, Batch 1050, lr = 0.00008, final_loss = 4.7042, nll_loss = 4.6122, ref_nll_loss = 4.7961, ivc_loss = 0.0886, neg_loss_1 = 0.0065, neg_loss_2 = 0.0053, ref_loss = 0.0172, div_loss = 0.0307, 0.818 seconds/batch
2026-04-20 22:56:41,404 - Epoch 8, Batch 1100, lr = 0.00008, final_loss = 4.7047, nll_loss = 4.6102, ref_nll_loss = 4.7991, ivc_loss = 0.0899, neg_loss_1 = 0.0073, neg_loss_2 = 0.0045, ref_loss = 0.0172, div_loss = 0.0319, 0.821 seconds/batch
2026-04-20 22:57:24,984 - Epoch 8, Batch 1150, lr = 0.00008, final_loss = 4.6679, nll_loss = 4.5770, ref_nll_loss = 4.7589, ivc_loss = 0.0968, neg_loss_1 = 0.0075, neg_loss_2 = 0.0061, ref_loss = 0.0198, div_loss = 0.0298, 0.823 seconds/batch
2026-04-20 22:57:42,142 - Epoch 8, Batch 1170, lr = 0.00008, final_loss = 4.6761, nll_loss = 4.5825, ref_nll_loss = 4.7698, ivc_loss = 0.0872, neg_loss_1 = 0.0052, neg_loss_2 = 0.0034, ref_loss = 0.0197, div_loss = 0.0306, 0.824 seconds/batch
2026-04-20 22:57:42,218 - save model to checkpoints/activitynet_moe_noaux_alpha1/cpl_moe2_noaux_alpha1/model-8.pt, num_updates 9360.
2026-04-20 23:01:30,640 - | R@1,mIoU 0.3380 | R@1,IoU@0.1 0.8014 | R@1,IoU@0.3 0.4610 | R@1,IoU@0.5 0.2612 | R@1,IoU@0.7 0.1314 | R@1,IoU@0.9 0.0164 | R@5,mIoU 0.5225 | R@5,IoU@0.1 0.9243 | R@5,IoU@0.3 0.7559 | R@5,IoU@0.5 0.5519 | R@5,IoU@0.7 0.3007 | R@5,IoU@0.9 0.0697 |
2026-04-20 23:01:30,641 - ============================================================
2026-04-20 23:01:30,641 - Start Epoch 9
2026-04-20 23:01:56,665 - Epoch 9, Batch 50, lr = 0.00008, final_loss = 4.6483, nll_loss = 4.5555, ref_nll_loss = 4.7411, ivc_loss = 0.0900, neg_loss_1 = 0.0077, neg_loss_2 = 0.0047, ref_loss = 0.0179, div_loss = 0.0295, 0.520 seconds/batch
2026-04-20 23:02:33,081 - Epoch 9, Batch 100, lr = 0.00008, final_loss = 4.6617, nll_loss = 4.5687, ref_nll_loss = 4.7547, ivc_loss = 0.0873, neg_loss_1 = 0.0051, neg_loss_2 = 0.0048, ref_loss = 0.0182, div_loss = 0.0310, 0.624 seconds/batch
2026-04-20 23:03:09,802 - Epoch 9, Batch 150, lr = 0.00008, final_loss = 4.6708, nll_loss = 4.5757, ref_nll_loss = 4.7658, ivc_loss = 0.0865, neg_loss_1 = 0.0048, neg_loss_2 = 0.0055, ref_loss = 0.0168, div_loss = 0.0323, 0.661 seconds/batch
2026-04-20 23:03:46,494 - Epoch 9, Batch 200, lr = 0.00008, final_loss = 4.6329, nll_loss = 4.5362, ref_nll_loss = 4.7295, ivc_loss = 0.0848, neg_loss_1 = 0.0055, neg_loss_2 = 0.0045, ref_loss = 0.0168, div_loss = 0.0313, 0.679 seconds/batch
2026-04-20 23:04:23,159 - Epoch 9, Batch 250, lr = 0.00008, final_loss = 4.6757, nll_loss = 4.5805, ref_nll_loss = 4.7709, ivc_loss = 0.0880, neg_loss_1 = 0.0074, neg_loss_2 = 0.0045, ref_loss = 0.0175, div_loss = 0.0290, 0.690 seconds/batch
2026-04-20 23:04:59,828 - Epoch 9, Batch 300, lr = 0.00008, final_loss = 4.6621, nll_loss = 4.5661, ref_nll_loss = 4.7582, ivc_loss = 0.0857, neg_loss_1 = 0.0059, neg_loss_2 = 0.0044, ref_loss = 0.0168, div_loss = 0.0315, 0.697 seconds/batch
2026-04-20 23:05:39,677 - Epoch 9, Batch 350, lr = 0.00008, final_loss = 4.6815, nll_loss = 4.5840, ref_nll_loss = 4.7789, ivc_loss = 0.0879, neg_loss_1 = 0.0070, neg_loss_2 = 0.0047, ref_loss = 0.0161, div_loss = 0.0323, 0.712 seconds/batch
2026-04-20 23:06:23,088 - Epoch 9, Batch 400, lr = 0.00008, final_loss = 4.6510, nll_loss = 4.5528, ref_nll_loss = 4.7492, ivc_loss = 0.0843, neg_loss_1 = 0.0070, neg_loss_2 = 0.0040, ref_loss = 0.0157, div_loss = 0.0310, 0.731 seconds/batch
2026-04-20 23:07:06,478 - Epoch 9, Batch 450, lr = 0.00008, final_loss = 4.6375, nll_loss = 4.5422, ref_nll_loss = 4.7327, ivc_loss = 0.0840, neg_loss_1 = 0.0060, neg_loss_2 = 0.0037, ref_loss = 0.0172, div_loss = 0.0303, 0.746 seconds/batch
2026-04-20 23:07:50,031 - Epoch 9, Batch 500, lr = 0.00008, final_loss = 4.6325, nll_loss = 4.5356, ref_nll_loss = 4.7294, ivc_loss = 0.0863, neg_loss_1 = 0.0069, neg_loss_2 = 0.0053, ref_loss = 0.0160, div_loss = 0.0298, 0.759 seconds/batch
2026-04-20 23:08:33,619 - Epoch 9, Batch 550, lr = 0.00008, final_loss = 4.6457, nll_loss = 4.5508, ref_nll_loss = 4.7406, ivc_loss = 0.0891, neg_loss_1 = 0.0062, neg_loss_2 = 0.0060, ref_loss = 0.0177, div_loss = 0.0293, 0.769 seconds/batch
2026-04-20 23:09:17,205 - Epoch 9, Batch 600, lr = 0.00008, final_loss = 4.6671, nll_loss = 4.5690, ref_nll_loss = 4.7653, ivc_loss = 0.0886, neg_loss_1 = 0.0058, neg_loss_2 = 0.0062, ref_loss = 0.0180, div_loss = 0.0287, 0.778 seconds/batch
2026-04-20 23:10:00,701 - Epoch 9, Batch 650, lr = 0.00008, final_loss = 4.6341, nll_loss = 4.5361, ref_nll_loss = 4.7322, ivc_loss = 0.0815, neg_loss_1 = 0.0057, neg_loss_2 = 0.0048, ref_loss = 0.0163, div_loss = 0.0278, 0.785 seconds/batch
2026-04-20 23:10:44,122 - Epoch 9, Batch 700, lr = 0.00008, final_loss = 4.6479, nll_loss = 4.5501, ref_nll_loss = 4.7456, ivc_loss = 0.0856, neg_loss_1 = 0.0071, neg_loss_2 = 0.0059, ref_loss = 0.0155, div_loss = 0.0287, 0.791 seconds/batch
2026-04-20 23:11:27,500 - Epoch 9, Batch 750, lr = 0.00008, final_loss = 4.6325, nll_loss = 4.5328, ref_nll_loss = 4.7321, ivc_loss = 0.0842, neg_loss_1 = 0.0073, neg_loss_2 = 0.0049, ref_loss = 0.0148, div_loss = 0.0302, 0.796 seconds/batch
2026-04-20 23:12:11,041 - Epoch 9, Batch 800, lr = 0.00008, final_loss = 4.6591, nll_loss = 4.5586, ref_nll_loss = 4.7597, ivc_loss = 0.0936, neg_loss_1 = 0.0075, neg_loss_2 = 0.0066, ref_loss = 0.0174, div_loss = 0.0306, 0.800 seconds/batch
2026-04-20 23:12:54,652 - Epoch 9, Batch 850, lr = 0.00008, final_loss = 4.6440, nll_loss = 4.5426, ref_nll_loss = 4.7454, ivc_loss = 0.0821, neg_loss_1 = 0.0066, neg_loss_2 = 0.0038, ref_loss = 0.0154, div_loss = 0.0304, 0.805 seconds/batch
2026-04-20 23:13:38,167 - Epoch 9, Batch 900, lr = 0.00008, final_loss = 4.6813, nll_loss = 4.5856, ref_nll_loss = 4.7770, ivc_loss = 0.0887, neg_loss_1 = 0.0066, neg_loss_2 = 0.0056, ref_loss = 0.0172, div_loss = 0.0299, 0.808 seconds/batch
2026-04-20 23:14:21,621 - Epoch 9, Batch 950, lr = 0.00008, final_loss = 4.6393, nll_loss = 4.5380, ref_nll_loss = 4.7407, ivc_loss = 0.0783, neg_loss_1 = 0.0058, neg_loss_2 = 0.0031, ref_loss = 0.0154, div_loss = 0.0296, 0.812 seconds/batch
2026-04-20 23:15:05,218 - Epoch 9, Batch 1000, lr = 0.00008, final_loss = 4.6701, nll_loss = 4.5724, ref_nll_loss = 4.7679, ivc_loss = 0.0833, neg_loss_1 = 0.0059, neg_loss_2 = 0.0033, ref_loss = 0.0175, div_loss = 0.0300, 0.815 seconds/batch
2026-04-20 23:15:48,801 - Epoch 9, Batch 1050, lr = 0.00008, final_loss = 4.6585, nll_loss = 4.5635, ref_nll_loss = 4.7534, ivc_loss = 0.0854, neg_loss_1 = 0.0058, neg_loss_2 = 0.0046, ref_loss = 0.0169, div_loss = 0.0307, 0.817 seconds/batch
2026-04-20 23:16:32,202 - Epoch 9, Batch 1100, lr = 0.00008, final_loss = 4.6807, nll_loss = 4.5836, ref_nll_loss = 4.7779, ivc_loss = 0.0877, neg_loss_1 = 0.0079, neg_loss_2 = 0.0047, ref_loss = 0.0165, div_loss = 0.0293, 0.820 seconds/batch
2026-04-20 23:17:15,575 - Epoch 9, Batch 1150, lr = 0.00008, final_loss = 4.6233, nll_loss = 4.5241, ref_nll_loss = 4.7225, ivc_loss = 0.0901, neg_loss_1 = 0.0075, neg_loss_2 = 0.0065, ref_loss = 0.0169, div_loss = 0.0285, 0.822 seconds/batch
2026-04-20 23:17:32,638 - Epoch 9, Batch 1170, lr = 0.00008, final_loss = 4.6430, nll_loss = 4.5459, ref_nll_loss = 4.7401, ivc_loss = 0.0866, neg_loss_1 = 0.0049, neg_loss_2 = 0.0065, ref_loss = 0.0167, div_loss = 0.0304, 0.822 seconds/batch
2026-04-20 23:17:32,713 - save model to checkpoints/activitynet_moe_noaux_alpha1/cpl_moe2_noaux_alpha1/model-9.pt, num_updates 10530.
2026-04-20 23:21:22,035 - | R@1,mIoU 0.3352 | R@1,IoU@0.1 0.7947 | R@1,IoU@0.3 0.4561 | R@1,IoU@0.5 0.2623 | R@1,IoU@0.7 0.1312 | R@1,IoU@0.9 0.0152 | R@5,mIoU 0.5188 | R@5,IoU@0.1 0.9211 | R@5,IoU@0.3 0.7503 | R@5,IoU@0.5 0.5454 | R@5,IoU@0.7 0.2980 | R@5,IoU@0.9 0.0662 |
2026-04-20 23:21:22,035 - ============================================================
2026-04-20 23:21:22,035 - Start Epoch 10
2026-04-20 23:21:47,924 - Epoch 10, Batch 50, lr = 0.00008, final_loss = 4.6016, nll_loss = 4.5026, ref_nll_loss = 4.7006, ivc_loss = 0.0877, neg_loss_1 = 0.0057, neg_loss_2 = 0.0057, ref_loss = 0.0159, div_loss = 0.0331, 0.518 seconds/batch
2026-04-20 23:22:24,229 - Epoch 10, Batch 100, lr = 0.00008, final_loss = 4.5868, nll_loss = 4.4894, ref_nll_loss = 4.6843, ivc_loss = 0.0869, neg_loss_1 = 0.0057, neg_loss_2 = 0.0051, ref_loss = 0.0166, div_loss = 0.0321, 0.622 seconds/batch
2026-04-20 23:23:00,979 - Epoch 10, Batch 150, lr = 0.00008, final_loss = 4.6459, nll_loss = 4.5473, ref_nll_loss = 4.7445, ivc_loss = 0.0855, neg_loss_1 = 0.0060, neg_loss_2 = 0.0043, ref_loss = 0.0164, div_loss = 0.0322, 0.660 seconds/batch
2026-04-20 23:23:37,551 - Epoch 10, Batch 200, lr = 0.00008, final_loss = 4.6225, nll_loss = 4.5204, ref_nll_loss = 4.7245, ivc_loss = 0.0834, neg_loss_1 = 0.0061, neg_loss_2 = 0.0048, ref_loss = 0.0150, div_loss = 0.0316, 0.678 seconds/batch
2026-04-20 23:24:14,189 - Epoch 10, Batch 250, lr = 0.00008, final_loss = 4.6077, nll_loss = 4.5064, ref_nll_loss = 4.7090, ivc_loss = 0.0839, neg_loss_1 = 0.0068, neg_loss_2 = 0.0047, ref_loss = 0.0145, div_loss = 0.0320, 0.689 seconds/batch
2026-04-20 23:24:50,807 - Epoch 10, Batch 300, lr = 0.00008, final_loss = 4.6029, nll_loss = 4.5038, ref_nll_loss = 4.7021, ivc_loss = 0.0899, neg_loss_1 = 0.0059, neg_loss_2 = 0.0068, ref_loss = 0.0170, div_loss = 0.0304, 0.696 seconds/batch
2026-04-20 23:25:30,252 - Epoch 10, Batch 350, lr = 0.00008, final_loss = 4.6118, nll_loss = 4.5148, ref_nll_loss = 4.7089, ivc_loss = 0.0942, neg_loss_1 = 0.0079, neg_loss_2 = 0.0062, ref_loss = 0.0169, div_loss = 0.0322, 0.709 seconds/batch
2026-04-20 23:26:13,800 - Epoch 10, Batch 400, lr = 0.00008, final_loss = 4.6023, nll_loss = 4.5027, ref_nll_loss = 4.7019, ivc_loss = 0.0807, neg_loss_1 = 0.0046, neg_loss_2 = 0.0046, ref_loss = 0.0153, div_loss = 0.0317, 0.729 seconds/batch
2026-04-20 23:26:57,274 - Epoch 10, Batch 450, lr = 0.00008, final_loss = 4.5798, nll_loss = 4.4786, ref_nll_loss = 4.6811, ivc_loss = 0.0843, neg_loss_1 = 0.0069, neg_loss_2 = 0.0048, ref_loss = 0.0155, div_loss = 0.0298, 0.745 seconds/batch
2026-04-20 23:27:40,842 - Epoch 10, Batch 500, lr = 0.00008, final_loss = 4.6249, nll_loss = 4.5243, ref_nll_loss = 4.7256, ivc_loss = 0.0807, neg_loss_1 = 0.0066, neg_loss_2 = 0.0059, ref_loss = 0.0138, div_loss = 0.0280, 0.758 seconds/batch
2026-04-20 23:28:24,421 - Epoch 10, Batch 550, lr = 0.00008, final_loss = 4.5969, nll_loss = 4.4928, ref_nll_loss = 4.7010, ivc_loss = 0.0817, neg_loss_1 = 0.0064, neg_loss_2 = 0.0044, ref_loss = 0.0156, div_loss = 0.0289, 0.768 seconds/batch
2026-04-20 23:29:08,004 - Epoch 10, Batch 600, lr = 0.00008, final_loss = 4.6301, nll_loss = 4.5297, ref_nll_loss = 4.7304, ivc_loss = 0.0809, neg_loss_1 = 0.0061, neg_loss_2 = 0.0032, ref_loss = 0.0157, div_loss = 0.0310, 0.777 seconds/batch
2026-04-20 23:29:51,598 - Epoch 10, Batch 650, lr = 0.00008, final_loss = 4.6609, nll_loss = 4.5612, ref_nll_loss = 4.7605, ivc_loss = 0.0861, neg_loss_1 = 0.0066, neg_loss_2 = 0.0057, ref_loss = 0.0154, div_loss = 0.0308, 0.784 seconds/batch
2026-04-20 23:30:35,190 - Epoch 10, Batch 700, lr = 0.00008, final_loss = 4.6143, nll_loss = 4.5110, ref_nll_loss = 4.7176, ivc_loss = 0.0807, neg_loss_1 = 0.0062, neg_loss_2 = 0.0049, ref_loss = 0.0142, div_loss = 0.0301, 0.790 seconds/batch
2026-04-20 23:31:18,791 - Epoch 10, Batch 750, lr = 0.00008, final_loss = 4.6116, nll_loss = 4.5112, ref_nll_loss = 4.7120, ivc_loss = 0.0855, neg_loss_1 = 0.0061, neg_loss_2 = 0.0043, ref_loss = 0.0169, div_loss = 0.0310, 0.796 seconds/batch
2026-04-20 23:32:02,343 - Epoch 10, Batch 800, lr = 0.00008, final_loss = 4.6151, nll_loss = 4.5152, ref_nll_loss = 4.7150, ivc_loss = 0.0869, neg_loss_1 = 0.0059, neg_loss_2 = 0.0055, ref_loss = 0.0165, div_loss = 0.0311, 0.800 seconds/batch
2026-04-20 23:32:45,896 - Epoch 10, Batch 850, lr = 0.00007, final_loss = 4.6198, nll_loss = 4.5197, ref_nll_loss = 4.7199, ivc_loss = 0.0842, neg_loss_1 = 0.0053, neg_loss_2 = 0.0051, ref_loss = 0.0164, div_loss = 0.0308, 0.805 seconds/batch
2026-04-20 23:33:29,287 - Epoch 10, Batch 900, lr = 0.00007, final_loss = 4.5890, nll_loss = 4.4863, ref_nll_loss = 4.6916, ivc_loss = 0.0770, neg_loss_1 = 0.0045, neg_loss_2 = 0.0042, ref_loss = 0.0146, div_loss = 0.0305, 0.808 seconds/batch
2026-04-20 23:34:12,773 - Epoch 10, Batch 950, lr = 0.00007, final_loss = 4.5871, nll_loss = 4.4888, ref_nll_loss = 4.6854, ivc_loss = 0.0864, neg_loss_1 = 0.0056, neg_loss_2 = 0.0054, ref_loss = 0.0168, div_loss = 0.0309, 0.811 seconds/batch
2026-04-20 23:34:56,306 - Epoch 10, Batch 1000, lr = 0.00007, final_loss = 4.6244, nll_loss = 4.5247, ref_nll_loss = 4.7240, ivc_loss = 0.0828, neg_loss_1 = 0.0050, neg_loss_2 = 0.0050, ref_loss = 0.0159, div_loss = 0.0309, 0.814 seconds/batch
2026-04-20 23:35:39,880 - Epoch 10, Batch 1050, lr = 0.00007, final_loss = 4.6373, nll_loss = 4.5352, ref_nll_loss = 4.7394, ivc_loss = 0.0807, neg_loss_1 = 0.0056, neg_loss_2 = 0.0047, ref_loss = 0.0148, div_loss = 0.0304, 0.817 seconds/batch
2026-04-20 23:36:23,429 - Epoch 10, Batch 1100, lr = 0.00007, final_loss = 4.6279, nll_loss = 4.5284, ref_nll_loss = 4.7273, ivc_loss = 0.0820, neg_loss_1 = 0.0053, neg_loss_2 = 0.0053, ref_loss = 0.0154, div_loss = 0.0300, 0.819 seconds/batch
2026-04-20 23:37:07,002 - Epoch 10, Batch 1150, lr = 0.00007, final_loss = 4.6257, nll_loss = 4.5232, ref_nll_loss = 4.7282, ivc_loss = 0.0802, neg_loss_1 = 0.0049, neg_loss_2 = 0.0044, ref_loss = 0.0156, div_loss = 0.0304, 0.822 seconds/batch
2026-04-20 23:37:24,196 - Epoch 10, Batch 1170, lr = 0.00007, final_loss = 4.5871, nll_loss = 4.4834, ref_nll_loss = 4.6909, ivc_loss = 0.0676, neg_loss_1 = 0.0036, neg_loss_2 = 0.0027, ref_loss = 0.0126, div_loss = 0.0299, 0.822 seconds/batch
2026-04-20 23:37:24,285 - save model to checkpoints/activitynet_moe_noaux_alpha1/cpl_moe2_noaux_alpha1/model-10.pt, num_updates 11700.
2026-04-20 23:41:12,419 - | R@1,mIoU 0.3343 | R@1,IoU@0.1 0.7973 | R@1,IoU@0.3 0.4504 | R@1,IoU@0.5 0.2606 | R@1,IoU@0.7 0.1304 | R@1,IoU@0.9 0.0150 | R@5,mIoU 0.5247 | R@5,IoU@0.1 0.9230 | R@5,IoU@0.3 0.7566 | R@5,IoU@0.5 0.5550 | R@5,IoU@0.7 0.3108 | R@5,IoU@0.9 0.0686 |
2026-04-20 23:41:12,419 - ============================================================
2026-04-20 23:41:12,420 - Start Epoch 11
2026-04-20 23:41:38,105 - Epoch 11, Batch 50, lr = 0.00007, final_loss = 4.5610, nll_loss = 4.4583, ref_nll_loss = 4.6638, ivc_loss = 0.0744, neg_loss_1 = 0.0044, neg_loss_2 = 0.0038, ref_loss = 0.0136, div_loss = 0.0307, 0.514 seconds/batch
2026-04-20 23:42:13,781 - Epoch 11, Batch 100, lr = 0.00007, final_loss = 4.5970, nll_loss = 4.4958, ref_nll_loss = 4.6983, ivc_loss = 0.0732, neg_loss_1 = 0.0049, neg_loss_2 = 0.0032, ref_loss = 0.0131, div_loss = 0.0308, 0.614 seconds/batch
2026-04-20 23:42:50,600 - Epoch 11, Batch 150, lr = 0.00007, final_loss = 4.5469, nll_loss = 4.4464, ref_nll_loss = 4.6473, ivc_loss = 0.0838, neg_loss_1 = 0.0066, neg_loss_2 = 0.0043, ref_loss = 0.0159, div_loss = 0.0301, 0.655 seconds/batch
2026-04-20 23:43:27,208 - Epoch 11, Batch 200, lr = 0.00007, final_loss = 4.5313, nll_loss = 4.4247, ref_nll_loss = 4.6378, ivc_loss = 0.0807, neg_loss_1 = 0.0057, neg_loss_2 = 0.0049, ref_loss = 0.0137, div_loss = 0.0320, 0.674 seconds/batch
2026-04-20 23:44:03,784 - Epoch 11, Batch 250, lr = 0.00007, final_loss = 4.5867, nll_loss = 4.4822, ref_nll_loss = 4.6912, ivc_loss = 0.0761, neg_loss_1 = 0.0052, neg_loss_2 = 0.0040, ref_loss = 0.0134, div_loss = 0.0310, 0.685 seconds/batch
2026-04-20 23:44:40,363 - Epoch 11, Batch 300, lr = 0.00007, final_loss = 4.5606, nll_loss = 4.4606, ref_nll_loss = 4.6606, ivc_loss = 0.0829, neg_loss_1 = 0.0063, neg_loss_2 = 0.0050, ref_loss = 0.0152, div_loss = 0.0299, 0.693 seconds/batch
2026-04-20 23:45:19,873 - Epoch 11, Batch 350, lr = 0.00007, final_loss = 4.5482, nll_loss = 4.4480, ref_nll_loss = 4.6483, ivc_loss = 0.0862, neg_loss_1 = 0.0059, neg_loss_2 = 0.0058, ref_loss = 0.0168, div_loss = 0.0293, 0.707 seconds/batch
2026-04-20 23:46:03,583 - Epoch 11, Batch 400, lr = 0.00007, final_loss = 4.5742, nll_loss = 4.4722, ref_nll_loss = 4.6763, ivc_loss = 0.0839, neg_loss_1 = 0.0060, neg_loss_2 = 0.0054, ref_loss = 0.0154, div_loss = 0.0305, 0.728 seconds/batch
2026-04-20 23:46:47,217 - Epoch 11, Batch 450, lr = 0.00007, final_loss = 4.5657, nll_loss = 4.4613, ref_nll_loss = 4.6701, ivc_loss = 0.0793, neg_loss_1 = 0.0051, neg_loss_2 = 0.0047, ref_loss = 0.0140, div_loss = 0.0316, 0.744 seconds/batch
2026-04-20 23:47:30,837 - Epoch 11, Batch 500, lr = 0.00007, final_loss = 4.5806, nll_loss = 4.4790, ref_nll_loss = 4.6822, ivc_loss = 0.0824, neg_loss_1 = 0.0062, neg_loss_2 = 0.0044, ref_loss = 0.0153, div_loss = 0.0305, 0.757 seconds/batch
2026-04-20 23:48:14,567 - Epoch 11, Batch 550, lr = 0.00007, final_loss = 4.5615, nll_loss = 4.4559, ref_nll_loss = 4.6671, ivc_loss = 0.0855, neg_loss_1 = 0.0071, neg_loss_2 = 0.0057, ref_loss = 0.0140, div_loss = 0.0319, 0.768 seconds/batch
2026-04-20 23:48:58,279 - Epoch 11, Batch 600, lr = 0.00007, final_loss = 4.5993, nll_loss = 4.4956, ref_nll_loss = 4.7029, ivc_loss = 0.0786, neg_loss_1 = 0.0056, neg_loss_2 = 0.0050, ref_loss = 0.0133, div_loss = 0.0307, 0.776 seconds/batch
2026-04-20 23:49:41,972 - Epoch 11, Batch 650, lr = 0.00007, final_loss = 4.5997, nll_loss = 4.4993, ref_nll_loss = 4.7002, ivc_loss = 0.0822, neg_loss_1 = 0.0065, neg_loss_2 = 0.0041, ref_loss = 0.0155, div_loss = 0.0301, 0.784 seconds/batch
2026-04-20 23:50:25,706 - Epoch 11, Batch 700, lr = 0.00007, final_loss = 4.6039, nll_loss = 4.5013, ref_nll_loss = 4.7065, ivc_loss = 0.0786, neg_loss_1 = 0.0058, neg_loss_2 = 0.0041, ref_loss = 0.0144, div_loss = 0.0299, 0.790 seconds/batch
2026-04-20 23:51:09,399 - Epoch 11, Batch 750, lr = 0.00007, final_loss = 4.6025, nll_loss = 4.5024, ref_nll_loss = 4.7025, ivc_loss = 0.0814, neg_loss_1 = 0.0049, neg_loss_2 = 0.0041, ref_loss = 0.0162, div_loss = 0.0311, 0.796 seconds/batch
2026-04-20 23:51:53,084 - Epoch 11, Batch 800, lr = 0.00007, final_loss = 4.5494, nll_loss = 4.4467, ref_nll_loss = 4.6521, ivc_loss = 0.0793, neg_loss_1 = 0.0045, neg_loss_2 = 0.0050, ref_loss = 0.0151, div_loss = 0.0299, 0.801 seconds/batch
2026-04-20 23:52:36,756 - Epoch 11, Batch 850, lr = 0.00007, final_loss = 4.5910, nll_loss = 4.4937, ref_nll_loss = 4.6883, ivc_loss = 0.0838, neg_loss_1 = 0.0057, neg_loss_2 = 0.0053, ref_loss = 0.0161, div_loss = 0.0297, 0.805 seconds/batch
2026-04-20 23:53:20,425 - Epoch 11, Batch 900, lr = 0.00007, final_loss = 4.5822, nll_loss = 4.4812, ref_nll_loss = 4.6832, ivc_loss = 0.0820, neg_loss_1 = 0.0063, neg_loss_2 = 0.0045, ref_loss = 0.0150, div_loss = 0.0304, 0.809 seconds/batch
2026-04-20 23:54:04,098 - Epoch 11, Batch 950, lr = 0.00007, final_loss = 4.6024, nll_loss = 4.5011, ref_nll_loss = 4.7038, ivc_loss = 0.0862, neg_loss_1 = 0.0060, neg_loss_2 = 0.0050, ref_loss = 0.0167, div_loss = 0.0308, 0.812 seconds/batch
2026-04-20 23:54:47,770 - Epoch 11, Batch 1000, lr = 0.00007, final_loss = 4.6006, nll_loss = 4.5010, ref_nll_loss = 4.7002, ivc_loss = 0.0815, neg_loss_1 = 0.0053, neg_loss_2 = 0.0052, ref_loss = 0.0149, div_loss = 0.0308, 0.815 seconds/batch
2026-04-20 23:55:31,424 - Epoch 11, Batch 1050, lr = 0.00007, final_loss = 4.5787, nll_loss = 4.4759, ref_nll_loss = 4.6815, ivc_loss = 0.0825, neg_loss_1 = 0.0070, neg_loss_2 = 0.0040, ref_loss = 0.0150, div_loss = 0.0304, 0.818 seconds/batch
2026-04-20 23:56:14,824 - Epoch 11, Batch 1100, lr = 0.00007, final_loss = 4.5805, nll_loss = 4.4792, ref_nll_loss = 4.6817, ivc_loss = 0.0834, neg_loss_1 = 0.0049, neg_loss_2 = 0.0045, ref_loss = 0.0167, div_loss = 0.0312, 0.820 seconds/batch
2026-04-20 23:56:58,488 - Epoch 11, Batch 1150, lr = 0.00007, final_loss = 4.5595, nll_loss = 4.4581, ref_nll_loss = 4.6610, ivc_loss = 0.0795, neg_loss_1 = 0.0052, neg_loss_2 = 0.0053, ref_loss = 0.0136, div_loss = 0.0313, 0.823 seconds/batch
2026-04-20 23:57:15,642 - Epoch 11, Batch 1170, lr = 0.00007, final_loss = 4.5776, nll_loss = 4.4738, ref_nll_loss = 4.6814, ivc_loss = 0.0812, neg_loss_1 = 0.0069, neg_loss_2 = 0.0034, ref_loss = 0.0146, div_loss = 0.0314, 0.823 seconds/batch
2026-04-20 23:57:15,718 - save model to checkpoints/activitynet_moe_noaux_alpha1/cpl_moe2_noaux_alpha1/model-11.pt, num_updates 12870.
2026-04-21 00:01:06,671 - | R@1,mIoU 0.3322 | R@1,IoU@0.1 0.7907 | R@1,IoU@0.3 0.4471 | R@1,IoU@0.5 0.2630 | R@1,IoU@0.7 0.1305 | R@1,IoU@0.9 0.0133 | R@5,mIoU 0.5185 | R@5,IoU@0.1 0.9244 | R@5,IoU@0.3 0.7534 | R@5,IoU@0.5 0.5446 | R@5,IoU@0.7 0.2989 | R@5,IoU@0.9 0.0669 |
2026-04-21 00:01:06,671 - ============================================================
2026-04-21 00:01:06,671 - Start Epoch 12
2026-04-21 00:01:32,447 - Epoch 12, Batch 50, lr = 0.00007, final_loss = 4.5274, nll_loss = 4.4271, ref_nll_loss = 4.6276, ivc_loss = 0.0869, neg_loss_1 = 0.0060, neg_loss_2 = 0.0058, ref_loss = 0.0166, div_loss = 0.0301, 0.516 seconds/batch
2026-04-21 00:02:08,317 - Epoch 12, Batch 100, lr = 0.00007, final_loss = 4.5263, nll_loss = 4.4212, ref_nll_loss = 4.6315, ivc_loss = 0.0768, neg_loss_1 = 0.0063, neg_loss_2 = 0.0035, ref_loss = 0.0136, div_loss = 0.0299, 0.616 seconds/batch
2026-04-21 00:02:45,032 - Epoch 12, Batch 150, lr = 0.00007, final_loss = 4.5228, nll_loss = 4.4213, ref_nll_loss = 4.6242, ivc_loss = 0.0854, neg_loss_1 = 0.0059, neg_loss_2 = 0.0058, ref_loss = 0.0154, div_loss = 0.0313, 0.656 seconds/batch
2026-04-21 00:03:21,738 - Epoch 12, Batch 200, lr = 0.00007, final_loss = 4.5250, nll_loss = 4.4213, ref_nll_loss = 4.6287, ivc_loss = 0.0781, neg_loss_1 = 0.0049, neg_loss_2 = 0.0047, ref_loss = 0.0134, div_loss = 0.0321, 0.675 seconds/batch
2026-04-21 00:03:58,440 - Epoch 12, Batch 250, lr = 0.00007, final_loss = 4.5257, nll_loss = 4.4198, ref_nll_loss = 4.6316, ivc_loss = 0.0781, neg_loss_1 = 0.0054, neg_loss_2 = 0.0047, ref_loss = 0.0128, div_loss = 0.0322, 0.687 seconds/batch
2026-04-21 00:04:35,177 - Epoch 12, Batch 300, lr = 0.00007, final_loss = 4.5312, nll_loss = 4.4293, ref_nll_loss = 4.6331, ivc_loss = 0.0821, neg_loss_1 = 0.0064, neg_loss_2 = 0.0035, ref_loss = 0.0150, div_loss = 0.0324, 0.695 seconds/batch
2026-04-21 00:05:14,572 - Epoch 12, Batch 350, lr = 0.00007, final_loss = 4.5534, nll_loss = 4.4474, ref_nll_loss = 4.6595, ivc_loss = 0.0760, neg_loss_1 = 0.0044, neg_loss_2 = 0.0045, ref_loss = 0.0132, div_loss = 0.0317, 0.708 seconds/batch
2026-04-21 00:05:58,257 - Epoch 12, Batch 400, lr = 0.00007, final_loss = 4.5804, nll_loss = 4.4769, ref_nll_loss = 4.6840, ivc_loss = 0.0819, neg_loss_1 = 0.0059, neg_loss_2 = 0.0052, ref_loss = 0.0144, div_loss = 0.0310, 0.729 seconds/batch
2026-04-21 00:06:41,990 - Epoch 12, Batch 450, lr = 0.00007, final_loss = 4.5567, nll_loss = 4.4560, ref_nll_loss = 4.6574, ivc_loss = 0.0802, neg_loss_1 = 0.0054, neg_loss_2 = 0.0034, ref_loss = 0.0153, div_loss = 0.0318, 0.745 seconds/batch
2026-04-21 00:07:25,658 - Epoch 12, Batch 500, lr = 0.00007, final_loss = 4.5604, nll_loss = 4.4564, ref_nll_loss = 4.6644, ivc_loss = 0.0765, neg_loss_1 = 0.0057, neg_loss_2 = 0.0033, ref_loss = 0.0140, div_loss = 0.0304, 0.758 seconds/batch
2026-04-21 00:08:09,346 - Epoch 12, Batch 550, lr = 0.00007, final_loss = 4.5499, nll_loss = 4.4449, ref_nll_loss = 4.6548, ivc_loss = 0.0823, neg_loss_1 = 0.0063, neg_loss_2 = 0.0038, ref_loss = 0.0147, div_loss = 0.0326, 0.768 seconds/batch
2026-04-21 00:08:53,045 - Epoch 12, Batch 600, lr = 0.00007, final_loss = 4.5690, nll_loss = 4.4647, ref_nll_loss = 4.6734, ivc_loss = 0.0765, neg_loss_1 = 0.0046, neg_loss_2 = 0.0036, ref_loss = 0.0143, div_loss = 0.0315, 0.777 seconds/batch
2026-04-21 00:09:36,712 - Epoch 12, Batch 650, lr = 0.00007, final_loss = 4.5400, nll_loss = 4.4352, ref_nll_loss = 4.6447, ivc_loss = 0.0770, neg_loss_1 = 0.0057, neg_loss_2 = 0.0046, ref_loss = 0.0124, div_loss = 0.0316, 0.785 seconds/batch
2026-04-21 00:10:20,403 - Epoch 12, Batch 700, lr = 0.00007, final_loss = 4.5438, nll_loss = 4.4403, ref_nll_loss = 4.6474, ivc_loss = 0.0798, neg_loss_1 = 0.0052, neg_loss_2 = 0.0046, ref_loss = 0.0142, div_loss = 0.0319, 0.791 seconds/batch
2026-04-21 00:11:04,101 - Epoch 12, Batch 750, lr = 0.00007, final_loss = 4.5305, nll_loss = 4.4258, ref_nll_loss = 4.6351, ivc_loss = 0.0794, neg_loss_1 = 0.0054, neg_loss_2 = 0.0043, ref_loss = 0.0144, div_loss = 0.0310, 0.797 seconds/batch
2026-04-21 00:11:47,728 - Epoch 12, Batch 800, lr = 0.00007, final_loss = 4.5571, nll_loss = 4.4510, ref_nll_loss = 4.6633, ivc_loss = 0.0752, neg_loss_1 = 0.0049, neg_loss_2 = 0.0034, ref_loss = 0.0136, div_loss = 0.0316, 0.801 seconds/batch
2026-04-21 00:12:31,369 - Epoch 12, Batch 850, lr = 0.00007, final_loss = 4.5426, nll_loss = 4.4391, ref_nll_loss = 4.6462, ivc_loss = 0.0860, neg_loss_1 = 0.0062, neg_loss_2 = 0.0048, ref_loss = 0.0163, div_loss = 0.0313, 0.806 seconds/batch
2026-04-21 00:13:14,607 - Epoch 12, Batch 900, lr = 0.00007, final_loss = 4.5554, nll_loss = 4.4504, ref_nll_loss = 4.6604, ivc_loss = 0.0746, neg_loss_1 = 0.0048, neg_loss_2 = 0.0039, ref_loss = 0.0126, div_loss = 0.0319, 0.809 seconds/batch
2026-04-21 00:13:58,154 - Epoch 12, Batch 950, lr = 0.00007, final_loss = 4.5539, nll_loss = 4.4525, ref_nll_loss = 4.6553, ivc_loss = 0.0836, neg_loss_1 = 0.0065, neg_loss_2 = 0.0042, ref_loss = 0.0149, div_loss = 0.0322, 0.812 seconds/batch
2026-04-21 00:14:41,781 - Epoch 12, Batch 1000, lr = 0.00007, final_loss = 4.5310, nll_loss = 4.4253, ref_nll_loss = 4.6368, ivc_loss = 0.0743, neg_loss_1 = 0.0044, neg_loss_2 = 0.0040, ref_loss = 0.0126, div_loss = 0.0324, 0.815 seconds/batch
2026-04-21 00:15:25,374 - Epoch 12, Batch 1050, lr = 0.00007, final_loss = 4.5404, nll_loss = 4.4366, ref_nll_loss = 4.6441, ivc_loss = 0.0820, neg_loss_1 = 0.0057, neg_loss_2 = 0.0048, ref_loss = 0.0146, div_loss = 0.0319, 0.818 seconds/batch
2026-04-21 00:16:08,920 - Epoch 12, Batch 1100, lr = 0.00007, final_loss = 4.5616, nll_loss = 4.4585, ref_nll_loss = 4.6647, ivc_loss = 0.0762, neg_loss_1 = 0.0053, neg_loss_2 = 0.0032, ref_loss = 0.0135, div_loss = 0.0320, 0.820 seconds/batch
2026-04-21 00:16:52,493 - Epoch 12, Batch 1150, lr = 0.00007, final_loss = 4.5283, nll_loss = 4.4248, ref_nll_loss = 4.6317, ivc_loss = 0.0826, neg_loss_1 = 0.0071, neg_loss_2 = 0.0031, ref_loss = 0.0151, div_loss = 0.0319, 0.822 seconds/batch
2026-04-21 00:17:09,670 - Epoch 12, Batch 1170, lr = 0.00007, final_loss = 4.4990, nll_loss = 4.3906, ref_nll_loss = 4.6075, ivc_loss = 0.0792, neg_loss_1 = 0.0061, neg_loss_2 = 0.0054, ref_loss = 0.0123, div_loss = 0.0314, 0.823 seconds/batch
2026-04-21 00:17:09,750 - save model to checkpoints/activitynet_moe_noaux_alpha1/cpl_moe2_noaux_alpha1/model-12.pt, num_updates 14040.
2026-04-21 00:20:59,376 - | R@1,mIoU 0.3332 | R@1,IoU@0.1 0.7950 | R@1,IoU@0.3 0.4545 | R@1,IoU@0.5 0.2613 | R@1,IoU@0.7 0.1240 | R@1,IoU@0.9 0.0148 | R@5,mIoU 0.5257 | R@5,IoU@0.1 0.9236 | R@5,IoU@0.3 0.7589 | R@5,IoU@0.5 0.5534 | R@5,IoU@0.7 0.3157 | R@5,IoU@0.9 0.0730 |
2026-04-21 00:20:59,376 - ============================================================
2026-04-21 00:20:59,376 - Start Epoch 13
2026-04-21 00:21:25,064 - Epoch 13, Batch 50, lr = 0.00007, final_loss = 4.4821, nll_loss = 4.3768, ref_nll_loss = 4.5874, ivc_loss = 0.0809, neg_loss_1 = 0.0053, neg_loss_2 = 0.0048, ref_loss = 0.0148, div_loss = 0.0310, 0.514 seconds/batch
2026-04-21 00:22:00,663 - Epoch 13, Batch 100, lr = 0.00007, final_loss = 4.5397, nll_loss = 4.4364, ref_nll_loss = 4.6430, ivc_loss = 0.0800, neg_loss_1 = 0.0053, neg_loss_2 = 0.0042, ref_loss = 0.0148, div_loss = 0.0314, 0.613 seconds/batch
2026-04-21 00:22:37,276 - Epoch 13, Batch 150, lr = 0.00007, final_loss = 4.4845, nll_loss = 4.3783, ref_nll_loss = 4.5907, ivc_loss = 0.0797, neg_loss_1 = 0.0045, neg_loss_2 = 0.0042, ref_loss = 0.0144, div_loss = 0.0334, 0.653 seconds/batch
2026-04-21 00:23:13,904 - Epoch 13, Batch 200, lr = 0.00007, final_loss = 4.5041, nll_loss = 4.3944, ref_nll_loss = 4.6138, ivc_loss = 0.0760, neg_loss_1 = 0.0049, neg_loss_2 = 0.0033, ref_loss = 0.0128, div_loss = 0.0340, 0.673 seconds/batch
2026-04-21 00:23:50,621 - Epoch 13, Batch 250, lr = 0.00007, final_loss = 4.5318, nll_loss = 4.4242, ref_nll_loss = 4.6394, ivc_loss = 0.0755, neg_loss_1 = 0.0051, neg_loss_2 = 0.0028, ref_loss = 0.0135, div_loss = 0.0326, 0.685 seconds/batch
2026-04-21 00:24:27,298 - Epoch 13, Batch 300, lr = 0.00007, final_loss = 4.5202, nll_loss = 4.4127, ref_nll_loss = 4.6277, ivc_loss = 0.0765, neg_loss_1 = 0.0050, neg_loss_2 = 0.0028, ref_loss = 0.0137, div_loss = 0.0334, 0.693 seconds/batch
2026-04-21 00:25:06,468 - Epoch 13, Batch 350, lr = 0.00007, final_loss = 4.5121, nll_loss = 4.4071, ref_nll_loss = 4.6171, ivc_loss = 0.0795, neg_loss_1 = 0.0044, neg_loss_2 = 0.0045, ref_loss = 0.0138, div_loss = 0.0341, 0.706 seconds/batch
2026-04-21 00:25:49,880 - Epoch 13, Batch 400, lr = 0.00007, final_loss = 4.4869, nll_loss = 4.3808, ref_nll_loss = 4.5929, ivc_loss = 0.0811, neg_loss_1 = 0.0062, neg_loss_2 = 0.0048, ref_loss = 0.0128, div_loss = 0.0335, 0.726 seconds/batch
2026-04-21 00:26:33,498 - Epoch 13, Batch 450, lr = 0.00007, final_loss = 4.5484, nll_loss = 4.4459, ref_nll_loss = 4.6510, ivc_loss = 0.0844, neg_loss_1 = 0.0056, neg_loss_2 = 0.0040, ref_loss = 0.0159, div_loss = 0.0333, 0.742 seconds/batch
2026-04-21 00:27:17,040 - Epoch 13, Batch 500, lr = 0.00007, final_loss = 4.5143, nll_loss = 4.4082, ref_nll_loss = 4.6204, ivc_loss = 0.0801, neg_loss_1 = 0.0050, neg_loss_2 = 0.0045, ref_loss = 0.0139, div_loss = 0.0332, 0.755 seconds/batch
2026-04-21 00:28:00,658 - Epoch 13, Batch 550, lr = 0.00007, final_loss = 4.4701, nll_loss = 4.3663, ref_nll_loss = 4.5740, ivc_loss = 0.0778, neg_loss_1 = 0.0044, neg_loss_2 = 0.0042, ref_loss = 0.0147, div_loss = 0.0313, 0.766 seconds/batch
2026-04-21 00:28:44,275 - Epoch 13, Batch 600, lr = 0.00007, final_loss = 4.5344, nll_loss = 4.4301, ref_nll_loss = 4.6386, ivc_loss = 0.0785, neg_loss_1 = 0.0055, neg_loss_2 = 0.0031, ref_loss = 0.0147, div_loss = 0.0319, 0.775 seconds/batch
2026-04-21 00:29:27,840 - Epoch 13, Batch 650, lr = 0.00007, final_loss = 4.5521, nll_loss = 4.4417, ref_nll_loss = 4.6625, ivc_loss = 0.0753, neg_loss_1 = 0.0049, neg_loss_2 = 0.0040, ref_loss = 0.0125, div_loss = 0.0324, 0.782 seconds/batch
2026-04-21 00:30:11,349 - Epoch 13, Batch 700, lr = 0.00007, final_loss = 4.5333, nll_loss = 4.4266, ref_nll_loss = 4.6399, ivc_loss = 0.0791, neg_loss_1 = 0.0055, neg_loss_2 = 0.0043, ref_loss = 0.0139, div_loss = 0.0317, 0.789 seconds/batch
2026-04-21 00:30:54,931 - Epoch 13, Batch 750, lr = 0.00007, final_loss = 4.5274, nll_loss = 4.4209, ref_nll_loss = 4.6340, ivc_loss = 0.0746, neg_loss_1 = 0.0041, neg_loss_2 = 0.0045, ref_loss = 0.0131, div_loss = 0.0315, 0.794 seconds/batch
2026-04-21 00:31:38,533 - Epoch 13, Batch 800, lr = 0.00007, final_loss = 4.5220, nll_loss = 4.4163, ref_nll_loss = 4.6277, ivc_loss = 0.0782, neg_loss_1 = 0.0059, neg_loss_2 = 0.0041, ref_loss = 0.0134, div_loss = 0.0315, 0.799 seconds/batch
2026-04-21 00:32:22,118 - Epoch 13, Batch 850, lr = 0.00007, final_loss = 4.4911, nll_loss = 4.3855, ref_nll_loss = 4.5968, ivc_loss = 0.0755, neg_loss_1 = 0.0048, neg_loss_2 = 0.0035, ref_loss = 0.0135, div_loss = 0.0319, 0.803 seconds/batch
2026-04-21 00:33:05,669 - Epoch 13, Batch 900, lr = 0.00007, final_loss = 4.5583, nll_loss = 4.4535, ref_nll_loss = 4.6630, ivc_loss = 0.0763, neg_loss_1 = 0.0054, neg_loss_2 = 0.0034, ref_loss = 0.0134, div_loss = 0.0320, 0.807 seconds/batch
2026-04-21 00:33:49,211 - Epoch 13, Batch 950, lr = 0.00007, final_loss = 4.4895, nll_loss = 4.3834, ref_nll_loss = 4.5957, ivc_loss = 0.0781, neg_loss_1 = 0.0039, neg_loss_2 = 0.0054, ref_loss = 0.0142, div_loss = 0.0311, 0.810 seconds/batch
2026-04-21 00:34:32,710 - Epoch 13, Batch 1000, lr = 0.00007, final_loss = 4.5284, nll_loss = 4.4217, ref_nll_loss = 4.6351, ivc_loss = 0.0778, neg_loss_1 = 0.0049, neg_loss_2 = 0.0044, ref_loss = 0.0139, div_loss = 0.0315, 0.813 seconds/batch
2026-04-21 00:35:16,138 - Epoch 13, Batch 1050, lr = 0.00007, final_loss = 4.4907, nll_loss = 4.3830, ref_nll_loss = 4.5983, ivc_loss = 0.0787, neg_loss_1 = 0.0057, neg_loss_2 = 0.0037, ref_loss = 0.0138, div_loss = 0.0322, 0.816 seconds/batch
2026-04-21 00:35:59,582 - Epoch 13, Batch 1100, lr = 0.00007, final_loss = 4.5136, nll_loss = 4.4053, ref_nll_loss = 4.6219, ivc_loss = 0.0776, neg_loss_1 = 0.0052, neg_loss_2 = 0.0039, ref_loss = 0.0133, div_loss = 0.0328, 0.818 seconds/batch
2026-04-21 00:36:42,973 - Epoch 13, Batch 1150, lr = 0.00006, final_loss = 4.5027, nll_loss = 4.4007, ref_nll_loss = 4.6047, ivc_loss = 0.0814, neg_loss_1 = 0.0044, neg_loss_2 = 0.0052, ref_loss = 0.0153, div_loss = 0.0316, 0.821 seconds/batch
2026-04-21 00:37:00,057 - Epoch 13, Batch 1170, lr = 0.00006, final_loss = 4.5109, nll_loss = 4.4092, ref_nll_loss = 4.6126, ivc_loss = 0.0761, neg_loss_1 = 0.0056, neg_loss_2 = 0.0031, ref_loss = 0.0140, div_loss = 0.0308, 0.821 seconds/batch
2026-04-21 00:37:00,132 - save model to checkpoints/activitynet_moe_noaux_alpha1/cpl_moe2_noaux_alpha1/model-13.pt, num_updates 15210.
2026-04-21 00:40:51,223 - | R@1,mIoU 0.3328 | R@1,IoU@0.1 0.7988 | R@1,IoU@0.3 0.4445 | R@1,IoU@0.5 0.2548 | R@1,IoU@0.7 0.1289 | R@1,IoU@0.9 0.0273 | R@5,mIoU 0.5221 | R@5,IoU@0.1 0.9217 | R@5,IoU@0.3 0.7521 | R@5,IoU@0.5 0.5484 | R@5,IoU@0.7 0.3122 | R@5,IoU@0.9 0.0782 |
2026-04-21 00:40:51,223 - ============================================================
2026-04-21 00:40:51,223 - Start Epoch 14
2026-04-21 00:41:16,552 - Epoch 14, Batch 50, lr = 0.00006, final_loss = 4.4782, nll_loss = 4.3684, ref_nll_loss = 4.5881, ivc_loss = 0.0723, neg_loss_1 = 0.0049, neg_loss_2 = 0.0028, ref_loss = 0.0134, div_loss = 0.0302, 0.507 seconds/batch
2026-04-21 00:41:52,093 - Epoch 14, Batch 100, lr = 0.00006, final_loss = 4.4670, nll_loss = 4.3572, ref_nll_loss = 4.5768, ivc_loss = 0.0787, neg_loss_1 = 0.0054, neg_loss_2 = 0.0045, ref_loss = 0.0139, div_loss = 0.0311, 0.609 seconds/batch
2026-04-21 00:42:28,756 - Epoch 14, Batch 150, lr = 0.00006, final_loss = 4.4881, nll_loss = 4.3811, ref_nll_loss = 4.5952, ivc_loss = 0.0808, neg_loss_1 = 0.0059, neg_loss_2 = 0.0045, ref_loss = 0.0141, div_loss = 0.0318, 0.650 seconds/batch
2026-04-21 00:43:05,592 - Epoch 14, Batch 200, lr = 0.00006, final_loss = 4.4630, nll_loss = 4.3552, ref_nll_loss = 4.5707, ivc_loss = 0.0789, neg_loss_1 = 0.0056, neg_loss_2 = 0.0044, ref_loss = 0.0137, div_loss = 0.0315, 0.672 seconds/batch
2026-04-21 00:43:42,253 - Epoch 14, Batch 250, lr = 0.00006, final_loss = 4.4710, nll_loss = 4.3624, ref_nll_loss = 4.5797, ivc_loss = 0.0788, neg_loss_1 = 0.0064, neg_loss_2 = 0.0041, ref_loss = 0.0133, div_loss = 0.0311, 0.684 seconds/batch
2026-04-21 00:44:18,906 - Epoch 14, Batch 300, lr = 0.00006, final_loss = 4.4882, nll_loss = 4.3811, ref_nll_loss = 4.5954, ivc_loss = 0.0755, neg_loss_1 = 0.0050, neg_loss_2 = 0.0028, ref_loss = 0.0143, div_loss = 0.0316, 0.692 seconds/batch
2026-04-21 00:44:58,111 - Epoch 14, Batch 350, lr = 0.00006, final_loss = 4.4711, nll_loss = 4.3640, ref_nll_loss = 4.5782, ivc_loss = 0.0750, neg_loss_1 = 0.0050, neg_loss_2 = 0.0032, ref_loss = 0.0139, div_loss = 0.0307, 0.705 seconds/batch
2026-04-21 00:45:41,715 - Epoch 14, Batch 400, lr = 0.00006, final_loss = 4.4575, nll_loss = 4.3502, ref_nll_loss = 4.5648, ivc_loss = 0.0779, neg_loss_1 = 0.0059, neg_loss_2 = 0.0041, ref_loss = 0.0134, div_loss = 0.0311, 0.726 seconds/batch
2026-04-21 00:46:25,217 - Epoch 14, Batch 450, lr = 0.00006, final_loss = 4.4972, nll_loss = 4.3927, ref_nll_loss = 4.6017, ivc_loss = 0.0787, neg_loss_1 = 0.0057, neg_loss_2 = 0.0037, ref_loss = 0.0146, div_loss = 0.0309, 0.742 seconds/batch
2026-04-21 00:47:08,773 - Epoch 14, Batch 500, lr = 0.00006, final_loss = 4.5002, nll_loss = 4.3967, ref_nll_loss = 4.6036, ivc_loss = 0.0793, neg_loss_1 = 0.0051, neg_loss_2 = 0.0045, ref_loss = 0.0146, div_loss = 0.0311, 0.755 seconds/batch
2026-04-21 00:47:52,370 - Epoch 14, Batch 550, lr = 0.00006, final_loss = 4.5150, nll_loss = 4.4092, ref_nll_loss = 4.6207, ivc_loss = 0.0766, neg_loss_1 = 0.0048, neg_loss_2 = 0.0036, ref_loss = 0.0140, div_loss = 0.0320, 0.766 seconds/batch
2026-04-21 00:48:35,924 - Epoch 14, Batch 600, lr = 0.00006, final_loss = 4.4934, nll_loss = 4.3860, ref_nll_loss = 4.6007, ivc_loss = 0.0786, neg_loss_1 = 0.0051, neg_loss_2 = 0.0038, ref_loss = 0.0143, div_loss = 0.0322, 0.775 seconds/batch
2026-04-21 00:49:19,519 - Epoch 14, Batch 650, lr = 0.00006, final_loss = 4.4723, nll_loss = 4.3642, ref_nll_loss = 4.5803, ivc_loss = 0.0780, neg_loss_1 = 0.0061, neg_loss_2 = 0.0042, ref_loss = 0.0122, div_loss = 0.0329, 0.782 seconds/batch
2026-04-21 00:50:03,110 - Epoch 14, Batch 700, lr = 0.00006, final_loss = 4.4807, nll_loss = 4.3758, ref_nll_loss = 4.5856, ivc_loss = 0.0788, neg_loss_1 = 0.0052, neg_loss_2 = 0.0040, ref_loss = 0.0140, div_loss = 0.0323, 0.788 seconds/batch
2026-04-21 00:50:46,685 - Epoch 14, Batch 750, lr = 0.00006, final_loss = 4.4873, nll_loss = 4.3794, ref_nll_loss = 4.5951, ivc_loss = 0.0753, neg_loss_1 = 0.0053, neg_loss_2 = 0.0037, ref_loss = 0.0127, div_loss = 0.0319, 0.794 seconds/batch
2026-04-21 00:51:30,272 - Epoch 14, Batch 800, lr = 0.00006, final_loss = 4.4898, nll_loss = 4.3808, ref_nll_loss = 4.5987, ivc_loss = 0.0710, neg_loss_1 = 0.0038, neg_loss_2 = 0.0030, ref_loss = 0.0128, div_loss = 0.0318, 0.799 seconds/batch
2026-04-21 00:52:13,848 - Epoch 14, Batch 850, lr = 0.00006, final_loss = 4.5235, nll_loss = 4.4160, ref_nll_loss = 4.6310, ivc_loss = 0.0784, neg_loss_1 = 0.0047, neg_loss_2 = 0.0039, ref_loss = 0.0149, div_loss = 0.0315, 0.803 seconds/batch
2026-04-21 00:52:57,463 - Epoch 14, Batch 900, lr = 0.00006, final_loss = 4.5098, nll_loss = 4.4033, ref_nll_loss = 4.6163, ivc_loss = 0.0738, neg_loss_1 = 0.0045, neg_loss_2 = 0.0033, ref_loss = 0.0131, div_loss = 0.0320, 0.807 seconds/batch
2026-04-21 00:53:41,066 - Epoch 14, Batch 950, lr = 0.00006, final_loss = 4.4952, nll_loss = 4.3864, ref_nll_loss = 4.6040, ivc_loss = 0.0744, neg_loss_1 = 0.0053, neg_loss_2 = 0.0040, ref_loss = 0.0120, div_loss = 0.0318, 0.810 seconds/batch
2026-04-21 00:54:24,688 - Epoch 14, Batch 1000, lr = 0.00006, final_loss = 4.4751, nll_loss = 4.3681, ref_nll_loss = 4.5821, ivc_loss = 0.0806, neg_loss_1 = 0.0060, neg_loss_2 = 0.0040, ref_loss = 0.0134, div_loss = 0.0337, 0.813 seconds/batch
2026-04-21 00:55:08,293 - Epoch 14, Batch 1050, lr = 0.00006, final_loss = 4.5149, nll_loss = 4.4062, ref_nll_loss = 4.6236, ivc_loss = 0.0698, neg_loss_1 = 0.0033, neg_loss_2 = 0.0026, ref_loss = 0.0123, div_loss = 0.0332, 0.816 seconds/batch
2026-04-21 00:55:51,873 - Epoch 14, Batch 1100, lr = 0.00006, final_loss = 4.4935, nll_loss = 4.3878, ref_nll_loss = 4.5992, ivc_loss = 0.0755, neg_loss_1 = 0.0051, neg_loss_2 = 0.0042, ref_loss = 0.0117, div_loss = 0.0334, 0.819 seconds/batch
2026-04-21 00:56:35,427 - Epoch 14, Batch 1150, lr = 0.00006, final_loss = 4.5259, nll_loss = 4.4204, ref_nll_loss = 4.6314, ivc_loss = 0.0790, neg_loss_1 = 0.0047, neg_loss_2 = 0.0031, ref_loss = 0.0155, div_loss = 0.0322, 0.821 seconds/batch
2026-04-21 00:56:52,439 - Epoch 14, Batch 1170, lr = 0.00006, final_loss = 4.4795, nll_loss = 4.3721, ref_nll_loss = 4.5870, ivc_loss = 0.0767, neg_loss_1 = 0.0051, neg_loss_2 = 0.0023, ref_loss = 0.0148, div_loss = 0.0325, 0.822 seconds/batch
2026-04-21 00:56:52,524 - save model to checkpoints/activitynet_moe_noaux_alpha1/cpl_moe2_noaux_alpha1/model-14.pt, num_updates 16380.
2026-04-21 01:00:43,013 - | R@1,mIoU 0.3366 | R@1,IoU@0.1 0.8054 | R@1,IoU@0.3 0.4533 | R@1,IoU@0.5 0.2497 | R@1,IoU@0.7 0.1259 | R@1,IoU@0.9 0.0328 | R@5,mIoU 0.5234 | R@5,IoU@0.1 0.9203 | R@5,IoU@0.3 0.7455 | R@5,IoU@0.5 0.5553 | R@5,IoU@0.7 0.3094 | R@5,IoU@0.9 0.0817 |
2026-04-21 01:00:43,013 - ============================================================
2026-04-21 01:00:43,013 - Start Epoch 15
2026-04-21 01:01:08,561 - Epoch 15, Batch 50, lr = 0.00006, final_loss = 4.4570, nll_loss = 4.3504, ref_nll_loss = 4.5635, ivc_loss = 0.0751, neg_loss_1 = 0.0037, neg_loss_2 = 0.0046, ref_loss = 0.0137, div_loss = 0.0312, 0.511 seconds/batch
2026-04-21 01:01:43,841 - Epoch 15, Batch 100, lr = 0.00006, final_loss = 4.4601, nll_loss = 4.3543, ref_nll_loss = 4.5659, ivc_loss = 0.0758, neg_loss_1 = 0.0057, neg_loss_2 = 0.0036, ref_loss = 0.0132, div_loss = 0.0306, 0.608 seconds/batch
2026-04-21 01:02:20,671 - Epoch 15, Batch 150, lr = 0.00006, final_loss = 4.4576, nll_loss = 4.3530, ref_nll_loss = 4.5621, ivc_loss = 0.0845, neg_loss_1 = 0.0058, neg_loss_2 = 0.0050, ref_loss = 0.0149, div_loss = 0.0331, 0.651 seconds/batch
2026-04-21 01:02:57,325 - Epoch 15, Batch 200, lr = 0.00006, final_loss = 4.4638, nll_loss = 4.3545, ref_nll_loss = 4.5730, ivc_loss = 0.0758, neg_loss_1 = 0.0049, neg_loss_2 = 0.0034, ref_loss = 0.0132, div_loss = 0.0328, 0.672 seconds/batch
2026-04-21 01:03:33,976 - Epoch 15, Batch 250, lr = 0.00006, final_loss = 4.4782, nll_loss = 4.3713, ref_nll_loss = 4.5851, ivc_loss = 0.0734, neg_loss_1 = 0.0035, neg_loss_2 = 0.0046, ref_loss = 0.0123, div_loss = 0.0326, 0.684 seconds/batch
2026-04-21 01:04:10,622 - Epoch 15, Batch 300, lr = 0.00006, final_loss = 4.4319, nll_loss = 4.3283, ref_nll_loss = 4.5356, ivc_loss = 0.0836, neg_loss_1 = 0.0056, neg_loss_2 = 0.0053, ref_loss = 0.0149, div_loss = 0.0321, 0.692 seconds/batch
2026-04-21 01:04:49,602 - Epoch 15, Batch 350, lr = 0.00006, final_loss = 4.4612, nll_loss = 4.3536, ref_nll_loss = 4.5687, ivc_loss = 0.0800, neg_loss_1 = 0.0046, neg_loss_2 = 0.0044, ref_loss = 0.0142, div_loss = 0.0337, 0.705 seconds/batch
2026-04-21 01:05:33,165 - Epoch 15, Batch 400, lr = 0.00006, final_loss = 4.4903, nll_loss = 4.3846, ref_nll_loss = 4.5960, ivc_loss = 0.0775, neg_loss_1 = 0.0045, neg_loss_2 = 0.0033, ref_loss = 0.0150, div_loss = 0.0320, 0.725 seconds/batch
2026-04-21 01:06:16,744 - Epoch 15, Batch 450, lr = 0.00006, final_loss = 4.4875, nll_loss = 4.3838, ref_nll_loss = 4.5912, ivc_loss = 0.0839, neg_loss_1 = 0.0058, neg_loss_2 = 0.0038, ref_loss = 0.0166, div_loss = 0.0316, 0.742 seconds/batch
2026-04-21 01:07:00,208 - Epoch 15, Batch 500, lr = 0.00006, final_loss = 4.4491, nll_loss = 4.3418, ref_nll_loss = 4.5565, ivc_loss = 0.0779, neg_loss_1 = 0.0060, neg_loss_2 = 0.0029, ref_loss = 0.0145, div_loss = 0.0311, 0.754 seconds/batch
2026-04-21 01:07:43,596 - Epoch 15, Batch 550, lr = 0.00006, final_loss = 4.4800, nll_loss = 4.3759, ref_nll_loss = 4.5842, ivc_loss = 0.0775, neg_loss_1 = 0.0055, neg_loss_2 = 0.0040, ref_loss = 0.0134, div_loss = 0.0317, 0.765 seconds/batch
2026-04-21 01:08:27,036 - Epoch 15, Batch 600, lr = 0.00006, final_loss = 4.4721, nll_loss = 4.3608, ref_nll_loss = 4.5835, ivc_loss = 0.0753, neg_loss_1 = 0.0049, neg_loss_2 = 0.0040, ref_loss = 0.0129, div_loss = 0.0316, 0.773 seconds/batch
2026-04-21 01:09:10,466 - Epoch 15, Batch 650, lr = 0.00006, final_loss = 4.4657, nll_loss = 4.3584, ref_nll_loss = 4.5730, ivc_loss = 0.0769, neg_loss_1 = 0.0057, neg_loss_2 = 0.0036, ref_loss = 0.0135, div_loss = 0.0312, 0.781 seconds/batch
2026-04-21 01:09:53,913 - Epoch 15, Batch 700, lr = 0.00006, final_loss = 4.4433, nll_loss = 4.3322, ref_nll_loss = 4.5543, ivc_loss = 0.0707, neg_loss_1 = 0.0044, neg_loss_2 = 0.0023, ref_loss = 0.0128, div_loss = 0.0318, 0.787 seconds/batch
2026-04-21 01:10:37,347 - Epoch 15, Batch 750, lr = 0.00006, final_loss = 4.4636, nll_loss = 4.3536, ref_nll_loss = 4.5735, ivc_loss = 0.0734, neg_loss_1 = 0.0040, neg_loss_2 = 0.0042, ref_loss = 0.0129, div_loss = 0.0312, 0.792 seconds/batch
2026-04-21 01:11:20,775 - Epoch 15, Batch 800, lr = 0.00006, final_loss = 4.4710, nll_loss = 4.3630, ref_nll_loss = 4.5790, ivc_loss = 0.0794, neg_loss_1 = 0.0043, neg_loss_2 = 0.0055, ref_loss = 0.0141, div_loss = 0.0318, 0.797 seconds/batch
2026-04-21 01:12:04,145 - Epoch 15, Batch 850, lr = 0.00006, final_loss = 4.4586, nll_loss = 4.3492, ref_nll_loss = 4.5680, ivc_loss = 0.0776, neg_loss_1 = 0.0050, neg_loss_2 = 0.0043, ref_loss = 0.0137, div_loss = 0.0316, 0.801 seconds/batch
2026-04-21 01:12:47,552 - Epoch 15, Batch 900, lr = 0.00006, final_loss = 4.4391, nll_loss = 4.3324, ref_nll_loss = 4.5459, ivc_loss = 0.0759, neg_loss_1 = 0.0038, neg_loss_2 = 0.0049, ref_loss = 0.0134, div_loss = 0.0316, 0.805 seconds/batch
2026-04-21 01:13:31,056 - Epoch 15, Batch 950, lr = 0.00006, final_loss = 4.4732, nll_loss = 4.3630, ref_nll_loss = 4.5835, ivc_loss = 0.0743, neg_loss_1 = 0.0048, neg_loss_2 = 0.0040, ref_loss = 0.0128, div_loss = 0.0312, 0.808 seconds/batch
2026-04-21 01:14:14,561 - Epoch 15, Batch 1000, lr = 0.00006, final_loss = 4.4665, nll_loss = 4.3583, ref_nll_loss = 4.5748, ivc_loss = 0.0729, neg_loss_1 = 0.0048, neg_loss_2 = 0.0037, ref_loss = 0.0124, div_loss = 0.0312, 0.812 seconds/batch
2026-04-21 01:14:58,215 - Epoch 15, Batch 1050, lr = 0.00006, final_loss = 4.4869, nll_loss = 4.3800, ref_nll_loss = 4.5938, ivc_loss = 0.0765, neg_loss_1 = 0.0055, neg_loss_2 = 0.0035, ref_loss = 0.0136, div_loss = 0.0314, 0.814 seconds/batch
2026-04-21 01:15:41,727 - Epoch 15, Batch 1100, lr = 0.00006, final_loss = 4.5126, nll_loss = 4.4032, ref_nll_loss = 4.6220, ivc_loss = 0.0724, neg_loss_1 = 0.0049, neg_loss_2 = 0.0031, ref_loss = 0.0126, div_loss = 0.0311, 0.817 seconds/batch
2026-04-21 01:16:25,254 - Epoch 15, Batch 1150, lr = 0.00006, final_loss = 4.4839, nll_loss = 4.3766, ref_nll_loss = 4.5912, ivc_loss = 0.0786, neg_loss_1 = 0.0054, neg_loss_2 = 0.0047, ref_loss = 0.0132, div_loss = 0.0320, 0.819 seconds/batch
2026-04-21 01:16:42,324 - Epoch 15, Batch 1170, lr = 0.00006, final_loss = 4.4153, nll_loss = 4.3052, ref_nll_loss = 4.5253, ivc_loss = 0.0806, neg_loss_1 = 0.0023, neg_loss_2 = 0.0080, ref_loss = 0.0139, div_loss = 0.0324, 0.820 seconds/batch
2026-04-21 01:16:42,401 - save model to checkpoints/activitynet_moe_noaux_alpha1/cpl_moe2_noaux_alpha1/model-15.pt, num_updates 17550.
2026-04-21 01:20:34,205 - | R@1,mIoU 0.3347 | R@1,IoU@0.1 0.8034 | R@1,IoU@0.3 0.4512 | R@1,IoU@0.5 0.2507 | R@1,IoU@0.7 0.1285 | R@1,IoU@0.9 0.0308 | R@5,mIoU 0.5069 | R@5,IoU@0.1 0.9147 | R@5,IoU@0.3 0.7323 | R@5,IoU@0.5 0.5243 | R@5,IoU@0.7 0.2884 | R@5,IoU@0.9 0.0749 |
2026-04-21 01:20:34,205 - ============================================================
2026-04-21 01:20:34,205 - Start Epoch 16
2026-04-21 01:20:59,595 - Epoch 16, Batch 50, lr = 0.00006, final_loss = 4.4461, nll_loss = 4.3414, ref_nll_loss = 4.5509, ivc_loss = 0.0733, neg_loss_1 = 0.0035, neg_loss_2 = 0.0035, ref_loss = 0.0135, div_loss = 0.0324, 0.508 seconds/batch
2026-04-21 01:21:34,661 - Epoch 16, Batch 100, lr = 0.00006, final_loss = 4.4434, nll_loss = 4.3393, ref_nll_loss = 4.5474, ivc_loss = 0.0796, neg_loss_1 = 0.0050, neg_loss_2 = 0.0037, ref_loss = 0.0153, div_loss = 0.0316, 0.605 seconds/batch
2026-04-21 01:22:11,418 - Epoch 16, Batch 150, lr = 0.00006, final_loss = 4.4504, nll_loss = 4.3443, ref_nll_loss = 4.5564, ivc_loss = 0.0746, neg_loss_1 = 0.0043, neg_loss_2 = 0.0029, ref_loss = 0.0139, div_loss = 0.0323, 0.648 seconds/batch
2026-04-21 01:22:48,128 - Epoch 16, Batch 200, lr = 0.00006, final_loss = 4.3914, nll_loss = 4.2829, ref_nll_loss = 4.4998, ivc_loss = 0.0771, neg_loss_1 = 0.0045, neg_loss_2 = 0.0040, ref_loss = 0.0134, div_loss = 0.0333, 0.670 seconds/batch
2026-04-21 01:23:24,796 - Epoch 16, Batch 250, lr = 0.00006, final_loss = 4.4501, nll_loss = 4.3430, ref_nll_loss = 4.5572, ivc_loss = 0.0768, neg_loss_1 = 0.0051, neg_loss_2 = 0.0035, ref_loss = 0.0133, div_loss = 0.0330, 0.682 seconds/batch
2026-04-21 01:24:01,450 - Epoch 16, Batch 300, lr = 0.00006, final_loss = 4.4346, nll_loss = 4.3251, ref_nll_loss = 4.5441, ivc_loss = 0.0759, neg_loss_1 = 0.0047, neg_loss_2 = 0.0037, ref_loss = 0.0138, div_loss = 0.0317, 0.691 seconds/batch
2026-04-21 01:24:40,209 - Epoch 16, Batch 350, lr = 0.00006, final_loss = 4.4960, nll_loss = 4.3862, ref_nll_loss = 4.6057, ivc_loss = 0.0753, neg_loss_1 = 0.0050, neg_loss_2 = 0.0040, ref_loss = 0.0130, div_loss = 0.0312, 0.703 seconds/batch
2026-04-21 01:25:23,784 - Epoch 16, Batch 400, lr = 0.00006, final_loss = 4.4096, nll_loss = 4.3015, ref_nll_loss = 4.5177, ivc_loss = 0.0749, neg_loss_1 = 0.0043, neg_loss_2 = 0.0036, ref_loss = 0.0134, div_loss = 0.0322, 0.724 seconds/batch
2026-04-21 01:26:07,362 - Epoch 16, Batch 450, lr = 0.00006, final_loss = 4.4510, nll_loss = 4.3410, ref_nll_loss = 4.5611, ivc_loss = 0.0735, neg_loss_1 = 0.0038, neg_loss_2 = 0.0031, ref_loss = 0.0133, div_loss = 0.0330, 0.740 seconds/batch
2026-04-21 01:26:50,881 - Epoch 16, Batch 500, lr = 0.00006, final_loss = 4.4427, nll_loss = 4.3350, ref_nll_loss = 4.5504, ivc_loss = 0.0728, neg_loss_1 = 0.0050, neg_loss_2 = 0.0025, ref_loss = 0.0128, div_loss = 0.0323, 0.753 seconds/batch
2026-04-21 01:27:34,503 - Epoch 16, Batch 550, lr = 0.00006, final_loss = 4.4093, nll_loss = 4.3037, ref_nll_loss = 4.5150, ivc_loss = 0.0749, neg_loss_1 = 0.0046, neg_loss_2 = 0.0030, ref_loss = 0.0142, div_loss = 0.0314, 0.764 seconds/batch
2026-04-21 01:28:18,142 - Epoch 16, Batch 600, lr = 0.00006, final_loss = 4.4503, nll_loss = 4.3423, ref_nll_loss = 4.5583, ivc_loss = 0.0786, neg_loss_1 = 0.0051, neg_loss_2 = 0.0033, ref_loss = 0.0148, div_loss = 0.0323, 0.773 seconds/batch
2026-04-21 01:29:01,718 - Epoch 16, Batch 650, lr = 0.00006, final_loss = 4.4034, nll_loss = 4.2931, ref_nll_loss = 4.5138, ivc_loss = 0.0711, neg_loss_1 = 0.0037, neg_loss_2 = 0.0037, ref_loss = 0.0121, div_loss = 0.0318, 0.781 seconds/batch
2026-04-21 01:29:45,269 - Epoch 16, Batch 700, lr = 0.00006, final_loss = 4.4703, nll_loss = 4.3662, ref_nll_loss = 4.5743, ivc_loss = 0.0787, neg_loss_1 = 0.0048, neg_loss_2 = 0.0030, ref_loss = 0.0148, div_loss = 0.0334, 0.787 seconds/batch
2026-04-21 01:30:28,794 - Epoch 16, Batch 750, lr = 0.00006, final_loss = 4.4285, nll_loss = 4.3188, ref_nll_loss = 4.5382, ivc_loss = 0.0729, neg_loss_1 = 0.0046, neg_loss_2 = 0.0017, ref_loss = 0.0135, div_loss = 0.0332, 0.793 seconds/batch
2026-04-21 01:31:12,582 - Epoch 16, Batch 800, lr = 0.00006, final_loss = 4.4471, nll_loss = 4.3384, ref_nll_loss = 4.5557, ivc_loss = 0.0775, neg_loss_1 = 0.0045, neg_loss_2 = 0.0029, ref_loss = 0.0143, div_loss = 0.0341, 0.798 seconds/batch
2026-04-21 01:31:56,417 - Epoch 16, Batch 850, lr = 0.00006, final_loss = 4.4113, nll_loss = 4.3014, ref_nll_loss = 4.5212, ivc_loss = 0.0753, neg_loss_1 = 0.0046, neg_loss_2 = 0.0032, ref_loss = 0.0129, div_loss = 0.0339, 0.803 seconds/batch
2026-04-21 01:32:40,297 - Epoch 16, Batch 900, lr = 0.00006, final_loss = 4.4503, nll_loss = 4.3416, ref_nll_loss = 4.5590, ivc_loss = 0.0775, neg_loss_1 = 0.0043, neg_loss_2 = 0.0035, ref_loss = 0.0137, div_loss = 0.0344, 0.807 seconds/batch
2026-04-21 01:33:24,210 - Epoch 16, Batch 950, lr = 0.00006, final_loss = 4.4635, nll_loss = 4.3532, ref_nll_loss = 4.5737, ivc_loss = 0.0747, neg_loss_1 = 0.0051, neg_loss_2 = 0.0024, ref_loss = 0.0131, div_loss = 0.0334, 0.811 seconds/batch
2026-04-21 01:34:07,790 - Epoch 16, Batch 1000, lr = 0.00006, final_loss = 4.4349, nll_loss = 4.3271, ref_nll_loss = 4.5427, ivc_loss = 0.0781, neg_loss_1 = 0.0041, neg_loss_2 = 0.0033, ref_loss = 0.0151, div_loss = 0.0332, 0.814 seconds/batch
2026-04-21 01:34:51,375 - Epoch 16, Batch 1050, lr = 0.00006, final_loss = 4.4461, nll_loss = 4.3335, ref_nll_loss = 4.5587, ivc_loss = 0.0746, neg_loss_1 = 0.0049, neg_loss_2 = 0.0032, ref_loss = 0.0126, div_loss = 0.0333, 0.816 seconds/batch
2026-04-21 01:35:34,932 - Epoch 16, Batch 1100, lr = 0.00006, final_loss = 4.4460, nll_loss = 4.3335, ref_nll_loss = 4.5584, ivc_loss = 0.0739, neg_loss_1 = 0.0035, neg_loss_2 = 0.0041, ref_loss = 0.0130, div_loss = 0.0328, 0.819 seconds/batch
2026-04-21 01:36:18,458 - Epoch 16, Batch 1150, lr = 0.00006, final_loss = 4.4429, nll_loss = 4.3335, ref_nll_loss = 4.5522, ivc_loss = 0.0765, neg_loss_1 = 0.0043, neg_loss_2 = 0.0034, ref_loss = 0.0141, div_loss = 0.0329, 0.821 seconds/batch
2026-04-21 01:36:35,631 - Epoch 16, Batch 1170, lr = 0.00006, final_loss = 4.4761, nll_loss = 4.3701, ref_nll_loss = 4.5822, ivc_loss = 0.0858, neg_loss_1 = 0.0065, neg_loss_2 = 0.0046, ref_loss = 0.0162, div_loss = 0.0313, 0.822 seconds/batch
2026-04-21 01:36:35,714 - save model to checkpoints/activitynet_moe_noaux_alpha1/cpl_moe2_noaux_alpha1/model-16.pt, num_updates 18720.
2026-04-21 01:40:28,034 - | R@1,mIoU 0.3318 | R@1,IoU@0.1 0.7990 | R@1,IoU@0.3 0.4402 | R@1,IoU@0.5 0.2527 | R@1,IoU@0.7 0.1282 | R@1,IoU@0.9 0.0246 | R@5,mIoU 0.5221 | R@5,IoU@0.1 0.9243 | R@5,IoU@0.3 0.7559 | R@5,IoU@0.5 0.5440 | R@5,IoU@0.7 0.3110 | R@5,IoU@0.9 0.0767 |
2026-04-21 01:40:28,034 - ============================================================
2026-04-21 01:40:28,034 - Start Epoch 17
2026-04-21 01:40:53,419 - Epoch 17, Batch 50, lr = 0.00006, final_loss = 4.4141, nll_loss = 4.3036, ref_nll_loss = 4.5245, ivc_loss = 0.0760, neg_loss_1 = 0.0049, neg_loss_2 = 0.0032, ref_loss = 0.0136, div_loss = 0.0327, 0.508 seconds/batch
2026-04-21 01:41:28,529 - Epoch 17, Batch 100, lr = 0.00006, final_loss = 4.4127, nll_loss = 4.3031, ref_nll_loss = 4.5224, ivc_loss = 0.0728, neg_loss_1 = 0.0043, neg_loss_2 = 0.0035, ref_loss = 0.0122, div_loss = 0.0328, 0.605 seconds/batch
2026-04-21 01:42:05,196 - Epoch 17, Batch 150, lr = 0.00006, final_loss = 4.4207, nll_loss = 4.3094, ref_nll_loss = 4.5320, ivc_loss = 0.0765, neg_loss_1 = 0.0041, neg_loss_2 = 0.0034, ref_loss = 0.0143, div_loss = 0.0331, 0.648 seconds/batch
2026-04-21 01:42:41,775 - Epoch 17, Batch 200, lr = 0.00006, final_loss = 4.3947, nll_loss = 4.2843, ref_nll_loss = 4.5052, ivc_loss = 0.0706, neg_loss_1 = 0.0043, neg_loss_2 = 0.0024, ref_loss = 0.0125, div_loss = 0.0322, 0.669 seconds/batch
2026-04-21 01:43:18,424 - Epoch 17, Batch 250, lr = 0.00006, final_loss = 4.3928, nll_loss = 4.2837, ref_nll_loss = 4.5019, ivc_loss = 0.0721, neg_loss_1 = 0.0048, neg_loss_2 = 0.0025, ref_loss = 0.0131, div_loss = 0.0314, 0.682 seconds/batch
2026-04-21 01:43:55,072 - Epoch 17, Batch 300, lr = 0.00006, final_loss = 4.4246, nll_loss = 4.3109, ref_nll_loss = 4.5382, ivc_loss = 0.0660, neg_loss_1 = 0.0029, neg_loss_2 = 0.0020, ref_loss = 0.0123, div_loss = 0.0315, 0.690 seconds/batch
2026-04-21 01:44:33,964 - Epoch 17, Batch 350, lr = 0.00006, final_loss = 4.4136, nll_loss = 4.3072, ref_nll_loss = 4.5201, ivc_loss = 0.0776, neg_loss_1 = 0.0046, neg_loss_2 = 0.0041, ref_loss = 0.0142, div_loss = 0.0317, 0.703 seconds/batch
2026-04-21 01:45:17,621 - Epoch 17, Batch 400, lr = 0.00006, final_loss = 4.4226, nll_loss = 4.3104, ref_nll_loss = 4.5348, ivc_loss = 0.0729, neg_loss_1 = 0.0056, neg_loss_2 = 0.0037, ref_loss = 0.0114, div_loss = 0.0313, 0.724 seconds/batch
2026-04-21 01:46:01,289 - Epoch 17, Batch 450, lr = 0.00006, final_loss = 4.4281, nll_loss = 4.3187, ref_nll_loss = 4.5374, ivc_loss = 0.0715, neg_loss_1 = 0.0033, neg_loss_2 = 0.0043, ref_loss = 0.0125, div_loss = 0.0314, 0.741 seconds/batch
2026-04-21 01:46:44,914 - Epoch 17, Batch 500, lr = 0.00006, final_loss = 4.4593, nll_loss = 4.3482, ref_nll_loss = 4.5705, ivc_loss = 0.0777, neg_loss_1 = 0.0055, neg_loss_2 = 0.0036, ref_loss = 0.0137, div_loss = 0.0320, 0.754 seconds/batch
2026-04-21 01:47:28,578 - Epoch 17, Batch 550, lr = 0.00006, final_loss = 4.4391, nll_loss = 4.3282, ref_nll_loss = 4.5500, ivc_loss = 0.0733, neg_loss_1 = 0.0048, neg_loss_2 = 0.0035, ref_loss = 0.0122, div_loss = 0.0323, 0.765 seconds/batch
2026-04-21 01:48:12,231 - Epoch 17, Batch 600, lr = 0.00006, final_loss = 4.4200, nll_loss = 4.3094, ref_nll_loss = 4.5306, ivc_loss = 0.0723, neg_loss_1 = 0.0034, neg_loss_2 = 0.0033, ref_loss = 0.0130, div_loss = 0.0328, 0.774 seconds/batch
2026-04-21 01:48:55,873 - Epoch 17, Batch 650, lr = 0.00006, final_loss = 4.4028, nll_loss = 4.2942, ref_nll_loss = 4.5114, ivc_loss = 0.0688, neg_loss_1 = 0.0035, neg_loss_2 = 0.0019, ref_loss = 0.0124, div_loss = 0.0332, 0.781 seconds/batch
2026-04-21 01:49:39,461 - Epoch 17, Batch 700, lr = 0.00006, final_loss = 4.3834, nll_loss = 4.2723, ref_nll_loss = 4.4945, ivc_loss = 0.0750, neg_loss_1 = 0.0041, neg_loss_2 = 0.0036, ref_loss = 0.0136, div_loss = 0.0323, 0.788 seconds/batch
2026-04-21 01:50:23,089 - Epoch 17, Batch 750, lr = 0.00006, final_loss = 4.4245, nll_loss = 4.3123, ref_nll_loss = 4.5367, ivc_loss = 0.0737, neg_loss_1 = 0.0049, neg_loss_2 = 0.0036, ref_loss = 0.0121, div_loss = 0.0326, 0.793 seconds/batch
2026-04-21 01:51:06,705 - Epoch 17, Batch 800, lr = 0.00006, final_loss = 4.4104, nll_loss = 4.2992, ref_nll_loss = 4.5215, ivc_loss = 0.0729, neg_loss_1 = 0.0046, neg_loss_2 = 0.0033, ref_loss = 0.0124, div_loss = 0.0322, 0.798 seconds/batch
2026-04-21 01:51:50,149 - Epoch 17, Batch 850, lr = 0.00006, final_loss = 4.4444, nll_loss = 4.3345, ref_nll_loss = 4.5543, ivc_loss = 0.0728, neg_loss_1 = 0.0043, neg_loss_2 = 0.0038, ref_loss = 0.0122, div_loss = 0.0320, 0.802 seconds/batch
2026-04-21 01:52:33,717 - Epoch 17, Batch 900, lr = 0.00006, final_loss = 4.4265, nll_loss = 4.3157, ref_nll_loss = 4.5374, ivc_loss = 0.0752, neg_loss_1 = 0.0048, neg_loss_2 = 0.0032, ref_loss = 0.0135, div_loss = 0.0320, 0.806 seconds/batch
2026-04-21 01:53:17,364 - Epoch 17, Batch 950, lr = 0.00006, final_loss = 4.4021, nll_loss = 4.2913, ref_nll_loss = 4.5129, ivc_loss = 0.0693, neg_loss_1 = 0.0043, neg_loss_2 = 0.0039, ref_loss = 0.0110, div_loss = 0.0310, 0.810 seconds/batch
2026-04-21 01:54:00,953 - Epoch 17, Batch 1000, lr = 0.00006, final_loss = 4.4586, nll_loss = 4.3553, ref_nll_loss = 4.5620, ivc_loss = 0.0789, neg_loss_1 = 0.0054, neg_loss_2 = 0.0035, ref_loss = 0.0150, div_loss = 0.0310, 0.813 seconds/batch
2026-04-21 01:54:44,574 - Epoch 17, Batch 1050, lr = 0.00006, final_loss = 4.4562, nll_loss = 4.3462, ref_nll_loss = 4.5662, ivc_loss = 0.0714, neg_loss_1 = 0.0040, neg_loss_2 = 0.0027, ref_loss = 0.0133, div_loss = 0.0316, 0.816 seconds/batch
2026-04-21 01:55:28,175 - Epoch 17, Batch 1100, lr = 0.00006, final_loss = 4.3816, nll_loss = 4.2667, ref_nll_loss = 4.4966, ivc_loss = 0.0793, neg_loss_1 = 0.0062, neg_loss_2 = 0.0043, ref_loss = 0.0140, div_loss = 0.0302, 0.818 seconds/batch
2026-04-21 01:56:11,761 - Epoch 17, Batch 1150, lr = 0.00006, final_loss = 4.4196, nll_loss = 4.3115, ref_nll_loss = 4.5276, ivc_loss = 0.0755, neg_loss_1 = 0.0050, neg_loss_2 = 0.0034, ref_loss = 0.0136, div_loss = 0.0314, 0.821 seconds/batch
2026-04-21 01:56:28,880 - Epoch 17, Batch 1170, lr = 0.00006, final_loss = 4.4875, nll_loss = 4.3785, ref_nll_loss = 4.5966, ivc_loss = 0.0767, neg_loss_1 = 0.0043, neg_loss_2 = 0.0046, ref_loss = 0.0138, div_loss = 0.0312, 0.821 seconds/batch
2026-04-21 01:56:28,960 - save model to checkpoints/activitynet_moe_noaux_alpha1/cpl_moe2_noaux_alpha1/model-17.pt, num_updates 19890.
2026-04-21 02:00:21,540 - | R@1,mIoU 0.3333 | R@1,IoU@0.1 0.7968 | R@1,IoU@0.3 0.4485 | R@1,IoU@0.5 0.2584 | R@1,IoU@0.7 0.1255 | R@1,IoU@0.9 0.0254 | R@5,mIoU 0.5282 | R@5,IoU@0.1 0.9271 | R@5,IoU@0.3 0.7540 | R@5,IoU@0.5 0.5595 | R@5,IoU@0.7 0.3248 | R@5,IoU@0.9 0.0803 |
2026-04-21 02:00:21,540 - ============================================================
2026-04-21 02:00:21,540 - Start Epoch 18
2026-04-21 02:00:46,825 - Epoch 18, Batch 50, lr = 0.00006, final_loss = 4.4078, nll_loss = 4.2978, ref_nll_loss = 4.5177, ivc_loss = 0.0726, neg_loss_1 = 0.0038, neg_loss_2 = 0.0036, ref_loss = 0.0128, div_loss = 0.0320, 0.506 seconds/batch
2026-04-21 02:01:21,840 - Epoch 18, Batch 100, lr = 0.00006, final_loss = 4.3806, nll_loss = 4.2710, ref_nll_loss = 4.4903, ivc_loss = 0.0745, neg_loss_1 = 0.0046, neg_loss_2 = 0.0041, ref_loss = 0.0128, div_loss = 0.0314, 0.603 seconds/batch
2026-04-21 02:01:58,524 - Epoch 18, Batch 150, lr = 0.00006, final_loss = 4.4115, nll_loss = 4.3013, ref_nll_loss = 4.5218, ivc_loss = 0.0725, neg_loss_1 = 0.0039, neg_loss_2 = 0.0032, ref_loss = 0.0129, div_loss = 0.0325, 0.647 seconds/batch
2026-04-21 02:02:35,239 - Epoch 18, Batch 200, lr = 0.00006, final_loss = 4.3954, nll_loss = 4.2858, ref_nll_loss = 4.5050, ivc_loss = 0.0761, neg_loss_1 = 0.0056, neg_loss_2 = 0.0030, ref_loss = 0.0133, div_loss = 0.0324, 0.668 seconds/batch
2026-04-21 02:03:11,922 - Epoch 18, Batch 250, lr = 0.00006, final_loss = 4.3959, nll_loss = 4.2864, ref_nll_loss = 4.5054, ivc_loss = 0.0739, neg_loss_1 = 0.0037, neg_loss_2 = 0.0037, ref_loss = 0.0135, div_loss = 0.0321, 0.682 seconds/batch
2026-04-21 02:03:48,608 - Epoch 18, Batch 300, lr = 0.00006, final_loss = 4.4044, nll_loss = 4.2922, ref_nll_loss = 4.5166, ivc_loss = 0.0728, neg_loss_1 = 0.0036, neg_loss_2 = 0.0034, ref_loss = 0.0138, div_loss = 0.0311, 0.690 seconds/batch
2026-04-21 02:04:27,674 - Epoch 18, Batch 350, lr = 0.00006, final_loss = 4.3917, nll_loss = 4.2818, ref_nll_loss = 4.5015, ivc_loss = 0.0758, neg_loss_1 = 0.0044, neg_loss_2 = 0.0042, ref_loss = 0.0132, div_loss = 0.0322, 0.703 seconds/batch
2026-04-21 02:05:11,333 - Epoch 18, Batch 400, lr = 0.00006, final_loss = 4.3760, nll_loss = 4.2677, ref_nll_loss = 4.4843, ivc_loss = 0.0756, neg_loss_1 = 0.0035, neg_loss_2 = 0.0036, ref_loss = 0.0139, div_loss = 0.0336, 0.724 seconds/batch
2026-04-21 02:05:54,960 - Epoch 18, Batch 450, lr = 0.00006, final_loss = 4.3987, nll_loss = 4.2895, ref_nll_loss = 4.5078, ivc_loss = 0.0727, neg_loss_1 = 0.0048, neg_loss_2 = 0.0030, ref_loss = 0.0127, div_loss = 0.0317, 0.741 seconds/batch
2026-04-21 02:06:38,602 - Epoch 18, Batch 500, lr = 0.00006, final_loss = 4.4328, nll_loss = 4.3234, ref_nll_loss = 4.5421, ivc_loss = 0.0729, neg_loss_1 = 0.0038, neg_loss_2 = 0.0030, ref_loss = 0.0141, div_loss = 0.0311, 0.754 seconds/batch
2026-04-21 02:07:22,216 - Epoch 18, Batch 550, lr = 0.00006, final_loss = 4.3836, nll_loss = 4.2740, ref_nll_loss = 4.4933, ivc_loss = 0.0734, neg_loss_1 = 0.0041, neg_loss_2 = 0.0037, ref_loss = 0.0137, div_loss = 0.0306, 0.765 seconds/batch
2026-04-21 02:08:05,837 - Epoch 18, Batch 600, lr = 0.00006, final_loss = 4.4193, nll_loss = 4.3064, ref_nll_loss = 4.5321, ivc_loss = 0.0711, neg_loss_1 = 0.0043, neg_loss_2 = 0.0028, ref_loss = 0.0131, div_loss = 0.0307, 0.774 seconds/batch
2026-04-21 02:08:49,259 - Epoch 18, Batch 650, lr = 0.00006, final_loss = 4.3798, nll_loss = 4.2701, ref_nll_loss = 4.4895, ivc_loss = 0.0714, neg_loss_1 = 0.0041, neg_loss_2 = 0.0030, ref_loss = 0.0131, div_loss = 0.0311, 0.781 seconds/batch
2026-04-21 02:09:32,897 - Epoch 18, Batch 700, lr = 0.00006, final_loss = 4.4186, nll_loss = 4.3095, ref_nll_loss = 4.5278, ivc_loss = 0.0712, neg_loss_1 = 0.0036, neg_loss_2 = 0.0031, ref_loss = 0.0131, div_loss = 0.0317, 0.788 seconds/batch
2026-04-21 02:10:16,522 - Epoch 18, Batch 750, lr = 0.00006, final_loss = 4.3752, nll_loss = 4.2639, ref_nll_loss = 4.4866, ivc_loss = 0.0719, neg_loss_1 = 0.0041, neg_loss_2 = 0.0031, ref_loss = 0.0133, div_loss = 0.0309, 0.793 seconds/batch
2026-04-21 02:11:00,127 - Epoch 18, Batch 800, lr = 0.00006, final_loss = 4.3854, nll_loss = 4.2759, ref_nll_loss = 4.4949, ivc_loss = 0.0737, neg_loss_1 = 0.0046, neg_loss_2 = 0.0030, ref_loss = 0.0134, div_loss = 0.0316, 0.798 seconds/batch
2026-04-21 02:11:43,724 - Epoch 18, Batch 850, lr = 0.00006, final_loss = 4.3838, nll_loss = 4.2719, ref_nll_loss = 4.4957, ivc_loss = 0.0715, neg_loss_1 = 0.0040, neg_loss_2 = 0.0026, ref_loss = 0.0133, div_loss = 0.0317, 0.803 seconds/batch
2026-04-21 02:12:27,317 - Epoch 18, Batch 900, lr = 0.00006, final_loss = 4.4443, nll_loss = 4.3341, ref_nll_loss = 4.5545, ivc_loss = 0.0706, neg_loss_1 = 0.0033, neg_loss_2 = 0.0030, ref_loss = 0.0128, div_loss = 0.0324, 0.806 seconds/batch
2026-04-21 02:13:10,942 - Epoch 18, Batch 950, lr = 0.00006, final_loss = 4.4128, nll_loss = 4.3003, ref_nll_loss = 4.5253, ivc_loss = 0.0737, neg_loss_1 = 0.0043, neg_loss_2 = 0.0033, ref_loss = 0.0133, div_loss = 0.0320, 0.810 seconds/batch
2026-04-21 02:13:54,579 - Epoch 18, Batch 1000, lr = 0.00006, final_loss = 4.4342, nll_loss = 4.3241, ref_nll_loss = 4.5443, ivc_loss = 0.0724, neg_loss_1 = 0.0039, neg_loss_2 = 0.0029, ref_loss = 0.0137, div_loss = 0.0314, 0.813 seconds/batch
2026-04-21 02:14:38,208 - Epoch 18, Batch 1050, lr = 0.00006, final_loss = 4.4114, nll_loss = 4.3004, ref_nll_loss = 4.5224, ivc_loss = 0.0737, neg_loss_1 = 0.0037, neg_loss_2 = 0.0035, ref_loss = 0.0140, div_loss = 0.0313, 0.816 seconds/batch
2026-04-21 02:15:21,736 - Epoch 18, Batch 1100, lr = 0.00006, final_loss = 4.3790, nll_loss = 4.2679, ref_nll_loss = 4.4902, ivc_loss = 0.0751, neg_loss_1 = 0.0046, neg_loss_2 = 0.0038, ref_loss = 0.0134, div_loss = 0.0314, 0.818 seconds/batch
2026-04-21 02:16:05,235 - Epoch 18, Batch 1150, lr = 0.00006, final_loss = 4.4092, nll_loss = 4.2990, ref_nll_loss = 4.5194, ivc_loss = 0.0733, neg_loss_1 = 0.0055, neg_loss_2 = 0.0027, ref_loss = 0.0126, div_loss = 0.0317, 0.821 seconds/batch
2026-04-21 02:16:22,384 - Epoch 18, Batch 1170, lr = 0.00006, final_loss = 4.4131, nll_loss = 4.2988, ref_nll_loss = 4.5273, ivc_loss = 0.0665, neg_loss_1 = 0.0041, neg_loss_2 = 0.0018, ref_loss = 0.0114, div_loss = 0.0319, 0.821 seconds/batch
2026-04-21 02:16:22,460 - save model to checkpoints/activitynet_moe_noaux_alpha1/cpl_moe2_noaux_alpha1/model-18.pt, num_updates 21060.
2026-04-21 02:20:14,527 - | R@1,mIoU 0.3332 | R@1,IoU@0.1 0.7986 | R@1,IoU@0.3 0.4466 | R@1,IoU@0.5 0.2546 | R@1,IoU@0.7 0.1268 | R@1,IoU@0.9 0.0297 | R@5,mIoU 0.5178 | R@5,IoU@0.1 0.9216 | R@5,IoU@0.3 0.7451 | R@5,IoU@0.5 0.5404 | R@5,IoU@0.7 0.3052 | R@5,IoU@0.9 0.0794 |
2026-04-21 02:20:14,528 - ============================================================
2026-04-21 02:20:14,528 - Start Epoch 19
2026-04-21 02:20:39,750 - Epoch 19, Batch 50, lr = 0.00006, final_loss = 4.3549, nll_loss = 4.2437, ref_nll_loss = 4.4661, ivc_loss = 0.0704, neg_loss_1 = 0.0037, neg_loss_2 = 0.0035, ref_loss = 0.0117, div_loss = 0.0326, 0.504 seconds/batch
2026-04-21 02:21:14,401 - Epoch 19, Batch 100, lr = 0.00005, final_loss = 4.3869, nll_loss = 4.2747, ref_nll_loss = 4.4992, ivc_loss = 0.0708, neg_loss_1 = 0.0039, neg_loss_2 = 0.0036, ref_loss = 0.0119, div_loss = 0.0320, 0.599 seconds/batch
2026-04-21 02:21:51,208 - Epoch 19, Batch 150, lr = 0.00005, final_loss = 4.3731, nll_loss = 4.2613, ref_nll_loss = 4.4849, ivc_loss = 0.0746, neg_loss_1 = 0.0035, neg_loss_2 = 0.0043, ref_loss = 0.0130, div_loss = 0.0330, 0.645 seconds/batch
2026-04-21 02:22:27,876 - Epoch 19, Batch 200, lr = 0.00005, final_loss = 4.3907, nll_loss = 4.2778, ref_nll_loss = 4.5035, ivc_loss = 0.0725, neg_loss_1 = 0.0037, neg_loss_2 = 0.0031, ref_loss = 0.0131, div_loss = 0.0327, 0.667 seconds/batch
2026-04-21 02:23:04,512 - Epoch 19, Batch 250, lr = 0.00005, final_loss = 4.3626, nll_loss = 4.2516, ref_nll_loss = 4.4736, ivc_loss = 0.0731, neg_loss_1 = 0.0042, neg_loss_2 = 0.0038, ref_loss = 0.0123, div_loss = 0.0324, 0.680 seconds/batch
2026-04-21 02:23:41,167 - Epoch 19, Batch 300, lr = 0.00005, final_loss = 4.3439, nll_loss = 4.2288, ref_nll_loss = 4.4591, ivc_loss = 0.0662, neg_loss_1 = 0.0038, neg_loss_2 = 0.0022, ref_loss = 0.0113, div_loss = 0.0316, 0.689 seconds/batch
2026-04-21 02:24:19,981 - Epoch 19, Batch 350, lr = 0.00005, final_loss = 4.3966, nll_loss = 4.2859, ref_nll_loss = 4.5073, ivc_loss = 0.0709, neg_loss_1 = 0.0045, neg_loss_2 = 0.0037, ref_loss = 0.0115, div_loss = 0.0314, 0.701 seconds/batch
2026-04-21 02:25:03,699 - Epoch 19, Batch 400, lr = 0.00005, final_loss = 4.3713, nll_loss = 4.2602, ref_nll_loss = 4.4824, ivc_loss = 0.0717, neg_loss_1 = 0.0041, neg_loss_2 = 0.0028, ref_loss = 0.0128, div_loss = 0.0322, 0.723 seconds/batch
2026-04-21 02:25:47,249 - Epoch 19, Batch 450, lr = 0.00005, final_loss = 4.4003, nll_loss = 4.2896, ref_nll_loss = 4.5111, ivc_loss = 0.0736, neg_loss_1 = 0.0046, neg_loss_2 = 0.0028, ref_loss = 0.0130, div_loss = 0.0328, 0.739 seconds/batch
2026-04-21 02:26:30,926 - Epoch 19, Batch 500, lr = 0.00005, final_loss = 4.4083, nll_loss = 4.3024, ref_nll_loss = 4.5141, ivc_loss = 0.0739, neg_loss_1 = 0.0043, neg_loss_2 = 0.0035, ref_loss = 0.0132, div_loss = 0.0320, 0.753 seconds/batch
2026-04-21 02:27:14,458 - Epoch 19, Batch 550, lr = 0.00005, final_loss = 4.3744, nll_loss = 4.2586, ref_nll_loss = 4.4902, ivc_loss = 0.0713, neg_loss_1 = 0.0053, neg_loss_2 = 0.0023, ref_loss = 0.0117, div_loss = 0.0328, 0.764 seconds/batch
2026-04-21 02:27:58,068 - Epoch 19, Batch 600, lr = 0.00005, final_loss = 4.3958, nll_loss = 4.2845, ref_nll_loss = 4.5071, ivc_loss = 0.0690, neg_loss_1 = 0.0027, neg_loss_2 = 0.0033, ref_loss = 0.0121, div_loss = 0.0328, 0.773 seconds/batch
2026-04-21 02:28:41,685 - Epoch 19, Batch 650, lr = 0.00005, final_loss = 4.3575, nll_loss = 4.2496, ref_nll_loss = 4.4654, ivc_loss = 0.0752, neg_loss_1 = 0.0042, neg_loss_2 = 0.0039, ref_loss = 0.0134, div_loss = 0.0323, 0.780 seconds/batch
2026-04-21 02:29:25,311 - Epoch 19, Batch 700, lr = 0.00005, final_loss = 4.3488, nll_loss = 4.2362, ref_nll_loss = 4.4613, ivc_loss = 0.0743, neg_loss_1 = 0.0042, neg_loss_2 = 0.0035, ref_loss = 0.0132, div_loss = 0.0326, 0.787 seconds/batch
2026-04-21 02:30:08,928 - Epoch 19, Batch 750, lr = 0.00005, final_loss = 4.3719, nll_loss = 4.2609, ref_nll_loss = 4.4828, ivc_loss = 0.0730, neg_loss_1 = 0.0033, neg_loss_2 = 0.0039, ref_loss = 0.0123, div_loss = 0.0339, 0.793 seconds/batch
2026-04-21 02:30:52,510 - Epoch 19, Batch 800, lr = 0.00005, final_loss = 4.3867, nll_loss = 4.2745, ref_nll_loss = 4.4990, ivc_loss = 0.0725, neg_loss_1 = 0.0049, neg_loss_2 = 0.0024, ref_loss = 0.0124, div_loss = 0.0331, 0.797 seconds/batch
2026-04-21 02:31:36,075 - Epoch 19, Batch 850, lr = 0.00005, final_loss = 4.3813, nll_loss = 4.2697, ref_nll_loss = 4.4929, ivc_loss = 0.0749, neg_loss_1 = 0.0040, neg_loss_2 = 0.0037, ref_loss = 0.0135, div_loss = 0.0325, 0.802 seconds/batch
2026-04-21 02:32:19,623 - Epoch 19, Batch 900, lr = 0.00005, final_loss = 4.3837, nll_loss = 4.2691, ref_nll_loss = 4.4982, ivc_loss = 0.0736, neg_loss_1 = 0.0044, neg_loss_2 = 0.0038, ref_loss = 0.0121, div_loss = 0.0329, 0.806 seconds/batch
2026-04-21 02:33:03,242 - Epoch 19, Batch 950, lr = 0.00005, final_loss = 4.3943, nll_loss = 4.2795, ref_nll_loss = 4.5092, ivc_loss = 0.0690, neg_loss_1 = 0.0042, neg_loss_2 = 0.0024, ref_loss = 0.0122, div_loss = 0.0314, 0.809 seconds/batch
2026-04-21 02:33:46,852 - Epoch 19, Batch 1000, lr = 0.00005, final_loss = 4.3932, nll_loss = 4.2785, ref_nll_loss = 4.5080, ivc_loss = 0.0661, neg_loss_1 = 0.0034, neg_loss_2 = 0.0023, ref_loss = 0.0120, div_loss = 0.0307, 0.812 seconds/batch
2026-04-21 02:34:30,451 - Epoch 19, Batch 1050, lr = 0.00005, final_loss = 4.3842, nll_loss = 4.2718, ref_nll_loss = 4.4966, ivc_loss = 0.0677, neg_loss_1 = 0.0037, neg_loss_2 = 0.0026, ref_loss = 0.0117, div_loss = 0.0317, 0.815 seconds/batch
2026-04-21 02:35:14,046 - Epoch 19, Batch 1100, lr = 0.00005, final_loss = 4.3950, nll_loss = 4.2808, ref_nll_loss = 4.5091, ivc_loss = 0.0678, neg_loss_1 = 0.0035, neg_loss_2 = 0.0029, ref_loss = 0.0119, div_loss = 0.0311, 0.818 seconds/batch
2026-04-21 02:35:57,612 - Epoch 19, Batch 1150, lr = 0.00005, final_loss = 4.3863, nll_loss = 4.2718, ref_nll_loss = 4.5009, ivc_loss = 0.0718, neg_loss_1 = 0.0038, neg_loss_2 = 0.0050, ref_loss = 0.0114, div_loss = 0.0314, 0.820 seconds/batch
2026-04-21 02:36:14,761 - Epoch 19, Batch 1170, lr = 0.00005, final_loss = 4.4500, nll_loss = 4.3457, ref_nll_loss = 4.5544, ivc_loss = 0.0779, neg_loss_1 = 0.0039, neg_loss_2 = 0.0043, ref_loss = 0.0152, div_loss = 0.0311, 0.821 seconds/batch
2026-04-21 02:36:14,839 - save model to checkpoints/activitynet_moe_noaux_alpha1/cpl_moe2_noaux_alpha1/model-19.pt, num_updates 22230.
2026-04-21 02:40:07,222 - | R@1,mIoU 0.3340 | R@1,IoU@0.1 0.8021 | R@1,IoU@0.3 0.4457 | R@1,IoU@0.5 0.2499 | R@1,IoU@0.7 0.1280 | R@1,IoU@0.9 0.0304 | R@5,mIoU 0.5234 | R@5,IoU@0.1 0.9214 | R@5,IoU@0.3 0.7507 | R@5,IoU@0.5 0.5448 | R@5,IoU@0.7 0.3200 | R@5,IoU@0.9 0.0798 |
2026-04-21 02:40:07,222 - ============================================================
2026-04-21 02:40:07,222 - Start Epoch 20
2026-04-21 02:40:32,227 - Epoch 20, Batch 50, lr = 0.00005, final_loss = 4.3764, nll_loss = 4.2652, ref_nll_loss = 4.4875, ivc_loss = 0.0715, neg_loss_1 = 0.0033, neg_loss_2 = 0.0041, ref_loss = 0.0123, div_loss = 0.0321, 0.500 seconds/batch
2026-04-21 02:41:06,468 - Epoch 20, Batch 100, lr = 0.00005, final_loss = 4.3313, nll_loss = 4.2163, ref_nll_loss = 4.4464, ivc_loss = 0.0651, neg_loss_1 = 0.0036, neg_loss_2 = 0.0017, ref_loss = 0.0107, div_loss = 0.0330, 0.592 seconds/batch
2026-04-21 02:41:43,109 - Epoch 20, Batch 150, lr = 0.00005, final_loss = 4.3806, nll_loss = 4.2696, ref_nll_loss = 4.4916, ivc_loss = 0.0746, neg_loss_1 = 0.0043, neg_loss_2 = 0.0042, ref_loss = 0.0127, div_loss = 0.0323, 0.639 seconds/batch
2026-04-21 02:42:19,758 - Epoch 20, Batch 200, lr = 0.00005, final_loss = 4.3095, nll_loss = 4.1960, ref_nll_loss = 4.4230, ivc_loss = 0.0711, neg_loss_1 = 0.0050, neg_loss_2 = 0.0023, ref_loss = 0.0125, div_loss = 0.0316, 0.663 seconds/batch
2026-04-21 02:42:56,408 - Epoch 20, Batch 250, lr = 0.00005, final_loss = 4.3806, nll_loss = 4.2667, ref_nll_loss = 4.4946, ivc_loss = 0.0732, neg_loss_1 = 0.0045, neg_loss_2 = 0.0030, ref_loss = 0.0132, div_loss = 0.0318, 0.677 seconds/batch
2026-04-21 02:43:33,060 - Epoch 20, Batch 300, lr = 0.00005, final_loss = 4.3602, nll_loss = 4.2474, ref_nll_loss = 4.4730, ivc_loss = 0.0716, neg_loss_1 = 0.0040, neg_loss_2 = 0.0030, ref_loss = 0.0128, div_loss = 0.0318, 0.686 seconds/batch
2026-04-21 02:44:11,169 - Epoch 20, Batch 350, lr = 0.00005, final_loss = 4.3687, nll_loss = 4.2540, ref_nll_loss = 4.4834, ivc_loss = 0.0689, neg_loss_1 = 0.0039, neg_loss_2 = 0.0026, ref_loss = 0.0118, div_loss = 0.0322, 0.697 seconds/batch
2026-04-21 02:44:54,780 - Epoch 20, Batch 400, lr = 0.00005, final_loss = 4.3496, nll_loss = 4.2377, ref_nll_loss = 4.4615, ivc_loss = 0.0744, neg_loss_1 = 0.0041, neg_loss_2 = 0.0043, ref_loss = 0.0129, div_loss = 0.0319, 0.719 seconds/batch
2026-04-21 02:45:38,402 - Epoch 20, Batch 450, lr = 0.00005, final_loss = 4.3526, nll_loss = 4.2415, ref_nll_loss = 4.4637, ivc_loss = 0.0708, neg_loss_1 = 0.0037, neg_loss_2 = 0.0033, ref_loss = 0.0123, div_loss = 0.0321, 0.736 seconds/batch
2026-04-21 02:46:22,018 - Epoch 20, Batch 500, lr = 0.00005, final_loss = 4.3789, nll_loss = 4.2687, ref_nll_loss = 4.4892, ivc_loss = 0.0737, neg_loss_1 = 0.0046, neg_loss_2 = 0.0029, ref_loss = 0.0131, div_loss = 0.0325, 0.750 seconds/batch
2026-04-21 02:47:05,620 - Epoch 20, Batch 550, lr = 0.00005, final_loss = 4.3795, nll_loss = 4.2643, ref_nll_loss = 4.4948, ivc_loss = 0.0717, neg_loss_1 = 0.0046, neg_loss_2 = 0.0032, ref_loss = 0.0122, div_loss = 0.0318, 0.761 seconds/batch
2026-04-21 02:47:49,249 - Epoch 20, Batch 600, lr = 0.00005, final_loss = 4.3778, nll_loss = 4.2669, ref_nll_loss = 4.4886, ivc_loss = 0.0730, neg_loss_1 = 0.0044, neg_loss_2 = 0.0023, ref_loss = 0.0138, div_loss = 0.0319, 0.770 seconds/batch
2026-04-21 02:48:32,889 - Epoch 20, Batch 650, lr = 0.00005, final_loss = 4.3724, nll_loss = 4.2585, ref_nll_loss = 4.4863, ivc_loss = 0.0709, neg_loss_1 = 0.0042, neg_loss_2 = 0.0024, ref_loss = 0.0122, div_loss = 0.0334, 0.778 seconds/batch
2026-04-21 02:49:16,475 - Epoch 20, Batch 700, lr = 0.00005, final_loss = 4.3687, nll_loss = 4.2575, ref_nll_loss = 4.4800, ivc_loss = 0.0707, neg_loss_1 = 0.0030, neg_loss_2 = 0.0035, ref_loss = 0.0120, div_loss = 0.0337, 0.785 seconds/batch
2026-04-21 02:50:00,073 - Epoch 20, Batch 750, lr = 0.00005, final_loss = 4.3639, nll_loss = 4.2481, ref_nll_loss = 4.4796, ivc_loss = 0.0696, neg_loss_1 = 0.0038, neg_loss_2 = 0.0027, ref_loss = 0.0120, div_loss = 0.0326, 0.790 seconds/batch
2026-04-21 02:50:43,722 - Epoch 20, Batch 800, lr = 0.00005, final_loss = 4.3489, nll_loss = 4.2304, ref_nll_loss = 4.4673, ivc_loss = 0.0677, neg_loss_1 = 0.0043, neg_loss_2 = 0.0024, ref_loss = 0.0113, div_loss = 0.0317, 0.796 seconds/batch
2026-04-21 02:51:27,332 - Epoch 20, Batch 850, lr = 0.00005, final_loss = 4.3589, nll_loss = 4.2457, ref_nll_loss = 4.4720, ivc_loss = 0.0685, neg_loss_1 = 0.0036, neg_loss_2 = 0.0026, ref_loss = 0.0119, div_loss = 0.0322, 0.800 seconds/batch
2026-04-21 02:52:10,920 - Epoch 20, Batch 900, lr = 0.00005, final_loss = 4.3361, nll_loss = 4.2209, ref_nll_loss = 4.4514, ivc_loss = 0.0663, neg_loss_1 = 0.0042, neg_loss_2 = 0.0024, ref_loss = 0.0107, div_loss = 0.0317, 0.804 seconds/batch
2026-04-21 02:52:54,436 - Epoch 20, Batch 950, lr = 0.00005, final_loss = 4.3566, nll_loss = 4.2409, ref_nll_loss = 4.4723, ivc_loss = 0.0687, neg_loss_1 = 0.0035, neg_loss_2 = 0.0019, ref_loss = 0.0124, div_loss = 0.0331, 0.808 seconds/batch
2026-04-21 02:53:38,023 - Epoch 20, Batch 1000, lr = 0.00005, final_loss = 4.3594, nll_loss = 4.2496, ref_nll_loss = 4.4691, ivc_loss = 0.0726, neg_loss_1 = 0.0032, neg_loss_2 = 0.0036, ref_loss = 0.0136, div_loss = 0.0319, 0.811 seconds/batch
2026-04-21 02:54:21,547 - Epoch 20, Batch 1050, lr = 0.00005, final_loss = 4.3777, nll_loss = 4.2664, ref_nll_loss = 4.4891, ivc_loss = 0.0728, neg_loss_1 = 0.0038, neg_loss_2 = 0.0028, ref_loss = 0.0137, div_loss = 0.0322, 0.814 seconds/batch
2026-04-21 02:55:05,019 - Epoch 20, Batch 1100, lr = 0.00005, final_loss = 4.3755, nll_loss = 4.2637, ref_nll_loss = 4.4874, ivc_loss = 0.0710, neg_loss_1 = 0.0043, neg_loss_2 = 0.0030, ref_loss = 0.0125, div_loss = 0.0314, 0.816 seconds/batch
2026-04-21 02:55:48,562 - Epoch 20, Batch 1150, lr = 0.00005, final_loss = 4.3607, nll_loss = 4.2523, ref_nll_loss = 4.4691, ivc_loss = 0.0767, neg_loss_1 = 0.0036, neg_loss_2 = 0.0043, ref_loss = 0.0145, div_loss = 0.0320, 0.819 seconds/batch
2026-04-21 02:56:05,742 - Epoch 20, Batch 1170, lr = 0.00005, final_loss = 4.4069, nll_loss = 4.2969, ref_nll_loss = 4.5169, ivc_loss = 0.0763, neg_loss_1 = 0.0048, neg_loss_2 = 0.0019, ref_loss = 0.0156, div_loss = 0.0317, 0.819 seconds/batch
2026-04-21 02:56:05,817 - save model to checkpoints/activitynet_moe_noaux_alpha1/cpl_moe2_noaux_alpha1/model-20.pt, num_updates 23400.
2026-04-21 03:00:00,006 - | R@1,mIoU 0.3313 | R@1,IoU@0.1 0.7956 | R@1,IoU@0.3 0.4408 | R@1,IoU@0.5 0.2542 | R@1,IoU@0.7 0.1278 | R@1,IoU@0.9 0.0260 | R@5,mIoU 0.5201 | R@5,IoU@0.1 0.9245 | R@5,IoU@0.3 0.7526 | R@5,IoU@0.5 0.5408 | R@5,IoU@0.7 0.3077 | R@5,IoU@0.9 0.0764 |
2026-04-21 03:00:00,006 - ============================================================
2026-04-21 03:00:00,006 - Start Epoch 21
2026-04-21 03:00:25,127 - Epoch 21, Batch 50, lr = 0.00005, final_loss = 4.3199, nll_loss = 4.2078, ref_nll_loss = 4.4321, ivc_loss = 0.0721, neg_loss_1 = 0.0036, neg_loss_2 = 0.0036, ref_loss = 0.0129, div_loss = 0.0318, 0.502 seconds/batch
2026-04-21 03:00:59,255 - Epoch 21, Batch 100, lr = 0.00005, final_loss = 4.3336, nll_loss = 4.2196, ref_nll_loss = 4.4477, ivc_loss = 0.0701, neg_loss_1 = 0.0036, neg_loss_2 = 0.0036, ref_loss = 0.0119, div_loss = 0.0319, 0.592 seconds/batch
2026-04-21 03:01:35,929 - Epoch 21, Batch 150, lr = 0.00005, final_loss = 4.3529, nll_loss = 4.2432, ref_nll_loss = 4.4627, ivc_loss = 0.0712, neg_loss_1 = 0.0034, neg_loss_2 = 0.0030, ref_loss = 0.0131, div_loss = 0.0321, 0.639 seconds/batch
2026-04-21 03:02:12,552 - Epoch 21, Batch 200, lr = 0.00005, final_loss = 4.3318, nll_loss = 4.2173, ref_nll_loss = 4.4462, ivc_loss = 0.0679, neg_loss_1 = 0.0037, neg_loss_2 = 0.0033, ref_loss = 0.0109, div_loss = 0.0321, 0.663 seconds/batch
2026-04-21 03:02:49,236 - Epoch 21, Batch 250, lr = 0.00005, final_loss = 4.3195, nll_loss = 4.2105, ref_nll_loss = 4.4285, ivc_loss = 0.0739, neg_loss_1 = 0.0051, neg_loss_2 = 0.0020, ref_loss = 0.0141, div_loss = 0.0315, 0.677 seconds/batch
2026-04-21 03:03:25,925 - Epoch 21, Batch 300, lr = 0.00005, final_loss = 4.3291, nll_loss = 4.2154, ref_nll_loss = 4.4429, ivc_loss = 0.0722, neg_loss_1 = 0.0043, neg_loss_2 = 0.0033, ref_loss = 0.0126, div_loss = 0.0317, 0.686 seconds/batch
2026-04-21 03:04:03,984 - Epoch 21, Batch 350, lr = 0.00005, final_loss = 4.3746, nll_loss = 4.2628, ref_nll_loss = 4.4865, ivc_loss = 0.0695, neg_loss_1 = 0.0035, neg_loss_2 = 0.0039, ref_loss = 0.0117, div_loss = 0.0314, 0.697 seconds/batch
2026-04-21 03:04:47,416 - Epoch 21, Batch 400, lr = 0.00005, final_loss = 4.3557, nll_loss = 4.2453, ref_nll_loss = 4.4661, ivc_loss = 0.0703, neg_loss_1 = 0.0030, neg_loss_2 = 0.0038, ref_loss = 0.0119, div_loss = 0.0332, 0.719 seconds/batch
2026-04-21 03:05:30,848 - Epoch 21, Batch 450, lr = 0.00005, final_loss = 4.3552, nll_loss = 4.2405, ref_nll_loss = 4.4699, ivc_loss = 0.0725, neg_loss_1 = 0.0028, neg_loss_2 = 0.0039, ref_loss = 0.0122, div_loss = 0.0347, 0.735 seconds/batch
2026-04-21 03:06:14,292 - Epoch 21, Batch 500, lr = 0.00005, final_loss = 4.3521, nll_loss = 4.2386, ref_nll_loss = 4.4655, ivc_loss = 0.0684, neg_loss_1 = 0.0043, neg_loss_2 = 0.0023, ref_loss = 0.0117, div_loss = 0.0318, 0.749 seconds/batch
2026-04-21 03:06:57,725 - Epoch 21, Batch 550, lr = 0.00005, final_loss = 4.3345, nll_loss = 4.2197, ref_nll_loss = 4.4494, ivc_loss = 0.0687, neg_loss_1 = 0.0040, neg_loss_2 = 0.0021, ref_loss = 0.0121, div_loss = 0.0322, 0.759 seconds/batch
2026-04-21 03:07:41,136 - Epoch 21, Batch 600, lr = 0.00005, final_loss = 4.3428, nll_loss = 4.2282, ref_nll_loss = 4.4574, ivc_loss = 0.0682, neg_loss_1 = 0.0043, neg_loss_2 = 0.0021, ref_loss = 0.0117, div_loss = 0.0320, 0.769 seconds/batch
2026-04-21 03:08:24,524 - Epoch 21, Batch 650, lr = 0.00005, final_loss = 4.3179, nll_loss = 4.2048, ref_nll_loss = 4.4310, ivc_loss = 0.0700, neg_loss_1 = 0.0033, neg_loss_2 = 0.0031, ref_loss = 0.0124, div_loss = 0.0325, 0.776 seconds/batch
2026-04-21 03:09:07,913 - Epoch 21, Batch 700, lr = 0.00005, final_loss = 4.3404, nll_loss = 4.2275, ref_nll_loss = 4.4533, ivc_loss = 0.0688, neg_loss_1 = 0.0032, neg_loss_2 = 0.0028, ref_loss = 0.0125, div_loss = 0.0319, 0.783 seconds/batch
2026-04-21 03:09:51,286 - Epoch 21, Batch 750, lr = 0.00005, final_loss = 4.3330, nll_loss = 4.2186, ref_nll_loss = 4.4474, ivc_loss = 0.0684, neg_loss_1 = 0.0037, neg_loss_2 = 0.0017, ref_loss = 0.0124, div_loss = 0.0327, 0.788 seconds/batch
2026-04-21 03:10:34,894 - Epoch 21, Batch 800, lr = 0.00005, final_loss = 4.3701, nll_loss = 4.2598, ref_nll_loss = 4.4805, ivc_loss = 0.0725, neg_loss_1 = 0.0040, neg_loss_2 = 0.0021, ref_loss = 0.0139, div_loss = 0.0325, 0.794 seconds/batch
2026-04-21 03:11:18,371 - Epoch 21, Batch 850, lr = 0.00005, final_loss = 4.3519, nll_loss = 4.2364, ref_nll_loss = 4.4674, ivc_loss = 0.0718, neg_loss_1 = 0.0042, neg_loss_2 = 0.0036, ref_loss = 0.0125, div_loss = 0.0313, 0.798 seconds/batch
2026-04-21 03:12:01,833 - Epoch 21, Batch 900, lr = 0.00005, final_loss = 4.3421, nll_loss = 4.2279, ref_nll_loss = 4.4564, ivc_loss = 0.0691, neg_loss_1 = 0.0045, neg_loss_2 = 0.0035, ref_loss = 0.0109, div_loss = 0.0314, 0.802 seconds/batch
2026-04-21 03:12:45,276 - Epoch 21, Batch 950, lr = 0.00005, final_loss = 4.3655, nll_loss = 4.2523, ref_nll_loss = 4.4787, ivc_loss = 0.0733, neg_loss_1 = 0.0039, neg_loss_2 = 0.0032, ref_loss = 0.0132, div_loss = 0.0325, 0.806 seconds/batch
2026-04-21 03:13:28,700 - Epoch 21, Batch 1000, lr = 0.00005, final_loss = 4.3897, nll_loss = 4.2754, ref_nll_loss = 4.5041, ivc_loss = 0.0667, neg_loss_1 = 0.0036, neg_loss_2 = 0.0023, ref_loss = 0.0114, div_loss = 0.0321, 0.809 seconds/batch
2026-04-21 03:14:12,124 - Epoch 21, Batch 1050, lr = 0.00005, final_loss = 4.3404, nll_loss = 4.2250, ref_nll_loss = 4.4558, ivc_loss = 0.0703, neg_loss_1 = 0.0041, neg_loss_2 = 0.0038, ref_loss = 0.0117, div_loss = 0.0311, 0.812 seconds/batch
2026-04-21 03:14:55,544 - Epoch 21, Batch 1100, lr = 0.00005, final_loss = 4.3731, nll_loss = 4.2615, ref_nll_loss = 4.4847, ivc_loss = 0.0698, neg_loss_1 = 0.0038, neg_loss_2 = 0.0027, ref_loss = 0.0125, div_loss = 0.0319, 0.814 seconds/batch
2026-04-21 03:15:38,941 - Epoch 21, Batch 1150, lr = 0.00005, final_loss = 4.3270, nll_loss = 4.2143, ref_nll_loss = 4.4397, ivc_loss = 0.0699, neg_loss_1 = 0.0037, neg_loss_2 = 0.0027, ref_loss = 0.0121, div_loss = 0.0329, 0.816 seconds/batch
2026-04-21 03:15:56,053 - Epoch 21, Batch 1170, lr = 0.00005, final_loss = 4.3487, nll_loss = 4.2351, ref_nll_loss = 4.4624, ivc_loss = 0.0699, neg_loss_1 = 0.0035, neg_loss_2 = 0.0036, ref_loss = 0.0117, div_loss = 0.0323, 0.817 seconds/batch
2026-04-21 03:15:56,128 - save model to checkpoints/activitynet_moe_noaux_alpha1/cpl_moe2_noaux_alpha1/model-21.pt, num_updates 24570.
2026-04-21 03:19:50,098 - | R@1,mIoU 0.3317 | R@1,IoU@0.1 0.7981 | R@1,IoU@0.3 0.4445 | R@1,IoU@0.5 0.2521 | R@1,IoU@0.7 0.1237 | R@1,IoU@0.9 0.0282 | R@5,mIoU 0.5212 | R@5,IoU@0.1 0.9228 | R@5,IoU@0.3 0.7461 | R@5,IoU@0.5 0.5445 | R@5,IoU@0.7 0.3084 | R@5,IoU@0.9 0.0818 |
2026-04-21 03:19:50,099 - ============================================================
2026-04-21 03:19:50,099 - Start Epoch 22
2026-04-21 03:20:15,001 - Epoch 22, Batch 50, lr = 0.00005, final_loss = 4.3329, nll_loss = 4.2187, ref_nll_loss = 4.4471, ivc_loss = 0.0676, neg_loss_1 = 0.0026, neg_loss_2 = 0.0035, ref_loss = 0.0113, div_loss = 0.0329, 0.498 seconds/batch
2026-04-21 03:20:48,952 - Epoch 22, Batch 100, lr = 0.00005, final_loss = 4.3154, nll_loss = 4.1981, ref_nll_loss = 4.4326, ivc_loss = 0.0667, neg_loss_1 = 0.0030, neg_loss_2 = 0.0028, ref_loss = 0.0113, div_loss = 0.0324, 0.589 seconds/batch
2026-04-21 03:21:25,604 - Epoch 22, Batch 150, lr = 0.00005, final_loss = 4.3032, nll_loss = 4.1836, ref_nll_loss = 4.4228, ivc_loss = 0.0679, neg_loss_1 = 0.0034, neg_loss_2 = 0.0038, ref_loss = 0.0106, div_loss = 0.0324, 0.637 seconds/batch
2026-04-21 03:22:02,399 - Epoch 22, Batch 200, lr = 0.00005, final_loss = 4.3156, nll_loss = 4.2011, ref_nll_loss = 4.4301, ivc_loss = 0.0688, neg_loss_1 = 0.0034, neg_loss_2 = 0.0022, ref_loss = 0.0125, div_loss = 0.0325, 0.661 seconds/batch
2026-04-21 03:22:39,112 - Epoch 22, Batch 250, lr = 0.00005, final_loss = 4.3513, nll_loss = 4.2402, ref_nll_loss = 4.4624, ivc_loss = 0.0711, neg_loss_1 = 0.0042, neg_loss_2 = 0.0027, ref_loss = 0.0123, div_loss = 0.0328, 0.676 seconds/batch
2026-04-21 03:23:15,801 - Epoch 22, Batch 300, lr = 0.00005, final_loss = 4.3442, nll_loss = 4.2311, ref_nll_loss = 4.4573, ivc_loss = 0.0695, neg_loss_1 = 0.0037, neg_loss_2 = 0.0027, ref_loss = 0.0120, div_loss = 0.0326, 0.686 seconds/batch
2026-04-21 03:23:54,257 - Epoch 22, Batch 350, lr = 0.00005, final_loss = 4.3014, nll_loss = 4.1878, ref_nll_loss = 4.4151, ivc_loss = 0.0729, neg_loss_1 = 0.0050, neg_loss_2 = 0.0028, ref_loss = 0.0123, div_loss = 0.0326, 0.698 seconds/batch
2026-04-21 03:24:37,903 - Epoch 22, Batch 400, lr = 0.00005, final_loss = 4.3131, nll_loss = 4.2018, ref_nll_loss = 4.4244, ivc_loss = 0.0706, neg_loss_1 = 0.0050, neg_loss_2 = 0.0025, ref_loss = 0.0122, div_loss = 0.0313, 0.720 seconds/batch
2026-04-21 03:25:21,573 - Epoch 22, Batch 450, lr = 0.00005, final_loss = 4.3476, nll_loss = 4.2389, ref_nll_loss = 4.4562, ivc_loss = 0.0758, neg_loss_1 = 0.0038, neg_loss_2 = 0.0034, ref_loss = 0.0148, div_loss = 0.0318, 0.737 seconds/batch
2026-04-21 03:26:05,270 - Epoch 22, Batch 500, lr = 0.00005, final_loss = 4.3208, nll_loss = 4.2061, ref_nll_loss = 4.4355, ivc_loss = 0.0700, neg_loss_1 = 0.0034, neg_loss_2 = 0.0025, ref_loss = 0.0127, div_loss = 0.0327, 0.750 seconds/batch
2026-04-21 03:26:48,887 - Epoch 22, Batch 550, lr = 0.00005, final_loss = 4.3099, nll_loss = 4.1904, ref_nll_loss = 4.4295, ivc_loss = 0.0699, neg_loss_1 = 0.0026, neg_loss_2 = 0.0032, ref_loss = 0.0126, div_loss = 0.0331, 0.761 seconds/batch
2026-04-21 03:27:32,538 - Epoch 22, Batch 600, lr = 0.00005, final_loss = 4.3456, nll_loss = 4.2331, ref_nll_loss = 4.4580, ivc_loss = 0.0766, neg_loss_1 = 0.0054, neg_loss_2 = 0.0035, ref_loss = 0.0131, div_loss = 0.0327, 0.771 seconds/batch
2026-04-21 03:28:16,179 - Epoch 22, Batch 650, lr = 0.00005, final_loss = 4.3597, nll_loss = 4.2449, ref_nll_loss = 4.4746, ivc_loss = 0.0691, neg_loss_1 = 0.0041, neg_loss_2 = 0.0026, ref_loss = 0.0119, div_loss = 0.0319, 0.779 seconds/batch
2026-04-21 03:28:59,801 - Epoch 22, Batch 700, lr = 0.00005, final_loss = 4.3637, nll_loss = 4.2507, ref_nll_loss = 4.4768, ivc_loss = 0.0768, neg_loss_1 = 0.0043, neg_loss_2 = 0.0042, ref_loss = 0.0138, div_loss = 0.0324, 0.785 seconds/batch
2026-04-21 03:29:43,483 - Epoch 22, Batch 750, lr = 0.00005, final_loss = 4.3136, nll_loss = 4.1982, ref_nll_loss = 4.4289, ivc_loss = 0.0719, neg_loss_1 = 0.0039, neg_loss_2 = 0.0040, ref_loss = 0.0121, div_loss = 0.0319, 0.791 seconds/batch
2026-04-21 03:30:27,181 - Epoch 22, Batch 800, lr = 0.00005, final_loss = 4.3080, nll_loss = 4.1944, ref_nll_loss = 4.4216, ivc_loss = 0.0703, neg_loss_1 = 0.0040, neg_loss_2 = 0.0024, ref_loss = 0.0120, div_loss = 0.0334, 0.796 seconds/batch
2026-04-21 03:31:10,803 - Epoch 22, Batch 850, lr = 0.00005, final_loss = 4.3332, nll_loss = 4.2183, ref_nll_loss = 4.4480, ivc_loss = 0.0703, neg_loss_1 = 0.0030, neg_loss_2 = 0.0035, ref_loss = 0.0120, div_loss = 0.0332, 0.801 seconds/batch
2026-04-21 03:31:54,463 - Epoch 22, Batch 900, lr = 0.00005, final_loss = 4.3145, nll_loss = 4.2015, ref_nll_loss = 4.4275, ivc_loss = 0.0702, neg_loss_1 = 0.0048, neg_loss_2 = 0.0019, ref_loss = 0.0120, div_loss = 0.0328, 0.805 seconds/batch
2026-04-21 03:32:38,104 - Epoch 22, Batch 950, lr = 0.00005, final_loss = 4.2954, nll_loss = 4.1815, ref_nll_loss = 4.4092, ivc_loss = 0.0664, neg_loss_1 = 0.0043, neg_loss_2 = 0.0020, ref_loss = 0.0106, div_loss = 0.0325, 0.808 seconds/batch
2026-04-21 03:33:21,730 - Epoch 22, Batch 1000, lr = 0.00005, final_loss = 4.3315, nll_loss = 4.2167, ref_nll_loss = 4.4462, ivc_loss = 0.0695, neg_loss_1 = 0.0040, neg_loss_2 = 0.0027, ref_loss = 0.0120, div_loss = 0.0321, 0.812 seconds/batch
2026-04-21 03:34:05,352 - Epoch 22, Batch 1050, lr = 0.00005, final_loss = 4.3519, nll_loss = 4.2388, ref_nll_loss = 4.4650, ivc_loss = 0.0703, neg_loss_1 = 0.0045, neg_loss_2 = 0.0028, ref_loss = 0.0116, div_loss = 0.0326, 0.815 seconds/batch
2026-04-21 03:34:48,975 - Epoch 22, Batch 1100, lr = 0.00005, final_loss = 4.3568, nll_loss = 4.2427, ref_nll_loss = 4.4709, ivc_loss = 0.0661, neg_loss_1 = 0.0032, neg_loss_2 = 0.0022, ref_loss = 0.0114, div_loss = 0.0325, 0.817 seconds/batch
2026-04-21 03:35:32,616 - Epoch 22, Batch 1150, lr = 0.00005, final_loss = 4.3411, nll_loss = 4.2279, ref_nll_loss = 4.4543, ivc_loss = 0.0670, neg_loss_1 = 0.0035, neg_loss_2 = 0.0020, ref_loss = 0.0120, div_loss = 0.0319, 0.820 seconds/batch
2026-04-21 03:35:49,685 - Epoch 22, Batch 1170, lr = 0.00005, final_loss = 4.3401, nll_loss = 4.2268, ref_nll_loss = 4.4534, ivc_loss = 0.0719, neg_loss_1 = 0.0041, neg_loss_2 = 0.0019, ref_loss = 0.0141, div_loss = 0.0316, 0.820 seconds/batch
2026-04-21 03:35:49,761 - save model to checkpoints/activitynet_moe_noaux_alpha1/cpl_moe2_noaux_alpha1/model-22.pt, num_updates 25740.
2026-04-21 03:39:43,781 - | R@1,mIoU 0.3318 | R@1,IoU@0.1 0.7967 | R@1,IoU@0.3 0.4428 | R@1,IoU@0.5 0.2524 | R@1,IoU@0.7 0.1276 | R@1,IoU@0.9 0.0284 | R@5,mIoU 0.5215 | R@5,IoU@0.1 0.9220 | R@5,IoU@0.3 0.7473 | R@5,IoU@0.5 0.5459 | R@5,IoU@0.7 0.3115 | R@5,IoU@0.9 0.0785 |
2026-04-21 03:39:43,781 - ============================================================
2026-04-21 03:39:43,781 - Start Epoch 23
2026-04-21 03:40:08,625 - Epoch 23, Batch 50, lr = 0.00005, final_loss = 4.3168, nll_loss = 4.2033, ref_nll_loss = 4.4303, ivc_loss = 0.0697, neg_loss_1 = 0.0039, neg_loss_2 = 0.0030, ref_loss = 0.0116, div_loss = 0.0326, 0.497 seconds/batch
2026-04-21 03:40:42,295 - Epoch 23, Batch 100, lr = 0.00005, final_loss = 4.2957, nll_loss = 4.1851, ref_nll_loss = 4.4064, ivc_loss = 0.0739, neg_loss_1 = 0.0030, neg_loss_2 = 0.0031, ref_loss = 0.0148, div_loss = 0.0321, 0.585 seconds/batch
2026-04-21 03:41:18,957 - Epoch 23, Batch 150, lr = 0.00005, final_loss = 4.3064, nll_loss = 4.1909, ref_nll_loss = 4.4218, ivc_loss = 0.0688, neg_loss_1 = 0.0034, neg_loss_2 = 0.0028, ref_loss = 0.0119, div_loss = 0.0327, 0.634 seconds/batch
2026-04-21 03:41:55,611 - Epoch 23, Batch 200, lr = 0.00005, final_loss = 4.2904, nll_loss = 4.1735, ref_nll_loss = 4.4073, ivc_loss = 0.0676, neg_loss_1 = 0.0033, neg_loss_2 = 0.0023, ref_loss = 0.0118, div_loss = 0.0327, 0.659 seconds/batch
2026-04-21 03:42:32,305 - Epoch 23, Batch 250, lr = 0.00005, final_loss = 4.3281, nll_loss = 4.2126, ref_nll_loss = 4.4437, ivc_loss = 0.0675, neg_loss_1 = 0.0034, neg_loss_2 = 0.0029, ref_loss = 0.0113, div_loss = 0.0324, 0.674 seconds/batch
2026-04-21 03:43:08,982 - Epoch 23, Batch 300, lr = 0.00005, final_loss = 4.3231, nll_loss = 4.2100, ref_nll_loss = 4.4363, ivc_loss = 0.0669, neg_loss_1 = 0.0030, neg_loss_2 = 0.0021, ref_loss = 0.0121, div_loss = 0.0327, 0.684 seconds/batch
2026-04-21 03:43:47,208 - Epoch 23, Batch 350, lr = 0.00005, final_loss = 4.3245, nll_loss = 4.2094, ref_nll_loss = 4.4396, ivc_loss = 0.0676, neg_loss_1 = 0.0038, neg_loss_2 = 0.0031, ref_loss = 0.0107, div_loss = 0.0324, 0.696 seconds/batch
2026-04-21 03:44:30,799 - Epoch 23, Batch 400, lr = 0.00005, final_loss = 4.3082, nll_loss = 4.1942, ref_nll_loss = 4.4222, ivc_loss = 0.0651, neg_loss_1 = 0.0035, neg_loss_2 = 0.0020, ref_loss = 0.0106, div_loss = 0.0328, 0.718 seconds/batch
2026-04-21 03:45:14,368 - Epoch 23, Batch 450, lr = 0.00005, final_loss = 4.2846, nll_loss = 4.1665, ref_nll_loss = 4.4026, ivc_loss = 0.0625, neg_loss_1 = 0.0029, neg_loss_2 = 0.0022, ref_loss = 0.0099, div_loss = 0.0326, 0.735 seconds/batch
2026-04-21 03:45:57,941 - Epoch 23, Batch 500, lr = 0.00005, final_loss = 4.2736, nll_loss = 4.1581, ref_nll_loss = 4.3892, ivc_loss = 0.0673, neg_loss_1 = 0.0031, neg_loss_2 = 0.0030, ref_loss = 0.0113, div_loss = 0.0326, 0.748 seconds/batch
2026-04-21 03:46:41,500 - Epoch 23, Batch 550, lr = 0.00005, final_loss = 4.2966, nll_loss = 4.1776, ref_nll_loss = 4.4157, ivc_loss = 0.0682, neg_loss_1 = 0.0035, neg_loss_2 = 0.0023, ref_loss = 0.0120, div_loss = 0.0326, 0.759 seconds/batch
2026-04-21 03:47:25,058 - Epoch 23, Batch 600, lr = 0.00005, final_loss = 4.3065, nll_loss = 4.1893, ref_nll_loss = 4.4236, ivc_loss = 0.0671, neg_loss_1 = 0.0042, neg_loss_2 = 0.0028, ref_loss = 0.0105, div_loss = 0.0321, 0.769 seconds/batch
2026-04-21 03:48:08,637 - Epoch 23, Batch 650, lr = 0.00005, final_loss = 4.3050, nll_loss = 4.1915, ref_nll_loss = 4.4186, ivc_loss = 0.0708, neg_loss_1 = 0.0028, neg_loss_2 = 0.0042, ref_loss = 0.0122, div_loss = 0.0324, 0.777 seconds/batch
2026-04-21 03:48:52,226 - Epoch 23, Batch 700, lr = 0.00005, final_loss = 4.3440, nll_loss = 4.2295, ref_nll_loss = 4.4585, ivc_loss = 0.0727, neg_loss_1 = 0.0030, neg_loss_2 = 0.0028, ref_loss = 0.0137, div_loss = 0.0336, 0.783 seconds/batch
2026-04-21 03:49:35,801 - Epoch 23, Batch 750, lr = 0.00005, final_loss = 4.3066, nll_loss = 4.1921, ref_nll_loss = 4.4210, ivc_loss = 0.0699, neg_loss_1 = 0.0029, neg_loss_2 = 0.0022, ref_loss = 0.0129, div_loss = 0.0339, 0.789 seconds/batch
2026-04-21 03:50:19,404 - Epoch 23, Batch 800, lr = 0.00005, final_loss = 4.3378, nll_loss = 4.2234, ref_nll_loss = 4.4522, ivc_loss = 0.0666, neg_loss_1 = 0.0024, neg_loss_2 = 0.0023, ref_loss = 0.0118, div_loss = 0.0335, 0.795 seconds/batch
2026-04-21 03:51:02,962 - Epoch 23, Batch 850, lr = 0.00005, final_loss = 4.3570, nll_loss = 4.2418, ref_nll_loss = 4.4723, ivc_loss = 0.0671, neg_loss_1 = 0.0029, neg_loss_2 = 0.0032, ref_loss = 0.0111, div_loss = 0.0328, 0.799 seconds/batch
2026-04-21 03:51:46,491 - Epoch 23, Batch 900, lr = 0.00005, final_loss = 4.2935, nll_loss = 4.1771, ref_nll_loss = 4.4098, ivc_loss = 0.0704, neg_loss_1 = 0.0036, neg_loss_2 = 0.0029, ref_loss = 0.0123, div_loss = 0.0328, 0.803 seconds/batch
2026-04-21 03:52:30,028 - Epoch 23, Batch 950, lr = 0.00005, final_loss = 4.3023, nll_loss = 4.1870, ref_nll_loss = 4.4177, ivc_loss = 0.0694, neg_loss_1 = 0.0034, neg_loss_2 = 0.0018, ref_loss = 0.0131, div_loss = 0.0329, 0.807 seconds/batch
2026-04-21 03:53:13,552 - Epoch 23, Batch 1000, lr = 0.00005, final_loss = 4.3328, nll_loss = 4.2188, ref_nll_loss = 4.4468, ivc_loss = 0.0711, neg_loss_1 = 0.0039, neg_loss_2 = 0.0019, ref_loss = 0.0128, div_loss = 0.0337, 0.810 seconds/batch
2026-04-21 03:53:57,087 - Epoch 23, Batch 1050, lr = 0.00005, final_loss = 4.3259, nll_loss = 4.2126, ref_nll_loss = 4.4391, ivc_loss = 0.0669, neg_loss_1 = 0.0033, neg_loss_2 = 0.0024, ref_loss = 0.0109, div_loss = 0.0336, 0.813 seconds/batch
2026-04-21 03:54:40,622 - Epoch 23, Batch 1100, lr = 0.00005, final_loss = 4.3232, nll_loss = 4.2081, ref_nll_loss = 4.4383, ivc_loss = 0.0718, neg_loss_1 = 0.0035, neg_loss_2 = 0.0042, ref_loss = 0.0121, div_loss = 0.0320, 0.815 seconds/batch
2026-04-21 03:55:24,218 - Epoch 23, Batch 1150, lr = 0.00005, final_loss = 4.3226, nll_loss = 4.2074, ref_nll_loss = 4.4379, ivc_loss = 0.0693, neg_loss_1 = 0.0040, neg_loss_2 = 0.0021, ref_loss = 0.0122, div_loss = 0.0327, 0.818 seconds/batch
2026-04-21 03:55:41,352 - Epoch 23, Batch 1170, lr = 0.00005, final_loss = 4.3400, nll_loss = 4.2266, ref_nll_loss = 4.4534, ivc_loss = 0.0691, neg_loss_1 = 0.0037, neg_loss_2 = 0.0027, ref_loss = 0.0120, div_loss = 0.0323, 0.818 seconds/batch
2026-04-21 03:55:41,429 - save model to checkpoints/activitynet_moe_noaux_alpha1/cpl_moe2_noaux_alpha1/model-23.pt, num_updates 26910.
2026-04-21 03:59:35,378 - | R@1,mIoU 0.3313 | R@1,IoU@0.1 0.7934 | R@1,IoU@0.3 0.4407 | R@1,IoU@0.5 0.2561 | R@1,IoU@0.7 0.1292 | R@1,IoU@0.9 0.0271 | R@5,mIoU 0.5195 | R@5,IoU@0.1 0.9204 | R@5,IoU@0.3 0.7467 | R@5,IoU@0.5 0.5404 | R@5,IoU@0.7 0.3120 | R@5,IoU@0.9 0.0759 |
2026-04-21 03:59:35,379 - ============================================================
2026-04-21 03:59:35,379 - Start Epoch 24
2026-04-21 04:00:00,029 - Epoch 24, Batch 50, lr = 0.00005, final_loss = 4.3095, nll_loss = 4.1939, ref_nll_loss = 4.4250, ivc_loss = 0.0703, neg_loss_1 = 0.0034, neg_loss_2 = 0.0027, ref_loss = 0.0126, div_loss = 0.0331, 0.493 seconds/batch
2026-04-21 04:00:33,213 - Epoch 24, Batch 100, lr = 0.00005, final_loss = 4.2881, nll_loss = 4.1744, ref_nll_loss = 4.4018, ivc_loss = 0.0723, neg_loss_1 = 0.0041, neg_loss_2 = 0.0034, ref_loss = 0.0124, div_loss = 0.0323, 0.578 seconds/batch
2026-04-21 04:01:09,921 - Epoch 24, Batch 150, lr = 0.00005, final_loss = 4.2957, nll_loss = 4.1761, ref_nll_loss = 4.4154, ivc_loss = 0.0678, neg_loss_1 = 0.0033, neg_loss_2 = 0.0033, ref_loss = 0.0111, div_loss = 0.0324, 0.630 seconds/batch
2026-04-21 04:01:46,701 - Epoch 24, Batch 200, lr = 0.00005, final_loss = 4.3002, nll_loss = 4.1830, ref_nll_loss = 4.4173, ivc_loss = 0.0701, neg_loss_1 = 0.0046, neg_loss_2 = 0.0032, ref_loss = 0.0112, div_loss = 0.0322, 0.657 seconds/batch
2026-04-21 04:02:23,421 - Epoch 24, Batch 250, lr = 0.00005, final_loss = 4.2904, nll_loss = 4.1770, ref_nll_loss = 4.4038, ivc_loss = 0.0691, neg_loss_1 = 0.0026, neg_loss_2 = 0.0028, ref_loss = 0.0128, div_loss = 0.0328, 0.672 seconds/batch
2026-04-21 04:03:00,069 - Epoch 24, Batch 300, lr = 0.00005, final_loss = 4.3111, nll_loss = 4.1957, ref_nll_loss = 4.4265, ivc_loss = 0.0678, neg_loss_1 = 0.0037, neg_loss_2 = 0.0026, ref_loss = 0.0114, div_loss = 0.0325, 0.682 seconds/batch
2026-04-21 04:03:38,276 - Epoch 24, Batch 350, lr = 0.00005, final_loss = 4.3124, nll_loss = 4.1987, ref_nll_loss = 4.4261, ivc_loss = 0.0701, neg_loss_1 = 0.0040, neg_loss_2 = 0.0016, ref_loss = 0.0125, div_loss = 0.0338, 0.694 seconds/batch
2026-04-21 04:04:21,897 - Epoch 24, Batch 400, lr = 0.00005, final_loss = 4.2971, nll_loss = 4.1796, ref_nll_loss = 4.4147, ivc_loss = 0.0661, neg_loss_1 = 0.0034, neg_loss_2 = 0.0015, ref_loss = 0.0113, div_loss = 0.0336, 0.716 seconds/batch
2026-04-21 04:05:05,541 - Epoch 24, Batch 450, lr = 0.00005, final_loss = 4.2866, nll_loss = 4.1696, ref_nll_loss = 4.4037, ivc_loss = 0.0655, neg_loss_1 = 0.0038, neg_loss_2 = 0.0028, ref_loss = 0.0095, div_loss = 0.0332, 0.734 seconds/batch
2026-04-21 04:05:48,864 - Epoch 24, Batch 500, lr = 0.00005, final_loss = 4.2890, nll_loss = 4.1728, ref_nll_loss = 4.4052, ivc_loss = 0.0692, neg_loss_1 = 0.0033, neg_loss_2 = 0.0021, ref_loss = 0.0125, div_loss = 0.0337, 0.747 seconds/batch
2026-04-21 04:06:32,452 - Epoch 24, Batch 550, lr = 0.00005, final_loss = 4.2644, nll_loss = 4.1512, ref_nll_loss = 4.3777, ivc_loss = 0.0676, neg_loss_1 = 0.0037, neg_loss_2 = 0.0026, ref_loss = 0.0111, div_loss = 0.0328, 0.758 seconds/batch
2026-04-21 04:07:16,070 - Epoch 24, Batch 600, lr = 0.00005, final_loss = 4.2871, nll_loss = 4.1730, ref_nll_loss = 4.4012, ivc_loss = 0.0682, neg_loss_1 = 0.0029, neg_loss_2 = 0.0028, ref_loss = 0.0117, div_loss = 0.0334, 0.768 seconds/batch
2026-04-21 04:07:59,687 - Epoch 24, Batch 650, lr = 0.00005, final_loss = 4.2933, nll_loss = 4.1745, ref_nll_loss = 4.4120, ivc_loss = 0.0684, neg_loss_1 = 0.0037, neg_loss_2 = 0.0027, ref_loss = 0.0110, div_loss = 0.0335, 0.776 seconds/batch
2026-04-21 04:08:43,336 - Epoch 24, Batch 700, lr = 0.00005, final_loss = 4.3015, nll_loss = 4.1876, ref_nll_loss = 4.4154, ivc_loss = 0.0739, neg_loss_1 = 0.0038, neg_loss_2 = 0.0030, ref_loss = 0.0130, div_loss = 0.0343, 0.783 seconds/batch
2026-04-21 04:09:26,978 - Epoch 24, Batch 750, lr = 0.00005, final_loss = 4.2607, nll_loss = 4.1437, ref_nll_loss = 4.3777, ivc_loss = 0.0710, neg_loss_1 = 0.0036, neg_loss_2 = 0.0023, ref_loss = 0.0120, div_loss = 0.0351, 0.789 seconds/batch
2026-04-21 04:10:10,609 - Epoch 24, Batch 800, lr = 0.00005, final_loss = 4.3281, nll_loss = 4.2120, ref_nll_loss = 4.4442, ivc_loss = 0.0719, neg_loss_1 = 0.0034, neg_loss_2 = 0.0028, ref_loss = 0.0132, div_loss = 0.0332, 0.794 seconds/batch
2026-04-21 04:10:54,210 - Epoch 24, Batch 850, lr = 0.00005, final_loss = 4.2854, nll_loss = 4.1700, ref_nll_loss = 4.4008, ivc_loss = 0.0688, neg_loss_1 = 0.0034, neg_loss_2 = 0.0019, ref_loss = 0.0125, div_loss = 0.0332, 0.799 seconds/batch
2026-04-21 04:11:37,815 - Epoch 24, Batch 900, lr = 0.00005, final_loss = 4.3171, nll_loss = 4.1966, ref_nll_loss = 4.4375, ivc_loss = 0.0674, neg_loss_1 = 0.0037, neg_loss_2 = 0.0024, ref_loss = 0.0110, div_loss = 0.0332, 0.803 seconds/batch
2026-04-21 04:12:21,382 - Epoch 24, Batch 950, lr = 0.00005, final_loss = 4.2901, nll_loss = 4.1683, ref_nll_loss = 4.4119, ivc_loss = 0.0648, neg_loss_1 = 0.0028, neg_loss_2 = 0.0025, ref_loss = 0.0103, div_loss = 0.0334, 0.806 seconds/batch
2026-04-21 04:13:04,945 - Epoch 24, Batch 1000, lr = 0.00005, final_loss = 4.3013, nll_loss = 4.1866, ref_nll_loss = 4.4161, ivc_loss = 0.0715, neg_loss_1 = 0.0033, neg_loss_2 = 0.0039, ref_loss = 0.0124, div_loss = 0.0324, 0.810 seconds/batch
2026-04-21 04:13:48,516 - Epoch 24, Batch 1050, lr = 0.00005, final_loss = 4.3144, nll_loss = 4.1993, ref_nll_loss = 4.4295, ivc_loss = 0.0688, neg_loss_1 = 0.0044, neg_loss_2 = 0.0025, ref_loss = 0.0114, div_loss = 0.0323, 0.813 seconds/batch
2026-04-21 04:14:32,143 - Epoch 24, Batch 1100, lr = 0.00005, final_loss = 4.3223, nll_loss = 4.2103, ref_nll_loss = 4.4343, ivc_loss = 0.0700, neg_loss_1 = 0.0032, neg_loss_2 = 0.0029, ref_loss = 0.0123, div_loss = 0.0332, 0.815 seconds/batch
2026-04-21 04:15:15,793 - Epoch 24, Batch 1150, lr = 0.00005, final_loss = 4.2670, nll_loss = 4.1520, ref_nll_loss = 4.3820, ivc_loss = 0.0680, neg_loss_1 = 0.0037, neg_loss_2 = 0.0030, ref_loss = 0.0113, div_loss = 0.0320, 0.818 seconds/batch
2026-04-21 04:15:33,008 - Epoch 24, Batch 1170, lr = 0.00005, final_loss = 4.2999, nll_loss = 4.1865, ref_nll_loss = 4.4133, ivc_loss = 0.0715, neg_loss_1 = 0.0042, neg_loss_2 = 0.0040, ref_loss = 0.0112, div_loss = 0.0329, 0.818 seconds/batch
2026-04-21 04:15:33,087 - save model to checkpoints/activitynet_moe_noaux_alpha1/cpl_moe2_noaux_alpha1/model-24.pt, num_updates 28080.
2026-04-21 04:19:28,176 - | R@1,mIoU 0.3289 | R@1,IoU@0.1 0.7840 | R@1,IoU@0.3 0.4397 | R@1,IoU@0.5 0.2621 | R@1,IoU@0.7 0.1286 | R@1,IoU@0.9 0.0227 | R@5,mIoU 0.5277 | R@5,IoU@0.1 0.9238 | R@5,IoU@0.3 0.7538 | R@5,IoU@0.5 0.5588 | R@5,IoU@0.7 0.3246 | R@5,IoU@0.9 0.0765 |
2026-04-21 04:19:28,176 - ============================================================
2026-04-21 04:19:28,176 - Start Epoch 25
2026-04-21 04:19:52,936 - Epoch 25, Batch 50, lr = 0.00005, final_loss = 4.3015, nll_loss = 4.1872, ref_nll_loss = 4.4159, ivc_loss = 0.0664, neg_loss_1 = 0.0040, neg_loss_2 = 0.0015, ref_loss = 0.0112, div_loss = 0.0331, 0.495 seconds/batch
2026-04-21 04:20:25,838 - Epoch 25, Batch 100, lr = 0.00005, final_loss = 4.2633, nll_loss = 4.1476, ref_nll_loss = 4.3789, ivc_loss = 0.0730, neg_loss_1 = 0.0046, neg_loss_2 = 0.0030, ref_loss = 0.0124, div_loss = 0.0330, 0.577 seconds/batch
2026-04-21 04:21:02,482 - Epoch 25, Batch 150, lr = 0.00005, final_loss = 4.2416, nll_loss = 4.1217, ref_nll_loss = 4.3616, ivc_loss = 0.0720, neg_loss_1 = 0.0051, neg_loss_2 = 0.0027, ref_loss = 0.0112, div_loss = 0.0339, 0.629 seconds/batch
2026-04-21 04:21:39,031 - Epoch 25, Batch 200, lr = 0.00005, final_loss = 4.2919, nll_loss = 4.1763, ref_nll_loss = 4.4075, ivc_loss = 0.0683, neg_loss_1 = 0.0037, neg_loss_2 = 0.0020, ref_loss = 0.0116, div_loss = 0.0338, 0.654 seconds/batch
2026-04-21 04:22:15,594 - Epoch 25, Batch 250, lr = 0.00005, final_loss = 4.3036, nll_loss = 4.1879, ref_nll_loss = 4.4192, ivc_loss = 0.0694, neg_loss_1 = 0.0031, neg_loss_2 = 0.0026, ref_loss = 0.0123, div_loss = 0.0335, 0.670 seconds/batch
2026-04-21 04:22:52,147 - Epoch 25, Batch 300, lr = 0.00005, final_loss = 4.2838, nll_loss = 4.1690, ref_nll_loss = 4.3986, ivc_loss = 0.0688, neg_loss_1 = 0.0035, neg_loss_2 = 0.0023, ref_loss = 0.0122, div_loss = 0.0329, 0.680 seconds/batch
2026-04-21 04:23:29,925 - Epoch 25, Batch 350, lr = 0.00005, final_loss = 4.2868, nll_loss = 4.1758, ref_nll_loss = 4.3978, ivc_loss = 0.0722, neg_loss_1 = 0.0041, neg_loss_2 = 0.0025, ref_loss = 0.0130, div_loss = 0.0329, 0.691 seconds/batch
2026-04-21 04:24:13,381 - Epoch 25, Batch 400, lr = 0.00005, final_loss = 4.2716, nll_loss = 4.1560, ref_nll_loss = 4.3871, ivc_loss = 0.0709, neg_loss_1 = 0.0046, neg_loss_2 = 0.0026, ref_loss = 0.0118, div_loss = 0.0329, 0.713 seconds/batch
2026-04-21 04:24:56,806 - Epoch 25, Batch 450, lr = 0.00005, final_loss = 4.2692, nll_loss = 4.1532, ref_nll_loss = 4.3853, ivc_loss = 0.0677, neg_loss_1 = 0.0031, neg_loss_2 = 0.0028, ref_loss = 0.0117, div_loss = 0.0326, 0.730 seconds/batch
2026-04-21 04:25:40,312 - Epoch 25, Batch 500, lr = 0.00005, final_loss = 4.2660, nll_loss = 4.1509, ref_nll_loss = 4.3810, ivc_loss = 0.0703, neg_loss_1 = 0.0041, neg_loss_2 = 0.0024, ref_loss = 0.0122, div_loss = 0.0328, 0.744 seconds/batch
2026-04-21 04:26:23,754 - Epoch 25, Batch 550, lr = 0.00005, final_loss = 4.3025, nll_loss = 4.1864, ref_nll_loss = 4.4187, ivc_loss = 0.0712, neg_loss_1 = 0.0035, neg_loss_2 = 0.0032, ref_loss = 0.0124, div_loss = 0.0330, 0.756 seconds/batch
2026-04-21 04:27:07,266 - Epoch 25, Batch 600, lr = 0.00005, final_loss = 4.2790, nll_loss = 4.1626, ref_nll_loss = 4.3955, ivc_loss = 0.0675, neg_loss_1 = 0.0040, neg_loss_2 = 0.0022, ref_loss = 0.0109, div_loss = 0.0333, 0.765 seconds/batch
2026-04-21 04:27:50,938 - Epoch 25, Batch 650, lr = 0.00005, final_loss = 4.2840, nll_loss = 4.1662, ref_nll_loss = 4.4018, ivc_loss = 0.0668, neg_loss_1 = 0.0027, neg_loss_2 = 0.0013, ref_loss = 0.0124, div_loss = 0.0341, 0.773 seconds/batch
2026-04-21 04:28:34,337 - Epoch 25, Batch 700, lr = 0.00005, final_loss = 4.2803, nll_loss = 4.1636, ref_nll_loss = 4.3969, ivc_loss = 0.0663, neg_loss_1 = 0.0034, neg_loss_2 = 0.0023, ref_loss = 0.0108, div_loss = 0.0333, 0.780 seconds/batch
2026-04-21 04:29:17,812 - Epoch 25, Batch 750, lr = 0.00005, final_loss = 4.3079, nll_loss = 4.1881, ref_nll_loss = 4.4277, ivc_loss = 0.0669, neg_loss_1 = 0.0041, neg_loss_2 = 0.0026, ref_loss = 0.0102, div_loss = 0.0330, 0.786 seconds/batch
2026-04-21 04:30:01,256 - Epoch 25, Batch 800, lr = 0.00005, final_loss = 4.2637, nll_loss = 4.1485, ref_nll_loss = 4.3789, ivc_loss = 0.0689, neg_loss_1 = 0.0042, neg_loss_2 = 0.0016, ref_loss = 0.0125, div_loss = 0.0323, 0.791 seconds/batch
2026-04-21 04:30:44,655 - Epoch 25, Batch 850, lr = 0.00005, final_loss = 4.3297, nll_loss = 4.2167, ref_nll_loss = 4.4426, ivc_loss = 0.0714, neg_loss_1 = 0.0033, neg_loss_2 = 0.0026, ref_loss = 0.0130, div_loss = 0.0335, 0.796 seconds/batch
2026-04-21 04:31:28,086 - Epoch 25, Batch 900, lr = 0.00005, final_loss = 4.2909, nll_loss = 4.1780, ref_nll_loss = 4.4038, ivc_loss = 0.0725, neg_loss_1 = 0.0035, neg_loss_2 = 0.0035, ref_loss = 0.0130, div_loss = 0.0324, 0.800 seconds/batch
2026-04-21 04:32:11,519 - Epoch 25, Batch 950, lr = 0.00005, final_loss = 4.2724, nll_loss = 4.1526, ref_nll_loss = 4.3923, ivc_loss = 0.0663, neg_loss_1 = 0.0033, neg_loss_2 = 0.0023, ref_loss = 0.0112, div_loss = 0.0329, 0.804 seconds/batch
2026-04-21 04:32:55,036 - Epoch 25, Batch 1000, lr = 0.00005, final_loss = 4.2802, nll_loss = 4.1639, ref_nll_loss = 4.3966, ivc_loss = 0.0677, neg_loss_1 = 0.0037, neg_loss_2 = 0.0019, ref_loss = 0.0121, div_loss = 0.0324, 0.807 seconds/batch
2026-04-21 04:33:38,489 - Epoch 25, Batch 1050, lr = 0.00005, final_loss = 4.2641, nll_loss = 4.1491, ref_nll_loss = 4.3790, ivc_loss = 0.0677, neg_loss_1 = 0.0037, neg_loss_2 = 0.0021, ref_loss = 0.0120, div_loss = 0.0322, 0.810 seconds/batch
2026-04-21 04:34:21,897 - Epoch 25, Batch 1100, lr = 0.00005, final_loss = 4.2897, nll_loss = 4.1721, ref_nll_loss = 4.4074, ivc_loss = 0.0662, neg_loss_1 = 0.0035, neg_loss_2 = 0.0023, ref_loss = 0.0111, div_loss = 0.0323, 0.812 seconds/batch
2026-04-21 04:35:05,335 - Epoch 25, Batch 1150, lr = 0.00005, final_loss = 4.2705, nll_loss = 4.1559, ref_nll_loss = 4.3852, ivc_loss = 0.0665, neg_loss_1 = 0.0033, neg_loss_2 = 0.0025, ref_loss = 0.0113, div_loss = 0.0324, 0.815 seconds/batch
2026-04-21 04:35:22,402 - Epoch 25, Batch 1170, lr = 0.00005, final_loss = 4.2809, nll_loss = 4.1600, ref_nll_loss = 4.4019, ivc_loss = 0.0634, neg_loss_1 = 0.0035, neg_loss_2 = 0.0028, ref_loss = 0.0095, div_loss = 0.0317, 0.816 seconds/batch
2026-04-21 04:35:22,481 - save model to checkpoints/activitynet_moe_noaux_alpha1/cpl_moe2_noaux_alpha1/model-25.pt, num_updates 29250.
2026-04-21 04:39:18,155 - | R@1,mIoU 0.3292 | R@1,IoU@0.1 0.7886 | R@1,IoU@0.3 0.4420 | R@1,IoU@0.5 0.2595 | R@1,IoU@0.7 0.1279 | R@1,IoU@0.9 0.0238 | R@5,mIoU 0.5181 | R@5,IoU@0.1 0.9187 | R@5,IoU@0.3 0.7392 | R@5,IoU@0.5 0.5398 | R@5,IoU@0.7 0.3140 | R@5,IoU@0.9 0.0769 |
2026-04-21 04:39:18,155 - ============================================================
2026-04-21 04:39:18,155 - Start Epoch 26
2026-04-21 04:39:42,561 - Epoch 26, Batch 50, lr = 0.00005, final_loss = 4.2498, nll_loss = 4.1314, ref_nll_loss = 4.3681, ivc_loss = 0.0669, neg_loss_1 = 0.0033, neg_loss_2 = 0.0023, ref_loss = 0.0115, div_loss = 0.0327, 0.488 seconds/batch
2026-04-21 04:40:15,340 - Epoch 26, Batch 100, lr = 0.00005, final_loss = 4.2340, nll_loss = 4.1198, ref_nll_loss = 4.3482, ivc_loss = 0.0730, neg_loss_1 = 0.0047, neg_loss_2 = 0.0030, ref_loss = 0.0124, div_loss = 0.0329, 0.572 seconds/batch
2026-04-21 04:40:52,009 - Epoch 26, Batch 150, lr = 0.00005, final_loss = 4.2837, nll_loss = 4.1666, ref_nll_loss = 4.4007, ivc_loss = 0.0707, neg_loss_1 = 0.0039, neg_loss_2 = 0.0027, ref_loss = 0.0121, div_loss = 0.0332, 0.626 seconds/batch
2026-04-21 04:41:28,677 - Epoch 26, Batch 200, lr = 0.00005, final_loss = 4.2788, nll_loss = 4.1631, ref_nll_loss = 4.3946, ivc_loss = 0.0686, neg_loss_1 = 0.0031, neg_loss_2 = 0.0024, ref_loss = 0.0124, div_loss = 0.0329, 0.653 seconds/batch
2026-04-21 04:42:05,353 - Epoch 26, Batch 250, lr = 0.00005, final_loss = 4.2358, nll_loss = 4.1213, ref_nll_loss = 4.3503, ivc_loss = 0.0715, neg_loss_1 = 0.0040, neg_loss_2 = 0.0029, ref_loss = 0.0122, div_loss = 0.0333, 0.669 seconds/batch
2026-04-21 04:42:41,989 - Epoch 26, Batch 300, lr = 0.00005, final_loss = 4.2487, nll_loss = 4.1318, ref_nll_loss = 4.3656, ivc_loss = 0.0712, neg_loss_1 = 0.0033, neg_loss_2 = 0.0019, ref_loss = 0.0133, div_loss = 0.0342, 0.679 seconds/batch
2026-04-21 04:43:19,773 - Epoch 26, Batch 350, lr = 0.00005, final_loss = 4.2811, nll_loss = 4.1681, ref_nll_loss = 4.3942, ivc_loss = 0.0687, neg_loss_1 = 0.0022, neg_loss_2 = 0.0016, ref_loss = 0.0140, div_loss = 0.0330, 0.690 seconds/batch
2026-04-21 04:44:03,213 - Epoch 26, Batch 400, lr = 0.00005, final_loss = 4.2686, nll_loss = 4.1536, ref_nll_loss = 4.3836, ivc_loss = 0.0691, neg_loss_1 = 0.0032, neg_loss_2 = 0.0031, ref_loss = 0.0120, div_loss = 0.0324, 0.713 seconds/batch
2026-04-21 04:44:46,661 - Epoch 26, Batch 450, lr = 0.00005, final_loss = 4.2624, nll_loss = 4.1471, ref_nll_loss = 4.3778, ivc_loss = 0.0705, neg_loss_1 = 0.0036, neg_loss_2 = 0.0018, ref_loss = 0.0133, div_loss = 0.0330, 0.730 seconds/batch
2026-04-21 04:45:30,083 - Epoch 26, Batch 500, lr = 0.00005, final_loss = 4.2566, nll_loss = 4.1397, ref_nll_loss = 4.3736, ivc_loss = 0.0682, neg_loss_1 = 0.0037, neg_loss_2 = 0.0022, ref_loss = 0.0123, div_loss = 0.0319, 0.744 seconds/batch
2026-04-21 04:46:13,483 - Epoch 26, Batch 550, lr = 0.00005, final_loss = 4.2266, nll_loss = 4.1106, ref_nll_loss = 4.3426, ivc_loss = 0.0704, neg_loss_1 = 0.0034, neg_loss_2 = 0.0029, ref_loss = 0.0126, div_loss = 0.0326, 0.755 seconds/batch
2026-04-21 04:46:56,864 - Epoch 26, Batch 600, lr = 0.00005, final_loss = 4.2759, nll_loss = 4.1583, ref_nll_loss = 4.3935, ivc_loss = 0.0700, neg_loss_1 = 0.0031, neg_loss_2 = 0.0030, ref_loss = 0.0128, div_loss = 0.0324, 0.765 seconds/batch
2026-04-21 04:47:40,200 - Epoch 26, Batch 650, lr = 0.00005, final_loss = 4.2768, nll_loss = 4.1632, ref_nll_loss = 4.3904, ivc_loss = 0.0694, neg_loss_1 = 0.0040, neg_loss_2 = 0.0023, ref_loss = 0.0120, div_loss = 0.0327, 0.772 seconds/batch
2026-04-21 04:48:23,614 - Epoch 26, Batch 700, lr = 0.00005, final_loss = 4.2937, nll_loss = 4.1776, ref_nll_loss = 4.4098, ivc_loss = 0.0664, neg_loss_1 = 0.0038, neg_loss_2 = 0.0018, ref_loss = 0.0114, div_loss = 0.0324, 0.779 seconds/batch
2026-04-21 04:49:07,045 - Epoch 26, Batch 750, lr = 0.00005, final_loss = 4.2805, nll_loss = 4.1652, ref_nll_loss = 4.3957, ivc_loss = 0.0693, neg_loss_1 = 0.0039, neg_loss_2 = 0.0025, ref_loss = 0.0120, div_loss = 0.0326, 0.785 seconds/batch
2026-04-21 04:49:50,487 - Epoch 26, Batch 800, lr = 0.00005, final_loss = 4.2503, nll_loss = 4.1324, ref_nll_loss = 4.3683, ivc_loss = 0.0679, neg_loss_1 = 0.0041, neg_loss_2 = 0.0024, ref_loss = 0.0113, div_loss = 0.0324, 0.790 seconds/batch
2026-04-21 04:50:33,979 - Epoch 26, Batch 850, lr = 0.00005, final_loss = 4.2952, nll_loss = 4.1768, ref_nll_loss = 4.4137, ivc_loss = 0.0680, neg_loss_1 = 0.0031, neg_loss_2 = 0.0027, ref_loss = 0.0121, div_loss = 0.0322, 0.795 seconds/batch
2026-04-21 04:51:17,533 - Epoch 26, Batch 900, lr = 0.00005, final_loss = 4.2735, nll_loss = 4.1554, ref_nll_loss = 4.3916, ivc_loss = 0.0654, neg_loss_1 = 0.0035, neg_loss_2 = 0.0020, ref_loss = 0.0110, div_loss = 0.0323, 0.799 seconds/batch
2026-04-21 04:52:01,063 - Epoch 26, Batch 950, lr = 0.00005, final_loss = 4.2426, nll_loss = 4.1240, ref_nll_loss = 4.3613, ivc_loss = 0.0689, neg_loss_1 = 0.0030, neg_loss_2 = 0.0034, ref_loss = 0.0121, div_loss = 0.0319, 0.803 seconds/batch
2026-04-21 04:52:44,610 - Epoch 26, Batch 1000, lr = 0.00005, final_loss = 4.2727, nll_loss = 4.1567, ref_nll_loss = 4.3886, ivc_loss = 0.0714, neg_loss_1 = 0.0029, neg_loss_2 = 0.0024, ref_loss = 0.0143, div_loss = 0.0322, 0.806 seconds/batch
2026-04-21 04:53:28,218 - Epoch 26, Batch 1050, lr = 0.00005, final_loss = 4.3036, nll_loss = 4.1857, ref_nll_loss = 4.4215, ivc_loss = 0.0647, neg_loss_1 = 0.0030, neg_loss_2 = 0.0023, ref_loss = 0.0110, div_loss = 0.0321, 0.810 seconds/batch
2026-04-21 04:54:12,048 - Epoch 26, Batch 1100, lr = 0.00005, final_loss = 4.2456, nll_loss = 4.1272, ref_nll_loss = 4.3639, ivc_loss = 0.0668, neg_loss_1 = 0.0035, neg_loss_2 = 0.0023, ref_loss = 0.0113, div_loss = 0.0326, 0.813 seconds/batch
2026-04-21 04:54:55,923 - Epoch 26, Batch 1150, lr = 0.00005, final_loss = 4.2886, nll_loss = 4.1713, ref_nll_loss = 4.4059, ivc_loss = 0.0698, neg_loss_1 = 0.0046, neg_loss_2 = 0.0026, ref_loss = 0.0118, div_loss = 0.0317, 0.815 seconds/batch
2026-04-21 04:55:13,142 - Epoch 26, Batch 1170, lr = 0.00005, final_loss = 4.2656, nll_loss = 4.1439, ref_nll_loss = 4.3873, ivc_loss = 0.0613, neg_loss_1 = 0.0027, neg_loss_2 = 0.0037, ref_loss = 0.0087, div_loss = 0.0312, 0.816 seconds/batch
2026-04-21 04:55:13,217 - save model to checkpoints/activitynet_moe_noaux_alpha1/cpl_moe2_noaux_alpha1/model-26.pt, num_updates 30420.
2026-04-21 04:59:09,545 - | R@1,mIoU 0.3293 | R@1,IoU@0.1 0.7873 | R@1,IoU@0.3 0.4400 | R@1,IoU@0.5 0.2579 | R@1,IoU@0.7 0.1286 | R@1,IoU@0.9 0.0242 | R@5,mIoU 0.5231 | R@5,IoU@0.1 0.9208 | R@5,IoU@0.3 0.7476 | R@5,IoU@0.5 0.5485 | R@5,IoU@0.7 0.3204 | R@5,IoU@0.9 0.0774 |
2026-04-21 04:59:09,545 - ============================================================
2026-04-21 04:59:09,545 - Start Epoch 27
2026-04-21 04:59:33,939 - Epoch 27, Batch 50, lr = 0.00005, final_loss = 4.2118, nll_loss = 4.0928, ref_nll_loss = 4.3308, ivc_loss = 0.0652, neg_loss_1 = 0.0033, neg_loss_2 = 0.0015, ref_loss = 0.0124, div_loss = 0.0310, 0.488 seconds/batch
2026-04-21 05:00:06,353 - Epoch 27, Batch 100, lr = 0.00005, final_loss = 4.2615, nll_loss = 4.1437, ref_nll_loss = 4.3794, ivc_loss = 0.0640, neg_loss_1 = 0.0037, neg_loss_2 = 0.0019, ref_loss = 0.0107, div_loss = 0.0312, 0.568 seconds/batch
2026-04-21 05:00:43,078 - Epoch 27, Batch 150, lr = 0.00005, final_loss = 4.2921, nll_loss = 4.1729, ref_nll_loss = 4.4112, ivc_loss = 0.0692, neg_loss_1 = 0.0030, neg_loss_2 = 0.0028, ref_loss = 0.0130, div_loss = 0.0317, 0.624 seconds/batch
2026-04-21 05:01:19,705 - Epoch 27, Batch 200, lr = 0.00005, final_loss = 4.2236, nll_loss = 4.1055, ref_nll_loss = 4.3416, ivc_loss = 0.0654, neg_loss_1 = 0.0022, neg_loss_2 = 0.0026, ref_loss = 0.0116, div_loss = 0.0325, 0.651 seconds/batch
2026-04-21 05:01:56,374 - Epoch 27, Batch 250, lr = 0.00005, final_loss = 4.2507, nll_loss = 4.1307, ref_nll_loss = 4.3706, ivc_loss = 0.0615, neg_loss_1 = 0.0030, neg_loss_2 = 0.0021, ref_loss = 0.0095, div_loss = 0.0322, 0.667 seconds/batch
2026-04-21 05:02:33,078 - Epoch 27, Batch 300, lr = 0.00005, final_loss = 4.2563, nll_loss = 4.1416, ref_nll_loss = 4.3710, ivc_loss = 0.0686, neg_loss_1 = 0.0037, neg_loss_2 = 0.0019, ref_loss = 0.0130, div_loss = 0.0315, 0.678 seconds/batch
2026-04-21 05:03:10,486 - Epoch 27, Batch 350, lr = 0.00005, final_loss = 4.2519, nll_loss = 4.1354, ref_nll_loss = 4.3683, ivc_loss = 0.0705, neg_loss_1 = 0.0036, neg_loss_2 = 0.0017, ref_loss = 0.0137, div_loss = 0.0326, 0.688 seconds/batch
2026-04-21 05:03:54,062 - Epoch 27, Batch 400, lr = 0.00005, final_loss = 4.2629, nll_loss = 4.1433, ref_nll_loss = 4.3825, ivc_loss = 0.0688, neg_loss_1 = 0.0030, neg_loss_2 = 0.0023, ref_loss = 0.0125, div_loss = 0.0330, 0.711 seconds/batch
2026-04-21 05:04:37,631 - Epoch 27, Batch 450, lr = 0.00005, final_loss = 4.2527, nll_loss = 4.1348, ref_nll_loss = 4.3707, ivc_loss = 0.0677, neg_loss_1 = 0.0032, neg_loss_2 = 0.0026, ref_loss = 0.0119, div_loss = 0.0323, 0.729 seconds/batch
2026-04-21 05:05:21,167 - Epoch 27, Batch 500, lr = 0.00005, final_loss = 4.2412, nll_loss = 4.1233, ref_nll_loss = 4.3591, ivc_loss = 0.0687, neg_loss_1 = 0.0032, neg_loss_2 = 0.0031, ref_loss = 0.0119, div_loss = 0.0324, 0.743 seconds/batch
2026-04-21 05:06:04,654 - Epoch 27, Batch 550, lr = 0.00005, final_loss = 4.2671, nll_loss = 4.1480, ref_nll_loss = 4.3861, ivc_loss = 0.0669, neg_loss_1 = 0.0037, neg_loss_2 = 0.0027, ref_loss = 0.0109, div_loss = 0.0322, 0.755 seconds/batch
2026-04-21 05:06:48,123 - Epoch 27, Batch 600, lr = 0.00005, final_loss = 4.2490, nll_loss = 4.1308, ref_nll_loss = 4.3673, ivc_loss = 0.0661, neg_loss_1 = 0.0036, neg_loss_2 = 0.0018, ref_loss = 0.0113, div_loss = 0.0326, 0.764 seconds/batch
2026-04-21 05:07:31,713 - Epoch 27, Batch 650, lr = 0.00005, final_loss = 4.2400, nll_loss = 4.1231, ref_nll_loss = 4.3569, ivc_loss = 0.0684, neg_loss_1 = 0.0038, neg_loss_2 = 0.0021, ref_loss = 0.0118, div_loss = 0.0330, 0.773 seconds/batch
2026-04-21 05:08:15,311 - Epoch 27, Batch 700, lr = 0.00005, final_loss = 4.2422, nll_loss = 4.1256, ref_nll_loss = 4.3588, ivc_loss = 0.0694, neg_loss_1 = 0.0033, neg_loss_2 = 0.0021, ref_loss = 0.0126, div_loss = 0.0334, 0.780 seconds/batch
2026-04-21 05:08:58,905 - Epoch 27, Batch 750, lr = 0.00005, final_loss = 4.2727, nll_loss = 4.1556, ref_nll_loss = 4.3898, ivc_loss = 0.0681, neg_loss_1 = 0.0027, neg_loss_2 = 0.0027, ref_loss = 0.0122, div_loss = 0.0329, 0.786 seconds/batch
2026-04-21 05:09:42,557 - Epoch 27, Batch 800, lr = 0.00005, final_loss = 4.2335, nll_loss = 4.1169, ref_nll_loss = 4.3502, ivc_loss = 0.0659, neg_loss_1 = 0.0038, neg_loss_2 = 0.0016, ref_loss = 0.0113, div_loss = 0.0324, 0.791 seconds/batch
2026-04-21 05:10:26,229 - Epoch 27, Batch 850, lr = 0.00005, final_loss = 4.2476, nll_loss = 4.1326, ref_nll_loss = 4.3626, ivc_loss = 0.0667, neg_loss_1 = 0.0026, neg_loss_2 = 0.0022, ref_loss = 0.0121, div_loss = 0.0330, 0.796 seconds/batch
2026-04-21 05:11:10,177 - Epoch 27, Batch 900, lr = 0.00005, final_loss = 4.2534, nll_loss = 4.1376, ref_nll_loss = 4.3692, ivc_loss = 0.0686, neg_loss_1 = 0.0036, neg_loss_2 = 0.0018, ref_loss = 0.0125, div_loss = 0.0327, 0.801 seconds/batch
2026-04-21 05:11:54,072 - Epoch 27, Batch 950, lr = 0.00005, final_loss = 4.2430, nll_loss = 4.1259, ref_nll_loss = 4.3601, ivc_loss = 0.0684, neg_loss_1 = 0.0030, neg_loss_2 = 0.0026, ref_loss = 0.0123, div_loss = 0.0326, 0.805 seconds/batch
2026-04-21 05:12:37,997 - Epoch 27, Batch 1000, lr = 0.00005, final_loss = 4.2911, nll_loss = 4.1719, ref_nll_loss = 4.4104, ivc_loss = 0.0652, neg_loss_1 = 0.0028, neg_loss_2 = 0.0021, ref_loss = 0.0110, div_loss = 0.0331, 0.808 seconds/batch
2026-04-21 05:13:21,862 - Epoch 27, Batch 1050, lr = 0.00005, final_loss = 4.2495, nll_loss = 4.1332, ref_nll_loss = 4.3657, ivc_loss = 0.0660, neg_loss_1 = 0.0039, neg_loss_2 = 0.0020, ref_loss = 0.0110, div_loss = 0.0320, 0.812 seconds/batch
2026-04-21 05:14:05,776 - Epoch 27, Batch 1100, lr = 0.00005, final_loss = 4.2472, nll_loss = 4.1302, ref_nll_loss = 4.3642, ivc_loss = 0.0689, neg_loss_1 = 0.0032, neg_loss_2 = 0.0022, ref_loss = 0.0129, div_loss = 0.0323, 0.815 seconds/batch
2026-04-21 05:14:49,747 - Epoch 27, Batch 1150, lr = 0.00005, final_loss = 4.2802, nll_loss = 4.1589, ref_nll_loss = 4.4016, ivc_loss = 0.0657, neg_loss_1 = 0.0026, neg_loss_2 = 0.0023, ref_loss = 0.0112, div_loss = 0.0334, 0.818 seconds/batch
2026-04-21 05:15:07,164 - Epoch 27, Batch 1170, lr = 0.00005, final_loss = 4.2387, nll_loss = 4.1256, ref_nll_loss = 4.3517, ivc_loss = 0.0712, neg_loss_1 = 0.0043, neg_loss_2 = 0.0022, ref_loss = 0.0130, div_loss = 0.0323, 0.818 seconds/batch
2026-04-21 05:15:07,238 - save model to checkpoints/activitynet_moe_noaux_alpha1/cpl_moe2_noaux_alpha1/model-27.pt, num_updates 31590.
2026-04-21 05:19:03,154 - | R@1,mIoU 0.3293 | R@1,IoU@0.1 0.7873 | R@1,IoU@0.3 0.4374 | R@1,IoU@0.5 0.2590 | R@1,IoU@0.7 0.1278 | R@1,IoU@0.9 0.0267 | R@5,mIoU 0.5229 | R@5,IoU@0.1 0.9214 | R@5,IoU@0.3 0.7455 | R@5,IoU@0.5 0.5471 | R@5,IoU@0.7 0.3202 | R@5,IoU@0.9 0.0782 |
2026-04-21 05:19:03,154 - ============================================================
2026-04-21 05:19:03,155 - Start Epoch 28
2026-04-21 05:19:27,456 - Epoch 28, Batch 50, lr = 0.00004, final_loss = 4.2509, nll_loss = 4.1322, ref_nll_loss = 4.3695, ivc_loss = 0.0665, neg_loss_1 = 0.0032, neg_loss_2 = 0.0017, ref_loss = 0.0118, div_loss = 0.0329, 0.486 seconds/batch
2026-04-21 05:19:59,633 - Epoch 28, Batch 100, lr = 0.00004, final_loss = 4.2139, nll_loss = 4.0962, ref_nll_loss = 4.3315, ivc_loss = 0.0670, neg_loss_1 = 0.0032, neg_loss_2 = 0.0019, ref_loss = 0.0116, div_loss = 0.0338, 0.565 seconds/batch
2026-04-21 05:20:36,298 - Epoch 28, Batch 150, lr = 0.00004, final_loss = 4.2074, nll_loss = 4.0912, ref_nll_loss = 4.3236, ivc_loss = 0.0665, neg_loss_1 = 0.0029, neg_loss_2 = 0.0018, ref_loss = 0.0120, div_loss = 0.0331, 0.621 seconds/batch
2026-04-21 05:21:12,935 - Epoch 28, Batch 200, lr = 0.00004, final_loss = 4.2159, nll_loss = 4.0988, ref_nll_loss = 4.3330, ivc_loss = 0.0640, neg_loss_1 = 0.0029, neg_loss_2 = 0.0013, ref_loss = 0.0117, div_loss = 0.0322, 0.649 seconds/batch
2026-04-21 05:21:49,592 - Epoch 28, Batch 250, lr = 0.00004, final_loss = 4.2839, nll_loss = 4.1652, ref_nll_loss = 4.4027, ivc_loss = 0.0684, neg_loss_1 = 0.0029, neg_loss_2 = 0.0031, ref_loss = 0.0117, div_loss = 0.0330, 0.666 seconds/batch
2026-04-21 05:22:26,242 - Epoch 28, Batch 300, lr = 0.00004, final_loss = 4.2225, nll_loss = 4.1061, ref_nll_loss = 4.3389, ivc_loss = 0.0696, neg_loss_1 = 0.0031, neg_loss_2 = 0.0024, ref_loss = 0.0126, div_loss = 0.0336, 0.677 seconds/batch
2026-04-21 05:23:03,893 - Epoch 28, Batch 350, lr = 0.00004, final_loss = 4.2244, nll_loss = 4.1084, ref_nll_loss = 4.3404, ivc_loss = 0.0706, neg_loss_1 = 0.0037, neg_loss_2 = 0.0032, ref_loss = 0.0123, div_loss = 0.0323, 0.688 seconds/batch
2026-04-21 05:23:47,430 - Epoch 28, Batch 400, lr = 0.00004, final_loss = 4.2296, nll_loss = 4.1096, ref_nll_loss = 4.3495, ivc_loss = 0.0672, neg_loss_1 = 0.0028, neg_loss_2 = 0.0023, ref_loss = 0.0124, div_loss = 0.0320, 0.711 seconds/batch
2026-04-21 05:24:30,877 - Epoch 28, Batch 450, lr = 0.00004, final_loss = 4.2554, nll_loss = 4.1428, ref_nll_loss = 4.3679, ivc_loss = 0.0698, neg_loss_1 = 0.0030, neg_loss_2 = 0.0025, ref_loss = 0.0136, div_loss = 0.0315, 0.728 seconds/batch
2026-04-21 05:25:14,475 - Epoch 28, Batch 500, lr = 0.00004, final_loss = 4.2379, nll_loss = 4.1208, ref_nll_loss = 4.3549, ivc_loss = 0.0593, neg_loss_1 = 0.0020, neg_loss_2 = 0.0020, ref_loss = 0.0099, div_loss = 0.0315, 0.743 seconds/batch
2026-04-21 05:25:58,071 - Epoch 28, Batch 550, lr = 0.00004, final_loss = 4.2450, nll_loss = 4.1291, ref_nll_loss = 4.3608, ivc_loss = 0.0671, neg_loss_1 = 0.0050, neg_loss_2 = 0.0018, ref_loss = 0.0111, div_loss = 0.0314, 0.754 seconds/batch
2026-04-21 05:26:41,667 - Epoch 28, Batch 600, lr = 0.00004, final_loss = 4.2531, nll_loss = 4.1401, ref_nll_loss = 4.3661, ivc_loss = 0.0677, neg_loss_1 = 0.0037, neg_loss_2 = 0.0020, ref_loss = 0.0121, div_loss = 0.0322, 0.764 seconds/batch
2026-04-21 05:27:25,219 - Epoch 28, Batch 650, lr = 0.00004, final_loss = 4.2313, nll_loss = 4.1124, ref_nll_loss = 4.3502, ivc_loss = 0.0625, neg_loss_1 = 0.0036, neg_loss_2 = 0.0014, ref_loss = 0.0102, div_loss = 0.0321, 0.772 seconds/batch
2026-04-21 05:28:08,865 - Epoch 28, Batch 700, lr = 0.00004, final_loss = 4.2440, nll_loss = 4.1280, ref_nll_loss = 4.3600, ivc_loss = 0.0675, neg_loss_1 = 0.0036, neg_loss_2 = 0.0025, ref_loss = 0.0119, div_loss = 0.0316, 0.780 seconds/batch
2026-04-21 05:28:52,499 - Epoch 28, Batch 750, lr = 0.00004, final_loss = 4.2048, nll_loss = 4.0846, ref_nll_loss = 4.3251, ivc_loss = 0.0618, neg_loss_1 = 0.0030, neg_loss_2 = 0.0021, ref_loss = 0.0100, div_loss = 0.0316, 0.786 seconds/batch
2026-04-21 05:29:36,119 - Epoch 28, Batch 800, lr = 0.00004, final_loss = 4.2217, nll_loss = 4.1020, ref_nll_loss = 4.3413, ivc_loss = 0.0662, neg_loss_1 = 0.0038, neg_loss_2 = 0.0024, ref_loss = 0.0111, div_loss = 0.0315, 0.791 seconds/batch
2026-04-21 05:30:19,692 - Epoch 28, Batch 850, lr = 0.00004, final_loss = 4.2296, nll_loss = 4.1115, ref_nll_loss = 4.3476, ivc_loss = 0.0650, neg_loss_1 = 0.0031, neg_loss_2 = 0.0016, ref_loss = 0.0117, div_loss = 0.0321, 0.796 seconds/batch
2026-04-21 05:31:03,297 - Epoch 28, Batch 900, lr = 0.00004, final_loss = 4.2487, nll_loss = 4.1306, ref_nll_loss = 4.3667, ivc_loss = 0.0687, neg_loss_1 = 0.0041, neg_loss_2 = 0.0031, ref_loss = 0.0108, div_loss = 0.0326, 0.800 seconds/batch
2026-04-21 05:31:46,881 - Epoch 28, Batch 950, lr = 0.00004, final_loss = 4.2204, nll_loss = 4.1026, ref_nll_loss = 4.3383, ivc_loss = 0.0666, neg_loss_1 = 0.0036, neg_loss_2 = 0.0027, ref_loss = 0.0107, div_loss = 0.0327, 0.804 seconds/batch
2026-04-21 05:32:30,545 - Epoch 28, Batch 1000, lr = 0.00004, final_loss = 4.2828, nll_loss = 4.1640, ref_nll_loss = 4.4017, ivc_loss = 0.0672, neg_loss_1 = 0.0040, neg_loss_2 = 0.0026, ref_loss = 0.0110, div_loss = 0.0323, 0.807 seconds/batch
2026-04-21 05:33:14,171 - Epoch 28, Batch 1050, lr = 0.00004, final_loss = 4.2266, nll_loss = 4.1069, ref_nll_loss = 4.3464, ivc_loss = 0.0670, neg_loss_1 = 0.0035, neg_loss_2 = 0.0029, ref_loss = 0.0114, div_loss = 0.0314, 0.810 seconds/batch
2026-04-21 05:33:57,738 - Epoch 28, Batch 1100, lr = 0.00004, final_loss = 4.2619, nll_loss = 4.1448, ref_nll_loss = 4.3789, ivc_loss = 0.0669, neg_loss_1 = 0.0037, neg_loss_2 = 0.0026, ref_loss = 0.0113, div_loss = 0.0316, 0.813 seconds/batch
2026-04-21 05:34:41,325 - Epoch 28, Batch 1150, lr = 0.00004, final_loss = 4.2633, nll_loss = 4.1426, ref_nll_loss = 4.3839, ivc_loss = 0.0672, neg_loss_1 = 0.0036, neg_loss_2 = 0.0025, ref_loss = 0.0115, div_loss = 0.0319, 0.816 seconds/batch
2026-04-21 05:34:58,366 - Epoch 28, Batch 1170, lr = 0.00004, final_loss = 4.2571, nll_loss = 4.1394, ref_nll_loss = 4.3748, ivc_loss = 0.0659, neg_loss_1 = 0.0034, neg_loss_2 = 0.0026, ref_loss = 0.0113, div_loss = 0.0313, 0.816 seconds/batch
2026-04-21 05:34:58,443 - save model to checkpoints/activitynet_moe_noaux_alpha1/cpl_moe2_noaux_alpha1/model-28.pt, num_updates 32760.
2026-04-21 05:38:54,510 - | R@1,mIoU 0.3291 | R@1,IoU@0.1 0.7859 | R@1,IoU@0.3 0.4391 | R@1,IoU@0.5 0.2589 | R@1,IoU@0.7 0.1288 | R@1,IoU@0.9 0.0245 | R@5,mIoU 0.5237 | R@5,IoU@0.1 0.9197 | R@5,IoU@0.3 0.7476 | R@5,IoU@0.5 0.5506 | R@5,IoU@0.7 0.3240 | R@5,IoU@0.9 0.0786 |
2026-04-21 05:38:54,510 - ============================================================
2026-04-21 05:38:54,510 - Start Epoch 29
2026-04-21 05:39:18,678 - Epoch 29, Batch 50, lr = 0.00004, final_loss = 4.2162, nll_loss = 4.0963, ref_nll_loss = 4.3361, ivc_loss = 0.0669, neg_loss_1 = 0.0031, neg_loss_2 = 0.0021, ref_loss = 0.0122, div_loss = 0.0320, 0.483 seconds/batch
2026-04-21 05:39:50,715 - Epoch 29, Batch 100, lr = 0.00004, final_loss = 4.1990, nll_loss = 4.0806, ref_nll_loss = 4.3173, ivc_loss = 0.0661, neg_loss_1 = 0.0028, neg_loss_2 = 0.0025, ref_loss = 0.0118, div_loss = 0.0318, 0.562 seconds/batch
2026-04-21 05:40:27,364 - Epoch 29, Batch 150, lr = 0.00004, final_loss = 4.2246, nll_loss = 4.1069, ref_nll_loss = 4.3422, ivc_loss = 0.0659, neg_loss_1 = 0.0033, neg_loss_2 = 0.0024, ref_loss = 0.0113, div_loss = 0.0318, 0.619 seconds/batch
2026-04-21 05:41:04,305 - Epoch 29, Batch 200, lr = 0.00004, final_loss = 4.2435, nll_loss = 4.1241, ref_nll_loss = 4.3630, ivc_loss = 0.0660, neg_loss_1 = 0.0025, neg_loss_2 = 0.0020, ref_loss = 0.0124, div_loss = 0.0322, 0.649 seconds/batch
2026-04-21 05:41:41,049 - Epoch 29, Batch 250, lr = 0.00004, final_loss = 4.1988, nll_loss = 4.0818, ref_nll_loss = 4.3157, ivc_loss = 0.0668, neg_loss_1 = 0.0037, neg_loss_2 = 0.0029, ref_loss = 0.0109, div_loss = 0.0319, 0.666 seconds/batch
2026-04-21 05:42:17,769 - Epoch 29, Batch 300, lr = 0.00004, final_loss = 4.2283, nll_loss = 4.1085, ref_nll_loss = 4.3481, ivc_loss = 0.0666, neg_loss_1 = 0.0036, neg_loss_2 = 0.0014, ref_loss = 0.0124, div_loss = 0.0316, 0.678 seconds/batch
2026-04-21 05:42:55,380 - Epoch 29, Batch 350, lr = 0.00004, final_loss = 4.2086, nll_loss = 4.0868, ref_nll_loss = 4.3304, ivc_loss = 0.0659, neg_loss_1 = 0.0031, neg_loss_2 = 0.0025, ref_loss = 0.0114, div_loss = 0.0318, 0.688 seconds/batch
2026-04-21 05:43:38,811 - Epoch 29, Batch 400, lr = 0.00004, final_loss = 4.2189, nll_loss = 4.1009, ref_nll_loss = 4.3369, ivc_loss = 0.0659, neg_loss_1 = 0.0027, neg_loss_2 = 0.0020, ref_loss = 0.0119, div_loss = 0.0324, 0.711 seconds/batch
2026-04-21 05:44:22,404 - Epoch 29, Batch 450, lr = 0.00004, final_loss = 4.2327, nll_loss = 4.1104, ref_nll_loss = 4.3549, ivc_loss = 0.0648, neg_loss_1 = 0.0028, neg_loss_2 = 0.0022, ref_loss = 0.0112, div_loss = 0.0323, 0.729 seconds/batch
2026-04-21 05:45:05,999 - Epoch 29, Batch 500, lr = 0.00004, final_loss = 4.2482, nll_loss = 4.1310, ref_nll_loss = 4.3655, ivc_loss = 0.0689, neg_loss_1 = 0.0023, neg_loss_2 = 0.0025, ref_loss = 0.0138, div_loss = 0.0318, 0.743 seconds/batch
2026-04-21 05:45:49,597 - Epoch 29, Batch 550, lr = 0.00004, final_loss = 4.2186, nll_loss = 4.1023, ref_nll_loss = 4.3349, ivc_loss = 0.0675, neg_loss_1 = 0.0029, neg_loss_2 = 0.0022, ref_loss = 0.0123, div_loss = 0.0326, 0.755 seconds/batch
2026-04-21 05:46:33,165 - Epoch 29, Batch 600, lr = 0.00004, final_loss = 4.2112, nll_loss = 4.0932, ref_nll_loss = 4.3292, ivc_loss = 0.0677, neg_loss_1 = 0.0038, neg_loss_2 = 0.0028, ref_loss = 0.0111, div_loss = 0.0323, 0.764 seconds/batch
2026-04-21 05:47:16,738 - Epoch 29, Batch 650, lr = 0.00004, final_loss = 4.2120, nll_loss = 4.0927, ref_nll_loss = 4.3314, ivc_loss = 0.0717, neg_loss_1 = 0.0049, neg_loss_2 = 0.0023, ref_loss = 0.0124, div_loss = 0.0327, 0.773 seconds/batch
2026-04-21 05:48:00,283 - Epoch 29, Batch 700, lr = 0.00004, final_loss = 4.2399, nll_loss = 4.1198, ref_nll_loss = 4.3599, ivc_loss = 0.0633, neg_loss_1 = 0.0022, neg_loss_2 = 0.0020, ref_loss = 0.0108, div_loss = 0.0334, 0.780 seconds/batch
2026-04-21 05:48:43,904 - Epoch 29, Batch 750, lr = 0.00004, final_loss = 4.2335, nll_loss = 4.1137, ref_nll_loss = 4.3533, ivc_loss = 0.0667, neg_loss_1 = 0.0033, neg_loss_2 = 0.0022, ref_loss = 0.0115, div_loss = 0.0326, 0.786 seconds/batch
2026-04-21 05:49:27,478 - Epoch 29, Batch 800, lr = 0.00004, final_loss = 4.2181, nll_loss = 4.0997, ref_nll_loss = 4.3365, ivc_loss = 0.0678, neg_loss_1 = 0.0034, neg_loss_2 = 0.0023, ref_loss = 0.0121, div_loss = 0.0321, 0.791 seconds/batch
2026-04-21 05:50:10,936 - Epoch 29, Batch 850, lr = 0.00004, final_loss = 4.2282, nll_loss = 4.1081, ref_nll_loss = 4.3484, ivc_loss = 0.0668, neg_loss_1 = 0.0041, neg_loss_2 = 0.0023, ref_loss = 0.0109, div_loss = 0.0323, 0.796 seconds/batch
2026-04-21 05:50:54,309 - Epoch 29, Batch 900, lr = 0.00004, final_loss = 4.2234, nll_loss = 4.1043, ref_nll_loss = 4.3424, ivc_loss = 0.0677, neg_loss_1 = 0.0030, neg_loss_2 = 0.0030, ref_loss = 0.0117, div_loss = 0.0323, 0.800 seconds/batch
2026-04-21 05:51:37,682 - Epoch 29, Batch 950, lr = 0.00004, final_loss = 4.2160, nll_loss = 4.0959, ref_nll_loss = 4.3360, ivc_loss = 0.0643, neg_loss_1 = 0.0030, neg_loss_2 = 0.0019, ref_loss = 0.0112, div_loss = 0.0321, 0.803 seconds/batch
2026-04-21 05:52:21,086 - Epoch 29, Batch 1000, lr = 0.00004, final_loss = 4.2772, nll_loss = 4.1536, ref_nll_loss = 4.4008, ivc_loss = 0.0663, neg_loss_1 = 0.0034, neg_loss_2 = 0.0029, ref_loss = 0.0108, div_loss = 0.0321, 0.807 seconds/batch
2026-04-21 05:53:04,472 - Epoch 29, Batch 1050, lr = 0.00004, final_loss = 4.2375, nll_loss = 4.1216, ref_nll_loss = 4.3534, ivc_loss = 0.0714, neg_loss_1 = 0.0035, neg_loss_2 = 0.0024, ref_loss = 0.0136, div_loss = 0.0323, 0.809 seconds/batch
2026-04-21 05:53:47,828 - Epoch 29, Batch 1100, lr = 0.00004, final_loss = 4.2470, nll_loss = 4.1297, ref_nll_loss = 4.3643, ivc_loss = 0.0639, neg_loss_1 = 0.0034, neg_loss_2 = 0.0017, ref_loss = 0.0108, div_loss = 0.0322, 0.812 seconds/batch
2026-04-21 05:54:31,229 - Epoch 29, Batch 1150, lr = 0.00004, final_loss = 4.2357, nll_loss = 4.1168, ref_nll_loss = 4.3546, ivc_loss = 0.0692, neg_loss_1 = 0.0045, neg_loss_2 = 0.0018, ref_loss = 0.0120, div_loss = 0.0325, 0.815 seconds/batch
2026-04-21 05:54:48,239 - Epoch 29, Batch 1170, lr = 0.00004, final_loss = 4.2760, nll_loss = 4.1532, ref_nll_loss = 4.3989, ivc_loss = 0.0596, neg_loss_1 = 0.0020, neg_loss_2 = 0.0013, ref_loss = 0.0100, div_loss = 0.0330, 0.815 seconds/batch
2026-04-21 05:54:48,315 - save model to checkpoints/activitynet_moe_noaux_alpha1/cpl_moe2_noaux_alpha1/model-29.pt, num_updates 33930.
2026-04-21 05:58:44,833 - | R@1,mIoU 0.3300 | R@1,IoU@0.1 0.7899 | R@1,IoU@0.3 0.4392 | R@1,IoU@0.5 0.2564 | R@1,IoU@0.7 0.1276 | R@1,IoU@0.9 0.0304 | R@5,mIoU 0.5205 | R@5,IoU@0.1 0.9229 | R@5,IoU@0.3 0.7425 | R@5,IoU@0.5 0.5421 | R@5,IoU@0.7 0.3154 | R@5,IoU@0.9 0.0786 |
2026-04-21 05:58:44,833 - ============================================================
2026-04-21 05:58:44,833 - Start Epoch 30
2026-04-21 05:59:09,077 - Epoch 30, Batch 50, lr = 0.00004, final_loss = 4.1854, nll_loss = 4.0653, ref_nll_loss = 4.3056, ivc_loss = 0.0617, neg_loss_1 = 0.0021, neg_loss_2 = 0.0013, ref_loss = 0.0111, div_loss = 0.0326, 0.485 seconds/batch
2026-04-21 05:59:41,052 - Epoch 30, Batch 100, lr = 0.00004, final_loss = 4.2442, nll_loss = 4.1244, ref_nll_loss = 4.3640, ivc_loss = 0.0650, neg_loss_1 = 0.0033, neg_loss_2 = 0.0024, ref_loss = 0.0106, div_loss = 0.0326, 0.562 seconds/batch
2026-04-21 06:00:17,683 - Epoch 30, Batch 150, lr = 0.00004, final_loss = 4.2078, nll_loss = 4.0866, ref_nll_loss = 4.3290, ivc_loss = 0.0635, neg_loss_1 = 0.0027, neg_loss_2 = 0.0022, ref_loss = 0.0108, div_loss = 0.0320, 0.619 seconds/batch
2026-04-21 06:00:54,384 - Epoch 30, Batch 200, lr = 0.00004, final_loss = 4.2216, nll_loss = 4.0992, ref_nll_loss = 4.3439, ivc_loss = 0.0612, neg_loss_1 = 0.0029, neg_loss_2 = 0.0019, ref_loss = 0.0097, div_loss = 0.0323, 0.648 seconds/batch
2026-04-21 06:01:31,075 - Epoch 30, Batch 250, lr = 0.00004, final_loss = 4.2286, nll_loss = 4.1096, ref_nll_loss = 4.3476, ivc_loss = 0.0685, neg_loss_1 = 0.0040, neg_loss_2 = 0.0023, ref_loss = 0.0118, div_loss = 0.0324, 0.665 seconds/batch
2026-04-21 06:02:07,743 - Epoch 30, Batch 300, lr = 0.00004, final_loss = 4.1874, nll_loss = 4.0670, ref_nll_loss = 4.3077, ivc_loss = 0.0650, neg_loss_1 = 0.0025, neg_loss_2 = 0.0026, ref_loss = 0.0112, div_loss = 0.0324, 0.676 seconds/batch
2026-04-21 06:02:45,298 - Epoch 30, Batch 350, lr = 0.00004, final_loss = 4.1987, nll_loss = 4.0824, ref_nll_loss = 4.3150, ivc_loss = 0.0734, neg_loss_1 = 0.0040, neg_loss_2 = 0.0028, ref_loss = 0.0134, div_loss = 0.0329, 0.687 seconds/batch
2026-04-21 06:03:28,893 - Epoch 30, Batch 400, lr = 0.00004, final_loss = 4.2084, nll_loss = 4.0877, ref_nll_loss = 4.3290, ivc_loss = 0.0628, neg_loss_1 = 0.0030, neg_loss_2 = 0.0021, ref_loss = 0.0101, div_loss = 0.0322, 0.710 seconds/batch
2026-04-21 06:04:12,493 - Epoch 30, Batch 450, lr = 0.00004, final_loss = 4.2105, nll_loss = 4.0910, ref_nll_loss = 4.3300, ivc_loss = 0.0667, neg_loss_1 = 0.0030, neg_loss_2 = 0.0023, ref_loss = 0.0120, div_loss = 0.0321, 0.728 seconds/batch
2026-04-21 06:04:56,076 - Epoch 30, Batch 500, lr = 0.00004, final_loss = 4.2098, nll_loss = 4.0894, ref_nll_loss = 4.3301, ivc_loss = 0.0688, neg_loss_1 = 0.0038, neg_loss_2 = 0.0027, ref_loss = 0.0119, div_loss = 0.0319, 0.742 seconds/batch
2026-04-21 06:05:39,576 - Epoch 30, Batch 550, lr = 0.00004, final_loss = 4.2447, nll_loss = 4.1218, ref_nll_loss = 4.3675, ivc_loss = 0.0645, neg_loss_1 = 0.0026, neg_loss_2 = 0.0027, ref_loss = 0.0107, div_loss = 0.0323, 0.754 seconds/batch
2026-04-21 06:06:23,084 - Epoch 30, Batch 600, lr = 0.00004, final_loss = 4.1995, nll_loss = 4.0780, ref_nll_loss = 4.3210, ivc_loss = 0.0645, neg_loss_1 = 0.0032, neg_loss_2 = 0.0023, ref_loss = 0.0107, div_loss = 0.0322, 0.764 seconds/batch
2026-04-21 06:07:06,503 - Epoch 30, Batch 650, lr = 0.00004, final_loss = 4.1951, nll_loss = 4.0770, ref_nll_loss = 4.3132, ivc_loss = 0.0627, neg_loss_1 = 0.0026, neg_loss_2 = 0.0019, ref_loss = 0.0107, div_loss = 0.0322, 0.772 seconds/batch
2026-04-21 06:07:49,907 - Epoch 30, Batch 700, lr = 0.00004, final_loss = 4.1928, nll_loss = 4.0739, ref_nll_loss = 4.3118, ivc_loss = 0.0651, neg_loss_1 = 0.0030, neg_loss_2 = 0.0020, ref_loss = 0.0116, div_loss = 0.0319, 0.779 seconds/batch
2026-04-21 06:08:33,363 - Epoch 30, Batch 750, lr = 0.00004, final_loss = 4.2314, nll_loss = 4.1103, ref_nll_loss = 4.3525, ivc_loss = 0.0696, neg_loss_1 = 0.0038, neg_loss_2 = 0.0024, ref_loss = 0.0118, div_loss = 0.0336, 0.785 seconds/batch
2026-04-21 06:09:16,764 - Epoch 30, Batch 800, lr = 0.00004, final_loss = 4.1845, nll_loss = 4.0651, ref_nll_loss = 4.3038, ivc_loss = 0.0683, neg_loss_1 = 0.0028, neg_loss_2 = 0.0026, ref_loss = 0.0125, div_loss = 0.0325, 0.790 seconds/batch
2026-04-21 06:10:00,173 - Epoch 30, Batch 850, lr = 0.00004, final_loss = 4.2356, nll_loss = 4.1172, ref_nll_loss = 4.3541, ivc_loss = 0.0650, neg_loss_1 = 0.0023, neg_loss_2 = 0.0023, ref_loss = 0.0115, div_loss = 0.0327, 0.795 seconds/batch
2026-04-21 06:10:43,616 - Epoch 30, Batch 900, lr = 0.00004, final_loss = 4.2186, nll_loss = 4.1014, ref_nll_loss = 4.3359, ivc_loss = 0.0661, neg_loss_1 = 0.0021, neg_loss_2 = 0.0017, ref_loss = 0.0126, div_loss = 0.0333, 0.799 seconds/batch
2026-04-21 06:11:27,144 - Epoch 30, Batch 950, lr = 0.00004, final_loss = 4.2159, nll_loss = 4.0988, ref_nll_loss = 4.3330, ivc_loss = 0.0661, neg_loss_1 = 0.0036, neg_loss_2 = 0.0019, ref_loss = 0.0112, div_loss = 0.0327, 0.802 seconds/batch
2026-04-21 06:12:10,577 - Epoch 30, Batch 1000, lr = 0.00004, final_loss = 4.2391, nll_loss = 4.1218, ref_nll_loss = 4.3563, ivc_loss = 0.0696, neg_loss_1 = 0.0039, neg_loss_2 = 0.0022, ref_loss = 0.0124, div_loss = 0.0326, 0.806 seconds/batch
2026-04-21 06:12:54,114 - Epoch 30, Batch 1050, lr = 0.00004, final_loss = 4.2417, nll_loss = 4.1229, ref_nll_loss = 4.3604, ivc_loss = 0.0641, neg_loss_1 = 0.0027, neg_loss_2 = 0.0023, ref_loss = 0.0111, div_loss = 0.0320, 0.809 seconds/batch
2026-04-21 06:13:37,536 - Epoch 30, Batch 1100, lr = 0.00004, final_loss = 4.2118, nll_loss = 4.0902, ref_nll_loss = 4.3334, ivc_loss = 0.0632, neg_loss_1 = 0.0045, neg_loss_2 = 0.0013, ref_loss = 0.0102, div_loss = 0.0314, 0.812 seconds/batch
2026-04-21 06:14:20,887 - Epoch 30, Batch 1150, lr = 0.00004, final_loss = 4.2108, nll_loss = 4.0928, ref_nll_loss = 4.3287, ivc_loss = 0.0640, neg_loss_1 = 0.0027, neg_loss_2 = 0.0025, ref_loss = 0.0110, div_loss = 0.0316, 0.814 seconds/batch
2026-04-21 06:14:37,854 - Epoch 30, Batch 1170, lr = 0.00004, final_loss = 4.2120, nll_loss = 4.0950, ref_nll_loss = 4.3289, ivc_loss = 0.0667, neg_loss_1 = 0.0027, neg_loss_2 = 0.0027, ref_loss = 0.0121, div_loss = 0.0317, 0.815 seconds/batch
2026-04-21 06:14:37,928 - save model to checkpoints/activitynet_moe_noaux_alpha1/cpl_moe2_noaux_alpha1/model-30.pt, num_updates 35100.
2026-04-21 06:18:35,921 - | R@1,mIoU 0.3301 | R@1,IoU@0.1 0.7872 | R@1,IoU@0.3 0.4416 | R@1,IoU@0.5 0.2584 | R@1,IoU@0.7 0.1297 | R@1,IoU@0.9 0.0298 | R@5,mIoU 0.5228 | R@5,IoU@0.1 0.9237 | R@5,IoU@0.3 0.7517 | R@5,IoU@0.5 0.5492 | R@5,IoU@0.7 0.3145 | R@5,IoU@0.9 0.0798 |
2026-04-21 06:18:35,921 - ============================================================
2026-04-21 06:18:35,921 - Best results:
2026-04-21 06:18:35,921 - | R@1,mIoU 0.3511 | R@1,IoU@0.1 0.8131 | R@1,IoU@0.3 0.4913 | R@1,IoU@0.5 0.2625 | R@1,IoU@0.7 0.1351 | R@1,IoU@0.9 0.0387 | R@5,mIoU 0.5275 | R@5,IoU@0.1 0.9240 | R@5,IoU@0.3 0.7646 | R@5,IoU@0.5 0.5452 | R@5,IoU@0.7 0.3054 | R@5,IoU@0.9 0.0924 |
