2026-04-20 11:20:55,863 - {'dataset': {'dataset': 'ActivityNet', 'feature_path': '/data/chenyuan/videogrounding/cpl-main/data/activitynet/sub_activitynet_v1-3.c3d.hdf5', 'vocab_size': 8000, 'word_dim': 300, 'frame_dim': 500, 'max_num_words': 20, 'max_num_frames': 200, 'target_stride': 1, 'train_data': 'data/activitynet/train_data.json', 'test_data': 'data/activitynet/test_data.json', 'val_data': 'data/activitynet/val_data.json', 'vocab_path': 'data/activitynet/glove.pkl'}, 'train': {'optimizer': {'lr': 0.0004, 'weight_decay': 0, 'warmup_updates': 400, 'warmup_init_lr': 1e-07}, 'batch_size': 32, 'max_num_epochs': 30, 'model_saved_path': 'checkpoints/activitynet_moe2/cpl_moe2'}, 'model': {'name': 'CPL_MoE', 'source': 'models', 'config': {'frames_input_size': 500, 'words_input_size': 300, 'hidden_size': 256, 'use_negative': True, 'num_props': 8, 'sigma': 9, 'gamma': 0, 'dropout': 0.1, 'DualTransformer': {'d_model': 256, 'num_heads': 4, 'num_decoder_layers1': 3, 'num_decoder_layers2': 3, 'dropout': 0.1}, 'MoE': {'use_moe': True, 'use_simple_moe': False, 'num_experts': 8, 'num_shared_experts': 2, 'top_k': 2, 'use_load_balance_loss': True, 'load_balance_weight': 0.01, 'use_2layer_gate': True}}}, 'loss': {'margin_1': 0.1, 'margin_2': 0.15, 'lambda': 0.125, 'alpha_1': 2, 'alpha_2': 0.1}, 'vote': True}
2026-04-20 11:20:56,212 - train: 37421 samples, test: 17031 samples
2026-04-20 11:20:56,922 - Start Epoch 1
2026-04-20 11:21:09,657 - Epoch 1, Batch 50, lr = 0.00005, final_loss = 8.8733, nll_loss = 8.8372, ref_nll_loss = 8.9093, ivc_loss = 0.4856, neg_loss_1 = 0.0852, neg_loss_2 = 0.0866, ref_loss = 0.0503, div_loss = 0.4132, aux_loss = 0.0208, 0.255 seconds/batch
2026-04-20 11:21:21,509 - Epoch 1, Batch 100, lr = 0.00010, final_loss = 7.9696, nll_loss = 7.9334, ref_nll_loss = 8.0059, ivc_loss = 0.3377, neg_loss_1 = 0.0593, neg_loss_2 = 0.0615, ref_loss = 0.0434, div_loss = 0.0932, aux_loss = 0.0239, 0.246 seconds/batch
2026-04-20 11:21:33,339 - Epoch 1, Batch 150, lr = 0.00015, final_loss = 7.2099, nll_loss = 7.1669, ref_nll_loss = 7.2529, ivc_loss = 0.3084, neg_loss_1 = 0.0571, neg_loss_2 = 0.0562, ref_loss = 0.0379, div_loss = 0.0597, aux_loss = 0.0236, 0.243 seconds/batch
2026-04-20 11:21:45,035 - Epoch 1, Batch 200, lr = 0.00020, final_loss = 6.6516, nll_loss = 6.6070, ref_nll_loss = 6.6963, ivc_loss = 0.3032, neg_loss_1 = 0.0502, neg_loss_2 = 0.0585, ref_loss = 0.0386, div_loss = 0.0860, aux_loss = 0.0219, 0.241 seconds/batch
2026-04-20 11:21:56,720 - Epoch 1, Batch 250, lr = 0.00025, final_loss = 6.3789, nll_loss = 6.3320, ref_nll_loss = 6.4258, ivc_loss = 0.2713, neg_loss_1 = 0.0459, neg_loss_2 = 0.0516, ref_loss = 0.0345, div_loss = 0.0752, aux_loss = 0.0215, 0.239 seconds/batch
2026-04-20 11:22:08,412 - Epoch 1, Batch 300, lr = 0.00030, final_loss = 6.2322, nll_loss = 6.1835, ref_nll_loss = 6.2809, ivc_loss = 0.2579, neg_loss_1 = 0.0448, neg_loss_2 = 0.0466, ref_loss = 0.0335, div_loss = 0.0809, aux_loss = 0.0213, 0.238 seconds/batch
2026-04-20 11:22:20,196 - Epoch 1, Batch 350, lr = 0.00035, final_loss = 6.1431, nll_loss = 6.0940, ref_nll_loss = 6.1922, ivc_loss = 0.2508, neg_loss_1 = 0.0445, neg_loss_2 = 0.0425, ref_loss = 0.0353, div_loss = 0.0622, aux_loss = 0.0203, 0.238 seconds/batch
2026-04-20 11:22:31,952 - Epoch 1, Batch 400, lr = 0.00040, final_loss = 6.0570, nll_loss = 5.9983, ref_nll_loss = 6.1157, ivc_loss = 0.2517, neg_loss_1 = 0.0424, neg_loss_2 = 0.0492, ref_loss = 0.0300, div_loss = 0.0853, aux_loss = 0.0206, 0.238 seconds/batch
2026-04-20 11:22:43,780 - Epoch 1, Batch 450, lr = 0.00038, final_loss = 6.0168, nll_loss = 5.9562, ref_nll_loss = 6.0775, ivc_loss = 0.2482, neg_loss_1 = 0.0437, neg_loss_2 = 0.0462, ref_loss = 0.0297, div_loss = 0.0898, aux_loss = 0.0220, 0.237 seconds/batch
2026-04-20 11:22:55,485 - Epoch 1, Batch 500, lr = 0.00036, final_loss = 5.9466, nll_loss = 5.8858, ref_nll_loss = 6.0075, ivc_loss = 0.2408, neg_loss_1 = 0.0419, neg_loss_2 = 0.0414, ref_loss = 0.0313, div_loss = 0.1160, aux_loss = 0.0214, 0.237 seconds/batch
2026-04-20 11:23:07,242 - Epoch 1, Batch 550, lr = 0.00034, final_loss = 5.8721, nll_loss = 5.8054, ref_nll_loss = 5.9389, ivc_loss = 0.2008, neg_loss_1 = 0.0375, neg_loss_2 = 0.0315, ref_loss = 0.0274, div_loss = 0.0795, aux_loss = 0.0209, 0.237 seconds/batch
2026-04-20 11:23:18,984 - Epoch 1, Batch 600, lr = 0.00033, final_loss = 5.8026, nll_loss = 5.7389, ref_nll_loss = 5.8663, ivc_loss = 0.1885, neg_loss_1 = 0.0306, neg_loss_2 = 0.0319, ref_loss = 0.0282, div_loss = 0.0719, aux_loss = 0.0214, 0.237 seconds/batch
2026-04-20 11:23:30,790 - Epoch 1, Batch 650, lr = 0.00031, final_loss = 5.8005, nll_loss = 5.7402, ref_nll_loss = 5.8607, ivc_loss = 0.1966, neg_loss_1 = 0.0313, neg_loss_2 = 0.0314, ref_loss = 0.0317, div_loss = 0.0779, aux_loss = 0.0218, 0.237 seconds/batch
2026-04-20 11:23:42,376 - Epoch 1, Batch 700, lr = 0.00030, final_loss = 5.7761, nll_loss = 5.7120, ref_nll_loss = 5.8402, ivc_loss = 0.2015, neg_loss_1 = 0.0320, neg_loss_2 = 0.0346, ref_loss = 0.0290, div_loss = 0.1024, aux_loss = 0.0310, 0.236 seconds/batch
2026-04-20 11:23:54,078 - Epoch 1, Batch 750, lr = 0.00029, final_loss = 5.7007, nll_loss = 5.6383, ref_nll_loss = 5.7630, ivc_loss = 0.1749, neg_loss_1 = 0.0230, neg_loss_2 = 0.0299, ref_loss = 0.0306, div_loss = 0.0785, aux_loss = 0.0234, 0.236 seconds/batch
2026-04-20 11:24:05,802 - Epoch 1, Batch 800, lr = 0.00028, final_loss = 5.7007, nll_loss = 5.6391, ref_nll_loss = 5.7622, ivc_loss = 0.1627, neg_loss_1 = 0.0232, neg_loss_2 = 0.0224, ref_loss = 0.0318, div_loss = 0.0795, aux_loss = 0.0233, 0.236 seconds/batch
2026-04-20 11:24:17,615 - Epoch 1, Batch 850, lr = 0.00027, final_loss = 5.6799, nll_loss = 5.6125, ref_nll_loss = 5.7472, ivc_loss = 0.1441, neg_loss_1 = 0.0234, neg_loss_2 = 0.0169, ref_loss = 0.0283, div_loss = 0.0691, aux_loss = 0.0216, 0.236 seconds/batch
2026-04-20 11:24:29,425 - Epoch 1, Batch 900, lr = 0.00027, final_loss = 5.6093, nll_loss = 5.5462, ref_nll_loss = 5.6725, ivc_loss = 0.1395, neg_loss_1 = 0.0201, neg_loss_2 = 0.0154, ref_loss = 0.0310, div_loss = 0.0669, aux_loss = 0.0208, 0.236 seconds/batch
2026-04-20 11:24:41,210 - Epoch 1, Batch 950, lr = 0.00026, final_loss = 5.6083, nll_loss = 5.5454, ref_nll_loss = 5.6711, ivc_loss = 0.1324, neg_loss_1 = 0.0188, neg_loss_2 = 0.0125, ref_loss = 0.0316, div_loss = 0.0666, aux_loss = 0.0210, 0.236 seconds/batch
2026-04-20 11:24:53,018 - Epoch 1, Batch 1000, lr = 0.00025, final_loss = 5.5525, nll_loss = 5.4899, ref_nll_loss = 5.6152, ivc_loss = 0.1268, neg_loss_1 = 0.0160, neg_loss_2 = 0.0132, ref_loss = 0.0311, div_loss = 0.0628, aux_loss = 0.0206, 0.236 seconds/batch
2026-04-20 11:25:04,844 - Epoch 1, Batch 1050, lr = 0.00025, final_loss = 5.5299, nll_loss = 5.4677, ref_nll_loss = 5.5921, ivc_loss = 0.1162, neg_loss_1 = 0.0121, neg_loss_2 = 0.0116, ref_loss = 0.0313, div_loss = 0.0612, aux_loss = 0.0203, 0.236 seconds/batch
2026-04-20 11:25:16,703 - Epoch 1, Batch 1100, lr = 0.00024, final_loss = 5.5052, nll_loss = 5.4419, ref_nll_loss = 5.5684, ivc_loss = 0.1035, neg_loss_1 = 0.0107, neg_loss_2 = 0.0072, ref_loss = 0.0306, div_loss = 0.0634, aux_loss = 0.0202, 0.236 seconds/batch
2026-04-20 11:25:28,558 - Epoch 1, Batch 1150, lr = 0.00024, final_loss = 5.5037, nll_loss = 5.4448, ref_nll_loss = 5.5627, ivc_loss = 0.1123, neg_loss_1 = 0.0114, neg_loss_2 = 0.0088, ref_loss = 0.0326, div_loss = 0.0651, aux_loss = 0.0202, 0.236 seconds/batch
2026-04-20 11:25:33,227 - Epoch 1, Batch 1170, lr = 0.00023, final_loss = 5.4551, nll_loss = 5.3956, ref_nll_loss = 5.5147, ivc_loss = 0.1188, neg_loss_1 = 0.0110, neg_loss_2 = 0.0098, ref_loss = 0.0349, div_loss = 0.0736, aux_loss = 0.0205, 0.236 seconds/batch
2026-04-20 11:25:33,298 - save model to checkpoints/activitynet_moe2/cpl_moe2/model-1.pt, num_updates 1170.
2026-04-20 11:27:24,896 - | R@1,mIoU 0.3403 | R@1,IoU@0.1 0.7520 | R@1,IoU@0.3 0.4873 | R@1,IoU@0.5 0.2506 | R@1,IoU@0.7 0.1338 | R@1,IoU@0.9 0.0763 | R@5,mIoU 0.4583 | R@5,IoU@0.1 0.8703 | R@5,IoU@0.3 0.6403 | R@5,IoU@0.5 0.4414 | R@5,IoU@0.7 0.2407 | R@5,IoU@0.9 0.1059 |
2026-04-20 11:27:24,978 - Best results have been updated.
2026-04-20 11:27:24,979 - ============================================================
2026-04-20 11:27:24,979 - Start Epoch 2
2026-04-20 11:27:37,206 - Epoch 2, Batch 50, lr = 0.00023, final_loss = 5.4495, nll_loss = 5.3845, ref_nll_loss = 5.5145, ivc_loss = 0.1065, neg_loss_1 = 0.0136, neg_loss_2 = 0.0069, ref_loss = 0.0294, div_loss = 0.0656, aux_loss = 0.0202, 0.245 seconds/batch
2026-04-20 11:27:49,002 - Epoch 2, Batch 100, lr = 0.00022, final_loss = 5.4185, nll_loss = 5.3548, ref_nll_loss = 5.4823, ivc_loss = 0.1048, neg_loss_1 = 0.0103, neg_loss_2 = 0.0079, ref_loss = 0.0310, div_loss = 0.0640, aux_loss = 0.0202, 0.240 seconds/batch
2026-04-20 11:28:00,779 - Epoch 2, Batch 150, lr = 0.00022, final_loss = 5.4171, nll_loss = 5.3534, ref_nll_loss = 5.4809, ivc_loss = 0.0992, neg_loss_1 = 0.0098, neg_loss_2 = 0.0083, ref_loss = 0.0282, div_loss = 0.0678, aux_loss = 0.0202, 0.239 seconds/batch
2026-04-20 11:28:12,592 - Epoch 2, Batch 200, lr = 0.00022, final_loss = 5.3900, nll_loss = 5.3219, ref_nll_loss = 5.4582, ivc_loss = 0.0937, neg_loss_1 = 0.0080, neg_loss_2 = 0.0076, ref_loss = 0.0281, div_loss = 0.0626, aux_loss = 0.0201, 0.238 seconds/batch
2026-04-20 11:28:24,505 - Epoch 2, Batch 250, lr = 0.00021, final_loss = 5.3906, nll_loss = 5.3226, ref_nll_loss = 5.4586, ivc_loss = 0.0951, neg_loss_1 = 0.0086, neg_loss_2 = 0.0087, ref_loss = 0.0271, div_loss = 0.0640, aux_loss = 0.0201, 0.238 seconds/batch
2026-04-20 11:28:36,345 - Epoch 2, Batch 300, lr = 0.00021, final_loss = 5.3645, nll_loss = 5.2981, ref_nll_loss = 5.4308, ivc_loss = 0.0966, neg_loss_1 = 0.0081, neg_loss_2 = 0.0096, ref_loss = 0.0277, div_loss = 0.0595, aux_loss = 0.0201, 0.238 seconds/batch
2026-04-20 11:28:48,278 - Epoch 2, Batch 350, lr = 0.00021, final_loss = 5.3646, nll_loss = 5.3010, ref_nll_loss = 5.4281, ivc_loss = 0.0934, neg_loss_1 = 0.0090, neg_loss_2 = 0.0066, ref_loss = 0.0280, div_loss = 0.0608, aux_loss = 0.0201, 0.238 seconds/batch
2026-04-20 11:29:00,155 - Epoch 2, Batch 400, lr = 0.00020, final_loss = 5.3091, nll_loss = 5.2464, ref_nll_loss = 5.3718, ivc_loss = 0.0990, neg_loss_1 = 0.0076, neg_loss_2 = 0.0081, ref_loss = 0.0304, div_loss = 0.0678, aux_loss = 0.0201, 0.238 seconds/batch
2026-04-20 11:29:12,019 - Epoch 2, Batch 450, lr = 0.00020, final_loss = 5.3359, nll_loss = 5.2654, ref_nll_loss = 5.4064, ivc_loss = 0.0967, neg_loss_1 = 0.0085, neg_loss_2 = 0.0091, ref_loss = 0.0273, div_loss = 0.0682, aux_loss = 0.0201, 0.238 seconds/batch
2026-04-20 11:29:23,987 - Epoch 2, Batch 500, lr = 0.00020, final_loss = 5.3229, nll_loss = 5.2552, ref_nll_loss = 5.3907, ivc_loss = 0.0902, neg_loss_1 = 0.0071, neg_loss_2 = 0.0071, ref_loss = 0.0274, div_loss = 0.0701, aux_loss = 0.0201, 0.238 seconds/batch
2026-04-20 11:29:35,868 - Epoch 2, Batch 550, lr = 0.00019, final_loss = 5.3127, nll_loss = 5.2452, ref_nll_loss = 5.3801, ivc_loss = 0.0858, neg_loss_1 = 0.0070, neg_loss_2 = 0.0057, ref_loss = 0.0268, div_loss = 0.0680, aux_loss = 0.0201, 0.238 seconds/batch
2026-04-20 11:29:47,805 - Epoch 2, Batch 600, lr = 0.00019, final_loss = 5.2843, nll_loss = 5.2136, ref_nll_loss = 5.3549, ivc_loss = 0.0849, neg_loss_1 = 0.0083, neg_loss_2 = 0.0053, ref_loss = 0.0256, div_loss = 0.0662, aux_loss = 0.0200, 0.238 seconds/batch
2026-04-20 11:29:59,803 - Epoch 2, Batch 650, lr = 0.00019, final_loss = 5.2755, nll_loss = 5.2099, ref_nll_loss = 5.3412, ivc_loss = 0.0873, neg_loss_1 = 0.0069, neg_loss_2 = 0.0060, ref_loss = 0.0274, div_loss = 0.0649, aux_loss = 0.0201, 0.238 seconds/batch
2026-04-20 11:30:11,778 - Epoch 2, Batch 700, lr = 0.00018, final_loss = 5.2707, nll_loss = 5.2041, ref_nll_loss = 5.3374, ivc_loss = 0.0889, neg_loss_1 = 0.0067, neg_loss_2 = 0.0069, ref_loss = 0.0273, div_loss = 0.0708, aux_loss = 0.0200, 0.238 seconds/batch
2026-04-20 11:30:23,737 - Epoch 2, Batch 750, lr = 0.00018, final_loss = 5.2421, nll_loss = 5.1775, ref_nll_loss = 5.3067, ivc_loss = 0.0894, neg_loss_1 = 0.0056, neg_loss_2 = 0.0079, ref_loss = 0.0276, div_loss = 0.0708, aux_loss = 0.0201, 0.238 seconds/batch
2026-04-20 11:30:35,805 - Epoch 2, Batch 800, lr = 0.00018, final_loss = 5.2028, nll_loss = 5.1333, ref_nll_loss = 5.2724, ivc_loss = 0.0855, neg_loss_1 = 0.0059, neg_loss_2 = 0.0061, ref_loss = 0.0270, div_loss = 0.0749, aux_loss = 0.0201, 0.239 seconds/batch
2026-04-20 11:30:47,733 - Epoch 2, Batch 850, lr = 0.00018, final_loss = 5.2194, nll_loss = 5.1479, ref_nll_loss = 5.2909, ivc_loss = 0.0773, neg_loss_1 = 0.0061, neg_loss_2 = 0.0061, ref_loss = 0.0233, div_loss = 0.0632, aux_loss = 0.0201, 0.239 seconds/batch
2026-04-20 11:30:59,600 - Epoch 2, Batch 900, lr = 0.00018, final_loss = 5.2501, nll_loss = 5.1812, ref_nll_loss = 5.3191, ivc_loss = 0.0815, neg_loss_1 = 0.0056, neg_loss_2 = 0.0061, ref_loss = 0.0259, div_loss = 0.0635, aux_loss = 0.0201, 0.238 seconds/batch
2026-04-20 11:31:11,490 - Epoch 2, Batch 950, lr = 0.00017, final_loss = 5.1722, nll_loss = 5.1013, ref_nll_loss = 5.2431, ivc_loss = 0.0755, neg_loss_1 = 0.0044, neg_loss_2 = 0.0041, ref_loss = 0.0259, div_loss = 0.0688, aux_loss = 0.0201, 0.238 seconds/batch
2026-04-20 11:31:23,399 - Epoch 2, Batch 1000, lr = 0.00017, final_loss = 5.2100, nll_loss = 5.1453, ref_nll_loss = 5.2747, ivc_loss = 0.0892, neg_loss_1 = 0.0053, neg_loss_2 = 0.0060, ref_loss = 0.0292, div_loss = 0.0822, aux_loss = 0.0201, 0.238 seconds/batch
2026-04-20 11:31:35,359 - Epoch 2, Batch 1050, lr = 0.00017, final_loss = 5.2103, nll_loss = 5.1389, ref_nll_loss = 5.2818, ivc_loss = 0.0832, neg_loss_1 = 0.0074, neg_loss_2 = 0.0045, ref_loss = 0.0263, div_loss = 0.0685, aux_loss = 0.0200, 0.238 seconds/batch
2026-04-20 11:31:47,256 - Epoch 2, Batch 1100, lr = 0.00017, final_loss = 5.1642, nll_loss = 5.0927, ref_nll_loss = 5.2357, ivc_loss = 0.0797, neg_loss_1 = 0.0058, neg_loss_2 = 0.0049, ref_loss = 0.0257, div_loss = 0.0689, aux_loss = 0.0201, 0.238 seconds/batch
2026-04-20 11:31:59,190 - Epoch 2, Batch 1150, lr = 0.00017, final_loss = 5.1749, nll_loss = 5.1054, ref_nll_loss = 5.2445, ivc_loss = 0.0752, neg_loss_1 = 0.0051, neg_loss_2 = 0.0043, ref_loss = 0.0250, div_loss = 0.0652, aux_loss = 0.0201, 0.238 seconds/batch
2026-04-20 11:32:03,895 - Epoch 2, Batch 1170, lr = 0.00017, final_loss = 5.1187, nll_loss = 5.0485, ref_nll_loss = 5.1888, ivc_loss = 0.0730, neg_loss_1 = 0.0056, neg_loss_2 = 0.0029, ref_loss = 0.0249, div_loss = 0.0629, aux_loss = 0.0200, 0.238 seconds/batch
2026-04-20 11:32:03,967 - save model to checkpoints/activitynet_moe2/cpl_moe2/model-2.pt, num_updates 2340.
2026-04-20 11:33:57,074 - | R@1,mIoU 0.3444 | R@1,IoU@0.1 0.8143 | R@1,IoU@0.3 0.4785 | R@1,IoU@0.5 0.2211 | R@1,IoU@0.7 0.1257 | R@1,IoU@0.9 0.0766 | R@5,mIoU 0.4574 | R@5,IoU@0.1 0.8890 | R@5,IoU@0.3 0.6401 | R@5,IoU@0.5 0.4281 | R@5,IoU@0.7 0.2246 | R@5,IoU@0.9 0.1083 |
2026-04-20 11:33:57,169 - Best results have been updated.
2026-04-20 11:33:57,169 - ============================================================
2026-04-20 11:33:57,169 - Start Epoch 3
2026-04-20 11:34:09,285 - Epoch 3, Batch 50, lr = 0.00016, final_loss = 5.1014, nll_loss = 5.0300, ref_nll_loss = 5.1728, ivc_loss = 0.0708, neg_loss_1 = 0.0041, neg_loss_2 = 0.0042, ref_loss = 0.0240, div_loss = 0.0635, aux_loss = 0.0201, 0.242 seconds/batch
2026-04-20 11:34:21,052 - Epoch 3, Batch 100, lr = 0.00016, final_loss = 5.1025, nll_loss = 5.0289, ref_nll_loss = 5.1761, ivc_loss = 0.0698, neg_loss_1 = 0.0041, neg_loss_2 = 0.0056, ref_loss = 0.0219, div_loss = 0.0675, aux_loss = 0.0202, 0.239 seconds/batch
2026-04-20 11:34:32,936 - Epoch 3, Batch 150, lr = 0.00016, final_loss = 5.1116, nll_loss = 5.0422, ref_nll_loss = 5.1809, ivc_loss = 0.0753, neg_loss_1 = 0.0041, neg_loss_2 = 0.0054, ref_loss = 0.0249, div_loss = 0.0649, aux_loss = 0.0201, 0.238 seconds/batch
2026-04-20 11:34:44,834 - Epoch 3, Batch 200, lr = 0.00016, final_loss = 5.0824, nll_loss = 5.0103, ref_nll_loss = 5.1544, ivc_loss = 0.0739, neg_loss_1 = 0.0045, neg_loss_2 = 0.0050, ref_loss = 0.0238, div_loss = 0.0739, aux_loss = 0.0201, 0.238 seconds/batch
2026-04-20 11:34:56,676 - Epoch 3, Batch 250, lr = 0.00016, final_loss = 5.0763, nll_loss = 5.0034, ref_nll_loss = 5.1492, ivc_loss = 0.0755, neg_loss_1 = 0.0055, neg_loss_2 = 0.0051, ref_loss = 0.0237, div_loss = 0.0681, aux_loss = 0.0201, 0.238 seconds/batch
2026-04-20 11:35:08,632 - Epoch 3, Batch 300, lr = 0.00016, final_loss = 5.0879, nll_loss = 5.0168, ref_nll_loss = 5.1591, ivc_loss = 0.0730, neg_loss_1 = 0.0023, neg_loss_2 = 0.0062, ref_loss = 0.0246, div_loss = 0.0680, aux_loss = 0.0201, 0.238 seconds/batch
2026-04-20 11:35:20,505 - Epoch 3, Batch 350, lr = 0.00015, final_loss = 5.0894, nll_loss = 5.0128, ref_nll_loss = 5.1660, ivc_loss = 0.0658, neg_loss_1 = 0.0030, neg_loss_2 = 0.0043, ref_loss = 0.0224, div_loss = 0.0646, aux_loss = 0.0200, 0.238 seconds/batch
2026-04-20 11:35:32,412 - Epoch 3, Batch 400, lr = 0.00015, final_loss = 5.1030, nll_loss = 5.0341, ref_nll_loss = 5.1719, ivc_loss = 0.0753, neg_loss_1 = 0.0025, neg_loss_2 = 0.0058, ref_loss = 0.0256, div_loss = 0.0753, aux_loss = 0.0200, 0.238 seconds/batch
2026-04-20 11:35:44,293 - Epoch 3, Batch 450, lr = 0.00015, final_loss = 5.0465, nll_loss = 4.9796, ref_nll_loss = 5.1134, ivc_loss = 0.0766, neg_loss_1 = 0.0024, neg_loss_2 = 0.0041, ref_loss = 0.0277, div_loss = 0.0809, aux_loss = 0.0201, 0.238 seconds/batch
2026-04-20 11:35:56,130 - Epoch 3, Batch 500, lr = 0.00015, final_loss = 5.0580, nll_loss = 4.9893, ref_nll_loss = 5.1268, ivc_loss = 0.0747, neg_loss_1 = 0.0020, neg_loss_2 = 0.0046, ref_loss = 0.0273, div_loss = 0.0692, aux_loss = 0.0201, 0.238 seconds/batch
2026-04-20 11:36:08,031 - Epoch 3, Batch 550, lr = 0.00015, final_loss = 5.0511, nll_loss = 4.9792, ref_nll_loss = 5.1231, ivc_loss = 0.0664, neg_loss_1 = 0.0025, neg_loss_2 = 0.0042, ref_loss = 0.0230, div_loss = 0.0694, aux_loss = 0.0200, 0.238 seconds/batch
2026-04-20 11:36:19,853 - Epoch 3, Batch 600, lr = 0.00015, final_loss = 5.0519, nll_loss = 4.9779, ref_nll_loss = 5.1260, ivc_loss = 0.0687, neg_loss_1 = 0.0038, neg_loss_2 = 0.0038, ref_loss = 0.0235, div_loss = 0.0658, aux_loss = 0.0201, 0.238 seconds/batch
2026-04-20 11:36:31,738 - Epoch 3, Batch 650, lr = 0.00015, final_loss = 5.0527, nll_loss = 4.9837, ref_nll_loss = 5.1216, ivc_loss = 0.0728, neg_loss_1 = 0.0021, neg_loss_2 = 0.0038, ref_loss = 0.0268, div_loss = 0.0727, aux_loss = 0.0202, 0.238 seconds/batch
2026-04-20 11:36:43,617 - Epoch 3, Batch 700, lr = 0.00015, final_loss = 5.0608, nll_loss = 4.9878, ref_nll_loss = 5.1339, ivc_loss = 0.0638, neg_loss_1 = 0.0025, neg_loss_2 = 0.0031, ref_loss = 0.0226, div_loss = 0.0737, aux_loss = 0.0201, 0.238 seconds/batch
2026-04-20 11:36:55,474 - Epoch 3, Batch 750, lr = 0.00014, final_loss = 5.0524, nll_loss = 4.9791, ref_nll_loss = 5.1256, ivc_loss = 0.0677, neg_loss_1 = 0.0034, neg_loss_2 = 0.0035, ref_loss = 0.0234, div_loss = 0.0706, aux_loss = 0.0201, 0.238 seconds/batch
2026-04-20 11:37:07,288 - Epoch 3, Batch 800, lr = 0.00014, final_loss = 5.0588, nll_loss = 4.9892, ref_nll_loss = 5.1285, ivc_loss = 0.0728, neg_loss_1 = 0.0018, neg_loss_2 = 0.0041, ref_loss = 0.0267, div_loss = 0.0763, aux_loss = 0.0201, 0.238 seconds/batch
2026-04-20 11:37:19,156 - Epoch 3, Batch 850, lr = 0.00014, final_loss = 5.0592, nll_loss = 4.9859, ref_nll_loss = 5.1325, ivc_loss = 0.0640, neg_loss_1 = 0.0023, neg_loss_2 = 0.0034, ref_loss = 0.0227, div_loss = 0.0718, aux_loss = 0.0201, 0.238 seconds/batch
2026-04-20 11:37:31,054 - Epoch 3, Batch 900, lr = 0.00014, final_loss = 5.0263, nll_loss = 4.9528, ref_nll_loss = 5.0998, ivc_loss = 0.0622, neg_loss_1 = 0.0025, neg_loss_2 = 0.0024, ref_loss = 0.0226, div_loss = 0.0715, aux_loss = 0.0200, 0.238 seconds/batch
2026-04-20 11:37:42,914 - Epoch 3, Batch 950, lr = 0.00014, final_loss = 5.0231, nll_loss = 4.9493, ref_nll_loss = 5.0969, ivc_loss = 0.0654, neg_loss_1 = 0.0031, neg_loss_2 = 0.0030, ref_loss = 0.0232, div_loss = 0.0709, aux_loss = 0.0201, 0.238 seconds/batch
2026-04-20 11:37:54,752 - Epoch 3, Batch 1000, lr = 0.00014, final_loss = 5.0175, nll_loss = 4.9448, ref_nll_loss = 5.0902, ivc_loss = 0.0673, neg_loss_1 = 0.0037, neg_loss_2 = 0.0031, ref_loss = 0.0234, div_loss = 0.0697, aux_loss = 0.0200, 0.238 seconds/batch
2026-04-20 11:38:06,665 - Epoch 3, Batch 1050, lr = 0.00014, final_loss = 5.0290, nll_loss = 4.9555, ref_nll_loss = 5.1025, ivc_loss = 0.0611, neg_loss_1 = 0.0022, neg_loss_2 = 0.0018, ref_loss = 0.0228, div_loss = 0.0734, aux_loss = 0.0201, 0.238 seconds/batch
2026-04-20 11:38:18,575 - Epoch 3, Batch 1100, lr = 0.00014, final_loss = 5.0009, nll_loss = 4.9254, ref_nll_loss = 5.0763, ivc_loss = 0.0667, neg_loss_1 = 0.0025, neg_loss_2 = 0.0031, ref_loss = 0.0237, div_loss = 0.0820, aux_loss = 0.0201, 0.238 seconds/batch
2026-04-20 11:38:30,400 - Epoch 3, Batch 1150, lr = 0.00014, final_loss = 5.0091, nll_loss = 4.9344, ref_nll_loss = 5.0837, ivc_loss = 0.0655, neg_loss_1 = 0.0023, neg_loss_2 = 0.0029, ref_loss = 0.0232, div_loss = 0.0859, aux_loss = 0.0202, 0.238 seconds/batch
2026-04-20 11:38:35,067 - Epoch 3, Batch 1170, lr = 0.00014, final_loss = 5.0138, nll_loss = 4.9364, ref_nll_loss = 5.0913, ivc_loss = 0.0604, neg_loss_1 = 0.0027, neg_loss_2 = 0.0005, ref_loss = 0.0233, div_loss = 0.0744, aux_loss = 0.0208, 0.238 seconds/batch
2026-04-20 11:38:35,139 - save model to checkpoints/activitynet_moe2/cpl_moe2/model-3.pt, num_updates 3510.
2026-04-20 11:40:28,565 - | R@1,mIoU 0.3341 | R@1,IoU@0.1 0.7674 | R@1,IoU@0.3 0.4648 | R@1,IoU@0.5 0.2319 | R@1,IoU@0.7 0.1269 | R@1,IoU@0.9 0.0763 | R@5,mIoU 0.4469 | R@5,IoU@0.1 0.8902 | R@5,IoU@0.3 0.6425 | R@5,IoU@0.5 0.4057 | R@5,IoU@0.7 0.2039 | R@5,IoU@0.9 0.1011 |
2026-04-20 11:40:28,565 - ============================================================
2026-04-20 11:40:28,565 - Start Epoch 4
2026-04-20 11:40:40,726 - Epoch 4, Batch 50, lr = 0.00013, final_loss = 4.9428, nll_loss = 4.8686, ref_nll_loss = 5.0170, ivc_loss = 0.0593, neg_loss_1 = 0.0027, neg_loss_2 = 0.0013, ref_loss = 0.0220, div_loss = 0.0746, aux_loss = 0.0202, 0.243 seconds/batch
2026-04-20 11:40:52,641 - Epoch 4, Batch 100, lr = 0.00013, final_loss = 4.9183, nll_loss = 4.8388, ref_nll_loss = 4.9977, ivc_loss = 0.0607, neg_loss_1 = 0.0025, neg_loss_2 = 0.0016, ref_loss = 0.0224, div_loss = 0.0769, aux_loss = 0.0201, 0.241 seconds/batch
2026-04-20 11:41:04,535 - Epoch 4, Batch 150, lr = 0.00013, final_loss = 4.9642, nll_loss = 4.8873, ref_nll_loss = 5.0410, ivc_loss = 0.0626, neg_loss_1 = 0.0016, neg_loss_2 = 0.0018, ref_loss = 0.0239, div_loss = 0.0795, aux_loss = 0.0202, 0.240 seconds/batch
2026-04-20 11:41:16,383 - Epoch 4, Batch 200, lr = 0.00013, final_loss = 4.9512, nll_loss = 4.8746, ref_nll_loss = 5.0278, ivc_loss = 0.0558, neg_loss_1 = 0.0011, neg_loss_2 = 0.0005, ref_loss = 0.0222, div_loss = 0.0830, aux_loss = 0.0201, 0.239 seconds/batch
2026-04-20 11:41:28,232 - Epoch 4, Batch 250, lr = 0.00013, final_loss = 4.9255, nll_loss = 4.8478, ref_nll_loss = 5.0031, ivc_loss = 0.0583, neg_loss_1 = 0.0028, neg_loss_2 = 0.0006, ref_loss = 0.0218, div_loss = 0.0784, aux_loss = 0.0201, 0.239 seconds/batch
2026-04-20 11:41:40,103 - Epoch 4, Batch 300, lr = 0.00013, final_loss = 4.9036, nll_loss = 4.8297, ref_nll_loss = 4.9776, ivc_loss = 0.0620, neg_loss_1 = 0.0022, neg_loss_2 = 0.0010, ref_loss = 0.0240, div_loss = 0.0773, aux_loss = 0.0201, 0.238 seconds/batch
2026-04-20 11:41:51,957 - Epoch 4, Batch 350, lr = 0.00013, final_loss = 4.9534, nll_loss = 4.8779, ref_nll_loss = 5.0289, ivc_loss = 0.0553, neg_loss_1 = 0.0012, neg_loss_2 = 0.0008, ref_loss = 0.0216, div_loss = 0.0820, aux_loss = 0.0200, 0.238 seconds/batch
2026-04-20 11:42:03,829 - Epoch 4, Batch 400, lr = 0.00013, final_loss = 4.9304, nll_loss = 4.8560, ref_nll_loss = 5.0047, ivc_loss = 0.0639, neg_loss_1 = 0.0026, neg_loss_2 = 0.0009, ref_loss = 0.0244, div_loss = 0.0822, aux_loss = 0.0201, 0.238 seconds/batch
2026-04-20 11:42:16,005 - Epoch 4, Batch 450, lr = 0.00013, final_loss = 4.9362, nll_loss = 4.8591, ref_nll_loss = 5.0132, ivc_loss = 0.0561, neg_loss_1 = 0.0012, neg_loss_2 = 0.0012, ref_loss = 0.0219, div_loss = 0.0763, aux_loss = 0.0201, 0.239 seconds/batch
2026-04-20 11:42:28,158 - Epoch 4, Batch 500, lr = 0.00013, final_loss = 4.9104, nll_loss = 4.8358, ref_nll_loss = 4.9850, ivc_loss = 0.0602, neg_loss_1 = 0.0021, neg_loss_2 = 0.0009, ref_loss = 0.0233, div_loss = 0.0757, aux_loss = 0.0200, 0.239 seconds/batch
2026-04-20 11:42:40,265 - Epoch 4, Batch 550, lr = 0.00013, final_loss = 4.9250, nll_loss = 4.8481, ref_nll_loss = 5.0019, ivc_loss = 0.0575, neg_loss_1 = 0.0020, neg_loss_2 = 0.0006, ref_loss = 0.0224, div_loss = 0.0751, aux_loss = 0.0200, 0.239 seconds/batch
2026-04-20 11:42:52,157 - Epoch 4, Batch 600, lr = 0.00012, final_loss = 4.9128, nll_loss = 4.8367, ref_nll_loss = 4.9888, ivc_loss = 0.0610, neg_loss_1 = 0.0018, neg_loss_2 = 0.0009, ref_loss = 0.0240, div_loss = 0.0766, aux_loss = 0.0200, 0.239 seconds/batch
2026-04-20 11:43:04,051 - Epoch 4, Batch 650, lr = 0.00012, final_loss = 4.9015, nll_loss = 4.8253, ref_nll_loss = 4.9777, ivc_loss = 0.0613, neg_loss_1 = 0.0016, neg_loss_2 = 0.0011, ref_loss = 0.0242, div_loss = 0.0768, aux_loss = 0.0200, 0.239 seconds/batch
2026-04-20 11:43:16,035 - Epoch 4, Batch 700, lr = 0.00012, final_loss = 4.9456, nll_loss = 4.8704, ref_nll_loss = 5.0208, ivc_loss = 0.0588, neg_loss_1 = 0.0016, neg_loss_2 = 0.0007, ref_loss = 0.0232, div_loss = 0.0779, aux_loss = 0.0200, 0.239 seconds/batch
2026-04-20 11:43:27,913 - Epoch 4, Batch 750, lr = 0.00012, final_loss = 4.9104, nll_loss = 4.8361, ref_nll_loss = 4.9847, ivc_loss = 0.0594, neg_loss_1 = 0.0017, neg_loss_2 = 0.0008, ref_loss = 0.0231, div_loss = 0.0823, aux_loss = 0.0201, 0.239 seconds/batch
2026-04-20 11:43:39,893 - Epoch 4, Batch 800, lr = 0.00012, final_loss = 4.9141, nll_loss = 4.8377, ref_nll_loss = 4.9906, ivc_loss = 0.0581, neg_loss_1 = 0.0016, neg_loss_2 = 0.0003, ref_loss = 0.0227, div_loss = 0.0878, aux_loss = 0.0201, 0.239 seconds/batch
2026-04-20 11:43:51,775 - Epoch 4, Batch 850, lr = 0.00012, final_loss = 4.8945, nll_loss = 4.8167, ref_nll_loss = 4.9723, ivc_loss = 0.0597, neg_loss_1 = 0.0017, neg_loss_2 = 0.0007, ref_loss = 0.0233, div_loss = 0.0841, aux_loss = 0.0201, 0.239 seconds/batch
2026-04-20 11:44:03,685 - Epoch 4, Batch 900, lr = 0.00012, final_loss = 4.8915, nll_loss = 4.8125, ref_nll_loss = 4.9706, ivc_loss = 0.0566, neg_loss_1 = 0.0015, neg_loss_2 = 0.0003, ref_loss = 0.0225, div_loss = 0.0797, aux_loss = 0.0201, 0.239 seconds/batch
2026-04-20 11:44:15,590 - Epoch 4, Batch 950, lr = 0.00012, final_loss = 4.8961, nll_loss = 4.8146, ref_nll_loss = 4.9775, ivc_loss = 0.0549, neg_loss_1 = 0.0022, neg_loss_2 = 0.0004, ref_loss = 0.0209, div_loss = 0.0796, aux_loss = 0.0200, 0.239 seconds/batch
2026-04-20 11:44:27,477 - Epoch 4, Batch 1000, lr = 0.00012, final_loss = 4.9066, nll_loss = 4.8262, ref_nll_loss = 4.9870, ivc_loss = 0.0546, neg_loss_1 = 0.0011, neg_loss_2 = 0.0004, ref_loss = 0.0217, div_loss = 0.0825, aux_loss = 0.0201, 0.239 seconds/batch
2026-04-20 11:44:39,438 - Epoch 4, Batch 1050, lr = 0.00012, final_loss = 4.9158, nll_loss = 4.8366, ref_nll_loss = 4.9950, ivc_loss = 0.0552, neg_loss_1 = 0.0015, neg_loss_2 = 0.0008, ref_loss = 0.0212, div_loss = 0.0821, aux_loss = 0.0201, 0.239 seconds/batch
2026-04-20 11:44:51,254 - Epoch 4, Batch 1100, lr = 0.00012, final_loss = 4.8702, nll_loss = 4.7898, ref_nll_loss = 4.9506, ivc_loss = 0.0554, neg_loss_1 = 0.0015, neg_loss_2 = 0.0010, ref_loss = 0.0212, div_loss = 0.0795, aux_loss = 0.0201, 0.239 seconds/batch
2026-04-20 11:45:03,134 - Epoch 4, Batch 1150, lr = 0.00012, final_loss = 4.8634, nll_loss = 4.7831, ref_nll_loss = 4.9437, ivc_loss = 0.0529, neg_loss_1 = 0.0010, neg_loss_2 = 0.0005, ref_loss = 0.0210, div_loss = 0.0803, aux_loss = 0.0200, 0.239 seconds/batch
2026-04-20 11:45:07,840 - Epoch 4, Batch 1170, lr = 0.00012, final_loss = 4.9119, nll_loss = 4.8335, ref_nll_loss = 4.9902, ivc_loss = 0.0520, neg_loss_1 = 0.0017, neg_loss_2 = 0.0004, ref_loss = 0.0200, div_loss = 0.0803, aux_loss = 0.0201, 0.239 seconds/batch
2026-04-20 11:45:07,915 - save model to checkpoints/activitynet_moe2/cpl_moe2/model-4.pt, num_updates 4680.
2026-04-20 11:47:00,790 - | R@1,mIoU 0.3466 | R@1,IoU@0.1 0.8277 | R@1,IoU@0.3 0.5022 | R@1,IoU@0.5 0.2453 | R@1,IoU@0.7 0.1281 | R@1,IoU@0.9 0.0188 | R@5,mIoU 0.4440 | R@5,IoU@0.1 0.8841 | R@5,IoU@0.3 0.6334 | R@5,IoU@0.5 0.4109 | R@5,IoU@0.7 0.2066 | R@5,IoU@0.9 0.0841 |
2026-04-20 11:47:00,881 - Best results have been updated.
2026-04-20 11:47:00,881 - ============================================================
2026-04-20 11:47:00,881 - Start Epoch 5
2026-04-20 11:47:12,914 - Epoch 5, Batch 50, lr = 0.00012, final_loss = 4.8127, nll_loss = 4.7330, ref_nll_loss = 4.8925, ivc_loss = 0.0543, neg_loss_1 = 0.0012, neg_loss_2 = 0.0007, ref_loss = 0.0212, div_loss = 0.0831, aux_loss = 0.0200, 0.241 seconds/batch
2026-04-20 11:47:24,690 - Epoch 5, Batch 100, lr = 0.00012, final_loss = 4.8138, nll_loss = 4.7330, ref_nll_loss = 4.8946, ivc_loss = 0.0489, neg_loss_1 = 0.0010, neg_loss_2 = 0.0004, ref_loss = 0.0188, div_loss = 0.0847, aux_loss = 0.0201, 0.238 seconds/batch
2026-04-20 11:47:36,521 - Epoch 5, Batch 150, lr = 0.00012, final_loss = 4.8326, nll_loss = 4.7499, ref_nll_loss = 4.9153, ivc_loss = 0.0524, neg_loss_1 = 0.0017, neg_loss_2 = 0.0003, ref_loss = 0.0201, div_loss = 0.0826, aux_loss = 0.0200, 0.238 seconds/batch
2026-04-20 11:47:48,373 - Epoch 5, Batch 200, lr = 0.00011, final_loss = 4.8540, nll_loss = 4.7707, ref_nll_loss = 4.9374, ivc_loss = 0.0528, neg_loss_1 = 0.0023, neg_loss_2 = 0.0006, ref_loss = 0.0194, div_loss = 0.0823, aux_loss = 0.0200, 0.237 seconds/batch
2026-04-20 11:48:00,191 - Epoch 5, Batch 250, lr = 0.00011, final_loss = 4.8040, nll_loss = 4.7171, ref_nll_loss = 4.8910, ivc_loss = 0.0469, neg_loss_1 = 0.0015, neg_loss_2 = 0.0004, ref_loss = 0.0174, div_loss = 0.0836, aux_loss = 0.0201, 0.237 seconds/batch
2026-04-20 11:48:12,048 - Epoch 5, Batch 300, lr = 0.00011, final_loss = 4.8277, nll_loss = 4.7412, ref_nll_loss = 4.9143, ivc_loss = 0.0496, neg_loss_1 = 0.0010, neg_loss_2 = 0.0001, ref_loss = 0.0194, div_loss = 0.0870, aux_loss = 0.0200, 0.237 seconds/batch
2026-04-20 11:48:23,890 - Epoch 5, Batch 350, lr = 0.00011, final_loss = 4.8405, nll_loss = 4.7530, ref_nll_loss = 4.9279, ivc_loss = 0.0445, neg_loss_1 = 0.0014, neg_loss_2 = 0.0001, ref_loss = 0.0165, div_loss = 0.0845, aux_loss = 0.0201, 0.237 seconds/batch
2026-04-20 11:48:35,716 - Epoch 5, Batch 400, lr = 0.00011, final_loss = 4.8278, nll_loss = 4.7437, ref_nll_loss = 4.9118, ivc_loss = 0.0522, neg_loss_1 = 0.0007, neg_loss_2 = 0.0005, ref_loss = 0.0204, div_loss = 0.0884, aux_loss = 0.0201, 0.237 seconds/batch
2026-04-20 11:48:47,606 - Epoch 5, Batch 450, lr = 0.00011, final_loss = 4.8132, nll_loss = 4.7279, ref_nll_loss = 4.8984, ivc_loss = 0.0485, neg_loss_1 = 0.0008, neg_loss_2 = 0.0001, ref_loss = 0.0190, div_loss = 0.0869, aux_loss = 0.0201, 0.237 seconds/batch
2026-04-20 11:48:59,445 - Epoch 5, Batch 500, lr = 0.00011, final_loss = 4.8015, nll_loss = 4.7168, ref_nll_loss = 4.8862, ivc_loss = 0.0508, neg_loss_1 = 0.0009, neg_loss_2 = 0.0010, ref_loss = 0.0192, div_loss = 0.0861, aux_loss = 0.0201, 0.237 seconds/batch
2026-04-20 11:49:11,349 - Epoch 5, Batch 550, lr = 0.00011, final_loss = 4.8505, nll_loss = 4.7663, ref_nll_loss = 4.9346, ivc_loss = 0.0534, neg_loss_1 = 0.0010, neg_loss_2 = 0.0002, ref_loss = 0.0209, div_loss = 0.0913, aux_loss = 0.0200, 0.237 seconds/batch
2026-04-20 11:49:23,229 - Epoch 5, Batch 600, lr = 0.00011, final_loss = 4.7855, nll_loss = 4.6985, ref_nll_loss = 4.8725, ivc_loss = 0.0492, neg_loss_1 = 0.0018, neg_loss_2 = 0.0003, ref_loss = 0.0182, div_loss = 0.0867, aux_loss = 0.0200, 0.237 seconds/batch
2026-04-20 11:49:35,131 - Epoch 5, Batch 650, lr = 0.00011, final_loss = 4.7963, nll_loss = 4.7120, ref_nll_loss = 4.8805, ivc_loss = 0.0519, neg_loss_1 = 0.0012, neg_loss_2 = 0.0001, ref_loss = 0.0204, div_loss = 0.0854, aux_loss = 0.0200, 0.237 seconds/batch
2026-04-20 11:49:47,118 - Epoch 5, Batch 700, lr = 0.00011, final_loss = 4.8127, nll_loss = 4.7315, ref_nll_loss = 4.8938, ivc_loss = 0.0573, neg_loss_1 = 0.0017, neg_loss_2 = 0.0005, ref_loss = 0.0220, div_loss = 0.0887, aux_loss = 0.0200, 0.237 seconds/batch
2026-04-20 11:49:59,082 - Epoch 5, Batch 750, lr = 0.00011, final_loss = 4.7907, nll_loss = 4.7025, ref_nll_loss = 4.8789, ivc_loss = 0.0498, neg_loss_1 = 0.0007, neg_loss_2 = 0.0001, ref_loss = 0.0195, div_loss = 0.0917, aux_loss = 0.0200, 0.238 seconds/batch
2026-04-20 11:50:11,050 - Epoch 5, Batch 800, lr = 0.00011, final_loss = 4.8149, nll_loss = 4.7290, ref_nll_loss = 4.9008, ivc_loss = 0.0470, neg_loss_1 = 0.0007, neg_loss_2 = 0.0001, ref_loss = 0.0183, div_loss = 0.0882, aux_loss = 0.0200, 0.238 seconds/batch
2026-04-20 11:50:22,960 - Epoch 5, Batch 850, lr = 0.00011, final_loss = 4.7893, nll_loss = 4.7082, ref_nll_loss = 4.8704, ivc_loss = 0.0519, neg_loss_1 = 0.0011, neg_loss_2 = 0.0003, ref_loss = 0.0203, div_loss = 0.0867, aux_loss = 0.0200, 0.238 seconds/batch
2026-04-20 11:50:34,877 - Epoch 5, Batch 900, lr = 0.00011, final_loss = 4.8233, nll_loss = 4.7402, ref_nll_loss = 4.9064, ivc_loss = 0.0535, neg_loss_1 = 0.0016, neg_loss_2 = 0.0002, ref_loss = 0.0207, div_loss = 0.0870, aux_loss = 0.0201, 0.238 seconds/batch
2026-04-20 11:50:46,761 - Epoch 5, Batch 950, lr = 0.00011, final_loss = 4.7990, nll_loss = 4.7173, ref_nll_loss = 4.8807, ivc_loss = 0.0496, neg_loss_1 = 0.0015, neg_loss_2 = 0.0000, ref_loss = 0.0188, div_loss = 0.0892, aux_loss = 0.0200, 0.238 seconds/batch
2026-04-20 11:50:58,613 - Epoch 5, Batch 1000, lr = 0.00011, final_loss = 4.7680, nll_loss = 4.6822, ref_nll_loss = 4.8538, ivc_loss = 0.0499, neg_loss_1 = 0.0014, neg_loss_2 = 0.0001, ref_loss = 0.0190, div_loss = 0.0889, aux_loss = 0.0200, 0.238 seconds/batch
2026-04-20 11:51:10,484 - Epoch 5, Batch 1050, lr = 0.00011, final_loss = 4.7464, nll_loss = 4.6579, ref_nll_loss = 4.8350, ivc_loss = 0.0442, neg_loss_1 = 0.0005, neg_loss_2 = 0.0005, ref_loss = 0.0167, div_loss = 0.0882, aux_loss = 0.0201, 0.238 seconds/batch
2026-04-20 11:51:22,412 - Epoch 5, Batch 1100, lr = 0.00011, final_loss = 4.8197, nll_loss = 4.7322, ref_nll_loss = 4.9073, ivc_loss = 0.0455, neg_loss_1 = 0.0014, neg_loss_2 = 0.0001, ref_loss = 0.0166, div_loss = 0.0934, aux_loss = 0.0201, 0.238 seconds/batch
2026-04-20 11:51:34,294 - Epoch 5, Batch 1150, lr = 0.00010, final_loss = 4.7792, nll_loss = 4.6943, ref_nll_loss = 4.8641, ivc_loss = 0.0523, neg_loss_1 = 0.0012, neg_loss_2 = 0.0005, ref_loss = 0.0202, div_loss = 0.0870, aux_loss = 0.0200, 0.238 seconds/batch
2026-04-20 11:51:38,939 - Epoch 5, Batch 1170, lr = 0.00010, final_loss = 4.7809, nll_loss = 4.6936, ref_nll_loss = 4.8682, ivc_loss = 0.0484, neg_loss_1 = 0.0013, neg_loss_2 = 0.0000, ref_loss = 0.0184, div_loss = 0.0887, aux_loss = 0.0200, 0.238 seconds/batch
2026-04-20 11:51:39,007 - save model to checkpoints/activitynet_moe2/cpl_moe2/model-5.pt, num_updates 5850.
2026-04-20 11:53:31,880 - | R@1,mIoU 0.3645 | R@1,IoU@0.1 0.8189 | R@1,IoU@0.3 0.5190 | R@1,IoU@0.5 0.2797 | R@1,IoU@0.7 0.1420 | R@1,IoU@0.9 0.0526 | R@5,mIoU 0.4401 | R@5,IoU@0.1 0.8783 | R@5,IoU@0.3 0.6199 | R@5,IoU@0.5 0.4070 | R@5,IoU@0.7 0.2056 | R@5,IoU@0.9 0.0887 |
2026-04-20 11:53:32,057 - Best results have been updated.
2026-04-20 11:53:32,057 - ============================================================
2026-04-20 11:53:32,057 - Start Epoch 6
2026-04-20 11:53:44,165 - Epoch 6, Batch 50, lr = 0.00010, final_loss = 4.7640, nll_loss = 4.6755, ref_nll_loss = 4.8525, ivc_loss = 0.0471, neg_loss_1 = 0.0010, neg_loss_2 = 0.0003, ref_loss = 0.0178, div_loss = 0.0896, aux_loss = 0.0201, 0.242 seconds/batch
2026-04-20 11:53:55,980 - Epoch 6, Batch 100, lr = 0.00010, final_loss = 4.7619, nll_loss = 4.6724, ref_nll_loss = 4.8515, ivc_loss = 0.0488, neg_loss_1 = 0.0022, neg_loss_2 = 0.0006, ref_loss = 0.0171, div_loss = 0.0907, aux_loss = 0.0200, 0.239 seconds/batch
2026-04-20 11:54:07,853 - Epoch 6, Batch 150, lr = 0.00010, final_loss = 4.7319, nll_loss = 4.6453, ref_nll_loss = 4.8184, ivc_loss = 0.0479, neg_loss_1 = 0.0013, neg_loss_2 = 0.0004, ref_loss = 0.0177, div_loss = 0.0916, aux_loss = 0.0200, 0.239 seconds/batch
2026-04-20 11:54:19,751 - Epoch 6, Batch 200, lr = 0.00010, final_loss = 4.7261, nll_loss = 4.6360, ref_nll_loss = 4.8163, ivc_loss = 0.0444, neg_loss_1 = 0.0010, neg_loss_2 = 0.0003, ref_loss = 0.0164, div_loss = 0.0898, aux_loss = 0.0200, 0.238 seconds/batch
2026-04-20 11:54:31,656 - Epoch 6, Batch 250, lr = 0.00010, final_loss = 4.7371, nll_loss = 4.6505, ref_nll_loss = 4.8237, ivc_loss = 0.0480, neg_loss_1 = 0.0009, neg_loss_2 = 0.0003, ref_loss = 0.0181, div_loss = 0.0941, aux_loss = 0.0201, 0.238 seconds/batch
2026-04-20 11:54:43,527 - Epoch 6, Batch 300, lr = 0.00010, final_loss = 4.7280, nll_loss = 4.6356, ref_nll_loss = 4.8204, ivc_loss = 0.0462, neg_loss_1 = 0.0013, neg_loss_2 = 0.0001, ref_loss = 0.0171, div_loss = 0.0920, aux_loss = 0.0201, 0.238 seconds/batch
2026-04-20 11:54:55,376 - Epoch 6, Batch 350, lr = 0.00010, final_loss = 4.7624, nll_loss = 4.6702, ref_nll_loss = 4.8547, ivc_loss = 0.0442, neg_loss_1 = 0.0012, neg_loss_2 = 0.0001, ref_loss = 0.0163, div_loss = 0.0902, aux_loss = 0.0200, 0.238 seconds/batch
2026-04-20 11:55:07,325 - Epoch 6, Batch 400, lr = 0.00010, final_loss = 4.7456, nll_loss = 4.6583, ref_nll_loss = 4.8328, ivc_loss = 0.0503, neg_loss_1 = 0.0018, neg_loss_2 = 0.0003, ref_loss = 0.0187, div_loss = 0.0880, aux_loss = 0.0200, 0.238 seconds/batch
2026-04-20 11:55:19,210 - Epoch 6, Batch 450, lr = 0.00010, final_loss = 4.7328, nll_loss = 4.6444, ref_nll_loss = 4.8212, ivc_loss = 0.0463, neg_loss_1 = 0.0010, neg_loss_2 = 0.0002, ref_loss = 0.0177, div_loss = 0.0834, aux_loss = 0.0201, 0.238 seconds/batch
2026-04-20 11:55:31,092 - Epoch 6, Batch 500, lr = 0.00010, final_loss = 4.7060, nll_loss = 4.6188, ref_nll_loss = 4.7932, ivc_loss = 0.0485, neg_loss_1 = 0.0011, neg_loss_2 = 0.0002, ref_loss = 0.0186, div_loss = 0.0861, aux_loss = 0.0200, 0.238 seconds/batch
2026-04-20 11:55:42,998 - Epoch 6, Batch 550, lr = 0.00010, final_loss = 4.6850, nll_loss = 4.5948, ref_nll_loss = 4.7751, ivc_loss = 0.0465, neg_loss_1 = 0.0006, neg_loss_2 = 0.0002, ref_loss = 0.0181, div_loss = 0.0877, aux_loss = 0.0200, 0.238 seconds/batch
2026-04-20 11:55:54,951 - Epoch 6, Batch 600, lr = 0.00010, final_loss = 4.7127, nll_loss = 4.6232, ref_nll_loss = 4.8022, ivc_loss = 0.0459, neg_loss_1 = 0.0009, neg_loss_2 = 0.0002, ref_loss = 0.0176, div_loss = 0.0860, aux_loss = 0.0200, 0.238 seconds/batch
2026-04-20 11:56:06,957 - Epoch 6, Batch 650, lr = 0.00010, final_loss = 4.7557, nll_loss = 4.6633, ref_nll_loss = 4.8481, ivc_loss = 0.0438, neg_loss_1 = 0.0010, neg_loss_2 = 0.0002, ref_loss = 0.0163, div_loss = 0.0884, aux_loss = 0.0200, 0.238 seconds/batch
2026-04-20 11:56:18,892 - Epoch 6, Batch 700, lr = 0.00010, final_loss = 4.7367, nll_loss = 4.6493, ref_nll_loss = 4.8241, ivc_loss = 0.0495, neg_loss_1 = 0.0008, neg_loss_2 = 0.0006, ref_loss = 0.0188, div_loss = 0.0930, aux_loss = 0.0200, 0.238 seconds/batch
2026-04-20 11:56:30,874 - Epoch 6, Batch 750, lr = 0.00010, final_loss = 4.7403, nll_loss = 4.6469, ref_nll_loss = 4.8337, ivc_loss = 0.0428, neg_loss_1 = 0.0010, neg_loss_2 = 0.0005, ref_loss = 0.0152, div_loss = 0.0956, aux_loss = 0.0200, 0.238 seconds/batch
2026-04-20 11:56:42,811 - Epoch 6, Batch 800, lr = 0.00010, final_loss = 4.7569, nll_loss = 4.6678, ref_nll_loss = 4.8460, ivc_loss = 0.0511, neg_loss_1 = 0.0017, neg_loss_2 = 0.0002, ref_loss = 0.0188, div_loss = 0.0950, aux_loss = 0.0200, 0.238 seconds/batch
2026-04-20 11:56:54,763 - Epoch 6, Batch 850, lr = 0.00010, final_loss = 4.7485, nll_loss = 4.6554, ref_nll_loss = 4.8416, ivc_loss = 0.0420, neg_loss_1 = 0.0009, neg_loss_2 = 0.0000, ref_loss = 0.0154, div_loss = 0.0936, aux_loss = 0.0200, 0.238 seconds/batch
2026-04-20 11:57:06,676 - Epoch 6, Batch 900, lr = 0.00010, final_loss = 4.6644, nll_loss = 4.5737, ref_nll_loss = 4.7552, ivc_loss = 0.0466, neg_loss_1 = 0.0009, neg_loss_2 = 0.0005, ref_loss = 0.0171, div_loss = 0.0970, aux_loss = 0.0200, 0.238 seconds/batch
2026-04-20 11:57:18,675 - Epoch 6, Batch 950, lr = 0.00010, final_loss = 4.7211, nll_loss = 4.6289, ref_nll_loss = 4.8134, ivc_loss = 0.0427, neg_loss_1 = 0.0005, neg_loss_2 = 0.0002, ref_loss = 0.0157, div_loss = 0.0995, aux_loss = 0.0200, 0.239 seconds/batch
2026-04-20 11:57:30,546 - Epoch 6, Batch 1000, lr = 0.00010, final_loss = 4.7024, nll_loss = 4.6119, ref_nll_loss = 4.7928, ivc_loss = 0.0451, neg_loss_1 = 0.0004, neg_loss_2 = 0.0006, ref_loss = 0.0168, div_loss = 0.0960, aux_loss = 0.0200, 0.238 seconds/batch
2026-04-20 11:57:42,394 - Epoch 6, Batch 1050, lr = 0.00010, final_loss = 4.6966, nll_loss = 4.6014, ref_nll_loss = 4.7917, ivc_loss = 0.0453, neg_loss_1 = 0.0008, neg_loss_2 = 0.0005, ref_loss = 0.0162, div_loss = 0.1022, aux_loss = 0.0200, 0.238 seconds/batch
2026-04-20 11:57:54,264 - Epoch 6, Batch 1100, lr = 0.00010, final_loss = 4.7058, nll_loss = 4.6111, ref_nll_loss = 4.8005, ivc_loss = 0.0462, neg_loss_1 = 0.0011, neg_loss_2 = 0.0005, ref_loss = 0.0163, div_loss = 0.1042, aux_loss = 0.0200, 0.238 seconds/batch
2026-04-20 11:58:06,142 - Epoch 6, Batch 1150, lr = 0.00010, final_loss = 4.7228, nll_loss = 4.6305, ref_nll_loss = 4.8150, ivc_loss = 0.0484, neg_loss_1 = 0.0012, neg_loss_2 = 0.0010, ref_loss = 0.0170, div_loss = 0.1014, aux_loss = 0.0200, 0.238 seconds/batch
2026-04-20 11:58:10,815 - Epoch 6, Batch 1170, lr = 0.00010, final_loss = 4.7212, nll_loss = 4.6221, ref_nll_loss = 4.8203, ivc_loss = 0.0407, neg_loss_1 = 0.0001, neg_loss_2 = 0.0004, ref_loss = 0.0146, div_loss = 0.1055, aux_loss = 0.0200, 0.238 seconds/batch
2026-04-20 11:58:10,891 - save model to checkpoints/activitynet_moe2/cpl_moe2/model-6.pt, num_updates 7020.
2026-04-20 12:00:04,017 - | R@1,mIoU 0.3562 | R@1,IoU@0.1 0.8058 | R@1,IoU@0.3 0.5084 | R@1,IoU@0.5 0.2670 | R@1,IoU@0.7 0.1382 | R@1,IoU@0.9 0.0531 | R@5,mIoU 0.4206 | R@5,IoU@0.1 0.8635 | R@5,IoU@0.3 0.5905 | R@5,IoU@0.5 0.3715 | R@5,IoU@0.7 0.1893 | R@5,IoU@0.9 0.0922 |
2026-04-20 12:00:04,017 - ============================================================
2026-04-20 12:00:04,017 - Start Epoch 7
2026-04-20 12:00:16,266 - Epoch 7, Batch 50, lr = 0.00010, final_loss = 4.6413, nll_loss = 4.5457, ref_nll_loss = 4.7369, ivc_loss = 0.0434, neg_loss_1 = 0.0007, neg_loss_2 = 0.0002, ref_loss = 0.0155, div_loss = 0.1056, aux_loss = 0.0200, 0.245 seconds/batch
2026-04-20 12:00:28,083 - Epoch 7, Batch 100, lr = 0.00009, final_loss = 4.6608, nll_loss = 4.5660, ref_nll_loss = 4.7556, ivc_loss = 0.0431, neg_loss_1 = 0.0008, neg_loss_2 = 0.0003, ref_loss = 0.0154, div_loss = 0.1027, aux_loss = 0.0200, 0.241 seconds/batch
2026-04-20 12:00:39,896 - Epoch 7, Batch 150, lr = 0.00009, final_loss = 4.6366, nll_loss = 4.5407, ref_nll_loss = 4.7326, ivc_loss = 0.0423, neg_loss_1 = 0.0006, neg_loss_2 = 0.0002, ref_loss = 0.0152, div_loss = 0.1011, aux_loss = 0.0200, 0.239 seconds/batch
2026-04-20 12:00:51,734 - Epoch 7, Batch 200, lr = 0.00009, final_loss = 4.6637, nll_loss = 4.5663, ref_nll_loss = 4.7611, ivc_loss = 0.0399, neg_loss_1 = 0.0006, neg_loss_2 = 0.0002, ref_loss = 0.0139, div_loss = 0.1031, aux_loss = 0.0200, 0.239 seconds/batch
2026-04-20 12:01:03,620 - Epoch 7, Batch 250, lr = 0.00009, final_loss = 4.6757, nll_loss = 4.5788, ref_nll_loss = 4.7725, ivc_loss = 0.0427, neg_loss_1 = 0.0005, neg_loss_2 = 0.0004, ref_loss = 0.0153, div_loss = 0.1021, aux_loss = 0.0200, 0.238 seconds/batch
2026-04-20 12:01:15,437 - Epoch 7, Batch 300, lr = 0.00009, final_loss = 4.6858, nll_loss = 4.5882, ref_nll_loss = 4.7834, ivc_loss = 0.0425, neg_loss_1 = 0.0011, neg_loss_2 = 0.0003, ref_loss = 0.0147, div_loss = 0.1041, aux_loss = 0.0200, 0.238 seconds/batch
2026-04-20 12:01:27,307 - Epoch 7, Batch 350, lr = 0.00009, final_loss = 4.6913, nll_loss = 4.5935, ref_nll_loss = 4.7891, ivc_loss = 0.0411, neg_loss_1 = 0.0010, neg_loss_2 = 0.0002, ref_loss = 0.0140, div_loss = 0.1066, aux_loss = 0.0200, 0.238 seconds/batch
2026-04-20 12:01:39,212 - Epoch 7, Batch 400, lr = 0.00009, final_loss = 4.6642, nll_loss = 4.5676, ref_nll_loss = 4.7609, ivc_loss = 0.0416, neg_loss_1 = 0.0004, neg_loss_2 = 0.0008, ref_loss = 0.0141, div_loss = 0.1104, aux_loss = 0.0200, 0.238 seconds/batch
2026-04-20 12:01:51,083 - Epoch 7, Batch 450, lr = 0.00009, final_loss = 4.6732, nll_loss = 4.5749, ref_nll_loss = 4.7715, ivc_loss = 0.0417, neg_loss_1 = 0.0003, neg_loss_2 = 0.0006, ref_loss = 0.0146, div_loss = 0.1083, aux_loss = 0.0200, 0.238 seconds/batch
2026-04-20 12:02:03,030 - Epoch 7, Batch 500, lr = 0.00009, final_loss = 4.6710, nll_loss = 4.5716, ref_nll_loss = 4.7703, ivc_loss = 0.0391, neg_loss_1 = 0.0007, neg_loss_2 = 0.0008, ref_loss = 0.0128, div_loss = 0.1076, aux_loss = 0.0200, 0.238 seconds/batch
2026-04-20 12:02:15,075 - Epoch 7, Batch 550, lr = 0.00009, final_loss = 4.7005, nll_loss = 4.6065, ref_nll_loss = 4.7946, ivc_loss = 0.0415, neg_loss_1 = 0.0007, neg_loss_2 = 0.0004, ref_loss = 0.0146, div_loss = 0.1012, aux_loss = 0.0200, 0.238 seconds/batch
2026-04-20 12:02:26,993 - Epoch 7, Batch 600, lr = 0.00009, final_loss = 4.6151, nll_loss = 4.5213, ref_nll_loss = 4.7089, ivc_loss = 0.0446, neg_loss_1 = 0.0005, neg_loss_2 = 0.0002, ref_loss = 0.0165, div_loss = 0.1010, aux_loss = 0.0200, 0.238 seconds/batch
2026-04-20 12:02:38,985 - Epoch 7, Batch 650, lr = 0.00009, final_loss = 4.6523, nll_loss = 4.5548, ref_nll_loss = 4.7498, ivc_loss = 0.0424, neg_loss_1 = 0.0008, neg_loss_2 = 0.0002, ref_loss = 0.0152, div_loss = 0.1010, aux_loss = 0.0200, 0.238 seconds/batch
2026-04-20 12:02:50,901 - Epoch 7, Batch 700, lr = 0.00009, final_loss = 4.6435, nll_loss = 4.5487, ref_nll_loss = 4.7384, ivc_loss = 0.0436, neg_loss_1 = 0.0007, neg_loss_2 = 0.0003, ref_loss = 0.0158, div_loss = 0.0989, aux_loss = 0.0200, 0.238 seconds/batch
2026-04-20 12:03:02,808 - Epoch 7, Batch 750, lr = 0.00009, final_loss = 4.6883, nll_loss = 4.5890, ref_nll_loss = 4.7876, ivc_loss = 0.0402, neg_loss_1 = 0.0009, neg_loss_2 = 0.0003, ref_loss = 0.0138, div_loss = 0.1031, aux_loss = 0.0200, 0.238 seconds/batch
2026-04-20 12:03:14,684 - Epoch 7, Batch 800, lr = 0.00009, final_loss = 4.6323, nll_loss = 4.5323, ref_nll_loss = 4.7323, ivc_loss = 0.0421, neg_loss_1 = 0.0007, neg_loss_2 = 0.0003, ref_loss = 0.0147, div_loss = 0.1068, aux_loss = 0.0200, 0.238 seconds/batch
2026-04-20 12:03:26,663 - Epoch 7, Batch 850, lr = 0.00009, final_loss = 4.6517, nll_loss = 4.5561, ref_nll_loss = 4.7473, ivc_loss = 0.0428, neg_loss_1 = 0.0005, neg_loss_2 = 0.0002, ref_loss = 0.0155, div_loss = 0.1048, aux_loss = 0.0200, 0.238 seconds/batch
2026-04-20 12:03:38,562 - Epoch 7, Batch 900, lr = 0.00009, final_loss = 4.6749, nll_loss = 4.5783, ref_nll_loss = 4.7715, ivc_loss = 0.0433, neg_loss_1 = 0.0006, neg_loss_2 = 0.0001, ref_loss = 0.0157, div_loss = 0.1052, aux_loss = 0.0200, 0.238 seconds/batch
2026-04-20 12:03:50,513 - Epoch 7, Batch 950, lr = 0.00009, final_loss = 4.6428, nll_loss = 4.5470, ref_nll_loss = 4.7385, ivc_loss = 0.0419, neg_loss_1 = 0.0008, neg_loss_2 = 0.0001, ref_loss = 0.0149, div_loss = 0.1033, aux_loss = 0.0200, 0.238 seconds/batch
2026-04-20 12:04:02,400 - Epoch 7, Batch 1000, lr = 0.00009, final_loss = 4.6582, nll_loss = 4.5584, ref_nll_loss = 4.7579, ivc_loss = 0.0410, neg_loss_1 = 0.0002, neg_loss_2 = 0.0003, ref_loss = 0.0149, div_loss = 0.1020, aux_loss = 0.0200, 0.238 seconds/batch
2026-04-20 12:04:14,291 - Epoch 7, Batch 1050, lr = 0.00009, final_loss = 4.6584, nll_loss = 4.5588, ref_nll_loss = 4.7580, ivc_loss = 0.0425, neg_loss_1 = 0.0010, neg_loss_2 = 0.0007, ref_loss = 0.0143, div_loss = 0.1026, aux_loss = 0.0200, 0.238 seconds/batch
2026-04-20 12:04:26,219 - Epoch 7, Batch 1100, lr = 0.00009, final_loss = 4.6536, nll_loss = 4.5556, ref_nll_loss = 4.7516, ivc_loss = 0.0412, neg_loss_1 = 0.0009, neg_loss_2 = 0.0002, ref_loss = 0.0143, div_loss = 0.1054, aux_loss = 0.0200, 0.238 seconds/batch
2026-04-20 12:04:38,179 - Epoch 7, Batch 1150, lr = 0.00009, final_loss = 4.6576, nll_loss = 4.5600, ref_nll_loss = 4.7552, ivc_loss = 0.0401, neg_loss_1 = 0.0006, neg_loss_2 = 0.0004, ref_loss = 0.0139, div_loss = 0.1031, aux_loss = 0.0200, 0.238 seconds/batch
2026-04-20 12:04:42,946 - Epoch 7, Batch 1170, lr = 0.00009, final_loss = 4.6387, nll_loss = 4.5391, ref_nll_loss = 4.7383, ivc_loss = 0.0393, neg_loss_1 = 0.0014, neg_loss_2 = 0.0002, ref_loss = 0.0129, div_loss = 0.1022, aux_loss = 0.0200, 0.238 seconds/batch
2026-04-20 12:04:43,013 - save model to checkpoints/activitynet_moe2/cpl_moe2/model-7.pt, num_updates 8190.
2026-04-20 12:06:36,090 - | R@1,mIoU 0.3570 | R@1,IoU@0.1 0.8105 | R@1,IoU@0.3 0.5094 | R@1,IoU@0.5 0.2680 | R@1,IoU@0.7 0.1377 | R@1,IoU@0.9 0.0442 | R@5,mIoU 0.4258 | R@5,IoU@0.1 0.8709 | R@5,IoU@0.3 0.5969 | R@5,IoU@0.5 0.3750 | R@5,IoU@0.7 0.1927 | R@5,IoU@0.9 0.0945 |
2026-04-20 12:06:36,090 - ============================================================
2026-04-20 12:06:36,090 - Start Epoch 8
2026-04-20 12:06:48,151 - Epoch 8, Batch 50, lr = 0.00009, final_loss = 4.5963, nll_loss = 4.4959, ref_nll_loss = 4.6967, ivc_loss = 0.0413, neg_loss_1 = 0.0006, neg_loss_2 = 0.0008, ref_loss = 0.0142, div_loss = 0.1006, aux_loss = 0.0200, 0.241 seconds/batch
2026-04-20 12:06:59,946 - Epoch 8, Batch 100, lr = 0.00009, final_loss = 4.6242, nll_loss = 4.5250, ref_nll_loss = 4.7234, ivc_loss = 0.0423, neg_loss_1 = 0.0010, neg_loss_2 = 0.0006, ref_loss = 0.0144, div_loss = 0.1051, aux_loss = 0.0200, 0.239 seconds/batch
2026-04-20 12:07:11,777 - Epoch 8, Batch 150, lr = 0.00009, final_loss = 4.6087, nll_loss = 4.5109, ref_nll_loss = 4.7065, ivc_loss = 0.0395, neg_loss_1 = 0.0007, neg_loss_2 = 0.0002, ref_loss = 0.0137, div_loss = 0.1031, aux_loss = 0.0200, 0.238 seconds/batch
2026-04-20 12:07:23,637 - Epoch 8, Batch 200, lr = 0.00009, final_loss = 4.5996, nll_loss = 4.4992, ref_nll_loss = 4.6999, ivc_loss = 0.0427, neg_loss_1 = 0.0004, neg_loss_2 = 0.0005, ref_loss = 0.0150, div_loss = 0.1106, aux_loss = 0.0200, 0.238 seconds/batch
2026-04-20 12:07:35,485 - Epoch 8, Batch 250, lr = 0.00009, final_loss = 4.6177, nll_loss = 4.5189, ref_nll_loss = 4.7165, ivc_loss = 0.0426, neg_loss_1 = 0.0004, neg_loss_2 = 0.0003, ref_loss = 0.0152, div_loss = 0.1062, aux_loss = 0.0200, 0.238 seconds/batch
2026-04-20 12:07:47,435 - Epoch 8, Batch 300, lr = 0.00009, final_loss = 4.5798, nll_loss = 4.4784, ref_nll_loss = 4.6812, ivc_loss = 0.0391, neg_loss_1 = 0.0003, neg_loss_2 = 0.0002, ref_loss = 0.0139, div_loss = 0.1043, aux_loss = 0.0200, 0.238 seconds/batch
2026-04-20 12:07:59,348 - Epoch 8, Batch 350, lr = 0.00009, final_loss = 4.5974, nll_loss = 4.4985, ref_nll_loss = 4.6962, ivc_loss = 0.0419, neg_loss_1 = 0.0007, neg_loss_2 = 0.0002, ref_loss = 0.0147, div_loss = 0.1057, aux_loss = 0.0200, 0.238 seconds/batch
2026-04-20 12:08:11,215 - Epoch 8, Batch 400, lr = 0.00009, final_loss = 4.6131, nll_loss = 4.5138, ref_nll_loss = 4.7124, ivc_loss = 0.0384, neg_loss_1 = 0.0004, neg_loss_2 = 0.0001, ref_loss = 0.0135, div_loss = 0.1048, aux_loss = 0.0200, 0.238 seconds/batch
2026-04-20 12:08:23,114 - Epoch 8, Batch 450, lr = 0.00009, final_loss = 4.6122, nll_loss = 4.5150, ref_nll_loss = 4.7095, ivc_loss = 0.0434, neg_loss_1 = 0.0009, neg_loss_2 = 0.0003, ref_loss = 0.0150, div_loss = 0.1093, aux_loss = 0.0200, 0.238 seconds/batch
2026-04-20 12:08:35,004 - Epoch 8, Batch 500, lr = 0.00009, final_loss = 4.6238, nll_loss = 4.5201, ref_nll_loss = 4.7275, ivc_loss = 0.0368, neg_loss_1 = 0.0008, neg_loss_2 = 0.0001, ref_loss = 0.0120, div_loss = 0.1094, aux_loss = 0.0200, 0.238 seconds/batch
2026-04-20 12:08:46,881 - Epoch 8, Batch 550, lr = 0.00009, final_loss = 4.6085, nll_loss = 4.5056, ref_nll_loss = 4.7114, ivc_loss = 0.0364, neg_loss_1 = 0.0001, neg_loss_2 = 0.0001, ref_loss = 0.0126, div_loss = 0.1067, aux_loss = 0.0200, 0.238 seconds/batch
2026-04-20 12:08:58,785 - Epoch 8, Batch 600, lr = 0.00009, final_loss = 4.5286, nll_loss = 4.4257, ref_nll_loss = 4.6315, ivc_loss = 0.0358, neg_loss_1 = 0.0005, neg_loss_2 = 0.0002, ref_loss = 0.0120, div_loss = 0.1046, aux_loss = 0.0200, 0.238 seconds/batch
2026-04-20 12:09:10,662 - Epoch 8, Batch 650, lr = 0.00009, final_loss = 4.6291, nll_loss = 4.5305, ref_nll_loss = 4.7277, ivc_loss = 0.0396, neg_loss_1 = 0.0005, neg_loss_2 = 0.0001, ref_loss = 0.0141, div_loss = 0.1035, aux_loss = 0.0200, 0.238 seconds/batch
2026-04-20 12:09:22,535 - Epoch 8, Batch 700, lr = 0.00008, final_loss = 4.6211, nll_loss = 4.5196, ref_nll_loss = 4.7227, ivc_loss = 0.0395, neg_loss_1 = 0.0007, neg_loss_2 = 0.0001, ref_loss = 0.0134, div_loss = 0.1111, aux_loss = 0.0200, 0.238 seconds/batch
2026-04-20 12:09:34,404 - Epoch 8, Batch 750, lr = 0.00008, final_loss = 4.6304, nll_loss = 4.5295, ref_nll_loss = 4.7312, ivc_loss = 0.0399, neg_loss_1 = 0.0008, neg_loss_2 = 0.0004, ref_loss = 0.0131, div_loss = 0.1120, aux_loss = 0.0200, 0.238 seconds/batch
2026-04-20 12:09:46,364 - Epoch 8, Batch 800, lr = 0.00008, final_loss = 4.5556, nll_loss = 4.4553, ref_nll_loss = 4.6560, ivc_loss = 0.0408, neg_loss_1 = 0.0009, neg_loss_2 = 0.0003, ref_loss = 0.0136, div_loss = 0.1111, aux_loss = 0.0200, 0.238 seconds/batch
2026-04-20 12:09:58,223 - Epoch 8, Batch 850, lr = 0.00008, final_loss = 4.6113, nll_loss = 4.5135, ref_nll_loss = 4.7091, ivc_loss = 0.0432, neg_loss_1 = 0.0010, neg_loss_2 = 0.0003, ref_loss = 0.0149, div_loss = 0.1092, aux_loss = 0.0200, 0.238 seconds/batch
2026-04-20 12:10:10,146 - Epoch 8, Batch 900, lr = 0.00008, final_loss = 4.5820, nll_loss = 4.4787, ref_nll_loss = 4.6852, ivc_loss = 0.0371, neg_loss_1 = 0.0004, neg_loss_2 = 0.0002, ref_loss = 0.0122, div_loss = 0.1141, aux_loss = 0.0200, 0.238 seconds/batch
2026-04-20 12:10:22,250 - Epoch 8, Batch 950, lr = 0.00008, final_loss = 4.6083, nll_loss = 4.5049, ref_nll_loss = 4.7116, ivc_loss = 0.0390, neg_loss_1 = 0.0006, neg_loss_2 = 0.0001, ref_loss = 0.0133, div_loss = 0.1096, aux_loss = 0.0200, 0.238 seconds/batch
2026-04-20 12:10:34,171 - Epoch 8, Batch 1000, lr = 0.00008, final_loss = 4.6007, nll_loss = 4.4968, ref_nll_loss = 4.7047, ivc_loss = 0.0385, neg_loss_1 = 0.0005, neg_loss_2 = 0.0001, ref_loss = 0.0133, div_loss = 0.1067, aux_loss = 0.0200, 0.238 seconds/batch
2026-04-20 12:10:46,097 - Epoch 8, Batch 1050, lr = 0.00008, final_loss = 4.6074, nll_loss = 4.5067, ref_nll_loss = 4.7081, ivc_loss = 0.0363, neg_loss_1 = 0.0009, neg_loss_2 = 0.0004, ref_loss = 0.0117, div_loss = 0.1041, aux_loss = 0.0200, 0.238 seconds/batch
2026-04-20 12:10:58,030 - Epoch 8, Batch 1100, lr = 0.00008, final_loss = 4.6118, nll_loss = 4.5141, ref_nll_loss = 4.7096, ivc_loss = 0.0431, neg_loss_1 = 0.0003, neg_loss_2 = 0.0002, ref_loss = 0.0157, div_loss = 0.1050, aux_loss = 0.0200, 0.238 seconds/batch
2026-04-20 12:11:09,966 - Epoch 8, Batch 1150, lr = 0.00008, final_loss = 4.5680, nll_loss = 4.4648, ref_nll_loss = 4.6713, ivc_loss = 0.0387, neg_loss_1 = 0.0004, neg_loss_2 = 0.0003, ref_loss = 0.0133, div_loss = 0.1073, aux_loss = 0.0200, 0.238 seconds/batch
2026-04-20 12:11:14,673 - Epoch 8, Batch 1170, lr = 0.00008, final_loss = 4.5765, nll_loss = 4.4769, ref_nll_loss = 4.6761, ivc_loss = 0.0371, neg_loss_1 = 0.0005, neg_loss_2 = 0.0006, ref_loss = 0.0122, div_loss = 0.1038, aux_loss = 0.0200, 0.238 seconds/batch
2026-04-20 12:11:14,746 - save model to checkpoints/activitynet_moe2/cpl_moe2/model-8.pt, num_updates 9360.
2026-04-20 12:13:07,620 - | R@1,mIoU 0.3587 | R@1,IoU@0.1 0.8119 | R@1,IoU@0.3 0.5137 | R@1,IoU@0.5 0.2706 | R@1,IoU@0.7 0.1380 | R@1,IoU@0.9 0.0435 | R@5,mIoU 0.4210 | R@5,IoU@0.1 0.8645 | R@5,IoU@0.3 0.5920 | R@5,IoU@0.5 0.3727 | R@5,IoU@0.7 0.1896 | R@5,IoU@0.9 0.0914 |
2026-04-20 12:13:07,621 - ============================================================
2026-04-20 12:13:07,621 - Start Epoch 9
2026-04-20 12:13:19,870 - Epoch 9, Batch 50, lr = 0.00008, final_loss = 4.5412, nll_loss = 4.4391, ref_nll_loss = 4.6432, ivc_loss = 0.0371, neg_loss_1 = 0.0003, neg_loss_2 = 0.0001, ref_loss = 0.0129, div_loss = 0.1064, aux_loss = 0.0200, 0.245 seconds/batch
2026-04-20 12:13:32,096 - Epoch 9, Batch 100, lr = 0.00008, final_loss = 4.5601, nll_loss = 4.4600, ref_nll_loss = 4.6602, ivc_loss = 0.0396, neg_loss_1 = 0.0004, neg_loss_2 = 0.0004, ref_loss = 0.0137, div_loss = 0.1060, aux_loss = 0.0200, 0.245 seconds/batch
2026-04-20 12:13:44,253 - Epoch 9, Batch 150, lr = 0.00008, final_loss = 4.5707, nll_loss = 4.4674, ref_nll_loss = 4.6739, ivc_loss = 0.0359, neg_loss_1 = 0.0002, neg_loss_2 = 0.0002, ref_loss = 0.0124, div_loss = 0.1049, aux_loss = 0.0200, 0.244 seconds/batch
2026-04-20 12:13:56,453 - Epoch 9, Batch 200, lr = 0.00008, final_loss = 4.5386, nll_loss = 4.4422, ref_nll_loss = 4.6349, ivc_loss = 0.0407, neg_loss_1 = 0.0003, neg_loss_2 = 0.0002, ref_loss = 0.0146, div_loss = 0.1048, aux_loss = 0.0200, 0.244 seconds/batch
2026-04-20 12:14:08,286 - Epoch 9, Batch 250, lr = 0.00008, final_loss = 4.5663, nll_loss = 4.4638, ref_nll_loss = 4.6687, ivc_loss = 0.0375, neg_loss_1 = 0.0004, neg_loss_2 = 0.0003, ref_loss = 0.0126, div_loss = 0.1094, aux_loss = 0.0200, 0.243 seconds/batch
2026-04-20 12:14:20,141 - Epoch 9, Batch 300, lr = 0.00008, final_loss = 4.5564, nll_loss = 4.4521, ref_nll_loss = 4.6607, ivc_loss = 0.0390, neg_loss_1 = 0.0008, neg_loss_2 = 0.0003, ref_loss = 0.0128, div_loss = 0.1116, aux_loss = 0.0200, 0.242 seconds/batch
2026-04-20 12:14:31,982 - Epoch 9, Batch 350, lr = 0.00008, final_loss = 4.5803, nll_loss = 4.4739, ref_nll_loss = 4.6868, ivc_loss = 0.0361, neg_loss_1 = 0.0002, neg_loss_2 = 0.0002, ref_loss = 0.0123, div_loss = 0.1080, aux_loss = 0.0200, 0.241 seconds/batch
2026-04-20 12:14:43,808 - Epoch 9, Batch 400, lr = 0.00008, final_loss = 4.5475, nll_loss = 4.4447, ref_nll_loss = 4.6503, ivc_loss = 0.0408, neg_loss_1 = 0.0006, neg_loss_2 = 0.0005, ref_loss = 0.0140, div_loss = 0.1050, aux_loss = 0.0200, 0.240 seconds/batch
2026-04-20 12:14:55,891 - Epoch 9, Batch 450, lr = 0.00008, final_loss = 4.5389, nll_loss = 4.4386, ref_nll_loss = 4.6392, ivc_loss = 0.0413, neg_loss_1 = 0.0006, neg_loss_2 = 0.0006, ref_loss = 0.0144, div_loss = 0.1022, aux_loss = 0.0200, 0.241 seconds/batch
2026-04-20 12:15:07,799 - Epoch 9, Batch 500, lr = 0.00008, final_loss = 4.5330, nll_loss = 4.4250, ref_nll_loss = 4.6409, ivc_loss = 0.0379, neg_loss_1 = 0.0003, neg_loss_2 = 0.0011, ref_loss = 0.0122, div_loss = 0.1064, aux_loss = 0.0200, 0.240 seconds/batch
2026-04-20 12:15:19,714 - Epoch 9, Batch 550, lr = 0.00008, final_loss = 4.5466, nll_loss = 4.4406, ref_nll_loss = 4.6525, ivc_loss = 0.0356, neg_loss_1 = 0.0008, neg_loss_2 = 0.0002, ref_loss = 0.0114, div_loss = 0.1074, aux_loss = 0.0200, 0.240 seconds/batch
2026-04-20 12:15:31,701 - Epoch 9, Batch 600, lr = 0.00008, final_loss = 4.5668, nll_loss = 4.4627, ref_nll_loss = 4.6709, ivc_loss = 0.0370, neg_loss_1 = 0.0005, neg_loss_2 = 0.0001, ref_loss = 0.0128, div_loss = 0.1035, aux_loss = 0.0200, 0.240 seconds/batch
2026-04-20 12:15:43,613 - Epoch 9, Batch 650, lr = 0.00008, final_loss = 4.5264, nll_loss = 4.4240, ref_nll_loss = 4.6288, ivc_loss = 0.0410, neg_loss_1 = 0.0002, neg_loss_2 = 0.0008, ref_loss = 0.0142, div_loss = 0.1061, aux_loss = 0.0200, 0.240 seconds/batch
2026-04-20 12:15:55,613 - Epoch 9, Batch 700, lr = 0.00008, final_loss = 4.5537, nll_loss = 4.4526, ref_nll_loss = 4.6548, ivc_loss = 0.0389, neg_loss_1 = 0.0003, neg_loss_2 = 0.0008, ref_loss = 0.0134, div_loss = 0.1001, aux_loss = 0.0200, 0.240 seconds/batch
2026-04-20 12:16:07,498 - Epoch 9, Batch 750, lr = 0.00008, final_loss = 4.5382, nll_loss = 4.4350, ref_nll_loss = 4.6414, ivc_loss = 0.0404, neg_loss_1 = 0.0005, neg_loss_2 = 0.0008, ref_loss = 0.0140, div_loss = 0.0983, aux_loss = 0.0200, 0.240 seconds/batch
2026-04-20 12:16:19,401 - Epoch 9, Batch 800, lr = 0.00008, final_loss = 4.5622, nll_loss = 4.4602, ref_nll_loss = 4.6643, ivc_loss = 0.0376, neg_loss_1 = 0.0002, neg_loss_2 = 0.0006, ref_loss = 0.0129, div_loss = 0.1022, aux_loss = 0.0200, 0.240 seconds/batch
2026-04-20 12:16:31,240 - Epoch 9, Batch 850, lr = 0.00008, final_loss = 4.5433, nll_loss = 4.4399, ref_nll_loss = 4.6467, ivc_loss = 0.0372, neg_loss_1 = 0.0003, neg_loss_2 = 0.0004, ref_loss = 0.0127, div_loss = 0.1051, aux_loss = 0.0200, 0.240 seconds/batch
2026-04-20 12:16:43,118 - Epoch 9, Batch 900, lr = 0.00008, final_loss = 4.5786, nll_loss = 4.4736, ref_nll_loss = 4.6836, ivc_loss = 0.0384, neg_loss_1 = 0.0004, neg_loss_2 = 0.0002, ref_loss = 0.0132, div_loss = 0.1080, aux_loss = 0.0200, 0.239 seconds/batch
2026-04-20 12:16:54,995 - Epoch 9, Batch 950, lr = 0.00008, final_loss = 4.5436, nll_loss = 4.4356, ref_nll_loss = 4.6517, ivc_loss = 0.0352, neg_loss_1 = 0.0004, neg_loss_2 = 0.0004, ref_loss = 0.0114, div_loss = 0.1069, aux_loss = 0.0200, 0.239 seconds/batch
2026-04-20 12:17:06,873 - Epoch 9, Batch 1000, lr = 0.00008, final_loss = 4.5688, nll_loss = 4.4682, ref_nll_loss = 4.6694, ivc_loss = 0.0405, neg_loss_1 = 0.0004, neg_loss_2 = 0.0003, ref_loss = 0.0140, div_loss = 0.1087, aux_loss = 0.0200, 0.239 seconds/batch
2026-04-20 12:17:18,740 - Epoch 9, Batch 1050, lr = 0.00008, final_loss = 4.5578, nll_loss = 4.4545, ref_nll_loss = 4.6611, ivc_loss = 0.0386, neg_loss_1 = 0.0003, neg_loss_2 = 0.0007, ref_loss = 0.0128, div_loss = 0.1094, aux_loss = 0.0200, 0.239 seconds/batch
2026-04-20 12:17:30,741 - Epoch 9, Batch 1100, lr = 0.00008, final_loss = 4.5855, nll_loss = 4.4801, ref_nll_loss = 4.6909, ivc_loss = 0.0378, neg_loss_1 = 0.0004, neg_loss_2 = 0.0004, ref_loss = 0.0126, div_loss = 0.1092, aux_loss = 0.0200, 0.239 seconds/batch
2026-04-20 12:17:42,609 - Epoch 9, Batch 1150, lr = 0.00008, final_loss = 4.5217, nll_loss = 4.4162, ref_nll_loss = 4.6272, ivc_loss = 0.0397, neg_loss_1 = 0.0007, neg_loss_2 = 0.0006, ref_loss = 0.0129, div_loss = 0.1139, aux_loss = 0.0200, 0.239 seconds/batch
2026-04-20 12:17:47,344 - Epoch 9, Batch 1170, lr = 0.00008, final_loss = 4.5445, nll_loss = 4.4436, ref_nll_loss = 4.6454, ivc_loss = 0.0356, neg_loss_1 = 0.0002, neg_loss_2 = 0.0007, ref_loss = 0.0115, div_loss = 0.1095, aux_loss = 0.0200, 0.239 seconds/batch
2026-04-20 12:17:47,416 - save model to checkpoints/activitynet_moe2/cpl_moe2/model-9.pt, num_updates 10530.
2026-04-20 12:19:39,821 - | R@1,mIoU 0.3575 | R@1,IoU@0.1 0.8176 | R@1,IoU@0.3 0.5078 | R@1,IoU@0.5 0.2621 | R@1,IoU@0.7 0.1368 | R@1,IoU@0.9 0.0587 | R@5,mIoU 0.4176 | R@5,IoU@0.1 0.8682 | R@5,IoU@0.3 0.5847 | R@5,IoU@0.5 0.3643 | R@5,IoU@0.7 0.1853 | R@5,IoU@0.9 0.0885 |
2026-04-20 12:19:39,821 - ============================================================
2026-04-20 12:19:39,821 - Start Epoch 10
2026-04-20 12:19:51,975 - Epoch 10, Batch 50, lr = 0.00008, final_loss = 4.4929, nll_loss = 4.3916, ref_nll_loss = 4.5942, ivc_loss = 0.0395, neg_loss_1 = 0.0004, neg_loss_2 = 0.0003, ref_loss = 0.0137, div_loss = 0.1082, aux_loss = 0.0200, 0.243 seconds/batch
2026-04-20 12:20:03,773 - Epoch 10, Batch 100, lr = 0.00008, final_loss = 4.4686, nll_loss = 4.3620, ref_nll_loss = 4.5752, ivc_loss = 0.0373, neg_loss_1 = 0.0001, neg_loss_2 = 0.0002, ref_loss = 0.0129, div_loss = 0.1097, aux_loss = 0.0200, 0.240 seconds/batch
2026-04-20 12:20:15,621 - Epoch 10, Batch 150, lr = 0.00008, final_loss = 4.5341, nll_loss = 4.4283, ref_nll_loss = 4.6399, ivc_loss = 0.0369, neg_loss_1 = 0.0002, neg_loss_2 = 0.0004, ref_loss = 0.0124, div_loss = 0.1082, aux_loss = 0.0200, 0.239 seconds/batch
2026-04-20 12:20:27,491 - Epoch 10, Batch 200, lr = 0.00008, final_loss = 4.5183, nll_loss = 4.4147, ref_nll_loss = 4.6220, ivc_loss = 0.0406, neg_loss_1 = 0.0002, neg_loss_2 = 0.0004, ref_loss = 0.0144, div_loss = 0.1065, aux_loss = 0.0200, 0.238 seconds/batch
2026-04-20 12:20:39,374 - Epoch 10, Batch 250, lr = 0.00008, final_loss = 4.4977, nll_loss = 4.3913, ref_nll_loss = 4.6042, ivc_loss = 0.0381, neg_loss_1 = 0.0005, neg_loss_2 = 0.0002, ref_loss = 0.0128, div_loss = 0.1089, aux_loss = 0.0200, 0.238 seconds/batch
2026-04-20 12:20:51,240 - Epoch 10, Batch 300, lr = 0.00008, final_loss = 4.4950, nll_loss = 4.3883, ref_nll_loss = 4.6018, ivc_loss = 0.0343, neg_loss_1 = 0.0004, neg_loss_2 = 0.0005, ref_loss = 0.0109, div_loss = 0.1053, aux_loss = 0.0200, 0.238 seconds/batch
2026-04-20 12:21:03,141 - Epoch 10, Batch 350, lr = 0.00008, final_loss = 4.4952, nll_loss = 4.3890, ref_nll_loss = 4.6014, ivc_loss = 0.0375, neg_loss_1 = 0.0004, neg_loss_2 = 0.0005, ref_loss = 0.0128, div_loss = 0.1007, aux_loss = 0.0200, 0.238 seconds/batch
2026-04-20 12:21:15,022 - Epoch 10, Batch 400, lr = 0.00008, final_loss = 4.4955, nll_loss = 4.3893, ref_nll_loss = 4.6018, ivc_loss = 0.0352, neg_loss_1 = 0.0008, neg_loss_2 = 0.0002, ref_loss = 0.0115, div_loss = 0.1039, aux_loss = 0.0200, 0.238 seconds/batch
2026-04-20 12:21:26,926 - Epoch 10, Batch 450, lr = 0.00008, final_loss = 4.4855, nll_loss = 4.3781, ref_nll_loss = 4.5928, ivc_loss = 0.0347, neg_loss_1 = 0.0003, neg_loss_2 = 0.0002, ref_loss = 0.0119, div_loss = 0.0995, aux_loss = 0.0200, 0.238 seconds/batch
2026-04-20 12:21:38,793 - Epoch 10, Batch 500, lr = 0.00008, final_loss = 4.5201, nll_loss = 4.4108, ref_nll_loss = 4.6294, ivc_loss = 0.0348, neg_loss_1 = 0.0004, neg_loss_2 = 0.0004, ref_loss = 0.0114, div_loss = 0.1034, aux_loss = 0.0200, 0.238 seconds/batch
2026-04-20 12:21:50,680 - Epoch 10, Batch 550, lr = 0.00008, final_loss = 4.4892, nll_loss = 4.3805, ref_nll_loss = 4.5980, ivc_loss = 0.0320, neg_loss_1 = 0.0001, neg_loss_2 = 0.0002, ref_loss = 0.0104, div_loss = 0.1039, aux_loss = 0.0200, 0.238 seconds/batch
2026-04-20 12:22:02,615 - Epoch 10, Batch 600, lr = 0.00008, final_loss = 4.5373, nll_loss = 4.4312, ref_nll_loss = 4.6434, ivc_loss = 0.0365, neg_loss_1 = 0.0004, neg_loss_2 = 0.0001, ref_loss = 0.0125, div_loss = 0.1028, aux_loss = 0.0200, 0.238 seconds/batch
2026-04-20 12:22:14,560 - Epoch 10, Batch 650, lr = 0.00008, final_loss = 4.5602, nll_loss = 4.4557, ref_nll_loss = 4.6648, ivc_loss = 0.0373, neg_loss_1 = 0.0007, neg_loss_2 = 0.0008, ref_loss = 0.0119, div_loss = 0.1049, aux_loss = 0.0200, 0.238 seconds/batch
2026-04-20 12:22:26,464 - Epoch 10, Batch 700, lr = 0.00008, final_loss = 4.5116, nll_loss = 4.4024, ref_nll_loss = 4.6208, ivc_loss = 0.0365, neg_loss_1 = 0.0002, neg_loss_2 = 0.0003, ref_loss = 0.0125, div_loss = 0.1049, aux_loss = 0.0200, 0.238 seconds/batch
2026-04-20 12:22:38,346 - Epoch 10, Batch 750, lr = 0.00008, final_loss = 4.5136, nll_loss = 4.4093, ref_nll_loss = 4.6179, ivc_loss = 0.0357, neg_loss_1 = 0.0005, neg_loss_2 = 0.0001, ref_loss = 0.0120, div_loss = 0.1042, aux_loss = 0.0200, 0.238 seconds/batch
2026-04-20 12:22:50,264 - Epoch 10, Batch 800, lr = 0.00008, final_loss = 4.5121, nll_loss = 4.4078, ref_nll_loss = 4.6163, ivc_loss = 0.0345, neg_loss_1 = 0.0004, neg_loss_2 = 0.0005, ref_loss = 0.0112, div_loss = 0.1022, aux_loss = 0.0200, 0.238 seconds/batch
2026-04-20 12:23:02,257 - Epoch 10, Batch 850, lr = 0.00007, final_loss = 4.5170, nll_loss = 4.4115, ref_nll_loss = 4.6226, ivc_loss = 0.0345, neg_loss_1 = 0.0003, neg_loss_2 = 0.0008, ref_loss = 0.0110, div_loss = 0.1020, aux_loss = 0.0200, 0.238 seconds/batch
2026-04-20 12:23:14,188 - Epoch 10, Batch 900, lr = 0.00007, final_loss = 4.4856, nll_loss = 4.3800, ref_nll_loss = 4.5913, ivc_loss = 0.0328, neg_loss_1 = 0.0004, neg_loss_2 = 0.0002, ref_loss = 0.0106, div_loss = 0.1032, aux_loss = 0.0200, 0.238 seconds/batch
2026-04-20 12:23:26,075 - Epoch 10, Batch 950, lr = 0.00007, final_loss = 4.4894, nll_loss = 4.3832, ref_nll_loss = 4.5956, ivc_loss = 0.0346, neg_loss_1 = 0.0002, neg_loss_2 = 0.0003, ref_loss = 0.0116, div_loss = 0.1030, aux_loss = 0.0200, 0.238 seconds/batch
2026-04-20 12:23:37,957 - Epoch 10, Batch 1000, lr = 0.00007, final_loss = 4.5286, nll_loss = 4.4250, ref_nll_loss = 4.6321, ivc_loss = 0.0361, neg_loss_1 = 0.0005, neg_loss_2 = 0.0004, ref_loss = 0.0121, div_loss = 0.1007, aux_loss = 0.0200, 0.238 seconds/batch
2026-04-20 12:23:49,842 - Epoch 10, Batch 1050, lr = 0.00007, final_loss = 4.5308, nll_loss = 4.4250, ref_nll_loss = 4.6367, ivc_loss = 0.0352, neg_loss_1 = 0.0003, neg_loss_2 = 0.0002, ref_loss = 0.0121, div_loss = 0.0993, aux_loss = 0.0200, 0.238 seconds/batch
2026-04-20 12:24:01,725 - Epoch 10, Batch 1100, lr = 0.00007, final_loss = 4.5216, nll_loss = 4.4122, ref_nll_loss = 4.6310, ivc_loss = 0.0329, neg_loss_1 = 0.0003, neg_loss_2 = 0.0003, ref_loss = 0.0108, div_loss = 0.0992, aux_loss = 0.0200, 0.238 seconds/batch
2026-04-20 12:24:13,593 - Epoch 10, Batch 1150, lr = 0.00007, final_loss = 4.5319, nll_loss = 4.4264, ref_nll_loss = 4.6374, ivc_loss = 0.0354, neg_loss_1 = 0.0003, neg_loss_2 = 0.0002, ref_loss = 0.0121, div_loss = 0.1012, aux_loss = 0.0200, 0.238 seconds/batch
2026-04-20 12:24:18,280 - Epoch 10, Batch 1170, lr = 0.00007, final_loss = 4.4844, nll_loss = 4.3777, ref_nll_loss = 4.5911, ivc_loss = 0.0360, neg_loss_1 = 0.0002, neg_loss_2 = 0.0008, ref_loss = 0.0118, div_loss = 0.1029, aux_loss = 0.0200, 0.238 seconds/batch
2026-04-20 12:24:18,351 - save model to checkpoints/activitynet_moe2/cpl_moe2/model-10.pt, num_updates 11700.
2026-04-20 12:26:13,481 - | R@1,mIoU 0.3581 | R@1,IoU@0.1 0.8198 | R@1,IoU@0.3 0.5188 | R@1,IoU@0.5 0.2716 | R@1,IoU@0.7 0.1373 | R@1,IoU@0.9 0.0334 | R@5,mIoU 0.4209 | R@5,IoU@0.1 0.8643 | R@5,IoU@0.3 0.5932 | R@5,IoU@0.5 0.3682 | R@5,IoU@0.7 0.1947 | R@5,IoU@0.9 0.0896 |
2026-04-20 12:26:13,481 - ============================================================
2026-04-20 12:26:13,481 - Start Epoch 11
2026-04-20 12:26:25,538 - Epoch 11, Batch 50, lr = 0.00007, final_loss = 4.4471, nll_loss = 4.3404, ref_nll_loss = 4.5539, ivc_loss = 0.0330, neg_loss_1 = 0.0001, neg_loss_2 = 0.0002, ref_loss = 0.0111, div_loss = 0.1016, aux_loss = 0.0200, 0.241 seconds/batch
2026-04-20 12:26:37,333 - Epoch 11, Batch 100, lr = 0.00007, final_loss = 4.4907, nll_loss = 4.3846, ref_nll_loss = 4.5968, ivc_loss = 0.0343, neg_loss_1 = 0.0005, neg_loss_2 = 0.0004, ref_loss = 0.0111, div_loss = 0.1025, aux_loss = 0.0200, 0.239 seconds/batch
2026-04-20 12:26:49,181 - Epoch 11, Batch 150, lr = 0.00007, final_loss = 4.4407, nll_loss = 4.3320, ref_nll_loss = 4.5494, ivc_loss = 0.0326, neg_loss_1 = 0.0002, neg_loss_2 = 0.0002, ref_loss = 0.0109, div_loss = 0.0998, aux_loss = 0.0200, 0.238 seconds/batch
2026-04-20 12:27:01,128 - Epoch 11, Batch 200, lr = 0.00007, final_loss = 4.4132, nll_loss = 4.3043, ref_nll_loss = 4.5220, ivc_loss = 0.0360, neg_loss_1 = 0.0005, neg_loss_2 = 0.0002, ref_loss = 0.0121, div_loss = 0.1053, aux_loss = 0.0200, 0.238 seconds/batch
2026-04-20 12:27:12,945 - Epoch 11, Batch 250, lr = 0.00007, final_loss = 4.4816, nll_loss = 4.3748, ref_nll_loss = 4.5885, ivc_loss = 0.0337, neg_loss_1 = 0.0002, neg_loss_2 = 0.0002, ref_loss = 0.0114, div_loss = 0.1029, aux_loss = 0.0200, 0.238 seconds/batch
2026-04-20 12:27:24,773 - Epoch 11, Batch 300, lr = 0.00007, final_loss = 4.4512, nll_loss = 4.3450, ref_nll_loss = 4.5574, ivc_loss = 0.0389, neg_loss_1 = 0.0003, neg_loss_2 = 0.0003, ref_loss = 0.0138, div_loss = 0.1010, aux_loss = 0.0200, 0.238 seconds/batch
2026-04-20 12:27:36,654 - Epoch 11, Batch 350, lr = 0.00007, final_loss = 4.4429, nll_loss = 4.3357, ref_nll_loss = 4.5500, ivc_loss = 0.0339, neg_loss_1 = 0.0005, neg_loss_2 = 0.0004, ref_loss = 0.0112, div_loss = 0.0988, aux_loss = 0.0200, 0.238 seconds/batch
2026-04-20 12:27:48,493 - Epoch 11, Batch 400, lr = 0.00007, final_loss = 4.4688, nll_loss = 4.3596, ref_nll_loss = 4.5781, ivc_loss = 0.0322, neg_loss_1 = 0.0003, neg_loss_2 = 0.0002, ref_loss = 0.0106, div_loss = 0.1008, aux_loss = 0.0200, 0.238 seconds/batch
2026-04-20 12:28:00,324 - Epoch 11, Batch 450, lr = 0.00007, final_loss = 4.4564, nll_loss = 4.3472, ref_nll_loss = 4.5656, ivc_loss = 0.0366, neg_loss_1 = 0.0004, neg_loss_2 = 0.0003, ref_loss = 0.0126, div_loss = 0.1006, aux_loss = 0.0200, 0.237 seconds/batch
2026-04-20 12:28:12,199 - Epoch 11, Batch 500, lr = 0.00007, final_loss = 4.4768, nll_loss = 4.3705, ref_nll_loss = 4.5830, ivc_loss = 0.0359, neg_loss_1 = 0.0004, neg_loss_2 = 0.0002, ref_loss = 0.0123, div_loss = 0.1008, aux_loss = 0.0200, 0.237 seconds/batch
2026-04-20 12:28:24,091 - Epoch 11, Batch 550, lr = 0.00007, final_loss = 4.4547, nll_loss = 4.3456, ref_nll_loss = 4.5638, ivc_loss = 0.0351, neg_loss_1 = 0.0001, neg_loss_2 = 0.0006, ref_loss = 0.0118, div_loss = 0.1011, aux_loss = 0.0200, 0.237 seconds/batch
2026-04-20 12:28:35,903 - Epoch 11, Batch 600, lr = 0.00007, final_loss = 4.4925, nll_loss = 4.3839, ref_nll_loss = 4.6012, ivc_loss = 0.0341, neg_loss_1 = 0.0005, neg_loss_2 = 0.0008, ref_loss = 0.0107, div_loss = 0.1010, aux_loss = 0.0200, 0.237 seconds/batch
2026-04-20 12:28:47,735 - Epoch 11, Batch 650, lr = 0.00007, final_loss = 4.4991, nll_loss = 4.3904, ref_nll_loss = 4.6078, ivc_loss = 0.0361, neg_loss_1 = 0.0011, neg_loss_2 = 0.0008, ref_loss = 0.0112, div_loss = 0.0992, aux_loss = 0.0200, 0.237 seconds/batch
2026-04-20 12:28:59,784 - Epoch 11, Batch 700, lr = 0.00007, final_loss = 4.4926, nll_loss = 4.3835, ref_nll_loss = 4.6016, ivc_loss = 0.0358, neg_loss_1 = 0.0005, neg_loss_2 = 0.0003, ref_loss = 0.0121, div_loss = 0.0998, aux_loss = 0.0200, 0.238 seconds/batch
2026-04-20 12:29:11,829 - Epoch 11, Batch 750, lr = 0.00007, final_loss = 4.4986, nll_loss = 4.3925, ref_nll_loss = 4.6046, ivc_loss = 0.0351, neg_loss_1 = 0.0001, neg_loss_2 = 0.0012, ref_loss = 0.0113, div_loss = 0.0987, aux_loss = 0.0200, 0.238 seconds/batch
2026-04-20 12:29:23,684 - Epoch 11, Batch 800, lr = 0.00007, final_loss = 4.4488, nll_loss = 4.3391, ref_nll_loss = 4.5585, ivc_loss = 0.0301, neg_loss_1 = 0.0004, neg_loss_2 = 0.0005, ref_loss = 0.0093, div_loss = 0.0972, aux_loss = 0.0200, 0.238 seconds/batch
2026-04-20 12:29:35,576 - Epoch 11, Batch 850, lr = 0.00007, final_loss = 4.4899, nll_loss = 4.3819, ref_nll_loss = 4.5980, ivc_loss = 0.0352, neg_loss_1 = 0.0003, neg_loss_2 = 0.0006, ref_loss = 0.0116, div_loss = 0.0996, aux_loss = 0.0200, 0.238 seconds/batch
2026-04-20 12:29:47,409 - Epoch 11, Batch 900, lr = 0.00007, final_loss = 4.4896, nll_loss = 4.3824, ref_nll_loss = 4.5969, ivc_loss = 0.0374, neg_loss_1 = 0.0006, neg_loss_2 = 0.0008, ref_loss = 0.0125, div_loss = 0.0945, aux_loss = 0.0200, 0.238 seconds/batch
2026-04-20 12:29:59,294 - Epoch 11, Batch 950, lr = 0.00007, final_loss = 4.4944, nll_loss = 4.3881, ref_nll_loss = 4.6007, ivc_loss = 0.0363, neg_loss_1 = 0.0008, neg_loss_2 = 0.0005, ref_loss = 0.0123, div_loss = 0.0921, aux_loss = 0.0200, 0.238 seconds/batch
2026-04-20 12:30:11,211 - Epoch 11, Batch 1000, lr = 0.00007, final_loss = 4.5013, nll_loss = 4.3930, ref_nll_loss = 4.6096, ivc_loss = 0.0346, neg_loss_1 = 0.0005, neg_loss_2 = 0.0001, ref_loss = 0.0120, div_loss = 0.0949, aux_loss = 0.0200, 0.238 seconds/batch
2026-04-20 12:30:23,162 - Epoch 11, Batch 1050, lr = 0.00007, final_loss = 4.4743, nll_loss = 4.3671, ref_nll_loss = 4.5815, ivc_loss = 0.0365, neg_loss_1 = 0.0005, neg_loss_2 = 0.0007, ref_loss = 0.0121, div_loss = 0.0994, aux_loss = 0.0200, 0.238 seconds/batch
2026-04-20 12:30:35,019 - Epoch 11, Batch 1100, lr = 0.00007, final_loss = 4.4857, nll_loss = 4.3844, ref_nll_loss = 4.5871, ivc_loss = 0.0433, neg_loss_1 = 0.0001, neg_loss_2 = 0.0009, ref_loss = 0.0160, div_loss = 0.0926, aux_loss = 0.0200, 0.238 seconds/batch
2026-04-20 12:30:46,868 - Epoch 11, Batch 1150, lr = 0.00007, final_loss = 4.4547, nll_loss = 4.3492, ref_nll_loss = 4.5602, ivc_loss = 0.0324, neg_loss_1 = 0.0001, neg_loss_2 = 0.0007, ref_loss = 0.0106, div_loss = 0.0958, aux_loss = 0.0200, 0.238 seconds/batch
2026-04-20 12:30:51,556 - Epoch 11, Batch 1170, lr = 0.00007, final_loss = 4.4827, nll_loss = 4.3736, ref_nll_loss = 4.5919, ivc_loss = 0.0333, neg_loss_1 = 0.0001, neg_loss_2 = 0.0009, ref_loss = 0.0110, div_loss = 0.0946, aux_loss = 0.0200, 0.238 seconds/batch
2026-04-20 12:30:51,628 - save model to checkpoints/activitynet_moe2/cpl_moe2/model-11.pt, num_updates 12870.
2026-04-20 12:32:45,106 - | R@1,mIoU 0.3538 | R@1,IoU@0.1 0.7979 | R@1,IoU@0.3 0.5107 | R@1,IoU@0.5 0.2709 | R@1,IoU@0.7 0.1369 | R@1,IoU@0.9 0.0396 | R@5,mIoU 0.4230 | R@5,IoU@0.1 0.8617 | R@5,IoU@0.3 0.5925 | R@5,IoU@0.5 0.3795 | R@5,IoU@0.7 0.2064 | R@5,IoU@0.9 0.0787 |
2026-04-20 12:32:45,106 - ============================================================
2026-04-20 12:32:45,106 - Start Epoch 12
2026-04-20 12:32:57,281 - Epoch 12, Batch 50, lr = 0.00007, final_loss = 4.4214, nll_loss = 4.3142, ref_nll_loss = 4.5287, ivc_loss = 0.0346, neg_loss_1 = 0.0006, neg_loss_2 = 0.0009, ref_loss = 0.0109, div_loss = 0.0972, aux_loss = 0.0200, 0.243 seconds/batch
2026-04-20 12:33:09,014 - Epoch 12, Batch 100, lr = 0.00007, final_loss = 4.4218, nll_loss = 4.3103, ref_nll_loss = 4.5333, ivc_loss = 0.0311, neg_loss_1 = 0.0004, neg_loss_2 = 0.0002, ref_loss = 0.0102, div_loss = 0.0957, aux_loss = 0.0200, 0.239 seconds/batch
2026-04-20 12:33:20,827 - Epoch 12, Batch 150, lr = 0.00007, final_loss = 4.4165, nll_loss = 4.3081, ref_nll_loss = 4.5249, ivc_loss = 0.0356, neg_loss_1 = 0.0002, neg_loss_2 = 0.0009, ref_loss = 0.0121, div_loss = 0.0929, aux_loss = 0.0200, 0.238 seconds/batch
2026-04-20 12:33:32,634 - Epoch 12, Batch 200, lr = 0.00007, final_loss = 4.4205, nll_loss = 4.3122, ref_nll_loss = 4.5287, ivc_loss = 0.0335, neg_loss_1 = 0.0004, neg_loss_2 = 0.0003, ref_loss = 0.0113, div_loss = 0.0963, aux_loss = 0.0200, 0.238 seconds/batch
2026-04-20 12:33:44,440 - Epoch 12, Batch 250, lr = 0.00007, final_loss = 4.4083, nll_loss = 4.3009, ref_nll_loss = 4.5157, ivc_loss = 0.0351, neg_loss_1 = 0.0005, neg_loss_2 = 0.0006, ref_loss = 0.0117, div_loss = 0.0966, aux_loss = 0.0200, 0.237 seconds/batch
2026-04-20 12:33:56,250 - Epoch 12, Batch 300, lr = 0.00007, final_loss = 4.4188, nll_loss = 4.3108, ref_nll_loss = 4.5269, ivc_loss = 0.0355, neg_loss_1 = 0.0002, neg_loss_2 = 0.0002, ref_loss = 0.0124, div_loss = 0.0990, aux_loss = 0.0200, 0.237 seconds/batch
2026-04-20 12:34:08,108 - Epoch 12, Batch 350, lr = 0.00007, final_loss = 4.4490, nll_loss = 4.3410, ref_nll_loss = 4.5569, ivc_loss = 0.0352, neg_loss_1 = 0.0002, neg_loss_2 = 0.0003, ref_loss = 0.0122, div_loss = 0.0993, aux_loss = 0.0200, 0.237 seconds/batch
2026-04-20 12:34:19,956 - Epoch 12, Batch 400, lr = 0.00007, final_loss = 4.4682, nll_loss = 4.3613, ref_nll_loss = 4.5751, ivc_loss = 0.0370, neg_loss_1 = 0.0004, neg_loss_2 = 0.0003, ref_loss = 0.0127, div_loss = 0.1008, aux_loss = 0.0200, 0.237 seconds/batch
2026-04-20 12:34:31,792 - Epoch 12, Batch 450, lr = 0.00007, final_loss = 4.4495, nll_loss = 4.3422, ref_nll_loss = 4.5567, ivc_loss = 0.0349, neg_loss_1 = 0.0003, neg_loss_2 = 0.0006, ref_loss = 0.0117, div_loss = 0.0973, aux_loss = 0.0200, 0.237 seconds/batch
2026-04-20 12:34:43,696 - Epoch 12, Batch 500, lr = 0.00007, final_loss = 4.4457, nll_loss = 4.3361, ref_nll_loss = 4.5553, ivc_loss = 0.0341, neg_loss_1 = 0.0004, neg_loss_2 = 0.0001, ref_loss = 0.0116, div_loss = 0.0987, aux_loss = 0.0200, 0.237 seconds/batch
2026-04-20 12:34:55,581 - Epoch 12, Batch 550, lr = 0.00007, final_loss = 4.4409, nll_loss = 4.3289, ref_nll_loss = 4.5529, ivc_loss = 0.0328, neg_loss_1 = 0.0005, neg_loss_2 = 0.0002, ref_loss = 0.0107, div_loss = 0.1003, aux_loss = 0.0200, 0.237 seconds/batch
2026-04-20 12:35:07,492 - Epoch 12, Batch 600, lr = 0.00007, final_loss = 4.4603, nll_loss = 4.3529, ref_nll_loss = 4.5676, ivc_loss = 0.0367, neg_loss_1 = 0.0003, neg_loss_2 = 0.0003, ref_loss = 0.0126, div_loss = 0.1011, aux_loss = 0.0200, 0.237 seconds/batch
2026-04-20 12:35:19,366 - Epoch 12, Batch 650, lr = 0.00007, final_loss = 4.4301, nll_loss = 4.3221, ref_nll_loss = 4.5381, ivc_loss = 0.0370, neg_loss_1 = 0.0006, neg_loss_2 = 0.0002, ref_loss = 0.0126, div_loss = 0.1027, aux_loss = 0.0200, 0.237 seconds/batch
2026-04-20 12:35:31,255 - Epoch 12, Batch 700, lr = 0.00007, final_loss = 4.4408, nll_loss = 4.3331, ref_nll_loss = 4.5486, ivc_loss = 0.0324, neg_loss_1 = 0.0001, neg_loss_2 = 0.0001, ref_loss = 0.0109, div_loss = 0.1039, aux_loss = 0.0200, 0.237 seconds/batch
2026-04-20 12:35:43,079 - Epoch 12, Batch 750, lr = 0.00007, final_loss = 4.4325, nll_loss = 4.3256, ref_nll_loss = 4.5393, ivc_loss = 0.0348, neg_loss_1 = 0.0002, neg_loss_2 = 0.0002, ref_loss = 0.0120, div_loss = 0.1002, aux_loss = 0.0200, 0.237 seconds/batch
2026-04-20 12:35:54,981 - Epoch 12, Batch 800, lr = 0.00007, final_loss = 4.4559, nll_loss = 4.3462, ref_nll_loss = 4.5656, ivc_loss = 0.0339, neg_loss_1 = 0.0001, neg_loss_2 = 0.0005, ref_loss = 0.0113, div_loss = 0.1004, aux_loss = 0.0200, 0.237 seconds/batch
2026-04-20 12:36:06,982 - Epoch 12, Batch 850, lr = 0.00007, final_loss = 4.4388, nll_loss = 4.3319, ref_nll_loss = 4.5458, ivc_loss = 0.0364, neg_loss_1 = 0.0002, neg_loss_2 = 0.0009, ref_loss = 0.0120, div_loss = 0.1001, aux_loss = 0.0200, 0.237 seconds/batch
2026-04-20 12:36:18,823 - Epoch 12, Batch 900, lr = 0.00007, final_loss = 4.4530, nll_loss = 4.3436, ref_nll_loss = 4.5625, ivc_loss = 0.0351, neg_loss_1 = 0.0002, neg_loss_2 = 0.0006, ref_loss = 0.0117, div_loss = 0.0992, aux_loss = 0.0200, 0.237 seconds/batch
2026-04-20 12:36:30,681 - Epoch 12, Batch 950, lr = 0.00007, final_loss = 4.4467, nll_loss = 4.3344, ref_nll_loss = 4.5591, ivc_loss = 0.0351, neg_loss_1 = 0.0008, neg_loss_2 = 0.0004, ref_loss = 0.0114, div_loss = 0.0975, aux_loss = 0.0200, 0.237 seconds/batch
2026-04-20 12:36:42,543 - Epoch 12, Batch 1000, lr = 0.00007, final_loss = 4.4272, nll_loss = 4.3188, ref_nll_loss = 4.5355, ivc_loss = 0.0364, neg_loss_1 = 0.0005, neg_loss_2 = 0.0001, ref_loss = 0.0126, div_loss = 0.1001, aux_loss = 0.0200, 0.237 seconds/batch
2026-04-20 12:36:54,418 - Epoch 12, Batch 1050, lr = 0.00007, final_loss = 4.4355, nll_loss = 4.3218, ref_nll_loss = 4.5491, ivc_loss = 0.0308, neg_loss_1 = 0.0003, neg_loss_2 = 0.0004, ref_loss = 0.0097, div_loss = 0.1005, aux_loss = 0.0200, 0.237 seconds/batch
2026-04-20 12:37:06,359 - Epoch 12, Batch 1100, lr = 0.00007, final_loss = 4.4597, nll_loss = 4.3501, ref_nll_loss = 4.5692, ivc_loss = 0.0346, neg_loss_1 = 0.0005, neg_loss_2 = 0.0003, ref_loss = 0.0116, div_loss = 0.0979, aux_loss = 0.0200, 0.238 seconds/batch
2026-04-20 12:37:18,268 - Epoch 12, Batch 1150, lr = 0.00007, final_loss = 4.4237, nll_loss = 4.3157, ref_nll_loss = 4.5317, ivc_loss = 0.0357, neg_loss_1 = 0.0007, neg_loss_2 = 0.0002, ref_loss = 0.0122, div_loss = 0.0967, aux_loss = 0.0200, 0.238 seconds/batch
2026-04-20 12:37:22,961 - Epoch 12, Batch 1170, lr = 0.00007, final_loss = 4.3998, nll_loss = 4.2897, ref_nll_loss = 4.5099, ivc_loss = 0.0324, neg_loss_1 = 0.0000, neg_loss_2 = 0.0014, ref_loss = 0.0100, div_loss = 0.0968, aux_loss = 0.0200, 0.237 seconds/batch
2026-04-20 12:37:23,030 - save model to checkpoints/activitynet_moe2/cpl_moe2/model-12.pt, num_updates 14040.
2026-04-20 12:39:17,105 - | R@1,mIoU 0.3585 | R@1,IoU@0.1 0.7973 | R@1,IoU@0.3 0.5115 | R@1,IoU@0.5 0.2771 | R@1,IoU@0.7 0.1395 | R@1,IoU@0.9 0.0683 | R@5,mIoU 0.4226 | R@5,IoU@0.1 0.8631 | R@5,IoU@0.3 0.5917 | R@5,IoU@0.5 0.3721 | R@5,IoU@0.7 0.1972 | R@5,IoU@0.9 0.0907 |
2026-04-20 12:39:17,105 - ============================================================
2026-04-20 12:39:17,105 - Start Epoch 13
2026-04-20 12:39:29,132 - Epoch 13, Batch 50, lr = 0.00007, final_loss = 4.3772, nll_loss = 4.2630, ref_nll_loss = 4.4914, ivc_loss = 0.0284, neg_loss_1 = 0.0001, neg_loss_2 = 0.0003, ref_loss = 0.0089, div_loss = 0.0979, aux_loss = 0.0200, 0.241 seconds/batch
2026-04-20 12:39:40,911 - Epoch 13, Batch 100, lr = 0.00007, final_loss = 4.4259, nll_loss = 4.3177, ref_nll_loss = 4.5342, ivc_loss = 0.0338, neg_loss_1 = 0.0004, neg_loss_2 = 0.0002, ref_loss = 0.0114, div_loss = 0.0983, aux_loss = 0.0200, 0.238 seconds/batch
2026-04-20 12:39:52,657 - Epoch 13, Batch 150, lr = 0.00007, final_loss = 4.3689, nll_loss = 4.2579, ref_nll_loss = 4.4799, ivc_loss = 0.0323, neg_loss_1 = 0.0004, neg_loss_2 = 0.0001, ref_loss = 0.0108, div_loss = 0.0975, aux_loss = 0.0200, 0.237 seconds/batch
2026-04-20 12:40:04,403 - Epoch 13, Batch 200, lr = 0.00007, final_loss = 4.3927, nll_loss = 4.2829, ref_nll_loss = 4.5025, ivc_loss = 0.0353, neg_loss_1 = 0.0006, neg_loss_2 = 0.0005, ref_loss = 0.0116, div_loss = 0.0995, aux_loss = 0.0200, 0.236 seconds/batch
2026-04-20 12:40:16,273 - Epoch 13, Batch 250, lr = 0.00007, final_loss = 4.4242, nll_loss = 4.3138, ref_nll_loss = 4.5346, ivc_loss = 0.0331, neg_loss_1 = 0.0001, neg_loss_2 = 0.0003, ref_loss = 0.0113, div_loss = 0.0958, aux_loss = 0.0200, 0.237 seconds/batch
2026-04-20 12:40:28,252 - Epoch 13, Batch 300, lr = 0.00007, final_loss = 4.4125, nll_loss = 4.3036, ref_nll_loss = 4.5214, ivc_loss = 0.0332, neg_loss_1 = 0.0005, neg_loss_2 = 0.0002, ref_loss = 0.0112, div_loss = 0.0938, aux_loss = 0.0200, 0.237 seconds/batch
2026-04-20 12:40:40,160 - Epoch 13, Batch 350, lr = 0.00007, final_loss = 4.3998, nll_loss = 4.2919, ref_nll_loss = 4.5077, ivc_loss = 0.0382, neg_loss_1 = 0.0013, neg_loss_2 = 0.0002, ref_loss = 0.0126, div_loss = 0.0983, aux_loss = 0.0200, 0.237 seconds/batch
2026-04-20 12:40:51,986 - Epoch 13, Batch 400, lr = 0.00007, final_loss = 4.3819, nll_loss = 4.2718, ref_nll_loss = 4.4919, ivc_loss = 0.0340, neg_loss_1 = 0.0004, neg_loss_2 = 0.0001, ref_loss = 0.0116, div_loss = 0.0989, aux_loss = 0.0200, 0.237 seconds/batch
2026-04-20 12:41:03,897 - Epoch 13, Batch 450, lr = 0.00007, final_loss = 4.4398, nll_loss = 4.3277, ref_nll_loss = 4.5519, ivc_loss = 0.0337, neg_loss_1 = 0.0004, neg_loss_2 = 0.0002, ref_loss = 0.0114, div_loss = 0.0972, aux_loss = 0.0200, 0.237 seconds/batch
2026-04-20 12:41:15,694 - Epoch 13, Batch 500, lr = 0.00007, final_loss = 4.4002, nll_loss = 4.2934, ref_nll_loss = 4.5069, ivc_loss = 0.0382, neg_loss_1 = 0.0003, neg_loss_2 = 0.0002, ref_loss = 0.0138, div_loss = 0.0957, aux_loss = 0.0200, 0.237 seconds/batch
2026-04-20 12:41:27,518 - Epoch 13, Batch 550, lr = 0.00007, final_loss = 4.3713, nll_loss = 4.2623, ref_nll_loss = 4.4804, ivc_loss = 0.0342, neg_loss_1 = 0.0003, neg_loss_2 = 0.0005, ref_loss = 0.0114, div_loss = 0.0980, aux_loss = 0.0200, 0.237 seconds/batch
2026-04-20 12:41:39,406 - Epoch 13, Batch 600, lr = 0.00007, final_loss = 4.4347, nll_loss = 4.3254, ref_nll_loss = 4.5441, ivc_loss = 0.0348, neg_loss_1 = 0.0002, neg_loss_2 = 0.0004, ref_loss = 0.0121, div_loss = 0.0945, aux_loss = 0.0200, 0.237 seconds/batch
2026-04-20 12:41:51,264 - Epoch 13, Batch 650, lr = 0.00007, final_loss = 4.4430, nll_loss = 4.3367, ref_nll_loss = 4.5494, ivc_loss = 0.0354, neg_loss_1 = 0.0004, neg_loss_2 = 0.0005, ref_loss = 0.0120, div_loss = 0.0954, aux_loss = 0.0200, 0.237 seconds/batch
2026-04-20 12:42:03,087 - Epoch 13, Batch 700, lr = 0.00007, final_loss = 4.4270, nll_loss = 4.3141, ref_nll_loss = 4.5400, ivc_loss = 0.0332, neg_loss_1 = 0.0006, neg_loss_2 = 0.0003, ref_loss = 0.0108, div_loss = 0.0980, aux_loss = 0.0200, 0.237 seconds/batch
2026-04-20 12:42:15,056 - Epoch 13, Batch 750, lr = 0.00007, final_loss = 4.4119, nll_loss = 4.3020, ref_nll_loss = 4.5217, ivc_loss = 0.0349, neg_loss_1 = 0.0004, neg_loss_2 = 0.0004, ref_loss = 0.0119, div_loss = 0.0967, aux_loss = 0.0200, 0.237 seconds/batch
2026-04-20 12:42:26,877 - Epoch 13, Batch 800, lr = 0.00007, final_loss = 4.4169, nll_loss = 4.3071, ref_nll_loss = 4.5266, ivc_loss = 0.0359, neg_loss_1 = 0.0003, neg_loss_2 = 0.0006, ref_loss = 0.0121, div_loss = 0.0983, aux_loss = 0.0200, 0.237 seconds/batch
2026-04-20 12:42:38,721 - Epoch 13, Batch 850, lr = 0.00007, final_loss = 4.3805, nll_loss = 4.2683, ref_nll_loss = 4.4927, ivc_loss = 0.0313, neg_loss_1 = 0.0002, neg_loss_2 = 0.0008, ref_loss = 0.0096, div_loss = 0.0995, aux_loss = 0.0200, 0.237 seconds/batch
2026-04-20 12:42:50,522 - Epoch 13, Batch 900, lr = 0.00007, final_loss = 4.4417, nll_loss = 4.3327, ref_nll_loss = 4.5508, ivc_loss = 0.0357, neg_loss_1 = 0.0003, neg_loss_2 = 0.0002, ref_loss = 0.0123, div_loss = 0.1003, aux_loss = 0.0200, 0.237 seconds/batch
2026-04-20 12:43:02,482 - Epoch 13, Batch 950, lr = 0.00007, final_loss = 4.3921, nll_loss = 4.2781, ref_nll_loss = 4.5061, ivc_loss = 0.0315, neg_loss_1 = 0.0003, neg_loss_2 = 0.0000, ref_loss = 0.0103, div_loss = 0.1016, aux_loss = 0.0200, 0.237 seconds/batch
2026-04-20 12:43:14,361 - Epoch 13, Batch 1000, lr = 0.00007, final_loss = 4.4061, nll_loss = 4.2950, ref_nll_loss = 4.5171, ivc_loss = 0.0343, neg_loss_1 = 0.0002, neg_loss_2 = 0.0005, ref_loss = 0.0114, div_loss = 0.1008, aux_loss = 0.0200, 0.237 seconds/batch
2026-04-20 12:43:26,288 - Epoch 13, Batch 1050, lr = 0.00007, final_loss = 4.3767, nll_loss = 4.2659, ref_nll_loss = 4.4874, ivc_loss = 0.0331, neg_loss_1 = 0.0001, neg_loss_2 = 0.0006, ref_loss = 0.0109, div_loss = 0.0998, aux_loss = 0.0200, 0.237 seconds/batch
2026-04-20 12:43:38,159 - Epoch 13, Batch 1100, lr = 0.00007, final_loss = 4.4085, nll_loss = 4.2982, ref_nll_loss = 4.5189, ivc_loss = 0.0369, neg_loss_1 = 0.0004, neg_loss_2 = 0.0002, ref_loss = 0.0129, div_loss = 0.0986, aux_loss = 0.0200, 0.237 seconds/batch
2026-04-20 12:43:49,989 - Epoch 13, Batch 1150, lr = 0.00006, final_loss = 4.3949, nll_loss = 4.2817, ref_nll_loss = 4.5082, ivc_loss = 0.0314, neg_loss_1 = 0.0001, neg_loss_2 = 0.0003, ref_loss = 0.0103, div_loss = 0.1009, aux_loss = 0.0200, 0.237 seconds/batch
2026-04-20 12:43:54,674 - Epoch 13, Batch 1170, lr = 0.00006, final_loss = 4.4043, nll_loss = 4.2970, ref_nll_loss = 4.5116, ivc_loss = 0.0326, neg_loss_1 = 0.0003, neg_loss_2 = 0.0001, ref_loss = 0.0109, div_loss = 0.1014, aux_loss = 0.0200, 0.237 seconds/batch
2026-04-20 12:43:54,746 - save model to checkpoints/activitynet_moe2/cpl_moe2/model-13.pt, num_updates 15210.
2026-04-20 12:45:47,468 - | R@1,mIoU 0.3568 | R@1,IoU@0.1 0.8007 | R@1,IoU@0.3 0.5108 | R@1,IoU@0.5 0.2732 | R@1,IoU@0.7 0.1396 | R@1,IoU@0.9 0.0508 | R@5,mIoU 0.4172 | R@5,IoU@0.1 0.8604 | R@5,IoU@0.3 0.5890 | R@5,IoU@0.5 0.3665 | R@5,IoU@0.7 0.1878 | R@5,IoU@0.9 0.0878 |
2026-04-20 12:45:47,468 - ============================================================
2026-04-20 12:45:47,468 - Start Epoch 14
2026-04-20 12:45:59,526 - Epoch 14, Batch 50, lr = 0.00006, final_loss = 4.3587, nll_loss = 4.2461, ref_nll_loss = 4.4713, ivc_loss = 0.0322, neg_loss_1 = 0.0002, neg_loss_2 = 0.0006, ref_loss = 0.0102, div_loss = 0.1014, aux_loss = 0.0200, 0.241 seconds/batch
2026-04-20 12:46:11,348 - Epoch 14, Batch 100, lr = 0.00006, final_loss = 4.3401, nll_loss = 4.2262, ref_nll_loss = 4.4541, ivc_loss = 0.0316, neg_loss_1 = 0.0002, neg_loss_2 = 0.0002, ref_loss = 0.0104, div_loss = 0.1009, aux_loss = 0.0200, 0.239 seconds/batch
2026-04-20 12:46:23,176 - Epoch 14, Batch 150, lr = 0.00006, final_loss = 4.3625, nll_loss = 4.2515, ref_nll_loss = 4.4735, ivc_loss = 0.0311, neg_loss_1 = 0.0004, neg_loss_2 = 0.0002, ref_loss = 0.0101, div_loss = 0.0984, aux_loss = 0.0200, 0.238 seconds/batch
2026-04-20 12:46:35,093 - Epoch 14, Batch 200, lr = 0.00006, final_loss = 4.3485, nll_loss = 4.2336, ref_nll_loss = 4.4633, ivc_loss = 0.0301, neg_loss_1 = 0.0001, neg_loss_2 = 0.0000, ref_loss = 0.0099, div_loss = 0.1006, aux_loss = 0.0200, 0.238 seconds/batch
2026-04-20 12:46:46,998 - Epoch 14, Batch 250, lr = 0.00006, final_loss = 4.3459, nll_loss = 4.2327, ref_nll_loss = 4.4591, ivc_loss = 0.0314, neg_loss_1 = 0.0002, neg_loss_2 = 0.0001, ref_loss = 0.0104, div_loss = 0.0993, aux_loss = 0.0200, 0.238 seconds/batch
2026-04-20 12:46:58,894 - Epoch 14, Batch 300, lr = 0.00006, final_loss = 4.3737, nll_loss = 4.2611, ref_nll_loss = 4.4863, ivc_loss = 0.0330, neg_loss_1 = 0.0003, neg_loss_2 = 0.0007, ref_loss = 0.0105, div_loss = 0.1010, aux_loss = 0.0200, 0.238 seconds/batch
2026-04-20 12:47:10,694 - Epoch 14, Batch 350, lr = 0.00006, final_loss = 4.3640, nll_loss = 4.2524, ref_nll_loss = 4.4756, ivc_loss = 0.0355, neg_loss_1 = 0.0003, neg_loss_2 = 0.0003, ref_loss = 0.0120, div_loss = 0.1020, aux_loss = 0.0200, 0.238 seconds/batch
2026-04-20 12:47:22,504 - Epoch 14, Batch 400, lr = 0.00006, final_loss = 4.3404, nll_loss = 4.2294, ref_nll_loss = 4.4513, ivc_loss = 0.0342, neg_loss_1 = 0.0002, neg_loss_2 = 0.0001, ref_loss = 0.0119, div_loss = 0.0978, aux_loss = 0.0199, 0.238 seconds/batch
2026-04-20 12:47:34,431 - Epoch 14, Batch 450, lr = 0.00006, final_loss = 4.3811, nll_loss = 4.2692, ref_nll_loss = 4.4930, ivc_loss = 0.0317, neg_loss_1 = 0.0000, neg_loss_2 = 0.0002, ref_loss = 0.0108, div_loss = 0.0965, aux_loss = 0.0200, 0.238 seconds/batch
2026-04-20 12:47:46,363 - Epoch 14, Batch 500, lr = 0.00006, final_loss = 4.3806, nll_loss = 4.2699, ref_nll_loss = 4.4913, ivc_loss = 0.0331, neg_loss_1 = 0.0001, neg_loss_2 = 0.0007, ref_loss = 0.0109, div_loss = 0.0966, aux_loss = 0.0200, 0.238 seconds/batch
2026-04-20 12:47:58,235 - Epoch 14, Batch 550, lr = 0.00006, final_loss = 4.4053, nll_loss = 4.2931, ref_nll_loss = 4.5175, ivc_loss = 0.0333, neg_loss_1 = 0.0001, neg_loss_2 = 0.0005, ref_loss = 0.0111, div_loss = 0.0981, aux_loss = 0.0200, 0.238 seconds/batch
2026-04-20 12:48:10,035 - Epoch 14, Batch 600, lr = 0.00006, final_loss = 4.3675, nll_loss = 4.2536, ref_nll_loss = 4.4814, ivc_loss = 0.0298, neg_loss_1 = 0.0001, neg_loss_2 = 0.0004, ref_loss = 0.0095, div_loss = 0.0965, aux_loss = 0.0200, 0.238 seconds/batch
2026-04-20 12:48:22,036 - Epoch 14, Batch 650, lr = 0.00006, final_loss = 4.3587, nll_loss = 4.2479, ref_nll_loss = 4.4694, ivc_loss = 0.0358, neg_loss_1 = 0.0002, neg_loss_2 = 0.0002, ref_loss = 0.0126, div_loss = 0.0994, aux_loss = 0.0200, 0.238 seconds/batch
2026-04-20 12:48:33,902 - Epoch 14, Batch 700, lr = 0.00006, final_loss = 4.3680, nll_loss = 4.2555, ref_nll_loss = 4.4806, ivc_loss = 0.0360, neg_loss_1 = 0.0005, neg_loss_2 = 0.0004, ref_loss = 0.0122, div_loss = 0.0976, aux_loss = 0.0200, 0.238 seconds/batch
2026-04-20 12:48:45,749 - Epoch 14, Batch 750, lr = 0.00006, final_loss = 4.3839, nll_loss = 4.2698, ref_nll_loss = 4.4980, ivc_loss = 0.0301, neg_loss_1 = 0.0003, neg_loss_2 = 0.0003, ref_loss = 0.0096, div_loss = 0.0963, aux_loss = 0.0200, 0.238 seconds/batch
2026-04-20 12:48:57,746 - Epoch 14, Batch 800, lr = 0.00006, final_loss = 4.3759, nll_loss = 4.2655, ref_nll_loss = 4.4863, ivc_loss = 0.0358, neg_loss_1 = 0.0001, neg_loss_2 = 0.0004, ref_loss = 0.0126, div_loss = 0.0962, aux_loss = 0.0200, 0.238 seconds/batch
2026-04-20 12:49:09,590 - Epoch 14, Batch 850, lr = 0.00006, final_loss = 4.4077, nll_loss = 4.2951, ref_nll_loss = 4.5203, ivc_loss = 0.0353, neg_loss_1 = 0.0002, neg_loss_2 = 0.0004, ref_loss = 0.0122, div_loss = 0.0974, aux_loss = 0.0200, 0.238 seconds/batch
2026-04-20 12:49:21,504 - Epoch 14, Batch 900, lr = 0.00006, final_loss = 4.3998, nll_loss = 4.2867, ref_nll_loss = 4.5128, ivc_loss = 0.0320, neg_loss_1 = 0.0004, neg_loss_2 = 0.0006, ref_loss = 0.0102, div_loss = 0.0977, aux_loss = 0.0199, 0.238 seconds/batch
2026-04-20 12:49:33,480 - Epoch 14, Batch 950, lr = 0.00006, final_loss = 4.3801, nll_loss = 4.2678, ref_nll_loss = 4.4923, ivc_loss = 0.0341, neg_loss_1 = 0.0002, neg_loss_2 = 0.0001, ref_loss = 0.0117, div_loss = 0.1000, aux_loss = 0.0200, 0.238 seconds/batch
2026-04-20 12:49:45,370 - Epoch 14, Batch 1000, lr = 0.00006, final_loss = 4.3543, nll_loss = 4.2430, ref_nll_loss = 4.4656, ivc_loss = 0.0328, neg_loss_1 = 0.0001, neg_loss_2 = 0.0004, ref_loss = 0.0110, div_loss = 0.0990, aux_loss = 0.0201, 0.238 seconds/batch
2026-04-20 12:49:57,242 - Epoch 14, Batch 1050, lr = 0.00006, final_loss = 4.4052, nll_loss = 4.2915, ref_nll_loss = 4.5189, ivc_loss = 0.0358, neg_loss_1 = 0.0001, neg_loss_2 = 0.0006, ref_loss = 0.0122, div_loss = 0.0987, aux_loss = 0.0199, 0.238 seconds/batch
2026-04-20 12:50:09,118 - Epoch 14, Batch 1100, lr = 0.00006, final_loss = 4.3882, nll_loss = 4.2760, ref_nll_loss = 4.5005, ivc_loss = 0.0302, neg_loss_1 = 0.0001, neg_loss_2 = 0.0004, ref_loss = 0.0097, div_loss = 0.0972, aux_loss = 0.0200, 0.238 seconds/batch
2026-04-20 12:50:21,025 - Epoch 14, Batch 1150, lr = 0.00006, final_loss = 4.4131, nll_loss = 4.3032, ref_nll_loss = 4.5229, ivc_loss = 0.0370, neg_loss_1 = 0.0003, neg_loss_2 = 0.0012, ref_loss = 0.0121, div_loss = 0.0983, aux_loss = 0.0200, 0.238 seconds/batch
2026-04-20 12:50:25,776 - Epoch 14, Batch 1170, lr = 0.00006, final_loss = 4.3799, nll_loss = 4.2623, ref_nll_loss = 4.4975, ivc_loss = 0.0298, neg_loss_1 = 0.0006, neg_loss_2 = 0.0001, ref_loss = 0.0094, div_loss = 0.0963, aux_loss = 0.0201, 0.238 seconds/batch
2026-04-20 12:50:25,851 - save model to checkpoints/activitynet_moe2/cpl_moe2/model-14.pt, num_updates 16380.
2026-04-20 12:52:19,184 - | R@1,mIoU 0.3586 | R@1,IoU@0.1 0.7999 | R@1,IoU@0.3 0.5141 | R@1,IoU@0.5 0.2789 | R@1,IoU@0.7 0.1398 | R@1,IoU@0.9 0.0548 | R@5,mIoU 0.4238 | R@5,IoU@0.1 0.8677 | R@5,IoU@0.3 0.6005 | R@5,IoU@0.5 0.3743 | R@5,IoU@0.7 0.1929 | R@5,IoU@0.9 0.0868 |
2026-04-20 12:52:19,184 - ============================================================
2026-04-20 12:52:19,184 - Start Epoch 15
2026-04-20 12:52:31,261 - Epoch 15, Batch 50, lr = 0.00006, final_loss = 4.3359, nll_loss = 4.2240, ref_nll_loss = 4.4477, ivc_loss = 0.0341, neg_loss_1 = 0.0002, neg_loss_2 = 0.0007, ref_loss = 0.0114, div_loss = 0.0949, aux_loss = 0.0200, 0.242 seconds/batch
2026-04-20 12:52:43,132 - Epoch 15, Batch 100, lr = 0.00006, final_loss = 4.3383, nll_loss = 4.2228, ref_nll_loss = 4.4538, ivc_loss = 0.0312, neg_loss_1 = 0.0003, neg_loss_2 = 0.0003, ref_loss = 0.0102, div_loss = 0.0956, aux_loss = 0.0200, 0.239 seconds/batch
2026-04-20 12:52:54,970 - Epoch 15, Batch 150, lr = 0.00006, final_loss = 4.3380, nll_loss = 4.2279, ref_nll_loss = 4.4481, ivc_loss = 0.0331, neg_loss_1 = 0.0001, neg_loss_2 = 0.0006, ref_loss = 0.0110, div_loss = 0.0969, aux_loss = 0.0200, 0.239 seconds/batch
2026-04-20 12:53:06,859 - Epoch 15, Batch 200, lr = 0.00006, final_loss = 4.3458, nll_loss = 4.2321, ref_nll_loss = 4.4595, ivc_loss = 0.0300, neg_loss_1 = 0.0001, neg_loss_2 = 0.0003, ref_loss = 0.0098, div_loss = 0.0956, aux_loss = 0.0200, 0.238 seconds/batch
2026-04-20 12:53:18,708 - Epoch 15, Batch 250, lr = 0.00006, final_loss = 4.3588, nll_loss = 4.2485, ref_nll_loss = 4.4690, ivc_loss = 0.0320, neg_loss_1 = 0.0001, neg_loss_2 = 0.0005, ref_loss = 0.0107, div_loss = 0.0945, aux_loss = 0.0200, 0.238 seconds/batch
2026-04-20 12:53:30,517 - Epoch 15, Batch 300, lr = 0.00006, final_loss = 4.3158, nll_loss = 4.2024, ref_nll_loss = 4.4292, ivc_loss = 0.0356, neg_loss_1 = 0.0002, neg_loss_2 = 0.0006, ref_loss = 0.0122, div_loss = 0.0954, aux_loss = 0.0200, 0.238 seconds/batch
2026-04-20 12:53:42,385 - Epoch 15, Batch 350, lr = 0.00006, final_loss = 4.3359, nll_loss = 4.2214, ref_nll_loss = 4.4503, ivc_loss = 0.0326, neg_loss_1 = 0.0001, neg_loss_2 = 0.0008, ref_loss = 0.0106, div_loss = 0.0969, aux_loss = 0.0200, 0.238 seconds/batch
2026-04-20 12:53:54,216 - Epoch 15, Batch 400, lr = 0.00006, final_loss = 4.3675, nll_loss = 4.2524, ref_nll_loss = 4.4825, ivc_loss = 0.0326, neg_loss_1 = 0.0003, neg_loss_2 = 0.0003, ref_loss = 0.0109, div_loss = 0.0952, aux_loss = 0.0200, 0.238 seconds/batch
2026-04-20 12:54:06,065 - Epoch 15, Batch 450, lr = 0.00006, final_loss = 4.3713, nll_loss = 4.2611, ref_nll_loss = 4.4814, ivc_loss = 0.0354, neg_loss_1 = 0.0002, neg_loss_2 = 0.0012, ref_loss = 0.0117, div_loss = 0.0919, aux_loss = 0.0200, 0.238 seconds/batch
2026-04-20 12:54:17,972 - Epoch 15, Batch 500, lr = 0.00006, final_loss = 4.3296, nll_loss = 4.2151, ref_nll_loss = 4.4441, ivc_loss = 0.0322, neg_loss_1 = 0.0004, neg_loss_2 = 0.0008, ref_loss = 0.0103, div_loss = 0.0912, aux_loss = 0.0200, 0.238 seconds/batch
2026-04-20 12:54:29,753 - Epoch 15, Batch 550, lr = 0.00006, final_loss = 4.3582, nll_loss = 4.2480, ref_nll_loss = 4.4684, ivc_loss = 0.0325, neg_loss_1 = 0.0002, neg_loss_2 = 0.0004, ref_loss = 0.0112, div_loss = 0.0904, aux_loss = 0.0200, 0.237 seconds/batch
2026-04-20 12:54:41,747 - Epoch 15, Batch 600, lr = 0.00006, final_loss = 4.3522, nll_loss = 4.2380, ref_nll_loss = 4.4663, ivc_loss = 0.0322, neg_loss_1 = 0.0002, neg_loss_2 = 0.0004, ref_loss = 0.0109, div_loss = 0.0920, aux_loss = 0.0200, 0.238 seconds/batch
2026-04-20 12:54:53,712 - Epoch 15, Batch 650, lr = 0.00006, final_loss = 4.3550, nll_loss = 4.2427, ref_nll_loss = 4.4674, ivc_loss = 0.0329, neg_loss_1 = 0.0003, neg_loss_2 = 0.0001, ref_loss = 0.0113, div_loss = 0.0951, aux_loss = 0.0200, 0.238 seconds/batch
2026-04-20 12:55:05,543 - Epoch 15, Batch 700, lr = 0.00006, final_loss = 4.3260, nll_loss = 4.2111, ref_nll_loss = 4.4410, ivc_loss = 0.0311, neg_loss_1 = 0.0003, neg_loss_2 = 0.0003, ref_loss = 0.0103, div_loss = 0.0924, aux_loss = 0.0200, 0.238 seconds/batch
2026-04-20 12:55:17,560 - Epoch 15, Batch 750, lr = 0.00006, final_loss = 4.3495, nll_loss = 4.2353, ref_nll_loss = 4.4637, ivc_loss = 0.0327, neg_loss_1 = 0.0002, neg_loss_2 = 0.0004, ref_loss = 0.0110, div_loss = 0.0949, aux_loss = 0.0200, 0.238 seconds/batch
2026-04-20 12:55:29,767 - Epoch 15, Batch 800, lr = 0.00006, final_loss = 4.3645, nll_loss = 4.2510, ref_nll_loss = 4.4779, ivc_loss = 0.0326, neg_loss_1 = 0.0004, neg_loss_2 = 0.0002, ref_loss = 0.0109, div_loss = 0.0953, aux_loss = 0.0200, 0.238 seconds/batch
2026-04-20 12:55:41,787 - Epoch 15, Batch 850, lr = 0.00006, final_loss = 4.3405, nll_loss = 4.2270, ref_nll_loss = 4.4540, ivc_loss = 0.0345, neg_loss_1 = 0.0003, neg_loss_2 = 0.0004, ref_loss = 0.0118, div_loss = 0.0955, aux_loss = 0.0200, 0.238 seconds/batch
2026-04-20 12:55:53,739 - Epoch 15, Batch 900, lr = 0.00006, final_loss = 4.3266, nll_loss = 4.2137, ref_nll_loss = 4.4395, ivc_loss = 0.0351, neg_loss_1 = 0.0003, neg_loss_2 = 0.0005, ref_loss = 0.0121, div_loss = 0.0954, aux_loss = 0.0200, 0.238 seconds/batch
2026-04-20 12:56:05,685 - Epoch 15, Batch 950, lr = 0.00006, final_loss = 4.3564, nll_loss = 4.2404, ref_nll_loss = 4.4723, ivc_loss = 0.0314, neg_loss_1 = 0.0003, neg_loss_2 = 0.0002, ref_loss = 0.0104, div_loss = 0.0962, aux_loss = 0.0200, 0.238 seconds/batch
2026-04-20 12:56:17,597 - Epoch 15, Batch 1000, lr = 0.00006, final_loss = 4.3555, nll_loss = 4.2408, ref_nll_loss = 4.4702, ivc_loss = 0.0322, neg_loss_1 = 0.0001, neg_loss_2 = 0.0003, ref_loss = 0.0109, div_loss = 0.0959, aux_loss = 0.0200, 0.238 seconds/batch
2026-04-20 12:56:29,515 - Epoch 15, Batch 1050, lr = 0.00006, final_loss = 4.3686, nll_loss = 4.2568, ref_nll_loss = 4.4805, ivc_loss = 0.0303, neg_loss_1 = 0.0002, neg_loss_2 = 0.0001, ref_loss = 0.0099, div_loss = 0.0974, aux_loss = 0.0200, 0.238 seconds/batch
2026-04-20 12:56:41,362 - Epoch 15, Batch 1100, lr = 0.00006, final_loss = 4.3955, nll_loss = 4.2829, ref_nll_loss = 4.5081, ivc_loss = 0.0306, neg_loss_1 = 0.0002, neg_loss_2 = 0.0001, ref_loss = 0.0103, div_loss = 0.0962, aux_loss = 0.0200, 0.238 seconds/batch
2026-04-20 12:56:53,232 - Epoch 15, Batch 1150, lr = 0.00006, final_loss = 4.3656, nll_loss = 4.2500, ref_nll_loss = 4.4813, ivc_loss = 0.0310, neg_loss_1 = 0.0002, neg_loss_2 = 0.0003, ref_loss = 0.0103, div_loss = 0.0944, aux_loss = 0.0200, 0.238 seconds/batch
2026-04-20 12:56:57,915 - Epoch 15, Batch 1170, lr = 0.00006, final_loss = 4.3010, nll_loss = 4.1824, ref_nll_loss = 4.4196, ivc_loss = 0.0274, neg_loss_1 = 0.0006, neg_loss_2 = 0.0001, ref_loss = 0.0082, div_loss = 0.0956, aux_loss = 0.0200, 0.238 seconds/batch
2026-04-20 12:56:57,988 - save model to checkpoints/activitynet_moe2/cpl_moe2/model-15.pt, num_updates 17550.
2026-04-20 12:58:50,528 - | R@1,mIoU 0.3608 | R@1,IoU@0.1 0.8058 | R@1,IoU@0.3 0.5140 | R@1,IoU@0.5 0.2780 | R@1,IoU@0.7 0.1399 | R@1,IoU@0.9 0.0565 | R@5,mIoU 0.4258 | R@5,IoU@0.1 0.8666 | R@5,IoU@0.3 0.6020 | R@5,IoU@0.5 0.3761 | R@5,IoU@0.7 0.2028 | R@5,IoU@0.9 0.0779 |
2026-04-20 12:58:50,528 - ============================================================
2026-04-20 12:58:50,528 - Start Epoch 16
2026-04-20 12:59:02,657 - Epoch 16, Batch 50, lr = 0.00006, final_loss = 4.3140, nll_loss = 4.1991, ref_nll_loss = 4.4289, ivc_loss = 0.0307, neg_loss_1 = 0.0001, neg_loss_2 = 0.0003, ref_loss = 0.0102, div_loss = 0.0958, aux_loss = 0.0200, 0.243 seconds/batch
2026-04-20 12:59:14,412 - Epoch 16, Batch 100, lr = 0.00006, final_loss = 4.3137, nll_loss = 4.1985, ref_nll_loss = 4.4288, ivc_loss = 0.0313, neg_loss_1 = 0.0003, neg_loss_2 = 0.0006, ref_loss = 0.0099, div_loss = 0.0957, aux_loss = 0.0199, 0.239 seconds/batch
2026-04-20 12:59:26,213 - Epoch 16, Batch 150, lr = 0.00006, final_loss = 4.3326, nll_loss = 4.2211, ref_nll_loss = 4.4442, ivc_loss = 0.0304, neg_loss_1 = 0.0002, neg_loss_2 = 0.0003, ref_loss = 0.0102, div_loss = 0.0902, aux_loss = 0.0200, 0.238 seconds/batch
2026-04-20 12:59:38,052 - Epoch 16, Batch 200, lr = 0.00006, final_loss = 4.2731, nll_loss = 4.1603, ref_nll_loss = 4.3860, ivc_loss = 0.0315, neg_loss_1 = 0.0002, neg_loss_2 = 0.0003, ref_loss = 0.0109, div_loss = 0.0879, aux_loss = 0.0200, 0.238 seconds/batch
2026-04-20 12:59:49,957 - Epoch 16, Batch 250, lr = 0.00006, final_loss = 4.3363, nll_loss = 4.2236, ref_nll_loss = 4.4490, ivc_loss = 0.0309, neg_loss_1 = 0.0001, neg_loss_2 = 0.0003, ref_loss = 0.0106, div_loss = 0.0900, aux_loss = 0.0200, 0.238 seconds/batch
2026-04-20 13:00:01,788 - Epoch 16, Batch 300, lr = 0.00006, final_loss = 4.3165, nll_loss = 4.2044, ref_nll_loss = 4.4287, ivc_loss = 0.0298, neg_loss_1 = 0.0003, neg_loss_2 = 0.0001, ref_loss = 0.0100, div_loss = 0.0907, aux_loss = 0.0200, 0.238 seconds/batch
2026-04-20 13:00:13,658 - Epoch 16, Batch 350, lr = 0.00006, final_loss = 4.3694, nll_loss = 4.2530, ref_nll_loss = 4.4857, ivc_loss = 0.0289, neg_loss_1 = 0.0001, neg_loss_2 = 0.0001, ref_loss = 0.0096, div_loss = 0.0920, aux_loss = 0.0200, 0.238 seconds/batch
2026-04-20 13:00:25,554 - Epoch 16, Batch 400, lr = 0.00006, final_loss = 4.2917, nll_loss = 4.1785, ref_nll_loss = 4.4048, ivc_loss = 0.0292, neg_loss_1 = 0.0003, neg_loss_2 = 0.0002, ref_loss = 0.0096, div_loss = 0.0921, aux_loss = 0.0200, 0.238 seconds/batch
2026-04-20 13:00:37,431 - Epoch 16, Batch 450, lr = 0.00006, final_loss = 4.3299, nll_loss = 4.2151, ref_nll_loss = 4.4446, ivc_loss = 0.0338, neg_loss_1 = 0.0007, neg_loss_2 = 0.0001, ref_loss = 0.0114, div_loss = 0.0956, aux_loss = 0.0200, 0.238 seconds/batch
2026-04-20 13:00:49,385 - Epoch 16, Batch 500, lr = 0.00006, final_loss = 4.3224, nll_loss = 4.2054, ref_nll_loss = 4.4394, ivc_loss = 0.0305, neg_loss_1 = 0.0002, neg_loss_2 = 0.0002, ref_loss = 0.0100, div_loss = 0.0956, aux_loss = 0.0200, 0.238 seconds/batch
2026-04-20 13:01:01,274 - Epoch 16, Batch 550, lr = 0.00006, final_loss = 4.2927, nll_loss = 4.1807, ref_nll_loss = 4.4047, ivc_loss = 0.0316, neg_loss_1 = 0.0002, neg_loss_2 = 0.0002, ref_loss = 0.0105, div_loss = 0.0977, aux_loss = 0.0200, 0.238 seconds/batch
2026-04-20 13:01:13,101 - Epoch 16, Batch 600, lr = 0.00006, final_loss = 4.3327, nll_loss = 4.2202, ref_nll_loss = 4.4451, ivc_loss = 0.0339, neg_loss_1 = 0.0003, neg_loss_2 = 0.0000, ref_loss = 0.0119, div_loss = 0.0962, aux_loss = 0.0200, 0.238 seconds/batch
2026-04-20 13:01:24,940 - Epoch 16, Batch 650, lr = 0.00006, final_loss = 4.2850, nll_loss = 4.1683, ref_nll_loss = 4.4018, ivc_loss = 0.0321, neg_loss_1 = 0.0003, neg_loss_2 = 0.0003, ref_loss = 0.0108, div_loss = 0.0933, aux_loss = 0.0200, 0.238 seconds/batch
2026-04-20 13:01:36,844 - Epoch 16, Batch 700, lr = 0.00006, final_loss = 4.3502, nll_loss = 4.2353, ref_nll_loss = 4.4651, ivc_loss = 0.0301, neg_loss_1 = 0.0003, neg_loss_2 = 0.0000, ref_loss = 0.0101, div_loss = 0.0944, aux_loss = 0.0200, 0.238 seconds/batch
2026-04-20 13:01:48,675 - Epoch 16, Batch 750, lr = 0.00006, final_loss = 4.3040, nll_loss = 4.1888, ref_nll_loss = 4.4192, ivc_loss = 0.0332, neg_loss_1 = 0.0002, neg_loss_2 = 0.0005, ref_loss = 0.0111, div_loss = 0.0960, aux_loss = 0.0201, 0.238 seconds/batch
2026-04-20 13:02:00,505 - Epoch 16, Batch 800, lr = 0.00006, final_loss = 4.3311, nll_loss = 4.2142, ref_nll_loss = 4.4481, ivc_loss = 0.0294, neg_loss_1 = 0.0003, neg_loss_2 = 0.0001, ref_loss = 0.0094, div_loss = 0.0978, aux_loss = 0.0200, 0.237 seconds/batch
2026-04-20 13:02:12,366 - Epoch 16, Batch 850, lr = 0.00006, final_loss = 4.2872, nll_loss = 4.1724, ref_nll_loss = 4.4019, ivc_loss = 0.0322, neg_loss_1 = 0.0000, neg_loss_2 = 0.0003, ref_loss = 0.0110, div_loss = 0.0977, aux_loss = 0.0200, 0.237 seconds/batch
2026-04-20 13:02:24,255 - Epoch 16, Batch 900, lr = 0.00006, final_loss = 4.3278, nll_loss = 4.2151, ref_nll_loss = 4.4406, ivc_loss = 0.0330, neg_loss_1 = 0.0001, neg_loss_2 = 0.0001, ref_loss = 0.0115, div_loss = 0.0970, aux_loss = 0.0200, 0.237 seconds/batch
2026-04-20 13:02:36,131 - Epoch 16, Batch 950, lr = 0.00006, final_loss = 4.3362, nll_loss = 4.2199, ref_nll_loss = 4.4525, ivc_loss = 0.0296, neg_loss_1 = 0.0004, neg_loss_2 = 0.0001, ref_loss = 0.0095, div_loss = 0.0973, aux_loss = 0.0200, 0.237 seconds/batch
2026-04-20 13:02:48,057 - Epoch 16, Batch 1000, lr = 0.00006, final_loss = 4.3155, nll_loss = 4.1988, ref_nll_loss = 4.4322, ivc_loss = 0.0289, neg_loss_1 = 0.0001, neg_loss_2 = 0.0001, ref_loss = 0.0095, div_loss = 0.0950, aux_loss = 0.0200, 0.238 seconds/batch
2026-04-20 13:03:00,010 - Epoch 16, Batch 1050, lr = 0.00006, final_loss = 4.3277, nll_loss = 4.2152, ref_nll_loss = 4.4401, ivc_loss = 0.0329, neg_loss_1 = 0.0000, neg_loss_2 = 0.0001, ref_loss = 0.0116, div_loss = 0.0954, aux_loss = 0.0200, 0.238 seconds/batch
2026-04-20 13:03:11,875 - Epoch 16, Batch 1100, lr = 0.00006, final_loss = 4.3275, nll_loss = 4.2114, ref_nll_loss = 4.4436, ivc_loss = 0.0339, neg_loss_1 = 0.0003, neg_loss_2 = 0.0006, ref_loss = 0.0114, div_loss = 0.0939, aux_loss = 0.0200, 0.238 seconds/batch
2026-04-20 13:03:23,740 - Epoch 16, Batch 1150, lr = 0.00006, final_loss = 4.3303, nll_loss = 4.2128, ref_nll_loss = 4.4478, ivc_loss = 0.0285, neg_loss_1 = 0.0001, neg_loss_2 = 0.0001, ref_loss = 0.0093, div_loss = 0.0944, aux_loss = 0.0200, 0.238 seconds/batch
2026-04-20 13:03:28,395 - Epoch 16, Batch 1170, lr = 0.00006, final_loss = 4.3559, nll_loss = 4.2382, ref_nll_loss = 4.4737, ivc_loss = 0.0278, neg_loss_1 = 0.0001, neg_loss_2 = 0.0000, ref_loss = 0.0091, div_loss = 0.0946, aux_loss = 0.0199, 0.237 seconds/batch
2026-04-20 13:03:28,467 - save model to checkpoints/activitynet_moe2/cpl_moe2/model-16.pt, num_updates 18720.
2026-04-20 13:05:21,722 - | R@1,mIoU 0.3589 | R@1,IoU@0.1 0.8051 | R@1,IoU@0.3 0.5104 | R@1,IoU@0.5 0.2712 | R@1,IoU@0.7 0.1394 | R@1,IoU@0.9 0.0589 | R@5,mIoU 0.4255 | R@5,IoU@0.1 0.8683 | R@5,IoU@0.3 0.5998 | R@5,IoU@0.5 0.3699 | R@5,IoU@0.7 0.2022 | R@5,IoU@0.9 0.0883 |
2026-04-20 13:05:21,722 - ============================================================
2026-04-20 13:05:21,722 - Start Epoch 17
2026-04-20 13:05:33,871 - Epoch 17, Batch 50, lr = 0.00006, final_loss = 4.2830, nll_loss = 4.1655, ref_nll_loss = 4.4005, ivc_loss = 0.0287, neg_loss_1 = 0.0004, neg_loss_2 = 0.0005, ref_loss = 0.0088, div_loss = 0.0930, aux_loss = 0.0200, 0.243 seconds/batch
2026-04-20 13:05:45,751 - Epoch 17, Batch 100, lr = 0.00006, final_loss = 4.2800, nll_loss = 4.1642, ref_nll_loss = 4.3958, ivc_loss = 0.0310, neg_loss_1 = 0.0001, neg_loss_2 = 0.0001, ref_loss = 0.0106, div_loss = 0.0934, aux_loss = 0.0200, 0.240 seconds/batch
2026-04-20 13:05:57,552 - Epoch 17, Batch 150, lr = 0.00006, final_loss = 4.2872, nll_loss = 4.1731, ref_nll_loss = 4.4013, ivc_loss = 0.0320, neg_loss_1 = 0.0003, neg_loss_2 = 0.0003, ref_loss = 0.0107, div_loss = 0.0930, aux_loss = 0.0200, 0.239 seconds/batch
2026-04-20 13:06:09,393 - Epoch 17, Batch 200, lr = 0.00006, final_loss = 4.2715, nll_loss = 4.1541, ref_nll_loss = 4.3890, ivc_loss = 0.0301, neg_loss_1 = 0.0001, neg_loss_2 = 0.0002, ref_loss = 0.0100, div_loss = 0.0954, aux_loss = 0.0200, 0.238 seconds/batch
2026-04-20 13:06:21,377 - Epoch 17, Batch 250, lr = 0.00006, final_loss = 4.2660, nll_loss = 4.1492, ref_nll_loss = 4.3827, ivc_loss = 0.0300, neg_loss_1 = 0.0003, neg_loss_2 = 0.0001, ref_loss = 0.0098, div_loss = 0.0959, aux_loss = 0.0200, 0.239 seconds/batch
2026-04-20 13:06:33,215 - Epoch 17, Batch 300, lr = 0.00006, final_loss = 4.2924, nll_loss = 4.1735, ref_nll_loss = 4.4113, ivc_loss = 0.0330, neg_loss_1 = 0.0002, neg_loss_2 = 0.0003, ref_loss = 0.0112, div_loss = 0.0954, aux_loss = 0.0199, 0.238 seconds/batch
2026-04-20 13:06:45,054 - Epoch 17, Batch 350, lr = 0.00006, final_loss = 4.2951, nll_loss = 4.1800, ref_nll_loss = 4.4102, ivc_loss = 0.0319, neg_loss_1 = 0.0002, neg_loss_2 = 0.0002, ref_loss = 0.0108, div_loss = 0.0931, aux_loss = 0.0200, 0.238 seconds/batch
2026-04-20 13:06:56,963 - Epoch 17, Batch 400, lr = 0.00006, final_loss = 4.2918, nll_loss = 4.1743, ref_nll_loss = 4.4094, ivc_loss = 0.0309, neg_loss_1 = 0.0002, neg_loss_2 = 0.0003, ref_loss = 0.0102, div_loss = 0.0946, aux_loss = 0.0200, 0.238 seconds/batch
2026-04-20 13:07:08,804 - Epoch 17, Batch 450, lr = 0.00006, final_loss = 4.3036, nll_loss = 4.1841, ref_nll_loss = 4.4231, ivc_loss = 0.0257, neg_loss_1 = 0.0001, neg_loss_2 = 0.0001, ref_loss = 0.0078, div_loss = 0.0958, aux_loss = 0.0200, 0.238 seconds/batch
2026-04-20 13:07:20,740 - Epoch 17, Batch 500, lr = 0.00006, final_loss = 4.3245, nll_loss = 4.2076, ref_nll_loss = 4.4415, ivc_loss = 0.0330, neg_loss_1 = 0.0002, neg_loss_2 = 0.0004, ref_loss = 0.0110, div_loss = 0.0977, aux_loss = 0.0200, 0.238 seconds/batch
2026-04-20 13:07:32,571 - Epoch 17, Batch 550, lr = 0.00006, final_loss = 4.3149, nll_loss = 4.2003, ref_nll_loss = 4.4296, ivc_loss = 0.0310, neg_loss_1 = 0.0002, neg_loss_2 = 0.0001, ref_loss = 0.0102, div_loss = 0.0983, aux_loss = 0.0200, 0.238 seconds/batch
2026-04-20 13:07:44,394 - Epoch 17, Batch 600, lr = 0.00006, final_loss = 4.3011, nll_loss = 4.1845, ref_nll_loss = 4.4177, ivc_loss = 0.0313, neg_loss_1 = 0.0002, neg_loss_2 = 0.0003, ref_loss = 0.0103, div_loss = 0.0967, aux_loss = 0.0200, 0.238 seconds/batch
2026-04-20 13:07:56,216 - Epoch 17, Batch 650, lr = 0.00006, final_loss = 4.2854, nll_loss = 4.1689, ref_nll_loss = 4.4020, ivc_loss = 0.0318, neg_loss_1 = 0.0001, neg_loss_2 = 0.0002, ref_loss = 0.0106, div_loss = 0.0983, aux_loss = 0.0200, 0.238 seconds/batch
2026-04-20 13:08:08,128 - Epoch 17, Batch 700, lr = 0.00006, final_loss = 4.2694, nll_loss = 4.1507, ref_nll_loss = 4.3880, ivc_loss = 0.0303, neg_loss_1 = 0.0002, neg_loss_2 = 0.0006, ref_loss = 0.0094, div_loss = 0.0989, aux_loss = 0.0200, 0.238 seconds/batch
2026-04-20 13:08:19,952 - Epoch 17, Batch 750, lr = 0.00006, final_loss = 4.3000, nll_loss = 4.1820, ref_nll_loss = 4.4180, ivc_loss = 0.0292, neg_loss_1 = 0.0002, neg_loss_2 = 0.0000, ref_loss = 0.0094, div_loss = 0.0983, aux_loss = 0.0200, 0.238 seconds/batch
2026-04-20 13:08:31,784 - Epoch 17, Batch 800, lr = 0.00006, final_loss = 4.2887, nll_loss = 4.1700, ref_nll_loss = 4.4074, ivc_loss = 0.0301, neg_loss_1 = 0.0000, neg_loss_2 = 0.0006, ref_loss = 0.0096, div_loss = 0.0961, aux_loss = 0.0199, 0.238 seconds/batch
2026-04-20 13:08:43,710 - Epoch 17, Batch 850, lr = 0.00006, final_loss = 4.3152, nll_loss = 4.1981, ref_nll_loss = 4.4324, ivc_loss = 0.0297, neg_loss_1 = 0.0002, neg_loss_2 = 0.0003, ref_loss = 0.0096, div_loss = 0.0951, aux_loss = 0.0201, 0.238 seconds/batch
2026-04-20 13:08:55,596 - Epoch 17, Batch 900, lr = 0.00006, final_loss = 4.2980, nll_loss = 4.1837, ref_nll_loss = 4.4123, ivc_loss = 0.0320, neg_loss_1 = 0.0000, neg_loss_2 = 0.0001, ref_loss = 0.0111, div_loss = 0.0959, aux_loss = 0.0199, 0.238 seconds/batch
2026-04-20 13:09:07,411 - Epoch 17, Batch 950, lr = 0.00006, final_loss = 4.2753, nll_loss = 4.1611, ref_nll_loss = 4.3896, ivc_loss = 0.0327, neg_loss_1 = 0.0001, neg_loss_2 = 0.0002, ref_loss = 0.0112, div_loss = 0.0979, aux_loss = 0.0201, 0.238 seconds/batch
2026-04-20 13:09:19,272 - Epoch 17, Batch 1000, lr = 0.00006, final_loss = 4.3390, nll_loss = 4.2219, ref_nll_loss = 4.4560, ivc_loss = 0.0313, neg_loss_1 = 0.0004, neg_loss_2 = 0.0004, ref_loss = 0.0101, div_loss = 0.0954, aux_loss = 0.0200, 0.238 seconds/batch
2026-04-20 13:09:31,126 - Epoch 17, Batch 1050, lr = 0.00006, final_loss = 4.3437, nll_loss = 4.2291, ref_nll_loss = 4.4584, ivc_loss = 0.0330, neg_loss_1 = 0.0004, neg_loss_2 = 0.0001, ref_loss = 0.0113, div_loss = 0.0943, aux_loss = 0.0200, 0.238 seconds/batch
2026-04-20 13:09:43,106 - Epoch 17, Batch 1100, lr = 0.00006, final_loss = 4.2683, nll_loss = 4.1519, ref_nll_loss = 4.3846, ivc_loss = 0.0285, neg_loss_1 = 0.0002, neg_loss_2 = 0.0002, ref_loss = 0.0091, div_loss = 0.0942, aux_loss = 0.0200, 0.238 seconds/batch
2026-04-20 13:09:54,958 - Epoch 17, Batch 1150, lr = 0.00006, final_loss = 4.2970, nll_loss = 4.1768, ref_nll_loss = 4.4173, ivc_loss = 0.0290, neg_loss_1 = 0.0004, neg_loss_2 = 0.0005, ref_loss = 0.0089, div_loss = 0.0953, aux_loss = 0.0200, 0.238 seconds/batch
2026-04-20 13:09:59,630 - Epoch 17, Batch 1170, lr = 0.00006, final_loss = 4.3502, nll_loss = 4.2370, ref_nll_loss = 4.4634, ivc_loss = 0.0311, neg_loss_1 = 0.0001, neg_loss_2 = 0.0002, ref_loss = 0.0104, div_loss = 0.0964, aux_loss = 0.0198, 0.238 seconds/batch
2026-04-20 13:09:59,701 - save model to checkpoints/activitynet_moe2/cpl_moe2/model-17.pt, num_updates 19890.
2026-04-20 13:11:52,752 - | R@1,mIoU 0.3581 | R@1,IoU@0.1 0.7987 | R@1,IoU@0.3 0.5122 | R@1,IoU@0.5 0.2757 | R@1,IoU@0.7 0.1398 | R@1,IoU@0.9 0.0558 | R@5,mIoU 0.4293 | R@5,IoU@0.1 0.8667 | R@5,IoU@0.3 0.6016 | R@5,IoU@0.5 0.3821 | R@5,IoU@0.7 0.2118 | R@5,IoU@0.9 0.0859 |
2026-04-20 13:11:52,753 - ============================================================
2026-04-20 13:11:52,753 - Start Epoch 18
2026-04-20 13:12:04,883 - Epoch 18, Batch 50, lr = 0.00006, final_loss = 4.2734, nll_loss = 4.1581, ref_nll_loss = 4.3887, ivc_loss = 0.0291, neg_loss_1 = 0.0001, neg_loss_2 = 0.0004, ref_loss = 0.0093, div_loss = 0.0933, aux_loss = 0.0200, 0.243 seconds/batch
2026-04-20 13:12:16,640 - Epoch 18, Batch 100, lr = 0.00006, final_loss = 4.2541, nll_loss = 4.1370, ref_nll_loss = 4.3713, ivc_loss = 0.0292, neg_loss_1 = 0.0002, neg_loss_2 = 0.0003, ref_loss = 0.0093, div_loss = 0.0939, aux_loss = 0.0200, 0.239 seconds/batch
2026-04-20 13:12:28,422 - Epoch 18, Batch 150, lr = 0.00006, final_loss = 4.2827, nll_loss = 4.1645, ref_nll_loss = 4.4010, ivc_loss = 0.0302, neg_loss_1 = 0.0002, neg_loss_2 = 0.0002, ref_loss = 0.0099, div_loss = 0.0965, aux_loss = 0.0201, 0.238 seconds/batch
2026-04-20 13:12:40,341 - Epoch 18, Batch 200, lr = 0.00006, final_loss = 4.2605, nll_loss = 4.1416, ref_nll_loss = 4.3794, ivc_loss = 0.0307, neg_loss_1 = 0.0001, neg_loss_2 = 0.0004, ref_loss = 0.0099, div_loss = 0.0973, aux_loss = 0.0200, 0.238 seconds/batch
2026-04-20 13:12:52,315 - Epoch 18, Batch 250, lr = 0.00006, final_loss = 4.2613, nll_loss = 4.1450, ref_nll_loss = 4.3777, ivc_loss = 0.0311, neg_loss_1 = 0.0001, neg_loss_2 = 0.0003, ref_loss = 0.0104, div_loss = 0.0944, aux_loss = 0.0200, 0.238 seconds/batch
2026-04-20 13:13:04,327 - Epoch 18, Batch 300, lr = 0.00006, final_loss = 4.2699, nll_loss = 4.1472, ref_nll_loss = 4.3926, ivc_loss = 0.0282, neg_loss_1 = 0.0002, neg_loss_2 = 0.0004, ref_loss = 0.0088, div_loss = 0.0935, aux_loss = 0.0199, 0.239 seconds/batch
2026-04-20 13:13:16,191 - Epoch 18, Batch 350, lr = 0.00006, final_loss = 4.2631, nll_loss = 4.1450, ref_nll_loss = 4.3813, ivc_loss = 0.0290, neg_loss_1 = 0.0003, neg_loss_2 = 0.0002, ref_loss = 0.0093, div_loss = 0.0958, aux_loss = 0.0200, 0.238 seconds/batch
2026-04-20 13:13:28,072 - Epoch 18, Batch 400, lr = 0.00006, final_loss = 4.2495, nll_loss = 4.1308, ref_nll_loss = 4.3682, ivc_loss = 0.0312, neg_loss_1 = 0.0004, neg_loss_2 = 0.0003, ref_loss = 0.0101, div_loss = 0.0980, aux_loss = 0.0200, 0.238 seconds/batch
2026-04-20 13:13:39,932 - Epoch 18, Batch 450, lr = 0.00006, final_loss = 4.2706, nll_loss = 4.1523, ref_nll_loss = 4.3889, ivc_loss = 0.0316, neg_loss_1 = 0.0001, neg_loss_2 = 0.0001, ref_loss = 0.0108, div_loss = 0.0979, aux_loss = 0.0200, 0.238 seconds/batch
2026-04-20 13:13:51,743 - Epoch 18, Batch 500, lr = 0.00006, final_loss = 4.3059, nll_loss = 4.1889, ref_nll_loss = 4.4228, ivc_loss = 0.0317, neg_loss_1 = 0.0004, neg_loss_2 = 0.0004, ref_loss = 0.0103, div_loss = 0.0958, aux_loss = 0.0200, 0.238 seconds/batch
2026-04-20 13:14:03,612 - Epoch 18, Batch 550, lr = 0.00006, final_loss = 4.2542, nll_loss = 4.1358, ref_nll_loss = 4.3725, ivc_loss = 0.0327, neg_loss_1 = 0.0002, neg_loss_2 = 0.0001, ref_loss = 0.0111, div_loss = 0.0985, aux_loss = 0.0200, 0.238 seconds/batch
2026-04-20 13:14:15,526 - Epoch 18, Batch 600, lr = 0.00006, final_loss = 4.2867, nll_loss = 4.1668, ref_nll_loss = 4.4066, ivc_loss = 0.0298, neg_loss_1 = 0.0003, neg_loss_2 = 0.0001, ref_loss = 0.0097, div_loss = 0.0966, aux_loss = 0.0200, 0.238 seconds/batch
2026-04-20 13:14:27,456 - Epoch 18, Batch 650, lr = 0.00006, final_loss = 4.2511, nll_loss = 4.1363, ref_nll_loss = 4.3659, ivc_loss = 0.0333, neg_loss_1 = 0.0004, neg_loss_2 = 0.0002, ref_loss = 0.0113, div_loss = 0.0932, aux_loss = 0.0200, 0.238 seconds/batch
2026-04-20 13:14:39,617 - Epoch 18, Batch 700, lr = 0.00006, final_loss = 4.2897, nll_loss = 4.1728, ref_nll_loss = 4.4066, ivc_loss = 0.0319, neg_loss_1 = 0.0002, neg_loss_2 = 0.0005, ref_loss = 0.0105, div_loss = 0.0946, aux_loss = 0.0200, 0.238 seconds/batch
2026-04-20 13:14:51,446 - Epoch 18, Batch 750, lr = 0.00006, final_loss = 4.2428, nll_loss = 4.1238, ref_nll_loss = 4.3619, ivc_loss = 0.0302, neg_loss_1 = 0.0002, neg_loss_2 = 0.0002, ref_loss = 0.0099, div_loss = 0.0968, aux_loss = 0.0200, 0.238 seconds/batch
2026-04-20 13:15:03,277 - Epoch 18, Batch 800, lr = 0.00006, final_loss = 4.2650, nll_loss = 4.1456, ref_nll_loss = 4.3845, ivc_loss = 0.0290, neg_loss_1 = 0.0002, neg_loss_2 = 0.0003, ref_loss = 0.0092, div_loss = 0.0963, aux_loss = 0.0200, 0.238 seconds/batch
2026-04-20 13:15:15,133 - Epoch 18, Batch 850, lr = 0.00006, final_loss = 4.2516, nll_loss = 4.1336, ref_nll_loss = 4.3695, ivc_loss = 0.0309, neg_loss_1 = 0.0000, neg_loss_2 = 0.0004, ref_loss = 0.0102, div_loss = 0.0969, aux_loss = 0.0199, 0.238 seconds/batch
2026-04-20 13:15:27,010 - Epoch 18, Batch 900, lr = 0.00006, final_loss = 4.3135, nll_loss = 4.1973, ref_nll_loss = 4.4297, ivc_loss = 0.0306, neg_loss_1 = 0.0002, neg_loss_2 = 0.0001, ref_loss = 0.0101, div_loss = 0.0968, aux_loss = 0.0201, 0.238 seconds/batch
2026-04-20 13:15:38,976 - Epoch 18, Batch 950, lr = 0.00006, final_loss = 4.2895, nll_loss = 4.1718, ref_nll_loss = 4.4072, ivc_loss = 0.0309, neg_loss_1 = 0.0001, neg_loss_2 = 0.0002, ref_loss = 0.0102, div_loss = 0.0979, aux_loss = 0.0199, 0.238 seconds/batch
2026-04-20 13:15:50,960 - Epoch 18, Batch 1000, lr = 0.00006, final_loss = 4.3051, nll_loss = 4.1858, ref_nll_loss = 4.4243, ivc_loss = 0.0321, neg_loss_1 = 0.0000, neg_loss_2 = 0.0000, ref_loss = 0.0111, div_loss = 0.0971, aux_loss = 0.0200, 0.238 seconds/batch
2026-04-20 13:16:02,877 - Epoch 18, Batch 1050, lr = 0.00006, final_loss = 4.2764, nll_loss = 4.1567, ref_nll_loss = 4.3961, ivc_loss = 0.0306, neg_loss_1 = 0.0003, neg_loss_2 = 0.0002, ref_loss = 0.0101, div_loss = 0.0941, aux_loss = 0.0200, 0.238 seconds/batch
2026-04-20 13:16:14,769 - Epoch 18, Batch 1100, lr = 0.00006, final_loss = 4.2446, nll_loss = 4.1241, ref_nll_loss = 4.3650, ivc_loss = 0.0288, neg_loss_1 = 0.0000, neg_loss_2 = 0.0004, ref_loss = 0.0092, div_loss = 0.0952, aux_loss = 0.0200, 0.238 seconds/batch
2026-04-20 13:16:26,642 - Epoch 18, Batch 1150, lr = 0.00006, final_loss = 4.2798, nll_loss = 4.1582, ref_nll_loss = 4.4014, ivc_loss = 0.0323, neg_loss_1 = 0.0002, neg_loss_2 = 0.0002, ref_loss = 0.0109, div_loss = 0.0965, aux_loss = 0.0201, 0.238 seconds/batch
2026-04-20 13:16:31,310 - Epoch 18, Batch 1170, lr = 0.00006, final_loss = 4.2875, nll_loss = 4.1703, ref_nll_loss = 4.4048, ivc_loss = 0.0317, neg_loss_1 = 0.0001, neg_loss_2 = 0.0002, ref_loss = 0.0108, div_loss = 0.0961, aux_loss = 0.0198, 0.238 seconds/batch
2026-04-20 13:16:31,381 - save model to checkpoints/activitynet_moe2/cpl_moe2/model-18.pt, num_updates 21060.
2026-04-20 13:18:24,049 - | R@1,mIoU 0.3583 | R@1,IoU@0.1 0.8075 | R@1,IoU@0.3 0.5127 | R@1,IoU@0.5 0.2730 | R@1,IoU@0.7 0.1395 | R@1,IoU@0.9 0.0502 | R@5,mIoU 0.4199 | R@5,IoU@0.1 0.8684 | R@5,IoU@0.3 0.5936 | R@5,IoU@0.5 0.3629 | R@5,IoU@0.7 0.1999 | R@5,IoU@0.9 0.0683 |
2026-04-20 13:18:24,049 - ============================================================
2026-04-20 13:18:24,050 - Start Epoch 19
2026-04-20 13:18:36,207 - Epoch 19, Batch 50, lr = 0.00006, final_loss = 4.2231, nll_loss = 4.1055, ref_nll_loss = 4.3407, ivc_loss = 0.0312, neg_loss_1 = 0.0002, neg_loss_2 = 0.0002, ref_loss = 0.0104, div_loss = 0.0963, aux_loss = 0.0200, 0.243 seconds/batch
2026-04-20 13:18:48,111 - Epoch 19, Batch 100, lr = 0.00005, final_loss = 4.2502, nll_loss = 4.1349, ref_nll_loss = 4.3654, ivc_loss = 0.0324, neg_loss_1 = 0.0001, neg_loss_2 = 0.0003, ref_loss = 0.0109, div_loss = 0.0960, aux_loss = 0.0200, 0.241 seconds/batch
2026-04-20 13:18:59,927 - Epoch 19, Batch 150, lr = 0.00005, final_loss = 4.2405, nll_loss = 4.1217, ref_nll_loss = 4.3592, ivc_loss = 0.0292, neg_loss_1 = 0.0001, neg_loss_2 = 0.0004, ref_loss = 0.0094, div_loss = 0.0940, aux_loss = 0.0200, 0.239 seconds/batch
2026-04-20 13:19:11,823 - Epoch 19, Batch 200, lr = 0.00005, final_loss = 4.2538, nll_loss = 4.1322, ref_nll_loss = 4.3754, ivc_loss = 0.0296, neg_loss_1 = 0.0002, neg_loss_2 = 0.0004, ref_loss = 0.0093, div_loss = 0.0968, aux_loss = 0.0200, 0.239 seconds/batch
2026-04-20 13:19:23,987 - Epoch 19, Batch 250, lr = 0.00005, final_loss = 4.2260, nll_loss = 4.1097, ref_nll_loss = 4.3422, ivc_loss = 0.0325, neg_loss_1 = 0.0002, neg_loss_2 = 0.0003, ref_loss = 0.0109, div_loss = 0.0967, aux_loss = 0.0199, 0.240 seconds/batch
2026-04-20 13:19:35,937 - Epoch 19, Batch 300, lr = 0.00005, final_loss = 4.2168, nll_loss = 4.0944, ref_nll_loss = 4.3392, ivc_loss = 0.0306, neg_loss_1 = 0.0001, neg_loss_2 = 0.0003, ref_loss = 0.0100, div_loss = 0.0974, aux_loss = 0.0201, 0.240 seconds/batch
2026-04-20 13:19:47,795 - Epoch 19, Batch 350, lr = 0.00005, final_loss = 4.2673, nll_loss = 4.1501, ref_nll_loss = 4.3846, ivc_loss = 0.0326, neg_loss_1 = 0.0003, neg_loss_2 = 0.0004, ref_loss = 0.0108, div_loss = 0.0964, aux_loss = 0.0200, 0.239 seconds/batch
2026-04-20 13:19:59,644 - Epoch 19, Batch 400, lr = 0.00005, final_loss = 4.2332, nll_loss = 4.1148, ref_nll_loss = 4.3515, ivc_loss = 0.0313, neg_loss_1 = 0.0004, neg_loss_2 = 0.0003, ref_loss = 0.0102, div_loss = 0.0944, aux_loss = 0.0200, 0.239 seconds/batch
2026-04-20 13:20:11,548 - Epoch 19, Batch 450, lr = 0.00005, final_loss = 4.2673, nll_loss = 4.1458, ref_nll_loss = 4.3888, ivc_loss = 0.0300, neg_loss_1 = 0.0000, neg_loss_2 = 0.0001, ref_loss = 0.0101, div_loss = 0.0956, aux_loss = 0.0199, 0.239 seconds/batch
2026-04-20 13:20:23,421 - Epoch 19, Batch 500, lr = 0.00005, final_loss = 4.2848, nll_loss = 4.1640, ref_nll_loss = 4.4057, ivc_loss = 0.0320, neg_loss_1 = 0.0001, neg_loss_2 = 0.0004, ref_loss = 0.0108, div_loss = 0.0962, aux_loss = 0.0200, 0.239 seconds/batch
2026-04-20 13:20:35,338 - Epoch 19, Batch 550, lr = 0.00005, final_loss = 4.2470, nll_loss = 4.1274, ref_nll_loss = 4.3667, ivc_loss = 0.0294, neg_loss_1 = 0.0001, neg_loss_2 = 0.0004, ref_loss = 0.0094, div_loss = 0.0977, aux_loss = 0.0200, 0.239 seconds/batch
2026-04-20 13:20:47,201 - Epoch 19, Batch 600, lr = 0.00005, final_loss = 4.2752, nll_loss = 4.1562, ref_nll_loss = 4.3941, ivc_loss = 0.0291, neg_loss_1 = 0.0002, neg_loss_2 = 0.0001, ref_loss = 0.0093, div_loss = 0.0986, aux_loss = 0.0199, 0.239 seconds/batch
2026-04-20 13:20:59,039 - Epoch 19, Batch 650, lr = 0.00005, final_loss = 4.2247, nll_loss = 4.1040, ref_nll_loss = 4.3454, ivc_loss = 0.0301, neg_loss_1 = 0.0001, neg_loss_2 = 0.0002, ref_loss = 0.0099, div_loss = 0.0985, aux_loss = 0.0200, 0.238 seconds/batch
2026-04-20 13:21:10,892 - Epoch 19, Batch 700, lr = 0.00005, final_loss = 4.2189, nll_loss = 4.0961, ref_nll_loss = 4.3417, ivc_loss = 0.0294, neg_loss_1 = 0.0000, neg_loss_2 = 0.0003, ref_loss = 0.0095, div_loss = 0.0975, aux_loss = 0.0200, 0.238 seconds/batch
2026-04-20 13:21:22,729 - Epoch 19, Batch 750, lr = 0.00005, final_loss = 4.2484, nll_loss = 4.1314, ref_nll_loss = 4.3654, ivc_loss = 0.0323, neg_loss_1 = 0.0007, neg_loss_2 = 0.0005, ref_loss = 0.0100, div_loss = 0.0984, aux_loss = 0.0200, 0.238 seconds/batch
2026-04-20 13:21:34,599 - Epoch 19, Batch 800, lr = 0.00005, final_loss = 4.2585, nll_loss = 4.1401, ref_nll_loss = 4.3769, ivc_loss = 0.0329, neg_loss_1 = 0.0003, neg_loss_2 = 0.0000, ref_loss = 0.0113, div_loss = 0.0983, aux_loss = 0.0200, 0.238 seconds/batch
2026-04-20 13:21:46,464 - Epoch 19, Batch 850, lr = 0.00005, final_loss = 4.2345, nll_loss = 4.1109, ref_nll_loss = 4.3580, ivc_loss = 0.0270, neg_loss_1 = 0.0005, neg_loss_2 = 0.0001, ref_loss = 0.0080, div_loss = 0.0974, aux_loss = 0.0200, 0.238 seconds/batch
2026-04-20 13:21:58,360 - Epoch 19, Batch 900, lr = 0.00005, final_loss = 4.2499, nll_loss = 4.1311, ref_nll_loss = 4.3687, ivc_loss = 0.0298, neg_loss_1 = 0.0002, neg_loss_2 = 0.0002, ref_loss = 0.0097, div_loss = 0.0968, aux_loss = 0.0200, 0.238 seconds/batch
2026-04-20 13:22:10,193 - Epoch 19, Batch 950, lr = 0.00005, final_loss = 4.2611, nll_loss = 4.1422, ref_nll_loss = 4.3799, ivc_loss = 0.0312, neg_loss_1 = 0.0001, neg_loss_2 = 0.0000, ref_loss = 0.0107, div_loss = 0.0958, aux_loss = 0.0200, 0.238 seconds/batch
2026-04-20 13:22:22,095 - Epoch 19, Batch 1000, lr = 0.00005, final_loss = 4.2655, nll_loss = 4.1421, ref_nll_loss = 4.3890, ivc_loss = 0.0303, neg_loss_1 = 0.0002, neg_loss_2 = 0.0002, ref_loss = 0.0099, div_loss = 0.0961, aux_loss = 0.0200, 0.238 seconds/batch
2026-04-20 13:22:33,944 - Epoch 19, Batch 1050, lr = 0.00005, final_loss = 4.2520, nll_loss = 4.1301, ref_nll_loss = 4.3740, ivc_loss = 0.0296, neg_loss_1 = 0.0002, neg_loss_2 = 0.0003, ref_loss = 0.0095, div_loss = 0.0969, aux_loss = 0.0200, 0.238 seconds/batch
2026-04-20 13:22:45,825 - Epoch 19, Batch 1100, lr = 0.00005, final_loss = 4.2722, nll_loss = 4.1549, ref_nll_loss = 4.3895, ivc_loss = 0.0329, neg_loss_1 = 0.0002, neg_loss_2 = 0.0007, ref_loss = 0.0106, div_loss = 0.0977, aux_loss = 0.0201, 0.238 seconds/batch
2026-04-20 13:22:57,680 - Epoch 19, Batch 1150, lr = 0.00005, final_loss = 4.2537, nll_loss = 4.1320, ref_nll_loss = 4.3754, ivc_loss = 0.0296, neg_loss_1 = 0.0002, neg_loss_2 = 0.0003, ref_loss = 0.0094, div_loss = 0.0985, aux_loss = 0.0200, 0.238 seconds/batch
2026-04-20 13:23:02,377 - Epoch 19, Batch 1170, lr = 0.00005, final_loss = 4.3289, nll_loss = 4.2075, ref_nll_loss = 4.4503, ivc_loss = 0.0264, neg_loss_1 = 0.0000, neg_loss_2 = 0.0004, ref_loss = 0.0080, div_loss = 0.0966, aux_loss = 0.0198, 0.238 seconds/batch
2026-04-20 13:23:02,449 - save model to checkpoints/activitynet_moe2/cpl_moe2/model-19.pt, num_updates 22230.
2026-04-20 13:24:55,009 - | R@1,mIoU 0.3593 | R@1,IoU@0.1 0.8012 | R@1,IoU@0.3 0.5125 | R@1,IoU@0.5 0.2754 | R@1,IoU@0.7 0.1403 | R@1,IoU@0.9 0.0575 | R@5,mIoU 0.4233 | R@5,IoU@0.1 0.8674 | R@5,IoU@0.3 0.5984 | R@5,IoU@0.5 0.3685 | R@5,IoU@0.7 0.1999 | R@5,IoU@0.9 0.0783 |
2026-04-20 13:24:55,009 - ============================================================
2026-04-20 13:24:55,009 - Start Epoch 20
2026-04-20 13:25:07,087 - Epoch 20, Batch 50, lr = 0.00005, final_loss = 4.2345, nll_loss = 4.1151, ref_nll_loss = 4.3539, ivc_loss = 0.0286, neg_loss_1 = 0.0001, neg_loss_2 = 0.0001, ref_loss = 0.0093, div_loss = 0.0963, aux_loss = 0.0200, 0.242 seconds/batch
2026-04-20 13:25:18,954 - Epoch 20, Batch 100, lr = 0.00005, final_loss = 4.1934, nll_loss = 4.0708, ref_nll_loss = 4.3161, ivc_loss = 0.0297, neg_loss_1 = 0.0001, neg_loss_2 = 0.0001, ref_loss = 0.0097, div_loss = 0.0969, aux_loss = 0.0200, 0.239 seconds/batch
2026-04-20 13:25:30,815 - Epoch 20, Batch 150, lr = 0.00005, final_loss = 4.2425, nll_loss = 4.1205, ref_nll_loss = 4.3644, ivc_loss = 0.0276, neg_loss_1 = 0.0000, neg_loss_2 = 0.0003, ref_loss = 0.0086, div_loss = 0.0973, aux_loss = 0.0200, 0.239 seconds/batch
2026-04-20 13:25:42,645 - Epoch 20, Batch 200, lr = 0.00005, final_loss = 4.1736, nll_loss = 4.0521, ref_nll_loss = 4.2951, ivc_loss = 0.0330, neg_loss_1 = 0.0001, neg_loss_2 = 0.0002, ref_loss = 0.0112, div_loss = 0.0987, aux_loss = 0.0201, 0.238 seconds/batch
2026-04-20 13:25:54,481 - Epoch 20, Batch 250, lr = 0.00005, final_loss = 4.2467, nll_loss = 4.1271, ref_nll_loss = 4.3663, ivc_loss = 0.0313, neg_loss_1 = 0.0002, neg_loss_2 = 0.0004, ref_loss = 0.0102, div_loss = 0.0985, aux_loss = 0.0199, 0.238 seconds/batch
2026-04-20 13:26:06,364 - Epoch 20, Batch 300, lr = 0.00005, final_loss = 4.2282, nll_loss = 4.1056, ref_nll_loss = 4.3508, ivc_loss = 0.0287, neg_loss_1 = 0.0001, neg_loss_2 = 0.0006, ref_loss = 0.0088, div_loss = 0.0971, aux_loss = 0.0201, 0.238 seconds/batch
2026-04-20 13:26:18,185 - Epoch 20, Batch 350, lr = 0.00005, final_loss = 4.2306, nll_loss = 4.1077, ref_nll_loss = 4.3534, ivc_loss = 0.0282, neg_loss_1 = 0.0003, neg_loss_2 = 0.0003, ref_loss = 0.0085, div_loss = 0.0989, aux_loss = 0.0199, 0.238 seconds/batch
2026-04-20 13:26:30,035 - Epoch 20, Batch 400, lr = 0.00005, final_loss = 4.2153, nll_loss = 4.0953, ref_nll_loss = 4.3353, ivc_loss = 0.0301, neg_loss_1 = 0.0001, neg_loss_2 = 0.0001, ref_loss = 0.0099, div_loss = 0.0971, aux_loss = 0.0199, 0.238 seconds/batch
2026-04-20 13:26:41,899 - Epoch 20, Batch 450, lr = 0.00005, final_loss = 4.2180, nll_loss = 4.0951, ref_nll_loss = 4.3410, ivc_loss = 0.0301, neg_loss_1 = 0.0001, neg_loss_2 = 0.0003, ref_loss = 0.0099, div_loss = 0.0948, aux_loss = 0.0199, 0.238 seconds/batch
2026-04-20 13:26:53,784 - Epoch 20, Batch 500, lr = 0.00005, final_loss = 4.2351, nll_loss = 4.1157, ref_nll_loss = 4.3544, ivc_loss = 0.0286, neg_loss_1 = 0.0001, neg_loss_2 = 0.0001, ref_loss = 0.0094, div_loss = 0.0946, aux_loss = 0.0200, 0.238 seconds/batch
2026-04-20 13:27:05,637 - Epoch 20, Batch 550, lr = 0.00005, final_loss = 4.2508, nll_loss = 4.1292, ref_nll_loss = 4.3724, ivc_loss = 0.0303, neg_loss_1 = 0.0004, neg_loss_2 = 0.0002, ref_loss = 0.0098, div_loss = 0.0953, aux_loss = 0.0199, 0.238 seconds/batch
2026-04-20 13:27:17,516 - Epoch 20, Batch 600, lr = 0.00005, final_loss = 4.2469, nll_loss = 4.1291, ref_nll_loss = 4.3647, ivc_loss = 0.0299, neg_loss_1 = 0.0002, neg_loss_2 = 0.0001, ref_loss = 0.0098, div_loss = 0.0955, aux_loss = 0.0200, 0.238 seconds/batch
2026-04-20 13:27:29,323 - Epoch 20, Batch 650, lr = 0.00005, final_loss = 4.2365, nll_loss = 4.1160, ref_nll_loss = 4.3570, ivc_loss = 0.0296, neg_loss_1 = 0.0002, neg_loss_2 = 0.0001, ref_loss = 0.0096, div_loss = 0.0965, aux_loss = 0.0200, 0.237 seconds/batch
2026-04-20 13:27:41,175 - Epoch 20, Batch 700, lr = 0.00005, final_loss = 4.2257, nll_loss = 4.1069, ref_nll_loss = 4.3444, ivc_loss = 0.0289, neg_loss_1 = 0.0003, neg_loss_2 = 0.0000, ref_loss = 0.0093, div_loss = 0.0955, aux_loss = 0.0200, 0.237 seconds/batch
2026-04-20 13:27:53,088 - Epoch 20, Batch 750, lr = 0.00005, final_loss = 4.2329, nll_loss = 4.1127, ref_nll_loss = 4.3532, ivc_loss = 0.0313, neg_loss_1 = 0.0001, neg_loss_2 = 0.0002, ref_loss = 0.0104, div_loss = 0.0978, aux_loss = 0.0200, 0.237 seconds/batch
2026-04-20 13:28:04,982 - Epoch 20, Batch 800, lr = 0.00005, final_loss = 4.2191, nll_loss = 4.0959, ref_nll_loss = 4.3422, ivc_loss = 0.0280, neg_loss_1 = 0.0000, neg_loss_2 = 0.0003, ref_loss = 0.0088, div_loss = 0.0975, aux_loss = 0.0200, 0.237 seconds/batch
2026-04-20 13:28:16,834 - Epoch 20, Batch 850, lr = 0.00005, final_loss = 4.2257, nll_loss = 4.1060, ref_nll_loss = 4.3453, ivc_loss = 0.0309, neg_loss_1 = 0.0002, neg_loss_2 = 0.0001, ref_loss = 0.0103, div_loss = 0.0964, aux_loss = 0.0200, 0.237 seconds/batch
2026-04-20 13:28:28,903 - Epoch 20, Batch 900, lr = 0.00005, final_loss = 4.1952, nll_loss = 4.0723, ref_nll_loss = 4.3181, ivc_loss = 0.0292, neg_loss_1 = 0.0004, neg_loss_2 = 0.0005, ref_loss = 0.0089, div_loss = 0.0963, aux_loss = 0.0200, 0.238 seconds/batch
2026-04-20 13:28:40,849 - Epoch 20, Batch 950, lr = 0.00005, final_loss = 4.2253, nll_loss = 4.1010, ref_nll_loss = 4.3497, ivc_loss = 0.0274, neg_loss_1 = 0.0000, neg_loss_2 = 0.0003, ref_loss = 0.0086, div_loss = 0.0958, aux_loss = 0.0200, 0.238 seconds/batch
2026-04-20 13:28:52,769 - Epoch 20, Batch 1000, lr = 0.00005, final_loss = 4.2289, nll_loss = 4.1104, ref_nll_loss = 4.3473, ivc_loss = 0.0340, neg_loss_1 = 0.0005, neg_loss_2 = 0.0005, ref_loss = 0.0112, div_loss = 0.0959, aux_loss = 0.0200, 0.238 seconds/batch
2026-04-20 13:29:04,755 - Epoch 20, Batch 1050, lr = 0.00005, final_loss = 4.2456, nll_loss = 4.1188, ref_nll_loss = 4.3724, ivc_loss = 0.0283, neg_loss_1 = 0.0002, neg_loss_2 = 0.0002, ref_loss = 0.0090, div_loss = 0.0966, aux_loss = 0.0200, 0.238 seconds/batch
2026-04-20 13:29:16,560 - Epoch 20, Batch 1100, lr = 0.00005, final_loss = 4.2421, nll_loss = 4.1208, ref_nll_loss = 4.3634, ivc_loss = 0.0293, neg_loss_1 = 0.0001, neg_loss_2 = 0.0000, ref_loss = 0.0097, div_loss = 0.0971, aux_loss = 0.0199, 0.238 seconds/batch
2026-04-20 13:29:28,526 - Epoch 20, Batch 1150, lr = 0.00005, final_loss = 4.2247, nll_loss = 4.1050, ref_nll_loss = 4.3444, ivc_loss = 0.0321, neg_loss_1 = 0.0002, neg_loss_2 = 0.0001, ref_loss = 0.0109, div_loss = 0.0972, aux_loss = 0.0200, 0.238 seconds/batch
2026-04-20 13:29:33,191 - Epoch 20, Batch 1170, lr = 0.00005, final_loss = 4.2638, nll_loss = 4.1425, ref_nll_loss = 4.3851, ivc_loss = 0.0257, neg_loss_1 = 0.0000, neg_loss_2 = 0.0003, ref_loss = 0.0077, div_loss = 0.0966, aux_loss = 0.0199, 0.238 seconds/batch
2026-04-20 13:29:33,259 - save model to checkpoints/activitynet_moe2/cpl_moe2/model-20.pt, num_updates 23400.
2026-04-20 13:31:26,207 - | R@1,mIoU 0.3589 | R@1,IoU@0.1 0.8046 | R@1,IoU@0.3 0.5130 | R@1,IoU@0.5 0.2738 | R@1,IoU@0.7 0.1400 | R@1,IoU@0.9 0.0535 | R@5,mIoU 0.4277 | R@5,IoU@0.1 0.8692 | R@5,IoU@0.3 0.6023 | R@5,IoU@0.5 0.3766 | R@5,IoU@0.7 0.2089 | R@5,IoU@0.9 0.0739 |
2026-04-20 13:31:26,207 - ============================================================
2026-04-20 13:31:26,207 - Start Epoch 21
2026-04-20 13:31:38,267 - Epoch 21, Batch 50, lr = 0.00005, final_loss = 4.1744, nll_loss = 4.0534, ref_nll_loss = 4.2954, ivc_loss = 0.0284, neg_loss_1 = 0.0000, neg_loss_2 = 0.0002, ref_loss = 0.0092, div_loss = 0.0946, aux_loss = 0.0202, 0.241 seconds/batch
2026-04-20 13:31:50,018 - Epoch 21, Batch 100, lr = 0.00005, final_loss = 4.1878, nll_loss = 4.0642, ref_nll_loss = 4.3113, ivc_loss = 0.0301, neg_loss_1 = 0.0001, neg_loss_2 = 0.0004, ref_loss = 0.0098, div_loss = 0.0953, aux_loss = 0.0199, 0.238 seconds/batch
2026-04-20 13:32:01,831 - Epoch 21, Batch 150, lr = 0.00005, final_loss = 4.2092, nll_loss = 4.0851, ref_nll_loss = 4.3334, ivc_loss = 0.0280, neg_loss_1 = 0.0001, neg_loss_2 = 0.0000, ref_loss = 0.0090, div_loss = 0.0961, aux_loss = 0.0199, 0.237 seconds/batch
2026-04-20 13:32:13,682 - Epoch 21, Batch 200, lr = 0.00005, final_loss = 4.1937, nll_loss = 4.0707, ref_nll_loss = 4.3166, ivc_loss = 0.0279, neg_loss_1 = 0.0001, neg_loss_2 = 0.0000, ref_loss = 0.0091, div_loss = 0.0955, aux_loss = 0.0201, 0.237 seconds/batch
2026-04-20 13:32:25,557 - Epoch 21, Batch 250, lr = 0.00005, final_loss = 4.1842, nll_loss = 4.0650, ref_nll_loss = 4.3034, ivc_loss = 0.0308, neg_loss_1 = 0.0003, neg_loss_2 = 0.0004, ref_loss = 0.0099, div_loss = 0.0963, aux_loss = 0.0200, 0.237 seconds/batch
2026-04-20 13:32:37,426 - Epoch 21, Batch 300, lr = 0.00005, final_loss = 4.1863, nll_loss = 4.0630, ref_nll_loss = 4.3097, ivc_loss = 0.0286, neg_loss_1 = 0.0001, neg_loss_2 = 0.0001, ref_loss = 0.0093, div_loss = 0.0969, aux_loss = 0.0200, 0.237 seconds/batch
2026-04-20 13:32:49,360 - Epoch 21, Batch 350, lr = 0.00005, final_loss = 4.2233, nll_loss = 4.1014, ref_nll_loss = 4.3452, ivc_loss = 0.0292, neg_loss_1 = 0.0001, neg_loss_2 = 0.0003, ref_loss = 0.0094, div_loss = 0.0964, aux_loss = 0.0200, 0.238 seconds/batch
2026-04-20 13:33:01,282 - Epoch 21, Batch 400, lr = 0.00005, final_loss = 4.2176, nll_loss = 4.0948, ref_nll_loss = 4.3404, ivc_loss = 0.0285, neg_loss_1 = 0.0002, neg_loss_2 = 0.0001, ref_loss = 0.0090, div_loss = 0.0984, aux_loss = 0.0200, 0.238 seconds/batch
2026-04-20 13:33:13,224 - Epoch 21, Batch 450, lr = 0.00005, final_loss = 4.2074, nll_loss = 4.0862, ref_nll_loss = 4.3287, ivc_loss = 0.0323, neg_loss_1 = 0.0001, neg_loss_2 = 0.0007, ref_loss = 0.0104, div_loss = 0.0992, aux_loss = 0.0202, 0.238 seconds/batch
2026-04-20 13:33:25,098 - Epoch 21, Batch 500, lr = 0.00005, final_loss = 4.2187, nll_loss = 4.0950, ref_nll_loss = 4.3425, ivc_loss = 0.0294, neg_loss_1 = 0.0000, neg_loss_2 = 0.0001, ref_loss = 0.0096, div_loss = 0.0989, aux_loss = 0.0198, 0.238 seconds/batch
2026-04-20 13:33:37,032 - Epoch 21, Batch 550, lr = 0.00005, final_loss = 4.2014, nll_loss = 4.0775, ref_nll_loss = 4.3253, ivc_loss = 0.0303, neg_loss_1 = 0.0001, neg_loss_2 = 0.0001, ref_loss = 0.0100, div_loss = 0.0993, aux_loss = 0.0199, 0.238 seconds/batch
2026-04-20 13:33:48,985 - Epoch 21, Batch 600, lr = 0.00005, final_loss = 4.2041, nll_loss = 4.0817, ref_nll_loss = 4.3266, ivc_loss = 0.0288, neg_loss_1 = 0.0001, neg_loss_2 = 0.0001, ref_loss = 0.0092, div_loss = 0.0992, aux_loss = 0.0200, 0.238 seconds/batch
2026-04-20 13:34:01,337 - Epoch 21, Batch 650, lr = 0.00005, final_loss = 4.1865, nll_loss = 4.0638, ref_nll_loss = 4.3092, ivc_loss = 0.0290, neg_loss_1 = 0.0000, neg_loss_2 = 0.0002, ref_loss = 0.0093, div_loss = 0.0988, aux_loss = 0.0200, 0.239 seconds/batch
2026-04-20 13:34:13,323 - Epoch 21, Batch 700, lr = 0.00005, final_loss = 4.2023, nll_loss = 4.0760, ref_nll_loss = 4.3287, ivc_loss = 0.0285, neg_loss_1 = 0.0003, neg_loss_2 = 0.0003, ref_loss = 0.0087, div_loss = 0.0990, aux_loss = 0.0200, 0.239 seconds/batch
2026-04-20 13:34:25,266 - Epoch 21, Batch 750, lr = 0.00005, final_loss = 4.1981, nll_loss = 4.0764, ref_nll_loss = 4.3198, ivc_loss = 0.0297, neg_loss_1 = 0.0002, neg_loss_2 = 0.0001, ref_loss = 0.0096, div_loss = 0.0994, aux_loss = 0.0200, 0.239 seconds/batch
2026-04-20 13:34:37,107 - Epoch 21, Batch 800, lr = 0.00005, final_loss = 4.2288, nll_loss = 4.1060, ref_nll_loss = 4.3515, ivc_loss = 0.0301, neg_loss_1 = 0.0001, neg_loss_2 = 0.0002, ref_loss = 0.0099, div_loss = 0.0972, aux_loss = 0.0200, 0.239 seconds/batch
2026-04-20 13:34:48,974 - Epoch 21, Batch 850, lr = 0.00005, final_loss = 4.2201, nll_loss = 4.0976, ref_nll_loss = 4.3426, ivc_loss = 0.0287, neg_loss_1 = 0.0001, neg_loss_2 = 0.0003, ref_loss = 0.0091, div_loss = 0.0977, aux_loss = 0.0200, 0.239 seconds/batch
2026-04-20 13:35:00,889 - Epoch 21, Batch 900, lr = 0.00005, final_loss = 4.2093, nll_loss = 4.0895, ref_nll_loss = 4.3290, ivc_loss = 0.0315, neg_loss_1 = 0.0001, neg_loss_2 = 0.0002, ref_loss = 0.0104, div_loss = 0.0979, aux_loss = 0.0200, 0.239 seconds/batch
2026-04-20 13:35:12,782 - Epoch 21, Batch 950, lr = 0.00005, final_loss = 4.2387, nll_loss = 4.1149, ref_nll_loss = 4.3625, ivc_loss = 0.0305, neg_loss_1 = 0.0001, neg_loss_2 = 0.0003, ref_loss = 0.0099, div_loss = 0.0978, aux_loss = 0.0200, 0.238 seconds/batch
2026-04-20 13:35:24,646 - Epoch 21, Batch 1000, lr = 0.00005, final_loss = 4.2493, nll_loss = 4.1284, ref_nll_loss = 4.3702, ivc_loss = 0.0306, neg_loss_1 = 0.0003, neg_loss_2 = 0.0003, ref_loss = 0.0098, div_loss = 0.0995, aux_loss = 0.0201, 0.238 seconds/batch
2026-04-20 13:35:36,530 - Epoch 21, Batch 1050, lr = 0.00005, final_loss = 4.2057, nll_loss = 4.0843, ref_nll_loss = 4.3272, ivc_loss = 0.0310, neg_loss_1 = 0.0001, neg_loss_2 = 0.0002, ref_loss = 0.0103, div_loss = 0.0977, aux_loss = 0.0200, 0.238 seconds/batch
2026-04-20 13:35:48,479 - Epoch 21, Batch 1100, lr = 0.00005, final_loss = 4.2301, nll_loss = 4.1099, ref_nll_loss = 4.3504, ivc_loss = 0.0282, neg_loss_1 = 0.0000, neg_loss_2 = 0.0001, ref_loss = 0.0090, div_loss = 0.0980, aux_loss = 0.0198, 0.238 seconds/batch
2026-04-20 13:36:00,382 - Epoch 21, Batch 1150, lr = 0.00005, final_loss = 4.1885, nll_loss = 4.0635, ref_nll_loss = 4.3136, ivc_loss = 0.0293, neg_loss_1 = 0.0001, neg_loss_2 = 0.0001, ref_loss = 0.0094, div_loss = 0.0995, aux_loss = 0.0201, 0.238 seconds/batch
2026-04-20 13:36:05,080 - Epoch 21, Batch 1170, lr = 0.00005, final_loss = 4.2055, nll_loss = 4.0841, ref_nll_loss = 4.3268, ivc_loss = 0.0263, neg_loss_1 = 0.0000, neg_loss_2 = 0.0000, ref_loss = 0.0081, div_loss = 0.1014, aux_loss = 0.0199, 0.238 seconds/batch
2026-04-20 13:36:05,154 - save model to checkpoints/activitynet_moe2/cpl_moe2/model-21.pt, num_updates 24570.
2026-04-20 13:37:58,399 - | R@1,mIoU 0.3596 | R@1,IoU@0.1 0.8102 | R@1,IoU@0.3 0.5137 | R@1,IoU@0.5 0.2731 | R@1,IoU@0.7 0.1394 | R@1,IoU@0.9 0.0537 | R@5,mIoU 0.4251 | R@5,IoU@0.1 0.8698 | R@5,IoU@0.3 0.6036 | R@5,IoU@0.5 0.3718 | R@5,IoU@0.7 0.2029 | R@5,IoU@0.9 0.0718 |
2026-04-20 13:37:58,399 - ============================================================
2026-04-20 13:37:58,399 - Start Epoch 22
2026-04-20 13:38:10,505 - Epoch 22, Batch 50, lr = 0.00005, final_loss = 4.1898, nll_loss = 4.0668, ref_nll_loss = 4.3127, ivc_loss = 0.0309, neg_loss_1 = 0.0003, neg_loss_2 = 0.0003, ref_loss = 0.0099, div_loss = 0.0995, aux_loss = 0.0200, 0.242 seconds/batch
2026-04-20 13:38:22,425 - Epoch 22, Batch 100, lr = 0.00005, final_loss = 4.1712, nll_loss = 4.0457, ref_nll_loss = 4.2967, ivc_loss = 0.0259, neg_loss_1 = 0.0002, neg_loss_2 = 0.0001, ref_loss = 0.0078, div_loss = 0.0975, aux_loss = 0.0200, 0.240 seconds/batch
2026-04-20 13:38:34,301 - Epoch 22, Batch 150, lr = 0.00005, final_loss = 4.1545, nll_loss = 4.0277, ref_nll_loss = 4.2813, ivc_loss = 0.0276, neg_loss_1 = 0.0000, neg_loss_2 = 0.0000, ref_loss = 0.0088, div_loss = 0.0992, aux_loss = 0.0200, 0.239 seconds/batch
2026-04-20 13:38:46,291 - Epoch 22, Batch 200, lr = 0.00005, final_loss = 4.1700, nll_loss = 4.0477, ref_nll_loss = 4.2923, ivc_loss = 0.0302, neg_loss_1 = 0.0002, neg_loss_2 = 0.0001, ref_loss = 0.0100, div_loss = 0.0972, aux_loss = 0.0198, 0.239 seconds/batch
2026-04-20 13:38:58,251 - Epoch 22, Batch 250, lr = 0.00005, final_loss = 4.1996, nll_loss = 4.0722, ref_nll_loss = 4.3270, ivc_loss = 0.0282, neg_loss_1 = 0.0002, neg_loss_2 = 0.0002, ref_loss = 0.0088, div_loss = 0.0981, aux_loss = 0.0200, 0.239 seconds/batch
2026-04-20 13:39:10,267 - Epoch 22, Batch 300, lr = 0.00005, final_loss = 4.2030, nll_loss = 4.0807, ref_nll_loss = 4.3253, ivc_loss = 0.0317, neg_loss_1 = 0.0005, neg_loss_2 = 0.0004, ref_loss = 0.0100, div_loss = 0.0995, aux_loss = 0.0201, 0.240 seconds/batch
2026-04-20 13:39:22,272 - Epoch 22, Batch 350, lr = 0.00005, final_loss = 4.1520, nll_loss = 4.0275, ref_nll_loss = 4.2766, ivc_loss = 0.0280, neg_loss_1 = 0.0001, neg_loss_2 = 0.0001, ref_loss = 0.0089, div_loss = 0.0998, aux_loss = 0.0199, 0.240 seconds/batch
2026-04-20 13:39:34,444 - Epoch 22, Batch 400, lr = 0.00005, final_loss = 4.1696, nll_loss = 4.0451, ref_nll_loss = 4.2941, ivc_loss = 0.0282, neg_loss_1 = 0.0002, neg_loss_2 = 0.0001, ref_loss = 0.0087, div_loss = 0.1010, aux_loss = 0.0200, 0.240 seconds/batch
2026-04-20 13:39:46,496 - Epoch 22, Batch 450, lr = 0.00005, final_loss = 4.2023, nll_loss = 4.0769, ref_nll_loss = 4.3276, ivc_loss = 0.0289, neg_loss_1 = 0.0001, neg_loss_2 = 0.0005, ref_loss = 0.0089, div_loss = 0.1005, aux_loss = 0.0200, 0.240 seconds/batch
2026-04-20 13:39:58,734 - Epoch 22, Batch 500, lr = 0.00005, final_loss = 4.1776, nll_loss = 4.0525, ref_nll_loss = 4.3028, ivc_loss = 0.0267, neg_loss_1 = 0.0002, neg_loss_2 = 0.0002, ref_loss = 0.0080, div_loss = 0.0995, aux_loss = 0.0200, 0.241 seconds/batch
2026-04-20 13:40:10,730 - Epoch 22, Batch 550, lr = 0.00005, final_loss = 4.1592, nll_loss = 4.0369, ref_nll_loss = 4.2815, ivc_loss = 0.0303, neg_loss_1 = 0.0002, neg_loss_2 = 0.0003, ref_loss = 0.0097, div_loss = 0.0986, aux_loss = 0.0200, 0.241 seconds/batch
2026-04-20 13:40:22,681 - Epoch 22, Batch 600, lr = 0.00005, final_loss = 4.1999, nll_loss = 4.0742, ref_nll_loss = 4.3256, ivc_loss = 0.0297, neg_loss_1 = 0.0002, neg_loss_2 = 0.0002, ref_loss = 0.0095, div_loss = 0.0988, aux_loss = 0.0200, 0.240 seconds/batch
2026-04-20 13:40:34,731 - Epoch 22, Batch 650, lr = 0.00005, final_loss = 4.2073, nll_loss = 4.0812, ref_nll_loss = 4.3333, ivc_loss = 0.0290, neg_loss_1 = 0.0001, neg_loss_2 = 0.0004, ref_loss = 0.0091, div_loss = 0.0987, aux_loss = 0.0200, 0.241 seconds/batch
2026-04-20 13:40:46,693 - Epoch 22, Batch 700, lr = 0.00005, final_loss = 4.2235, nll_loss = 4.0990, ref_nll_loss = 4.3480, ivc_loss = 0.0297, neg_loss_1 = 0.0000, neg_loss_2 = 0.0002, ref_loss = 0.0098, div_loss = 0.0978, aux_loss = 0.0200, 0.240 seconds/batch
2026-04-20 13:40:58,645 - Epoch 22, Batch 750, lr = 0.00005, final_loss = 4.1741, nll_loss = 4.0495, ref_nll_loss = 4.2988, ivc_loss = 0.0275, neg_loss_1 = 0.0003, neg_loss_2 = 0.0001, ref_loss = 0.0086, div_loss = 0.0964, aux_loss = 0.0199, 0.240 seconds/batch
2026-04-20 13:41:10,610 - Epoch 22, Batch 800, lr = 0.00005, final_loss = 4.1709, nll_loss = 4.0463, ref_nll_loss = 4.2955, ivc_loss = 0.0274, neg_loss_1 = 0.0005, neg_loss_2 = 0.0001, ref_loss = 0.0082, div_loss = 0.0968, aux_loss = 0.0200, 0.240 seconds/batch
2026-04-20 13:41:22,645 - Epoch 22, Batch 850, lr = 0.00005, final_loss = 4.1898, nll_loss = 4.0667, ref_nll_loss = 4.3130, ivc_loss = 0.0312, neg_loss_1 = 0.0002, neg_loss_2 = 0.0004, ref_loss = 0.0102, div_loss = 0.0978, aux_loss = 0.0200, 0.240 seconds/batch
2026-04-20 13:41:34,566 - Epoch 22, Batch 900, lr = 0.00005, final_loss = 4.1695, nll_loss = 4.0455, ref_nll_loss = 4.2936, ivc_loss = 0.0307, neg_loss_1 = 0.0002, neg_loss_2 = 0.0003, ref_loss = 0.0101, div_loss = 0.0964, aux_loss = 0.0199, 0.240 seconds/batch
2026-04-20 13:41:46,461 - Epoch 22, Batch 950, lr = 0.00005, final_loss = 4.1661, nll_loss = 4.0409, ref_nll_loss = 4.2913, ivc_loss = 0.0324, neg_loss_1 = 0.0002, neg_loss_2 = 0.0003, ref_loss = 0.0108, div_loss = 0.0971, aux_loss = 0.0200, 0.240 seconds/batch
2026-04-20 13:41:58,425 - Epoch 22, Batch 1000, lr = 0.00005, final_loss = 4.1879, nll_loss = 4.0601, ref_nll_loss = 4.3157, ivc_loss = 0.0274, neg_loss_1 = 0.0001, neg_loss_2 = 0.0002, ref_loss = 0.0085, div_loss = 0.0973, aux_loss = 0.0199, 0.240 seconds/batch
2026-04-20 13:42:10,302 - Epoch 22, Batch 1050, lr = 0.00005, final_loss = 4.2104, nll_loss = 4.0852, ref_nll_loss = 4.3355, ivc_loss = 0.0316, neg_loss_1 = 0.0001, neg_loss_2 = 0.0006, ref_loss = 0.0101, div_loss = 0.0989, aux_loss = 0.0200, 0.240 seconds/batch
2026-04-20 13:42:22,174 - Epoch 22, Batch 1100, lr = 0.00005, final_loss = 4.2187, nll_loss = 4.0946, ref_nll_loss = 4.3428, ivc_loss = 0.0292, neg_loss_1 = 0.0001, neg_loss_2 = 0.0000, ref_loss = 0.0095, div_loss = 0.0983, aux_loss = 0.0200, 0.240 seconds/batch
2026-04-20 13:42:34,092 - Epoch 22, Batch 1150, lr = 0.00005, final_loss = 4.1996, nll_loss = 4.0748, ref_nll_loss = 4.3244, ivc_loss = 0.0317, neg_loss_1 = 0.0001, neg_loss_2 = 0.0002, ref_loss = 0.0108, div_loss = 0.0964, aux_loss = 0.0200, 0.240 seconds/batch
2026-04-20 13:42:38,763 - Epoch 22, Batch 1170, lr = 0.00005, final_loss = 4.2151, nll_loss = 4.0914, ref_nll_loss = 4.3388, ivc_loss = 0.0307, neg_loss_1 = 0.0000, neg_loss_2 = 0.0004, ref_loss = 0.0101, div_loss = 0.0967, aux_loss = 0.0198, 0.240 seconds/batch
2026-04-20 13:42:38,836 - save model to checkpoints/activitynet_moe2/cpl_moe2/model-22.pt, num_updates 25740.
2026-04-20 13:44:31,665 - | R@1,mIoU 0.3583 | R@1,IoU@0.1 0.8056 | R@1,IoU@0.3 0.5132 | R@1,IoU@0.5 0.2738 | R@1,IoU@0.7 0.1395 | R@1,IoU@0.9 0.0524 | R@5,mIoU 0.4206 | R@5,IoU@0.1 0.8682 | R@5,IoU@0.3 0.5979 | R@5,IoU@0.5 0.3640 | R@5,IoU@0.7 0.1983 | R@5,IoU@0.9 0.0691 |
2026-04-20 13:44:31,665 - ============================================================
2026-04-20 13:44:31,665 - Start Epoch 23
2026-04-20 13:44:43,770 - Epoch 23, Batch 50, lr = 0.00005, final_loss = 4.1709, nll_loss = 4.0498, ref_nll_loss = 4.2920, ivc_loss = 0.0284, neg_loss_1 = 0.0001, neg_loss_2 = 0.0001, ref_loss = 0.0092, div_loss = 0.0965, aux_loss = 0.0199, 0.242 seconds/batch
2026-04-20 13:44:55,633 - Epoch 23, Batch 100, lr = 0.00005, final_loss = 4.1517, nll_loss = 4.0298, ref_nll_loss = 4.2735, ivc_loss = 0.0262, neg_loss_1 = 0.0001, neg_loss_2 = 0.0001, ref_loss = 0.0080, div_loss = 0.0964, aux_loss = 0.0201, 0.240 seconds/batch
2026-04-20 13:45:07,438 - Epoch 23, Batch 150, lr = 0.00005, final_loss = 4.1593, nll_loss = 4.0344, ref_nll_loss = 4.2841, ivc_loss = 0.0308, neg_loss_1 = 0.0000, neg_loss_2 = 0.0004, ref_loss = 0.0100, div_loss = 0.0984, aux_loss = 0.0201, 0.238 seconds/batch
2026-04-20 13:45:19,255 - Epoch 23, Batch 200, lr = 0.00005, final_loss = 4.1437, nll_loss = 4.0167, ref_nll_loss = 4.2708, ivc_loss = 0.0282, neg_loss_1 = 0.0001, neg_loss_2 = 0.0001, ref_loss = 0.0088, div_loss = 0.1017, aux_loss = 0.0199, 0.238 seconds/batch
2026-04-20 13:45:31,071 - Epoch 23, Batch 250, lr = 0.00005, final_loss = 4.1846, nll_loss = 4.0547, ref_nll_loss = 4.3145, ivc_loss = 0.0284, neg_loss_1 = 0.0001, neg_loss_2 = 0.0006, ref_loss = 0.0085, div_loss = 0.1004, aux_loss = 0.0200, 0.238 seconds/batch
2026-04-20 13:45:42,959 - Epoch 23, Batch 300, lr = 0.00005, final_loss = 4.1816, nll_loss = 4.0585, ref_nll_loss = 4.3047, ivc_loss = 0.0292, neg_loss_1 = 0.0001, neg_loss_2 = 0.0002, ref_loss = 0.0094, div_loss = 0.0974, aux_loss = 0.0199, 0.238 seconds/batch
2026-04-20 13:45:54,762 - Epoch 23, Batch 350, lr = 0.00005, final_loss = 4.1782, nll_loss = 4.0501, ref_nll_loss = 4.3064, ivc_loss = 0.0282, neg_loss_1 = 0.0002, neg_loss_2 = 0.0001, ref_loss = 0.0090, div_loss = 0.0975, aux_loss = 0.0200, 0.237 seconds/batch
2026-04-20 13:46:06,629 - Epoch 23, Batch 400, lr = 0.00005, final_loss = 4.1706, nll_loss = 4.0446, ref_nll_loss = 4.2965, ivc_loss = 0.0270, neg_loss_1 = 0.0000, neg_loss_2 = 0.0002, ref_loss = 0.0084, div_loss = 0.0985, aux_loss = 0.0200, 0.237 seconds/batch
2026-04-20 13:46:18,488 - Epoch 23, Batch 450, lr = 0.00005, final_loss = 4.1354, nll_loss = 4.0093, ref_nll_loss = 4.2614, ivc_loss = 0.0283, neg_loss_1 = 0.0000, neg_loss_2 = 0.0001, ref_loss = 0.0092, div_loss = 0.0982, aux_loss = 0.0199, 0.237 seconds/batch
2026-04-20 13:46:30,501 - Epoch 23, Batch 500, lr = 0.00005, final_loss = 4.1267, nll_loss = 3.9968, ref_nll_loss = 4.2566, ivc_loss = 0.0276, neg_loss_1 = 0.0002, neg_loss_2 = 0.0003, ref_loss = 0.0084, div_loss = 0.1000, aux_loss = 0.0201, 0.238 seconds/batch
2026-04-20 13:46:42,384 - Epoch 23, Batch 550, lr = 0.00005, final_loss = 4.1486, nll_loss = 4.0219, ref_nll_loss = 4.2753, ivc_loss = 0.0316, neg_loss_1 = 0.0001, neg_loss_2 = 0.0003, ref_loss = 0.0104, div_loss = 0.0985, aux_loss = 0.0199, 0.238 seconds/batch
2026-04-20 13:46:54,195 - Epoch 23, Batch 600, lr = 0.00005, final_loss = 4.1594, nll_loss = 4.0360, ref_nll_loss = 4.2828, ivc_loss = 0.0282, neg_loss_1 = 0.0001, neg_loss_2 = 0.0003, ref_loss = 0.0088, div_loss = 0.0987, aux_loss = 0.0200, 0.238 seconds/batch
2026-04-20 13:47:06,035 - Epoch 23, Batch 650, lr = 0.00005, final_loss = 4.1539, nll_loss = 4.0271, ref_nll_loss = 4.2807, ivc_loss = 0.0288, neg_loss_1 = 0.0001, neg_loss_2 = 0.0002, ref_loss = 0.0091, div_loss = 0.0998, aux_loss = 0.0200, 0.237 seconds/batch
2026-04-20 13:47:17,902 - Epoch 23, Batch 700, lr = 0.00005, final_loss = 4.1925, nll_loss = 4.0703, ref_nll_loss = 4.3148, ivc_loss = 0.0326, neg_loss_1 = 0.0000, neg_loss_2 = 0.0005, ref_loss = 0.0108, div_loss = 0.0989, aux_loss = 0.0200, 0.237 seconds/batch
2026-04-20 13:47:29,801 - Epoch 23, Batch 750, lr = 0.00005, final_loss = 4.1628, nll_loss = 4.0370, ref_nll_loss = 4.2886, ivc_loss = 0.0274, neg_loss_1 = 0.0002, neg_loss_2 = 0.0001, ref_loss = 0.0083, div_loss = 0.0992, aux_loss = 0.0198, 0.238 seconds/batch
2026-04-20 13:47:41,709 - Epoch 23, Batch 800, lr = 0.00005, final_loss = 4.1977, nll_loss = 4.0724, ref_nll_loss = 4.3231, ivc_loss = 0.0291, neg_loss_1 = 0.0001, neg_loss_2 = 0.0006, ref_loss = 0.0090, div_loss = 0.0983, aux_loss = 0.0200, 0.238 seconds/batch
2026-04-20 13:47:53,617 - Epoch 23, Batch 850, lr = 0.00005, final_loss = 4.2093, nll_loss = 4.0861, ref_nll_loss = 4.3325, ivc_loss = 0.0320, neg_loss_1 = 0.0000, neg_loss_2 = 0.0003, ref_loss = 0.0107, div_loss = 0.1001, aux_loss = 0.0202, 0.238 seconds/batch
2026-04-20 13:48:05,530 - Epoch 23, Batch 900, lr = 0.00005, final_loss = 4.1536, nll_loss = 4.0308, ref_nll_loss = 4.2763, ivc_loss = 0.0336, neg_loss_1 = 0.0003, neg_loss_2 = 0.0003, ref_loss = 0.0113, div_loss = 0.0986, aux_loss = 0.0199, 0.238 seconds/batch
2026-04-20 13:48:17,414 - Epoch 23, Batch 950, lr = 0.00005, final_loss = 4.1525, nll_loss = 4.0260, ref_nll_loss = 4.2790, ivc_loss = 0.0303, neg_loss_1 = 0.0000, neg_loss_2 = 0.0000, ref_loss = 0.0102, div_loss = 0.0980, aux_loss = 0.0200, 0.238 seconds/batch
2026-04-20 13:48:29,307 - Epoch 23, Batch 1000, lr = 0.00005, final_loss = 4.1884, nll_loss = 4.0644, ref_nll_loss = 4.3124, ivc_loss = 0.0295, neg_loss_1 = 0.0000, neg_loss_2 = 0.0003, ref_loss = 0.0095, div_loss = 0.0987, aux_loss = 0.0199, 0.238 seconds/batch
2026-04-20 13:48:41,266 - Epoch 23, Batch 1050, lr = 0.00005, final_loss = 4.1796, nll_loss = 4.0536, ref_nll_loss = 4.3056, ivc_loss = 0.0287, neg_loss_1 = 0.0001, neg_loss_2 = 0.0003, ref_loss = 0.0090, div_loss = 0.0987, aux_loss = 0.0200, 0.238 seconds/batch
2026-04-20 13:48:53,095 - Epoch 23, Batch 1100, lr = 0.00005, final_loss = 4.1681, nll_loss = 4.0434, ref_nll_loss = 4.2927, ivc_loss = 0.0303, neg_loss_1 = 0.0002, neg_loss_2 = 0.0001, ref_loss = 0.0099, div_loss = 0.0983, aux_loss = 0.0201, 0.238 seconds/batch
2026-04-20 13:49:05,095 - Epoch 23, Batch 1150, lr = 0.00005, final_loss = 4.1873, nll_loss = 4.0609, ref_nll_loss = 4.3138, ivc_loss = 0.0299, neg_loss_1 = 0.0002, neg_loss_2 = 0.0006, ref_loss = 0.0094, div_loss = 0.0964, aux_loss = 0.0199, 0.238 seconds/batch
2026-04-20 13:49:09,820 - Epoch 23, Batch 1170, lr = 0.00005, final_loss = 4.1878, nll_loss = 4.0653, ref_nll_loss = 4.3103, ivc_loss = 0.0293, neg_loss_1 = 0.0000, neg_loss_2 = 0.0007, ref_loss = 0.0092, div_loss = 0.0957, aux_loss = 0.0202, 0.238 seconds/batch
2026-04-20 13:49:09,893 - save model to checkpoints/activitynet_moe2/cpl_moe2/model-23.pt, num_updates 26910.
2026-04-20 13:51:02,548 - | R@1,mIoU 0.3596 | R@1,IoU@0.1 0.8066 | R@1,IoU@0.3 0.5151 | R@1,IoU@0.5 0.2776 | R@1,IoU@0.7 0.1403 | R@1,IoU@0.9 0.0530 | R@5,mIoU 0.4215 | R@5,IoU@0.1 0.8680 | R@5,IoU@0.3 0.5970 | R@5,IoU@0.5 0.3668 | R@5,IoU@0.7 0.1979 | R@5,IoU@0.9 0.0725 |
2026-04-20 13:51:02,548 - ============================================================
2026-04-20 13:51:02,548 - Start Epoch 24
2026-04-20 13:51:14,786 - Epoch 24, Batch 50, lr = 0.00005, final_loss = 4.1619, nll_loss = 4.0364, ref_nll_loss = 4.2874, ivc_loss = 0.0313, neg_loss_1 = 0.0001, neg_loss_2 = 0.0001, ref_loss = 0.0106, div_loss = 0.0974, aux_loss = 0.0198, 0.245 seconds/batch
2026-04-20 13:51:26,694 - Epoch 24, Batch 100, lr = 0.00005, final_loss = 4.1420, nll_loss = 4.0155, ref_nll_loss = 4.2684, ivc_loss = 0.0279, neg_loss_1 = 0.0001, neg_loss_2 = 0.0001, ref_loss = 0.0088, div_loss = 0.0988, aux_loss = 0.0202, 0.241 seconds/batch
2026-04-20 13:51:38,613 - Epoch 24, Batch 150, lr = 0.00005, final_loss = 4.1423, nll_loss = 4.0137, ref_nll_loss = 4.2709, ivc_loss = 0.0287, neg_loss_1 = 0.0002, neg_loss_2 = 0.0001, ref_loss = 0.0091, div_loss = 0.0990, aux_loss = 0.0199, 0.240 seconds/batch
2026-04-20 13:51:50,576 - Epoch 24, Batch 200, lr = 0.00005, final_loss = 4.1477, nll_loss = 4.0170, ref_nll_loss = 4.2784, ivc_loss = 0.0283, neg_loss_1 = 0.0001, neg_loss_2 = 0.0002, ref_loss = 0.0090, div_loss = 0.0980, aux_loss = 0.0199, 0.240 seconds/batch
2026-04-20 13:52:02,431 - Epoch 24, Batch 250, lr = 0.00005, final_loss = 4.1397, nll_loss = 4.0136, ref_nll_loss = 4.2658, ivc_loss = 0.0304, neg_loss_1 = 0.0000, neg_loss_2 = 0.0002, ref_loss = 0.0101, div_loss = 0.0980, aux_loss = 0.0201, 0.240 seconds/batch
2026-04-20 13:52:14,253 - Epoch 24, Batch 300, lr = 0.00005, final_loss = 4.1584, nll_loss = 4.0302, ref_nll_loss = 4.2867, ivc_loss = 0.0295, neg_loss_1 = 0.0002, neg_loss_2 = 0.0002, ref_loss = 0.0094, div_loss = 0.0980, aux_loss = 0.0201, 0.239 seconds/batch
2026-04-20 13:52:26,113 - Epoch 24, Batch 350, lr = 0.00005, final_loss = 4.1541, nll_loss = 4.0261, ref_nll_loss = 4.2821, ivc_loss = 0.0287, neg_loss_1 = 0.0003, neg_loss_2 = 0.0001, ref_loss = 0.0091, div_loss = 0.0988, aux_loss = 0.0200, 0.239 seconds/batch
2026-04-20 13:52:37,971 - Epoch 24, Batch 400, lr = 0.00005, final_loss = 4.1491, nll_loss = 4.0211, ref_nll_loss = 4.2771, ivc_loss = 0.0277, neg_loss_1 = 0.0000, neg_loss_2 = 0.0002, ref_loss = 0.0088, div_loss = 0.0977, aux_loss = 0.0200, 0.239 seconds/batch
2026-04-20 13:52:49,880 - Epoch 24, Batch 450, lr = 0.00005, final_loss = 4.1364, nll_loss = 4.0056, ref_nll_loss = 4.2673, ivc_loss = 0.0276, neg_loss_1 = 0.0001, neg_loss_2 = 0.0004, ref_loss = 0.0083, div_loss = 0.1006, aux_loss = 0.0200, 0.239 seconds/batch
2026-04-20 13:53:01,863 - Epoch 24, Batch 500, lr = 0.00005, final_loss = 4.1451, nll_loss = 4.0181, ref_nll_loss = 4.2721, ivc_loss = 0.0304, neg_loss_1 = 0.0001, neg_loss_2 = 0.0003, ref_loss = 0.0099, div_loss = 0.1002, aux_loss = 0.0199, 0.239 seconds/batch
2026-04-20 13:53:13,936 - Epoch 24, Batch 550, lr = 0.00005, final_loss = 4.1177, nll_loss = 3.9901, ref_nll_loss = 4.2452, ivc_loss = 0.0266, neg_loss_1 = 0.0002, neg_loss_2 = 0.0000, ref_loss = 0.0082, div_loss = 0.0978, aux_loss = 0.0200, 0.239 seconds/batch
2026-04-20 13:53:26,108 - Epoch 24, Batch 600, lr = 0.00005, final_loss = 4.1305, nll_loss = 3.9992, ref_nll_loss = 4.2618, ivc_loss = 0.0279, neg_loss_1 = 0.0001, neg_loss_2 = 0.0001, ref_loss = 0.0088, div_loss = 0.0986, aux_loss = 0.0200, 0.239 seconds/batch
2026-04-20 13:53:38,300 - Epoch 24, Batch 650, lr = 0.00005, final_loss = 4.1455, nll_loss = 4.0171, ref_nll_loss = 4.2740, ivc_loss = 0.0301, neg_loss_1 = 0.0006, neg_loss_2 = 0.0002, ref_loss = 0.0092, div_loss = 0.1007, aux_loss = 0.0201, 0.240 seconds/batch
2026-04-20 13:53:50,479 - Epoch 24, Batch 700, lr = 0.00005, final_loss = 4.1560, nll_loss = 4.0265, ref_nll_loss = 4.2854, ivc_loss = 0.0282, neg_loss_1 = 0.0002, neg_loss_2 = 0.0003, ref_loss = 0.0087, div_loss = 0.0977, aux_loss = 0.0199, 0.240 seconds/batch
2026-04-20 13:54:02,312 - Epoch 24, Batch 750, lr = 0.00005, final_loss = 4.1122, nll_loss = 3.9814, ref_nll_loss = 4.2429, ivc_loss = 0.0269, neg_loss_1 = 0.0001, neg_loss_2 = 0.0003, ref_loss = 0.0081, div_loss = 0.0988, aux_loss = 0.0201, 0.240 seconds/batch
2026-04-20 13:54:14,210 - Epoch 24, Batch 800, lr = 0.00005, final_loss = 4.1734, nll_loss = 4.0477, ref_nll_loss = 4.2991, ivc_loss = 0.0299, neg_loss_1 = 0.0000, neg_loss_2 = 0.0001, ref_loss = 0.0100, div_loss = 0.0978, aux_loss = 0.0199, 0.240 seconds/batch
2026-04-20 13:54:26,065 - Epoch 24, Batch 850, lr = 0.00005, final_loss = 4.1398, nll_loss = 4.0128, ref_nll_loss = 4.2668, ivc_loss = 0.0266, neg_loss_1 = 0.0001, neg_loss_2 = 0.0001, ref_loss = 0.0083, div_loss = 0.0974, aux_loss = 0.0200, 0.239 seconds/batch
2026-04-20 13:54:38,158 - Epoch 24, Batch 900, lr = 0.00005, final_loss = 4.1715, nll_loss = 4.0405, ref_nll_loss = 4.3024, ivc_loss = 0.0283, neg_loss_1 = 0.0001, neg_loss_2 = 0.0005, ref_loss = 0.0086, div_loss = 0.0987, aux_loss = 0.0200, 0.240 seconds/batch
2026-04-20 13:54:50,102 - Epoch 24, Batch 950, lr = 0.00005, final_loss = 4.1460, nll_loss = 4.0133, ref_nll_loss = 4.2787, ivc_loss = 0.0260, neg_loss_1 = 0.0000, neg_loss_2 = 0.0002, ref_loss = 0.0079, div_loss = 0.0972, aux_loss = 0.0199, 0.240 seconds/batch
2026-04-20 13:55:01,896 - Epoch 24, Batch 1000, lr = 0.00005, final_loss = 4.1520, nll_loss = 4.0241, ref_nll_loss = 4.2800, ivc_loss = 0.0246, neg_loss_1 = 0.0002, neg_loss_2 = 0.0000, ref_loss = 0.0073, div_loss = 0.0957, aux_loss = 0.0201, 0.239 seconds/batch
2026-04-20 13:55:13,850 - Epoch 24, Batch 1050, lr = 0.00005, final_loss = 4.1741, nll_loss = 4.0467, ref_nll_loss = 4.3016, ivc_loss = 0.0277, neg_loss_1 = 0.0000, neg_loss_2 = 0.0002, ref_loss = 0.0088, div_loss = 0.0976, aux_loss = 0.0199, 0.239 seconds/batch
2026-04-20 13:55:25,779 - Epoch 24, Batch 1100, lr = 0.00005, final_loss = 4.1692, nll_loss = 4.0424, ref_nll_loss = 4.2959, ivc_loss = 0.0270, neg_loss_1 = 0.0000, neg_loss_2 = 0.0006, ref_loss = 0.0081, div_loss = 0.0964, aux_loss = 0.0200, 0.239 seconds/batch
2026-04-20 13:55:37,656 - Epoch 24, Batch 1150, lr = 0.00005, final_loss = 4.1212, nll_loss = 3.9941, ref_nll_loss = 4.2483, ivc_loss = 0.0279, neg_loss_1 = 0.0000, neg_loss_2 = 0.0004, ref_loss = 0.0087, div_loss = 0.0973, aux_loss = 0.0200, 0.239 seconds/batch
2026-04-20 13:55:42,314 - Epoch 24, Batch 1170, lr = 0.00005, final_loss = 4.1470, nll_loss = 4.0201, ref_nll_loss = 4.2740, ivc_loss = 0.0284, neg_loss_1 = 0.0000, neg_loss_2 = 0.0001, ref_loss = 0.0092, div_loss = 0.0971, aux_loss = 0.0201, 0.239 seconds/batch
2026-04-20 13:55:42,383 - save model to checkpoints/activitynet_moe2/cpl_moe2/model-24.pt, num_updates 28080.
2026-04-20 13:57:35,388 - | R@1,mIoU 0.3595 | R@1,IoU@0.1 0.8042 | R@1,IoU@0.3 0.5140 | R@1,IoU@0.5 0.2764 | R@1,IoU@0.7 0.1398 | R@1,IoU@0.9 0.0544 | R@5,mIoU 0.4252 | R@5,IoU@0.1 0.8666 | R@5,IoU@0.3 0.6014 | R@5,IoU@0.5 0.3722 | R@5,IoU@0.7 0.2059 | R@5,IoU@0.9 0.0708 |
2026-04-20 13:57:35,388 - ============================================================
2026-04-20 13:57:35,388 - Start Epoch 25
2026-04-20 13:57:47,575 - Epoch 25, Batch 50, lr = 0.00005, final_loss = 4.1445, nll_loss = 4.0178, ref_nll_loss = 4.2713, ivc_loss = 0.0278, neg_loss_1 = 0.0001, neg_loss_2 = 0.0003, ref_loss = 0.0087, div_loss = 0.0963, aux_loss = 0.0200, 0.244 seconds/batch
2026-04-20 13:57:59,390 - Epoch 25, Batch 100, lr = 0.00005, final_loss = 4.1102, nll_loss = 3.9834, ref_nll_loss = 4.2370, ivc_loss = 0.0259, neg_loss_1 = 0.0001, neg_loss_2 = 0.0001, ref_loss = 0.0079, div_loss = 0.0972, aux_loss = 0.0198, 0.240 seconds/batch
2026-04-20 13:58:11,328 - Epoch 25, Batch 150, lr = 0.00005, final_loss = 4.0874, nll_loss = 3.9590, ref_nll_loss = 4.2159, ivc_loss = 0.0287, neg_loss_1 = 0.0001, neg_loss_2 = 0.0003, ref_loss = 0.0091, div_loss = 0.0981, aux_loss = 0.0202, 0.240 seconds/batch
2026-04-20 13:58:23,191 - Epoch 25, Batch 200, lr = 0.00005, final_loss = 4.1349, nll_loss = 4.0080, ref_nll_loss = 4.2618, ivc_loss = 0.0278, neg_loss_1 = 0.0002, neg_loss_2 = 0.0001, ref_loss = 0.0086, div_loss = 0.0978, aux_loss = 0.0199, 0.239 seconds/batch
2026-04-20 13:58:35,234 - Epoch 25, Batch 250, lr = 0.00005, final_loss = 4.1501, nll_loss = 4.0253, ref_nll_loss = 4.2749, ivc_loss = 0.0311, neg_loss_1 = 0.0003, neg_loss_2 = 0.0001, ref_loss = 0.0102, div_loss = 0.0995, aux_loss = 0.0199, 0.239 seconds/batch
2026-04-20 13:58:47,273 - Epoch 25, Batch 300, lr = 0.00005, final_loss = 4.1281, nll_loss = 3.9985, ref_nll_loss = 4.2577, ivc_loss = 0.0269, neg_loss_1 = 0.0001, neg_loss_2 = 0.0002, ref_loss = 0.0082, div_loss = 0.0990, aux_loss = 0.0201, 0.240 seconds/batch
2026-04-20 13:58:59,330 - Epoch 25, Batch 350, lr = 0.00005, final_loss = 4.1235, nll_loss = 3.9931, ref_nll_loss = 4.2540, ivc_loss = 0.0265, neg_loss_1 = 0.0001, neg_loss_2 = 0.0003, ref_loss = 0.0078, div_loss = 0.0984, aux_loss = 0.0199, 0.240 seconds/batch
2026-04-20 13:59:11,289 - Epoch 25, Batch 400, lr = 0.00005, final_loss = 4.1121, nll_loss = 3.9833, ref_nll_loss = 4.2408, ivc_loss = 0.0290, neg_loss_1 = 0.0002, neg_loss_2 = 0.0003, ref_loss = 0.0091, div_loss = 0.0986, aux_loss = 0.0199, 0.240 seconds/batch
2026-04-20 13:59:23,115 - Epoch 25, Batch 450, lr = 0.00005, final_loss = 4.1072, nll_loss = 3.9744, ref_nll_loss = 4.2400, ivc_loss = 0.0288, neg_loss_1 = 0.0000, neg_loss_2 = 0.0004, ref_loss = 0.0091, div_loss = 0.0977, aux_loss = 0.0200, 0.239 seconds/batch
2026-04-20 13:59:35,222 - Epoch 25, Batch 500, lr = 0.00005, final_loss = 4.1143, nll_loss = 3.9863, ref_nll_loss = 4.2422, ivc_loss = 0.0300, neg_loss_1 = 0.0001, neg_loss_2 = 0.0000, ref_loss = 0.0099, div_loss = 0.0993, aux_loss = 0.0200, 0.240 seconds/batch
2026-04-20 13:59:47,270 - Epoch 25, Batch 550, lr = 0.00005, final_loss = 4.1361, nll_loss = 4.0068, ref_nll_loss = 4.2655, ivc_loss = 0.0278, neg_loss_1 = 0.0001, neg_loss_2 = 0.0000, ref_loss = 0.0088, div_loss = 0.0992, aux_loss = 0.0199, 0.240 seconds/batch
2026-04-20 13:59:59,144 - Epoch 25, Batch 600, lr = 0.00005, final_loss = 4.1173, nll_loss = 3.9902, ref_nll_loss = 4.2445, ivc_loss = 0.0304, neg_loss_1 = 0.0002, neg_loss_2 = 0.0001, ref_loss = 0.0100, div_loss = 0.0971, aux_loss = 0.0199, 0.240 seconds/batch
2026-04-20 14:00:11,030 - Epoch 25, Batch 650, lr = 0.00005, final_loss = 4.1345, nll_loss = 4.0050, ref_nll_loss = 4.2641, ivc_loss = 0.0309, neg_loss_1 = 0.0000, neg_loss_2 = 0.0002, ref_loss = 0.0104, div_loss = 0.0979, aux_loss = 0.0200, 0.239 seconds/batch
2026-04-20 14:00:22,918 - Epoch 25, Batch 700, lr = 0.00005, final_loss = 4.1269, nll_loss = 3.9989, ref_nll_loss = 4.2549, ivc_loss = 0.0299, neg_loss_1 = 0.0002, neg_loss_2 = 0.0001, ref_loss = 0.0098, div_loss = 0.0966, aux_loss = 0.0200, 0.239 seconds/batch
2026-04-20 14:00:34,762 - Epoch 25, Batch 750, lr = 0.00005, final_loss = 4.1623, nll_loss = 4.0283, ref_nll_loss = 4.2962, ivc_loss = 0.0238, neg_loss_1 = 0.0001, neg_loss_2 = 0.0002, ref_loss = 0.0067, div_loss = 0.0978, aux_loss = 0.0200, 0.239 seconds/batch
2026-04-20 14:00:46,745 - Epoch 25, Batch 800, lr = 0.00005, final_loss = 4.1132, nll_loss = 3.9833, ref_nll_loss = 4.2432, ivc_loss = 0.0271, neg_loss_1 = 0.0001, neg_loss_2 = 0.0002, ref_loss = 0.0083, div_loss = 0.0982, aux_loss = 0.0200, 0.239 seconds/batch
2026-04-20 14:00:58,662 - Epoch 25, Batch 850, lr = 0.00005, final_loss = 4.1801, nll_loss = 4.0545, ref_nll_loss = 4.3056, ivc_loss = 0.0282, neg_loss_1 = 0.0000, neg_loss_2 = 0.0003, ref_loss = 0.0089, div_loss = 0.0976, aux_loss = 0.0200, 0.239 seconds/batch
2026-04-20 14:01:10,647 - Epoch 25, Batch 900, lr = 0.00005, final_loss = 4.1304, nll_loss = 3.9996, ref_nll_loss = 4.2611, ivc_loss = 0.0262, neg_loss_1 = 0.0000, neg_loss_2 = 0.0003, ref_loss = 0.0080, div_loss = 0.0963, aux_loss = 0.0201, 0.239 seconds/batch
2026-04-20 14:01:22,564 - Epoch 25, Batch 950, lr = 0.00005, final_loss = 4.1219, nll_loss = 3.9904, ref_nll_loss = 4.2534, ivc_loss = 0.0282, neg_loss_1 = 0.0002, neg_loss_2 = 0.0002, ref_loss = 0.0088, div_loss = 0.0975, aux_loss = 0.0199, 0.239 seconds/batch
2026-04-20 14:01:34,498 - Epoch 25, Batch 1000, lr = 0.00005, final_loss = 4.1339, nll_loss = 4.0021, ref_nll_loss = 4.2657, ivc_loss = 0.0289, neg_loss_1 = 0.0003, neg_loss_2 = 0.0003, ref_loss = 0.0091, div_loss = 0.0963, aux_loss = 0.0201, 0.239 seconds/batch
2026-04-20 14:01:46,428 - Epoch 25, Batch 1050, lr = 0.00005, final_loss = 4.1104, nll_loss = 3.9798, ref_nll_loss = 4.2409, ivc_loss = 0.0307, neg_loss_1 = 0.0002, neg_loss_2 = 0.0000, ref_loss = 0.0103, div_loss = 0.0975, aux_loss = 0.0199, 0.239 seconds/batch
2026-04-20 14:01:58,291 - Epoch 25, Batch 1100, lr = 0.00005, final_loss = 4.1426, nll_loss = 4.0107, ref_nll_loss = 4.2745, ivc_loss = 0.0278, neg_loss_1 = 0.0003, neg_loss_2 = 0.0005, ref_loss = 0.0083, div_loss = 0.0966, aux_loss = 0.0200, 0.239 seconds/batch
2026-04-20 14:02:10,205 - Epoch 25, Batch 1150, lr = 0.00005, final_loss = 4.1221, nll_loss = 3.9931, ref_nll_loss = 4.2512, ivc_loss = 0.0297, neg_loss_1 = 0.0002, neg_loss_2 = 0.0005, ref_loss = 0.0092, div_loss = 0.0979, aux_loss = 0.0201, 0.239 seconds/batch
2026-04-20 14:02:14,908 - Epoch 25, Batch 1170, lr = 0.00005, final_loss = 4.1266, nll_loss = 3.9952, ref_nll_loss = 4.2579, ivc_loss = 0.0268, neg_loss_1 = 0.0000, neg_loss_2 = 0.0000, ref_loss = 0.0085, div_loss = 0.0981, aux_loss = 0.0200, 0.239 seconds/batch
2026-04-20 14:02:14,981 - save model to checkpoints/activitynet_moe2/cpl_moe2/model-25.pt, num_updates 29250.
2026-04-20 14:04:08,348 - | R@1,mIoU 0.3581 | R@1,IoU@0.1 0.8032 | R@1,IoU@0.3 0.5132 | R@1,IoU@0.5 0.2741 | R@1,IoU@0.7 0.1395 | R@1,IoU@0.9 0.0538 | R@5,mIoU 0.4220 | R@5,IoU@0.1 0.8631 | R@5,IoU@0.3 0.5966 | R@5,IoU@0.5 0.3677 | R@5,IoU@0.7 0.2028 | R@5,IoU@0.9 0.0719 |
2026-04-20 14:04:08,348 - ============================================================
2026-04-20 14:04:08,348 - Start Epoch 26
2026-04-20 14:04:20,470 - Epoch 26, Batch 50, lr = 0.00005, final_loss = 4.0907, nll_loss = 3.9581, ref_nll_loss = 4.2232, ivc_loss = 0.0287, neg_loss_1 = 0.0003, neg_loss_2 = 0.0003, ref_loss = 0.0090, div_loss = 0.0971, aux_loss = 0.0200, 0.242 seconds/batch
2026-04-20 14:04:32,315 - Epoch 26, Batch 100, lr = 0.00005, final_loss = 4.0717, nll_loss = 3.9421, ref_nll_loss = 4.2014, ivc_loss = 0.0269, neg_loss_1 = 0.0000, neg_loss_2 = 0.0003, ref_loss = 0.0083, div_loss = 0.0970, aux_loss = 0.0200, 0.240 seconds/batch
2026-04-20 14:04:44,152 - Epoch 26, Batch 150, lr = 0.00005, final_loss = 4.1226, nll_loss = 3.9932, ref_nll_loss = 4.2520, ivc_loss = 0.0277, neg_loss_1 = 0.0000, neg_loss_2 = 0.0001, ref_loss = 0.0089, div_loss = 0.0967, aux_loss = 0.0200, 0.239 seconds/batch
2026-04-20 14:04:55,987 - Epoch 26, Batch 200, lr = 0.00005, final_loss = 4.1213, nll_loss = 3.9891, ref_nll_loss = 4.2536, ivc_loss = 0.0247, neg_loss_1 = 0.0000, neg_loss_2 = 0.0004, ref_loss = 0.0071, div_loss = 0.0963, aux_loss = 0.0200, 0.238 seconds/batch
2026-04-20 14:05:07,932 - Epoch 26, Batch 250, lr = 0.00005, final_loss = 4.0874, nll_loss = 3.9585, ref_nll_loss = 4.2162, ivc_loss = 0.0272, neg_loss_1 = 0.0002, neg_loss_2 = 0.0003, ref_loss = 0.0082, div_loss = 0.0974, aux_loss = 0.0200, 0.238 seconds/batch
2026-04-20 14:05:19,888 - Epoch 26, Batch 300, lr = 0.00005, final_loss = 4.0991, nll_loss = 3.9727, ref_nll_loss = 4.2255, ivc_loss = 0.0314, neg_loss_1 = 0.0001, neg_loss_2 = 0.0001, ref_loss = 0.0107, div_loss = 0.0978, aux_loss = 0.0201, 0.238 seconds/batch
2026-04-20 14:05:31,719 - Epoch 26, Batch 350, lr = 0.00005, final_loss = 4.1295, nll_loss = 4.0038, ref_nll_loss = 4.2553, ivc_loss = 0.0280, neg_loss_1 = 0.0001, neg_loss_2 = 0.0001, ref_loss = 0.0088, div_loss = 0.0989, aux_loss = 0.0199, 0.238 seconds/batch
2026-04-20 14:05:43,663 - Epoch 26, Batch 400, lr = 0.00005, final_loss = 4.1148, nll_loss = 3.9883, ref_nll_loss = 4.2413, ivc_loss = 0.0309, neg_loss_1 = 0.0000, neg_loss_2 = 0.0000, ref_loss = 0.0105, div_loss = 0.0983, aux_loss = 0.0200, 0.238 seconds/batch
2026-04-20 14:05:55,543 - Epoch 26, Batch 450, lr = 0.00005, final_loss = 4.1137, nll_loss = 3.9813, ref_nll_loss = 4.2461, ivc_loss = 0.0273, neg_loss_1 = 0.0001, neg_loss_2 = 0.0001, ref_loss = 0.0085, div_loss = 0.0981, aux_loss = 0.0201, 0.238 seconds/batch
2026-04-20 14:06:07,380 - Epoch 26, Batch 500, lr = 0.00005, final_loss = 4.1090, nll_loss = 3.9784, ref_nll_loss = 4.2396, ivc_loss = 0.0298, neg_loss_1 = 0.0000, neg_loss_2 = 0.0000, ref_loss = 0.0100, div_loss = 0.0972, aux_loss = 0.0199, 0.238 seconds/batch
2026-04-20 14:06:19,229 - Epoch 26, Batch 550, lr = 0.00005, final_loss = 4.0697, nll_loss = 3.9402, ref_nll_loss = 4.1993, ivc_loss = 0.0276, neg_loss_1 = 0.0003, neg_loss_2 = 0.0002, ref_loss = 0.0084, div_loss = 0.0966, aux_loss = 0.0200, 0.238 seconds/batch
2026-04-20 14:06:31,056 - Epoch 26, Batch 600, lr = 0.00005, final_loss = 4.1133, nll_loss = 3.9815, ref_nll_loss = 4.2451, ivc_loss = 0.0260, neg_loss_1 = 0.0001, neg_loss_2 = 0.0006, ref_loss = 0.0075, div_loss = 0.0975, aux_loss = 0.0199, 0.238 seconds/batch
2026-04-20 14:06:42,940 - Epoch 26, Batch 650, lr = 0.00005, final_loss = 4.1267, nll_loss = 3.9996, ref_nll_loss = 4.2538, ivc_loss = 0.0265, neg_loss_1 = 0.0001, neg_loss_2 = 0.0003, ref_loss = 0.0081, div_loss = 0.0961, aux_loss = 0.0200, 0.238 seconds/batch
2026-04-20 14:06:54,923 - Epoch 26, Batch 700, lr = 0.00005, final_loss = 4.1371, nll_loss = 4.0096, ref_nll_loss = 4.2646, ivc_loss = 0.0292, neg_loss_1 = 0.0001, neg_loss_2 = 0.0001, ref_loss = 0.0095, div_loss = 0.0988, aux_loss = 0.0201, 0.238 seconds/batch
2026-04-20 14:07:06,778 - Epoch 26, Batch 750, lr = 0.00005, final_loss = 4.1303, nll_loss = 3.9987, ref_nll_loss = 4.2618, ivc_loss = 0.0286, neg_loss_1 = 0.0000, neg_loss_2 = 0.0003, ref_loss = 0.0090, div_loss = 0.0998, aux_loss = 0.0199, 0.238 seconds/batch
2026-04-20 14:07:18,917 - Epoch 26, Batch 800, lr = 0.00005, final_loss = 4.0980, nll_loss = 3.9677, ref_nll_loss = 4.2283, ivc_loss = 0.0286, neg_loss_1 = 0.0003, neg_loss_2 = 0.0001, ref_loss = 0.0089, div_loss = 0.0989, aux_loss = 0.0200, 0.238 seconds/batch
2026-04-20 14:07:30,960 - Epoch 26, Batch 850, lr = 0.00005, final_loss = 4.1503, nll_loss = 4.0185, ref_nll_loss = 4.2821, ivc_loss = 0.0280, neg_loss_1 = 0.0001, neg_loss_2 = 0.0001, ref_loss = 0.0089, div_loss = 0.0989, aux_loss = 0.0200, 0.238 seconds/batch
2026-04-20 14:07:42,986 - Epoch 26, Batch 900, lr = 0.00005, final_loss = 4.1143, nll_loss = 3.9860, ref_nll_loss = 4.2426, ivc_loss = 0.0282, neg_loss_1 = 0.0002, neg_loss_2 = 0.0003, ref_loss = 0.0087, div_loss = 0.0973, aux_loss = 0.0199, 0.238 seconds/batch
2026-04-20 14:07:54,813 - Epoch 26, Batch 950, lr = 0.00005, final_loss = 4.0786, nll_loss = 3.9486, ref_nll_loss = 4.2086, ivc_loss = 0.0261, neg_loss_1 = 0.0000, neg_loss_2 = 0.0000, ref_loss = 0.0082, div_loss = 0.0973, aux_loss = 0.0201, 0.238 seconds/batch
2026-04-20 14:08:07,018 - Epoch 26, Batch 1000, lr = 0.00005, final_loss = 4.1193, nll_loss = 3.9883, ref_nll_loss = 4.2504, ivc_loss = 0.0285, neg_loss_1 = 0.0000, neg_loss_2 = 0.0000, ref_loss = 0.0092, div_loss = 0.0993, aux_loss = 0.0199, 0.239 seconds/batch
2026-04-20 14:08:18,934 - Epoch 26, Batch 1050, lr = 0.00005, final_loss = 4.1497, nll_loss = 4.0206, ref_nll_loss = 4.2788, ivc_loss = 0.0287, neg_loss_1 = 0.0001, neg_loss_2 = 0.0003, ref_loss = 0.0090, div_loss = 0.0983, aux_loss = 0.0199, 0.239 seconds/batch
2026-04-20 14:08:30,827 - Epoch 26, Batch 1100, lr = 0.00005, final_loss = 4.0849, nll_loss = 3.9554, ref_nll_loss = 4.2145, ivc_loss = 0.0292, neg_loss_1 = 0.0000, neg_loss_2 = 0.0001, ref_loss = 0.0096, div_loss = 0.0973, aux_loss = 0.0200, 0.239 seconds/batch
2026-04-20 14:08:42,714 - Epoch 26, Batch 1150, lr = 0.00005, final_loss = 4.1441, nll_loss = 4.0104, ref_nll_loss = 4.2778, ivc_loss = 0.0254, neg_loss_1 = 0.0002, neg_loss_2 = 0.0001, ref_loss = 0.0074, div_loss = 0.0981, aux_loss = 0.0200, 0.239 seconds/batch
2026-04-20 14:08:47,390 - Epoch 26, Batch 1170, lr = 0.00005, final_loss = 4.1182, nll_loss = 3.9856, ref_nll_loss = 4.2509, ivc_loss = 0.0271, neg_loss_1 = 0.0000, neg_loss_2 = 0.0004, ref_loss = 0.0082, div_loss = 0.0986, aux_loss = 0.0201, 0.238 seconds/batch
2026-04-20 14:08:47,468 - save model to checkpoints/activitynet_moe2/cpl_moe2/model-26.pt, num_updates 30420.
2026-04-20 14:10:40,957 - | R@1,mIoU 0.3583 | R@1,IoU@0.1 0.8019 | R@1,IoU@0.3 0.5138 | R@1,IoU@0.5 0.2752 | R@1,IoU@0.7 0.1396 | R@1,IoU@0.9 0.0538 | R@5,mIoU 0.4210 | R@5,IoU@0.1 0.8650 | R@5,IoU@0.3 0.5943 | R@5,IoU@0.5 0.3673 | R@5,IoU@0.7 0.2032 | R@5,IoU@0.9 0.0685 |
2026-04-20 14:10:40,957 - ============================================================
2026-04-20 14:10:40,957 - Start Epoch 27
2026-04-20 14:10:53,053 - Epoch 27, Batch 50, lr = 0.00005, final_loss = 4.0481, nll_loss = 3.9161, ref_nll_loss = 4.1800, ivc_loss = 0.0265, neg_loss_1 = 0.0001, neg_loss_2 = 0.0001, ref_loss = 0.0081, div_loss = 0.0989, aux_loss = 0.0200, 0.242 seconds/batch
2026-04-20 14:11:04,935 - Epoch 27, Batch 100, lr = 0.00005, final_loss = 4.0967, nll_loss = 3.9665, ref_nll_loss = 4.2268, ivc_loss = 0.0291, neg_loss_1 = 0.0001, neg_loss_2 = 0.0001, ref_loss = 0.0095, div_loss = 0.0983, aux_loss = 0.0199, 0.240 seconds/batch
2026-04-20 14:11:16,820 - Epoch 27, Batch 150, lr = 0.00005, final_loss = 4.1248, nll_loss = 3.9935, ref_nll_loss = 4.2561, ivc_loss = 0.0283, neg_loss_1 = 0.0000, neg_loss_2 = 0.0002, ref_loss = 0.0090, div_loss = 0.0990, aux_loss = 0.0200, 0.239 seconds/batch
2026-04-20 14:11:28,674 - Epoch 27, Batch 200, lr = 0.00005, final_loss = 4.0565, nll_loss = 3.9205, ref_nll_loss = 4.1925, ivc_loss = 0.0255, neg_loss_1 = 0.0001, neg_loss_2 = 0.0003, ref_loss = 0.0074, div_loss = 0.0985, aux_loss = 0.0199, 0.239 seconds/batch
2026-04-20 14:11:40,538 - Epoch 27, Batch 250, lr = 0.00005, final_loss = 4.0883, nll_loss = 3.9578, ref_nll_loss = 4.2188, ivc_loss = 0.0278, neg_loss_1 = 0.0001, neg_loss_2 = 0.0001, ref_loss = 0.0088, div_loss = 0.0990, aux_loss = 0.0200, 0.238 seconds/batch
2026-04-20 14:11:52,451 - Epoch 27, Batch 300, lr = 0.00005, final_loss = 4.1036, nll_loss = 3.9764, ref_nll_loss = 4.2308, ivc_loss = 0.0289, neg_loss_1 = 0.0000, neg_loss_2 = 0.0005, ref_loss = 0.0090, div_loss = 0.0995, aux_loss = 0.0200, 0.238 seconds/batch
2026-04-20 14:12:04,368 - Epoch 27, Batch 350, lr = 0.00005, final_loss = 4.0932, nll_loss = 3.9626, ref_nll_loss = 4.2239, ivc_loss = 0.0293, neg_loss_1 = 0.0000, neg_loss_2 = 0.0000, ref_loss = 0.0097, div_loss = 0.0988, aux_loss = 0.0200, 0.238 seconds/batch
2026-04-20 14:12:16,297 - Epoch 27, Batch 400, lr = 0.00005, final_loss = 4.1020, nll_loss = 3.9723, ref_nll_loss = 4.2316, ivc_loss = 0.0284, neg_loss_1 = 0.0000, neg_loss_2 = 0.0002, ref_loss = 0.0091, div_loss = 0.0988, aux_loss = 0.0201, 0.238 seconds/batch
2026-04-20 14:12:28,175 - Epoch 27, Batch 450, lr = 0.00005, final_loss = 4.0896, nll_loss = 3.9588, ref_nll_loss = 4.2204, ivc_loss = 0.0276, neg_loss_1 = 0.0000, neg_loss_2 = 0.0001, ref_loss = 0.0087, div_loss = 0.0993, aux_loss = 0.0200, 0.238 seconds/batch
2026-04-20 14:12:40,164 - Epoch 27, Batch 500, lr = 0.00005, final_loss = 4.0818, nll_loss = 3.9511, ref_nll_loss = 4.2126, ivc_loss = 0.0304, neg_loss_1 = 0.0004, neg_loss_2 = 0.0002, ref_loss = 0.0097, div_loss = 0.0987, aux_loss = 0.0200, 0.238 seconds/batch
2026-04-20 14:12:52,154 - Epoch 27, Batch 550, lr = 0.00005, final_loss = 4.0958, nll_loss = 3.9627, ref_nll_loss = 4.2289, ivc_loss = 0.0268, neg_loss_1 = 0.0001, neg_loss_2 = 0.0001, ref_loss = 0.0081, div_loss = 0.1005, aux_loss = 0.0201, 0.239 seconds/batch
2026-04-20 14:13:04,108 - Epoch 27, Batch 600, lr = 0.00005, final_loss = 4.0938, nll_loss = 3.9658, ref_nll_loss = 4.2219, ivc_loss = 0.0312, neg_loss_1 = 0.0000, neg_loss_2 = 0.0000, ref_loss = 0.0105, div_loss = 0.1008, aux_loss = 0.0197, 0.239 seconds/batch
2026-04-20 14:13:16,067 - Epoch 27, Batch 650, lr = 0.00005, final_loss = 4.0806, nll_loss = 3.9512, ref_nll_loss = 4.2100, ivc_loss = 0.0299, neg_loss_1 = 0.0002, neg_loss_2 = 0.0000, ref_loss = 0.0097, div_loss = 0.1005, aux_loss = 0.0201, 0.239 seconds/batch
2026-04-20 14:13:27,937 - Epoch 27, Batch 700, lr = 0.00005, final_loss = 4.0842, nll_loss = 3.9512, ref_nll_loss = 4.2173, ivc_loss = 0.0295, neg_loss_1 = 0.0000, neg_loss_2 = 0.0001, ref_loss = 0.0097, div_loss = 0.1000, aux_loss = 0.0200, 0.239 seconds/batch
2026-04-20 14:13:39,880 - Epoch 27, Batch 750, lr = 0.00005, final_loss = 4.1193, nll_loss = 3.9880, ref_nll_loss = 4.2506, ivc_loss = 0.0297, neg_loss_1 = 0.0001, neg_loss_2 = 0.0005, ref_loss = 0.0093, div_loss = 0.0990, aux_loss = 0.0199, 0.239 seconds/batch
2026-04-20 14:13:51,759 - Epoch 27, Batch 800, lr = 0.00005, final_loss = 4.0868, nll_loss = 3.9592, ref_nll_loss = 4.2145, ivc_loss = 0.0293, neg_loss_1 = 0.0000, neg_loss_2 = 0.0002, ref_loss = 0.0094, div_loss = 0.0995, aux_loss = 0.0201, 0.239 seconds/batch
2026-04-20 14:14:03,667 - Epoch 27, Batch 850, lr = 0.00005, final_loss = 4.0959, nll_loss = 3.9637, ref_nll_loss = 4.2281, ivc_loss = 0.0272, neg_loss_1 = 0.0001, neg_loss_2 = 0.0001, ref_loss = 0.0084, div_loss = 0.0995, aux_loss = 0.0199, 0.238 seconds/batch
2026-04-20 14:14:15,553 - Epoch 27, Batch 900, lr = 0.00005, final_loss = 4.0917, nll_loss = 3.9583, ref_nll_loss = 4.2250, ivc_loss = 0.0280, neg_loss_1 = 0.0002, neg_loss_2 = 0.0001, ref_loss = 0.0087, div_loss = 0.1011, aux_loss = 0.0201, 0.238 seconds/batch
2026-04-20 14:14:27,507 - Epoch 27, Batch 950, lr = 0.00005, final_loss = 4.0926, nll_loss = 3.9648, ref_nll_loss = 4.2204, ivc_loss = 0.0300, neg_loss_1 = 0.0001, neg_loss_2 = 0.0001, ref_loss = 0.0098, div_loss = 0.1006, aux_loss = 0.0198, 0.238 seconds/batch
2026-04-20 14:14:39,491 - Epoch 27, Batch 1000, lr = 0.00005, final_loss = 4.1437, nll_loss = 4.0110, ref_nll_loss = 4.2764, ivc_loss = 0.0252, neg_loss_1 = 0.0000, neg_loss_2 = 0.0001, ref_loss = 0.0075, div_loss = 0.1001, aux_loss = 0.0200, 0.239 seconds/batch
2026-04-20 14:14:51,499 - Epoch 27, Batch 1050, lr = 0.00005, final_loss = 4.0895, nll_loss = 3.9597, ref_nll_loss = 4.2193, ivc_loss = 0.0278, neg_loss_1 = 0.0003, neg_loss_2 = 0.0001, ref_loss = 0.0085, div_loss = 0.0999, aux_loss = 0.0199, 0.239 seconds/batch
2026-04-20 14:15:03,400 - Epoch 27, Batch 1100, lr = 0.00005, final_loss = 4.0994, nll_loss = 3.9696, ref_nll_loss = 4.2292, ivc_loss = 0.0293, neg_loss_1 = 0.0001, neg_loss_2 = 0.0001, ref_loss = 0.0095, div_loss = 0.0992, aux_loss = 0.0199, 0.239 seconds/batch
2026-04-20 14:15:15,304 - Epoch 27, Batch 1150, lr = 0.00005, final_loss = 4.1262, nll_loss = 3.9942, ref_nll_loss = 4.2581, ivc_loss = 0.0281, neg_loss_1 = 0.0000, neg_loss_2 = 0.0000, ref_loss = 0.0090, div_loss = 0.0995, aux_loss = 0.0202, 0.239 seconds/batch
2026-04-20 14:15:20,037 - Epoch 27, Batch 1170, lr = 0.00005, final_loss = 4.0871, nll_loss = 3.9567, ref_nll_loss = 4.2175, ivc_loss = 0.0312, neg_loss_1 = 0.0000, neg_loss_2 = 0.0008, ref_loss = 0.0098, div_loss = 0.0994, aux_loss = 0.0198, 0.239 seconds/batch
2026-04-20 14:15:20,111 - save model to checkpoints/activitynet_moe2/cpl_moe2/model-27.pt, num_updates 31590.
2026-04-20 14:17:13,911 - | R@1,mIoU 0.3590 | R@1,IoU@0.1 0.8007 | R@1,IoU@0.3 0.5140 | R@1,IoU@0.5 0.2778 | R@1,IoU@0.7 0.1399 | R@1,IoU@0.9 0.0551 | R@5,mIoU 0.4140 | R@5,IoU@0.1 0.8597 | R@5,IoU@0.3 0.5880 | R@5,IoU@0.5 0.3568 | R@5,IoU@0.7 0.1864 | R@5,IoU@0.9 0.0710 |
2026-04-20 14:17:13,912 - ============================================================
2026-04-20 14:17:13,912 - Start Epoch 28
2026-04-20 14:17:26,076 - Epoch 28, Batch 50, lr = 0.00004, final_loss = 4.0847, nll_loss = 3.9557, ref_nll_loss = 4.2137, ivc_loss = 0.0287, neg_loss_1 = 0.0000, neg_loss_2 = 0.0002, ref_loss = 0.0092, div_loss = 0.1000, aux_loss = 0.0200, 0.243 seconds/batch
2026-04-20 14:17:37,955 - Epoch 28, Batch 100, lr = 0.00004, final_loss = 4.0423, nll_loss = 3.9143, ref_nll_loss = 4.1702, ivc_loss = 0.0294, neg_loss_1 = 0.0001, neg_loss_2 = 0.0001, ref_loss = 0.0094, div_loss = 0.1019, aux_loss = 0.0201, 0.240 seconds/batch
2026-04-20 14:17:49,962 - Epoch 28, Batch 150, lr = 0.00004, final_loss = 4.0497, nll_loss = 3.9176, ref_nll_loss = 4.1818, ivc_loss = 0.0285, neg_loss_1 = 0.0000, neg_loss_2 = 0.0000, ref_loss = 0.0091, div_loss = 0.1018, aux_loss = 0.0200, 0.240 seconds/batch
2026-04-20 14:18:01,741 - Epoch 28, Batch 200, lr = 0.00004, final_loss = 4.0510, nll_loss = 3.9240, ref_nll_loss = 4.1779, ivc_loss = 0.0300, neg_loss_1 = 0.0001, neg_loss_2 = 0.0000, ref_loss = 0.0098, div_loss = 0.1019, aux_loss = 0.0201, 0.239 seconds/batch
2026-04-20 14:18:13,808 - Epoch 28, Batch 250, lr = 0.00004, final_loss = 4.1183, nll_loss = 3.9855, ref_nll_loss = 4.2511, ivc_loss = 0.0283, neg_loss_1 = 0.0002, neg_loss_2 = 0.0004, ref_loss = 0.0085, div_loss = 0.1007, aux_loss = 0.0198, 0.240 seconds/batch
2026-04-20 14:18:25,768 - Epoch 28, Batch 300, lr = 0.00004, final_loss = 4.0550, nll_loss = 3.9213, ref_nll_loss = 4.1887, ivc_loss = 0.0276, neg_loss_1 = 0.0000, neg_loss_2 = 0.0001, ref_loss = 0.0085, div_loss = 0.1029, aux_loss = 0.0201, 0.240 seconds/batch
2026-04-20 14:18:37,822 - Epoch 28, Batch 350, lr = 0.00004, final_loss = 4.0588, nll_loss = 3.9272, ref_nll_loss = 4.1905, ivc_loss = 0.0284, neg_loss_1 = 0.0003, neg_loss_2 = 0.0001, ref_loss = 0.0086, div_loss = 0.1027, aux_loss = 0.0201, 0.240 seconds/batch
2026-04-20 14:18:49,745 - Epoch 28, Batch 400, lr = 0.00004, final_loss = 4.0634, nll_loss = 3.9313, ref_nll_loss = 4.1955, ivc_loss = 0.0276, neg_loss_1 = 0.0000, neg_loss_2 = 0.0001, ref_loss = 0.0086, div_loss = 0.1011, aux_loss = 0.0199, 0.240 seconds/batch
2026-04-20 14:19:01,764 - Epoch 28, Batch 450, lr = 0.00004, final_loss = 4.1061, nll_loss = 3.9714, ref_nll_loss = 4.2407, ivc_loss = 0.0271, neg_loss_1 = 0.0001, neg_loss_2 = 0.0000, ref_loss = 0.0084, div_loss = 0.1006, aux_loss = 0.0201, 0.240 seconds/batch
2026-04-20 14:19:13,709 - Epoch 28, Batch 500, lr = 0.00004, final_loss = 4.0674, nll_loss = 3.9392, ref_nll_loss = 4.1957, ivc_loss = 0.0332, neg_loss_1 = 0.0001, neg_loss_2 = 0.0003, ref_loss = 0.0112, div_loss = 0.1011, aux_loss = 0.0201, 0.240 seconds/batch
2026-04-20 14:19:25,605 - Epoch 28, Batch 550, lr = 0.00004, final_loss = 4.0722, nll_loss = 3.9364, ref_nll_loss = 4.2080, ivc_loss = 0.0287, neg_loss_1 = 0.0001, neg_loss_2 = 0.0001, ref_loss = 0.0090, div_loss = 0.1017, aux_loss = 0.0200, 0.239 seconds/batch
2026-04-20 14:19:37,566 - Epoch 28, Batch 600, lr = 0.00004, final_loss = 4.0971, nll_loss = 3.9675, ref_nll_loss = 4.2267, ivc_loss = 0.0293, neg_loss_1 = 0.0000, neg_loss_2 = 0.0001, ref_loss = 0.0094, div_loss = 0.1008, aux_loss = 0.0201, 0.239 seconds/batch
2026-04-20 14:19:49,532 - Epoch 28, Batch 650, lr = 0.00004, final_loss = 4.0689, nll_loss = 3.9355, ref_nll_loss = 4.2023, ivc_loss = 0.0282, neg_loss_1 = 0.0000, neg_loss_2 = 0.0003, ref_loss = 0.0088, div_loss = 0.1003, aux_loss = 0.0200, 0.239 seconds/batch
2026-04-20 14:20:01,550 - Epoch 28, Batch 700, lr = 0.00004, final_loss = 4.0977, nll_loss = 3.9665, ref_nll_loss = 4.2289, ivc_loss = 0.0271, neg_loss_1 = 0.0001, neg_loss_2 = 0.0003, ref_loss = 0.0081, div_loss = 0.1001, aux_loss = 0.0198, 0.239 seconds/batch
2026-04-20 14:20:13,483 - Epoch 28, Batch 750, lr = 0.00004, final_loss = 4.0457, nll_loss = 3.9173, ref_nll_loss = 4.1740, ivc_loss = 0.0277, neg_loss_1 = 0.0001, neg_loss_2 = 0.0001, ref_loss = 0.0086, div_loss = 0.1012, aux_loss = 0.0201, 0.239 seconds/batch
2026-04-20 14:20:25,505 - Epoch 28, Batch 800, lr = 0.00004, final_loss = 4.0594, nll_loss = 3.9281, ref_nll_loss = 4.1907, ivc_loss = 0.0316, neg_loss_1 = 0.0001, neg_loss_2 = 0.0002, ref_loss = 0.0105, div_loss = 0.1002, aux_loss = 0.0198, 0.239 seconds/batch
2026-04-20 14:20:37,503 - Epoch 28, Batch 850, lr = 0.00004, final_loss = 4.0563, nll_loss = 3.9222, ref_nll_loss = 4.1905, ivc_loss = 0.0266, neg_loss_1 = 0.0000, neg_loss_2 = 0.0001, ref_loss = 0.0080, div_loss = 0.1022, aux_loss = 0.0201, 0.240 seconds/batch
2026-04-20 14:20:49,496 - Epoch 28, Batch 900, lr = 0.00004, final_loss = 4.0882, nll_loss = 3.9543, ref_nll_loss = 4.2221, ivc_loss = 0.0283, neg_loss_1 = 0.0000, neg_loss_2 = 0.0003, ref_loss = 0.0088, div_loss = 0.1008, aux_loss = 0.0198, 0.240 seconds/batch
2026-04-20 14:21:01,362 - Epoch 28, Batch 950, lr = 0.00004, final_loss = 4.0635, nll_loss = 3.9357, ref_nll_loss = 4.1914, ivc_loss = 0.0315, neg_loss_1 = 0.0001, neg_loss_2 = 0.0001, ref_loss = 0.0105, div_loss = 0.1008, aux_loss = 0.0201, 0.239 seconds/batch
2026-04-20 14:21:13,343 - Epoch 28, Batch 1000, lr = 0.00004, final_loss = 4.1196, nll_loss = 3.9903, ref_nll_loss = 4.2489, ivc_loss = 0.0268, neg_loss_1 = 0.0000, neg_loss_2 = 0.0003, ref_loss = 0.0081, div_loss = 0.0994, aux_loss = 0.0198, 0.239 seconds/batch
2026-04-20 14:21:25,309 - Epoch 28, Batch 1050, lr = 0.00004, final_loss = 4.0657, nll_loss = 3.9309, ref_nll_loss = 4.2006, ivc_loss = 0.0255, neg_loss_1 = 0.0001, neg_loss_2 = 0.0001, ref_loss = 0.0076, div_loss = 0.1003, aux_loss = 0.0200, 0.239 seconds/batch
2026-04-20 14:21:37,226 - Epoch 28, Batch 1100, lr = 0.00004, final_loss = 4.1031, nll_loss = 3.9707, ref_nll_loss = 4.2356, ivc_loss = 0.0284, neg_loss_1 = 0.0001, neg_loss_2 = 0.0004, ref_loss = 0.0087, div_loss = 0.1000, aux_loss = 0.0201, 0.239 seconds/batch
2026-04-20 14:21:49,114 - Epoch 28, Batch 1150, lr = 0.00004, final_loss = 4.1042, nll_loss = 3.9723, ref_nll_loss = 4.2362, ivc_loss = 0.0279, neg_loss_1 = 0.0000, neg_loss_2 = 0.0001, ref_loss = 0.0089, div_loss = 0.0990, aux_loss = 0.0200, 0.239 seconds/batch
2026-04-20 14:21:53,888 - Epoch 28, Batch 1170, lr = 0.00004, final_loss = 4.1178, nll_loss = 3.9827, ref_nll_loss = 4.2530, ivc_loss = 0.0260, neg_loss_1 = 0.0000, neg_loss_2 = 0.0003, ref_loss = 0.0077, div_loss = 0.1002, aux_loss = 0.0202, 0.239 seconds/batch
2026-04-20 14:21:53,957 - save model to checkpoints/activitynet_moe2/cpl_moe2/model-28.pt, num_updates 32760.
2026-04-20 14:23:46,816 - | R@1,mIoU 0.3594 | R@1,IoU@0.1 0.8028 | R@1,IoU@0.3 0.5142 | R@1,IoU@0.5 0.2764 | R@1,IoU@0.7 0.1395 | R@1,IoU@0.9 0.0574 | R@5,mIoU 0.4179 | R@5,IoU@0.1 0.8626 | R@5,IoU@0.3 0.5924 | R@5,IoU@0.5 0.3606 | R@5,IoU@0.7 0.1963 | R@5,IoU@0.9 0.0737 |
2026-04-20 14:23:46,816 - ============================================================
2026-04-20 14:23:46,816 - Start Epoch 29
2026-04-20 14:23:58,822 - Epoch 29, Batch 50, lr = 0.00004, final_loss = 4.0454, nll_loss = 3.9102, ref_nll_loss = 4.1806, ivc_loss = 0.0279, neg_loss_1 = 0.0002, neg_loss_2 = 0.0002, ref_loss = 0.0086, div_loss = 0.1001, aux_loss = 0.0200, 0.240 seconds/batch
2026-04-20 14:24:10,609 - Epoch 29, Batch 100, lr = 0.00004, final_loss = 4.0277, nll_loss = 3.8935, ref_nll_loss = 4.1620, ivc_loss = 0.0280, neg_loss_1 = 0.0000, neg_loss_2 = 0.0003, ref_loss = 0.0088, div_loss = 0.0992, aux_loss = 0.0200, 0.238 seconds/batch
2026-04-20 14:24:22,463 - Epoch 29, Batch 150, lr = 0.00004, final_loss = 4.0563, nll_loss = 3.9234, ref_nll_loss = 4.1891, ivc_loss = 0.0279, neg_loss_1 = 0.0000, neg_loss_2 = 0.0001, ref_loss = 0.0088, div_loss = 0.1008, aux_loss = 0.0201, 0.238 seconds/batch
2026-04-20 14:24:34,291 - Epoch 29, Batch 200, lr = 0.00004, final_loss = 4.0734, nll_loss = 3.9414, ref_nll_loss = 4.2055, ivc_loss = 0.0282, neg_loss_1 = 0.0000, neg_loss_2 = 0.0002, ref_loss = 0.0089, div_loss = 0.1000, aux_loss = 0.0200, 0.237 seconds/batch
2026-04-20 14:24:46,201 - Epoch 29, Batch 250, lr = 0.00004, final_loss = 4.0306, nll_loss = 3.8990, ref_nll_loss = 4.1621, ivc_loss = 0.0290, neg_loss_1 = 0.0000, neg_loss_2 = 0.0001, ref_loss = 0.0095, div_loss = 0.0988, aux_loss = 0.0199, 0.238 seconds/batch
2026-04-20 14:24:58,077 - Epoch 29, Batch 300, lr = 0.00004, final_loss = 4.0614, nll_loss = 3.9260, ref_nll_loss = 4.1968, ivc_loss = 0.0253, neg_loss_1 = 0.0000, neg_loss_2 = 0.0000, ref_loss = 0.0077, div_loss = 0.0991, aux_loss = 0.0199, 0.238 seconds/batch
2026-04-20 14:25:10,074 - Epoch 29, Batch 350, lr = 0.00004, final_loss = 4.0446, nll_loss = 3.9111, ref_nll_loss = 4.1782, ivc_loss = 0.0260, neg_loss_1 = 0.0001, neg_loss_2 = 0.0001, ref_loss = 0.0078, div_loss = 0.1011, aux_loss = 0.0202, 0.238 seconds/batch
2026-04-20 14:25:21,977 - Epoch 29, Batch 400, lr = 0.00004, final_loss = 4.0629, nll_loss = 3.9301, ref_nll_loss = 4.1958, ivc_loss = 0.0268, neg_loss_1 = 0.0000, neg_loss_2 = 0.0002, ref_loss = 0.0082, div_loss = 0.1001, aux_loss = 0.0199, 0.238 seconds/batch
2026-04-20 14:25:33,817 - Epoch 29, Batch 450, lr = 0.00004, final_loss = 4.0695, nll_loss = 3.9366, ref_nll_loss = 4.2024, ivc_loss = 0.0270, neg_loss_1 = 0.0002, neg_loss_2 = 0.0002, ref_loss = 0.0080, div_loss = 0.1024, aux_loss = 0.0201, 0.238 seconds/batch
2026-04-20 14:25:45,986 - Epoch 29, Batch 500, lr = 0.00004, final_loss = 4.0922, nll_loss = 3.9611, ref_nll_loss = 4.2234, ivc_loss = 0.0299, neg_loss_1 = 0.0001, neg_loss_2 = 0.0000, ref_loss = 0.0097, div_loss = 0.1021, aux_loss = 0.0200, 0.238 seconds/batch
2026-04-20 14:25:57,946 - Epoch 29, Batch 550, lr = 0.00004, final_loss = 4.0574, nll_loss = 3.9257, ref_nll_loss = 4.1892, ivc_loss = 0.0311, neg_loss_1 = 0.0001, neg_loss_2 = 0.0004, ref_loss = 0.0101, div_loss = 0.1012, aux_loss = 0.0199, 0.238 seconds/batch
2026-04-20 14:26:09,972 - Epoch 29, Batch 600, lr = 0.00004, final_loss = 4.0520, nll_loss = 3.9190, ref_nll_loss = 4.1850, ivc_loss = 0.0284, neg_loss_1 = 0.0000, neg_loss_2 = 0.0003, ref_loss = 0.0088, div_loss = 0.1018, aux_loss = 0.0199, 0.239 seconds/batch
2026-04-20 14:26:22,012 - Epoch 29, Batch 650, lr = 0.00004, final_loss = 4.0389, nll_loss = 3.9034, ref_nll_loss = 4.1743, ivc_loss = 0.0275, neg_loss_1 = 0.0000, neg_loss_2 = 0.0002, ref_loss = 0.0084, div_loss = 0.1026, aux_loss = 0.0200, 0.239 seconds/batch
2026-04-20 14:26:34,037 - Epoch 29, Batch 700, lr = 0.00004, final_loss = 4.0816, nll_loss = 3.9523, ref_nll_loss = 4.2109, ivc_loss = 0.0287, neg_loss_1 = 0.0000, neg_loss_2 = 0.0002, ref_loss = 0.0090, div_loss = 0.1033, aux_loss = 0.0201, 0.239 seconds/batch
2026-04-20 14:26:45,993 - Epoch 29, Batch 750, lr = 0.00004, final_loss = 4.0714, nll_loss = 3.9348, ref_nll_loss = 4.2080, ivc_loss = 0.0288, neg_loss_1 = 0.0001, neg_loss_2 = 0.0003, ref_loss = 0.0088, div_loss = 0.1040, aux_loss = 0.0199, 0.239 seconds/batch
2026-04-20 14:26:57,958 - Epoch 29, Batch 800, lr = 0.00004, final_loss = 4.0531, nll_loss = 3.9202, ref_nll_loss = 4.1861, ivc_loss = 0.0286, neg_loss_1 = 0.0000, neg_loss_2 = 0.0002, ref_loss = 0.0089, div_loss = 0.1044, aux_loss = 0.0202, 0.239 seconds/batch
2026-04-20 14:27:09,954 - Epoch 29, Batch 850, lr = 0.00004, final_loss = 4.0610, nll_loss = 3.9290, ref_nll_loss = 4.1929, ivc_loss = 0.0269, neg_loss_1 = 0.0001, neg_loss_2 = 0.0000, ref_loss = 0.0082, div_loss = 0.1029, aux_loss = 0.0197, 0.239 seconds/batch
2026-04-20 14:27:21,835 - Epoch 29, Batch 900, lr = 0.00004, final_loss = 4.0640, nll_loss = 3.9350, ref_nll_loss = 4.1930, ivc_loss = 0.0295, neg_loss_1 = 0.0002, neg_loss_2 = 0.0000, ref_loss = 0.0094, div_loss = 0.1024, aux_loss = 0.0201, 0.239 seconds/batch
2026-04-20 14:27:33,720 - Epoch 29, Batch 950, lr = 0.00004, final_loss = 4.0587, nll_loss = 3.9286, ref_nll_loss = 4.1887, ivc_loss = 0.0306, neg_loss_1 = 0.0000, neg_loss_2 = 0.0002, ref_loss = 0.0099, div_loss = 0.1029, aux_loss = 0.0199, 0.239 seconds/batch
2026-04-20 14:27:45,590 - Epoch 29, Batch 1000, lr = 0.00004, final_loss = 4.1098, nll_loss = 3.9749, ref_nll_loss = 4.2448, ivc_loss = 0.0272, neg_loss_1 = 0.0001, neg_loss_2 = 0.0000, ref_loss = 0.0084, div_loss = 0.1025, aux_loss = 0.0200, 0.239 seconds/batch
2026-04-20 14:27:57,515 - Epoch 29, Batch 1050, lr = 0.00004, final_loss = 4.0759, nll_loss = 3.9427, ref_nll_loss = 4.2091, ivc_loss = 0.0289, neg_loss_1 = 0.0002, neg_loss_2 = 0.0000, ref_loss = 0.0092, div_loss = 0.1015, aux_loss = 0.0200, 0.239 seconds/batch
2026-04-20 14:28:09,459 - Epoch 29, Batch 1100, lr = 0.00004, final_loss = 4.0892, nll_loss = 3.9563, ref_nll_loss = 4.2221, ivc_loss = 0.0282, neg_loss_1 = 0.0001, neg_loss_2 = 0.0001, ref_loss = 0.0088, div_loss = 0.1016, aux_loss = 0.0199, 0.239 seconds/batch
2026-04-20 14:28:21,430 - Epoch 29, Batch 1150, lr = 0.00004, final_loss = 4.0771, nll_loss = 3.9402, ref_nll_loss = 4.2139, ivc_loss = 0.0282, neg_loss_1 = 0.0000, neg_loss_2 = 0.0003, ref_loss = 0.0088, div_loss = 0.1015, aux_loss = 0.0199, 0.239 seconds/batch
2026-04-20 14:28:26,173 - Epoch 29, Batch 1170, lr = 0.00004, final_loss = 4.1173, nll_loss = 3.9811, ref_nll_loss = 4.2534, ivc_loss = 0.0261, neg_loss_1 = 0.0001, neg_loss_2 = 0.0001, ref_loss = 0.0077, div_loss = 0.1030, aux_loss = 0.0205, 0.239 seconds/batch
2026-04-20 14:28:26,242 - save model to checkpoints/activitynet_moe2/cpl_moe2/model-29.pt, num_updates 33930.
2026-04-20 14:30:19,736 - | R@1,mIoU 0.3591 | R@1,IoU@0.1 0.8040 | R@1,IoU@0.3 0.5138 | R@1,IoU@0.5 0.2743 | R@1,IoU@0.7 0.1385 | R@1,IoU@0.9 0.0551 | R@5,mIoU 0.4140 | R@5,IoU@0.1 0.8631 | R@5,IoU@0.3 0.5876 | R@5,IoU@0.5 0.3534 | R@5,IoU@0.7 0.1884 | R@5,IoU@0.9 0.0683 |
2026-04-20 14:30:19,736 - ============================================================
2026-04-20 14:30:19,736 - Start Epoch 30
2026-04-20 14:30:31,921 - Epoch 30, Batch 50, lr = 0.00004, final_loss = 4.0080, nll_loss = 3.8738, ref_nll_loss = 4.1421, ivc_loss = 0.0280, neg_loss_1 = 0.0001, neg_loss_2 = 0.0000, ref_loss = 0.0088, div_loss = 0.1019, aux_loss = 0.0199, 0.244 seconds/batch
2026-04-20 14:30:43,779 - Epoch 30, Batch 100, lr = 0.00004, final_loss = 4.0791, nll_loss = 3.9444, ref_nll_loss = 4.2137, ivc_loss = 0.0273, neg_loss_1 = 0.0001, neg_loss_2 = 0.0003, ref_loss = 0.0082, div_loss = 0.1015, aux_loss = 0.0199, 0.240 seconds/batch
2026-04-20 14:30:55,874 - Epoch 30, Batch 150, lr = 0.00004, final_loss = 4.0422, nll_loss = 3.9067, ref_nll_loss = 4.1777, ivc_loss = 0.0287, neg_loss_1 = 0.0002, neg_loss_2 = 0.0001, ref_loss = 0.0089, div_loss = 0.1020, aux_loss = 0.0201, 0.241 seconds/batch
2026-04-20 14:31:07,729 - Epoch 30, Batch 200, lr = 0.00004, final_loss = 4.0445, nll_loss = 3.9110, ref_nll_loss = 4.1779, ivc_loss = 0.0282, neg_loss_1 = 0.0001, neg_loss_2 = 0.0001, ref_loss = 0.0089, div_loss = 0.0996, aux_loss = 0.0199, 0.240 seconds/batch
2026-04-20 14:31:19,647 - Epoch 30, Batch 250, lr = 0.00004, final_loss = 4.0565, nll_loss = 3.9227, ref_nll_loss = 4.1903, ivc_loss = 0.0287, neg_loss_1 = 0.0003, neg_loss_2 = 0.0000, ref_loss = 0.0089, div_loss = 0.1005, aux_loss = 0.0200, 0.240 seconds/batch
2026-04-20 14:31:31,587 - Epoch 30, Batch 300, lr = 0.00004, final_loss = 4.0114, nll_loss = 3.8745, ref_nll_loss = 4.1483, ivc_loss = 0.0271, neg_loss_1 = 0.0002, neg_loss_2 = 0.0001, ref_loss = 0.0082, div_loss = 0.1009, aux_loss = 0.0200, 0.240 seconds/batch
2026-04-20 14:31:43,600 - Epoch 30, Batch 350, lr = 0.00004, final_loss = 4.0369, nll_loss = 3.9065, ref_nll_loss = 4.1674, ivc_loss = 0.0325, neg_loss_1 = 0.0000, neg_loss_2 = 0.0004, ref_loss = 0.0108, div_loss = 0.1002, aux_loss = 0.0200, 0.240 seconds/batch
2026-04-20 14:31:55,673 - Epoch 30, Batch 400, lr = 0.00004, final_loss = 4.0425, nll_loss = 3.9111, ref_nll_loss = 4.1739, ivc_loss = 0.0274, neg_loss_1 = 0.0001, neg_loss_2 = 0.0000, ref_loss = 0.0086, div_loss = 0.0988, aux_loss = 0.0199, 0.240 seconds/batch
2026-04-20 14:32:07,773 - Epoch 30, Batch 450, lr = 0.00004, final_loss = 4.0478, nll_loss = 3.9149, ref_nll_loss = 4.1807, ivc_loss = 0.0287, neg_loss_1 = 0.0002, neg_loss_2 = 0.0001, ref_loss = 0.0090, div_loss = 0.0999, aux_loss = 0.0200, 0.240 seconds/batch
2026-04-20 14:32:19,639 - Epoch 30, Batch 500, lr = 0.00004, final_loss = 4.0422, nll_loss = 3.9064, ref_nll_loss = 4.1781, ivc_loss = 0.0292, neg_loss_1 = 0.0000, neg_loss_2 = 0.0001, ref_loss = 0.0095, div_loss = 0.1002, aux_loss = 0.0201, 0.240 seconds/batch
2026-04-20 14:32:31,597 - Epoch 30, Batch 550, lr = 0.00004, final_loss = 4.0883, nll_loss = 3.9548, ref_nll_loss = 4.2219, ivc_loss = 0.0267, neg_loss_1 = 0.0001, neg_loss_2 = 0.0000, ref_loss = 0.0082, div_loss = 0.1001, aux_loss = 0.0199, 0.240 seconds/batch
2026-04-20 14:32:43,537 - Epoch 30, Batch 600, lr = 0.00004, final_loss = 4.0388, nll_loss = 3.9036, ref_nll_loss = 4.1740, ivc_loss = 0.0279, neg_loss_1 = 0.0001, neg_loss_2 = 0.0002, ref_loss = 0.0086, div_loss = 0.1021, aux_loss = 0.0201, 0.240 seconds/batch
2026-04-20 14:32:55,455 - Epoch 30, Batch 650, lr = 0.00004, final_loss = 4.0347, nll_loss = 3.8998, ref_nll_loss = 4.1697, ivc_loss = 0.0257, neg_loss_1 = 0.0000, neg_loss_2 = 0.0001, ref_loss = 0.0077, div_loss = 0.1020, aux_loss = 0.0199, 0.240 seconds/batch
2026-04-20 14:33:07,328 - Epoch 30, Batch 700, lr = 0.00004, final_loss = 4.0256, nll_loss = 3.8931, ref_nll_loss = 4.1581, ivc_loss = 0.0293, neg_loss_1 = 0.0001, neg_loss_2 = 0.0001, ref_loss = 0.0094, div_loss = 0.1016, aux_loss = 0.0201, 0.239 seconds/batch
2026-04-20 14:33:19,275 - Epoch 30, Batch 750, lr = 0.00004, final_loss = 4.0639, nll_loss = 3.9304, ref_nll_loss = 4.1975, ivc_loss = 0.0270, neg_loss_1 = 0.0003, neg_loss_2 = 0.0000, ref_loss = 0.0081, div_loss = 0.1016, aux_loss = 0.0200, 0.239 seconds/batch
2026-04-20 14:33:31,187 - Epoch 30, Batch 800, lr = 0.00004, final_loss = 4.0226, nll_loss = 3.8866, ref_nll_loss = 4.1585, ivc_loss = 0.0260, neg_loss_1 = 0.0004, neg_loss_2 = 0.0001, ref_loss = 0.0075, div_loss = 0.1012, aux_loss = 0.0200, 0.239 seconds/batch
2026-04-20 14:33:43,170 - Epoch 30, Batch 850, lr = 0.00004, final_loss = 4.0626, nll_loss = 3.9305, ref_nll_loss = 4.1948, ivc_loss = 0.0303, neg_loss_1 = 0.0000, neg_loss_2 = 0.0003, ref_loss = 0.0098, div_loss = 0.1015, aux_loss = 0.0201, 0.239 seconds/batch
2026-04-20 14:33:55,220 - Epoch 30, Batch 900, lr = 0.00004, final_loss = 4.0482, nll_loss = 3.9131, ref_nll_loss = 4.1832, ivc_loss = 0.0271, neg_loss_1 = 0.0000, neg_loss_2 = 0.0003, ref_loss = 0.0082, div_loss = 0.1007, aux_loss = 0.0199, 0.239 seconds/batch
2026-04-20 14:34:07,125 - Epoch 30, Batch 950, lr = 0.00004, final_loss = 4.0550, nll_loss = 3.9197, ref_nll_loss = 4.1904, ivc_loss = 0.0294, neg_loss_1 = 0.0002, neg_loss_2 = 0.0002, ref_loss = 0.0094, div_loss = 0.0990, aux_loss = 0.0199, 0.239 seconds/batch
2026-04-20 14:34:19,040 - Epoch 30, Batch 1000, lr = 0.00004, final_loss = 4.0748, nll_loss = 3.9405, ref_nll_loss = 4.2090, ivc_loss = 0.0259, neg_loss_1 = 0.0000, neg_loss_2 = 0.0001, ref_loss = 0.0079, div_loss = 0.0997, aux_loss = 0.0200, 0.239 seconds/batch
2026-04-20 14:34:30,966 - Epoch 30, Batch 1050, lr = 0.00004, final_loss = 4.0797, nll_loss = 3.9444, ref_nll_loss = 4.2151, ivc_loss = 0.0271, neg_loss_1 = 0.0000, neg_loss_2 = 0.0000, ref_loss = 0.0085, div_loss = 0.1004, aux_loss = 0.0199, 0.239 seconds/batch
2026-04-20 14:34:42,995 - Epoch 30, Batch 1100, lr = 0.00004, final_loss = 4.0478, nll_loss = 3.9127, ref_nll_loss = 4.1829, ivc_loss = 0.0296, neg_loss_1 = 0.0000, neg_loss_2 = 0.0004, ref_loss = 0.0094, div_loss = 0.1001, aux_loss = 0.0201, 0.239 seconds/batch
2026-04-20 14:34:54,997 - Epoch 30, Batch 1150, lr = 0.00004, final_loss = 4.0486, nll_loss = 3.9151, ref_nll_loss = 4.1822, ivc_loss = 0.0299, neg_loss_1 = 0.0004, neg_loss_2 = 0.0000, ref_loss = 0.0096, div_loss = 0.0981, aux_loss = 0.0198, 0.239 seconds/batch
2026-04-20 14:34:59,720 - Epoch 30, Batch 1170, lr = 0.00004, final_loss = 4.0595, nll_loss = 3.9245, ref_nll_loss = 4.1945, ivc_loss = 0.0266, neg_loss_1 = 0.0000, neg_loss_2 = 0.0001, ref_loss = 0.0083, div_loss = 0.0987, aux_loss = 0.0201, 0.239 seconds/batch
2026-04-20 14:34:59,791 - save model to checkpoints/activitynet_moe2/cpl_moe2/model-30.pt, num_updates 35100.
2026-04-20 14:36:52,899 - | R@1,mIoU 0.3587 | R@1,IoU@0.1 0.8032 | R@1,IoU@0.3 0.5135 | R@1,IoU@0.5 0.2758 | R@1,IoU@0.7 0.1401 | R@1,IoU@0.9 0.0545 | R@5,mIoU 0.4177 | R@5,IoU@0.1 0.8628 | R@5,IoU@0.3 0.5885 | R@5,IoU@0.5 0.3619 | R@5,IoU@0.7 0.1978 | R@5,IoU@0.9 0.0718 |
2026-04-20 14:36:52,899 - ============================================================
2026-04-20 14:36:52,899 - Best results:
2026-04-20 14:36:52,899 - | R@1,mIoU 0.3645 | R@1,IoU@0.1 0.8189 | R@1,IoU@0.3 0.5190 | R@1,IoU@0.5 0.2797 | R@1,IoU@0.7 0.1420 | R@1,IoU@0.9 0.0526 | R@5,mIoU 0.4401 | R@5,IoU@0.1 0.8783 | R@5,IoU@0.3 0.6199 | R@5,IoU@0.5 0.4070 | R@5,IoU@0.7 0.2056 | R@5,IoU@0.9 0.0887 |
