2026-04-20 20:23:11,578 - {'dataset': {'dataset': 'ActivityNet', 'feature_path': '/data/chenyuan/videogrounding/cpl-main/data/activitynet/sub_activitynet_v1-3.c3d.hdf5', 'vocab_size': 8000, 'word_dim': 300, 'frame_dim': 500, 'max_num_words': 20, 'max_num_frames': 200, 'target_stride': 1, 'train_data': 'data/activitynet/train_data.json', 'test_data': 'data/activitynet/test_data.json', 'val_data': 'data/activitynet/val_data.json', 'vocab_path': 'data/activitynet/glove.pkl'}, 'train': {'optimizer': {'lr': 0.0004, 'weight_decay': 0, 'warmup_updates': 400, 'warmup_init_lr': 1e-07}, 'batch_size': 32, 'max_num_epochs': 30, 'model_saved_path': 'checkpoints/activitynet_moe_noaux/cpl_moe2_noaux'}, 'model': {'name': 'CPL_MoE', 'source': 'models', 'config': {'frames_input_size': 500, 'words_input_size': 300, 'hidden_size': 256, 'use_negative': True, 'num_props': 8, 'sigma': 9, 'gamma': 0, 'dropout': 0.1, 'DualTransformer': {'d_model': 256, 'num_heads': 4, 'num_decoder_layers1': 3, 'num_decoder_layers2': 3, 'dropout': 0.1}, 'MoE': {'use_moe': True, 'use_simple_moe': False, 'num_experts': 8, 'num_shared_experts': 2, 'top_k': 2, 'use_load_balance_loss': False, 'load_balance_weight': 0.0, 'use_2layer_gate': True}}}, 'loss': {'margin_1': 0.1, 'margin_2': 0.15, 'lambda': 0.115, 'alpha_1': 2, 'alpha_2': 0.1}, 'vote': True}
2026-04-20 20:23:11,946 - train: 37421 samples, test: 17031 samples
2026-04-20 20:23:13,020 - Start Epoch 1
2026-04-20 20:23:43,587 - Epoch 1, Batch 50, lr = 0.00005, final_loss = 8.8690, nll_loss = 8.8335, ref_nll_loss = 8.9045, ivc_loss = 0.4852, neg_loss_1 = 0.0843, neg_loss_2 = 0.0872, ref_loss = 0.0502, div_loss = 0.4180, 0.611 seconds/batch
2026-04-20 20:24:15,930 - Epoch 1, Batch 100, lr = 0.00010, final_loss = 7.9625, nll_loss = 7.9288, ref_nll_loss = 7.9962, ivc_loss = 0.3510, neg_loss_1 = 0.0612, neg_loss_2 = 0.0611, ref_loss = 0.0469, div_loss = 0.1269, 0.629 seconds/batch
2026-04-20 20:24:48,372 - Epoch 1, Batch 150, lr = 0.00015, final_loss = 7.2008, nll_loss = 7.1565, ref_nll_loss = 7.2450, ivc_loss = 0.3036, neg_loss_1 = 0.0560, neg_loss_2 = 0.0550, ref_loss = 0.0372, div_loss = 0.0729, 0.636 seconds/batch
2026-04-20 20:25:20,905 - Epoch 1, Batch 200, lr = 0.00020, final_loss = 6.6422, nll_loss = 6.5980, ref_nll_loss = 6.6864, ivc_loss = 0.2834, neg_loss_1 = 0.0540, neg_loss_2 = 0.0465, ref_loss = 0.0384, div_loss = 0.0563, 0.639 seconds/batch
2026-04-20 20:25:53,506 - Epoch 1, Batch 250, lr = 0.00025, final_loss = 6.3741, nll_loss = 6.3249, ref_nll_loss = 6.4233, ivc_loss = 0.2703, neg_loss_1 = 0.0523, neg_loss_2 = 0.0453, ref_loss = 0.0346, div_loss = 0.0609, 0.642 seconds/batch
2026-04-20 20:26:27,931 - Epoch 1, Batch 300, lr = 0.00030, final_loss = 6.2206, nll_loss = 6.1725, ref_nll_loss = 6.2686, ivc_loss = 0.2523, neg_loss_1 = 0.0517, neg_loss_2 = 0.0349, ref_loss = 0.0353, div_loss = 0.0847, 0.650 seconds/batch
2026-04-20 20:27:11,273 - Epoch 1, Batch 350, lr = 0.00035, final_loss = 6.1452, nll_loss = 6.0920, ref_nll_loss = 6.1983, ivc_loss = 0.2403, neg_loss_1 = 0.0439, neg_loss_2 = 0.0396, ref_loss = 0.0331, div_loss = 0.0692, 0.681 seconds/batch
2026-04-20 20:27:54,596 - Epoch 1, Batch 400, lr = 0.00040, final_loss = 6.0462, nll_loss = 5.9936, ref_nll_loss = 6.0987, ivc_loss = 0.2378, neg_loss_1 = 0.0432, neg_loss_2 = 0.0388, ref_loss = 0.0340, div_loss = 0.0574, 0.704 seconds/batch
2026-04-20 20:28:37,873 - Epoch 1, Batch 450, lr = 0.00038, final_loss = 5.9897, nll_loss = 5.9341, ref_nll_loss = 6.0453, ivc_loss = 0.2157, neg_loss_1 = 0.0346, neg_loss_2 = 0.0372, ref_loss = 0.0323, div_loss = 0.0755, 0.722 seconds/batch
2026-04-20 20:29:21,306 - Epoch 1, Batch 500, lr = 0.00036, final_loss = 5.9348, nll_loss = 5.8716, ref_nll_loss = 5.9980, ivc_loss = 0.2008, neg_loss_1 = 0.0361, neg_loss_2 = 0.0322, ref_loss = 0.0290, div_loss = 0.0617, 0.737 seconds/batch
2026-04-20 20:30:04,804 - Epoch 1, Batch 550, lr = 0.00034, final_loss = 5.8700, nll_loss = 5.8009, ref_nll_loss = 5.9392, ivc_loss = 0.1842, neg_loss_1 = 0.0357, neg_loss_2 = 0.0248, ref_loss = 0.0283, div_loss = 0.0634, 0.749 seconds/batch
2026-04-20 20:30:48,333 - Epoch 1, Batch 600, lr = 0.00033, final_loss = 5.8051, nll_loss = 5.7312, ref_nll_loss = 5.8791, ivc_loss = 0.1635, neg_loss_1 = 0.0305, neg_loss_2 = 0.0230, ref_loss = 0.0257, div_loss = 0.0533, 0.759 seconds/batch
2026-04-20 20:31:31,885 - Epoch 1, Batch 650, lr = 0.00031, final_loss = 5.7940, nll_loss = 5.7286, ref_nll_loss = 5.8594, ivc_loss = 0.1604, neg_loss_1 = 0.0229, neg_loss_2 = 0.0248, ref_loss = 0.0298, div_loss = 0.0548, 0.767 seconds/batch
2026-04-20 20:32:15,318 - Epoch 1, Batch 700, lr = 0.00030, final_loss = 5.7647, nll_loss = 5.7033, ref_nll_loss = 5.8260, ivc_loss = 0.1682, neg_loss_1 = 0.0192, neg_loss_2 = 0.0293, ref_loss = 0.0315, div_loss = 0.0809, 0.775 seconds/batch
2026-04-20 20:32:58,883 - Epoch 1, Batch 750, lr = 0.00029, final_loss = 5.6945, nll_loss = 5.6325, ref_nll_loss = 5.7565, ivc_loss = 0.1547, neg_loss_1 = 0.0204, neg_loss_2 = 0.0219, ref_loss = 0.0323, div_loss = 0.0554, 0.781 seconds/batch
2026-04-20 20:33:42,308 - Epoch 1, Batch 800, lr = 0.00028, final_loss = 5.6843, nll_loss = 5.6245, ref_nll_loss = 5.7440, ivc_loss = 0.1420, neg_loss_1 = 0.0126, neg_loss_2 = 0.0210, ref_loss = 0.0345, div_loss = 0.0580, 0.787 seconds/batch
2026-04-20 20:34:25,799 - Epoch 1, Batch 850, lr = 0.00027, final_loss = 5.6583, nll_loss = 5.5907, ref_nll_loss = 5.7260, ivc_loss = 0.1234, neg_loss_1 = 0.0168, neg_loss_2 = 0.0138, ref_loss = 0.0286, div_loss = 0.0507, 0.792 seconds/batch
2026-04-20 20:35:09,191 - Epoch 1, Batch 900, lr = 0.00027, final_loss = 5.6097, nll_loss = 5.5423, ref_nll_loss = 5.6770, ivc_loss = 0.1178, neg_loss_1 = 0.0153, neg_loss_2 = 0.0118, ref_loss = 0.0291, div_loss = 0.0555, 0.796 seconds/batch
2026-04-20 20:35:52,543 - Epoch 1, Batch 950, lr = 0.00026, final_loss = 5.5904, nll_loss = 5.5238, ref_nll_loss = 5.6570, ivc_loss = 0.1035, neg_loss_1 = 0.0144, neg_loss_2 = 0.0092, ref_loss = 0.0254, div_loss = 0.0550, 0.799 seconds/batch
2026-04-20 20:36:35,950 - Epoch 1, Batch 1000, lr = 0.00025, final_loss = 5.5370, nll_loss = 5.4716, ref_nll_loss = 5.6025, ivc_loss = 0.1020, neg_loss_1 = 0.0100, neg_loss_2 = 0.0115, ref_loss = 0.0269, div_loss = 0.0511, 0.803 seconds/batch
2026-04-20 20:37:19,434 - Epoch 1, Batch 1050, lr = 0.00025, final_loss = 5.5084, nll_loss = 5.4421, ref_nll_loss = 5.5746, ivc_loss = 0.1001, neg_loss_1 = 0.0088, neg_loss_2 = 0.0087, ref_loss = 0.0296, div_loss = 0.0594, 0.806 seconds/batch
2026-04-20 20:38:02,849 - Epoch 1, Batch 1100, lr = 0.00024, final_loss = 5.4908, nll_loss = 5.4210, ref_nll_loss = 5.5606, ivc_loss = 0.0926, neg_loss_1 = 0.0085, neg_loss_2 = 0.0093, ref_loss = 0.0256, div_loss = 0.0593, 0.809 seconds/batch
2026-04-20 20:38:45,624 - Epoch 1, Batch 1150, lr = 0.00024, final_loss = 5.4913, nll_loss = 5.4238, ref_nll_loss = 5.5588, ivc_loss = 0.0847, neg_loss_1 = 0.0048, neg_loss_2 = 0.0079, ref_loss = 0.0262, div_loss = 0.0695, 0.811 seconds/batch
2026-04-20 20:39:00,104 - Epoch 1, Batch 1170, lr = 0.00023, final_loss = 5.4440, nll_loss = 5.3688, ref_nll_loss = 5.5192, ivc_loss = 0.0783, neg_loss_1 = 0.0081, neg_loss_2 = 0.0046, ref_loss = 0.0235, div_loss = 0.0591, 0.809 seconds/batch
2026-04-20 20:39:00,181 - save model to checkpoints/activitynet_moe_noaux/cpl_moe2_noaux/model-1.pt, num_updates 1170.
2026-04-20 20:42:38,626 - | R@1,mIoU 0.3400 | R@1,IoU@0.1 0.8189 | R@1,IoU@0.3 0.4613 | R@1,IoU@0.5 0.2293 | R@1,IoU@0.7 0.1256 | R@1,IoU@0.9 0.0747 | R@5,mIoU 0.4430 | R@5,IoU@0.1 0.8821 | R@5,IoU@0.3 0.6247 | R@5,IoU@0.5 0.4165 | R@5,IoU@0.7 0.2037 | R@5,IoU@0.9 0.1065 |
2026-04-20 20:42:38,706 - Best results have been updated.
2026-04-20 20:42:38,706 - ============================================================
2026-04-20 20:42:38,706 - Start Epoch 2
2026-04-20 20:43:13,495 - Epoch 2, Batch 50, lr = 0.00023, final_loss = 5.4276, nll_loss = 5.3620, ref_nll_loss = 5.4932, ivc_loss = 0.0870, neg_loss_1 = 0.0057, neg_loss_2 = 0.0077, ref_loss = 0.0273, div_loss = 0.0562, 0.696 seconds/batch
2026-04-20 20:43:50,099 - Epoch 2, Batch 100, lr = 0.00022, final_loss = 5.3964, nll_loss = 5.3285, ref_nll_loss = 5.4643, ivc_loss = 0.0750, neg_loss_1 = 0.0042, neg_loss_2 = 0.0056, ref_loss = 0.0243, div_loss = 0.0665, 0.714 seconds/batch
2026-04-20 20:44:26,750 - Epoch 2, Batch 150, lr = 0.00022, final_loss = 5.4027, nll_loss = 5.3358, ref_nll_loss = 5.4697, ivc_loss = 0.0843, neg_loss_1 = 0.0028, neg_loss_2 = 0.0089, ref_loss = 0.0270, div_loss = 0.0706, 0.720 seconds/batch
2026-04-20 20:45:03,369 - Epoch 2, Batch 200, lr = 0.00022, final_loss = 5.3781, nll_loss = 5.3100, ref_nll_loss = 5.4462, ivc_loss = 0.0809, neg_loss_1 = 0.0037, neg_loss_2 = 0.0071, ref_loss = 0.0262, div_loss = 0.0702, 0.723 seconds/batch
2026-04-20 20:45:40,001 - Epoch 2, Batch 250, lr = 0.00021, final_loss = 5.3659, nll_loss = 5.2981, ref_nll_loss = 5.4337, ivc_loss = 0.0812, neg_loss_1 = 0.0063, neg_loss_2 = 0.0069, ref_loss = 0.0246, div_loss = 0.0563, 0.725 seconds/batch
2026-04-20 20:46:17,623 - Epoch 2, Batch 300, lr = 0.00021, final_loss = 5.3519, nll_loss = 5.2807, ref_nll_loss = 5.4231, ivc_loss = 0.0773, neg_loss_1 = 0.0061, neg_loss_2 = 0.0052, ref_loss = 0.0246, div_loss = 0.0561, 0.730 seconds/batch
2026-04-20 20:47:01,176 - Epoch 2, Batch 350, lr = 0.00021, final_loss = 5.3549, nll_loss = 5.2847, ref_nll_loss = 5.4251, ivc_loss = 0.0728, neg_loss_1 = 0.0057, neg_loss_2 = 0.0054, ref_loss = 0.0225, div_loss = 0.0555, 0.750 seconds/batch
2026-04-20 20:47:44,755 - Epoch 2, Batch 400, lr = 0.00020, final_loss = 5.2955, nll_loss = 5.2255, ref_nll_loss = 5.3655, ivc_loss = 0.0810, neg_loss_1 = 0.0038, neg_loss_2 = 0.0082, ref_loss = 0.0257, div_loss = 0.0536, 0.765 seconds/batch
2026-04-20 20:48:28,368 - Epoch 2, Batch 450, lr = 0.00020, final_loss = 5.3188, nll_loss = 5.2479, ref_nll_loss = 5.3897, ivc_loss = 0.0766, neg_loss_1 = 0.0038, neg_loss_2 = 0.0064, ref_loss = 0.0251, div_loss = 0.0603, 0.777 seconds/batch
2026-04-20 20:49:11,971 - Epoch 2, Batch 500, lr = 0.00020, final_loss = 5.3104, nll_loss = 5.2403, ref_nll_loss = 5.3805, ivc_loss = 0.0710, neg_loss_1 = 0.0031, neg_loss_2 = 0.0055, ref_loss = 0.0237, div_loss = 0.0645, 0.787 seconds/batch
2026-04-20 20:49:55,505 - Epoch 2, Batch 550, lr = 0.00019, final_loss = 5.2995, nll_loss = 5.2284, ref_nll_loss = 5.3706, ivc_loss = 0.0686, neg_loss_1 = 0.0040, neg_loss_2 = 0.0049, ref_loss = 0.0224, div_loss = 0.0603, 0.794 seconds/batch
2026-04-20 20:50:39,069 - Epoch 2, Batch 600, lr = 0.00019, final_loss = 5.2692, nll_loss = 5.1986, ref_nll_loss = 5.3398, ivc_loss = 0.0758, neg_loss_1 = 0.0039, neg_loss_2 = 0.0072, ref_loss = 0.0237, div_loss = 0.0625, 0.801 seconds/batch
2026-04-20 20:51:22,659 - Epoch 2, Batch 650, lr = 0.00019, final_loss = 5.2573, nll_loss = 5.1867, ref_nll_loss = 5.3279, ivc_loss = 0.0730, neg_loss_1 = 0.0028, neg_loss_2 = 0.0057, ref_loss = 0.0247, div_loss = 0.0650, 0.806 seconds/batch
2026-04-20 20:52:06,245 - Epoch 2, Batch 700, lr = 0.00018, final_loss = 5.2530, nll_loss = 5.1856, ref_nll_loss = 5.3204, ivc_loss = 0.0744, neg_loss_1 = 0.0031, neg_loss_2 = 0.0058, ref_loss = 0.0251, div_loss = 0.0645, 0.811 seconds/batch
2026-04-20 20:52:49,858 - Epoch 2, Batch 750, lr = 0.00018, final_loss = 5.2304, nll_loss = 5.1605, ref_nll_loss = 5.3003, ivc_loss = 0.0700, neg_loss_1 = 0.0031, neg_loss_2 = 0.0058, ref_loss = 0.0229, div_loss = 0.0638, 0.815 seconds/batch
2026-04-20 20:53:33,421 - Epoch 2, Batch 800, lr = 0.00018, final_loss = 5.1899, nll_loss = 5.1192, ref_nll_loss = 5.2606, ivc_loss = 0.0694, neg_loss_1 = 0.0020, neg_loss_2 = 0.0051, ref_loss = 0.0243, div_loss = 0.0653, 0.818 seconds/batch
2026-04-20 20:54:17,033 - Epoch 2, Batch 850, lr = 0.00018, final_loss = 5.2052, nll_loss = 5.1344, ref_nll_loss = 5.2759, ivc_loss = 0.0696, neg_loss_1 = 0.0022, neg_loss_2 = 0.0061, ref_loss = 0.0231, div_loss = 0.0678, 0.822 seconds/batch
2026-04-20 20:55:00,602 - Epoch 2, Batch 900, lr = 0.00018, final_loss = 5.2385, nll_loss = 5.1634, ref_nll_loss = 5.3135, ivc_loss = 0.0619, neg_loss_1 = 0.0032, neg_loss_2 = 0.0053, ref_loss = 0.0191, div_loss = 0.0676, 0.824 seconds/batch
2026-04-20 20:55:44,202 - Epoch 2, Batch 950, lr = 0.00017, final_loss = 5.1616, nll_loss = 5.0903, ref_nll_loss = 5.2329, ivc_loss = 0.0707, neg_loss_1 = 0.0039, neg_loss_2 = 0.0046, ref_loss = 0.0237, div_loss = 0.0621, 0.827 seconds/batch
2026-04-20 20:56:27,788 - Epoch 2, Batch 1000, lr = 0.00017, final_loss = 5.1802, nll_loss = 5.1136, ref_nll_loss = 5.2468, ivc_loss = 0.0832, neg_loss_1 = 0.0035, neg_loss_2 = 0.0075, ref_loss = 0.0275, div_loss = 0.0612, 0.829 seconds/batch
2026-04-20 20:57:11,385 - Epoch 2, Batch 1050, lr = 0.00017, final_loss = 5.1999, nll_loss = 5.1294, ref_nll_loss = 5.2704, ivc_loss = 0.0719, neg_loss_1 = 0.0024, neg_loss_2 = 0.0075, ref_loss = 0.0229, div_loss = 0.0625, 0.831 seconds/batch
2026-04-20 20:57:54,932 - Epoch 2, Batch 1100, lr = 0.00017, final_loss = 5.1493, nll_loss = 5.0792, ref_nll_loss = 5.2195, ivc_loss = 0.0738, neg_loss_1 = 0.0012, neg_loss_2 = 0.0066, ref_loss = 0.0253, div_loss = 0.0758, 0.833 seconds/batch
2026-04-20 20:58:37,764 - Epoch 2, Batch 1150, lr = 0.00017, final_loss = 5.1575, nll_loss = 5.0835, ref_nll_loss = 5.2314, ivc_loss = 0.0756, neg_loss_1 = 0.0049, neg_loss_2 = 0.0061, ref_loss = 0.0231, div_loss = 0.0756, 0.834 seconds/batch
2026-04-20 20:58:52,194 - Epoch 2, Batch 1170, lr = 0.00017, final_loss = 5.1007, nll_loss = 5.0305, ref_nll_loss = 5.1710, ivc_loss = 0.0766, neg_loss_1 = 0.0020, neg_loss_2 = 0.0075, ref_loss = 0.0251, div_loss = 0.0718, 0.832 seconds/batch
2026-04-20 20:58:52,271 - save model to checkpoints/activitynet_moe_noaux/cpl_moe2_noaux/model-2.pt, num_updates 2340.
2026-04-20 21:02:30,737 - | R@1,mIoU 0.3457 | R@1,IoU@0.1 0.8160 | R@1,IoU@0.3 0.4795 | R@1,IoU@0.5 0.2211 | R@1,IoU@0.7 0.1253 | R@1,IoU@0.9 0.0793 | R@5,mIoU 0.4262 | R@5,IoU@0.1 0.8757 | R@5,IoU@0.3 0.6033 | R@5,IoU@0.5 0.3697 | R@5,IoU@0.7 0.1811 | R@5,IoU@0.9 0.1032 |
2026-04-20 21:02:30,824 - Best results have been updated.
2026-04-20 21:02:30,824 - ============================================================
2026-04-20 21:02:30,825 - Start Epoch 3
2026-04-20 21:03:05,677 - Epoch 3, Batch 50, lr = 0.00016, final_loss = 5.0877, nll_loss = 5.0168, ref_nll_loss = 5.1586, ivc_loss = 0.0670, neg_loss_1 = 0.0031, neg_loss_2 = 0.0039, ref_loss = 0.0234, div_loss = 0.0644, 0.697 seconds/batch
2026-04-20 21:03:42,286 - Epoch 3, Batch 100, lr = 0.00016, final_loss = 5.0833, nll_loss = 5.0130, ref_nll_loss = 5.1537, ivc_loss = 0.0700, neg_loss_1 = 0.0019, neg_loss_2 = 0.0053, ref_loss = 0.0245, div_loss = 0.0669, 0.715 seconds/batch
2026-04-20 21:04:18,886 - Epoch 3, Batch 150, lr = 0.00016, final_loss = 5.0916, nll_loss = 5.0207, ref_nll_loss = 5.1625, ivc_loss = 0.0642, neg_loss_1 = 0.0024, neg_loss_2 = 0.0041, ref_loss = 0.0225, div_loss = 0.0624, 0.720 seconds/batch
2026-04-20 21:04:55,521 - Epoch 3, Batch 200, lr = 0.00016, final_loss = 5.0722, nll_loss = 4.9977, ref_nll_loss = 5.1467, ivc_loss = 0.0665, neg_loss_1 = 0.0015, neg_loss_2 = 0.0052, ref_loss = 0.0230, div_loss = 0.0712, 0.723 seconds/batch
2026-04-20 21:05:32,190 - Epoch 3, Batch 250, lr = 0.00016, final_loss = 5.0492, nll_loss = 4.9763, ref_nll_loss = 5.1220, ivc_loss = 0.0648, neg_loss_1 = 0.0016, neg_loss_2 = 0.0045, ref_loss = 0.0229, div_loss = 0.0682, 0.725 seconds/batch
2026-04-20 21:06:09,797 - Epoch 3, Batch 300, lr = 0.00016, final_loss = 5.0744, nll_loss = 5.0016, ref_nll_loss = 5.1473, ivc_loss = 0.0659, neg_loss_1 = 0.0015, neg_loss_2 = 0.0040, ref_loss = 0.0243, div_loss = 0.0635, 0.730 seconds/batch
2026-04-20 21:06:53,351 - Epoch 3, Batch 350, lr = 0.00015, final_loss = 5.0672, nll_loss = 4.9955, ref_nll_loss = 5.1388, ivc_loss = 0.0640, neg_loss_1 = 0.0021, neg_loss_2 = 0.0038, ref_loss = 0.0230, div_loss = 0.0625, 0.750 seconds/batch
2026-04-20 21:07:36,938 - Epoch 3, Batch 400, lr = 0.00015, final_loss = 5.0897, nll_loss = 5.0148, ref_nll_loss = 5.1645, ivc_loss = 0.0616, neg_loss_1 = 0.0016, neg_loss_2 = 0.0039, ref_loss = 0.0219, div_loss = 0.0665, 0.765 seconds/batch
2026-04-20 21:08:20,505 - Epoch 3, Batch 450, lr = 0.00015, final_loss = 5.0396, nll_loss = 4.9684, ref_nll_loss = 5.1107, ivc_loss = 0.0699, neg_loss_1 = 0.0026, neg_loss_2 = 0.0051, ref_loss = 0.0243, div_loss = 0.0601, 0.777 seconds/batch
2026-04-20 21:09:04,085 - Epoch 3, Batch 500, lr = 0.00015, final_loss = 5.0495, nll_loss = 4.9769, ref_nll_loss = 5.1222, ivc_loss = 0.0650, neg_loss_1 = 0.0022, neg_loss_2 = 0.0030, ref_loss = 0.0241, div_loss = 0.0659, 0.787 seconds/batch
2026-04-20 21:09:47,702 - Epoch 3, Batch 550, lr = 0.00015, final_loss = 5.0311, nll_loss = 4.9603, ref_nll_loss = 5.1019, ivc_loss = 0.0700, neg_loss_1 = 0.0030, neg_loss_2 = 0.0047, ref_loss = 0.0242, div_loss = 0.0593, 0.794 seconds/batch
2026-04-20 21:10:31,315 - Epoch 3, Batch 600, lr = 0.00015, final_loss = 5.0432, nll_loss = 4.9695, ref_nll_loss = 5.1169, ivc_loss = 0.0674, neg_loss_1 = 0.0022, neg_loss_2 = 0.0049, ref_loss = 0.0232, div_loss = 0.0693, 0.801 seconds/batch
2026-04-20 21:11:14,928 - Epoch 3, Batch 650, lr = 0.00015, final_loss = 5.0329, nll_loss = 4.9594, ref_nll_loss = 5.1063, ivc_loss = 0.0633, neg_loss_1 = 0.0015, neg_loss_2 = 0.0046, ref_loss = 0.0219, div_loss = 0.0723, 0.806 seconds/batch
2026-04-20 21:11:58,539 - Epoch 3, Batch 700, lr = 0.00015, final_loss = 5.0442, nll_loss = 4.9683, ref_nll_loss = 5.1202, ivc_loss = 0.0640, neg_loss_1 = 0.0023, neg_loss_2 = 0.0041, ref_loss = 0.0224, div_loss = 0.0636, 0.811 seconds/batch
2026-04-20 21:12:42,171 - Epoch 3, Batch 750, lr = 0.00014, final_loss = 5.0371, nll_loss = 4.9635, ref_nll_loss = 5.1106, ivc_loss = 0.0657, neg_loss_1 = 0.0019, neg_loss_2 = 0.0048, ref_loss = 0.0226, div_loss = 0.0683, 0.815 seconds/batch
2026-04-20 21:13:25,776 - Epoch 3, Batch 800, lr = 0.00014, final_loss = 5.0471, nll_loss = 4.9707, ref_nll_loss = 5.1235, ivc_loss = 0.0627, neg_loss_1 = 0.0021, neg_loss_2 = 0.0040, ref_loss = 0.0218, div_loss = 0.0698, 0.819 seconds/batch
2026-04-20 21:14:09,375 - Epoch 3, Batch 850, lr = 0.00014, final_loss = 5.0428, nll_loss = 4.9667, ref_nll_loss = 5.1189, ivc_loss = 0.0610, neg_loss_1 = 0.0025, neg_loss_2 = 0.0038, ref_loss = 0.0209, div_loss = 0.0647, 0.822 seconds/batch
2026-04-20 21:14:52,982 - Epoch 3, Batch 900, lr = 0.00014, final_loss = 5.0064, nll_loss = 4.9278, ref_nll_loss = 5.0851, ivc_loss = 0.0563, neg_loss_1 = 0.0024, neg_loss_2 = 0.0038, ref_loss = 0.0186, div_loss = 0.0662, 0.825 seconds/batch
2026-04-20 21:15:36,569 - Epoch 3, Batch 950, lr = 0.00014, final_loss = 5.0128, nll_loss = 4.9358, ref_nll_loss = 5.0898, ivc_loss = 0.0617, neg_loss_1 = 0.0033, neg_loss_2 = 0.0030, ref_loss = 0.0213, div_loss = 0.0632, 0.827 seconds/batch
2026-04-20 21:16:20,219 - Epoch 3, Batch 1000, lr = 0.00014, final_loss = 5.0118, nll_loss = 4.9319, ref_nll_loss = 5.0916, ivc_loss = 0.0579, neg_loss_1 = 0.0020, neg_loss_2 = 0.0022, ref_loss = 0.0212, div_loss = 0.0724, 0.829 seconds/batch
2026-04-20 21:17:03,836 - Epoch 3, Batch 1050, lr = 0.00014, final_loss = 5.0142, nll_loss = 4.9350, ref_nll_loss = 5.0933, ivc_loss = 0.0566, neg_loss_1 = 0.0026, neg_loss_2 = 0.0034, ref_loss = 0.0190, div_loss = 0.0651, 0.831 seconds/batch
2026-04-20 21:17:47,434 - Epoch 3, Batch 1100, lr = 0.00014, final_loss = 4.9906, nll_loss = 4.9120, ref_nll_loss = 5.0692, ivc_loss = 0.0620, neg_loss_1 = 0.0021, neg_loss_2 = 0.0030, ref_loss = 0.0226, div_loss = 0.0661, 0.833 seconds/batch
2026-04-20 21:18:30,349 - Epoch 3, Batch 1150, lr = 0.00014, final_loss = 4.9881, nll_loss = 4.9090, ref_nll_loss = 5.0671, ivc_loss = 0.0565, neg_loss_1 = 0.0021, neg_loss_2 = 0.0019, ref_loss = 0.0210, div_loss = 0.0651, 0.834 seconds/batch
2026-04-20 21:18:44,859 - Epoch 3, Batch 1170, lr = 0.00014, final_loss = 5.0086, nll_loss = 4.9336, ref_nll_loss = 5.0837, ivc_loss = 0.0562, neg_loss_1 = 0.0033, neg_loss_2 = 0.0018, ref_loss = 0.0199, div_loss = 0.0621, 0.833 seconds/batch
2026-04-20 21:18:44,939 - save model to checkpoints/activitynet_moe_noaux/cpl_moe2_noaux/model-3.pt, num_updates 3510.
2026-04-20 21:22:22,955 - | R@1,mIoU 0.3461 | R@1,IoU@0.1 0.8147 | R@1,IoU@0.3 0.4814 | R@1,IoU@0.5 0.2198 | R@1,IoU@0.7 0.1265 | R@1,IoU@0.9 0.0801 | R@5,mIoU 0.4293 | R@5,IoU@0.1 0.8749 | R@5,IoU@0.3 0.6036 | R@5,IoU@0.5 0.3784 | R@5,IoU@0.7 0.1895 | R@5,IoU@0.9 0.1041 |
2026-04-20 21:22:23,042 - Best results have been updated.
2026-04-20 21:22:23,042 - ============================================================
2026-04-20 21:22:23,043 - Start Epoch 4
2026-04-20 21:22:57,671 - Epoch 4, Batch 50, lr = 0.00013, final_loss = 4.9370, nll_loss = 4.8590, ref_nll_loss = 5.0150, ivc_loss = 0.0602, neg_loss_1 = 0.0034, neg_loss_2 = 0.0029, ref_loss = 0.0206, div_loss = 0.0646, 0.692 seconds/batch
2026-04-20 21:23:34,329 - Epoch 4, Batch 100, lr = 0.00013, final_loss = 4.9031, nll_loss = 4.8202, ref_nll_loss = 4.9861, ivc_loss = 0.0571, neg_loss_1 = 0.0032, neg_loss_2 = 0.0023, ref_loss = 0.0200, div_loss = 0.0625, 0.713 seconds/batch
2026-04-20 21:24:11,175 - Epoch 4, Batch 150, lr = 0.00013, final_loss = 4.9652, nll_loss = 4.8830, ref_nll_loss = 5.0474, ivc_loss = 0.0543, neg_loss_1 = 0.0014, neg_loss_2 = 0.0018, ref_loss = 0.0204, div_loss = 0.0695, 0.721 seconds/batch
2026-04-20 21:24:47,833 - Epoch 4, Batch 200, lr = 0.00013, final_loss = 4.9499, nll_loss = 4.8666, ref_nll_loss = 5.0332, ivc_loss = 0.0508, neg_loss_1 = 0.0018, neg_loss_2 = 0.0011, ref_loss = 0.0189, div_loss = 0.0711, 0.724 seconds/batch
2026-04-20 21:25:24,480 - Epoch 4, Batch 250, lr = 0.00013, final_loss = 4.9120, nll_loss = 4.8311, ref_nll_loss = 4.9929, ivc_loss = 0.0564, neg_loss_1 = 0.0024, neg_loss_2 = 0.0017, ref_loss = 0.0207, div_loss = 0.0680, 0.726 seconds/batch
2026-04-20 21:26:02,066 - Epoch 4, Batch 300, lr = 0.00013, final_loss = 4.8872, nll_loss = 4.8125, ref_nll_loss = 4.9620, ivc_loss = 0.0633, neg_loss_1 = 0.0029, neg_loss_2 = 0.0021, ref_loss = 0.0233, div_loss = 0.0651, 0.730 seconds/batch
2026-04-20 21:26:45,699 - Epoch 4, Batch 350, lr = 0.00013, final_loss = 4.9476, nll_loss = 4.8669, ref_nll_loss = 5.0284, ivc_loss = 0.0577, neg_loss_1 = 0.0017, neg_loss_2 = 0.0021, ref_loss = 0.0214, div_loss = 0.0722, 0.750 seconds/batch
2026-04-20 21:27:29,365 - Epoch 4, Batch 400, lr = 0.00013, final_loss = 4.9068, nll_loss = 4.8318, ref_nll_loss = 4.9818, ivc_loss = 0.0643, neg_loss_1 = 0.0021, neg_loss_2 = 0.0027, ref_loss = 0.0240, div_loss = 0.0685, 0.766 seconds/batch
2026-04-20 21:28:12,911 - Epoch 4, Batch 450, lr = 0.00013, final_loss = 4.9277, nll_loss = 4.8492, ref_nll_loss = 5.0063, ivc_loss = 0.0635, neg_loss_1 = 0.0030, neg_loss_2 = 0.0015, ref_loss = 0.0236, div_loss = 0.0728, 0.777 seconds/batch
2026-04-20 21:28:56,563 - Epoch 4, Batch 500, lr = 0.00013, final_loss = 4.8977, nll_loss = 4.8170, ref_nll_loss = 4.9784, ivc_loss = 0.0522, neg_loss_1 = 0.0018, neg_loss_2 = 0.0010, ref_loss = 0.0200, div_loss = 0.0680, 0.787 seconds/batch
2026-04-20 21:29:40,176 - Epoch 4, Batch 550, lr = 0.00013, final_loss = 4.9136, nll_loss = 4.8318, ref_nll_loss = 4.9954, ivc_loss = 0.0552, neg_loss_1 = 0.0024, neg_loss_2 = 0.0012, ref_loss = 0.0203, div_loss = 0.0740, 0.795 seconds/batch
2026-04-20 21:30:23,741 - Epoch 4, Batch 600, lr = 0.00012, final_loss = 4.9105, nll_loss = 4.8294, ref_nll_loss = 4.9915, ivc_loss = 0.0520, neg_loss_1 = 0.0018, neg_loss_2 = 0.0010, ref_loss = 0.0196, div_loss = 0.0724, 0.801 seconds/batch
2026-04-20 21:31:07,367 - Epoch 4, Batch 650, lr = 0.00012, final_loss = 4.8899, nll_loss = 4.8137, ref_nll_loss = 4.9661, ivc_loss = 0.0597, neg_loss_1 = 0.0030, neg_loss_2 = 0.0013, ref_loss = 0.0222, div_loss = 0.0667, 0.807 seconds/batch
2026-04-20 21:31:50,979 - Epoch 4, Batch 700, lr = 0.00012, final_loss = 4.9362, nll_loss = 4.8545, ref_nll_loss = 5.0179, ivc_loss = 0.0523, neg_loss_1 = 0.0019, neg_loss_2 = 0.0008, ref_loss = 0.0196, div_loss = 0.0755, 0.811 seconds/batch
2026-04-20 21:32:34,603 - Epoch 4, Batch 750, lr = 0.00012, final_loss = 4.9007, nll_loss = 4.8221, ref_nll_loss = 4.9793, ivc_loss = 0.0548, neg_loss_1 = 0.0015, neg_loss_2 = 0.0015, ref_loss = 0.0212, div_loss = 0.0638, 0.815 seconds/batch
2026-04-20 21:33:18,220 - Epoch 4, Batch 800, lr = 0.00012, final_loss = 4.8910, nll_loss = 4.8112, ref_nll_loss = 4.9708, ivc_loss = 0.0509, neg_loss_1 = 0.0022, neg_loss_2 = 0.0006, ref_loss = 0.0194, div_loss = 0.0650, 0.819 seconds/batch
2026-04-20 21:34:01,793 - Epoch 4, Batch 850, lr = 0.00012, final_loss = 4.8864, nll_loss = 4.8045, ref_nll_loss = 4.9683, ivc_loss = 0.0514, neg_loss_1 = 0.0019, neg_loss_2 = 0.0010, ref_loss = 0.0194, div_loss = 0.0671, 0.822 seconds/batch
2026-04-20 21:34:45,379 - Epoch 4, Batch 900, lr = 0.00012, final_loss = 4.8818, nll_loss = 4.8004, ref_nll_loss = 4.9633, ivc_loss = 0.0540, neg_loss_1 = 0.0016, neg_loss_2 = 0.0013, ref_loss = 0.0204, div_loss = 0.0739, 0.825 seconds/batch
2026-04-20 21:35:28,983 - Epoch 4, Batch 950, lr = 0.00012, final_loss = 4.8794, nll_loss = 4.7968, ref_nll_loss = 4.9621, ivc_loss = 0.0512, neg_loss_1 = 0.0023, neg_loss_2 = 0.0009, ref_loss = 0.0189, div_loss = 0.0705, 0.827 seconds/batch
2026-04-20 21:36:12,620 - Epoch 4, Batch 1000, lr = 0.00012, final_loss = 4.8965, nll_loss = 4.8115, ref_nll_loss = 4.9815, ivc_loss = 0.0563, neg_loss_1 = 0.0026, neg_loss_2 = 0.0013, ref_loss = 0.0208, div_loss = 0.0684, 0.830 seconds/batch
2026-04-20 21:36:56,232 - Epoch 4, Batch 1050, lr = 0.00012, final_loss = 4.9018, nll_loss = 4.8187, ref_nll_loss = 4.9849, ivc_loss = 0.0537, neg_loss_1 = 0.0028, neg_loss_2 = 0.0010, ref_loss = 0.0196, div_loss = 0.0688, 0.832 seconds/batch
2026-04-20 21:37:39,815 - Epoch 4, Batch 1100, lr = 0.00012, final_loss = 4.8572, nll_loss = 4.7697, ref_nll_loss = 4.9447, ivc_loss = 0.0496, neg_loss_1 = 0.0028, neg_loss_2 = 0.0008, ref_loss = 0.0178, div_loss = 0.0684, 0.833 seconds/batch
2026-04-20 21:38:22,331 - Epoch 4, Batch 1150, lr = 0.00012, final_loss = 4.8495, nll_loss = 4.7629, ref_nll_loss = 4.9360, ivc_loss = 0.0517, neg_loss_1 = 0.0037, neg_loss_2 = 0.0009, ref_loss = 0.0178, div_loss = 0.0699, 0.834 seconds/batch
2026-04-20 21:38:36,816 - Epoch 4, Batch 1170, lr = 0.00012, final_loss = 4.9009, nll_loss = 4.8172, ref_nll_loss = 4.9846, ivc_loss = 0.0516, neg_loss_1 = 0.0029, neg_loss_2 = 0.0007, ref_loss = 0.0188, div_loss = 0.0670, 0.832 seconds/batch
2026-04-20 21:38:36,892 - save model to checkpoints/activitynet_moe_noaux/cpl_moe2_noaux/model-4.pt, num_updates 4680.
2026-04-20 21:42:15,066 - | R@1,mIoU 0.3394 | R@1,IoU@0.1 0.7959 | R@1,IoU@0.3 0.4694 | R@1,IoU@0.5 0.2321 | R@1,IoU@0.7 0.1261 | R@1,IoU@0.9 0.0749 | R@5,mIoU 0.4311 | R@5,IoU@0.1 0.8805 | R@5,IoU@0.3 0.6046 | R@5,IoU@0.5 0.3848 | R@5,IoU@0.7 0.1946 | R@5,IoU@0.9 0.0986 |
2026-04-20 21:42:15,066 - ============================================================
2026-04-20 21:42:15,066 - Start Epoch 5
2026-04-20 21:42:49,375 - Epoch 5, Batch 50, lr = 0.00012, final_loss = 4.7967, nll_loss = 4.7109, ref_nll_loss = 4.8826, ivc_loss = 0.0463, neg_loss_1 = 0.0016, neg_loss_2 = 0.0004, ref_loss = 0.0174, div_loss = 0.0749, 0.686 seconds/batch
2026-04-20 21:43:25,995 - Epoch 5, Batch 100, lr = 0.00012, final_loss = 4.7925, nll_loss = 4.7098, ref_nll_loss = 4.8753, ivc_loss = 0.0557, neg_loss_1 = 0.0025, neg_loss_2 = 0.0006, ref_loss = 0.0212, div_loss = 0.0704, 0.709 seconds/batch
2026-04-20 21:44:02,624 - Epoch 5, Batch 150, lr = 0.00012, final_loss = 4.8176, nll_loss = 4.7310, ref_nll_loss = 4.9043, ivc_loss = 0.0485, neg_loss_1 = 0.0019, neg_loss_2 = 0.0008, ref_loss = 0.0178, div_loss = 0.0741, 0.717 seconds/batch
2026-04-20 21:44:39,236 - Epoch 5, Batch 200, lr = 0.00011, final_loss = 4.8396, nll_loss = 4.7486, ref_nll_loss = 4.9306, ivc_loss = 0.0509, neg_loss_1 = 0.0028, neg_loss_2 = 0.0007, ref_loss = 0.0181, div_loss = 0.0775, 0.721 seconds/batch
2026-04-20 21:45:15,847 - Epoch 5, Batch 250, lr = 0.00011, final_loss = 4.7882, nll_loss = 4.6988, ref_nll_loss = 4.8776, ivc_loss = 0.0457, neg_loss_1 = 0.0020, neg_loss_2 = 0.0005, ref_loss = 0.0165, div_loss = 0.0780, 0.723 seconds/batch
2026-04-20 21:45:53,343 - Epoch 5, Batch 300, lr = 0.00011, final_loss = 4.8124, nll_loss = 4.7207, ref_nll_loss = 4.9040, ivc_loss = 0.0463, neg_loss_1 = 0.0024, neg_loss_2 = 0.0007, ref_loss = 0.0161, div_loss = 0.0791, 0.728 seconds/batch
2026-04-20 21:46:36,835 - Epoch 5, Batch 350, lr = 0.00011, final_loss = 4.8254, nll_loss = 4.7403, ref_nll_loss = 4.9105, ivc_loss = 0.0483, neg_loss_1 = 0.0011, neg_loss_2 = 0.0016, ref_loss = 0.0176, div_loss = 0.0773, 0.748 seconds/batch
2026-04-20 21:47:20,401 - Epoch 5, Batch 400, lr = 0.00011, final_loss = 4.8108, nll_loss = 4.7227, ref_nll_loss = 4.8988, ivc_loss = 0.0495, neg_loss_1 = 0.0016, neg_loss_2 = 0.0018, ref_loss = 0.0175, div_loss = 0.0775, 0.763 seconds/batch
2026-04-20 21:48:04,001 - Epoch 5, Batch 450, lr = 0.00011, final_loss = 4.8066, nll_loss = 4.7216, ref_nll_loss = 4.8917, ivc_loss = 0.0513, neg_loss_1 = 0.0014, neg_loss_2 = 0.0012, ref_loss = 0.0194, div_loss = 0.0732, 0.775 seconds/batch
2026-04-20 21:48:47,598 - Epoch 5, Batch 500, lr = 0.00011, final_loss = 4.7907, nll_loss = 4.7042, ref_nll_loss = 4.8772, ivc_loss = 0.0481, neg_loss_1 = 0.0017, neg_loss_2 = 0.0005, ref_loss = 0.0182, div_loss = 0.0735, 0.785 seconds/batch
2026-04-20 21:49:31,193 - Epoch 5, Batch 550, lr = 0.00011, final_loss = 4.8334, nll_loss = 4.7457, ref_nll_loss = 4.9211, ivc_loss = 0.0547, neg_loss_1 = 0.0015, neg_loss_2 = 0.0022, ref_loss = 0.0195, div_loss = 0.0853, 0.793 seconds/batch
2026-04-20 21:50:14,754 - Epoch 5, Batch 600, lr = 0.00011, final_loss = 4.7754, nll_loss = 4.6862, ref_nll_loss = 4.8646, ivc_loss = 0.0466, neg_loss_1 = 0.0009, neg_loss_2 = 0.0008, ref_loss = 0.0179, div_loss = 0.0740, 0.799 seconds/batch
2026-04-20 21:50:58,375 - Epoch 5, Batch 650, lr = 0.00011, final_loss = 4.7878, nll_loss = 4.6960, ref_nll_loss = 4.8796, ivc_loss = 0.0429, neg_loss_1 = 0.0018, neg_loss_2 = 0.0008, ref_loss = 0.0154, div_loss = 0.0689, 0.805 seconds/batch
2026-04-20 21:51:42,040 - Epoch 5, Batch 700, lr = 0.00011, final_loss = 4.7982, nll_loss = 4.7081, ref_nll_loss = 4.8883, ivc_loss = 0.0439, neg_loss_1 = 0.0011, neg_loss_2 = 0.0006, ref_loss = 0.0167, div_loss = 0.0703, 0.810 seconds/batch
2026-04-20 21:52:25,683 - Epoch 5, Batch 750, lr = 0.00011, final_loss = 4.7726, nll_loss = 4.6827, ref_nll_loss = 4.8625, ivc_loss = 0.0447, neg_loss_1 = 0.0012, neg_loss_2 = 0.0012, ref_loss = 0.0164, div_loss = 0.0712, 0.814 seconds/batch
2026-04-20 21:53:09,307 - Epoch 5, Batch 800, lr = 0.00011, final_loss = 4.8028, nll_loss = 4.7156, ref_nll_loss = 4.8900, ivc_loss = 0.0532, neg_loss_1 = 0.0024, neg_loss_2 = 0.0014, ref_loss = 0.0189, div_loss = 0.0784, 0.818 seconds/batch
2026-04-20 21:53:52,878 - Epoch 5, Batch 850, lr = 0.00011, final_loss = 4.7782, nll_loss = 4.6869, ref_nll_loss = 4.8695, ivc_loss = 0.0450, neg_loss_1 = 0.0018, neg_loss_2 = 0.0011, ref_loss = 0.0158, div_loss = 0.0763, 0.821 seconds/batch
2026-04-20 21:54:36,490 - Epoch 5, Batch 900, lr = 0.00011, final_loss = 4.8187, nll_loss = 4.7309, ref_nll_loss = 4.9065, ivc_loss = 0.0513, neg_loss_1 = 0.0021, neg_loss_2 = 0.0010, ref_loss = 0.0187, div_loss = 0.0772, 0.824 seconds/batch
2026-04-20 21:55:20,110 - Epoch 5, Batch 950, lr = 0.00011, final_loss = 4.7928, nll_loss = 4.7044, ref_nll_loss = 4.8813, ivc_loss = 0.0448, neg_loss_1 = 0.0023, neg_loss_2 = 0.0005, ref_loss = 0.0161, div_loss = 0.0703, 0.826 seconds/batch
2026-04-20 21:56:03,684 - Epoch 5, Batch 1000, lr = 0.00011, final_loss = 4.7567, nll_loss = 4.6629, ref_nll_loss = 4.8505, ivc_loss = 0.0459, neg_loss_1 = 0.0020, neg_loss_2 = 0.0013, ref_loss = 0.0158, div_loss = 0.0772, 0.829 seconds/batch
2026-04-20 21:56:47,178 - Epoch 5, Batch 1050, lr = 0.00011, final_loss = 4.7335, nll_loss = 4.6390, ref_nll_loss = 4.8280, ivc_loss = 0.0454, neg_loss_1 = 0.0019, neg_loss_2 = 0.0011, ref_loss = 0.0156, div_loss = 0.0819, 0.831 seconds/batch
2026-04-20 21:57:30,753 - Epoch 5, Batch 1100, lr = 0.00011, final_loss = 4.8070, nll_loss = 4.7164, ref_nll_loss = 4.8977, ivc_loss = 0.0471, neg_loss_1 = 0.0017, neg_loss_2 = 0.0005, ref_loss = 0.0173, div_loss = 0.0814, 0.832 seconds/batch
2026-04-20 21:58:13,352 - Epoch 5, Batch 1150, lr = 0.00010, final_loss = 4.7691, nll_loss = 4.6794, ref_nll_loss = 4.8589, ivc_loss = 0.0452, neg_loss_1 = 0.0019, neg_loss_2 = 0.0008, ref_loss = 0.0160, div_loss = 0.0776, 0.833 seconds/batch
2026-04-20 21:58:27,720 - Epoch 5, Batch 1170, lr = 0.00010, final_loss = 4.7699, nll_loss = 4.6749, ref_nll_loss = 4.8649, ivc_loss = 0.0448, neg_loss_1 = 0.0012, neg_loss_2 = 0.0006, ref_loss = 0.0167, div_loss = 0.0775, 0.831 seconds/batch
2026-04-20 21:58:27,797 - save model to checkpoints/activitynet_moe_noaux/cpl_moe2_noaux/model-5.pt, num_updates 5850.
2026-04-20 22:02:06,646 - | R@1,mIoU 0.3450 | R@1,IoU@0.1 0.8119 | R@1,IoU@0.3 0.4777 | R@1,IoU@0.5 0.2404 | R@1,IoU@0.7 0.1255 | R@1,IoU@0.9 0.0708 | R@5,mIoU 0.4278 | R@5,IoU@0.1 0.8748 | R@5,IoU@0.3 0.5937 | R@5,IoU@0.5 0.3827 | R@5,IoU@0.7 0.1954 | R@5,IoU@0.9 0.0969 |
2026-04-20 22:02:06,646 - ============================================================
2026-04-20 22:02:06,646 - Start Epoch 6
2026-04-20 22:02:40,958 - Epoch 6, Batch 50, lr = 0.00010, final_loss = 4.7564, nll_loss = 4.6669, ref_nll_loss = 4.8459, ivc_loss = 0.0472, neg_loss_1 = 0.0016, neg_loss_2 = 0.0006, ref_loss = 0.0175, div_loss = 0.0783, 0.686 seconds/batch
2026-04-20 22:03:17,637 - Epoch 6, Batch 100, lr = 0.00010, final_loss = 4.7411, nll_loss = 4.6495, ref_nll_loss = 4.8328, ivc_loss = 0.0445, neg_loss_1 = 0.0008, neg_loss_2 = 0.0003, ref_loss = 0.0170, div_loss = 0.0814, 0.710 seconds/batch
2026-04-20 22:03:54,332 - Epoch 6, Batch 150, lr = 0.00010, final_loss = 4.7152, nll_loss = 4.6245, ref_nll_loss = 4.8059, ivc_loss = 0.0418, neg_loss_1 = 0.0008, neg_loss_2 = 0.0006, ref_loss = 0.0155, div_loss = 0.0789, 0.718 seconds/batch
2026-04-20 22:04:30,997 - Epoch 6, Batch 200, lr = 0.00010, final_loss = 4.7110, nll_loss = 4.6193, ref_nll_loss = 4.8026, ivc_loss = 0.0450, neg_loss_1 = 0.0015, neg_loss_2 = 0.0009, ref_loss = 0.0161, div_loss = 0.0796, 0.722 seconds/batch
2026-04-20 22:05:07,688 - Epoch 6, Batch 250, lr = 0.00010, final_loss = 4.7138, nll_loss = 4.6234, ref_nll_loss = 4.8042, ivc_loss = 0.0427, neg_loss_1 = 0.0013, neg_loss_2 = 0.0005, ref_loss = 0.0154, div_loss = 0.0836, 0.724 seconds/batch
2026-04-20 22:05:44,872 - Epoch 6, Batch 300, lr = 0.00010, final_loss = 4.7047, nll_loss = 4.6110, ref_nll_loss = 4.7984, ivc_loss = 0.0426, neg_loss_1 = 0.0014, neg_loss_2 = 0.0003, ref_loss = 0.0155, div_loss = 0.0823, 0.727 seconds/batch
2026-04-20 22:06:28,562 - Epoch 6, Batch 350, lr = 0.00010, final_loss = 4.7474, nll_loss = 4.6544, ref_nll_loss = 4.8403, ivc_loss = 0.0425, neg_loss_1 = 0.0010, neg_loss_2 = 0.0002, ref_loss = 0.0158, div_loss = 0.0841, 0.748 seconds/batch
2026-04-20 22:07:12,272 - Epoch 6, Batch 400, lr = 0.00010, final_loss = 4.7318, nll_loss = 4.6401, ref_nll_loss = 4.8235, ivc_loss = 0.0443, neg_loss_1 = 0.0015, neg_loss_2 = 0.0003, ref_loss = 0.0160, div_loss = 0.0850, 0.764 seconds/batch
2026-04-20 22:07:55,968 - Epoch 6, Batch 450, lr = 0.00010, final_loss = 4.7197, nll_loss = 4.6280, ref_nll_loss = 4.8115, ivc_loss = 0.0470, neg_loss_1 = 0.0015, neg_loss_2 = 0.0012, ref_loss = 0.0165, div_loss = 0.0867, 0.776 seconds/batch
2026-04-20 22:08:39,662 - Epoch 6, Batch 500, lr = 0.00010, final_loss = 4.6945, nll_loss = 4.6032, ref_nll_loss = 4.7858, ivc_loss = 0.0445, neg_loss_1 = 0.0018, neg_loss_2 = 0.0006, ref_loss = 0.0154, div_loss = 0.0874, 0.786 seconds/batch
2026-04-20 22:09:23,347 - Epoch 6, Batch 550, lr = 0.00010, final_loss = 4.6760, nll_loss = 4.5790, ref_nll_loss = 4.7729, ivc_loss = 0.0390, neg_loss_1 = 0.0007, neg_loss_2 = 0.0009, ref_loss = 0.0137, div_loss = 0.0848, 0.794 seconds/batch
2026-04-20 22:10:07,066 - Epoch 6, Batch 600, lr = 0.00010, final_loss = 4.6900, nll_loss = 4.5994, ref_nll_loss = 4.7805, ivc_loss = 0.0451, neg_loss_1 = 0.0011, neg_loss_2 = 0.0007, ref_loss = 0.0167, div_loss = 0.0825, 0.801 seconds/batch
2026-04-20 22:10:50,794 - Epoch 6, Batch 650, lr = 0.00010, final_loss = 4.7453, nll_loss = 4.6504, ref_nll_loss = 4.8401, ivc_loss = 0.0412, neg_loss_1 = 0.0007, neg_loss_2 = 0.0005, ref_loss = 0.0152, div_loss = 0.0838, 0.806 seconds/batch
2026-04-20 22:11:34,491 - Epoch 6, Batch 700, lr = 0.00010, final_loss = 4.7342, nll_loss = 4.6419, ref_nll_loss = 4.8265, ivc_loss = 0.0394, neg_loss_1 = 0.0010, neg_loss_2 = 0.0004, ref_loss = 0.0144, div_loss = 0.0782, 0.811 seconds/batch
2026-04-20 22:12:17,917 - Epoch 6, Batch 750, lr = 0.00010, final_loss = 4.7299, nll_loss = 4.6388, ref_nll_loss = 4.8209, ivc_loss = 0.0476, neg_loss_1 = 0.0016, neg_loss_2 = 0.0013, ref_loss = 0.0170, div_loss = 0.0782, 0.815 seconds/batch
2026-04-20 22:13:01,483 - Epoch 6, Batch 800, lr = 0.00010, final_loss = 4.7523, nll_loss = 4.6599, ref_nll_loss = 4.8446, ivc_loss = 0.0451, neg_loss_1 = 0.0014, neg_loss_2 = 0.0005, ref_loss = 0.0167, div_loss = 0.0781, 0.819 seconds/batch
2026-04-20 22:13:45,053 - Epoch 6, Batch 850, lr = 0.00010, final_loss = 4.7313, nll_loss = 4.6388, ref_nll_loss = 4.8238, ivc_loss = 0.0403, neg_loss_1 = 0.0014, neg_loss_2 = 0.0001, ref_loss = 0.0146, div_loss = 0.0805, 0.822 seconds/batch
2026-04-20 22:14:28,664 - Epoch 6, Batch 900, lr = 0.00010, final_loss = 4.6619, nll_loss = 4.5628, ref_nll_loss = 4.7609, ivc_loss = 0.0400, neg_loss_1 = 0.0013, neg_loss_2 = 0.0006, ref_loss = 0.0142, div_loss = 0.0790, 0.824 seconds/batch
2026-04-20 22:15:12,274 - Epoch 6, Batch 950, lr = 0.00010, final_loss = 4.7102, nll_loss = 4.6177, ref_nll_loss = 4.8028, ivc_loss = 0.0409, neg_loss_1 = 0.0012, neg_loss_2 = 0.0003, ref_loss = 0.0151, div_loss = 0.0780, 0.827 seconds/batch
2026-04-20 22:15:55,874 - Epoch 6, Batch 1000, lr = 0.00010, final_loss = 4.6934, nll_loss = 4.6028, ref_nll_loss = 4.7840, ivc_loss = 0.0468, neg_loss_1 = 0.0018, neg_loss_2 = 0.0004, ref_loss = 0.0172, div_loss = 0.0799, 0.829 seconds/batch
2026-04-20 22:16:39,399 - Epoch 6, Batch 1050, lr = 0.00010, final_loss = 4.6905, nll_loss = 4.5982, ref_nll_loss = 4.7829, ivc_loss = 0.0422, neg_loss_1 = 0.0011, neg_loss_2 = 0.0004, ref_loss = 0.0156, div_loss = 0.0808, 0.831 seconds/batch
2026-04-20 22:17:23,034 - Epoch 6, Batch 1100, lr = 0.00010, final_loss = 4.6991, nll_loss = 4.6041, ref_nll_loss = 4.7941, ivc_loss = 0.0437, neg_loss_1 = 0.0012, neg_loss_2 = 0.0010, ref_loss = 0.0155, div_loss = 0.0834, 0.833 seconds/batch
2026-04-20 22:18:05,645 - Epoch 6, Batch 1150, lr = 0.00010, final_loss = 4.7126, nll_loss = 4.6203, ref_nll_loss = 4.8049, ivc_loss = 0.0439, neg_loss_1 = 0.0014, neg_loss_2 = 0.0012, ref_loss = 0.0153, div_loss = 0.0809, 0.834 seconds/batch
2026-04-20 22:18:20,219 - Epoch 6, Batch 1170, lr = 0.00010, final_loss = 4.6935, nll_loss = 4.6025, ref_nll_loss = 4.7846, ivc_loss = 0.0470, neg_loss_1 = 0.0011, neg_loss_2 = 0.0010, ref_loss = 0.0175, div_loss = 0.0792, 0.832 seconds/batch
2026-04-20 22:18:20,294 - save model to checkpoints/activitynet_moe_noaux/cpl_moe2_noaux/model-6.pt, num_updates 7020.
2026-04-20 22:22:00,022 - | R@1,mIoU 0.3451 | R@1,IoU@0.1 0.7916 | R@1,IoU@0.3 0.4761 | R@1,IoU@0.5 0.2454 | R@1,IoU@0.7 0.1325 | R@1,IoU@0.9 0.0705 | R@5,mIoU 0.4296 | R@5,IoU@0.1 0.8698 | R@5,IoU@0.3 0.5965 | R@5,IoU@0.5 0.3875 | R@5,IoU@0.7 0.2023 | R@5,IoU@0.9 0.0918 |
2026-04-20 22:22:00,022 - ============================================================
2026-04-20 22:22:00,023 - Start Epoch 7
2026-04-20 22:22:34,129 - Epoch 7, Batch 50, lr = 0.00010, final_loss = 4.6264, nll_loss = 4.5322, ref_nll_loss = 4.7206, ivc_loss = 0.0430, neg_loss_1 = 0.0012, neg_loss_2 = 0.0007, ref_loss = 0.0157, div_loss = 0.0782, 0.682 seconds/batch
2026-04-20 22:23:10,844 - Epoch 7, Batch 100, lr = 0.00009, final_loss = 4.6530, nll_loss = 4.5606, ref_nll_loss = 4.7454, ivc_loss = 0.0452, neg_loss_1 = 0.0013, neg_loss_2 = 0.0005, ref_loss = 0.0169, div_loss = 0.0795, 0.708 seconds/batch
2026-04-20 22:23:47,615 - Epoch 7, Batch 150, lr = 0.00009, final_loss = 4.6280, nll_loss = 4.5361, ref_nll_loss = 4.7198, ivc_loss = 0.0423, neg_loss_1 = 0.0011, neg_loss_2 = 0.0008, ref_loss = 0.0152, div_loss = 0.0810, 0.717 seconds/batch
2026-04-20 22:24:24,281 - Epoch 7, Batch 200, lr = 0.00009, final_loss = 4.6535, nll_loss = 4.5598, ref_nll_loss = 4.7473, ivc_loss = 0.0431, neg_loss_1 = 0.0009, neg_loss_2 = 0.0009, ref_loss = 0.0157, div_loss = 0.0813, 0.721 seconds/batch
2026-04-20 22:25:00,974 - Epoch 7, Batch 250, lr = 0.00009, final_loss = 4.6634, nll_loss = 4.5685, ref_nll_loss = 4.7583, ivc_loss = 0.0422, neg_loss_1 = 0.0013, neg_loss_2 = 0.0005, ref_loss = 0.0154, div_loss = 0.0800, 0.724 seconds/batch
2026-04-20 22:25:38,106 - Epoch 7, Batch 300, lr = 0.00009, final_loss = 4.6768, nll_loss = 4.5795, ref_nll_loss = 4.7741, ivc_loss = 0.0392, neg_loss_1 = 0.0010, neg_loss_2 = 0.0002, ref_loss = 0.0143, div_loss = 0.0815, 0.727 seconds/batch
2026-04-20 22:26:21,783 - Epoch 7, Batch 350, lr = 0.00009, final_loss = 4.6816, nll_loss = 4.5848, ref_nll_loss = 4.7785, ivc_loss = 0.0360, neg_loss_1 = 0.0008, neg_loss_2 = 0.0002, ref_loss = 0.0130, div_loss = 0.0808, 0.748 seconds/batch
2026-04-20 22:27:05,459 - Epoch 7, Batch 400, lr = 0.00009, final_loss = 4.6565, nll_loss = 4.5642, ref_nll_loss = 4.7487, ivc_loss = 0.0443, neg_loss_1 = 0.0009, neg_loss_2 = 0.0012, ref_loss = 0.0158, div_loss = 0.0825, 0.764 seconds/batch
2026-04-20 22:27:49,119 - Epoch 7, Batch 450, lr = 0.00009, final_loss = 4.6662, nll_loss = 4.5717, ref_nll_loss = 4.7607, ivc_loss = 0.0438, neg_loss_1 = 0.0015, neg_loss_2 = 0.0005, ref_loss = 0.0157, div_loss = 0.0838, 0.776 seconds/batch
2026-04-20 22:28:32,803 - Epoch 7, Batch 500, lr = 0.00009, final_loss = 4.6584, nll_loss = 4.5641, ref_nll_loss = 4.7528, ivc_loss = 0.0400, neg_loss_1 = 0.0009, neg_loss_2 = 0.0005, ref_loss = 0.0145, div_loss = 0.0816, 0.786 seconds/batch
2026-04-20 22:29:16,283 - Epoch 7, Batch 550, lr = 0.00009, final_loss = 4.6947, nll_loss = 4.6019, ref_nll_loss = 4.7874, ivc_loss = 0.0442, neg_loss_1 = 0.0013, neg_loss_2 = 0.0007, ref_loss = 0.0162, div_loss = 0.0785, 0.793 seconds/batch
2026-04-20 22:29:59,846 - Epoch 7, Batch 600, lr = 0.00009, final_loss = 4.6093, nll_loss = 4.5137, ref_nll_loss = 4.7049, ivc_loss = 0.0433, neg_loss_1 = 0.0018, neg_loss_2 = 0.0009, ref_loss = 0.0151, div_loss = 0.0784, 0.800 seconds/batch
2026-04-20 22:30:43,533 - Epoch 7, Batch 650, lr = 0.00009, final_loss = 4.6493, nll_loss = 4.5533, ref_nll_loss = 4.7454, ivc_loss = 0.0411, neg_loss_1 = 0.0011, neg_loss_2 = 0.0009, ref_loss = 0.0146, div_loss = 0.0789, 0.805 seconds/batch
2026-04-20 22:31:27,169 - Epoch 7, Batch 700, lr = 0.00009, final_loss = 4.6373, nll_loss = 4.5434, ref_nll_loss = 4.7311, ivc_loss = 0.0401, neg_loss_1 = 0.0011, neg_loss_2 = 0.0008, ref_loss = 0.0141, div_loss = 0.0797, 0.810 seconds/batch
2026-04-20 22:32:10,787 - Epoch 7, Batch 750, lr = 0.00009, final_loss = 4.6770, nll_loss = 4.5805, ref_nll_loss = 4.7735, ivc_loss = 0.0415, neg_loss_1 = 0.0018, neg_loss_2 = 0.0008, ref_loss = 0.0142, div_loss = 0.0792, 0.814 seconds/batch
2026-04-20 22:32:54,487 - Epoch 7, Batch 800, lr = 0.00009, final_loss = 4.6293, nll_loss = 4.5353, ref_nll_loss = 4.7234, ivc_loss = 0.0407, neg_loss_1 = 0.0010, neg_loss_2 = 0.0005, ref_loss = 0.0148, div_loss = 0.0809, 0.818 seconds/batch
2026-04-20 22:33:37,973 - Epoch 7, Batch 850, lr = 0.00009, final_loss = 4.6418, nll_loss = 4.5469, ref_nll_loss = 4.7367, ivc_loss = 0.0413, neg_loss_1 = 0.0010, neg_loss_2 = 0.0010, ref_loss = 0.0146, div_loss = 0.0815, 0.821 seconds/batch
2026-04-20 22:34:21,613 - Epoch 7, Batch 900, lr = 0.00009, final_loss = 4.6682, nll_loss = 4.5764, ref_nll_loss = 4.7599, ivc_loss = 0.0455, neg_loss_1 = 0.0007, neg_loss_2 = 0.0008, ref_loss = 0.0173, div_loss = 0.0785, 0.824 seconds/batch
2026-04-20 22:35:05,241 - Epoch 7, Batch 950, lr = 0.00009, final_loss = 4.6404, nll_loss = 4.5458, ref_nll_loss = 4.7349, ivc_loss = 0.0406, neg_loss_1 = 0.0011, neg_loss_2 = 0.0005, ref_loss = 0.0149, div_loss = 0.0776, 0.827 seconds/batch
2026-04-20 22:35:48,856 - Epoch 7, Batch 1000, lr = 0.00009, final_loss = 4.6469, nll_loss = 4.5526, ref_nll_loss = 4.7412, ivc_loss = 0.0427, neg_loss_1 = 0.0014, neg_loss_2 = 0.0004, ref_loss = 0.0156, div_loss = 0.0799, 0.829 seconds/batch
2026-04-20 22:36:32,460 - Epoch 7, Batch 1050, lr = 0.00009, final_loss = 4.6502, nll_loss = 4.5538, ref_nll_loss = 4.7466, ivc_loss = 0.0423, neg_loss_1 = 0.0014, neg_loss_2 = 0.0008, ref_loss = 0.0150, div_loss = 0.0808, 0.831 seconds/batch
2026-04-20 22:37:16,116 - Epoch 7, Batch 1100, lr = 0.00009, final_loss = 4.6458, nll_loss = 4.5522, ref_nll_loss = 4.7394, ivc_loss = 0.0413, neg_loss_1 = 0.0008, neg_loss_2 = 0.0009, ref_loss = 0.0150, div_loss = 0.0790, 0.833 seconds/batch
2026-04-20 22:37:58,298 - Epoch 7, Batch 1150, lr = 0.00009, final_loss = 4.6453, nll_loss = 4.5474, ref_nll_loss = 4.7432, ivc_loss = 0.0395, neg_loss_1 = 0.0008, neg_loss_2 = 0.0008, ref_loss = 0.0141, div_loss = 0.0809, 0.833 seconds/batch
2026-04-20 22:38:12,782 - Epoch 7, Batch 1170, lr = 0.00009, final_loss = 4.6366, nll_loss = 4.5365, ref_nll_loss = 4.7368, ivc_loss = 0.0386, neg_loss_1 = 0.0005, neg_loss_2 = 0.0006, ref_loss = 0.0143, div_loss = 0.0797, 0.831 seconds/batch
2026-04-20 22:38:12,862 - save model to checkpoints/activitynet_moe_noaux/cpl_moe2_noaux/model-7.pt, num_updates 8190.
2026-04-20 22:41:52,151 - | R@1,mIoU 0.3449 | R@1,IoU@0.1 0.7896 | R@1,IoU@0.3 0.4838 | R@1,IoU@0.5 0.2470 | R@1,IoU@0.7 0.1319 | R@1,IoU@0.9 0.0639 | R@5,mIoU 0.4314 | R@5,IoU@0.1 0.8734 | R@5,IoU@0.3 0.6089 | R@5,IoU@0.5 0.3888 | R@5,IoU@0.7 0.2022 | R@5,IoU@0.9 0.0819 |
2026-04-20 22:41:52,151 - ============================================================
2026-04-20 22:41:52,151 - Start Epoch 8
2026-04-20 22:42:25,978 - Epoch 8, Batch 50, lr = 0.00009, final_loss = 4.5868, nll_loss = 4.4883, ref_nll_loss = 4.6852, ivc_loss = 0.0392, neg_loss_1 = 0.0014, neg_loss_2 = 0.0002, ref_loss = 0.0141, div_loss = 0.0805, 0.677 seconds/batch
2026-04-20 22:43:02,630 - Epoch 8, Batch 100, lr = 0.00009, final_loss = 4.6116, nll_loss = 4.5147, ref_nll_loss = 4.7086, ivc_loss = 0.0388, neg_loss_1 = 0.0008, neg_loss_2 = 0.0006, ref_loss = 0.0141, div_loss = 0.0808, 0.705 seconds/batch
2026-04-20 22:43:39,275 - Epoch 8, Batch 150, lr = 0.00009, final_loss = 4.6034, nll_loss = 4.5085, ref_nll_loss = 4.6983, ivc_loss = 0.0407, neg_loss_1 = 0.0012, neg_loss_2 = 0.0002, ref_loss = 0.0149, div_loss = 0.0805, 0.714 seconds/batch
2026-04-20 22:44:15,929 - Epoch 8, Batch 200, lr = 0.00009, final_loss = 4.5992, nll_loss = 4.5012, ref_nll_loss = 4.6971, ivc_loss = 0.0380, neg_loss_1 = 0.0010, neg_loss_2 = 0.0007, ref_loss = 0.0133, div_loss = 0.0808, 0.719 seconds/batch
2026-04-20 22:44:52,600 - Epoch 8, Batch 250, lr = 0.00009, final_loss = 4.6178, nll_loss = 4.5223, ref_nll_loss = 4.7133, ivc_loss = 0.0408, neg_loss_1 = 0.0016, neg_loss_2 = 0.0002, ref_loss = 0.0147, div_loss = 0.0788, 0.722 seconds/batch
2026-04-20 22:45:29,482 - Epoch 8, Batch 300, lr = 0.00009, final_loss = 4.5711, nll_loss = 4.4711, ref_nll_loss = 4.6711, ivc_loss = 0.0364, neg_loss_1 = 0.0005, neg_loss_2 = 0.0003, ref_loss = 0.0134, div_loss = 0.0805, 0.724 seconds/batch
2026-04-20 22:46:13,114 - Epoch 8, Batch 350, lr = 0.00009, final_loss = 4.5932, nll_loss = 4.4986, ref_nll_loss = 4.6878, ivc_loss = 0.0387, neg_loss_1 = 0.0007, neg_loss_2 = 0.0002, ref_loss = 0.0145, div_loss = 0.0796, 0.746 seconds/batch
2026-04-20 22:46:56,742 - Epoch 8, Batch 400, lr = 0.00009, final_loss = 4.6088, nll_loss = 4.5126, ref_nll_loss = 4.7050, ivc_loss = 0.0410, neg_loss_1 = 0.0009, neg_loss_2 = 0.0002, ref_loss = 0.0155, div_loss = 0.0783, 0.761 seconds/batch
2026-04-20 22:47:40,362 - Epoch 8, Batch 450, lr = 0.00009, final_loss = 4.6084, nll_loss = 4.5127, ref_nll_loss = 4.7041, ivc_loss = 0.0408, neg_loss_1 = 0.0010, neg_loss_2 = 0.0006, ref_loss = 0.0149, div_loss = 0.0776, 0.774 seconds/batch
2026-04-20 22:48:24,015 - Epoch 8, Batch 500, lr = 0.00009, final_loss = 4.6152, nll_loss = 4.5190, ref_nll_loss = 4.7114, ivc_loss = 0.0414, neg_loss_1 = 0.0015, neg_loss_2 = 0.0007, ref_loss = 0.0147, div_loss = 0.0773, 0.784 seconds/batch
2026-04-20 22:49:07,623 - Epoch 8, Batch 550, lr = 0.00009, final_loss = 4.6107, nll_loss = 4.5122, ref_nll_loss = 4.7092, ivc_loss = 0.0376, neg_loss_1 = 0.0006, neg_loss_2 = 0.0002, ref_loss = 0.0141, div_loss = 0.0784, 0.792 seconds/batch
2026-04-20 22:49:51,271 - Epoch 8, Batch 600, lr = 0.00009, final_loss = 4.5168, nll_loss = 4.4192, ref_nll_loss = 4.6143, ivc_loss = 0.0372, neg_loss_1 = 0.0007, neg_loss_2 = 0.0003, ref_loss = 0.0136, div_loss = 0.0805, 0.799 seconds/batch
2026-04-20 22:50:34,730 - Epoch 8, Batch 650, lr = 0.00009, final_loss = 4.6268, nll_loss = 4.5323, ref_nll_loss = 4.7213, ivc_loss = 0.0398, neg_loss_1 = 0.0008, neg_loss_2 = 0.0000, ref_loss = 0.0152, div_loss = 0.0773, 0.804 seconds/batch
2026-04-20 22:51:18,334 - Epoch 8, Batch 700, lr = 0.00008, final_loss = 4.6161, nll_loss = 4.5201, ref_nll_loss = 4.7121, ivc_loss = 0.0411, neg_loss_1 = 0.0011, neg_loss_2 = 0.0003, ref_loss = 0.0153, div_loss = 0.0763, 0.809 seconds/batch
2026-04-20 22:52:01,966 - Epoch 8, Batch 750, lr = 0.00008, final_loss = 4.6307, nll_loss = 4.5350, ref_nll_loss = 4.7265, ivc_loss = 0.0399, neg_loss_1 = 0.0010, neg_loss_2 = 0.0004, ref_loss = 0.0145, div_loss = 0.0798, 0.813 seconds/batch
2026-04-20 22:52:45,527 - Epoch 8, Batch 800, lr = 0.00008, final_loss = 4.5519, nll_loss = 4.4555, ref_nll_loss = 4.6483, ivc_loss = 0.0408, neg_loss_1 = 0.0008, neg_loss_2 = 0.0005, ref_loss = 0.0152, div_loss = 0.0782, 0.817 seconds/batch
2026-04-20 22:53:29,131 - Epoch 8, Batch 850, lr = 0.00008, final_loss = 4.6083, nll_loss = 4.5142, ref_nll_loss = 4.7024, ivc_loss = 0.0413, neg_loss_1 = 0.0005, neg_loss_2 = 0.0004, ref_loss = 0.0160, div_loss = 0.0763, 0.820 seconds/batch
2026-04-20 22:54:12,734 - Epoch 8, Batch 900, lr = 0.00008, final_loss = 4.5809, nll_loss = 4.4817, ref_nll_loss = 4.6800, ivc_loss = 0.0353, neg_loss_1 = 0.0006, neg_loss_2 = 0.0001, ref_loss = 0.0129, div_loss = 0.0808, 0.823 seconds/batch
2026-04-20 22:54:56,306 - Epoch 8, Batch 950, lr = 0.00008, final_loss = 4.6012, nll_loss = 4.5037, ref_nll_loss = 4.6987, ivc_loss = 0.0382, neg_loss_1 = 0.0004, neg_loss_2 = 0.0003, ref_loss = 0.0144, div_loss = 0.0788, 0.825 seconds/batch
2026-04-20 22:55:39,915 - Epoch 8, Batch 1000, lr = 0.00008, final_loss = 4.5988, nll_loss = 4.5047, ref_nll_loss = 4.6929, ivc_loss = 0.0434, neg_loss_1 = 0.0014, neg_loss_2 = 0.0001, ref_loss = 0.0163, div_loss = 0.0784, 0.828 seconds/batch
2026-04-20 22:56:23,505 - Epoch 8, Batch 1050, lr = 0.00008, final_loss = 4.6067, nll_loss = 4.5089, ref_nll_loss = 4.7045, ivc_loss = 0.0387, neg_loss_1 = 0.0011, neg_loss_2 = 0.0007, ref_loss = 0.0136, div_loss = 0.0780, 0.830 seconds/batch
2026-04-20 22:57:07,122 - Epoch 8, Batch 1100, lr = 0.00008, final_loss = 4.6001, nll_loss = 4.5048, ref_nll_loss = 4.6955, ivc_loss = 0.0397, neg_loss_1 = 0.0007, neg_loss_2 = 0.0003, ref_loss = 0.0149, div_loss = 0.0768, 0.832 seconds/batch
2026-04-20 22:57:49,412 - Epoch 8, Batch 1150, lr = 0.00008, final_loss = 4.5704, nll_loss = 4.4726, ref_nll_loss = 4.6681, ivc_loss = 0.0405, neg_loss_1 = 0.0010, neg_loss_2 = 0.0005, ref_loss = 0.0148, div_loss = 0.0797, 0.832 seconds/batch
2026-04-20 22:58:03,852 - Epoch 8, Batch 1170, lr = 0.00008, final_loss = 4.5742, nll_loss = 4.4752, ref_nll_loss = 4.6732, ivc_loss = 0.0379, neg_loss_1 = 0.0005, neg_loss_2 = 0.0007, ref_loss = 0.0137, div_loss = 0.0801, 0.831 seconds/batch
2026-04-20 22:58:03,927 - save model to checkpoints/activitynet_moe_noaux/cpl_moe2_noaux/model-8.pt, num_updates 9360.
2026-04-20 23:01:44,169 - | R@1,mIoU 0.3462 | R@1,IoU@0.1 0.7939 | R@1,IoU@0.3 0.4832 | R@1,IoU@0.5 0.2460 | R@1,IoU@0.7 0.1333 | R@1,IoU@0.9 0.0729 | R@5,mIoU 0.4285 | R@5,IoU@0.1 0.8716 | R@5,IoU@0.3 0.5983 | R@5,IoU@0.5 0.3830 | R@5,IoU@0.7 0.1991 | R@5,IoU@0.9 0.0894 |
2026-04-20 23:01:44,322 - Best results have been updated.
2026-04-20 23:01:44,323 - ============================================================
2026-04-20 23:01:44,323 - Start Epoch 9
2026-04-20 23:02:18,068 - Epoch 9, Batch 50, lr = 0.00008, final_loss = 4.5368, nll_loss = 4.4399, ref_nll_loss = 4.6336, ivc_loss = 0.0398, neg_loss_1 = 0.0009, neg_loss_2 = 0.0007, ref_loss = 0.0144, div_loss = 0.0791, 0.675 seconds/batch
2026-04-20 23:02:54,735 - Epoch 9, Batch 100, lr = 0.00008, final_loss = 4.5562, nll_loss = 4.4577, ref_nll_loss = 4.6548, ivc_loss = 0.0388, neg_loss_1 = 0.0005, neg_loss_2 = 0.0001, ref_loss = 0.0148, div_loss = 0.0799, 0.704 seconds/batch
2026-04-20 23:03:31,513 - Epoch 9, Batch 150, lr = 0.00008, final_loss = 4.5660, nll_loss = 4.4686, ref_nll_loss = 4.6635, ivc_loss = 0.0370, neg_loss_1 = 0.0005, neg_loss_2 = 0.0001, ref_loss = 0.0140, div_loss = 0.0790, 0.715 seconds/batch
2026-04-20 23:04:08,149 - Epoch 9, Batch 200, lr = 0.00008, final_loss = 4.5337, nll_loss = 4.4368, ref_nll_loss = 4.6306, ivc_loss = 0.0398, neg_loss_1 = 0.0009, neg_loss_2 = 0.0003, ref_loss = 0.0147, div_loss = 0.0791, 0.719 seconds/batch
2026-04-20 23:04:44,833 - Epoch 9, Batch 250, lr = 0.00008, final_loss = 4.5704, nll_loss = 4.4718, ref_nll_loss = 4.6691, ivc_loss = 0.0371, neg_loss_1 = 0.0006, neg_loss_2 = 0.0004, ref_loss = 0.0136, div_loss = 0.0790, 0.722 seconds/batch
2026-04-20 23:05:21,614 - Epoch 9, Batch 300, lr = 0.00008, final_loss = 4.5580, nll_loss = 4.4586, ref_nll_loss = 4.6574, ivc_loss = 0.0325, neg_loss_1 = 0.0003, neg_loss_2 = 0.0004, ref_loss = 0.0116, div_loss = 0.0789, 0.724 seconds/batch
2026-04-20 23:06:05,087 - Epoch 9, Batch 350, lr = 0.00008, final_loss = 4.5790, nll_loss = 4.4787, ref_nll_loss = 4.6793, ivc_loss = 0.0367, neg_loss_1 = 0.0007, neg_loss_2 = 0.0005, ref_loss = 0.0133, div_loss = 0.0788, 0.745 seconds/batch
2026-04-20 23:06:48,508 - Epoch 9, Batch 400, lr = 0.00008, final_loss = 4.5510, nll_loss = 4.4531, ref_nll_loss = 4.6489, ivc_loss = 0.0412, neg_loss_1 = 0.0006, neg_loss_2 = 0.0004, ref_loss = 0.0157, div_loss = 0.0786, 0.760 seconds/batch
2026-04-20 23:07:32,016 - Epoch 9, Batch 450, lr = 0.00008, final_loss = 4.5410, nll_loss = 4.4419, ref_nll_loss = 4.6400, ivc_loss = 0.0362, neg_loss_1 = 0.0007, neg_loss_2 = 0.0003, ref_loss = 0.0132, div_loss = 0.0785, 0.773 seconds/batch
2026-04-20 23:08:15,618 - Epoch 9, Batch 500, lr = 0.00008, final_loss = 4.5309, nll_loss = 4.4296, ref_nll_loss = 4.6323, ivc_loss = 0.0354, neg_loss_1 = 0.0005, neg_loss_2 = 0.0004, ref_loss = 0.0129, div_loss = 0.0764, 0.783 seconds/batch
2026-04-20 23:08:59,189 - Epoch 9, Batch 550, lr = 0.00008, final_loss = 4.5409, nll_loss = 4.4403, ref_nll_loss = 4.6415, ivc_loss = 0.0337, neg_loss_1 = 0.0006, neg_loss_2 = 0.0001, ref_loss = 0.0122, div_loss = 0.0782, 0.791 seconds/batch
2026-04-20 23:09:42,685 - Epoch 9, Batch 600, lr = 0.00008, final_loss = 4.5675, nll_loss = 4.4671, ref_nll_loss = 4.6679, ivc_loss = 0.0370, neg_loss_1 = 0.0005, neg_loss_2 = 0.0001, ref_loss = 0.0142, div_loss = 0.0754, 0.797 seconds/batch
2026-04-20 23:10:26,115 - Epoch 9, Batch 650, lr = 0.00008, final_loss = 4.5270, nll_loss = 4.4255, ref_nll_loss = 4.6286, ivc_loss = 0.0352, neg_loss_1 = 0.0008, neg_loss_2 = 0.0005, ref_loss = 0.0123, div_loss = 0.0784, 0.803 seconds/batch
2026-04-20 23:11:09,497 - Epoch 9, Batch 700, lr = 0.00008, final_loss = 4.5584, nll_loss = 4.4605, ref_nll_loss = 4.6562, ivc_loss = 0.0386, neg_loss_1 = 0.0009, neg_loss_2 = 0.0003, ref_loss = 0.0142, div_loss = 0.0789, 0.807 seconds/batch
2026-04-20 23:11:53,042 - Epoch 9, Batch 750, lr = 0.00008, final_loss = 4.5394, nll_loss = 4.4382, ref_nll_loss = 4.6406, ivc_loss = 0.0368, neg_loss_1 = 0.0005, neg_loss_2 = 0.0005, ref_loss = 0.0135, div_loss = 0.0790, 0.812 seconds/batch
2026-04-20 23:12:36,613 - Epoch 9, Batch 800, lr = 0.00008, final_loss = 4.5631, nll_loss = 4.4610, ref_nll_loss = 4.6652, ivc_loss = 0.0366, neg_loss_1 = 0.0006, neg_loss_2 = 0.0005, ref_loss = 0.0133, div_loss = 0.0789, 0.815 seconds/batch
2026-04-20 23:13:20,168 - Epoch 9, Batch 850, lr = 0.00008, final_loss = 4.5396, nll_loss = 4.4397, ref_nll_loss = 4.6395, ivc_loss = 0.0356, neg_loss_1 = 0.0002, neg_loss_2 = 0.0001, ref_loss = 0.0137, div_loss = 0.0774, 0.819 seconds/batch
2026-04-20 23:14:03,586 - Epoch 9, Batch 900, lr = 0.00008, final_loss = 4.5897, nll_loss = 4.4921, ref_nll_loss = 4.6873, ivc_loss = 0.0357, neg_loss_1 = 0.0002, neg_loss_2 = 0.0003, ref_loss = 0.0136, div_loss = 0.0754, 0.821 seconds/batch
2026-04-20 23:14:47,207 - Epoch 9, Batch 950, lr = 0.00008, final_loss = 4.5460, nll_loss = 4.4427, ref_nll_loss = 4.6492, ivc_loss = 0.0376, neg_loss_1 = 0.0009, neg_loss_2 = 0.0005, ref_loss = 0.0135, div_loss = 0.0784, 0.824 seconds/batch
2026-04-20 23:15:30,810 - Epoch 9, Batch 1000, lr = 0.00008, final_loss = 4.5689, nll_loss = 4.4683, ref_nll_loss = 4.6695, ivc_loss = 0.0375, neg_loss_1 = 0.0009, neg_loss_2 = 0.0002, ref_loss = 0.0138, div_loss = 0.0785, 0.826 seconds/batch
2026-04-20 23:16:14,218 - Epoch 9, Batch 1050, lr = 0.00008, final_loss = 4.5541, nll_loss = 4.4537, ref_nll_loss = 4.6544, ivc_loss = 0.0364, neg_loss_1 = 0.0011, neg_loss_2 = 0.0002, ref_loss = 0.0130, div_loss = 0.0776, 0.828 seconds/batch
2026-04-20 23:16:57,576 - Epoch 9, Batch 1100, lr = 0.00008, final_loss = 4.5813, nll_loss = 4.4830, ref_nll_loss = 4.6796, ivc_loss = 0.0369, neg_loss_1 = 0.0007, neg_loss_2 = 0.0003, ref_loss = 0.0135, div_loss = 0.0795, 0.830 seconds/batch
2026-04-20 23:17:39,700 - Epoch 9, Batch 1150, lr = 0.00008, final_loss = 4.5265, nll_loss = 4.4238, ref_nll_loss = 4.6292, ivc_loss = 0.0376, neg_loss_1 = 0.0009, neg_loss_2 = 0.0001, ref_loss = 0.0139, div_loss = 0.0797, 0.831 seconds/batch
2026-04-20 23:17:54,120 - Epoch 9, Batch 1170, lr = 0.00008, final_loss = 4.5508, nll_loss = 4.4501, ref_nll_loss = 4.6516, ivc_loss = 0.0355, neg_loss_1 = 0.0006, neg_loss_2 = 0.0006, ref_loss = 0.0125, div_loss = 0.0791, 0.829 seconds/batch
2026-04-20 23:17:54,199 - save model to checkpoints/activitynet_moe_noaux/cpl_moe2_noaux/model-9.pt, num_updates 10530.
2026-04-20 23:21:35,426 - | R@1,mIoU 0.3486 | R@1,IoU@0.1 0.7816 | R@1,IoU@0.3 0.4946 | R@1,IoU@0.5 0.2565 | R@1,IoU@0.7 0.1366 | R@1,IoU@0.9 0.0618 | R@5,mIoU 0.4356 | R@5,IoU@0.1 0.8692 | R@5,IoU@0.3 0.6118 | R@5,IoU@0.5 0.3960 | R@5,IoU@0.7 0.2089 | R@5,IoU@0.9 0.0878 |
2026-04-20 23:21:35,516 - Best results have been updated.
2026-04-20 23:21:35,516 - ============================================================
2026-04-20 23:21:35,517 - Start Epoch 10
2026-04-20 23:22:09,268 - Epoch 10, Batch 50, lr = 0.00008, final_loss = 4.4903, nll_loss = 4.3898, ref_nll_loss = 4.5907, ivc_loss = 0.0388, neg_loss_1 = 0.0004, neg_loss_2 = 0.0002, ref_loss = 0.0148, div_loss = 0.0786, 0.675 seconds/batch
2026-04-20 23:22:45,925 - Epoch 10, Batch 100, lr = 0.00008, final_loss = 4.4730, nll_loss = 4.3720, ref_nll_loss = 4.5741, ivc_loss = 0.0375, neg_loss_1 = 0.0006, neg_loss_2 = 0.0007, ref_loss = 0.0135, div_loss = 0.0794, 0.704 seconds/batch
2026-04-20 23:23:22,526 - Epoch 10, Batch 150, lr = 0.00008, final_loss = 4.5395, nll_loss = 4.4377, ref_nll_loss = 4.6414, ivc_loss = 0.0351, neg_loss_1 = 0.0006, neg_loss_2 = 0.0006, ref_loss = 0.0124, div_loss = 0.0783, 0.713 seconds/batch
2026-04-20 23:23:59,152 - Epoch 10, Batch 200, lr = 0.00008, final_loss = 4.5118, nll_loss = 4.4114, ref_nll_loss = 4.6123, ivc_loss = 0.0356, neg_loss_1 = 0.0005, neg_loss_2 = 0.0001, ref_loss = 0.0132, div_loss = 0.0800, 0.718 seconds/batch
2026-04-20 23:24:35,779 - Epoch 10, Batch 250, lr = 0.00008, final_loss = 4.4927, nll_loss = 4.3885, ref_nll_loss = 4.5970, ivc_loss = 0.0362, neg_loss_1 = 0.0006, neg_loss_2 = 0.0002, ref_loss = 0.0133, div_loss = 0.0804, 0.721 seconds/batch
2026-04-20 23:25:12,535 - Epoch 10, Batch 300, lr = 0.00008, final_loss = 4.4942, nll_loss = 4.3926, ref_nll_loss = 4.5957, ivc_loss = 0.0362, neg_loss_1 = 0.0010, neg_loss_2 = 0.0002, ref_loss = 0.0130, div_loss = 0.0778, 0.723 seconds/batch
2026-04-20 23:25:56,083 - Epoch 10, Batch 350, lr = 0.00008, final_loss = 4.4994, nll_loss = 4.3980, ref_nll_loss = 4.6008, ivc_loss = 0.0364, neg_loss_1 = 0.0006, neg_loss_2 = 0.0003, ref_loss = 0.0135, div_loss = 0.0760, 0.744 seconds/batch
2026-04-20 23:26:39,622 - Epoch 10, Batch 400, lr = 0.00008, final_loss = 4.4998, nll_loss = 4.3987, ref_nll_loss = 4.6009, ivc_loss = 0.0376, neg_loss_1 = 0.0009, neg_loss_2 = 0.0006, ref_loss = 0.0133, div_loss = 0.0795, 0.760 seconds/batch
2026-04-20 23:27:23,164 - Epoch 10, Batch 450, lr = 0.00008, final_loss = 4.4814, nll_loss = 4.3755, ref_nll_loss = 4.5874, ivc_loss = 0.0334, neg_loss_1 = 0.0008, neg_loss_2 = 0.0004, ref_loss = 0.0115, div_loss = 0.0794, 0.773 seconds/batch
2026-04-20 23:28:06,776 - Epoch 10, Batch 500, lr = 0.00008, final_loss = 4.5209, nll_loss = 4.4168, ref_nll_loss = 4.6251, ivc_loss = 0.0337, neg_loss_1 = 0.0006, neg_loss_2 = 0.0000, ref_loss = 0.0123, div_loss = 0.0771, 0.783 seconds/batch
2026-04-20 23:28:50,343 - Epoch 10, Batch 550, lr = 0.00008, final_loss = 4.5024, nll_loss = 4.3999, ref_nll_loss = 4.6048, ivc_loss = 0.0369, neg_loss_1 = 0.0010, neg_loss_2 = 0.0005, ref_loss = 0.0131, div_loss = 0.0765, 0.791 seconds/batch
2026-04-20 23:29:33,921 - Epoch 10, Batch 600, lr = 0.00008, final_loss = 4.5349, nll_loss = 4.4317, ref_nll_loss = 4.6380, ivc_loss = 0.0353, neg_loss_1 = 0.0009, neg_loss_2 = 0.0003, ref_loss = 0.0124, div_loss = 0.0820, 0.797 seconds/batch
2026-04-20 23:30:17,510 - Epoch 10, Batch 650, lr = 0.00008, final_loss = 4.5581, nll_loss = 4.4585, ref_nll_loss = 4.6577, ivc_loss = 0.0373, neg_loss_1 = 0.0008, neg_loss_2 = 0.0004, ref_loss = 0.0133, div_loss = 0.0815, 0.803 seconds/batch
2026-04-20 23:31:01,124 - Epoch 10, Batch 700, lr = 0.00008, final_loss = 4.5171, nll_loss = 4.4104, ref_nll_loss = 4.6238, ivc_loss = 0.0336, neg_loss_1 = 0.0004, neg_loss_2 = 0.0003, ref_loss = 0.0121, div_loss = 0.0816, 0.808 seconds/batch
2026-04-20 23:31:44,683 - Epoch 10, Batch 750, lr = 0.00008, final_loss = 4.5058, nll_loss = 4.4019, ref_nll_loss = 4.6098, ivc_loss = 0.0365, neg_loss_1 = 0.0005, neg_loss_2 = 0.0001, ref_loss = 0.0136, div_loss = 0.0804, 0.812 seconds/batch
2026-04-20 23:32:28,278 - Epoch 10, Batch 800, lr = 0.00008, final_loss = 4.5067, nll_loss = 4.4033, ref_nll_loss = 4.6102, ivc_loss = 0.0365, neg_loss_1 = 0.0005, neg_loss_2 = 0.0003, ref_loss = 0.0133, div_loss = 0.0827, 0.816 seconds/batch
2026-04-20 23:33:11,689 - Epoch 10, Batch 850, lr = 0.00007, final_loss = 4.5153, nll_loss = 4.4082, ref_nll_loss = 4.6224, ivc_loss = 0.0345, neg_loss_1 = 0.0012, neg_loss_2 = 0.0003, ref_loss = 0.0115, div_loss = 0.0838, 0.819 seconds/batch
2026-04-20 23:33:55,080 - Epoch 10, Batch 900, lr = 0.00007, final_loss = 4.4892, nll_loss = 4.3821, ref_nll_loss = 4.5963, ivc_loss = 0.0341, neg_loss_1 = 0.0010, neg_loss_2 = 0.0003, ref_loss = 0.0117, div_loss = 0.0821, 0.822 seconds/batch
2026-04-20 23:34:38,640 - Epoch 10, Batch 950, lr = 0.00007, final_loss = 4.4860, nll_loss = 4.3825, ref_nll_loss = 4.5896, ivc_loss = 0.0383, neg_loss_1 = 0.0007, neg_loss_2 = 0.0003, ref_loss = 0.0140, div_loss = 0.0830, 0.824 seconds/batch
2026-04-20 23:35:22,214 - Epoch 10, Batch 1000, lr = 0.00007, final_loss = 4.5249, nll_loss = 4.4199, ref_nll_loss = 4.6299, ivc_loss = 0.0360, neg_loss_1 = 0.0007, neg_loss_2 = 0.0004, ref_loss = 0.0127, div_loss = 0.0842, 0.827 seconds/batch
2026-04-20 23:36:05,779 - Epoch 10, Batch 1050, lr = 0.00007, final_loss = 4.5338, nll_loss = 4.4281, ref_nll_loss = 4.6396, ivc_loss = 0.0339, neg_loss_1 = 0.0008, neg_loss_2 = 0.0009, ref_loss = 0.0111, div_loss = 0.0842, 0.829 seconds/batch
2026-04-20 23:36:49,324 - Epoch 10, Batch 1100, lr = 0.00007, final_loss = 4.5211, nll_loss = 4.4132, ref_nll_loss = 4.6291, ivc_loss = 0.0327, neg_loss_1 = 0.0009, neg_loss_2 = 0.0000, ref_loss = 0.0112, div_loss = 0.0848, 0.831 seconds/batch
2026-04-20 23:37:31,699 - Epoch 10, Batch 1150, lr = 0.00007, final_loss = 4.5278, nll_loss = 4.4161, ref_nll_loss = 4.6394, ivc_loss = 0.0331, neg_loss_1 = 0.0009, neg_loss_2 = 0.0001, ref_loss = 0.0114, div_loss = 0.0848, 0.831 seconds/batch
2026-04-20 23:37:46,174 - Epoch 10, Batch 1170, lr = 0.00007, final_loss = 4.4912, nll_loss = 4.3823, ref_nll_loss = 4.6000, ivc_loss = 0.0315, neg_loss_1 = 0.0003, neg_loss_2 = 0.0004, ref_loss = 0.0109, div_loss = 0.0832, 0.830 seconds/batch
2026-04-20 23:37:46,253 - save model to checkpoints/activitynet_moe_noaux/cpl_moe2_noaux/model-10.pt, num_updates 11700.
2026-04-20 23:41:26,469 - | R@1,mIoU 0.3533 | R@1,IoU@0.1 0.7750 | R@1,IoU@0.3 0.5070 | R@1,IoU@0.5 0.2757 | R@1,IoU@0.7 0.1403 | R@1,IoU@0.9 0.0604 | R@5,mIoU 0.4392 | R@5,IoU@0.1 0.8758 | R@5,IoU@0.3 0.6205 | R@5,IoU@0.5 0.3977 | R@5,IoU@0.7 0.2154 | R@5,IoU@0.9 0.0814 |
2026-04-20 23:41:26,633 - Best results have been updated.
2026-04-20 23:41:26,634 - ============================================================
2026-04-20 23:41:26,634 - Start Epoch 11
2026-04-20 23:42:00,354 - Epoch 11, Batch 50, lr = 0.00007, final_loss = 4.4446, nll_loss = 4.3373, ref_nll_loss = 4.5519, ivc_loss = 0.0359, neg_loss_1 = 0.0009, neg_loss_2 = 0.0002, ref_loss = 0.0128, div_loss = 0.0813, 0.674 seconds/batch
2026-04-20 23:42:37,039 - Epoch 11, Batch 100, lr = 0.00007, final_loss = 4.4917, nll_loss = 4.3856, ref_nll_loss = 4.5977, ivc_loss = 0.0352, neg_loss_1 = 0.0008, neg_loss_2 = 0.0003, ref_loss = 0.0126, div_loss = 0.0784, 0.704 seconds/batch
2026-04-20 23:43:13,659 - Epoch 11, Batch 150, lr = 0.00007, final_loss = 4.4409, nll_loss = 4.3304, ref_nll_loss = 4.5515, ivc_loss = 0.0338, neg_loss_1 = 0.0004, neg_loss_2 = 0.0002, ref_loss = 0.0121, div_loss = 0.0841, 0.713 seconds/batch
2026-04-20 23:43:50,247 - Epoch 11, Batch 200, lr = 0.00007, final_loss = 4.4159, nll_loss = 4.3057, ref_nll_loss = 4.5260, ivc_loss = 0.0349, neg_loss_1 = 0.0011, neg_loss_2 = 0.0002, ref_loss = 0.0120, div_loss = 0.0827, 0.718 seconds/batch
2026-04-20 23:44:26,887 - Epoch 11, Batch 250, lr = 0.00007, final_loss = 4.4820, nll_loss = 4.3722, ref_nll_loss = 4.5918, ivc_loss = 0.0332, neg_loss_1 = 0.0006, neg_loss_2 = 0.0004, ref_loss = 0.0114, div_loss = 0.0838, 0.721 seconds/batch
2026-04-20 23:45:03,742 - Epoch 11, Batch 300, lr = 0.00007, final_loss = 4.4483, nll_loss = 4.3335, ref_nll_loss = 4.5630, ivc_loss = 0.0293, neg_loss_1 = 0.0004, neg_loss_2 = 0.0003, ref_loss = 0.0098, div_loss = 0.0824, 0.724 seconds/batch
2026-04-20 23:45:47,391 - Epoch 11, Batch 350, lr = 0.00007, final_loss = 4.4421, nll_loss = 4.3310, ref_nll_loss = 4.5533, ivc_loss = 0.0335, neg_loss_1 = 0.0008, neg_loss_2 = 0.0002, ref_loss = 0.0116, div_loss = 0.0844, 0.745 seconds/batch
2026-04-20 23:46:31,083 - Epoch 11, Batch 400, lr = 0.00007, final_loss = 4.4658, nll_loss = 4.3582, ref_nll_loss = 4.5734, ivc_loss = 0.0308, neg_loss_1 = 0.0006, neg_loss_2 = 0.0003, ref_loss = 0.0103, div_loss = 0.0861, 0.761 seconds/batch
2026-04-20 23:47:14,709 - Epoch 11, Batch 450, lr = 0.00007, final_loss = 4.4450, nll_loss = 4.3346, ref_nll_loss = 4.5553, ivc_loss = 0.0327, neg_loss_1 = 0.0008, neg_loss_2 = 0.0006, ref_loss = 0.0108, div_loss = 0.0846, 0.773 seconds/batch
2026-04-20 23:47:58,394 - Epoch 11, Batch 500, lr = 0.00007, final_loss = 4.4708, nll_loss = 4.3602, ref_nll_loss = 4.5813, ivc_loss = 0.0330, neg_loss_1 = 0.0005, neg_loss_2 = 0.0004, ref_loss = 0.0114, div_loss = 0.0861, 0.784 seconds/batch
2026-04-20 23:48:42,083 - Epoch 11, Batch 550, lr = 0.00007, final_loss = 4.4552, nll_loss = 4.3448, ref_nll_loss = 4.5656, ivc_loss = 0.0322, neg_loss_1 = 0.0007, neg_loss_2 = 0.0007, ref_loss = 0.0105, div_loss = 0.0845, 0.792 seconds/batch
2026-04-20 23:49:25,802 - Epoch 11, Batch 600, lr = 0.00007, final_loss = 4.4947, nll_loss = 4.3850, ref_nll_loss = 4.6044, ivc_loss = 0.0343, neg_loss_1 = 0.0007, neg_loss_2 = 0.0007, ref_loss = 0.0114, div_loss = 0.0854, 0.799 seconds/batch
2026-04-20 23:50:09,536 - Epoch 11, Batch 650, lr = 0.00007, final_loss = 4.4987, nll_loss = 4.3911, ref_nll_loss = 4.6062, ivc_loss = 0.0369, neg_loss_1 = 0.0009, neg_loss_2 = 0.0002, ref_loss = 0.0131, div_loss = 0.0840, 0.804 seconds/batch
2026-04-20 23:50:53,248 - Epoch 11, Batch 700, lr = 0.00007, final_loss = 4.4859, nll_loss = 4.3751, ref_nll_loss = 4.5967, ivc_loss = 0.0313, neg_loss_1 = 0.0008, neg_loss_2 = 0.0003, ref_loss = 0.0105, div_loss = 0.0819, 0.809 seconds/batch
2026-04-20 23:51:36,806 - Epoch 11, Batch 750, lr = 0.00007, final_loss = 4.4867, nll_loss = 4.3758, ref_nll_loss = 4.5976, ivc_loss = 0.0320, neg_loss_1 = 0.0006, neg_loss_2 = 0.0002, ref_loss = 0.0110, div_loss = 0.0830, 0.814 seconds/batch
2026-04-20 23:52:20,489 - Epoch 11, Batch 800, lr = 0.00007, final_loss = 4.4481, nll_loss = 4.3400, ref_nll_loss = 4.5563, ivc_loss = 0.0326, neg_loss_1 = 0.0004, neg_loss_2 = 0.0006, ref_loss = 0.0111, div_loss = 0.0828, 0.817 seconds/batch
2026-04-20 23:53:04,154 - Epoch 11, Batch 850, lr = 0.00007, final_loss = 4.4874, nll_loss = 4.3805, ref_nll_loss = 4.5943, ivc_loss = 0.0345, neg_loss_1 = 0.0005, neg_loss_2 = 0.0004, ref_loss = 0.0122, div_loss = 0.0813, 0.821 seconds/batch
2026-04-20 23:53:47,821 - Epoch 11, Batch 900, lr = 0.00007, final_loss = 4.4910, nll_loss = 4.3866, ref_nll_loss = 4.5954, ivc_loss = 0.0388, neg_loss_1 = 0.0010, neg_loss_2 = 0.0002, ref_loss = 0.0142, div_loss = 0.0815, 0.824 seconds/batch
2026-04-20 23:54:31,494 - Epoch 11, Batch 950, lr = 0.00007, final_loss = 4.4930, nll_loss = 4.3840, ref_nll_loss = 4.6020, ivc_loss = 0.0346, neg_loss_1 = 0.0007, neg_loss_2 = 0.0003, ref_loss = 0.0122, div_loss = 0.0822, 0.826 seconds/batch
2026-04-20 23:55:15,166 - Epoch 11, Batch 1000, lr = 0.00007, final_loss = 4.4890, nll_loss = 4.3775, ref_nll_loss = 4.6005, ivc_loss = 0.0348, neg_loss_1 = 0.0008, neg_loss_2 = 0.0006, ref_loss = 0.0120, div_loss = 0.0812, 0.829 seconds/batch
2026-04-20 23:55:58,688 - Epoch 11, Batch 1050, lr = 0.00007, final_loss = 4.4692, nll_loss = 4.3605, ref_nll_loss = 4.5778, ivc_loss = 0.0349, neg_loss_1 = 0.0005, neg_loss_2 = 0.0005, ref_loss = 0.0125, div_loss = 0.0768, 0.831 seconds/batch
2026-04-20 23:56:42,347 - Epoch 11, Batch 1100, lr = 0.00007, final_loss = 4.4788, nll_loss = 4.3699, ref_nll_loss = 4.5877, ivc_loss = 0.0352, neg_loss_1 = 0.0010, neg_loss_2 = 0.0006, ref_loss = 0.0122, div_loss = 0.0751, 0.832 seconds/batch
2026-04-20 23:57:24,402 - Epoch 11, Batch 1150, lr = 0.00007, final_loss = 4.4521, nll_loss = 4.3425, ref_nll_loss = 4.5617, ivc_loss = 0.0315, neg_loss_1 = 0.0008, neg_loss_2 = 0.0004, ref_loss = 0.0106, div_loss = 0.0797, 0.833 seconds/batch
2026-04-20 23:57:38,884 - Epoch 11, Batch 1170, lr = 0.00007, final_loss = 4.4714, nll_loss = 4.3653, ref_nll_loss = 4.5775, ivc_loss = 0.0338, neg_loss_1 = 0.0006, neg_loss_2 = 0.0003, ref_loss = 0.0121, div_loss = 0.0774, 0.831 seconds/batch
2026-04-20 23:57:38,960 - save model to checkpoints/activitynet_moe_noaux/cpl_moe2_noaux/model-11.pt, num_updates 12870.
2026-04-21 00:01:21,218 - | R@1,mIoU 0.3545 | R@1,IoU@0.1 0.7816 | R@1,IoU@0.3 0.5082 | R@1,IoU@0.5 0.2751 | R@1,IoU@0.7 0.1401 | R@1,IoU@0.9 0.0638 | R@5,mIoU 0.4356 | R@5,IoU@0.1 0.8738 | R@5,IoU@0.3 0.6104 | R@5,IoU@0.5 0.3972 | R@5,IoU@0.7 0.2140 | R@5,IoU@0.9 0.0837 |
2026-04-21 00:01:21,298 - Best results have been updated.
2026-04-21 00:01:21,298 - ============================================================
2026-04-21 00:01:21,298 - Start Epoch 12
2026-04-21 00:01:54,859 - Epoch 12, Batch 50, lr = 0.00007, final_loss = 4.4071, nll_loss = 4.2969, ref_nll_loss = 4.5174, ivc_loss = 0.0330, neg_loss_1 = 0.0006, neg_loss_2 = 0.0003, ref_loss = 0.0117, div_loss = 0.0790, 0.671 seconds/batch
2026-04-21 00:02:31,584 - Epoch 12, Batch 100, lr = 0.00007, final_loss = 4.4113, nll_loss = 4.3000, ref_nll_loss = 4.5227, ivc_loss = 0.0301, neg_loss_1 = 0.0008, neg_loss_2 = 0.0004, ref_loss = 0.0098, div_loss = 0.0792, 0.703 seconds/batch
2026-04-21 00:03:08,296 - Epoch 12, Batch 150, lr = 0.00007, final_loss = 4.4064, nll_loss = 4.2969, ref_nll_loss = 4.5158, ivc_loss = 0.0331, neg_loss_1 = 0.0005, neg_loss_2 = 0.0004, ref_loss = 0.0117, div_loss = 0.0786, 0.713 seconds/batch
2026-04-21 00:03:45,012 - Epoch 12, Batch 200, lr = 0.00007, final_loss = 4.4177, nll_loss = 4.3052, ref_nll_loss = 4.5301, ivc_loss = 0.0310, neg_loss_1 = 0.0005, neg_loss_2 = 0.0006, ref_loss = 0.0103, div_loss = 0.0814, 0.719 seconds/batch
2026-04-21 00:04:21,714 - Epoch 12, Batch 250, lr = 0.00007, final_loss = 4.4107, nll_loss = 4.2990, ref_nll_loss = 4.5224, ivc_loss = 0.0309, neg_loss_1 = 0.0008, neg_loss_2 = 0.0003, ref_loss = 0.0102, div_loss = 0.0806, 0.722 seconds/batch
2026-04-21 00:04:58,402 - Epoch 12, Batch 300, lr = 0.00007, final_loss = 4.4157, nll_loss = 4.3050, ref_nll_loss = 4.5264, ivc_loss = 0.0348, neg_loss_1 = 0.0010, neg_loss_2 = 0.0001, ref_loss = 0.0122, div_loss = 0.0814, 0.724 seconds/batch
2026-04-21 00:05:42,081 - Epoch 12, Batch 350, lr = 0.00007, final_loss = 4.4503, nll_loss = 4.3412, ref_nll_loss = 4.5594, ivc_loss = 0.0333, neg_loss_1 = 0.0004, neg_loss_2 = 0.0006, ref_loss = 0.0116, div_loss = 0.0804, 0.745 seconds/batch
2026-04-21 00:06:25,808 - Epoch 12, Batch 400, lr = 0.00007, final_loss = 4.4673, nll_loss = 4.3556, ref_nll_loss = 4.5790, ivc_loss = 0.0302, neg_loss_1 = 0.0012, neg_loss_2 = 0.0003, ref_loss = 0.0097, div_loss = 0.0790, 0.761 seconds/batch
2026-04-21 00:07:09,520 - Epoch 12, Batch 450, lr = 0.00007, final_loss = 4.4418, nll_loss = 4.3320, ref_nll_loss = 4.5516, ivc_loss = 0.0357, neg_loss_1 = 0.0013, neg_loss_2 = 0.0008, ref_loss = 0.0119, div_loss = 0.0774, 0.774 seconds/batch
2026-04-21 00:07:53,172 - Epoch 12, Batch 500, lr = 0.00007, final_loss = 4.4431, nll_loss = 4.3251, ref_nll_loss = 4.5612, ivc_loss = 0.0305, neg_loss_1 = 0.0010, neg_loss_2 = 0.0003, ref_loss = 0.0100, div_loss = 0.0787, 0.784 seconds/batch
2026-04-21 00:08:36,748 - Epoch 12, Batch 550, lr = 0.00007, final_loss = 4.4405, nll_loss = 4.3284, ref_nll_loss = 4.5525, ivc_loss = 0.0311, neg_loss_1 = 0.0006, neg_loss_2 = 0.0002, ref_loss = 0.0107, div_loss = 0.0799, 0.792 seconds/batch
2026-04-21 00:09:20,432 - Epoch 12, Batch 600, lr = 0.00007, final_loss = 4.4573, nll_loss = 4.3434, ref_nll_loss = 4.5711, ivc_loss = 0.0293, neg_loss_1 = 0.0006, neg_loss_2 = 0.0002, ref_loss = 0.0099, div_loss = 0.0792, 0.799 seconds/batch
2026-04-21 00:10:04,111 - Epoch 12, Batch 650, lr = 0.00007, final_loss = 4.4277, nll_loss = 4.3168, ref_nll_loss = 4.5385, ivc_loss = 0.0284, neg_loss_1 = 0.0005, neg_loss_2 = 0.0001, ref_loss = 0.0098, div_loss = 0.0774, 0.804 seconds/batch
2026-04-21 00:10:47,793 - Epoch 12, Batch 700, lr = 0.00007, final_loss = 4.4428, nll_loss = 4.3308, ref_nll_loss = 4.5549, ivc_loss = 0.0305, neg_loss_1 = 0.0009, neg_loss_2 = 0.0002, ref_loss = 0.0102, div_loss = 0.0782, 0.809 seconds/batch
2026-04-21 00:11:31,504 - Epoch 12, Batch 750, lr = 0.00007, final_loss = 4.4266, nll_loss = 4.3126, ref_nll_loss = 4.5405, ivc_loss = 0.0308, neg_loss_1 = 0.0011, neg_loss_2 = 0.0002, ref_loss = 0.0103, div_loss = 0.0770, 0.814 seconds/batch
2026-04-21 00:12:15,134 - Epoch 12, Batch 800, lr = 0.00007, final_loss = 4.4470, nll_loss = 4.3364, ref_nll_loss = 4.5576, ivc_loss = 0.0327, neg_loss_1 = 0.0004, neg_loss_2 = 0.0002, ref_loss = 0.0119, div_loss = 0.0763, 0.817 seconds/batch
2026-04-21 00:12:58,630 - Epoch 12, Batch 850, lr = 0.00007, final_loss = 4.4336, nll_loss = 4.3207, ref_nll_loss = 4.5464, ivc_loss = 0.0309, neg_loss_1 = 0.0004, neg_loss_2 = 0.0003, ref_loss = 0.0110, div_loss = 0.0763, 0.820 seconds/batch
2026-04-21 00:13:42,220 - Epoch 12, Batch 900, lr = 0.00007, final_loss = 4.4449, nll_loss = 4.3333, ref_nll_loss = 4.5565, ivc_loss = 0.0332, neg_loss_1 = 0.0007, neg_loss_2 = 0.0005, ref_loss = 0.0117, div_loss = 0.0741, 0.823 seconds/batch
2026-04-21 00:14:25,833 - Epoch 12, Batch 950, lr = 0.00007, final_loss = 4.4420, nll_loss = 4.3271, ref_nll_loss = 4.5569, ivc_loss = 0.0266, neg_loss_1 = 0.0006, neg_loss_2 = 0.0005, ref_loss = 0.0085, div_loss = 0.0771, 0.826 seconds/batch
2026-04-21 00:15:09,432 - Epoch 12, Batch 1000, lr = 0.00007, final_loss = 4.4241, nll_loss = 4.3103, ref_nll_loss = 4.5379, ivc_loss = 0.0297, neg_loss_1 = 0.0003, neg_loss_2 = 0.0005, ref_loss = 0.0101, div_loss = 0.0797, 0.828 seconds/batch
2026-04-21 00:15:53,013 - Epoch 12, Batch 1050, lr = 0.00007, final_loss = 4.4299, nll_loss = 4.3128, ref_nll_loss = 4.5469, ivc_loss = 0.0301, neg_loss_1 = 0.0005, neg_loss_2 = 0.0006, ref_loss = 0.0101, div_loss = 0.0785, 0.830 seconds/batch
2026-04-21 00:16:36,561 - Epoch 12, Batch 1100, lr = 0.00007, final_loss = 4.4568, nll_loss = 4.3435, ref_nll_loss = 4.5702, ivc_loss = 0.0323, neg_loss_1 = 0.0009, neg_loss_2 = 0.0003, ref_loss = 0.0111, div_loss = 0.0771, 0.832 seconds/batch
2026-04-21 00:17:18,672 - Epoch 12, Batch 1150, lr = 0.00007, final_loss = 4.4166, nll_loss = 4.3047, ref_nll_loss = 4.5284, ivc_loss = 0.0327, neg_loss_1 = 0.0009, neg_loss_2 = 0.0004, ref_loss = 0.0111, div_loss = 0.0785, 0.832 seconds/batch
2026-04-21 00:17:33,143 - Epoch 12, Batch 1170, lr = 0.00007, final_loss = 4.3944, nll_loss = 4.2817, ref_nll_loss = 4.5071, ivc_loss = 0.0287, neg_loss_1 = 0.0010, neg_loss_2 = 0.0000, ref_loss = 0.0095, div_loss = 0.0770, 0.831 seconds/batch
2026-04-21 00:17:33,222 - save model to checkpoints/activitynet_moe_noaux/cpl_moe2_noaux/model-12.pt, num_updates 14040.
2026-04-21 00:21:14,278 - | R@1,mIoU 0.3530 | R@1,IoU@0.1 0.7738 | R@1,IoU@0.3 0.5081 | R@1,IoU@0.5 0.2790 | R@1,IoU@0.7 0.1413 | R@1,IoU@0.9 0.0584 | R@5,mIoU 0.4458 | R@5,IoU@0.1 0.8788 | R@5,IoU@0.3 0.6306 | R@5,IoU@0.5 0.4127 | R@5,IoU@0.7 0.2271 | R@5,IoU@0.9 0.0800 |
2026-04-21 00:21:14,279 - ============================================================
2026-04-21 00:21:14,280 - Start Epoch 13
2026-04-21 00:21:47,822 - Epoch 13, Batch 50, lr = 0.00007, final_loss = 4.3723, nll_loss = 4.2583, ref_nll_loss = 4.4863, ivc_loss = 0.0307, neg_loss_1 = 0.0006, neg_loss_2 = 0.0004, ref_loss = 0.0104, div_loss = 0.0773, 0.671 seconds/batch
2026-04-21 00:22:24,473 - Epoch 13, Batch 100, lr = 0.00007, final_loss = 4.4207, nll_loss = 4.3081, ref_nll_loss = 4.5334, ivc_loss = 0.0284, neg_loss_1 = 0.0004, neg_loss_2 = 0.0001, ref_loss = 0.0098, div_loss = 0.0761, 0.702 seconds/batch
2026-04-21 00:23:01,079 - Epoch 13, Batch 150, lr = 0.00007, final_loss = 4.3622, nll_loss = 4.2491, ref_nll_loss = 4.4753, ivc_loss = 0.0329, neg_loss_1 = 0.0007, neg_loss_2 = 0.0001, ref_loss = 0.0119, div_loss = 0.0766, 0.712 seconds/batch
2026-04-21 00:23:37,707 - Epoch 13, Batch 200, lr = 0.00007, final_loss = 4.3856, nll_loss = 4.2705, ref_nll_loss = 4.5007, ivc_loss = 0.0296, neg_loss_1 = 0.0003, neg_loss_2 = 0.0006, ref_loss = 0.0100, div_loss = 0.0771, 0.717 seconds/batch
2026-04-21 00:24:14,501 - Epoch 13, Batch 250, lr = 0.00007, final_loss = 4.4226, nll_loss = 4.3083, ref_nll_loss = 4.5369, ivc_loss = 0.0336, neg_loss_1 = 0.0007, neg_loss_2 = 0.0002, ref_loss = 0.0121, div_loss = 0.0766, 0.721 seconds/batch
2026-04-21 00:24:51,262 - Epoch 13, Batch 300, lr = 0.00007, final_loss = 4.4052, nll_loss = 4.2907, ref_nll_loss = 4.5197, ivc_loss = 0.0307, neg_loss_1 = 0.0003, neg_loss_2 = 0.0006, ref_loss = 0.0106, div_loss = 0.0775, 0.723 seconds/batch
2026-04-21 00:25:34,817 - Epoch 13, Batch 350, lr = 0.00007, final_loss = 4.3967, nll_loss = 4.2829, ref_nll_loss = 4.5104, ivc_loss = 0.0288, neg_loss_1 = 0.0004, neg_loss_2 = 0.0003, ref_loss = 0.0098, div_loss = 0.0779, 0.744 seconds/batch
2026-04-21 00:26:18,453 - Epoch 13, Batch 400, lr = 0.00007, final_loss = 4.3773, nll_loss = 4.2658, ref_nll_loss = 4.4889, ivc_loss = 0.0311, neg_loss_1 = 0.0005, neg_loss_2 = 0.0004, ref_loss = 0.0107, div_loss = 0.0782, 0.760 seconds/batch
2026-04-21 00:27:02,028 - Epoch 13, Batch 450, lr = 0.00007, final_loss = 4.4364, nll_loss = 4.3245, ref_nll_loss = 4.5483, ivc_loss = 0.0306, neg_loss_1 = 0.0006, neg_loss_2 = 0.0003, ref_loss = 0.0104, div_loss = 0.0799, 0.773 seconds/batch
2026-04-21 00:27:45,598 - Epoch 13, Batch 500, lr = 0.00007, final_loss = 4.3893, nll_loss = 4.2795, ref_nll_loss = 4.4991, ivc_loss = 0.0334, neg_loss_1 = 0.0006, neg_loss_2 = 0.0004, ref_loss = 0.0118, div_loss = 0.0777, 0.783 seconds/batch
2026-04-21 00:28:29,194 - Epoch 13, Batch 550, lr = 0.00007, final_loss = 4.3619, nll_loss = 4.2496, ref_nll_loss = 4.4742, ivc_loss = 0.0302, neg_loss_1 = 0.0004, neg_loss_2 = 0.0004, ref_loss = 0.0104, div_loss = 0.0773, 0.791 seconds/batch
2026-04-21 00:29:12,798 - Epoch 13, Batch 600, lr = 0.00007, final_loss = 4.4299, nll_loss = 4.3154, ref_nll_loss = 4.5443, ivc_loss = 0.0314, neg_loss_1 = 0.0002, neg_loss_2 = 0.0009, ref_loss = 0.0109, div_loss = 0.0764, 0.798 seconds/batch
2026-04-21 00:29:56,348 - Epoch 13, Batch 650, lr = 0.00007, final_loss = 4.4424, nll_loss = 4.3288, ref_nll_loss = 4.5560, ivc_loss = 0.0313, neg_loss_1 = 0.0005, neg_loss_2 = 0.0002, ref_loss = 0.0111, div_loss = 0.0773, 0.803 seconds/batch
2026-04-21 00:30:39,881 - Epoch 13, Batch 700, lr = 0.00007, final_loss = 4.4252, nll_loss = 4.3092, ref_nll_loss = 4.5412, ivc_loss = 0.0278, neg_loss_1 = 0.0006, neg_loss_2 = 0.0003, ref_loss = 0.0092, div_loss = 0.0776, 0.808 seconds/batch
2026-04-21 00:31:23,482 - Epoch 13, Batch 750, lr = 0.00007, final_loss = 4.4114, nll_loss = 4.2997, ref_nll_loss = 4.5231, ivc_loss = 0.0307, neg_loss_1 = 0.0006, neg_loss_2 = 0.0002, ref_loss = 0.0108, div_loss = 0.0753, 0.812 seconds/batch
2026-04-21 00:32:07,069 - Epoch 13, Batch 800, lr = 0.00007, final_loss = 4.4120, nll_loss = 4.2989, ref_nll_loss = 4.5252, ivc_loss = 0.0313, neg_loss_1 = 0.0006, neg_loss_2 = 0.0002, ref_loss = 0.0110, div_loss = 0.0749, 0.816 seconds/batch
2026-04-21 00:32:50,636 - Epoch 13, Batch 850, lr = 0.00007, final_loss = 4.3801, nll_loss = 4.2669, ref_nll_loss = 4.4933, ivc_loss = 0.0331, neg_loss_1 = 0.0012, neg_loss_2 = 0.0004, ref_loss = 0.0111, div_loss = 0.0765, 0.819 seconds/batch
2026-04-21 00:33:34,173 - Epoch 13, Batch 900, lr = 0.00007, final_loss = 4.4470, nll_loss = 4.3323, ref_nll_loss = 4.5617, ivc_loss = 0.0320, neg_loss_1 = 0.0008, neg_loss_2 = 0.0007, ref_loss = 0.0108, div_loss = 0.0760, 0.822 seconds/batch
2026-04-21 00:34:17,703 - Epoch 13, Batch 950, lr = 0.00007, final_loss = 4.3836, nll_loss = 4.2660, ref_nll_loss = 4.5012, ivc_loss = 0.0311, neg_loss_1 = 0.0010, neg_loss_2 = 0.0003, ref_loss = 0.0103, div_loss = 0.0774, 0.825 seconds/batch
2026-04-21 00:35:01,140 - Epoch 13, Batch 1000, lr = 0.00007, final_loss = 4.4065, nll_loss = 4.2927, ref_nll_loss = 4.5203, ivc_loss = 0.0275, neg_loss_1 = 0.0005, neg_loss_2 = 0.0004, ref_loss = 0.0090, div_loss = 0.0769, 0.827 seconds/batch
2026-04-21 00:35:44,577 - Epoch 13, Batch 1050, lr = 0.00007, final_loss = 4.3798, nll_loss = 4.2652, ref_nll_loss = 4.4945, ivc_loss = 0.0313, neg_loss_1 = 0.0003, neg_loss_2 = 0.0003, ref_loss = 0.0112, div_loss = 0.0779, 0.829 seconds/batch
2026-04-21 00:36:27,988 - Epoch 13, Batch 1100, lr = 0.00007, final_loss = 4.4036, nll_loss = 4.2873, ref_nll_loss = 4.5199, ivc_loss = 0.0288, neg_loss_1 = 0.0007, neg_loss_2 = 0.0002, ref_loss = 0.0097, div_loss = 0.0769, 0.831 seconds/batch
2026-04-21 00:37:09,771 - Epoch 13, Batch 1150, lr = 0.00006, final_loss = 4.3923, nll_loss = 4.2779, ref_nll_loss = 4.5067, ivc_loss = 0.0278, neg_loss_1 = 0.0003, neg_loss_2 = 0.0002, ref_loss = 0.0096, div_loss = 0.0751, 0.831 seconds/batch
2026-04-21 00:37:24,223 - Epoch 13, Batch 1170, lr = 0.00006, final_loss = 4.3889, nll_loss = 4.2772, ref_nll_loss = 4.5006, ivc_loss = 0.0303, neg_loss_1 = 0.0001, neg_loss_2 = 0.0011, ref_loss = 0.0103, div_loss = 0.0732, 0.829 seconds/batch
2026-04-21 00:37:24,299 - save model to checkpoints/activitynet_moe_noaux/cpl_moe2_noaux/model-13.pt, num_updates 15210.
2026-04-21 00:41:06,553 - | R@1,mIoU 0.3521 | R@1,IoU@0.1 0.7687 | R@1,IoU@0.3 0.5065 | R@1,IoU@0.5 0.2793 | R@1,IoU@0.7 0.1413 | R@1,IoU@0.9 0.0581 | R@5,mIoU 0.4534 | R@5,IoU@0.1 0.8860 | R@5,IoU@0.3 0.6414 | R@5,IoU@0.5 0.4228 | R@5,IoU@0.7 0.2336 | R@5,IoU@0.9 0.0816 |
2026-04-21 00:41:06,553 - ============================================================
2026-04-21 00:41:06,553 - Start Epoch 14
2026-04-21 00:41:39,980 - Epoch 14, Batch 50, lr = 0.00006, final_loss = 4.3648, nll_loss = 4.2490, ref_nll_loss = 4.4805, ivc_loss = 0.0309, neg_loss_1 = 0.0005, neg_loss_2 = 0.0001, ref_loss = 0.0111, div_loss = 0.0749, 0.669 seconds/batch
2026-04-21 00:42:16,688 - Epoch 14, Batch 100, lr = 0.00006, final_loss = 4.3362, nll_loss = 4.2192, ref_nll_loss = 4.4533, ivc_loss = 0.0259, neg_loss_1 = 0.0002, neg_loss_2 = 0.0001, ref_loss = 0.0089, div_loss = 0.0766, 0.701 seconds/batch
2026-04-21 00:42:53,446 - Epoch 14, Batch 150, lr = 0.00006, final_loss = 4.3601, nll_loss = 4.2480, ref_nll_loss = 4.4722, ivc_loss = 0.0295, neg_loss_1 = 0.0005, neg_loss_2 = 0.0001, ref_loss = 0.0103, div_loss = 0.0761, 0.713 seconds/batch
2026-04-21 00:43:30,175 - Epoch 14, Batch 200, lr = 0.00006, final_loss = 4.3333, nll_loss = 4.2205, ref_nll_loss = 4.4460, ivc_loss = 0.0328, neg_loss_1 = 0.0004, neg_loss_2 = 0.0002, ref_loss = 0.0120, div_loss = 0.0771, 0.718 seconds/batch
2026-04-21 00:44:06,840 - Epoch 14, Batch 250, lr = 0.00006, final_loss = 4.3419, nll_loss = 4.2253, ref_nll_loss = 4.4585, ivc_loss = 0.0297, neg_loss_1 = 0.0003, neg_loss_2 = 0.0004, ref_loss = 0.0103, div_loss = 0.0776, 0.721 seconds/batch
2026-04-21 00:44:43,592 - Epoch 14, Batch 300, lr = 0.00006, final_loss = 4.3752, nll_loss = 4.2646, ref_nll_loss = 4.4859, ivc_loss = 0.0341, neg_loss_1 = 0.0011, neg_loss_2 = 0.0004, ref_loss = 0.0119, div_loss = 0.0754, 0.723 seconds/batch
2026-04-21 00:45:27,148 - Epoch 14, Batch 350, lr = 0.00006, final_loss = 4.3559, nll_loss = 4.2410, ref_nll_loss = 4.4708, ivc_loss = 0.0308, neg_loss_1 = 0.0004, neg_loss_2 = 0.0004, ref_loss = 0.0107, div_loss = 0.0762, 0.745 seconds/batch
2026-04-21 00:46:10,671 - Epoch 14, Batch 400, lr = 0.00006, final_loss = 4.3415, nll_loss = 4.2265, ref_nll_loss = 4.4565, ivc_loss = 0.0297, neg_loss_1 = 0.0004, neg_loss_2 = 0.0007, ref_loss = 0.0100, div_loss = 0.0746, 0.760 seconds/batch
2026-04-21 00:46:54,214 - Epoch 14, Batch 450, lr = 0.00006, final_loss = 4.3820, nll_loss = 4.2678, ref_nll_loss = 4.4961, ivc_loss = 0.0276, neg_loss_1 = 0.0001, neg_loss_2 = 0.0003, ref_loss = 0.0096, div_loss = 0.0733, 0.773 seconds/batch
2026-04-21 00:47:37,804 - Epoch 14, Batch 500, lr = 0.00006, final_loss = 4.3812, nll_loss = 4.2677, ref_nll_loss = 4.4947, ivc_loss = 0.0301, neg_loss_1 = 0.0006, neg_loss_2 = 0.0004, ref_loss = 0.0103, div_loss = 0.0745, 0.783 seconds/batch
2026-04-21 00:48:21,364 - Epoch 14, Batch 550, lr = 0.00006, final_loss = 4.3967, nll_loss = 4.2810, ref_nll_loss = 4.5124, ivc_loss = 0.0285, neg_loss_1 = 0.0007, neg_loss_2 = 0.0005, ref_loss = 0.0094, div_loss = 0.0743, 0.791 seconds/batch
2026-04-21 00:49:04,943 - Epoch 14, Batch 600, lr = 0.00006, final_loss = 4.3762, nll_loss = 4.2624, ref_nll_loss = 4.4900, ivc_loss = 0.0327, neg_loss_1 = 0.0010, neg_loss_2 = 0.0004, ref_loss = 0.0112, div_loss = 0.0746, 0.797 seconds/batch
2026-04-21 00:49:48,522 - Epoch 14, Batch 650, lr = 0.00006, final_loss = 4.3588, nll_loss = 4.2434, ref_nll_loss = 4.4742, ivc_loss = 0.0303, neg_loss_1 = 0.0009, neg_loss_2 = 0.0002, ref_loss = 0.0103, div_loss = 0.0749, 0.803 seconds/batch
2026-04-21 00:50:32,123 - Epoch 14, Batch 700, lr = 0.00006, final_loss = 4.3711, nll_loss = 4.2565, ref_nll_loss = 4.4857, ivc_loss = 0.0315, neg_loss_1 = 0.0005, neg_loss_2 = 0.0002, ref_loss = 0.0114, div_loss = 0.0735, 0.808 seconds/batch
2026-04-21 00:51:15,686 - Epoch 14, Batch 750, lr = 0.00006, final_loss = 4.3771, nll_loss = 4.2643, ref_nll_loss = 4.4898, ivc_loss = 0.0311, neg_loss_1 = 0.0004, neg_loss_2 = 0.0003, ref_loss = 0.0111, div_loss = 0.0747, 0.812 seconds/batch
2026-04-21 00:51:59,278 - Epoch 14, Batch 800, lr = 0.00006, final_loss = 4.3788, nll_loss = 4.2637, ref_nll_loss = 4.4938, ivc_loss = 0.0299, neg_loss_1 = 0.0010, neg_loss_2 = 0.0002, ref_loss = 0.0101, div_loss = 0.0732, 0.816 seconds/batch
2026-04-21 00:52:42,867 - Epoch 14, Batch 850, lr = 0.00006, final_loss = 4.4107, nll_loss = 4.2940, ref_nll_loss = 4.5274, ivc_loss = 0.0314, neg_loss_1 = 0.0004, neg_loss_2 = 0.0003, ref_loss = 0.0112, div_loss = 0.0744, 0.819 seconds/batch
2026-04-21 00:53:26,475 - Epoch 14, Batch 900, lr = 0.00006, final_loss = 4.3946, nll_loss = 4.2808, ref_nll_loss = 4.5084, ivc_loss = 0.0288, neg_loss_1 = 0.0004, neg_loss_2 = 0.0005, ref_loss = 0.0097, div_loss = 0.0745, 0.822 seconds/batch
2026-04-21 00:54:10,090 - Epoch 14, Batch 950, lr = 0.00006, final_loss = 4.3804, nll_loss = 4.2634, ref_nll_loss = 4.4974, ivc_loss = 0.0292, neg_loss_1 = 0.0004, neg_loss_2 = 0.0003, ref_loss = 0.0102, div_loss = 0.0738, 0.825 seconds/batch
2026-04-21 00:54:53,705 - Epoch 14, Batch 1000, lr = 0.00006, final_loss = 4.3527, nll_loss = 4.2375, ref_nll_loss = 4.4679, ivc_loss = 0.0310, neg_loss_1 = 0.0004, neg_loss_2 = 0.0005, ref_loss = 0.0108, div_loss = 0.0768, 0.827 seconds/batch
2026-04-21 00:55:37,300 - Epoch 14, Batch 1050, lr = 0.00006, final_loss = 4.4040, nll_loss = 4.2874, ref_nll_loss = 4.5205, ivc_loss = 0.0294, neg_loss_1 = 0.0008, neg_loss_2 = 0.0005, ref_loss = 0.0097, div_loss = 0.0754, 0.829 seconds/batch
2026-04-21 00:56:20,859 - Epoch 14, Batch 1100, lr = 0.00006, final_loss = 4.3891, nll_loss = 4.2727, ref_nll_loss = 4.5055, ivc_loss = 0.0289, neg_loss_1 = 0.0007, neg_loss_2 = 0.0006, ref_loss = 0.0095, div_loss = 0.0738, 0.831 seconds/batch
2026-04-21 00:57:02,771 - Epoch 14, Batch 1150, lr = 0.00006, final_loss = 4.4113, nll_loss = 4.2955, ref_nll_loss = 4.5271, ivc_loss = 0.0283, neg_loss_1 = 0.0001, neg_loss_2 = 0.0004, ref_loss = 0.0100, div_loss = 0.0741, 0.831 seconds/batch
2026-04-21 00:57:17,251 - Epoch 14, Batch 1170, lr = 0.00006, final_loss = 4.3749, nll_loss = 4.2563, ref_nll_loss = 4.4935, ivc_loss = 0.0258, neg_loss_1 = 0.0003, neg_loss_2 = 0.0003, ref_loss = 0.0086, div_loss = 0.0740, 0.830 seconds/batch
2026-04-21 00:57:17,326 - save model to checkpoints/activitynet_moe_noaux/cpl_moe2_noaux/model-14.pt, num_updates 16380.
2026-04-21 01:00:58,480 - | R@1,mIoU 0.3532 | R@1,IoU@0.1 0.7662 | R@1,IoU@0.3 0.5094 | R@1,IoU@0.5 0.2865 | R@1,IoU@0.7 0.1427 | R@1,IoU@0.9 0.0554 | R@5,mIoU 0.4527 | R@5,IoU@0.1 0.8816 | R@5,IoU@0.3 0.6376 | R@5,IoU@0.5 0.4245 | R@5,IoU@0.7 0.2444 | R@5,IoU@0.9 0.0766 |
2026-04-21 01:00:58,480 - ============================================================
2026-04-21 01:00:58,480 - Start Epoch 15
2026-04-21 01:01:31,734 - Epoch 15, Batch 50, lr = 0.00006, final_loss = 4.3302, nll_loss = 4.2127, ref_nll_loss = 4.4477, ivc_loss = 0.0303, neg_loss_1 = 0.0004, neg_loss_2 = 0.0006, ref_loss = 0.0103, div_loss = 0.0745, 0.665 seconds/batch
2026-04-21 01:02:08,537 - Epoch 15, Batch 100, lr = 0.00006, final_loss = 4.3358, nll_loss = 4.2209, ref_nll_loss = 4.4507, ivc_loss = 0.0332, neg_loss_1 = 0.0010, neg_loss_2 = 0.0002, ref_loss = 0.0116, div_loss = 0.0759, 0.701 seconds/batch
2026-04-21 01:02:45,215 - Epoch 15, Batch 150, lr = 0.00006, final_loss = 4.3365, nll_loss = 4.2216, ref_nll_loss = 4.4515, ivc_loss = 0.0302, neg_loss_1 = 0.0005, neg_loss_2 = 0.0003, ref_loss = 0.0105, div_loss = 0.0758, 0.712 seconds/batch
2026-04-21 01:03:21,888 - Epoch 15, Batch 200, lr = 0.00006, final_loss = 4.3414, nll_loss = 4.2268, ref_nll_loss = 4.4560, ivc_loss = 0.0290, neg_loss_1 = 0.0004, neg_loss_2 = 0.0004, ref_loss = 0.0099, div_loss = 0.0755, 0.717 seconds/batch
2026-04-21 01:03:58,532 - Epoch 15, Batch 250, lr = 0.00006, final_loss = 4.3592, nll_loss = 4.2425, ref_nll_loss = 4.4758, ivc_loss = 0.0292, neg_loss_1 = 0.0007, neg_loss_2 = 0.0003, ref_loss = 0.0098, div_loss = 0.0748, 0.720 seconds/batch
2026-04-21 01:04:35,367 - Epoch 15, Batch 300, lr = 0.00006, final_loss = 4.3159, nll_loss = 4.1972, ref_nll_loss = 4.4347, ivc_loss = 0.0268, neg_loss_1 = 0.0006, neg_loss_2 = 0.0005, ref_loss = 0.0086, div_loss = 0.0753, 0.723 seconds/batch
2026-04-21 01:05:18,944 - Epoch 15, Batch 350, lr = 0.00006, final_loss = 4.3423, nll_loss = 4.2230, ref_nll_loss = 4.4616, ivc_loss = 0.0298, neg_loss_1 = 0.0005, neg_loss_2 = 0.0004, ref_loss = 0.0102, div_loss = 0.0757, 0.744 seconds/batch
2026-04-21 01:06:02,533 - Epoch 15, Batch 400, lr = 0.00006, final_loss = 4.3610, nll_loss = 4.2422, ref_nll_loss = 4.4799, ivc_loss = 0.0292, neg_loss_1 = 0.0008, neg_loss_2 = 0.0003, ref_loss = 0.0096, div_loss = 0.0759, 0.760 seconds/batch
2026-04-21 01:06:46,089 - Epoch 15, Batch 450, lr = 0.00006, final_loss = 4.3699, nll_loss = 4.2547, ref_nll_loss = 4.4850, ivc_loss = 0.0290, neg_loss_1 = 0.0002, neg_loss_2 = 0.0002, ref_loss = 0.0103, div_loss = 0.0735, 0.772 seconds/batch
2026-04-21 01:07:29,486 - Epoch 15, Batch 500, lr = 0.00006, final_loss = 4.3255, nll_loss = 4.2093, ref_nll_loss = 4.4417, ivc_loss = 0.0320, neg_loss_1 = 0.0004, neg_loss_2 = 0.0002, ref_loss = 0.0117, div_loss = 0.0743, 0.782 seconds/batch
2026-04-21 01:08:12,906 - Epoch 15, Batch 550, lr = 0.00006, final_loss = 4.3591, nll_loss = 4.2466, ref_nll_loss = 4.4717, ivc_loss = 0.0287, neg_loss_1 = 0.0013, neg_loss_2 = 0.0001, ref_loss = 0.0092, div_loss = 0.0735, 0.790 seconds/batch
2026-04-21 01:08:56,347 - Epoch 15, Batch 600, lr = 0.00006, final_loss = 4.3513, nll_loss = 4.2332, ref_nll_loss = 4.4694, ivc_loss = 0.0308, neg_loss_1 = 0.0006, neg_loss_2 = 0.0006, ref_loss = 0.0105, div_loss = 0.0748, 0.796 seconds/batch
2026-04-21 01:09:39,774 - Epoch 15, Batch 650, lr = 0.00006, final_loss = 4.3445, nll_loss = 4.2302, ref_nll_loss = 4.4587, ivc_loss = 0.0321, neg_loss_1 = 0.0004, neg_loss_2 = 0.0003, ref_loss = 0.0116, div_loss = 0.0760, 0.802 seconds/batch
2026-04-21 01:10:23,232 - Epoch 15, Batch 700, lr = 0.00006, final_loss = 4.3285, nll_loss = 4.2137, ref_nll_loss = 4.4433, ivc_loss = 0.0283, neg_loss_1 = 0.0003, neg_loss_2 = 0.0003, ref_loss = 0.0098, div_loss = 0.0738, 0.807 seconds/batch
2026-04-21 01:11:06,655 - Epoch 15, Batch 750, lr = 0.00006, final_loss = 4.3500, nll_loss = 4.2331, ref_nll_loss = 4.4669, ivc_loss = 0.0283, neg_loss_1 = 0.0002, neg_loss_2 = 0.0000, ref_loss = 0.0101, div_loss = 0.0762, 0.811 seconds/batch
2026-04-21 01:11:50,058 - Epoch 15, Batch 800, lr = 0.00006, final_loss = 4.3591, nll_loss = 4.2457, ref_nll_loss = 4.4725, ivc_loss = 0.0324, neg_loss_1 = 0.0008, neg_loss_2 = 0.0002, ref_loss = 0.0114, div_loss = 0.0768, 0.814 seconds/batch
2026-04-21 01:12:33,433 - Epoch 15, Batch 850, lr = 0.00006, final_loss = 4.3458, nll_loss = 4.2300, ref_nll_loss = 4.4615, ivc_loss = 0.0308, neg_loss_1 = 0.0008, neg_loss_2 = 0.0001, ref_loss = 0.0106, div_loss = 0.0766, 0.818 seconds/batch
2026-04-21 01:13:16,873 - Epoch 15, Batch 900, lr = 0.00006, final_loss = 4.3180, nll_loss = 4.2002, ref_nll_loss = 4.4357, ivc_loss = 0.0287, neg_loss_1 = 0.0007, neg_loss_2 = 0.0003, ref_loss = 0.0096, div_loss = 0.0754, 0.820 seconds/batch
2026-04-21 01:14:00,458 - Epoch 15, Batch 950, lr = 0.00006, final_loss = 4.3524, nll_loss = 4.2324, ref_nll_loss = 4.4724, ivc_loss = 0.0285, neg_loss_1 = 0.0010, neg_loss_2 = 0.0005, ref_loss = 0.0090, div_loss = 0.0761, 0.823 seconds/batch
2026-04-21 01:14:44,111 - Epoch 15, Batch 1000, lr = 0.00006, final_loss = 4.3513, nll_loss = 4.2375, ref_nll_loss = 4.4651, ivc_loss = 0.0306, neg_loss_1 = 0.0004, neg_loss_2 = 0.0002, ref_loss = 0.0110, div_loss = 0.0755, 0.826 seconds/batch
2026-04-21 01:15:27,601 - Epoch 15, Batch 1050, lr = 0.00006, final_loss = 4.3688, nll_loss = 4.2531, ref_nll_loss = 4.4845, ivc_loss = 0.0295, neg_loss_1 = 0.0007, neg_loss_2 = 0.0002, ref_loss = 0.0101, div_loss = 0.0745, 0.828 seconds/batch
2026-04-21 01:16:11,041 - Epoch 15, Batch 1100, lr = 0.00006, final_loss = 4.3876, nll_loss = 4.2703, ref_nll_loss = 4.5049, ivc_loss = 0.0288, neg_loss_1 = 0.0006, neg_loss_2 = 0.0000, ref_loss = 0.0100, div_loss = 0.0745, 0.830 seconds/batch
2026-04-21 01:16:52,843 - Epoch 15, Batch 1150, lr = 0.00006, final_loss = 4.3686, nll_loss = 4.2507, ref_nll_loss = 4.4865, ivc_loss = 0.0268, neg_loss_1 = 0.0004, neg_loss_2 = 0.0004, ref_loss = 0.0089, div_loss = 0.0741, 0.830 seconds/batch
2026-04-21 01:17:07,277 - Epoch 15, Batch 1170, lr = 0.00006, final_loss = 4.3060, nll_loss = 4.1873, ref_nll_loss = 4.4247, ivc_loss = 0.0293, neg_loss_1 = 0.0013, neg_loss_2 = 0.0008, ref_loss = 0.0087, div_loss = 0.0764, 0.828 seconds/batch
2026-04-21 01:17:07,352 - save model to checkpoints/activitynet_moe_noaux/cpl_moe2_noaux/model-15.pt, num_updates 17550.
2026-04-21 01:20:50,014 - | R@1,mIoU 0.3526 | R@1,IoU@0.1 0.7640 | R@1,IoU@0.3 0.5094 | R@1,IoU@0.5 0.2861 | R@1,IoU@0.7 0.1431 | R@1,IoU@0.9 0.0558 | R@5,mIoU 0.4459 | R@5,IoU@0.1 0.8773 | R@5,IoU@0.3 0.6277 | R@5,IoU@0.5 0.4147 | R@5,IoU@0.7 0.2272 | R@5,IoU@0.9 0.0786 |
2026-04-21 01:20:50,014 - ============================================================
2026-04-21 01:20:50,014 - Start Epoch 16
2026-04-21 01:21:23,291 - Epoch 16, Batch 50, lr = 0.00006, final_loss = 4.3142, nll_loss = 4.1997, ref_nll_loss = 4.4286, ivc_loss = 0.0317, neg_loss_1 = 0.0006, neg_loss_2 = 0.0006, ref_loss = 0.0109, div_loss = 0.0746, 0.666 seconds/batch
2026-04-21 01:22:00,047 - Epoch 16, Batch 100, lr = 0.00006, final_loss = 4.3119, nll_loss = 4.1954, ref_nll_loss = 4.4283, ivc_loss = 0.0298, neg_loss_1 = 0.0003, neg_loss_2 = 0.0000, ref_loss = 0.0109, div_loss = 0.0738, 0.700 seconds/batch
2026-04-21 01:22:36,763 - Epoch 16, Batch 150, lr = 0.00006, final_loss = 4.3309, nll_loss = 4.2180, ref_nll_loss = 4.4439, ivc_loss = 0.0315, neg_loss_1 = 0.0004, neg_loss_2 = 0.0003, ref_loss = 0.0114, div_loss = 0.0726, 0.712 seconds/batch
2026-04-21 01:23:13,430 - Epoch 16, Batch 200, lr = 0.00006, final_loss = 4.2753, nll_loss = 4.1553, ref_nll_loss = 4.3953, ivc_loss = 0.0277, neg_loss_1 = 0.0005, neg_loss_2 = 0.0001, ref_loss = 0.0095, div_loss = 0.0746, 0.717 seconds/batch
2026-04-21 01:23:50,074 - Epoch 16, Batch 250, lr = 0.00006, final_loss = 4.3313, nll_loss = 4.2161, ref_nll_loss = 4.4464, ivc_loss = 0.0295, neg_loss_1 = 0.0002, neg_loss_2 = 0.0003, ref_loss = 0.0105, div_loss = 0.0734, 0.720 seconds/batch
2026-04-21 01:24:26,878 - Epoch 16, Batch 300, lr = 0.00006, final_loss = 4.3084, nll_loss = 4.1909, ref_nll_loss = 4.4259, ivc_loss = 0.0279, neg_loss_1 = 0.0002, neg_loss_2 = 0.0000, ref_loss = 0.0100, div_loss = 0.0727, 0.723 seconds/batch
2026-04-21 01:25:10,408 - Epoch 16, Batch 350, lr = 0.00006, final_loss = 4.3695, nll_loss = 4.2501, ref_nll_loss = 4.4889, ivc_loss = 0.0268, neg_loss_1 = 0.0004, neg_loss_2 = 0.0002, ref_loss = 0.0092, div_loss = 0.0723, 0.744 seconds/batch
2026-04-21 01:25:53,977 - Epoch 16, Batch 400, lr = 0.00006, final_loss = 4.2954, nll_loss = 4.1765, ref_nll_loss = 4.4143, ivc_loss = 0.0271, neg_loss_1 = 0.0009, neg_loss_2 = 0.0004, ref_loss = 0.0085, div_loss = 0.0742, 0.760 seconds/batch
2026-04-21 01:26:37,574 - Epoch 16, Batch 450, lr = 0.00006, final_loss = 4.3292, nll_loss = 4.2099, ref_nll_loss = 4.4485, ivc_loss = 0.0270, neg_loss_1 = 0.0002, neg_loss_2 = 0.0001, ref_loss = 0.0094, div_loss = 0.0744, 0.772 seconds/batch
2026-04-21 01:27:21,192 - Epoch 16, Batch 500, lr = 0.00006, final_loss = 4.3135, nll_loss = 4.1961, ref_nll_loss = 4.4310, ivc_loss = 0.0291, neg_loss_1 = 0.0005, neg_loss_2 = 0.0004, ref_loss = 0.0100, div_loss = 0.0739, 0.782 seconds/batch
2026-04-21 01:28:04,821 - Epoch 16, Batch 550, lr = 0.00006, final_loss = 4.2939, nll_loss = 4.1763, ref_nll_loss = 4.4115, ivc_loss = 0.0288, neg_loss_1 = 0.0004, neg_loss_2 = 0.0002, ref_loss = 0.0100, div_loss = 0.0754, 0.791 seconds/batch
2026-04-21 01:28:48,415 - Epoch 16, Batch 600, lr = 0.00006, final_loss = 4.3342, nll_loss = 4.2185, ref_nll_loss = 4.4498, ivc_loss = 0.0324, neg_loss_1 = 0.0011, neg_loss_2 = 0.0002, ref_loss = 0.0111, div_loss = 0.0757, 0.797 seconds/batch
2026-04-21 01:29:31,978 - Epoch 16, Batch 650, lr = 0.00006, final_loss = 4.2779, nll_loss = 4.1571, ref_nll_loss = 4.3988, ivc_loss = 0.0243, neg_loss_1 = 0.0002, neg_loss_2 = 0.0001, ref_loss = 0.0081, div_loss = 0.0748, 0.803 seconds/batch
2026-04-21 01:30:15,514 - Epoch 16, Batch 700, lr = 0.00006, final_loss = 4.3512, nll_loss = 4.2332, ref_nll_loss = 4.4693, ivc_loss = 0.0291, neg_loss_1 = 0.0005, neg_loss_2 = 0.0004, ref_loss = 0.0099, div_loss = 0.0743, 0.808 seconds/batch
2026-04-21 01:30:59,181 - Epoch 16, Batch 750, lr = 0.00006, final_loss = 4.3031, nll_loss = 4.1830, ref_nll_loss = 4.4232, ivc_loss = 0.0272, neg_loss_1 = 0.0005, neg_loss_2 = 0.0003, ref_loss = 0.0092, div_loss = 0.0733, 0.812 seconds/batch
2026-04-21 01:31:43,016 - Epoch 16, Batch 800, lr = 0.00006, final_loss = 4.3334, nll_loss = 4.2158, ref_nll_loss = 4.4509, ivc_loss = 0.0296, neg_loss_1 = 0.0005, neg_loss_2 = 0.0000, ref_loss = 0.0107, div_loss = 0.0719, 0.816 seconds/batch
2026-04-21 01:32:26,869 - Epoch 16, Batch 850, lr = 0.00006, final_loss = 4.2906, nll_loss = 4.1703, ref_nll_loss = 4.4110, ivc_loss = 0.0267, neg_loss_1 = 0.0001, neg_loss_2 = 0.0003, ref_loss = 0.0092, div_loss = 0.0746, 0.820 seconds/batch
2026-04-21 01:33:10,790 - Epoch 16, Batch 900, lr = 0.00006, final_loss = 4.3383, nll_loss = 4.2218, ref_nll_loss = 4.4547, ivc_loss = 0.0278, neg_loss_1 = 0.0005, neg_loss_2 = 0.0004, ref_loss = 0.0092, div_loss = 0.0765, 0.823 seconds/batch
2026-04-21 01:33:54,477 - Epoch 16, Batch 950, lr = 0.00006, final_loss = 4.3341, nll_loss = 4.2164, ref_nll_loss = 4.4517, ivc_loss = 0.0332, neg_loss_1 = 0.0011, neg_loss_2 = 0.0002, ref_loss = 0.0114, div_loss = 0.0789, 0.826 seconds/batch
2026-04-21 01:34:38,067 - Epoch 16, Batch 1000, lr = 0.00006, final_loss = 4.3176, nll_loss = 4.1989, ref_nll_loss = 4.4362, ivc_loss = 0.0287, neg_loss_1 = 0.0006, neg_loss_2 = 0.0003, ref_loss = 0.0096, div_loss = 0.0768, 0.828 seconds/batch
2026-04-21 01:35:21,628 - Epoch 16, Batch 1050, lr = 0.00006, final_loss = 4.3274, nll_loss = 4.2060, ref_nll_loss = 4.4488, ivc_loss = 0.0271, neg_loss_1 = 0.0005, neg_loss_2 = 0.0004, ref_loss = 0.0088, div_loss = 0.0764, 0.830 seconds/batch
2026-04-21 01:36:05,180 - Epoch 16, Batch 1100, lr = 0.00006, final_loss = 4.3248, nll_loss = 4.2051, ref_nll_loss = 4.4444, ivc_loss = 0.0275, neg_loss_1 = 0.0003, neg_loss_2 = 0.0000, ref_loss = 0.0097, div_loss = 0.0747, 0.832 seconds/batch
2026-04-21 01:36:46,692 - Epoch 16, Batch 1150, lr = 0.00006, final_loss = 4.3234, nll_loss = 4.2029, ref_nll_loss = 4.4439, ivc_loss = 0.0287, neg_loss_1 = 0.0003, neg_loss_2 = 0.0003, ref_loss = 0.0099, div_loss = 0.0757, 0.832 seconds/batch
2026-04-21 01:37:01,160 - Epoch 16, Batch 1170, lr = 0.00006, final_loss = 4.3525, nll_loss = 4.2293, ref_nll_loss = 4.4758, ivc_loss = 0.0252, neg_loss_1 = 0.0003, neg_loss_2 = 0.0000, ref_loss = 0.0084, div_loss = 0.0773, 0.830 seconds/batch
2026-04-21 01:37:01,235 - save model to checkpoints/activitynet_moe_noaux/cpl_moe2_noaux/model-16.pt, num_updates 18720.
2026-04-21 01:40:43,981 - | R@1,mIoU 0.3554 | R@1,IoU@0.1 0.7768 | R@1,IoU@0.3 0.5088 | R@1,IoU@0.5 0.2827 | R@1,IoU@0.7 0.1420 | R@1,IoU@0.9 0.0571 | R@5,mIoU 0.4555 | R@5,IoU@0.1 0.8875 | R@5,IoU@0.3 0.6432 | R@5,IoU@0.5 0.4262 | R@5,IoU@0.7 0.2370 | R@5,IoU@0.9 0.0836 |
2026-04-21 01:40:44,065 - Best results have been updated.
2026-04-21 01:40:44,066 - ============================================================
2026-04-21 01:40:44,066 - Start Epoch 17
2026-04-21 01:41:17,168 - Epoch 17, Batch 50, lr = 0.00006, final_loss = 4.2842, nll_loss = 4.1632, ref_nll_loss = 4.4053, ivc_loss = 0.0277, neg_loss_1 = 0.0005, neg_loss_2 = 0.0000, ref_loss = 0.0096, div_loss = 0.0737, 0.662 seconds/batch
2026-04-21 01:41:53,838 - Epoch 17, Batch 100, lr = 0.00006, final_loss = 4.2892, nll_loss = 4.1703, ref_nll_loss = 4.4082, ivc_loss = 0.0276, neg_loss_1 = 0.0006, neg_loss_2 = 0.0000, ref_loss = 0.0094, div_loss = 0.0750, 0.698 seconds/batch
2026-04-21 01:42:30,473 - Epoch 17, Batch 150, lr = 0.00006, final_loss = 4.2919, nll_loss = 4.1736, ref_nll_loss = 4.4102, ivc_loss = 0.0300, neg_loss_1 = 0.0005, neg_loss_2 = 0.0005, ref_loss = 0.0102, div_loss = 0.0747, 0.709 seconds/batch
2026-04-21 01:43:07,080 - Epoch 17, Batch 200, lr = 0.00006, final_loss = 4.2705, nll_loss = 4.1505, ref_nll_loss = 4.3906, ivc_loss = 0.0275, neg_loss_1 = 0.0003, neg_loss_2 = 0.0000, ref_loss = 0.0097, div_loss = 0.0750, 0.715 seconds/batch
2026-04-21 01:43:43,728 - Epoch 17, Batch 250, lr = 0.00006, final_loss = 4.2770, nll_loss = 4.1586, ref_nll_loss = 4.3954, ivc_loss = 0.0313, neg_loss_1 = 0.0007, neg_loss_2 = 0.0002, ref_loss = 0.0110, div_loss = 0.0748, 0.719 seconds/batch
2026-04-21 01:44:20,341 - Epoch 17, Batch 300, lr = 0.00006, final_loss = 4.2986, nll_loss = 4.1754, ref_nll_loss = 4.4219, ivc_loss = 0.0242, neg_loss_1 = 0.0002, neg_loss_2 = 0.0002, ref_loss = 0.0080, div_loss = 0.0752, 0.721 seconds/batch
2026-04-21 01:45:03,968 - Epoch 17, Batch 350, lr = 0.00006, final_loss = 4.2910, nll_loss = 4.1755, ref_nll_loss = 4.4066, ivc_loss = 0.0316, neg_loss_1 = 0.0004, neg_loss_2 = 0.0001, ref_loss = 0.0115, div_loss = 0.0752, 0.743 seconds/batch
2026-04-21 01:45:47,614 - Epoch 17, Batch 400, lr = 0.00006, final_loss = 4.2961, nll_loss = 4.1737, ref_nll_loss = 4.4185, ivc_loss = 0.0260, neg_loss_1 = 0.0005, neg_loss_2 = 0.0002, ref_loss = 0.0086, div_loss = 0.0752, 0.759 seconds/batch
2026-04-21 01:46:31,282 - Epoch 17, Batch 450, lr = 0.00006, final_loss = 4.3032, nll_loss = 4.1839, ref_nll_loss = 4.4225, ivc_loss = 0.0275, neg_loss_1 = 0.0005, neg_loss_2 = 0.0000, ref_loss = 0.0095, div_loss = 0.0744, 0.772 seconds/batch
2026-04-21 01:47:14,932 - Epoch 17, Batch 500, lr = 0.00006, final_loss = 4.3240, nll_loss = 4.2020, ref_nll_loss = 4.4460, ivc_loss = 0.0273, neg_loss_1 = 0.0005, neg_loss_2 = 0.0002, ref_loss = 0.0092, div_loss = 0.0750, 0.782 seconds/batch
2026-04-21 01:47:58,581 - Epoch 17, Batch 550, lr = 0.00006, final_loss = 4.3158, nll_loss = 4.1961, ref_nll_loss = 4.4356, ivc_loss = 0.0282, neg_loss_1 = 0.0005, neg_loss_2 = 0.0004, ref_loss = 0.0094, div_loss = 0.0763, 0.790 seconds/batch
2026-04-21 01:48:42,209 - Epoch 17, Batch 600, lr = 0.00006, final_loss = 4.3023, nll_loss = 4.1835, ref_nll_loss = 4.4211, ivc_loss = 0.0294, neg_loss_1 = 0.0002, neg_loss_2 = 0.0004, ref_loss = 0.0102, div_loss = 0.0772, 0.797 seconds/batch
2026-04-21 01:49:25,848 - Epoch 17, Batch 650, lr = 0.00006, final_loss = 4.2936, nll_loss = 4.1766, ref_nll_loss = 4.4105, ivc_loss = 0.0302, neg_loss_1 = 0.0007, neg_loss_2 = 0.0005, ref_loss = 0.0100, div_loss = 0.0783, 0.803 seconds/batch
2026-04-21 01:50:09,416 - Epoch 17, Batch 700, lr = 0.00006, final_loss = 4.2735, nll_loss = 4.1555, ref_nll_loss = 4.3914, ivc_loss = 0.0294, neg_loss_1 = 0.0005, neg_loss_2 = 0.0004, ref_loss = 0.0101, div_loss = 0.0754, 0.808 seconds/batch
2026-04-21 01:50:53,056 - Epoch 17, Batch 750, lr = 0.00006, final_loss = 4.3101, nll_loss = 4.1904, ref_nll_loss = 4.4298, ivc_loss = 0.0290, neg_loss_1 = 0.0006, neg_loss_2 = 0.0003, ref_loss = 0.0098, div_loss = 0.0747, 0.812 seconds/batch
2026-04-21 01:51:36,689 - Epoch 17, Batch 800, lr = 0.00006, final_loss = 4.2926, nll_loss = 4.1758, ref_nll_loss = 4.4095, ivc_loss = 0.0288, neg_loss_1 = 0.0009, neg_loss_2 = 0.0002, ref_loss = 0.0094, div_loss = 0.0755, 0.816 seconds/batch
2026-04-21 01:52:20,203 - Epoch 17, Batch 850, lr = 0.00006, final_loss = 4.3191, nll_loss = 4.2008, ref_nll_loss = 4.4375, ivc_loss = 0.0304, neg_loss_1 = 0.0009, neg_loss_2 = 0.0006, ref_loss = 0.0100, div_loss = 0.0739, 0.819 seconds/batch
2026-04-21 01:53:03,825 - Epoch 17, Batch 900, lr = 0.00006, final_loss = 4.3047, nll_loss = 4.1848, ref_nll_loss = 4.4245, ivc_loss = 0.0306, neg_loss_1 = 0.0007, neg_loss_2 = 0.0001, ref_loss = 0.0107, div_loss = 0.0751, 0.822 seconds/batch
2026-04-21 01:53:47,444 - Epoch 17, Batch 950, lr = 0.00006, final_loss = 4.2827, nll_loss = 4.1624, ref_nll_loss = 4.4031, ivc_loss = 0.0308, neg_loss_1 = 0.0002, neg_loss_2 = 0.0004, ref_loss = 0.0109, div_loss = 0.0763, 0.825 seconds/batch
2026-04-21 01:54:31,046 - Epoch 17, Batch 1000, lr = 0.00006, final_loss = 4.3426, nll_loss = 4.2246, ref_nll_loss = 4.4605, ivc_loss = 0.0293, neg_loss_1 = 0.0005, neg_loss_2 = 0.0003, ref_loss = 0.0103, div_loss = 0.0716, 0.827 seconds/batch
2026-04-21 01:55:14,682 - Epoch 17, Batch 1050, lr = 0.00006, final_loss = 4.3456, nll_loss = 4.2264, ref_nll_loss = 4.4648, ivc_loss = 0.0274, neg_loss_1 = 0.0003, neg_loss_2 = 0.0000, ref_loss = 0.0098, div_loss = 0.0708, 0.829 seconds/batch
2026-04-21 01:55:58,244 - Epoch 17, Batch 1100, lr = 0.00006, final_loss = 4.2670, nll_loss = 4.1475, ref_nll_loss = 4.3866, ivc_loss = 0.0302, neg_loss_1 = 0.0005, neg_loss_2 = 0.0000, ref_loss = 0.0110, div_loss = 0.0724, 0.831 seconds/batch
2026-04-21 01:56:39,856 - Epoch 17, Batch 1150, lr = 0.00006, final_loss = 4.2915, nll_loss = 4.1709, ref_nll_loss = 4.4121, ivc_loss = 0.0254, neg_loss_1 = 0.0002, neg_loss_2 = 0.0002, ref_loss = 0.0088, div_loss = 0.0714, 0.831 seconds/batch
2026-04-21 01:56:54,361 - Epoch 17, Batch 1170, lr = 0.00006, final_loss = 4.3621, nll_loss = 4.2416, ref_nll_loss = 4.4826, ivc_loss = 0.0269, neg_loss_1 = 0.0000, neg_loss_2 = 0.0004, ref_loss = 0.0095, div_loss = 0.0728, 0.829 seconds/batch
2026-04-21 01:56:54,441 - save model to checkpoints/activitynet_moe_noaux/cpl_moe2_noaux/model-17.pt, num_updates 19890.
2026-04-21 02:00:37,367 - | R@1,mIoU 0.3532 | R@1,IoU@0.1 0.7675 | R@1,IoU@0.3 0.5070 | R@1,IoU@0.5 0.2830 | R@1,IoU@0.7 0.1421 | R@1,IoU@0.9 0.0570 | R@5,mIoU 0.4520 | R@5,IoU@0.1 0.8817 | R@5,IoU@0.3 0.6402 | R@5,IoU@0.5 0.4236 | R@5,IoU@0.7 0.2340 | R@5,IoU@0.9 0.0796 |
2026-04-21 02:00:37,367 - ============================================================
2026-04-21 02:00:37,367 - Start Epoch 18
2026-04-21 02:01:10,433 - Epoch 18, Batch 50, lr = 0.00006, final_loss = 4.2821, nll_loss = 4.1624, ref_nll_loss = 4.4018, ivc_loss = 0.0266, neg_loss_1 = 0.0007, neg_loss_2 = 0.0001, ref_loss = 0.0089, div_loss = 0.0731, 0.661 seconds/batch
2026-04-21 02:01:47,039 - Epoch 18, Batch 100, lr = 0.00006, final_loss = 4.2579, nll_loss = 4.1392, ref_nll_loss = 4.3766, ivc_loss = 0.0296, neg_loss_1 = 0.0003, neg_loss_2 = 0.0001, ref_loss = 0.0106, div_loss = 0.0757, 0.697 seconds/batch
2026-04-21 02:02:23,908 - Epoch 18, Batch 150, lr = 0.00006, final_loss = 4.2802, nll_loss = 4.1610, ref_nll_loss = 4.3993, ivc_loss = 0.0279, neg_loss_1 = 0.0004, neg_loss_2 = 0.0001, ref_loss = 0.0096, div_loss = 0.0760, 0.710 seconds/batch
2026-04-21 02:03:00,571 - Epoch 18, Batch 200, lr = 0.00006, final_loss = 4.2610, nll_loss = 4.1450, ref_nll_loss = 4.3770, ivc_loss = 0.0324, neg_loss_1 = 0.0008, neg_loss_2 = 0.0003, ref_loss = 0.0114, div_loss = 0.0746, 0.716 seconds/batch
2026-04-21 02:03:37,256 - Epoch 18, Batch 250, lr = 0.00006, final_loss = 4.2694, nll_loss = 4.1494, ref_nll_loss = 4.3895, ivc_loss = 0.0262, neg_loss_1 = 0.0003, neg_loss_2 = 0.0001, ref_loss = 0.0090, div_loss = 0.0730, 0.720 seconds/batch
2026-04-21 02:04:14,049 - Epoch 18, Batch 300, lr = 0.00006, final_loss = 4.2695, nll_loss = 4.1481, ref_nll_loss = 4.3909, ivc_loss = 0.0271, neg_loss_1 = 0.0001, neg_loss_2 = 0.0001, ref_loss = 0.0096, div_loss = 0.0738, 0.722 seconds/batch
2026-04-21 02:04:57,666 - Epoch 18, Batch 350, lr = 0.00006, final_loss = 4.2701, nll_loss = 4.1522, ref_nll_loss = 4.3880, ivc_loss = 0.0281, neg_loss_1 = 0.0005, neg_loss_2 = 0.0004, ref_loss = 0.0094, div_loss = 0.0755, 0.744 seconds/batch
2026-04-21 02:05:41,322 - Epoch 18, Batch 400, lr = 0.00006, final_loss = 4.2527, nll_loss = 4.1306, ref_nll_loss = 4.3749, ivc_loss = 0.0304, neg_loss_1 = 0.0004, neg_loss_2 = 0.0006, ref_loss = 0.0103, div_loss = 0.0767, 0.760 seconds/batch
2026-04-21 02:06:24,959 - Epoch 18, Batch 450, lr = 0.00006, final_loss = 4.2689, nll_loss = 4.1494, ref_nll_loss = 4.3884, ivc_loss = 0.0270, neg_loss_1 = 0.0004, neg_loss_2 = 0.0003, ref_loss = 0.0091, div_loss = 0.0758, 0.772 seconds/batch
2026-04-21 02:07:08,566 - Epoch 18, Batch 500, lr = 0.00006, final_loss = 4.3088, nll_loss = 4.1872, ref_nll_loss = 4.4305, ivc_loss = 0.0256, neg_loss_1 = 0.0004, neg_loss_2 = 0.0005, ref_loss = 0.0082, div_loss = 0.0738, 0.782 seconds/batch
2026-04-21 02:07:52,199 - Epoch 18, Batch 550, lr = 0.00006, final_loss = 4.2432, nll_loss = 4.1211, ref_nll_loss = 4.3652, ivc_loss = 0.0247, neg_loss_1 = 0.0002, neg_loss_2 = 0.0001, ref_loss = 0.0083, div_loss = 0.0742, 0.791 seconds/batch
2026-04-21 02:08:35,830 - Epoch 18, Batch 600, lr = 0.00006, final_loss = 4.2873, nll_loss = 4.1655, ref_nll_loss = 4.4091, ivc_loss = 0.0271, neg_loss_1 = 0.0005, neg_loss_2 = 0.0001, ref_loss = 0.0094, div_loss = 0.0722, 0.797 seconds/batch
2026-04-21 02:09:19,385 - Epoch 18, Batch 650, lr = 0.00006, final_loss = 4.2524, nll_loss = 4.1320, ref_nll_loss = 4.3728, ivc_loss = 0.0305, neg_loss_1 = 0.0007, neg_loss_2 = 0.0002, ref_loss = 0.0107, div_loss = 0.0732, 0.803 seconds/batch
2026-04-21 02:10:03,004 - Epoch 18, Batch 700, lr = 0.00006, final_loss = 4.2900, nll_loss = 4.1682, ref_nll_loss = 4.4118, ivc_loss = 0.0295, neg_loss_1 = 0.0002, neg_loss_2 = 0.0006, ref_loss = 0.0102, div_loss = 0.0736, 0.808 seconds/batch
2026-04-21 02:10:46,606 - Epoch 18, Batch 750, lr = 0.00006, final_loss = 4.2441, nll_loss = 4.1252, ref_nll_loss = 4.3630, ivc_loss = 0.0263, neg_loss_1 = 0.0002, neg_loss_2 = 0.0000, ref_loss = 0.0093, div_loss = 0.0739, 0.812 seconds/batch
2026-04-21 02:11:30,212 - Epoch 18, Batch 800, lr = 0.00006, final_loss = 4.2666, nll_loss = 4.1470, ref_nll_loss = 4.3862, ivc_loss = 0.0291, neg_loss_1 = 0.0007, neg_loss_2 = 0.0002, ref_loss = 0.0100, div_loss = 0.0736, 0.816 seconds/batch
2026-04-21 02:12:13,794 - Epoch 18, Batch 850, lr = 0.00006, final_loss = 4.2564, nll_loss = 4.1334, ref_nll_loss = 4.3793, ivc_loss = 0.0259, neg_loss_1 = 0.0004, neg_loss_2 = 0.0002, ref_loss = 0.0087, div_loss = 0.0752, 0.819 seconds/batch
2026-04-21 02:12:57,427 - Epoch 18, Batch 900, lr = 0.00006, final_loss = 4.3178, nll_loss = 4.2000, ref_nll_loss = 4.4356, ivc_loss = 0.0312, neg_loss_1 = 0.0004, neg_loss_2 = 0.0001, ref_loss = 0.0114, div_loss = 0.0731, 0.822 seconds/batch
2026-04-21 02:13:41,055 - Epoch 18, Batch 950, lr = 0.00006, final_loss = 4.2880, nll_loss = 4.1644, ref_nll_loss = 4.4116, ivc_loss = 0.0263, neg_loss_1 = 0.0002, neg_loss_2 = 0.0001, ref_loss = 0.0090, div_loss = 0.0756, 0.825 seconds/batch
2026-04-21 02:14:24,679 - Epoch 18, Batch 1000, lr = 0.00006, final_loss = 4.3089, nll_loss = 4.1907, ref_nll_loss = 4.4271, ivc_loss = 0.0260, neg_loss_1 = 0.0003, neg_loss_2 = 0.0001, ref_loss = 0.0089, div_loss = 0.0739, 0.827 seconds/batch
2026-04-21 02:15:08,257 - Epoch 18, Batch 1050, lr = 0.00006, final_loss = 4.2858, nll_loss = 4.1633, ref_nll_loss = 4.4082, ivc_loss = 0.0277, neg_loss_1 = 0.0002, neg_loss_2 = 0.0002, ref_loss = 0.0097, div_loss = 0.0739, 0.829 seconds/batch
2026-04-21 02:15:51,781 - Epoch 18, Batch 1100, lr = 0.00006, final_loss = 4.2431, nll_loss = 4.1230, ref_nll_loss = 4.3632, ivc_loss = 0.0291, neg_loss_1 = 0.0003, neg_loss_2 = 0.0008, ref_loss = 0.0098, div_loss = 0.0741, 0.831 seconds/batch
2026-04-21 02:16:33,319 - Epoch 18, Batch 1150, lr = 0.00006, final_loss = 4.2822, nll_loss = 4.1608, ref_nll_loss = 4.4036, ivc_loss = 0.0290, neg_loss_1 = 0.0002, neg_loss_2 = 0.0001, ref_loss = 0.0104, div_loss = 0.0755, 0.831 seconds/batch
2026-04-21 02:16:47,802 - Epoch 18, Batch 1170, lr = 0.00006, final_loss = 4.2858, nll_loss = 4.1615, ref_nll_loss = 4.4102, ivc_loss = 0.0237, neg_loss_1 = 0.0002, neg_loss_2 = 0.0000, ref_loss = 0.0079, div_loss = 0.0749, 0.829 seconds/batch
2026-04-21 02:16:47,877 - save model to checkpoints/activitynet_moe_noaux/cpl_moe2_noaux/model-18.pt, num_updates 21060.
2026-04-21 02:20:30,260 - | R@1,mIoU 0.3504 | R@1,IoU@0.1 0.7608 | R@1,IoU@0.3 0.5074 | R@1,IoU@0.5 0.2821 | R@1,IoU@0.7 0.1406 | R@1,IoU@0.9 0.0572 | R@5,mIoU 0.4522 | R@5,IoU@0.1 0.8810 | R@5,IoU@0.3 0.6361 | R@5,IoU@0.5 0.4223 | R@5,IoU@0.7 0.2431 | R@5,IoU@0.9 0.0788 |
2026-04-21 02:20:30,260 - ============================================================
2026-04-21 02:20:30,260 - Start Epoch 19
2026-04-21 02:21:03,073 - Epoch 19, Batch 50, lr = 0.00006, final_loss = 4.2270, nll_loss = 4.1060, ref_nll_loss = 4.3479, ivc_loss = 0.0305, neg_loss_1 = 0.0004, neg_loss_2 = 0.0004, ref_loss = 0.0107, div_loss = 0.0742, 0.656 seconds/batch
2026-04-21 02:21:39,826 - Epoch 19, Batch 100, lr = 0.00005, final_loss = 4.2625, nll_loss = 4.1434, ref_nll_loss = 4.3817, ivc_loss = 0.0261, neg_loss_1 = 0.0006, neg_loss_2 = 0.0001, ref_loss = 0.0087, div_loss = 0.0733, 0.696 seconds/batch
2026-04-21 02:22:16,518 - Epoch 19, Batch 150, lr = 0.00005, final_loss = 4.2492, nll_loss = 4.1262, ref_nll_loss = 4.3723, ivc_loss = 0.0295, neg_loss_1 = 0.0003, neg_loss_2 = 0.0002, ref_loss = 0.0106, div_loss = 0.0730, 0.708 seconds/batch
2026-04-21 02:22:53,245 - Epoch 19, Batch 200, lr = 0.00005, final_loss = 4.2553, nll_loss = 4.1340, ref_nll_loss = 4.3766, ivc_loss = 0.0292, neg_loss_1 = 0.0002, neg_loss_2 = 0.0002, ref_loss = 0.0105, div_loss = 0.0739, 0.715 seconds/batch
2026-04-21 02:23:29,932 - Epoch 19, Batch 250, lr = 0.00005, final_loss = 4.2317, nll_loss = 4.1115, ref_nll_loss = 4.3518, ivc_loss = 0.0292, neg_loss_1 = 0.0005, neg_loss_2 = 0.0004, ref_loss = 0.0100, div_loss = 0.0749, 0.719 seconds/batch
2026-04-21 02:24:06,628 - Epoch 19, Batch 300, lr = 0.00005, final_loss = 4.2250, nll_loss = 4.1022, ref_nll_loss = 4.3479, ivc_loss = 0.0271, neg_loss_1 = 0.0003, neg_loss_2 = 0.0002, ref_loss = 0.0093, div_loss = 0.0744, 0.721 seconds/batch
2026-04-21 02:24:50,145 - Epoch 19, Batch 350, lr = 0.00005, final_loss = 4.2662, nll_loss = 4.1461, ref_nll_loss = 4.3862, ivc_loss = 0.0274, neg_loss_1 = 0.0001, neg_loss_2 = 0.0001, ref_loss = 0.0098, div_loss = 0.0742, 0.743 seconds/batch
2026-04-21 02:25:33,868 - Epoch 19, Batch 400, lr = 0.00005, final_loss = 4.2424, nll_loss = 4.1220, ref_nll_loss = 4.3627, ivc_loss = 0.0283, neg_loss_1 = 0.0007, neg_loss_2 = 0.0003, ref_loss = 0.0094, div_loss = 0.0739, 0.759 seconds/batch
2026-04-21 02:26:17,524 - Epoch 19, Batch 450, lr = 0.00005, final_loss = 4.2688, nll_loss = 4.1460, ref_nll_loss = 4.3915, ivc_loss = 0.0276, neg_loss_1 = 0.0003, neg_loss_2 = 0.0000, ref_loss = 0.0098, div_loss = 0.0731, 0.772 seconds/batch
2026-04-21 02:27:01,138 - Epoch 19, Batch 500, lr = 0.00005, final_loss = 4.2825, nll_loss = 4.1619, ref_nll_loss = 4.4031, ivc_loss = 0.0282, neg_loss_1 = 0.0002, neg_loss_2 = 0.0005, ref_loss = 0.0098, div_loss = 0.0725, 0.782 seconds/batch
2026-04-21 02:27:44,764 - Epoch 19, Batch 550, lr = 0.00005, final_loss = 4.2486, nll_loss = 4.1271, ref_nll_loss = 4.3701, ivc_loss = 0.0303, neg_loss_1 = 0.0006, neg_loss_2 = 0.0003, ref_loss = 0.0106, div_loss = 0.0738, 0.790 seconds/batch
2026-04-21 02:28:28,352 - Epoch 19, Batch 600, lr = 0.00005, final_loss = 4.2730, nll_loss = 4.1490, ref_nll_loss = 4.3969, ivc_loss = 0.0257, neg_loss_1 = 0.0004, neg_loss_2 = 0.0003, ref_loss = 0.0085, div_loss = 0.0737, 0.797 seconds/batch
2026-04-21 02:29:12,010 - Epoch 19, Batch 650, lr = 0.00005, final_loss = 4.2321, nll_loss = 4.1092, ref_nll_loss = 4.3551, ivc_loss = 0.0274, neg_loss_1 = 0.0006, neg_loss_2 = 0.0002, ref_loss = 0.0091, div_loss = 0.0740, 0.803 seconds/batch
2026-04-21 02:29:55,591 - Epoch 19, Batch 700, lr = 0.00005, final_loss = 4.2169, nll_loss = 4.0925, ref_nll_loss = 4.3413, ivc_loss = 0.0297, neg_loss_1 = 0.0004, neg_loss_2 = 0.0003, ref_loss = 0.0105, div_loss = 0.0731, 0.808 seconds/batch
2026-04-21 02:30:39,196 - Epoch 19, Batch 750, lr = 0.00005, final_loss = 4.2468, nll_loss = 4.1275, ref_nll_loss = 4.3661, ivc_loss = 0.0290, neg_loss_1 = 0.0007, neg_loss_2 = 0.0001, ref_loss = 0.0101, div_loss = 0.0744, 0.812 seconds/batch
2026-04-21 02:31:22,781 - Epoch 19, Batch 800, lr = 0.00005, final_loss = 4.2572, nll_loss = 4.1340, ref_nll_loss = 4.3803, ivc_loss = 0.0272, neg_loss_1 = 0.0004, neg_loss_2 = 0.0004, ref_loss = 0.0090, div_loss = 0.0763, 0.816 seconds/batch
2026-04-21 02:32:06,318 - Epoch 19, Batch 850, lr = 0.00005, final_loss = 4.2389, nll_loss = 4.1151, ref_nll_loss = 4.3626, ivc_loss = 0.0267, neg_loss_1 = 0.0006, neg_loss_2 = 0.0003, ref_loss = 0.0087, div_loss = 0.0750, 0.819 seconds/batch
2026-04-21 02:32:49,928 - Epoch 19, Batch 900, lr = 0.00005, final_loss = 4.2522, nll_loss = 4.1303, ref_nll_loss = 4.3740, ivc_loss = 0.0253, neg_loss_1 = 0.0001, neg_loss_2 = 0.0002, ref_loss = 0.0086, div_loss = 0.0741, 0.822 seconds/batch
2026-04-21 02:33:33,537 - Epoch 19, Batch 950, lr = 0.00005, final_loss = 4.2715, nll_loss = 4.1502, ref_nll_loss = 4.3928, ivc_loss = 0.0285, neg_loss_1 = 0.0011, neg_loss_2 = 0.0001, ref_loss = 0.0095, div_loss = 0.0726, 0.825 seconds/batch
2026-04-21 02:34:17,126 - Epoch 19, Batch 1000, lr = 0.00005, final_loss = 4.2638, nll_loss = 4.1405, ref_nll_loss = 4.3870, ivc_loss = 0.0293, neg_loss_1 = 0.0004, neg_loss_2 = 0.0002, ref_loss = 0.0104, div_loss = 0.0736, 0.827 seconds/batch
2026-04-21 02:35:00,729 - Epoch 19, Batch 1050, lr = 0.00005, final_loss = 4.2480, nll_loss = 4.1274, ref_nll_loss = 4.3687, ivc_loss = 0.0295, neg_loss_1 = 0.0009, neg_loss_2 = 0.0003, ref_loss = 0.0098, div_loss = 0.0736, 0.829 seconds/batch
2026-04-21 02:35:44,342 - Epoch 19, Batch 1100, lr = 0.00005, final_loss = 4.2717, nll_loss = 4.1493, ref_nll_loss = 4.3941, ivc_loss = 0.0294, neg_loss_1 = 0.0002, neg_loss_2 = 0.0003, ref_loss = 0.0105, div_loss = 0.0749, 0.831 seconds/batch
2026-04-21 02:36:25,992 - Epoch 19, Batch 1150, lr = 0.00005, final_loss = 4.2615, nll_loss = 4.1384, ref_nll_loss = 4.3847, ivc_loss = 0.0295, neg_loss_1 = 0.0003, neg_loss_2 = 0.0004, ref_loss = 0.0103, div_loss = 0.0759, 0.831 seconds/batch
2026-04-21 02:36:40,481 - Epoch 19, Batch 1170, lr = 0.00005, final_loss = 4.3247, nll_loss = 4.2025, ref_nll_loss = 4.4469, ivc_loss = 0.0239, neg_loss_1 = 0.0004, neg_loss_2 = 0.0001, ref_loss = 0.0078, div_loss = 0.0737, 0.829 seconds/batch
2026-04-21 02:36:40,559 - save model to checkpoints/activitynet_moe_noaux/cpl_moe2_noaux/model-19.pt, num_updates 22230.
2026-04-21 02:40:23,885 - | R@1,mIoU 0.3516 | R@1,IoU@0.1 0.7610 | R@1,IoU@0.3 0.5087 | R@1,IoU@0.5 0.2853 | R@1,IoU@0.7 0.1422 | R@1,IoU@0.9 0.0563 | R@5,mIoU 0.4563 | R@5,IoU@0.1 0.8859 | R@5,IoU@0.3 0.6447 | R@5,IoU@0.5 0.4255 | R@5,IoU@0.7 0.2408 | R@5,IoU@0.9 0.0789 |
2026-04-21 02:40:23,885 - ============================================================
2026-04-21 02:40:23,885 - Start Epoch 20
2026-04-21 02:40:56,438 - Epoch 20, Batch 50, lr = 0.00005, final_loss = 4.2305, nll_loss = 4.1088, ref_nll_loss = 4.3523, ivc_loss = 0.0291, neg_loss_1 = 0.0002, neg_loss_2 = 0.0002, ref_loss = 0.0104, div_loss = 0.0731, 0.651 seconds/batch
2026-04-21 02:41:33,085 - Epoch 20, Batch 100, lr = 0.00005, final_loss = 4.1968, nll_loss = 4.0760, ref_nll_loss = 4.3177, ivc_loss = 0.0270, neg_loss_1 = 0.0006, neg_loss_2 = 0.0002, ref_loss = 0.0090, div_loss = 0.0738, 0.692 seconds/batch
2026-04-21 02:42:09,744 - Epoch 20, Batch 150, lr = 0.00005, final_loss = 4.2453, nll_loss = 4.1207, ref_nll_loss = 4.3699, ivc_loss = 0.0249, neg_loss_1 = 0.0004, neg_loss_2 = 0.0002, ref_loss = 0.0082, div_loss = 0.0730, 0.706 seconds/batch
2026-04-21 02:42:46,358 - Epoch 20, Batch 200, lr = 0.00005, final_loss = 4.1779, nll_loss = 4.0562, ref_nll_loss = 4.2996, ivc_loss = 0.0289, neg_loss_1 = 0.0002, neg_loss_2 = 0.0003, ref_loss = 0.0103, div_loss = 0.0745, 0.712 seconds/batch
2026-04-21 02:43:23,027 - Epoch 20, Batch 250, lr = 0.00005, final_loss = 4.2501, nll_loss = 4.1304, ref_nll_loss = 4.3698, ivc_loss = 0.0276, neg_loss_1 = 0.0003, neg_loss_2 = 0.0002, ref_loss = 0.0096, div_loss = 0.0741, 0.717 seconds/batch
2026-04-21 02:43:59,671 - Epoch 20, Batch 300, lr = 0.00005, final_loss = 4.2242, nll_loss = 4.1033, ref_nll_loss = 4.3450, ivc_loss = 0.0272, neg_loss_1 = 0.0003, neg_loss_2 = 0.0001, ref_loss = 0.0095, div_loss = 0.0733, 0.719 seconds/batch
2026-04-21 02:44:43,000 - Epoch 20, Batch 350, lr = 0.00005, final_loss = 4.2330, nll_loss = 4.1107, ref_nll_loss = 4.3552, ivc_loss = 0.0271, neg_loss_1 = 0.0001, neg_loss_2 = 0.0000, ref_loss = 0.0097, div_loss = 0.0747, 0.740 seconds/batch
2026-04-21 02:45:26,626 - Epoch 20, Batch 400, lr = 0.00005, final_loss = 4.2151, nll_loss = 4.0937, ref_nll_loss = 4.3365, ivc_loss = 0.0261, neg_loss_1 = 0.0003, neg_loss_2 = 0.0002, ref_loss = 0.0088, div_loss = 0.0736, 0.757 seconds/batch
2026-04-21 02:46:10,244 - Epoch 20, Batch 450, lr = 0.00005, final_loss = 4.2189, nll_loss = 4.0931, ref_nll_loss = 4.3448, ivc_loss = 0.0275, neg_loss_1 = 0.0005, neg_loss_2 = 0.0002, ref_loss = 0.0093, div_loss = 0.0750, 0.770 seconds/batch
2026-04-21 02:46:53,845 - Epoch 20, Batch 500, lr = 0.00005, final_loss = 4.2456, nll_loss = 4.1195, ref_nll_loss = 4.3717, ivc_loss = 0.0254, neg_loss_1 = 0.0005, neg_loss_2 = 0.0001, ref_loss = 0.0084, div_loss = 0.0743, 0.780 seconds/batch
2026-04-21 02:47:37,467 - Epoch 20, Batch 550, lr = 0.00005, final_loss = 4.2464, nll_loss = 4.1234, ref_nll_loss = 4.3695, ivc_loss = 0.0269, neg_loss_1 = 0.0006, neg_loss_2 = 0.0002, ref_loss = 0.0090, div_loss = 0.0730, 0.788 seconds/batch
2026-04-21 02:48:21,095 - Epoch 20, Batch 600, lr = 0.00005, final_loss = 4.2529, nll_loss = 4.1301, ref_nll_loss = 4.3756, ivc_loss = 0.0293, neg_loss_1 = 0.0005, neg_loss_2 = 0.0002, ref_loss = 0.0102, div_loss = 0.0749, 0.795 seconds/batch
2026-04-21 02:49:04,719 - Epoch 20, Batch 650, lr = 0.00005, final_loss = 4.2385, nll_loss = 4.1158, ref_nll_loss = 4.3613, ivc_loss = 0.0265, neg_loss_1 = 0.0001, neg_loss_2 = 0.0002, ref_loss = 0.0092, div_loss = 0.0736, 0.801 seconds/batch
2026-04-21 02:49:48,311 - Epoch 20, Batch 700, lr = 0.00005, final_loss = 4.2333, nll_loss = 4.1137, ref_nll_loss = 4.3528, ivc_loss = 0.0284, neg_loss_1 = 0.0004, neg_loss_2 = 0.0001, ref_loss = 0.0101, div_loss = 0.0724, 0.806 seconds/batch
2026-04-21 02:50:31,934 - Epoch 20, Batch 750, lr = 0.00005, final_loss = 4.2351, nll_loss = 4.1126, ref_nll_loss = 4.3576, ivc_loss = 0.0303, neg_loss_1 = 0.0005, neg_loss_2 = 0.0004, ref_loss = 0.0107, div_loss = 0.0724, 0.811 seconds/batch
2026-04-21 02:51:15,551 - Epoch 20, Batch 800, lr = 0.00005, final_loss = 4.2235, nll_loss = 4.1028, ref_nll_loss = 4.3442, ivc_loss = 0.0297, neg_loss_1 = 0.0003, neg_loss_2 = 0.0003, ref_loss = 0.0105, div_loss = 0.0735, 0.815 seconds/batch
2026-04-21 02:51:59,166 - Epoch 20, Batch 850, lr = 0.00005, final_loss = 4.2234, nll_loss = 4.0992, ref_nll_loss = 4.3475, ivc_loss = 0.0261, neg_loss_1 = 0.0002, neg_loss_2 = 0.0002, ref_loss = 0.0089, div_loss = 0.0745, 0.818 seconds/batch
2026-04-21 02:52:42,790 - Epoch 20, Batch 900, lr = 0.00005, final_loss = 4.2062, nll_loss = 4.0812, ref_nll_loss = 4.3312, ivc_loss = 0.0258, neg_loss_1 = 0.0001, neg_loss_2 = 0.0000, ref_loss = 0.0091, div_loss = 0.0747, 0.821 seconds/batch
2026-04-21 02:53:26,400 - Epoch 20, Batch 950, lr = 0.00005, final_loss = 4.2314, nll_loss = 4.1108, ref_nll_loss = 4.3521, ivc_loss = 0.0267, neg_loss_1 = 0.0001, neg_loss_2 = 0.0001, ref_loss = 0.0094, div_loss = 0.0752, 0.824 seconds/batch
2026-04-21 02:54:09,944 - Epoch 20, Batch 1000, lr = 0.00005, final_loss = 4.2370, nll_loss = 4.1128, ref_nll_loss = 4.3612, ivc_loss = 0.0279, neg_loss_1 = 0.0004, neg_loss_2 = 0.0003, ref_loss = 0.0095, div_loss = 0.0749, 0.826 seconds/batch
2026-04-21 02:54:53,467 - Epoch 20, Batch 1050, lr = 0.00005, final_loss = 4.2521, nll_loss = 4.1286, ref_nll_loss = 4.3756, ivc_loss = 0.0302, neg_loss_1 = 0.0003, neg_loss_2 = 0.0002, ref_loss = 0.0109, div_loss = 0.0750, 0.828 seconds/batch
2026-04-21 02:55:37,018 - Epoch 20, Batch 1100, lr = 0.00005, final_loss = 4.2490, nll_loss = 4.1250, ref_nll_loss = 4.3731, ivc_loss = 0.0286, neg_loss_1 = 0.0003, neg_loss_2 = 0.0003, ref_loss = 0.0100, div_loss = 0.0744, 0.830 seconds/batch
2026-04-21 02:56:18,307 - Epoch 20, Batch 1150, lr = 0.00005, final_loss = 4.2263, nll_loss = 4.1065, ref_nll_loss = 4.3462, ivc_loss = 0.0280, neg_loss_1 = 0.0007, neg_loss_2 = 0.0001, ref_loss = 0.0095, div_loss = 0.0737, 0.830 seconds/batch
2026-04-21 02:56:32,744 - Epoch 20, Batch 1170, lr = 0.00005, final_loss = 4.2620, nll_loss = 4.1377, ref_nll_loss = 4.3863, ivc_loss = 0.0264, neg_loss_1 = 0.0002, neg_loss_2 = 0.0000, ref_loss = 0.0092, div_loss = 0.0746, 0.828 seconds/batch
2026-04-21 02:56:32,821 - save model to checkpoints/activitynet_moe_noaux/cpl_moe2_noaux/model-20.pt, num_updates 23400.
2026-04-21 03:00:16,641 - | R@1,mIoU 0.3552 | R@1,IoU@0.1 0.7761 | R@1,IoU@0.3 0.5091 | R@1,IoU@0.5 0.2832 | R@1,IoU@0.7 0.1421 | R@1,IoU@0.9 0.0567 | R@5,mIoU 0.4549 | R@5,IoU@0.1 0.8850 | R@5,IoU@0.3 0.6432 | R@5,IoU@0.5 0.4246 | R@5,IoU@0.7 0.2377 | R@5,IoU@0.9 0.0793 |
2026-04-21 03:00:16,641 - ============================================================
2026-04-21 03:00:16,641 - Start Epoch 21
2026-04-21 03:00:49,380 - Epoch 21, Batch 50, lr = 0.00005, final_loss = 4.1797, nll_loss = 4.0515, ref_nll_loss = 4.3079, ivc_loss = 0.0241, neg_loss_1 = 0.0004, neg_loss_2 = 0.0000, ref_loss = 0.0079, div_loss = 0.0747, 0.655 seconds/batch
2026-04-21 03:01:26,021 - Epoch 21, Batch 100, lr = 0.00005, final_loss = 4.1903, nll_loss = 4.0680, ref_nll_loss = 4.3127, ivc_loss = 0.0263, neg_loss_1 = 0.0001, neg_loss_2 = 0.0002, ref_loss = 0.0091, div_loss = 0.0750, 0.694 seconds/batch
2026-04-21 03:02:02,656 - Epoch 21, Batch 150, lr = 0.00005, final_loss = 4.2160, nll_loss = 4.0930, ref_nll_loss = 4.3391, ivc_loss = 0.0268, neg_loss_1 = 0.0003, neg_loss_2 = 0.0001, ref_loss = 0.0093, div_loss = 0.0740, 0.707 seconds/batch
2026-04-21 03:02:39,321 - Epoch 21, Batch 200, lr = 0.00005, final_loss = 4.1909, nll_loss = 4.0656, ref_nll_loss = 4.3162, ivc_loss = 0.0255, neg_loss_1 = 0.0005, neg_loss_2 = 0.0002, ref_loss = 0.0084, div_loss = 0.0739, 0.713 seconds/batch
2026-04-21 03:03:16,005 - Epoch 21, Batch 250, lr = 0.00005, final_loss = 4.1879, nll_loss = 4.0628, ref_nll_loss = 4.3130, ivc_loss = 0.0265, neg_loss_1 = 0.0002, neg_loss_2 = 0.0000, ref_loss = 0.0093, div_loss = 0.0742, 0.717 seconds/batch
2026-04-21 03:03:52,683 - Epoch 21, Batch 300, lr = 0.00005, final_loss = 4.1937, nll_loss = 4.0683, ref_nll_loss = 4.3190, ivc_loss = 0.0270, neg_loss_1 = 0.0003, neg_loss_2 = 0.0001, ref_loss = 0.0095, div_loss = 0.0735, 0.720 seconds/batch
2026-04-21 03:04:35,900 - Epoch 21, Batch 350, lr = 0.00005, final_loss = 4.2322, nll_loss = 4.1097, ref_nll_loss = 4.3546, ivc_loss = 0.0312, neg_loss_1 = 0.0004, neg_loss_2 = 0.0004, ref_loss = 0.0110, div_loss = 0.0755, 0.741 seconds/batch
2026-04-21 03:05:19,327 - Epoch 21, Batch 400, lr = 0.00005, final_loss = 4.2208, nll_loss = 4.0970, ref_nll_loss = 4.3445, ivc_loss = 0.0277, neg_loss_1 = 0.0002, neg_loss_2 = 0.0002, ref_loss = 0.0097, div_loss = 0.0763, 0.757 seconds/batch
2026-04-21 03:06:02,779 - Epoch 21, Batch 450, lr = 0.00005, final_loss = 4.2116, nll_loss = 4.0862, ref_nll_loss = 4.3369, ivc_loss = 0.0271, neg_loss_1 = 0.0002, neg_loss_2 = 0.0001, ref_loss = 0.0095, div_loss = 0.0750, 0.769 seconds/batch
2026-04-21 03:06:46,219 - Epoch 21, Batch 500, lr = 0.00005, final_loss = 4.2171, nll_loss = 4.0895, ref_nll_loss = 4.3447, ivc_loss = 0.0262, neg_loss_1 = 0.0001, neg_loss_2 = 0.0001, ref_loss = 0.0093, div_loss = 0.0733, 0.779 seconds/batch
2026-04-21 03:07:29,619 - Epoch 21, Batch 550, lr = 0.00005, final_loss = 4.2028, nll_loss = 4.0780, ref_nll_loss = 4.3276, ivc_loss = 0.0240, neg_loss_1 = 0.0001, neg_loss_2 = 0.0001, ref_loss = 0.0081, div_loss = 0.0763, 0.787 seconds/batch
2026-04-21 03:08:13,036 - Epoch 21, Batch 600, lr = 0.00005, final_loss = 4.2134, nll_loss = 4.0903, ref_nll_loss = 4.3364, ivc_loss = 0.0271, neg_loss_1 = 0.0002, neg_loss_2 = 0.0003, ref_loss = 0.0093, div_loss = 0.0760, 0.794 seconds/batch
2026-04-21 03:08:56,408 - Epoch 21, Batch 650, lr = 0.00005, final_loss = 4.1902, nll_loss = 4.0649, ref_nll_loss = 4.3155, ivc_loss = 0.0263, neg_loss_1 = 0.0004, neg_loss_2 = 0.0002, ref_loss = 0.0087, div_loss = 0.0755, 0.800 seconds/batch
2026-04-21 03:09:39,782 - Epoch 21, Batch 700, lr = 0.00005, final_loss = 4.2037, nll_loss = 4.0783, ref_nll_loss = 4.3291, ivc_loss = 0.0270, neg_loss_1 = 0.0002, neg_loss_2 = 0.0002, ref_loss = 0.0093, div_loss = 0.0765, 0.804 seconds/batch
2026-04-21 03:10:23,286 - Epoch 21, Batch 750, lr = 0.00005, final_loss = 4.1949, nll_loss = 4.0698, ref_nll_loss = 4.3200, ivc_loss = 0.0264, neg_loss_1 = 0.0002, neg_loss_2 = 0.0000, ref_loss = 0.0092, div_loss = 0.0747, 0.809 seconds/batch
2026-04-21 03:11:06,865 - Epoch 21, Batch 800, lr = 0.00005, final_loss = 4.2410, nll_loss = 4.1157, ref_nll_loss = 4.3662, ivc_loss = 0.0279, neg_loss_1 = 0.0006, neg_loss_2 = 0.0004, ref_loss = 0.0093, div_loss = 0.0743, 0.813 seconds/batch
2026-04-21 03:11:50,320 - Epoch 21, Batch 850, lr = 0.00005, final_loss = 4.2232, nll_loss = 4.0992, ref_nll_loss = 4.3472, ivc_loss = 0.0285, neg_loss_1 = 0.0002, neg_loss_2 = 0.0003, ref_loss = 0.0101, div_loss = 0.0734, 0.816 seconds/batch
2026-04-21 03:12:33,753 - Epoch 21, Batch 900, lr = 0.00005, final_loss = 4.2117, nll_loss = 4.0879, ref_nll_loss = 4.3356, ivc_loss = 0.0276, neg_loss_1 = 0.0004, neg_loss_2 = 0.0002, ref_loss = 0.0095, div_loss = 0.0737, 0.819 seconds/batch
2026-04-21 03:13:17,183 - Epoch 21, Batch 950, lr = 0.00005, final_loss = 4.2354, nll_loss = 4.1127, ref_nll_loss = 4.3582, ivc_loss = 0.0273, neg_loss_1 = 0.0004, neg_loss_2 = 0.0001, ref_loss = 0.0094, div_loss = 0.0738, 0.822 seconds/batch
2026-04-21 03:14:00,597 - Epoch 21, Batch 1000, lr = 0.00005, final_loss = 4.2630, nll_loss = 4.1381, ref_nll_loss = 4.3880, ivc_loss = 0.0289, neg_loss_1 = 0.0005, neg_loss_2 = 0.0001, ref_loss = 0.0101, div_loss = 0.0742, 0.824 seconds/batch
2026-04-21 03:14:44,034 - Epoch 21, Batch 1050, lr = 0.00005, final_loss = 4.2071, nll_loss = 4.0836, ref_nll_loss = 4.3306, ivc_loss = 0.0266, neg_loss_1 = 0.0000, neg_loss_2 = 0.0004, ref_loss = 0.0091, div_loss = 0.0757, 0.826 seconds/batch
2026-04-21 03:15:27,435 - Epoch 21, Batch 1100, lr = 0.00005, final_loss = 4.2368, nll_loss = 4.1168, ref_nll_loss = 4.3567, ivc_loss = 0.0277, neg_loss_1 = 0.0006, neg_loss_2 = 0.0002, ref_loss = 0.0092, div_loss = 0.0766, 0.828 seconds/batch
2026-04-21 03:16:08,747 - Epoch 21, Batch 1150, lr = 0.00005, final_loss = 4.1919, nll_loss = 4.0674, ref_nll_loss = 4.3165, ivc_loss = 0.0276, neg_loss_1 = 0.0004, neg_loss_2 = 0.0001, ref_loss = 0.0095, div_loss = 0.0754, 0.828 seconds/batch
2026-04-21 03:16:23,212 - Epoch 21, Batch 1170, lr = 0.00005, final_loss = 4.2167, nll_loss = 4.0875, ref_nll_loss = 4.3458, ivc_loss = 0.0252, neg_loss_1 = 0.0003, neg_loss_2 = 0.0000, ref_loss = 0.0085, div_loss = 0.0765, 0.826 seconds/batch
2026-04-21 03:16:23,288 - save model to checkpoints/activitynet_moe_noaux/cpl_moe2_noaux/model-21.pt, num_updates 24570.
2026-04-21 03:20:07,231 - | R@1,mIoU 0.3525 | R@1,IoU@0.1 0.7667 | R@1,IoU@0.3 0.5090 | R@1,IoU@0.5 0.2836 | R@1,IoU@0.7 0.1418 | R@1,IoU@0.9 0.0565 | R@5,mIoU 0.4479 | R@5,IoU@0.1 0.8827 | R@5,IoU@0.3 0.6323 | R@5,IoU@0.5 0.4165 | R@5,IoU@0.7 0.2291 | R@5,IoU@0.9 0.0769 |
2026-04-21 03:20:07,231 - ============================================================
2026-04-21 03:20:07,231 - Start Epoch 22
2026-04-21 03:20:39,799 - Epoch 22, Batch 50, lr = 0.00005, final_loss = 4.1937, nll_loss = 4.0689, ref_nll_loss = 4.3185, ivc_loss = 0.0257, neg_loss_1 = 0.0003, neg_loss_2 = 0.0003, ref_loss = 0.0085, div_loss = 0.0757, 0.651 seconds/batch
2026-04-21 03:21:16,532 - Epoch 22, Batch 100, lr = 0.00005, final_loss = 4.1742, nll_loss = 4.0486, ref_nll_loss = 4.2998, ivc_loss = 0.0256, neg_loss_1 = 0.0003, neg_loss_2 = 0.0002, ref_loss = 0.0086, div_loss = 0.0751, 0.693 seconds/batch
2026-04-21 03:21:53,397 - Epoch 22, Batch 150, lr = 0.00005, final_loss = 4.1556, nll_loss = 4.0306, ref_nll_loss = 4.2805, ivc_loss = 0.0263, neg_loss_1 = 0.0003, neg_loss_2 = 0.0001, ref_loss = 0.0090, div_loss = 0.0751, 0.708 seconds/batch
2026-04-21 03:22:30,071 - Epoch 22, Batch 200, lr = 0.00005, final_loss = 4.1871, nll_loss = 4.0620, ref_nll_loss = 4.3122, ivc_loss = 0.0284, neg_loss_1 = 0.0003, neg_loss_2 = 0.0001, ref_loss = 0.0102, div_loss = 0.0736, 0.714 seconds/batch
2026-04-21 03:23:06,752 - Epoch 22, Batch 250, lr = 0.00005, final_loss = 4.2001, nll_loss = 4.0750, ref_nll_loss = 4.3251, ivc_loss = 0.0269, neg_loss_1 = 0.0001, neg_loss_2 = 0.0003, ref_loss = 0.0093, div_loss = 0.0750, 0.718 seconds/batch
2026-04-21 03:23:43,485 - Epoch 22, Batch 300, lr = 0.00005, final_loss = 4.2036, nll_loss = 4.0792, ref_nll_loss = 4.3280, ivc_loss = 0.0271, neg_loss_1 = 0.0006, neg_loss_2 = 0.0003, ref_loss = 0.0089, div_loss = 0.0753, 0.721 seconds/batch
2026-04-21 03:24:26,874 - Epoch 22, Batch 350, lr = 0.00005, final_loss = 4.1639, nll_loss = 4.0399, ref_nll_loss = 4.2880, ivc_loss = 0.0267, neg_loss_1 = 0.0004, neg_loss_2 = 0.0002, ref_loss = 0.0089, div_loss = 0.0744, 0.742 seconds/batch
2026-04-21 03:25:10,509 - Epoch 22, Batch 400, lr = 0.00005, final_loss = 4.1706, nll_loss = 4.0433, ref_nll_loss = 4.2979, ivc_loss = 0.0228, neg_loss_1 = 0.0002, neg_loss_2 = 0.0001, ref_loss = 0.0074, div_loss = 0.0755, 0.758 seconds/batch
2026-04-21 03:25:54,239 - Epoch 22, Batch 450, lr = 0.00005, final_loss = 4.2113, nll_loss = 4.0863, ref_nll_loss = 4.3363, ivc_loss = 0.0263, neg_loss_1 = 0.0001, neg_loss_2 = 0.0001, ref_loss = 0.0092, div_loss = 0.0758, 0.771 seconds/batch
2026-04-21 03:26:37,880 - Epoch 22, Batch 500, lr = 0.00005, final_loss = 4.1867, nll_loss = 4.0637, ref_nll_loss = 4.3098, ivc_loss = 0.0278, neg_loss_1 = 0.0002, neg_loss_2 = 0.0000, ref_loss = 0.0098, div_loss = 0.0766, 0.781 seconds/batch
2026-04-21 03:27:21,509 - Epoch 22, Batch 550, lr = 0.00005, final_loss = 4.1740, nll_loss = 4.0468, ref_nll_loss = 4.3012, ivc_loss = 0.0256, neg_loss_1 = 0.0000, neg_loss_2 = 0.0001, ref_loss = 0.0088, div_loss = 0.0772, 0.790 seconds/batch
2026-04-21 03:28:05,145 - Epoch 22, Batch 600, lr = 0.00005, final_loss = 4.1966, nll_loss = 4.0702, ref_nll_loss = 4.3231, ivc_loss = 0.0261, neg_loss_1 = 0.0004, neg_loss_2 = 0.0002, ref_loss = 0.0086, div_loss = 0.0757, 0.797 seconds/batch
2026-04-21 03:28:48,787 - Epoch 22, Batch 650, lr = 0.00005, final_loss = 4.2183, nll_loss = 4.0914, ref_nll_loss = 4.3453, ivc_loss = 0.0250, neg_loss_1 = 0.0001, neg_loss_2 = 0.0002, ref_loss = 0.0085, div_loss = 0.0752, 0.802 seconds/batch
2026-04-21 03:29:32,443 - Epoch 22, Batch 700, lr = 0.00005, final_loss = 4.2290, nll_loss = 4.1026, ref_nll_loss = 4.3553, ivc_loss = 0.0275, neg_loss_1 = 0.0005, neg_loss_2 = 0.0001, ref_loss = 0.0095, div_loss = 0.0751, 0.807 seconds/batch
2026-04-21 03:30:16,159 - Epoch 22, Batch 750, lr = 0.00005, final_loss = 4.1784, nll_loss = 4.0508, ref_nll_loss = 4.3059, ivc_loss = 0.0263, neg_loss_1 = 0.0007, neg_loss_2 = 0.0001, ref_loss = 0.0086, div_loss = 0.0754, 0.812 seconds/batch
2026-04-21 03:30:59,809 - Epoch 22, Batch 800, lr = 0.00005, final_loss = 4.1849, nll_loss = 4.0610, ref_nll_loss = 4.3088, ivc_loss = 0.0259, neg_loss_1 = 0.0002, neg_loss_2 = 0.0002, ref_loss = 0.0089, div_loss = 0.0736, 0.816 seconds/batch
2026-04-21 03:31:43,354 - Epoch 22, Batch 850, lr = 0.00005, final_loss = 4.1982, nll_loss = 4.0738, ref_nll_loss = 4.3226, ivc_loss = 0.0270, neg_loss_1 = 0.0002, neg_loss_2 = 0.0002, ref_loss = 0.0094, div_loss = 0.0741, 0.819 seconds/batch
2026-04-21 03:32:27,006 - Epoch 22, Batch 900, lr = 0.00005, final_loss = 4.1716, nll_loss = 4.0453, ref_nll_loss = 4.2979, ivc_loss = 0.0266, neg_loss_1 = 0.0001, neg_loss_2 = 0.0001, ref_loss = 0.0093, div_loss = 0.0755, 0.822 seconds/batch
2026-04-21 03:33:10,630 - Epoch 22, Batch 950, lr = 0.00005, final_loss = 4.1679, nll_loss = 4.0410, ref_nll_loss = 4.2948, ivc_loss = 0.0286, neg_loss_1 = 0.0003, neg_loss_2 = 0.0001, ref_loss = 0.0101, div_loss = 0.0758, 0.825 seconds/batch
2026-04-21 03:33:54,258 - Epoch 22, Batch 1000, lr = 0.00005, final_loss = 4.1935, nll_loss = 4.0676, ref_nll_loss = 4.3193, ivc_loss = 0.0272, neg_loss_1 = 0.0002, neg_loss_2 = 0.0001, ref_loss = 0.0097, div_loss = 0.0742, 0.827 seconds/batch
2026-04-21 03:34:37,878 - Epoch 22, Batch 1050, lr = 0.00005, final_loss = 4.2135, nll_loss = 4.0889, ref_nll_loss = 4.3381, ivc_loss = 0.0275, neg_loss_1 = 0.0003, neg_loss_2 = 0.0001, ref_loss = 0.0095, div_loss = 0.0759, 0.829 seconds/batch
2026-04-21 03:35:21,524 - Epoch 22, Batch 1100, lr = 0.00005, final_loss = 4.2231, nll_loss = 4.0954, ref_nll_loss = 4.3509, ivc_loss = 0.0294, neg_loss_1 = 0.0004, neg_loss_2 = 0.0004, ref_loss = 0.0100, div_loss = 0.0773, 0.831 seconds/batch
2026-04-21 03:36:02,821 - Epoch 22, Batch 1150, lr = 0.00005, final_loss = 4.2115, nll_loss = 4.0832, ref_nll_loss = 4.3397, ivc_loss = 0.0281, neg_loss_1 = 0.0003, neg_loss_2 = 0.0003, ref_loss = 0.0097, div_loss = 0.0759, 0.831 seconds/batch
2026-04-21 03:36:17,332 - Epoch 22, Batch 1170, lr = 0.00005, final_loss = 4.2113, nll_loss = 4.0871, ref_nll_loss = 4.3355, ivc_loss = 0.0285, neg_loss_1 = 0.0000, neg_loss_2 = 0.0000, ref_loss = 0.0104, div_loss = 0.0775, 0.829 seconds/batch
2026-04-21 03:36:17,407 - save model to checkpoints/activitynet_moe_noaux/cpl_moe2_noaux/model-22.pt, num_updates 25740.
2026-04-21 03:40:01,423 - | R@1,mIoU 0.3517 | R@1,IoU@0.1 0.7640 | R@1,IoU@0.3 0.5076 | R@1,IoU@0.5 0.2834 | R@1,IoU@0.7 0.1422 | R@1,IoU@0.9 0.0561 | R@5,mIoU 0.4476 | R@5,IoU@0.1 0.8785 | R@5,IoU@0.3 0.6328 | R@5,IoU@0.5 0.4156 | R@5,IoU@0.7 0.2323 | R@5,IoU@0.9 0.0763 |
2026-04-21 03:40:01,424 - ============================================================
2026-04-21 03:40:01,424 - Start Epoch 23
2026-04-21 03:40:33,842 - Epoch 23, Batch 50, lr = 0.00005, final_loss = 4.1773, nll_loss = 4.0529, ref_nll_loss = 4.3017, ivc_loss = 0.0289, neg_loss_1 = 0.0003, neg_loss_2 = 0.0005, ref_loss = 0.0098, div_loss = 0.0759, 0.648 seconds/batch
2026-04-21 03:41:10,510 - Epoch 23, Batch 100, lr = 0.00005, final_loss = 4.1531, nll_loss = 4.0299, ref_nll_loss = 4.2763, ivc_loss = 0.0245, neg_loss_1 = 0.0004, neg_loss_2 = 0.0001, ref_loss = 0.0080, div_loss = 0.0758, 0.691 seconds/batch
2026-04-21 03:41:47,190 - Epoch 23, Batch 150, lr = 0.00005, final_loss = 4.1666, nll_loss = 4.0398, ref_nll_loss = 4.2935, ivc_loss = 0.0259, neg_loss_1 = 0.0001, neg_loss_2 = 0.0003, ref_loss = 0.0087, div_loss = 0.0765, 0.705 seconds/batch
2026-04-21 03:42:23,871 - Epoch 23, Batch 200, lr = 0.00005, final_loss = 4.1482, nll_loss = 4.0171, ref_nll_loss = 4.2793, ivc_loss = 0.0233, neg_loss_1 = 0.0005, neg_loss_2 = 0.0001, ref_loss = 0.0072, div_loss = 0.0776, 0.712 seconds/batch
2026-04-21 03:43:00,534 - Epoch 23, Batch 250, lr = 0.00005, final_loss = 4.1939, nll_loss = 4.0650, ref_nll_loss = 4.3229, ivc_loss = 0.0276, neg_loss_1 = 0.0008, neg_loss_2 = 0.0005, ref_loss = 0.0086, div_loss = 0.0769, 0.716 seconds/batch
2026-04-21 03:43:37,173 - Epoch 23, Batch 300, lr = 0.00005, final_loss = 4.1814, nll_loss = 4.0600, ref_nll_loss = 4.3028, ivc_loss = 0.0289, neg_loss_1 = 0.0003, neg_loss_2 = 0.0003, ref_loss = 0.0102, div_loss = 0.0741, 0.719 seconds/batch
2026-04-21 03:44:20,655 - Epoch 23, Batch 350, lr = 0.00005, final_loss = 4.1842, nll_loss = 4.0557, ref_nll_loss = 4.3128, ivc_loss = 0.0277, neg_loss_1 = 0.0002, neg_loss_2 = 0.0002, ref_loss = 0.0097, div_loss = 0.0752, 0.741 seconds/batch
2026-04-21 03:45:04,214 - Epoch 23, Batch 400, lr = 0.00005, final_loss = 4.1761, nll_loss = 4.0480, ref_nll_loss = 4.3043, ivc_loss = 0.0269, neg_loss_1 = 0.0003, neg_loss_2 = 0.0005, ref_loss = 0.0088, div_loss = 0.0764, 0.757 seconds/batch
2026-04-21 03:45:47,758 - Epoch 23, Batch 450, lr = 0.00005, final_loss = 4.1459, nll_loss = 4.0178, ref_nll_loss = 4.2740, ivc_loss = 0.0262, neg_loss_1 = 0.0004, neg_loss_2 = 0.0003, ref_loss = 0.0086, div_loss = 0.0758, 0.770 seconds/batch
2026-04-21 03:46:31,379 - Epoch 23, Batch 500, lr = 0.00005, final_loss = 4.1334, nll_loss = 4.0042, ref_nll_loss = 4.2626, ivc_loss = 0.0240, neg_loss_1 = 0.0005, neg_loss_2 = 0.0002, ref_loss = 0.0075, div_loss = 0.0764, 0.780 seconds/batch
2026-04-21 03:47:14,894 - Epoch 23, Batch 550, lr = 0.00005, final_loss = 4.1572, nll_loss = 4.0330, ref_nll_loss = 4.2815, ivc_loss = 0.0261, neg_loss_1 = 0.0002, neg_loss_2 = 0.0002, ref_loss = 0.0088, div_loss = 0.0756, 0.788 seconds/batch
2026-04-21 03:47:58,500 - Epoch 23, Batch 600, lr = 0.00005, final_loss = 4.1700, nll_loss = 4.0454, ref_nll_loss = 4.2945, ivc_loss = 0.0283, neg_loss_1 = 0.0000, neg_loss_2 = 0.0000, ref_loss = 0.0104, div_loss = 0.0745, 0.795 seconds/batch
2026-04-21 03:48:42,049 - Epoch 23, Batch 650, lr = 0.00005, final_loss = 4.1663, nll_loss = 4.0368, ref_nll_loss = 4.2958, ivc_loss = 0.0296, neg_loss_1 = 0.0006, neg_loss_2 = 0.0002, ref_loss = 0.0102, div_loss = 0.0761, 0.801 seconds/batch
2026-04-21 03:49:25,671 - Epoch 23, Batch 700, lr = 0.00005, final_loss = 4.2043, nll_loss = 4.0794, ref_nll_loss = 4.3292, ivc_loss = 0.0278, neg_loss_1 = 0.0004, neg_loss_2 = 0.0002, ref_loss = 0.0094, div_loss = 0.0780, 0.806 seconds/batch
2026-04-21 03:50:09,256 - Epoch 23, Batch 750, lr = 0.00005, final_loss = 4.1609, nll_loss = 4.0336, ref_nll_loss = 4.2882, ivc_loss = 0.0253, neg_loss_1 = 0.0001, neg_loss_2 = 0.0001, ref_loss = 0.0086, div_loss = 0.0772, 0.810 seconds/batch
2026-04-21 03:50:52,828 - Epoch 23, Batch 800, lr = 0.00005, final_loss = 4.1971, nll_loss = 4.0737, ref_nll_loss = 4.3205, ivc_loss = 0.0251, neg_loss_1 = 0.0000, neg_loss_2 = 0.0004, ref_loss = 0.0084, div_loss = 0.0749, 0.814 seconds/batch
2026-04-21 03:51:36,331 - Epoch 23, Batch 850, lr = 0.00005, final_loss = 4.2101, nll_loss = 4.0832, ref_nll_loss = 4.3370, ivc_loss = 0.0262, neg_loss_1 = 0.0002, neg_loss_2 = 0.0005, ref_loss = 0.0086, div_loss = 0.0755, 0.818 seconds/batch
2026-04-21 03:52:19,865 - Epoch 23, Batch 900, lr = 0.00005, final_loss = 4.1620, nll_loss = 4.0369, ref_nll_loss = 4.2870, ivc_loss = 0.0269, neg_loss_1 = 0.0006, neg_loss_2 = 0.0002, ref_loss = 0.0089, div_loss = 0.0749, 0.820 seconds/batch
2026-04-21 03:53:03,415 - Epoch 23, Batch 950, lr = 0.00005, final_loss = 4.1586, nll_loss = 4.0320, ref_nll_loss = 4.2852, ivc_loss = 0.0253, neg_loss_1 = 0.0001, neg_loss_2 = 0.0001, ref_loss = 0.0086, div_loss = 0.0744, 0.823 seconds/batch
2026-04-21 03:53:46,963 - Epoch 23, Batch 1000, lr = 0.00005, final_loss = 4.1923, nll_loss = 4.0662, ref_nll_loss = 4.3184, ivc_loss = 0.0281, neg_loss_1 = 0.0005, neg_loss_2 = 0.0001, ref_loss = 0.0096, div_loss = 0.0753, 0.826 seconds/batch
2026-04-21 03:54:30,455 - Epoch 23, Batch 1050, lr = 0.00005, final_loss = 4.1940, nll_loss = 4.0685, ref_nll_loss = 4.3195, ivc_loss = 0.0300, neg_loss_1 = 0.0002, neg_loss_2 = 0.0005, ref_loss = 0.0105, div_loss = 0.0747, 0.828 seconds/batch
2026-04-21 03:55:14,052 - Epoch 23, Batch 1100, lr = 0.00005, final_loss = 4.1840, nll_loss = 4.0588, ref_nll_loss = 4.3091, ivc_loss = 0.0276, neg_loss_1 = 0.0005, neg_loss_2 = 0.0003, ref_loss = 0.0093, div_loss = 0.0752, 0.830 seconds/batch
2026-04-21 03:55:55,055 - Epoch 23, Batch 1150, lr = 0.00005, final_loss = 4.1864, nll_loss = 4.0594, ref_nll_loss = 4.3134, ivc_loss = 0.0260, neg_loss_1 = 0.0003, neg_loss_2 = 0.0002, ref_loss = 0.0088, div_loss = 0.0750, 0.829 seconds/batch
2026-04-21 03:56:09,543 - Epoch 23, Batch 1170, lr = 0.00005, final_loss = 4.2083, nll_loss = 4.0810, ref_nll_loss = 4.3356, ivc_loss = 0.0284, neg_loss_1 = 0.0003, neg_loss_2 = 0.0005, ref_loss = 0.0097, div_loss = 0.0736, 0.827 seconds/batch
2026-04-21 03:56:09,619 - save model to checkpoints/activitynet_moe_noaux/cpl_moe2_noaux/model-23.pt, num_updates 26910.
2026-04-21 03:59:52,977 - | R@1,mIoU 0.3515 | R@1,IoU@0.1 0.7610 | R@1,IoU@0.3 0.5081 | R@1,IoU@0.5 0.2833 | R@1,IoU@0.7 0.1422 | R@1,IoU@0.9 0.0563 | R@5,mIoU 0.4498 | R@5,IoU@0.1 0.8805 | R@5,IoU@0.3 0.6347 | R@5,IoU@0.5 0.4182 | R@5,IoU@0.7 0.2406 | R@5,IoU@0.9 0.0756 |
2026-04-21 03:59:52,977 - ============================================================
2026-04-21 03:59:52,977 - Start Epoch 24
2026-04-21 04:00:24,887 - Epoch 24, Batch 50, lr = 0.00005, final_loss = 4.1716, nll_loss = 4.0445, ref_nll_loss = 4.2987, ivc_loss = 0.0259, neg_loss_1 = 0.0004, neg_loss_2 = 0.0004, ref_loss = 0.0084, div_loss = 0.0750, 0.638 seconds/batch
2026-04-21 04:01:01,615 - Epoch 24, Batch 100, lr = 0.00005, final_loss = 4.1493, nll_loss = 4.0230, ref_nll_loss = 4.2756, ivc_loss = 0.0280, neg_loss_1 = 0.0004, neg_loss_2 = 0.0002, ref_loss = 0.0096, div_loss = 0.0763, 0.686 seconds/batch
2026-04-21 04:01:38,125 - Epoch 24, Batch 150, lr = 0.00005, final_loss = 4.1489, nll_loss = 4.0222, ref_nll_loss = 4.2756, ivc_loss = 0.0281, neg_loss_1 = 0.0002, neg_loss_2 = 0.0003, ref_loss = 0.0098, div_loss = 0.0751, 0.701 seconds/batch
2026-04-21 04:02:15,004 - Epoch 24, Batch 200, lr = 0.00005, final_loss = 4.1501, nll_loss = 4.0228, ref_nll_loss = 4.2774, ivc_loss = 0.0271, neg_loss_1 = 0.0003, neg_loss_2 = 0.0003, ref_loss = 0.0093, div_loss = 0.0730, 0.710 seconds/batch
2026-04-21 04:02:51,653 - Epoch 24, Batch 250, lr = 0.00005, final_loss = 4.1468, nll_loss = 4.0222, ref_nll_loss = 4.2714, ivc_loss = 0.0278, neg_loss_1 = 0.0003, neg_loss_2 = 0.0002, ref_loss = 0.0097, div_loss = 0.0740, 0.715 seconds/batch
2026-04-21 04:03:28,347 - Epoch 24, Batch 300, lr = 0.00005, final_loss = 4.1644, nll_loss = 4.0365, ref_nll_loss = 4.2924, ivc_loss = 0.0227, neg_loss_1 = 0.0002, neg_loss_2 = 0.0003, ref_loss = 0.0071, div_loss = 0.0740, 0.718 seconds/batch
2026-04-21 04:04:11,739 - Epoch 24, Batch 350, lr = 0.00005, final_loss = 4.1589, nll_loss = 4.0357, ref_nll_loss = 4.2821, ivc_loss = 0.0300, neg_loss_1 = 0.0006, neg_loss_2 = 0.0001, ref_loss = 0.0107, div_loss = 0.0740, 0.739 seconds/batch
2026-04-21 04:04:55,394 - Epoch 24, Batch 400, lr = 0.00005, final_loss = 4.1490, nll_loss = 4.0220, ref_nll_loss = 4.2760, ivc_loss = 0.0281, neg_loss_1 = 0.0002, neg_loss_2 = 0.0004, ref_loss = 0.0098, div_loss = 0.0736, 0.756 seconds/batch
2026-04-21 04:05:38,828 - Epoch 24, Batch 450, lr = 0.00005, final_loss = 4.1419, nll_loss = 4.0095, ref_nll_loss = 4.2743, ivc_loss = 0.0247, neg_loss_1 = 0.0002, neg_loss_2 = 0.0003, ref_loss = 0.0081, div_loss = 0.0757, 0.769 seconds/batch
2026-04-21 04:06:22,431 - Epoch 24, Batch 500, lr = 0.00005, final_loss = 4.1600, nll_loss = 4.0285, ref_nll_loss = 4.2914, ivc_loss = 0.0249, neg_loss_1 = 0.0001, neg_loss_2 = 0.0002, ref_loss = 0.0083, div_loss = 0.0756, 0.779 seconds/batch
2026-04-21 04:07:06,046 - Epoch 24, Batch 550, lr = 0.00005, final_loss = 4.1296, nll_loss = 4.0033, ref_nll_loss = 4.2559, ivc_loss = 0.0271, neg_loss_1 = 0.0003, neg_loss_2 = 0.0005, ref_loss = 0.0090, div_loss = 0.0746, 0.787 seconds/batch
2026-04-21 04:07:49,646 - Epoch 24, Batch 600, lr = 0.00005, final_loss = 4.1430, nll_loss = 4.0119, ref_nll_loss = 4.2741, ivc_loss = 0.0259, neg_loss_1 = 0.0001, neg_loss_2 = 0.0003, ref_loss = 0.0088, div_loss = 0.0751, 0.794 seconds/batch
2026-04-21 04:08:33,310 - Epoch 24, Batch 650, lr = 0.00005, final_loss = 4.1522, nll_loss = 4.0234, ref_nll_loss = 4.2810, ivc_loss = 0.0261, neg_loss_1 = 0.0001, neg_loss_2 = 0.0001, ref_loss = 0.0090, div_loss = 0.0761, 0.801 seconds/batch
2026-04-21 04:09:16,946 - Epoch 24, Batch 700, lr = 0.00005, final_loss = 4.1585, nll_loss = 4.0316, ref_nll_loss = 4.2855, ivc_loss = 0.0288, neg_loss_1 = 0.0001, neg_loss_2 = 0.0002, ref_loss = 0.0103, div_loss = 0.0755, 0.806 seconds/batch
2026-04-21 04:10:00,578 - Epoch 24, Batch 750, lr = 0.00005, final_loss = 4.1212, nll_loss = 3.9954, ref_nll_loss = 4.2471, ivc_loss = 0.0282, neg_loss_1 = 0.0002, neg_loss_2 = 0.0004, ref_loss = 0.0096, div_loss = 0.0766, 0.810 seconds/batch
2026-04-21 04:10:44,186 - Epoch 24, Batch 800, lr = 0.00005, final_loss = 4.1808, nll_loss = 4.0536, ref_nll_loss = 4.3079, ivc_loss = 0.0271, neg_loss_1 = 0.0003, neg_loss_2 = 0.0001, ref_loss = 0.0093, div_loss = 0.0770, 0.814 seconds/batch
2026-04-21 04:11:27,807 - Epoch 24, Batch 850, lr = 0.00005, final_loss = 4.1471, nll_loss = 4.0202, ref_nll_loss = 4.2740, ivc_loss = 0.0289, neg_loss_1 = 0.0004, neg_loss_2 = 0.0002, ref_loss = 0.0101, div_loss = 0.0760, 0.817 seconds/batch
2026-04-21 04:12:11,378 - Epoch 24, Batch 900, lr = 0.00005, final_loss = 4.1781, nll_loss = 4.0461, ref_nll_loss = 4.3102, ivc_loss = 0.0266, neg_loss_1 = 0.0004, neg_loss_2 = 0.0003, ref_loss = 0.0087, div_loss = 0.0770, 0.820 seconds/batch
2026-04-21 04:12:54,928 - Epoch 24, Batch 950, lr = 0.00005, final_loss = 4.1481, nll_loss = 4.0222, ref_nll_loss = 4.2740, ivc_loss = 0.0283, neg_loss_1 = 0.0004, neg_loss_2 = 0.0001, ref_loss = 0.0098, div_loss = 0.0758, 0.823 seconds/batch
2026-04-21 04:13:38,491 - Epoch 24, Batch 1000, lr = 0.00005, final_loss = 4.1663, nll_loss = 4.0390, ref_nll_loss = 4.2936, ivc_loss = 0.0269, neg_loss_1 = 0.0004, neg_loss_2 = 0.0001, ref_loss = 0.0092, div_loss = 0.0737, 0.826 seconds/batch
2026-04-21 04:14:22,115 - Epoch 24, Batch 1050, lr = 0.00005, final_loss = 4.1772, nll_loss = 4.0476, ref_nll_loss = 4.3067, ivc_loss = 0.0252, neg_loss_1 = 0.0002, neg_loss_2 = 0.0004, ref_loss = 0.0083, div_loss = 0.0745, 0.828 seconds/batch
2026-04-21 04:15:05,760 - Epoch 24, Batch 1100, lr = 0.00005, final_loss = 4.1755, nll_loss = 4.0490, ref_nll_loss = 4.3019, ivc_loss = 0.0270, neg_loss_1 = 0.0006, neg_loss_2 = 0.0001, ref_loss = 0.0090, div_loss = 0.0758, 0.830 seconds/batch
2026-04-21 04:15:46,889 - Epoch 24, Batch 1150, lr = 0.00005, final_loss = 4.1334, nll_loss = 4.0039, ref_nll_loss = 4.2630, ivc_loss = 0.0256, neg_loss_1 = 0.0001, neg_loss_2 = 0.0002, ref_loss = 0.0087, div_loss = 0.0751, 0.829 seconds/batch
2026-04-21 04:16:01,415 - Epoch 24, Batch 1170, lr = 0.00005, final_loss = 4.1449, nll_loss = 4.0164, ref_nll_loss = 4.2734, ivc_loss = 0.0228, neg_loss_1 = 0.0004, neg_loss_2 = 0.0002, ref_loss = 0.0070, div_loss = 0.0769, 0.828 seconds/batch
2026-04-21 04:16:01,492 - save model to checkpoints/activitynet_moe_noaux/cpl_moe2_noaux/model-24.pt, num_updates 28080.
2026-04-21 04:19:46,409 - | R@1,mIoU 0.3516 | R@1,IoU@0.1 0.7667 | R@1,IoU@0.3 0.5081 | R@1,IoU@0.5 0.2817 | R@1,IoU@0.7 0.1413 | R@1,IoU@0.9 0.0569 | R@5,mIoU 0.4510 | R@5,IoU@0.1 0.8826 | R@5,IoU@0.3 0.6402 | R@5,IoU@0.5 0.4202 | R@5,IoU@0.7 0.2343 | R@5,IoU@0.9 0.0778 |
2026-04-21 04:19:46,409 - ============================================================
2026-04-21 04:19:46,409 - Start Epoch 25
2026-04-21 04:20:18,158 - Epoch 25, Batch 50, lr = 0.00005, final_loss = 4.1526, nll_loss = 4.0255, ref_nll_loss = 4.2796, ivc_loss = 0.0260, neg_loss_1 = 0.0001, neg_loss_2 = 0.0001, ref_loss = 0.0090, div_loss = 0.0753, 0.635 seconds/batch
2026-04-21 04:20:54,910 - Epoch 25, Batch 100, lr = 0.00005, final_loss = 4.1089, nll_loss = 3.9799, ref_nll_loss = 4.2378, ivc_loss = 0.0260, neg_loss_1 = 0.0002, neg_loss_2 = 0.0001, ref_loss = 0.0089, div_loss = 0.0766, 0.685 seconds/batch
2026-04-21 04:21:31,449 - Epoch 25, Batch 150, lr = 0.00005, final_loss = 4.1009, nll_loss = 3.9697, ref_nll_loss = 4.2320, ivc_loss = 0.0263, neg_loss_1 = 0.0003, neg_loss_2 = 0.0001, ref_loss = 0.0089, div_loss = 0.0772, 0.700 seconds/batch
2026-04-21 04:22:08,001 - Epoch 25, Batch 200, lr = 0.00005, final_loss = 4.1440, nll_loss = 4.0164, ref_nll_loss = 4.2716, ivc_loss = 0.0254, neg_loss_1 = 0.0003, neg_loss_2 = 0.0002, ref_loss = 0.0084, div_loss = 0.0757, 0.708 seconds/batch
2026-04-21 04:22:44,569 - Epoch 25, Batch 250, lr = 0.00005, final_loss = 4.1588, nll_loss = 4.0348, ref_nll_loss = 4.2829, ivc_loss = 0.0302, neg_loss_1 = 0.0002, neg_loss_2 = 0.0000, ref_loss = 0.0111, div_loss = 0.0766, 0.713 seconds/batch
2026-04-21 04:23:21,135 - Epoch 25, Batch 300, lr = 0.00005, final_loss = 4.1407, nll_loss = 4.0149, ref_nll_loss = 4.2666, ivc_loss = 0.0272, neg_loss_1 = 0.0004, neg_loss_2 = 0.0001, ref_loss = 0.0094, div_loss = 0.0742, 0.716 seconds/batch
2026-04-21 04:24:04,456 - Epoch 25, Batch 350, lr = 0.00005, final_loss = 4.1356, nll_loss = 4.0077, ref_nll_loss = 4.2635, ivc_loss = 0.0244, neg_loss_1 = 0.0001, neg_loss_2 = 0.0001, ref_loss = 0.0082, div_loss = 0.0759, 0.737 seconds/batch
2026-04-21 04:24:47,909 - Epoch 25, Batch 400, lr = 0.00005, final_loss = 4.1146, nll_loss = 3.9847, ref_nll_loss = 4.2445, ivc_loss = 0.0277, neg_loss_1 = 0.0001, neg_loss_2 = 0.0001, ref_loss = 0.0098, div_loss = 0.0754, 0.754 seconds/batch
2026-04-21 04:25:31,377 - Epoch 25, Batch 450, lr = 0.00005, final_loss = 4.1182, nll_loss = 3.9907, ref_nll_loss = 4.2456, ivc_loss = 0.0259, neg_loss_1 = 0.0000, neg_loss_2 = 0.0002, ref_loss = 0.0089, div_loss = 0.0761, 0.767 seconds/batch
2026-04-21 04:26:14,835 - Epoch 25, Batch 500, lr = 0.00005, final_loss = 4.1232, nll_loss = 3.9967, ref_nll_loss = 4.2496, ivc_loss = 0.0278, neg_loss_1 = 0.0002, neg_loss_2 = 0.0002, ref_loss = 0.0097, div_loss = 0.0768, 0.777 seconds/batch
2026-04-21 04:26:58,350 - Epoch 25, Batch 550, lr = 0.00005, final_loss = 4.1450, nll_loss = 4.0150, ref_nll_loss = 4.2750, ivc_loss = 0.0273, neg_loss_1 = 0.0002, neg_loss_2 = 0.0001, ref_loss = 0.0095, div_loss = 0.0765, 0.785 seconds/batch
2026-04-21 04:27:41,916 - Epoch 25, Batch 600, lr = 0.00005, final_loss = 4.1255, nll_loss = 3.9968, ref_nll_loss = 4.2543, ivc_loss = 0.0281, neg_loss_1 = 0.0003, neg_loss_2 = 0.0003, ref_loss = 0.0097, div_loss = 0.0745, 0.793 seconds/batch
2026-04-21 04:28:25,416 - Epoch 25, Batch 650, lr = 0.00005, final_loss = 4.1426, nll_loss = 4.0132, ref_nll_loss = 4.2721, ivc_loss = 0.0250, neg_loss_1 = 0.0000, neg_loss_2 = 0.0004, ref_loss = 0.0083, div_loss = 0.0757, 0.798 seconds/batch
2026-04-21 04:29:08,877 - Epoch 25, Batch 700, lr = 0.00005, final_loss = 4.1362, nll_loss = 4.0093, ref_nll_loss = 4.2631, ivc_loss = 0.0256, neg_loss_1 = 0.0003, neg_loss_2 = 0.0002, ref_loss = 0.0084, div_loss = 0.0770, 0.804 seconds/batch
2026-04-21 04:29:52,343 - Epoch 25, Batch 750, lr = 0.00005, final_loss = 4.1594, nll_loss = 4.0317, ref_nll_loss = 4.2871, ivc_loss = 0.0288, neg_loss_1 = 0.0002, neg_loss_2 = 0.0004, ref_loss = 0.0100, div_loss = 0.0758, 0.808 seconds/batch
2026-04-21 04:30:35,745 - Epoch 25, Batch 800, lr = 0.00005, final_loss = 4.1258, nll_loss = 3.9979, ref_nll_loss = 4.2536, ivc_loss = 0.0282, neg_loss_1 = 0.0006, neg_loss_2 = 0.0000, ref_loss = 0.0098, div_loss = 0.0750, 0.812 seconds/batch
2026-04-21 04:31:19,174 - Epoch 25, Batch 850, lr = 0.00005, final_loss = 4.1801, nll_loss = 4.0551, ref_nll_loss = 4.3051, ivc_loss = 0.0285, neg_loss_1 = 0.0001, neg_loss_2 = 0.0002, ref_loss = 0.0101, div_loss = 0.0762, 0.815 seconds/batch
2026-04-21 04:32:02,609 - Epoch 25, Batch 900, lr = 0.00005, final_loss = 4.1492, nll_loss = 4.0192, ref_nll_loss = 4.2792, ivc_loss = 0.0280, neg_loss_1 = 0.0006, neg_loss_2 = 0.0002, ref_loss = 0.0094, div_loss = 0.0761, 0.818 seconds/batch
2026-04-21 04:32:46,063 - Epoch 25, Batch 950, lr = 0.00005, final_loss = 4.1398, nll_loss = 4.0062, ref_nll_loss = 4.2734, ivc_loss = 0.0253, neg_loss_1 = 0.0003, neg_loss_2 = 0.0001, ref_loss = 0.0084, div_loss = 0.0766, 0.821 seconds/batch
2026-04-21 04:33:29,582 - Epoch 25, Batch 1000, lr = 0.00005, final_loss = 4.1376, nll_loss = 4.0078, ref_nll_loss = 4.2673, ivc_loss = 0.0273, neg_loss_1 = 0.0001, neg_loss_2 = 0.0003, ref_loss = 0.0095, div_loss = 0.0766, 0.823 seconds/batch
2026-04-21 04:34:12,979 - Epoch 25, Batch 1050, lr = 0.00005, final_loss = 4.1124, nll_loss = 3.9808, ref_nll_loss = 4.2440, ivc_loss = 0.0253, neg_loss_1 = 0.0002, neg_loss_2 = 0.0001, ref_loss = 0.0085, div_loss = 0.0760, 0.825 seconds/batch
2026-04-21 04:34:56,416 - Epoch 25, Batch 1100, lr = 0.00005, final_loss = 4.1563, nll_loss = 4.0285, ref_nll_loss = 4.2841, ivc_loss = 0.0282, neg_loss_1 = 0.0004, neg_loss_2 = 0.0004, ref_loss = 0.0096, div_loss = 0.0755, 0.827 seconds/batch
2026-04-21 04:35:37,434 - Epoch 25, Batch 1150, lr = 0.00005, final_loss = 4.1321, nll_loss = 4.0031, ref_nll_loss = 4.2610, ivc_loss = 0.0263, neg_loss_1 = 0.0002, neg_loss_2 = 0.0002, ref_loss = 0.0089, div_loss = 0.0761, 0.827 seconds/batch
2026-04-21 04:35:51,904 - Epoch 25, Batch 1170, lr = 0.00005, final_loss = 4.1299, nll_loss = 3.9951, ref_nll_loss = 4.2646, ivc_loss = 0.0267, neg_loss_1 = 0.0003, neg_loss_2 = 0.0002, ref_loss = 0.0091, div_loss = 0.0752, 0.825 seconds/batch
2026-04-21 04:35:51,983 - save model to checkpoints/activitynet_moe_noaux/cpl_moe2_noaux/model-25.pt, num_updates 29250.
2026-04-21 04:39:37,225 - | R@1,mIoU 0.3525 | R@1,IoU@0.1 0.7716 | R@1,IoU@0.3 0.5075 | R@1,IoU@0.5 0.2808 | R@1,IoU@0.7 0.1417 | R@1,IoU@0.9 0.0574 | R@5,mIoU 0.4495 | R@5,IoU@0.1 0.8799 | R@5,IoU@0.3 0.6359 | R@5,IoU@0.5 0.4138 | R@5,IoU@0.7 0.2347 | R@5,IoU@0.9 0.0791 |
2026-04-21 04:39:37,225 - ============================================================
2026-04-21 04:39:37,225 - Start Epoch 26
2026-04-21 04:40:09,128 - Epoch 26, Batch 50, lr = 0.00005, final_loss = 4.0990, nll_loss = 3.9692, ref_nll_loss = 4.2288, ivc_loss = 0.0260, neg_loss_1 = 0.0004, neg_loss_2 = 0.0001, ref_loss = 0.0088, div_loss = 0.0752, 0.638 seconds/batch
2026-04-21 04:40:45,806 - Epoch 26, Batch 100, lr = 0.00005, final_loss = 4.0807, nll_loss = 3.9507, ref_nll_loss = 4.2108, ivc_loss = 0.0259, neg_loss_1 = 0.0003, neg_loss_2 = 0.0002, ref_loss = 0.0087, div_loss = 0.0759, 0.686 seconds/batch
2026-04-21 04:41:22,454 - Epoch 26, Batch 150, lr = 0.00005, final_loss = 4.1331, nll_loss = 4.0069, ref_nll_loss = 4.2592, ivc_loss = 0.0301, neg_loss_1 = 0.0006, neg_loss_2 = 0.0002, ref_loss = 0.0105, div_loss = 0.0745, 0.702 seconds/batch
2026-04-21 04:41:59,122 - Epoch 26, Batch 200, lr = 0.00005, final_loss = 4.1328, nll_loss = 4.0071, ref_nll_loss = 4.2585, ivc_loss = 0.0301, neg_loss_1 = 0.0000, neg_loss_2 = 0.0000, ref_loss = 0.0113, div_loss = 0.0733, 0.709 seconds/batch
2026-04-21 04:42:35,780 - Epoch 26, Batch 250, lr = 0.00005, final_loss = 4.0925, nll_loss = 3.9658, ref_nll_loss = 4.2192, ivc_loss = 0.0255, neg_loss_1 = 0.0002, neg_loss_2 = 0.0005, ref_loss = 0.0083, div_loss = 0.0744, 0.714 seconds/batch
2026-04-21 04:43:12,443 - Epoch 26, Batch 300, lr = 0.00005, final_loss = 4.1133, nll_loss = 3.9860, ref_nll_loss = 4.2405, ivc_loss = 0.0278, neg_loss_1 = 0.0001, neg_loss_2 = 0.0000, ref_loss = 0.0100, div_loss = 0.0750, 0.717 seconds/batch
2026-04-21 04:43:55,626 - Epoch 26, Batch 350, lr = 0.00005, final_loss = 4.1374, nll_loss = 4.0077, ref_nll_loss = 4.2671, ivc_loss = 0.0246, neg_loss_1 = 0.0004, neg_loss_2 = 0.0001, ref_loss = 0.0079, div_loss = 0.0762, 0.738 seconds/batch
2026-04-21 04:44:39,075 - Epoch 26, Batch 400, lr = 0.00005, final_loss = 4.1225, nll_loss = 3.9938, ref_nll_loss = 4.2512, ivc_loss = 0.0257, neg_loss_1 = 0.0002, neg_loss_2 = 0.0001, ref_loss = 0.0089, div_loss = 0.0742, 0.755 seconds/batch
2026-04-21 04:45:22,493 - Epoch 26, Batch 450, lr = 0.00005, final_loss = 4.1172, nll_loss = 3.9898, ref_nll_loss = 4.2446, ivc_loss = 0.0283, neg_loss_1 = 0.0001, neg_loss_2 = 0.0004, ref_loss = 0.0100, div_loss = 0.0736, 0.767 seconds/batch
2026-04-21 04:46:05,890 - Epoch 26, Batch 500, lr = 0.00005, final_loss = 4.1131, nll_loss = 3.9824, ref_nll_loss = 4.2438, ivc_loss = 0.0259, neg_loss_1 = 0.0001, neg_loss_2 = 0.0002, ref_loss = 0.0088, div_loss = 0.0756, 0.777 seconds/batch
2026-04-21 04:46:49,289 - Epoch 26, Batch 550, lr = 0.00005, final_loss = 4.0769, nll_loss = 3.9433, ref_nll_loss = 4.2106, ivc_loss = 0.0239, neg_loss_1 = 0.0002, neg_loss_2 = 0.0001, ref_loss = 0.0078, div_loss = 0.0759, 0.786 seconds/batch
2026-04-21 04:47:32,620 - Epoch 26, Batch 600, lr = 0.00005, final_loss = 4.1213, nll_loss = 3.9929, ref_nll_loss = 4.2496, ivc_loss = 0.0271, neg_loss_1 = 0.0001, neg_loss_2 = 0.0001, ref_loss = 0.0096, div_loss = 0.0759, 0.792 seconds/batch
2026-04-21 04:48:16,007 - Epoch 26, Batch 650, lr = 0.00005, final_loss = 4.1372, nll_loss = 4.0115, ref_nll_loss = 4.2628, ivc_loss = 0.0284, neg_loss_1 = 0.0002, neg_loss_2 = 0.0001, ref_loss = 0.0102, div_loss = 0.0732, 0.798 seconds/batch
2026-04-21 04:48:59,475 - Epoch 26, Batch 700, lr = 0.00005, final_loss = 4.1414, nll_loss = 4.0158, ref_nll_loss = 4.2670, ivc_loss = 0.0304, neg_loss_1 = 0.0009, neg_loss_2 = 0.0002, ref_loss = 0.0105, div_loss = 0.0742, 0.803 seconds/batch
2026-04-21 04:49:42,900 - Epoch 26, Batch 750, lr = 0.00005, final_loss = 4.1290, nll_loss = 4.0007, ref_nll_loss = 4.2573, ivc_loss = 0.0272, neg_loss_1 = 0.0002, neg_loss_2 = 0.0001, ref_loss = 0.0096, div_loss = 0.0751, 0.808 seconds/batch
2026-04-21 04:50:26,355 - Epoch 26, Batch 800, lr = 0.00005, final_loss = 4.1025, nll_loss = 3.9732, ref_nll_loss = 4.2317, ivc_loss = 0.0287, neg_loss_1 = 0.0004, neg_loss_2 = 0.0003, ref_loss = 0.0098, div_loss = 0.0763, 0.811 seconds/batch
2026-04-21 04:51:09,961 - Epoch 26, Batch 850, lr = 0.00005, final_loss = 4.1550, nll_loss = 4.0254, ref_nll_loss = 4.2847, ivc_loss = 0.0267, neg_loss_1 = 0.0003, neg_loss_2 = 0.0003, ref_loss = 0.0090, div_loss = 0.0756, 0.815 seconds/batch
2026-04-21 04:51:53,450 - Epoch 26, Batch 900, lr = 0.00005, final_loss = 4.1291, nll_loss = 3.9988, ref_nll_loss = 4.2594, ivc_loss = 0.0288, neg_loss_1 = 0.0002, neg_loss_2 = 0.0000, ref_loss = 0.0105, div_loss = 0.0751, 0.818 seconds/batch
2026-04-21 04:52:37,006 - Epoch 26, Batch 950, lr = 0.00005, final_loss = 4.0940, nll_loss = 3.9622, ref_nll_loss = 4.2258, ivc_loss = 0.0278, neg_loss_1 = 0.0005, neg_loss_2 = 0.0003, ref_loss = 0.0094, div_loss = 0.0748, 0.821 seconds/batch
2026-04-21 04:53:20,618 - Epoch 26, Batch 1000, lr = 0.00005, final_loss = 4.1203, nll_loss = 3.9905, ref_nll_loss = 4.2501, ivc_loss = 0.0264, neg_loss_1 = 0.0005, neg_loss_2 = 0.0001, ref_loss = 0.0089, div_loss = 0.0753, 0.823 seconds/batch
2026-04-21 04:54:04,426 - Epoch 26, Batch 1050, lr = 0.00005, final_loss = 4.1616, nll_loss = 4.0307, ref_nll_loss = 4.2925, ivc_loss = 0.0258, neg_loss_1 = 0.0001, neg_loss_2 = 0.0002, ref_loss = 0.0089, div_loss = 0.0744, 0.826 seconds/batch
2026-04-21 04:54:48,285 - Epoch 26, Batch 1100, lr = 0.00005, final_loss = 4.0919, nll_loss = 3.9642, ref_nll_loss = 4.2197, ivc_loss = 0.0262, neg_loss_1 = 0.0002, neg_loss_2 = 0.0002, ref_loss = 0.0090, div_loss = 0.0742, 0.828 seconds/batch
2026-04-21 04:55:29,079 - Epoch 26, Batch 1150, lr = 0.00005, final_loss = 4.1554, nll_loss = 4.0242, ref_nll_loss = 4.2865, ivc_loss = 0.0270, neg_loss_1 = 0.0003, neg_loss_2 = 0.0000, ref_loss = 0.0094, div_loss = 0.0750, 0.828 seconds/batch
2026-04-21 04:55:43,541 - Epoch 26, Batch 1170, lr = 0.00005, final_loss = 4.1336, nll_loss = 4.0046, ref_nll_loss = 4.2627, ivc_loss = 0.0260, neg_loss_1 = 0.0006, neg_loss_2 = 0.0003, ref_loss = 0.0084, div_loss = 0.0743, 0.826 seconds/batch
2026-04-21 04:55:43,627 - save model to checkpoints/activitynet_moe_noaux/cpl_moe2_noaux/model-26.pt, num_updates 30420.
2026-04-21 04:59:28,617 - | R@1,mIoU 0.3511 | R@1,IoU@0.1 0.7634 | R@1,IoU@0.3 0.5079 | R@1,IoU@0.5 0.2810 | R@1,IoU@0.7 0.1412 | R@1,IoU@0.9 0.0582 | R@5,mIoU 0.4498 | R@5,IoU@0.1 0.8809 | R@5,IoU@0.3 0.6334 | R@5,IoU@0.5 0.4169 | R@5,IoU@0.7 0.2386 | R@5,IoU@0.9 0.0787 |
2026-04-21 04:59:28,617 - ============================================================
2026-04-21 04:59:28,617 - Start Epoch 27
2026-04-21 05:00:00,159 - Epoch 27, Batch 50, lr = 0.00005, final_loss = 4.0586, nll_loss = 3.9261, ref_nll_loss = 4.1911, ivc_loss = 0.0254, neg_loss_1 = 0.0001, neg_loss_2 = 0.0002, ref_loss = 0.0086, div_loss = 0.0755, 0.631 seconds/batch
2026-04-21 05:00:36,852 - Epoch 27, Batch 100, lr = 0.00005, final_loss = 4.1000, nll_loss = 3.9699, ref_nll_loss = 4.2301, ivc_loss = 0.0257, neg_loss_1 = 0.0002, neg_loss_2 = 0.0002, ref_loss = 0.0086, div_loss = 0.0760, 0.682 seconds/batch
2026-04-21 05:01:13,473 - Epoch 27, Batch 150, lr = 0.00005, final_loss = 4.1290, nll_loss = 3.9958, ref_nll_loss = 4.2623, ivc_loss = 0.0263, neg_loss_1 = 0.0001, neg_loss_2 = 0.0001, ref_loss = 0.0091, div_loss = 0.0760, 0.699 seconds/batch
2026-04-21 05:01:50,118 - Epoch 27, Batch 200, lr = 0.00005, final_loss = 4.0627, nll_loss = 3.9304, ref_nll_loss = 4.1950, ivc_loss = 0.0255, neg_loss_1 = 0.0005, neg_loss_2 = 0.0001, ref_loss = 0.0084, div_loss = 0.0756, 0.708 seconds/batch
2026-04-21 05:02:26,721 - Epoch 27, Batch 250, lr = 0.00005, final_loss = 4.1003, nll_loss = 3.9702, ref_nll_loss = 4.2304, ivc_loss = 0.0249, neg_loss_1 = 0.0002, neg_loss_2 = 0.0000, ref_loss = 0.0085, div_loss = 0.0743, 0.712 seconds/batch
2026-04-21 05:03:03,379 - Epoch 27, Batch 300, lr = 0.00005, final_loss = 4.1050, nll_loss = 3.9744, ref_nll_loss = 4.2356, ivc_loss = 0.0256, neg_loss_1 = 0.0002, neg_loss_2 = 0.0003, ref_loss = 0.0085, div_loss = 0.0757, 0.716 seconds/batch
2026-04-21 05:03:46,844 - Epoch 27, Batch 350, lr = 0.00005, final_loss = 4.1032, nll_loss = 3.9750, ref_nll_loss = 4.2315, ivc_loss = 0.0285, neg_loss_1 = 0.0003, neg_loss_2 = 0.0004, ref_loss = 0.0097, div_loss = 0.0763, 0.738 seconds/batch
2026-04-21 05:04:30,417 - Epoch 27, Batch 400, lr = 0.00005, final_loss = 4.1094, nll_loss = 3.9833, ref_nll_loss = 4.2356, ivc_loss = 0.0301, neg_loss_1 = 0.0001, neg_loss_2 = 0.0001, ref_loss = 0.0110, div_loss = 0.0763, 0.754 seconds/batch
2026-04-21 05:05:14,010 - Epoch 27, Batch 450, lr = 0.00005, final_loss = 4.1020, nll_loss = 3.9698, ref_nll_loss = 4.2343, ivc_loss = 0.0270, neg_loss_1 = 0.0002, neg_loss_2 = 0.0000, ref_loss = 0.0095, div_loss = 0.0768, 0.768 seconds/batch
2026-04-21 05:05:57,455 - Epoch 27, Batch 500, lr = 0.00005, final_loss = 4.0967, nll_loss = 3.9653, ref_nll_loss = 4.2280, ivc_loss = 0.0248, neg_loss_1 = 0.0002, neg_loss_2 = 0.0002, ref_loss = 0.0081, div_loss = 0.0766, 0.778 seconds/batch
2026-04-21 05:06:40,983 - Epoch 27, Batch 550, lr = 0.00005, final_loss = 4.1045, nll_loss = 3.9733, ref_nll_loss = 4.2358, ivc_loss = 0.0277, neg_loss_1 = 0.0001, neg_loss_2 = 0.0001, ref_loss = 0.0098, div_loss = 0.0763, 0.786 seconds/batch
2026-04-21 05:07:24,498 - Epoch 27, Batch 600, lr = 0.00005, final_loss = 4.1028, nll_loss = 3.9740, ref_nll_loss = 4.2316, ivc_loss = 0.0269, neg_loss_1 = 0.0003, neg_loss_2 = 0.0002, ref_loss = 0.0091, div_loss = 0.0770, 0.793 seconds/batch
2026-04-21 05:08:08,097 - Epoch 27, Batch 650, lr = 0.00005, final_loss = 4.0818, nll_loss = 3.9554, ref_nll_loss = 4.2082, ivc_loss = 0.0274, neg_loss_1 = 0.0001, neg_loss_2 = 0.0003, ref_loss = 0.0095, div_loss = 0.0763, 0.799 seconds/batch
2026-04-21 05:08:51,697 - Epoch 27, Batch 700, lr = 0.00005, final_loss = 4.0945, nll_loss = 3.9634, ref_nll_loss = 4.2257, ivc_loss = 0.0243, neg_loss_1 = 0.0002, neg_loss_2 = 0.0000, ref_loss = 0.0082, div_loss = 0.0755, 0.804 seconds/batch
2026-04-21 05:09:35,342 - Epoch 27, Batch 750, lr = 0.00005, final_loss = 4.1199, nll_loss = 3.9912, ref_nll_loss = 4.2485, ivc_loss = 0.0276, neg_loss_1 = 0.0002, neg_loss_2 = 0.0003, ref_loss = 0.0096, div_loss = 0.0752, 0.809 seconds/batch
2026-04-21 05:10:18,987 - Epoch 27, Batch 800, lr = 0.00005, final_loss = 4.0937, nll_loss = 3.9663, ref_nll_loss = 4.2211, ivc_loss = 0.0269, neg_loss_1 = 0.0000, neg_loss_2 = 0.0001, ref_loss = 0.0095, div_loss = 0.0763, 0.813 seconds/batch
2026-04-21 05:11:02,885 - Epoch 27, Batch 850, lr = 0.00005, final_loss = 4.1041, nll_loss = 3.9714, ref_nll_loss = 4.2368, ivc_loss = 0.0233, neg_loss_1 = 0.0002, neg_loss_2 = 0.0001, ref_loss = 0.0076, div_loss = 0.0747, 0.817 seconds/batch
2026-04-21 05:11:46,789 - Epoch 27, Batch 900, lr = 0.00005, final_loss = 4.1014, nll_loss = 3.9677, ref_nll_loss = 4.2351, ivc_loss = 0.0251, neg_loss_1 = 0.0002, neg_loss_2 = 0.0002, ref_loss = 0.0084, div_loss = 0.0760, 0.820 seconds/batch
2026-04-21 05:12:30,705 - Epoch 27, Batch 950, lr = 0.00005, final_loss = 4.1008, nll_loss = 3.9713, ref_nll_loss = 4.2303, ivc_loss = 0.0266, neg_loss_1 = 0.0002, neg_loss_2 = 0.0004, ref_loss = 0.0089, div_loss = 0.0760, 0.823 seconds/batch
2026-04-21 05:13:14,585 - Epoch 27, Batch 1000, lr = 0.00005, final_loss = 4.1471, nll_loss = 4.0209, ref_nll_loss = 4.2732, ivc_loss = 0.0270, neg_loss_1 = 0.0001, neg_loss_2 = 0.0000, ref_loss = 0.0096, div_loss = 0.0753, 0.826 seconds/batch
2026-04-21 05:13:58,485 - Epoch 27, Batch 1050, lr = 0.00005, final_loss = 4.1043, nll_loss = 3.9736, ref_nll_loss = 4.2350, ivc_loss = 0.0287, neg_loss_1 = 0.0001, neg_loss_2 = 0.0000, ref_loss = 0.0105, div_loss = 0.0750, 0.828 seconds/batch
2026-04-21 05:14:42,457 - Epoch 27, Batch 1100, lr = 0.00005, final_loss = 4.1069, nll_loss = 3.9753, ref_nll_loss = 4.2385, ivc_loss = 0.0253, neg_loss_1 = 0.0002, neg_loss_2 = 0.0003, ref_loss = 0.0084, div_loss = 0.0752, 0.831 seconds/batch
2026-04-21 05:15:23,347 - Epoch 27, Batch 1150, lr = 0.00005, final_loss = 4.1342, nll_loss = 4.0021, ref_nll_loss = 4.2663, ivc_loss = 0.0277, neg_loss_1 = 0.0000, neg_loss_2 = 0.0004, ref_loss = 0.0097, div_loss = 0.0750, 0.830 seconds/batch
2026-04-21 05:15:37,855 - Epoch 27, Batch 1170, lr = 0.00005, final_loss = 4.0930, nll_loss = 3.9626, ref_nll_loss = 4.2235, ivc_loss = 0.0254, neg_loss_1 = 0.0003, neg_loss_2 = 0.0001, ref_loss = 0.0085, div_loss = 0.0749, 0.828 seconds/batch
2026-04-21 05:15:37,930 - save model to checkpoints/activitynet_moe_noaux/cpl_moe2_noaux/model-27.pt, num_updates 31590.
2026-04-21 05:19:22,659 - | R@1,mIoU 0.3508 | R@1,IoU@0.1 0.7601 | R@1,IoU@0.3 0.5070 | R@1,IoU@0.5 0.2813 | R@1,IoU@0.7 0.1416 | R@1,IoU@0.9 0.0571 | R@5,mIoU 0.4482 | R@5,IoU@0.1 0.8833 | R@5,IoU@0.3 0.6330 | R@5,IoU@0.5 0.4110 | R@5,IoU@0.7 0.2323 | R@5,IoU@0.9 0.0773 |
2026-04-21 05:19:22,659 - ============================================================
2026-04-21 05:19:22,659 - Start Epoch 28
2026-04-21 05:19:54,046 - Epoch 28, Batch 50, lr = 0.00004, final_loss = 4.0974, nll_loss = 3.9678, ref_nll_loss = 4.2270, ivc_loss = 0.0283, neg_loss_1 = 0.0002, neg_loss_2 = 0.0001, ref_loss = 0.0101, div_loss = 0.0752, 0.628 seconds/batch
2026-04-21 05:20:30,837 - Epoch 28, Batch 100, lr = 0.00004, final_loss = 4.0546, nll_loss = 3.9239, ref_nll_loss = 4.1853, ivc_loss = 0.0262, neg_loss_1 = 0.0000, neg_loss_2 = 0.0000, ref_loss = 0.0092, div_loss = 0.0764, 0.682 seconds/batch
2026-04-21 05:21:07,452 - Epoch 28, Batch 150, lr = 0.00004, final_loss = 4.0591, nll_loss = 3.9320, ref_nll_loss = 4.1863, ivc_loss = 0.0279, neg_loss_1 = 0.0003, neg_loss_2 = 0.0003, ref_loss = 0.0096, div_loss = 0.0752, 0.699 seconds/batch
2026-04-21 05:21:44,104 - Epoch 28, Batch 200, lr = 0.00004, final_loss = 4.0635, nll_loss = 3.9373, ref_nll_loss = 4.1896, ivc_loss = 0.0294, neg_loss_1 = 0.0004, neg_loss_2 = 0.0002, ref_loss = 0.0103, div_loss = 0.0764, 0.707 seconds/batch
2026-04-21 05:22:20,756 - Epoch 28, Batch 250, lr = 0.00004, final_loss = 4.1235, nll_loss = 3.9901, ref_nll_loss = 4.2569, ivc_loss = 0.0254, neg_loss_1 = 0.0004, neg_loss_2 = 0.0000, ref_loss = 0.0085, div_loss = 0.0750, 0.712 seconds/batch
2026-04-21 05:22:57,421 - Epoch 28, Batch 300, lr = 0.00004, final_loss = 4.0678, nll_loss = 3.9337, ref_nll_loss = 4.2020, ivc_loss = 0.0240, neg_loss_1 = 0.0001, neg_loss_2 = 0.0000, ref_loss = 0.0082, div_loss = 0.0753, 0.716 seconds/batch
2026-04-21 05:23:40,638 - Epoch 28, Batch 350, lr = 0.00004, final_loss = 4.0688, nll_loss = 3.9376, ref_nll_loss = 4.2000, ivc_loss = 0.0244, neg_loss_1 = 0.0001, neg_loss_2 = 0.0001, ref_loss = 0.0082, div_loss = 0.0749, 0.737 seconds/batch
2026-04-21 05:24:24,177 - Epoch 28, Batch 400, lr = 0.00004, final_loss = 4.0688, nll_loss = 3.9365, ref_nll_loss = 4.2011, ivc_loss = 0.0276, neg_loss_1 = 0.0005, neg_loss_2 = 0.0001, ref_loss = 0.0095, div_loss = 0.0738, 0.754 seconds/batch
2026-04-21 05:25:07,733 - Epoch 28, Batch 450, lr = 0.00004, final_loss = 4.1028, nll_loss = 3.9693, ref_nll_loss = 4.2363, ivc_loss = 0.0243, neg_loss_1 = 0.0002, neg_loss_2 = 0.0001, ref_loss = 0.0081, div_loss = 0.0740, 0.767 seconds/batch
2026-04-21 05:25:51,337 - Epoch 28, Batch 500, lr = 0.00004, final_loss = 4.0797, nll_loss = 3.9502, ref_nll_loss = 4.2093, ivc_loss = 0.0292, neg_loss_1 = 0.0003, neg_loss_2 = 0.0003, ref_loss = 0.0103, div_loss = 0.0751, 0.777 seconds/batch
2026-04-21 05:26:34,927 - Epoch 28, Batch 550, lr = 0.00004, final_loss = 4.0802, nll_loss = 3.9518, ref_nll_loss = 4.2087, ivc_loss = 0.0264, neg_loss_1 = 0.0001, neg_loss_2 = 0.0004, ref_loss = 0.0089, div_loss = 0.0746, 0.786 seconds/batch
2026-04-21 05:27:18,487 - Epoch 28, Batch 600, lr = 0.00004, final_loss = 4.1008, nll_loss = 3.9694, ref_nll_loss = 4.2323, ivc_loss = 0.0252, neg_loss_1 = 0.0003, neg_loss_2 = 0.0002, ref_loss = 0.0084, div_loss = 0.0737, 0.793 seconds/batch
2026-04-21 05:28:02,204 - Epoch 28, Batch 650, lr = 0.00004, final_loss = 4.0797, nll_loss = 3.9511, ref_nll_loss = 4.2083, ivc_loss = 0.0261, neg_loss_1 = 0.0003, neg_loss_2 = 0.0002, ref_loss = 0.0089, div_loss = 0.0739, 0.799 seconds/batch
2026-04-21 05:28:45,811 - Epoch 28, Batch 700, lr = 0.00004, final_loss = 4.1055, nll_loss = 3.9785, ref_nll_loss = 4.2325, ivc_loss = 0.0284, neg_loss_1 = 0.0002, neg_loss_2 = 0.0003, ref_loss = 0.0101, div_loss = 0.0730, 0.805 seconds/batch
2026-04-21 05:29:29,454 - Epoch 28, Batch 750, lr = 0.00004, final_loss = 4.0478, nll_loss = 3.9212, ref_nll_loss = 4.1744, ivc_loss = 0.0257, neg_loss_1 = 0.0003, neg_loss_2 = 0.0003, ref_loss = 0.0086, div_loss = 0.0748, 0.809 seconds/batch
2026-04-21 05:30:13,051 - Epoch 28, Batch 800, lr = 0.00004, final_loss = 4.0673, nll_loss = 3.9353, ref_nll_loss = 4.1994, ivc_loss = 0.0271, neg_loss_1 = 0.0002, neg_loss_2 = 0.0004, ref_loss = 0.0093, div_loss = 0.0742, 0.813 seconds/batch
2026-04-21 05:30:56,612 - Epoch 28, Batch 850, lr = 0.00004, final_loss = 4.0754, nll_loss = 3.9415, ref_nll_loss = 4.2092, ivc_loss = 0.0248, neg_loss_1 = 0.0002, neg_loss_2 = 0.0001, ref_loss = 0.0083, div_loss = 0.0766, 0.816 seconds/batch
2026-04-21 05:31:40,265 - Epoch 28, Batch 900, lr = 0.00004, final_loss = 4.0980, nll_loss = 3.9631, ref_nll_loss = 4.2329, ivc_loss = 0.0245, neg_loss_1 = 0.0003, neg_loss_2 = 0.0001, ref_loss = 0.0081, div_loss = 0.0767, 0.820 seconds/batch
2026-04-21 05:32:23,867 - Epoch 28, Batch 950, lr = 0.00004, final_loss = 4.0734, nll_loss = 3.9409, ref_nll_loss = 4.2059, ivc_loss = 0.0282, neg_loss_1 = 0.0004, neg_loss_2 = 0.0004, ref_loss = 0.0094, div_loss = 0.0765, 0.822 seconds/batch
2026-04-21 05:33:07,520 - Epoch 28, Batch 1000, lr = 0.00004, final_loss = 4.1276, nll_loss = 3.9992, ref_nll_loss = 4.2560, ivc_loss = 0.0270, neg_loss_1 = 0.0002, neg_loss_2 = 0.0002, ref_loss = 0.0094, div_loss = 0.0748, 0.825 seconds/batch
2026-04-21 05:33:51,000 - Epoch 28, Batch 1050, lr = 0.00004, final_loss = 4.0838, nll_loss = 3.9533, ref_nll_loss = 4.2144, ivc_loss = 0.0251, neg_loss_1 = 0.0001, neg_loss_2 = 0.0000, ref_loss = 0.0086, div_loss = 0.0767, 0.827 seconds/batch
2026-04-21 05:34:34,609 - Epoch 28, Batch 1100, lr = 0.00004, final_loss = 4.1113, nll_loss = 3.9809, ref_nll_loss = 4.2417, ivc_loss = 0.0253, neg_loss_1 = 0.0002, neg_loss_2 = 0.0001, ref_loss = 0.0085, div_loss = 0.0756, 0.829 seconds/batch
2026-04-21 05:35:15,063 - Epoch 28, Batch 1150, lr = 0.00004, final_loss = 4.1209, nll_loss = 3.9891, ref_nll_loss = 4.2528, ivc_loss = 0.0255, neg_loss_1 = 0.0002, neg_loss_2 = 0.0003, ref_loss = 0.0085, div_loss = 0.0750, 0.828 seconds/batch
2026-04-21 05:35:29,513 - Epoch 28, Batch 1170, lr = 0.00004, final_loss = 4.1103, nll_loss = 3.9767, ref_nll_loss = 4.2439, ivc_loss = 0.0231, neg_loss_1 = 0.0001, neg_loss_2 = 0.0003, ref_loss = 0.0074, div_loss = 0.0758, 0.826 seconds/batch
2026-04-21 05:35:29,589 - save model to checkpoints/activitynet_moe_noaux/cpl_moe2_noaux/model-28.pt, num_updates 32760.
2026-04-21 05:39:14,584 - | R@1,mIoU 0.3518 | R@1,IoU@0.1 0.7643 | R@1,IoU@0.3 0.5078 | R@1,IoU@0.5 0.2826 | R@1,IoU@0.7 0.1423 | R@1,IoU@0.9 0.0568 | R@5,mIoU 0.4465 | R@5,IoU@0.1 0.8818 | R@5,IoU@0.3 0.6338 | R@5,IoU@0.5 0.4105 | R@5,IoU@0.7 0.2288 | R@5,IoU@0.9 0.0777 |
2026-04-21 05:39:14,584 - ============================================================
2026-04-21 05:39:14,584 - Start Epoch 29
2026-04-21 05:39:45,892 - Epoch 29, Batch 50, lr = 0.00004, final_loss = 4.0494, nll_loss = 3.9161, ref_nll_loss = 4.1828, ivc_loss = 0.0264, neg_loss_1 = 0.0004, neg_loss_2 = 0.0001, ref_loss = 0.0090, div_loss = 0.0752, 0.626 seconds/batch
2026-04-21 05:40:22,634 - Epoch 29, Batch 100, lr = 0.00004, final_loss = 4.0338, nll_loss = 3.9019, ref_nll_loss = 4.1657, ivc_loss = 0.0250, neg_loss_1 = 0.0003, neg_loss_2 = 0.0000, ref_loss = 0.0085, div_loss = 0.0749, 0.680 seconds/batch
2026-04-21 05:40:59,232 - Epoch 29, Batch 150, lr = 0.00004, final_loss = 4.0585, nll_loss = 3.9304, ref_nll_loss = 4.1867, ivc_loss = 0.0265, neg_loss_1 = 0.0004, neg_loss_2 = 0.0001, ref_loss = 0.0090, div_loss = 0.0743, 0.698 seconds/batch
2026-04-21 05:41:35,671 - Epoch 29, Batch 200, lr = 0.00004, final_loss = 4.0880, nll_loss = 3.9586, ref_nll_loss = 4.2174, ivc_loss = 0.0265, neg_loss_1 = 0.0001, neg_loss_2 = 0.0004, ref_loss = 0.0090, div_loss = 0.0754, 0.705 seconds/batch
2026-04-21 05:42:12,386 - Epoch 29, Batch 250, lr = 0.00004, final_loss = 4.0392, nll_loss = 3.9087, ref_nll_loss = 4.1697, ivc_loss = 0.0243, neg_loss_1 = 0.0002, neg_loss_2 = 0.0001, ref_loss = 0.0081, div_loss = 0.0750, 0.711 seconds/batch
2026-04-21 05:42:49,075 - Epoch 29, Batch 300, lr = 0.00004, final_loss = 4.0715, nll_loss = 3.9369, ref_nll_loss = 4.2062, ivc_loss = 0.0244, neg_loss_1 = 0.0003, neg_loss_2 = 0.0000, ref_loss = 0.0081, div_loss = 0.0759, 0.715 seconds/batch
2026-04-21 05:43:32,104 - Epoch 29, Batch 350, lr = 0.00004, final_loss = 4.0543, nll_loss = 3.9230, ref_nll_loss = 4.1855, ivc_loss = 0.0271, neg_loss_1 = 0.0004, neg_loss_2 = 0.0000, ref_loss = 0.0094, div_loss = 0.0764, 0.736 seconds/batch
2026-04-21 05:44:15,679 - Epoch 29, Batch 400, lr = 0.00004, final_loss = 4.0707, nll_loss = 3.9370, ref_nll_loss = 4.2043, ivc_loss = 0.0247, neg_loss_1 = 0.0003, neg_loss_2 = 0.0001, ref_loss = 0.0081, div_loss = 0.0747, 0.753 seconds/batch
2026-04-21 05:44:59,258 - Epoch 29, Batch 450, lr = 0.00004, final_loss = 4.0809, nll_loss = 3.9449, ref_nll_loss = 4.2170, ivc_loss = 0.0236, neg_loss_1 = 0.0001, neg_loss_2 = 0.0001, ref_loss = 0.0078, div_loss = 0.0749, 0.766 seconds/batch
2026-04-21 05:45:42,854 - Epoch 29, Batch 500, lr = 0.00004, final_loss = 4.1017, nll_loss = 3.9712, ref_nll_loss = 4.2321, ivc_loss = 0.0282, neg_loss_1 = 0.0005, neg_loss_2 = 0.0001, ref_loss = 0.0097, div_loss = 0.0760, 0.777 seconds/batch
2026-04-21 05:46:26,428 - Epoch 29, Batch 550, lr = 0.00004, final_loss = 4.0656, nll_loss = 3.9359, ref_nll_loss = 4.1953, ivc_loss = 0.0268, neg_loss_1 = 0.0002, neg_loss_2 = 0.0001, ref_loss = 0.0094, div_loss = 0.0758, 0.785 seconds/batch
2026-04-21 05:47:10,000 - Epoch 29, Batch 600, lr = 0.00004, final_loss = 4.0589, nll_loss = 3.9263, ref_nll_loss = 4.1915, ivc_loss = 0.0259, neg_loss_1 = 0.0001, neg_loss_2 = 0.0001, ref_loss = 0.0090, div_loss = 0.0762, 0.792 seconds/batch
2026-04-21 05:47:53,569 - Epoch 29, Batch 650, lr = 0.00004, final_loss = 4.0532, nll_loss = 3.9180, ref_nll_loss = 4.1885, ivc_loss = 0.0256, neg_loss_1 = 0.0005, neg_loss_2 = 0.0001, ref_loss = 0.0084, div_loss = 0.0766, 0.798 seconds/batch
2026-04-21 05:48:37,163 - Epoch 29, Batch 700, lr = 0.00004, final_loss = 4.0849, nll_loss = 3.9537, ref_nll_loss = 4.2161, ivc_loss = 0.0262, neg_loss_1 = 0.0001, neg_loss_2 = 0.0004, ref_loss = 0.0088, div_loss = 0.0758, 0.804 seconds/batch
2026-04-21 05:49:20,730 - Epoch 29, Batch 750, lr = 0.00004, final_loss = 4.0795, nll_loss = 3.9466, ref_nll_loss = 4.2125, ivc_loss = 0.0247, neg_loss_1 = 0.0001, neg_loss_2 = 0.0001, ref_loss = 0.0083, div_loss = 0.0758, 0.808 seconds/batch
2026-04-21 05:50:04,214 - Epoch 29, Batch 800, lr = 0.00004, final_loss = 4.0675, nll_loss = 3.9355, ref_nll_loss = 4.1995, ivc_loss = 0.0254, neg_loss_1 = 0.0000, neg_loss_2 = 0.0000, ref_loss = 0.0089, div_loss = 0.0758, 0.812 seconds/batch
2026-04-21 05:50:47,599 - Epoch 29, Batch 850, lr = 0.00004, final_loss = 4.0745, nll_loss = 3.9424, ref_nll_loss = 4.2066, ivc_loss = 0.0233, neg_loss_1 = 0.0001, neg_loss_2 = 0.0001, ref_loss = 0.0076, div_loss = 0.0770, 0.815 seconds/batch
2026-04-21 05:51:30,981 - Epoch 29, Batch 900, lr = 0.00004, final_loss = 4.0800, nll_loss = 3.9518, ref_nll_loss = 4.2083, ivc_loss = 0.0279, neg_loss_1 = 0.0002, neg_loss_2 = 0.0000, ref_loss = 0.0099, div_loss = 0.0777, 0.818 seconds/batch
2026-04-21 05:52:14,362 - Epoch 29, Batch 950, lr = 0.00004, final_loss = 4.0650, nll_loss = 3.9322, ref_nll_loss = 4.1977, ivc_loss = 0.0279, neg_loss_1 = 0.0005, neg_loss_2 = 0.0003, ref_loss = 0.0092, div_loss = 0.0771, 0.821 seconds/batch
2026-04-21 05:52:57,751 - Epoch 29, Batch 1000, lr = 0.00004, final_loss = 4.1209, nll_loss = 3.9879, ref_nll_loss = 4.2539, ivc_loss = 0.0276, neg_loss_1 = 0.0000, neg_loss_2 = 0.0002, ref_loss = 0.0098, div_loss = 0.0772, 0.823 seconds/batch
2026-04-21 05:53:41,160 - Epoch 29, Batch 1050, lr = 0.00004, final_loss = 4.0804, nll_loss = 3.9439, ref_nll_loss = 4.2169, ivc_loss = 0.0237, neg_loss_1 = 0.0003, neg_loss_2 = 0.0000, ref_loss = 0.0077, div_loss = 0.0763, 0.825 seconds/batch
2026-04-21 05:54:24,513 - Epoch 29, Batch 1100, lr = 0.00004, final_loss = 4.0947, nll_loss = 3.9571, ref_nll_loss = 4.2322, ivc_loss = 0.0243, neg_loss_1 = 0.0001, neg_loss_2 = 0.0003, ref_loss = 0.0079, div_loss = 0.0768, 0.827 seconds/batch
2026-04-21 05:55:05,084 - Epoch 29, Batch 1150, lr = 0.00004, final_loss = 4.0805, nll_loss = 3.9464, ref_nll_loss = 4.2146, ivc_loss = 0.0255, neg_loss_1 = 0.0000, neg_loss_2 = 0.0005, ref_loss = 0.0084, div_loss = 0.0765, 0.827 seconds/batch
2026-04-21 05:55:19,531 - Epoch 29, Batch 1170, lr = 0.00004, final_loss = 4.1273, nll_loss = 3.9865, ref_nll_loss = 4.2682, ivc_loss = 0.0216, neg_loss_1 = 0.0002, neg_loss_2 = 0.0003, ref_loss = 0.0064, div_loss = 0.0769, 0.825 seconds/batch
2026-04-21 05:55:19,636 - save model to checkpoints/activitynet_moe_noaux/cpl_moe2_noaux/model-29.pt, num_updates 33930.
2026-04-21 05:59:04,741 - | R@1,mIoU 0.3519 | R@1,IoU@0.1 0.7682 | R@1,IoU@0.3 0.5070 | R@1,IoU@0.5 0.2787 | R@1,IoU@0.7 0.1416 | R@1,IoU@0.9 0.0580 | R@5,mIoU 0.4459 | R@5,IoU@0.1 0.8802 | R@5,IoU@0.3 0.6326 | R@5,IoU@0.5 0.4108 | R@5,IoU@0.7 0.2257 | R@5,IoU@0.9 0.0764 |
2026-04-21 05:59:04,742 - ============================================================
2026-04-21 05:59:04,742 - Start Epoch 30
2026-04-21 05:59:36,298 - Epoch 30, Batch 50, lr = 0.00004, final_loss = 4.0221, nll_loss = 3.8920, ref_nll_loss = 4.1523, ivc_loss = 0.0262, neg_loss_1 = 0.0003, neg_loss_2 = 0.0001, ref_loss = 0.0088, div_loss = 0.0770, 0.631 seconds/batch
2026-04-21 06:00:12,950 - Epoch 30, Batch 100, lr = 0.00004, final_loss = 4.0788, nll_loss = 3.9502, ref_nll_loss = 4.2075, ivc_loss = 0.0256, neg_loss_1 = 0.0001, neg_loss_2 = 0.0000, ref_loss = 0.0089, div_loss = 0.0767, 0.682 seconds/batch
2026-04-21 06:00:49,634 - Epoch 30, Batch 150, lr = 0.00004, final_loss = 4.0489, nll_loss = 3.9146, ref_nll_loss = 4.1832, ivc_loss = 0.0279, neg_loss_1 = 0.0004, neg_loss_2 = 0.0003, ref_loss = 0.0094, div_loss = 0.0775, 0.699 seconds/batch
2026-04-21 06:01:26,327 - Epoch 30, Batch 200, lr = 0.00004, final_loss = 4.0570, nll_loss = 3.9230, ref_nll_loss = 4.1910, ivc_loss = 0.0223, neg_loss_1 = 0.0000, neg_loss_2 = 0.0002, ref_loss = 0.0071, div_loss = 0.0766, 0.708 seconds/batch
2026-04-21 06:02:02,999 - Epoch 30, Batch 250, lr = 0.00004, final_loss = 4.0581, nll_loss = 3.9229, ref_nll_loss = 4.1934, ivc_loss = 0.0247, neg_loss_1 = 0.0001, neg_loss_2 = 0.0000, ref_loss = 0.0085, div_loss = 0.0756, 0.713 seconds/batch
2026-04-21 06:02:39,699 - Epoch 30, Batch 300, lr = 0.00004, final_loss = 4.0274, nll_loss = 3.8940, ref_nll_loss = 4.1609, ivc_loss = 0.0242, neg_loss_1 = 0.0000, neg_loss_2 = 0.0000, ref_loss = 0.0082, div_loss = 0.0769, 0.717 seconds/batch
2026-04-21 06:03:23,107 - Epoch 30, Batch 350, lr = 0.00004, final_loss = 4.0450, nll_loss = 3.9106, ref_nll_loss = 4.1795, ivc_loss = 0.0248, neg_loss_1 = 0.0005, neg_loss_2 = 0.0001, ref_loss = 0.0080, div_loss = 0.0769, 0.738 seconds/batch
2026-04-21 06:04:06,670 - Epoch 30, Batch 400, lr = 0.00004, final_loss = 4.0598, nll_loss = 3.9303, ref_nll_loss = 4.1892, ivc_loss = 0.0264, neg_loss_1 = 0.0001, neg_loss_2 = 0.0002, ref_loss = 0.0091, div_loss = 0.0766, 0.755 seconds/batch
2026-04-21 06:04:50,267 - Epoch 30, Batch 450, lr = 0.00004, final_loss = 4.0509, nll_loss = 3.9167, ref_nll_loss = 4.1850, ivc_loss = 0.0260, neg_loss_1 = 0.0002, neg_loss_2 = 0.0000, ref_loss = 0.0088, div_loss = 0.0781, 0.768 seconds/batch
2026-04-21 06:05:33,768 - Epoch 30, Batch 500, lr = 0.00004, final_loss = 4.0515, nll_loss = 3.9180, ref_nll_loss = 4.1850, ivc_loss = 0.0258, neg_loss_1 = 0.0004, neg_loss_2 = 0.0000, ref_loss = 0.0087, div_loss = 0.0767, 0.778 seconds/batch
2026-04-21 06:06:17,232 - Epoch 30, Batch 550, lr = 0.00004, final_loss = 4.0869, nll_loss = 3.9532, ref_nll_loss = 4.2207, ivc_loss = 0.0266, neg_loss_1 = 0.0002, neg_loss_2 = 0.0001, ref_loss = 0.0092, div_loss = 0.0767, 0.786 seconds/batch
2026-04-21 06:07:00,648 - Epoch 30, Batch 600, lr = 0.00004, final_loss = 4.0393, nll_loss = 3.9050, ref_nll_loss = 4.1735, ivc_loss = 0.0247, neg_loss_1 = 0.0003, neg_loss_2 = 0.0000, ref_loss = 0.0083, div_loss = 0.0770, 0.793 seconds/batch
2026-04-21 06:07:44,060 - Epoch 30, Batch 650, lr = 0.00004, final_loss = 4.0409, nll_loss = 3.9106, ref_nll_loss = 4.1711, ivc_loss = 0.0285, neg_loss_1 = 0.0001, neg_loss_2 = 0.0001, ref_loss = 0.0102, div_loss = 0.0769, 0.799 seconds/batch
2026-04-21 06:08:27,508 - Epoch 30, Batch 700, lr = 0.00004, final_loss = 4.0369, nll_loss = 3.9078, ref_nll_loss = 4.1660, ivc_loss = 0.0302, neg_loss_1 = 0.0001, neg_loss_2 = 0.0003, ref_loss = 0.0108, div_loss = 0.0769, 0.804 seconds/batch
2026-04-21 06:09:10,927 - Epoch 30, Batch 750, lr = 0.00004, final_loss = 4.0713, nll_loss = 3.9356, ref_nll_loss = 4.2070, ivc_loss = 0.0254, neg_loss_1 = 0.0001, neg_loss_2 = 0.0001, ref_loss = 0.0086, div_loss = 0.0788, 0.808 seconds/batch
2026-04-21 06:09:54,323 - Epoch 30, Batch 800, lr = 0.00004, final_loss = 4.0349, nll_loss = 3.9040, ref_nll_loss = 4.1658, ivc_loss = 0.0279, neg_loss_1 = 0.0002, neg_loss_2 = 0.0001, ref_loss = 0.0099, div_loss = 0.0761, 0.812 seconds/batch
2026-04-21 06:10:37,817 - Epoch 30, Batch 850, lr = 0.00004, final_loss = 4.0743, nll_loss = 3.9429, ref_nll_loss = 4.2057, ivc_loss = 0.0270, neg_loss_1 = 0.0001, neg_loss_2 = 0.0000, ref_loss = 0.0096, div_loss = 0.0762, 0.815 seconds/batch
2026-04-21 06:11:21,288 - Epoch 30, Batch 900, lr = 0.00004, final_loss = 4.0709, nll_loss = 3.9395, ref_nll_loss = 4.2024, ivc_loss = 0.0273, neg_loss_1 = 0.0001, neg_loss_2 = 0.0002, ref_loss = 0.0095, div_loss = 0.0770, 0.818 seconds/batch
2026-04-21 06:12:04,683 - Epoch 30, Batch 950, lr = 0.00004, final_loss = 4.0653, nll_loss = 3.9301, ref_nll_loss = 4.2004, ivc_loss = 0.0239, neg_loss_1 = 0.0002, neg_loss_2 = 0.0001, ref_loss = 0.0078, div_loss = 0.0756, 0.821 seconds/batch
2026-04-21 06:12:48,242 - Epoch 30, Batch 1000, lr = 0.00004, final_loss = 4.0836, nll_loss = 3.9454, ref_nll_loss = 4.2218, ivc_loss = 0.0251, neg_loss_1 = 0.0003, neg_loss_2 = 0.0003, ref_loss = 0.0082, div_loss = 0.0763, 0.823 seconds/batch
2026-04-21 06:13:31,681 - Epoch 30, Batch 1050, lr = 0.00004, final_loss = 4.0835, nll_loss = 3.9482, ref_nll_loss = 4.2188, ivc_loss = 0.0253, neg_loss_1 = 0.0000, neg_loss_2 = 0.0001, ref_loss = 0.0087, div_loss = 0.0769, 0.826 seconds/batch
2026-04-21 06:14:15,073 - Epoch 30, Batch 1100, lr = 0.00004, final_loss = 4.0626, nll_loss = 3.9257, ref_nll_loss = 4.1995, ivc_loss = 0.0273, neg_loss_1 = 0.0001, neg_loss_2 = 0.0001, ref_loss = 0.0096, div_loss = 0.0760, 0.828 seconds/batch
2026-04-21 06:14:55,209 - Epoch 30, Batch 1150, lr = 0.00004, final_loss = 4.0604, nll_loss = 3.9324, ref_nll_loss = 4.1883, ivc_loss = 0.0282, neg_loss_1 = 0.0004, neg_loss_2 = 0.0000, ref_loss = 0.0099, div_loss = 0.0752, 0.826 seconds/batch
2026-04-21 06:15:09,693 - Epoch 30, Batch 1170, lr = 0.00004, final_loss = 4.0709, nll_loss = 3.9418, ref_nll_loss = 4.2001, ivc_loss = 0.0287, neg_loss_1 = 0.0000, neg_loss_2 = 0.0000, ref_loss = 0.0105, div_loss = 0.0763, 0.825 seconds/batch
2026-04-21 06:15:09,768 - save model to checkpoints/activitynet_moe_noaux/cpl_moe2_noaux/model-30.pt, num_updates 35100.
2026-04-21 06:18:46,405 - | R@1,mIoU 0.3517 | R@1,IoU@0.1 0.7706 | R@1,IoU@0.3 0.5071 | R@1,IoU@0.5 0.2770 | R@1,IoU@0.7 0.1411 | R@1,IoU@0.9 0.0580 | R@5,mIoU 0.4446 | R@5,IoU@0.1 0.8818 | R@5,IoU@0.3 0.6287 | R@5,IoU@0.5 0.4059 | R@5,IoU@0.7 0.2222 | R@5,IoU@0.9 0.0760 |
2026-04-21 06:18:46,405 - ============================================================
2026-04-21 06:18:46,405 - Best results:
2026-04-21 06:18:46,405 - | R@1,mIoU 0.3554 | R@1,IoU@0.1 0.7768 | R@1,IoU@0.3 0.5088 | R@1,IoU@0.5 0.2827 | R@1,IoU@0.7 0.1420 | R@1,IoU@0.9 0.0571 | R@5,mIoU 0.4555 | R@5,IoU@0.1 0.8875 | R@5,IoU@0.3 0.6432 | R@5,IoU@0.5 0.4262 | R@5,IoU@0.7 0.2370 | R@5,IoU@0.9 0.0836 |
