2026-04-20 20:26:17,436 - {'dataset': {'dataset': 'ActivityNet', 'feature_path': '/data/chenyuan/videogrounding/cpl-main/data/activitynet/sub_activitynet_v1-3.c3d.hdf5', 'vocab_size': 8000, 'word_dim': 300, 'frame_dim': 500, 'max_num_words': 20, 'max_num_frames': 200, 'target_stride': 1, 'train_data': 'data/activitynet/train_data.json', 'test_data': 'data/activitynet/test_data.json', 'val_data': 'data/activitynet/val_data.json', 'vocab_path': 'data/activitynet/glove.pkl'}, 'train': {'optimizer': {'lr': 0.0004, 'weight_decay': 0, 'warmup_updates': 400, 'warmup_init_lr': 1e-07}, 'batch_size': 32, 'max_num_epochs': 30, 'model_saved_path': 'checkpoints/activitynet_moe_alpha1/cpl_moe2_alpha1'}, 'model': {'name': 'CPL_MoE', 'source': 'models', 'config': {'frames_input_size': 500, 'words_input_size': 300, 'hidden_size': 256, 'use_negative': True, 'num_props': 8, 'sigma': 9, 'gamma': 0, 'dropout': 0.1, 'DualTransformer': {'d_model': 256, 'num_heads': 4, 'num_decoder_layers1': 3, 'num_decoder_layers2': 3, 'dropout': 0.1}, 'MoE': {'use_moe': True, 'use_simple_moe': False, 'num_experts': 8, 'num_shared_experts': 2, 'top_k': 2, 'use_load_balance_loss': True, 'load_balance_weight': 0.01, 'use_2layer_gate': True}}}, 'loss': {'margin_1': 0.1, 'margin_2': 0.15, 'lambda': 0.115, 'alpha_1': 2, 'alpha_2': 1.0}, 'vote': True}
2026-04-20 20:26:17,815 - train: 37421 samples, test: 17031 samples
2026-04-20 20:26:19,567 - Start Epoch 1
2026-04-20 20:27:04,490 - Epoch 1, Batch 50, lr = 0.00005, final_loss = 8.8753, nll_loss = 8.8385, ref_nll_loss = 8.9120, ivc_loss = 0.7584, neg_loss_1 = 0.0811, neg_loss_2 = 0.0816, ref_loss = 0.0481, div_loss = 0.3367, aux_loss = 0.0216, 0.898 seconds/batch
2026-04-20 20:27:47,803 - Epoch 1, Batch 100, lr = 0.00010, final_loss = 7.9723, nll_loss = 7.9375, ref_nll_loss = 8.0072, ivc_loss = 0.3761, neg_loss_1 = 0.0558, neg_loss_2 = 0.0585, ref_loss = 0.0449, div_loss = 0.0576, aux_loss = 0.0265, 0.882 seconds/batch
2026-04-20 20:28:31,254 - Epoch 1, Batch 150, lr = 0.00015, final_loss = 7.2110, nll_loss = 7.1687, ref_nll_loss = 7.2532, ivc_loss = 0.3386, neg_loss_1 = 0.0595, neg_loss_2 = 0.0532, ref_loss = 0.0394, div_loss = 0.0345, aux_loss = 0.0249, 0.878 seconds/batch
2026-04-20 20:29:14,580 - Epoch 1, Batch 200, lr = 0.00020, final_loss = 6.6487, nll_loss = 6.6043, ref_nll_loss = 6.6931, ivc_loss = 0.3064, neg_loss_1 = 0.0510, neg_loss_2 = 0.0506, ref_loss = 0.0370, div_loss = 0.0293, aux_loss = 0.0227, 0.875 seconds/batch
2026-04-20 20:29:58,077 - Epoch 1, Batch 250, lr = 0.00025, final_loss = 6.3804, nll_loss = 6.3306, ref_nll_loss = 6.4303, ivc_loss = 0.2927, neg_loss_1 = 0.0491, neg_loss_2 = 0.0461, ref_loss = 0.0331, div_loss = 0.0362, aux_loss = 0.0210, 0.874 seconds/batch
2026-04-20 20:30:41,580 - Epoch 1, Batch 300, lr = 0.00030, final_loss = 6.2354, nll_loss = 6.1823, ref_nll_loss = 6.2886, ivc_loss = 0.2834, neg_loss_1 = 0.0486, neg_loss_2 = 0.0400, ref_loss = 0.0319, div_loss = 0.0425, aux_loss = 0.0218, 0.873 seconds/batch
2026-04-20 20:31:25,156 - Epoch 1, Batch 350, lr = 0.00035, final_loss = 6.1517, nll_loss = 6.0954, ref_nll_loss = 6.2080, ivc_loss = 0.2835, neg_loss_1 = 0.0456, neg_loss_2 = 0.0405, ref_loss = 0.0313, div_loss = 0.0487, aux_loss = 0.0213, 0.873 seconds/batch
2026-04-20 20:32:08,617 - Epoch 1, Batch 400, lr = 0.00040, final_loss = 6.0571, nll_loss = 6.0014, ref_nll_loss = 6.1127, ivc_loss = 0.2809, neg_loss_1 = 0.0446, neg_loss_2 = 0.0389, ref_loss = 0.0335, div_loss = 0.0467, aux_loss = 0.0210, 0.873 seconds/batch
2026-04-20 20:32:52,188 - Epoch 1, Batch 450, lr = 0.00038, final_loss = 6.0095, nll_loss = 5.9508, ref_nll_loss = 6.0682, ivc_loss = 0.2674, neg_loss_1 = 0.0403, neg_loss_2 = 0.0397, ref_loss = 0.0309, div_loss = 0.0457, aux_loss = 0.0215, 0.872 seconds/batch
2026-04-20 20:33:35,669 - Epoch 1, Batch 500, lr = 0.00036, final_loss = 5.9402, nll_loss = 5.8793, ref_nll_loss = 6.0012, ivc_loss = 0.2534, neg_loss_1 = 0.0382, neg_loss_2 = 0.0384, ref_loss = 0.0293, div_loss = 0.0416, aux_loss = 0.0209, 0.872 seconds/batch
2026-04-20 20:34:19,145 - Epoch 1, Batch 550, lr = 0.00034, final_loss = 5.8806, nll_loss = 5.8199, ref_nll_loss = 5.9414, ivc_loss = 0.2601, neg_loss_1 = 0.0328, neg_loss_2 = 0.0407, ref_loss = 0.0286, div_loss = 0.0559, aux_loss = 0.0213, 0.872 seconds/batch
2026-04-20 20:35:02,580 - Epoch 1, Batch 600, lr = 0.00033, final_loss = 5.7951, nll_loss = 5.7377, ref_nll_loss = 5.8525, ivc_loss = 0.2553, neg_loss_1 = 0.0353, neg_loss_2 = 0.0327, ref_loss = 0.0340, div_loss = 0.0512, aux_loss = 0.0205, 0.872 seconds/batch
2026-04-20 20:35:45,909 - Epoch 1, Batch 650, lr = 0.00031, final_loss = 5.7969, nll_loss = 5.7328, ref_nll_loss = 5.8610, ivc_loss = 0.2179, neg_loss_1 = 0.0290, neg_loss_2 = 0.0286, ref_loss = 0.0293, div_loss = 0.0442, aux_loss = 0.0206, 0.871 seconds/batch
2026-04-20 20:36:29,307 - Epoch 1, Batch 700, lr = 0.00030, final_loss = 5.7681, nll_loss = 5.7028, ref_nll_loss = 5.8334, ivc_loss = 0.2113, neg_loss_1 = 0.0305, neg_loss_2 = 0.0270, ref_loss = 0.0274, div_loss = 0.0415, aux_loss = 0.0202, 0.871 seconds/batch
2026-04-20 20:37:12,798 - Epoch 1, Batch 750, lr = 0.00029, final_loss = 5.6917, nll_loss = 5.6343, ref_nll_loss = 5.7491, ivc_loss = 0.2321, neg_loss_1 = 0.0272, neg_loss_2 = 0.0294, ref_loss = 0.0336, div_loss = 0.0517, aux_loss = 0.0206, 0.871 seconds/batch
2026-04-20 20:37:56,228 - Epoch 1, Batch 800, lr = 0.00028, final_loss = 5.6831, nll_loss = 5.6173, ref_nll_loss = 5.7488, ivc_loss = 0.2012, neg_loss_1 = 0.0254, neg_loss_2 = 0.0242, ref_loss = 0.0292, div_loss = 0.0436, aux_loss = 0.0204, 0.871 seconds/batch
2026-04-20 20:38:39,640 - Epoch 1, Batch 850, lr = 0.00027, final_loss = 5.6786, nll_loss = 5.6110, ref_nll_loss = 5.7463, ivc_loss = 0.1952, neg_loss_1 = 0.0249, neg_loss_2 = 0.0236, ref_loss = 0.0275, div_loss = 0.0432, aux_loss = 0.0201, 0.871 seconds/batch
2026-04-20 20:39:12,598 - Epoch 1, Batch 900, lr = 0.00027, final_loss = 5.6140, nll_loss = 5.5488, ref_nll_loss = 5.6792, ivc_loss = 0.1853, neg_loss_1 = 0.0219, neg_loss_2 = 0.0206, ref_loss = 0.0298, div_loss = 0.0409, aux_loss = 0.0202, 0.859 seconds/batch
2026-04-20 20:39:35,696 - Epoch 1, Batch 950, lr = 0.00026, final_loss = 5.6076, nll_loss = 5.5455, ref_nll_loss = 5.6697, ivc_loss = 0.1980, neg_loss_1 = 0.0225, neg_loss_2 = 0.0229, ref_loss = 0.0324, div_loss = 0.0424, aux_loss = 0.0205, 0.838 seconds/batch
2026-04-20 20:39:58,808 - Epoch 1, Batch 1000, lr = 0.00025, final_loss = 5.5493, nll_loss = 5.4825, ref_nll_loss = 5.6161, ivc_loss = 0.1778, neg_loss_1 = 0.0197, neg_loss_2 = 0.0194, ref_loss = 0.0273, div_loss = 0.0450, aux_loss = 0.0205, 0.819 seconds/batch
2026-04-20 20:40:21,933 - Epoch 1, Batch 1050, lr = 0.00025, final_loss = 5.5389, nll_loss = 5.4758, ref_nll_loss = 5.6020, ivc_loss = 0.1775, neg_loss_1 = 0.0183, neg_loss_2 = 0.0179, ref_loss = 0.0320, div_loss = 0.0413, aux_loss = 0.0209, 0.802 seconds/batch
2026-04-20 20:40:45,036 - Epoch 1, Batch 1100, lr = 0.00024, final_loss = 5.5239, nll_loss = 5.4560, ref_nll_loss = 5.5917, ivc_loss = 0.1712, neg_loss_1 = 0.0198, neg_loss_2 = 0.0139, ref_loss = 0.0297, div_loss = 0.0443, aux_loss = 0.0203, 0.787 seconds/batch
2026-04-20 20:41:08,155 - Epoch 1, Batch 1150, lr = 0.00024, final_loss = 5.5200, nll_loss = 5.4555, ref_nll_loss = 5.5846, ivc_loss = 0.1622, neg_loss_1 = 0.0172, neg_loss_2 = 0.0137, ref_loss = 0.0300, div_loss = 0.0405, aux_loss = 0.0201, 0.773 seconds/batch
2026-04-20 20:41:17,283 - Epoch 1, Batch 1170, lr = 0.00023, final_loss = 5.4595, nll_loss = 5.3955, ref_nll_loss = 5.5235, ivc_loss = 0.1640, neg_loss_1 = 0.0163, neg_loss_2 = 0.0140, ref_loss = 0.0309, div_loss = 0.0417, aux_loss = 0.0201, 0.767 seconds/batch
2026-04-20 20:41:17,360 - save model to checkpoints/activitynet_moe_alpha1/cpl_moe2_alpha1/model-1.pt, num_updates 1170.
2026-04-20 20:46:11,061 - | R@1,mIoU 0.3400 | R@1,IoU@0.1 0.7642 | R@1,IoU@0.3 0.4736 | R@1,IoU@0.5 0.2551 | R@1,IoU@0.7 0.1350 | R@1,IoU@0.9 0.0586 | R@5,mIoU 0.4940 | R@5,IoU@0.1 0.9087 | R@5,IoU@0.3 0.7015 | R@5,IoU@0.5 0.4905 | R@5,IoU@0.7 0.2730 | R@5,IoU@0.9 0.1004 |
2026-04-20 20:46:11,130 - Best results have been updated.
2026-04-20 20:46:11,130 - ============================================================
2026-04-20 20:46:11,130 - Start Epoch 2
2026-04-20 20:46:54,973 - Epoch 2, Batch 50, lr = 0.00023, final_loss = 5.4655, nll_loss = 5.3981, ref_nll_loss = 5.5330, ivc_loss = 0.1548, neg_loss_1 = 0.0145, neg_loss_2 = 0.0137, ref_loss = 0.0281, div_loss = 0.0421, aux_loss = 0.0201, 0.877 seconds/batch
2026-04-20 20:47:38,514 - Epoch 2, Batch 100, lr = 0.00022, final_loss = 5.4319, nll_loss = 5.3609, ref_nll_loss = 5.5029, ivc_loss = 0.1547, neg_loss_1 = 0.0153, neg_loss_2 = 0.0122, ref_loss = 0.0287, div_loss = 0.0423, aux_loss = 0.0201, 0.874 seconds/batch
2026-04-20 20:48:22,161 - Epoch 2, Batch 150, lr = 0.00022, final_loss = 5.4385, nll_loss = 5.3701, ref_nll_loss = 5.5068, ivc_loss = 0.1453, neg_loss_1 = 0.0129, neg_loss_2 = 0.0111, ref_loss = 0.0288, div_loss = 0.0398, aux_loss = 0.0200, 0.874 seconds/batch
2026-04-20 20:49:05,758 - Epoch 2, Batch 200, lr = 0.00022, final_loss = 5.4245, nll_loss = 5.3494, ref_nll_loss = 5.4996, ivc_loss = 0.1419, neg_loss_1 = 0.0137, neg_loss_2 = 0.0115, ref_loss = 0.0251, div_loss = 0.0414, aux_loss = 0.0200, 0.873 seconds/batch
2026-04-20 20:49:49,304 - Epoch 2, Batch 250, lr = 0.00021, final_loss = 5.4001, nll_loss = 5.3321, ref_nll_loss = 5.4680, ivc_loss = 0.1485, neg_loss_1 = 0.0137, neg_loss_2 = 0.0115, ref_loss = 0.0283, div_loss = 0.0415, aux_loss = 0.0201, 0.873 seconds/batch
2026-04-20 20:50:32,854 - Epoch 2, Batch 300, lr = 0.00021, final_loss = 5.3819, nll_loss = 5.3092, ref_nll_loss = 5.4546, ivc_loss = 0.1427, neg_loss_1 = 0.0143, neg_loss_2 = 0.0100, ref_loss = 0.0268, div_loss = 0.0405, aux_loss = 0.0202, 0.872 seconds/batch
2026-04-20 20:51:16,453 - Epoch 2, Batch 350, lr = 0.00021, final_loss = 5.3863, nll_loss = 5.3168, ref_nll_loss = 5.4558, ivc_loss = 0.1382, neg_loss_1 = 0.0126, neg_loss_2 = 0.0109, ref_loss = 0.0264, div_loss = 0.0385, aux_loss = 0.0201, 0.872 seconds/batch
2026-04-20 20:52:00,042 - Epoch 2, Batch 400, lr = 0.00020, final_loss = 5.3303, nll_loss = 5.2559, ref_nll_loss = 5.4047, ivc_loss = 0.1280, neg_loss_1 = 0.0113, neg_loss_2 = 0.0073, ref_loss = 0.0256, div_loss = 0.0396, aux_loss = 0.0200, 0.872 seconds/batch
2026-04-20 20:52:43,658 - Epoch 2, Batch 450, lr = 0.00020, final_loss = 5.3462, nll_loss = 5.2733, ref_nll_loss = 5.4190, ivc_loss = 0.1355, neg_loss_1 = 0.0139, neg_loss_2 = 0.0076, ref_loss = 0.0267, div_loss = 0.0389, aux_loss = 0.0200, 0.872 seconds/batch
2026-04-20 20:53:27,183 - Epoch 2, Batch 500, lr = 0.00020, final_loss = 5.3405, nll_loss = 5.2679, ref_nll_loss = 5.4132, ivc_loss = 0.1397, neg_loss_1 = 0.0143, neg_loss_2 = 0.0106, ref_loss = 0.0256, div_loss = 0.0387, aux_loss = 0.0201, 0.872 seconds/batch
2026-04-20 20:54:10,780 - Epoch 2, Batch 550, lr = 0.00019, final_loss = 5.3350, nll_loss = 5.2627, ref_nll_loss = 5.4073, ivc_loss = 0.1425, neg_loss_1 = 0.0147, neg_loss_2 = 0.0100, ref_loss = 0.0267, div_loss = 0.0396, aux_loss = 0.0202, 0.872 seconds/batch
2026-04-20 20:54:54,363 - Epoch 2, Batch 600, lr = 0.00019, final_loss = 5.3096, nll_loss = 5.2318, ref_nll_loss = 5.3875, ivc_loss = 0.1286, neg_loss_1 = 0.0136, neg_loss_2 = 0.0066, ref_loss = 0.0244, div_loss = 0.0395, aux_loss = 0.0201, 0.872 seconds/batch
2026-04-20 20:55:37,948 - Epoch 2, Batch 650, lr = 0.00019, final_loss = 5.3040, nll_loss = 5.2253, ref_nll_loss = 5.3827, ivc_loss = 0.1319, neg_loss_1 = 0.0148, neg_loss_2 = 0.0100, ref_loss = 0.0212, div_loss = 0.0398, aux_loss = 0.0201, 0.872 seconds/batch
2026-04-20 20:56:21,535 - Epoch 2, Batch 700, lr = 0.00018, final_loss = 5.2974, nll_loss = 5.2225, ref_nll_loss = 5.3723, ivc_loss = 0.1320, neg_loss_1 = 0.0143, neg_loss_2 = 0.0083, ref_loss = 0.0241, div_loss = 0.0387, aux_loss = 0.0200, 0.872 seconds/batch
2026-04-20 20:57:05,133 - Epoch 2, Batch 750, lr = 0.00018, final_loss = 5.2677, nll_loss = 5.1890, ref_nll_loss = 5.3464, ivc_loss = 0.1217, neg_loss_1 = 0.0109, neg_loss_2 = 0.0079, ref_loss = 0.0225, div_loss = 0.0391, aux_loss = 0.0200, 0.872 seconds/batch
2026-04-20 20:57:48,705 - Epoch 2, Batch 800, lr = 0.00018, final_loss = 5.2309, nll_loss = 5.1535, ref_nll_loss = 5.3083, ivc_loss = 0.1287, neg_loss_1 = 0.0111, neg_loss_2 = 0.0091, ref_loss = 0.0251, div_loss = 0.0380, aux_loss = 0.0200, 0.872 seconds/batch
2026-04-20 20:58:32,301 - Epoch 2, Batch 850, lr = 0.00018, final_loss = 5.2493, nll_loss = 5.1693, ref_nll_loss = 5.3294, ivc_loss = 0.1172, neg_loss_1 = 0.0112, neg_loss_2 = 0.0067, ref_loss = 0.0213, div_loss = 0.0388, aux_loss = 0.0200, 0.872 seconds/batch
2026-04-20 20:59:04,993 - Epoch 2, Batch 900, lr = 0.00018, final_loss = 5.2723, nll_loss = 5.1979, ref_nll_loss = 5.3467, ivc_loss = 0.1249, neg_loss_1 = 0.0105, neg_loss_2 = 0.0068, ref_loss = 0.0252, div_loss = 0.0399, aux_loss = 0.0200, 0.860 seconds/batch
2026-04-20 20:59:28,147 - Epoch 2, Batch 950, lr = 0.00017, final_loss = 5.2028, nll_loss = 5.1261, ref_nll_loss = 5.2795, ivc_loss = 0.1222, neg_loss_1 = 0.0093, neg_loss_2 = 0.0092, ref_loss = 0.0233, div_loss = 0.0387, aux_loss = 0.0200, 0.839 seconds/batch
2026-04-20 20:59:51,284 - Epoch 2, Batch 1000, lr = 0.00017, final_loss = 5.2379, nll_loss = 5.1595, ref_nll_loss = 5.3164, ivc_loss = 0.1266, neg_loss_1 = 0.0108, neg_loss_2 = 0.0092, ref_loss = 0.0239, div_loss = 0.0388, aux_loss = 0.0200, 0.820 seconds/batch
2026-04-20 21:00:14,455 - Epoch 2, Batch 1050, lr = 0.00017, final_loss = 5.2370, nll_loss = 5.1608, ref_nll_loss = 5.3131, ivc_loss = 0.1222, neg_loss_1 = 0.0096, neg_loss_2 = 0.0075, ref_loss = 0.0240, div_loss = 0.0400, aux_loss = 0.0200, 0.803 seconds/batch
2026-04-20 21:00:37,576 - Epoch 2, Batch 1100, lr = 0.00017, final_loss = 5.1898, nll_loss = 5.1089, ref_nll_loss = 5.2708, ivc_loss = 0.1133, neg_loss_1 = 0.0081, neg_loss_2 = 0.0067, ref_loss = 0.0226, div_loss = 0.0385, aux_loss = 0.0200, 0.788 seconds/batch
2026-04-20 21:01:00,764 - Epoch 2, Batch 1150, lr = 0.00017, final_loss = 5.1999, nll_loss = 5.1177, ref_nll_loss = 5.2821, ivc_loss = 0.1127, neg_loss_1 = 0.0079, neg_loss_2 = 0.0067, ref_loss = 0.0229, div_loss = 0.0379, aux_loss = 0.0200, 0.774 seconds/batch
2026-04-20 21:01:09,890 - Epoch 2, Batch 1170, lr = 0.00017, final_loss = 5.1325, nll_loss = 5.0537, ref_nll_loss = 5.2114, ivc_loss = 0.1134, neg_loss_1 = 0.0084, neg_loss_2 = 0.0074, ref_loss = 0.0219, div_loss = 0.0378, aux_loss = 0.0200, 0.768 seconds/batch
2026-04-20 21:01:09,965 - save model to checkpoints/activitynet_moe_alpha1/cpl_moe2_alpha1/model-2.pt, num_updates 2340.
2026-04-20 21:06:03,261 - | R@1,mIoU 0.3430 | R@1,IoU@0.1 0.7670 | R@1,IoU@0.3 0.4873 | R@1,IoU@0.5 0.2435 | R@1,IoU@0.7 0.1315 | R@1,IoU@0.9 0.0791 | R@5,mIoU 0.5041 | R@5,IoU@0.1 0.9105 | R@5,IoU@0.3 0.7063 | R@5,IoU@0.5 0.5089 | R@5,IoU@0.7 0.2856 | R@5,IoU@0.9 0.1190 |
2026-04-20 21:06:03,344 - Best results have been updated.
2026-04-20 21:06:03,345 - ============================================================
2026-04-20 21:06:03,345 - Start Epoch 3
2026-04-20 21:06:47,125 - Epoch 3, Batch 50, lr = 0.00016, final_loss = 5.1341, nll_loss = 5.0552, ref_nll_loss = 5.2129, ivc_loss = 0.1189, neg_loss_1 = 0.0091, neg_loss_2 = 0.0072, ref_loss = 0.0234, div_loss = 0.0395, aux_loss = 0.0200, 0.876 seconds/batch
2026-04-20 21:07:30,676 - Epoch 3, Batch 100, lr = 0.00016, final_loss = 5.1302, nll_loss = 5.0520, ref_nll_loss = 5.2083, ivc_loss = 0.1201, neg_loss_1 = 0.0073, neg_loss_2 = 0.0082, ref_loss = 0.0248, div_loss = 0.0396, aux_loss = 0.0201, 0.873 seconds/batch
2026-04-20 21:08:14,248 - Epoch 3, Batch 150, lr = 0.00016, final_loss = 5.1389, nll_loss = 5.0593, ref_nll_loss = 5.2184, ivc_loss = 0.1144, neg_loss_1 = 0.0091, neg_loss_2 = 0.0054, ref_loss = 0.0236, div_loss = 0.0382, aux_loss = 0.0200, 0.873 seconds/batch
2026-04-20 21:08:57,834 - Epoch 3, Batch 200, lr = 0.00016, final_loss = 5.1074, nll_loss = 5.0289, ref_nll_loss = 5.1858, ivc_loss = 0.1160, neg_loss_1 = 0.0072, neg_loss_2 = 0.0067, ref_loss = 0.0252, div_loss = 0.0376, aux_loss = 0.0200, 0.872 seconds/batch
2026-04-20 21:09:41,433 - Epoch 3, Batch 250, lr = 0.00016, final_loss = 5.1033, nll_loss = 5.0207, ref_nll_loss = 5.1860, ivc_loss = 0.1027, neg_loss_1 = 0.0062, neg_loss_2 = 0.0048, ref_loss = 0.0214, div_loss = 0.0380, aux_loss = 0.0200, 0.872 seconds/batch
2026-04-20 21:10:25,058 - Epoch 3, Batch 300, lr = 0.00016, final_loss = 5.1195, nll_loss = 5.0399, ref_nll_loss = 5.1991, ivc_loss = 0.1109, neg_loss_1 = 0.0062, neg_loss_2 = 0.0071, ref_loss = 0.0221, div_loss = 0.0401, aux_loss = 0.0200, 0.872 seconds/batch
2026-04-20 21:11:08,653 - Epoch 3, Batch 350, lr = 0.00015, final_loss = 5.1188, nll_loss = 5.0413, ref_nll_loss = 5.1963, ivc_loss = 0.1188, neg_loss_1 = 0.0073, neg_loss_2 = 0.0080, ref_loss = 0.0242, div_loss = 0.0399, aux_loss = 0.0200, 0.872 seconds/batch
2026-04-20 21:11:52,287 - Epoch 3, Batch 400, lr = 0.00015, final_loss = 5.1333, nll_loss = 5.0529, ref_nll_loss = 5.2136, ivc_loss = 0.1140, neg_loss_1 = 0.0091, neg_loss_2 = 0.0053, ref_loss = 0.0234, div_loss = 0.0383, aux_loss = 0.0200, 0.872 seconds/batch
2026-04-20 21:12:35,930 - Epoch 3, Batch 450, lr = 0.00015, final_loss = 5.0720, nll_loss = 4.9919, ref_nll_loss = 5.1521, ivc_loss = 0.1139, neg_loss_1 = 0.0086, neg_loss_2 = 0.0066, ref_loss = 0.0230, div_loss = 0.0375, aux_loss = 0.0200, 0.872 seconds/batch
2026-04-20 21:13:19,517 - Epoch 3, Batch 500, lr = 0.00015, final_loss = 5.0927, nll_loss = 5.0111, ref_nll_loss = 5.1743, ivc_loss = 0.1178, neg_loss_1 = 0.0084, neg_loss_2 = 0.0087, ref_loss = 0.0223, div_loss = 0.0390, aux_loss = 0.0200, 0.872 seconds/batch
2026-04-20 21:14:03,111 - Epoch 3, Batch 550, lr = 0.00015, final_loss = 5.0732, nll_loss = 4.9952, ref_nll_loss = 5.1512, ivc_loss = 0.1145, neg_loss_1 = 0.0084, neg_loss_2 = 0.0066, ref_loss = 0.0222, div_loss = 0.0403, aux_loss = 0.0200, 0.872 seconds/batch
2026-04-20 21:14:46,719 - Epoch 3, Batch 600, lr = 0.00015, final_loss = 5.0801, nll_loss = 4.9973, ref_nll_loss = 5.1629, ivc_loss = 0.1079, neg_loss_1 = 0.0085, neg_loss_2 = 0.0053, ref_loss = 0.0193, div_loss = 0.0419, aux_loss = 0.0200, 0.872 seconds/batch
2026-04-20 21:15:30,330 - Epoch 3, Batch 650, lr = 0.00015, final_loss = 5.0705, nll_loss = 4.9906, ref_nll_loss = 5.1504, ivc_loss = 0.1129, neg_loss_1 = 0.0060, neg_loss_2 = 0.0075, ref_loss = 0.0231, div_loss = 0.0399, aux_loss = 0.0200, 0.872 seconds/batch
2026-04-20 21:16:13,960 - Epoch 3, Batch 700, lr = 0.00015, final_loss = 5.0767, nll_loss = 4.9963, ref_nll_loss = 5.1571, ivc_loss = 0.1078, neg_loss_1 = 0.0065, neg_loss_2 = 0.0063, ref_loss = 0.0210, div_loss = 0.0403, aux_loss = 0.0200, 0.872 seconds/batch
2026-04-20 21:16:57,589 - Epoch 3, Batch 750, lr = 0.00014, final_loss = 5.0844, nll_loss = 5.0027, ref_nll_loss = 5.1661, ivc_loss = 0.1134, neg_loss_1 = 0.0078, neg_loss_2 = 0.0062, ref_loss = 0.0224, div_loss = 0.0405, aux_loss = 0.0200, 0.872 seconds/batch
2026-04-20 21:17:41,184 - Epoch 3, Batch 800, lr = 0.00014, final_loss = 5.0855, nll_loss = 5.0067, ref_nll_loss = 5.1643, ivc_loss = 0.1121, neg_loss_1 = 0.0071, neg_loss_2 = 0.0074, ref_loss = 0.0216, div_loss = 0.0400, aux_loss = 0.0200, 0.872 seconds/batch
2026-04-20 21:18:24,783 - Epoch 3, Batch 850, lr = 0.00014, final_loss = 5.0914, nll_loss = 5.0151, ref_nll_loss = 5.1677, ivc_loss = 0.1232, neg_loss_1 = 0.0072, neg_loss_2 = 0.0099, ref_loss = 0.0248, div_loss = 0.0394, aux_loss = 0.0200, 0.872 seconds/batch
2026-04-20 21:18:57,661 - Epoch 3, Batch 900, lr = 0.00014, final_loss = 5.0541, nll_loss = 4.9742, ref_nll_loss = 5.1341, ivc_loss = 0.1138, neg_loss_1 = 0.0078, neg_loss_2 = 0.0064, ref_loss = 0.0231, div_loss = 0.0392, aux_loss = 0.0200, 0.860 seconds/batch
2026-04-20 21:19:20,798 - Epoch 3, Batch 950, lr = 0.00014, final_loss = 5.0554, nll_loss = 4.9699, ref_nll_loss = 5.1410, ivc_loss = 0.1061, neg_loss_1 = 0.0061, neg_loss_2 = 0.0071, ref_loss = 0.0206, div_loss = 0.0385, aux_loss = 0.0200, 0.839 seconds/batch
2026-04-20 21:19:43,922 - Epoch 3, Batch 1000, lr = 0.00014, final_loss = 5.0476, nll_loss = 4.9710, ref_nll_loss = 5.1243, ivc_loss = 0.1229, neg_loss_1 = 0.0076, neg_loss_2 = 0.0095, ref_loss = 0.0249, div_loss = 0.0389, aux_loss = 0.0200, 0.821 seconds/batch
2026-04-20 21:20:07,071 - Epoch 3, Batch 1050, lr = 0.00014, final_loss = 5.0633, nll_loss = 4.9819, ref_nll_loss = 5.1446, ivc_loss = 0.1091, neg_loss_1 = 0.0079, neg_loss_2 = 0.0051, ref_loss = 0.0223, div_loss = 0.0387, aux_loss = 0.0200, 0.804 seconds/batch
2026-04-20 21:20:30,216 - Epoch 3, Batch 1100, lr = 0.00014, final_loss = 5.0307, nll_loss = 4.9523, ref_nll_loss = 5.1090, ivc_loss = 0.1144, neg_loss_1 = 0.0072, neg_loss_2 = 0.0066, ref_loss = 0.0236, div_loss = 0.0396, aux_loss = 0.0201, 0.788 seconds/batch
2026-04-20 21:20:53,377 - Epoch 3, Batch 1150, lr = 0.00014, final_loss = 5.0291, nll_loss = 4.9481, ref_nll_loss = 5.1102, ivc_loss = 0.1122, neg_loss_1 = 0.0064, neg_loss_2 = 0.0075, ref_loss = 0.0225, div_loss = 0.0395, aux_loss = 0.0201, 0.774 seconds/batch
2026-04-20 21:21:02,526 - Epoch 3, Batch 1170, lr = 0.00014, final_loss = 5.0350, nll_loss = 4.9563, ref_nll_loss = 5.1137, ivc_loss = 0.1065, neg_loss_1 = 0.0052, neg_loss_2 = 0.0080, ref_loss = 0.0213, div_loss = 0.0376, aux_loss = 0.0200, 0.769 seconds/batch
2026-04-20 21:21:02,604 - save model to checkpoints/activitynet_moe_alpha1/cpl_moe2_alpha1/model-3.pt, num_updates 3510.
2026-04-20 21:25:55,192 - | R@1,mIoU 0.3494 | R@1,IoU@0.1 0.7978 | R@1,IoU@0.3 0.4912 | R@1,IoU@0.5 0.2421 | R@1,IoU@0.7 0.1321 | R@1,IoU@0.9 0.0802 | R@5,mIoU 0.5303 | R@5,IoU@0.1 0.9210 | R@5,IoU@0.3 0.7391 | R@5,IoU@0.5 0.5528 | R@5,IoU@0.7 0.3207 | R@5,IoU@0.9 0.1278 |
2026-04-20 21:25:55,260 - Best results have been updated.
2026-04-20 21:25:55,260 - ============================================================
2026-04-20 21:25:55,260 - Start Epoch 4
2026-04-20 21:26:39,153 - Epoch 4, Batch 50, lr = 0.00013, final_loss = 4.9751, nll_loss = 4.8929, ref_nll_loss = 5.0572, ivc_loss = 0.1056, neg_loss_1 = 0.0064, neg_loss_2 = 0.0070, ref_loss = 0.0201, div_loss = 0.0385, aux_loss = 0.0200, 0.878 seconds/batch
2026-04-20 21:27:22,826 - Epoch 4, Batch 100, lr = 0.00013, final_loss = 4.9563, nll_loss = 4.8719, ref_nll_loss = 5.0407, ivc_loss = 0.1033, neg_loss_1 = 0.0075, neg_loss_2 = 0.0049, ref_loss = 0.0206, div_loss = 0.0373, aux_loss = 0.0200, 0.876 seconds/batch
2026-04-20 21:28:06,702 - Epoch 4, Batch 150, lr = 0.00013, final_loss = 4.9985, nll_loss = 4.9153, ref_nll_loss = 5.0816, ivc_loss = 0.1107, neg_loss_1 = 0.0078, neg_loss_2 = 0.0070, ref_loss = 0.0217, div_loss = 0.0375, aux_loss = 0.0200, 0.876 seconds/batch
2026-04-20 21:28:50,355 - Epoch 4, Batch 200, lr = 0.00013, final_loss = 4.9852, nll_loss = 4.9084, ref_nll_loss = 5.0621, ivc_loss = 0.1164, neg_loss_1 = 0.0070, neg_loss_2 = 0.0074, ref_loss = 0.0244, div_loss = 0.0387, aux_loss = 0.0200, 0.875 seconds/batch
2026-04-20 21:29:33,955 - Epoch 4, Batch 250, lr = 0.00013, final_loss = 4.9600, nll_loss = 4.8752, ref_nll_loss = 5.0448, ivc_loss = 0.1094, neg_loss_1 = 0.0060, neg_loss_2 = 0.0067, ref_loss = 0.0220, div_loss = 0.0399, aux_loss = 0.0200, 0.875 seconds/batch
2026-04-20 21:30:17,558 - Epoch 4, Batch 300, lr = 0.00013, final_loss = 4.9368, nll_loss = 4.8539, ref_nll_loss = 5.0197, ivc_loss = 0.1097, neg_loss_1 = 0.0068, neg_loss_2 = 0.0061, ref_loss = 0.0219, div_loss = 0.0403, aux_loss = 0.0201, 0.874 seconds/batch
2026-04-20 21:31:01,150 - Epoch 4, Batch 350, lr = 0.00013, final_loss = 4.9867, nll_loss = 4.9043, ref_nll_loss = 5.0690, ivc_loss = 0.1079, neg_loss_1 = 0.0062, neg_loss_2 = 0.0066, ref_loss = 0.0219, div_loss = 0.0386, aux_loss = 0.0200, 0.874 seconds/batch
2026-04-20 21:31:44,767 - Epoch 4, Batch 400, lr = 0.00013, final_loss = 4.9544, nll_loss = 4.8723, ref_nll_loss = 5.0366, ivc_loss = 0.1044, neg_loss_1 = 0.0067, neg_loss_2 = 0.0046, ref_loss = 0.0219, div_loss = 0.0379, aux_loss = 0.0200, 0.874 seconds/batch
2026-04-20 21:32:28,384 - Epoch 4, Batch 450, lr = 0.00013, final_loss = 4.9621, nll_loss = 4.8783, ref_nll_loss = 5.0458, ivc_loss = 0.1043, neg_loss_1 = 0.0064, neg_loss_2 = 0.0061, ref_loss = 0.0211, div_loss = 0.0368, aux_loss = 0.0200, 0.874 seconds/batch
2026-04-20 21:33:12,020 - Epoch 4, Batch 500, lr = 0.00013, final_loss = 4.9279, nll_loss = 4.8477, ref_nll_loss = 5.0082, ivc_loss = 0.1067, neg_loss_1 = 0.0051, neg_loss_2 = 0.0075, ref_loss = 0.0227, div_loss = 0.0362, aux_loss = 0.0200, 0.874 seconds/batch
2026-04-20 21:33:55,603 - Epoch 4, Batch 550, lr = 0.00013, final_loss = 4.9484, nll_loss = 4.8671, ref_nll_loss = 5.0297, ivc_loss = 0.1114, neg_loss_1 = 0.0057, neg_loss_2 = 0.0070, ref_loss = 0.0237, div_loss = 0.0388, aux_loss = 0.0200, 0.873 seconds/batch
2026-04-20 21:34:39,163 - Epoch 4, Batch 600, lr = 0.00012, final_loss = 4.9486, nll_loss = 4.8675, ref_nll_loss = 5.0297, ivc_loss = 0.1089, neg_loss_1 = 0.0058, neg_loss_2 = 0.0065, ref_loss = 0.0237, div_loss = 0.0369, aux_loss = 0.0202, 0.873 seconds/batch
2026-04-20 21:35:22,770 - Epoch 4, Batch 650, lr = 0.00012, final_loss = 4.9383, nll_loss = 4.8543, ref_nll_loss = 5.0222, ivc_loss = 0.1048, neg_loss_1 = 0.0054, neg_loss_2 = 0.0060, ref_loss = 0.0224, div_loss = 0.0372, aux_loss = 0.0202, 0.873 seconds/batch
2026-04-20 21:36:06,426 - Epoch 4, Batch 700, lr = 0.00012, final_loss = 4.9816, nll_loss = 4.9001, ref_nll_loss = 5.0632, ivc_loss = 0.1063, neg_loss_1 = 0.0070, neg_loss_2 = 0.0068, ref_loss = 0.0211, div_loss = 0.0365, aux_loss = 0.0203, 0.873 seconds/batch
2026-04-20 21:36:50,036 - Epoch 4, Batch 750, lr = 0.00012, final_loss = 4.9445, nll_loss = 4.8644, ref_nll_loss = 5.0247, ivc_loss = 0.1155, neg_loss_1 = 0.0075, neg_loss_2 = 0.0072, ref_loss = 0.0231, div_loss = 0.0398, aux_loss = 0.0202, 0.873 seconds/batch
2026-04-20 21:37:33,594 - Epoch 4, Batch 800, lr = 0.00012, final_loss = 4.9433, nll_loss = 4.8654, ref_nll_loss = 5.0211, ivc_loss = 0.1157, neg_loss_1 = 0.0070, neg_loss_2 = 0.0063, ref_loss = 0.0265, div_loss = 0.0360, aux_loss = 0.0201, 0.873 seconds/batch
2026-04-20 21:38:17,088 - Epoch 4, Batch 850, lr = 0.00012, final_loss = 4.9318, nll_loss = 4.8486, ref_nll_loss = 5.0149, ivc_loss = 0.1069, neg_loss_1 = 0.0051, neg_loss_2 = 0.0077, ref_loss = 0.0223, div_loss = 0.0367, aux_loss = 0.0201, 0.873 seconds/batch
2026-04-20 21:38:49,769 - Epoch 4, Batch 900, lr = 0.00012, final_loss = 4.9266, nll_loss = 4.8446, ref_nll_loss = 5.0087, ivc_loss = 0.1179, neg_loss_1 = 0.0062, neg_loss_2 = 0.0104, ref_loss = 0.0249, div_loss = 0.0349, aux_loss = 0.0200, 0.861 seconds/batch
2026-04-20 21:39:12,944 - Epoch 4, Batch 950, lr = 0.00012, final_loss = 4.9278, nll_loss = 4.8414, ref_nll_loss = 5.0141, ivc_loss = 0.1037, neg_loss_1 = 0.0061, neg_loss_2 = 0.0078, ref_loss = 0.0203, div_loss = 0.0353, aux_loss = 0.0201, 0.840 seconds/batch
2026-04-20 21:39:36,069 - Epoch 4, Batch 1000, lr = 0.00012, final_loss = 4.9431, nll_loss = 4.8574, ref_nll_loss = 5.0287, ivc_loss = 0.1003, neg_loss_1 = 0.0049, neg_loss_2 = 0.0069, ref_loss = 0.0205, div_loss = 0.0357, aux_loss = 0.0200, 0.821 seconds/batch
2026-04-20 21:39:59,266 - Epoch 4, Batch 1050, lr = 0.00012, final_loss = 4.9402, nll_loss = 4.8586, ref_nll_loss = 5.0218, ivc_loss = 0.1041, neg_loss_1 = 0.0054, neg_loss_2 = 0.0065, ref_loss = 0.0230, div_loss = 0.0343, aux_loss = 0.0200, 0.804 seconds/batch
2026-04-20 21:40:22,513 - Epoch 4, Batch 1100, lr = 0.00012, final_loss = 4.9009, nll_loss = 4.8173, ref_nll_loss = 4.9846, ivc_loss = 0.1011, neg_loss_1 = 0.0051, neg_loss_2 = 0.0064, ref_loss = 0.0219, div_loss = 0.0342, aux_loss = 0.0200, 0.788 seconds/batch
2026-04-20 21:40:45,641 - Epoch 4, Batch 1150, lr = 0.00012, final_loss = 4.8901, nll_loss = 4.8110, ref_nll_loss = 4.9692, ivc_loss = 0.1055, neg_loss_1 = 0.0048, neg_loss_2 = 0.0065, ref_loss = 0.0243, div_loss = 0.0343, aux_loss = 0.0200, 0.774 seconds/batch
2026-04-20 21:40:54,802 - Epoch 4, Batch 1170, lr = 0.00012, final_loss = 4.9539, nll_loss = 4.8741, ref_nll_loss = 5.0336, ivc_loss = 0.1252, neg_loss_1 = 0.0067, neg_loss_2 = 0.0092, ref_loss = 0.0288, div_loss = 0.0359, aux_loss = 0.0201, 0.769 seconds/batch
2026-04-20 21:40:54,880 - save model to checkpoints/activitynet_moe_alpha1/cpl_moe2_alpha1/model-4.pt, num_updates 4680.
2026-04-20 21:45:47,661 - | R@1,mIoU 0.3414 | R@1,IoU@0.1 0.8209 | R@1,IoU@0.3 0.4719 | R@1,IoU@0.5 0.2308 | R@1,IoU@0.7 0.1260 | R@1,IoU@0.9 0.0569 | R@5,mIoU 0.5405 | R@5,IoU@0.1 0.9241 | R@5,IoU@0.3 0.7514 | R@5,IoU@0.5 0.5714 | R@5,IoU@0.7 0.3388 | R@5,IoU@0.9 0.1279 |
2026-04-20 21:45:47,661 - ============================================================
2026-04-20 21:45:47,661 - Start Epoch 5
2026-04-20 21:46:31,508 - Epoch 5, Batch 50, lr = 0.00012, final_loss = 4.8598, nll_loss = 4.7799, ref_nll_loss = 4.9397, ivc_loss = 0.1184, neg_loss_1 = 0.0068, neg_loss_2 = 0.0091, ref_loss = 0.0244, div_loss = 0.0379, aux_loss = 0.0201, 0.877 seconds/batch
2026-04-20 21:47:15,043 - Epoch 5, Batch 100, lr = 0.00012, final_loss = 4.8585, nll_loss = 4.7804, ref_nll_loss = 4.9366, ivc_loss = 0.1115, neg_loss_1 = 0.0060, neg_loss_2 = 0.0080, ref_loss = 0.0240, div_loss = 0.0357, aux_loss = 0.0201, 0.874 seconds/batch
2026-04-20 21:47:58,665 - Epoch 5, Batch 150, lr = 0.00012, final_loss = 4.8727, nll_loss = 4.7885, ref_nll_loss = 4.9570, ivc_loss = 0.0983, neg_loss_1 = 0.0053, neg_loss_2 = 0.0053, ref_loss = 0.0209, div_loss = 0.0354, aux_loss = 0.0200, 0.873 seconds/batch
2026-04-20 21:48:42,254 - Epoch 5, Batch 200, lr = 0.00011, final_loss = 4.8916, nll_loss = 4.8079, ref_nll_loss = 4.9753, ivc_loss = 0.1080, neg_loss_1 = 0.0058, neg_loss_2 = 0.0073, ref_loss = 0.0230, div_loss = 0.0359, aux_loss = 0.0200, 0.873 seconds/batch
2026-04-20 21:49:25,867 - Epoch 5, Batch 250, lr = 0.00011, final_loss = 4.8410, nll_loss = 4.7556, ref_nll_loss = 4.9264, ivc_loss = 0.1009, neg_loss_1 = 0.0052, neg_loss_2 = 0.0064, ref_loss = 0.0210, div_loss = 0.0356, aux_loss = 0.0200, 0.873 seconds/batch
2026-04-20 21:50:09,391 - Epoch 5, Batch 300, lr = 0.00011, final_loss = 4.8612, nll_loss = 4.7796, ref_nll_loss = 4.9429, ivc_loss = 0.0978, neg_loss_1 = 0.0049, neg_loss_2 = 0.0048, ref_loss = 0.0218, div_loss = 0.0348, aux_loss = 0.0200, 0.872 seconds/batch
2026-04-20 21:50:53,025 - Epoch 5, Batch 350, lr = 0.00011, final_loss = 4.8773, nll_loss = 4.7942, ref_nll_loss = 4.9604, ivc_loss = 0.1016, neg_loss_1 = 0.0050, neg_loss_2 = 0.0063, ref_loss = 0.0221, div_loss = 0.0349, aux_loss = 0.0200, 0.872 seconds/batch
2026-04-20 21:51:36,697 - Epoch 5, Batch 400, lr = 0.00011, final_loss = 4.8637, nll_loss = 4.7806, ref_nll_loss = 4.9467, ivc_loss = 0.1018, neg_loss_1 = 0.0050, neg_loss_2 = 0.0059, ref_loss = 0.0222, div_loss = 0.0356, aux_loss = 0.0200, 0.873 seconds/batch
2026-04-20 21:52:20,334 - Epoch 5, Batch 450, lr = 0.00011, final_loss = 4.8577, nll_loss = 4.7766, ref_nll_loss = 4.9388, ivc_loss = 0.0987, neg_loss_1 = 0.0050, neg_loss_2 = 0.0061, ref_loss = 0.0207, div_loss = 0.0350, aux_loss = 0.0200, 0.873 seconds/batch
2026-04-20 21:53:03,969 - Epoch 5, Batch 500, lr = 0.00011, final_loss = 4.8415, nll_loss = 4.7590, ref_nll_loss = 4.9240, ivc_loss = 0.1006, neg_loss_1 = 0.0042, neg_loss_2 = 0.0063, ref_loss = 0.0219, div_loss = 0.0358, aux_loss = 0.0201, 0.873 seconds/batch
2026-04-20 21:53:47,548 - Epoch 5, Batch 550, lr = 0.00011, final_loss = 4.8877, nll_loss = 4.8012, ref_nll_loss = 4.9742, ivc_loss = 0.0959, neg_loss_1 = 0.0042, neg_loss_2 = 0.0051, ref_loss = 0.0209, div_loss = 0.0356, aux_loss = 0.0201, 0.873 seconds/batch
2026-04-20 21:54:31,143 - Epoch 5, Batch 600, lr = 0.00011, final_loss = 4.8232, nll_loss = 4.7413, ref_nll_loss = 4.9050, ivc_loss = 0.1030, neg_loss_1 = 0.0046, neg_loss_2 = 0.0067, ref_loss = 0.0217, div_loss = 0.0369, aux_loss = 0.0201, 0.872 seconds/batch
2026-04-20 21:55:14,783 - Epoch 5, Batch 650, lr = 0.00011, final_loss = 4.8339, nll_loss = 4.7470, ref_nll_loss = 4.9209, ivc_loss = 0.1020, neg_loss_1 = 0.0057, neg_loss_2 = 0.0075, ref_loss = 0.0199, div_loss = 0.0359, aux_loss = 0.0200, 0.872 seconds/batch
2026-04-20 21:55:58,310 - Epoch 5, Batch 700, lr = 0.00011, final_loss = 4.8535, nll_loss = 4.7744, ref_nll_loss = 4.9326, ivc_loss = 0.1019, neg_loss_1 = 0.0053, neg_loss_2 = 0.0068, ref_loss = 0.0211, div_loss = 0.0354, aux_loss = 0.0200, 0.872 seconds/batch
2026-04-20 21:56:41,802 - Epoch 5, Batch 750, lr = 0.00011, final_loss = 4.8276, nll_loss = 4.7463, ref_nll_loss = 4.9089, ivc_loss = 0.1022, neg_loss_1 = 0.0054, neg_loss_2 = 0.0056, ref_loss = 0.0228, div_loss = 0.0347, aux_loss = 0.0201, 0.872 seconds/batch
2026-04-20 21:57:25,372 - Epoch 5, Batch 800, lr = 0.00011, final_loss = 4.8582, nll_loss = 4.7746, ref_nll_loss = 4.9418, ivc_loss = 0.0957, neg_loss_1 = 0.0057, neg_loss_2 = 0.0056, ref_loss = 0.0195, div_loss = 0.0341, aux_loss = 0.0201, 0.872 seconds/batch
2026-04-20 21:58:08,637 - Epoch 5, Batch 850, lr = 0.00011, final_loss = 4.8333, nll_loss = 4.7506, ref_nll_loss = 4.9159, ivc_loss = 0.1003, neg_loss_1 = 0.0047, neg_loss_2 = 0.0070, ref_loss = 0.0213, div_loss = 0.0343, aux_loss = 0.0200, 0.872 seconds/batch
2026-04-20 21:58:41,338 - Epoch 5, Batch 900, lr = 0.00011, final_loss = 4.8615, nll_loss = 4.7765, ref_nll_loss = 4.9465, ivc_loss = 0.1031, neg_loss_1 = 0.0062, neg_loss_2 = 0.0072, ref_loss = 0.0215, div_loss = 0.0334, aux_loss = 0.0200, 0.860 seconds/batch
2026-04-20 21:59:04,599 - Epoch 5, Batch 950, lr = 0.00011, final_loss = 4.8378, nll_loss = 4.7567, ref_nll_loss = 4.9189, ivc_loss = 0.1071, neg_loss_1 = 0.0055, neg_loss_2 = 0.0078, ref_loss = 0.0228, div_loss = 0.0350, aux_loss = 0.0200, 0.839 seconds/batch
2026-04-20 21:59:27,717 - Epoch 5, Batch 1000, lr = 0.00011, final_loss = 4.8116, nll_loss = 4.7300, ref_nll_loss = 4.8931, ivc_loss = 0.1007, neg_loss_1 = 0.0037, neg_loss_2 = 0.0074, ref_loss = 0.0230, div_loss = 0.0326, aux_loss = 0.0200, 0.820 seconds/batch
2026-04-20 21:59:50,870 - Epoch 5, Batch 1050, lr = 0.00011, final_loss = 4.7872, nll_loss = 4.6979, ref_nll_loss = 4.8765, ivc_loss = 0.0935, neg_loss_1 = 0.0047, neg_loss_2 = 0.0066, ref_loss = 0.0193, div_loss = 0.0324, aux_loss = 0.0200, 0.803 seconds/batch
2026-04-20 22:00:14,004 - Epoch 5, Batch 1100, lr = 0.00011, final_loss = 4.8578, nll_loss = 4.7754, ref_nll_loss = 4.9402, ivc_loss = 0.1014, neg_loss_1 = 0.0034, neg_loss_2 = 0.0074, ref_loss = 0.0232, div_loss = 0.0335, aux_loss = 0.0200, 0.788 seconds/batch
2026-04-20 22:00:37,278 - Epoch 5, Batch 1150, lr = 0.00010, final_loss = 4.8193, nll_loss = 4.7358, ref_nll_loss = 4.9028, ivc_loss = 0.0998, neg_loss_1 = 0.0040, neg_loss_2 = 0.0075, ref_loss = 0.0214, div_loss = 0.0341, aux_loss = 0.0200, 0.774 seconds/batch
2026-04-20 22:00:46,414 - Epoch 5, Batch 1170, lr = 0.00010, final_loss = 4.8411, nll_loss = 4.7535, ref_nll_loss = 4.9288, ivc_loss = 0.1003, neg_loss_1 = 0.0045, neg_loss_2 = 0.0079, ref_loss = 0.0215, div_loss = 0.0326, aux_loss = 0.0200, 0.768 seconds/batch
2026-04-20 22:00:46,491 - save model to checkpoints/activitynet_moe_alpha1/cpl_moe2_alpha1/model-5.pt, num_updates 5850.
2026-04-20 22:05:40,501 - | R@1,mIoU 0.3239 | R@1,IoU@0.1 0.7711 | R@1,IoU@0.3 0.4186 | R@1,IoU@0.5 0.2539 | R@1,IoU@0.7 0.1269 | R@1,IoU@0.9 0.0506 | R@5,mIoU 0.5338 | R@5,IoU@0.1 0.9232 | R@5,IoU@0.3 0.7517 | R@5,IoU@0.5 0.5587 | R@5,IoU@0.7 0.3281 | R@5,IoU@0.9 0.1174 |
2026-04-20 22:05:40,502 - ============================================================
2026-04-20 22:05:40,502 - Start Epoch 6
2026-04-20 22:06:24,511 - Epoch 6, Batch 50, lr = 0.00010, final_loss = 4.8152, nll_loss = 4.7294, ref_nll_loss = 4.9010, ivc_loss = 0.0945, neg_loss_1 = 0.0052, neg_loss_2 = 0.0075, ref_loss = 0.0194, div_loss = 0.0303, aux_loss = 0.0200, 0.880 seconds/batch
2026-04-20 22:07:08,231 - Epoch 6, Batch 100, lr = 0.00010, final_loss = 4.8138, nll_loss = 4.7304, ref_nll_loss = 4.8972, ivc_loss = 0.1020, neg_loss_1 = 0.0054, neg_loss_2 = 0.0082, ref_loss = 0.0222, div_loss = 0.0303, aux_loss = 0.0200, 0.877 seconds/batch
2026-04-20 22:07:51,936 - Epoch 6, Batch 150, lr = 0.00010, final_loss = 4.7876, nll_loss = 4.7047, ref_nll_loss = 4.8706, ivc_loss = 0.1000, neg_loss_1 = 0.0040, neg_loss_2 = 0.0073, ref_loss = 0.0233, div_loss = 0.0309, aux_loss = 0.0200, 0.876 seconds/batch
2026-04-20 22:08:35,611 - Epoch 6, Batch 200, lr = 0.00010, final_loss = 4.7780, nll_loss = 4.6942, ref_nll_loss = 4.8618, ivc_loss = 0.0965, neg_loss_1 = 0.0042, neg_loss_2 = 0.0081, ref_loss = 0.0199, div_loss = 0.0321, aux_loss = 0.0200, 0.876 seconds/batch
2026-04-20 22:09:19,279 - Epoch 6, Batch 250, lr = 0.00010, final_loss = 4.7776, nll_loss = 4.6917, ref_nll_loss = 4.8634, ivc_loss = 0.0979, neg_loss_1 = 0.0034, neg_loss_2 = 0.0084, ref_loss = 0.0198, div_loss = 0.0346, aux_loss = 0.0200, 0.875 seconds/batch
2026-04-20 22:10:03,025 - Epoch 6, Batch 300, lr = 0.00010, final_loss = 4.7741, nll_loss = 4.6891, ref_nll_loss = 4.8592, ivc_loss = 0.0969, neg_loss_1 = 0.0041, neg_loss_2 = 0.0071, ref_loss = 0.0209, div_loss = 0.0327, aux_loss = 0.0200, 0.875 seconds/batch
2026-04-20 22:10:46,755 - Epoch 6, Batch 350, lr = 0.00010, final_loss = 4.8121, nll_loss = 4.7232, ref_nll_loss = 4.9010, ivc_loss = 0.0943, neg_loss_1 = 0.0044, neg_loss_2 = 0.0074, ref_loss = 0.0187, div_loss = 0.0334, aux_loss = 0.0200, 0.875 seconds/batch
2026-04-20 22:11:30,440 - Epoch 6, Batch 400, lr = 0.00010, final_loss = 4.7982, nll_loss = 4.7148, ref_nll_loss = 4.8816, ivc_loss = 0.1010, neg_loss_1 = 0.0050, neg_loss_2 = 0.0076, ref_loss = 0.0207, div_loss = 0.0343, aux_loss = 0.0200, 0.875 seconds/batch
2026-04-20 22:12:14,051 - Epoch 6, Batch 450, lr = 0.00010, final_loss = 4.7799, nll_loss = 4.6963, ref_nll_loss = 4.8636, ivc_loss = 0.1056, neg_loss_1 = 0.0060, neg_loss_2 = 0.0082, ref_loss = 0.0227, div_loss = 0.0320, aux_loss = 0.0200, 0.875 seconds/batch
2026-04-20 22:12:57,603 - Epoch 6, Batch 500, lr = 0.00010, final_loss = 4.7573, nll_loss = 4.6707, ref_nll_loss = 4.8439, ivc_loss = 0.0974, neg_loss_1 = 0.0045, neg_loss_2 = 0.0075, ref_loss = 0.0204, div_loss = 0.0326, aux_loss = 0.0200, 0.874 seconds/batch
2026-04-20 22:13:41,185 - Epoch 6, Batch 550, lr = 0.00010, final_loss = 4.7381, nll_loss = 4.6509, ref_nll_loss = 4.8252, ivc_loss = 0.0922, neg_loss_1 = 0.0031, neg_loss_2 = 0.0061, ref_loss = 0.0202, div_loss = 0.0335, aux_loss = 0.0200, 0.874 seconds/batch
2026-04-20 22:14:24,783 - Epoch 6, Batch 600, lr = 0.00010, final_loss = 4.7482, nll_loss = 4.6596, ref_nll_loss = 4.8368, ivc_loss = 0.0881, neg_loss_1 = 0.0034, neg_loss_2 = 0.0057, ref_loss = 0.0180, div_loss = 0.0340, aux_loss = 0.0200, 0.874 seconds/batch
2026-04-20 22:15:08,385 - Epoch 6, Batch 650, lr = 0.00010, final_loss = 4.8043, nll_loss = 4.7135, ref_nll_loss = 4.8950, ivc_loss = 0.0900, neg_loss_1 = 0.0040, neg_loss_2 = 0.0044, ref_loss = 0.0203, div_loss = 0.0327, aux_loss = 0.0200, 0.874 seconds/batch
2026-04-20 22:15:52,002 - Epoch 6, Batch 700, lr = 0.00010, final_loss = 4.7941, nll_loss = 4.7080, ref_nll_loss = 4.8802, ivc_loss = 0.0978, neg_loss_1 = 0.0038, neg_loss_2 = 0.0073, ref_loss = 0.0200, div_loss = 0.0356, aux_loss = 0.0200, 0.874 seconds/batch
2026-04-20 22:16:35,530 - Epoch 6, Batch 750, lr = 0.00010, final_loss = 4.7827, nll_loss = 4.6929, ref_nll_loss = 4.8725, ivc_loss = 0.0933, neg_loss_1 = 0.0054, neg_loss_2 = 0.0057, ref_loss = 0.0192, div_loss = 0.0328, aux_loss = 0.0200, 0.873 seconds/batch
2026-04-20 22:17:19,161 - Epoch 6, Batch 800, lr = 0.00010, final_loss = 4.8081, nll_loss = 4.7226, ref_nll_loss = 4.8936, ivc_loss = 0.0945, neg_loss_1 = 0.0037, neg_loss_2 = 0.0069, ref_loss = 0.0204, div_loss = 0.0323, aux_loss = 0.0200, 0.873 seconds/batch
2026-04-20 22:18:02,376 - Epoch 6, Batch 850, lr = 0.00010, final_loss = 4.7900, nll_loss = 4.7004, ref_nll_loss = 4.8795, ivc_loss = 0.0958, neg_loss_1 = 0.0051, neg_loss_2 = 0.0070, ref_loss = 0.0207, div_loss = 0.0303, aux_loss = 0.0200, 0.873 seconds/batch
2026-04-20 22:18:35,194 - Epoch 6, Batch 900, lr = 0.00010, final_loss = 4.7107, nll_loss = 4.6226, ref_nll_loss = 4.7989, ivc_loss = 0.0884, neg_loss_1 = 0.0029, neg_loss_2 = 0.0058, ref_loss = 0.0199, div_loss = 0.0313, aux_loss = 0.0200, 0.861 seconds/batch
2026-04-20 22:18:58,338 - Epoch 6, Batch 950, lr = 0.00010, final_loss = 4.7725, nll_loss = 4.6816, ref_nll_loss = 4.8634, ivc_loss = 0.0923, neg_loss_1 = 0.0049, neg_loss_2 = 0.0072, ref_loss = 0.0183, div_loss = 0.0314, aux_loss = 0.0200, 0.840 seconds/batch
2026-04-20 22:19:21,438 - Epoch 6, Batch 1000, lr = 0.00010, final_loss = 4.7472, nll_loss = 4.6590, ref_nll_loss = 4.8354, ivc_loss = 0.0932, neg_loss_1 = 0.0041, neg_loss_2 = 0.0060, ref_loss = 0.0208, div_loss = 0.0312, aux_loss = 0.0200, 0.821 seconds/batch
2026-04-20 22:19:44,590 - Epoch 6, Batch 1050, lr = 0.00010, final_loss = 4.7473, nll_loss = 4.6631, ref_nll_loss = 4.8314, ivc_loss = 0.0956, neg_loss_1 = 0.0040, neg_loss_2 = 0.0071, ref_loss = 0.0207, div_loss = 0.0321, aux_loss = 0.0200, 0.804 seconds/batch
2026-04-20 22:20:07,728 - Epoch 6, Batch 1100, lr = 0.00010, final_loss = 4.7546, nll_loss = 4.6678, ref_nll_loss = 4.8413, ivc_loss = 0.0917, neg_loss_1 = 0.0048, neg_loss_2 = 0.0063, ref_loss = 0.0191, div_loss = 0.0314, aux_loss = 0.0200, 0.788 seconds/batch
2026-04-20 22:20:30,898 - Epoch 6, Batch 1150, lr = 0.00010, final_loss = 4.7657, nll_loss = 4.6796, ref_nll_loss = 4.8518, ivc_loss = 0.0929, neg_loss_1 = 0.0034, neg_loss_2 = 0.0074, ref_loss = 0.0202, div_loss = 0.0310, aux_loss = 0.0200, 0.774 seconds/batch
2026-04-20 22:20:40,036 - Epoch 6, Batch 1170, lr = 0.00010, final_loss = 4.7452, nll_loss = 4.6548, ref_nll_loss = 4.8355, ivc_loss = 0.0930, neg_loss_1 = 0.0050, neg_loss_2 = 0.0070, ref_loss = 0.0194, div_loss = 0.0301, aux_loss = 0.0200, 0.769 seconds/batch
2026-04-20 22:20:40,114 - save model to checkpoints/activitynet_moe_alpha1/cpl_moe2_alpha1/model-6.pt, num_updates 7020.
2026-04-20 22:25:33,751 - | R@1,mIoU 0.3173 | R@1,IoU@0.1 0.7429 | R@1,IoU@0.3 0.4137 | R@1,IoU@0.5 0.2553 | R@1,IoU@0.7 0.1278 | R@1,IoU@0.9 0.0292 | R@5,mIoU 0.5327 | R@5,IoU@0.1 0.9213 | R@5,IoU@0.3 0.7465 | R@5,IoU@0.5 0.5593 | R@5,IoU@0.7 0.3315 | R@5,IoU@0.9 0.1022 |
2026-04-20 22:25:33,751 - ============================================================
2026-04-20 22:25:33,751 - Start Epoch 7
2026-04-20 22:26:17,739 - Epoch 7, Batch 50, lr = 0.00010, final_loss = 4.6941, nll_loss = 4.6062, ref_nll_loss = 4.7820, ivc_loss = 0.0891, neg_loss_1 = 0.0039, neg_loss_2 = 0.0056, ref_loss = 0.0203, div_loss = 0.0293, aux_loss = 0.0200, 0.880 seconds/batch
2026-04-20 22:27:01,429 - Epoch 7, Batch 100, lr = 0.00009, final_loss = 4.7216, nll_loss = 4.6329, ref_nll_loss = 4.8104, ivc_loss = 0.0887, neg_loss_1 = 0.0044, neg_loss_2 = 0.0060, ref_loss = 0.0194, div_loss = 0.0291, aux_loss = 0.0200, 0.877 seconds/batch
2026-04-20 22:27:45,091 - Epoch 7, Batch 150, lr = 0.00009, final_loss = 4.7028, nll_loss = 4.6179, ref_nll_loss = 4.7877, ivc_loss = 0.0962, neg_loss_1 = 0.0048, neg_loss_2 = 0.0084, ref_loss = 0.0205, div_loss = 0.0287, aux_loss = 0.0200, 0.876 seconds/batch
2026-04-20 22:28:28,772 - Epoch 7, Batch 200, lr = 0.00009, final_loss = 4.7291, nll_loss = 4.6407, ref_nll_loss = 4.8174, ivc_loss = 0.0895, neg_loss_1 = 0.0042, neg_loss_2 = 0.0061, ref_loss = 0.0200, div_loss = 0.0289, aux_loss = 0.0200, 0.875 seconds/batch
2026-04-20 22:29:12,374 - Epoch 7, Batch 250, lr = 0.00009, final_loss = 4.7331, nll_loss = 4.6444, ref_nll_loss = 4.8217, ivc_loss = 0.0899, neg_loss_1 = 0.0036, neg_loss_2 = 0.0066, ref_loss = 0.0209, div_loss = 0.0277, aux_loss = 0.0200, 0.874 seconds/batch
2026-04-20 22:29:55,938 - Epoch 7, Batch 300, lr = 0.00009, final_loss = 4.7363, nll_loss = 4.6483, ref_nll_loss = 4.8243, ivc_loss = 0.0882, neg_loss_1 = 0.0037, neg_loss_2 = 0.0065, ref_loss = 0.0204, div_loss = 0.0270, aux_loss = 0.0200, 0.874 seconds/batch
2026-04-20 22:30:39,625 - Epoch 7, Batch 350, lr = 0.00009, final_loss = 4.7483, nll_loss = 4.6585, ref_nll_loss = 4.8381, ivc_loss = 0.0853, neg_loss_1 = 0.0034, neg_loss_2 = 0.0063, ref_loss = 0.0189, div_loss = 0.0281, aux_loss = 0.0200, 0.874 seconds/batch
2026-04-20 22:31:23,291 - Epoch 7, Batch 400, lr = 0.00009, final_loss = 4.7202, nll_loss = 4.6332, ref_nll_loss = 4.8072, ivc_loss = 0.0886, neg_loss_1 = 0.0036, neg_loss_2 = 0.0060, ref_loss = 0.0200, div_loss = 0.0293, aux_loss = 0.0200, 0.874 seconds/batch
2026-04-20 22:32:06,876 - Epoch 7, Batch 450, lr = 0.00009, final_loss = 4.7358, nll_loss = 4.6458, ref_nll_loss = 4.8259, ivc_loss = 0.0868, neg_loss_1 = 0.0052, neg_loss_2 = 0.0051, ref_loss = 0.0184, div_loss = 0.0294, aux_loss = 0.0200, 0.874 seconds/batch
2026-04-20 22:32:50,549 - Epoch 7, Batch 500, lr = 0.00009, final_loss = 4.7237, nll_loss = 4.6317, ref_nll_loss = 4.8156, ivc_loss = 0.0855, neg_loss_1 = 0.0035, neg_loss_2 = 0.0070, ref_loss = 0.0175, div_loss = 0.0295, aux_loss = 0.0200, 0.874 seconds/batch
2026-04-20 22:33:34,385 - Epoch 7, Batch 550, lr = 0.00009, final_loss = 4.7575, nll_loss = 4.6686, ref_nll_loss = 4.8465, ivc_loss = 0.0859, neg_loss_1 = 0.0041, neg_loss_2 = 0.0050, ref_loss = 0.0195, div_loss = 0.0287, aux_loss = 0.0200, 0.874 seconds/batch
2026-04-20 22:34:18,016 - Epoch 7, Batch 600, lr = 0.00009, final_loss = 4.6687, nll_loss = 4.5819, ref_nll_loss = 4.7555, ivc_loss = 0.0865, neg_loss_1 = 0.0035, neg_loss_2 = 0.0055, ref_loss = 0.0205, div_loss = 0.0275, aux_loss = 0.0200, 0.874 seconds/batch
2026-04-20 22:35:01,653 - Epoch 7, Batch 650, lr = 0.00009, final_loss = 4.7112, nll_loss = 4.6251, ref_nll_loss = 4.7973, ivc_loss = 0.0873, neg_loss_1 = 0.0038, neg_loss_2 = 0.0050, ref_loss = 0.0212, div_loss = 0.0273, aux_loss = 0.0200, 0.874 seconds/batch
2026-04-20 22:35:45,266 - Epoch 7, Batch 700, lr = 0.00009, final_loss = 4.7099, nll_loss = 4.6225, ref_nll_loss = 4.7974, ivc_loss = 0.0866, neg_loss_1 = 0.0027, neg_loss_2 = 0.0047, ref_loss = 0.0215, div_loss = 0.0287, aux_loss = 0.0200, 0.874 seconds/batch
2026-04-20 22:36:28,863 - Epoch 7, Batch 750, lr = 0.00009, final_loss = 4.7386, nll_loss = 4.6489, ref_nll_loss = 4.8282, ivc_loss = 0.0838, neg_loss_1 = 0.0032, neg_loss_2 = 0.0054, ref_loss = 0.0194, div_loss = 0.0279, aux_loss = 0.0200, 0.873 seconds/batch
2026-04-20 22:37:12,518 - Epoch 7, Batch 800, lr = 0.00009, final_loss = 4.6940, nll_loss = 4.6045, ref_nll_loss = 4.7835, ivc_loss = 0.0882, neg_loss_1 = 0.0046, neg_loss_2 = 0.0060, ref_loss = 0.0196, div_loss = 0.0280, aux_loss = 0.0200, 0.873 seconds/batch
2026-04-20 22:37:55,198 - Epoch 7, Batch 850, lr = 0.00009, final_loss = 4.7092, nll_loss = 4.6200, ref_nll_loss = 4.7984, ivc_loss = 0.0823, neg_loss_1 = 0.0038, neg_loss_2 = 0.0045, ref_loss = 0.0186, div_loss = 0.0285, aux_loss = 0.0200, 0.872 seconds/batch
2026-04-20 22:38:27,888 - Epoch 7, Batch 900, lr = 0.00009, final_loss = 4.7303, nll_loss = 4.6426, ref_nll_loss = 4.8181, ivc_loss = 0.0872, neg_loss_1 = 0.0042, neg_loss_2 = 0.0056, ref_loss = 0.0194, div_loss = 0.0288, aux_loss = 0.0200, 0.860 seconds/batch
2026-04-20 22:38:51,018 - Epoch 7, Batch 950, lr = 0.00009, final_loss = 4.6956, nll_loss = 4.6088, ref_nll_loss = 4.7825, ivc_loss = 0.0858, neg_loss_1 = 0.0036, neg_loss_2 = 0.0057, ref_loss = 0.0194, div_loss = 0.0283, aux_loss = 0.0200, 0.839 seconds/batch
2026-04-20 22:39:14,152 - Epoch 7, Batch 1000, lr = 0.00009, final_loss = 4.7119, nll_loss = 4.6249, ref_nll_loss = 4.7989, ivc_loss = 0.0909, neg_loss_1 = 0.0041, neg_loss_2 = 0.0059, ref_loss = 0.0202, div_loss = 0.0303, aux_loss = 0.0200, 0.820 seconds/batch
2026-04-20 22:39:37,404 - Epoch 7, Batch 1050, lr = 0.00009, final_loss = 4.7147, nll_loss = 4.6251, ref_nll_loss = 4.8043, ivc_loss = 0.0848, neg_loss_1 = 0.0027, neg_loss_2 = 0.0052, ref_loss = 0.0195, div_loss = 0.0300, aux_loss = 0.0200, 0.803 seconds/batch
2026-04-20 22:40:00,528 - Epoch 7, Batch 1100, lr = 0.00009, final_loss = 4.7039, nll_loss = 4.6139, ref_nll_loss = 4.7938, ivc_loss = 0.0816, neg_loss_1 = 0.0036, neg_loss_2 = 0.0046, ref_loss = 0.0182, div_loss = 0.0288, aux_loss = 0.0200, 0.788 seconds/batch
2026-04-20 22:40:23,685 - Epoch 7, Batch 1150, lr = 0.00009, final_loss = 4.7101, nll_loss = 4.6218, ref_nll_loss = 4.7983, ivc_loss = 0.0863, neg_loss_1 = 0.0040, neg_loss_2 = 0.0058, ref_loss = 0.0187, div_loss = 0.0294, aux_loss = 0.0200, 0.774 seconds/batch
2026-04-20 22:40:32,832 - Epoch 7, Batch 1170, lr = 0.00009, final_loss = 4.7117, nll_loss = 4.6209, ref_nll_loss = 4.8024, ivc_loss = 0.0825, neg_loss_1 = 0.0029, neg_loss_2 = 0.0054, ref_loss = 0.0173, div_loss = 0.0314, aux_loss = 0.0201, 0.768 seconds/batch
2026-04-20 22:40:32,909 - save model to checkpoints/activitynet_moe_alpha1/cpl_moe2_alpha1/model-7.pt, num_updates 8190.
2026-04-20 22:45:26,985 - | R@1,mIoU 0.3251 | R@1,IoU@0.1 0.7735 | R@1,IoU@0.3 0.4218 | R@1,IoU@0.5 0.2535 | R@1,IoU@0.7 0.1259 | R@1,IoU@0.9 0.0471 | R@5,mIoU 0.5394 | R@5,IoU@0.1 0.9211 | R@5,IoU@0.3 0.7516 | R@5,IoU@0.5 0.5694 | R@5,IoU@0.7 0.3504 | R@5,IoU@0.9 0.1174 |
2026-04-20 22:45:26,986 - ============================================================
2026-04-20 22:45:26,986 - Start Epoch 8
2026-04-20 22:46:10,947 - Epoch 8, Batch 50, lr = 0.00009, final_loss = 4.6572, nll_loss = 4.5689, ref_nll_loss = 4.7455, ivc_loss = 0.0891, neg_loss_1 = 0.0034, neg_loss_2 = 0.0063, ref_loss = 0.0202, div_loss = 0.0293, aux_loss = 0.0201, 0.879 seconds/batch
2026-04-20 22:46:54,587 - Epoch 8, Batch 100, lr = 0.00009, final_loss = 4.6883, nll_loss = 4.6000, ref_nll_loss = 4.7767, ivc_loss = 0.0837, neg_loss_1 = 0.0032, neg_loss_2 = 0.0052, ref_loss = 0.0188, div_loss = 0.0293, aux_loss = 0.0200, 0.876 seconds/batch
2026-04-20 22:47:38,201 - Epoch 8, Batch 150, lr = 0.00009, final_loss = 4.6761, nll_loss = 4.5871, ref_nll_loss = 4.7651, ivc_loss = 0.0808, neg_loss_1 = 0.0026, neg_loss_2 = 0.0040, ref_loss = 0.0182, div_loss = 0.0311, aux_loss = 0.0200, 0.875 seconds/batch
2026-04-20 22:48:21,847 - Epoch 8, Batch 200, lr = 0.00009, final_loss = 4.6635, nll_loss = 4.5730, ref_nll_loss = 4.7541, ivc_loss = 0.0883, neg_loss_1 = 0.0037, neg_loss_2 = 0.0061, ref_loss = 0.0192, div_loss = 0.0304, aux_loss = 0.0200, 0.874 seconds/batch
2026-04-20 22:49:05,470 - Epoch 8, Batch 250, lr = 0.00009, final_loss = 4.6777, nll_loss = 4.5890, ref_nll_loss = 4.7664, ivc_loss = 0.0856, neg_loss_1 = 0.0040, neg_loss_2 = 0.0039, ref_loss = 0.0200, div_loss = 0.0297, aux_loss = 0.0200, 0.874 seconds/batch
2026-04-20 22:49:49,117 - Epoch 8, Batch 300, lr = 0.00009, final_loss = 4.6412, nll_loss = 4.5518, ref_nll_loss = 4.7307, ivc_loss = 0.0813, neg_loss_1 = 0.0031, neg_loss_2 = 0.0044, ref_loss = 0.0185, div_loss = 0.0294, aux_loss = 0.0200, 0.874 seconds/batch
2026-04-20 22:50:32,892 - Epoch 8, Batch 350, lr = 0.00009, final_loss = 4.6553, nll_loss = 4.5666, ref_nll_loss = 4.7441, ivc_loss = 0.0830, neg_loss_1 = 0.0031, neg_loss_2 = 0.0050, ref_loss = 0.0187, div_loss = 0.0293, aux_loss = 0.0200, 0.874 seconds/batch
2026-04-20 22:51:16,501 - Epoch 8, Batch 400, lr = 0.00009, final_loss = 4.6755, nll_loss = 4.5860, ref_nll_loss = 4.7651, ivc_loss = 0.0881, neg_loss_1 = 0.0029, neg_loss_2 = 0.0062, ref_loss = 0.0205, div_loss = 0.0289, aux_loss = 0.0200, 0.874 seconds/batch
2026-04-20 22:52:00,116 - Epoch 8, Batch 450, lr = 0.00009, final_loss = 4.6721, nll_loss = 4.5821, ref_nll_loss = 4.7621, ivc_loss = 0.0812, neg_loss_1 = 0.0024, neg_loss_2 = 0.0046, ref_loss = 0.0196, div_loss = 0.0279, aux_loss = 0.0200, 0.874 seconds/batch
2026-04-20 22:52:43,704 - Epoch 8, Batch 500, lr = 0.00009, final_loss = 4.6856, nll_loss = 4.5959, ref_nll_loss = 4.7754, ivc_loss = 0.0820, neg_loss_1 = 0.0023, neg_loss_2 = 0.0059, ref_loss = 0.0193, div_loss = 0.0269, aux_loss = 0.0200, 0.873 seconds/batch
2026-04-20 22:53:27,280 - Epoch 8, Batch 550, lr = 0.00009, final_loss = 4.6770, nll_loss = 4.5851, ref_nll_loss = 4.7690, ivc_loss = 0.0800, neg_loss_1 = 0.0038, neg_loss_2 = 0.0050, ref_loss = 0.0177, div_loss = 0.0269, aux_loss = 0.0200, 0.873 seconds/batch
2026-04-20 22:54:10,883 - Epoch 8, Batch 600, lr = 0.00009, final_loss = 4.5996, nll_loss = 4.5099, ref_nll_loss = 4.6893, ivc_loss = 0.0839, neg_loss_1 = 0.0036, neg_loss_2 = 0.0055, ref_loss = 0.0191, div_loss = 0.0276, aux_loss = 0.0200, 0.873 seconds/batch
2026-04-20 22:54:54,465 - Epoch 8, Batch 650, lr = 0.00009, final_loss = 4.6993, nll_loss = 4.6101, ref_nll_loss = 4.7884, ivc_loss = 0.0873, neg_loss_1 = 0.0041, neg_loss_2 = 0.0054, ref_loss = 0.0197, div_loss = 0.0288, aux_loss = 0.0200, 0.873 seconds/batch
2026-04-20 22:55:38,061 - Epoch 8, Batch 700, lr = 0.00008, final_loss = 4.6834, nll_loss = 4.5941, ref_nll_loss = 4.7727, ivc_loss = 0.0881, neg_loss_1 = 0.0045, neg_loss_2 = 0.0053, ref_loss = 0.0190, div_loss = 0.0307, aux_loss = 0.0200, 0.873 seconds/batch
2026-04-20 22:56:21,654 - Epoch 8, Batch 750, lr = 0.00008, final_loss = 4.7006, nll_loss = 4.6115, ref_nll_loss = 4.7897, ivc_loss = 0.0832, neg_loss_1 = 0.0029, neg_loss_2 = 0.0051, ref_loss = 0.0181, div_loss = 0.0311, aux_loss = 0.0200, 0.873 seconds/batch
2026-04-20 22:57:05,263 - Epoch 8, Batch 800, lr = 0.00008, final_loss = 4.6214, nll_loss = 4.5289, ref_nll_loss = 4.7138, ivc_loss = 0.0828, neg_loss_1 = 0.0035, neg_loss_2 = 0.0053, ref_loss = 0.0177, div_loss = 0.0296, aux_loss = 0.0200, 0.873 seconds/batch
2026-04-20 22:57:47,712 - Epoch 8, Batch 850, lr = 0.00008, final_loss = 4.6792, nll_loss = 4.5917, ref_nll_loss = 4.7666, ivc_loss = 0.0868, neg_loss_1 = 0.0035, neg_loss_2 = 0.0054, ref_loss = 0.0197, div_loss = 0.0297, aux_loss = 0.0200, 0.871 seconds/batch
2026-04-20 22:58:20,011 - Epoch 8, Batch 900, lr = 0.00008, final_loss = 4.6463, nll_loss = 4.5563, ref_nll_loss = 4.7363, ivc_loss = 0.0819, neg_loss_1 = 0.0032, neg_loss_2 = 0.0046, ref_loss = 0.0183, div_loss = 0.0297, aux_loss = 0.0200, 0.859 seconds/batch
2026-04-20 22:58:43,121 - Epoch 8, Batch 950, lr = 0.00008, final_loss = 4.6752, nll_loss = 4.5846, ref_nll_loss = 4.7659, ivc_loss = 0.0800, neg_loss_1 = 0.0025, neg_loss_2 = 0.0044, ref_loss = 0.0186, div_loss = 0.0289, aux_loss = 0.0200, 0.838 seconds/batch
2026-04-20 22:59:06,243 - Epoch 8, Batch 1000, lr = 0.00008, final_loss = 4.6583, nll_loss = 4.5658, ref_nll_loss = 4.7508, ivc_loss = 0.0802, neg_loss_1 = 0.0032, neg_loss_2 = 0.0046, ref_loss = 0.0178, div_loss = 0.0291, aux_loss = 0.0200, 0.819 seconds/batch
2026-04-20 22:59:29,412 - Epoch 8, Batch 1050, lr = 0.00008, final_loss = 4.6719, nll_loss = 4.5823, ref_nll_loss = 4.7615, ivc_loss = 0.0839, neg_loss_1 = 0.0029, neg_loss_2 = 0.0044, ref_loss = 0.0198, div_loss = 0.0297, aux_loss = 0.0200, 0.802 seconds/batch
2026-04-20 22:59:52,651 - Epoch 8, Batch 1100, lr = 0.00008, final_loss = 4.6682, nll_loss = 4.5770, ref_nll_loss = 4.7595, ivc_loss = 0.0796, neg_loss_1 = 0.0031, neg_loss_2 = 0.0043, ref_loss = 0.0179, div_loss = 0.0290, aux_loss = 0.0200, 0.787 seconds/batch
2026-04-20 23:00:15,838 - Epoch 8, Batch 1150, lr = 0.00008, final_loss = 4.6319, nll_loss = 4.5389, ref_nll_loss = 4.7250, ivc_loss = 0.0748, neg_loss_1 = 0.0026, neg_loss_2 = 0.0041, ref_loss = 0.0163, div_loss = 0.0288, aux_loss = 0.0200, 0.773 seconds/batch
2026-04-20 23:00:25,000 - Epoch 8, Batch 1170, lr = 0.00008, final_loss = 4.6359, nll_loss = 4.5415, ref_nll_loss = 4.7303, ivc_loss = 0.0726, neg_loss_1 = 0.0014, neg_loss_2 = 0.0035, ref_loss = 0.0170, div_loss = 0.0288, aux_loss = 0.0200, 0.768 seconds/batch
2026-04-20 23:00:25,077 - save model to checkpoints/activitynet_moe_alpha1/cpl_moe2_alpha1/model-8.pt, num_updates 9360.
2026-04-20 23:05:19,211 - | R@1,mIoU 0.3259 | R@1,IoU@0.1 0.7787 | R@1,IoU@0.3 0.4251 | R@1,IoU@0.5 0.2542 | R@1,IoU@0.7 0.1261 | R@1,IoU@0.9 0.0438 | R@5,mIoU 0.5322 | R@5,IoU@0.1 0.9201 | R@5,IoU@0.3 0.7455 | R@5,IoU@0.5 0.5567 | R@5,IoU@0.7 0.3297 | R@5,IoU@0.9 0.1097 |
2026-04-20 23:05:19,212 - ============================================================
2026-04-20 23:05:19,212 - Start Epoch 9
2026-04-20 23:06:02,793 - Epoch 9, Batch 50, lr = 0.00008, final_loss = 4.6073, nll_loss = 4.5181, ref_nll_loss = 4.6964, ivc_loss = 0.0818, neg_loss_1 = 0.0028, neg_loss_2 = 0.0046, ref_loss = 0.0192, div_loss = 0.0287, aux_loss = 0.0200, 0.872 seconds/batch
2026-04-20 23:06:46,202 - Epoch 9, Batch 100, lr = 0.00008, final_loss = 4.6270, nll_loss = 4.5357, ref_nll_loss = 4.7183, ivc_loss = 0.0824, neg_loss_1 = 0.0027, neg_loss_2 = 0.0053, ref_loss = 0.0186, div_loss = 0.0293, aux_loss = 0.0200, 0.870 seconds/batch
2026-04-20 23:07:29,615 - Epoch 9, Batch 150, lr = 0.00008, final_loss = 4.6405, nll_loss = 4.5503, ref_nll_loss = 4.7308, ivc_loss = 0.0841, neg_loss_1 = 0.0026, neg_loss_2 = 0.0051, ref_loss = 0.0194, div_loss = 0.0298, aux_loss = 0.0200, 0.869 seconds/batch
2026-04-20 23:08:13,205 - Epoch 9, Batch 200, lr = 0.00008, final_loss = 4.6048, nll_loss = 4.5136, ref_nll_loss = 4.6960, ivc_loss = 0.0831, neg_loss_1 = 0.0032, neg_loss_2 = 0.0054, ref_loss = 0.0184, div_loss = 0.0290, aux_loss = 0.0200, 0.870 seconds/batch
2026-04-20 23:08:56,801 - Epoch 9, Batch 250, lr = 0.00008, final_loss = 4.6427, nll_loss = 4.5509, ref_nll_loss = 4.7346, ivc_loss = 0.0794, neg_loss_1 = 0.0037, neg_loss_2 = 0.0048, ref_loss = 0.0170, div_loss = 0.0283, aux_loss = 0.0200, 0.870 seconds/batch
2026-04-20 23:09:40,332 - Epoch 9, Batch 300, lr = 0.00008, final_loss = 4.6236, nll_loss = 4.5308, ref_nll_loss = 4.7163, ivc_loss = 0.0750, neg_loss_1 = 0.0034, neg_loss_2 = 0.0041, ref_loss = 0.0157, div_loss = 0.0285, aux_loss = 0.0200, 0.870 seconds/batch
2026-04-20 23:10:23,841 - Epoch 9, Batch 350, lr = 0.00008, final_loss = 4.6496, nll_loss = 4.5559, ref_nll_loss = 4.7432, ivc_loss = 0.0819, neg_loss_1 = 0.0032, neg_loss_2 = 0.0059, ref_loss = 0.0175, div_loss = 0.0286, aux_loss = 0.0200, 0.870 seconds/batch
2026-04-20 23:11:07,219 - Epoch 9, Batch 400, lr = 0.00008, final_loss = 4.6218, nll_loss = 4.5290, ref_nll_loss = 4.7146, ivc_loss = 0.0771, neg_loss_1 = 0.0025, neg_loss_2 = 0.0034, ref_loss = 0.0186, div_loss = 0.0280, aux_loss = 0.0200, 0.870 seconds/batch
2026-04-20 23:11:50,644 - Epoch 9, Batch 450, lr = 0.00008, final_loss = 4.6042, nll_loss = 4.5140, ref_nll_loss = 4.6944, ivc_loss = 0.0789, neg_loss_1 = 0.0030, neg_loss_2 = 0.0050, ref_loss = 0.0176, div_loss = 0.0278, aux_loss = 0.0200, 0.870 seconds/batch
2026-04-20 23:12:34,252 - Epoch 9, Batch 500, lr = 0.00008, final_loss = 4.6085, nll_loss = 4.5126, ref_nll_loss = 4.7044, ivc_loss = 0.0802, neg_loss_1 = 0.0037, neg_loss_2 = 0.0045, ref_loss = 0.0178, div_loss = 0.0283, aux_loss = 0.0200, 0.870 seconds/batch
2026-04-20 23:13:17,825 - Epoch 9, Batch 550, lr = 0.00008, final_loss = 4.6080, nll_loss = 4.5164, ref_nll_loss = 4.6997, ivc_loss = 0.0816, neg_loss_1 = 0.0033, neg_loss_2 = 0.0047, ref_loss = 0.0188, div_loss = 0.0282, aux_loss = 0.0200, 0.870 seconds/batch
2026-04-20 23:14:01,297 - Epoch 9, Batch 600, lr = 0.00008, final_loss = 4.6391, nll_loss = 4.5477, ref_nll_loss = 4.7305, ivc_loss = 0.0823, neg_loss_1 = 0.0027, neg_loss_2 = 0.0053, ref_loss = 0.0190, div_loss = 0.0285, aux_loss = 0.0200, 0.870 seconds/batch
2026-04-20 23:14:44,822 - Epoch 9, Batch 650, lr = 0.00008, final_loss = 4.5987, nll_loss = 4.5101, ref_nll_loss = 4.6873, ivc_loss = 0.0837, neg_loss_1 = 0.0021, neg_loss_2 = 0.0053, ref_loss = 0.0205, div_loss = 0.0278, aux_loss = 0.0200, 0.870 seconds/batch
2026-04-20 23:15:28,423 - Epoch 9, Batch 700, lr = 0.00008, final_loss = 4.6202, nll_loss = 4.5307, ref_nll_loss = 4.7096, ivc_loss = 0.0862, neg_loss_1 = 0.0046, neg_loss_2 = 0.0050, ref_loss = 0.0197, div_loss = 0.0278, aux_loss = 0.0200, 0.870 seconds/batch
2026-04-20 23:16:11,910 - Epoch 9, Batch 750, lr = 0.00008, final_loss = 4.6061, nll_loss = 4.5139, ref_nll_loss = 4.6983, ivc_loss = 0.0840, neg_loss_1 = 0.0032, neg_loss_2 = 0.0054, ref_loss = 0.0192, div_loss = 0.0284, aux_loss = 0.0200, 0.870 seconds/batch
2026-04-20 23:16:55,225 - Epoch 9, Batch 800, lr = 0.00008, final_loss = 4.6330, nll_loss = 4.5414, ref_nll_loss = 4.7246, ivc_loss = 0.0817, neg_loss_1 = 0.0028, neg_loss_2 = 0.0053, ref_loss = 0.0188, div_loss = 0.0278, aux_loss = 0.0200, 0.870 seconds/batch
2026-04-20 23:17:37,848 - Epoch 9, Batch 850, lr = 0.00008, final_loss = 4.6154, nll_loss = 4.5229, ref_nll_loss = 4.7078, ivc_loss = 0.0805, neg_loss_1 = 0.0035, neg_loss_2 = 0.0056, ref_loss = 0.0173, div_loss = 0.0276, aux_loss = 0.0200, 0.869 seconds/batch
2026-04-20 23:18:10,317 - Epoch 9, Batch 900, lr = 0.00008, final_loss = 4.6594, nll_loss = 4.5709, ref_nll_loss = 4.7479, ivc_loss = 0.0839, neg_loss_1 = 0.0026, neg_loss_2 = 0.0054, ref_loss = 0.0192, div_loss = 0.0295, aux_loss = 0.0201, 0.857 seconds/batch
2026-04-20 23:18:33,463 - Epoch 9, Batch 950, lr = 0.00008, final_loss = 4.6186, nll_loss = 4.5227, ref_nll_loss = 4.7146, ivc_loss = 0.0777, neg_loss_1 = 0.0025, neg_loss_2 = 0.0040, ref_loss = 0.0183, div_loss = 0.0283, aux_loss = 0.0200, 0.836 seconds/batch
2026-04-20 23:18:56,690 - Epoch 9, Batch 1000, lr = 0.00008, final_loss = 4.6385, nll_loss = 4.5478, ref_nll_loss = 4.7292, ivc_loss = 0.0780, neg_loss_1 = 0.0028, neg_loss_2 = 0.0043, ref_loss = 0.0177, div_loss = 0.0285, aux_loss = 0.0200, 0.817 seconds/batch
2026-04-20 23:19:19,849 - Epoch 9, Batch 1050, lr = 0.00008, final_loss = 4.6226, nll_loss = 4.5328, ref_nll_loss = 4.7123, ivc_loss = 0.0801, neg_loss_1 = 0.0029, neg_loss_2 = 0.0048, ref_loss = 0.0183, div_loss = 0.0280, aux_loss = 0.0200, 0.801 seconds/batch
2026-04-20 23:19:42,952 - Epoch 9, Batch 1100, lr = 0.00008, final_loss = 4.6623, nll_loss = 4.5671, ref_nll_loss = 4.7576, ivc_loss = 0.0767, neg_loss_1 = 0.0035, neg_loss_2 = 0.0048, ref_loss = 0.0159, div_loss = 0.0283, aux_loss = 0.0200, 0.785 seconds/batch
2026-04-20 23:20:06,218 - Epoch 9, Batch 1150, lr = 0.00008, final_loss = 4.5935, nll_loss = 4.5006, ref_nll_loss = 4.6864, ivc_loss = 0.0783, neg_loss_1 = 0.0019, neg_loss_2 = 0.0051, ref_loss = 0.0176, div_loss = 0.0290, aux_loss = 0.0200, 0.771 seconds/batch
2026-04-20 23:20:15,370 - Epoch 9, Batch 1170, lr = 0.00008, final_loss = 4.6212, nll_loss = 4.5343, ref_nll_loss = 4.7081, ivc_loss = 0.0885, neg_loss_1 = 0.0028, neg_loss_2 = 0.0066, ref_loss = 0.0206, div_loss = 0.0284, aux_loss = 0.0200, 0.766 seconds/batch
2026-04-20 23:20:15,450 - save model to checkpoints/activitynet_moe_alpha1/cpl_moe2_alpha1/model-9.pt, num_updates 10530.
2026-04-20 23:25:11,208 - | R@1,mIoU 0.3269 | R@1,IoU@0.1 0.7770 | R@1,IoU@0.3 0.4232 | R@1,IoU@0.5 0.2482 | R@1,IoU@0.7 0.1256 | R@1,IoU@0.9 0.0519 | R@5,mIoU 0.5357 | R@5,IoU@0.1 0.9212 | R@5,IoU@0.3 0.7511 | R@5,IoU@0.5 0.5636 | R@5,IoU@0.7 0.3354 | R@5,IoU@0.9 0.1072 |
2026-04-20 23:25:11,209 - ============================================================
2026-04-20 23:25:11,209 - Start Epoch 10
2026-04-20 23:25:55,122 - Epoch 10, Batch 50, lr = 0.00008, final_loss = 4.5663, nll_loss = 4.4763, ref_nll_loss = 4.6564, ivc_loss = 0.0844, neg_loss_1 = 0.0035, neg_loss_2 = 0.0049, ref_loss = 0.0198, div_loss = 0.0279, aux_loss = 0.0200, 0.878 seconds/batch
2026-04-20 23:26:38,588 - Epoch 10, Batch 100, lr = 0.00008, final_loss = 4.5471, nll_loss = 4.4547, ref_nll_loss = 4.6396, ivc_loss = 0.0765, neg_loss_1 = 0.0029, neg_loss_2 = 0.0038, ref_loss = 0.0178, div_loss = 0.0275, aux_loss = 0.0200, 0.874 seconds/batch
2026-04-20 23:27:22,147 - Epoch 10, Batch 150, lr = 0.00008, final_loss = 4.6167, nll_loss = 4.5256, ref_nll_loss = 4.7079, ivc_loss = 0.0820, neg_loss_1 = 0.0023, neg_loss_2 = 0.0047, ref_loss = 0.0198, div_loss = 0.0284, aux_loss = 0.0200, 0.873 seconds/batch
2026-04-20 23:28:05,746 - Epoch 10, Batch 200, lr = 0.00008, final_loss = 4.5945, nll_loss = 4.5008, ref_nll_loss = 4.6881, ivc_loss = 0.0769, neg_loss_1 = 0.0037, neg_loss_2 = 0.0039, ref_loss = 0.0171, div_loss = 0.0277, aux_loss = 0.0200, 0.873 seconds/batch
2026-04-20 23:28:49,318 - Epoch 10, Batch 250, lr = 0.00008, final_loss = 4.5731, nll_loss = 4.4795, ref_nll_loss = 4.6668, ivc_loss = 0.0756, neg_loss_1 = 0.0023, neg_loss_2 = 0.0046, ref_loss = 0.0170, div_loss = 0.0278, aux_loss = 0.0200, 0.872 seconds/batch
2026-04-20 23:29:32,889 - Epoch 10, Batch 300, lr = 0.00008, final_loss = 4.5673, nll_loss = 4.4756, ref_nll_loss = 4.6590, ivc_loss = 0.0707, neg_loss_1 = 0.0019, neg_loss_2 = 0.0030, ref_loss = 0.0170, div_loss = 0.0269, aux_loss = 0.0200, 0.872 seconds/batch
2026-04-20 23:30:16,487 - Epoch 10, Batch 350, lr = 0.00008, final_loss = 4.5816, nll_loss = 4.4877, ref_nll_loss = 4.6755, ivc_loss = 0.0787, neg_loss_1 = 0.0035, neg_loss_2 = 0.0049, ref_loss = 0.0173, div_loss = 0.0272, aux_loss = 0.0200, 0.872 seconds/batch
2026-04-20 23:31:00,097 - Epoch 10, Batch 400, lr = 0.00008, final_loss = 4.5752, nll_loss = 4.4822, ref_nll_loss = 4.6682, ivc_loss = 0.0767, neg_loss_1 = 0.0039, neg_loss_2 = 0.0041, ref_loss = 0.0167, div_loss = 0.0273, aux_loss = 0.0200, 0.872 seconds/batch
2026-04-20 23:31:43,671 - Epoch 10, Batch 450, lr = 0.00008, final_loss = 4.5648, nll_loss = 4.4732, ref_nll_loss = 4.6564, ivc_loss = 0.0841, neg_loss_1 = 0.0042, neg_loss_2 = 0.0056, ref_loss = 0.0185, div_loss = 0.0275, aux_loss = 0.0200, 0.872 seconds/batch
2026-04-20 23:32:27,213 - Epoch 10, Batch 500, lr = 0.00008, final_loss = 4.5907, nll_loss = 4.4982, ref_nll_loss = 4.6833, ivc_loss = 0.0786, neg_loss_1 = 0.0033, neg_loss_2 = 0.0038, ref_loss = 0.0182, div_loss = 0.0281, aux_loss = 0.0200, 0.872 seconds/batch
2026-04-20 23:33:10,592 - Epoch 10, Batch 550, lr = 0.00008, final_loss = 4.5666, nll_loss = 4.4743, ref_nll_loss = 4.6590, ivc_loss = 0.0795, neg_loss_1 = 0.0030, neg_loss_2 = 0.0040, ref_loss = 0.0184, div_loss = 0.0285, aux_loss = 0.0200, 0.872 seconds/batch
2026-04-20 23:33:53,985 - Epoch 10, Batch 600, lr = 0.00008, final_loss = 4.6058, nll_loss = 4.5135, ref_nll_loss = 4.6980, ivc_loss = 0.0790, neg_loss_1 = 0.0025, neg_loss_2 = 0.0057, ref_loss = 0.0172, div_loss = 0.0283, aux_loss = 0.0200, 0.871 seconds/batch
2026-04-20 23:34:37,664 - Epoch 10, Batch 650, lr = 0.00008, final_loss = 4.6263, nll_loss = 4.5353, ref_nll_loss = 4.7173, ivc_loss = 0.0803, neg_loss_1 = 0.0028, neg_loss_2 = 0.0052, ref_loss = 0.0179, div_loss = 0.0286, aux_loss = 0.0200, 0.871 seconds/batch
2026-04-20 23:35:21,199 - Epoch 10, Batch 700, lr = 0.00008, final_loss = 4.5836, nll_loss = 4.4871, ref_nll_loss = 4.6800, ivc_loss = 0.0731, neg_loss_1 = 0.0018, neg_loss_2 = 0.0038, ref_loss = 0.0170, div_loss = 0.0280, aux_loss = 0.0200, 0.871 seconds/batch
2026-04-20 23:36:04,743 - Epoch 10, Batch 750, lr = 0.00008, final_loss = 4.5859, nll_loss = 4.4936, ref_nll_loss = 4.6783, ivc_loss = 0.0822, neg_loss_1 = 0.0029, neg_loss_2 = 0.0058, ref_loss = 0.0185, div_loss = 0.0279, aux_loss = 0.0200, 0.871 seconds/batch
2026-04-20 23:36:48,292 - Epoch 10, Batch 800, lr = 0.00008, final_loss = 4.5883, nll_loss = 4.4973, ref_nll_loss = 4.6793, ivc_loss = 0.0751, neg_loss_1 = 0.0035, neg_loss_2 = 0.0030, ref_loss = 0.0170, div_loss = 0.0281, aux_loss = 0.0200, 0.871 seconds/batch
2026-04-20 23:37:30,648 - Epoch 10, Batch 850, lr = 0.00007, final_loss = 4.5875, nll_loss = 4.4945, ref_nll_loss = 4.6805, ivc_loss = 0.0769, neg_loss_1 = 0.0029, neg_loss_2 = 0.0041, ref_loss = 0.0176, div_loss = 0.0278, aux_loss = 0.0200, 0.870 seconds/batch
2026-04-20 23:38:03,009 - Epoch 10, Batch 900, lr = 0.00007, final_loss = 4.5644, nll_loss = 4.4739, ref_nll_loss = 4.6549, ivc_loss = 0.0797, neg_loss_1 = 0.0027, neg_loss_2 = 0.0045, ref_loss = 0.0188, div_loss = 0.0277, aux_loss = 0.0200, 0.858 seconds/batch
2026-04-20 23:38:26,227 - Epoch 10, Batch 950, lr = 0.00007, final_loss = 4.5618, nll_loss = 4.4721, ref_nll_loss = 4.6515, ivc_loss = 0.0783, neg_loss_1 = 0.0031, neg_loss_2 = 0.0042, ref_loss = 0.0180, div_loss = 0.0276, aux_loss = 0.0200, 0.837 seconds/batch
2026-04-20 23:38:49,366 - Epoch 10, Batch 1000, lr = 0.00007, final_loss = 4.6009, nll_loss = 4.5070, ref_nll_loss = 4.6948, ivc_loss = 0.0775, neg_loss_1 = 0.0025, neg_loss_2 = 0.0050, ref_loss = 0.0176, div_loss = 0.0274, aux_loss = 0.0200, 0.818 seconds/batch
2026-04-20 23:39:12,524 - Epoch 10, Batch 1050, lr = 0.00007, final_loss = 4.6084, nll_loss = 4.5146, ref_nll_loss = 4.7022, ivc_loss = 0.0735, neg_loss_1 = 0.0028, neg_loss_2 = 0.0043, ref_loss = 0.0160, div_loss = 0.0272, aux_loss = 0.0200, 0.801 seconds/batch
2026-04-20 23:39:35,664 - Epoch 10, Batch 1100, lr = 0.00007, final_loss = 4.5903, nll_loss = 4.4982, ref_nll_loss = 4.6824, ivc_loss = 0.0802, neg_loss_1 = 0.0032, neg_loss_2 = 0.0048, ref_loss = 0.0181, div_loss = 0.0281, aux_loss = 0.0200, 0.786 seconds/batch
2026-04-20 23:39:58,816 - Epoch 10, Batch 1150, lr = 0.00007, final_loss = 4.6010, nll_loss = 4.5076, ref_nll_loss = 4.6944, ivc_loss = 0.0772, neg_loss_1 = 0.0024, neg_loss_2 = 0.0047, ref_loss = 0.0175, div_loss = 0.0278, aux_loss = 0.0200, 0.772 seconds/batch
2026-04-20 23:40:07,959 - Epoch 10, Batch 1170, lr = 0.00007, final_loss = 4.5723, nll_loss = 4.4749, ref_nll_loss = 4.6697, ivc_loss = 0.0706, neg_loss_1 = 0.0026, neg_loss_2 = 0.0047, ref_loss = 0.0145, div_loss = 0.0270, aux_loss = 0.0200, 0.766 seconds/batch
2026-04-20 23:40:08,046 - save model to checkpoints/activitynet_moe_alpha1/cpl_moe2_alpha1/model-10.pt, num_updates 11700.
2026-04-20 23:45:01,992 - | R@1,mIoU 0.3284 | R@1,IoU@0.1 0.7839 | R@1,IoU@0.3 0.4276 | R@1,IoU@0.5 0.2432 | R@1,IoU@0.7 0.1251 | R@1,IoU@0.9 0.0504 | R@5,mIoU 0.5335 | R@5,IoU@0.1 0.9182 | R@5,IoU@0.3 0.7418 | R@5,IoU@0.5 0.5600 | R@5,IoU@0.7 0.3412 | R@5,IoU@0.9 0.1099 |
2026-04-20 23:45:01,992 - ============================================================
2026-04-20 23:45:01,992 - Start Epoch 11
2026-04-20 23:45:45,971 - Epoch 11, Batch 50, lr = 0.00007, final_loss = 4.5298, nll_loss = 4.4354, ref_nll_loss = 4.6242, ivc_loss = 0.0727, neg_loss_1 = 0.0030, neg_loss_2 = 0.0047, ref_loss = 0.0152, div_loss = 0.0271, aux_loss = 0.0200, 0.880 seconds/batch
2026-04-20 23:46:29,665 - Epoch 11, Batch 100, lr = 0.00007, final_loss = 4.5691, nll_loss = 4.4781, ref_nll_loss = 4.6601, ivc_loss = 0.0761, neg_loss_1 = 0.0024, neg_loss_2 = 0.0040, ref_loss = 0.0177, div_loss = 0.0278, aux_loss = 0.0200, 0.877 seconds/batch
2026-04-20 23:47:13,294 - Epoch 11, Batch 150, lr = 0.00007, final_loss = 4.5195, nll_loss = 4.4270, ref_nll_loss = 4.6119, ivc_loss = 0.0712, neg_loss_1 = 0.0019, neg_loss_2 = 0.0036, ref_loss = 0.0166, div_loss = 0.0271, aux_loss = 0.0200, 0.875 seconds/batch
2026-04-20 23:47:56,978 - Epoch 11, Batch 200, lr = 0.00007, final_loss = 4.5062, nll_loss = 4.4104, ref_nll_loss = 4.6020, ivc_loss = 0.0739, neg_loss_1 = 0.0016, neg_loss_2 = 0.0050, ref_loss = 0.0166, div_loss = 0.0275, aux_loss = 0.0200, 0.875 seconds/batch
2026-04-20 23:48:40,668 - Epoch 11, Batch 250, lr = 0.00007, final_loss = 4.5690, nll_loss = 4.4768, ref_nll_loss = 4.6612, ivc_loss = 0.0784, neg_loss_1 = 0.0022, neg_loss_2 = 0.0049, ref_loss = 0.0182, div_loss = 0.0279, aux_loss = 0.0200, 0.875 seconds/batch
2026-04-20 23:49:24,388 - Epoch 11, Batch 300, lr = 0.00007, final_loss = 4.5361, nll_loss = 4.4394, ref_nll_loss = 4.6328, ivc_loss = 0.0786, neg_loss_1 = 0.0037, neg_loss_2 = 0.0046, ref_loss = 0.0173, div_loss = 0.0275, aux_loss = 0.0200, 0.875 seconds/batch
2026-04-20 23:50:08,122 - Epoch 11, Batch 350, lr = 0.00007, final_loss = 4.5265, nll_loss = 4.4319, ref_nll_loss = 4.6210, ivc_loss = 0.0708, neg_loss_1 = 0.0021, neg_loss_2 = 0.0040, ref_loss = 0.0156, div_loss = 0.0274, aux_loss = 0.0200, 0.875 seconds/batch
2026-04-20 23:50:51,797 - Epoch 11, Batch 400, lr = 0.00007, final_loss = 4.5432, nll_loss = 4.4471, ref_nll_loss = 4.6393, ivc_loss = 0.0713, neg_loss_1 = 0.0024, neg_loss_2 = 0.0035, ref_loss = 0.0162, div_loss = 0.0272, aux_loss = 0.0200, 0.875 seconds/batch
2026-04-20 23:51:35,508 - Epoch 11, Batch 450, lr = 0.00007, final_loss = 4.5332, nll_loss = 4.4383, ref_nll_loss = 4.6281, ivc_loss = 0.0720, neg_loss_1 = 0.0022, neg_loss_2 = 0.0038, ref_loss = 0.0166, div_loss = 0.0270, aux_loss = 0.0199, 0.874 seconds/batch
2026-04-20 23:52:19,164 - Epoch 11, Batch 500, lr = 0.00007, final_loss = 4.5494, nll_loss = 4.4562, ref_nll_loss = 4.6426, ivc_loss = 0.0782, neg_loss_1 = 0.0016, neg_loss_2 = 0.0060, ref_loss = 0.0178, div_loss = 0.0274, aux_loss = 0.0200, 0.874 seconds/batch
2026-04-20 23:53:02,835 - Epoch 11, Batch 550, lr = 0.00007, final_loss = 4.5344, nll_loss = 4.4397, ref_nll_loss = 4.6291, ivc_loss = 0.0768, neg_loss_1 = 0.0037, neg_loss_2 = 0.0053, ref_loss = 0.0163, div_loss = 0.0263, aux_loss = 0.0200, 0.874 seconds/batch
2026-04-20 23:53:46,492 - Epoch 11, Batch 600, lr = 0.00007, final_loss = 4.5713, nll_loss = 4.4777, ref_nll_loss = 4.6649, ivc_loss = 0.0777, neg_loss_1 = 0.0011, neg_loss_2 = 0.0053, ref_loss = 0.0191, div_loss = 0.0266, aux_loss = 0.0201, 0.874 seconds/batch
2026-04-20 23:54:30,176 - Epoch 11, Batch 650, lr = 0.00007, final_loss = 4.5818, nll_loss = 4.4856, ref_nll_loss = 4.6780, ivc_loss = 0.0736, neg_loss_1 = 0.0026, neg_loss_2 = 0.0036, ref_loss = 0.0173, div_loss = 0.0266, aux_loss = 0.0200, 0.874 seconds/batch
2026-04-20 23:55:13,852 - Epoch 11, Batch 700, lr = 0.00007, final_loss = 4.5733, nll_loss = 4.4788, ref_nll_loss = 4.6677, ivc_loss = 0.0747, neg_loss_1 = 0.0019, neg_loss_2 = 0.0052, ref_loss = 0.0172, div_loss = 0.0262, aux_loss = 0.0200, 0.874 seconds/batch
2026-04-20 23:55:57,709 - Epoch 11, Batch 750, lr = 0.00007, final_loss = 4.5835, nll_loss = 4.4915, ref_nll_loss = 4.6756, ivc_loss = 0.0831, neg_loss_1 = 0.0033, neg_loss_2 = 0.0058, ref_loss = 0.0193, div_loss = 0.0264, aux_loss = 0.0201, 0.874 seconds/batch
2026-04-20 23:56:41,373 - Epoch 11, Batch 800, lr = 0.00007, final_loss = 4.5288, nll_loss = 4.4349, ref_nll_loss = 4.6227, ivc_loss = 0.0788, neg_loss_1 = 0.0026, neg_loss_2 = 0.0052, ref_loss = 0.0182, div_loss = 0.0269, aux_loss = 0.0200, 0.874 seconds/batch
2026-04-20 23:57:23,433 - Epoch 11, Batch 850, lr = 0.00007, final_loss = 4.5630, nll_loss = 4.4669, ref_nll_loss = 4.6592, ivc_loss = 0.0722, neg_loss_1 = 0.0027, neg_loss_2 = 0.0046, ref_loss = 0.0159, div_loss = 0.0258, aux_loss = 0.0200, 0.872 seconds/batch
2026-04-20 23:57:55,795 - Epoch 11, Batch 900, lr = 0.00007, final_loss = 4.5637, nll_loss = 4.4669, ref_nll_loss = 4.6604, ivc_loss = 0.0718, neg_loss_1 = 0.0020, neg_loss_2 = 0.0046, ref_loss = 0.0159, div_loss = 0.0265, aux_loss = 0.0200, 0.860 seconds/batch
2026-04-20 23:58:18,939 - Epoch 11, Batch 950, lr = 0.00007, final_loss = 4.5692, nll_loss = 4.4740, ref_nll_loss = 4.6644, ivc_loss = 0.0742, neg_loss_1 = 0.0018, neg_loss_2 = 0.0046, ref_loss = 0.0176, div_loss = 0.0263, aux_loss = 0.0199, 0.839 seconds/batch
2026-04-20 23:58:42,087 - Epoch 11, Batch 1000, lr = 0.00007, final_loss = 4.5776, nll_loss = 4.4814, ref_nll_loss = 4.6738, ivc_loss = 0.0681, neg_loss_1 = 0.0020, neg_loss_2 = 0.0041, ref_loss = 0.0151, div_loss = 0.0256, aux_loss = 0.0200, 0.820 seconds/batch
2026-04-20 23:59:05,232 - Epoch 11, Batch 1050, lr = 0.00007, final_loss = 4.5462, nll_loss = 4.4526, ref_nll_loss = 4.6399, ivc_loss = 0.0719, neg_loss_1 = 0.0020, neg_loss_2 = 0.0044, ref_loss = 0.0166, div_loss = 0.0259, aux_loss = 0.0201, 0.803 seconds/batch
2026-04-20 23:59:28,411 - Epoch 11, Batch 1100, lr = 0.00007, final_loss = 4.5565, nll_loss = 4.4615, ref_nll_loss = 4.6515, ivc_loss = 0.0742, neg_loss_1 = 0.0018, neg_loss_2 = 0.0042, ref_loss = 0.0180, div_loss = 0.0264, aux_loss = 0.0200, 0.788 seconds/batch
2026-04-20 23:59:51,588 - Epoch 11, Batch 1150, lr = 0.00007, final_loss = 4.5271, nll_loss = 4.4333, ref_nll_loss = 4.6210, ivc_loss = 0.0733, neg_loss_1 = 0.0019, neg_loss_2 = 0.0046, ref_loss = 0.0170, div_loss = 0.0264, aux_loss = 0.0200, 0.774 seconds/batch
2026-04-21 00:00:00,751 - Epoch 11, Batch 1170, lr = 0.00007, final_loss = 4.5509, nll_loss = 4.4555, ref_nll_loss = 4.6462, ivc_loss = 0.0704, neg_loss_1 = 0.0018, neg_loss_2 = 0.0045, ref_loss = 0.0157, div_loss = 0.0263, aux_loss = 0.0200, 0.768 seconds/batch
2026-04-21 00:00:00,827 - save model to checkpoints/activitynet_moe_alpha1/cpl_moe2_alpha1/model-11.pt, num_updates 12870.
2026-04-21 00:04:57,528 - | R@1,mIoU 0.3256 | R@1,IoU@0.1 0.7718 | R@1,IoU@0.3 0.4214 | R@1,IoU@0.5 0.2456 | R@1,IoU@0.7 0.1251 | R@1,IoU@0.9 0.0538 | R@5,mIoU 0.5350 | R@5,IoU@0.1 0.9217 | R@5,IoU@0.3 0.7481 | R@5,IoU@0.5 0.5645 | R@5,IoU@0.7 0.3366 | R@5,IoU@0.9 0.1044 |
2026-04-21 00:04:57,528 - ============================================================
2026-04-21 00:04:57,528 - Start Epoch 12
2026-04-21 00:05:41,539 - Epoch 12, Batch 50, lr = 0.00007, final_loss = 4.4950, nll_loss = 4.4001, ref_nll_loss = 4.5899, ivc_loss = 0.0733, neg_loss_1 = 0.0017, neg_loss_2 = 0.0045, ref_loss = 0.0169, div_loss = 0.0272, aux_loss = 0.0200, 0.880 seconds/batch
2026-04-21 00:06:25,266 - Epoch 12, Batch 100, lr = 0.00007, final_loss = 4.4938, nll_loss = 4.3962, ref_nll_loss = 4.5915, ivc_loss = 0.0698, neg_loss_1 = 0.0022, neg_loss_2 = 0.0038, ref_loss = 0.0154, div_loss = 0.0271, aux_loss = 0.0201, 0.877 seconds/batch
2026-04-21 00:07:08,951 - Epoch 12, Batch 150, lr = 0.00007, final_loss = 4.4887, nll_loss = 4.3935, ref_nll_loss = 4.5839, ivc_loss = 0.0697, neg_loss_1 = 0.0024, neg_loss_2 = 0.0036, ref_loss = 0.0153, div_loss = 0.0272, aux_loss = 0.0200, 0.876 seconds/batch
2026-04-21 00:07:52,629 - Epoch 12, Batch 200, lr = 0.00007, final_loss = 4.4947, nll_loss = 4.3986, ref_nll_loss = 4.5908, ivc_loss = 0.0663, neg_loss_1 = 0.0020, neg_loss_2 = 0.0039, ref_loss = 0.0140, div_loss = 0.0265, aux_loss = 0.0200, 0.875 seconds/batch
2026-04-21 00:08:36,339 - Epoch 12, Batch 250, lr = 0.00007, final_loss = 4.4987, nll_loss = 4.4034, ref_nll_loss = 4.5940, ivc_loss = 0.0752, neg_loss_1 = 0.0021, neg_loss_2 = 0.0052, ref_loss = 0.0172, div_loss = 0.0263, aux_loss = 0.0200, 0.875 seconds/batch
2026-04-21 00:09:20,014 - Epoch 12, Batch 300, lr = 0.00007, final_loss = 4.5040, nll_loss = 4.4081, ref_nll_loss = 4.5999, ivc_loss = 0.0713, neg_loss_1 = 0.0023, neg_loss_2 = 0.0040, ref_loss = 0.0164, div_loss = 0.0258, aux_loss = 0.0199, 0.875 seconds/batch
2026-04-21 00:10:03,702 - Epoch 12, Batch 350, lr = 0.00007, final_loss = 4.5300, nll_loss = 4.4364, ref_nll_loss = 4.6236, ivc_loss = 0.0745, neg_loss_1 = 0.0012, neg_loss_2 = 0.0052, ref_loss = 0.0180, div_loss = 0.0256, aux_loss = 0.0200, 0.875 seconds/batch
2026-04-21 00:10:47,397 - Epoch 12, Batch 400, lr = 0.00007, final_loss = 4.5533, nll_loss = 4.4589, ref_nll_loss = 4.6476, ivc_loss = 0.0748, neg_loss_1 = 0.0013, neg_loss_2 = 0.0052, ref_loss = 0.0178, div_loss = 0.0262, aux_loss = 0.0200, 0.875 seconds/batch
2026-04-21 00:11:31,042 - Epoch 12, Batch 450, lr = 0.00007, final_loss = 4.5322, nll_loss = 4.4398, ref_nll_loss = 4.6245, ivc_loss = 0.0743, neg_loss_1 = 0.0017, neg_loss_2 = 0.0053, ref_loss = 0.0170, div_loss = 0.0263, aux_loss = 0.0200, 0.874 seconds/batch
2026-04-21 00:12:14,698 - Epoch 12, Batch 500, lr = 0.00007, final_loss = 4.5321, nll_loss = 4.4360, ref_nll_loss = 4.6281, ivc_loss = 0.0758, neg_loss_1 = 0.0021, neg_loss_2 = 0.0050, ref_loss = 0.0174, div_loss = 0.0268, aux_loss = 0.0200, 0.874 seconds/batch
2026-04-21 00:12:58,412 - Epoch 12, Batch 550, lr = 0.00007, final_loss = 4.5176, nll_loss = 4.4232, ref_nll_loss = 4.6120, ivc_loss = 0.0747, neg_loss_1 = 0.0017, neg_loss_2 = 0.0041, ref_loss = 0.0181, div_loss = 0.0270, aux_loss = 0.0200, 0.874 seconds/batch
2026-04-21 00:13:42,118 - Epoch 12, Batch 600, lr = 0.00007, final_loss = 4.5492, nll_loss = 4.4537, ref_nll_loss = 4.6446, ivc_loss = 0.0743, neg_loss_1 = 0.0024, neg_loss_2 = 0.0046, ref_loss = 0.0167, div_loss = 0.0271, aux_loss = 0.0200, 0.874 seconds/batch
2026-04-21 00:14:25,671 - Epoch 12, Batch 650, lr = 0.00007, final_loss = 4.5138, nll_loss = 4.4163, ref_nll_loss = 4.6113, ivc_loss = 0.0717, neg_loss_1 = 0.0022, neg_loss_2 = 0.0041, ref_loss = 0.0162, div_loss = 0.0266, aux_loss = 0.0200, 0.874 seconds/batch
2026-04-21 00:15:09,270 - Epoch 12, Batch 700, lr = 0.00007, final_loss = 4.5207, nll_loss = 4.4241, ref_nll_loss = 4.6172, ivc_loss = 0.0722, neg_loss_1 = 0.0014, neg_loss_2 = 0.0045, ref_loss = 0.0166, div_loss = 0.0272, aux_loss = 0.0200, 0.874 seconds/batch
2026-04-21 00:15:52,854 - Epoch 12, Batch 750, lr = 0.00007, final_loss = 4.5064, nll_loss = 4.4083, ref_nll_loss = 4.6045, ivc_loss = 0.0713, neg_loss_1 = 0.0021, neg_loss_2 = 0.0038, ref_loss = 0.0163, div_loss = 0.0268, aux_loss = 0.0200, 0.874 seconds/batch
2026-04-21 00:16:36,401 - Epoch 12, Batch 800, lr = 0.00007, final_loss = 4.5313, nll_loss = 4.4359, ref_nll_loss = 4.6267, ivc_loss = 0.0706, neg_loss_1 = 0.0016, neg_loss_2 = 0.0038, ref_loss = 0.0166, div_loss = 0.0267, aux_loss = 0.0200, 0.874 seconds/batch
2026-04-21 00:17:18,442 - Epoch 12, Batch 850, lr = 0.00007, final_loss = 4.5204, nll_loss = 4.4238, ref_nll_loss = 4.6170, ivc_loss = 0.0715, neg_loss_1 = 0.0029, neg_loss_2 = 0.0035, ref_loss = 0.0160, div_loss = 0.0268, aux_loss = 0.0200, 0.872 seconds/batch
2026-04-21 00:17:50,503 - Epoch 12, Batch 900, lr = 0.00007, final_loss = 4.5322, nll_loss = 4.4356, ref_nll_loss = 4.6289, ivc_loss = 0.0732, neg_loss_1 = 0.0019, neg_loss_2 = 0.0040, ref_loss = 0.0167, div_loss = 0.0282, aux_loss = 0.0200, 0.859 seconds/batch
2026-04-21 00:18:13,632 - Epoch 12, Batch 950, lr = 0.00007, final_loss = 4.5245, nll_loss = 4.4287, ref_nll_loss = 4.6203, ivc_loss = 0.0724, neg_loss_1 = 0.0021, neg_loss_2 = 0.0039, ref_loss = 0.0166, div_loss = 0.0272, aux_loss = 0.0200, 0.838 seconds/batch
2026-04-21 00:18:36,783 - Epoch 12, Batch 1000, lr = 0.00007, final_loss = 4.5105, nll_loss = 4.4170, ref_nll_loss = 4.6041, ivc_loss = 0.0776, neg_loss_1 = 0.0023, neg_loss_2 = 0.0049, ref_loss = 0.0182, div_loss = 0.0269, aux_loss = 0.0201, 0.819 seconds/batch
2026-04-21 00:18:59,910 - Epoch 12, Batch 1050, lr = 0.00007, final_loss = 4.5210, nll_loss = 4.4266, ref_nll_loss = 4.6154, ivc_loss = 0.0712, neg_loss_1 = 0.0023, neg_loss_2 = 0.0034, ref_loss = 0.0168, div_loss = 0.0262, aux_loss = 0.0200, 0.802 seconds/batch
2026-04-21 00:19:23,026 - Epoch 12, Batch 1100, lr = 0.00007, final_loss = 4.5451, nll_loss = 4.4491, ref_nll_loss = 4.6411, ivc_loss = 0.0765, neg_loss_1 = 0.0014, neg_loss_2 = 0.0053, ref_loss = 0.0183, div_loss = 0.0264, aux_loss = 0.0200, 0.787 seconds/batch
2026-04-21 00:19:46,233 - Epoch 12, Batch 1150, lr = 0.00007, final_loss = 4.4933, nll_loss = 4.3982, ref_nll_loss = 4.5883, ivc_loss = 0.0744, neg_loss_1 = 0.0018, neg_loss_2 = 0.0052, ref_loss = 0.0170, div_loss = 0.0266, aux_loss = 0.0200, 0.773 seconds/batch
2026-04-21 00:19:55,374 - Epoch 12, Batch 1170, lr = 0.00007, final_loss = 4.4739, nll_loss = 4.3767, ref_nll_loss = 4.5712, ivc_loss = 0.0667, neg_loss_1 = 0.0008, neg_loss_2 = 0.0041, ref_loss = 0.0153, div_loss = 0.0264, aux_loss = 0.0200, 0.767 seconds/batch
2026-04-21 00:19:55,453 - save model to checkpoints/activitynet_moe_alpha1/cpl_moe2_alpha1/model-12.pt, num_updates 14040.
2026-04-21 00:24:49,909 - | R@1,mIoU 0.3215 | R@1,IoU@0.1 0.7547 | R@1,IoU@0.3 0.4177 | R@1,IoU@0.5 0.2538 | R@1,IoU@0.7 0.1261 | R@1,IoU@0.9 0.0469 | R@5,mIoU 0.5332 | R@5,IoU@0.1 0.9177 | R@5,IoU@0.3 0.7436 | R@5,IoU@0.5 0.5661 | R@5,IoU@0.7 0.3426 | R@5,IoU@0.9 0.1014 |
2026-04-21 00:24:49,909 - ============================================================
2026-04-21 00:24:49,909 - Start Epoch 13
2026-04-21 00:25:33,786 - Epoch 13, Batch 50, lr = 0.00007, final_loss = 4.4610, nll_loss = 4.3638, ref_nll_loss = 4.5582, ivc_loss = 0.0713, neg_loss_1 = 0.0015, neg_loss_2 = 0.0038, ref_loss = 0.0170, div_loss = 0.0268, aux_loss = 0.0200, 0.878 seconds/batch
2026-04-21 00:26:17,431 - Epoch 13, Batch 100, lr = 0.00007, final_loss = 4.5120, nll_loss = 4.4136, ref_nll_loss = 4.6104, ivc_loss = 0.0698, neg_loss_1 = 0.0012, neg_loss_2 = 0.0037, ref_loss = 0.0159, div_loss = 0.0281, aux_loss = 0.0200, 0.875 seconds/batch
2026-04-21 00:27:01,006 - Epoch 13, Batch 150, lr = 0.00007, final_loss = 4.4531, nll_loss = 4.3553, ref_nll_loss = 4.5509, ivc_loss = 0.0757, neg_loss_1 = 0.0019, neg_loss_2 = 0.0042, ref_loss = 0.0174, div_loss = 0.0288, aux_loss = 0.0200, 0.874 seconds/batch
2026-04-21 00:27:44,572 - Epoch 13, Batch 200, lr = 0.00007, final_loss = 4.4729, nll_loss = 4.3771, ref_nll_loss = 4.5686, ivc_loss = 0.0708, neg_loss_1 = 0.0016, neg_loss_2 = 0.0035, ref_loss = 0.0165, div_loss = 0.0276, aux_loss = 0.0200, 0.873 seconds/batch
2026-04-21 00:28:28,158 - Epoch 13, Batch 250, lr = 0.00007, final_loss = 4.5046, nll_loss = 4.4070, ref_nll_loss = 4.6022, ivc_loss = 0.0690, neg_loss_1 = 0.0017, neg_loss_2 = 0.0035, ref_loss = 0.0154, div_loss = 0.0277, aux_loss = 0.0200, 0.873 seconds/batch
2026-04-21 00:29:11,758 - Epoch 13, Batch 300, lr = 0.00007, final_loss = 4.4891, nll_loss = 4.3933, ref_nll_loss = 4.5849, ivc_loss = 0.0736, neg_loss_1 = 0.0024, neg_loss_2 = 0.0040, ref_loss = 0.0167, div_loss = 0.0277, aux_loss = 0.0200, 0.873 seconds/batch
2026-04-21 00:29:55,316 - Epoch 13, Batch 350, lr = 0.00007, final_loss = 4.4845, nll_loss = 4.3871, ref_nll_loss = 4.5818, ivc_loss = 0.0700, neg_loss_1 = 0.0020, neg_loss_2 = 0.0046, ref_loss = 0.0146, div_loss = 0.0276, aux_loss = 0.0200, 0.873 seconds/batch
2026-04-21 00:30:38,848 - Epoch 13, Batch 400, lr = 0.00007, final_loss = 4.4626, nll_loss = 4.3666, ref_nll_loss = 4.5586, ivc_loss = 0.0741, neg_loss_1 = 0.0028, neg_loss_2 = 0.0039, ref_loss = 0.0167, div_loss = 0.0273, aux_loss = 0.0200, 0.872 seconds/batch
2026-04-21 00:31:22,475 - Epoch 13, Batch 450, lr = 0.00007, final_loss = 4.5201, nll_loss = 4.4258, ref_nll_loss = 4.6145, ivc_loss = 0.0735, neg_loss_1 = 0.0019, neg_loss_2 = 0.0040, ref_loss = 0.0165, div_loss = 0.0287, aux_loss = 0.0200, 0.872 seconds/batch
2026-04-21 00:32:06,053 - Epoch 13, Batch 500, lr = 0.00007, final_loss = 4.4891, nll_loss = 4.3930, ref_nll_loss = 4.5853, ivc_loss = 0.0687, neg_loss_1 = 0.0013, neg_loss_2 = 0.0036, ref_loss = 0.0158, div_loss = 0.0272, aux_loss = 0.0200, 0.872 seconds/batch
2026-04-21 00:32:49,609 - Epoch 13, Batch 550, lr = 0.00007, final_loss = 4.4518, nll_loss = 4.3578, ref_nll_loss = 4.5457, ivc_loss = 0.0742, neg_loss_1 = 0.0019, neg_loss_2 = 0.0026, ref_loss = 0.0188, div_loss = 0.0276, aux_loss = 0.0200, 0.872 seconds/batch
2026-04-21 00:33:33,157 - Epoch 13, Batch 600, lr = 0.00007, final_loss = 4.5159, nll_loss = 4.4174, ref_nll_loss = 4.6144, ivc_loss = 0.0720, neg_loss_1 = 0.0021, neg_loss_2 = 0.0047, ref_loss = 0.0156, div_loss = 0.0271, aux_loss = 0.0200, 0.872 seconds/batch
2026-04-21 00:34:16,617 - Epoch 13, Batch 650, lr = 0.00007, final_loss = 4.5308, nll_loss = 4.4353, ref_nll_loss = 4.6263, ivc_loss = 0.0717, neg_loss_1 = 0.0013, neg_loss_2 = 0.0045, ref_loss = 0.0166, div_loss = 0.0267, aux_loss = 0.0200, 0.872 seconds/batch
2026-04-21 00:35:00,038 - Epoch 13, Batch 700, lr = 0.00007, final_loss = 4.5125, nll_loss = 4.4128, ref_nll_loss = 4.6121, ivc_loss = 0.0669, neg_loss_1 = 0.0020, neg_loss_2 = 0.0037, ref_loss = 0.0145, div_loss = 0.0265, aux_loss = 0.0200, 0.872 seconds/batch
2026-04-21 00:35:43,484 - Epoch 13, Batch 750, lr = 0.00007, final_loss = 4.4970, nll_loss = 4.4009, ref_nll_loss = 4.5932, ivc_loss = 0.0723, neg_loss_1 = 0.0015, neg_loss_2 = 0.0032, ref_loss = 0.0183, div_loss = 0.0263, aux_loss = 0.0200, 0.871 seconds/batch
2026-04-21 00:36:26,890 - Epoch 13, Batch 800, lr = 0.00007, final_loss = 4.4942, nll_loss = 4.3982, ref_nll_loss = 4.5903, ivc_loss = 0.0677, neg_loss_1 = 0.0012, neg_loss_2 = 0.0029, ref_loss = 0.0165, div_loss = 0.0263, aux_loss = 0.0200, 0.871 seconds/batch
2026-04-21 00:37:08,814 - Epoch 13, Batch 850, lr = 0.00007, final_loss = 4.4650, nll_loss = 4.3712, ref_nll_loss = 4.5588, ivc_loss = 0.0723, neg_loss_1 = 0.0017, neg_loss_2 = 0.0042, ref_loss = 0.0172, div_loss = 0.0262, aux_loss = 0.0200, 0.869 seconds/batch
2026-04-21 00:37:41,131 - Epoch 13, Batch 900, lr = 0.00007, final_loss = 4.5311, nll_loss = 4.4357, ref_nll_loss = 4.6266, ivc_loss = 0.0689, neg_loss_1 = 0.0006, neg_loss_2 = 0.0035, ref_loss = 0.0171, div_loss = 0.0263, aux_loss = 0.0200, 0.857 seconds/batch
2026-04-21 00:38:04,262 - Epoch 13, Batch 950, lr = 0.00007, final_loss = 4.4637, nll_loss = 4.3660, ref_nll_loss = 4.5614, ivc_loss = 0.0697, neg_loss_1 = 0.0017, neg_loss_2 = 0.0036, ref_loss = 0.0163, div_loss = 0.0264, aux_loss = 0.0200, 0.836 seconds/batch
2026-04-21 00:38:27,406 - Epoch 13, Batch 1000, lr = 0.00007, final_loss = 4.4962, nll_loss = 4.4007, ref_nll_loss = 4.5917, ivc_loss = 0.0718, neg_loss_1 = 0.0019, neg_loss_2 = 0.0041, ref_loss = 0.0164, div_loss = 0.0271, aux_loss = 0.0200, 0.817 seconds/batch
2026-04-21 00:38:50,562 - Epoch 13, Batch 1050, lr = 0.00007, final_loss = 4.4575, nll_loss = 4.3593, ref_nll_loss = 4.5558, ivc_loss = 0.0675, neg_loss_1 = 0.0013, neg_loss_2 = 0.0033, ref_loss = 0.0150, div_loss = 0.0282, aux_loss = 0.0200, 0.801 seconds/batch
2026-04-21 00:39:13,704 - Epoch 13, Batch 1100, lr = 0.00007, final_loss = 4.4889, nll_loss = 4.3876, ref_nll_loss = 4.5903, ivc_loss = 0.0667, neg_loss_1 = 0.0015, neg_loss_2 = 0.0041, ref_loss = 0.0140, div_loss = 0.0275, aux_loss = 0.0200, 0.785 seconds/batch
2026-04-21 00:39:36,873 - Epoch 13, Batch 1150, lr = 0.00006, final_loss = 4.4768, nll_loss = 4.3794, ref_nll_loss = 4.5743, ivc_loss = 0.0711, neg_loss_1 = 0.0013, neg_loss_2 = 0.0043, ref_loss = 0.0163, div_loss = 0.0272, aux_loss = 0.0200, 0.771 seconds/batch
2026-04-21 00:39:46,027 - Epoch 13, Batch 1170, lr = 0.00006, final_loss = 4.4805, nll_loss = 4.3805, ref_nll_loss = 4.5806, ivc_loss = 0.0667, neg_loss_1 = 0.0015, neg_loss_2 = 0.0041, ref_loss = 0.0143, div_loss = 0.0269, aux_loss = 0.0199, 0.766 seconds/batch
2026-04-21 00:39:46,105 - save model to checkpoints/activitynet_moe_alpha1/cpl_moe2_alpha1/model-13.pt, num_updates 15210.
2026-04-21 00:44:41,965 - | R@1,mIoU 0.3245 | R@1,IoU@0.1 0.7667 | R@1,IoU@0.3 0.4200 | R@1,IoU@0.5 0.2502 | R@1,IoU@0.7 0.1242 | R@1,IoU@0.9 0.0482 | R@5,mIoU 0.5352 | R@5,IoU@0.1 0.9197 | R@5,IoU@0.3 0.7484 | R@5,IoU@0.5 0.5657 | R@5,IoU@0.7 0.3379 | R@5,IoU@0.9 0.1015 |
2026-04-21 00:44:41,966 - ============================================================
2026-04-21 00:44:41,966 - Start Epoch 14
2026-04-21 00:45:25,881 - Epoch 14, Batch 50, lr = 0.00006, final_loss = 4.4479, nll_loss = 4.3490, ref_nll_loss = 4.5468, ivc_loss = 0.0713, neg_loss_1 = 0.0012, neg_loss_2 = 0.0034, ref_loss = 0.0173, div_loss = 0.0274, aux_loss = 0.0201, 0.878 seconds/batch
2026-04-21 00:46:09,407 - Epoch 14, Batch 100, lr = 0.00006, final_loss = 4.4282, nll_loss = 4.3291, ref_nll_loss = 4.5274, ivc_loss = 0.0677, neg_loss_1 = 0.0011, neg_loss_2 = 0.0029, ref_loss = 0.0159, div_loss = 0.0280, aux_loss = 0.0200, 0.874 seconds/batch
2026-04-21 00:46:52,947 - Epoch 14, Batch 150, lr = 0.00006, final_loss = 4.4529, nll_loss = 4.3563, ref_nll_loss = 4.5495, ivc_loss = 0.0707, neg_loss_1 = 0.0020, neg_loss_2 = 0.0037, ref_loss = 0.0157, div_loss = 0.0280, aux_loss = 0.0200, 0.873 seconds/batch
2026-04-21 00:47:36,534 - Epoch 14, Batch 200, lr = 0.00006, final_loss = 4.4352, nll_loss = 4.3383, ref_nll_loss = 4.5321, ivc_loss = 0.0730, neg_loss_1 = 0.0016, neg_loss_2 = 0.0043, ref_loss = 0.0169, div_loss = 0.0275, aux_loss = 0.0200, 0.873 seconds/batch
2026-04-21 00:48:20,103 - Epoch 14, Batch 250, lr = 0.00006, final_loss = 4.4368, nll_loss = 4.3383, ref_nll_loss = 4.5353, ivc_loss = 0.0696, neg_loss_1 = 0.0016, neg_loss_2 = 0.0034, ref_loss = 0.0158, div_loss = 0.0280, aux_loss = 0.0199, 0.873 seconds/batch
2026-04-21 00:49:03,675 - Epoch 14, Batch 300, lr = 0.00006, final_loss = 4.4638, nll_loss = 4.3635, ref_nll_loss = 4.5641, ivc_loss = 0.0628, neg_loss_1 = 0.0010, neg_loss_2 = 0.0033, ref_loss = 0.0131, div_loss = 0.0278, aux_loss = 0.0200, 0.872 seconds/batch
2026-04-21 00:49:47,260 - Epoch 14, Batch 350, lr = 0.00006, final_loss = 4.4466, nll_loss = 4.3467, ref_nll_loss = 4.5465, ivc_loss = 0.0677, neg_loss_1 = 0.0012, neg_loss_2 = 0.0034, ref_loss = 0.0157, div_loss = 0.0271, aux_loss = 0.0200, 0.872 seconds/batch
2026-04-21 00:50:30,867 - Epoch 14, Batch 400, lr = 0.00006, final_loss = 4.4310, nll_loss = 4.3291, ref_nll_loss = 4.5329, ivc_loss = 0.0652, neg_loss_1 = 0.0021, neg_loss_2 = 0.0033, ref_loss = 0.0138, div_loss = 0.0270, aux_loss = 0.0200, 0.872 seconds/batch
2026-04-21 00:51:14,428 - Epoch 14, Batch 450, lr = 0.00006, final_loss = 4.4655, nll_loss = 4.3679, ref_nll_loss = 4.5631, ivc_loss = 0.0701, neg_loss_1 = 0.0015, neg_loss_2 = 0.0048, ref_loss = 0.0151, div_loss = 0.0274, aux_loss = 0.0200, 0.872 seconds/batch
2026-04-21 00:51:58,011 - Epoch 14, Batch 500, lr = 0.00006, final_loss = 4.4690, nll_loss = 4.3730, ref_nll_loss = 4.5649, ivc_loss = 0.0713, neg_loss_1 = 0.0017, neg_loss_2 = 0.0048, ref_loss = 0.0154, div_loss = 0.0275, aux_loss = 0.0200, 0.872 seconds/batch
2026-04-21 00:52:41,593 - Epoch 14, Batch 550, lr = 0.00006, final_loss = 4.4910, nll_loss = 4.3948, ref_nll_loss = 4.5871, ivc_loss = 0.0720, neg_loss_1 = 0.0021, neg_loss_2 = 0.0036, ref_loss = 0.0162, div_loss = 0.0284, aux_loss = 0.0200, 0.872 seconds/batch
2026-04-21 00:53:25,208 - Epoch 14, Batch 600, lr = 0.00006, final_loss = 4.4596, nll_loss = 4.3589, ref_nll_loss = 4.5603, ivc_loss = 0.0668, neg_loss_1 = 0.0026, neg_loss_2 = 0.0035, ref_loss = 0.0139, div_loss = 0.0268, aux_loss = 0.0201, 0.872 seconds/batch
2026-04-21 00:54:08,829 - Epoch 14, Batch 650, lr = 0.00006, final_loss = 4.4442, nll_loss = 4.3437, ref_nll_loss = 4.5447, ivc_loss = 0.0686, neg_loss_1 = 0.0018, neg_loss_2 = 0.0047, ref_loss = 0.0144, div_loss = 0.0268, aux_loss = 0.0200, 0.872 seconds/batch
2026-04-21 00:54:52,455 - Epoch 14, Batch 700, lr = 0.00006, final_loss = 4.4548, nll_loss = 4.3578, ref_nll_loss = 4.5517, ivc_loss = 0.0721, neg_loss_1 = 0.0013, neg_loss_2 = 0.0045, ref_loss = 0.0167, div_loss = 0.0272, aux_loss = 0.0200, 0.872 seconds/batch
2026-04-21 00:55:36,048 - Epoch 14, Batch 750, lr = 0.00006, final_loss = 4.4677, nll_loss = 4.3663, ref_nll_loss = 4.5690, ivc_loss = 0.0673, neg_loss_1 = 0.0014, neg_loss_2 = 0.0050, ref_loss = 0.0139, div_loss = 0.0267, aux_loss = 0.0200, 0.872 seconds/batch
2026-04-21 00:56:19,603 - Epoch 14, Batch 800, lr = 0.00006, final_loss = 4.4647, nll_loss = 4.3630, ref_nll_loss = 4.5664, ivc_loss = 0.0642, neg_loss_1 = 0.0014, neg_loss_2 = 0.0038, ref_loss = 0.0136, div_loss = 0.0266, aux_loss = 0.0200, 0.872 seconds/batch
2026-04-21 00:57:01,704 - Epoch 14, Batch 850, lr = 0.00006, final_loss = 4.4945, nll_loss = 4.3922, ref_nll_loss = 4.5967, ivc_loss = 0.0679, neg_loss_1 = 0.0012, neg_loss_2 = 0.0035, ref_loss = 0.0159, div_loss = 0.0267, aux_loss = 0.0200, 0.870 seconds/batch
2026-04-21 00:57:34,315 - Epoch 14, Batch 900, lr = 0.00006, final_loss = 4.4748, nll_loss = 4.3746, ref_nll_loss = 4.5751, ivc_loss = 0.0656, neg_loss_1 = 0.0012, neg_loss_2 = 0.0044, ref_loss = 0.0140, div_loss = 0.0265, aux_loss = 0.0200, 0.858 seconds/batch
2026-04-21 00:57:57,440 - Epoch 14, Batch 950, lr = 0.00006, final_loss = 4.4644, nll_loss = 4.3637, ref_nll_loss = 4.5652, ivc_loss = 0.0653, neg_loss_1 = 0.0014, neg_loss_2 = 0.0046, ref_loss = 0.0133, div_loss = 0.0266, aux_loss = 0.0201, 0.837 seconds/batch
2026-04-21 00:58:20,598 - Epoch 14, Batch 1000, lr = 0.00006, final_loss = 4.4451, nll_loss = 4.3455, ref_nll_loss = 4.5448, ivc_loss = 0.0696, neg_loss_1 = 0.0011, neg_loss_2 = 0.0048, ref_loss = 0.0155, div_loss = 0.0268, aux_loss = 0.0200, 0.819 seconds/batch
2026-04-21 00:58:43,740 - Epoch 14, Batch 1050, lr = 0.00006, final_loss = 4.4923, nll_loss = 4.3915, ref_nll_loss = 4.5932, ivc_loss = 0.0668, neg_loss_1 = 0.0011, neg_loss_2 = 0.0039, ref_loss = 0.0149, div_loss = 0.0270, aux_loss = 0.0200, 0.802 seconds/batch
2026-04-21 00:59:06,866 - Epoch 14, Batch 1100, lr = 0.00006, final_loss = 4.4670, nll_loss = 4.3714, ref_nll_loss = 4.5626, ivc_loss = 0.0691, neg_loss_1 = 0.0014, neg_loss_2 = 0.0041, ref_loss = 0.0158, div_loss = 0.0265, aux_loss = 0.0200, 0.786 seconds/batch
2026-04-21 00:59:30,130 - Epoch 14, Batch 1150, lr = 0.00006, final_loss = 4.4963, nll_loss = 4.3936, ref_nll_loss = 4.5990, ivc_loss = 0.0674, neg_loss_1 = 0.0017, neg_loss_2 = 0.0036, ref_loss = 0.0152, div_loss = 0.0265, aux_loss = 0.0200, 0.772 seconds/batch
2026-04-21 00:59:39,271 - Epoch 14, Batch 1170, lr = 0.00006, final_loss = 4.4564, nll_loss = 4.3563, ref_nll_loss = 4.5565, ivc_loss = 0.0651, neg_loss_1 = 0.0014, neg_loss_2 = 0.0032, ref_loss = 0.0145, div_loss = 0.0267, aux_loss = 0.0200, 0.767 seconds/batch
2026-04-21 00:59:39,361 - save model to checkpoints/activitynet_moe_alpha1/cpl_moe2_alpha1/model-14.pt, num_updates 16380.
2026-04-21 01:04:34,027 - | R@1,mIoU 0.3241 | R@1,IoU@0.1 0.7655 | R@1,IoU@0.3 0.4216 | R@1,IoU@0.5 0.2467 | R@1,IoU@0.7 0.1244 | R@1,IoU@0.9 0.0512 | R@5,mIoU 0.5309 | R@5,IoU@0.1 0.9185 | R@5,IoU@0.3 0.7457 | R@5,IoU@0.5 0.5602 | R@5,IoU@0.7 0.3288 | R@5,IoU@0.9 0.1023 |
2026-04-21 01:04:34,027 - ============================================================
2026-04-21 01:04:34,027 - Start Epoch 15
2026-04-21 01:05:17,847 - Epoch 15, Batch 50, lr = 0.00006, final_loss = 4.4317, nll_loss = 4.3298, ref_nll_loss = 4.5336, ivc_loss = 0.0672, neg_loss_1 = 0.0016, neg_loss_2 = 0.0042, ref_loss = 0.0144, div_loss = 0.0268, aux_loss = 0.0200, 0.876 seconds/batch
2026-04-21 01:06:01,427 - Epoch 15, Batch 100, lr = 0.00006, final_loss = 4.4268, nll_loss = 4.3254, ref_nll_loss = 4.5282, ivc_loss = 0.0667, neg_loss_1 = 0.0021, neg_loss_2 = 0.0036, ref_loss = 0.0141, div_loss = 0.0270, aux_loss = 0.0200, 0.874 seconds/batch
2026-04-21 01:06:44,988 - Epoch 15, Batch 150, lr = 0.00006, final_loss = 4.4234, nll_loss = 4.3214, ref_nll_loss = 4.5254, ivc_loss = 0.0679, neg_loss_1 = 0.0017, neg_loss_2 = 0.0042, ref_loss = 0.0143, div_loss = 0.0274, aux_loss = 0.0200, 0.873 seconds/batch
2026-04-21 01:07:28,392 - Epoch 15, Batch 200, lr = 0.00006, final_loss = 4.4327, nll_loss = 4.3305, ref_nll_loss = 4.5348, ivc_loss = 0.0668, neg_loss_1 = 0.0017, neg_loss_2 = 0.0029, ref_loss = 0.0148, div_loss = 0.0281, aux_loss = 0.0200, 0.872 seconds/batch
2026-04-21 01:08:11,826 - Epoch 15, Batch 250, lr = 0.00006, final_loss = 4.4443, nll_loss = 4.3469, ref_nll_loss = 4.5417, ivc_loss = 0.0703, neg_loss_1 = 0.0016, neg_loss_2 = 0.0035, ref_loss = 0.0162, div_loss = 0.0277, aux_loss = 0.0200, 0.871 seconds/batch
2026-04-21 01:08:55,257 - Epoch 15, Batch 300, lr = 0.00006, final_loss = 4.4058, nll_loss = 4.3061, ref_nll_loss = 4.5055, ivc_loss = 0.0680, neg_loss_1 = 0.0023, neg_loss_2 = 0.0037, ref_loss = 0.0147, div_loss = 0.0267, aux_loss = 0.0200, 0.871 seconds/batch
2026-04-21 01:09:38,679 - Epoch 15, Batch 350, lr = 0.00006, final_loss = 4.4323, nll_loss = 4.3329, ref_nll_loss = 4.5318, ivc_loss = 0.0680, neg_loss_1 = 0.0010, neg_loss_2 = 0.0038, ref_loss = 0.0159, div_loss = 0.0266, aux_loss = 0.0200, 0.870 seconds/batch
2026-04-21 01:10:22,133 - Epoch 15, Batch 400, lr = 0.00006, final_loss = 4.4548, nll_loss = 4.3524, ref_nll_loss = 4.5571, ivc_loss = 0.0627, neg_loss_1 = 0.0020, neg_loss_2 = 0.0035, ref_loss = 0.0127, div_loss = 0.0265, aux_loss = 0.0200, 0.870 seconds/batch
2026-04-21 01:11:05,558 - Epoch 15, Batch 450, lr = 0.00006, final_loss = 4.4622, nll_loss = 4.3637, ref_nll_loss = 4.5606, ivc_loss = 0.0694, neg_loss_1 = 0.0016, neg_loss_2 = 0.0037, ref_loss = 0.0161, div_loss = 0.0266, aux_loss = 0.0200, 0.870 seconds/batch
2026-04-21 01:11:48,961 - Epoch 15, Batch 500, lr = 0.00006, final_loss = 4.4188, nll_loss = 4.3202, ref_nll_loss = 4.5174, ivc_loss = 0.0685, neg_loss_1 = 0.0023, neg_loss_2 = 0.0034, ref_loss = 0.0152, div_loss = 0.0267, aux_loss = 0.0200, 0.870 seconds/batch
2026-04-21 01:12:32,335 - Epoch 15, Batch 550, lr = 0.00006, final_loss = 4.4390, nll_loss = 4.3379, ref_nll_loss = 4.5401, ivc_loss = 0.0671, neg_loss_1 = 0.0008, neg_loss_2 = 0.0039, ref_loss = 0.0153, div_loss = 0.0270, aux_loss = 0.0200, 0.870 seconds/batch
2026-04-21 01:13:15,776 - Epoch 15, Batch 600, lr = 0.00006, final_loss = 4.4428, nll_loss = 4.3412, ref_nll_loss = 4.5444, ivc_loss = 0.0672, neg_loss_1 = 0.0016, neg_loss_2 = 0.0033, ref_loss = 0.0156, div_loss = 0.0263, aux_loss = 0.0200, 0.870 seconds/batch
2026-04-21 01:13:59,302 - Epoch 15, Batch 650, lr = 0.00006, final_loss = 4.4351, nll_loss = 4.3374, ref_nll_loss = 4.5329, ivc_loss = 0.0684, neg_loss_1 = 0.0010, neg_loss_2 = 0.0032, ref_loss = 0.0168, div_loss = 0.0264, aux_loss = 0.0200, 0.870 seconds/batch
2026-04-21 01:14:42,955 - Epoch 15, Batch 700, lr = 0.00006, final_loss = 4.4110, nll_loss = 4.3109, ref_nll_loss = 4.5111, ivc_loss = 0.0675, neg_loss_1 = 0.0013, neg_loss_2 = 0.0039, ref_loss = 0.0155, div_loss = 0.0263, aux_loss = 0.0200, 0.870 seconds/batch
2026-04-21 01:15:26,535 - Epoch 15, Batch 750, lr = 0.00006, final_loss = 4.4388, nll_loss = 4.3376, ref_nll_loss = 4.5399, ivc_loss = 0.0664, neg_loss_1 = 0.0015, neg_loss_2 = 0.0033, ref_loss = 0.0151, div_loss = 0.0266, aux_loss = 0.0200, 0.870 seconds/batch
2026-04-21 01:16:09,941 - Epoch 15, Batch 800, lr = 0.00006, final_loss = 4.4515, nll_loss = 4.3502, ref_nll_loss = 4.5528, ivc_loss = 0.0667, neg_loss_1 = 0.0013, neg_loss_2 = 0.0038, ref_loss = 0.0153, div_loss = 0.0260, aux_loss = 0.0200, 0.870 seconds/batch
2026-04-21 01:16:51,763 - Epoch 15, Batch 850, lr = 0.00006, final_loss = 4.4324, nll_loss = 4.3327, ref_nll_loss = 4.5322, ivc_loss = 0.0652, neg_loss_1 = 0.0017, neg_loss_2 = 0.0037, ref_loss = 0.0141, div_loss = 0.0260, aux_loss = 0.0200, 0.868 seconds/batch
2026-04-21 01:17:24,330 - Epoch 15, Batch 900, lr = 0.00006, final_loss = 4.4072, nll_loss = 4.3069, ref_nll_loss = 4.5074, ivc_loss = 0.0661, neg_loss_1 = 0.0019, neg_loss_2 = 0.0027, ref_loss = 0.0152, div_loss = 0.0265, aux_loss = 0.0200, 0.856 seconds/batch
2026-04-21 01:17:47,564 - Epoch 15, Batch 950, lr = 0.00006, final_loss = 4.4411, nll_loss = 4.3393, ref_nll_loss = 4.5429, ivc_loss = 0.0659, neg_loss_1 = 0.0010, neg_loss_2 = 0.0037, ref_loss = 0.0151, div_loss = 0.0262, aux_loss = 0.0200, 0.835 seconds/batch
2026-04-21 01:18:10,723 - Epoch 15, Batch 1000, lr = 0.00006, final_loss = 4.4396, nll_loss = 4.3384, ref_nll_loss = 4.5408, ivc_loss = 0.0626, neg_loss_1 = 0.0010, neg_loss_2 = 0.0036, ref_loss = 0.0137, div_loss = 0.0260, aux_loss = 0.0200, 0.817 seconds/batch
2026-04-21 01:18:33,906 - Epoch 15, Batch 1050, lr = 0.00006, final_loss = 4.4545, nll_loss = 4.3546, ref_nll_loss = 4.5543, ivc_loss = 0.0658, neg_loss_1 = 0.0016, neg_loss_2 = 0.0043, ref_loss = 0.0140, div_loss = 0.0260, aux_loss = 0.0200, 0.800 seconds/batch
2026-04-21 01:18:57,035 - Epoch 15, Batch 1100, lr = 0.00006, final_loss = 4.4825, nll_loss = 4.3817, ref_nll_loss = 4.5832, ivc_loss = 0.0664, neg_loss_1 = 0.0013, neg_loss_2 = 0.0036, ref_loss = 0.0151, div_loss = 0.0263, aux_loss = 0.0200, 0.785 seconds/batch
2026-04-21 01:19:20,211 - Epoch 15, Batch 1150, lr = 0.00006, final_loss = 4.4599, nll_loss = 4.3565, ref_nll_loss = 4.5634, ivc_loss = 0.0628, neg_loss_1 = 0.0013, neg_loss_2 = 0.0030, ref_loss = 0.0137, div_loss = 0.0266, aux_loss = 0.0200, 0.771 seconds/batch
2026-04-21 01:19:29,364 - Epoch 15, Batch 1170, lr = 0.00006, final_loss = 4.3862, nll_loss = 4.2820, ref_nll_loss = 4.4904, ivc_loss = 0.0659, neg_loss_1 = 0.0014, neg_loss_2 = 0.0039, ref_loss = 0.0141, div_loss = 0.0271, aux_loss = 0.0202, 0.765 seconds/batch
2026-04-21 01:19:29,441 - save model to checkpoints/activitynet_moe_alpha1/cpl_moe2_alpha1/model-15.pt, num_updates 17550.
2026-04-21 01:24:25,498 - | R@1,mIoU 0.3250 | R@1,IoU@0.1 0.7665 | R@1,IoU@0.3 0.4239 | R@1,IoU@0.5 0.2457 | R@1,IoU@0.7 0.1251 | R@1,IoU@0.9 0.0503 | R@5,mIoU 0.5064 | R@5,IoU@0.1 0.9008 | R@5,IoU@0.3 0.7146 | R@5,IoU@0.5 0.5242 | R@5,IoU@0.7 0.3002 | R@5,IoU@0.9 0.0892 |
2026-04-21 01:24:25,498 - ============================================================
2026-04-21 01:24:25,498 - Start Epoch 16
2026-04-21 01:25:09,436 - Epoch 16, Batch 50, lr = 0.00006, final_loss = 4.4123, nll_loss = 4.3131, ref_nll_loss = 4.5115, ivc_loss = 0.0690, neg_loss_1 = 0.0023, neg_loss_2 = 0.0035, ref_loss = 0.0151, div_loss = 0.0271, aux_loss = 0.0200, 0.879 seconds/batch
2026-04-21 01:25:52,995 - Epoch 16, Batch 100, lr = 0.00006, final_loss = 4.4065, nll_loss = 4.3069, ref_nll_loss = 4.5060, ivc_loss = 0.0674, neg_loss_1 = 0.0013, neg_loss_2 = 0.0034, ref_loss = 0.0156, div_loss = 0.0268, aux_loss = 0.0200, 0.875 seconds/batch
2026-04-21 01:26:36,552 - Epoch 16, Batch 150, lr = 0.00006, final_loss = 4.4212, nll_loss = 4.3217, ref_nll_loss = 4.5207, ivc_loss = 0.0677, neg_loss_1 = 0.0018, neg_loss_2 = 0.0034, ref_loss = 0.0155, div_loss = 0.0263, aux_loss = 0.0200, 0.874 seconds/batch
2026-04-21 01:27:20,166 - Epoch 16, Batch 200, lr = 0.00006, final_loss = 4.3631, nll_loss = 4.2642, ref_nll_loss = 4.4620, ivc_loss = 0.0702, neg_loss_1 = 0.0015, neg_loss_2 = 0.0041, ref_loss = 0.0164, div_loss = 0.0262, aux_loss = 0.0200, 0.873 seconds/batch
2026-04-21 01:28:03,798 - Epoch 16, Batch 250, lr = 0.00006, final_loss = 4.4283, nll_loss = 4.3267, ref_nll_loss = 4.5299, ivc_loss = 0.0738, neg_loss_1 = 0.0024, neg_loss_2 = 0.0045, ref_loss = 0.0169, div_loss = 0.0264, aux_loss = 0.0201, 0.873 seconds/batch
2026-04-21 01:28:47,392 - Epoch 16, Batch 300, lr = 0.00006, final_loss = 4.3964, nll_loss = 4.2989, ref_nll_loss = 4.4940, ivc_loss = 0.0702, neg_loss_1 = 0.0027, neg_loss_2 = 0.0033, ref_loss = 0.0160, div_loss = 0.0262, aux_loss = 0.0200, 0.873 seconds/batch
2026-04-21 01:29:30,959 - Epoch 16, Batch 350, lr = 0.00006, final_loss = 4.4660, nll_loss = 4.3652, ref_nll_loss = 4.5668, ivc_loss = 0.0688, neg_loss_1 = 0.0016, neg_loss_2 = 0.0035, ref_loss = 0.0159, div_loss = 0.0268, aux_loss = 0.0200, 0.873 seconds/batch
2026-04-21 01:30:14,491 - Epoch 16, Batch 400, lr = 0.00006, final_loss = 4.3873, nll_loss = 4.2868, ref_nll_loss = 4.4877, ivc_loss = 0.0709, neg_loss_1 = 0.0019, neg_loss_2 = 0.0032, ref_loss = 0.0164, div_loss = 0.0279, aux_loss = 0.0200, 0.872 seconds/batch
2026-04-21 01:30:58,180 - Epoch 16, Batch 450, lr = 0.00006, final_loss = 4.4232, nll_loss = 4.3224, ref_nll_loss = 4.5241, ivc_loss = 0.0667, neg_loss_1 = 0.0014, neg_loss_2 = 0.0023, ref_loss = 0.0157, div_loss = 0.0278, aux_loss = 0.0200, 0.873 seconds/batch
2026-04-21 01:31:42,022 - Epoch 16, Batch 500, lr = 0.00006, final_loss = 4.4164, nll_loss = 4.3190, ref_nll_loss = 4.5138, ivc_loss = 0.0741, neg_loss_1 = 0.0015, neg_loss_2 = 0.0045, ref_loss = 0.0172, div_loss = 0.0278, aux_loss = 0.0200, 0.873 seconds/batch
2026-04-21 01:32:25,882 - Epoch 16, Batch 550, lr = 0.00006, final_loss = 4.3810, nll_loss = 4.2780, ref_nll_loss = 4.4840, ivc_loss = 0.0651, neg_loss_1 = 0.0022, neg_loss_2 = 0.0029, ref_loss = 0.0138, div_loss = 0.0274, aux_loss = 0.0200, 0.873 seconds/batch
2026-04-21 01:33:09,774 - Epoch 16, Batch 600, lr = 0.00006, final_loss = 4.4206, nll_loss = 4.3186, ref_nll_loss = 4.5227, ivc_loss = 0.0670, neg_loss_1 = 0.0016, neg_loss_2 = 0.0030, ref_loss = 0.0151, div_loss = 0.0276, aux_loss = 0.0200, 0.874 seconds/batch
2026-04-21 01:33:53,463 - Epoch 16, Batch 650, lr = 0.00006, final_loss = 4.3735, nll_loss = 4.2717, ref_nll_loss = 4.4753, ivc_loss = 0.0686, neg_loss_1 = 0.0013, neg_loss_2 = 0.0038, ref_loss = 0.0154, div_loss = 0.0276, aux_loss = 0.0200, 0.874 seconds/batch
2026-04-21 01:34:37,044 - Epoch 16, Batch 700, lr = 0.00006, final_loss = 4.4514, nll_loss = 4.3501, ref_nll_loss = 4.5528, ivc_loss = 0.0647, neg_loss_1 = 0.0011, neg_loss_2 = 0.0038, ref_loss = 0.0139, div_loss = 0.0271, aux_loss = 0.0200, 0.874 seconds/batch
2026-04-21 01:35:20,588 - Epoch 16, Batch 750, lr = 0.00006, final_loss = 4.3941, nll_loss = 4.2894, ref_nll_loss = 4.4988, ivc_loss = 0.0645, neg_loss_1 = 0.0016, neg_loss_2 = 0.0034, ref_loss = 0.0139, div_loss = 0.0266, aux_loss = 0.0200, 0.873 seconds/batch
2026-04-21 01:36:04,172 - Epoch 16, Batch 800, lr = 0.00006, final_loss = 4.4196, nll_loss = 4.3206, ref_nll_loss = 4.5187, ivc_loss = 0.0667, neg_loss_1 = 0.0014, neg_loss_2 = 0.0033, ref_loss = 0.0153, div_loss = 0.0267, aux_loss = 0.0200, 0.873 seconds/batch
2026-04-21 01:36:45,725 - Epoch 16, Batch 850, lr = 0.00006, final_loss = 4.3843, nll_loss = 4.2800, ref_nll_loss = 4.4886, ivc_loss = 0.0615, neg_loss_1 = 0.0013, neg_loss_2 = 0.0032, ref_loss = 0.0129, div_loss = 0.0267, aux_loss = 0.0200, 0.871 seconds/batch
2026-04-21 01:37:18,405 - Epoch 16, Batch 900, lr = 0.00006, final_loss = 4.4211, nll_loss = 4.3181, ref_nll_loss = 4.5240, ivc_loss = 0.0673, neg_loss_1 = 0.0022, neg_loss_2 = 0.0035, ref_loss = 0.0147, div_loss = 0.0265, aux_loss = 0.0200, 0.859 seconds/batch
2026-04-21 01:37:41,548 - Epoch 16, Batch 950, lr = 0.00006, final_loss = 4.4336, nll_loss = 4.3304, ref_nll_loss = 4.5369, ivc_loss = 0.0638, neg_loss_1 = 0.0011, neg_loss_2 = 0.0040, ref_loss = 0.0134, div_loss = 0.0269, aux_loss = 0.0200, 0.838 seconds/batch
2026-04-21 01:38:04,678 - Epoch 16, Batch 1000, lr = 0.00006, final_loss = 4.4021, nll_loss = 4.2982, ref_nll_loss = 4.5061, ivc_loss = 0.0658, neg_loss_1 = 0.0016, neg_loss_2 = 0.0035, ref_loss = 0.0144, div_loss = 0.0269, aux_loss = 0.0200, 0.819 seconds/batch
2026-04-21 01:38:27,871 - Epoch 16, Batch 1050, lr = 0.00006, final_loss = 4.4218, nll_loss = 4.3188, ref_nll_loss = 4.5249, ivc_loss = 0.0653, neg_loss_1 = 0.0012, neg_loss_2 = 0.0033, ref_loss = 0.0145, div_loss = 0.0273, aux_loss = 0.0201, 0.802 seconds/batch
2026-04-21 01:38:51,013 - Epoch 16, Batch 1100, lr = 0.00006, final_loss = 4.4107, nll_loss = 4.3071, ref_nll_loss = 4.5142, ivc_loss = 0.0649, neg_loss_1 = 0.0013, neg_loss_2 = 0.0037, ref_loss = 0.0142, div_loss = 0.0265, aux_loss = 0.0200, 0.787 seconds/batch
2026-04-21 01:39:14,191 - Epoch 16, Batch 1150, lr = 0.00006, final_loss = 4.4153, nll_loss = 4.3119, ref_nll_loss = 4.5186, ivc_loss = 0.0582, neg_loss_1 = 0.0007, neg_loss_2 = 0.0026, ref_loss = 0.0126, div_loss = 0.0266, aux_loss = 0.0200, 0.773 seconds/batch
2026-04-21 01:39:23,296 - Epoch 16, Batch 1170, lr = 0.00006, final_loss = 4.4528, nll_loss = 4.3500, ref_nll_loss = 4.5557, ivc_loss = 0.0663, neg_loss_1 = 0.0028, neg_loss_2 = 0.0035, ref_loss = 0.0135, div_loss = 0.0265, aux_loss = 0.0200, 0.767 seconds/batch
2026-04-21 01:39:23,370 - save model to checkpoints/activitynet_moe_alpha1/cpl_moe2_alpha1/model-16.pt, num_updates 18720.
2026-04-21 01:44:19,570 - | R@1,mIoU 0.3247 | R@1,IoU@0.1 0.7664 | R@1,IoU@0.3 0.4236 | R@1,IoU@0.5 0.2453 | R@1,IoU@0.7 0.1248 | R@1,IoU@0.9 0.0510 | R@5,mIoU 0.5201 | R@5,IoU@0.1 0.9100 | R@5,IoU@0.3 0.7317 | R@5,IoU@0.5 0.5447 | R@5,IoU@0.7 0.3159 | R@5,IoU@0.9 0.0973 |
2026-04-21 01:44:19,570 - ============================================================
2026-04-21 01:44:19,570 - Start Epoch 17
2026-04-21 01:45:03,539 - Epoch 17, Batch 50, lr = 0.00006, final_loss = 4.3755, nll_loss = 4.2717, ref_nll_loss = 4.4793, ivc_loss = 0.0642, neg_loss_1 = 0.0011, neg_loss_2 = 0.0032, ref_loss = 0.0144, div_loss = 0.0268, aux_loss = 0.0200, 0.879 seconds/batch
2026-04-21 01:45:47,214 - Epoch 17, Batch 100, lr = 0.00006, final_loss = 4.3803, nll_loss = 4.2770, ref_nll_loss = 4.4835, ivc_loss = 0.0634, neg_loss_1 = 0.0010, neg_loss_2 = 0.0038, ref_loss = 0.0135, div_loss = 0.0268, aux_loss = 0.0201, 0.876 seconds/batch
2026-04-21 01:46:30,859 - Epoch 17, Batch 150, lr = 0.00006, final_loss = 4.3850, nll_loss = 4.2836, ref_nll_loss = 4.4865, ivc_loss = 0.0687, neg_loss_1 = 0.0016, neg_loss_2 = 0.0040, ref_loss = 0.0154, div_loss = 0.0267, aux_loss = 0.0200, 0.875 seconds/batch
2026-04-21 01:47:14,502 - Epoch 17, Batch 200, lr = 0.00006, final_loss = 4.3676, nll_loss = 4.2620, ref_nll_loss = 4.4732, ivc_loss = 0.0567, neg_loss_1 = 0.0012, neg_loss_2 = 0.0027, ref_loss = 0.0114, div_loss = 0.0260, aux_loss = 0.0200, 0.875 seconds/batch
2026-04-21 01:47:58,134 - Epoch 17, Batch 250, lr = 0.00006, final_loss = 4.3691, nll_loss = 4.2653, ref_nll_loss = 4.4728, ivc_loss = 0.0609, neg_loss_1 = 0.0013, neg_loss_2 = 0.0027, ref_loss = 0.0134, div_loss = 0.0262, aux_loss = 0.0200, 0.874 seconds/batch
2026-04-21 01:48:41,784 - Epoch 17, Batch 300, lr = 0.00006, final_loss = 4.3913, nll_loss = 4.2866, ref_nll_loss = 4.4960, ivc_loss = 0.0589, neg_loss_1 = 0.0005, neg_loss_2 = 0.0027, ref_loss = 0.0132, div_loss = 0.0261, aux_loss = 0.0200, 0.874 seconds/batch
2026-04-21 01:49:25,430 - Epoch 17, Batch 350, lr = 0.00006, final_loss = 4.3823, nll_loss = 4.2809, ref_nll_loss = 4.4837, ivc_loss = 0.0629, neg_loss_1 = 0.0012, neg_loss_2 = 0.0034, ref_loss = 0.0140, div_loss = 0.0259, aux_loss = 0.0200, 0.874 seconds/batch
2026-04-21 01:50:08,986 - Epoch 17, Batch 400, lr = 0.00006, final_loss = 4.3922, nll_loss = 4.2900, ref_nll_loss = 4.4943, ivc_loss = 0.0641, neg_loss_1 = 0.0013, neg_loss_2 = 0.0046, ref_loss = 0.0133, div_loss = 0.0257, aux_loss = 0.0200, 0.874 seconds/batch
2026-04-21 01:50:52,642 - Epoch 17, Batch 450, lr = 0.00006, final_loss = 4.3976, nll_loss = 4.2953, ref_nll_loss = 4.5000, ivc_loss = 0.0658, neg_loss_1 = 0.0021, neg_loss_2 = 0.0035, ref_loss = 0.0144, div_loss = 0.0259, aux_loss = 0.0200, 0.873 seconds/batch
2026-04-21 01:51:36,275 - Epoch 17, Batch 500, lr = 0.00006, final_loss = 4.4180, nll_loss = 4.3158, ref_nll_loss = 4.5203, ivc_loss = 0.0666, neg_loss_1 = 0.0019, neg_loss_2 = 0.0036, ref_loss = 0.0148, div_loss = 0.0259, aux_loss = 0.0201, 0.873 seconds/batch
2026-04-21 01:52:20,102 - Epoch 17, Batch 550, lr = 0.00006, final_loss = 4.4060, nll_loss = 4.3047, ref_nll_loss = 4.5073, ivc_loss = 0.0649, neg_loss_1 = 0.0010, neg_loss_2 = 0.0029, ref_loss = 0.0156, div_loss = 0.0259, aux_loss = 0.0201, 0.874 seconds/batch
2026-04-21 01:53:03,721 - Epoch 17, Batch 600, lr = 0.00006, final_loss = 4.3908, nll_loss = 4.2878, ref_nll_loss = 4.4939, ivc_loss = 0.0625, neg_loss_1 = 0.0014, neg_loss_2 = 0.0030, ref_loss = 0.0137, div_loss = 0.0263, aux_loss = 0.0200, 0.874 seconds/batch
2026-04-21 01:53:47,343 - Epoch 17, Batch 650, lr = 0.00006, final_loss = 4.3721, nll_loss = 4.2694, ref_nll_loss = 4.4749, ivc_loss = 0.0653, neg_loss_1 = 0.0015, neg_loss_2 = 0.0032, ref_loss = 0.0147, div_loss = 0.0265, aux_loss = 0.0200, 0.873 seconds/batch
2026-04-21 01:54:30,944 - Epoch 17, Batch 700, lr = 0.00006, final_loss = 4.3611, nll_loss = 4.2585, ref_nll_loss = 4.4637, ivc_loss = 0.0619, neg_loss_1 = 0.0015, neg_loss_2 = 0.0024, ref_loss = 0.0139, div_loss = 0.0263, aux_loss = 0.0200, 0.873 seconds/batch
2026-04-21 01:55:14,574 - Epoch 17, Batch 750, lr = 0.00006, final_loss = 4.4008, nll_loss = 4.2962, ref_nll_loss = 4.5054, ivc_loss = 0.0627, neg_loss_1 = 0.0020, neg_loss_2 = 0.0027, ref_loss = 0.0134, div_loss = 0.0267, aux_loss = 0.0200, 0.873 seconds/batch
2026-04-21 01:55:58,152 - Epoch 17, Batch 800, lr = 0.00006, final_loss = 4.3774, nll_loss = 4.2712, ref_nll_loss = 4.4835, ivc_loss = 0.0643, neg_loss_1 = 0.0013, neg_loss_2 = 0.0035, ref_loss = 0.0140, div_loss = 0.0268, aux_loss = 0.0200, 0.873 seconds/batch
2026-04-21 01:56:39,631 - Epoch 17, Batch 850, lr = 0.00006, final_loss = 4.4106, nll_loss = 4.3048, ref_nll_loss = 4.5165, ivc_loss = 0.0644, neg_loss_1 = 0.0019, neg_loss_2 = 0.0026, ref_loss = 0.0144, div_loss = 0.0267, aux_loss = 0.0200, 0.871 seconds/batch
2026-04-21 01:57:11,995 - Epoch 17, Batch 900, lr = 0.00006, final_loss = 4.3887, nll_loss = 4.2854, ref_nll_loss = 4.4920, ivc_loss = 0.0664, neg_loss_1 = 0.0016, neg_loss_2 = 0.0036, ref_loss = 0.0148, div_loss = 0.0263, aux_loss = 0.0201, 0.858 seconds/batch
2026-04-21 01:57:35,109 - Epoch 17, Batch 950, lr = 0.00006, final_loss = 4.3673, nll_loss = 4.2641, ref_nll_loss = 4.4704, ivc_loss = 0.0677, neg_loss_1 = 0.0012, neg_loss_2 = 0.0031, ref_loss = 0.0162, div_loss = 0.0268, aux_loss = 0.0200, 0.837 seconds/batch
2026-04-21 01:57:58,270 - Epoch 17, Batch 1000, lr = 0.00006, final_loss = 4.4268, nll_loss = 4.3228, ref_nll_loss = 4.5308, ivc_loss = 0.0630, neg_loss_1 = 0.0021, neg_loss_2 = 0.0021, ref_loss = 0.0138, div_loss = 0.0269, aux_loss = 0.0200, 0.819 seconds/batch
2026-04-21 01:58:21,440 - Epoch 17, Batch 1050, lr = 0.00006, final_loss = 4.4266, nll_loss = 4.3276, ref_nll_loss = 4.5256, ivc_loss = 0.0673, neg_loss_1 = 0.0019, neg_loss_2 = 0.0043, ref_loss = 0.0139, div_loss = 0.0269, aux_loss = 0.0200, 0.802 seconds/batch
2026-04-21 01:58:44,562 - Epoch 17, Batch 1100, lr = 0.00006, final_loss = 4.3630, nll_loss = 4.2597, ref_nll_loss = 4.4663, ivc_loss = 0.0655, neg_loss_1 = 0.0015, neg_loss_2 = 0.0042, ref_loss = 0.0139, div_loss = 0.0265, aux_loss = 0.0199, 0.786 seconds/batch
2026-04-21 01:59:07,770 - Epoch 17, Batch 1150, lr = 0.00006, final_loss = 4.3792, nll_loss = 4.2770, ref_nll_loss = 4.4814, ivc_loss = 0.0613, neg_loss_1 = 0.0009, neg_loss_2 = 0.0026, ref_loss = 0.0136, div_loss = 0.0271, aux_loss = 0.0200, 0.772 seconds/batch
2026-04-21 01:59:16,943 - Epoch 17, Batch 1170, lr = 0.00006, final_loss = 4.4487, nll_loss = 4.3442, ref_nll_loss = 4.5531, ivc_loss = 0.0595, neg_loss_1 = 0.0009, neg_loss_2 = 0.0024, ref_loss = 0.0130, div_loss = 0.0270, aux_loss = 0.0200, 0.767 seconds/batch
2026-04-21 01:59:17,019 - save model to checkpoints/activitynet_moe_alpha1/cpl_moe2_alpha1/model-17.pt, num_updates 19890.
2026-04-21 02:04:12,398 - | R@1,mIoU 0.3240 | R@1,IoU@0.1 0.7635 | R@1,IoU@0.3 0.4248 | R@1,IoU@0.5 0.2439 | R@1,IoU@0.7 0.1254 | R@1,IoU@0.9 0.0503 | R@5,mIoU 0.5314 | R@5,IoU@0.1 0.9187 | R@5,IoU@0.3 0.7442 | R@5,IoU@0.5 0.5569 | R@5,IoU@0.7 0.3327 | R@5,IoU@0.9 0.1058 |
2026-04-21 02:04:12,398 - ============================================================
2026-04-21 02:04:12,398 - Start Epoch 18
2026-04-21 02:04:56,386 - Epoch 18, Batch 50, lr = 0.00006, final_loss = 4.3817, nll_loss = 4.2776, ref_nll_loss = 4.4858, ivc_loss = 0.0636, neg_loss_1 = 0.0011, neg_loss_2 = 0.0042, ref_loss = 0.0130, div_loss = 0.0271, aux_loss = 0.0200, 0.880 seconds/batch
2026-04-21 02:05:39,996 - Epoch 18, Batch 100, lr = 0.00006, final_loss = 4.3522, nll_loss = 4.2475, ref_nll_loss = 4.4569, ivc_loss = 0.0612, neg_loss_1 = 0.0011, neg_loss_2 = 0.0028, ref_loss = 0.0132, div_loss = 0.0269, aux_loss = 0.0200, 0.876 seconds/batch
2026-04-21 02:06:23,649 - Epoch 18, Batch 150, lr = 0.00006, final_loss = 4.3784, nll_loss = 4.2748, ref_nll_loss = 4.4820, ivc_loss = 0.0654, neg_loss_1 = 0.0022, neg_loss_2 = 0.0033, ref_loss = 0.0137, div_loss = 0.0268, aux_loss = 0.0201, 0.875 seconds/batch
2026-04-21 02:07:07,268 - Epoch 18, Batch 200, lr = 0.00006, final_loss = 4.3539, nll_loss = 4.2514, ref_nll_loss = 4.4565, ivc_loss = 0.0602, neg_loss_1 = 0.0007, neg_loss_2 = 0.0031, ref_loss = 0.0131, div_loss = 0.0266, aux_loss = 0.0200, 0.874 seconds/batch
2026-04-21 02:07:50,894 - Epoch 18, Batch 250, lr = 0.00006, final_loss = 4.3635, nll_loss = 4.2578, ref_nll_loss = 4.4692, ivc_loss = 0.0635, neg_loss_1 = 0.0014, neg_loss_2 = 0.0032, ref_loss = 0.0140, div_loss = 0.0264, aux_loss = 0.0200, 0.874 seconds/batch
2026-04-21 02:08:34,549 - Epoch 18, Batch 300, lr = 0.00006, final_loss = 4.3658, nll_loss = 4.2632, ref_nll_loss = 4.4684, ivc_loss = 0.0672, neg_loss_1 = 0.0012, neg_loss_2 = 0.0046, ref_loss = 0.0145, div_loss = 0.0265, aux_loss = 0.0200, 0.874 seconds/batch
2026-04-21 02:09:18,409 - Epoch 18, Batch 350, lr = 0.00006, final_loss = 4.3572, nll_loss = 4.2532, ref_nll_loss = 4.4612, ivc_loss = 0.0632, neg_loss_1 = 0.0016, neg_loss_2 = 0.0032, ref_loss = 0.0135, div_loss = 0.0268, aux_loss = 0.0200, 0.874 seconds/batch
2026-04-21 02:10:02,034 - Epoch 18, Batch 400, lr = 0.00006, final_loss = 4.3474, nll_loss = 4.2441, ref_nll_loss = 4.4507, ivc_loss = 0.0662, neg_loss_1 = 0.0018, neg_loss_2 = 0.0031, ref_loss = 0.0148, div_loss = 0.0267, aux_loss = 0.0200, 0.874 seconds/batch
2026-04-21 02:10:45,627 - Epoch 18, Batch 450, lr = 0.00006, final_loss = 4.3704, nll_loss = 4.2689, ref_nll_loss = 4.4718, ivc_loss = 0.0650, neg_loss_1 = 0.0013, neg_loss_2 = 0.0037, ref_loss = 0.0141, div_loss = 0.0267, aux_loss = 0.0200, 0.874 seconds/batch
2026-04-21 02:11:29,238 - Epoch 18, Batch 500, lr = 0.00006, final_loss = 4.3985, nll_loss = 4.2967, ref_nll_loss = 4.5003, ivc_loss = 0.0649, neg_loss_1 = 0.0008, neg_loss_2 = 0.0028, ref_loss = 0.0154, div_loss = 0.0268, aux_loss = 0.0200, 0.874 seconds/batch
2026-04-21 02:12:12,815 - Epoch 18, Batch 550, lr = 0.00006, final_loss = 4.3480, nll_loss = 4.2415, ref_nll_loss = 4.4545, ivc_loss = 0.0587, neg_loss_1 = 0.0018, neg_loss_2 = 0.0026, ref_loss = 0.0118, div_loss = 0.0266, aux_loss = 0.0200, 0.873 seconds/batch
2026-04-21 02:12:56,446 - Epoch 18, Batch 600, lr = 0.00006, final_loss = 4.3832, nll_loss = 4.2791, ref_nll_loss = 4.4873, ivc_loss = 0.0664, neg_loss_1 = 0.0022, neg_loss_2 = 0.0036, ref_loss = 0.0141, div_loss = 0.0266, aux_loss = 0.0200, 0.873 seconds/batch
2026-04-21 02:13:40,080 - Epoch 18, Batch 650, lr = 0.00006, final_loss = 4.3517, nll_loss = 4.2478, ref_nll_loss = 4.4556, ivc_loss = 0.0603, neg_loss_1 = 0.0006, neg_loss_2 = 0.0028, ref_loss = 0.0134, div_loss = 0.0266, aux_loss = 0.0200, 0.873 seconds/batch
2026-04-21 02:14:23,701 - Epoch 18, Batch 700, lr = 0.00006, final_loss = 4.3883, nll_loss = 4.2840, ref_nll_loss = 4.4927, ivc_loss = 0.0644, neg_loss_1 = 0.0008, neg_loss_2 = 0.0041, ref_loss = 0.0141, div_loss = 0.0263, aux_loss = 0.0200, 0.873 seconds/batch
2026-04-21 02:15:07,276 - Epoch 18, Batch 750, lr = 0.00006, final_loss = 4.3423, nll_loss = 4.2372, ref_nll_loss = 4.4475, ivc_loss = 0.0620, neg_loss_1 = 0.0014, neg_loss_2 = 0.0032, ref_loss = 0.0130, div_loss = 0.0268, aux_loss = 0.0200, 0.873 seconds/batch
2026-04-21 02:15:50,808 - Epoch 18, Batch 800, lr = 0.00006, final_loss = 4.3556, nll_loss = 4.2525, ref_nll_loss = 4.4588, ivc_loss = 0.0663, neg_loss_1 = 0.0015, neg_loss_2 = 0.0038, ref_loss = 0.0143, div_loss = 0.0269, aux_loss = 0.0200, 0.873 seconds/batch
2026-04-21 02:16:32,358 - Epoch 18, Batch 850, lr = 0.00006, final_loss = 4.3503, nll_loss = 4.2472, ref_nll_loss = 4.4534, ivc_loss = 0.0661, neg_loss_1 = 0.0012, neg_loss_2 = 0.0032, ref_loss = 0.0153, div_loss = 0.0268, aux_loss = 0.0200, 0.871 seconds/batch
2026-04-21 02:17:05,286 - Epoch 18, Batch 900, lr = 0.00006, final_loss = 4.4065, nll_loss = 4.3030, ref_nll_loss = 4.5099, ivc_loss = 0.0645, neg_loss_1 = 0.0014, neg_loss_2 = 0.0030, ref_loss = 0.0146, div_loss = 0.0267, aux_loss = 0.0200, 0.859 seconds/batch
2026-04-21 02:17:28,414 - Epoch 18, Batch 950, lr = 0.00006, final_loss = 4.3819, nll_loss = 4.2759, ref_nll_loss = 4.4880, ivc_loss = 0.0594, neg_loss_1 = 0.0011, neg_loss_2 = 0.0027, ref_loss = 0.0123, div_loss = 0.0272, aux_loss = 0.0200, 0.838 seconds/batch
2026-04-21 02:17:51,570 - Epoch 18, Batch 1000, lr = 0.00006, final_loss = 4.4013, nll_loss = 4.2958, ref_nll_loss = 4.5069, ivc_loss = 0.0602, neg_loss_1 = 0.0011, neg_loss_2 = 0.0026, ref_loss = 0.0130, div_loss = 0.0267, aux_loss = 0.0200, 0.819 seconds/batch
2026-04-21 02:18:14,714 - Epoch 18, Batch 1050, lr = 0.00006, final_loss = 4.3784, nll_loss = 4.2732, ref_nll_loss = 4.4836, ivc_loss = 0.0641, neg_loss_1 = 0.0019, neg_loss_2 = 0.0028, ref_loss = 0.0142, div_loss = 0.0265, aux_loss = 0.0200, 0.802 seconds/batch
2026-04-21 02:18:37,827 - Epoch 18, Batch 1100, lr = 0.00006, final_loss = 4.3415, nll_loss = 4.2359, ref_nll_loss = 4.4471, ivc_loss = 0.0606, neg_loss_1 = 0.0009, neg_loss_2 = 0.0037, ref_loss = 0.0125, div_loss = 0.0261, aux_loss = 0.0200, 0.787 seconds/batch
2026-04-21 02:19:00,983 - Epoch 18, Batch 1150, lr = 0.00006, final_loss = 4.3700, nll_loss = 4.2646, ref_nll_loss = 4.4755, ivc_loss = 0.0582, neg_loss_1 = 0.0010, neg_loss_2 = 0.0024, ref_loss = 0.0126, div_loss = 0.0262, aux_loss = 0.0201, 0.773 seconds/batch
2026-04-21 02:19:10,126 - Epoch 18, Batch 1170, lr = 0.00006, final_loss = 4.3881, nll_loss = 4.2833, ref_nll_loss = 4.4928, ivc_loss = 0.0662, neg_loss_1 = 0.0013, neg_loss_2 = 0.0041, ref_loss = 0.0147, div_loss = 0.0261, aux_loss = 0.0200, 0.767 seconds/batch
2026-04-21 02:19:10,204 - save model to checkpoints/activitynet_moe_alpha1/cpl_moe2_alpha1/model-18.pt, num_updates 21060.
2026-04-21 02:24:06,425 - | R@1,mIoU 0.3263 | R@1,IoU@0.1 0.7712 | R@1,IoU@0.3 0.4256 | R@1,IoU@0.5 0.2436 | R@1,IoU@0.7 0.1254 | R@1,IoU@0.9 0.0505 | R@5,mIoU 0.5317 | R@5,IoU@0.1 0.9203 | R@5,IoU@0.3 0.7482 | R@5,IoU@0.5 0.5619 | R@5,IoU@0.7 0.3276 | R@5,IoU@0.9 0.1016 |
2026-04-21 02:24:06,426 - ============================================================
2026-04-21 02:24:06,426 - Start Epoch 19
2026-04-21 02:24:50,481 - Epoch 19, Batch 50, lr = 0.00006, final_loss = 4.3171, nll_loss = 4.2130, ref_nll_loss = 4.4212, ivc_loss = 0.0599, neg_loss_1 = 0.0010, neg_loss_2 = 0.0026, ref_loss = 0.0133, div_loss = 0.0262, aux_loss = 0.0200, 0.881 seconds/batch
2026-04-21 02:25:34,303 - Epoch 19, Batch 100, lr = 0.00005, final_loss = 4.3540, nll_loss = 4.2480, ref_nll_loss = 4.4600, ivc_loss = 0.0588, neg_loss_1 = 0.0011, neg_loss_2 = 0.0028, ref_loss = 0.0123, div_loss = 0.0264, aux_loss = 0.0200, 0.879 seconds/batch
2026-04-21 02:26:17,966 - Epoch 19, Batch 150, lr = 0.00005, final_loss = 4.3429, nll_loss = 4.2404, ref_nll_loss = 4.4454, ivc_loss = 0.0672, neg_loss_1 = 0.0015, neg_loss_2 = 0.0026, ref_loss = 0.0162, div_loss = 0.0266, aux_loss = 0.0200, 0.877 seconds/batch
2026-04-21 02:27:01,695 - Epoch 19, Batch 200, lr = 0.00005, final_loss = 4.3538, nll_loss = 4.2516, ref_nll_loss = 4.4561, ivc_loss = 0.0675, neg_loss_1 = 0.0024, neg_loss_2 = 0.0030, ref_loss = 0.0150, div_loss = 0.0266, aux_loss = 0.0200, 0.876 seconds/batch
2026-04-21 02:27:45,300 - Epoch 19, Batch 250, lr = 0.00005, final_loss = 4.3280, nll_loss = 4.2238, ref_nll_loss = 4.4321, ivc_loss = 0.0648, neg_loss_1 = 0.0010, neg_loss_2 = 0.0036, ref_loss = 0.0149, div_loss = 0.0260, aux_loss = 0.0201, 0.875 seconds/batch
2026-04-21 02:28:28,908 - Epoch 19, Batch 300, lr = 0.00005, final_loss = 4.3187, nll_loss = 4.2097, ref_nll_loss = 4.4278, ivc_loss = 0.0599, neg_loss_1 = 0.0013, neg_loss_2 = 0.0034, ref_loss = 0.0122, div_loss = 0.0261, aux_loss = 0.0200, 0.875 seconds/batch
2026-04-21 02:29:12,554 - Epoch 19, Batch 350, lr = 0.00005, final_loss = 4.3651, nll_loss = 4.2626, ref_nll_loss = 4.4675, ivc_loss = 0.0603, neg_loss_1 = 0.0011, neg_loss_2 = 0.0025, ref_loss = 0.0136, div_loss = 0.0259, aux_loss = 0.0199, 0.875 seconds/batch
2026-04-21 02:29:56,150 - Epoch 19, Batch 400, lr = 0.00005, final_loss = 4.3332, nll_loss = 4.2292, ref_nll_loss = 4.4371, ivc_loss = 0.0668, neg_loss_1 = 0.0014, neg_loss_2 = 0.0026, ref_loss = 0.0163, div_loss = 0.0263, aux_loss = 0.0201, 0.874 seconds/batch
2026-04-21 02:30:39,736 - Epoch 19, Batch 450, lr = 0.00005, final_loss = 4.3642, nll_loss = 4.2601, ref_nll_loss = 4.4684, ivc_loss = 0.0623, neg_loss_1 = 0.0011, neg_loss_2 = 0.0031, ref_loss = 0.0137, div_loss = 0.0266, aux_loss = 0.0201, 0.874 seconds/batch
2026-04-21 02:31:23,327 - Epoch 19, Batch 500, lr = 0.00005, final_loss = 4.3829, nll_loss = 4.2747, ref_nll_loss = 4.4912, ivc_loss = 0.0632, neg_loss_1 = 0.0019, neg_loss_2 = 0.0041, ref_loss = 0.0124, div_loss = 0.0264, aux_loss = 0.0199, 0.874 seconds/batch
2026-04-21 02:32:06,886 - Epoch 19, Batch 550, lr = 0.00005, final_loss = 4.3422, nll_loss = 4.2372, ref_nll_loss = 4.4471, ivc_loss = 0.0640, neg_loss_1 = 0.0013, neg_loss_2 = 0.0027, ref_loss = 0.0145, div_loss = 0.0269, aux_loss = 0.0200, 0.874 seconds/batch
2026-04-21 02:32:50,479 - Epoch 19, Batch 600, lr = 0.00005, final_loss = 4.3688, nll_loss = 4.2625, ref_nll_loss = 4.4752, ivc_loss = 0.0644, neg_loss_1 = 0.0017, neg_loss_2 = 0.0029, ref_loss = 0.0141, div_loss = 0.0269, aux_loss = 0.0200, 0.873 seconds/batch
2026-04-21 02:33:34,101 - Epoch 19, Batch 650, lr = 0.00005, final_loss = 4.3203, nll_loss = 4.2143, ref_nll_loss = 4.4264, ivc_loss = 0.0631, neg_loss_1 = 0.0005, neg_loss_2 = 0.0031, ref_loss = 0.0144, div_loss = 0.0272, aux_loss = 0.0200, 0.873 seconds/batch
2026-04-21 02:34:17,663 - Epoch 19, Batch 700, lr = 0.00005, final_loss = 4.3131, nll_loss = 4.2035, ref_nll_loss = 4.4226, ivc_loss = 0.0596, neg_loss_1 = 0.0013, neg_loss_2 = 0.0027, ref_loss = 0.0123, div_loss = 0.0271, aux_loss = 0.0200, 0.873 seconds/batch
2026-04-21 02:35:01,283 - Epoch 19, Batch 750, lr = 0.00005, final_loss = 4.3335, nll_loss = 4.2296, ref_nll_loss = 4.4373, ivc_loss = 0.0643, neg_loss_1 = 0.0009, neg_loss_2 = 0.0035, ref_loss = 0.0143, div_loss = 0.0266, aux_loss = 0.0200, 0.873 seconds/batch
2026-04-21 02:35:44,871 - Epoch 19, Batch 800, lr = 0.00005, final_loss = 4.3509, nll_loss = 4.2486, ref_nll_loss = 4.4532, ivc_loss = 0.0608, neg_loss_1 = 0.0010, neg_loss_2 = 0.0021, ref_loss = 0.0141, div_loss = 0.0265, aux_loss = 0.0200, 0.873 seconds/batch
2026-04-21 02:36:26,400 - Epoch 19, Batch 850, lr = 0.00005, final_loss = 4.3316, nll_loss = 4.2237, ref_nll_loss = 4.4396, ivc_loss = 0.0587, neg_loss_1 = 0.0009, neg_loss_2 = 0.0029, ref_loss = 0.0124, div_loss = 0.0263, aux_loss = 0.0200, 0.871 seconds/batch
2026-04-21 02:36:59,124 - Epoch 19, Batch 900, lr = 0.00005, final_loss = 4.3480, nll_loss = 4.2411, ref_nll_loss = 4.4549, ivc_loss = 0.0602, neg_loss_1 = 0.0010, neg_loss_2 = 0.0029, ref_loss = 0.0131, div_loss = 0.0262, aux_loss = 0.0201, 0.859 seconds/batch
2026-04-21 02:37:22,255 - Epoch 19, Batch 950, lr = 0.00005, final_loss = 4.3567, nll_loss = 4.2522, ref_nll_loss = 4.4612, ivc_loss = 0.0625, neg_loss_1 = 0.0011, neg_loss_2 = 0.0027, ref_loss = 0.0145, div_loss = 0.0261, aux_loss = 0.0200, 0.838 seconds/batch
2026-04-21 02:37:45,383 - Epoch 19, Batch 1000, lr = 0.00005, final_loss = 4.3611, nll_loss = 4.2552, ref_nll_loss = 4.4671, ivc_loss = 0.0630, neg_loss_1 = 0.0010, neg_loss_2 = 0.0034, ref_loss = 0.0142, div_loss = 0.0258, aux_loss = 0.0200, 0.819 seconds/batch
2026-04-21 02:38:08,571 - Epoch 19, Batch 1050, lr = 0.00005, final_loss = 4.3468, nll_loss = 4.2417, ref_nll_loss = 4.4518, ivc_loss = 0.0615, neg_loss_1 = 0.0014, neg_loss_2 = 0.0031, ref_loss = 0.0132, div_loss = 0.0262, aux_loss = 0.0200, 0.802 seconds/batch
2026-04-21 02:38:31,796 - Epoch 19, Batch 1100, lr = 0.00005, final_loss = 4.3699, nll_loss = 4.2629, ref_nll_loss = 4.4769, ivc_loss = 0.0650, neg_loss_1 = 0.0013, neg_loss_2 = 0.0034, ref_loss = 0.0145, div_loss = 0.0266, aux_loss = 0.0200, 0.787 seconds/batch
2026-04-21 02:38:54,959 - Epoch 19, Batch 1150, lr = 0.00005, final_loss = 4.3533, nll_loss = 4.2462, ref_nll_loss = 4.4603, ivc_loss = 0.0572, neg_loss_1 = 0.0009, neg_loss_2 = 0.0023, ref_loss = 0.0123, div_loss = 0.0262, aux_loss = 0.0200, 0.773 seconds/batch
2026-04-21 02:39:04,088 - Epoch 19, Batch 1170, lr = 0.00005, final_loss = 4.4113, nll_loss = 4.3076, ref_nll_loss = 4.5149, ivc_loss = 0.0578, neg_loss_1 = 0.0002, neg_loss_2 = 0.0015, ref_loss = 0.0141, div_loss = 0.0262, aux_loss = 0.0200, 0.767 seconds/batch
2026-04-21 02:39:04,166 - save model to checkpoints/activitynet_moe_alpha1/cpl_moe2_alpha1/model-19.pt, num_updates 22230.
2026-04-21 02:44:00,707 - | R@1,mIoU 0.3248 | R@1,IoU@0.1 0.7650 | R@1,IoU@0.3 0.4274 | R@1,IoU@0.5 0.2426 | R@1,IoU@0.7 0.1249 | R@1,IoU@0.9 0.0528 | R@5,mIoU 0.5341 | R@5,IoU@0.1 0.9172 | R@5,IoU@0.3 0.7456 | R@5,IoU@0.5 0.5630 | R@5,IoU@0.7 0.3403 | R@5,IoU@0.9 0.1075 |
2026-04-21 02:44:00,707 - ============================================================
2026-04-21 02:44:00,707 - Start Epoch 20
2026-04-21 02:44:44,639 - Epoch 20, Batch 50, lr = 0.00005, final_loss = 4.3372, nll_loss = 4.2319, ref_nll_loss = 4.4426, ivc_loss = 0.0607, neg_loss_1 = 0.0011, neg_loss_2 = 0.0032, ref_loss = 0.0131, div_loss = 0.0261, aux_loss = 0.0199, 0.879 seconds/batch
2026-04-21 02:45:28,268 - Epoch 20, Batch 100, lr = 0.00005, final_loss = 4.2866, nll_loss = 4.1761, ref_nll_loss = 4.3971, ivc_loss = 0.0557, neg_loss_1 = 0.0007, neg_loss_2 = 0.0025, ref_loss = 0.0115, div_loss = 0.0264, aux_loss = 0.0200, 0.876 seconds/batch
2026-04-21 02:46:11,883 - Epoch 20, Batch 150, lr = 0.00005, final_loss = 4.3456, nll_loss = 4.2366, ref_nll_loss = 4.4546, ivc_loss = 0.0583, neg_loss_1 = 0.0008, neg_loss_2 = 0.0022, ref_loss = 0.0130, div_loss = 0.0262, aux_loss = 0.0201, 0.875 seconds/batch
2026-04-21 02:46:55,490 - Epoch 20, Batch 200, lr = 0.00005, final_loss = 4.2770, nll_loss = 4.1710, ref_nll_loss = 4.3830, ivc_loss = 0.0611, neg_loss_1 = 0.0015, neg_loss_2 = 0.0021, ref_loss = 0.0136, div_loss = 0.0266, aux_loss = 0.0200, 0.874 seconds/batch
2026-04-21 02:47:39,105 - Epoch 20, Batch 250, lr = 0.00005, final_loss = 4.3463, nll_loss = 4.2431, ref_nll_loss = 4.4495, ivc_loss = 0.0640, neg_loss_1 = 0.0016, neg_loss_2 = 0.0021, ref_loss = 0.0151, div_loss = 0.0265, aux_loss = 0.0200, 0.874 seconds/batch
2026-04-21 02:48:22,743 - Epoch 20, Batch 300, lr = 0.00005, final_loss = 4.3300, nll_loss = 4.2237, ref_nll_loss = 4.4362, ivc_loss = 0.0603, neg_loss_1 = 0.0009, neg_loss_2 = 0.0033, ref_loss = 0.0128, div_loss = 0.0264, aux_loss = 0.0200, 0.873 seconds/batch
2026-04-21 02:49:06,361 - Epoch 20, Batch 350, lr = 0.00005, final_loss = 4.3283, nll_loss = 4.2233, ref_nll_loss = 4.4333, ivc_loss = 0.0623, neg_loss_1 = 0.0008, neg_loss_2 = 0.0031, ref_loss = 0.0138, div_loss = 0.0268, aux_loss = 0.0199, 0.873 seconds/batch
2026-04-21 02:49:49,959 - Epoch 20, Batch 400, lr = 0.00005, final_loss = 4.3185, nll_loss = 4.2126, ref_nll_loss = 4.4243, ivc_loss = 0.0607, neg_loss_1 = 0.0012, neg_loss_2 = 0.0026, ref_loss = 0.0130, div_loss = 0.0272, aux_loss = 0.0200, 0.873 seconds/batch
2026-04-21 02:50:33,570 - Epoch 20, Batch 450, lr = 0.00005, final_loss = 4.3174, nll_loss = 4.2109, ref_nll_loss = 4.4240, ivc_loss = 0.0611, neg_loss_1 = 0.0006, neg_loss_2 = 0.0030, ref_loss = 0.0136, div_loss = 0.0267, aux_loss = 0.0200, 0.873 seconds/batch
2026-04-21 02:51:17,195 - Epoch 20, Batch 500, lr = 0.00005, final_loss = 4.3394, nll_loss = 4.2330, ref_nll_loss = 4.4459, ivc_loss = 0.0614, neg_loss_1 = 0.0014, neg_loss_2 = 0.0019, ref_loss = 0.0137, div_loss = 0.0275, aux_loss = 0.0200, 0.873 seconds/batch
2026-04-21 02:52:00,796 - Epoch 20, Batch 550, lr = 0.00005, final_loss = 4.3482, nll_loss = 4.2424, ref_nll_loss = 4.4541, ivc_loss = 0.0603, neg_loss_1 = 0.0012, neg_loss_2 = 0.0027, ref_loss = 0.0127, div_loss = 0.0270, aux_loss = 0.0200, 0.873 seconds/batch
2026-04-21 02:52:44,435 - Epoch 20, Batch 600, lr = 0.00005, final_loss = 4.3465, nll_loss = 4.2420, ref_nll_loss = 4.4509, ivc_loss = 0.0610, neg_loss_1 = 0.0007, neg_loss_2 = 0.0024, ref_loss = 0.0140, div_loss = 0.0269, aux_loss = 0.0200, 0.873 seconds/batch
2026-04-21 02:53:28,045 - Epoch 20, Batch 650, lr = 0.00005, final_loss = 4.3339, nll_loss = 4.2250, ref_nll_loss = 4.4428, ivc_loss = 0.0591, neg_loss_1 = 0.0008, neg_loss_2 = 0.0030, ref_loss = 0.0122, div_loss = 0.0269, aux_loss = 0.0200, 0.873 seconds/batch
2026-04-21 02:54:11,586 - Epoch 20, Batch 700, lr = 0.00005, final_loss = 4.3322, nll_loss = 4.2251, ref_nll_loss = 4.4392, ivc_loss = 0.0606, neg_loss_1 = 0.0010, neg_loss_2 = 0.0027, ref_loss = 0.0132, div_loss = 0.0268, aux_loss = 0.0200, 0.873 seconds/batch
2026-04-21 02:54:55,109 - Epoch 20, Batch 750, lr = 0.00005, final_loss = 4.3279, nll_loss = 4.2218, ref_nll_loss = 4.4339, ivc_loss = 0.0602, neg_loss_1 = 0.0004, neg_loss_2 = 0.0029, ref_loss = 0.0132, div_loss = 0.0272, aux_loss = 0.0199, 0.873 seconds/batch
2026-04-21 02:55:38,597 - Epoch 20, Batch 800, lr = 0.00005, final_loss = 4.3166, nll_loss = 4.2087, ref_nll_loss = 4.4245, ivc_loss = 0.0591, neg_loss_1 = 0.0013, neg_loss_2 = 0.0027, ref_loss = 0.0122, div_loss = 0.0267, aux_loss = 0.0200, 0.872 seconds/batch
2026-04-21 02:56:19,542 - Epoch 20, Batch 850, lr = 0.00005, final_loss = 4.3243, nll_loss = 4.2163, ref_nll_loss = 4.4322, ivc_loss = 0.0637, neg_loss_1 = 0.0016, neg_loss_2 = 0.0033, ref_loss = 0.0137, div_loss = 0.0265, aux_loss = 0.0200, 0.869 seconds/batch
2026-04-21 02:56:52,089 - Epoch 20, Batch 900, lr = 0.00005, final_loss = 4.3046, nll_loss = 4.2008, ref_nll_loss = 4.4084, ivc_loss = 0.0623, neg_loss_1 = 0.0016, neg_loss_2 = 0.0027, ref_loss = 0.0137, div_loss = 0.0263, aux_loss = 0.0200, 0.857 seconds/batch
2026-04-21 02:57:15,179 - Epoch 20, Batch 950, lr = 0.00005, final_loss = 4.3253, nll_loss = 4.2160, ref_nll_loss = 4.4345, ivc_loss = 0.0627, neg_loss_1 = 0.0014, neg_loss_2 = 0.0027, ref_loss = 0.0141, div_loss = 0.0264, aux_loss = 0.0200, 0.836 seconds/batch
2026-04-21 02:57:38,303 - Epoch 20, Batch 1000, lr = 0.00005, final_loss = 4.3294, nll_loss = 4.2220, ref_nll_loss = 4.4367, ivc_loss = 0.0598, neg_loss_1 = 0.0008, neg_loss_2 = 0.0033, ref_loss = 0.0126, div_loss = 0.0263, aux_loss = 0.0200, 0.818 seconds/batch
2026-04-21 02:58:01,433 - Epoch 20, Batch 1050, lr = 0.00005, final_loss = 4.3358, nll_loss = 4.2245, ref_nll_loss = 4.4471, ivc_loss = 0.0582, neg_loss_1 = 0.0009, neg_loss_2 = 0.0034, ref_loss = 0.0118, div_loss = 0.0260, aux_loss = 0.0200, 0.801 seconds/batch
2026-04-21 02:58:24,545 - Epoch 20, Batch 1100, lr = 0.00005, final_loss = 4.3443, nll_loss = 4.2366, ref_nll_loss = 4.4520, ivc_loss = 0.0613, neg_loss_1 = 0.0013, neg_loss_2 = 0.0027, ref_loss = 0.0137, div_loss = 0.0261, aux_loss = 0.0200, 0.785 seconds/batch
2026-04-21 02:58:47,740 - Epoch 20, Batch 1150, lr = 0.00005, final_loss = 4.3271, nll_loss = 4.2224, ref_nll_loss = 4.4319, ivc_loss = 0.0614, neg_loss_1 = 0.0011, neg_loss_2 = 0.0032, ref_loss = 0.0134, div_loss = 0.0261, aux_loss = 0.0200, 0.771 seconds/batch
2026-04-21 02:58:56,842 - Epoch 20, Batch 1170, lr = 0.00005, final_loss = 4.3725, nll_loss = 4.2654, ref_nll_loss = 4.4796, ivc_loss = 0.0571, neg_loss_1 = 0.0006, neg_loss_2 = 0.0037, ref_loss = 0.0112, div_loss = 0.0260, aux_loss = 0.0200, 0.766 seconds/batch
2026-04-21 02:58:56,918 - save model to checkpoints/activitynet_moe_alpha1/cpl_moe2_alpha1/model-20.pt, num_updates 23400.
2026-04-21 03:03:53,736 - | R@1,mIoU 0.3260 | R@1,IoU@0.1 0.7688 | R@1,IoU@0.3 0.4289 | R@1,IoU@0.5 0.2429 | R@1,IoU@0.7 0.1249 | R@1,IoU@0.9 0.0550 | R@5,mIoU 0.5321 | R@5,IoU@0.1 0.9166 | R@5,IoU@0.3 0.7499 | R@5,IoU@0.5 0.5604 | R@5,IoU@0.7 0.3300 | R@5,IoU@0.9 0.1066 |
2026-04-21 03:03:53,737 - ============================================================
2026-04-21 03:03:53,737 - Start Epoch 21
2026-04-21 03:04:37,410 - Epoch 21, Batch 50, lr = 0.00005, final_loss = 4.2799, nll_loss = 4.1708, ref_nll_loss = 4.3891, ivc_loss = 0.0580, neg_loss_1 = 0.0008, neg_loss_2 = 0.0027, ref_loss = 0.0125, div_loss = 0.0258, aux_loss = 0.0200, 0.873 seconds/batch
2026-04-21 03:05:20,836 - Epoch 21, Batch 100, lr = 0.00005, final_loss = 4.2978, nll_loss = 4.1882, ref_nll_loss = 4.4074, ivc_loss = 0.0590, neg_loss_1 = 0.0014, neg_loss_2 = 0.0030, ref_loss = 0.0120, div_loss = 0.0261, aux_loss = 0.0200, 0.871 seconds/batch
2026-04-21 03:06:04,285 - Epoch 21, Batch 150, lr = 0.00005, final_loss = 4.3154, nll_loss = 4.2077, ref_nll_loss = 4.4232, ivc_loss = 0.0615, neg_loss_1 = 0.0013, neg_loss_2 = 0.0029, ref_loss = 0.0134, div_loss = 0.0263, aux_loss = 0.0200, 0.870 seconds/batch
2026-04-21 03:06:47,717 - Epoch 21, Batch 200, lr = 0.00005, final_loss = 4.2999, nll_loss = 4.1927, ref_nll_loss = 4.4071, ivc_loss = 0.0636, neg_loss_1 = 0.0009, neg_loss_2 = 0.0031, ref_loss = 0.0146, div_loss = 0.0263, aux_loss = 0.0200, 0.870 seconds/batch
2026-04-21 03:07:31,125 - Epoch 21, Batch 250, lr = 0.00005, final_loss = 4.2854, nll_loss = 4.1800, ref_nll_loss = 4.3907, ivc_loss = 0.0626, neg_loss_1 = 0.0014, neg_loss_2 = 0.0028, ref_loss = 0.0140, div_loss = 0.0260, aux_loss = 0.0200, 0.870 seconds/batch
2026-04-21 03:08:14,533 - Epoch 21, Batch 300, lr = 0.00005, final_loss = 4.2904, nll_loss = 4.1832, ref_nll_loss = 4.3976, ivc_loss = 0.0590, neg_loss_1 = 0.0012, neg_loss_2 = 0.0030, ref_loss = 0.0121, div_loss = 0.0264, aux_loss = 0.0201, 0.869 seconds/batch
2026-04-21 03:08:57,918 - Epoch 21, Batch 350, lr = 0.00005, final_loss = 4.3324, nll_loss = 4.2283, ref_nll_loss = 4.4365, ivc_loss = 0.0646, neg_loss_1 = 0.0011, neg_loss_2 = 0.0030, ref_loss = 0.0151, div_loss = 0.0262, aux_loss = 0.0200, 0.869 seconds/batch
2026-04-21 03:09:41,281 - Epoch 21, Batch 400, lr = 0.00005, final_loss = 4.3229, nll_loss = 4.2149, ref_nll_loss = 4.4308, ivc_loss = 0.0607, neg_loss_1 = 0.0011, neg_loss_2 = 0.0034, ref_loss = 0.0127, div_loss = 0.0262, aux_loss = 0.0199, 0.869 seconds/batch
2026-04-21 03:10:24,807 - Epoch 21, Batch 450, lr = 0.00005, final_loss = 4.3178, nll_loss = 4.2109, ref_nll_loss = 4.4248, ivc_loss = 0.0604, neg_loss_1 = 0.0003, neg_loss_2 = 0.0036, ref_loss = 0.0134, div_loss = 0.0258, aux_loss = 0.0200, 0.869 seconds/batch
2026-04-21 03:11:08,380 - Epoch 21, Batch 500, lr = 0.00005, final_loss = 4.3165, nll_loss = 4.2107, ref_nll_loss = 4.4223, ivc_loss = 0.0605, neg_loss_1 = 0.0010, neg_loss_2 = 0.0031, ref_loss = 0.0132, div_loss = 0.0259, aux_loss = 0.0199, 0.869 seconds/batch
2026-04-21 03:11:51,827 - Epoch 21, Batch 550, lr = 0.00005, final_loss = 4.3050, nll_loss = 4.1965, ref_nll_loss = 4.4136, ivc_loss = 0.0600, neg_loss_1 = 0.0012, neg_loss_2 = 0.0028, ref_loss = 0.0129, div_loss = 0.0262, aux_loss = 0.0200, 0.869 seconds/batch
2026-04-21 03:12:35,260 - Epoch 21, Batch 600, lr = 0.00005, final_loss = 4.3124, nll_loss = 4.2067, ref_nll_loss = 4.4181, ivc_loss = 0.0605, neg_loss_1 = 0.0009, neg_loss_2 = 0.0035, ref_loss = 0.0128, div_loss = 0.0262, aux_loss = 0.0200, 0.869 seconds/batch
2026-04-21 03:13:18,694 - Epoch 21, Batch 650, lr = 0.00005, final_loss = 4.2868, nll_loss = 4.1848, ref_nll_loss = 4.3887, ivc_loss = 0.0631, neg_loss_1 = 0.0008, neg_loss_2 = 0.0032, ref_loss = 0.0145, div_loss = 0.0261, aux_loss = 0.0200, 0.869 seconds/batch
2026-04-21 03:14:02,099 - Epoch 21, Batch 700, lr = 0.00005, final_loss = 4.3028, nll_loss = 4.1932, ref_nll_loss = 4.4124, ivc_loss = 0.0599, neg_loss_1 = 0.0011, neg_loss_2 = 0.0031, ref_loss = 0.0128, div_loss = 0.0260, aux_loss = 0.0200, 0.869 seconds/batch
2026-04-21 03:14:45,540 - Epoch 21, Batch 750, lr = 0.00005, final_loss = 4.2934, nll_loss = 4.1857, ref_nll_loss = 4.4011, ivc_loss = 0.0609, neg_loss_1 = 0.0006, neg_loss_2 = 0.0025, ref_loss = 0.0143, div_loss = 0.0261, aux_loss = 0.0200, 0.869 seconds/batch
2026-04-21 03:15:28,934 - Epoch 21, Batch 800, lr = 0.00005, final_loss = 4.3243, nll_loss = 4.2195, ref_nll_loss = 4.4291, ivc_loss = 0.0617, neg_loss_1 = 0.0016, neg_loss_2 = 0.0031, ref_loss = 0.0132, div_loss = 0.0260, aux_loss = 0.0200, 0.869 seconds/batch
2026-04-21 03:16:09,983 - Epoch 21, Batch 850, lr = 0.00005, final_loss = 4.3132, nll_loss = 4.2083, ref_nll_loss = 4.4182, ivc_loss = 0.0598, neg_loss_1 = 0.0012, neg_loss_2 = 0.0021, ref_loss = 0.0137, div_loss = 0.0260, aux_loss = 0.0201, 0.866 seconds/batch
2026-04-21 03:16:42,502 - Epoch 21, Batch 900, lr = 0.00005, final_loss = 4.3095, nll_loss = 4.2061, ref_nll_loss = 4.4129, ivc_loss = 0.0623, neg_loss_1 = 0.0014, neg_loss_2 = 0.0026, ref_loss = 0.0141, div_loss = 0.0261, aux_loss = 0.0200, 0.854 seconds/batch
2026-04-21 03:17:05,603 - Epoch 21, Batch 950, lr = 0.00005, final_loss = 4.3430, nll_loss = 4.2414, ref_nll_loss = 4.4446, ivc_loss = 0.0680, neg_loss_1 = 0.0022, neg_loss_2 = 0.0028, ref_loss = 0.0158, div_loss = 0.0264, aux_loss = 0.0200, 0.834 seconds/batch
2026-04-21 03:17:28,731 - Epoch 21, Batch 1000, lr = 0.00005, final_loss = 4.3605, nll_loss = 4.2534, ref_nll_loss = 4.4676, ivc_loss = 0.0619, neg_loss_1 = 0.0011, neg_loss_2 = 0.0021, ref_loss = 0.0144, div_loss = 0.0267, aux_loss = 0.0201, 0.815 seconds/batch
2026-04-21 03:17:51,873 - Epoch 21, Batch 1050, lr = 0.00005, final_loss = 4.3028, nll_loss = 4.1961, ref_nll_loss = 4.4094, ivc_loss = 0.0582, neg_loss_1 = 0.0010, neg_loss_2 = 0.0020, ref_loss = 0.0125, div_loss = 0.0272, aux_loss = 0.0200, 0.798 seconds/batch
2026-04-21 03:18:14,984 - Epoch 21, Batch 1100, lr = 0.00005, final_loss = 4.3310, nll_loss = 4.2290, ref_nll_loss = 4.4330, ivc_loss = 0.0606, neg_loss_1 = 0.0005, neg_loss_2 = 0.0028, ref_loss = 0.0134, div_loss = 0.0272, aux_loss = 0.0200, 0.783 seconds/batch
2026-04-21 03:18:38,192 - Epoch 21, Batch 1150, lr = 0.00005, final_loss = 4.2888, nll_loss = 4.1824, ref_nll_loss = 4.3951, ivc_loss = 0.0607, neg_loss_1 = 0.0006, neg_loss_2 = 0.0026, ref_loss = 0.0139, div_loss = 0.0266, aux_loss = 0.0200, 0.769 seconds/batch
2026-04-21 03:18:47,266 - Epoch 21, Batch 1170, lr = 0.00005, final_loss = 4.3069, nll_loss = 4.1959, ref_nll_loss = 4.4178, ivc_loss = 0.0613, neg_loss_1 = 0.0015, neg_loss_2 = 0.0031, ref_loss = 0.0128, div_loss = 0.0265, aux_loss = 0.0201, 0.764 seconds/batch
2026-04-21 03:18:47,343 - save model to checkpoints/activitynet_moe_alpha1/cpl_moe2_alpha1/model-21.pt, num_updates 24570.
2026-04-21 03:23:42,482 - | R@1,mIoU 0.3269 | R@1,IoU@0.1 0.7738 | R@1,IoU@0.3 0.4257 | R@1,IoU@0.5 0.2446 | R@1,IoU@0.7 0.1248 | R@1,IoU@0.9 0.0530 | R@5,mIoU 0.5351 | R@5,IoU@0.1 0.9193 | R@5,IoU@0.3 0.7510 | R@5,IoU@0.5 0.5663 | R@5,IoU@0.7 0.3371 | R@5,IoU@0.9 0.1048 |
2026-04-21 03:23:42,482 - ============================================================
2026-04-21 03:23:42,482 - Start Epoch 22
2026-04-21 03:24:26,425 - Epoch 22, Batch 50, lr = 0.00005, final_loss = 4.3017, nll_loss = 4.1964, ref_nll_loss = 4.4070, ivc_loss = 0.0604, neg_loss_1 = 0.0008, neg_loss_2 = 0.0028, ref_loss = 0.0135, div_loss = 0.0262, aux_loss = 0.0199, 0.879 seconds/batch
2026-04-21 03:25:10,103 - Epoch 22, Batch 100, lr = 0.00005, final_loss = 4.2761, nll_loss = 4.1682, ref_nll_loss = 4.3840, ivc_loss = 0.0607, neg_loss_1 = 0.0015, neg_loss_2 = 0.0025, ref_loss = 0.0130, div_loss = 0.0266, aux_loss = 0.0200, 0.876 seconds/batch
2026-04-21 03:25:53,807 - Epoch 22, Batch 150, lr = 0.00005, final_loss = 4.2631, nll_loss = 4.1550, ref_nll_loss = 4.3713, ivc_loss = 0.0612, neg_loss_1 = 0.0014, neg_loss_2 = 0.0031, ref_loss = 0.0126, div_loss = 0.0271, aux_loss = 0.0200, 0.875 seconds/batch
2026-04-21 03:26:37,432 - Epoch 22, Batch 200, lr = 0.00005, final_loss = 4.2794, nll_loss = 4.1709, ref_nll_loss = 4.3879, ivc_loss = 0.0603, neg_loss_1 = 0.0012, neg_loss_2 = 0.0024, ref_loss = 0.0129, div_loss = 0.0273, aux_loss = 0.0200, 0.875 seconds/batch
2026-04-21 03:27:21,079 - Epoch 22, Batch 250, lr = 0.00005, final_loss = 4.3067, nll_loss = 4.2002, ref_nll_loss = 4.4133, ivc_loss = 0.0645, neg_loss_1 = 0.0010, neg_loss_2 = 0.0028, ref_loss = 0.0148, div_loss = 0.0273, aux_loss = 0.0200, 0.874 seconds/batch
2026-04-21 03:28:04,726 - Epoch 22, Batch 300, lr = 0.00005, final_loss = 4.3029, nll_loss = 4.1969, ref_nll_loss = 4.4088, ivc_loss = 0.0628, neg_loss_1 = 0.0007, neg_loss_2 = 0.0028, ref_loss = 0.0142, div_loss = 0.0273, aux_loss = 0.0199, 0.874 seconds/batch
2026-04-21 03:28:48,353 - Epoch 22, Batch 350, lr = 0.00005, final_loss = 4.2567, nll_loss = 4.1444, ref_nll_loss = 4.3691, ivc_loss = 0.0533, neg_loss_1 = 0.0008, neg_loss_2 = 0.0017, ref_loss = 0.0105, div_loss = 0.0273, aux_loss = 0.0200, 0.874 seconds/batch
2026-04-21 03:29:32,013 - Epoch 22, Batch 400, lr = 0.00005, final_loss = 4.2693, nll_loss = 4.1609, ref_nll_loss = 4.3778, ivc_loss = 0.0593, neg_loss_1 = 0.0014, neg_loss_2 = 0.0021, ref_loss = 0.0125, div_loss = 0.0272, aux_loss = 0.0201, 0.874 seconds/batch
2026-04-21 03:30:15,683 - Epoch 22, Batch 450, lr = 0.00005, final_loss = 4.3152, nll_loss = 4.2081, ref_nll_loss = 4.4222, ivc_loss = 0.0615, neg_loss_1 = 0.0007, neg_loss_2 = 0.0026, ref_loss = 0.0140, div_loss = 0.0269, aux_loss = 0.0200, 0.874 seconds/batch
2026-04-21 03:30:59,379 - Epoch 22, Batch 500, lr = 0.00005, final_loss = 4.2827, nll_loss = 4.1756, ref_nll_loss = 4.3897, ivc_loss = 0.0635, neg_loss_1 = 0.0014, neg_loss_2 = 0.0028, ref_loss = 0.0142, div_loss = 0.0266, aux_loss = 0.0200, 0.874 seconds/batch
2026-04-21 03:31:42,957 - Epoch 22, Batch 550, lr = 0.00005, final_loss = 4.2710, nll_loss = 4.1626, ref_nll_loss = 4.3795, ivc_loss = 0.0612, neg_loss_1 = 0.0012, neg_loss_2 = 0.0024, ref_loss = 0.0135, div_loss = 0.0270, aux_loss = 0.0201, 0.874 seconds/batch
2026-04-21 03:32:26,609 - Epoch 22, Batch 600, lr = 0.00005, final_loss = 4.3062, nll_loss = 4.1986, ref_nll_loss = 4.4138, ivc_loss = 0.0616, neg_loss_1 = 0.0007, neg_loss_2 = 0.0031, ref_loss = 0.0137, div_loss = 0.0266, aux_loss = 0.0200, 0.874 seconds/batch
2026-04-21 03:33:10,244 - Epoch 22, Batch 650, lr = 0.00005, final_loss = 4.3213, nll_loss = 4.2102, ref_nll_loss = 4.4325, ivc_loss = 0.0567, neg_loss_1 = 0.0010, neg_loss_2 = 0.0023, ref_loss = 0.0116, div_loss = 0.0268, aux_loss = 0.0199, 0.873 seconds/batch
2026-04-21 03:33:53,856 - Epoch 22, Batch 700, lr = 0.00005, final_loss = 4.3253, nll_loss = 4.2166, ref_nll_loss = 4.4340, ivc_loss = 0.0591, neg_loss_1 = 0.0009, neg_loss_2 = 0.0029, ref_loss = 0.0123, div_loss = 0.0271, aux_loss = 0.0200, 0.873 seconds/batch
2026-04-21 03:34:37,489 - Epoch 22, Batch 750, lr = 0.00005, final_loss = 4.2781, nll_loss = 4.1722, ref_nll_loss = 4.3840, ivc_loss = 0.0624, neg_loss_1 = 0.0012, neg_loss_2 = 0.0025, ref_loss = 0.0141, div_loss = 0.0268, aux_loss = 0.0200, 0.873 seconds/batch
2026-04-21 03:35:21,140 - Epoch 22, Batch 800, lr = 0.00005, final_loss = 4.2721, nll_loss = 4.1648, ref_nll_loss = 4.3793, ivc_loss = 0.0629, neg_loss_1 = 0.0012, neg_loss_2 = 0.0026, ref_loss = 0.0144, div_loss = 0.0266, aux_loss = 0.0199, 0.873 seconds/batch
2026-04-21 03:36:02,596 - Epoch 22, Batch 850, lr = 0.00005, final_loss = 4.3066, nll_loss = 4.1971, ref_nll_loss = 4.4161, ivc_loss = 0.0604, neg_loss_1 = 0.0020, neg_loss_2 = 0.0027, ref_loss = 0.0123, div_loss = 0.0265, aux_loss = 0.0201, 0.871 seconds/batch
2026-04-21 03:36:35,662 - Epoch 22, Batch 900, lr = 0.00005, final_loss = 4.2794, nll_loss = 4.1697, ref_nll_loss = 4.3892, ivc_loss = 0.0642, neg_loss_1 = 0.0022, neg_loss_2 = 0.0034, ref_loss = 0.0132, div_loss = 0.0266, aux_loss = 0.0200, 0.859 seconds/batch
2026-04-21 03:36:59,223 - Epoch 22, Batch 950, lr = 0.00005, final_loss = 4.2626, nll_loss = 4.1528, ref_nll_loss = 4.3724, ivc_loss = 0.0600, neg_loss_1 = 0.0008, neg_loss_2 = 0.0019, ref_loss = 0.0139, div_loss = 0.0268, aux_loss = 0.0201, 0.839 seconds/batch
2026-04-21 03:37:22,364 - Epoch 22, Batch 1000, lr = 0.00005, final_loss = 4.2958, nll_loss = 4.1847, ref_nll_loss = 4.4069, ivc_loss = 0.0592, neg_loss_1 = 0.0016, neg_loss_2 = 0.0023, ref_loss = 0.0126, div_loss = 0.0264, aux_loss = 0.0200, 0.820 seconds/batch
2026-04-21 03:37:45,528 - Epoch 22, Batch 1050, lr = 0.00005, final_loss = 4.3135, nll_loss = 4.2057, ref_nll_loss = 4.4212, ivc_loss = 0.0645, neg_loss_1 = 0.0017, neg_loss_2 = 0.0026, ref_loss = 0.0147, div_loss = 0.0264, aux_loss = 0.0200, 0.803 seconds/batch
2026-04-21 03:38:08,696 - Epoch 22, Batch 1100, lr = 0.00005, final_loss = 4.3231, nll_loss = 4.2126, ref_nll_loss = 4.4337, ivc_loss = 0.0561, neg_loss_1 = 0.0009, neg_loss_2 = 0.0023, ref_loss = 0.0116, div_loss = 0.0265, aux_loss = 0.0200, 0.787 seconds/batch
2026-04-21 03:38:31,885 - Epoch 22, Batch 1150, lr = 0.00005, final_loss = 4.3031, nll_loss = 4.1974, ref_nll_loss = 4.4087, ivc_loss = 0.0674, neg_loss_1 = 0.0013, neg_loss_2 = 0.0030, ref_loss = 0.0163, div_loss = 0.0262, aux_loss = 0.0200, 0.773 seconds/batch
2026-04-21 03:38:41,019 - Epoch 22, Batch 1170, lr = 0.00005, final_loss = 4.3024, nll_loss = 4.1951, ref_nll_loss = 4.4097, ivc_loss = 0.0631, neg_loss_1 = 0.0006, neg_loss_2 = 0.0022, ref_loss = 0.0156, div_loss = 0.0262, aux_loss = 0.0200, 0.768 seconds/batch
2026-04-21 03:38:41,101 - save model to checkpoints/activitynet_moe_alpha1/cpl_moe2_alpha1/model-22.pt, num_updates 25740.
2026-04-21 03:43:37,138 - | R@1,mIoU 0.3256 | R@1,IoU@0.1 0.7687 | R@1,IoU@0.3 0.4288 | R@1,IoU@0.5 0.2414 | R@1,IoU@0.7 0.1253 | R@1,IoU@0.9 0.0550 | R@5,mIoU 0.5341 | R@5,IoU@0.1 0.9190 | R@5,IoU@0.3 0.7463 | R@5,IoU@0.5 0.5597 | R@5,IoU@0.7 0.3383 | R@5,IoU@0.9 0.1087 |
2026-04-21 03:43:37,138 - ============================================================
2026-04-21 03:43:37,138 - Start Epoch 23
2026-04-21 03:44:20,765 - Epoch 23, Batch 50, lr = 0.00005, final_loss = 4.2797, nll_loss = 4.1721, ref_nll_loss = 4.3874, ivc_loss = 0.0601, neg_loss_1 = 0.0018, neg_loss_2 = 0.0029, ref_loss = 0.0121, div_loss = 0.0266, aux_loss = 0.0200, 0.873 seconds/batch
2026-04-21 03:45:04,372 - Epoch 23, Batch 100, lr = 0.00005, final_loss = 4.2572, nll_loss = 4.1528, ref_nll_loss = 4.3616, ivc_loss = 0.0645, neg_loss_1 = 0.0016, neg_loss_2 = 0.0027, ref_loss = 0.0145, div_loss = 0.0267, aux_loss = 0.0201, 0.872 seconds/batch
2026-04-21 03:45:47,935 - Epoch 23, Batch 150, lr = 0.00005, final_loss = 4.2739, nll_loss = 4.1587, ref_nll_loss = 4.3891, ivc_loss = 0.0567, neg_loss_1 = 0.0017, neg_loss_2 = 0.0019, ref_loss = 0.0114, div_loss = 0.0268, aux_loss = 0.0199, 0.872 seconds/batch
2026-04-21 03:46:31,502 - Epoch 23, Batch 200, lr = 0.00005, final_loss = 4.2547, nll_loss = 4.1421, ref_nll_loss = 4.3674, ivc_loss = 0.0590, neg_loss_1 = 0.0013, neg_loss_2 = 0.0024, ref_loss = 0.0124, div_loss = 0.0268, aux_loss = 0.0201, 0.872 seconds/batch
2026-04-21 03:47:15,041 - Epoch 23, Batch 250, lr = 0.00005, final_loss = 4.2996, nll_loss = 4.1892, ref_nll_loss = 4.4100, ivc_loss = 0.0577, neg_loss_1 = 0.0008, neg_loss_2 = 0.0020, ref_loss = 0.0127, div_loss = 0.0268, aux_loss = 0.0200, 0.872 seconds/batch
2026-04-21 03:47:58,619 - Epoch 23, Batch 300, lr = 0.00005, final_loss = 4.2833, nll_loss = 4.1762, ref_nll_loss = 4.3904, ivc_loss = 0.0607, neg_loss_1 = 0.0008, neg_loss_2 = 0.0029, ref_loss = 0.0133, div_loss = 0.0266, aux_loss = 0.0200, 0.872 seconds/batch
2026-04-21 03:48:42,192 - Epoch 23, Batch 350, lr = 0.00005, final_loss = 4.2855, nll_loss = 4.1767, ref_nll_loss = 4.3944, ivc_loss = 0.0635, neg_loss_1 = 0.0015, neg_loss_2 = 0.0036, ref_loss = 0.0133, div_loss = 0.0267, aux_loss = 0.0201, 0.872 seconds/batch
2026-04-21 03:49:25,782 - Epoch 23, Batch 400, lr = 0.00005, final_loss = 4.2758, nll_loss = 4.1677, ref_nll_loss = 4.3839, ivc_loss = 0.0583, neg_loss_1 = 0.0007, neg_loss_2 = 0.0027, ref_loss = 0.0124, div_loss = 0.0268, aux_loss = 0.0200, 0.872 seconds/batch
2026-04-21 03:50:09,377 - Epoch 23, Batch 450, lr = 0.00005, final_loss = 4.2404, nll_loss = 4.1291, ref_nll_loss = 4.3518, ivc_loss = 0.0611, neg_loss_1 = 0.0012, neg_loss_2 = 0.0030, ref_loss = 0.0129, div_loss = 0.0268, aux_loss = 0.0200, 0.872 seconds/batch
2026-04-21 03:50:52,939 - Epoch 23, Batch 500, lr = 0.00005, final_loss = 4.2376, nll_loss = 4.1250, ref_nll_loss = 4.3502, ivc_loss = 0.0587, neg_loss_1 = 0.0009, neg_loss_2 = 0.0027, ref_loss = 0.0125, div_loss = 0.0265, aux_loss = 0.0200, 0.872 seconds/batch
2026-04-21 03:51:36,479 - Epoch 23, Batch 550, lr = 0.00005, final_loss = 4.2504, nll_loss = 4.1407, ref_nll_loss = 4.3601, ivc_loss = 0.0628, neg_loss_1 = 0.0010, neg_loss_2 = 0.0034, ref_loss = 0.0138, div_loss = 0.0265, aux_loss = 0.0201, 0.872 seconds/batch
2026-04-21 03:52:20,004 - Epoch 23, Batch 600, lr = 0.00005, final_loss = 4.2675, nll_loss = 4.1588, ref_nll_loss = 4.3762, ivc_loss = 0.0584, neg_loss_1 = 0.0009, neg_loss_2 = 0.0022, ref_loss = 0.0127, div_loss = 0.0269, aux_loss = 0.0199, 0.871 seconds/batch
2026-04-21 03:53:03,535 - Epoch 23, Batch 650, lr = 0.00005, final_loss = 4.2655, nll_loss = 4.1522, ref_nll_loss = 4.3788, ivc_loss = 0.0573, neg_loss_1 = 0.0012, neg_loss_2 = 0.0020, ref_loss = 0.0119, div_loss = 0.0270, aux_loss = 0.0200, 0.871 seconds/batch
2026-04-21 03:53:47,087 - Epoch 23, Batch 700, lr = 0.00005, final_loss = 4.3006, nll_loss = 4.1908, ref_nll_loss = 4.4104, ivc_loss = 0.0611, neg_loss_1 = 0.0010, neg_loss_2 = 0.0032, ref_loss = 0.0129, div_loss = 0.0268, aux_loss = 0.0200, 0.871 seconds/batch
2026-04-21 03:54:30,614 - Epoch 23, Batch 750, lr = 0.00005, final_loss = 4.2656, nll_loss = 4.1561, ref_nll_loss = 4.3751, ivc_loss = 0.0595, neg_loss_1 = 0.0005, neg_loss_2 = 0.0024, ref_loss = 0.0137, div_loss = 0.0264, aux_loss = 0.0200, 0.871 seconds/batch
2026-04-21 03:55:14,205 - Epoch 23, Batch 800, lr = 0.00005, final_loss = 4.3011, nll_loss = 4.1946, ref_nll_loss = 4.4077, ivc_loss = 0.0614, neg_loss_1 = 0.0008, neg_loss_2 = 0.0023, ref_loss = 0.0145, div_loss = 0.0263, aux_loss = 0.0199, 0.871 seconds/batch
2026-04-21 03:55:55,444 - Epoch 23, Batch 850, lr = 0.00005, final_loss = 4.3107, nll_loss = 4.2029, ref_nll_loss = 4.4184, ivc_loss = 0.0607, neg_loss_1 = 0.0004, neg_loss_2 = 0.0024, ref_loss = 0.0144, div_loss = 0.0263, aux_loss = 0.0201, 0.869 seconds/batch
2026-04-21 03:56:28,029 - Epoch 23, Batch 900, lr = 0.00005, final_loss = 4.2588, nll_loss = 4.1503, ref_nll_loss = 4.3672, ivc_loss = 0.0594, neg_loss_1 = 0.0013, neg_loss_2 = 0.0020, ref_loss = 0.0133, div_loss = 0.0263, aux_loss = 0.0200, 0.857 seconds/batch
2026-04-21 03:56:51,778 - Epoch 23, Batch 950, lr = 0.00005, final_loss = 4.2568, nll_loss = 4.1456, ref_nll_loss = 4.3681, ivc_loss = 0.0563, neg_loss_1 = 0.0005, neg_loss_2 = 0.0028, ref_loss = 0.0118, div_loss = 0.0262, aux_loss = 0.0200, 0.836 seconds/batch
2026-04-21 03:57:14,931 - Epoch 23, Batch 1000, lr = 0.00005, final_loss = 4.2927, nll_loss = 4.1849, ref_nll_loss = 4.4006, ivc_loss = 0.0607, neg_loss_1 = 0.0011, neg_loss_2 = 0.0024, ref_loss = 0.0138, div_loss = 0.0262, aux_loss = 0.0200, 0.818 seconds/batch
2026-04-21 03:57:38,084 - Epoch 23, Batch 1050, lr = 0.00005, final_loss = 4.2929, nll_loss = 4.1846, ref_nll_loss = 4.4013, ivc_loss = 0.0609, neg_loss_1 = 0.0009, neg_loss_2 = 0.0025, ref_loss = 0.0136, div_loss = 0.0268, aux_loss = 0.0200, 0.801 seconds/batch
2026-04-21 03:58:01,276 - Epoch 23, Batch 1100, lr = 0.00005, final_loss = 4.2722, nll_loss = 4.1645, ref_nll_loss = 4.3799, ivc_loss = 0.0582, neg_loss_1 = 0.0008, neg_loss_2 = 0.0026, ref_loss = 0.0125, div_loss = 0.0264, aux_loss = 0.0201, 0.786 seconds/batch
2026-04-21 03:58:24,462 - Epoch 23, Batch 1150, lr = 0.00005, final_loss = 4.2874, nll_loss = 4.1784, ref_nll_loss = 4.3965, ivc_loss = 0.0588, neg_loss_1 = 0.0010, neg_loss_2 = 0.0026, ref_loss = 0.0126, div_loss = 0.0266, aux_loss = 0.0200, 0.772 seconds/batch
2026-04-21 03:58:33,624 - Epoch 23, Batch 1170, lr = 0.00005, final_loss = 4.3052, nll_loss = 4.2029, ref_nll_loss = 4.4075, ivc_loss = 0.0677, neg_loss_1 = 0.0010, neg_loss_2 = 0.0031, ref_loss = 0.0164, div_loss = 0.0266, aux_loss = 0.0200, 0.766 seconds/batch
2026-04-21 03:58:33,701 - save model to checkpoints/activitynet_moe_alpha1/cpl_moe2_alpha1/model-23.pt, num_updates 26910.
2026-04-21 04:03:28,228 - | R@1,mIoU 0.3239 | R@1,IoU@0.1 0.7636 | R@1,IoU@0.3 0.4248 | R@1,IoU@0.5 0.2436 | R@1,IoU@0.7 0.1248 | R@1,IoU@0.9 0.0535 | R@5,mIoU 0.5335 | R@5,IoU@0.1 0.9187 | R@5,IoU@0.3 0.7476 | R@5,IoU@0.5 0.5631 | R@5,IoU@0.7 0.3384 | R@5,IoU@0.9 0.1057 |
2026-04-21 04:03:28,229 - ============================================================
2026-04-21 04:03:28,229 - Start Epoch 24
2026-04-21 04:04:12,188 - Epoch 24, Batch 50, lr = 0.00005, final_loss = 4.2663, nll_loss = 4.1593, ref_nll_loss = 4.3733, ivc_loss = 0.0622, neg_loss_1 = 0.0007, neg_loss_2 = 0.0019, ref_loss = 0.0150, div_loss = 0.0269, aux_loss = 0.0200, 0.879 seconds/batch
2026-04-21 04:04:55,850 - Epoch 24, Batch 100, lr = 0.00005, final_loss = 4.2545, nll_loss = 4.1426, ref_nll_loss = 4.3665, ivc_loss = 0.0592, neg_loss_1 = 0.0012, neg_loss_2 = 0.0022, ref_loss = 0.0128, div_loss = 0.0267, aux_loss = 0.0201, 0.876 seconds/batch
2026-04-21 04:05:39,601 - Epoch 24, Batch 150, lr = 0.00005, final_loss = 4.2538, nll_loss = 4.1427, ref_nll_loss = 4.3650, ivc_loss = 0.0575, neg_loss_1 = 0.0004, neg_loss_2 = 0.0027, ref_loss = 0.0125, div_loss = 0.0263, aux_loss = 0.0199, 0.876 seconds/batch
2026-04-21 04:06:23,200 - Epoch 24, Batch 200, lr = 0.00005, final_loss = 4.2598, nll_loss = 4.1467, ref_nll_loss = 4.3728, ivc_loss = 0.0529, neg_loss_1 = 0.0007, neg_loss_2 = 0.0013, ref_loss = 0.0113, div_loss = 0.0262, aux_loss = 0.0200, 0.875 seconds/batch
2026-04-21 04:07:06,815 - Epoch 24, Batch 250, lr = 0.00005, final_loss = 4.2523, nll_loss = 4.1442, ref_nll_loss = 4.3603, ivc_loss = 0.0604, neg_loss_1 = 0.0011, neg_loss_2 = 0.0026, ref_loss = 0.0134, div_loss = 0.0263, aux_loss = 0.0201, 0.874 seconds/batch
2026-04-21 04:07:50,417 - Epoch 24, Batch 300, lr = 0.00005, final_loss = 4.2734, nll_loss = 4.1631, ref_nll_loss = 4.3838, ivc_loss = 0.0585, neg_loss_1 = 0.0005, neg_loss_2 = 0.0032, ref_loss = 0.0125, div_loss = 0.0261, aux_loss = 0.0199, 0.874 seconds/batch
2026-04-21 04:08:34,076 - Epoch 24, Batch 350, lr = 0.00005, final_loss = 4.2724, nll_loss = 4.1640, ref_nll_loss = 4.3808, ivc_loss = 0.0625, neg_loss_1 = 0.0015, neg_loss_2 = 0.0031, ref_loss = 0.0133, div_loss = 0.0267, aux_loss = 0.0199, 0.874 seconds/batch
2026-04-21 04:09:17,712 - Epoch 24, Batch 400, lr = 0.00005, final_loss = 4.2478, nll_loss = 4.1370, ref_nll_loss = 4.3586, ivc_loss = 0.0589, neg_loss_1 = 0.0007, neg_loss_2 = 0.0022, ref_loss = 0.0135, div_loss = 0.0261, aux_loss = 0.0200, 0.874 seconds/batch
2026-04-21 04:10:01,347 - Epoch 24, Batch 450, lr = 0.00005, final_loss = 4.2411, nll_loss = 4.1323, ref_nll_loss = 4.3500, ivc_loss = 0.0597, neg_loss_1 = 0.0010, neg_loss_2 = 0.0022, ref_loss = 0.0136, div_loss = 0.0262, aux_loss = 0.0201, 0.874 seconds/batch
2026-04-21 04:10:44,953 - Epoch 24, Batch 500, lr = 0.00005, final_loss = 4.2565, nll_loss = 4.1470, ref_nll_loss = 4.3660, ivc_loss = 0.0584, neg_loss_1 = 0.0009, neg_loss_2 = 0.0029, ref_loss = 0.0123, div_loss = 0.0263, aux_loss = 0.0200, 0.873 seconds/batch
2026-04-21 04:11:28,571 - Epoch 24, Batch 550, lr = 0.00005, final_loss = 4.2270, nll_loss = 4.1182, ref_nll_loss = 4.3359, ivc_loss = 0.0572, neg_loss_1 = 0.0007, neg_loss_2 = 0.0020, ref_loss = 0.0127, div_loss = 0.0264, aux_loss = 0.0199, 0.873 seconds/batch
2026-04-21 04:12:12,148 - Epoch 24, Batch 600, lr = 0.00005, final_loss = 4.2452, nll_loss = 4.1361, ref_nll_loss = 4.3543, ivc_loss = 0.0623, neg_loss_1 = 0.0010, neg_loss_2 = 0.0039, ref_loss = 0.0131, div_loss = 0.0263, aux_loss = 0.0200, 0.873 seconds/batch
2026-04-21 04:12:55,695 - Epoch 24, Batch 650, lr = 0.00005, final_loss = 4.2599, nll_loss = 4.1468, ref_nll_loss = 4.3729, ivc_loss = 0.0561, neg_loss_1 = 0.0008, neg_loss_2 = 0.0023, ref_loss = 0.0117, div_loss = 0.0265, aux_loss = 0.0200, 0.873 seconds/batch
2026-04-21 04:13:39,262 - Epoch 24, Batch 700, lr = 0.00005, final_loss = 4.2657, nll_loss = 4.1566, ref_nll_loss = 4.3747, ivc_loss = 0.0609, neg_loss_1 = 0.0014, neg_loss_2 = 0.0022, ref_loss = 0.0135, div_loss = 0.0268, aux_loss = 0.0200, 0.873 seconds/batch
2026-04-21 04:14:22,879 - Epoch 24, Batch 750, lr = 0.00005, final_loss = 4.2197, nll_loss = 4.1099, ref_nll_loss = 4.3296, ivc_loss = 0.0621, neg_loss_1 = 0.0015, neg_loss_2 = 0.0029, ref_loss = 0.0131, div_loss = 0.0269, aux_loss = 0.0200, 0.873 seconds/batch
2026-04-21 04:15:06,526 - Epoch 24, Batch 800, lr = 0.00005, final_loss = 4.2865, nll_loss = 4.1774, ref_nll_loss = 4.3956, ivc_loss = 0.0624, neg_loss_1 = 0.0009, neg_loss_2 = 0.0029, ref_loss = 0.0140, div_loss = 0.0267, aux_loss = 0.0201, 0.873 seconds/batch
2026-04-21 04:15:47,494 - Epoch 24, Batch 850, lr = 0.00005, final_loss = 4.2515, nll_loss = 4.1423, ref_nll_loss = 4.3607, ivc_loss = 0.0619, neg_loss_1 = 0.0012, neg_loss_2 = 0.0034, ref_loss = 0.0132, div_loss = 0.0264, aux_loss = 0.0199, 0.870 seconds/batch
2026-04-21 04:16:20,133 - Epoch 24, Batch 900, lr = 0.00005, final_loss = 4.2736, nll_loss = 4.1625, ref_nll_loss = 4.3847, ivc_loss = 0.0605, neg_loss_1 = 0.0008, neg_loss_2 = 0.0028, ref_loss = 0.0134, div_loss = 0.0263, aux_loss = 0.0201, 0.858 seconds/batch
2026-04-21 04:16:44,066 - Epoch 24, Batch 950, lr = 0.00005, final_loss = 4.2535, nll_loss = 4.1431, ref_nll_loss = 4.3640, ivc_loss = 0.0591, neg_loss_1 = 0.0014, neg_loss_2 = 0.0022, ref_loss = 0.0127, div_loss = 0.0266, aux_loss = 0.0200, 0.838 seconds/batch
2026-04-21 04:17:07,170 - Epoch 24, Batch 1000, lr = 0.00005, final_loss = 4.2636, nll_loss = 4.1553, ref_nll_loss = 4.3719, ivc_loss = 0.0610, neg_loss_1 = 0.0007, neg_loss_2 = 0.0030, ref_loss = 0.0134, div_loss = 0.0267, aux_loss = 0.0200, 0.819 seconds/batch
2026-04-21 04:17:30,329 - Epoch 24, Batch 1050, lr = 0.00005, final_loss = 4.2778, nll_loss = 4.1708, ref_nll_loss = 4.3848, ivc_loss = 0.0624, neg_loss_1 = 0.0011, neg_loss_2 = 0.0028, ref_loss = 0.0140, div_loss = 0.0267, aux_loss = 0.0200, 0.802 seconds/batch
2026-04-21 04:17:53,562 - Epoch 24, Batch 1100, lr = 0.00005, final_loss = 4.2817, nll_loss = 4.1698, ref_nll_loss = 4.3936, ivc_loss = 0.0576, neg_loss_1 = 0.0009, neg_loss_2 = 0.0029, ref_loss = 0.0117, div_loss = 0.0265, aux_loss = 0.0200, 0.787 seconds/batch
2026-04-21 04:18:16,745 - Epoch 24, Batch 1150, lr = 0.00005, final_loss = 4.2206, nll_loss = 4.1096, ref_nll_loss = 4.3316, ivc_loss = 0.0629, neg_loss_1 = 0.0009, neg_loss_2 = 0.0029, ref_loss = 0.0142, div_loss = 0.0268, aux_loss = 0.0200, 0.773 seconds/batch
2026-04-21 04:18:25,880 - Epoch 24, Batch 1170, lr = 0.00005, final_loss = 4.2587, nll_loss = 4.1506, ref_nll_loss = 4.3668, ivc_loss = 0.0660, neg_loss_1 = 0.0009, neg_loss_2 = 0.0034, ref_loss = 0.0154, div_loss = 0.0265, aux_loss = 0.0200, 0.767 seconds/batch
2026-04-21 04:18:25,955 - save model to checkpoints/activitynet_moe_alpha1/cpl_moe2_alpha1/model-24.pt, num_updates 28080.
2026-04-21 04:23:21,386 - | R@1,mIoU 0.3240 | R@1,IoU@0.1 0.7650 | R@1,IoU@0.3 0.4228 | R@1,IoU@0.5 0.2466 | R@1,IoU@0.7 0.1240 | R@1,IoU@0.9 0.0508 | R@5,mIoU 0.5360 | R@5,IoU@0.1 0.9143 | R@5,IoU@0.3 0.7500 | R@5,IoU@0.5 0.5689 | R@5,IoU@0.7 0.3382 | R@5,IoU@0.9 0.1059 |
2026-04-21 04:23:21,388 - ============================================================
2026-04-21 04:23:21,388 - Start Epoch 25
2026-04-21 04:24:05,005 - Epoch 25, Batch 50, lr = 0.00005, final_loss = 4.2614, nll_loss = 4.1501, ref_nll_loss = 4.3726, ivc_loss = 0.0578, neg_loss_1 = 0.0006, neg_loss_2 = 0.0033, ref_loss = 0.0118, div_loss = 0.0265, aux_loss = 0.0200, 0.872 seconds/batch
2026-04-21 04:24:48,454 - Epoch 25, Batch 100, lr = 0.00005, final_loss = 4.2256, nll_loss = 4.1146, ref_nll_loss = 4.3366, ivc_loss = 0.0606, neg_loss_1 = 0.0007, neg_loss_2 = 0.0026, ref_loss = 0.0137, div_loss = 0.0267, aux_loss = 0.0201, 0.871 seconds/batch
2026-04-21 04:25:31,928 - Epoch 25, Batch 150, lr = 0.00005, final_loss = 4.1903, nll_loss = 4.0758, ref_nll_loss = 4.3048, ivc_loss = 0.0563, neg_loss_1 = 0.0010, neg_loss_2 = 0.0025, ref_loss = 0.0114, div_loss = 0.0267, aux_loss = 0.0200, 0.870 seconds/batch
2026-04-21 04:26:15,385 - Epoch 25, Batch 200, lr = 0.00005, final_loss = 4.2553, nll_loss = 4.1443, ref_nll_loss = 4.3663, ivc_loss = 0.0553, neg_loss_1 = 0.0003, neg_loss_2 = 0.0019, ref_loss = 0.0120, div_loss = 0.0268, aux_loss = 0.0200, 0.870 seconds/batch
2026-04-21 04:26:58,898 - Epoch 25, Batch 250, lr = 0.00005, final_loss = 4.2581, nll_loss = 4.1474, ref_nll_loss = 4.3688, ivc_loss = 0.0589, neg_loss_1 = 0.0006, neg_loss_2 = 0.0025, ref_loss = 0.0129, div_loss = 0.0270, aux_loss = 0.0200, 0.870 seconds/batch
2026-04-21 04:27:42,441 - Epoch 25, Batch 300, lr = 0.00005, final_loss = 4.2459, nll_loss = 4.1348, ref_nll_loss = 4.3571, ivc_loss = 0.0587, neg_loss_1 = 0.0014, neg_loss_2 = 0.0023, ref_loss = 0.0123, div_loss = 0.0266, aux_loss = 0.0200, 0.870 seconds/batch
2026-04-21 04:28:25,962 - Epoch 25, Batch 350, lr = 0.00005, final_loss = 4.2437, nll_loss = 4.1319, ref_nll_loss = 4.3554, ivc_loss = 0.0587, neg_loss_1 = 0.0010, neg_loss_2 = 0.0028, ref_loss = 0.0124, div_loss = 0.0265, aux_loss = 0.0200, 0.870 seconds/batch
2026-04-21 04:29:09,428 - Epoch 25, Batch 400, lr = 0.00005, final_loss = 4.2247, nll_loss = 4.1108, ref_nll_loss = 4.3386, ivc_loss = 0.0548, neg_loss_1 = 0.0010, neg_loss_2 = 0.0021, ref_loss = 0.0110, div_loss = 0.0265, aux_loss = 0.0200, 0.870 seconds/batch
2026-04-21 04:29:52,886 - Epoch 25, Batch 450, lr = 0.00005, final_loss = 4.2251, nll_loss = 4.1151, ref_nll_loss = 4.3352, ivc_loss = 0.0610, neg_loss_1 = 0.0008, neg_loss_2 = 0.0032, ref_loss = 0.0131, div_loss = 0.0267, aux_loss = 0.0200, 0.870 seconds/batch
2026-04-21 04:30:36,292 - Epoch 25, Batch 500, lr = 0.00005, final_loss = 4.2241, nll_loss = 4.1114, ref_nll_loss = 4.3367, ivc_loss = 0.0588, neg_loss_1 = 0.0013, neg_loss_2 = 0.0018, ref_loss = 0.0130, div_loss = 0.0266, aux_loss = 0.0200, 0.870 seconds/batch
2026-04-21 04:31:19,724 - Epoch 25, Batch 550, lr = 0.00005, final_loss = 4.2519, nll_loss = 4.1390, ref_nll_loss = 4.3648, ivc_loss = 0.0570, neg_loss_1 = 0.0006, neg_loss_2 = 0.0032, ref_loss = 0.0113, div_loss = 0.0270, aux_loss = 0.0200, 0.870 seconds/batch
2026-04-21 04:32:03,140 - Epoch 25, Batch 600, lr = 0.00005, final_loss = 4.2275, nll_loss = 4.1153, ref_nll_loss = 4.3397, ivc_loss = 0.0561, neg_loss_1 = 0.0007, neg_loss_2 = 0.0025, ref_loss = 0.0114, div_loss = 0.0270, aux_loss = 0.0200, 0.870 seconds/batch
2026-04-21 04:32:46,563 - Epoch 25, Batch 650, lr = 0.00005, final_loss = 4.2447, nll_loss = 4.1342, ref_nll_loss = 4.3552, ivc_loss = 0.0591, neg_loss_1 = 0.0005, neg_loss_2 = 0.0027, ref_loss = 0.0130, div_loss = 0.0267, aux_loss = 0.0200, 0.869 seconds/batch
2026-04-21 04:33:30,131 - Epoch 25, Batch 700, lr = 0.00005, final_loss = 4.2429, nll_loss = 4.1332, ref_nll_loss = 4.3526, ivc_loss = 0.0643, neg_loss_1 = 0.0009, neg_loss_2 = 0.0032, ref_loss = 0.0146, div_loss = 0.0271, aux_loss = 0.0200, 0.870 seconds/batch
2026-04-21 04:34:13,529 - Epoch 25, Batch 750, lr = 0.00005, final_loss = 4.2633, nll_loss = 4.1536, ref_nll_loss = 4.3730, ivc_loss = 0.0604, neg_loss_1 = 0.0011, neg_loss_2 = 0.0024, ref_loss = 0.0131, div_loss = 0.0271, aux_loss = 0.0200, 0.870 seconds/batch
2026-04-21 04:34:56,962 - Epoch 25, Batch 800, lr = 0.00005, final_loss = 4.2280, nll_loss = 4.1199, ref_nll_loss = 4.3360, ivc_loss = 0.0584, neg_loss_1 = 0.0009, neg_loss_2 = 0.0019, ref_loss = 0.0128, div_loss = 0.0270, aux_loss = 0.0201, 0.869 seconds/batch
2026-04-21 04:35:37,752 - Epoch 25, Batch 850, lr = 0.00005, final_loss = 4.2855, nll_loss = 4.1776, ref_nll_loss = 4.3933, ivc_loss = 0.0581, neg_loss_1 = 0.0008, neg_loss_2 = 0.0018, ref_loss = 0.0132, div_loss = 0.0266, aux_loss = 0.0200, 0.866 seconds/batch
2026-04-21 04:36:10,533 - Epoch 25, Batch 900, lr = 0.00005, final_loss = 4.2459, nll_loss = 4.1354, ref_nll_loss = 4.3564, ivc_loss = 0.0585, neg_loss_1 = 0.0008, neg_loss_2 = 0.0022, ref_loss = 0.0129, div_loss = 0.0266, aux_loss = 0.0200, 0.855 seconds/batch
2026-04-21 04:36:34,672 - Epoch 25, Batch 950, lr = 0.00005, final_loss = 4.2306, nll_loss = 4.1198, ref_nll_loss = 4.3414, ivc_loss = 0.0594, neg_loss_1 = 0.0005, neg_loss_2 = 0.0025, ref_loss = 0.0133, div_loss = 0.0267, aux_loss = 0.0200, 0.835 seconds/batch
2026-04-21 04:36:57,769 - Epoch 25, Batch 1000, lr = 0.00005, final_loss = 4.2391, nll_loss = 4.1245, ref_nll_loss = 4.3536, ivc_loss = 0.0580, neg_loss_1 = 0.0013, neg_loss_2 = 0.0027, ref_loss = 0.0115, div_loss = 0.0270, aux_loss = 0.0200, 0.816 seconds/batch
2026-04-21 04:37:20,938 - Epoch 25, Batch 1050, lr = 0.00005, final_loss = 4.2220, nll_loss = 4.1095, ref_nll_loss = 4.3344, ivc_loss = 0.0565, neg_loss_1 = 0.0011, neg_loss_2 = 0.0023, ref_loss = 0.0115, div_loss = 0.0267, aux_loss = 0.0201, 0.800 seconds/batch
2026-04-21 04:37:44,048 - Epoch 25, Batch 1100, lr = 0.00005, final_loss = 4.2466, nll_loss = 4.1350, ref_nll_loss = 4.3582, ivc_loss = 0.0595, neg_loss_1 = 0.0008, neg_loss_2 = 0.0019, ref_loss = 0.0136, div_loss = 0.0268, aux_loss = 0.0200, 0.784 seconds/batch
2026-04-21 04:38:07,238 - Epoch 25, Batch 1150, lr = 0.00005, final_loss = 4.2289, nll_loss = 4.1197, ref_nll_loss = 4.3381, ivc_loss = 0.0612, neg_loss_1 = 0.0012, neg_loss_2 = 0.0026, ref_loss = 0.0133, div_loss = 0.0271, aux_loss = 0.0201, 0.770 seconds/batch
2026-04-21 04:38:16,358 - Epoch 25, Batch 1170, lr = 0.00005, final_loss = 4.2344, nll_loss = 4.1219, ref_nll_loss = 4.3469, ivc_loss = 0.0575, neg_loss_1 = 0.0010, neg_loss_2 = 0.0031, ref_loss = 0.0112, div_loss = 0.0269, aux_loss = 0.0200, 0.765 seconds/batch
2026-04-21 04:38:16,434 - save model to checkpoints/activitynet_moe_alpha1/cpl_moe2_alpha1/model-25.pt, num_updates 29250.
2026-04-21 04:43:12,332 - | R@1,mIoU 0.3257 | R@1,IoU@0.1 0.7706 | R@1,IoU@0.3 0.4247 | R@1,IoU@0.5 0.2446 | R@1,IoU@0.7 0.1240 | R@1,IoU@0.9 0.0533 | R@5,mIoU 0.5334 | R@5,IoU@0.1 0.9165 | R@5,IoU@0.3 0.7485 | R@5,IoU@0.5 0.5630 | R@5,IoU@0.7 0.3337 | R@5,IoU@0.9 0.1063 |
2026-04-21 04:43:12,333 - ============================================================
2026-04-21 04:43:12,333 - Start Epoch 26
2026-04-21 04:43:55,941 - Epoch 26, Batch 50, lr = 0.00005, final_loss = 4.2053, nll_loss = 4.0936, ref_nll_loss = 4.3171, ivc_loss = 0.0580, neg_loss_1 = 0.0011, neg_loss_2 = 0.0023, ref_loss = 0.0121, div_loss = 0.0269, aux_loss = 0.0200, 0.872 seconds/batch
2026-04-21 04:44:39,391 - Epoch 26, Batch 100, lr = 0.00005, final_loss = 4.1908, nll_loss = 4.0793, ref_nll_loss = 4.3024, ivc_loss = 0.0571, neg_loss_1 = 0.0005, neg_loss_2 = 0.0024, ref_loss = 0.0123, div_loss = 0.0265, aux_loss = 0.0200, 0.871 seconds/batch
2026-04-21 04:45:22,821 - Epoch 26, Batch 150, lr = 0.00005, final_loss = 4.2417, nll_loss = 4.1293, ref_nll_loss = 4.3541, ivc_loss = 0.0556, neg_loss_1 = 0.0006, neg_loss_2 = 0.0020, ref_loss = 0.0119, div_loss = 0.0265, aux_loss = 0.0200, 0.870 seconds/batch
2026-04-21 04:46:06,216 - Epoch 26, Batch 200, lr = 0.00005, final_loss = 4.2391, nll_loss = 4.1235, ref_nll_loss = 4.3548, ivc_loss = 0.0548, neg_loss_1 = 0.0007, neg_loss_2 = 0.0022, ref_loss = 0.0110, div_loss = 0.0268, aux_loss = 0.0200, 0.869 seconds/batch
2026-04-21 04:46:49,610 - Epoch 26, Batch 250, lr = 0.00005, final_loss = 4.1982, nll_loss = 4.0865, ref_nll_loss = 4.3099, ivc_loss = 0.0596, neg_loss_1 = 0.0009, neg_loss_2 = 0.0030, ref_loss = 0.0124, div_loss = 0.0270, aux_loss = 0.0200, 0.869 seconds/batch
2026-04-21 04:47:32,947 - Epoch 26, Batch 300, lr = 0.00005, final_loss = 4.2107, nll_loss = 4.1011, ref_nll_loss = 4.3203, ivc_loss = 0.0585, neg_loss_1 = 0.0009, neg_loss_2 = 0.0029, ref_loss = 0.0120, div_loss = 0.0268, aux_loss = 0.0200, 0.869 seconds/batch
2026-04-21 04:48:16,334 - Epoch 26, Batch 350, lr = 0.00005, final_loss = 4.2432, nll_loss = 4.1332, ref_nll_loss = 4.3532, ivc_loss = 0.0616, neg_loss_1 = 0.0010, neg_loss_2 = 0.0029, ref_loss = 0.0135, div_loss = 0.0268, aux_loss = 0.0200, 0.869 seconds/batch
2026-04-21 04:48:59,801 - Epoch 26, Batch 400, lr = 0.00005, final_loss = 4.2276, nll_loss = 4.1177, ref_nll_loss = 4.3375, ivc_loss = 0.0602, neg_loss_1 = 0.0013, neg_loss_2 = 0.0021, ref_loss = 0.0131, div_loss = 0.0271, aux_loss = 0.0200, 0.869 seconds/batch
2026-04-21 04:49:43,229 - Epoch 26, Batch 450, lr = 0.00005, final_loss = 4.2255, nll_loss = 4.1148, ref_nll_loss = 4.3363, ivc_loss = 0.0610, neg_loss_1 = 0.0013, neg_loss_2 = 0.0027, ref_loss = 0.0130, div_loss = 0.0272, aux_loss = 0.0200, 0.869 seconds/batch
2026-04-21 04:50:26,707 - Epoch 26, Batch 500, lr = 0.00005, final_loss = 4.2194, nll_loss = 4.1082, ref_nll_loss = 4.3305, ivc_loss = 0.0587, neg_loss_1 = 0.0015, neg_loss_2 = 0.0022, ref_loss = 0.0120, div_loss = 0.0274, aux_loss = 0.0200, 0.869 seconds/batch
2026-04-21 04:51:10,260 - Epoch 26, Batch 550, lr = 0.00005, final_loss = 4.1894, nll_loss = 4.0746, ref_nll_loss = 4.3042, ivc_loss = 0.0568, neg_loss_1 = 0.0008, neg_loss_2 = 0.0022, ref_loss = 0.0117, div_loss = 0.0274, aux_loss = 0.0200, 0.869 seconds/batch
2026-04-21 04:51:53,763 - Epoch 26, Batch 600, lr = 0.00005, final_loss = 4.2326, nll_loss = 4.1201, ref_nll_loss = 4.3450, ivc_loss = 0.0568, neg_loss_1 = 0.0006, neg_loss_2 = 0.0020, ref_loss = 0.0121, div_loss = 0.0273, aux_loss = 0.0200, 0.869 seconds/batch
2026-04-21 04:52:37,315 - Epoch 26, Batch 650, lr = 0.00005, final_loss = 4.2318, nll_loss = 4.1219, ref_nll_loss = 4.3418, ivc_loss = 0.0615, neg_loss_1 = 0.0015, neg_loss_2 = 0.0032, ref_loss = 0.0122, div_loss = 0.0275, aux_loss = 0.0199, 0.869 seconds/batch
2026-04-21 04:53:20,929 - Epoch 26, Batch 700, lr = 0.00005, final_loss = 4.2406, nll_loss = 4.1275, ref_nll_loss = 4.3536, ivc_loss = 0.0565, neg_loss_1 = 0.0006, neg_loss_2 = 0.0024, ref_loss = 0.0114, div_loss = 0.0277, aux_loss = 0.0200, 0.869 seconds/batch
2026-04-21 04:54:04,882 - Epoch 26, Batch 750, lr = 0.00005, final_loss = 4.2406, nll_loss = 4.1312, ref_nll_loss = 4.3499, ivc_loss = 0.0606, neg_loss_1 = 0.0011, neg_loss_2 = 0.0024, ref_loss = 0.0132, div_loss = 0.0273, aux_loss = 0.0199, 0.870 seconds/batch
2026-04-21 04:54:48,786 - Epoch 26, Batch 800, lr = 0.00005, final_loss = 4.2079, nll_loss = 4.0958, ref_nll_loss = 4.3200, ivc_loss = 0.0616, neg_loss_1 = 0.0011, neg_loss_2 = 0.0024, ref_loss = 0.0137, div_loss = 0.0272, aux_loss = 0.0200, 0.871 seconds/batch
2026-04-21 04:55:29,472 - Epoch 26, Batch 850, lr = 0.00005, final_loss = 4.2512, nll_loss = 4.1370, ref_nll_loss = 4.3654, ivc_loss = 0.0560, neg_loss_1 = 0.0006, neg_loss_2 = 0.0023, ref_loss = 0.0116, div_loss = 0.0271, aux_loss = 0.0200, 0.867 seconds/batch
2026-04-21 04:56:02,199 - Epoch 26, Batch 900, lr = 0.00005, final_loss = 4.2289, nll_loss = 4.1175, ref_nll_loss = 4.3402, ivc_loss = 0.0601, neg_loss_1 = 0.0005, neg_loss_2 = 0.0032, ref_loss = 0.0126, div_loss = 0.0274, aux_loss = 0.0200, 0.855 seconds/batch
2026-04-21 04:56:26,267 - Epoch 26, Batch 950, lr = 0.00005, final_loss = 4.1958, nll_loss = 4.0818, ref_nll_loss = 4.3097, ivc_loss = 0.0579, neg_loss_1 = 0.0005, neg_loss_2 = 0.0023, ref_loss = 0.0120, div_loss = 0.0281, aux_loss = 0.0200, 0.836 seconds/batch
2026-04-21 04:56:49,447 - Epoch 26, Batch 1000, lr = 0.00005, final_loss = 4.2274, nll_loss = 4.1108, ref_nll_loss = 4.3439, ivc_loss = 0.0564, neg_loss_1 = 0.0008, neg_loss_2 = 0.0023, ref_loss = 0.0112, div_loss = 0.0277, aux_loss = 0.0201, 0.817 seconds/batch
2026-04-21 04:57:12,596 - Epoch 26, Batch 1050, lr = 0.00005, final_loss = 4.2534, nll_loss = 4.1417, ref_nll_loss = 4.3651, ivc_loss = 0.0577, neg_loss_1 = 0.0008, neg_loss_2 = 0.0022, ref_loss = 0.0120, div_loss = 0.0277, aux_loss = 0.0200, 0.800 seconds/batch
2026-04-21 04:57:35,777 - Epoch 26, Batch 1100, lr = 0.00005, final_loss = 4.2008, nll_loss = 4.0859, ref_nll_loss = 4.3157, ivc_loss = 0.0547, neg_loss_1 = 0.0009, neg_loss_2 = 0.0017, ref_loss = 0.0109, div_loss = 0.0276, aux_loss = 0.0199, 0.785 seconds/batch
2026-04-21 04:57:58,953 - Epoch 26, Batch 1150, lr = 0.00005, final_loss = 4.2494, nll_loss = 4.1365, ref_nll_loss = 4.3624, ivc_loss = 0.0562, neg_loss_1 = 0.0008, neg_loss_2 = 0.0023, ref_loss = 0.0112, div_loss = 0.0275, aux_loss = 0.0200, 0.771 seconds/batch
2026-04-21 04:58:08,065 - Epoch 26, Batch 1170, lr = 0.00005, final_loss = 4.2388, nll_loss = 4.1231, ref_nll_loss = 4.3544, ivc_loss = 0.0549, neg_loss_1 = 0.0002, neg_loss_2 = 0.0017, ref_loss = 0.0119, div_loss = 0.0274, aux_loss = 0.0201, 0.766 seconds/batch
2026-04-21 04:58:08,140 - save model to checkpoints/activitynet_moe_alpha1/cpl_moe2_alpha1/model-26.pt, num_updates 30420.
2026-04-21 05:03:03,684 - | R@1,mIoU 0.3244 | R@1,IoU@0.1 0.7658 | R@1,IoU@0.3 0.4243 | R@1,IoU@0.5 0.2448 | R@1,IoU@0.7 0.1239 | R@1,IoU@0.9 0.0519 | R@5,mIoU 0.5324 | R@5,IoU@0.1 0.9165 | R@5,IoU@0.3 0.7431 | R@5,IoU@0.5 0.5617 | R@5,IoU@0.7 0.3316 | R@5,IoU@0.9 0.1073 |
2026-04-21 05:03:03,684 - ============================================================
2026-04-21 05:03:03,684 - Start Epoch 27
2026-04-21 05:03:47,572 - Epoch 27, Batch 50, lr = 0.00005, final_loss = 4.1720, nll_loss = 4.0573, ref_nll_loss = 4.2868, ivc_loss = 0.0586, neg_loss_1 = 0.0009, neg_loss_2 = 0.0029, ref_loss = 0.0118, div_loss = 0.0275, aux_loss = 0.0200, 0.878 seconds/batch
2026-04-21 05:04:31,137 - Epoch 27, Batch 100, lr = 0.00005, final_loss = 4.2065, nll_loss = 4.0944, ref_nll_loss = 4.3186, ivc_loss = 0.0586, neg_loss_1 = 0.0006, neg_loss_2 = 0.0021, ref_loss = 0.0131, div_loss = 0.0272, aux_loss = 0.0199, 0.875 seconds/batch
2026-04-21 05:05:14,648 - Epoch 27, Batch 150, lr = 0.00005, final_loss = 4.2423, nll_loss = 4.1297, ref_nll_loss = 4.3549, ivc_loss = 0.0567, neg_loss_1 = 0.0008, neg_loss_2 = 0.0022, ref_loss = 0.0117, div_loss = 0.0274, aux_loss = 0.0200, 0.873 seconds/batch
2026-04-21 05:05:58,093 - Epoch 27, Batch 200, lr = 0.00005, final_loss = 4.1689, nll_loss = 4.0547, ref_nll_loss = 4.2831, ivc_loss = 0.0587, neg_loss_1 = 0.0007, neg_loss_2 = 0.0029, ref_loss = 0.0121, div_loss = 0.0273, aux_loss = 0.0200, 0.872 seconds/batch
2026-04-21 05:06:41,397 - Epoch 27, Batch 250, lr = 0.00005, final_loss = 4.2022, nll_loss = 4.0909, ref_nll_loss = 4.3134, ivc_loss = 0.0575, neg_loss_1 = 0.0007, neg_loss_2 = 0.0017, ref_loss = 0.0124, div_loss = 0.0280, aux_loss = 0.0200, 0.871 seconds/batch
2026-04-21 05:07:25,042 - Epoch 27, Batch 300, lr = 0.00005, final_loss = 4.2151, nll_loss = 4.1061, ref_nll_loss = 4.3240, ivc_loss = 0.0613, neg_loss_1 = 0.0007, neg_loss_2 = 0.0022, ref_loss = 0.0135, div_loss = 0.0285, aux_loss = 0.0200, 0.871 seconds/batch
2026-04-21 05:08:08,647 - Epoch 27, Batch 350, lr = 0.00005, final_loss = 4.1997, nll_loss = 4.0879, ref_nll_loss = 4.3115, ivc_loss = 0.0604, neg_loss_1 = 0.0004, neg_loss_2 = 0.0030, ref_loss = 0.0128, div_loss = 0.0279, aux_loss = 0.0200, 0.871 seconds/batch
2026-04-21 05:08:52,258 - Epoch 27, Batch 400, lr = 0.00005, final_loss = 4.2183, nll_loss = 4.1042, ref_nll_loss = 4.3323, ivc_loss = 0.0568, neg_loss_1 = 0.0011, neg_loss_2 = 0.0021, ref_loss = 0.0113, div_loss = 0.0277, aux_loss = 0.0200, 0.871 seconds/batch
2026-04-21 05:09:35,895 - Epoch 27, Batch 450, lr = 0.00005, final_loss = 4.2055, nll_loss = 4.0908, ref_nll_loss = 4.3202, ivc_loss = 0.0553, neg_loss_1 = 0.0008, neg_loss_2 = 0.0014, ref_loss = 0.0116, div_loss = 0.0276, aux_loss = 0.0200, 0.872 seconds/batch
2026-04-21 05:10:19,547 - Epoch 27, Batch 500, lr = 0.00005, final_loss = 4.2043, nll_loss = 4.0913, ref_nll_loss = 4.3172, ivc_loss = 0.0594, neg_loss_1 = 0.0011, neg_loss_2 = 0.0022, ref_loss = 0.0128, div_loss = 0.0274, aux_loss = 0.0202, 0.872 seconds/batch
2026-04-21 05:11:03,653 - Epoch 27, Batch 550, lr = 0.00005, final_loss = 4.2213, nll_loss = 4.1074, ref_nll_loss = 4.3352, ivc_loss = 0.0610, neg_loss_1 = 0.0009, neg_loss_2 = 0.0024, ref_loss = 0.0137, div_loss = 0.0270, aux_loss = 0.0201, 0.873 seconds/batch
2026-04-21 05:11:47,550 - Epoch 27, Batch 600, lr = 0.00005, final_loss = 4.2036, nll_loss = 4.0916, ref_nll_loss = 4.3155, ivc_loss = 0.0585, neg_loss_1 = 0.0008, neg_loss_2 = 0.0023, ref_loss = 0.0127, div_loss = 0.0269, aux_loss = 0.0200, 0.873 seconds/batch
2026-04-21 05:12:31,445 - Epoch 27, Batch 650, lr = 0.00005, final_loss = 4.1914, nll_loss = 4.0786, ref_nll_loss = 4.3042, ivc_loss = 0.0571, neg_loss_1 = 0.0011, neg_loss_2 = 0.0020, ref_loss = 0.0120, div_loss = 0.0267, aux_loss = 0.0200, 0.873 seconds/batch
2026-04-21 05:13:15,339 - Epoch 27, Batch 700, lr = 0.00005, final_loss = 4.1953, nll_loss = 4.0819, ref_nll_loss = 4.3088, ivc_loss = 0.0585, neg_loss_1 = 0.0007, neg_loss_2 = 0.0024, ref_loss = 0.0126, div_loss = 0.0271, aux_loss = 0.0200, 0.874 seconds/batch
2026-04-21 05:13:59,214 - Epoch 27, Batch 750, lr = 0.00005, final_loss = 4.2260, nll_loss = 4.1125, ref_nll_loss = 4.3395, ivc_loss = 0.0583, neg_loss_1 = 0.0008, neg_loss_2 = 0.0028, ref_loss = 0.0119, div_loss = 0.0272, aux_loss = 0.0200, 0.874 seconds/batch
2026-04-21 05:14:43,193 - Epoch 27, Batch 800, lr = 0.00005, final_loss = 4.2001, nll_loss = 4.0899, ref_nll_loss = 4.3103, ivc_loss = 0.0639, neg_loss_1 = 0.0019, neg_loss_2 = 0.0032, ref_loss = 0.0134, div_loss = 0.0269, aux_loss = 0.0200, 0.874 seconds/batch
2026-04-21 05:15:23,752 - Epoch 27, Batch 850, lr = 0.00005, final_loss = 4.2128, nll_loss = 4.0992, ref_nll_loss = 4.3265, ivc_loss = 0.0590, neg_loss_1 = 0.0009, neg_loss_2 = 0.0020, ref_loss = 0.0131, div_loss = 0.0270, aux_loss = 0.0200, 0.871 seconds/batch
2026-04-21 05:15:56,341 - Epoch 27, Batch 900, lr = 0.00005, final_loss = 4.2060, nll_loss = 4.0935, ref_nll_loss = 4.3185, ivc_loss = 0.0593, neg_loss_1 = 0.0018, neg_loss_2 = 0.0021, ref_loss = 0.0122, div_loss = 0.0272, aux_loss = 0.0201, 0.859 seconds/batch
2026-04-21 05:16:20,773 - Epoch 27, Batch 950, lr = 0.00005, final_loss = 4.1993, nll_loss = 4.0909, ref_nll_loss = 4.3078, ivc_loss = 0.0650, neg_loss_1 = 0.0014, neg_loss_2 = 0.0020, ref_loss = 0.0154, div_loss = 0.0274, aux_loss = 0.0200, 0.839 seconds/batch
2026-04-21 05:16:43,877 - Epoch 27, Batch 1000, lr = 0.00005, final_loss = 4.2529, nll_loss = 4.1391, ref_nll_loss = 4.3667, ivc_loss = 0.0562, neg_loss_1 = 0.0015, neg_loss_2 = 0.0013, ref_loss = 0.0117, div_loss = 0.0272, aux_loss = 0.0201, 0.820 seconds/batch
2026-04-21 05:17:07,031 - Epoch 27, Batch 1050, lr = 0.00005, final_loss = 4.2090, nll_loss = 4.0962, ref_nll_loss = 4.3218, ivc_loss = 0.0603, neg_loss_1 = 0.0009, neg_loss_2 = 0.0031, ref_loss = 0.0123, div_loss = 0.0277, aux_loss = 0.0200, 0.803 seconds/batch
2026-04-21 05:17:30,183 - Epoch 27, Batch 1100, lr = 0.00005, final_loss = 4.2099, nll_loss = 4.0940, ref_nll_loss = 4.3258, ivc_loss = 0.0544, neg_loss_1 = 0.0008, neg_loss_2 = 0.0019, ref_loss = 0.0108, div_loss = 0.0276, aux_loss = 0.0199, 0.788 seconds/batch
2026-04-21 05:17:53,336 - Epoch 27, Batch 1150, lr = 0.00005, final_loss = 4.2381, nll_loss = 4.1252, ref_nll_loss = 4.3510, ivc_loss = 0.0618, neg_loss_1 = 0.0009, neg_loss_2 = 0.0033, ref_loss = 0.0129, div_loss = 0.0274, aux_loss = 0.0200, 0.774 seconds/batch
2026-04-21 05:18:02,475 - Epoch 27, Batch 1170, lr = 0.00005, final_loss = 4.1929, nll_loss = 4.0776, ref_nll_loss = 4.3082, ivc_loss = 0.0592, neg_loss_1 = 0.0015, neg_loss_2 = 0.0031, ref_loss = 0.0112, div_loss = 0.0275, aux_loss = 0.0200, 0.768 seconds/batch
2026-04-21 05:18:02,555 - save model to checkpoints/activitynet_moe_alpha1/cpl_moe2_alpha1/model-27.pt, num_updates 31590.
2026-04-21 05:22:57,333 - | R@1,mIoU 0.3251 | R@1,IoU@0.1 0.7682 | R@1,IoU@0.3 0.4288 | R@1,IoU@0.5 0.2413 | R@1,IoU@0.7 0.1248 | R@1,IoU@0.9 0.0550 | R@5,mIoU 0.5328 | R@5,IoU@0.1 0.9157 | R@5,IoU@0.3 0.7425 | R@5,IoU@0.5 0.5617 | R@5,IoU@0.7 0.3378 | R@5,IoU@0.9 0.1127 |
2026-04-21 05:22:57,333 - ============================================================
2026-04-21 05:22:57,333 - Start Epoch 28
2026-04-21 05:23:41,060 - Epoch 28, Batch 50, lr = 0.00004, final_loss = 4.2074, nll_loss = 4.0913, ref_nll_loss = 4.3234, ivc_loss = 0.0577, neg_loss_1 = 0.0009, neg_loss_2 = 0.0029, ref_loss = 0.0114, div_loss = 0.0272, aux_loss = 0.0200, 0.875 seconds/batch
2026-04-21 05:24:24,642 - Epoch 28, Batch 100, lr = 0.00004, final_loss = 4.1638, nll_loss = 4.0546, ref_nll_loss = 4.2731, ivc_loss = 0.0626, neg_loss_1 = 0.0009, neg_loss_2 = 0.0032, ref_loss = 0.0136, div_loss = 0.0273, aux_loss = 0.0200, 0.873 seconds/batch
2026-04-21 05:25:08,214 - Epoch 28, Batch 150, lr = 0.00004, final_loss = 4.1694, nll_loss = 4.0542, ref_nll_loss = 4.2845, ivc_loss = 0.0591, neg_loss_1 = 0.0008, neg_loss_2 = 0.0028, ref_loss = 0.0123, div_loss = 0.0272, aux_loss = 0.0200, 0.873 seconds/batch
2026-04-21 05:25:51,816 - Epoch 28, Batch 200, lr = 0.00004, final_loss = 4.1721, nll_loss = 4.0582, ref_nll_loss = 4.2861, ivc_loss = 0.0590, neg_loss_1 = 0.0005, neg_loss_2 = 0.0030, ref_loss = 0.0123, div_loss = 0.0272, aux_loss = 0.0200, 0.872 seconds/batch
2026-04-21 05:26:35,407 - Epoch 28, Batch 250, lr = 0.00004, final_loss = 4.2305, nll_loss = 4.1167, ref_nll_loss = 4.3442, ivc_loss = 0.0562, neg_loss_1 = 0.0010, neg_loss_2 = 0.0027, ref_loss = 0.0108, div_loss = 0.0271, aux_loss = 0.0200, 0.872 seconds/batch
2026-04-21 05:27:18,969 - Epoch 28, Batch 300, lr = 0.00004, final_loss = 4.1806, nll_loss = 4.0670, ref_nll_loss = 4.2943, ivc_loss = 0.0597, neg_loss_1 = 0.0004, neg_loss_2 = 0.0031, ref_loss = 0.0127, div_loss = 0.0271, aux_loss = 0.0200, 0.872 seconds/batch
2026-04-21 05:28:02,613 - Epoch 28, Batch 350, lr = 0.00004, final_loss = 4.1793, nll_loss = 4.0654, ref_nll_loss = 4.2933, ivc_loss = 0.0600, neg_loss_1 = 0.0016, neg_loss_2 = 0.0022, ref_loss = 0.0128, div_loss = 0.0269, aux_loss = 0.0201, 0.872 seconds/batch
2026-04-21 05:28:46,280 - Epoch 28, Batch 400, lr = 0.00004, final_loss = 4.1800, nll_loss = 4.0676, ref_nll_loss = 4.2924, ivc_loss = 0.0590, neg_loss_1 = 0.0007, neg_loss_2 = 0.0026, ref_loss = 0.0127, div_loss = 0.0270, aux_loss = 0.0200, 0.872 seconds/batch
2026-04-21 05:29:29,904 - Epoch 28, Batch 450, lr = 0.00004, final_loss = 4.2138, nll_loss = 4.0985, ref_nll_loss = 4.3291, ivc_loss = 0.0586, neg_loss_1 = 0.0005, neg_loss_2 = 0.0031, ref_loss = 0.0122, div_loss = 0.0270, aux_loss = 0.0200, 0.872 seconds/batch
2026-04-21 05:30:13,505 - Epoch 28, Batch 500, lr = 0.00004, final_loss = 4.1841, nll_loss = 4.0674, ref_nll_loss = 4.3009, ivc_loss = 0.0560, neg_loss_1 = 0.0012, neg_loss_2 = 0.0028, ref_loss = 0.0105, div_loss = 0.0271, aux_loss = 0.0200, 0.872 seconds/batch
2026-04-21 05:30:57,085 - Epoch 28, Batch 550, lr = 0.00004, final_loss = 4.1945, nll_loss = 4.0819, ref_nll_loss = 4.3072, ivc_loss = 0.0606, neg_loss_1 = 0.0010, neg_loss_2 = 0.0031, ref_loss = 0.0128, div_loss = 0.0268, aux_loss = 0.0200, 0.872 seconds/batch
2026-04-21 05:31:40,685 - Epoch 28, Batch 600, lr = 0.00004, final_loss = 4.2153, nll_loss = 4.1003, ref_nll_loss = 4.3303, ivc_loss = 0.0569, neg_loss_1 = 0.0009, neg_loss_2 = 0.0023, ref_loss = 0.0117, div_loss = 0.0270, aux_loss = 0.0201, 0.872 seconds/batch
2026-04-21 05:32:24,328 - Epoch 28, Batch 650, lr = 0.00004, final_loss = 4.1876, nll_loss = 4.0744, ref_nll_loss = 4.3008, ivc_loss = 0.0549, neg_loss_1 = 0.0006, neg_loss_2 = 0.0026, ref_loss = 0.0108, div_loss = 0.0270, aux_loss = 0.0200, 0.872 seconds/batch
2026-04-21 05:33:07,967 - Epoch 28, Batch 700, lr = 0.00004, final_loss = 4.2068, nll_loss = 4.0985, ref_nll_loss = 4.3151, ivc_loss = 0.0612, neg_loss_1 = 0.0007, neg_loss_2 = 0.0026, ref_loss = 0.0137, div_loss = 0.0270, aux_loss = 0.0200, 0.872 seconds/batch
2026-04-21 05:33:51,481 - Epoch 28, Batch 750, lr = 0.00004, final_loss = 4.1626, nll_loss = 4.0480, ref_nll_loss = 4.2772, ivc_loss = 0.0579, neg_loss_1 = 0.0012, neg_loss_2 = 0.0021, ref_loss = 0.0123, div_loss = 0.0269, aux_loss = 0.0200, 0.872 seconds/batch
2026-04-21 05:34:35,082 - Epoch 28, Batch 800, lr = 0.00004, final_loss = 4.1757, nll_loss = 4.0605, ref_nll_loss = 4.2910, ivc_loss = 0.0570, neg_loss_1 = 0.0007, neg_loss_2 = 0.0028, ref_loss = 0.0115, div_loss = 0.0269, aux_loss = 0.0201, 0.872 seconds/batch
2026-04-21 05:35:15,572 - Epoch 28, Batch 850, lr = 0.00004, final_loss = 4.1827, nll_loss = 4.0718, ref_nll_loss = 4.2936, ivc_loss = 0.0594, neg_loss_1 = 0.0008, neg_loss_2 = 0.0022, ref_loss = 0.0132, div_loss = 0.0268, aux_loss = 0.0201, 0.869 seconds/batch
2026-04-21 05:35:48,372 - Epoch 28, Batch 900, lr = 0.00004, final_loss = 4.2032, nll_loss = 4.0874, ref_nll_loss = 4.3191, ivc_loss = 0.0548, neg_loss_1 = 0.0006, neg_loss_2 = 0.0016, ref_loss = 0.0119, div_loss = 0.0267, aux_loss = 0.0200, 0.857 seconds/batch
2026-04-21 05:36:12,793 - Epoch 28, Batch 950, lr = 0.00004, final_loss = 4.1721, nll_loss = 4.0614, ref_nll_loss = 4.2828, ivc_loss = 0.0569, neg_loss_1 = 0.0008, neg_loss_2 = 0.0020, ref_loss = 0.0123, div_loss = 0.0266, aux_loss = 0.0200, 0.837 seconds/batch
2026-04-21 05:36:35,940 - Epoch 28, Batch 1000, lr = 0.00004, final_loss = 4.2340, nll_loss = 4.1237, ref_nll_loss = 4.3444, ivc_loss = 0.0603, neg_loss_1 = 0.0007, neg_loss_2 = 0.0029, ref_loss = 0.0133, div_loss = 0.0266, aux_loss = 0.0201, 0.819 seconds/batch
2026-04-21 05:36:59,041 - Epoch 28, Batch 1050, lr = 0.00004, final_loss = 4.1844, nll_loss = 4.0714, ref_nll_loss = 4.2974, ivc_loss = 0.0587, neg_loss_1 = 0.0007, neg_loss_2 = 0.0028, ref_loss = 0.0126, div_loss = 0.0263, aux_loss = 0.0200, 0.802 seconds/batch
2026-04-21 05:37:22,196 - Epoch 28, Batch 1100, lr = 0.00004, final_loss = 4.2205, nll_loss = 4.1055, ref_nll_loss = 4.3356, ivc_loss = 0.0560, neg_loss_1 = 0.0005, neg_loss_2 = 0.0023, ref_loss = 0.0120, div_loss = 0.0263, aux_loss = 0.0200, 0.786 seconds/batch
2026-04-21 05:37:45,376 - Epoch 28, Batch 1150, lr = 0.00004, final_loss = 4.2230, nll_loss = 4.1102, ref_nll_loss = 4.3357, ivc_loss = 0.0585, neg_loss_1 = 0.0012, neg_loss_2 = 0.0018, ref_loss = 0.0128, div_loss = 0.0269, aux_loss = 0.0200, 0.772 seconds/batch
2026-04-21 05:37:54,523 - Epoch 28, Batch 1170, lr = 0.00004, final_loss = 4.2165, nll_loss = 4.1034, ref_nll_loss = 4.3297, ivc_loss = 0.0586, neg_loss_1 = 0.0009, neg_loss_2 = 0.0017, ref_loss = 0.0133, div_loss = 0.0269, aux_loss = 0.0201, 0.767 seconds/batch
2026-04-21 05:37:54,604 - save model to checkpoints/activitynet_moe_alpha1/cpl_moe2_alpha1/model-28.pt, num_updates 32760.
2026-04-21 05:42:49,619 - | R@1,mIoU 0.3278 | R@1,IoU@0.1 0.7797 | R@1,IoU@0.3 0.4270 | R@1,IoU@0.5 0.2432 | R@1,IoU@0.7 0.1245 | R@1,IoU@0.9 0.0515 | R@5,mIoU 0.5299 | R@5,IoU@0.1 0.9137 | R@5,IoU@0.3 0.7418 | R@5,IoU@0.5 0.5558 | R@5,IoU@0.7 0.3301 | R@5,IoU@0.9 0.1028 |
2026-04-21 05:42:49,619 - ============================================================
2026-04-21 05:42:49,619 - Start Epoch 29
2026-04-21 05:43:33,444 - Epoch 29, Batch 50, lr = 0.00004, final_loss = 4.1636, nll_loss = 4.0507, ref_nll_loss = 4.2765, ivc_loss = 0.0592, neg_loss_1 = 0.0009, neg_loss_2 = 0.0022, ref_loss = 0.0132, div_loss = 0.0266, aux_loss = 0.0200, 0.876 seconds/batch
2026-04-21 05:44:17,030 - Epoch 29, Batch 100, lr = 0.00004, final_loss = 4.1434, nll_loss = 4.0277, ref_nll_loss = 4.2592, ivc_loss = 0.0567, neg_loss_1 = 0.0004, neg_loss_2 = 0.0024, ref_loss = 0.0122, div_loss = 0.0266, aux_loss = 0.0200, 0.874 seconds/batch
2026-04-21 05:45:00,620 - Epoch 29, Batch 150, lr = 0.00004, final_loss = 4.1790, nll_loss = 4.0675, ref_nll_loss = 4.2904, ivc_loss = 0.0599, neg_loss_1 = 0.0012, neg_loss_2 = 0.0028, ref_loss = 0.0125, div_loss = 0.0268, aux_loss = 0.0200, 0.873 seconds/batch
2026-04-21 05:45:44,204 - Epoch 29, Batch 200, lr = 0.00004, final_loss = 4.1917, nll_loss = 4.0771, ref_nll_loss = 4.3063, ivc_loss = 0.0592, neg_loss_1 = 0.0012, neg_loss_2 = 0.0033, ref_loss = 0.0116, div_loss = 0.0269, aux_loss = 0.0200, 0.873 seconds/batch
2026-04-21 05:46:27,793 - Epoch 29, Batch 250, lr = 0.00004, final_loss = 4.1399, nll_loss = 4.0276, ref_nll_loss = 4.2522, ivc_loss = 0.0566, neg_loss_1 = 0.0008, neg_loss_2 = 0.0019, ref_loss = 0.0122, div_loss = 0.0268, aux_loss = 0.0200, 0.873 seconds/batch
2026-04-21 05:47:11,349 - Epoch 29, Batch 300, lr = 0.00004, final_loss = 4.1894, nll_loss = 4.0720, ref_nll_loss = 4.3068, ivc_loss = 0.0583, neg_loss_1 = 0.0004, neg_loss_2 = 0.0028, ref_loss = 0.0125, div_loss = 0.0269, aux_loss = 0.0200, 0.872 seconds/batch
2026-04-21 05:47:54,928 - Epoch 29, Batch 350, lr = 0.00004, final_loss = 4.1578, nll_loss = 4.0394, ref_nll_loss = 4.2762, ivc_loss = 0.0568, neg_loss_1 = 0.0011, neg_loss_2 = 0.0025, ref_loss = 0.0113, div_loss = 0.0271, aux_loss = 0.0201, 0.872 seconds/batch
2026-04-21 05:48:38,519 - Epoch 29, Batch 400, lr = 0.00004, final_loss = 4.1764, nll_loss = 4.0629, ref_nll_loss = 4.2900, ivc_loss = 0.0582, neg_loss_1 = 0.0007, neg_loss_2 = 0.0023, ref_loss = 0.0124, div_loss = 0.0276, aux_loss = 0.0200, 0.872 seconds/batch
2026-04-21 05:49:22,081 - Epoch 29, Batch 450, lr = 0.00004, final_loss = 4.1853, nll_loss = 4.0682, ref_nll_loss = 4.3023, ivc_loss = 0.0576, neg_loss_1 = 0.0011, neg_loss_2 = 0.0018, ref_loss = 0.0124, div_loss = 0.0270, aux_loss = 0.0201, 0.872 seconds/batch
2026-04-21 05:50:05,487 - Epoch 29, Batch 500, lr = 0.00004, final_loss = 4.2101, nll_loss = 4.0966, ref_nll_loss = 4.3235, ivc_loss = 0.0574, neg_loss_1 = 0.0006, neg_loss_2 = 0.0026, ref_loss = 0.0120, div_loss = 0.0270, aux_loss = 0.0201, 0.872 seconds/batch
2026-04-21 05:50:48,888 - Epoch 29, Batch 550, lr = 0.00004, final_loss = 4.1729, nll_loss = 4.0616, ref_nll_loss = 4.2841, ivc_loss = 0.0611, neg_loss_1 = 0.0008, neg_loss_2 = 0.0031, ref_loss = 0.0131, div_loss = 0.0269, aux_loss = 0.0200, 0.871 seconds/batch
2026-04-21 05:51:32,251 - Epoch 29, Batch 600, lr = 0.00004, final_loss = 4.1631, nll_loss = 4.0488, ref_nll_loss = 4.2775, ivc_loss = 0.0536, neg_loss_1 = 0.0008, neg_loss_2 = 0.0020, ref_loss = 0.0107, div_loss = 0.0268, aux_loss = 0.0200, 0.871 seconds/batch
2026-04-21 05:52:15,646 - Epoch 29, Batch 650, lr = 0.00004, final_loss = 4.1566, nll_loss = 4.0396, ref_nll_loss = 4.2736, ivc_loss = 0.0543, neg_loss_1 = 0.0007, neg_loss_2 = 0.0017, ref_loss = 0.0113, div_loss = 0.0269, aux_loss = 0.0200, 0.871 seconds/batch
2026-04-21 05:52:59,033 - Epoch 29, Batch 700, lr = 0.00004, final_loss = 4.1957, nll_loss = 4.0806, ref_nll_loss = 4.3109, ivc_loss = 0.0565, neg_loss_1 = 0.0012, neg_loss_2 = 0.0023, ref_loss = 0.0113, div_loss = 0.0270, aux_loss = 0.0200, 0.871 seconds/batch
2026-04-21 05:53:42,427 - Epoch 29, Batch 750, lr = 0.00004, final_loss = 4.1829, nll_loss = 4.0644, ref_nll_loss = 4.3014, ivc_loss = 0.0549, neg_loss_1 = 0.0009, neg_loss_2 = 0.0020, ref_loss = 0.0110, div_loss = 0.0271, aux_loss = 0.0200, 0.870 seconds/batch
2026-04-21 05:54:25,799 - Epoch 29, Batch 800, lr = 0.00004, final_loss = 4.1698, nll_loss = 4.0558, ref_nll_loss = 4.2838, ivc_loss = 0.0570, neg_loss_1 = 0.0008, neg_loss_2 = 0.0018, ref_loss = 0.0123, div_loss = 0.0271, aux_loss = 0.0200, 0.870 seconds/batch
2026-04-21 05:55:06,219 - Epoch 29, Batch 850, lr = 0.00004, final_loss = 4.1842, nll_loss = 4.0685, ref_nll_loss = 4.3000, ivc_loss = 0.0558, neg_loss_1 = 0.0003, neg_loss_2 = 0.0024, ref_loss = 0.0117, div_loss = 0.0272, aux_loss = 0.0200, 0.867 seconds/batch
2026-04-21 05:55:38,805 - Epoch 29, Batch 900, lr = 0.00004, final_loss = 4.1821, nll_loss = 4.0682, ref_nll_loss = 4.2960, ivc_loss = 0.0575, neg_loss_1 = 0.0012, neg_loss_2 = 0.0018, ref_loss = 0.0123, div_loss = 0.0268, aux_loss = 0.0200, 0.855 seconds/batch
2026-04-21 05:56:03,324 - Epoch 29, Batch 950, lr = 0.00004, final_loss = 4.1756, nll_loss = 4.0616, ref_nll_loss = 4.2895, ivc_loss = 0.0577, neg_loss_1 = 0.0013, neg_loss_2 = 0.0026, ref_loss = 0.0114, div_loss = 0.0270, aux_loss = 0.0200, 0.835 seconds/batch
2026-04-21 05:56:26,471 - Epoch 29, Batch 1000, lr = 0.00004, final_loss = 4.2306, nll_loss = 4.1165, ref_nll_loss = 4.3447, ivc_loss = 0.0596, neg_loss_1 = 0.0016, neg_loss_2 = 0.0031, ref_loss = 0.0116, div_loss = 0.0270, aux_loss = 0.0201, 0.817 seconds/batch
2026-04-21 05:56:49,606 - Epoch 29, Batch 1050, lr = 0.00004, final_loss = 4.1947, nll_loss = 4.0819, ref_nll_loss = 4.3074, ivc_loss = 0.0582, neg_loss_1 = 0.0008, neg_loss_2 = 0.0025, ref_loss = 0.0122, div_loss = 0.0272, aux_loss = 0.0201, 0.800 seconds/batch
2026-04-21 05:57:12,851 - Epoch 29, Batch 1100, lr = 0.00004, final_loss = 4.2031, nll_loss = 4.0873, ref_nll_loss = 4.3188, ivc_loss = 0.0567, neg_loss_1 = 0.0005, neg_loss_2 = 0.0022, ref_loss = 0.0121, div_loss = 0.0270, aux_loss = 0.0200, 0.785 seconds/batch
2026-04-21 05:57:36,015 - Epoch 29, Batch 1150, lr = 0.00004, final_loss = 4.1900, nll_loss = 4.0745, ref_nll_loss = 4.3055, ivc_loss = 0.0585, neg_loss_1 = 0.0012, neg_loss_2 = 0.0023, ref_loss = 0.0123, div_loss = 0.0270, aux_loss = 0.0200, 0.771 seconds/batch
2026-04-21 05:57:45,150 - Epoch 29, Batch 1170, lr = 0.00004, final_loss = 4.2336, nll_loss = 4.1177, ref_nll_loss = 4.3496, ivc_loss = 0.0525, neg_loss_1 = 0.0003, neg_loss_2 = 0.0013, ref_loss = 0.0112, div_loss = 0.0270, aux_loss = 0.0201, 0.765 seconds/batch
2026-04-21 05:57:45,228 - save model to checkpoints/activitynet_moe_alpha1/cpl_moe2_alpha1/model-29.pt, num_updates 33930.
2026-04-21 06:02:39,596 - | R@1,mIoU 0.3263 | R@1,IoU@0.1 0.7731 | R@1,IoU@0.3 0.4262 | R@1,IoU@0.5 0.2436 | R@1,IoU@0.7 0.1236 | R@1,IoU@0.9 0.0522 | R@5,mIoU 0.5338 | R@5,IoU@0.1 0.9152 | R@5,IoU@0.3 0.7467 | R@5,IoU@0.5 0.5656 | R@5,IoU@0.7 0.3356 | R@5,IoU@0.9 0.1069 |
2026-04-21 06:02:39,597 - ============================================================
2026-04-21 06:02:39,597 - Start Epoch 30
2026-04-21 06:03:23,441 - Epoch 30, Batch 50, lr = 0.00004, final_loss = 4.1356, nll_loss = 4.0174, ref_nll_loss = 4.2537, ivc_loss = 0.0520, neg_loss_1 = 0.0007, neg_loss_2 = 0.0018, ref_loss = 0.0100, div_loss = 0.0270, aux_loss = 0.0200, 0.877 seconds/batch
2026-04-21 06:04:07,035 - Epoch 30, Batch 100, lr = 0.00004, final_loss = 4.1962, nll_loss = 4.0791, ref_nll_loss = 4.3133, ivc_loss = 0.0559, neg_loss_1 = 0.0005, neg_loss_2 = 0.0023, ref_loss = 0.0117, div_loss = 0.0269, aux_loss = 0.0200, 0.874 seconds/batch
2026-04-21 06:04:50,631 - Epoch 30, Batch 150, lr = 0.00004, final_loss = 4.1650, nll_loss = 4.0460, ref_nll_loss = 4.2839, ivc_loss = 0.0564, neg_loss_1 = 0.0013, neg_loss_2 = 0.0025, ref_loss = 0.0109, div_loss = 0.0271, aux_loss = 0.0200, 0.874 seconds/batch
2026-04-21 06:05:34,120 - Epoch 30, Batch 200, lr = 0.00004, final_loss = 4.1694, nll_loss = 4.0526, ref_nll_loss = 4.2862, ivc_loss = 0.0560, neg_loss_1 = 0.0006, neg_loss_2 = 0.0028, ref_loss = 0.0112, div_loss = 0.0270, aux_loss = 0.0200, 0.873 seconds/batch
2026-04-21 06:06:17,647 - Epoch 30, Batch 250, lr = 0.00004, final_loss = 4.1720, nll_loss = 4.0546, ref_nll_loss = 4.2893, ivc_loss = 0.0558, neg_loss_1 = 0.0011, neg_loss_2 = 0.0023, ref_loss = 0.0111, div_loss = 0.0269, aux_loss = 0.0200, 0.872 seconds/batch
2026-04-21 06:07:01,063 - Epoch 30, Batch 300, lr = 0.00004, final_loss = 4.1380, nll_loss = 4.0214, ref_nll_loss = 4.2546, ivc_loss = 0.0548, neg_loss_1 = 0.0008, neg_loss_2 = 0.0017, ref_loss = 0.0113, div_loss = 0.0272, aux_loss = 0.0201, 0.872 seconds/batch
2026-04-21 06:07:44,470 - Epoch 30, Batch 350, lr = 0.00004, final_loss = 4.1491, nll_loss = 4.0347, ref_nll_loss = 4.2634, ivc_loss = 0.0577, neg_loss_1 = 0.0009, neg_loss_2 = 0.0020, ref_loss = 0.0123, div_loss = 0.0275, aux_loss = 0.0201, 0.871 seconds/batch
2026-04-21 06:08:27,925 - Epoch 30, Batch 400, lr = 0.00004, final_loss = 4.1613, nll_loss = 4.0482, ref_nll_loss = 4.2744, ivc_loss = 0.0654, neg_loss_1 = 0.0014, neg_loss_2 = 0.0038, ref_loss = 0.0138, div_loss = 0.0273, aux_loss = 0.0199, 0.871 seconds/batch
2026-04-21 06:09:11,344 - Epoch 30, Batch 450, lr = 0.00004, final_loss = 4.1651, nll_loss = 4.0505, ref_nll_loss = 4.2796, ivc_loss = 0.0577, neg_loss_1 = 0.0005, neg_loss_2 = 0.0025, ref_loss = 0.0122, div_loss = 0.0272, aux_loss = 0.0200, 0.871 seconds/batch
2026-04-21 06:09:54,734 - Epoch 30, Batch 500, lr = 0.00004, final_loss = 4.1649, nll_loss = 4.0473, ref_nll_loss = 4.2825, ivc_loss = 0.0571, neg_loss_1 = 0.0004, neg_loss_2 = 0.0028, ref_loss = 0.0116, div_loss = 0.0275, aux_loss = 0.0200, 0.870 seconds/batch
2026-04-21 06:10:38,162 - Epoch 30, Batch 550, lr = 0.00004, final_loss = 4.2051, nll_loss = 4.0932, ref_nll_loss = 4.3171, ivc_loss = 0.0635, neg_loss_1 = 0.0010, neg_loss_2 = 0.0032, ref_loss = 0.0138, div_loss = 0.0276, aux_loss = 0.0200, 0.870 seconds/batch
2026-04-21 06:11:21,706 - Epoch 30, Batch 600, lr = 0.00004, final_loss = 4.1568, nll_loss = 4.0404, ref_nll_loss = 4.2731, ivc_loss = 0.0577, neg_loss_1 = 0.0007, neg_loss_2 = 0.0026, ref_loss = 0.0119, div_loss = 0.0274, aux_loss = 0.0199, 0.870 seconds/batch
2026-04-21 06:12:05,133 - Epoch 30, Batch 650, lr = 0.00004, final_loss = 4.1509, nll_loss = 4.0362, ref_nll_loss = 4.2656, ivc_loss = 0.0581, neg_loss_1 = 0.0006, neg_loss_2 = 0.0027, ref_loss = 0.0119, div_loss = 0.0275, aux_loss = 0.0200, 0.870 seconds/batch
2026-04-21 06:12:48,666 - Epoch 30, Batch 700, lr = 0.00004, final_loss = 4.1459, nll_loss = 4.0303, ref_nll_loss = 4.2615, ivc_loss = 0.0555, neg_loss_1 = 0.0009, neg_loss_2 = 0.0018, ref_loss = 0.0113, div_loss = 0.0275, aux_loss = 0.0200, 0.870 seconds/batch
2026-04-21 06:13:32,100 - Epoch 30, Batch 750, lr = 0.00004, final_loss = 4.1803, nll_loss = 4.0657, ref_nll_loss = 4.2949, ivc_loss = 0.0600, neg_loss_1 = 0.0010, neg_loss_2 = 0.0030, ref_loss = 0.0123, div_loss = 0.0275, aux_loss = 0.0200, 0.870 seconds/batch
2026-04-21 06:14:15,465 - Epoch 30, Batch 800, lr = 0.00004, final_loss = 4.1426, nll_loss = 4.0281, ref_nll_loss = 4.2571, ivc_loss = 0.0602, neg_loss_1 = 0.0006, neg_loss_2 = 0.0022, ref_loss = 0.0135, div_loss = 0.0274, aux_loss = 0.0200, 0.870 seconds/batch
2026-04-21 06:14:55,715 - Epoch 30, Batch 850, lr = 0.00004, final_loss = 4.1851, nll_loss = 4.0739, ref_nll_loss = 4.2963, ivc_loss = 0.0576, neg_loss_1 = 0.0011, neg_loss_2 = 0.0028, ref_loss = 0.0114, div_loss = 0.0270, aux_loss = 0.0201, 0.866 seconds/batch
2026-04-21 06:15:28,717 - Epoch 30, Batch 900, lr = 0.00004, final_loss = 4.1743, nll_loss = 4.0593, ref_nll_loss = 4.2893, ivc_loss = 0.0554, neg_loss_1 = 0.0009, neg_loss_2 = 0.0021, ref_loss = 0.0111, div_loss = 0.0271, aux_loss = 0.0200, 0.855 seconds/batch
2026-04-21 06:15:53,268 - Epoch 30, Batch 950, lr = 0.00004, final_loss = 4.1677, nll_loss = 4.0508, ref_nll_loss = 4.2846, ivc_loss = 0.0569, neg_loss_1 = 0.0012, neg_loss_2 = 0.0018, ref_loss = 0.0118, div_loss = 0.0274, aux_loss = 0.0200, 0.835 seconds/batch
2026-04-21 06:16:16,408 - Epoch 30, Batch 1000, lr = 0.00004, final_loss = 4.1978, nll_loss = 4.0792, ref_nll_loss = 4.3163, ivc_loss = 0.0525, neg_loss_1 = 0.0010, neg_loss_2 = 0.0015, ref_loss = 0.0101, div_loss = 0.0273, aux_loss = 0.0200, 0.817 seconds/batch
2026-04-21 06:16:39,561 - Epoch 30, Batch 1050, lr = 0.00004, final_loss = 4.1937, nll_loss = 4.0782, ref_nll_loss = 4.3092, ivc_loss = 0.0589, neg_loss_1 = 0.0012, neg_loss_2 = 0.0021, ref_loss = 0.0125, div_loss = 0.0273, aux_loss = 0.0200, 0.800 seconds/batch
2026-04-21 06:17:02,688 - Epoch 30, Batch 1100, lr = 0.00004, final_loss = 4.1672, nll_loss = 4.0514, ref_nll_loss = 4.2830, ivc_loss = 0.0608, neg_loss_1 = 0.0015, neg_loss_2 = 0.0027, ref_loss = 0.0123, div_loss = 0.0277, aux_loss = 0.0200, 0.785 seconds/batch
2026-04-21 06:17:25,822 - Epoch 30, Batch 1150, lr = 0.00004, final_loss = 4.1665, nll_loss = 4.0506, ref_nll_loss = 4.2824, ivc_loss = 0.0567, neg_loss_1 = 0.0008, neg_loss_2 = 0.0023, ref_loss = 0.0114, div_loss = 0.0276, aux_loss = 0.0200, 0.771 seconds/batch
2026-04-21 06:17:34,935 - Epoch 30, Batch 1170, lr = 0.00004, final_loss = 4.1747, nll_loss = 4.0681, ref_nll_loss = 4.2813, ivc_loss = 0.0650, neg_loss_1 = 0.0016, neg_loss_2 = 0.0013, ref_loss = 0.0160, div_loss = 0.0273, aux_loss = 0.0201, 0.765 seconds/batch
2026-04-21 06:17:35,013 - save model to checkpoints/activitynet_moe_alpha1/cpl_moe2_alpha1/model-30.pt, num_updates 35100.
2026-04-21 06:19:49,574 - | R@1,mIoU 0.3291 | R@1,IoU@0.1 0.7830 | R@1,IoU@0.3 0.4320 | R@1,IoU@0.5 0.2404 | R@1,IoU@0.7 0.1249 | R@1,IoU@0.9 0.0556 | R@5,mIoU 0.5337 | R@5,IoU@0.1 0.9154 | R@5,IoU@0.3 0.7469 | R@5,IoU@0.5 0.5617 | R@5,IoU@0.7 0.3359 | R@5,IoU@0.9 0.1108 |
2026-04-21 06:19:49,576 - ============================================================
2026-04-21 06:19:49,576 - Best results:
2026-04-21 06:19:49,576 - | R@1,mIoU 0.3494 | R@1,IoU@0.1 0.7978 | R@1,IoU@0.3 0.4912 | R@1,IoU@0.5 0.2421 | R@1,IoU@0.7 0.1321 | R@1,IoU@0.9 0.0802 | R@5,mIoU 0.5303 | R@5,IoU@0.1 0.9210 | R@5,IoU@0.3 0.7391 | R@5,IoU@0.5 0.5528 | R@5,IoU@0.7 0.3207 | R@5,IoU@0.9 0.1278 |
