2026-04-16 19:16:51,466 - {'dataset': {'dataset': 'ActivityNet', 'feature_path': '/data/chenyuan/videogrounding/cpl-main/data/activitynet/sub_activitynet_v1-3.c3d.hdf5', 'vocab_size': 8000, 'word_dim': 300, 'frame_dim': 500, 'max_num_words': 20, 'max_num_frames': 200, 'target_stride': 1, 'train_data': 'data/activitynet/train_data.json', 'test_data': 'data/activitynet/test_data.json', 'val_data': 'data/activitynet/val_data.json', 'vocab_path': 'data/activitynet/glove.pkl'}, 'train': {'optimizer': {'lr': 0.0004, 'weight_decay': 0, 'warmup_updates': 400, 'warmup_init_lr': 1e-07}, 'batch_size': 32, 'max_num_epochs': 30, 'model_saved_path': 'checkpoints/activitynet/base'}, 'model': {'name': 'CPL', 'config': {'frames_input_size': 500, 'words_input_size': 300, 'hidden_size': 256, 'use_negative': True, 'num_props': 8, 'sigma': 9, 'gamma': 0, 'dropout': 0.1, 'DualTransformer': {'d_model': 256, 'num_heads': 4, 'num_decoder_layers1': 3, 'num_decoder_layers2': 3, 'dropout': 0.1}}}, 'loss': {'margin_1': 0.1, 'margin_2': 0.15, 'lambda': 0.125, 'alpha_1': 2, 'alpha_2': 0.1}, 'vote': True}
2026-04-16 19:16:51,841 - train: 37421 samples, test: 17031 samples
2026-04-16 19:16:52,600 - Start Epoch 1
2026-04-16 19:17:07,979 - Epoch 1, Batch 50, lr = 0.00005, final_loss = 8.9303, nll_loss = 8.8853, ref_nll_loss = 8.9753, ivc_loss = 0.3694, neg_loss_1 = 0.0703, neg_loss_2 = 0.0693, ref_loss = 0.0365, div_loss = 0.1700, 0.308 seconds/batch
2026-04-16 19:17:22,387 - Epoch 1, Batch 100, lr = 0.00010, final_loss = 8.0295, nll_loss = 7.9948, ref_nll_loss = 8.0643, ivc_loss = 0.3261, neg_loss_1 = 0.0526, neg_loss_2 = 0.0619, ref_loss = 0.0436, div_loss = 0.0976, 0.298 seconds/batch
2026-04-16 19:17:36,883 - Epoch 1, Batch 150, lr = 0.00015, final_loss = 7.1947, nll_loss = 7.1638, ref_nll_loss = 7.2256, ivc_loss = 0.3206, neg_loss_1 = 0.0479, neg_loss_2 = 0.0612, ref_loss = 0.0473, div_loss = 0.0794, 0.295 seconds/batch
2026-04-16 19:17:53,707 - Epoch 1, Batch 200, lr = 0.00020, final_loss = 6.6589, nll_loss = 6.6200, ref_nll_loss = 6.6979, ivc_loss = 0.2793, neg_loss_1 = 0.0455, neg_loss_2 = 0.0495, ref_loss = 0.0402, div_loss = 0.0883, 0.306 seconds/batch
2026-04-16 19:18:14,923 - Epoch 1, Batch 250, lr = 0.00025, final_loss = 6.3709, nll_loss = 6.3284, ref_nll_loss = 6.4135, ivc_loss = 0.2617, neg_loss_1 = 0.0445, neg_loss_2 = 0.0440, ref_loss = 0.0384, div_loss = 0.0790, 0.329 seconds/batch
2026-04-16 19:18:35,921 - Epoch 1, Batch 300, lr = 0.00030, final_loss = 6.2779, nll_loss = 6.2312, ref_nll_loss = 6.3245, ivc_loss = 0.2362, neg_loss_1 = 0.0406, neg_loss_2 = 0.0386, ref_loss = 0.0353, div_loss = 0.0709, 0.344 seconds/batch
2026-04-16 19:18:56,995 - Epoch 1, Batch 350, lr = 0.00035, final_loss = 6.1960, nll_loss = 6.1485, ref_nll_loss = 6.2435, ivc_loss = 0.2527, neg_loss_1 = 0.0418, neg_loss_2 = 0.0459, ref_loss = 0.0344, div_loss = 0.0851, 0.355 seconds/batch
2026-04-16 19:19:18,236 - Epoch 1, Batch 400, lr = 0.00040, final_loss = 6.1219, nll_loss = 6.0707, ref_nll_loss = 6.1730, ivc_loss = 0.2259, neg_loss_1 = 0.0373, neg_loss_2 = 0.0391, ref_loss = 0.0315, div_loss = 0.1002, 0.364 seconds/batch
2026-04-16 19:19:39,510 - Epoch 1, Batch 450, lr = 0.00038, final_loss = 6.0872, nll_loss = 6.0333, ref_nll_loss = 6.1411, ivc_loss = 0.2321, neg_loss_1 = 0.0407, neg_loss_2 = 0.0368, ref_loss = 0.0334, div_loss = 0.1036, 0.371 seconds/batch
2026-04-16 19:20:00,701 - Epoch 1, Batch 500, lr = 0.00036, final_loss = 5.9818, nll_loss = 5.9239, ref_nll_loss = 6.0397, ivc_loss = 0.2167, neg_loss_1 = 0.0369, neg_loss_2 = 0.0368, ref_loss = 0.0306, div_loss = 0.0818, 0.376 seconds/batch
2026-04-16 19:20:21,980 - Epoch 1, Batch 550, lr = 0.00034, final_loss = 5.9307, nll_loss = 5.8693, ref_nll_loss = 5.9922, ivc_loss = 0.1916, neg_loss_1 = 0.0329, neg_loss_2 = 0.0290, ref_loss = 0.0293, div_loss = 0.0921, 0.381 seconds/batch
2026-04-16 19:20:43,086 - Epoch 1, Batch 600, lr = 0.00033, final_loss = 5.8862, nll_loss = 5.8256, ref_nll_loss = 5.9468, ivc_loss = 0.1785, neg_loss_1 = 0.0302, neg_loss_2 = 0.0244, ref_loss = 0.0306, div_loss = 0.0804, 0.384 seconds/batch
2026-04-16 19:21:04,309 - Epoch 1, Batch 650, lr = 0.00031, final_loss = 5.8778, nll_loss = 5.8179, ref_nll_loss = 5.9377, ivc_loss = 0.1574, neg_loss_1 = 0.0252, neg_loss_2 = 0.0184, ref_loss = 0.0317, div_loss = 0.0692, 0.387 seconds/batch
2026-04-16 19:21:28,889 - Epoch 1, Batch 700, lr = 0.00030, final_loss = 5.7844, nll_loss = 5.7273, ref_nll_loss = 5.8415, ivc_loss = 0.1587, neg_loss_1 = 0.0193, neg_loss_2 = 0.0226, ref_loss = 0.0332, div_loss = 0.0850, 0.395 seconds/batch
2026-04-16 19:21:59,795 - Epoch 1, Batch 750, lr = 0.00029, final_loss = 5.7719, nll_loss = 5.7120, ref_nll_loss = 5.8318, ivc_loss = 0.1444, neg_loss_1 = 0.0208, neg_loss_2 = 0.0150, ref_loss = 0.0325, div_loss = 0.0791, 0.410 seconds/batch
2026-04-16 19:22:30,767 - Epoch 1, Batch 800, lr = 0.00028, final_loss = 5.7193, nll_loss = 5.6602, ref_nll_loss = 5.7785, ivc_loss = 0.1316, neg_loss_1 = 0.0143, neg_loss_2 = 0.0158, ref_loss = 0.0321, div_loss = 0.0721, 0.423 seconds/batch
2026-04-16 19:23:01,798 - Epoch 1, Batch 850, lr = 0.00027, final_loss = 5.6887, nll_loss = 5.6279, ref_nll_loss = 5.7495, ivc_loss = 0.1348, neg_loss_1 = 0.0185, neg_loss_2 = 0.0135, ref_loss = 0.0313, div_loss = 0.0810, 0.434 seconds/batch
2026-04-16 19:23:32,942 - Epoch 1, Batch 900, lr = 0.00027, final_loss = 5.6824, nll_loss = 5.6222, ref_nll_loss = 5.7425, ivc_loss = 0.1315, neg_loss_1 = 0.0127, neg_loss_2 = 0.0181, ref_loss = 0.0311, div_loss = 0.0788, 0.445 seconds/batch
2026-04-16 19:24:03,933 - Epoch 1, Batch 950, lr = 0.00026, final_loss = 5.6377, nll_loss = 5.5783, ref_nll_loss = 5.6971, ivc_loss = 0.1276, neg_loss_1 = 0.0135, neg_loss_2 = 0.0152, ref_loss = 0.0313, div_loss = 0.0766, 0.454 seconds/batch
2026-04-16 19:24:35,026 - Epoch 1, Batch 1000, lr = 0.00025, final_loss = 5.5688, nll_loss = 5.5106, ref_nll_loss = 5.6270, ivc_loss = 0.1224, neg_loss_1 = 0.0104, neg_loss_2 = 0.0134, ref_loss = 0.0336, div_loss = 0.0782, 0.462 seconds/batch
2026-04-16 19:25:06,281 - Epoch 1, Batch 1050, lr = 0.00025, final_loss = 5.5468, nll_loss = 5.4845, ref_nll_loss = 5.6091, ivc_loss = 0.1164, neg_loss_1 = 0.0110, neg_loss_2 = 0.0128, ref_loss = 0.0305, div_loss = 0.0756, 0.470 seconds/batch
2026-04-16 19:25:37,409 - Epoch 1, Batch 1100, lr = 0.00024, final_loss = 5.5432, nll_loss = 5.4811, ref_nll_loss = 5.6053, ivc_loss = 0.1079, neg_loss_1 = 0.0104, neg_loss_2 = 0.0104, ref_loss = 0.0297, div_loss = 0.0691, 0.477 seconds/batch
2026-04-16 19:26:08,380 - Epoch 1, Batch 1150, lr = 0.00024, final_loss = 5.4762, nll_loss = 5.4150, ref_nll_loss = 5.5374, ivc_loss = 0.1110, neg_loss_1 = 0.0086, neg_loss_2 = 0.0138, ref_loss = 0.0295, div_loss = 0.0715, 0.483 seconds/batch
2026-04-16 19:26:20,585 - Epoch 1, Batch 1170, lr = 0.00023, final_loss = 5.4623, nll_loss = 5.4005, ref_nll_loss = 5.5241, ivc_loss = 0.1142, neg_loss_1 = 0.0074, neg_loss_2 = 0.0139, ref_loss = 0.0322, div_loss = 0.0722, 0.485 seconds/batch
2026-04-16 19:26:20,649 - save model to checkpoints/activitynet/base/model-1.pt, num_updates 1170.
2026-04-16 19:29:57,589 - | R@1,mIoU 0.3365 | R@1,IoU@0.1 0.8115 | R@1,IoU@0.3 0.4559 | R@1,IoU@0.5 0.2411 | R@1,IoU@0.7 0.1258 | R@1,IoU@0.9 0.0338 | R@5,mIoU 0.4575 | R@5,IoU@0.1 0.8903 | R@5,IoU@0.3 0.6471 | R@5,IoU@0.5 0.4398 | R@5,IoU@0.7 0.2221 | R@5,IoU@0.9 0.0878 |
2026-04-16 19:29:57,655 - Best results have been updated.
2026-04-16 19:29:57,656 - ============================================================
2026-04-16 19:29:57,656 - Start Epoch 2
2026-04-16 19:30:22,189 - Epoch 2, Batch 50, lr = 0.00023, final_loss = 5.4393, nll_loss = 5.3774, ref_nll_loss = 5.5013, ivc_loss = 0.1119, neg_loss_1 = 0.0081, neg_loss_2 = 0.0119, ref_loss = 0.0324, div_loss = 0.0710, 0.491 seconds/batch
2026-04-16 19:30:46,889 - Epoch 2, Batch 100, lr = 0.00022, final_loss = 5.4080, nll_loss = 5.3422, ref_nll_loss = 5.4738, ivc_loss = 0.1006, neg_loss_1 = 0.0082, neg_loss_2 = 0.0111, ref_loss = 0.0275, div_loss = 0.0700, 0.492 seconds/batch
2026-04-16 19:31:11,710 - Epoch 2, Batch 150, lr = 0.00022, final_loss = 5.4264, nll_loss = 5.3622, ref_nll_loss = 5.4906, ivc_loss = 0.0994, neg_loss_1 = 0.0050, neg_loss_2 = 0.0127, ref_loss = 0.0279, div_loss = 0.0816, 0.494 seconds/batch
2026-04-16 19:31:31,958 - Epoch 2, Batch 200, lr = 0.00022, final_loss = 5.3752, nll_loss = 5.3082, ref_nll_loss = 5.4421, ivc_loss = 0.1078, neg_loss_1 = 0.0096, neg_loss_2 = 0.0129, ref_loss = 0.0275, div_loss = 0.0772, 0.472 seconds/batch
2026-04-16 19:31:56,527 - Epoch 2, Batch 250, lr = 0.00021, final_loss = 5.3660, nll_loss = 5.3033, ref_nll_loss = 5.4287, ivc_loss = 0.1036, neg_loss_1 = 0.0046, neg_loss_2 = 0.0122, ref_loss = 0.0310, div_loss = 0.0795, 0.475 seconds/batch
2026-04-16 19:32:21,291 - Epoch 2, Batch 300, lr = 0.00021, final_loss = 5.3685, nll_loss = 5.3027, ref_nll_loss = 5.4343, ivc_loss = 0.0984, neg_loss_1 = 0.0043, neg_loss_2 = 0.0132, ref_loss = 0.0277, div_loss = 0.0814, 0.479 seconds/batch
2026-04-16 19:32:45,995 - Epoch 2, Batch 350, lr = 0.00021, final_loss = 5.3407, nll_loss = 5.2756, ref_nll_loss = 5.4058, ivc_loss = 0.1005, neg_loss_1 = 0.0049, neg_loss_2 = 0.0129, ref_loss = 0.0285, div_loss = 0.0804, 0.481 seconds/batch
2026-04-16 19:33:10,663 - Epoch 2, Batch 400, lr = 0.00020, final_loss = 5.3405, nll_loss = 5.2764, ref_nll_loss = 5.4046, ivc_loss = 0.0912, neg_loss_1 = 0.0040, neg_loss_2 = 0.0085, ref_loss = 0.0293, div_loss = 0.0775, 0.483 seconds/batch
2026-04-16 19:33:35,350 - Epoch 2, Batch 450, lr = 0.00020, final_loss = 5.3421, nll_loss = 5.2774, ref_nll_loss = 5.4069, ivc_loss = 0.0969, neg_loss_1 = 0.0050, neg_loss_2 = 0.0111, ref_loss = 0.0284, div_loss = 0.0791, 0.484 seconds/batch
2026-04-16 19:33:59,981 - Epoch 2, Batch 500, lr = 0.00020, final_loss = 5.3661, nll_loss = 5.3033, ref_nll_loss = 5.4289, ivc_loss = 0.0921, neg_loss_1 = 0.0039, neg_loss_2 = 0.0087, ref_loss = 0.0294, div_loss = 0.0807, 0.485 seconds/batch
2026-04-16 19:34:24,690 - Epoch 2, Batch 550, lr = 0.00019, final_loss = 5.3156, nll_loss = 5.2505, ref_nll_loss = 5.3807, ivc_loss = 0.0912, neg_loss_1 = 0.0026, neg_loss_2 = 0.0108, ref_loss = 0.0282, div_loss = 0.0785, 0.486 seconds/batch
2026-04-16 19:34:49,622 - Epoch 2, Batch 600, lr = 0.00019, final_loss = 5.3284, nll_loss = 5.2648, ref_nll_loss = 5.3919, ivc_loss = 0.0891, neg_loss_1 = 0.0019, neg_loss_2 = 0.0090, ref_loss = 0.0294, div_loss = 0.0849, 0.487 seconds/batch
2026-04-16 19:35:14,385 - Epoch 2, Batch 650, lr = 0.00019, final_loss = 5.2856, nll_loss = 5.2178, ref_nll_loss = 5.3534, ivc_loss = 0.0828, neg_loss_1 = 0.0022, neg_loss_2 = 0.0090, ref_loss = 0.0264, div_loss = 0.0763, 0.487 seconds/batch
2026-04-16 19:35:40,646 - Epoch 2, Batch 700, lr = 0.00018, final_loss = 5.2627, nll_loss = 5.1985, ref_nll_loss = 5.3269, ivc_loss = 0.0832, neg_loss_1 = 0.0019, neg_loss_2 = 0.0089, ref_loss = 0.0270, div_loss = 0.0747, 0.490 seconds/batch
2026-04-16 19:36:11,528 - Epoch 2, Batch 750, lr = 0.00018, final_loss = 5.2775, nll_loss = 5.2077, ref_nll_loss = 5.3473, ivc_loss = 0.0847, neg_loss_1 = 0.0033, neg_loss_2 = 0.0091, ref_loss = 0.0261, div_loss = 0.0772, 0.498 seconds/batch
2026-04-16 19:36:42,485 - Epoch 2, Batch 800, lr = 0.00018, final_loss = 5.2499, nll_loss = 5.1824, ref_nll_loss = 5.3174, ivc_loss = 0.0858, neg_loss_1 = 0.0058, neg_loss_2 = 0.0070, ref_loss = 0.0263, div_loss = 0.0747, 0.506 seconds/batch
2026-04-16 19:37:13,414 - Epoch 2, Batch 850, lr = 0.00018, final_loss = 5.2756, nll_loss = 5.2070, ref_nll_loss = 5.3443, ivc_loss = 0.0835, neg_loss_1 = 0.0047, neg_loss_2 = 0.0072, ref_loss = 0.0261, div_loss = 0.0745, 0.513 seconds/batch
2026-04-16 19:37:44,587 - Epoch 2, Batch 900, lr = 0.00018, final_loss = 5.2413, nll_loss = 5.1768, ref_nll_loss = 5.3057, ivc_loss = 0.0864, neg_loss_1 = 0.0027, neg_loss_2 = 0.0080, ref_loss = 0.0283, div_loss = 0.0839, 0.519 seconds/batch
2026-04-16 19:38:15,641 - Epoch 2, Batch 950, lr = 0.00017, final_loss = 5.2456, nll_loss = 5.1776, ref_nll_loss = 5.3136, ivc_loss = 0.0814, neg_loss_1 = 0.0031, neg_loss_2 = 0.0064, ref_loss = 0.0272, div_loss = 0.0801, 0.524 seconds/batch
2026-04-16 19:38:46,700 - Epoch 2, Batch 1000, lr = 0.00017, final_loss = 5.2028, nll_loss = 5.1337, ref_nll_loss = 5.2720, ivc_loss = 0.0838, neg_loss_1 = 0.0037, neg_loss_2 = 0.0075, ref_loss = 0.0271, div_loss = 0.0717, 0.529 seconds/batch
2026-04-16 19:39:17,971 - Epoch 2, Batch 1050, lr = 0.00017, final_loss = 5.1995, nll_loss = 5.1277, ref_nll_loss = 5.2713, ivc_loss = 0.0775, neg_loss_1 = 0.0029, neg_loss_2 = 0.0077, ref_loss = 0.0244, div_loss = 0.0722, 0.534 seconds/batch
2026-04-16 19:39:48,940 - Epoch 2, Batch 1100, lr = 0.00017, final_loss = 5.1852, nll_loss = 5.1184, ref_nll_loss = 5.2520, ivc_loss = 0.0881, neg_loss_1 = 0.0041, neg_loss_2 = 0.0082, ref_loss = 0.0282, div_loss = 0.0705, 0.538 seconds/batch
2026-04-16 19:40:20,075 - Epoch 2, Batch 1150, lr = 0.00017, final_loss = 5.1466, nll_loss = 5.0753, ref_nll_loss = 5.2178, ivc_loss = 0.0822, neg_loss_1 = 0.0026, neg_loss_2 = 0.0101, ref_loss = 0.0248, div_loss = 0.0720, 0.541 seconds/batch
2026-04-16 19:40:32,353 - Epoch 2, Batch 1170, lr = 0.00017, final_loss = 5.1965, nll_loss = 5.1286, ref_nll_loss = 5.2644, ivc_loss = 0.0850, neg_loss_1 = 0.0024, neg_loss_2 = 0.0089, ref_loss = 0.0275, div_loss = 0.0740, 0.542 seconds/batch
2026-04-16 19:40:32,420 - save model to checkpoints/activitynet/base/model-2.pt, num_updates 2340.
2026-04-16 19:44:09,117 - | R@1,mIoU 0.3495 | R@1,IoU@0.1 0.8176 | R@1,IoU@0.3 0.4913 | R@1,IoU@0.5 0.2318 | R@1,IoU@0.7 0.1291 | R@1,IoU@0.9 0.0778 | R@5,mIoU 0.4401 | R@5,IoU@0.1 0.8827 | R@5,IoU@0.3 0.6353 | R@5,IoU@0.5 0.3915 | R@5,IoU@0.7 0.1975 | R@5,IoU@0.9 0.0963 |
2026-04-16 19:44:09,186 - Best results have been updated.
2026-04-16 19:44:09,187 - ============================================================
2026-04-16 19:44:09,187 - Start Epoch 3
2026-04-16 19:44:34,216 - Epoch 3, Batch 50, lr = 0.00016, final_loss = 5.1109, nll_loss = 5.0401, ref_nll_loss = 5.1817, ivc_loss = 0.0723, neg_loss_1 = 0.0026, neg_loss_2 = 0.0060, ref_loss = 0.0239, div_loss = 0.0719, 0.501 seconds/batch
2026-04-16 19:44:58,847 - Epoch 3, Batch 100, lr = 0.00016, final_loss = 5.1540, nll_loss = 5.0830, ref_nll_loss = 5.2251, ivc_loss = 0.0738, neg_loss_1 = 0.0018, neg_loss_2 = 0.0054, ref_loss = 0.0261, div_loss = 0.0737, 0.497 seconds/batch
2026-04-16 19:45:23,404 - Epoch 3, Batch 150, lr = 0.00016, final_loss = 5.1314, nll_loss = 5.0621, ref_nll_loss = 5.2008, ivc_loss = 0.0698, neg_loss_1 = 0.0013, neg_loss_2 = 0.0053, ref_loss = 0.0245, div_loss = 0.0754, 0.495 seconds/batch
2026-04-16 19:45:43,543 - Epoch 3, Batch 200, lr = 0.00016, final_loss = 5.1136, nll_loss = 5.0433, ref_nll_loss = 5.1839, ivc_loss = 0.0735, neg_loss_1 = 0.0019, neg_loss_2 = 0.0063, ref_loss = 0.0248, div_loss = 0.0745, 0.472 seconds/batch
2026-04-16 19:46:08,048 - Epoch 3, Batch 250, lr = 0.00016, final_loss = 5.0898, nll_loss = 5.0190, ref_nll_loss = 5.1606, ivc_loss = 0.0716, neg_loss_1 = 0.0024, neg_loss_2 = 0.0040, ref_loss = 0.0257, div_loss = 0.0754, 0.475 seconds/batch
2026-04-16 19:46:32,979 - Epoch 3, Batch 300, lr = 0.00016, final_loss = 5.0869, nll_loss = 5.0154, ref_nll_loss = 5.1584, ivc_loss = 0.0718, neg_loss_1 = 0.0016, neg_loss_2 = 0.0064, ref_loss = 0.0243, div_loss = 0.0734, 0.479 seconds/batch
2026-04-16 19:46:57,703 - Epoch 3, Batch 350, lr = 0.00015, final_loss = 5.1182, nll_loss = 5.0507, ref_nll_loss = 5.1857, ivc_loss = 0.0734, neg_loss_1 = 0.0020, neg_loss_2 = 0.0052, ref_loss = 0.0259, div_loss = 0.0725, 0.481 seconds/batch
2026-04-16 19:47:22,397 - Epoch 3, Batch 400, lr = 0.00015, final_loss = 5.0640, nll_loss = 4.9940, ref_nll_loss = 5.1341, ivc_loss = 0.0711, neg_loss_1 = 0.0012, neg_loss_2 = 0.0059, ref_loss = 0.0246, div_loss = 0.0764, 0.483 seconds/batch
2026-04-16 19:47:47,076 - Epoch 3, Batch 450, lr = 0.00015, final_loss = 5.0978, nll_loss = 5.0285, ref_nll_loss = 5.1672, ivc_loss = 0.0722, neg_loss_1 = 0.0013, neg_loss_2 = 0.0050, ref_loss = 0.0259, div_loss = 0.0772, 0.484 seconds/batch
2026-04-16 19:48:11,816 - Epoch 3, Batch 500, lr = 0.00015, final_loss = 5.0734, nll_loss = 5.0025, ref_nll_loss = 5.1443, ivc_loss = 0.0678, neg_loss_1 = 0.0013, neg_loss_2 = 0.0034, ref_loss = 0.0252, div_loss = 0.0794, 0.485 seconds/batch
2026-04-16 19:48:36,302 - Epoch 3, Batch 550, lr = 0.00015, final_loss = 5.0734, nll_loss = 5.0027, ref_nll_loss = 5.1441, ivc_loss = 0.0674, neg_loss_1 = 0.0011, neg_loss_2 = 0.0022, ref_loss = 0.0264, div_loss = 0.0804, 0.486 seconds/batch
2026-04-16 19:49:00,997 - Epoch 3, Batch 600, lr = 0.00015, final_loss = 5.0579, nll_loss = 4.9856, ref_nll_loss = 5.1301, ivc_loss = 0.0634, neg_loss_1 = 0.0012, neg_loss_2 = 0.0023, ref_loss = 0.0243, div_loss = 0.0781, 0.486 seconds/batch
2026-04-16 19:49:25,661 - Epoch 3, Batch 650, lr = 0.00015, final_loss = 5.0464, nll_loss = 4.9746, ref_nll_loss = 5.1183, ivc_loss = 0.0650, neg_loss_1 = 0.0020, neg_loss_2 = 0.0018, ref_loss = 0.0248, div_loss = 0.0762, 0.487 seconds/batch
2026-04-16 19:49:51,354 - Epoch 3, Batch 700, lr = 0.00015, final_loss = 5.0730, nll_loss = 4.9981, ref_nll_loss = 5.1478, ivc_loss = 0.0662, neg_loss_1 = 0.0020, neg_loss_2 = 0.0022, ref_loss = 0.0249, div_loss = 0.0782, 0.489 seconds/batch
2026-04-16 19:50:22,429 - Epoch 3, Batch 750, lr = 0.00014, final_loss = 5.0524, nll_loss = 4.9768, ref_nll_loss = 5.1281, ivc_loss = 0.0612, neg_loss_1 = 0.0018, neg_loss_2 = 0.0013, ref_loss = 0.0237, div_loss = 0.0758, 0.498 seconds/batch
2026-04-16 19:50:53,456 - Epoch 3, Batch 800, lr = 0.00014, final_loss = 5.0468, nll_loss = 4.9750, ref_nll_loss = 5.1187, ivc_loss = 0.0639, neg_loss_1 = 0.0019, neg_loss_2 = 0.0021, ref_loss = 0.0239, div_loss = 0.0790, 0.505 seconds/batch
2026-04-16 19:51:24,489 - Epoch 3, Batch 850, lr = 0.00014, final_loss = 5.0504, nll_loss = 4.9761, ref_nll_loss = 5.1247, ivc_loss = 0.0584, neg_loss_1 = 0.0015, neg_loss_2 = 0.0011, ref_loss = 0.0228, div_loss = 0.0755, 0.512 seconds/batch
2026-04-16 19:51:55,407 - Epoch 3, Batch 900, lr = 0.00014, final_loss = 5.0318, nll_loss = 4.9553, ref_nll_loss = 5.1083, ivc_loss = 0.0599, neg_loss_1 = 0.0013, neg_loss_2 = 0.0013, ref_loss = 0.0234, div_loss = 0.0770, 0.518 seconds/batch
2026-04-16 19:52:26,470 - Epoch 3, Batch 950, lr = 0.00014, final_loss = 5.0046, nll_loss = 4.9288, ref_nll_loss = 5.0804, ivc_loss = 0.0574, neg_loss_1 = 0.0019, neg_loss_2 = 0.0009, ref_loss = 0.0220, div_loss = 0.0790, 0.523 seconds/batch
2026-04-16 19:52:57,403 - Epoch 3, Batch 1000, lr = 0.00014, final_loss = 5.0214, nll_loss = 4.9440, ref_nll_loss = 5.0989, ivc_loss = 0.0563, neg_loss_1 = 0.0018, neg_loss_2 = 0.0015, ref_loss = 0.0210, div_loss = 0.0799, 0.528 seconds/batch
2026-04-16 19:53:28,296 - Epoch 3, Batch 1050, lr = 0.00014, final_loss = 4.9661, nll_loss = 4.8893, ref_nll_loss = 5.0429, ivc_loss = 0.0580, neg_loss_1 = 0.0024, neg_loss_2 = 0.0011, ref_loss = 0.0214, div_loss = 0.0824, 0.532 seconds/batch
2026-04-16 19:53:59,248 - Epoch 3, Batch 1100, lr = 0.00014, final_loss = 4.9597, nll_loss = 4.8838, ref_nll_loss = 5.0356, ivc_loss = 0.0611, neg_loss_1 = 0.0016, neg_loss_2 = 0.0012, ref_loss = 0.0237, div_loss = 0.0797, 0.536 seconds/batch
2026-04-16 19:54:30,163 - Epoch 3, Batch 1150, lr = 0.00014, final_loss = 4.9945, nll_loss = 4.9176, ref_nll_loss = 5.0714, ivc_loss = 0.0557, neg_loss_1 = 0.0015, neg_loss_2 = 0.0002, ref_loss = 0.0221, div_loss = 0.0809, 0.540 seconds/batch
2026-04-16 19:54:42,421 - Epoch 3, Batch 1170, lr = 0.00014, final_loss = 4.9775, nll_loss = 4.8994, ref_nll_loss = 5.0555, ivc_loss = 0.0580, neg_loss_1 = 0.0015, neg_loss_2 = 0.0004, ref_loss = 0.0229, div_loss = 0.0826, 0.541 seconds/batch
2026-04-16 19:54:42,485 - save model to checkpoints/activitynet/base/model-3.pt, num_updates 3510.
2026-04-16 19:58:20,202 - | R@1,mIoU 0.3619 | R@1,IoU@0.1 0.8334 | R@1,IoU@0.3 0.5337 | R@1,IoU@0.5 0.2727 | R@1,IoU@0.7 0.1228 | R@1,IoU@0.9 0.0366 | R@5,mIoU 0.4398 | R@5,IoU@0.1 0.8808 | R@5,IoU@0.3 0.6347 | R@5,IoU@0.5 0.4074 | R@5,IoU@0.7 0.1968 | R@5,IoU@0.9 0.0822 |
2026-04-16 19:58:20,273 - Best results have been updated.
2026-04-16 19:58:20,273 - ============================================================
2026-04-16 19:58:20,273 - Start Epoch 4
2026-04-16 19:58:45,171 - Epoch 4, Batch 50, lr = 0.00013, final_loss = 4.9294, nll_loss = 4.8497, ref_nll_loss = 5.0091, ivc_loss = 0.0520, neg_loss_1 = 0.0011, neg_loss_2 = 0.0007, ref_loss = 0.0199, div_loss = 0.0849, 0.498 seconds/batch
2026-04-16 19:59:09,781 - Epoch 4, Batch 100, lr = 0.00013, final_loss = 4.9448, nll_loss = 4.8651, ref_nll_loss = 5.0245, ivc_loss = 0.0561, neg_loss_1 = 0.0014, neg_loss_2 = 0.0008, ref_loss = 0.0214, div_loss = 0.0899, 0.495 seconds/batch
2026-04-16 19:59:34,352 - Epoch 4, Batch 150, lr = 0.00013, final_loss = 4.9138, nll_loss = 4.8356, ref_nll_loss = 4.9920, ivc_loss = 0.0587, neg_loss_1 = 0.0011, neg_loss_2 = 0.0006, ref_loss = 0.0233, div_loss = 0.0859, 0.494 seconds/batch
2026-04-16 19:59:54,403 - Epoch 4, Batch 200, lr = 0.00013, final_loss = 4.9168, nll_loss = 4.8390, ref_nll_loss = 4.9946, ivc_loss = 0.0561, neg_loss_1 = 0.0015, neg_loss_2 = 0.0004, ref_loss = 0.0217, div_loss = 0.0911, 0.471 seconds/batch
2026-04-16 20:00:19,046 - Epoch 4, Batch 250, lr = 0.00013, final_loss = 4.9324, nll_loss = 4.8509, ref_nll_loss = 5.0138, ivc_loss = 0.0539, neg_loss_1 = 0.0011, neg_loss_2 = 0.0006, ref_loss = 0.0207, div_loss = 0.0899, 0.475 seconds/batch
2026-04-16 20:00:43,634 - Epoch 4, Batch 300, lr = 0.00013, final_loss = 4.9244, nll_loss = 4.8422, ref_nll_loss = 5.0065, ivc_loss = 0.0540, neg_loss_1 = 0.0014, neg_loss_2 = 0.0006, ref_loss = 0.0204, div_loss = 0.0912, 0.478 seconds/batch
2026-04-16 20:01:08,008 - Epoch 4, Batch 350, lr = 0.00013, final_loss = 4.9097, nll_loss = 4.8283, ref_nll_loss = 4.9912, ivc_loss = 0.0496, neg_loss_1 = 0.0010, neg_loss_2 = 0.0004, ref_loss = 0.0189, div_loss = 0.0895, 0.479 seconds/batch
2026-04-16 20:01:32,592 - Epoch 4, Batch 400, lr = 0.00013, final_loss = 4.9315, nll_loss = 4.8466, ref_nll_loss = 5.0163, ivc_loss = 0.0492, neg_loss_1 = 0.0017, neg_loss_2 = 0.0002, ref_loss = 0.0183, div_loss = 0.0867, 0.481 seconds/batch
2026-04-16 20:01:57,447 - Epoch 4, Batch 450, lr = 0.00013, final_loss = 4.9577, nll_loss = 4.8765, ref_nll_loss = 5.0389, ivc_loss = 0.0520, neg_loss_1 = 0.0014, neg_loss_2 = 0.0009, ref_loss = 0.0195, div_loss = 0.0844, 0.483 seconds/batch
2026-04-16 20:02:22,228 - Epoch 4, Batch 500, lr = 0.00013, final_loss = 4.9130, nll_loss = 4.8321, ref_nll_loss = 4.9940, ivc_loss = 0.0516, neg_loss_1 = 0.0014, neg_loss_2 = 0.0006, ref_loss = 0.0195, div_loss = 0.0860, 0.484 seconds/batch
2026-04-16 20:02:46,769 - Epoch 4, Batch 550, lr = 0.00013, final_loss = 4.9246, nll_loss = 4.8424, ref_nll_loss = 5.0068, ivc_loss = 0.0538, neg_loss_1 = 0.0006, neg_loss_2 = 0.0006, ref_loss = 0.0211, div_loss = 0.0906, 0.485 seconds/batch
2026-04-16 20:03:11,311 - Epoch 4, Batch 600, lr = 0.00012, final_loss = 4.9300, nll_loss = 4.8424, ref_nll_loss = 5.0177, ivc_loss = 0.0482, neg_loss_1 = 0.0007, neg_loss_2 = 0.0003, ref_loss = 0.0184, div_loss = 0.0920, 0.485 seconds/batch
2026-04-16 20:03:35,741 - Epoch 4, Batch 650, lr = 0.00012, final_loss = 4.8974, nll_loss = 4.8135, ref_nll_loss = 4.9813, ivc_loss = 0.0528, neg_loss_1 = 0.0019, neg_loss_2 = 0.0004, ref_loss = 0.0194, div_loss = 0.0932, 0.485 seconds/batch
2026-04-16 20:04:01,570 - Epoch 4, Batch 700, lr = 0.00012, final_loss = 4.8961, nll_loss = 4.8127, ref_nll_loss = 4.9796, ivc_loss = 0.0546, neg_loss_1 = 0.0013, neg_loss_2 = 0.0009, ref_loss = 0.0203, div_loss = 0.0964, 0.488 seconds/batch
2026-04-16 20:04:32,488 - Epoch 4, Batch 750, lr = 0.00012, final_loss = 4.9041, nll_loss = 4.8211, ref_nll_loss = 4.9872, ivc_loss = 0.0538, neg_loss_1 = 0.0018, neg_loss_2 = 0.0005, ref_loss = 0.0201, div_loss = 0.0903, 0.496 seconds/batch
2026-04-16 20:05:03,658 - Epoch 4, Batch 800, lr = 0.00012, final_loss = 4.8638, nll_loss = 4.7806, ref_nll_loss = 4.9469, ivc_loss = 0.0525, neg_loss_1 = 0.0011, neg_loss_2 = 0.0005, ref_loss = 0.0199, div_loss = 0.0956, 0.504 seconds/batch
2026-04-16 20:05:34,957 - Epoch 4, Batch 850, lr = 0.00012, final_loss = 4.8787, nll_loss = 4.7971, ref_nll_loss = 4.9602, ivc_loss = 0.0541, neg_loss_1 = 0.0011, neg_loss_2 = 0.0003, ref_loss = 0.0211, div_loss = 0.0904, 0.511 seconds/batch
2026-04-16 20:06:06,052 - Epoch 4, Batch 900, lr = 0.00012, final_loss = 4.8702, nll_loss = 4.7866, ref_nll_loss = 4.9538, ivc_loss = 0.0503, neg_loss_1 = 0.0015, neg_loss_2 = 0.0000, ref_loss = 0.0192, div_loss = 0.0890, 0.518 seconds/batch
2026-04-16 20:06:36,983 - Epoch 4, Batch 950, lr = 0.00012, final_loss = 4.8875, nll_loss = 4.8047, ref_nll_loss = 4.9703, ivc_loss = 0.0509, neg_loss_1 = 0.0009, neg_loss_2 = 0.0007, ref_loss = 0.0193, div_loss = 0.0908, 0.523 seconds/batch
2026-04-16 20:07:08,196 - Epoch 4, Batch 1000, lr = 0.00012, final_loss = 4.9077, nll_loss = 4.8248, ref_nll_loss = 4.9907, ivc_loss = 0.0528, neg_loss_1 = 0.0010, neg_loss_2 = 0.0005, ref_loss = 0.0204, div_loss = 0.0894, 0.528 seconds/batch
2026-04-16 20:07:39,302 - Epoch 4, Batch 1050, lr = 0.00012, final_loss = 4.8840, nll_loss = 4.7980, ref_nll_loss = 4.9701, ivc_loss = 0.0467, neg_loss_1 = 0.0011, neg_loss_2 = 0.0007, ref_loss = 0.0172, div_loss = 0.0881, 0.532 seconds/batch
2026-04-16 20:08:10,298 - Epoch 4, Batch 1100, lr = 0.00012, final_loss = 4.9197, nll_loss = 4.8342, ref_nll_loss = 5.0051, ivc_loss = 0.0490, neg_loss_1 = 0.0011, neg_loss_2 = 0.0005, ref_loss = 0.0184, div_loss = 0.0898, 0.536 seconds/batch
2026-04-16 20:08:41,368 - Epoch 4, Batch 1150, lr = 0.00012, final_loss = 4.8878, nll_loss = 4.8025, ref_nll_loss = 4.9732, ivc_loss = 0.0471, neg_loss_1 = 0.0009, neg_loss_2 = 0.0003, ref_loss = 0.0175, div_loss = 0.0957, 0.540 seconds/batch
2026-04-16 20:08:53,498 - Epoch 4, Batch 1170, lr = 0.00012, final_loss = 4.8625, nll_loss = 4.7828, ref_nll_loss = 4.9423, ivc_loss = 0.0539, neg_loss_1 = 0.0005, neg_loss_2 = 0.0005, ref_loss = 0.0211, div_loss = 0.0969, 0.541 seconds/batch
2026-04-16 20:08:53,561 - save model to checkpoints/activitynet/base/model-4.pt, num_updates 4680.
2026-04-16 20:12:31,291 - | R@1,mIoU 0.3593 | R@1,IoU@0.1 0.8391 | R@1,IoU@0.3 0.5393 | R@1,IoU@0.5 0.2703 | R@1,IoU@0.7 0.1116 | R@1,IoU@0.9 0.0244 | R@5,mIoU 0.4294 | R@5,IoU@0.1 0.8760 | R@5,IoU@0.3 0.6242 | R@5,IoU@0.5 0.3915 | R@5,IoU@0.7 0.1860 | R@5,IoU@0.9 0.0681 |
2026-04-16 20:12:31,292 - ============================================================
2026-04-16 20:12:31,292 - Start Epoch 5
2026-04-16 20:12:56,227 - Epoch 5, Batch 50, lr = 0.00012, final_loss = 4.8360, nll_loss = 4.7528, ref_nll_loss = 4.9193, ivc_loss = 0.0542, neg_loss_1 = 0.0010, neg_loss_2 = 0.0003, ref_loss = 0.0210, div_loss = 0.0960, 0.499 seconds/batch
2026-04-16 20:13:20,855 - Epoch 5, Batch 100, lr = 0.00012, final_loss = 4.7839, nll_loss = 4.6945, ref_nll_loss = 4.8734, ivc_loss = 0.0476, neg_loss_1 = 0.0007, neg_loss_2 = 0.0005, ref_loss = 0.0177, div_loss = 0.0987, 0.496 seconds/batch
2026-04-16 20:13:45,509 - Epoch 5, Batch 150, lr = 0.00012, final_loss = 4.8545, nll_loss = 4.7655, ref_nll_loss = 4.9436, ivc_loss = 0.0466, neg_loss_1 = 0.0011, neg_loss_2 = 0.0002, ref_loss = 0.0169, div_loss = 0.1003, 0.495 seconds/batch
2026-04-16 20:14:05,727 - Epoch 5, Batch 200, lr = 0.00011, final_loss = 4.7779, nll_loss = 4.6912, ref_nll_loss = 4.8646, ivc_loss = 0.0475, neg_loss_1 = 0.0004, neg_loss_2 = 0.0003, ref_loss = 0.0181, div_loss = 0.0987, 0.472 seconds/batch
2026-04-16 20:14:30,375 - Epoch 5, Batch 250, lr = 0.00011, final_loss = 4.8261, nll_loss = 4.7388, ref_nll_loss = 4.9135, ivc_loss = 0.0470, neg_loss_1 = 0.0008, neg_loss_2 = 0.0004, ref_loss = 0.0175, div_loss = 0.0980, 0.476 seconds/batch
2026-04-16 20:14:54,904 - Epoch 5, Batch 300, lr = 0.00011, final_loss = 4.8219, nll_loss = 4.7354, ref_nll_loss = 4.9084, ivc_loss = 0.0493, neg_loss_1 = 0.0012, neg_loss_2 = 0.0004, ref_loss = 0.0182, div_loss = 0.0963, 0.479 seconds/batch
2026-04-16 20:15:19,619 - Epoch 5, Batch 350, lr = 0.00011, final_loss = 4.8081, nll_loss = 4.7219, ref_nll_loss = 4.8943, ivc_loss = 0.0518, neg_loss_1 = 0.0007, neg_loss_2 = 0.0003, ref_loss = 0.0200, div_loss = 0.0996, 0.481 seconds/batch
2026-04-16 20:15:44,339 - Epoch 5, Batch 400, lr = 0.00011, final_loss = 4.8007, nll_loss = 4.7100, ref_nll_loss = 4.8913, ivc_loss = 0.0481, neg_loss_1 = 0.0010, neg_loss_2 = 0.0002, ref_loss = 0.0178, div_loss = 0.1015, 0.483 seconds/batch
2026-04-16 20:16:09,031 - Epoch 5, Batch 450, lr = 0.00011, final_loss = 4.8129, nll_loss = 4.7265, ref_nll_loss = 4.8993, ivc_loss = 0.0501, neg_loss_1 = 0.0009, neg_loss_2 = 0.0002, ref_loss = 0.0191, div_loss = 0.0981, 0.484 seconds/batch
2026-04-16 20:16:33,686 - Epoch 5, Batch 500, lr = 0.00011, final_loss = 4.8279, nll_loss = 4.7398, ref_nll_loss = 4.9160, ivc_loss = 0.0501, neg_loss_1 = 0.0009, neg_loss_2 = 0.0007, ref_loss = 0.0186, div_loss = 0.0991, 0.485 seconds/batch
2026-04-16 20:16:58,274 - Epoch 5, Batch 550, lr = 0.00011, final_loss = 4.7845, nll_loss = 4.6972, ref_nll_loss = 4.8718, ivc_loss = 0.0509, neg_loss_1 = 0.0014, neg_loss_2 = 0.0008, ref_loss = 0.0181, div_loss = 0.1045, 0.485 seconds/batch
2026-04-16 20:17:23,039 - Epoch 5, Batch 600, lr = 0.00011, final_loss = 4.8085, nll_loss = 4.7178, ref_nll_loss = 4.8991, ivc_loss = 0.0473, neg_loss_1 = 0.0010, neg_loss_2 = 0.0004, ref_loss = 0.0168, div_loss = 0.1081, 0.486 seconds/batch
2026-04-16 20:17:47,751 - Epoch 5, Batch 650, lr = 0.00011, final_loss = 4.8311, nll_loss = 4.7392, ref_nll_loss = 4.9230, ivc_loss = 0.0443, neg_loss_1 = 0.0004, neg_loss_2 = 0.0004, ref_loss = 0.0160, div_loss = 0.1061, 0.487 seconds/batch
2026-04-16 20:18:13,167 - Epoch 5, Batch 700, lr = 0.00011, final_loss = 4.8241, nll_loss = 4.7345, ref_nll_loss = 4.9137, ivc_loss = 0.0481, neg_loss_1 = 0.0006, neg_loss_2 = 0.0002, ref_loss = 0.0181, div_loss = 0.1031, 0.488 seconds/batch
2026-04-16 20:18:44,114 - Epoch 5, Batch 750, lr = 0.00011, final_loss = 4.7835, nll_loss = 4.6950, ref_nll_loss = 4.8719, ivc_loss = 0.0485, neg_loss_1 = 0.0003, neg_loss_2 = 0.0006, ref_loss = 0.0181, div_loss = 0.1058, 0.497 seconds/batch
2026-04-16 20:19:15,169 - Epoch 5, Batch 800, lr = 0.00011, final_loss = 4.7868, nll_loss = 4.6968, ref_nll_loss = 4.8768, ivc_loss = 0.0468, neg_loss_1 = 0.0007, neg_loss_2 = 0.0004, ref_loss = 0.0171, div_loss = 0.1043, 0.505 seconds/batch
2026-04-16 20:19:46,250 - Epoch 5, Batch 850, lr = 0.00011, final_loss = 4.7699, nll_loss = 4.6811, ref_nll_loss = 4.8588, ivc_loss = 0.0493, neg_loss_1 = 0.0011, neg_loss_2 = 0.0003, ref_loss = 0.0184, div_loss = 0.0961, 0.512 seconds/batch
2026-04-16 20:20:17,484 - Epoch 5, Batch 900, lr = 0.00011, final_loss = 4.7988, nll_loss = 4.7089, ref_nll_loss = 4.8888, ivc_loss = 0.0495, neg_loss_1 = 0.0013, neg_loss_2 = 0.0003, ref_loss = 0.0182, div_loss = 0.0999, 0.518 seconds/batch
2026-04-16 20:20:48,440 - Epoch 5, Batch 950, lr = 0.00011, final_loss = 4.7996, nll_loss = 4.7120, ref_nll_loss = 4.8871, ivc_loss = 0.0539, neg_loss_1 = 0.0020, neg_loss_2 = 0.0007, ref_loss = 0.0190, div_loss = 0.1043, 0.523 seconds/batch
2026-04-16 20:21:19,698 - Epoch 5, Batch 1000, lr = 0.00011, final_loss = 4.7658, nll_loss = 4.6756, ref_nll_loss = 4.8561, ivc_loss = 0.0458, neg_loss_1 = 0.0009, neg_loss_2 = 0.0004, ref_loss = 0.0167, div_loss = 0.0988, 0.528 seconds/batch
2026-04-16 20:21:50,619 - Epoch 5, Batch 1050, lr = 0.00011, final_loss = 4.8040, nll_loss = 4.7147, ref_nll_loss = 4.8933, ivc_loss = 0.0483, neg_loss_1 = 0.0008, neg_loss_2 = 0.0003, ref_loss = 0.0181, div_loss = 0.0989, 0.533 seconds/batch
2026-04-16 20:22:21,650 - Epoch 5, Batch 1100, lr = 0.00011, final_loss = 4.8074, nll_loss = 4.7154, ref_nll_loss = 4.8994, ivc_loss = 0.0452, neg_loss_1 = 0.0011, neg_loss_2 = 0.0004, ref_loss = 0.0159, div_loss = 0.1028, 0.537 seconds/batch
2026-04-16 20:22:52,725 - Epoch 5, Batch 1150, lr = 0.00010, final_loss = 4.7414, nll_loss = 4.6504, ref_nll_loss = 4.8324, ivc_loss = 0.0465, neg_loss_1 = 0.0009, neg_loss_2 = 0.0006, ref_loss = 0.0164, div_loss = 0.1073, 0.540 seconds/batch
2026-04-16 20:23:04,858 - Epoch 5, Batch 1170, lr = 0.00010, final_loss = 4.7232, nll_loss = 4.6318, ref_nll_loss = 4.8146, ivc_loss = 0.0455, neg_loss_1 = 0.0003, neg_loss_2 = 0.0001, ref_loss = 0.0172, div_loss = 0.1036, 0.542 seconds/batch
2026-04-16 20:23:04,922 - save model to checkpoints/activitynet/base/model-5.pt, num_updates 5850.
2026-04-16 20:26:42,850 - | R@1,mIoU 0.3616 | R@1,IoU@0.1 0.8323 | R@1,IoU@0.3 0.5480 | R@1,IoU@0.5 0.2865 | R@1,IoU@0.7 0.1045 | R@1,IoU@0.9 0.0228 | R@5,mIoU 0.4415 | R@5,IoU@0.1 0.8759 | R@5,IoU@0.3 0.6324 | R@5,IoU@0.5 0.4136 | R@5,IoU@0.7 0.1996 | R@5,IoU@0.9 0.0823 |
2026-04-16 20:26:42,850 - ============================================================
2026-04-16 20:26:42,850 - Start Epoch 6
2026-04-16 20:27:07,665 - Epoch 6, Batch 50, lr = 0.00010, final_loss = 4.7308, nll_loss = 4.6383, ref_nll_loss = 4.8233, ivc_loss = 0.0468, neg_loss_1 = 0.0006, neg_loss_2 = 0.0002, ref_loss = 0.0173, div_loss = 0.1061, 0.496 seconds/batch
2026-04-16 20:27:32,397 - Epoch 6, Batch 100, lr = 0.00010, final_loss = 4.7013, nll_loss = 4.6113, ref_nll_loss = 4.7913, ivc_loss = 0.0464, neg_loss_1 = 0.0005, neg_loss_2 = 0.0001, ref_loss = 0.0171, div_loss = 0.1079, 0.495 seconds/batch
2026-04-16 20:27:57,159 - Epoch 6, Batch 150, lr = 0.00010, final_loss = 4.7552, nll_loss = 4.6622, ref_nll_loss = 4.8483, ivc_loss = 0.0467, neg_loss_1 = 0.0011, neg_loss_2 = 0.0001, ref_loss = 0.0169, div_loss = 0.1053, 0.495 seconds/batch
2026-04-16 20:28:17,340 - Epoch 6, Batch 200, lr = 0.00010, final_loss = 4.7726, nll_loss = 4.6822, ref_nll_loss = 4.8630, ivc_loss = 0.0495, neg_loss_1 = 0.0009, neg_loss_2 = 0.0004, ref_loss = 0.0183, div_loss = 0.1023, 0.472 seconds/batch
2026-04-16 20:28:42,005 - Epoch 6, Batch 250, lr = 0.00010, final_loss = 4.7523, nll_loss = 4.6600, ref_nll_loss = 4.8446, ivc_loss = 0.0464, neg_loss_1 = 0.0007, neg_loss_2 = 0.0001, ref_loss = 0.0173, div_loss = 0.1025, 0.477 seconds/batch
2026-04-16 20:29:06,598 - Epoch 6, Batch 300, lr = 0.00010, final_loss = 4.7455, nll_loss = 4.6519, ref_nll_loss = 4.8390, ivc_loss = 0.0454, neg_loss_1 = 0.0009, neg_loss_2 = 0.0002, ref_loss = 0.0164, div_loss = 0.1031, 0.479 seconds/batch
2026-04-16 20:29:31,293 - Epoch 6, Batch 350, lr = 0.00010, final_loss = 4.7570, nll_loss = 4.6706, ref_nll_loss = 4.8434, ivc_loss = 0.0501, neg_loss_1 = 0.0005, neg_loss_2 = 0.0005, ref_loss = 0.0188, div_loss = 0.1038, 0.481 seconds/batch
2026-04-16 20:29:55,977 - Epoch 6, Batch 400, lr = 0.00010, final_loss = 4.6586, nll_loss = 4.5654, ref_nll_loss = 4.7518, ivc_loss = 0.0444, neg_loss_1 = 0.0008, neg_loss_2 = 0.0001, ref_loss = 0.0162, div_loss = 0.1010, 0.483 seconds/batch
2026-04-16 20:30:20,697 - Epoch 6, Batch 450, lr = 0.00010, final_loss = 4.7339, nll_loss = 4.6396, ref_nll_loss = 4.8282, ivc_loss = 0.0454, neg_loss_1 = 0.0008, neg_loss_2 = 0.0003, ref_loss = 0.0166, div_loss = 0.1005, 0.484 seconds/batch
2026-04-16 20:30:45,366 - Epoch 6, Batch 500, lr = 0.00010, final_loss = 4.7343, nll_loss = 4.6413, ref_nll_loss = 4.8274, ivc_loss = 0.0468, neg_loss_1 = 0.0006, neg_loss_2 = 0.0003, ref_loss = 0.0174, div_loss = 0.1034, 0.485 seconds/batch
2026-04-16 20:31:10,075 - Epoch 6, Batch 550, lr = 0.00010, final_loss = 4.7460, nll_loss = 4.6528, ref_nll_loss = 4.8392, ivc_loss = 0.0470, neg_loss_1 = 0.0009, neg_loss_2 = 0.0004, ref_loss = 0.0169, div_loss = 0.1058, 0.486 seconds/batch
2026-04-16 20:31:34,665 - Epoch 6, Batch 600, lr = 0.00010, final_loss = 4.7157, nll_loss = 4.6230, ref_nll_loss = 4.8084, ivc_loss = 0.0453, neg_loss_1 = 0.0008, neg_loss_2 = 0.0002, ref_loss = 0.0164, div_loss = 0.1060, 0.486 seconds/batch
2026-04-16 20:31:59,436 - Epoch 6, Batch 650, lr = 0.00010, final_loss = 4.7331, nll_loss = 4.6388, ref_nll_loss = 4.8273, ivc_loss = 0.0441, neg_loss_1 = 0.0003, neg_loss_2 = 0.0002, ref_loss = 0.0162, div_loss = 0.1054, 0.487 seconds/batch
2026-04-16 20:32:24,828 - Epoch 6, Batch 700, lr = 0.00010, final_loss = 4.6585, nll_loss = 4.5671, ref_nll_loss = 4.7498, ivc_loss = 0.0469, neg_loss_1 = 0.0010, neg_loss_2 = 0.0000, ref_loss = 0.0170, div_loss = 0.1092, 0.489 seconds/batch
2026-04-16 20:32:55,925 - Epoch 6, Batch 750, lr = 0.00010, final_loss = 4.7280, nll_loss = 4.6327, ref_nll_loss = 4.8232, ivc_loss = 0.0455, neg_loss_1 = 0.0003, neg_loss_2 = 0.0000, ref_loss = 0.0170, div_loss = 0.1077, 0.497 seconds/batch
2026-04-16 20:33:26,955 - Epoch 6, Batch 800, lr = 0.00010, final_loss = 4.7145, nll_loss = 4.6233, ref_nll_loss = 4.8057, ivc_loss = 0.0464, neg_loss_1 = 0.0002, neg_loss_2 = 0.0002, ref_loss = 0.0174, div_loss = 0.1071, 0.505 seconds/batch
2026-04-16 20:33:57,993 - Epoch 6, Batch 850, lr = 0.00010, final_loss = 4.7088, nll_loss = 4.6124, ref_nll_loss = 4.8052, ivc_loss = 0.0419, neg_loss_1 = 0.0006, neg_loss_2 = 0.0003, ref_loss = 0.0149, div_loss = 0.1023, 0.512 seconds/batch
2026-04-16 20:34:28,837 - Epoch 6, Batch 900, lr = 0.00010, final_loss = 4.6953, nll_loss = 4.5987, ref_nll_loss = 4.7920, ivc_loss = 0.0407, neg_loss_1 = 0.0002, neg_loss_2 = 0.0003, ref_loss = 0.0147, div_loss = 0.1036, 0.518 seconds/batch
2026-04-16 20:34:59,908 - Epoch 6, Batch 950, lr = 0.00010, final_loss = 4.7198, nll_loss = 4.6254, ref_nll_loss = 4.8142, ivc_loss = 0.0446, neg_loss_1 = 0.0009, neg_loss_2 = 0.0003, ref_loss = 0.0160, div_loss = 0.1035, 0.523 seconds/batch
2026-04-16 20:35:31,146 - Epoch 6, Batch 1000, lr = 0.00010, final_loss = 4.7258, nll_loss = 4.6294, ref_nll_loss = 4.8222, ivc_loss = 0.0445, neg_loss_1 = 0.0016, neg_loss_2 = 0.0001, ref_loss = 0.0153, div_loss = 0.1049, 0.528 seconds/batch
2026-04-16 20:36:02,074 - Epoch 6, Batch 1050, lr = 0.00010, final_loss = 4.7133, nll_loss = 4.6220, ref_nll_loss = 4.8045, ivc_loss = 0.0470, neg_loss_1 = 0.0010, neg_loss_2 = 0.0005, ref_loss = 0.0171, div_loss = 0.0984, 0.533 seconds/batch
2026-04-16 20:36:32,958 - Epoch 6, Batch 1100, lr = 0.00010, final_loss = 4.7148, nll_loss = 4.6226, ref_nll_loss = 4.8070, ivc_loss = 0.0462, neg_loss_1 = 0.0007, neg_loss_2 = 0.0002, ref_loss = 0.0175, div_loss = 0.0969, 0.536 seconds/batch
2026-04-16 20:37:04,058 - Epoch 6, Batch 1150, lr = 0.00010, final_loss = 4.7188, nll_loss = 4.6283, ref_nll_loss = 4.8092, ivc_loss = 0.0456, neg_loss_1 = 0.0007, neg_loss_2 = 0.0001, ref_loss = 0.0169, div_loss = 0.1018, 0.540 seconds/batch
2026-04-16 20:37:16,392 - Epoch 6, Batch 1170, lr = 0.00010, final_loss = 4.6755, nll_loss = 4.5777, ref_nll_loss = 4.7733, ivc_loss = 0.0394, neg_loss_1 = 0.0005, neg_loss_2 = 0.0000, ref_loss = 0.0140, div_loss = 0.1041, 0.541 seconds/batch
2026-04-16 20:37:16,456 - save model to checkpoints/activitynet/base/model-6.pt, num_updates 7020.
2026-04-16 20:40:52,825 - | R@1,mIoU 0.3622 | R@1,IoU@0.1 0.8365 | R@1,IoU@0.3 0.5442 | R@1,IoU@0.5 0.2767 | R@1,IoU@0.7 0.1124 | R@1,IoU@0.9 0.0282 | R@5,mIoU 0.4364 | R@5,IoU@0.1 0.8751 | R@5,IoU@0.3 0.6259 | R@5,IoU@0.5 0.4046 | R@5,IoU@0.7 0.1960 | R@5,IoU@0.9 0.0755 |
2026-04-16 20:40:52,905 - Best results have been updated.
2026-04-16 20:40:52,906 - ============================================================
2026-04-16 20:40:52,906 - Start Epoch 7
2026-04-16 20:41:17,622 - Epoch 7, Batch 50, lr = 0.00010, final_loss = 4.6137, nll_loss = 4.5156, ref_nll_loss = 4.7118, ivc_loss = 0.0400, neg_loss_1 = 0.0005, neg_loss_2 = 0.0001, ref_loss = 0.0143, div_loss = 0.1025, 0.494 seconds/batch
2026-04-16 20:41:42,198 - Epoch 7, Batch 100, lr = 0.00009, final_loss = 4.6651, nll_loss = 4.5693, ref_nll_loss = 4.7609, ivc_loss = 0.0409, neg_loss_1 = 0.0009, neg_loss_2 = 0.0002, ref_loss = 0.0144, div_loss = 0.0986, 0.493 seconds/batch
2026-04-16 20:42:07,034 - Epoch 7, Batch 150, lr = 0.00009, final_loss = 4.6775, nll_loss = 4.5868, ref_nll_loss = 4.7682, ivc_loss = 0.0490, neg_loss_1 = 0.0011, neg_loss_2 = 0.0003, ref_loss = 0.0184, div_loss = 0.0952, 0.494 seconds/batch
2026-04-16 20:42:27,434 - Epoch 7, Batch 200, lr = 0.00009, final_loss = 4.6516, nll_loss = 4.5570, ref_nll_loss = 4.7462, ivc_loss = 0.0405, neg_loss_1 = 0.0006, neg_loss_2 = 0.0004, ref_loss = 0.0144, div_loss = 0.0965, 0.473 seconds/batch
2026-04-16 20:42:51,844 - Epoch 7, Batch 250, lr = 0.00009, final_loss = 4.6647, nll_loss = 4.5717, ref_nll_loss = 4.7578, ivc_loss = 0.0455, neg_loss_1 = 0.0005, neg_loss_2 = 0.0001, ref_loss = 0.0171, div_loss = 0.1022, 0.476 seconds/batch
2026-04-16 20:43:16,603 - Epoch 7, Batch 300, lr = 0.00009, final_loss = 4.6611, nll_loss = 4.5666, ref_nll_loss = 4.7556, ivc_loss = 0.0438, neg_loss_1 = 0.0005, neg_loss_2 = 0.0002, ref_loss = 0.0161, div_loss = 0.1041, 0.479 seconds/batch
2026-04-16 20:43:41,403 - Epoch 7, Batch 350, lr = 0.00009, final_loss = 4.6784, nll_loss = 4.5846, ref_nll_loss = 4.7721, ivc_loss = 0.0460, neg_loss_1 = 0.0008, neg_loss_2 = 0.0004, ref_loss = 0.0170, div_loss = 0.0964, 0.481 seconds/batch
2026-04-16 20:44:06,070 - Epoch 7, Batch 400, lr = 0.00009, final_loss = 4.6836, nll_loss = 4.5879, ref_nll_loss = 4.7793, ivc_loss = 0.0413, neg_loss_1 = 0.0005, neg_loss_2 = 0.0001, ref_loss = 0.0153, div_loss = 0.0963, 0.483 seconds/batch
2026-04-16 20:44:30,868 - Epoch 7, Batch 450, lr = 0.00009, final_loss = 4.6610, nll_loss = 4.5641, ref_nll_loss = 4.7579, ivc_loss = 0.0411, neg_loss_1 = 0.0012, neg_loss_2 = 0.0001, ref_loss = 0.0143, div_loss = 0.0987, 0.484 seconds/batch
2026-04-16 20:44:55,521 - Epoch 7, Batch 500, lr = 0.00009, final_loss = 4.6632, nll_loss = 4.5673, ref_nll_loss = 4.7592, ivc_loss = 0.0462, neg_loss_1 = 0.0004, neg_loss_2 = 0.0006, ref_loss = 0.0168, div_loss = 0.1058, 0.485 seconds/batch
2026-04-16 20:45:20,189 - Epoch 7, Batch 550, lr = 0.00009, final_loss = 4.6314, nll_loss = 4.5363, ref_nll_loss = 4.7266, ivc_loss = 0.0459, neg_loss_1 = 0.0005, neg_loss_2 = 0.0002, ref_loss = 0.0168, div_loss = 0.1087, 0.486 seconds/batch
2026-04-16 20:45:44,673 - Epoch 7, Batch 600, lr = 0.00009, final_loss = 4.6784, nll_loss = 4.5829, ref_nll_loss = 4.7739, ivc_loss = 0.0461, neg_loss_1 = 0.0006, neg_loss_2 = 0.0004, ref_loss = 0.0167, div_loss = 0.1067, 0.486 seconds/batch
2026-04-16 20:46:09,063 - Epoch 7, Batch 650, lr = 0.00009, final_loss = 4.6394, nll_loss = 4.5458, ref_nll_loss = 4.7331, ivc_loss = 0.0459, neg_loss_1 = 0.0007, neg_loss_2 = 0.0004, ref_loss = 0.0165, div_loss = 0.1077, 0.486 seconds/batch
2026-04-16 20:46:33,823 - Epoch 7, Batch 700, lr = 0.00009, final_loss = 4.6487, nll_loss = 4.5522, ref_nll_loss = 4.7451, ivc_loss = 0.0444, neg_loss_1 = 0.0006, neg_loss_2 = 0.0000, ref_loss = 0.0164, div_loss = 0.1037, 0.487 seconds/batch
2026-04-16 20:47:04,650 - Epoch 7, Batch 750, lr = 0.00009, final_loss = 4.6535, nll_loss = 4.5579, ref_nll_loss = 4.7490, ivc_loss = 0.0425, neg_loss_1 = 0.0006, neg_loss_2 = 0.0004, ref_loss = 0.0150, div_loss = 0.1040, 0.496 seconds/batch
2026-04-16 20:47:35,678 - Epoch 7, Batch 800, lr = 0.00009, final_loss = 4.6988, nll_loss = 4.6040, ref_nll_loss = 4.7936, ivc_loss = 0.0418, neg_loss_1 = 0.0003, neg_loss_2 = 0.0003, ref_loss = 0.0151, div_loss = 0.1059, 0.503 seconds/batch
2026-04-16 20:48:06,582 - Epoch 7, Batch 850, lr = 0.00009, final_loss = 4.6480, nll_loss = 4.5531, ref_nll_loss = 4.7429, ivc_loss = 0.0470, neg_loss_1 = 0.0004, neg_loss_2 = 0.0009, ref_loss = 0.0167, div_loss = 0.1101, 0.510 seconds/batch
2026-04-16 20:48:37,640 - Epoch 7, Batch 900, lr = 0.00009, final_loss = 4.6507, nll_loss = 4.5524, ref_nll_loss = 4.7491, ivc_loss = 0.0439, neg_loss_1 = 0.0004, neg_loss_2 = 0.0003, ref_loss = 0.0157, div_loss = 0.1115, 0.516 seconds/batch
2026-04-16 20:49:08,738 - Epoch 7, Batch 950, lr = 0.00009, final_loss = 4.6899, nll_loss = 4.5919, ref_nll_loss = 4.7878, ivc_loss = 0.0416, neg_loss_1 = 0.0001, neg_loss_2 = 0.0003, ref_loss = 0.0151, div_loss = 0.1056, 0.522 seconds/batch
2026-04-16 20:49:39,691 - Epoch 7, Batch 1000, lr = 0.00009, final_loss = 4.6547, nll_loss = 4.5575, ref_nll_loss = 4.7518, ivc_loss = 0.0431, neg_loss_1 = 0.0002, neg_loss_2 = 0.0001, ref_loss = 0.0159, div_loss = 0.1068, 0.527 seconds/batch
2026-04-16 20:50:10,704 - Epoch 7, Batch 1050, lr = 0.00009, final_loss = 4.6378, nll_loss = 4.5391, ref_nll_loss = 4.7365, ivc_loss = 0.0424, neg_loss_1 = 0.0007, neg_loss_2 = 0.0003, ref_loss = 0.0149, div_loss = 0.1056, 0.531 seconds/batch
2026-04-16 20:50:41,714 - Epoch 7, Batch 1100, lr = 0.00009, final_loss = 4.6527, nll_loss = 4.5573, ref_nll_loss = 4.7481, ivc_loss = 0.0431, neg_loss_1 = 0.0005, neg_loss_2 = 0.0002, ref_loss = 0.0156, div_loss = 0.1040, 0.535 seconds/batch
2026-04-16 20:51:12,766 - Epoch 7, Batch 1150, lr = 0.00009, final_loss = 4.6049, nll_loss = 4.5048, ref_nll_loss = 4.7049, ivc_loss = 0.0386, neg_loss_1 = 0.0002, neg_loss_2 = 0.0000, ref_loss = 0.0137, div_loss = 0.1085, 0.539 seconds/batch
2026-04-16 20:51:25,022 - Epoch 7, Batch 1170, lr = 0.00009, final_loss = 4.6099, nll_loss = 4.5109, ref_nll_loss = 4.7090, ivc_loss = 0.0381, neg_loss_1 = 0.0000, neg_loss_2 = 0.0000, ref_loss = 0.0138, div_loss = 0.1049, 0.540 seconds/batch
2026-04-16 20:51:25,086 - save model to checkpoints/activitynet/base/model-7.pt, num_updates 8190.
2026-04-16 20:55:03,790 - | R@1,mIoU 0.3581 | R@1,IoU@0.1 0.8358 | R@1,IoU@0.3 0.5344 | R@1,IoU@0.5 0.2651 | R@1,IoU@0.7 0.1247 | R@1,IoU@0.9 0.0231 | R@5,mIoU 0.4350 | R@5,IoU@0.1 0.8740 | R@5,IoU@0.3 0.6203 | R@5,IoU@0.5 0.4048 | R@5,IoU@0.7 0.1989 | R@5,IoU@0.9 0.0757 |
2026-04-16 20:55:03,790 - ============================================================
2026-04-16 20:55:03,790 - Start Epoch 8
2026-04-16 20:55:28,676 - Epoch 8, Batch 50, lr = 0.00009, final_loss = 4.5837, nll_loss = 4.4880, ref_nll_loss = 4.6795, ivc_loss = 0.0417, neg_loss_1 = 0.0003, neg_loss_2 = 0.0002, ref_loss = 0.0150, div_loss = 0.1083, 0.498 seconds/batch
2026-04-16 20:55:53,303 - Epoch 8, Batch 100, lr = 0.00009, final_loss = 4.6086, nll_loss = 4.5077, ref_nll_loss = 4.7096, ivc_loss = 0.0386, neg_loss_1 = 0.0004, neg_loss_2 = 0.0002, ref_loss = 0.0132, div_loss = 0.1083, 0.495 seconds/batch
2026-04-16 20:56:17,846 - Epoch 8, Batch 150, lr = 0.00009, final_loss = 4.6102, nll_loss = 4.5111, ref_nll_loss = 4.7092, ivc_loss = 0.0407, neg_loss_1 = 0.0004, neg_loss_2 = 0.0001, ref_loss = 0.0145, div_loss = 0.1083, 0.494 seconds/batch
2026-04-16 20:56:38,603 - Epoch 8, Batch 200, lr = 0.00009, final_loss = 4.5970, nll_loss = 4.4998, ref_nll_loss = 4.6941, ivc_loss = 0.0439, neg_loss_1 = 0.0004, neg_loss_2 = 0.0003, ref_loss = 0.0158, div_loss = 0.1083, 0.474 seconds/batch
2026-04-16 20:57:02,725 - Epoch 8, Batch 250, lr = 0.00009, final_loss = 4.5911, nll_loss = 4.4915, ref_nll_loss = 4.6907, ivc_loss = 0.0397, neg_loss_1 = 0.0004, neg_loss_2 = 0.0003, ref_loss = 0.0137, div_loss = 0.1091, 0.476 seconds/batch
2026-04-16 20:57:27,361 - Epoch 8, Batch 300, lr = 0.00009, final_loss = 4.6079, nll_loss = 4.5130, ref_nll_loss = 4.7028, ivc_loss = 0.0451, neg_loss_1 = 0.0007, neg_loss_2 = 0.0003, ref_loss = 0.0161, div_loss = 0.1080, 0.479 seconds/batch
2026-04-16 20:57:52,148 - Epoch 8, Batch 350, lr = 0.00009, final_loss = 4.6345, nll_loss = 4.5362, ref_nll_loss = 4.7329, ivc_loss = 0.0410, neg_loss_1 = 0.0005, neg_loss_2 = 0.0001, ref_loss = 0.0144, div_loss = 0.1100, 0.481 seconds/batch
2026-04-16 20:58:16,728 - Epoch 8, Batch 400, lr = 0.00009, final_loss = 4.6369, nll_loss = 4.5380, ref_nll_loss = 4.7358, ivc_loss = 0.0405, neg_loss_1 = 0.0007, neg_loss_2 = 0.0001, ref_loss = 0.0141, div_loss = 0.1077, 0.482 seconds/batch
2026-04-16 20:58:41,374 - Epoch 8, Batch 450, lr = 0.00009, final_loss = 4.6053, nll_loss = 4.5045, ref_nll_loss = 4.7061, ivc_loss = 0.0406, neg_loss_1 = 0.0007, neg_loss_2 = 0.0001, ref_loss = 0.0142, div_loss = 0.1054, 0.484 seconds/batch
2026-04-16 20:59:06,008 - Epoch 8, Batch 500, lr = 0.00009, final_loss = 4.6228, nll_loss = 4.5223, ref_nll_loss = 4.7232, ivc_loss = 0.0417, neg_loss_1 = 0.0005, neg_loss_2 = 0.0001, ref_loss = 0.0149, div_loss = 0.1084, 0.484 seconds/batch
2026-04-16 20:59:30,651 - Epoch 8, Batch 550, lr = 0.00009, final_loss = 4.5794, nll_loss = 4.4816, ref_nll_loss = 4.6773, ivc_loss = 0.0410, neg_loss_1 = 0.0007, neg_loss_2 = 0.0000, ref_loss = 0.0144, div_loss = 0.1088, 0.485 seconds/batch
2026-04-16 20:59:55,246 - Epoch 8, Batch 600, lr = 0.00009, final_loss = 4.6002, nll_loss = 4.5029, ref_nll_loss = 4.6976, ivc_loss = 0.0448, neg_loss_1 = 0.0004, neg_loss_2 = 0.0001, ref_loss = 0.0163, div_loss = 0.1110, 0.486 seconds/batch
2026-04-16 21:00:19,948 - Epoch 8, Batch 650, lr = 0.00009, final_loss = 4.5997, nll_loss = 4.5034, ref_nll_loss = 4.6960, ivc_loss = 0.0459, neg_loss_1 = 0.0004, neg_loss_2 = 0.0007, ref_loss = 0.0166, div_loss = 0.1065, 0.486 seconds/batch
2026-04-16 21:00:44,581 - Epoch 8, Batch 700, lr = 0.00008, final_loss = 4.5841, nll_loss = 4.4854, ref_nll_loss = 4.6827, ivc_loss = 0.0401, neg_loss_1 = 0.0003, neg_loss_2 = 0.0000, ref_loss = 0.0145, div_loss = 0.1061, 0.487 seconds/batch
2026-04-16 21:01:14,902 - Epoch 8, Batch 750, lr = 0.00008, final_loss = 4.5929, nll_loss = 4.4919, ref_nll_loss = 4.6939, ivc_loss = 0.0376, neg_loss_1 = 0.0002, neg_loss_2 = 0.0001, ref_loss = 0.0134, div_loss = 0.1037, 0.495 seconds/batch
2026-04-16 21:01:46,066 - Epoch 8, Batch 800, lr = 0.00008, final_loss = 4.6055, nll_loss = 4.5059, ref_nll_loss = 4.7052, ivc_loss = 0.0416, neg_loss_1 = 0.0006, neg_loss_2 = 0.0002, ref_loss = 0.0144, div_loss = 0.1105, 0.503 seconds/batch
2026-04-16 21:02:17,237 - Epoch 8, Batch 850, lr = 0.00008, final_loss = 4.6057, nll_loss = 4.5090, ref_nll_loss = 4.7024, ivc_loss = 0.0439, neg_loss_1 = 0.0006, neg_loss_2 = 0.0000, ref_loss = 0.0157, div_loss = 0.1111, 0.510 seconds/batch
2026-04-16 21:02:48,107 - Epoch 8, Batch 900, lr = 0.00008, final_loss = 4.6230, nll_loss = 4.5232, ref_nll_loss = 4.7228, ivc_loss = 0.0435, neg_loss_1 = 0.0008, neg_loss_2 = 0.0001, ref_loss = 0.0155, div_loss = 0.1073, 0.516 seconds/batch
2026-04-16 21:03:18,977 - Epoch 8, Batch 950, lr = 0.00008, final_loss = 4.5925, nll_loss = 4.4903, ref_nll_loss = 4.6947, ivc_loss = 0.0398, neg_loss_1 = 0.0002, neg_loss_2 = 0.0002, ref_loss = 0.0142, div_loss = 0.1075, 0.521 seconds/batch
2026-04-16 21:03:50,001 - Epoch 8, Batch 1000, lr = 0.00008, final_loss = 4.5814, nll_loss = 4.4805, ref_nll_loss = 4.6824, ivc_loss = 0.0410, neg_loss_1 = 0.0004, neg_loss_2 = 0.0005, ref_loss = 0.0143, div_loss = 0.1068, 0.526 seconds/batch
2026-04-16 21:04:20,976 - Epoch 8, Batch 1050, lr = 0.00008, final_loss = 4.5951, nll_loss = 4.4945, ref_nll_loss = 4.6957, ivc_loss = 0.0407, neg_loss_1 = 0.0006, neg_loss_2 = 0.0001, ref_loss = 0.0142, div_loss = 0.1093, 0.531 seconds/batch
2026-04-16 21:04:51,999 - Epoch 8, Batch 1100, lr = 0.00008, final_loss = 4.5888, nll_loss = 4.4861, ref_nll_loss = 4.6915, ivc_loss = 0.0403, neg_loss_1 = 0.0004, neg_loss_2 = 0.0002, ref_loss = 0.0139, div_loss = 0.1129, 0.535 seconds/batch
2026-04-16 21:05:23,088 - Epoch 8, Batch 1150, lr = 0.00008, final_loss = 4.6221, nll_loss = 4.5196, ref_nll_loss = 4.7245, ivc_loss = 0.0430, neg_loss_1 = 0.0002, neg_loss_2 = 0.0003, ref_loss = 0.0156, div_loss = 0.1080, 0.539 seconds/batch
2026-04-16 21:05:35,373 - Epoch 8, Batch 1170, lr = 0.00008, final_loss = 4.5805, nll_loss = 4.4785, ref_nll_loss = 4.6825, ivc_loss = 0.0376, neg_loss_1 = 0.0000, neg_loss_2 = 0.0002, ref_loss = 0.0133, div_loss = 0.1063, 0.540 seconds/batch
2026-04-16 21:05:35,444 - save model to checkpoints/activitynet/base/model-8.pt, num_updates 9360.
2026-04-16 21:09:15,548 - | R@1,mIoU 0.3674 | R@1,IoU@0.1 0.8322 | R@1,IoU@0.3 0.5505 | R@1,IoU@0.5 0.2923 | R@1,IoU@0.7 0.1284 | R@1,IoU@0.9 0.0255 | R@5,mIoU 0.4401 | R@5,IoU@0.1 0.8726 | R@5,IoU@0.3 0.6243 | R@5,IoU@0.5 0.4154 | R@5,IoU@0.7 0.2056 | R@5,IoU@0.9 0.0807 |
2026-04-16 21:09:15,622 - Best results have been updated.
2026-04-16 21:09:15,622 - ============================================================
2026-04-16 21:09:15,623 - Start Epoch 9
2026-04-16 21:09:40,515 - Epoch 9, Batch 50, lr = 0.00008, final_loss = 4.5403, nll_loss = 4.4401, ref_nll_loss = 4.6406, ivc_loss = 0.0420, neg_loss_1 = 0.0006, neg_loss_2 = 0.0002, ref_loss = 0.0150, div_loss = 0.1052, 0.498 seconds/batch
2026-04-16 21:10:05,206 - Epoch 9, Batch 100, lr = 0.00008, final_loss = 4.5664, nll_loss = 4.4656, ref_nll_loss = 4.6673, ivc_loss = 0.0391, neg_loss_1 = 0.0005, neg_loss_2 = 0.0000, ref_loss = 0.0137, div_loss = 0.1072, 0.496 seconds/batch
2026-04-16 21:10:29,872 - Epoch 9, Batch 150, lr = 0.00008, final_loss = 4.5476, nll_loss = 4.4428, ref_nll_loss = 4.6525, ivc_loss = 0.0376, neg_loss_1 = 0.0007, neg_loss_2 = 0.0000, ref_loss = 0.0127, div_loss = 0.1073, 0.495 seconds/batch
2026-04-16 21:10:50,808 - Epoch 9, Batch 200, lr = 0.00008, final_loss = 4.5660, nll_loss = 4.4661, ref_nll_loss = 4.6660, ivc_loss = 0.0407, neg_loss_1 = 0.0003, neg_loss_2 = 0.0004, ref_loss = 0.0143, div_loss = 0.1083, 0.476 seconds/batch
2026-04-16 21:11:14,798 - Epoch 9, Batch 250, lr = 0.00008, final_loss = 4.5723, nll_loss = 4.4703, ref_nll_loss = 4.6743, ivc_loss = 0.0387, neg_loss_1 = 0.0003, neg_loss_2 = 0.0000, ref_loss = 0.0138, div_loss = 0.1042, 0.477 seconds/batch
2026-04-16 21:11:39,395 - Epoch 9, Batch 300, lr = 0.00008, final_loss = 4.5443, nll_loss = 4.4375, ref_nll_loss = 4.6510, ivc_loss = 0.0385, neg_loss_1 = 0.0006, neg_loss_2 = 0.0002, ref_loss = 0.0133, div_loss = 0.1043, 0.479 seconds/batch
2026-04-16 21:12:03,940 - Epoch 9, Batch 350, lr = 0.00008, final_loss = 4.5435, nll_loss = 4.4404, ref_nll_loss = 4.6467, ivc_loss = 0.0376, neg_loss_1 = 0.0003, neg_loss_2 = 0.0000, ref_loss = 0.0130, div_loss = 0.1085, 0.481 seconds/batch
2026-04-16 21:12:28,582 - Epoch 9, Batch 400, lr = 0.00008, final_loss = 4.5400, nll_loss = 4.4386, ref_nll_loss = 4.6414, ivc_loss = 0.0402, neg_loss_1 = 0.0003, neg_loss_2 = 0.0000, ref_loss = 0.0142, div_loss = 0.1106, 0.482 seconds/batch
2026-04-16 21:12:53,368 - Epoch 9, Batch 450, lr = 0.00008, final_loss = 4.5333, nll_loss = 4.4298, ref_nll_loss = 4.6368, ivc_loss = 0.0387, neg_loss_1 = 0.0004, neg_loss_2 = 0.0003, ref_loss = 0.0133, div_loss = 0.1079, 0.484 seconds/batch
2026-04-16 21:13:18,135 - Epoch 9, Batch 500, lr = 0.00008, final_loss = 4.5601, nll_loss = 4.4595, ref_nll_loss = 4.6608, ivc_loss = 0.0428, neg_loss_1 = 0.0003, neg_loss_2 = 0.0002, ref_loss = 0.0154, div_loss = 0.1123, 0.485 seconds/batch
2026-04-16 21:13:42,752 - Epoch 9, Batch 550, lr = 0.00008, final_loss = 4.5301, nll_loss = 4.4281, ref_nll_loss = 4.6321, ivc_loss = 0.0385, neg_loss_1 = 0.0001, neg_loss_2 = 0.0001, ref_loss = 0.0133, div_loss = 0.1150, 0.486 seconds/batch
2026-04-16 21:14:07,332 - Epoch 9, Batch 600, lr = 0.00008, final_loss = 4.5488, nll_loss = 4.4434, ref_nll_loss = 4.6541, ivc_loss = 0.0392, neg_loss_1 = 0.0002, neg_loss_2 = 0.0004, ref_loss = 0.0133, div_loss = 0.1145, 0.486 seconds/batch
2026-04-16 21:14:31,901 - Epoch 9, Batch 650, lr = 0.00008, final_loss = 4.5558, nll_loss = 4.4554, ref_nll_loss = 4.6561, ivc_loss = 0.0436, neg_loss_1 = 0.0003, neg_loss_2 = 0.0003, ref_loss = 0.0155, div_loss = 0.1118, 0.487 seconds/batch
2026-04-16 21:14:56,675 - Epoch 9, Batch 700, lr = 0.00008, final_loss = 4.5545, nll_loss = 4.4527, ref_nll_loss = 4.6562, ivc_loss = 0.0426, neg_loss_1 = 0.0007, neg_loss_2 = 0.0003, ref_loss = 0.0148, div_loss = 0.1103, 0.487 seconds/batch
2026-04-16 21:15:26,750 - Epoch 9, Batch 750, lr = 0.00008, final_loss = 4.5616, nll_loss = 4.4604, ref_nll_loss = 4.6628, ivc_loss = 0.0403, neg_loss_1 = 0.0002, neg_loss_2 = 0.0003, ref_loss = 0.0142, div_loss = 0.1092, 0.495 seconds/batch
2026-04-16 21:15:57,915 - Epoch 9, Batch 800, lr = 0.00008, final_loss = 4.5616, nll_loss = 4.4616, ref_nll_loss = 4.6615, ivc_loss = 0.0421, neg_loss_1 = 0.0003, neg_loss_2 = 0.0006, ref_loss = 0.0147, div_loss = 0.1095, 0.503 seconds/batch
2026-04-16 21:16:28,696 - Epoch 9, Batch 850, lr = 0.00008, final_loss = 4.5940, nll_loss = 4.4908, ref_nll_loss = 4.6972, ivc_loss = 0.0405, neg_loss_1 = 0.0006, neg_loss_2 = 0.0004, ref_loss = 0.0139, div_loss = 0.1070, 0.509 seconds/batch
2026-04-16 21:16:59,819 - Epoch 9, Batch 900, lr = 0.00008, final_loss = 4.5382, nll_loss = 4.4351, ref_nll_loss = 4.6412, ivc_loss = 0.0404, neg_loss_1 = 0.0004, neg_loss_2 = 0.0001, ref_loss = 0.0143, div_loss = 0.1064, 0.516 seconds/batch
2026-04-16 21:17:31,139 - Epoch 9, Batch 950, lr = 0.00008, final_loss = 4.5631, nll_loss = 4.4607, ref_nll_loss = 4.6655, ivc_loss = 0.0407, neg_loss_1 = 0.0002, neg_loss_2 = 0.0003, ref_loss = 0.0144, div_loss = 0.1089, 0.522 seconds/batch
2026-04-16 21:18:02,090 - Epoch 9, Batch 1000, lr = 0.00008, final_loss = 4.5334, nll_loss = 4.4324, ref_nll_loss = 4.6344, ivc_loss = 0.0425, neg_loss_1 = 0.0004, neg_loss_2 = 0.0003, ref_loss = 0.0151, div_loss = 0.1107, 0.526 seconds/batch
2026-04-16 21:18:33,082 - Epoch 9, Batch 1050, lr = 0.00008, final_loss = 4.5622, nll_loss = 4.4592, ref_nll_loss = 4.6653, ivc_loss = 0.0417, neg_loss_1 = 0.0002, neg_loss_2 = 0.0002, ref_loss = 0.0148, div_loss = 0.1145, 0.531 seconds/batch
2026-04-16 21:19:04,251 - Epoch 9, Batch 1100, lr = 0.00008, final_loss = 4.5646, nll_loss = 4.4635, ref_nll_loss = 4.6658, ivc_loss = 0.0417, neg_loss_1 = 0.0005, neg_loss_2 = 0.0002, ref_loss = 0.0146, div_loss = 0.1120, 0.535 seconds/batch
2026-04-16 21:19:35,383 - Epoch 9, Batch 1150, lr = 0.00008, final_loss = 4.5091, nll_loss = 4.4093, ref_nll_loss = 4.6089, ivc_loss = 0.0418, neg_loss_1 = 0.0001, neg_loss_2 = 0.0002, ref_loss = 0.0149, div_loss = 0.1138, 0.539 seconds/batch
2026-04-16 21:19:47,769 - Epoch 9, Batch 1170, lr = 0.00008, final_loss = 4.5827, nll_loss = 4.4802, ref_nll_loss = 4.6852, ivc_loss = 0.0411, neg_loss_1 = 0.0002, neg_loss_2 = 0.0000, ref_loss = 0.0146, div_loss = 0.1130, 0.540 seconds/batch
2026-04-16 21:19:47,832 - save model to checkpoints/activitynet/base/model-9.pt, num_updates 10530.
2026-04-16 21:23:27,301 - | R@1,mIoU 0.3608 | R@1,IoU@0.1 0.8295 | R@1,IoU@0.3 0.5420 | R@1,IoU@0.5 0.2794 | R@1,IoU@0.7 0.1210 | R@1,IoU@0.9 0.0234 | R@5,mIoU 0.4314 | R@5,IoU@0.1 0.8696 | R@5,IoU@0.3 0.6168 | R@5,IoU@0.5 0.4043 | R@5,IoU@0.7 0.1925 | R@5,IoU@0.9 0.0737 |
2026-04-16 21:23:27,301 - ============================================================
2026-04-16 21:23:27,302 - Start Epoch 10
2026-04-16 21:23:52,192 - Epoch 10, Batch 50, lr = 0.00008, final_loss = 4.4885, nll_loss = 4.3843, ref_nll_loss = 4.5926, ivc_loss = 0.0415, neg_loss_1 = 0.0008, neg_loss_2 = 0.0000, ref_loss = 0.0144, div_loss = 0.1110, 0.498 seconds/batch
2026-04-16 21:24:16,913 - Epoch 10, Batch 100, lr = 0.00008, final_loss = 4.5412, nll_loss = 4.4365, ref_nll_loss = 4.6459, ivc_loss = 0.0412, neg_loss_1 = 0.0004, neg_loss_2 = 0.0001, ref_loss = 0.0145, div_loss = 0.1130, 0.496 seconds/batch
2026-04-16 21:24:41,679 - Epoch 10, Batch 150, lr = 0.00008, final_loss = 4.5367, nll_loss = 4.4350, ref_nll_loss = 4.6384, ivc_loss = 0.0406, neg_loss_1 = 0.0001, neg_loss_2 = 0.0000, ref_loss = 0.0145, div_loss = 0.1138, 0.496 seconds/batch
2026-04-16 21:25:02,514 - Epoch 10, Batch 200, lr = 0.00008, final_loss = 4.4940, nll_loss = 4.3894, ref_nll_loss = 4.5986, ivc_loss = 0.0392, neg_loss_1 = 0.0002, neg_loss_2 = 0.0002, ref_loss = 0.0136, div_loss = 0.1131, 0.476 seconds/batch
2026-04-16 21:25:17,317 - Epoch 10, Batch 250, lr = 0.00008, final_loss = 4.4924, nll_loss = 4.3878, ref_nll_loss = 4.5970, ivc_loss = 0.0376, neg_loss_1 = 0.0006, neg_loss_2 = 0.0002, ref_loss = 0.0124, div_loss = 0.1127, 0.440 seconds/batch
2026-04-16 21:25:31,848 - Epoch 10, Batch 300, lr = 0.00008, final_loss = 4.4978, nll_loss = 4.3932, ref_nll_loss = 4.6024, ivc_loss = 0.0381, neg_loss_1 = 0.0003, neg_loss_2 = 0.0000, ref_loss = 0.0129, div_loss = 0.1164, 0.415 seconds/batch
2026-04-16 21:25:46,376 - Epoch 10, Batch 350, lr = 0.00008, final_loss = 4.5243, nll_loss = 4.4226, ref_nll_loss = 4.6261, ivc_loss = 0.0387, neg_loss_1 = 0.0004, neg_loss_2 = 0.0001, ref_loss = 0.0132, div_loss = 0.1122, 0.397 seconds/batch
2026-04-16 21:26:00,945 - Epoch 10, Batch 400, lr = 0.00008, final_loss = 4.4854, nll_loss = 4.3825, ref_nll_loss = 4.5882, ivc_loss = 0.0398, neg_loss_1 = 0.0003, neg_loss_2 = 0.0002, ref_loss = 0.0139, div_loss = 0.1110, 0.384 seconds/batch
2026-04-16 21:26:15,480 - Epoch 10, Batch 450, lr = 0.00008, final_loss = 4.5140, nll_loss = 4.4125, ref_nll_loss = 4.6155, ivc_loss = 0.0411, neg_loss_1 = 0.0005, neg_loss_2 = 0.0002, ref_loss = 0.0144, div_loss = 0.1097, 0.374 seconds/batch
2026-04-16 21:26:30,120 - Epoch 10, Batch 500, lr = 0.00008, final_loss = 4.4892, nll_loss = 4.3885, ref_nll_loss = 4.5900, ivc_loss = 0.0401, neg_loss_1 = 0.0002, neg_loss_2 = 0.0000, ref_loss = 0.0146, div_loss = 0.1046, 0.366 seconds/batch
2026-04-16 21:26:44,612 - Epoch 10, Batch 550, lr = 0.00008, final_loss = 4.5094, nll_loss = 4.4064, ref_nll_loss = 4.6125, ivc_loss = 0.0401, neg_loss_1 = 0.0004, neg_loss_2 = 0.0003, ref_loss = 0.0141, div_loss = 0.1061, 0.359 seconds/batch
2026-04-16 21:26:59,084 - Epoch 10, Batch 600, lr = 0.00008, final_loss = 4.5298, nll_loss = 4.4263, ref_nll_loss = 4.6334, ivc_loss = 0.0403, neg_loss_1 = 0.0004, neg_loss_2 = 0.0005, ref_loss = 0.0135, div_loss = 0.1142, 0.353 seconds/batch
2026-04-16 21:27:13,616 - Epoch 10, Batch 650, lr = 0.00008, final_loss = 4.5046, nll_loss = 4.3977, ref_nll_loss = 4.6115, ivc_loss = 0.0387, neg_loss_1 = 0.0002, neg_loss_2 = 0.0001, ref_loss = 0.0133, div_loss = 0.1135, 0.348 seconds/batch
2026-04-16 21:27:28,174 - Epoch 10, Batch 700, lr = 0.00008, final_loss = 4.4805, nll_loss = 4.3752, ref_nll_loss = 4.5858, ivc_loss = 0.0361, neg_loss_1 = 0.0008, neg_loss_2 = 0.0001, ref_loss = 0.0116, div_loss = 0.1106, 0.344 seconds/batch
2026-04-16 21:27:48,267 - Epoch 10, Batch 750, lr = 0.00008, final_loss = 4.5145, nll_loss = 4.4095, ref_nll_loss = 4.6195, ivc_loss = 0.0399, neg_loss_1 = 0.0006, neg_loss_2 = 0.0003, ref_loss = 0.0135, div_loss = 0.1100, 0.348 seconds/batch
2026-04-16 21:28:09,612 - Epoch 10, Batch 800, lr = 0.00008, final_loss = 4.5045, nll_loss = 4.3973, ref_nll_loss = 4.6117, ivc_loss = 0.0389, neg_loss_1 = 0.0010, neg_loss_2 = 0.0003, ref_loss = 0.0125, div_loss = 0.1119, 0.353 seconds/batch
2026-04-16 21:28:30,864 - Epoch 10, Batch 850, lr = 0.00007, final_loss = 4.4916, nll_loss = 4.3873, ref_nll_loss = 4.5960, ivc_loss = 0.0400, neg_loss_1 = 0.0004, neg_loss_2 = 0.0003, ref_loss = 0.0139, div_loss = 0.1109, 0.357 seconds/batch
2026-04-16 21:28:52,227 - Epoch 10, Batch 900, lr = 0.00007, final_loss = 4.5061, nll_loss = 4.4020, ref_nll_loss = 4.6102, ivc_loss = 0.0403, neg_loss_1 = 0.0001, neg_loss_2 = 0.0002, ref_loss = 0.0143, div_loss = 0.1125, 0.361 seconds/batch
2026-04-16 21:29:13,461 - Epoch 10, Batch 950, lr = 0.00007, final_loss = 4.5135, nll_loss = 4.4088, ref_nll_loss = 4.6182, ivc_loss = 0.0383, neg_loss_1 = 0.0004, neg_loss_2 = 0.0003, ref_loss = 0.0127, div_loss = 0.1157, 0.364 seconds/batch
2026-04-16 21:29:34,708 - Epoch 10, Batch 1000, lr = 0.00007, final_loss = 4.5259, nll_loss = 4.4231, ref_nll_loss = 4.6287, ivc_loss = 0.0408, neg_loss_1 = 0.0001, neg_loss_2 = 0.0003, ref_loss = 0.0142, div_loss = 0.1156, 0.367 seconds/batch
2026-04-16 21:29:56,039 - Epoch 10, Batch 1050, lr = 0.00007, final_loss = 4.5309, nll_loss = 4.4305, ref_nll_loss = 4.6312, ivc_loss = 0.0456, neg_loss_1 = 0.0005, neg_loss_2 = 0.0007, ref_loss = 0.0159, div_loss = 0.1134, 0.370 seconds/batch
2026-04-16 21:30:17,228 - Epoch 10, Batch 1100, lr = 0.00007, final_loss = 4.5208, nll_loss = 4.4175, ref_nll_loss = 4.6241, ivc_loss = 0.0407, neg_loss_1 = 0.0005, neg_loss_2 = 0.0002, ref_loss = 0.0143, div_loss = 0.1076, 0.373 seconds/batch
2026-04-16 21:30:38,608 - Epoch 10, Batch 1150, lr = 0.00007, final_loss = 4.5356, nll_loss = 4.4327, ref_nll_loss = 4.6386, ivc_loss = 0.0400, neg_loss_1 = 0.0001, neg_loss_2 = 0.0001, ref_loss = 0.0142, div_loss = 0.1121, 0.375 seconds/batch
2026-04-16 21:30:47,053 - Epoch 10, Batch 1170, lr = 0.00007, final_loss = 4.5636, nll_loss = 4.4569, ref_nll_loss = 4.6703, ivc_loss = 0.0405, neg_loss_1 = 0.0005, neg_loss_2 = 0.0004, ref_loss = 0.0137, div_loss = 0.1125, 0.376 seconds/batch
2026-04-16 21:30:47,117 - save model to checkpoints/activitynet/base/model-10.pt, num_updates 11700.
2026-04-16 21:33:22,343 - | R@1,mIoU 0.3592 | R@1,IoU@0.1 0.8274 | R@1,IoU@0.3 0.5399 | R@1,IoU@0.5 0.2813 | R@1,IoU@0.7 0.1190 | R@1,IoU@0.9 0.0200 | R@5,mIoU 0.4219 | R@5,IoU@0.1 0.8632 | R@5,IoU@0.3 0.6053 | R@5,IoU@0.5 0.3803 | R@5,IoU@0.7 0.1840 | R@5,IoU@0.9 0.0731 |
2026-04-16 21:33:22,344 - ============================================================
2026-04-16 21:33:22,344 - Start Epoch 11
2026-04-16 21:33:43,862 - Epoch 11, Batch 50, lr = 0.00007, final_loss = 4.4453, nll_loss = 4.3411, ref_nll_loss = 4.5495, ivc_loss = 0.0395, neg_loss_1 = 0.0003, neg_loss_2 = 0.0001, ref_loss = 0.0137, div_loss = 0.1137, 0.430 seconds/batch
2026-04-16 21:34:05,396 - Epoch 11, Batch 100, lr = 0.00007, final_loss = 4.4739, nll_loss = 4.3700, ref_nll_loss = 4.5777, ivc_loss = 0.0376, neg_loss_1 = 0.0005, neg_loss_2 = 0.0001, ref_loss = 0.0125, div_loss = 0.1142, 0.431 seconds/batch
2026-04-16 21:34:26,632 - Epoch 11, Batch 150, lr = 0.00007, final_loss = 4.4539, nll_loss = 4.3467, ref_nll_loss = 4.5610, ivc_loss = 0.0379, neg_loss_1 = 0.0003, neg_loss_2 = 0.0001, ref_loss = 0.0129, div_loss = 0.1138, 0.429 seconds/batch
2026-04-16 21:34:44,182 - Epoch 11, Batch 200, lr = 0.00007, final_loss = 4.4432, nll_loss = 4.3366, ref_nll_loss = 4.5498, ivc_loss = 0.0384, neg_loss_1 = 0.0003, neg_loss_2 = 0.0002, ref_loss = 0.0130, div_loss = 0.1133, 0.409 seconds/batch
2026-04-16 21:34:58,764 - Epoch 11, Batch 250, lr = 0.00007, final_loss = 4.4521, nll_loss = 4.3442, ref_nll_loss = 4.5601, ivc_loss = 0.0388, neg_loss_1 = 0.0003, neg_loss_2 = 0.0002, ref_loss = 0.0134, div_loss = 0.1112, 0.386 seconds/batch
2026-04-16 21:35:13,417 - Epoch 11, Batch 300, lr = 0.00007, final_loss = 4.4548, nll_loss = 4.3491, ref_nll_loss = 4.5605, ivc_loss = 0.0389, neg_loss_1 = 0.0003, neg_loss_2 = 0.0003, ref_loss = 0.0133, div_loss = 0.1118, 0.370 seconds/batch
2026-04-16 21:35:28,003 - Epoch 11, Batch 350, lr = 0.00007, final_loss = 4.4751, nll_loss = 4.3674, ref_nll_loss = 4.5828, ivc_loss = 0.0387, neg_loss_1 = 0.0004, neg_loss_2 = 0.0004, ref_loss = 0.0129, div_loss = 0.1136, 0.359 seconds/batch
2026-04-16 21:35:42,607 - Epoch 11, Batch 400, lr = 0.00007, final_loss = 4.4785, nll_loss = 4.3698, ref_nll_loss = 4.5872, ivc_loss = 0.0402, neg_loss_1 = 0.0001, neg_loss_2 = 0.0002, ref_loss = 0.0141, div_loss = 0.1147, 0.351 seconds/batch
2026-04-16 21:35:57,095 - Epoch 11, Batch 450, lr = 0.00007, final_loss = 4.4728, nll_loss = 4.3628, ref_nll_loss = 4.5829, ivc_loss = 0.0375, neg_loss_1 = 0.0005, neg_loss_2 = 0.0002, ref_loss = 0.0122, div_loss = 0.1183, 0.344 seconds/batch
2026-04-16 21:36:11,634 - Epoch 11, Batch 500, lr = 0.00007, final_loss = 4.5035, nll_loss = 4.3976, ref_nll_loss = 4.6094, ivc_loss = 0.0415, neg_loss_1 = 0.0003, neg_loss_2 = 0.0000, ref_loss = 0.0148, div_loss = 0.1134, 0.339 seconds/batch
2026-04-16 21:36:26,166 - Epoch 11, Batch 550, lr = 0.00007, final_loss = 4.5097, nll_loss = 4.4034, ref_nll_loss = 4.6160, ivc_loss = 0.0412, neg_loss_1 = 0.0005, neg_loss_2 = 0.0002, ref_loss = 0.0141, div_loss = 0.1164, 0.334 seconds/batch
2026-04-16 21:36:40,694 - Epoch 11, Batch 600, lr = 0.00007, final_loss = 4.4882, nll_loss = 4.3825, ref_nll_loss = 4.5939, ivc_loss = 0.0371, neg_loss_1 = 0.0003, neg_loss_2 = 0.0000, ref_loss = 0.0125, div_loss = 0.1143, 0.331 seconds/batch
2026-04-16 21:36:55,270 - Epoch 11, Batch 650, lr = 0.00007, final_loss = 4.4987, nll_loss = 4.3919, ref_nll_loss = 4.6054, ivc_loss = 0.0378, neg_loss_1 = 0.0005, neg_loss_2 = 0.0003, ref_loss = 0.0124, div_loss = 0.1142, 0.328 seconds/batch
2026-04-16 21:37:09,905 - Epoch 11, Batch 700, lr = 0.00007, final_loss = 4.4854, nll_loss = 4.3763, ref_nll_loss = 4.5945, ivc_loss = 0.0376, neg_loss_1 = 0.0003, neg_loss_2 = 0.0001, ref_loss = 0.0128, div_loss = 0.1144, 0.325 seconds/batch
2026-04-16 21:37:29,881 - Epoch 11, Batch 750, lr = 0.00007, final_loss = 4.4518, nll_loss = 4.3463, ref_nll_loss = 4.5574, ivc_loss = 0.0393, neg_loss_1 = 0.0004, neg_loss_2 = 0.0000, ref_loss = 0.0135, div_loss = 0.1154, 0.330 seconds/batch
2026-04-16 21:37:51,156 - Epoch 11, Batch 800, lr = 0.00007, final_loss = 4.4806, nll_loss = 4.3705, ref_nll_loss = 4.5908, ivc_loss = 0.0365, neg_loss_1 = 0.0002, neg_loss_2 = 0.0002, ref_loss = 0.0120, div_loss = 0.1145, 0.336 seconds/batch
2026-04-16 21:38:12,342 - Epoch 11, Batch 850, lr = 0.00007, final_loss = 4.4889, nll_loss = 4.3793, ref_nll_loss = 4.5985, ivc_loss = 0.0359, neg_loss_1 = 0.0006, neg_loss_2 = 0.0000, ref_loss = 0.0116, div_loss = 0.1166, 0.341 seconds/batch
2026-04-16 21:38:33,786 - Epoch 11, Batch 900, lr = 0.00007, final_loss = 4.4749, nll_loss = 4.3670, ref_nll_loss = 4.5827, ivc_loss = 0.0412, neg_loss_1 = 0.0004, neg_loss_2 = 0.0001, ref_loss = 0.0141, div_loss = 0.1190, 0.346 seconds/batch
2026-04-16 21:38:55,023 - Epoch 11, Batch 950, lr = 0.00007, final_loss = 4.4610, nll_loss = 4.3540, ref_nll_loss = 4.5680, ivc_loss = 0.0387, neg_loss_1 = 0.0001, neg_loss_2 = 0.0000, ref_loss = 0.0134, div_loss = 0.1180, 0.350 seconds/batch
2026-04-16 21:39:16,366 - Epoch 11, Batch 1000, lr = 0.00007, final_loss = 4.4622, nll_loss = 4.3576, ref_nll_loss = 4.5668, ivc_loss = 0.0399, neg_loss_1 = 0.0002, neg_loss_2 = 0.0003, ref_loss = 0.0137, div_loss = 0.1166, 0.354 seconds/batch
2026-04-16 21:39:37,603 - Epoch 11, Batch 1050, lr = 0.00007, final_loss = 4.4949, nll_loss = 4.3896, ref_nll_loss = 4.6002, ivc_loss = 0.0410, neg_loss_1 = 0.0002, neg_loss_2 = 0.0002, ref_loss = 0.0143, div_loss = 0.1173, 0.357 seconds/batch
2026-04-16 21:39:58,874 - Epoch 11, Batch 1100, lr = 0.00007, final_loss = 4.4683, nll_loss = 4.3597, ref_nll_loss = 4.5769, ivc_loss = 0.0360, neg_loss_1 = 0.0002, neg_loss_2 = 0.0001, ref_loss = 0.0118, div_loss = 0.1203, 0.360 seconds/batch
2026-04-16 21:40:20,206 - Epoch 11, Batch 1150, lr = 0.00007, final_loss = 4.4597, nll_loss = 4.3561, ref_nll_loss = 4.5633, ivc_loss = 0.0386, neg_loss_1 = 0.0000, neg_loss_2 = 0.0000, ref_loss = 0.0131, div_loss = 0.1219, 0.363 seconds/batch
2026-04-16 21:40:28,573 - Epoch 11, Batch 1170, lr = 0.00007, final_loss = 4.4321, nll_loss = 4.3229, ref_nll_loss = 4.5414, ivc_loss = 0.0333, neg_loss_1 = 0.0004, neg_loss_2 = 0.0000, ref_loss = 0.0101, div_loss = 0.1231, 0.364 seconds/batch
2026-04-16 21:40:28,644 - save model to checkpoints/activitynet/base/model-11.pt, num_updates 12870.
2026-04-16 21:43:04,168 - | R@1,mIoU 0.3604 | R@1,IoU@0.1 0.8255 | R@1,IoU@0.3 0.5356 | R@1,IoU@0.5 0.2779 | R@1,IoU@0.7 0.1271 | R@1,IoU@0.9 0.0241 | R@5,mIoU 0.4187 | R@5,IoU@0.1 0.8596 | R@5,IoU@0.3 0.5991 | R@5,IoU@0.5 0.3792 | R@5,IoU@0.7 0.1885 | R@5,IoU@0.9 0.0636 |
2026-04-16 21:43:04,168 - ============================================================
2026-04-16 21:43:04,168 - Start Epoch 12
2026-04-16 21:43:25,503 - Epoch 12, Batch 50, lr = 0.00007, final_loss = 4.4047, nll_loss = 4.2977, ref_nll_loss = 4.5117, ivc_loss = 0.0399, neg_loss_1 = 0.0004, neg_loss_2 = 0.0000, ref_loss = 0.0135, div_loss = 0.1206, 0.427 seconds/batch
2026-04-16 21:43:46,934 - Epoch 12, Batch 100, lr = 0.00007, final_loss = 4.4409, nll_loss = 4.3363, ref_nll_loss = 4.5455, ivc_loss = 0.0403, neg_loss_1 = 0.0001, neg_loss_2 = 0.0006, ref_loss = 0.0134, div_loss = 0.1193, 0.428 seconds/batch
2026-04-16 21:44:08,111 - Epoch 12, Batch 150, lr = 0.00007, final_loss = 4.4342, nll_loss = 4.3285, ref_nll_loss = 4.5399, ivc_loss = 0.0391, neg_loss_1 = 0.0005, neg_loss_2 = 0.0003, ref_loss = 0.0130, div_loss = 0.1163, 0.426 seconds/batch
2026-04-16 21:44:26,056 - Epoch 12, Batch 200, lr = 0.00007, final_loss = 4.4337, nll_loss = 4.3266, ref_nll_loss = 4.5407, ivc_loss = 0.0395, neg_loss_1 = 0.0003, neg_loss_2 = 0.0002, ref_loss = 0.0132, div_loss = 0.1208, 0.409 seconds/batch
2026-04-16 21:44:40,599 - Epoch 12, Batch 250, lr = 0.00007, final_loss = 4.4542, nll_loss = 4.3461, ref_nll_loss = 4.5622, ivc_loss = 0.0379, neg_loss_1 = 0.0002, neg_loss_2 = 0.0000, ref_loss = 0.0129, div_loss = 0.1164, 0.386 seconds/batch
2026-04-16 21:44:55,180 - Epoch 12, Batch 300, lr = 0.00007, final_loss = 4.4469, nll_loss = 4.3359, ref_nll_loss = 4.5578, ivc_loss = 0.0354, neg_loss_1 = 0.0001, neg_loss_2 = 0.0001, ref_loss = 0.0118, div_loss = 0.1151, 0.370 seconds/batch
2026-04-16 21:45:09,763 - Epoch 12, Batch 350, lr = 0.00007, final_loss = 4.4829, nll_loss = 4.3730, ref_nll_loss = 4.5929, ivc_loss = 0.0377, neg_loss_1 = 0.0007, neg_loss_2 = 0.0001, ref_loss = 0.0124, div_loss = 0.1145, 0.359 seconds/batch
2026-04-16 21:45:24,343 - Epoch 12, Batch 400, lr = 0.00007, final_loss = 4.4246, nll_loss = 4.3181, ref_nll_loss = 4.5311, ivc_loss = 0.0384, neg_loss_1 = 0.0003, neg_loss_2 = 0.0002, ref_loss = 0.0129, div_loss = 0.1176, 0.350 seconds/batch
2026-04-16 21:45:38,857 - Epoch 12, Batch 450, lr = 0.00007, final_loss = 4.4773, nll_loss = 4.3721, ref_nll_loss = 4.5825, ivc_loss = 0.0410, neg_loss_1 = 0.0001, neg_loss_2 = 0.0002, ref_loss = 0.0144, div_loss = 0.1178, 0.344 seconds/batch
2026-04-16 21:45:53,495 - Epoch 12, Batch 500, lr = 0.00007, final_loss = 4.4225, nll_loss = 4.3151, ref_nll_loss = 4.5299, ivc_loss = 0.0382, neg_loss_1 = 0.0002, neg_loss_2 = 0.0000, ref_loss = 0.0127, div_loss = 0.1233, 0.339 seconds/batch
2026-04-16 21:46:08,081 - Epoch 12, Batch 550, lr = 0.00007, final_loss = 4.4260, nll_loss = 4.3178, ref_nll_loss = 4.5342, ivc_loss = 0.0395, neg_loss_1 = 0.0002, neg_loss_2 = 0.0001, ref_loss = 0.0133, div_loss = 0.1253, 0.334 seconds/batch
2026-04-16 21:46:22,635 - Epoch 12, Batch 600, lr = 0.00007, final_loss = 4.4503, nll_loss = 4.3432, ref_nll_loss = 4.5574, ivc_loss = 0.0414, neg_loss_1 = 0.0004, neg_loss_2 = 0.0001, ref_loss = 0.0142, div_loss = 0.1186, 0.331 seconds/batch
2026-04-16 21:46:37,307 - Epoch 12, Batch 650, lr = 0.00007, final_loss = 4.4574, nll_loss = 4.3492, ref_nll_loss = 4.5655, ivc_loss = 0.0401, neg_loss_1 = 0.0006, neg_loss_2 = 0.0000, ref_loss = 0.0137, div_loss = 0.1158, 0.328 seconds/batch
2026-04-16 21:46:51,878 - Epoch 12, Batch 700, lr = 0.00007, final_loss = 4.4011, nll_loss = 4.2884, ref_nll_loss = 4.5139, ivc_loss = 0.0366, neg_loss_1 = 0.0000, neg_loss_2 = 0.0001, ref_loss = 0.0121, div_loss = 0.1211, 0.325 seconds/batch
2026-04-16 21:47:11,565 - Epoch 12, Batch 750, lr = 0.00007, final_loss = 4.4319, nll_loss = 4.3242, ref_nll_loss = 4.5395, ivc_loss = 0.0409, neg_loss_1 = 0.0002, neg_loss_2 = 0.0000, ref_loss = 0.0142, div_loss = 0.1198, 0.330 seconds/batch
2026-04-16 21:47:32,897 - Epoch 12, Batch 800, lr = 0.00007, final_loss = 4.4393, nll_loss = 4.3280, ref_nll_loss = 4.5506, ivc_loss = 0.0365, neg_loss_1 = 0.0003, neg_loss_2 = 0.0001, ref_loss = 0.0120, div_loss = 0.1180, 0.336 seconds/batch
2026-04-16 21:47:54,337 - Epoch 12, Batch 850, lr = 0.00007, final_loss = 4.4466, nll_loss = 4.3351, ref_nll_loss = 4.5582, ivc_loss = 0.0392, neg_loss_1 = 0.0004, neg_loss_2 = 0.0001, ref_loss = 0.0130, div_loss = 0.1220, 0.341 seconds/batch
2026-04-16 21:48:15,580 - Epoch 12, Batch 900, lr = 0.00007, final_loss = 4.3968, nll_loss = 4.2854, ref_nll_loss = 4.5082, ivc_loss = 0.0384, neg_loss_1 = 0.0002, neg_loss_2 = 0.0000, ref_loss = 0.0129, div_loss = 0.1218, 0.346 seconds/batch
2026-04-16 21:48:36,763 - Epoch 12, Batch 950, lr = 0.00007, final_loss = 4.4188, nll_loss = 4.3083, ref_nll_loss = 4.5294, ivc_loss = 0.0410, neg_loss_1 = 0.0002, neg_loss_2 = 0.0005, ref_loss = 0.0140, div_loss = 0.1154, 0.350 seconds/batch
2026-04-16 21:48:57,798 - Epoch 12, Batch 1000, lr = 0.00007, final_loss = 4.4159, nll_loss = 4.3068, ref_nll_loss = 4.5251, ivc_loss = 0.0376, neg_loss_1 = 0.0001, neg_loss_2 = 0.0004, ref_loss = 0.0127, div_loss = 0.1131, 0.354 seconds/batch
2026-04-16 21:49:18,827 - Epoch 12, Batch 1050, lr = 0.00007, final_loss = 4.4548, nll_loss = 4.3441, ref_nll_loss = 4.5655, ivc_loss = 0.0382, neg_loss_1 = 0.0004, neg_loss_2 = 0.0003, ref_loss = 0.0126, div_loss = 0.1160, 0.357 seconds/batch
2026-04-16 21:49:40,077 - Epoch 12, Batch 1100, lr = 0.00007, final_loss = 4.4552, nll_loss = 4.3424, ref_nll_loss = 4.5679, ivc_loss = 0.0372, neg_loss_1 = 0.0005, neg_loss_2 = 0.0000, ref_loss = 0.0123, div_loss = 0.1146, 0.360 seconds/batch
2026-04-16 21:50:01,313 - Epoch 12, Batch 1150, lr = 0.00007, final_loss = 4.4532, nll_loss = 4.3444, ref_nll_loss = 4.5619, ivc_loss = 0.0384, neg_loss_1 = 0.0005, neg_loss_2 = 0.0001, ref_loss = 0.0130, div_loss = 0.1133, 0.363 seconds/batch
2026-04-16 21:50:09,755 - Epoch 12, Batch 1170, lr = 0.00007, final_loss = 4.4902, nll_loss = 4.3820, ref_nll_loss = 4.5985, ivc_loss = 0.0355, neg_loss_1 = 0.0006, neg_loss_2 = 0.0000, ref_loss = 0.0112, div_loss = 0.1178, 0.364 seconds/batch
2026-04-16 21:50:09,835 - save model to checkpoints/activitynet/base/model-12.pt, num_updates 14040.
2026-04-16 21:52:45,278 - | R@1,mIoU 0.3661 | R@1,IoU@0.1 0.8251 | R@1,IoU@0.3 0.5485 | R@1,IoU@0.5 0.2951 | R@1,IoU@0.7 0.1273 | R@1,IoU@0.9 0.0265 | R@5,mIoU 0.4336 | R@5,IoU@0.1 0.8639 | R@5,IoU@0.3 0.6139 | R@5,IoU@0.5 0.4079 | R@5,IoU@0.7 0.2031 | R@5,IoU@0.9 0.0762 |
2026-04-16 21:52:45,278 - ============================================================
2026-04-16 21:52:45,278 - Start Epoch 13
2026-04-16 21:53:06,683 - Epoch 13, Batch 50, lr = 0.00007, final_loss = 4.3990, nll_loss = 4.2871, ref_nll_loss = 4.5108, ivc_loss = 0.0381, neg_loss_1 = 0.0007, neg_loss_2 = 0.0001, ref_loss = 0.0127, div_loss = 0.1128, 0.428 seconds/batch
2026-04-16 21:53:28,089 - Epoch 13, Batch 100, lr = 0.00007, final_loss = 4.3665, nll_loss = 4.2542, ref_nll_loss = 4.4788, ivc_loss = 0.0337, neg_loss_1 = 0.0004, neg_loss_2 = 0.0001, ref_loss = 0.0108, div_loss = 0.1137, 0.428 seconds/batch
2026-04-16 21:53:49,310 - Epoch 13, Batch 150, lr = 0.00007, final_loss = 4.3730, nll_loss = 4.2610, ref_nll_loss = 4.4850, ivc_loss = 0.0380, neg_loss_1 = 0.0002, neg_loss_2 = 0.0001, ref_loss = 0.0129, div_loss = 0.1155, 0.427 seconds/batch
2026-04-16 21:54:07,479 - Epoch 13, Batch 200, lr = 0.00007, final_loss = 4.4022, nll_loss = 4.2919, ref_nll_loss = 4.5125, ivc_loss = 0.0365, neg_loss_1 = 0.0002, neg_loss_2 = 0.0001, ref_loss = 0.0121, div_loss = 0.1162, 0.411 seconds/batch
2026-04-16 21:54:22,027 - Epoch 13, Batch 250, lr = 0.00007, final_loss = 4.3995, nll_loss = 4.2885, ref_nll_loss = 4.5105, ivc_loss = 0.0353, neg_loss_1 = 0.0004, neg_loss_2 = 0.0003, ref_loss = 0.0112, div_loss = 0.1154, 0.387 seconds/batch
2026-04-16 21:54:36,566 - Epoch 13, Batch 300, lr = 0.00007, final_loss = 4.3908, nll_loss = 4.2788, ref_nll_loss = 4.5029, ivc_loss = 0.0362, neg_loss_1 = 0.0001, neg_loss_2 = 0.0001, ref_loss = 0.0121, div_loss = 0.1160, 0.371 seconds/batch
2026-04-16 21:54:51,189 - Epoch 13, Batch 350, lr = 0.00007, final_loss = 4.4103, nll_loss = 4.2994, ref_nll_loss = 4.5213, ivc_loss = 0.0374, neg_loss_1 = 0.0001, neg_loss_2 = 0.0002, ref_loss = 0.0124, div_loss = 0.1179, 0.360 seconds/batch
2026-04-16 21:55:05,767 - Epoch 13, Batch 400, lr = 0.00007, final_loss = 4.3962, nll_loss = 4.2843, ref_nll_loss = 4.5081, ivc_loss = 0.0358, neg_loss_1 = 0.0003, neg_loss_2 = 0.0001, ref_loss = 0.0115, div_loss = 0.1200, 0.351 seconds/batch
2026-04-16 21:55:20,277 - Epoch 13, Batch 450, lr = 0.00007, final_loss = 4.4151, nll_loss = 4.3036, ref_nll_loss = 4.5265, ivc_loss = 0.0375, neg_loss_1 = 0.0003, neg_loss_2 = 0.0000, ref_loss = 0.0128, div_loss = 0.1142, 0.344 seconds/batch
2026-04-16 21:55:34,810 - Epoch 13, Batch 500, lr = 0.00007, final_loss = 4.3955, nll_loss = 4.2838, ref_nll_loss = 4.5072, ivc_loss = 0.0394, neg_loss_1 = 0.0003, neg_loss_2 = 0.0000, ref_loss = 0.0138, div_loss = 0.1125, 0.339 seconds/batch
2026-04-16 21:55:49,284 - Epoch 13, Batch 550, lr = 0.00007, final_loss = 4.4369, nll_loss = 4.3226, ref_nll_loss = 4.5512, ivc_loss = 0.0336, neg_loss_1 = 0.0003, neg_loss_2 = 0.0002, ref_loss = 0.0106, div_loss = 0.1157, 0.335 seconds/batch
2026-04-16 21:56:03,755 - Epoch 13, Batch 600, lr = 0.00007, final_loss = 4.3793, nll_loss = 4.2695, ref_nll_loss = 4.4891, ivc_loss = 0.0377, neg_loss_1 = 0.0001, neg_loss_2 = 0.0002, ref_loss = 0.0130, div_loss = 0.1099, 0.331 seconds/batch
2026-04-16 21:56:18,300 - Epoch 13, Batch 650, lr = 0.00007, final_loss = 4.4108, nll_loss = 4.2992, ref_nll_loss = 4.5224, ivc_loss = 0.0389, neg_loss_1 = 0.0007, neg_loss_2 = 0.0001, ref_loss = 0.0131, div_loss = 0.1120, 0.328 seconds/batch
2026-04-16 21:56:32,835 - Epoch 13, Batch 700, lr = 0.00007, final_loss = 4.4505, nll_loss = 4.3407, ref_nll_loss = 4.5604, ivc_loss = 0.0372, neg_loss_1 = 0.0002, neg_loss_2 = 0.0002, ref_loss = 0.0126, div_loss = 0.1121, 0.325 seconds/batch
2026-04-16 21:56:52,528 - Epoch 13, Batch 750, lr = 0.00007, final_loss = 4.4198, nll_loss = 4.3139, ref_nll_loss = 4.5258, ivc_loss = 0.0412, neg_loss_1 = 0.0003, neg_loss_2 = 0.0002, ref_loss = 0.0146, div_loss = 0.1108, 0.330 seconds/batch
2026-04-16 21:57:13,483 - Epoch 13, Batch 800, lr = 0.00007, final_loss = 4.4509, nll_loss = 4.3393, ref_nll_loss = 4.5625, ivc_loss = 0.0365, neg_loss_1 = 0.0005, neg_loss_2 = 0.0001, ref_loss = 0.0121, div_loss = 0.1108, 0.335 seconds/batch
2026-04-16 21:57:34,667 - Epoch 13, Batch 850, lr = 0.00007, final_loss = 4.4087, nll_loss = 4.3001, ref_nll_loss = 4.5173, ivc_loss = 0.0422, neg_loss_1 = 0.0008, neg_loss_2 = 0.0003, ref_loss = 0.0144, div_loss = 0.1121, 0.340 seconds/batch
2026-04-16 21:57:55,911 - Epoch 13, Batch 900, lr = 0.00007, final_loss = 4.4072, nll_loss = 4.2926, ref_nll_loss = 4.5217, ivc_loss = 0.0336, neg_loss_1 = 0.0001, neg_loss_2 = 0.0004, ref_loss = 0.0109, div_loss = 0.1100, 0.345 seconds/batch
2026-04-16 21:58:17,239 - Epoch 13, Batch 950, lr = 0.00007, final_loss = 4.4043, nll_loss = 4.2887, ref_nll_loss = 4.5200, ivc_loss = 0.0345, neg_loss_1 = 0.0005, neg_loss_2 = 0.0003, ref_loss = 0.0109, div_loss = 0.1115, 0.349 seconds/batch
2026-04-16 21:58:38,612 - Epoch 13, Batch 1000, lr = 0.00007, final_loss = 4.4062, nll_loss = 4.2975, ref_nll_loss = 4.5148, ivc_loss = 0.0361, neg_loss_1 = 0.0001, neg_loss_2 = 0.0003, ref_loss = 0.0120, div_loss = 0.1137, 0.353 seconds/batch
2026-04-16 21:58:59,561 - Epoch 13, Batch 1050, lr = 0.00007, final_loss = 4.3921, nll_loss = 4.2786, ref_nll_loss = 4.5056, ivc_loss = 0.0377, neg_loss_1 = 0.0004, neg_loss_2 = 0.0001, ref_loss = 0.0129, div_loss = 0.1091, 0.356 seconds/batch
2026-04-16 21:59:20,773 - Epoch 13, Batch 1100, lr = 0.00007, final_loss = 4.3884, nll_loss = 4.2768, ref_nll_loss = 4.5001, ivc_loss = 0.0385, neg_loss_1 = 0.0005, neg_loss_2 = 0.0002, ref_loss = 0.0128, div_loss = 0.1143, 0.360 seconds/batch
2026-04-16 21:59:42,056 - Epoch 13, Batch 1150, lr = 0.00006, final_loss = 4.4037, nll_loss = 4.2919, ref_nll_loss = 4.5155, ivc_loss = 0.0376, neg_loss_1 = 0.0004, neg_loss_2 = 0.0001, ref_loss = 0.0127, div_loss = 0.1132, 0.362 seconds/batch
2026-04-16 21:59:50,444 - Epoch 13, Batch 1170, lr = 0.00006, final_loss = 4.4578, nll_loss = 4.3479, ref_nll_loss = 4.5678, ivc_loss = 0.0374, neg_loss_1 = 0.0012, neg_loss_2 = 0.0002, ref_loss = 0.0116, div_loss = 0.1155, 0.363 seconds/batch
2026-04-16 21:59:50,506 - save model to checkpoints/activitynet/base/model-13.pt, num_updates 15210.
2026-04-16 22:02:26,165 - | R@1,mIoU 0.3628 | R@1,IoU@0.1 0.8295 | R@1,IoU@0.3 0.5404 | R@1,IoU@0.5 0.2813 | R@1,IoU@0.7 0.1234 | R@1,IoU@0.9 0.0281 | R@5,mIoU 0.4236 | R@5,IoU@0.1 0.8629 | R@5,IoU@0.3 0.6063 | R@5,IoU@0.5 0.3887 | R@5,IoU@0.7 0.1881 | R@5,IoU@0.9 0.0636 |
2026-04-16 22:02:26,165 - ============================================================
2026-04-16 22:02:26,165 - Start Epoch 14
2026-04-16 22:02:47,703 - Epoch 14, Batch 50, lr = 0.00006, final_loss = 4.3450, nll_loss = 4.2326, ref_nll_loss = 4.4574, ivc_loss = 0.0370, neg_loss_1 = 0.0002, neg_loss_2 = 0.0000, ref_loss = 0.0126, div_loss = 0.1134, 0.431 seconds/batch
2026-04-16 22:03:08,911 - Epoch 14, Batch 100, lr = 0.00006, final_loss = 4.3550, nll_loss = 4.2420, ref_nll_loss = 4.4679, ivc_loss = 0.0349, neg_loss_1 = 0.0002, neg_loss_2 = 0.0000, ref_loss = 0.0113, div_loss = 0.1164, 0.427 seconds/batch
2026-04-16 22:03:30,377 - Epoch 14, Batch 150, lr = 0.00006, final_loss = 4.3537, nll_loss = 4.2381, ref_nll_loss = 4.4693, ivc_loss = 0.0336, neg_loss_1 = 0.0003, neg_loss_2 = 0.0001, ref_loss = 0.0106, div_loss = 0.1150, 0.428 seconds/batch
2026-04-16 22:03:48,529 - Epoch 14, Batch 200, lr = 0.00006, final_loss = 4.3810, nll_loss = 4.2695, ref_nll_loss = 4.4925, ivc_loss = 0.0368, neg_loss_1 = 0.0005, neg_loss_2 = 0.0001, ref_loss = 0.0123, div_loss = 0.1118, 0.412 seconds/batch
2026-04-16 22:04:03,028 - Epoch 14, Batch 250, lr = 0.00006, final_loss = 4.3536, nll_loss = 4.2388, ref_nll_loss = 4.4684, ivc_loss = 0.0390, neg_loss_1 = 0.0002, neg_loss_2 = 0.0001, ref_loss = 0.0135, div_loss = 0.1144, 0.387 seconds/batch
2026-04-16 22:04:17,615 - Epoch 14, Batch 300, lr = 0.00006, final_loss = 4.3735, nll_loss = 4.2640, ref_nll_loss = 4.4831, ivc_loss = 0.0388, neg_loss_1 = 0.0004, neg_loss_2 = 0.0002, ref_loss = 0.0131, div_loss = 0.1138, 0.371 seconds/batch
2026-04-16 22:04:32,181 - Epoch 14, Batch 350, lr = 0.00006, final_loss = 4.3799, nll_loss = 4.2660, ref_nll_loss = 4.4938, ivc_loss = 0.0349, neg_loss_1 = 0.0001, neg_loss_2 = 0.0001, ref_loss = 0.0115, div_loss = 0.1148, 0.360 seconds/batch
2026-04-16 22:04:46,717 - Epoch 14, Batch 400, lr = 0.00006, final_loss = 4.3400, nll_loss = 4.2239, ref_nll_loss = 4.4560, ivc_loss = 0.0366, neg_loss_1 = 0.0006, neg_loss_2 = 0.0001, ref_loss = 0.0118, div_loss = 0.1162, 0.351 seconds/batch
2026-04-16 22:05:01,238 - Epoch 14, Batch 450, lr = 0.00006, final_loss = 4.3640, nll_loss = 4.2478, ref_nll_loss = 4.4801, ivc_loss = 0.0364, neg_loss_1 = 0.0004, neg_loss_2 = 0.0000, ref_loss = 0.0118, div_loss = 0.1208, 0.345 seconds/batch
2026-04-16 22:05:15,862 - Epoch 14, Batch 500, lr = 0.00006, final_loss = 4.3703, nll_loss = 4.2593, ref_nll_loss = 4.4814, ivc_loss = 0.0395, neg_loss_1 = 0.0003, neg_loss_2 = 0.0003, ref_loss = 0.0132, div_loss = 0.1185, 0.339 seconds/batch
2026-04-16 22:05:30,399 - Epoch 14, Batch 550, lr = 0.00006, final_loss = 4.3759, nll_loss = 4.2595, ref_nll_loss = 4.4923, ivc_loss = 0.0338, neg_loss_1 = 0.0000, neg_loss_2 = 0.0001, ref_loss = 0.0110, div_loss = 0.1162, 0.335 seconds/batch
2026-04-16 22:05:44,955 - Epoch 14, Batch 600, lr = 0.00006, final_loss = 4.4208, nll_loss = 4.3066, ref_nll_loss = 4.5351, ivc_loss = 0.0357, neg_loss_1 = 0.0003, neg_loss_2 = 0.0001, ref_loss = 0.0116, div_loss = 0.1158, 0.331 seconds/batch
2026-04-16 22:05:59,546 - Epoch 14, Batch 650, lr = 0.00006, final_loss = 4.3841, nll_loss = 4.2690, ref_nll_loss = 4.4992, ivc_loss = 0.0360, neg_loss_1 = 0.0002, neg_loss_2 = 0.0001, ref_loss = 0.0119, div_loss = 0.1149, 0.328 seconds/batch
2026-04-16 22:06:14,148 - Epoch 14, Batch 700, lr = 0.00006, final_loss = 4.4099, nll_loss = 4.2970, ref_nll_loss = 4.5228, ivc_loss = 0.0370, neg_loss_1 = 0.0002, neg_loss_2 = 0.0001, ref_loss = 0.0123, div_loss = 0.1193, 0.326 seconds/batch
2026-04-16 22:06:33,467 - Epoch 14, Batch 750, lr = 0.00006, final_loss = 4.3480, nll_loss = 4.2325, ref_nll_loss = 4.4635, ivc_loss = 0.0368, neg_loss_1 = 0.0005, neg_loss_2 = 0.0001, ref_loss = 0.0118, div_loss = 0.1206, 0.330 seconds/batch
2026-04-16 22:06:54,943 - Epoch 14, Batch 800, lr = 0.00006, final_loss = 4.3768, nll_loss = 4.2640, ref_nll_loss = 4.4895, ivc_loss = 0.0373, neg_loss_1 = 0.0006, neg_loss_2 = 0.0002, ref_loss = 0.0120, div_loss = 0.1175, 0.336 seconds/batch
2026-04-16 22:07:16,116 - Epoch 14, Batch 850, lr = 0.00006, final_loss = 4.3828, nll_loss = 4.2664, ref_nll_loss = 4.4992, ivc_loss = 0.0352, neg_loss_1 = 0.0002, neg_loss_2 = 0.0001, ref_loss = 0.0117, div_loss = 0.1133, 0.341 seconds/batch
2026-04-16 22:07:37,277 - Epoch 14, Batch 900, lr = 0.00006, final_loss = 4.3727, nll_loss = 4.2592, ref_nll_loss = 4.4862, ivc_loss = 0.0342, neg_loss_1 = 0.0001, neg_loss_2 = 0.0001, ref_loss = 0.0110, div_loss = 0.1174, 0.346 seconds/batch
2026-04-16 22:07:58,573 - Epoch 14, Batch 950, lr = 0.00006, final_loss = 4.4008, nll_loss = 4.2906, ref_nll_loss = 4.5110, ivc_loss = 0.0356, neg_loss_1 = 0.0003, neg_loss_2 = 0.0000, ref_loss = 0.0116, div_loss = 0.1176, 0.350 seconds/batch
2026-04-16 22:08:19,871 - Epoch 14, Batch 1000, lr = 0.00006, final_loss = 4.3656, nll_loss = 4.2480, ref_nll_loss = 4.4832, ivc_loss = 0.0360, neg_loss_1 = 0.0003, neg_loss_2 = 0.0002, ref_loss = 0.0116, div_loss = 0.1174, 0.354 seconds/batch
2026-04-16 22:08:40,991 - Epoch 14, Batch 1050, lr = 0.00006, final_loss = 4.3924, nll_loss = 4.2764, ref_nll_loss = 4.5085, ivc_loss = 0.0347, neg_loss_1 = 0.0002, neg_loss_2 = 0.0001, ref_loss = 0.0111, div_loss = 0.1184, 0.357 seconds/batch
2026-04-16 22:09:02,413 - Epoch 14, Batch 1100, lr = 0.00006, final_loss = 4.3837, nll_loss = 4.2684, ref_nll_loss = 4.4989, ivc_loss = 0.0358, neg_loss_1 = 0.0003, neg_loss_2 = 0.0001, ref_loss = 0.0116, div_loss = 0.1169, 0.360 seconds/batch
2026-04-16 22:09:23,556 - Epoch 14, Batch 1150, lr = 0.00006, final_loss = 4.3662, nll_loss = 4.2512, ref_nll_loss = 4.4811, ivc_loss = 0.0351, neg_loss_1 = 0.0002, neg_loss_2 = 0.0001, ref_loss = 0.0114, div_loss = 0.1189, 0.363 seconds/batch
2026-04-16 22:09:31,950 - Epoch 14, Batch 1170, lr = 0.00006, final_loss = 4.4170, nll_loss = 4.3066, ref_nll_loss = 4.5274, ivc_loss = 0.0387, neg_loss_1 = 0.0002, neg_loss_2 = 0.0000, ref_loss = 0.0133, div_loss = 0.1172, 0.364 seconds/batch
2026-04-16 22:09:32,015 - save model to checkpoints/activitynet/base/model-14.pt, num_updates 16380.
2026-04-16 22:12:08,098 - | R@1,mIoU 0.3634 | R@1,IoU@0.1 0.8289 | R@1,IoU@0.3 0.5397 | R@1,IoU@0.5 0.2785 | R@1,IoU@0.7 0.1298 | R@1,IoU@0.9 0.0305 | R@5,mIoU 0.4184 | R@5,IoU@0.1 0.8617 | R@5,IoU@0.3 0.5966 | R@5,IoU@0.5 0.3753 | R@5,IoU@0.7 0.1875 | R@5,IoU@0.9 0.0696 |
2026-04-16 22:12:08,098 - ============================================================
2026-04-16 22:12:08,098 - Start Epoch 15
2026-04-16 22:12:29,436 - Epoch 15, Batch 50, lr = 0.00006, final_loss = 4.3471, nll_loss = 4.2302, ref_nll_loss = 4.4640, ivc_loss = 0.0370, neg_loss_1 = 0.0005, neg_loss_2 = 0.0002, ref_loss = 0.0120, div_loss = 0.1181, 0.427 seconds/batch
2026-04-16 22:12:50,754 - Epoch 15, Batch 100, lr = 0.00006, final_loss = 4.3400, nll_loss = 4.2259, ref_nll_loss = 4.4541, ivc_loss = 0.0354, neg_loss_1 = 0.0003, neg_loss_2 = 0.0002, ref_loss = 0.0110, div_loss = 0.1226, 0.427 seconds/batch
2026-04-16 22:13:11,956 - Epoch 15, Batch 150, lr = 0.00006, final_loss = 4.2928, nll_loss = 4.1744, ref_nll_loss = 4.4111, ivc_loss = 0.0327, neg_loss_1 = 0.0002, neg_loss_2 = 0.0000, ref_loss = 0.0100, div_loss = 0.1226, 0.426 seconds/batch
2026-04-16 22:13:30,434 - Epoch 15, Batch 200, lr = 0.00006, final_loss = 4.3569, nll_loss = 4.2418, ref_nll_loss = 4.4720, ivc_loss = 0.0368, neg_loss_1 = 0.0001, neg_loss_2 = 0.0003, ref_loss = 0.0118, div_loss = 0.1238, 0.412 seconds/batch
2026-04-16 22:13:44,999 - Epoch 15, Batch 250, lr = 0.00006, final_loss = 4.3231, nll_loss = 4.2069, ref_nll_loss = 4.4392, ivc_loss = 0.0372, neg_loss_1 = 0.0003, neg_loss_2 = 0.0003, ref_loss = 0.0119, div_loss = 0.1217, 0.388 seconds/batch
2026-04-16 22:13:59,610 - Epoch 15, Batch 300, lr = 0.00006, final_loss = 4.3560, nll_loss = 4.2382, ref_nll_loss = 4.4738, ivc_loss = 0.0331, neg_loss_1 = 0.0001, neg_loss_2 = 0.0001, ref_loss = 0.0104, div_loss = 0.1190, 0.372 seconds/batch
2026-04-16 22:14:14,280 - Epoch 15, Batch 350, lr = 0.00006, final_loss = 4.3667, nll_loss = 4.2522, ref_nll_loss = 4.4812, ivc_loss = 0.0370, neg_loss_1 = 0.0003, neg_loss_2 = 0.0004, ref_loss = 0.0118, div_loss = 0.1196, 0.361 seconds/batch
2026-04-16 22:14:28,949 - Epoch 15, Batch 400, lr = 0.00006, final_loss = 4.3782, nll_loss = 4.2657, ref_nll_loss = 4.4907, ivc_loss = 0.0403, neg_loss_1 = 0.0001, neg_loss_2 = 0.0000, ref_loss = 0.0142, div_loss = 0.1166, 0.352 seconds/batch
2026-04-16 22:14:43,551 - Epoch 15, Batch 450, lr = 0.00006, final_loss = 4.3280, nll_loss = 4.2141, ref_nll_loss = 4.4418, ivc_loss = 0.0381, neg_loss_1 = 0.0003, neg_loss_2 = 0.0006, ref_loss = 0.0121, div_loss = 0.1191, 0.345 seconds/batch
2026-04-16 22:14:58,243 - Epoch 15, Batch 500, lr = 0.00006, final_loss = 4.3427, nll_loss = 4.2265, ref_nll_loss = 4.4589, ivc_loss = 0.0381, neg_loss_1 = 0.0002, neg_loss_2 = 0.0000, ref_loss = 0.0129, div_loss = 0.1178, 0.340 seconds/batch
2026-04-16 22:15:12,844 - Epoch 15, Batch 550, lr = 0.00006, final_loss = 4.3097, nll_loss = 4.1914, ref_nll_loss = 4.4280, ivc_loss = 0.0347, neg_loss_1 = 0.0001, neg_loss_2 = 0.0004, ref_loss = 0.0110, div_loss = 0.1171, 0.336 seconds/batch
2026-04-16 22:15:27,409 - Epoch 15, Batch 600, lr = 0.00006, final_loss = 4.3526, nll_loss = 4.2375, ref_nll_loss = 4.4677, ivc_loss = 0.0397, neg_loss_1 = 0.0000, neg_loss_2 = 0.0004, ref_loss = 0.0135, div_loss = 0.1187, 0.332 seconds/batch
2026-04-16 22:15:41,944 - Epoch 15, Batch 650, lr = 0.00006, final_loss = 4.3471, nll_loss = 4.2281, ref_nll_loss = 4.4662, ivc_loss = 0.0355, neg_loss_1 = 0.0003, neg_loss_2 = 0.0001, ref_loss = 0.0115, div_loss = 0.1178, 0.329 seconds/batch
2026-04-16 22:15:56,495 - Epoch 15, Batch 700, lr = 0.00006, final_loss = 4.3593, nll_loss = 4.2416, ref_nll_loss = 4.4771, ivc_loss = 0.0362, neg_loss_1 = 0.0002, neg_loss_2 = 0.0002, ref_loss = 0.0117, div_loss = 0.1205, 0.326 seconds/batch
2026-04-16 22:16:15,735 - Epoch 15, Batch 750, lr = 0.00006, final_loss = 4.3025, nll_loss = 4.1842, ref_nll_loss = 4.4208, ivc_loss = 0.0367, neg_loss_1 = 0.0001, neg_loss_2 = 0.0001, ref_loss = 0.0121, div_loss = 0.1196, 0.330 seconds/batch
2026-04-16 22:16:36,974 - Epoch 15, Batch 800, lr = 0.00006, final_loss = 4.3708, nll_loss = 4.2569, ref_nll_loss = 4.4847, ivc_loss = 0.0356, neg_loss_1 = 0.0000, neg_loss_2 = 0.0001, ref_loss = 0.0117, div_loss = 0.1195, 0.336 seconds/batch
2026-04-16 22:16:58,184 - Epoch 15, Batch 850, lr = 0.00006, final_loss = 4.3387, nll_loss = 4.2259, ref_nll_loss = 4.4514, ivc_loss = 0.0378, neg_loss_1 = 0.0002, neg_loss_2 = 0.0003, ref_loss = 0.0125, div_loss = 0.1177, 0.341 seconds/batch
2026-04-16 22:17:19,420 - Epoch 15, Batch 900, lr = 0.00006, final_loss = 4.3676, nll_loss = 4.2492, ref_nll_loss = 4.4859, ivc_loss = 0.0355, neg_loss_1 = 0.0003, neg_loss_2 = 0.0002, ref_loss = 0.0113, div_loss = 0.1187, 0.346 seconds/batch
2026-04-16 22:17:40,842 - Epoch 15, Batch 950, lr = 0.00006, final_loss = 4.3500, nll_loss = 4.2311, ref_nll_loss = 4.4689, ivc_loss = 0.0339, neg_loss_1 = 0.0006, neg_loss_2 = 0.0001, ref_loss = 0.0103, div_loss = 0.1174, 0.350 seconds/batch
2026-04-16 22:18:02,259 - Epoch 15, Batch 1000, lr = 0.00006, final_loss = 4.3561, nll_loss = 4.2396, ref_nll_loss = 4.4727, ivc_loss = 0.0390, neg_loss_1 = 0.0001, neg_loss_2 = 0.0002, ref_loss = 0.0134, div_loss = 0.1151, 0.354 seconds/batch
2026-04-16 22:18:23,527 - Epoch 15, Batch 1050, lr = 0.00006, final_loss = 4.3881, nll_loss = 4.2721, ref_nll_loss = 4.5041, ivc_loss = 0.0360, neg_loss_1 = 0.0003, neg_loss_2 = 0.0002, ref_loss = 0.0118, div_loss = 0.1139, 0.358 seconds/batch
2026-04-16 22:18:44,903 - Epoch 15, Batch 1100, lr = 0.00006, final_loss = 4.3853, nll_loss = 4.2699, ref_nll_loss = 4.5008, ivc_loss = 0.0341, neg_loss_1 = 0.0001, neg_loss_2 = 0.0001, ref_loss = 0.0110, div_loss = 0.1170, 0.361 seconds/batch
2026-04-16 22:19:06,293 - Epoch 15, Batch 1150, lr = 0.00006, final_loss = 4.3529, nll_loss = 4.2386, ref_nll_loss = 4.4672, ivc_loss = 0.0378, neg_loss_1 = 0.0001, neg_loss_2 = 0.0002, ref_loss = 0.0128, div_loss = 0.1170, 0.364 seconds/batch
2026-04-16 22:19:14,688 - Epoch 15, Batch 1170, lr = 0.00006, final_loss = 4.3502, nll_loss = 4.2317, ref_nll_loss = 4.4688, ivc_loss = 0.0329, neg_loss_1 = 0.0004, neg_loss_2 = 0.0007, ref_loss = 0.0096, div_loss = 0.1132, 0.365 seconds/batch
2026-04-16 22:19:14,750 - save model to checkpoints/activitynet/base/model-15.pt, num_updates 17550.
2026-04-16 22:21:50,398 - | R@1,mIoU 0.3654 | R@1,IoU@0.1 0.8289 | R@1,IoU@0.3 0.5457 | R@1,IoU@0.5 0.2880 | R@1,IoU@0.7 0.1276 | R@1,IoU@0.9 0.0283 | R@5,mIoU 0.4242 | R@5,IoU@0.1 0.8661 | R@5,IoU@0.3 0.6051 | R@5,IoU@0.5 0.3896 | R@5,IoU@0.7 0.1927 | R@5,IoU@0.9 0.0625 |
2026-04-16 22:21:50,398 - ============================================================
2026-04-16 22:21:50,398 - Start Epoch 16
2026-04-16 22:22:11,964 - Epoch 16, Batch 50, lr = 0.00006, final_loss = 4.3043, nll_loss = 4.1843, ref_nll_loss = 4.4243, ivc_loss = 0.0334, neg_loss_1 = 0.0002, neg_loss_2 = 0.0001, ref_loss = 0.0106, div_loss = 0.1172, 0.431 seconds/batch
2026-04-16 22:22:33,142 - Epoch 16, Batch 100, lr = 0.00006, final_loss = 4.2951, nll_loss = 4.1778, ref_nll_loss = 4.4124, ivc_loss = 0.0355, neg_loss_1 = 0.0001, neg_loss_2 = 0.0004, ref_loss = 0.0115, div_loss = 0.1165, 0.427 seconds/batch
2026-04-16 22:22:54,412 - Epoch 16, Batch 150, lr = 0.00006, final_loss = 4.2885, nll_loss = 4.1750, ref_nll_loss = 4.4020, ivc_loss = 0.0389, neg_loss_1 = 0.0001, neg_loss_2 = 0.0002, ref_loss = 0.0133, div_loss = 0.1163, 0.427 seconds/batch
2026-04-16 22:23:12,875 - Epoch 16, Batch 200, lr = 0.00006, final_loss = 4.3030, nll_loss = 4.1875, ref_nll_loss = 4.4186, ivc_loss = 0.0337, neg_loss_1 = 0.0001, neg_loss_2 = 0.0002, ref_loss = 0.0107, div_loss = 0.1176, 0.412 seconds/batch
2026-04-16 22:23:27,349 - Epoch 16, Batch 250, lr = 0.00006, final_loss = 4.2896, nll_loss = 4.1724, ref_nll_loss = 4.4069, ivc_loss = 0.0376, neg_loss_1 = 0.0003, neg_loss_2 = 0.0003, ref_loss = 0.0123, div_loss = 0.1192, 0.388 seconds/batch
2026-04-16 22:23:41,947 - Epoch 16, Batch 300, lr = 0.00006, final_loss = 4.3017, nll_loss = 4.1845, ref_nll_loss = 4.4189, ivc_loss = 0.0369, neg_loss_1 = 0.0003, neg_loss_2 = 0.0001, ref_loss = 0.0120, div_loss = 0.1197, 0.372 seconds/batch
2026-04-16 22:23:56,573 - Epoch 16, Batch 350, lr = 0.00006, final_loss = 4.3039, nll_loss = 4.1873, ref_nll_loss = 4.4205, ivc_loss = 0.0364, neg_loss_1 = 0.0001, neg_loss_2 = 0.0003, ref_loss = 0.0118, div_loss = 0.1183, 0.360 seconds/batch
2026-04-16 22:24:11,258 - Epoch 16, Batch 400, lr = 0.00006, final_loss = 4.3185, nll_loss = 4.2033, ref_nll_loss = 4.4337, ivc_loss = 0.0361, neg_loss_1 = 0.0001, neg_loss_2 = 0.0005, ref_loss = 0.0119, div_loss = 0.1114, 0.352 seconds/batch
2026-04-16 22:24:25,893 - Epoch 16, Batch 450, lr = 0.00006, final_loss = 4.3417, nll_loss = 4.2255, ref_nll_loss = 4.4580, ivc_loss = 0.0364, neg_loss_1 = 0.0003, neg_loss_2 = 0.0001, ref_loss = 0.0121, div_loss = 0.1141, 0.346 seconds/batch
2026-04-16 22:24:40,518 - Epoch 16, Batch 500, lr = 0.00006, final_loss = 4.3455, nll_loss = 4.2275, ref_nll_loss = 4.4635, ivc_loss = 0.0376, neg_loss_1 = 0.0003, neg_loss_2 = 0.0005, ref_loss = 0.0122, div_loss = 0.1158, 0.340 seconds/batch
2026-04-16 22:24:55,021 - Epoch 16, Batch 550, lr = 0.00006, final_loss = 4.2937, nll_loss = 4.1742, ref_nll_loss = 4.4132, ivc_loss = 0.0338, neg_loss_1 = 0.0001, neg_loss_2 = 0.0003, ref_loss = 0.0107, div_loss = 0.1147, 0.336 seconds/batch
2026-04-16 22:25:09,534 - Epoch 16, Batch 600, lr = 0.00006, final_loss = 4.3743, nll_loss = 4.2561, ref_nll_loss = 4.4925, ivc_loss = 0.0368, neg_loss_1 = 0.0002, neg_loss_2 = 0.0001, ref_loss = 0.0126, div_loss = 0.1106, 0.332 seconds/batch
2026-04-16 22:25:24,072 - Epoch 16, Batch 650, lr = 0.00006, final_loss = 4.3028, nll_loss = 4.1882, ref_nll_loss = 4.4175, ivc_loss = 0.0360, neg_loss_1 = 0.0003, neg_loss_2 = 0.0000, ref_loss = 0.0120, div_loss = 0.1130, 0.329 seconds/batch
2026-04-16 22:25:38,694 - Epoch 16, Batch 700, lr = 0.00006, final_loss = 4.3007, nll_loss = 4.1823, ref_nll_loss = 4.4191, ivc_loss = 0.0363, neg_loss_1 = 0.0002, neg_loss_2 = 0.0004, ref_loss = 0.0117, div_loss = 0.1157, 0.326 seconds/batch
2026-04-16 22:25:57,688 - Epoch 16, Batch 750, lr = 0.00006, final_loss = 4.3249, nll_loss = 4.2076, ref_nll_loss = 4.4421, ivc_loss = 0.0367, neg_loss_1 = 0.0004, neg_loss_2 = 0.0003, ref_loss = 0.0118, div_loss = 0.1153, 0.330 seconds/batch
2026-04-16 22:26:18,875 - Epoch 16, Batch 800, lr = 0.00006, final_loss = 4.3277, nll_loss = 4.2124, ref_nll_loss = 4.4431, ivc_loss = 0.0373, neg_loss_1 = 0.0005, neg_loss_2 = 0.0004, ref_loss = 0.0116, div_loss = 0.1217, 0.336 seconds/batch
2026-04-16 22:26:40,282 - Epoch 16, Batch 850, lr = 0.00006, final_loss = 4.3537, nll_loss = 4.2407, ref_nll_loss = 4.4667, ivc_loss = 0.0385, neg_loss_1 = 0.0003, neg_loss_2 = 0.0002, ref_loss = 0.0125, div_loss = 0.1238, 0.341 seconds/batch
2026-04-16 22:27:01,674 - Epoch 16, Batch 900, lr = 0.00006, final_loss = 4.3494, nll_loss = 4.2330, ref_nll_loss = 4.4659, ivc_loss = 0.0370, neg_loss_1 = 0.0004, neg_loss_2 = 0.0000, ref_loss = 0.0117, div_loss = 0.1276, 0.346 seconds/batch
2026-04-16 22:27:22,951 - Epoch 16, Batch 950, lr = 0.00006, final_loss = 4.3045, nll_loss = 4.1858, ref_nll_loss = 4.4231, ivc_loss = 0.0330, neg_loss_1 = 0.0001, neg_loss_2 = 0.0003, ref_loss = 0.0098, div_loss = 0.1257, 0.350 seconds/batch
2026-04-16 22:27:44,333 - Epoch 16, Batch 1000, lr = 0.00006, final_loss = 4.3378, nll_loss = 4.2229, ref_nll_loss = 4.4527, ivc_loss = 0.0401, neg_loss_1 = 0.0002, neg_loss_2 = 0.0001, ref_loss = 0.0137, div_loss = 0.1200, 0.354 seconds/batch
2026-04-16 22:28:05,315 - Epoch 16, Batch 1050, lr = 0.00006, final_loss = 4.3504, nll_loss = 4.2305, ref_nll_loss = 4.4702, ivc_loss = 0.0342, neg_loss_1 = 0.0003, neg_loss_2 = 0.0002, ref_loss = 0.0105, div_loss = 0.1206, 0.357 seconds/batch
2026-04-16 22:28:26,708 - Epoch 16, Batch 1100, lr = 0.00006, final_loss = 4.3591, nll_loss = 4.2388, ref_nll_loss = 4.4795, ivc_loss = 0.0338, neg_loss_1 = 0.0003, neg_loss_2 = 0.0001, ref_loss = 0.0108, div_loss = 0.1141, 0.360 seconds/batch
2026-04-16 22:28:47,972 - Epoch 16, Batch 1150, lr = 0.00006, final_loss = 4.3209, nll_loss = 4.2044, ref_nll_loss = 4.4375, ivc_loss = 0.0377, neg_loss_1 = 0.0004, neg_loss_2 = 0.0000, ref_loss = 0.0127, div_loss = 0.1163, 0.363 seconds/batch
2026-04-16 22:28:56,322 - Epoch 16, Batch 1170, lr = 0.00006, final_loss = 4.3460, nll_loss = 4.2294, ref_nll_loss = 4.4627, ivc_loss = 0.0384, neg_loss_1 = 0.0007, neg_loss_2 = 0.0006, ref_loss = 0.0119, div_loss = 0.1206, 0.364 seconds/batch
2026-04-16 22:28:56,383 - save model to checkpoints/activitynet/base/model-16.pt, num_updates 18720.
2026-04-16 22:31:31,977 - | R@1,mIoU 0.3619 | R@1,IoU@0.1 0.8281 | R@1,IoU@0.3 0.5410 | R@1,IoU@0.5 0.2825 | R@1,IoU@0.7 0.1241 | R@1,IoU@0.9 0.0270 | R@5,mIoU 0.4188 | R@5,IoU@0.1 0.8613 | R@5,IoU@0.3 0.5979 | R@5,IoU@0.5 0.3790 | R@5,IoU@0.7 0.1867 | R@5,IoU@0.9 0.0609 |
2026-04-16 22:31:31,977 - ============================================================
2026-04-16 22:31:31,977 - Start Epoch 17
2026-04-16 22:31:53,266 - Epoch 17, Batch 50, lr = 0.00006, final_loss = 4.2967, nll_loss = 4.1774, ref_nll_loss = 4.4161, ivc_loss = 0.0357, neg_loss_1 = 0.0001, neg_loss_2 = 0.0004, ref_loss = 0.0114, div_loss = 0.1194, 0.426 seconds/batch
2026-04-16 22:32:14,616 - Epoch 17, Batch 100, lr = 0.00006, final_loss = 4.2480, nll_loss = 4.1283, ref_nll_loss = 4.3677, ivc_loss = 0.0359, neg_loss_1 = 0.0003, neg_loss_2 = 0.0000, ref_loss = 0.0116, div_loss = 0.1201, 0.426 seconds/batch
2026-04-16 22:32:35,819 - Epoch 17, Batch 150, lr = 0.00006, final_loss = 4.2822, nll_loss = 4.1603, ref_nll_loss = 4.4042, ivc_loss = 0.0329, neg_loss_1 = 0.0002, neg_loss_2 = 0.0002, ref_loss = 0.0103, div_loss = 0.1175, 0.426 seconds/batch
2026-04-16 22:32:54,756 - Epoch 17, Batch 200, lr = 0.00006, final_loss = 4.3046, nll_loss = 4.1832, ref_nll_loss = 4.4261, ivc_loss = 0.0328, neg_loss_1 = 0.0002, neg_loss_2 = 0.0001, ref_loss = 0.0103, div_loss = 0.1165, 0.414 seconds/batch
2026-04-16 22:33:09,279 - Epoch 17, Batch 250, lr = 0.00006, final_loss = 4.2977, nll_loss = 4.1744, ref_nll_loss = 4.4209, ivc_loss = 0.0325, neg_loss_1 = 0.0003, neg_loss_2 = 0.0001, ref_loss = 0.0099, div_loss = 0.1193, 0.389 seconds/batch
2026-04-16 22:33:23,854 - Epoch 17, Batch 300, lr = 0.00006, final_loss = 4.3070, nll_loss = 4.1881, ref_nll_loss = 4.4259, ivc_loss = 0.0336, neg_loss_1 = 0.0003, neg_loss_2 = 0.0000, ref_loss = 0.0105, div_loss = 0.1190, 0.373 seconds/batch
2026-04-16 22:33:38,482 - Epoch 17, Batch 350, lr = 0.00006, final_loss = 4.3254, nll_loss = 4.2057, ref_nll_loss = 4.4451, ivc_loss = 0.0356, neg_loss_1 = 0.0001, neg_loss_2 = 0.0004, ref_loss = 0.0113, div_loss = 0.1212, 0.361 seconds/batch
2026-04-16 22:33:53,078 - Epoch 17, Batch 400, lr = 0.00006, final_loss = 4.3089, nll_loss = 4.1875, ref_nll_loss = 4.4302, ivc_loss = 0.0360, neg_loss_1 = 0.0005, neg_loss_2 = 0.0000, ref_loss = 0.0114, div_loss = 0.1222, 0.353 seconds/batch
2026-04-16 22:34:07,580 - Epoch 17, Batch 450, lr = 0.00006, final_loss = 4.2731, nll_loss = 4.1490, ref_nll_loss = 4.3973, ivc_loss = 0.0348, neg_loss_1 = 0.0002, neg_loss_2 = 0.0003, ref_loss = 0.0108, div_loss = 0.1234, 0.346 seconds/batch
2026-04-16 22:34:22,135 - Epoch 17, Batch 500, lr = 0.00006, final_loss = 4.2874, nll_loss = 4.1675, ref_nll_loss = 4.4074, ivc_loss = 0.0339, neg_loss_1 = 0.0004, neg_loss_2 = 0.0002, ref_loss = 0.0105, div_loss = 0.1162, 0.340 seconds/batch
2026-04-16 22:34:36,689 - Epoch 17, Batch 550, lr = 0.00006, final_loss = 4.2936, nll_loss = 4.1751, ref_nll_loss = 4.4121, ivc_loss = 0.0362, neg_loss_1 = 0.0003, neg_loss_2 = 0.0003, ref_loss = 0.0116, div_loss = 0.1182, 0.336 seconds/batch
2026-04-16 22:34:51,122 - Epoch 17, Batch 600, lr = 0.00006, final_loss = 4.3315, nll_loss = 4.2133, ref_nll_loss = 4.4498, ivc_loss = 0.0360, neg_loss_1 = 0.0004, neg_loss_2 = 0.0004, ref_loss = 0.0111, div_loss = 0.1236, 0.332 seconds/batch
2026-04-16 22:35:05,670 - Epoch 17, Batch 650, lr = 0.00006, final_loss = 4.2644, nll_loss = 4.1440, ref_nll_loss = 4.3849, ivc_loss = 0.0351, neg_loss_1 = 0.0001, neg_loss_2 = 0.0002, ref_loss = 0.0112, div_loss = 0.1231, 0.329 seconds/batch
2026-04-16 22:35:20,228 - Epoch 17, Batch 700, lr = 0.00006, final_loss = 4.2891, nll_loss = 4.1681, ref_nll_loss = 4.4102, ivc_loss = 0.0351, neg_loss_1 = 0.0002, neg_loss_2 = 0.0002, ref_loss = 0.0110, div_loss = 0.1222, 0.326 seconds/batch
2026-04-16 22:35:38,800 - Epoch 17, Batch 750, lr = 0.00006, final_loss = 4.2975, nll_loss = 4.1817, ref_nll_loss = 4.4132, ivc_loss = 0.0379, neg_loss_1 = 0.0001, neg_loss_2 = 0.0002, ref_loss = 0.0126, div_loss = 0.1211, 0.329 seconds/batch
2026-04-16 22:35:59,984 - Epoch 17, Batch 800, lr = 0.00006, final_loss = 4.2890, nll_loss = 4.1684, ref_nll_loss = 4.4095, ivc_loss = 0.0360, neg_loss_1 = 0.0001, neg_loss_2 = 0.0003, ref_loss = 0.0115, div_loss = 0.1218, 0.335 seconds/batch
2026-04-16 22:36:21,206 - Epoch 17, Batch 850, lr = 0.00006, final_loss = 4.2703, nll_loss = 4.1508, ref_nll_loss = 4.3898, ivc_loss = 0.0342, neg_loss_1 = 0.0001, neg_loss_2 = 0.0001, ref_loss = 0.0109, div_loss = 0.1187, 0.340 seconds/batch
2026-04-16 22:36:42,411 - Epoch 17, Batch 900, lr = 0.00006, final_loss = 4.2945, nll_loss = 4.1741, ref_nll_loss = 4.4149, ivc_loss = 0.0338, neg_loss_1 = 0.0002, neg_loss_2 = 0.0002, ref_loss = 0.0105, div_loss = 0.1196, 0.345 seconds/batch
2026-04-16 22:37:03,707 - Epoch 17, Batch 950, lr = 0.00006, final_loss = 4.2899, nll_loss = 4.1721, ref_nll_loss = 4.4076, ivc_loss = 0.0387, neg_loss_1 = 0.0004, neg_loss_2 = 0.0000, ref_loss = 0.0131, div_loss = 0.1177, 0.349 seconds/batch
2026-04-16 22:37:24,931 - Epoch 17, Batch 1000, lr = 0.00006, final_loss = 4.2957, nll_loss = 4.1729, ref_nll_loss = 4.4184, ivc_loss = 0.0324, neg_loss_1 = 0.0002, neg_loss_2 = 0.0001, ref_loss = 0.0101, div_loss = 0.1173, 0.353 seconds/batch
2026-04-16 22:37:46,128 - Epoch 17, Batch 1050, lr = 0.00006, final_loss = 4.3009, nll_loss = 4.1803, ref_nll_loss = 4.4216, ivc_loss = 0.0356, neg_loss_1 = 0.0001, neg_loss_2 = 0.0001, ref_loss = 0.0116, div_loss = 0.1202, 0.356 seconds/batch
2026-04-16 22:38:07,453 - Epoch 17, Batch 1100, lr = 0.00006, final_loss = 4.3172, nll_loss = 4.1950, ref_nll_loss = 4.4394, ivc_loss = 0.0360, neg_loss_1 = 0.0002, neg_loss_2 = 0.0001, ref_loss = 0.0115, div_loss = 0.1254, 0.360 seconds/batch
2026-04-16 22:38:28,739 - Epoch 17, Batch 1150, lr = 0.00006, final_loss = 4.3265, nll_loss = 4.2069, ref_nll_loss = 4.4462, ivc_loss = 0.0343, neg_loss_1 = 0.0005, neg_loss_2 = 0.0001, ref_loss = 0.0104, div_loss = 0.1224, 0.362 seconds/batch
2026-04-16 22:38:37,204 - Epoch 17, Batch 1170, lr = 0.00006, final_loss = 4.2696, nll_loss = 4.1505, ref_nll_loss = 4.3887, ivc_loss = 0.0312, neg_loss_1 = 0.0002, neg_loss_2 = 0.0000, ref_loss = 0.0093, div_loss = 0.1226, 0.363 seconds/batch
2026-04-16 22:38:37,283 - save model to checkpoints/activitynet/base/model-17.pt, num_updates 19890.
2026-04-16 22:41:13,013 - | R@1,mIoU 0.3592 | R@1,IoU@0.1 0.8254 | R@1,IoU@0.3 0.5328 | R@1,IoU@0.5 0.2710 | R@1,IoU@0.7 0.1268 | R@1,IoU@0.9 0.0275 | R@5,mIoU 0.4113 | R@5,IoU@0.1 0.8585 | R@5,IoU@0.3 0.5906 | R@5,IoU@0.5 0.3642 | R@5,IoU@0.7 0.1775 | R@5,IoU@0.9 0.0585 |
2026-04-16 22:41:13,013 - ============================================================
2026-04-16 22:41:13,013 - Start Epoch 18
2026-04-16 22:41:34,339 - Epoch 18, Batch 50, lr = 0.00006, final_loss = 4.2420, nll_loss = 4.1204, ref_nll_loss = 4.3636, ivc_loss = 0.0337, neg_loss_1 = 0.0002, neg_loss_2 = 0.0000, ref_loss = 0.0105, div_loss = 0.1221, 0.426 seconds/batch
2026-04-16 22:41:55,383 - Epoch 18, Batch 100, lr = 0.00006, final_loss = 4.2687, nll_loss = 4.1488, ref_nll_loss = 4.3887, ivc_loss = 0.0363, neg_loss_1 = 0.0002, neg_loss_2 = 0.0000, ref_loss = 0.0119, div_loss = 0.1205, 0.424 seconds/batch
2026-04-16 22:42:16,628 - Epoch 18, Batch 150, lr = 0.00006, final_loss = 4.2745, nll_loss = 4.1492, ref_nll_loss = 4.3999, ivc_loss = 0.0313, neg_loss_1 = 0.0003, neg_loss_2 = 0.0000, ref_loss = 0.0093, div_loss = 0.1204, 0.424 seconds/batch
2026-04-16 22:42:36,034 - Epoch 18, Batch 200, lr = 0.00006, final_loss = 4.2789, nll_loss = 4.1540, ref_nll_loss = 4.4038, ivc_loss = 0.0327, neg_loss_1 = 0.0002, neg_loss_2 = 0.0000, ref_loss = 0.0101, div_loss = 0.1200, 0.415 seconds/batch
2026-04-16 22:42:50,558 - Epoch 18, Batch 250, lr = 0.00006, final_loss = 4.2507, nll_loss = 4.1302, ref_nll_loss = 4.3713, ivc_loss = 0.0355, neg_loss_1 = 0.0001, neg_loss_2 = 0.0001, ref_loss = 0.0114, div_loss = 0.1229, 0.390 seconds/batch
2026-04-16 22:43:05,163 - Epoch 18, Batch 300, lr = 0.00006, final_loss = 4.3121, nll_loss = 4.1895, ref_nll_loss = 4.4348, ivc_loss = 0.0331, neg_loss_1 = 0.0006, neg_loss_2 = 0.0000, ref_loss = 0.0099, div_loss = 0.1199, 0.374 seconds/batch
2026-04-16 22:43:19,858 - Epoch 18, Batch 350, lr = 0.00006, final_loss = 4.2464, nll_loss = 4.1239, ref_nll_loss = 4.3690, ivc_loss = 0.0323, neg_loss_1 = 0.0002, neg_loss_2 = 0.0006, ref_loss = 0.0094, div_loss = 0.1205, 0.362 seconds/batch
2026-04-16 22:43:34,469 - Epoch 18, Batch 400, lr = 0.00006, final_loss = 4.2922, nll_loss = 4.1671, ref_nll_loss = 4.4172, ivc_loss = 0.0341, neg_loss_1 = 0.0002, neg_loss_2 = 0.0003, ref_loss = 0.0104, div_loss = 0.1235, 0.354 seconds/batch
2026-04-16 22:43:49,030 - Epoch 18, Batch 450, lr = 0.00006, final_loss = 4.2597, nll_loss = 4.1368, ref_nll_loss = 4.3826, ivc_loss = 0.0343, neg_loss_1 = 0.0003, neg_loss_2 = 0.0001, ref_loss = 0.0105, div_loss = 0.1250, 0.347 seconds/batch
2026-04-16 22:44:03,651 - Epoch 18, Batch 500, lr = 0.00006, final_loss = 4.2802, nll_loss = 4.1579, ref_nll_loss = 4.4026, ivc_loss = 0.0350, neg_loss_1 = 0.0003, neg_loss_2 = 0.0002, ref_loss = 0.0109, div_loss = 0.1203, 0.341 seconds/batch
2026-04-16 22:44:18,187 - Epoch 18, Batch 550, lr = 0.00006, final_loss = 4.2544, nll_loss = 4.1323, ref_nll_loss = 4.3764, ivc_loss = 0.0354, neg_loss_1 = 0.0001, neg_loss_2 = 0.0002, ref_loss = 0.0113, div_loss = 0.1227, 0.337 seconds/batch
2026-04-16 22:44:32,637 - Epoch 18, Batch 600, lr = 0.00006, final_loss = 4.2814, nll_loss = 4.1596, ref_nll_loss = 4.4032, ivc_loss = 0.0369, neg_loss_1 = 0.0001, neg_loss_2 = 0.0003, ref_loss = 0.0117, div_loss = 0.1273, 0.333 seconds/batch
2026-04-16 22:44:47,150 - Epoch 18, Batch 650, lr = 0.00006, final_loss = 4.2759, nll_loss = 4.1503, ref_nll_loss = 4.4015, ivc_loss = 0.0337, neg_loss_1 = 0.0002, neg_loss_2 = 0.0001, ref_loss = 0.0104, div_loss = 0.1237, 0.329 seconds/batch
2026-04-16 22:45:01,740 - Epoch 18, Batch 700, lr = 0.00006, final_loss = 4.2792, nll_loss = 4.1562, ref_nll_loss = 4.4023, ivc_loss = 0.0362, neg_loss_1 = 0.0001, neg_loss_2 = 0.0000, ref_loss = 0.0119, div_loss = 0.1214, 0.327 seconds/batch
2026-04-16 22:45:19,927 - Epoch 18, Batch 750, lr = 0.00006, final_loss = 4.2849, nll_loss = 4.1623, ref_nll_loss = 4.4075, ivc_loss = 0.0357, neg_loss_1 = 0.0002, neg_loss_2 = 0.0000, ref_loss = 0.0116, div_loss = 0.1211, 0.329 seconds/batch
2026-04-16 22:45:41,152 - Epoch 18, Batch 800, lr = 0.00006, final_loss = 4.2697, nll_loss = 4.1489, ref_nll_loss = 4.3906, ivc_loss = 0.0344, neg_loss_1 = 0.0002, neg_loss_2 = 0.0001, ref_loss = 0.0107, div_loss = 0.1241, 0.335 seconds/batch
2026-04-16 22:46:02,303 - Epoch 18, Batch 850, lr = 0.00006, final_loss = 4.2515, nll_loss = 4.1298, ref_nll_loss = 4.3731, ivc_loss = 0.0373, neg_loss_1 = 0.0002, neg_loss_2 = 0.0000, ref_loss = 0.0122, div_loss = 0.1235, 0.340 seconds/batch
2026-04-16 22:46:23,398 - Epoch 18, Batch 900, lr = 0.00006, final_loss = 4.2842, nll_loss = 4.1600, ref_nll_loss = 4.4084, ivc_loss = 0.0330, neg_loss_1 = 0.0001, neg_loss_2 = 0.0001, ref_loss = 0.0101, div_loss = 0.1238, 0.345 seconds/batch
2026-04-16 22:46:44,524 - Epoch 18, Batch 950, lr = 0.00006, final_loss = 4.2593, nll_loss = 4.1397, ref_nll_loss = 4.3790, ivc_loss = 0.0364, neg_loss_1 = 0.0001, neg_loss_2 = 0.0000, ref_loss = 0.0119, div_loss = 0.1233, 0.349 seconds/batch
2026-04-16 22:47:05,858 - Epoch 18, Batch 1000, lr = 0.00006, final_loss = 4.2613, nll_loss = 4.1389, ref_nll_loss = 4.3838, ivc_loss = 0.0355, neg_loss_1 = 0.0002, neg_loss_2 = 0.0000, ref_loss = 0.0114, div_loss = 0.1230, 0.353 seconds/batch
2026-04-16 22:47:27,309 - Epoch 18, Batch 1050, lr = 0.00006, final_loss = 4.2503, nll_loss = 4.1311, ref_nll_loss = 4.3695, ivc_loss = 0.0370, neg_loss_1 = 0.0001, neg_loss_2 = 0.0002, ref_loss = 0.0122, div_loss = 0.1213, 0.356 seconds/batch
2026-04-16 22:47:48,638 - Epoch 18, Batch 1100, lr = 0.00006, final_loss = 4.2728, nll_loss = 4.1530, ref_nll_loss = 4.3925, ivc_loss = 0.0353, neg_loss_1 = 0.0002, neg_loss_2 = 0.0003, ref_loss = 0.0112, div_loss = 0.1206, 0.360 seconds/batch
2026-04-16 22:48:09,819 - Epoch 18, Batch 1150, lr = 0.00006, final_loss = 4.2614, nll_loss = 4.1383, ref_nll_loss = 4.3845, ivc_loss = 0.0337, neg_loss_1 = 0.0002, neg_loss_2 = 0.0003, ref_loss = 0.0101, div_loss = 0.1260, 0.362 seconds/batch
2026-04-16 22:48:18,126 - Epoch 18, Batch 1170, lr = 0.00006, final_loss = 4.3405, nll_loss = 4.2236, ref_nll_loss = 4.4574, ivc_loss = 0.0402, neg_loss_1 = 0.0003, neg_loss_2 = 0.0001, ref_loss = 0.0136, div_loss = 0.1238, 0.363 seconds/batch
2026-04-16 22:48:18,188 - save model to checkpoints/activitynet/base/model-18.pt, num_updates 21060.
2026-04-16 22:50:53,668 - | R@1,mIoU 0.3601 | R@1,IoU@0.1 0.8284 | R@1,IoU@0.3 0.5392 | R@1,IoU@0.5 0.2753 | R@1,IoU@0.7 0.1235 | R@1,IoU@0.9 0.0283 | R@5,mIoU 0.4171 | R@5,IoU@0.1 0.8623 | R@5,IoU@0.3 0.5970 | R@5,IoU@0.5 0.3724 | R@5,IoU@0.7 0.1855 | R@5,IoU@0.9 0.0598 |
2026-04-16 22:50:53,668 - ============================================================
2026-04-16 22:50:53,668 - Start Epoch 19
2026-04-16 22:51:15,075 - Epoch 19, Batch 50, lr = 0.00006, final_loss = 4.2401, nll_loss = 4.1170, ref_nll_loss = 4.3632, ivc_loss = 0.0354, neg_loss_1 = 0.0002, neg_loss_2 = 0.0001, ref_loss = 0.0114, div_loss = 0.1216, 0.428 seconds/batch
2026-04-16 22:51:36,392 - Epoch 19, Batch 100, lr = 0.00005, final_loss = 4.2298, nll_loss = 4.1077, ref_nll_loss = 4.3520, ivc_loss = 0.0345, neg_loss_1 = 0.0001, neg_loss_2 = 0.0000, ref_loss = 0.0110, div_loss = 0.1224, 0.427 seconds/batch
2026-04-16 22:51:57,911 - Epoch 19, Batch 150, lr = 0.00005, final_loss = 4.2300, nll_loss = 4.1078, ref_nll_loss = 4.3522, ivc_loss = 0.0335, neg_loss_1 = 0.0002, neg_loss_2 = 0.0000, ref_loss = 0.0105, div_loss = 0.1207, 0.428 seconds/batch
2026-04-16 22:52:17,505 - Epoch 19, Batch 200, lr = 0.00005, final_loss = 4.2492, nll_loss = 4.1292, ref_nll_loss = 4.3691, ivc_loss = 0.0368, neg_loss_1 = 0.0003, neg_loss_2 = 0.0004, ref_loss = 0.0119, div_loss = 0.1160, 0.419 seconds/batch
2026-04-16 22:52:32,033 - Epoch 19, Batch 250, lr = 0.00005, final_loss = 4.2462, nll_loss = 4.1267, ref_nll_loss = 4.3658, ivc_loss = 0.0384, neg_loss_1 = 0.0004, neg_loss_2 = 0.0002, ref_loss = 0.0128, div_loss = 0.1163, 0.393 seconds/batch
2026-04-16 22:52:46,571 - Epoch 19, Batch 300, lr = 0.00005, final_loss = 4.2565, nll_loss = 4.1315, ref_nll_loss = 4.3814, ivc_loss = 0.0325, neg_loss_1 = 0.0002, neg_loss_2 = 0.0000, ref_loss = 0.0102, div_loss = 0.1172, 0.376 seconds/batch
2026-04-16 22:53:01,137 - Epoch 19, Batch 350, lr = 0.00005, final_loss = 4.2506, nll_loss = 4.1284, ref_nll_loss = 4.3728, ivc_loss = 0.0325, neg_loss_1 = 0.0001, neg_loss_2 = 0.0003, ref_loss = 0.0099, div_loss = 0.1191, 0.364 seconds/batch
2026-04-16 22:53:15,698 - Epoch 19, Batch 400, lr = 0.00005, final_loss = 4.2264, nll_loss = 4.1040, ref_nll_loss = 4.3488, ivc_loss = 0.0331, neg_loss_1 = 0.0002, neg_loss_2 = 0.0001, ref_loss = 0.0102, div_loss = 0.1211, 0.355 seconds/batch
2026-04-16 22:53:30,241 - Epoch 19, Batch 450, lr = 0.00005, final_loss = 4.2376, nll_loss = 4.1158, ref_nll_loss = 4.3594, ivc_loss = 0.0360, neg_loss_1 = 0.0003, neg_loss_2 = 0.0000, ref_loss = 0.0116, div_loss = 0.1205, 0.348 seconds/batch
2026-04-16 22:53:44,859 - Epoch 19, Batch 500, lr = 0.00005, final_loss = 4.2311, nll_loss = 4.1070, ref_nll_loss = 4.3551, ivc_loss = 0.0325, neg_loss_1 = 0.0003, neg_loss_2 = 0.0004, ref_loss = 0.0096, div_loss = 0.1200, 0.342 seconds/batch
2026-04-16 22:53:59,473 - Epoch 19, Batch 550, lr = 0.00005, final_loss = 4.2358, nll_loss = 4.1127, ref_nll_loss = 4.3589, ivc_loss = 0.0363, neg_loss_1 = 0.0000, neg_loss_2 = 0.0001, ref_loss = 0.0117, div_loss = 0.1258, 0.338 seconds/batch
2026-04-16 22:54:14,023 - Epoch 19, Batch 600, lr = 0.00005, final_loss = 4.2818, nll_loss = 4.1586, ref_nll_loss = 4.4050, ivc_loss = 0.0360, neg_loss_1 = 0.0001, neg_loss_2 = 0.0001, ref_loss = 0.0114, div_loss = 0.1280, 0.334 seconds/batch
2026-04-16 22:54:28,555 - Epoch 19, Batch 650, lr = 0.00005, final_loss = 4.2237, nll_loss = 4.0974, ref_nll_loss = 4.3500, ivc_loss = 0.0340, neg_loss_1 = 0.0004, neg_loss_2 = 0.0001, ref_loss = 0.0102, div_loss = 0.1262, 0.331 seconds/batch
2026-04-16 22:54:43,080 - Epoch 19, Batch 700, lr = 0.00005, final_loss = 4.2642, nll_loss = 4.1361, ref_nll_loss = 4.3923, ivc_loss = 0.0329, neg_loss_1 = 0.0000, neg_loss_2 = 0.0001, ref_loss = 0.0103, div_loss = 0.1198, 0.328 seconds/batch
2026-04-16 22:55:01,358 - Epoch 19, Batch 750, lr = 0.00005, final_loss = 4.2614, nll_loss = 4.1370, ref_nll_loss = 4.3859, ivc_loss = 0.0317, neg_loss_1 = 0.0001, neg_loss_2 = 0.0000, ref_loss = 0.0099, div_loss = 0.1177, 0.330 seconds/batch
2026-04-16 22:55:22,494 - Epoch 19, Batch 800, lr = 0.00005, final_loss = 4.2797, nll_loss = 4.1569, ref_nll_loss = 4.4025, ivc_loss = 0.0349, neg_loss_1 = 0.0002, neg_loss_2 = 0.0001, ref_loss = 0.0113, div_loss = 0.1179, 0.336 seconds/batch
2026-04-16 22:55:43,761 - Epoch 19, Batch 850, lr = 0.00005, final_loss = 4.2609, nll_loss = 4.1403, ref_nll_loss = 4.3815, ivc_loss = 0.0365, neg_loss_1 = 0.0004, neg_loss_2 = 0.0005, ref_loss = 0.0113, div_loss = 0.1221, 0.341 seconds/batch
2026-04-16 22:56:04,833 - Epoch 19, Batch 900, lr = 0.00005, final_loss = 4.2493, nll_loss = 4.1264, ref_nll_loss = 4.3722, ivc_loss = 0.0347, neg_loss_1 = 0.0001, neg_loss_2 = 0.0002, ref_loss = 0.0107, div_loss = 0.1269, 0.346 seconds/batch
2026-04-16 22:56:25,932 - Epoch 19, Batch 950, lr = 0.00005, final_loss = 4.2407, nll_loss = 4.1138, ref_nll_loss = 4.3676, ivc_loss = 0.0322, neg_loss_1 = 0.0003, neg_loss_2 = 0.0001, ref_loss = 0.0095, div_loss = 0.1241, 0.350 seconds/batch
2026-04-16 22:56:47,105 - Epoch 19, Batch 1000, lr = 0.00005, final_loss = 4.2449, nll_loss = 4.1221, ref_nll_loss = 4.3677, ivc_loss = 0.0317, neg_loss_1 = 0.0001, neg_loss_2 = 0.0001, ref_loss = 0.0095, div_loss = 0.1225, 0.353 seconds/batch
2026-04-16 22:57:08,272 - Epoch 19, Batch 1050, lr = 0.00005, final_loss = 4.2779, nll_loss = 4.1532, ref_nll_loss = 4.4026, ivc_loss = 0.0356, neg_loss_1 = 0.0003, neg_loss_2 = 0.0000, ref_loss = 0.0114, div_loss = 0.1208, 0.357 seconds/batch
2026-04-16 22:57:29,673 - Epoch 19, Batch 1100, lr = 0.00005, final_loss = 4.2540, nll_loss = 4.1298, ref_nll_loss = 4.3781, ivc_loss = 0.0339, neg_loss_1 = 0.0001, neg_loss_2 = 0.0002, ref_loss = 0.0107, div_loss = 0.1183, 0.360 seconds/batch
2026-04-16 22:57:51,041 - Epoch 19, Batch 1150, lr = 0.00005, final_loss = 4.2625, nll_loss = 4.1380, ref_nll_loss = 4.3871, ivc_loss = 0.0338, neg_loss_1 = 0.0000, neg_loss_2 = 0.0000, ref_loss = 0.0107, div_loss = 0.1224, 0.363 seconds/batch
2026-04-16 22:57:59,301 - Epoch 19, Batch 1170, lr = 0.00005, final_loss = 4.2806, nll_loss = 4.1583, ref_nll_loss = 4.4028, ivc_loss = 0.0335, neg_loss_1 = 0.0000, neg_loss_2 = 0.0003, ref_loss = 0.0102, div_loss = 0.1255, 0.364 seconds/batch
2026-04-16 22:57:59,364 - save model to checkpoints/activitynet/base/model-19.pt, num_updates 22230.
2026-04-16 23:00:35,491 - | R@1,mIoU 0.3592 | R@1,IoU@0.1 0.8290 | R@1,IoU@0.3 0.5360 | R@1,IoU@0.5 0.2725 | R@1,IoU@0.7 0.1258 | R@1,IoU@0.9 0.0272 | R@5,mIoU 0.4052 | R@5,IoU@0.1 0.8571 | R@5,IoU@0.3 0.5858 | R@5,IoU@0.5 0.3551 | R@5,IoU@0.7 0.1732 | R@5,IoU@0.9 0.0491 |
2026-04-16 23:00:35,491 - ============================================================
2026-04-16 23:00:35,491 - Start Epoch 20
2026-04-16 23:00:56,817 - Epoch 20, Batch 50, lr = 0.00005, final_loss = 4.1868, nll_loss = 4.0575, ref_nll_loss = 4.3160, ivc_loss = 0.0334, neg_loss_1 = 0.0001, neg_loss_2 = 0.0000, ref_loss = 0.0102, div_loss = 0.1270, 0.427 seconds/batch
2026-04-16 23:01:18,223 - Epoch 20, Batch 100, lr = 0.00005, final_loss = 4.2186, nll_loss = 4.0916, ref_nll_loss = 4.3457, ivc_loss = 0.0345, neg_loss_1 = 0.0002, neg_loss_2 = 0.0000, ref_loss = 0.0107, div_loss = 0.1282, 0.427 seconds/batch
2026-04-16 23:01:39,385 - Epoch 20, Batch 150, lr = 0.00005, final_loss = 4.2254, nll_loss = 4.1000, ref_nll_loss = 4.3507, ivc_loss = 0.0326, neg_loss_1 = 0.0001, neg_loss_2 = 0.0002, ref_loss = 0.0096, div_loss = 0.1282, 0.426 seconds/batch
2026-04-16 23:01:58,867 - Epoch 20, Batch 200, lr = 0.00005, final_loss = 4.1718, nll_loss = 4.0434, ref_nll_loss = 4.3002, ivc_loss = 0.0342, neg_loss_1 = 0.0001, neg_loss_2 = 0.0000, ref_loss = 0.0105, div_loss = 0.1291, 0.417 seconds/batch
2026-04-16 23:02:13,366 - Epoch 20, Batch 250, lr = 0.00005, final_loss = 4.1731, nll_loss = 4.0474, ref_nll_loss = 4.2988, ivc_loss = 0.0336, neg_loss_1 = 0.0001, neg_loss_2 = 0.0003, ref_loss = 0.0100, div_loss = 0.1281, 0.391 seconds/batch
2026-04-16 23:02:27,904 - Epoch 20, Batch 300, lr = 0.00005, final_loss = 4.2360, nll_loss = 4.1138, ref_nll_loss = 4.3581, ivc_loss = 0.0354, neg_loss_1 = 0.0003, neg_loss_2 = 0.0005, ref_loss = 0.0105, div_loss = 0.1283, 0.375 seconds/batch
2026-04-16 23:02:42,568 - Epoch 20, Batch 350, lr = 0.00005, final_loss = 4.2042, nll_loss = 4.0787, ref_nll_loss = 4.3297, ivc_loss = 0.0320, neg_loss_1 = 0.0000, neg_loss_2 = 0.0002, ref_loss = 0.0092, div_loss = 0.1307, 0.363 seconds/batch
2026-04-16 23:02:57,143 - Epoch 20, Batch 400, lr = 0.00005, final_loss = 4.2389, nll_loss = 4.1173, ref_nll_loss = 4.3605, ivc_loss = 0.0385, neg_loss_1 = 0.0001, neg_loss_2 = 0.0002, ref_loss = 0.0126, div_loss = 0.1266, 0.354 seconds/batch
2026-04-16 23:03:11,659 - Epoch 20, Batch 450, lr = 0.00005, final_loss = 4.2425, nll_loss = 4.1164, ref_nll_loss = 4.3687, ivc_loss = 0.0331, neg_loss_1 = 0.0002, neg_loss_2 = 0.0000, ref_loss = 0.0100, div_loss = 0.1259, 0.347 seconds/batch
2026-04-16 23:03:26,232 - Epoch 20, Batch 500, lr = 0.00005, final_loss = 4.2366, nll_loss = 4.1104, ref_nll_loss = 4.3629, ivc_loss = 0.0347, neg_loss_1 = 0.0002, neg_loss_2 = 0.0000, ref_loss = 0.0109, div_loss = 0.1236, 0.341 seconds/batch
2026-04-16 23:03:40,725 - Epoch 20, Batch 550, lr = 0.00005, final_loss = 4.2085, nll_loss = 4.0857, ref_nll_loss = 4.3313, ivc_loss = 0.0341, neg_loss_1 = 0.0001, neg_loss_2 = 0.0001, ref_loss = 0.0105, div_loss = 0.1273, 0.337 seconds/batch
2026-04-16 23:03:55,223 - Epoch 20, Batch 600, lr = 0.00005, final_loss = 4.1991, nll_loss = 4.0739, ref_nll_loss = 4.3243, ivc_loss = 0.0331, neg_loss_1 = 0.0001, neg_loss_2 = 0.0000, ref_loss = 0.0102, div_loss = 0.1245, 0.333 seconds/batch
2026-04-16 23:04:09,743 - Epoch 20, Batch 650, lr = 0.00005, final_loss = 4.2572, nll_loss = 4.1336, ref_nll_loss = 4.3809, ivc_loss = 0.0332, neg_loss_1 = 0.0000, neg_loss_2 = 0.0000, ref_loss = 0.0104, div_loss = 0.1243, 0.330 seconds/batch
2026-04-16 23:04:24,335 - Epoch 20, Batch 700, lr = 0.00005, final_loss = 4.1938, nll_loss = 4.0674, ref_nll_loss = 4.3202, ivc_loss = 0.0343, neg_loss_1 = 0.0002, neg_loss_2 = 0.0001, ref_loss = 0.0107, div_loss = 0.1248, 0.327 seconds/batch
2026-04-16 23:04:42,408 - Epoch 20, Batch 750, lr = 0.00005, final_loss = 4.2416, nll_loss = 4.1159, ref_nll_loss = 4.3673, ivc_loss = 0.0334, neg_loss_1 = 0.0001, neg_loss_2 = 0.0000, ref_loss = 0.0103, div_loss = 0.1246, 0.329 seconds/batch
2026-04-16 23:05:03,611 - Epoch 20, Batch 800, lr = 0.00005, final_loss = 4.2348, nll_loss = 4.1092, ref_nll_loss = 4.3603, ivc_loss = 0.0340, neg_loss_1 = 0.0001, neg_loss_2 = 0.0005, ref_loss = 0.0101, div_loss = 0.1267, 0.335 seconds/batch
2026-04-16 23:05:24,727 - Epoch 20, Batch 850, lr = 0.00005, final_loss = 4.2198, nll_loss = 4.0972, ref_nll_loss = 4.3425, ivc_loss = 0.0334, neg_loss_1 = 0.0000, neg_loss_2 = 0.0001, ref_loss = 0.0104, div_loss = 0.1256, 0.340 seconds/batch
2026-04-16 23:05:45,776 - Epoch 20, Batch 900, lr = 0.00005, final_loss = 4.2402, nll_loss = 4.1155, ref_nll_loss = 4.3649, ivc_loss = 0.0374, neg_loss_1 = 0.0001, neg_loss_2 = 0.0003, ref_loss = 0.0119, div_loss = 0.1279, 0.345 seconds/batch
2026-04-16 23:06:07,218 - Epoch 20, Batch 950, lr = 0.00005, final_loss = 4.2618, nll_loss = 4.1371, ref_nll_loss = 4.3864, ivc_loss = 0.0339, neg_loss_1 = 0.0002, neg_loss_2 = 0.0002, ref_loss = 0.0103, div_loss = 0.1267, 0.349 seconds/batch
2026-04-16 23:06:28,307 - Epoch 20, Batch 1000, lr = 0.00005, final_loss = 4.2332, nll_loss = 4.1075, ref_nll_loss = 4.3590, ivc_loss = 0.0339, neg_loss_1 = 0.0001, neg_loss_2 = 0.0000, ref_loss = 0.0107, div_loss = 0.1233, 0.353 seconds/batch
2026-04-16 23:06:49,408 - Epoch 20, Batch 1050, lr = 0.00005, final_loss = 4.2292, nll_loss = 4.1041, ref_nll_loss = 4.3543, ivc_loss = 0.0328, neg_loss_1 = 0.0005, neg_loss_2 = 0.0001, ref_loss = 0.0096, div_loss = 0.1246, 0.356 seconds/batch
2026-04-16 23:07:10,312 - Epoch 20, Batch 1100, lr = 0.00005, final_loss = 4.2352, nll_loss = 4.1098, ref_nll_loss = 4.3607, ivc_loss = 0.0336, neg_loss_1 = 0.0004, neg_loss_2 = 0.0001, ref_loss = 0.0100, div_loss = 0.1259, 0.359 seconds/batch
2026-04-16 23:07:31,672 - Epoch 20, Batch 1150, lr = 0.00005, final_loss = 4.2718, nll_loss = 4.1432, ref_nll_loss = 4.4005, ivc_loss = 0.0331, neg_loss_1 = 0.0000, neg_loss_2 = 0.0000, ref_loss = 0.0102, div_loss = 0.1278, 0.362 seconds/batch
2026-04-16 23:07:40,083 - Epoch 20, Batch 1170, lr = 0.00005, final_loss = 4.2159, nll_loss = 4.0907, ref_nll_loss = 4.3411, ivc_loss = 0.0342, neg_loss_1 = 0.0000, neg_loss_2 = 0.0002, ref_loss = 0.0103, div_loss = 0.1308, 0.363 seconds/batch
2026-04-16 23:07:40,145 - save model to checkpoints/activitynet/base/model-20.pt, num_updates 23400.
2026-04-16 23:10:15,933 - | R@1,mIoU 0.3577 | R@1,IoU@0.1 0.8247 | R@1,IoU@0.3 0.5343 | R@1,IoU@0.5 0.2761 | R@1,IoU@0.7 0.1252 | R@1,IoU@0.9 0.0225 | R@5,mIoU 0.4042 | R@5,IoU@0.1 0.8568 | R@5,IoU@0.3 0.5862 | R@5,IoU@0.5 0.3489 | R@5,IoU@0.7 0.1740 | R@5,IoU@0.9 0.0452 |
2026-04-16 23:10:15,933 - ============================================================
2026-04-16 23:10:15,933 - Start Epoch 21
2026-04-16 23:10:37,356 - Epoch 21, Batch 50, lr = 0.00005, final_loss = 4.1865, nll_loss = 4.0585, ref_nll_loss = 4.3145, ivc_loss = 0.0315, neg_loss_1 = 0.0001, neg_loss_2 = 0.0000, ref_loss = 0.0091, div_loss = 0.1289, 0.428 seconds/batch
2026-04-16 23:10:58,555 - Epoch 21, Batch 100, lr = 0.00005, final_loss = 4.1889, nll_loss = 4.0619, ref_nll_loss = 4.3159, ivc_loss = 0.0319, neg_loss_1 = 0.0001, neg_loss_2 = 0.0000, ref_loss = 0.0094, div_loss = 0.1273, 0.426 seconds/batch
2026-04-16 23:11:19,856 - Epoch 21, Batch 150, lr = 0.00005, final_loss = 4.1861, nll_loss = 4.0580, ref_nll_loss = 4.3141, ivc_loss = 0.0343, neg_loss_1 = 0.0000, neg_loss_2 = 0.0001, ref_loss = 0.0107, div_loss = 0.1248, 0.426 seconds/batch
2026-04-16 23:11:39,770 - Epoch 21, Batch 200, lr = 0.00005, final_loss = 4.2030, nll_loss = 4.0756, ref_nll_loss = 4.3304, ivc_loss = 0.0321, neg_loss_1 = 0.0001, neg_loss_2 = 0.0003, ref_loss = 0.0093, div_loss = 0.1287, 0.419 seconds/batch
2026-04-16 23:11:54,251 - Epoch 21, Batch 250, lr = 0.00005, final_loss = 4.2330, nll_loss = 4.1081, ref_nll_loss = 4.3578, ivc_loss = 0.0333, neg_loss_1 = 0.0004, neg_loss_2 = 0.0002, ref_loss = 0.0099, div_loss = 0.1246, 0.393 seconds/batch
2026-04-16 23:12:08,715 - Epoch 21, Batch 300, lr = 0.00005, final_loss = 4.1825, nll_loss = 4.0543, ref_nll_loss = 4.3107, ivc_loss = 0.0332, neg_loss_1 = 0.0001, neg_loss_2 = 0.0002, ref_loss = 0.0100, div_loss = 0.1261, 0.376 seconds/batch
2026-04-16 23:12:23,327 - Epoch 21, Batch 350, lr = 0.00005, final_loss = 4.2232, nll_loss = 4.0923, ref_nll_loss = 4.3541, ivc_loss = 0.0298, neg_loss_1 = 0.0000, neg_loss_2 = 0.0002, ref_loss = 0.0086, div_loss = 0.1210, 0.364 seconds/batch
2026-04-16 23:12:37,911 - Epoch 21, Batch 400, lr = 0.00005, final_loss = 4.2140, nll_loss = 4.0900, ref_nll_loss = 4.3379, ivc_loss = 0.0350, neg_loss_1 = 0.0003, neg_loss_2 = 0.0003, ref_loss = 0.0107, div_loss = 0.1251, 0.355 seconds/batch
2026-04-16 23:12:52,435 - Epoch 21, Batch 450, lr = 0.00005, final_loss = 4.1928, nll_loss = 4.0630, ref_nll_loss = 4.3225, ivc_loss = 0.0346, neg_loss_1 = 0.0001, neg_loss_2 = 0.0003, ref_loss = 0.0104, div_loss = 0.1289, 0.348 seconds/batch
2026-04-16 23:13:06,970 - Epoch 21, Batch 500, lr = 0.00005, final_loss = 4.2058, nll_loss = 4.0778, ref_nll_loss = 4.3338, ivc_loss = 0.0334, neg_loss_1 = 0.0001, neg_loss_2 = 0.0003, ref_loss = 0.0100, div_loss = 0.1263, 0.342 seconds/batch
2026-04-16 23:13:21,494 - Epoch 21, Batch 550, lr = 0.00005, final_loss = 4.1763, nll_loss = 4.0486, ref_nll_loss = 4.3040, ivc_loss = 0.0320, neg_loss_1 = 0.0001, neg_loss_2 = 0.0001, ref_loss = 0.0094, div_loss = 0.1276, 0.337 seconds/batch
2026-04-16 23:13:36,071 - Epoch 21, Batch 600, lr = 0.00005, final_loss = 4.2245, nll_loss = 4.0995, ref_nll_loss = 4.3495, ivc_loss = 0.0345, neg_loss_1 = 0.0000, neg_loss_2 = 0.0001, ref_loss = 0.0108, div_loss = 0.1264, 0.334 seconds/batch
2026-04-16 23:13:50,619 - Epoch 21, Batch 650, lr = 0.00005, final_loss = 4.1980, nll_loss = 4.0702, ref_nll_loss = 4.3258, ivc_loss = 0.0336, neg_loss_1 = 0.0001, neg_loss_2 = 0.0001, ref_loss = 0.0101, div_loss = 0.1296, 0.330 seconds/batch
2026-04-16 23:14:05,224 - Epoch 21, Batch 700, lr = 0.00005, final_loss = 4.1775, nll_loss = 4.0503, ref_nll_loss = 4.3046, ivc_loss = 0.0339, neg_loss_1 = 0.0003, neg_loss_2 = 0.0000, ref_loss = 0.0102, div_loss = 0.1280, 0.328 seconds/batch
2026-04-16 23:14:23,184 - Epoch 21, Batch 750, lr = 0.00005, final_loss = 4.2082, nll_loss = 4.0815, ref_nll_loss = 4.3349, ivc_loss = 0.0332, neg_loss_1 = 0.0000, neg_loss_2 = 0.0001, ref_loss = 0.0101, div_loss = 0.1275, 0.330 seconds/batch
2026-04-16 23:14:44,186 - Epoch 21, Batch 800, lr = 0.00005, final_loss = 4.2319, nll_loss = 4.1058, ref_nll_loss = 4.3579, ivc_loss = 0.0346, neg_loss_1 = 0.0001, neg_loss_2 = 0.0001, ref_loss = 0.0110, div_loss = 0.1244, 0.335 seconds/batch
2026-04-16 23:15:05,026 - Epoch 21, Batch 850, lr = 0.00005, final_loss = 4.2079, nll_loss = 4.0790, ref_nll_loss = 4.3369, ivc_loss = 0.0326, neg_loss_1 = 0.0001, neg_loss_2 = 0.0001, ref_loss = 0.0097, div_loss = 0.1288, 0.340 seconds/batch
2026-04-16 23:15:26,182 - Epoch 21, Batch 900, lr = 0.00005, final_loss = 4.2137, nll_loss = 4.0861, ref_nll_loss = 4.3413, ivc_loss = 0.0310, neg_loss_1 = 0.0005, neg_loss_2 = 0.0001, ref_loss = 0.0086, div_loss = 0.1288, 0.345 seconds/batch
2026-04-16 23:15:47,485 - Epoch 21, Batch 950, lr = 0.00005, final_loss = 4.1774, nll_loss = 4.0520, ref_nll_loss = 4.3029, ivc_loss = 0.0333, neg_loss_1 = 0.0000, neg_loss_2 = 0.0002, ref_loss = 0.0103, div_loss = 0.1242, 0.349 seconds/batch
2026-04-16 23:16:08,761 - Epoch 21, Batch 1000, lr = 0.00005, final_loss = 4.2378, nll_loss = 4.1125, ref_nll_loss = 4.3631, ivc_loss = 0.0338, neg_loss_1 = 0.0002, neg_loss_2 = 0.0001, ref_loss = 0.0104, div_loss = 0.1234, 0.353 seconds/batch
2026-04-16 23:16:29,986 - Epoch 21, Batch 1050, lr = 0.00005, final_loss = 4.1823, nll_loss = 4.0515, ref_nll_loss = 4.3131, ivc_loss = 0.0310, neg_loss_1 = 0.0001, neg_loss_2 = 0.0002, ref_loss = 0.0091, div_loss = 0.1227, 0.356 seconds/batch
2026-04-16 23:16:51,275 - Epoch 21, Batch 1100, lr = 0.00005, final_loss = 4.1918, nll_loss = 4.0631, ref_nll_loss = 4.3204, ivc_loss = 0.0303, neg_loss_1 = 0.0001, neg_loss_2 = 0.0001, ref_loss = 0.0088, div_loss = 0.1242, 0.359 seconds/batch
2026-04-16 23:17:12,430 - Epoch 21, Batch 1150, lr = 0.00005, final_loss = 4.2071, nll_loss = 4.0798, ref_nll_loss = 4.3344, ivc_loss = 0.0325, neg_loss_1 = 0.0001, neg_loss_2 = 0.0001, ref_loss = 0.0098, div_loss = 0.1255, 0.362 seconds/batch
2026-04-16 23:17:20,859 - Epoch 21, Batch 1170, lr = 0.00005, final_loss = 4.1756, nll_loss = 4.0448, ref_nll_loss = 4.3064, ivc_loss = 0.0322, neg_loss_1 = 0.0000, neg_loss_2 = 0.0005, ref_loss = 0.0094, div_loss = 0.1252, 0.363 seconds/batch
2026-04-16 23:17:20,921 - save model to checkpoints/activitynet/base/model-21.pt, num_updates 24570.
2026-04-16 23:19:56,746 - | R@1,mIoU 0.3597 | R@1,IoU@0.1 0.8280 | R@1,IoU@0.3 0.5380 | R@1,IoU@0.5 0.2757 | R@1,IoU@0.7 0.1278 | R@1,IoU@0.9 0.0258 | R@5,mIoU 0.4090 | R@5,IoU@0.1 0.8609 | R@5,IoU@0.3 0.5872 | R@5,IoU@0.5 0.3566 | R@5,IoU@0.7 0.1828 | R@5,IoU@0.9 0.0486 |
2026-04-16 23:19:56,746 - ============================================================
2026-04-16 23:19:56,746 - Start Epoch 22
2026-04-16 23:20:18,160 - Epoch 22, Batch 50, lr = 0.00005, final_loss = 4.1362, nll_loss = 4.0077, ref_nll_loss = 4.2648, ivc_loss = 0.0312, neg_loss_1 = 0.0000, neg_loss_2 = 0.0002, ref_loss = 0.0091, div_loss = 0.1265, 0.428 seconds/batch
2026-04-16 23:20:39,382 - Epoch 22, Batch 100, lr = 0.00005, final_loss = 4.1838, nll_loss = 4.0580, ref_nll_loss = 4.3096, ivc_loss = 0.0351, neg_loss_1 = 0.0004, neg_loss_2 = 0.0000, ref_loss = 0.0112, div_loss = 0.1191, 0.426 seconds/batch
2026-04-16 23:21:00,852 - Epoch 22, Batch 150, lr = 0.00005, final_loss = 4.1927, nll_loss = 4.0664, ref_nll_loss = 4.3190, ivc_loss = 0.0305, neg_loss_1 = 0.0002, neg_loss_2 = 0.0001, ref_loss = 0.0087, div_loss = 0.1227, 0.427 seconds/batch
2026-04-16 23:21:20,888 - Epoch 22, Batch 200, lr = 0.00005, final_loss = 4.1707, nll_loss = 4.0431, ref_nll_loss = 4.2982, ivc_loss = 0.0321, neg_loss_1 = 0.0000, neg_loss_2 = 0.0003, ref_loss = 0.0094, div_loss = 0.1266, 0.421 seconds/batch
2026-04-16 23:21:35,426 - Epoch 22, Batch 250, lr = 0.00005, final_loss = 4.1795, nll_loss = 4.0520, ref_nll_loss = 4.3071, ivc_loss = 0.0330, neg_loss_1 = 0.0000, neg_loss_2 = 0.0000, ref_loss = 0.0102, div_loss = 0.1249, 0.395 seconds/batch
2026-04-16 23:21:49,904 - Epoch 22, Batch 300, lr = 0.00005, final_loss = 4.1975, nll_loss = 4.0680, ref_nll_loss = 4.3270, ivc_loss = 0.0307, neg_loss_1 = 0.0000, neg_loss_2 = 0.0001, ref_loss = 0.0092, div_loss = 0.1220, 0.377 seconds/batch
2026-04-16 23:22:04,524 - Epoch 22, Batch 350, lr = 0.00005, final_loss = 4.1436, nll_loss = 4.0147, ref_nll_loss = 4.2725, ivc_loss = 0.0321, neg_loss_1 = 0.0002, neg_loss_2 = 0.0000, ref_loss = 0.0097, div_loss = 0.1235, 0.365 seconds/batch
2026-04-16 23:22:19,130 - Epoch 22, Batch 400, lr = 0.00005, final_loss = 4.1598, nll_loss = 4.0313, ref_nll_loss = 4.2884, ivc_loss = 0.0317, neg_loss_1 = 0.0000, neg_loss_2 = 0.0000, ref_loss = 0.0095, div_loss = 0.1261, 0.356 seconds/batch
2026-04-16 23:22:33,691 - Epoch 22, Batch 450, lr = 0.00005, final_loss = 4.1684, nll_loss = 4.0395, ref_nll_loss = 4.2973, ivc_loss = 0.0321, neg_loss_1 = 0.0000, neg_loss_2 = 0.0000, ref_loss = 0.0096, div_loss = 0.1263, 0.349 seconds/batch
2026-04-16 23:22:48,328 - Epoch 22, Batch 500, lr = 0.00005, final_loss = 4.2214, nll_loss = 4.0957, ref_nll_loss = 4.3472, ivc_loss = 0.0314, neg_loss_1 = 0.0000, neg_loss_2 = 0.0002, ref_loss = 0.0093, div_loss = 0.1236, 0.343 seconds/batch
2026-04-16 23:23:02,986 - Epoch 22, Batch 550, lr = 0.00005, final_loss = 4.1712, nll_loss = 4.0414, ref_nll_loss = 4.3010, ivc_loss = 0.0331, neg_loss_1 = 0.0001, neg_loss_2 = 0.0000, ref_loss = 0.0100, div_loss = 0.1270, 0.339 seconds/batch
2026-04-16 23:23:17,505 - Epoch 22, Batch 600, lr = 0.00005, final_loss = 4.1800, nll_loss = 4.0516, ref_nll_loss = 4.3085, ivc_loss = 0.0333, neg_loss_1 = 0.0000, neg_loss_2 = 0.0001, ref_loss = 0.0101, div_loss = 0.1281, 0.335 seconds/batch
2026-04-16 23:23:32,084 - Epoch 22, Batch 650, lr = 0.00005, final_loss = 4.1627, nll_loss = 4.0375, ref_nll_loss = 4.2880, ivc_loss = 0.0348, neg_loss_1 = 0.0001, neg_loss_2 = 0.0001, ref_loss = 0.0109, div_loss = 0.1273, 0.331 seconds/batch
2026-04-16 23:23:46,626 - Epoch 22, Batch 700, lr = 0.00005, final_loss = 4.1887, nll_loss = 4.0578, ref_nll_loss = 4.3197, ivc_loss = 0.0307, neg_loss_1 = 0.0000, neg_loss_2 = 0.0001, ref_loss = 0.0089, div_loss = 0.1275, 0.328 seconds/batch
2026-04-16 23:24:04,050 - Epoch 22, Batch 750, lr = 0.00005, final_loss = 4.1766, nll_loss = 4.0451, ref_nll_loss = 4.3081, ivc_loss = 0.0292, neg_loss_1 = 0.0002, neg_loss_2 = 0.0003, ref_loss = 0.0077, div_loss = 0.1273, 0.330 seconds/batch
2026-04-16 23:24:25,323 - Epoch 22, Batch 800, lr = 0.00005, final_loss = 4.1849, nll_loss = 4.0548, ref_nll_loss = 4.3150, ivc_loss = 0.0330, neg_loss_1 = 0.0003, neg_loss_2 = 0.0002, ref_loss = 0.0097, div_loss = 0.1264, 0.336 seconds/batch
2026-04-16 23:24:46,505 - Epoch 22, Batch 850, lr = 0.00005, final_loss = 4.1822, nll_loss = 4.0514, ref_nll_loss = 4.3130, ivc_loss = 0.0323, neg_loss_1 = 0.0001, neg_loss_2 = 0.0001, ref_loss = 0.0096, div_loss = 0.1269, 0.341 seconds/batch
2026-04-16 23:25:07,689 - Epoch 22, Batch 900, lr = 0.00005, final_loss = 4.2098, nll_loss = 4.0800, ref_nll_loss = 4.3395, ivc_loss = 0.0331, neg_loss_1 = 0.0000, neg_loss_2 = 0.0004, ref_loss = 0.0100, div_loss = 0.1236, 0.345 seconds/batch
2026-04-16 23:25:28,902 - Epoch 22, Batch 950, lr = 0.00005, final_loss = 4.1710, nll_loss = 4.0388, ref_nll_loss = 4.3032, ivc_loss = 0.0303, neg_loss_1 = 0.0001, neg_loss_2 = 0.0002, ref_loss = 0.0087, div_loss = 0.1236, 0.350 seconds/batch
2026-04-16 23:25:50,170 - Epoch 22, Batch 1000, lr = 0.00005, final_loss = 4.1990, nll_loss = 4.0673, ref_nll_loss = 4.3306, ivc_loss = 0.0331, neg_loss_1 = 0.0001, neg_loss_2 = 0.0001, ref_loss = 0.0102, div_loss = 0.1235, 0.353 seconds/batch
2026-04-16 23:26:11,310 - Epoch 22, Batch 1050, lr = 0.00005, final_loss = 4.1924, nll_loss = 4.0647, ref_nll_loss = 4.3201, ivc_loss = 0.0329, neg_loss_1 = 0.0000, neg_loss_2 = 0.0001, ref_loss = 0.0102, div_loss = 0.1229, 0.357 seconds/batch
2026-04-16 23:26:32,572 - Epoch 22, Batch 1100, lr = 0.00005, final_loss = 4.1989, nll_loss = 4.0713, ref_nll_loss = 4.3266, ivc_loss = 0.0315, neg_loss_1 = 0.0000, neg_loss_2 = 0.0000, ref_loss = 0.0095, div_loss = 0.1244, 0.360 seconds/batch
2026-04-16 23:26:53,689 - Epoch 22, Batch 1150, lr = 0.00005, final_loss = 4.1892, nll_loss = 4.0582, ref_nll_loss = 4.3202, ivc_loss = 0.0299, neg_loss_1 = 0.0000, neg_loss_2 = 0.0000, ref_loss = 0.0087, div_loss = 0.1245, 0.363 seconds/batch
2026-04-16 23:27:02,000 - Epoch 22, Batch 1170, lr = 0.00005, final_loss = 4.2455, nll_loss = 4.1223, ref_nll_loss = 4.3687, ivc_loss = 0.0361, neg_loss_1 = 0.0002, neg_loss_2 = 0.0001, ref_loss = 0.0116, div_loss = 0.1210, 0.363 seconds/batch
2026-04-16 23:27:02,063 - save model to checkpoints/activitynet/base/model-22.pt, num_updates 25740.
2026-04-16 23:29:37,750 - | R@1,mIoU 0.3586 | R@1,IoU@0.1 0.8247 | R@1,IoU@0.3 0.5368 | R@1,IoU@0.5 0.2770 | R@1,IoU@0.7 0.1239 | R@1,IoU@0.9 0.0254 | R@5,mIoU 0.4107 | R@5,IoU@0.1 0.8599 | R@5,IoU@0.3 0.5895 | R@5,IoU@0.5 0.3583 | R@5,IoU@0.7 0.1827 | R@5,IoU@0.9 0.0587 |
2026-04-16 23:29:37,750 - ============================================================
2026-04-16 23:29:37,750 - Start Epoch 23
2026-04-16 23:29:59,242 - Epoch 23, Batch 50, lr = 0.00005, final_loss = 4.1478, nll_loss = 4.0223, ref_nll_loss = 4.2732, ivc_loss = 0.0313, neg_loss_1 = 0.0001, neg_loss_2 = 0.0001, ref_loss = 0.0095, div_loss = 0.1209, 0.430 seconds/batch
2026-04-16 23:30:20,500 - Epoch 23, Batch 100, lr = 0.00005, final_loss = 4.1858, nll_loss = 4.0590, ref_nll_loss = 4.3126, ivc_loss = 0.0338, neg_loss_1 = 0.0002, neg_loss_2 = 0.0000, ref_loss = 0.0105, div_loss = 0.1235, 0.427 seconds/batch
2026-04-16 23:30:41,926 - Epoch 23, Batch 150, lr = 0.00005, final_loss = 4.1450, nll_loss = 4.0189, ref_nll_loss = 4.2711, ivc_loss = 0.0342, neg_loss_1 = 0.0000, neg_loss_2 = 0.0001, ref_loss = 0.0109, div_loss = 0.1225, 0.428 seconds/batch
2026-04-16 23:31:02,309 - Epoch 23, Batch 200, lr = 0.00005, final_loss = 4.1856, nll_loss = 4.0560, ref_nll_loss = 4.3153, ivc_loss = 0.0342, neg_loss_1 = 0.0005, neg_loss_2 = 0.0001, ref_loss = 0.0103, div_loss = 0.1238, 0.423 seconds/batch
2026-04-16 23:31:16,831 - Epoch 23, Batch 250, lr = 0.00005, final_loss = 4.1627, nll_loss = 4.0326, ref_nll_loss = 4.2929, ivc_loss = 0.0342, neg_loss_1 = 0.0002, neg_loss_2 = 0.0001, ref_loss = 0.0105, div_loss = 0.1248, 0.396 seconds/batch
2026-04-16 23:31:31,383 - Epoch 23, Batch 300, lr = 0.00005, final_loss = 4.1496, nll_loss = 4.0193, ref_nll_loss = 4.2798, ivc_loss = 0.0330, neg_loss_1 = 0.0000, neg_loss_2 = 0.0001, ref_loss = 0.0100, div_loss = 0.1266, 0.379 seconds/batch
2026-04-16 23:31:46,093 - Epoch 23, Batch 350, lr = 0.00005, final_loss = 4.1749, nll_loss = 4.0470, ref_nll_loss = 4.3028, ivc_loss = 0.0324, neg_loss_1 = 0.0001, neg_loss_2 = 0.0001, ref_loss = 0.0098, div_loss = 0.1263, 0.367 seconds/batch
2026-04-16 23:32:00,642 - Epoch 23, Batch 400, lr = 0.00005, final_loss = 4.1523, nll_loss = 4.0223, ref_nll_loss = 4.2823, ivc_loss = 0.0321, neg_loss_1 = 0.0000, neg_loss_2 = 0.0000, ref_loss = 0.0096, div_loss = 0.1275, 0.357 seconds/batch
2026-04-16 23:32:15,167 - Epoch 23, Batch 450, lr = 0.00005, final_loss = 4.1612, nll_loss = 4.0337, ref_nll_loss = 4.2887, ivc_loss = 0.0331, neg_loss_1 = 0.0001, neg_loss_2 = 0.0001, ref_loss = 0.0100, div_loss = 0.1268, 0.350 seconds/batch
2026-04-16 23:32:29,711 - Epoch 23, Batch 500, lr = 0.00005, final_loss = 4.1672, nll_loss = 4.0355, ref_nll_loss = 4.2989, ivc_loss = 0.0321, neg_loss_1 = 0.0001, neg_loss_2 = 0.0000, ref_loss = 0.0096, div_loss = 0.1258, 0.344 seconds/batch
2026-04-16 23:32:44,252 - Epoch 23, Batch 550, lr = 0.00005, final_loss = 4.1470, nll_loss = 4.0191, ref_nll_loss = 4.2748, ivc_loss = 0.0334, neg_loss_1 = 0.0002, neg_loss_2 = 0.0000, ref_loss = 0.0102, div_loss = 0.1270, 0.339 seconds/batch
2026-04-16 23:32:58,866 - Epoch 23, Batch 600, lr = 0.00005, final_loss = 4.1493, nll_loss = 4.0208, ref_nll_loss = 4.2779, ivc_loss = 0.0323, neg_loss_1 = 0.0002, neg_loss_2 = 0.0002, ref_loss = 0.0094, div_loss = 0.1271, 0.335 seconds/batch
2026-04-16 23:33:13,420 - Epoch 23, Batch 650, lr = 0.00005, final_loss = 4.1660, nll_loss = 4.0379, ref_nll_loss = 4.2941, ivc_loss = 0.0356, neg_loss_1 = 0.0001, neg_loss_2 = 0.0000, ref_loss = 0.0113, div_loss = 0.1292, 0.332 seconds/batch
2026-04-16 23:33:28,059 - Epoch 23, Batch 700, lr = 0.00005, final_loss = 4.2054, nll_loss = 4.0761, ref_nll_loss = 4.3347, ivc_loss = 0.0335, neg_loss_1 = 0.0001, neg_loss_2 = 0.0004, ref_loss = 0.0099, div_loss = 0.1265, 0.329 seconds/batch
2026-04-16 23:33:45,204 - Epoch 23, Batch 750, lr = 0.00005, final_loss = 4.1648, nll_loss = 4.0352, ref_nll_loss = 4.2944, ivc_loss = 0.0334, neg_loss_1 = 0.0003, neg_loss_2 = 0.0001, ref_loss = 0.0101, div_loss = 0.1256, 0.330 seconds/batch
2026-04-16 23:34:06,408 - Epoch 23, Batch 800, lr = 0.00005, final_loss = 4.1521, nll_loss = 4.0190, ref_nll_loss = 4.2851, ivc_loss = 0.0315, neg_loss_1 = 0.0003, neg_loss_2 = 0.0001, ref_loss = 0.0092, div_loss = 0.1225, 0.336 seconds/batch
2026-04-16 23:34:27,768 - Epoch 23, Batch 850, lr = 0.00005, final_loss = 4.1583, nll_loss = 4.0282, ref_nll_loss = 4.2883, ivc_loss = 0.0347, neg_loss_1 = 0.0001, neg_loss_2 = 0.0000, ref_loss = 0.0111, div_loss = 0.1222, 0.341 seconds/batch
2026-04-16 23:34:49,024 - Epoch 23, Batch 900, lr = 0.00005, final_loss = 4.1784, nll_loss = 4.0478, ref_nll_loss = 4.3089, ivc_loss = 0.0310, neg_loss_1 = 0.0003, neg_loss_2 = 0.0001, ref_loss = 0.0091, div_loss = 0.1209, 0.346 seconds/batch
2026-04-16 23:35:10,375 - Epoch 23, Batch 950, lr = 0.00005, final_loss = 4.1680, nll_loss = 4.0350, ref_nll_loss = 4.3010, ivc_loss = 0.0305, neg_loss_1 = 0.0000, neg_loss_2 = 0.0002, ref_loss = 0.0089, div_loss = 0.1221, 0.350 seconds/batch
2026-04-16 23:35:31,612 - Epoch 23, Batch 1000, lr = 0.00005, final_loss = 4.1589, nll_loss = 4.0305, ref_nll_loss = 4.2873, ivc_loss = 0.0335, neg_loss_1 = 0.0000, neg_loss_2 = 0.0000, ref_loss = 0.0105, div_loss = 0.1240, 0.354 seconds/batch
2026-04-16 23:35:52,846 - Epoch 23, Batch 1050, lr = 0.00005, final_loss = 4.1502, nll_loss = 4.0214, ref_nll_loss = 4.2790, ivc_loss = 0.0351, neg_loss_1 = 0.0003, neg_loss_2 = 0.0003, ref_loss = 0.0109, div_loss = 0.1243, 0.357 seconds/batch
2026-04-16 23:36:14,228 - Epoch 23, Batch 1100, lr = 0.00005, final_loss = 4.1656, nll_loss = 4.0380, ref_nll_loss = 4.2931, ivc_loss = 0.0340, neg_loss_1 = 0.0001, neg_loss_2 = 0.0001, ref_loss = 0.0107, div_loss = 0.1217, 0.360 seconds/batch
2026-04-16 23:36:35,715 - Epoch 23, Batch 1150, lr = 0.00005, final_loss = 4.1459, nll_loss = 4.0154, ref_nll_loss = 4.2764, ivc_loss = 0.0331, neg_loss_1 = 0.0002, neg_loss_2 = 0.0000, ref_loss = 0.0102, div_loss = 0.1228, 0.363 seconds/batch
2026-04-16 23:36:44,118 - Epoch 23, Batch 1170, lr = 0.00005, final_loss = 4.1756, nll_loss = 4.0524, ref_nll_loss = 4.2988, ivc_loss = 0.0359, neg_loss_1 = 0.0001, neg_loss_2 = 0.0000, ref_loss = 0.0117, div_loss = 0.1229, 0.364 seconds/batch
2026-04-16 23:36:44,193 - save model to checkpoints/activitynet/base/model-23.pt, num_updates 26910.
2026-04-16 23:39:19,860 - | R@1,mIoU 0.3615 | R@1,IoU@0.1 0.8276 | R@1,IoU@0.3 0.5394 | R@1,IoU@0.5 0.2776 | R@1,IoU@0.7 0.1283 | R@1,IoU@0.9 0.0296 | R@5,mIoU 0.4058 | R@5,IoU@0.1 0.8613 | R@5,IoU@0.3 0.5849 | R@5,IoU@0.5 0.3477 | R@5,IoU@0.7 0.1760 | R@5,IoU@0.9 0.0531 |
2026-04-16 23:39:19,860 - ============================================================
2026-04-16 23:39:19,861 - Start Epoch 24
2026-04-16 23:39:41,422 - Epoch 24, Batch 50, lr = 0.00005, final_loss = 4.1055, nll_loss = 3.9774, ref_nll_loss = 4.2336, ivc_loss = 0.0319, neg_loss_1 = 0.0000, neg_loss_2 = 0.0001, ref_loss = 0.0097, div_loss = 0.1227, 0.431 seconds/batch
2026-04-16 23:40:02,765 - Epoch 24, Batch 100, lr = 0.00005, final_loss = 4.1490, nll_loss = 4.0189, ref_nll_loss = 4.2792, ivc_loss = 0.0308, neg_loss_1 = 0.0001, neg_loss_2 = 0.0002, ref_loss = 0.0090, div_loss = 0.1220, 0.429 seconds/batch
2026-04-16 23:40:24,012 - Epoch 24, Batch 150, lr = 0.00005, final_loss = 4.1147, nll_loss = 3.9826, ref_nll_loss = 4.2469, ivc_loss = 0.0320, neg_loss_1 = 0.0002, neg_loss_2 = 0.0000, ref_loss = 0.0094, div_loss = 0.1272, 0.428 seconds/batch
2026-04-16 23:40:44,459 - Epoch 24, Batch 200, lr = 0.00005, final_loss = 4.1187, nll_loss = 3.9846, ref_nll_loss = 4.2529, ivc_loss = 0.0301, neg_loss_1 = 0.0000, neg_loss_2 = 0.0000, ref_loss = 0.0086, div_loss = 0.1290, 0.423 seconds/batch
2026-04-16 23:40:58,971 - Epoch 24, Batch 250, lr = 0.00005, final_loss = 4.1280, nll_loss = 3.9958, ref_nll_loss = 4.2601, ivc_loss = 0.0307, neg_loss_1 = 0.0002, neg_loss_2 = 0.0001, ref_loss = 0.0086, div_loss = 0.1298, 0.396 seconds/batch
2026-04-16 23:41:13,436 - Epoch 24, Batch 300, lr = 0.00005, final_loss = 4.1331, nll_loss = 4.0009, ref_nll_loss = 4.2652, ivc_loss = 0.0310, neg_loss_1 = 0.0000, neg_loss_2 = 0.0000, ref_loss = 0.0091, div_loss = 0.1281, 0.379 seconds/batch
2026-04-16 23:41:28,012 - Epoch 24, Batch 350, lr = 0.00005, final_loss = 4.1652, nll_loss = 4.0335, ref_nll_loss = 4.2970, ivc_loss = 0.0311, neg_loss_1 = 0.0001, neg_loss_2 = 0.0004, ref_loss = 0.0087, div_loss = 0.1272, 0.366 seconds/batch
2026-04-16 23:41:42,566 - Epoch 24, Batch 400, lr = 0.00005, final_loss = 4.1384, nll_loss = 4.0040, ref_nll_loss = 4.2728, ivc_loss = 0.0306, neg_loss_1 = 0.0001, neg_loss_2 = 0.0000, ref_loss = 0.0090, div_loss = 0.1253, 0.357 seconds/batch
2026-04-16 23:41:57,126 - Epoch 24, Batch 450, lr = 0.00005, final_loss = 4.1324, nll_loss = 3.9991, ref_nll_loss = 4.2656, ivc_loss = 0.0292, neg_loss_1 = 0.0001, neg_loss_2 = 0.0002, ref_loss = 0.0081, div_loss = 0.1240, 0.349 seconds/batch
2026-04-16 23:42:11,678 - Epoch 24, Batch 500, lr = 0.00005, final_loss = 4.1476, nll_loss = 4.0164, ref_nll_loss = 4.2788, ivc_loss = 0.0364, neg_loss_1 = 0.0004, neg_loss_2 = 0.0001, ref_loss = 0.0115, div_loss = 0.1255, 0.344 seconds/batch
2026-04-16 23:42:26,197 - Epoch 24, Batch 550, lr = 0.00005, final_loss = 4.1548, nll_loss = 4.0274, ref_nll_loss = 4.2822, ivc_loss = 0.0325, neg_loss_1 = 0.0001, neg_loss_2 = 0.0001, ref_loss = 0.0099, div_loss = 0.1244, 0.339 seconds/batch
2026-04-16 23:42:40,722 - Epoch 24, Batch 600, lr = 0.00005, final_loss = 4.1530, nll_loss = 4.0207, ref_nll_loss = 4.2854, ivc_loss = 0.0309, neg_loss_1 = 0.0001, neg_loss_2 = 0.0002, ref_loss = 0.0089, div_loss = 0.1258, 0.335 seconds/batch
2026-04-16 23:42:55,258 - Epoch 24, Batch 650, lr = 0.00005, final_loss = 4.1479, nll_loss = 4.0193, ref_nll_loss = 4.2765, ivc_loss = 0.0362, neg_loss_1 = 0.0004, neg_loss_2 = 0.0002, ref_loss = 0.0113, div_loss = 0.1236, 0.331 seconds/batch
2026-04-16 23:43:09,820 - Epoch 24, Batch 700, lr = 0.00005, final_loss = 4.1506, nll_loss = 4.0225, ref_nll_loss = 4.2787, ivc_loss = 0.0333, neg_loss_1 = 0.0000, neg_loss_2 = 0.0002, ref_loss = 0.0102, div_loss = 0.1259, 0.329 seconds/batch
2026-04-16 23:43:26,702 - Epoch 24, Batch 750, lr = 0.00005, final_loss = 4.1490, nll_loss = 4.0155, ref_nll_loss = 4.2824, ivc_loss = 0.0297, neg_loss_1 = 0.0001, neg_loss_2 = 0.0000, ref_loss = 0.0084, div_loss = 0.1270, 0.329 seconds/batch
2026-04-16 23:43:47,854 - Epoch 24, Batch 800, lr = 0.00005, final_loss = 4.1665, nll_loss = 4.0340, ref_nll_loss = 4.2990, ivc_loss = 0.0314, neg_loss_1 = 0.0001, neg_loss_2 = 0.0000, ref_loss = 0.0094, div_loss = 0.1240, 0.335 seconds/batch
2026-04-16 23:44:09,299 - Epoch 24, Batch 850, lr = 0.00005, final_loss = 4.1295, nll_loss = 3.9976, ref_nll_loss = 4.2615, ivc_loss = 0.0340, neg_loss_1 = 0.0000, neg_loss_2 = 0.0001, ref_loss = 0.0108, div_loss = 0.1228, 0.341 seconds/batch
2026-04-16 23:44:30,559 - Epoch 24, Batch 900, lr = 0.00005, final_loss = 4.1518, nll_loss = 4.0189, ref_nll_loss = 4.2847, ivc_loss = 0.0304, neg_loss_1 = 0.0000, neg_loss_2 = 0.0000, ref_loss = 0.0091, div_loss = 0.1213, 0.345 seconds/batch
2026-04-16 23:44:51,834 - Epoch 24, Batch 950, lr = 0.00005, final_loss = 4.1487, nll_loss = 4.0159, ref_nll_loss = 4.2814, ivc_loss = 0.0341, neg_loss_1 = 0.0000, neg_loss_2 = 0.0003, ref_loss = 0.0106, div_loss = 0.1232, 0.349 seconds/batch
2026-04-16 23:45:13,013 - Epoch 24, Batch 1000, lr = 0.00005, final_loss = 4.1430, nll_loss = 4.0091, ref_nll_loss = 4.2769, ivc_loss = 0.0316, neg_loss_1 = 0.0001, neg_loss_2 = 0.0002, ref_loss = 0.0092, div_loss = 0.1250, 0.353 seconds/batch
2026-04-16 23:45:34,322 - Epoch 24, Batch 1050, lr = 0.00005, final_loss = 4.1341, nll_loss = 3.9996, ref_nll_loss = 4.2686, ivc_loss = 0.0325, neg_loss_1 = 0.0000, neg_loss_2 = 0.0000, ref_loss = 0.0099, div_loss = 0.1256, 0.357 seconds/batch
2026-04-16 23:45:55,426 - Epoch 24, Batch 1100, lr = 0.00005, final_loss = 4.1653, nll_loss = 4.0334, ref_nll_loss = 4.2972, ivc_loss = 0.0301, neg_loss_1 = 0.0002, neg_loss_2 = 0.0001, ref_loss = 0.0085, div_loss = 0.1249, 0.360 seconds/batch
2026-04-16 23:46:16,757 - Epoch 24, Batch 1150, lr = 0.00005, final_loss = 4.1432, nll_loss = 4.0134, ref_nll_loss = 4.2730, ivc_loss = 0.0343, neg_loss_1 = 0.0004, neg_loss_2 = 0.0001, ref_loss = 0.0104, div_loss = 0.1247, 0.363 seconds/batch
2026-04-16 23:46:25,032 - Epoch 24, Batch 1170, lr = 0.00005, final_loss = 4.1658, nll_loss = 4.0349, ref_nll_loss = 4.2968, ivc_loss = 0.0314, neg_loss_1 = 0.0003, neg_loss_2 = 0.0000, ref_loss = 0.0091, div_loss = 0.1257, 0.363 seconds/batch
2026-04-16 23:46:25,093 - save model to checkpoints/activitynet/base/model-24.pt, num_updates 28080.
2026-04-16 23:49:00,449 - | R@1,mIoU 0.3621 | R@1,IoU@0.1 0.8277 | R@1,IoU@0.3 0.5384 | R@1,IoU@0.5 0.2773 | R@1,IoU@0.7 0.1289 | R@1,IoU@0.9 0.0305 | R@5,mIoU 0.4101 | R@5,IoU@0.1 0.8610 | R@5,IoU@0.3 0.5875 | R@5,IoU@0.5 0.3573 | R@5,IoU@0.7 0.1841 | R@5,IoU@0.9 0.0539 |
2026-04-16 23:49:00,449 - ============================================================
2026-04-16 23:49:00,449 - Start Epoch 25
2026-04-16 23:49:21,854 - Epoch 25, Batch 50, lr = 0.00005, final_loss = 4.1278, nll_loss = 3.9957, ref_nll_loss = 4.2599, ivc_loss = 0.0323, neg_loss_1 = 0.0000, neg_loss_2 = 0.0000, ref_loss = 0.0101, div_loss = 0.1221, 0.428 seconds/batch
2026-04-16 23:49:43,195 - Epoch 25, Batch 100, lr = 0.00005, final_loss = 4.1127, nll_loss = 3.9789, ref_nll_loss = 4.2466, ivc_loss = 0.0310, neg_loss_1 = 0.0001, neg_loss_2 = 0.0001, ref_loss = 0.0092, div_loss = 0.1220, 0.427 seconds/batch
2026-04-16 23:50:04,438 - Epoch 25, Batch 150, lr = 0.00005, final_loss = 4.0821, nll_loss = 3.9487, ref_nll_loss = 4.2154, ivc_loss = 0.0292, neg_loss_1 = 0.0004, neg_loss_2 = 0.0001, ref_loss = 0.0080, div_loss = 0.1206, 0.427 seconds/batch
2026-04-16 23:50:25,429 - Epoch 25, Batch 200, lr = 0.00005, final_loss = 4.1055, nll_loss = 3.9683, ref_nll_loss = 4.2427, ivc_loss = 0.0299, neg_loss_1 = 0.0000, neg_loss_2 = 0.0002, ref_loss = 0.0086, div_loss = 0.1227, 0.425 seconds/batch
2026-04-16 23:50:39,956 - Epoch 25, Batch 250, lr = 0.00005, final_loss = 4.1203, nll_loss = 3.9853, ref_nll_loss = 4.2553, ivc_loss = 0.0321, neg_loss_1 = 0.0001, neg_loss_2 = 0.0002, ref_loss = 0.0097, div_loss = 0.1215, 0.398 seconds/batch
2026-04-16 23:50:54,467 - Epoch 25, Batch 300, lr = 0.00005, final_loss = 4.1250, nll_loss = 3.9937, ref_nll_loss = 4.2563, ivc_loss = 0.0308, neg_loss_1 = 0.0000, neg_loss_2 = 0.0002, ref_loss = 0.0092, div_loss = 0.1188, 0.380 seconds/batch
2026-04-16 23:51:09,104 - Epoch 25, Batch 350, lr = 0.00005, final_loss = 4.1068, nll_loss = 3.9780, ref_nll_loss = 4.2357, ivc_loss = 0.0332, neg_loss_1 = 0.0000, neg_loss_2 = 0.0001, ref_loss = 0.0104, div_loss = 0.1231, 0.368 seconds/batch
2026-04-16 23:51:23,688 - Epoch 25, Batch 400, lr = 0.00005, final_loss = 4.1575, nll_loss = 4.0251, ref_nll_loss = 4.2899, ivc_loss = 0.0273, neg_loss_1 = 0.0001, neg_loss_2 = 0.0000, ref_loss = 0.0074, div_loss = 0.1239, 0.358 seconds/batch
2026-04-16 23:51:38,236 - Epoch 25, Batch 450, lr = 0.00005, final_loss = 4.1142, nll_loss = 3.9800, ref_nll_loss = 4.2485, ivc_loss = 0.0303, neg_loss_1 = 0.0004, neg_loss_2 = 0.0001, ref_loss = 0.0084, div_loss = 0.1248, 0.351 seconds/batch
2026-04-16 23:51:52,807 - Epoch 25, Batch 500, lr = 0.00005, final_loss = 4.1002, nll_loss = 3.9661, ref_nll_loss = 4.2344, ivc_loss = 0.0300, neg_loss_1 = 0.0001, neg_loss_2 = 0.0001, ref_loss = 0.0085, div_loss = 0.1251, 0.345 seconds/batch
2026-04-16 23:52:07,291 - Epoch 25, Batch 550, lr = 0.00005, final_loss = 4.1319, nll_loss = 3.9997, ref_nll_loss = 4.2642, ivc_loss = 0.0320, neg_loss_1 = 0.0000, neg_loss_2 = 0.0001, ref_loss = 0.0095, div_loss = 0.1272, 0.340 seconds/batch
2026-04-16 23:52:21,776 - Epoch 25, Batch 600, lr = 0.00005, final_loss = 4.1128, nll_loss = 3.9774, ref_nll_loss = 4.2481, ivc_loss = 0.0287, neg_loss_1 = 0.0001, neg_loss_2 = 0.0002, ref_loss = 0.0077, div_loss = 0.1272, 0.336 seconds/batch
2026-04-16 23:52:36,294 - Epoch 25, Batch 650, lr = 0.00005, final_loss = 4.1401, nll_loss = 4.0054, ref_nll_loss = 4.2748, ivc_loss = 0.0330, neg_loss_1 = 0.0002, neg_loss_2 = 0.0001, ref_loss = 0.0100, div_loss = 0.1256, 0.332 seconds/batch
2026-04-16 23:52:50,828 - Epoch 25, Batch 700, lr = 0.00005, final_loss = 4.1271, nll_loss = 3.9946, ref_nll_loss = 4.2596, ivc_loss = 0.0315, neg_loss_1 = 0.0003, neg_loss_2 = 0.0000, ref_loss = 0.0094, div_loss = 0.1217, 0.329 seconds/batch
2026-04-16 23:53:07,603 - Epoch 25, Batch 750, lr = 0.00005, final_loss = 4.1234, nll_loss = 3.9902, ref_nll_loss = 4.2567, ivc_loss = 0.0326, neg_loss_1 = 0.0000, neg_loss_2 = 0.0002, ref_loss = 0.0097, div_loss = 0.1274, 0.330 seconds/batch
2026-04-16 23:53:28,982 - Epoch 25, Batch 800, lr = 0.00005, final_loss = 4.1442, nll_loss = 4.0127, ref_nll_loss = 4.2756, ivc_loss = 0.0310, neg_loss_1 = 0.0000, neg_loss_2 = 0.0000, ref_loss = 0.0091, div_loss = 0.1268, 0.336 seconds/batch
2026-04-16 23:53:50,044 - Epoch 25, Batch 850, lr = 0.00005, final_loss = 4.1318, nll_loss = 4.0034, ref_nll_loss = 4.2603, ivc_loss = 0.0322, neg_loss_1 = 0.0001, neg_loss_2 = 0.0000, ref_loss = 0.0099, div_loss = 0.1209, 0.341 seconds/batch
2026-04-16 23:54:10,995 - Epoch 25, Batch 900, lr = 0.00005, final_loss = 4.1639, nll_loss = 4.0320, ref_nll_loss = 4.2959, ivc_loss = 0.0355, neg_loss_1 = 0.0001, neg_loss_2 = 0.0002, ref_loss = 0.0112, div_loss = 0.1240, 0.345 seconds/batch
2026-04-16 23:54:32,019 - Epoch 25, Batch 950, lr = 0.00005, final_loss = 4.0779, nll_loss = 3.9495, ref_nll_loss = 4.2063, ivc_loss = 0.0359, neg_loss_1 = 0.0000, neg_loss_2 = 0.0000, ref_loss = 0.0116, div_loss = 0.1263, 0.349 seconds/batch
2026-04-16 23:54:53,297 - Epoch 25, Batch 1000, lr = 0.00005, final_loss = 4.1489, nll_loss = 4.0152, ref_nll_loss = 4.2825, ivc_loss = 0.0327, neg_loss_1 = 0.0001, neg_loss_2 = 0.0003, ref_loss = 0.0095, div_loss = 0.1288, 0.353 seconds/batch
2026-04-16 23:55:14,660 - Epoch 25, Batch 1050, lr = 0.00005, final_loss = 4.1330, nll_loss = 4.0009, ref_nll_loss = 4.2651, ivc_loss = 0.0342, neg_loss_1 = 0.0000, neg_loss_2 = 0.0001, ref_loss = 0.0107, div_loss = 0.1258, 0.356 seconds/batch
2026-04-16 23:55:35,772 - Epoch 25, Batch 1100, lr = 0.00005, final_loss = 4.1677, nll_loss = 4.0383, ref_nll_loss = 4.2971, ivc_loss = 0.0336, neg_loss_1 = 0.0001, neg_loss_2 = 0.0004, ref_loss = 0.0101, div_loss = 0.1254, 0.359 seconds/batch
2026-04-16 23:55:56,904 - Epoch 25, Batch 1150, lr = 0.00005, final_loss = 4.1428, nll_loss = 4.0096, ref_nll_loss = 4.2759, ivc_loss = 0.0340, neg_loss_1 = 0.0002, neg_loss_2 = 0.0001, ref_loss = 0.0104, div_loss = 0.1265, 0.362 seconds/batch
2026-04-16 23:56:05,242 - Epoch 25, Batch 1170, lr = 0.00005, final_loss = 4.1121, nll_loss = 3.9754, ref_nll_loss = 4.2488, ivc_loss = 0.0294, neg_loss_1 = 0.0001, neg_loss_2 = 0.0003, ref_loss = 0.0081, div_loss = 0.1237, 0.363 seconds/batch
2026-04-16 23:56:05,306 - save model to checkpoints/activitynet/base/model-25.pt, num_updates 29250.
2026-04-16 23:58:41,344 - | R@1,mIoU 0.3599 | R@1,IoU@0.1 0.8255 | R@1,IoU@0.3 0.5377 | R@1,IoU@0.5 0.2774 | R@1,IoU@0.7 0.1261 | R@1,IoU@0.9 0.0279 | R@5,mIoU 0.4032 | R@5,IoU@0.1 0.8578 | R@5,IoU@0.3 0.5827 | R@5,IoU@0.5 0.3450 | R@5,IoU@0.7 0.1756 | R@5,IoU@0.9 0.0493 |
2026-04-16 23:58:41,344 - ============================================================
2026-04-16 23:58:41,345 - Start Epoch 26
2026-04-16 23:59:02,672 - Epoch 26, Batch 50, lr = 0.00005, final_loss = 4.0908, nll_loss = 3.9593, ref_nll_loss = 4.2222, ivc_loss = 0.0324, neg_loss_1 = 0.0002, neg_loss_2 = 0.0003, ref_loss = 0.0095, div_loss = 0.1263, 0.427 seconds/batch
2026-04-16 23:59:23,916 - Epoch 26, Batch 100, lr = 0.00005, final_loss = 4.0551, nll_loss = 3.9223, ref_nll_loss = 4.1879, ivc_loss = 0.0330, neg_loss_1 = 0.0001, neg_loss_2 = 0.0001, ref_loss = 0.0098, div_loss = 0.1307, 0.426 seconds/batch
2026-04-16 23:59:45,156 - Epoch 26, Batch 150, lr = 0.00005, final_loss = 4.0964, nll_loss = 3.9647, ref_nll_loss = 4.2281, ivc_loss = 0.0321, neg_loss_1 = 0.0001, neg_loss_2 = 0.0001, ref_loss = 0.0096, div_loss = 0.1255, 0.425 seconds/batch
2026-04-17 00:00:06,616 - Epoch 26, Batch 200, lr = 0.00005, final_loss = 4.1289, nll_loss = 3.9944, ref_nll_loss = 4.2633, ivc_loss = 0.0316, neg_loss_1 = 0.0002, neg_loss_2 = 0.0003, ref_loss = 0.0088, div_loss = 0.1300, 0.426 seconds/batch
2026-04-17 00:00:21,079 - Epoch 26, Batch 250, lr = 0.00005, final_loss = 4.0749, nll_loss = 3.9421, ref_nll_loss = 4.2077, ivc_loss = 0.0344, neg_loss_1 = 0.0000, neg_loss_2 = 0.0000, ref_loss = 0.0107, div_loss = 0.1276, 0.399 seconds/batch
2026-04-17 00:00:35,543 - Epoch 26, Batch 300, lr = 0.00005, final_loss = 4.1094, nll_loss = 3.9786, ref_nll_loss = 4.2401, ivc_loss = 0.0310, neg_loss_1 = 0.0000, neg_loss_2 = 0.0002, ref_loss = 0.0090, div_loss = 0.1256, 0.381 seconds/batch
2026-04-17 00:00:50,146 - Epoch 26, Batch 350, lr = 0.00005, final_loss = 4.1209, nll_loss = 3.9861, ref_nll_loss = 4.2557, ivc_loss = 0.0322, neg_loss_1 = 0.0000, neg_loss_2 = 0.0002, ref_loss = 0.0098, div_loss = 0.1233, 0.368 seconds/batch
2026-04-17 00:01:04,714 - Epoch 26, Batch 400, lr = 0.00005, final_loss = 4.0818, nll_loss = 3.9517, ref_nll_loss = 4.2120, ivc_loss = 0.0335, neg_loss_1 = 0.0004, neg_loss_2 = 0.0002, ref_loss = 0.0101, div_loss = 0.1215, 0.358 seconds/batch
2026-04-17 00:01:19,331 - Epoch 26, Batch 450, lr = 0.00005, final_loss = 4.0892, nll_loss = 3.9590, ref_nll_loss = 4.2194, ivc_loss = 0.0333, neg_loss_1 = 0.0001, neg_loss_2 = 0.0000, ref_loss = 0.0103, div_loss = 0.1256, 0.351 seconds/batch
2026-04-17 00:01:33,862 - Epoch 26, Batch 500, lr = 0.00005, final_loss = 4.0711, nll_loss = 3.9359, ref_nll_loss = 4.2062, ivc_loss = 0.0312, neg_loss_1 = 0.0002, neg_loss_2 = 0.0002, ref_loss = 0.0088, div_loss = 0.1267, 0.345 seconds/batch
2026-04-17 00:01:48,416 - Epoch 26, Batch 550, lr = 0.00005, final_loss = 4.1017, nll_loss = 3.9667, ref_nll_loss = 4.2368, ivc_loss = 0.0297, neg_loss_1 = 0.0001, neg_loss_2 = 0.0002, ref_loss = 0.0082, div_loss = 0.1254, 0.340 seconds/batch
2026-04-17 00:02:02,948 - Epoch 26, Batch 600, lr = 0.00005, final_loss = 4.1358, nll_loss = 4.0017, ref_nll_loss = 4.2698, ivc_loss = 0.0329, neg_loss_1 = 0.0003, neg_loss_2 = 0.0001, ref_loss = 0.0098, div_loss = 0.1248, 0.336 seconds/batch
2026-04-17 00:02:17,538 - Epoch 26, Batch 650, lr = 0.00005, final_loss = 4.1271, nll_loss = 3.9941, ref_nll_loss = 4.2600, ivc_loss = 0.0328, neg_loss_1 = 0.0003, neg_loss_2 = 0.0002, ref_loss = 0.0096, div_loss = 0.1262, 0.333 seconds/batch
2026-04-17 00:02:32,094 - Epoch 26, Batch 700, lr = 0.00005, final_loss = 4.1013, nll_loss = 3.9675, ref_nll_loss = 4.2351, ivc_loss = 0.0319, neg_loss_1 = 0.0000, neg_loss_2 = 0.0002, ref_loss = 0.0094, div_loss = 0.1273, 0.330 seconds/batch
2026-04-17 00:02:48,685 - Epoch 26, Batch 750, lr = 0.00005, final_loss = 4.1103, nll_loss = 3.9777, ref_nll_loss = 4.2430, ivc_loss = 0.0310, neg_loss_1 = 0.0000, neg_loss_2 = 0.0002, ref_loss = 0.0090, div_loss = 0.1272, 0.330 seconds/batch
2026-04-17 00:03:09,882 - Epoch 26, Batch 800, lr = 0.00005, final_loss = 4.0940, nll_loss = 3.9593, ref_nll_loss = 4.2286, ivc_loss = 0.0331, neg_loss_1 = 0.0000, neg_loss_2 = 0.0003, ref_loss = 0.0098, div_loss = 0.1293, 0.336 seconds/batch
2026-04-17 00:03:30,852 - Epoch 26, Batch 850, lr = 0.00005, final_loss = 4.1083, nll_loss = 3.9741, ref_nll_loss = 4.2424, ivc_loss = 0.0323, neg_loss_1 = 0.0000, neg_loss_2 = 0.0001, ref_loss = 0.0095, div_loss = 0.1301, 0.341 seconds/batch
2026-04-17 00:03:52,057 - Epoch 26, Batch 900, lr = 0.00005, final_loss = 4.1110, nll_loss = 3.9783, ref_nll_loss = 4.2437, ivc_loss = 0.0347, neg_loss_1 = 0.0001, neg_loss_2 = 0.0001, ref_loss = 0.0109, div_loss = 0.1255, 0.345 seconds/batch
2026-04-17 00:04:13,295 - Epoch 26, Batch 950, lr = 0.00005, final_loss = 4.1370, nll_loss = 4.0006, ref_nll_loss = 4.2733, ivc_loss = 0.0325, neg_loss_1 = 0.0002, neg_loss_2 = 0.0001, ref_loss = 0.0098, div_loss = 0.1253, 0.349 seconds/batch
2026-04-17 00:04:34,576 - Epoch 26, Batch 1000, lr = 0.00005, final_loss = 4.1322, nll_loss = 3.9995, ref_nll_loss = 4.2650, ivc_loss = 0.0329, neg_loss_1 = 0.0001, neg_loss_2 = 0.0000, ref_loss = 0.0100, div_loss = 0.1258, 0.353 seconds/batch
2026-04-17 00:04:55,833 - Epoch 26, Batch 1050, lr = 0.00005, final_loss = 4.0943, nll_loss = 3.9616, ref_nll_loss = 4.2269, ivc_loss = 0.0323, neg_loss_1 = 0.0002, neg_loss_2 = 0.0001, ref_loss = 0.0095, div_loss = 0.1268, 0.357 seconds/batch
2026-04-17 00:05:17,016 - Epoch 26, Batch 1100, lr = 0.00005, final_loss = 4.0978, nll_loss = 3.9629, ref_nll_loss = 4.2327, ivc_loss = 0.0310, neg_loss_1 = 0.0000, neg_loss_2 = 0.0000, ref_loss = 0.0090, div_loss = 0.1291, 0.360 seconds/batch
2026-04-17 00:05:38,352 - Epoch 26, Batch 1150, lr = 0.00005, final_loss = 4.1361, nll_loss = 4.0022, ref_nll_loss = 4.2700, ivc_loss = 0.0350, neg_loss_1 = 0.0001, neg_loss_2 = 0.0000, ref_loss = 0.0109, div_loss = 0.1304, 0.363 seconds/batch
2026-04-17 00:05:46,644 - Epoch 26, Batch 1170, lr = 0.00005, final_loss = 4.1581, nll_loss = 4.0285, ref_nll_loss = 4.2878, ivc_loss = 0.0350, neg_loss_1 = 0.0001, neg_loss_2 = 0.0000, ref_loss = 0.0108, div_loss = 0.1313, 0.364 seconds/batch
2026-04-17 00:05:46,706 - save model to checkpoints/activitynet/base/model-26.pt, num_updates 30420.
2026-04-17 00:08:22,205 - | R@1,mIoU 0.3571 | R@1,IoU@0.1 0.8241 | R@1,IoU@0.3 0.5313 | R@1,IoU@0.5 0.2740 | R@1,IoU@0.7 0.1262 | R@1,IoU@0.9 0.0256 | R@5,mIoU 0.4001 | R@5,IoU@0.1 0.8546 | R@5,IoU@0.3 0.5783 | R@5,IoU@0.5 0.3443 | R@5,IoU@0.7 0.1740 | R@5,IoU@0.9 0.0463 |
2026-04-17 00:08:22,205 - ============================================================
2026-04-17 00:08:22,206 - Start Epoch 27
2026-04-17 00:08:43,527 - Epoch 27, Batch 50, lr = 0.00005, final_loss = 4.0764, nll_loss = 3.9405, ref_nll_loss = 4.2122, ivc_loss = 0.0304, neg_loss_1 = 0.0001, neg_loss_2 = 0.0004, ref_loss = 0.0083, div_loss = 0.1291, 0.426 seconds/batch
2026-04-17 00:09:04,879 - Epoch 27, Batch 100, lr = 0.00005, final_loss = 4.0781, nll_loss = 3.9467, ref_nll_loss = 4.2095, ivc_loss = 0.0298, neg_loss_1 = 0.0001, neg_loss_2 = 0.0001, ref_loss = 0.0086, div_loss = 0.1234, 0.427 seconds/batch
2026-04-17 00:09:26,191 - Epoch 27, Batch 150, lr = 0.00005, final_loss = 4.0898, nll_loss = 3.9575, ref_nll_loss = 4.2222, ivc_loss = 0.0338, neg_loss_1 = 0.0001, neg_loss_2 = 0.0002, ref_loss = 0.0103, div_loss = 0.1247, 0.427 seconds/batch
2026-04-17 00:09:47,658 - Epoch 27, Batch 200, lr = 0.00005, final_loss = 4.0971, nll_loss = 3.9621, ref_nll_loss = 4.2321, ivc_loss = 0.0307, neg_loss_1 = 0.0004, neg_loss_2 = 0.0000, ref_loss = 0.0089, div_loss = 0.1207, 0.427 seconds/batch
2026-04-17 00:10:02,371 - Epoch 27, Batch 250, lr = 0.00005, final_loss = 4.0882, nll_loss = 3.9550, ref_nll_loss = 4.2215, ivc_loss = 0.0330, neg_loss_1 = 0.0000, neg_loss_2 = 0.0000, ref_loss = 0.0105, div_loss = 0.1196, 0.401 seconds/batch
2026-04-17 00:10:16,859 - Epoch 27, Batch 300, lr = 0.00005, final_loss = 4.0660, nll_loss = 3.9320, ref_nll_loss = 4.2000, ivc_loss = 0.0295, neg_loss_1 = 0.0000, neg_loss_2 = 0.0000, ref_loss = 0.0085, div_loss = 0.1235, 0.382 seconds/batch
2026-04-17 00:10:31,429 - Epoch 27, Batch 350, lr = 0.00005, final_loss = 4.0415, nll_loss = 3.9136, ref_nll_loss = 4.1693, ivc_loss = 0.0347, neg_loss_1 = 0.0000, neg_loss_2 = 0.0000, ref_loss = 0.0111, div_loss = 0.1228, 0.369 seconds/batch
2026-04-17 00:10:46,018 - Epoch 27, Batch 400, lr = 0.00005, final_loss = 4.1310, nll_loss = 4.0018, ref_nll_loss = 4.2601, ivc_loss = 0.0354, neg_loss_1 = 0.0001, neg_loss_2 = 0.0000, ref_loss = 0.0115, div_loss = 0.1222, 0.360 seconds/batch
2026-04-17 00:11:00,615 - Epoch 27, Batch 450, lr = 0.00005, final_loss = 4.0930, nll_loss = 3.9566, ref_nll_loss = 4.2294, ivc_loss = 0.0304, neg_loss_1 = 0.0001, neg_loss_2 = 0.0000, ref_loss = 0.0090, div_loss = 0.1228, 0.352 seconds/batch
2026-04-17 00:11:15,164 - Epoch 27, Batch 500, lr = 0.00005, final_loss = 4.0952, nll_loss = 3.9609, ref_nll_loss = 4.2295, ivc_loss = 0.0341, neg_loss_1 = 0.0004, neg_loss_2 = 0.0002, ref_loss = 0.0103, div_loss = 0.1227, 0.346 seconds/batch
2026-04-17 00:11:29,718 - Epoch 27, Batch 550, lr = 0.00005, final_loss = 4.1016, nll_loss = 3.9674, ref_nll_loss = 4.2358, ivc_loss = 0.0309, neg_loss_1 = 0.0002, neg_loss_2 = 0.0003, ref_loss = 0.0089, div_loss = 0.1203, 0.341 seconds/batch
2026-04-17 00:11:44,273 - Epoch 27, Batch 600, lr = 0.00005, final_loss = 4.1224, nll_loss = 3.9875, ref_nll_loss = 4.2572, ivc_loss = 0.0307, neg_loss_1 = 0.0003, neg_loss_2 = 0.0001, ref_loss = 0.0088, div_loss = 0.1227, 0.337 seconds/batch
2026-04-17 00:11:58,850 - Epoch 27, Batch 650, lr = 0.00005, final_loss = 4.0616, nll_loss = 3.9283, ref_nll_loss = 4.1948, ivc_loss = 0.0326, neg_loss_1 = 0.0001, neg_loss_2 = 0.0001, ref_loss = 0.0099, div_loss = 0.1243, 0.333 seconds/batch
2026-04-17 00:12:13,453 - Epoch 27, Batch 700, lr = 0.00005, final_loss = 4.0637, nll_loss = 3.9298, ref_nll_loss = 4.1976, ivc_loss = 0.0325, neg_loss_1 = 0.0002, neg_loss_2 = 0.0001, ref_loss = 0.0097, div_loss = 0.1253, 0.330 seconds/batch
2026-04-17 00:12:29,796 - Epoch 27, Batch 750, lr = 0.00005, final_loss = 4.0982, nll_loss = 3.9613, ref_nll_loss = 4.2351, ivc_loss = 0.0320, neg_loss_1 = 0.0002, neg_loss_2 = 0.0002, ref_loss = 0.0095, div_loss = 0.1236, 0.330 seconds/batch
2026-04-17 00:12:51,006 - Epoch 27, Batch 800, lr = 0.00005, final_loss = 4.1110, nll_loss = 3.9779, ref_nll_loss = 4.2440, ivc_loss = 0.0299, neg_loss_1 = 0.0000, neg_loss_2 = 0.0000, ref_loss = 0.0087, div_loss = 0.1247, 0.336 seconds/batch
2026-04-17 00:13:12,138 - Epoch 27, Batch 850, lr = 0.00005, final_loss = 4.0808, nll_loss = 3.9500, ref_nll_loss = 4.2116, ivc_loss = 0.0319, neg_loss_1 = 0.0004, neg_loss_2 = 0.0001, ref_loss = 0.0092, div_loss = 0.1261, 0.341 seconds/batch
2026-04-17 00:13:33,453 - Epoch 27, Batch 900, lr = 0.00005, final_loss = 4.1274, nll_loss = 3.9926, ref_nll_loss = 4.2622, ivc_loss = 0.0332, neg_loss_1 = 0.0001, neg_loss_2 = 0.0002, ref_loss = 0.0100, div_loss = 0.1277, 0.346 seconds/batch
2026-04-17 00:13:54,748 - Epoch 27, Batch 950, lr = 0.00005, final_loss = 4.1076, nll_loss = 3.9711, ref_nll_loss = 4.2440, ivc_loss = 0.0302, neg_loss_1 = 0.0002, neg_loss_2 = 0.0000, ref_loss = 0.0086, div_loss = 0.1262, 0.350 seconds/batch
2026-04-17 00:14:16,087 - Epoch 27, Batch 1000, lr = 0.00005, final_loss = 4.0627, nll_loss = 3.9309, ref_nll_loss = 4.1945, ivc_loss = 0.0327, neg_loss_1 = 0.0001, neg_loss_2 = 0.0000, ref_loss = 0.0099, div_loss = 0.1276, 0.354 seconds/batch
2026-04-17 00:14:37,337 - Epoch 27, Batch 1050, lr = 0.00005, final_loss = 4.0996, nll_loss = 3.9667, ref_nll_loss = 4.2325, ivc_loss = 0.0348, neg_loss_1 = 0.0000, neg_loss_2 = 0.0000, ref_loss = 0.0110, div_loss = 0.1283, 0.357 seconds/batch
2026-04-17 00:14:58,630 - Epoch 27, Batch 1100, lr = 0.00005, final_loss = 4.0998, nll_loss = 3.9650, ref_nll_loss = 4.2345, ivc_loss = 0.0311, neg_loss_1 = 0.0000, neg_loss_2 = 0.0001, ref_loss = 0.0090, div_loss = 0.1288, 0.360 seconds/batch
2026-04-17 00:15:19,924 - Epoch 27, Batch 1150, lr = 0.00005, final_loss = 4.0952, nll_loss = 3.9580, ref_nll_loss = 4.2323, ivc_loss = 0.0296, neg_loss_1 = 0.0002, neg_loss_2 = 0.0001, ref_loss = 0.0082, div_loss = 0.1264, 0.363 seconds/batch
2026-04-17 00:15:28,305 - Epoch 27, Batch 1170, lr = 0.00005, final_loss = 4.1533, nll_loss = 4.0176, ref_nll_loss = 4.2890, ivc_loss = 0.0279, neg_loss_1 = 0.0000, neg_loss_2 = 0.0000, ref_loss = 0.0078, div_loss = 0.1228, 0.364 seconds/batch
2026-04-17 00:15:28,367 - save model to checkpoints/activitynet/base/model-27.pt, num_updates 31590.
2026-04-17 00:18:04,016 - | R@1,mIoU 0.3591 | R@1,IoU@0.1 0.8251 | R@1,IoU@0.3 0.5357 | R@1,IoU@0.5 0.2749 | R@1,IoU@0.7 0.1272 | R@1,IoU@0.9 0.0288 | R@5,mIoU 0.4057 | R@5,IoU@0.1 0.8575 | R@5,IoU@0.3 0.5843 | R@5,IoU@0.5 0.3480 | R@5,IoU@0.7 0.1785 | R@5,IoU@0.9 0.0555 |
2026-04-17 00:18:04,016 - ============================================================
2026-04-17 00:18:04,016 - Start Epoch 28
2026-04-17 00:18:25,331 - Epoch 28, Batch 50, lr = 0.00004, final_loss = 4.0355, nll_loss = 3.9014, ref_nll_loss = 4.1696, ivc_loss = 0.0331, neg_loss_1 = 0.0001, neg_loss_2 = 0.0002, ref_loss = 0.0101, div_loss = 0.1239, 0.426 seconds/batch
2026-04-17 00:18:46,616 - Epoch 28, Batch 100, lr = 0.00004, final_loss = 4.0681, nll_loss = 3.9353, ref_nll_loss = 4.2009, ivc_loss = 0.0317, neg_loss_1 = 0.0000, neg_loss_2 = 0.0001, ref_loss = 0.0095, div_loss = 0.1264, 0.426 seconds/batch
2026-04-17 00:19:07,865 - Epoch 28, Batch 150, lr = 0.00004, final_loss = 4.0613, nll_loss = 3.9249, ref_nll_loss = 4.1977, ivc_loss = 0.0306, neg_loss_1 = 0.0001, neg_loss_2 = 0.0000, ref_loss = 0.0088, div_loss = 0.1271, 0.426 seconds/batch
2026-04-17 00:19:29,298 - Epoch 28, Batch 200, lr = 0.00004, final_loss = 4.0834, nll_loss = 3.9511, ref_nll_loss = 4.2157, ivc_loss = 0.0335, neg_loss_1 = 0.0002, neg_loss_2 = 0.0001, ref_loss = 0.0102, div_loss = 0.1240, 0.426 seconds/batch
2026-04-17 00:19:44,133 - Epoch 28, Batch 250, lr = 0.00004, final_loss = 4.0656, nll_loss = 3.9300, ref_nll_loss = 4.2011, ivc_loss = 0.0339, neg_loss_1 = 0.0001, neg_loss_2 = 0.0000, ref_loss = 0.0106, div_loss = 0.1255, 0.400 seconds/batch
2026-04-17 00:19:58,626 - Epoch 28, Batch 300, lr = 0.00004, final_loss = 4.0610, nll_loss = 3.9226, ref_nll_loss = 4.1995, ivc_loss = 0.0289, neg_loss_1 = 0.0000, neg_loss_2 = 0.0000, ref_loss = 0.0081, div_loss = 0.1275, 0.382 seconds/batch
2026-04-17 00:20:13,207 - Epoch 28, Batch 350, lr = 0.00004, final_loss = 4.0645, nll_loss = 3.9236, ref_nll_loss = 4.2053, ivc_loss = 0.0314, neg_loss_1 = 0.0001, neg_loss_2 = 0.0001, ref_loss = 0.0092, div_loss = 0.1257, 0.369 seconds/batch
2026-04-17 00:20:27,849 - Epoch 28, Batch 400, lr = 0.00004, final_loss = 4.0623, nll_loss = 3.9245, ref_nll_loss = 4.2001, ivc_loss = 0.0280, neg_loss_1 = 0.0001, neg_loss_2 = 0.0000, ref_loss = 0.0076, div_loss = 0.1257, 0.360 seconds/batch
2026-04-17 00:20:42,412 - Epoch 28, Batch 450, lr = 0.00004, final_loss = 4.0503, nll_loss = 3.9159, ref_nll_loss = 4.1848, ivc_loss = 0.0323, neg_loss_1 = 0.0001, neg_loss_2 = 0.0000, ref_loss = 0.0097, div_loss = 0.1258, 0.352 seconds/batch
2026-04-17 00:20:56,943 - Epoch 28, Batch 500, lr = 0.00004, final_loss = 4.0744, nll_loss = 3.9420, ref_nll_loss = 4.2068, ivc_loss = 0.0301, neg_loss_1 = 0.0002, neg_loss_2 = 0.0002, ref_loss = 0.0084, div_loss = 0.1250, 0.346 seconds/batch
2026-04-17 00:21:11,428 - Epoch 28, Batch 550, lr = 0.00004, final_loss = 4.0602, nll_loss = 3.9257, ref_nll_loss = 4.1948, ivc_loss = 0.0331, neg_loss_1 = 0.0002, neg_loss_2 = 0.0000, ref_loss = 0.0100, div_loss = 0.1279, 0.341 seconds/batch
2026-04-17 00:21:25,951 - Epoch 28, Batch 600, lr = 0.00004, final_loss = 4.0727, nll_loss = 3.9361, ref_nll_loss = 4.2093, ivc_loss = 0.0303, neg_loss_1 = 0.0000, neg_loss_2 = 0.0001, ref_loss = 0.0087, div_loss = 0.1266, 0.337 seconds/batch
2026-04-17 00:21:40,481 - Epoch 28, Batch 650, lr = 0.00004, final_loss = 4.0777, nll_loss = 3.9410, ref_nll_loss = 4.2144, ivc_loss = 0.0305, neg_loss_1 = 0.0001, neg_loss_2 = 0.0001, ref_loss = 0.0086, div_loss = 0.1282, 0.333 seconds/batch
2026-04-17 00:21:54,957 - Epoch 28, Batch 700, lr = 0.00004, final_loss = 4.0844, nll_loss = 3.9459, ref_nll_loss = 4.2228, ivc_loss = 0.0323, neg_loss_1 = 0.0001, neg_loss_2 = 0.0000, ref_loss = 0.0096, div_loss = 0.1285, 0.330 seconds/batch
2026-04-17 00:22:10,969 - Epoch 28, Batch 750, lr = 0.00004, final_loss = 4.0977, nll_loss = 3.9619, ref_nll_loss = 4.2335, ivc_loss = 0.0282, neg_loss_1 = 0.0000, neg_loss_2 = 0.0002, ref_loss = 0.0077, div_loss = 0.1240, 0.329 seconds/batch
2026-04-17 00:22:32,295 - Epoch 28, Batch 800, lr = 0.00004, final_loss = 4.0827, nll_loss = 3.9487, ref_nll_loss = 4.2167, ivc_loss = 0.0301, neg_loss_1 = 0.0001, neg_loss_2 = 0.0000, ref_loss = 0.0087, div_loss = 0.1260, 0.335 seconds/batch
2026-04-17 00:22:53,346 - Epoch 28, Batch 850, lr = 0.00004, final_loss = 4.0676, nll_loss = 3.9362, ref_nll_loss = 4.1991, ivc_loss = 0.0341, neg_loss_1 = 0.0003, neg_loss_2 = 0.0002, ref_loss = 0.0104, div_loss = 0.1240, 0.340 seconds/batch
2026-04-17 00:23:14,678 - Epoch 28, Batch 900, lr = 0.00004, final_loss = 4.1130, nll_loss = 3.9801, ref_nll_loss = 4.2460, ivc_loss = 0.0350, neg_loss_1 = 0.0000, neg_loss_2 = 0.0000, ref_loss = 0.0113, div_loss = 0.1250, 0.345 seconds/batch
2026-04-17 00:23:35,958 - Epoch 28, Batch 950, lr = 0.00004, final_loss = 4.0881, nll_loss = 3.9540, ref_nll_loss = 4.2222, ivc_loss = 0.0324, neg_loss_1 = 0.0000, neg_loss_2 = 0.0002, ref_loss = 0.0097, div_loss = 0.1259, 0.349 seconds/batch
2026-04-17 00:23:57,266 - Epoch 28, Batch 1000, lr = 0.00004, final_loss = 4.0692, nll_loss = 3.9358, ref_nll_loss = 4.2025, ivc_loss = 0.0321, neg_loss_1 = 0.0001, neg_loss_2 = 0.0001, ref_loss = 0.0098, div_loss = 0.1241, 0.353 seconds/batch
2026-04-17 00:24:18,508 - Epoch 28, Batch 1050, lr = 0.00004, final_loss = 4.1237, nll_loss = 3.9885, ref_nll_loss = 4.2590, ivc_loss = 0.0311, neg_loss_1 = 0.0001, neg_loss_2 = 0.0001, ref_loss = 0.0090, div_loss = 0.1266, 0.357 seconds/batch
2026-04-17 00:24:39,784 - Epoch 28, Batch 1100, lr = 0.00004, final_loss = 4.0918, nll_loss = 3.9602, ref_nll_loss = 4.2234, ivc_loss = 0.0315, neg_loss_1 = 0.0001, neg_loss_2 = 0.0001, ref_loss = 0.0092, div_loss = 0.1252, 0.360 seconds/batch
2026-04-17 00:25:00,964 - Epoch 28, Batch 1150, lr = 0.00004, final_loss = 4.0847, nll_loss = 3.9510, ref_nll_loss = 4.2184, ivc_loss = 0.0344, neg_loss_1 = 0.0000, neg_loss_2 = 0.0007, ref_loss = 0.0104, div_loss = 0.1227, 0.363 seconds/batch
2026-04-17 00:25:09,086 - Epoch 28, Batch 1170, lr = 0.00004, final_loss = 4.0326, nll_loss = 3.8975, ref_nll_loss = 4.1676, ivc_loss = 0.0310, neg_loss_1 = 0.0001, neg_loss_2 = 0.0000, ref_loss = 0.0091, div_loss = 0.1254, 0.363 seconds/batch
2026-04-17 00:25:09,153 - save model to checkpoints/activitynet/base/model-28.pt, num_updates 32760.
2026-04-17 00:27:44,919 - | R@1,mIoU 0.3584 | R@1,IoU@0.1 0.8279 | R@1,IoU@0.3 0.5350 | R@1,IoU@0.5 0.2732 | R@1,IoU@0.7 0.1251 | R@1,IoU@0.9 0.0256 | R@5,mIoU 0.4053 | R@5,IoU@0.1 0.8570 | R@5,IoU@0.3 0.5839 | R@5,IoU@0.5 0.3512 | R@5,IoU@0.7 0.1790 | R@5,IoU@0.9 0.0485 |
2026-04-17 00:27:44,919 - ============================================================
2026-04-17 00:27:44,920 - Start Epoch 29
2026-04-17 00:28:06,318 - Epoch 29, Batch 50, lr = 0.00004, final_loss = 4.0183, nll_loss = 3.8781, ref_nll_loss = 4.1586, ivc_loss = 0.0286, neg_loss_1 = 0.0000, neg_loss_2 = 0.0000, ref_loss = 0.0079, div_loss = 0.1266, 0.428 seconds/batch
2026-04-17 00:28:27,466 - Epoch 29, Batch 100, lr = 0.00004, final_loss = 4.0655, nll_loss = 3.9262, ref_nll_loss = 4.2048, ivc_loss = 0.0300, neg_loss_1 = 0.0000, neg_loss_2 = 0.0000, ref_loss = 0.0086, div_loss = 0.1267, 0.425 seconds/batch
2026-04-17 00:28:48,684 - Epoch 29, Batch 150, lr = 0.00004, final_loss = 4.0900, nll_loss = 3.9525, ref_nll_loss = 4.2275, ivc_loss = 0.0309, neg_loss_1 = 0.0001, neg_loss_2 = 0.0001, ref_loss = 0.0089, div_loss = 0.1269, 0.425 seconds/batch
2026-04-17 00:29:09,800 - Epoch 29, Batch 200, lr = 0.00004, final_loss = 4.0342, nll_loss = 3.8947, ref_nll_loss = 4.1737, ivc_loss = 0.0327, neg_loss_1 = 0.0000, neg_loss_2 = 0.0003, ref_loss = 0.0098, div_loss = 0.1255, 0.424 seconds/batch
2026-04-17 00:29:25,105 - Epoch 29, Batch 250, lr = 0.00004, final_loss = 4.0806, nll_loss = 3.9471, ref_nll_loss = 4.2140, ivc_loss = 0.0300, neg_loss_1 = 0.0001, neg_loss_2 = 0.0001, ref_loss = 0.0086, div_loss = 0.1230, 0.401 seconds/batch
2026-04-17 00:29:39,592 - Epoch 29, Batch 300, lr = 0.00004, final_loss = 4.0454, nll_loss = 3.9051, ref_nll_loss = 4.1856, ivc_loss = 0.0313, neg_loss_1 = 0.0000, neg_loss_2 = 0.0002, ref_loss = 0.0091, div_loss = 0.1263, 0.382 seconds/batch
2026-04-17 00:29:54,153 - Epoch 29, Batch 350, lr = 0.00004, final_loss = 4.0768, nll_loss = 3.9422, ref_nll_loss = 4.2114, ivc_loss = 0.0325, neg_loss_1 = 0.0003, neg_loss_2 = 0.0001, ref_loss = 0.0096, div_loss = 0.1263, 0.369 seconds/batch
2026-04-17 00:30:08,709 - Epoch 29, Batch 400, lr = 0.00004, final_loss = 4.0700, nll_loss = 3.9328, ref_nll_loss = 4.2072, ivc_loss = 0.0325, neg_loss_1 = 0.0001, neg_loss_2 = 0.0001, ref_loss = 0.0097, div_loss = 0.1266, 0.359 seconds/batch
2026-04-17 00:30:23,269 - Epoch 29, Batch 450, lr = 0.00004, final_loss = 4.0443, nll_loss = 3.9092, ref_nll_loss = 4.1794, ivc_loss = 0.0327, neg_loss_1 = 0.0000, neg_loss_2 = 0.0000, ref_loss = 0.0099, div_loss = 0.1288, 0.352 seconds/batch
2026-04-17 00:30:37,914 - Epoch 29, Batch 500, lr = 0.00004, final_loss = 4.0569, nll_loss = 3.9202, ref_nll_loss = 4.1936, ivc_loss = 0.0334, neg_loss_1 = 0.0001, neg_loss_2 = 0.0001, ref_loss = 0.0101, div_loss = 0.1292, 0.346 seconds/batch
2026-04-17 00:30:52,486 - Epoch 29, Batch 550, lr = 0.00004, final_loss = 4.0393, nll_loss = 3.8981, ref_nll_loss = 4.1805, ivc_loss = 0.0291, neg_loss_1 = 0.0000, neg_loss_2 = 0.0000, ref_loss = 0.0081, div_loss = 0.1280, 0.341 seconds/batch
2026-04-17 00:31:07,038 - Epoch 29, Batch 600, lr = 0.00004, final_loss = 4.0605, nll_loss = 3.9217, ref_nll_loss = 4.1993, ivc_loss = 0.0297, neg_loss_1 = 0.0002, neg_loss_2 = 0.0001, ref_loss = 0.0082, div_loss = 0.1282, 0.337 seconds/batch
2026-04-17 00:31:21,593 - Epoch 29, Batch 650, lr = 0.00004, final_loss = 4.0247, nll_loss = 3.8881, ref_nll_loss = 4.1614, ivc_loss = 0.0316, neg_loss_1 = 0.0001, neg_loss_2 = 0.0001, ref_loss = 0.0090, div_loss = 0.1300, 0.333 seconds/batch
2026-04-17 00:31:36,104 - Epoch 29, Batch 700, lr = 0.00004, final_loss = 4.0710, nll_loss = 3.9352, ref_nll_loss = 4.2068, ivc_loss = 0.0314, neg_loss_1 = 0.0001, neg_loss_2 = 0.0002, ref_loss = 0.0090, div_loss = 0.1278, 0.330 seconds/batch
2026-04-17 00:31:51,866 - Epoch 29, Batch 750, lr = 0.00004, final_loss = 4.0658, nll_loss = 3.9332, ref_nll_loss = 4.1984, ivc_loss = 0.0316, neg_loss_1 = 0.0001, neg_loss_2 = 0.0000, ref_loss = 0.0095, div_loss = 0.1239, 0.329 seconds/batch
2026-04-17 00:32:13,079 - Epoch 29, Batch 800, lr = 0.00004, final_loss = 4.0529, nll_loss = 3.9139, ref_nll_loss = 4.1920, ivc_loss = 0.0281, neg_loss_1 = 0.0000, neg_loss_2 = 0.0001, ref_loss = 0.0076, div_loss = 0.1275, 0.335 seconds/batch
2026-04-17 00:32:34,237 - Epoch 29, Batch 850, lr = 0.00004, final_loss = 4.0239, nll_loss = 3.8877, ref_nll_loss = 4.1600, ivc_loss = 0.0322, neg_loss_1 = 0.0000, neg_loss_2 = 0.0002, ref_loss = 0.0095, div_loss = 0.1289, 0.340 seconds/batch
2026-04-17 00:32:55,394 - Epoch 29, Batch 900, lr = 0.00004, final_loss = 4.1076, nll_loss = 3.9728, ref_nll_loss = 4.2423, ivc_loss = 0.0334, neg_loss_1 = 0.0002, neg_loss_2 = 0.0001, ref_loss = 0.0098, div_loss = 0.1322, 0.345 seconds/batch
2026-04-17 00:33:16,514 - Epoch 29, Batch 950, lr = 0.00004, final_loss = 4.0862, nll_loss = 3.9510, ref_nll_loss = 4.2214, ivc_loss = 0.0321, neg_loss_1 = 0.0001, neg_loss_2 = 0.0002, ref_loss = 0.0093, div_loss = 0.1281, 0.349 seconds/batch
2026-04-17 00:33:37,775 - Epoch 29, Batch 1000, lr = 0.00004, final_loss = 4.0621, nll_loss = 3.9276, ref_nll_loss = 4.1965, ivc_loss = 0.0317, neg_loss_1 = 0.0001, neg_loss_2 = 0.0000, ref_loss = 0.0094, div_loss = 0.1288, 0.353 seconds/batch
2026-04-17 00:33:58,950 - Epoch 29, Batch 1050, lr = 0.00004, final_loss = 4.0614, nll_loss = 3.9228, ref_nll_loss = 4.1999, ivc_loss = 0.0297, neg_loss_1 = 0.0000, neg_loss_2 = 0.0000, ref_loss = 0.0084, div_loss = 0.1271, 0.356 seconds/batch
2026-04-17 00:34:20,195 - Epoch 29, Batch 1100, lr = 0.00004, final_loss = 4.0699, nll_loss = 3.9343, ref_nll_loss = 4.2055, ivc_loss = 0.0334, neg_loss_1 = 0.0000, neg_loss_2 = 0.0001, ref_loss = 0.0101, div_loss = 0.1283, 0.359 seconds/batch
2026-04-17 00:34:41,320 - Epoch 29, Batch 1150, lr = 0.00004, final_loss = 4.0524, nll_loss = 3.9162, ref_nll_loss = 4.1886, ivc_loss = 0.0325, neg_loss_1 = 0.0001, neg_loss_2 = 0.0001, ref_loss = 0.0097, div_loss = 0.1268, 0.362 seconds/batch
2026-04-17 00:34:49,637 - Epoch 29, Batch 1170, lr = 0.00004, final_loss = 4.0378, nll_loss = 3.9003, ref_nll_loss = 4.1753, ivc_loss = 0.0305, neg_loss_1 = 0.0004, neg_loss_2 = 0.0001, ref_loss = 0.0084, div_loss = 0.1258, 0.363 seconds/batch
2026-04-17 00:34:49,700 - save model to checkpoints/activitynet/base/model-29.pt, num_updates 33930.
2026-04-17 00:37:25,276 - | R@1,mIoU 0.3557 | R@1,IoU@0.1 0.8267 | R@1,IoU@0.3 0.5322 | R@1,IoU@0.5 0.2713 | R@1,IoU@0.7 0.1194 | R@1,IoU@0.9 0.0235 | R@5,mIoU 0.4048 | R@5,IoU@0.1 0.8560 | R@5,IoU@0.3 0.5823 | R@5,IoU@0.5 0.3490 | R@5,IoU@0.7 0.1770 | R@5,IoU@0.9 0.0507 |
2026-04-17 00:37:25,276 - ============================================================
2026-04-17 00:37:25,276 - Start Epoch 30
2026-04-17 00:37:46,627 - Epoch 30, Batch 50, lr = 0.00004, final_loss = 4.0548, nll_loss = 3.9201, ref_nll_loss = 4.1895, ivc_loss = 0.0296, neg_loss_1 = 0.0001, neg_loss_2 = 0.0001, ref_loss = 0.0083, div_loss = 0.1266, 0.427 seconds/batch
2026-04-17 00:38:08,106 - Epoch 30, Batch 100, lr = 0.00004, final_loss = 4.0538, nll_loss = 3.9161, ref_nll_loss = 4.1914, ivc_loss = 0.0309, neg_loss_1 = 0.0001, neg_loss_2 = 0.0003, ref_loss = 0.0087, div_loss = 0.1261, 0.428 seconds/batch
2026-04-17 00:38:29,424 - Epoch 30, Batch 150, lr = 0.00004, final_loss = 4.0563, nll_loss = 3.9186, ref_nll_loss = 4.1940, ivc_loss = 0.0319, neg_loss_1 = 0.0000, neg_loss_2 = 0.0002, ref_loss = 0.0093, div_loss = 0.1280, 0.428 seconds/batch
2026-04-17 00:38:50,686 - Epoch 30, Batch 200, lr = 0.00004, final_loss = 3.9878, nll_loss = 3.8480, ref_nll_loss = 4.1275, ivc_loss = 0.0299, neg_loss_1 = 0.0000, neg_loss_2 = 0.0000, ref_loss = 0.0084, div_loss = 0.1297, 0.427 seconds/batch
2026-04-17 00:39:06,236 - Epoch 30, Batch 250, lr = 0.00004, final_loss = 4.0477, nll_loss = 3.9111, ref_nll_loss = 4.1844, ivc_loss = 0.0311, neg_loss_1 = 0.0000, neg_loss_2 = 0.0001, ref_loss = 0.0091, div_loss = 0.1259, 0.404 seconds/batch
2026-04-17 00:39:20,707 - Epoch 30, Batch 300, lr = 0.00004, final_loss = 4.0185, nll_loss = 3.8827, ref_nll_loss = 4.1544, ivc_loss = 0.0300, neg_loss_1 = 0.0001, neg_loss_2 = 0.0000, ref_loss = 0.0084, div_loss = 0.1296, 0.385 seconds/batch
2026-04-17 00:39:35,294 - Epoch 30, Batch 350, lr = 0.00004, final_loss = 4.0250, nll_loss = 3.8869, ref_nll_loss = 4.1630, ivc_loss = 0.0310, neg_loss_1 = 0.0000, neg_loss_2 = 0.0001, ref_loss = 0.0090, div_loss = 0.1277, 0.371 seconds/batch
2026-04-17 00:39:49,873 - Epoch 30, Batch 400, lr = 0.00004, final_loss = 4.0317, nll_loss = 3.8929, ref_nll_loss = 4.1705, ivc_loss = 0.0289, neg_loss_1 = 0.0001, neg_loss_2 = 0.0000, ref_loss = 0.0079, div_loss = 0.1287, 0.361 seconds/batch
2026-04-17 00:40:04,423 - Epoch 30, Batch 450, lr = 0.00004, final_loss = 4.0512, nll_loss = 3.9149, ref_nll_loss = 4.1874, ivc_loss = 0.0322, neg_loss_1 = 0.0002, neg_loss_2 = 0.0002, ref_loss = 0.0095, div_loss = 0.1258, 0.354 seconds/batch
2026-04-17 00:40:18,993 - Epoch 30, Batch 500, lr = 0.00004, final_loss = 4.0299, nll_loss = 3.8894, ref_nll_loss = 4.1704, ivc_loss = 0.0319, neg_loss_1 = 0.0004, neg_loss_2 = 0.0001, ref_loss = 0.0091, div_loss = 0.1264, 0.347 seconds/batch
2026-04-17 00:40:33,502 - Epoch 30, Batch 550, lr = 0.00004, final_loss = 4.0764, nll_loss = 3.9426, ref_nll_loss = 4.2102, ivc_loss = 0.0313, neg_loss_1 = 0.0000, neg_loss_2 = 0.0001, ref_loss = 0.0092, div_loss = 0.1269, 0.342 seconds/batch
2026-04-17 00:40:47,983 - Epoch 30, Batch 600, lr = 0.00004, final_loss = 3.9870, nll_loss = 3.8462, ref_nll_loss = 4.1278, ivc_loss = 0.0312, neg_loss_1 = 0.0002, neg_loss_2 = 0.0000, ref_loss = 0.0090, div_loss = 0.1283, 0.338 seconds/batch
2026-04-17 00:41:02,513 - Epoch 30, Batch 650, lr = 0.00004, final_loss = 4.0851, nll_loss = 3.9492, ref_nll_loss = 4.2209, ivc_loss = 0.0324, neg_loss_1 = 0.0002, neg_loss_2 = 0.0001, ref_loss = 0.0095, div_loss = 0.1274, 0.334 seconds/batch
2026-04-17 00:41:17,067 - Epoch 30, Batch 700, lr = 0.00004, final_loss = 4.0561, nll_loss = 3.9161, ref_nll_loss = 4.1961, ivc_loss = 0.0316, neg_loss_1 = 0.0000, neg_loss_2 = 0.0001, ref_loss = 0.0092, div_loss = 0.1297, 0.331 seconds/batch
2026-04-17 00:41:32,403 - Epoch 30, Batch 750, lr = 0.00004, final_loss = 4.0573, nll_loss = 3.9197, ref_nll_loss = 4.1948, ivc_loss = 0.0332, neg_loss_1 = 0.0000, neg_loss_2 = 0.0001, ref_loss = 0.0100, div_loss = 0.1296, 0.330 seconds/batch
2026-04-17 00:41:53,508 - Epoch 30, Batch 800, lr = 0.00004, final_loss = 4.0236, nll_loss = 3.8891, ref_nll_loss = 4.1581, ivc_loss = 0.0330, neg_loss_1 = 0.0000, neg_loss_2 = 0.0001, ref_loss = 0.0100, div_loss = 0.1283, 0.335 seconds/batch
2026-04-17 00:42:14,677 - Epoch 30, Batch 850, lr = 0.00004, final_loss = 4.0566, nll_loss = 3.9190, ref_nll_loss = 4.1942, ivc_loss = 0.0305, neg_loss_1 = 0.0002, neg_loss_2 = 0.0000, ref_loss = 0.0087, div_loss = 0.1256, 0.340 seconds/batch
2026-04-17 00:42:35,966 - Epoch 30, Batch 900, lr = 0.00004, final_loss = 4.0454, nll_loss = 3.9076, ref_nll_loss = 4.1833, ivc_loss = 0.0316, neg_loss_1 = 0.0001, neg_loss_2 = 0.0000, ref_loss = 0.0092, div_loss = 0.1287, 0.345 seconds/batch
2026-04-17 00:42:57,126 - Epoch 30, Batch 950, lr = 0.00004, final_loss = 4.0547, nll_loss = 3.9179, ref_nll_loss = 4.1916, ivc_loss = 0.0327, neg_loss_1 = 0.0002, neg_loss_2 = 0.0003, ref_loss = 0.0094, div_loss = 0.1280, 0.349 seconds/batch
2026-04-17 00:43:18,543 - Epoch 30, Batch 1000, lr = 0.00004, final_loss = 4.0316, nll_loss = 3.8942, ref_nll_loss = 4.1689, ivc_loss = 0.0318, neg_loss_1 = 0.0000, neg_loss_2 = 0.0001, ref_loss = 0.0094, div_loss = 0.1267, 0.353 seconds/batch
2026-04-17 00:43:39,826 - Epoch 30, Batch 1050, lr = 0.00004, final_loss = 4.0320, nll_loss = 3.8942, ref_nll_loss = 4.1699, ivc_loss = 0.0317, neg_loss_1 = 0.0001, neg_loss_2 = 0.0001, ref_loss = 0.0094, div_loss = 0.1251, 0.357 seconds/batch
2026-04-17 00:44:01,139 - Epoch 30, Batch 1100, lr = 0.00004, final_loss = 4.0752, nll_loss = 3.9354, ref_nll_loss = 4.2150, ivc_loss = 0.0325, neg_loss_1 = 0.0001, neg_loss_2 = 0.0002, ref_loss = 0.0098, div_loss = 0.1243, 0.360 seconds/batch
2026-04-17 00:44:22,258 - Epoch 30, Batch 1150, lr = 0.00004, final_loss = 4.0650, nll_loss = 3.9298, ref_nll_loss = 4.2003, ivc_loss = 0.0349, neg_loss_1 = 0.0003, neg_loss_2 = 0.0000, ref_loss = 0.0110, div_loss = 0.1221, 0.363 seconds/batch
2026-04-17 00:44:30,597 - Epoch 30, Batch 1170, lr = 0.00004, final_loss = 4.0487, nll_loss = 3.9136, ref_nll_loss = 4.1838, ivc_loss = 0.0329, neg_loss_1 = 0.0007, neg_loss_2 = 0.0000, ref_loss = 0.0096, div_loss = 0.1235, 0.364 seconds/batch
2026-04-17 00:44:30,659 - save model to checkpoints/activitynet/base/model-30.pt, num_updates 35100.
2026-04-17 00:47:05,781 - | R@1,mIoU 0.3594 | R@1,IoU@0.1 0.8286 | R@1,IoU@0.3 0.5356 | R@1,IoU@0.5 0.2730 | R@1,IoU@0.7 0.1272 | R@1,IoU@0.9 0.0279 | R@5,mIoU 0.4053 | R@5,IoU@0.1 0.8581 | R@5,IoU@0.3 0.5825 | R@5,IoU@0.5 0.3522 | R@5,IoU@0.7 0.1780 | R@5,IoU@0.9 0.0493 |
2026-04-17 00:47:05,782 - ============================================================
2026-04-17 00:47:05,782 - Best results:
2026-04-17 00:47:05,782 - | R@1,mIoU 0.3674 | R@1,IoU@0.1 0.8322 | R@1,IoU@0.3 0.5505 | R@1,IoU@0.5 0.2923 | R@1,IoU@0.7 0.1284 | R@1,IoU@0.9 0.0255 | R@5,mIoU 0.4401 | R@5,IoU@0.1 0.8726 | R@5,IoU@0.3 0.6243 | R@5,IoU@0.5 0.4154 | R@5,IoU@0.7 0.2056 | R@5,IoU@0.9 0.0807 |
