2026-04-19 11:39:14,895 - {'dataset': {'dataset': 'ActivityNet', 'feature_path': '/data/chenyuan/videogrounding/cpl-main/data/activitynet/sub_activitynet_v1-3.c3d.hdf5', 'vocab_size': 1111, 'word_dim': 300, 'frame_dim': 500, 'max_num_words': 40, 'max_num_frames': 200, 'target_stride': 1, 'train_data': 'data/activitynet/train_data.json', 'test_data': 'data/activitynet/test_data.json', 'val_data': 'data/activitynet/val_data.json', 'vocab_path': 'data/activitynet/glove.pkl'}, 'train': {'optimizer': {'lr': 0.0004, 'weight_decay': 0, 'warmup_updates': 400, 'warmup_init_lr': 1e-07}, 'batch_size': 32, 'max_num_epochs': 30, 'model_saved_path': 'checkpoints/activitynet_moe/cpl_moe'}, 'model': {'name': 'CPL_MoE', 'source': 'models', 'config': {'frames_input_size': 500, 'words_input_size': 300, 'hidden_size': 256, 'use_negative': True, 'num_props': 8, 'sigma': 9, 'gamma': 0.5, 'dropout': 0.1, 'DualTransformer': {'d_model': 256, 'num_heads': 4, 'num_decoder_layers1': 3, 'num_decoder_layers2': 3, 'dropout': 0.1}, 'MoE': {'use_moe': True, 'use_simple_moe': False, 'num_experts': 8, 'num_shared_experts': 2, 'top_k': 2, 'use_load_balance_loss': True, 'load_balance_weight': 0.01, 'use_2layer_gate': True}}}, 'loss': {'margin_1': 0.1, 'margin_2': 0.2, 'lambda': 0.118, 'alpha_1': 1, 'alpha_2': 5, 'use_width_reg': False, 'width_lambda': 0.05}, 'vote': True}
2026-04-19 11:39:15,243 - train: 37421 samples, test: 17031 samples
2026-04-19 11:39:16,254 - Start Epoch 1
2026-04-19 11:39:37,874 - Epoch 1, Batch 50, lr = 0.00005, final_loss = 6.8850, nll_loss = 6.8427, ref_nll_loss = 6.9272, ivc_loss = 1.3134, neg_loss_1 = 0.1101, neg_loss_2 = 0.1074, ref_loss = 0.0421, div_loss = 0.2107, 0.432 seconds/batch
2026-04-19 11:40:07,335 - Epoch 1, Batch 100, lr = 0.00010, final_loss = 6.0586, nll_loss = 6.0202, ref_nll_loss = 6.0970, ivc_loss = 0.3239, neg_loss_1 = 0.0668, neg_loss_2 = 0.0671, ref_loss = 0.0409, div_loss = 0.0298, 0.511 seconds/batch
2026-04-19 11:40:46,707 - Epoch 1, Batch 150, lr = 0.00015, final_loss = 5.6416, nll_loss = 5.6017, ref_nll_loss = 5.6814, ivc_loss = 0.2413, neg_loss_1 = 0.0691, neg_loss_2 = 0.0644, ref_loss = 0.0409, div_loss = 0.0133, 0.603 seconds/batch
2026-04-19 11:41:26,038 - Epoch 1, Batch 200, lr = 0.00020, final_loss = 5.4341, nll_loss = 5.3900, ref_nll_loss = 5.4782, ivc_loss = 0.2021, neg_loss_1 = 0.0614, neg_loss_2 = 0.0572, ref_loss = 0.0371, div_loss = 0.0093, 0.649 seconds/batch
2026-04-19 11:42:05,816 - Epoch 1, Batch 250, lr = 0.00025, final_loss = 5.3237, nll_loss = 5.2782, ref_nll_loss = 5.3692, ivc_loss = 0.1959, neg_loss_1 = 0.0560, neg_loss_2 = 0.0574, ref_loss = 0.0366, div_loss = 0.0092, 0.678 seconds/batch
2026-04-19 11:42:45,269 - Epoch 1, Batch 300, lr = 0.00030, final_loss = 5.2594, nll_loss = 5.2089, ref_nll_loss = 5.3099, ivc_loss = 0.1819, neg_loss_1 = 0.0535, neg_loss_2 = 0.0514, ref_loss = 0.0324, div_loss = 0.0089, 0.697 seconds/batch
2026-04-19 11:43:24,671 - Epoch 1, Batch 350, lr = 0.00035, final_loss = 5.1696, nll_loss = 5.1181, ref_nll_loss = 5.2210, ivc_loss = 0.1753, neg_loss_1 = 0.0522, neg_loss_2 = 0.0479, ref_loss = 0.0347, div_loss = 0.0081, 0.710 seconds/batch
2026-04-19 11:44:04,457 - Epoch 1, Batch 400, lr = 0.00040, final_loss = 5.0824, nll_loss = 5.0306, ref_nll_loss = 5.1341, ivc_loss = 0.1647, neg_loss_1 = 0.0435, neg_loss_2 = 0.0478, ref_loss = 0.0333, div_loss = 0.0080, 0.721 seconds/batch
2026-04-19 11:44:44,068 - Epoch 1, Batch 450, lr = 0.00038, final_loss = 5.0433, nll_loss = 4.9921, ref_nll_loss = 5.0945, ivc_loss = 0.1578, neg_loss_1 = 0.0433, neg_loss_2 = 0.0423, ref_loss = 0.0335, div_loss = 0.0077, 0.728 seconds/batch
2026-04-19 11:45:23,703 - Epoch 1, Batch 500, lr = 0.00036, final_loss = 4.9523, nll_loss = 4.9011, ref_nll_loss = 5.0035, ivc_loss = 0.1438, neg_loss_1 = 0.0353, neg_loss_2 = 0.0338, ref_loss = 0.0368, div_loss = 0.0076, 0.735 seconds/batch
2026-04-19 11:46:03,508 - Epoch 1, Batch 550, lr = 0.00034, final_loss = 4.8714, nll_loss = 4.8176, ref_nll_loss = 4.9252, ivc_loss = 0.1281, neg_loss_1 = 0.0268, neg_loss_2 = 0.0296, ref_loss = 0.0353, div_loss = 0.0073, 0.740 seconds/batch
2026-04-19 11:46:43,426 - Epoch 1, Batch 600, lr = 0.00033, final_loss = 4.8403, nll_loss = 4.7866, ref_nll_loss = 4.8940, ivc_loss = 0.1173, neg_loss_1 = 0.0190, neg_loss_2 = 0.0212, ref_loss = 0.0399, div_loss = 0.0075, 0.745 seconds/batch
2026-04-19 11:47:23,274 - Epoch 1, Batch 650, lr = 0.00031, final_loss = 4.8079, nll_loss = 4.7511, ref_nll_loss = 4.8646, ivc_loss = 0.1070, neg_loss_1 = 0.0165, neg_loss_2 = 0.0174, ref_loss = 0.0358, div_loss = 0.0075, 0.749 seconds/batch
2026-04-19 11:48:02,882 - Epoch 1, Batch 700, lr = 0.00030, final_loss = 4.7522, nll_loss = 4.6981, ref_nll_loss = 4.8063, ivc_loss = 0.1075, neg_loss_1 = 0.0135, neg_loss_2 = 0.0144, ref_loss = 0.0396, div_loss = 0.0080, 0.752 seconds/batch
2026-04-19 11:48:42,798 - Epoch 1, Batch 750, lr = 0.00029, final_loss = 4.7550, nll_loss = 4.6994, ref_nll_loss = 4.8106, ivc_loss = 0.0969, neg_loss_1 = 0.0113, neg_loss_2 = 0.0123, ref_loss = 0.0380, div_loss = 0.0070, 0.755 seconds/batch
2026-04-19 11:49:22,681 - Epoch 1, Batch 800, lr = 0.00028, final_loss = 4.6865, nll_loss = 4.6306, ref_nll_loss = 4.7424, ivc_loss = 0.0894, neg_loss_1 = 0.0082, neg_loss_2 = 0.0099, ref_loss = 0.0368, div_loss = 0.0069, 0.758 seconds/batch
2026-04-19 11:50:02,444 - Epoch 1, Batch 850, lr = 0.00027, final_loss = 4.6881, nll_loss = 4.6287, ref_nll_loss = 4.7475, ivc_loss = 0.0868, neg_loss_1 = 0.0088, neg_loss_2 = 0.0087, ref_loss = 0.0342, div_loss = 0.0070, 0.760 seconds/batch
2026-04-19 11:50:41,671 - Epoch 1, Batch 900, lr = 0.00027, final_loss = 4.6620, nll_loss = 4.6007, ref_nll_loss = 4.7232, ivc_loss = 0.0858, neg_loss_1 = 0.0078, neg_loss_2 = 0.0093, ref_loss = 0.0340, div_loss = 0.0069, 0.762 seconds/batch
2026-04-19 11:51:21,388 - Epoch 1, Batch 950, lr = 0.00026, final_loss = 4.6563, nll_loss = 4.5967, ref_nll_loss = 4.7159, ivc_loss = 0.0848, neg_loss_1 = 0.0058, neg_loss_2 = 0.0087, ref_loss = 0.0356, div_loss = 0.0069, 0.763 seconds/batch
2026-04-19 11:52:01,086 - Epoch 1, Batch 1000, lr = 0.00025, final_loss = 4.6214, nll_loss = 4.5589, ref_nll_loss = 4.6839, ivc_loss = 0.0871, neg_loss_1 = 0.0081, neg_loss_2 = 0.0116, ref_loss = 0.0332, div_loss = 0.0068, 0.765 seconds/batch
2026-04-19 11:52:37,642 - Epoch 1, Batch 1050, lr = 0.00025, final_loss = 4.6153, nll_loss = 4.5555, ref_nll_loss = 4.6751, ivc_loss = 0.0849, neg_loss_1 = 0.0061, neg_loss_2 = 0.0105, ref_loss = 0.0343, div_loss = 0.0068, 0.763 seconds/batch
2026-04-19 11:53:11,110 - Epoch 1, Batch 1100, lr = 0.00024, final_loss = 4.5665, nll_loss = 4.5061, ref_nll_loss = 4.6270, ivc_loss = 0.0822, neg_loss_1 = 0.0067, neg_loss_2 = 0.0075, ref_loss = 0.0338, div_loss = 0.0069, 0.759 seconds/batch
2026-04-19 11:53:44,758 - Epoch 1, Batch 1150, lr = 0.00024, final_loss = 4.5540, nll_loss = 4.4922, ref_nll_loss = 4.6159, ivc_loss = 0.0783, neg_loss_1 = 0.0047, neg_loss_2 = 0.0065, ref_loss = 0.0328, div_loss = 0.0068, 0.755 seconds/batch
2026-04-19 11:53:57,971 - Epoch 1, Batch 1170, lr = 0.00023, final_loss = 4.5316, nll_loss = 4.4789, ref_nll_loss = 4.5843, ivc_loss = 0.0843, neg_loss_1 = 0.0051, neg_loss_2 = 0.0070, ref_loss = 0.0390, div_loss = 0.0066, 0.754 seconds/batch
2026-04-19 11:53:58,042 - save model to checkpoints/activitynet_moe/cpl_moe/model-1.pt, num_updates 1170.
2026-04-19 11:57:18,963 - | R@1,mIoU 0.2320 | R@1,IoU@0.1 0.5475 | R@1,IoU@0.3 0.3943 | R@1,IoU@0.5 0.1593 | R@1,IoU@0.7 0.0448 | R@1,IoU@0.9 0.0016 | R@5,mIoU 0.5190 | R@5,IoU@0.1 0.9168 | R@5,IoU@0.3 0.7763 | R@5,IoU@0.5 0.5206 | R@5,IoU@0.7 0.3061 | R@5,IoU@0.9 0.0715 |
2026-04-19 11:57:19,043 - Best results have been updated.
2026-04-19 11:57:19,044 - ============================================================
2026-04-19 11:57:19,044 - Start Epoch 2
2026-04-19 11:57:46,888 - Epoch 2, Batch 50, lr = 0.00023, final_loss = 4.5138, nll_loss = 4.4525, ref_nll_loss = 4.5752, ivc_loss = 0.0864, neg_loss_1 = 0.0074, neg_loss_2 = 0.0090, ref_loss = 0.0351, div_loss = 0.0070, 0.557 seconds/batch
2026-04-19 11:58:21,341 - Epoch 2, Batch 100, lr = 0.00022, final_loss = 4.5114, nll_loss = 4.4496, ref_nll_loss = 4.5732, ivc_loss = 0.0825, neg_loss_1 = 0.0078, neg_loss_2 = 0.0079, ref_loss = 0.0323, div_loss = 0.0069, 0.623 seconds/batch
2026-04-19 11:59:00,938 - Epoch 2, Batch 150, lr = 0.00022, final_loss = 4.5354, nll_loss = 4.4722, ref_nll_loss = 4.5987, ivc_loss = 0.0882, neg_loss_1 = 0.0087, neg_loss_2 = 0.0131, ref_loss = 0.0317, div_loss = 0.0070, 0.679 seconds/batch
2026-04-19 11:59:40,713 - Epoch 2, Batch 200, lr = 0.00022, final_loss = 4.4859, nll_loss = 4.4268, ref_nll_loss = 4.5449, ivc_loss = 0.0900, neg_loss_1 = 0.0104, neg_loss_2 = 0.0113, ref_loss = 0.0347, div_loss = 0.0067, 0.708 seconds/batch
2026-04-19 12:00:20,486 - Epoch 2, Batch 250, lr = 0.00021, final_loss = 4.4895, nll_loss = 4.4275, ref_nll_loss = 4.5515, ivc_loss = 0.0877, neg_loss_1 = 0.0094, neg_loss_2 = 0.0094, ref_loss = 0.0342, div_loss = 0.0070, 0.726 seconds/batch
2026-04-19 12:01:00,128 - Epoch 2, Batch 300, lr = 0.00021, final_loss = 4.4726, nll_loss = 4.4105, ref_nll_loss = 4.5347, ivc_loss = 0.0876, neg_loss_1 = 0.0067, neg_loss_2 = 0.0095, ref_loss = 0.0335, div_loss = 0.0076, 0.737 seconds/batch
2026-04-19 12:01:40,023 - Epoch 2, Batch 350, lr = 0.00021, final_loss = 4.4922, nll_loss = 4.4313, ref_nll_loss = 4.5531, ivc_loss = 0.0864, neg_loss_1 = 0.0072, neg_loss_2 = 0.0107, ref_loss = 0.0340, div_loss = 0.0069, 0.746 seconds/batch
2026-04-19 12:02:20,021 - Epoch 2, Batch 400, lr = 0.00020, final_loss = 4.4730, nll_loss = 4.4105, ref_nll_loss = 4.5355, ivc_loss = 0.0834, neg_loss_1 = 0.0087, neg_loss_2 = 0.0098, ref_loss = 0.0312, div_loss = 0.0067, 0.752 seconds/batch
2026-04-19 12:02:59,796 - Epoch 2, Batch 450, lr = 0.00020, final_loss = 4.4433, nll_loss = 4.3792, ref_nll_loss = 4.5074, ivc_loss = 0.0862, neg_loss_1 = 0.0087, neg_loss_2 = 0.0096, ref_loss = 0.0318, div_loss = 0.0072, 0.757 seconds/batch
2026-04-19 12:03:39,770 - Epoch 2, Batch 500, lr = 0.00020, final_loss = 4.4374, nll_loss = 4.3757, ref_nll_loss = 4.4991, ivc_loss = 0.0842, neg_loss_1 = 0.0064, neg_loss_2 = 0.0083, ref_loss = 0.0327, div_loss = 0.0074, 0.761 seconds/batch
2026-04-19 12:04:19,523 - Epoch 2, Batch 550, lr = 0.00019, final_loss = 4.4204, nll_loss = 4.3569, ref_nll_loss = 4.4839, ivc_loss = 0.0772, neg_loss_1 = 0.0048, neg_loss_2 = 0.0068, ref_loss = 0.0319, div_loss = 0.0067, 0.765 seconds/batch
2026-04-19 12:04:59,439 - Epoch 2, Batch 600, lr = 0.00019, final_loss = 4.4170, nll_loss = 4.3533, ref_nll_loss = 4.4807, ivc_loss = 0.0753, neg_loss_1 = 0.0047, neg_loss_2 = 0.0053, ref_loss = 0.0312, div_loss = 0.0068, 0.767 seconds/batch
2026-04-19 12:05:39,459 - Epoch 2, Batch 650, lr = 0.00019, final_loss = 4.4115, nll_loss = 4.3481, ref_nll_loss = 4.4749, ivc_loss = 0.0773, neg_loss_1 = 0.0043, neg_loss_2 = 0.0062, ref_loss = 0.0328, div_loss = 0.0068, 0.770 seconds/batch
2026-04-19 12:06:19,382 - Epoch 2, Batch 700, lr = 0.00018, final_loss = 4.4000, nll_loss = 4.3360, ref_nll_loss = 4.4641, ivc_loss = 0.0727, neg_loss_1 = 0.0033, neg_loss_2 = 0.0039, ref_loss = 0.0319, div_loss = 0.0067, 0.772 seconds/batch
2026-04-19 12:06:59,278 - Epoch 2, Batch 750, lr = 0.00018, final_loss = 4.3853, nll_loss = 4.3200, ref_nll_loss = 4.4505, ivc_loss = 0.0735, neg_loss_1 = 0.0049, neg_loss_2 = 0.0048, ref_loss = 0.0295, div_loss = 0.0069, 0.774 seconds/batch
2026-04-19 12:07:39,392 - Epoch 2, Batch 800, lr = 0.00018, final_loss = 4.3719, nll_loss = 4.3067, ref_nll_loss = 4.4371, ivc_loss = 0.0785, neg_loss_1 = 0.0046, neg_loss_2 = 0.0054, ref_loss = 0.0305, div_loss = 0.0076, 0.775 seconds/batch
2026-04-19 12:08:19,454 - Epoch 2, Batch 850, lr = 0.00018, final_loss = 4.3978, nll_loss = 4.3356, ref_nll_loss = 4.4601, ivc_loss = 0.0794, neg_loss_1 = 0.0065, neg_loss_2 = 0.0076, ref_loss = 0.0319, div_loss = 0.0067, 0.777 seconds/batch
2026-04-19 12:08:59,202 - Epoch 2, Batch 900, lr = 0.00018, final_loss = 4.3815, nll_loss = 4.3142, ref_nll_loss = 4.4487, ivc_loss = 0.0741, neg_loss_1 = 0.0044, neg_loss_2 = 0.0049, ref_loss = 0.0302, div_loss = 0.0069, 0.778 seconds/batch
2026-04-19 12:09:39,256 - Epoch 2, Batch 950, lr = 0.00017, final_loss = 4.3763, nll_loss = 4.3124, ref_nll_loss = 4.4402, ivc_loss = 0.0724, neg_loss_1 = 0.0036, neg_loss_2 = 0.0050, ref_loss = 0.0304, div_loss = 0.0067, 0.779 seconds/batch
2026-04-19 12:10:19,106 - Epoch 2, Batch 1000, lr = 0.00017, final_loss = 4.3351, nll_loss = 4.2690, ref_nll_loss = 4.4012, ivc_loss = 0.0731, neg_loss_1 = 0.0033, neg_loss_2 = 0.0045, ref_loss = 0.0313, div_loss = 0.0068, 0.780 seconds/batch
2026-04-19 12:10:54,540 - Epoch 2, Batch 1050, lr = 0.00017, final_loss = 4.3846, nll_loss = 4.3222, ref_nll_loss = 4.4470, ivc_loss = 0.0789, neg_loss_1 = 0.0061, neg_loss_2 = 0.0066, ref_loss = 0.0329, div_loss = 0.0067, 0.777 seconds/batch
2026-04-19 12:11:28,664 - Epoch 2, Batch 1100, lr = 0.00017, final_loss = 4.3530, nll_loss = 4.2905, ref_nll_loss = 4.4156, ivc_loss = 0.0776, neg_loss_1 = 0.0056, neg_loss_2 = 0.0053, ref_loss = 0.0321, div_loss = 0.0069, 0.772 seconds/batch
2026-04-19 12:12:02,692 - Epoch 2, Batch 1150, lr = 0.00017, final_loss = 4.3463, nll_loss = 4.2797, ref_nll_loss = 4.4128, ivc_loss = 0.0723, neg_loss_1 = 0.0043, neg_loss_2 = 0.0035, ref_loss = 0.0306, div_loss = 0.0068, 0.768 seconds/batch
2026-04-19 12:12:15,904 - Epoch 2, Batch 1170, lr = 0.00017, final_loss = 4.3691, nll_loss = 4.3004, ref_nll_loss = 4.4378, ivc_loss = 0.0756, neg_loss_1 = 0.0071, neg_loss_2 = 0.0086, ref_loss = 0.0272, div_loss = 0.0065, 0.767 seconds/batch
2026-04-19 12:12:15,983 - save model to checkpoints/activitynet_moe/cpl_moe/model-2.pt, num_updates 2340.
2026-04-19 12:15:35,862 - | R@1,mIoU 0.2337 | R@1,IoU@0.1 0.5553 | R@1,IoU@0.3 0.4014 | R@1,IoU@0.5 0.1571 | R@1,IoU@0.7 0.0426 | R@1,IoU@0.9 0.0017 | R@5,mIoU 0.5263 | R@5,IoU@0.1 0.9226 | R@5,IoU@0.3 0.7835 | R@5,IoU@0.5 0.5303 | R@5,IoU@0.7 0.3157 | R@5,IoU@0.9 0.0730 |
2026-04-19 12:15:35,940 - Best results have been updated.
2026-04-19 12:15:35,940 - ============================================================
2026-04-19 12:15:35,940 - Start Epoch 3
2026-04-19 12:16:03,627 - Epoch 3, Batch 50, lr = 0.00016, final_loss = 4.3088, nll_loss = 4.2413, ref_nll_loss = 4.3763, ivc_loss = 0.0761, neg_loss_1 = 0.0059, neg_loss_2 = 0.0080, ref_loss = 0.0292, div_loss = 0.0066, 0.554 seconds/batch
2026-04-19 12:16:39,562 - Epoch 3, Batch 100, lr = 0.00016, final_loss = 4.3124, nll_loss = 4.2476, ref_nll_loss = 4.3773, ivc_loss = 0.0806, neg_loss_1 = 0.0087, neg_loss_2 = 0.0069, ref_loss = 0.0312, div_loss = 0.0068, 0.636 seconds/batch
2026-04-19 12:17:19,354 - Epoch 3, Batch 150, lr = 0.00016, final_loss = 4.3191, nll_loss = 4.2530, ref_nll_loss = 4.3852, ivc_loss = 0.0775, neg_loss_1 = 0.0062, neg_loss_2 = 0.0078, ref_loss = 0.0299, div_loss = 0.0067, 0.689 seconds/batch
2026-04-19 12:17:59,072 - Epoch 3, Batch 200, lr = 0.00016, final_loss = 4.2899, nll_loss = 4.2238, ref_nll_loss = 4.3559, ivc_loss = 0.0785, neg_loss_1 = 0.0054, neg_loss_2 = 0.0064, ref_loss = 0.0328, div_loss = 0.0068, 0.716 seconds/batch
2026-04-19 12:18:38,378 - Epoch 3, Batch 250, lr = 0.00016, final_loss = 4.2987, nll_loss = 4.2312, ref_nll_loss = 4.3662, ivc_loss = 0.0776, neg_loss_1 = 0.0061, neg_loss_2 = 0.0071, ref_loss = 0.0293, div_loss = 0.0070, 0.730 seconds/batch
2026-04-19 12:19:18,045 - Epoch 3, Batch 300, lr = 0.00016, final_loss = 4.3108, nll_loss = 4.2422, ref_nll_loss = 4.3794, ivc_loss = 0.0801, neg_loss_1 = 0.0055, neg_loss_2 = 0.0086, ref_loss = 0.0279, div_loss = 0.0076, 0.740 seconds/batch
2026-04-19 12:19:57,395 - Epoch 3, Batch 350, lr = 0.00015, final_loss = 4.3099, nll_loss = 4.2431, ref_nll_loss = 4.3767, ivc_loss = 0.0800, neg_loss_1 = 0.0066, neg_loss_2 = 0.0050, ref_loss = 0.0311, div_loss = 0.0075, 0.747 seconds/batch
2026-04-19 12:20:36,920 - Epoch 3, Batch 400, lr = 0.00015, final_loss = 4.2693, nll_loss = 4.2036, ref_nll_loss = 4.3350, ivc_loss = 0.0799, neg_loss_1 = 0.0034, neg_loss_2 = 0.0060, ref_loss = 0.0313, div_loss = 0.0078, 0.752 seconds/batch
2026-04-19 12:21:16,566 - Epoch 3, Batch 450, lr = 0.00015, final_loss = 4.2542, nll_loss = 4.1870, ref_nll_loss = 4.3213, ivc_loss = 0.0773, neg_loss_1 = 0.0046, neg_loss_2 = 0.0063, ref_loss = 0.0319, div_loss = 0.0069, 0.757 seconds/batch
2026-04-19 12:21:56,513 - Epoch 3, Batch 500, lr = 0.00015, final_loss = 4.3022, nll_loss = 4.2354, ref_nll_loss = 4.3690, ivc_loss = 0.0778, neg_loss_1 = 0.0047, neg_loss_2 = 0.0077, ref_loss = 0.0308, div_loss = 0.0069, 0.761 seconds/batch
2026-04-19 12:22:36,206 - Epoch 3, Batch 550, lr = 0.00015, final_loss = 4.3063, nll_loss = 4.2390, ref_nll_loss = 4.3737, ivc_loss = 0.0755, neg_loss_1 = 0.0049, neg_loss_2 = 0.0061, ref_loss = 0.0296, div_loss = 0.0070, 0.764 seconds/batch
2026-04-19 12:23:16,102 - Epoch 3, Batch 600, lr = 0.00015, final_loss = 4.2803, nll_loss = 4.2136, ref_nll_loss = 4.3470, ivc_loss = 0.0772, neg_loss_1 = 0.0051, neg_loss_2 = 0.0057, ref_loss = 0.0319, div_loss = 0.0069, 0.767 seconds/batch
2026-04-19 12:23:55,515 - Epoch 3, Batch 650, lr = 0.00015, final_loss = 4.2613, nll_loss = 4.1933, ref_nll_loss = 4.3293, ivc_loss = 0.0787, neg_loss_1 = 0.0075, neg_loss_2 = 0.0088, ref_loss = 0.0295, div_loss = 0.0066, 0.769 seconds/batch
2026-04-19 12:24:35,473 - Epoch 3, Batch 700, lr = 0.00015, final_loss = 4.2744, nll_loss = 4.2064, ref_nll_loss = 4.3425, ivc_loss = 0.0726, neg_loss_1 = 0.0034, neg_loss_2 = 0.0066, ref_loss = 0.0290, div_loss = 0.0067, 0.771 seconds/batch
2026-04-19 12:25:15,699 - Epoch 3, Batch 750, lr = 0.00014, final_loss = 4.3021, nll_loss = 4.2353, ref_nll_loss = 4.3689, ivc_loss = 0.0762, neg_loss_1 = 0.0053, neg_loss_2 = 0.0058, ref_loss = 0.0307, div_loss = 0.0069, 0.773 seconds/batch
2026-04-19 12:25:55,749 - Epoch 3, Batch 800, lr = 0.00014, final_loss = 4.2427, nll_loss = 4.1708, ref_nll_loss = 4.3147, ivc_loss = 0.0728, neg_loss_1 = 0.0054, neg_loss_2 = 0.0059, ref_loss = 0.0273, div_loss = 0.0068, 0.775 seconds/batch
2026-04-19 12:26:35,860 - Epoch 3, Batch 850, lr = 0.00014, final_loss = 4.2441, nll_loss = 4.1745, ref_nll_loss = 4.3137, ivc_loss = 0.0745, neg_loss_1 = 0.0049, neg_loss_2 = 0.0058, ref_loss = 0.0289, div_loss = 0.0070, 0.776 seconds/batch
2026-04-19 12:27:15,846 - Epoch 3, Batch 900, lr = 0.00014, final_loss = 4.2658, nll_loss = 4.1952, ref_nll_loss = 4.3365, ivc_loss = 0.0719, neg_loss_1 = 0.0036, neg_loss_2 = 0.0045, ref_loss = 0.0287, div_loss = 0.0070, 0.778 seconds/batch
2026-04-19 12:27:56,044 - Epoch 3, Batch 950, lr = 0.00014, final_loss = 4.2608, nll_loss = 4.1913, ref_nll_loss = 4.3302, ivc_loss = 0.0724, neg_loss_1 = 0.0053, neg_loss_2 = 0.0064, ref_loss = 0.0272, div_loss = 0.0067, 0.779 seconds/batch
2026-04-19 12:28:35,812 - Epoch 3, Batch 1000, lr = 0.00014, final_loss = 4.2352, nll_loss = 4.1674, ref_nll_loss = 4.3030, ivc_loss = 0.0719, neg_loss_1 = 0.0038, neg_loss_2 = 0.0054, ref_loss = 0.0289, div_loss = 0.0068, 0.780 seconds/batch
2026-04-19 12:29:10,341 - Epoch 3, Batch 1050, lr = 0.00014, final_loss = 4.2310, nll_loss = 4.1623, ref_nll_loss = 4.2998, ivc_loss = 0.0755, neg_loss_1 = 0.0049, neg_loss_2 = 0.0068, ref_loss = 0.0293, div_loss = 0.0069, 0.776 seconds/batch
2026-04-19 12:29:44,273 - Epoch 3, Batch 1100, lr = 0.00014, final_loss = 4.2407, nll_loss = 4.1711, ref_nll_loss = 4.3102, ivc_loss = 0.0725, neg_loss_1 = 0.0045, neg_loss_2 = 0.0055, ref_loss = 0.0289, div_loss = 0.0067, 0.771 seconds/batch
2026-04-19 12:30:18,263 - Epoch 3, Batch 1150, lr = 0.00014, final_loss = 4.2542, nll_loss = 4.1847, ref_nll_loss = 4.3237, ivc_loss = 0.0734, neg_loss_1 = 0.0038, neg_loss_2 = 0.0065, ref_loss = 0.0290, div_loss = 0.0068, 0.767 seconds/batch
2026-04-19 12:30:31,628 - Epoch 3, Batch 1170, lr = 0.00014, final_loss = 4.2309, nll_loss = 4.1610, ref_nll_loss = 4.3008, ivc_loss = 0.0732, neg_loss_1 = 0.0032, neg_loss_2 = 0.0049, ref_loss = 0.0306, div_loss = 0.0069, 0.766 seconds/batch
2026-04-19 12:30:31,704 - save model to checkpoints/activitynet_moe/cpl_moe/model-3.pt, num_updates 3510.
2026-04-19 12:33:52,400 - | R@1,mIoU 0.2345 | R@1,IoU@0.1 0.5576 | R@1,IoU@0.3 0.4056 | R@1,IoU@0.5 0.1566 | R@1,IoU@0.7 0.0426 | R@1,IoU@0.9 0.0021 | R@5,mIoU 0.5240 | R@5,IoU@0.1 0.9227 | R@5,IoU@0.3 0.7788 | R@5,IoU@0.5 0.5265 | R@5,IoU@0.7 0.3144 | R@5,IoU@0.9 0.0756 |
2026-04-19 12:33:52,478 - Best results have been updated.
2026-04-19 12:33:52,478 - ============================================================
2026-04-19 12:33:52,478 - Start Epoch 4
2026-04-19 12:34:21,307 - Epoch 4, Batch 50, lr = 0.00013, final_loss = 4.1907, nll_loss = 4.1195, ref_nll_loss = 4.2618, ivc_loss = 0.0808, neg_loss_1 = 0.0068, neg_loss_2 = 0.0081, ref_loss = 0.0290, div_loss = 0.0074, 0.577 seconds/batch
2026-04-19 12:34:58,273 - Epoch 4, Batch 100, lr = 0.00013, final_loss = 4.1804, nll_loss = 4.1087, ref_nll_loss = 4.2520, ivc_loss = 0.0785, neg_loss_1 = 0.0051, neg_loss_2 = 0.0076, ref_loss = 0.0292, div_loss = 0.0073, 0.658 seconds/batch
2026-04-19 12:35:38,382 - Epoch 4, Batch 150, lr = 0.00013, final_loss = 4.2206, nll_loss = 4.1501, ref_nll_loss = 4.2912, ivc_loss = 0.0754, neg_loss_1 = 0.0038, neg_loss_2 = 0.0084, ref_loss = 0.0273, div_loss = 0.0072, 0.706 seconds/batch
2026-04-19 12:36:18,449 - Epoch 4, Batch 200, lr = 0.00013, final_loss = 4.2216, nll_loss = 4.1511, ref_nll_loss = 4.2921, ivc_loss = 0.0750, neg_loss_1 = 0.0054, neg_loss_2 = 0.0086, ref_loss = 0.0274, div_loss = 0.0067, 0.730 seconds/batch
2026-04-19 12:36:58,210 - Epoch 4, Batch 250, lr = 0.00013, final_loss = 4.1824, nll_loss = 4.1121, ref_nll_loss = 4.2527, ivc_loss = 0.0773, neg_loss_1 = 0.0065, neg_loss_2 = 0.0074, ref_loss = 0.0291, div_loss = 0.0069, 0.743 seconds/batch
2026-04-19 12:37:37,737 - Epoch 4, Batch 300, lr = 0.00013, final_loss = 4.2190, nll_loss = 4.1470, ref_nll_loss = 4.2909, ivc_loss = 0.0912, neg_loss_1 = 0.0056, neg_loss_2 = 0.0075, ref_loss = 0.0299, div_loss = 0.0096, 0.751 seconds/batch
2026-04-19 12:38:17,434 - Epoch 4, Batch 350, lr = 0.00013, final_loss = 4.2079, nll_loss = 4.1375, ref_nll_loss = 4.2784, ivc_loss = 0.0828, neg_loss_1 = 0.0051, neg_loss_2 = 0.0082, ref_loss = 0.0293, div_loss = 0.0080, 0.757 seconds/batch
2026-04-19 12:38:57,151 - Epoch 4, Batch 400, lr = 0.00013, final_loss = 4.1858, nll_loss = 4.1177, ref_nll_loss = 4.2539, ivc_loss = 0.0845, neg_loss_1 = 0.0057, neg_loss_2 = 0.0084, ref_loss = 0.0315, div_loss = 0.0078, 0.762 seconds/batch
2026-04-19 12:39:37,177 - Epoch 4, Batch 450, lr = 0.00013, final_loss = 4.1684, nll_loss = 4.0986, ref_nll_loss = 4.2381, ivc_loss = 0.0838, neg_loss_1 = 0.0052, neg_loss_2 = 0.0101, ref_loss = 0.0295, div_loss = 0.0078, 0.766 seconds/batch
2026-04-19 12:40:16,879 - Epoch 4, Batch 500, lr = 0.00013, final_loss = 4.1675, nll_loss = 4.0985, ref_nll_loss = 4.2366, ivc_loss = 0.0795, neg_loss_1 = 0.0060, neg_loss_2 = 0.0086, ref_loss = 0.0299, div_loss = 0.0070, 0.769 seconds/batch
2026-04-19 12:40:56,581 - Epoch 4, Batch 550, lr = 0.00013, final_loss = 4.2123, nll_loss = 4.1422, ref_nll_loss = 4.2825, ivc_loss = 0.0796, neg_loss_1 = 0.0068, neg_loss_2 = 0.0085, ref_loss = 0.0290, div_loss = 0.0070, 0.771 seconds/batch
2026-04-19 12:41:36,573 - Epoch 4, Batch 600, lr = 0.00012, final_loss = 4.2000, nll_loss = 4.1280, ref_nll_loss = 4.2720, ivc_loss = 0.0756, neg_loss_1 = 0.0067, neg_loss_2 = 0.0073, ref_loss = 0.0265, div_loss = 0.0070, 0.773 seconds/batch
2026-04-19 12:42:16,393 - Epoch 4, Batch 650, lr = 0.00012, final_loss = 4.2159, nll_loss = 4.1463, ref_nll_loss = 4.2855, ivc_loss = 0.0777, neg_loss_1 = 0.0056, neg_loss_2 = 0.0072, ref_loss = 0.0295, div_loss = 0.0071, 0.775 seconds/batch
2026-04-19 12:42:56,455 - Epoch 4, Batch 700, lr = 0.00012, final_loss = 4.1791, nll_loss = 4.1099, ref_nll_loss = 4.2482, ivc_loss = 0.0835, neg_loss_1 = 0.0039, neg_loss_2 = 0.0086, ref_loss = 0.0286, div_loss = 0.0085, 0.777 seconds/batch
2026-04-19 12:43:36,188 - Epoch 4, Batch 750, lr = 0.00012, final_loss = 4.1985, nll_loss = 4.1283, ref_nll_loss = 4.2688, ivc_loss = 0.0831, neg_loss_1 = 0.0069, neg_loss_2 = 0.0060, ref_loss = 0.0292, div_loss = 0.0082, 0.778 seconds/batch
2026-04-19 12:44:15,906 - Epoch 4, Batch 800, lr = 0.00012, final_loss = 4.1877, nll_loss = 4.1209, ref_nll_loss = 4.2546, ivc_loss = 0.0782, neg_loss_1 = 0.0039, neg_loss_2 = 0.0059, ref_loss = 0.0321, div_loss = 0.0072, 0.779 seconds/batch
2026-04-19 12:44:55,212 - Epoch 4, Batch 850, lr = 0.00012, final_loss = 4.1993, nll_loss = 4.1275, ref_nll_loss = 4.2712, ivc_loss = 0.0764, neg_loss_1 = 0.0060, neg_loss_2 = 0.0063, ref_loss = 0.0280, div_loss = 0.0072, 0.780 seconds/batch
2026-04-19 12:45:34,854 - Epoch 4, Batch 900, lr = 0.00012, final_loss = 4.1913, nll_loss = 4.1225, ref_nll_loss = 4.2601, ivc_loss = 0.0803, neg_loss_1 = 0.0078, neg_loss_2 = 0.0079, ref_loss = 0.0296, div_loss = 0.0070, 0.780 seconds/batch
2026-04-19 12:46:14,595 - Epoch 4, Batch 950, lr = 0.00012, final_loss = 4.1922, nll_loss = 4.1185, ref_nll_loss = 4.2658, ivc_loss = 0.0781, neg_loss_1 = 0.0048, neg_loss_2 = 0.0078, ref_loss = 0.0295, div_loss = 0.0072, 0.781 seconds/batch
2026-04-19 12:46:53,669 - Epoch 4, Batch 1000, lr = 0.00012, final_loss = 4.1972, nll_loss = 4.1233, ref_nll_loss = 4.2711, ivc_loss = 0.0753, neg_loss_1 = 0.0061, neg_loss_2 = 0.0080, ref_loss = 0.0252, div_loss = 0.0072, 0.781 seconds/batch
2026-04-19 12:47:27,562 - Epoch 4, Batch 1050, lr = 0.00012, final_loss = 4.1945, nll_loss = 4.1230, ref_nll_loss = 4.2661, ivc_loss = 0.0786, neg_loss_1 = 0.0045, neg_loss_2 = 0.0069, ref_loss = 0.0299, div_loss = 0.0075, 0.776 seconds/batch
2026-04-19 12:48:01,421 - Epoch 4, Batch 1100, lr = 0.00012, final_loss = 4.1810, nll_loss = 4.1104, ref_nll_loss = 4.2516, ivc_loss = 0.0798, neg_loss_1 = 0.0050, neg_loss_2 = 0.0057, ref_loss = 0.0293, div_loss = 0.0079, 0.772 seconds/batch
2026-04-19 12:48:35,478 - Epoch 4, Batch 1150, lr = 0.00012, final_loss = 4.1673, nll_loss = 4.0956, ref_nll_loss = 4.2389, ivc_loss = 0.0775, neg_loss_1 = 0.0057, neg_loss_2 = 0.0055, ref_loss = 0.0313, div_loss = 0.0070, 0.768 seconds/batch
2026-04-19 12:48:48,806 - Epoch 4, Batch 1170, lr = 0.00012, final_loss = 4.1894, nll_loss = 4.1190, ref_nll_loss = 4.2598, ivc_loss = 0.0781, neg_loss_1 = 0.0071, neg_loss_2 = 0.0043, ref_loss = 0.0289, div_loss = 0.0076, 0.766 seconds/batch
2026-04-19 12:48:48,880 - save model to checkpoints/activitynet_moe/cpl_moe/model-4.pt, num_updates 4680.
2026-04-19 12:52:08,605 - | R@1,mIoU 0.2650 | R@1,IoU@0.1 0.6210 | R@1,IoU@0.3 0.4289 | R@1,IoU@0.5 0.1913 | R@1,IoU@0.7 0.0581 | R@1,IoU@0.9 0.0042 | R@5,mIoU 0.5394 | R@5,IoU@0.1 0.9260 | R@5,IoU@0.3 0.7904 | R@5,IoU@0.5 0.5522 | R@5,IoU@0.7 0.3350 | R@5,IoU@0.9 0.0807 |
2026-04-19 12:52:08,688 - Best results have been updated.
2026-04-19 12:52:08,689 - ============================================================
2026-04-19 12:52:08,689 - Start Epoch 5
2026-04-19 12:52:38,091 - Epoch 5, Batch 50, lr = 0.00012, final_loss = 4.1347, nll_loss = 4.0603, ref_nll_loss = 4.2091, ivc_loss = 0.0796, neg_loss_1 = 0.0063, neg_loss_2 = 0.0118, ref_loss = 0.0263, div_loss = 0.0070, 0.588 seconds/batch
2026-04-19 12:53:15,917 - Epoch 5, Batch 100, lr = 0.00012, final_loss = 4.1288, nll_loss = 4.0585, ref_nll_loss = 4.1991, ivc_loss = 0.0826, neg_loss_1 = 0.0072, neg_loss_2 = 0.0105, ref_loss = 0.0294, div_loss = 0.0071, 0.672 seconds/batch
2026-04-19 12:53:55,978 - Epoch 5, Batch 150, lr = 0.00012, final_loss = 4.1219, nll_loss = 4.0513, ref_nll_loss = 4.1926, ivc_loss = 0.0823, neg_loss_1 = 0.0069, neg_loss_2 = 0.0081, ref_loss = 0.0307, div_loss = 0.0073, 0.715 seconds/batch
2026-04-19 12:54:36,116 - Epoch 5, Batch 200, lr = 0.00011, final_loss = 4.1450, nll_loss = 4.0741, ref_nll_loss = 4.2159, ivc_loss = 0.0818, neg_loss_1 = 0.0079, neg_loss_2 = 0.0092, ref_loss = 0.0293, div_loss = 0.0071, 0.737 seconds/batch
2026-04-19 12:55:15,842 - Epoch 5, Batch 250, lr = 0.00011, final_loss = 4.1423, nll_loss = 4.0720, ref_nll_loss = 4.2126, ivc_loss = 0.0787, neg_loss_1 = 0.0065, neg_loss_2 = 0.0071, ref_loss = 0.0296, div_loss = 0.0071, 0.749 seconds/batch
2026-04-19 12:55:55,512 - Epoch 5, Batch 300, lr = 0.00011, final_loss = 4.1497, nll_loss = 4.0809, ref_nll_loss = 4.2184, ivc_loss = 0.0801, neg_loss_1 = 0.0055, neg_loss_2 = 0.0077, ref_loss = 0.0299, div_loss = 0.0074, 0.756 seconds/batch
2026-04-19 12:56:35,356 - Epoch 5, Batch 350, lr = 0.00011, final_loss = 4.1757, nll_loss = 4.1021, ref_nll_loss = 4.2492, ivc_loss = 0.0801, neg_loss_1 = 0.0079, neg_loss_2 = 0.0099, ref_loss = 0.0274, div_loss = 0.0070, 0.762 seconds/batch
2026-04-19 12:57:15,029 - Epoch 5, Batch 400, lr = 0.00011, final_loss = 4.1375, nll_loss = 4.0644, ref_nll_loss = 4.2105, ivc_loss = 0.0750, neg_loss_1 = 0.0065, neg_loss_2 = 0.0050, ref_loss = 0.0275, div_loss = 0.0072, 0.766 seconds/batch
2026-04-19 12:57:54,823 - Epoch 5, Batch 450, lr = 0.00011, final_loss = 4.1449, nll_loss = 4.0757, ref_nll_loss = 4.2140, ivc_loss = 0.0844, neg_loss_1 = 0.0045, neg_loss_2 = 0.0087, ref_loss = 0.0306, div_loss = 0.0081, 0.769 seconds/batch
2026-04-19 12:58:34,531 - Epoch 5, Batch 500, lr = 0.00011, final_loss = 4.1158, nll_loss = 4.0411, ref_nll_loss = 4.1904, ivc_loss = 0.0749, neg_loss_1 = 0.0042, neg_loss_2 = 0.0056, ref_loss = 0.0279, div_loss = 0.0074, 0.772 seconds/batch
2026-04-19 12:59:14,602 - Epoch 5, Batch 550, lr = 0.00011, final_loss = 4.1359, nll_loss = 4.0623, ref_nll_loss = 4.2095, ivc_loss = 0.0787, neg_loss_1 = 0.0055, neg_loss_2 = 0.0067, ref_loss = 0.0292, div_loss = 0.0075, 0.774 seconds/batch
2026-04-19 12:59:54,601 - Epoch 5, Batch 600, lr = 0.00011, final_loss = 4.1531, nll_loss = 4.0786, ref_nll_loss = 4.2275, ivc_loss = 0.0796, neg_loss_1 = 0.0080, neg_loss_2 = 0.0082, ref_loss = 0.0272, div_loss = 0.0072, 0.777 seconds/batch
2026-04-19 13:00:34,338 - Epoch 5, Batch 650, lr = 0.00011, final_loss = 4.1479, nll_loss = 4.0721, ref_nll_loss = 4.2236, ivc_loss = 0.0758, neg_loss_1 = 0.0068, neg_loss_2 = 0.0078, ref_loss = 0.0265, div_loss = 0.0070, 0.778 seconds/batch
2026-04-19 13:01:14,335 - Epoch 5, Batch 700, lr = 0.00011, final_loss = 4.1463, nll_loss = 4.0755, ref_nll_loss = 4.2172, ivc_loss = 0.0833, neg_loss_1 = 0.0077, neg_loss_2 = 0.0085, ref_loss = 0.0300, div_loss = 0.0074, 0.779 seconds/batch
2026-04-19 13:01:54,048 - Epoch 5, Batch 750, lr = 0.00011, final_loss = 4.1081, nll_loss = 4.0327, ref_nll_loss = 4.1835, ivc_loss = 0.0769, neg_loss_1 = 0.0045, neg_loss_2 = 0.0085, ref_loss = 0.0273, div_loss = 0.0073, 0.780 seconds/batch
2026-04-19 13:02:33,924 - Epoch 5, Batch 800, lr = 0.00011, final_loss = 4.1368, nll_loss = 4.0619, ref_nll_loss = 4.2117, ivc_loss = 0.0809, neg_loss_1 = 0.0059, neg_loss_2 = 0.0102, ref_loss = 0.0292, div_loss = 0.0071, 0.782 seconds/batch
2026-04-19 13:03:13,602 - Epoch 5, Batch 850, lr = 0.00011, final_loss = 4.1353, nll_loss = 4.0627, ref_nll_loss = 4.2080, ivc_loss = 0.0804, neg_loss_1 = 0.0068, neg_loss_2 = 0.0090, ref_loss = 0.0281, div_loss = 0.0073, 0.782 seconds/batch
2026-04-19 13:03:53,056 - Epoch 5, Batch 900, lr = 0.00011, final_loss = 4.1209, nll_loss = 4.0476, ref_nll_loss = 4.1942, ivc_loss = 0.0782, neg_loss_1 = 0.0053, neg_loss_2 = 0.0091, ref_loss = 0.0278, div_loss = 0.0072, 0.783 seconds/batch
2026-04-19 13:04:32,791 - Epoch 5, Batch 950, lr = 0.00011, final_loss = 4.1047, nll_loss = 4.0313, ref_nll_loss = 4.1781, ivc_loss = 0.0789, neg_loss_1 = 0.0055, neg_loss_2 = 0.0075, ref_loss = 0.0299, div_loss = 0.0072, 0.783 seconds/batch
2026-04-19 13:05:11,008 - Epoch 5, Batch 1000, lr = 0.00011, final_loss = 4.1505, nll_loss = 4.0777, ref_nll_loss = 4.2233, ivc_loss = 0.0777, neg_loss_1 = 0.0065, neg_loss_2 = 0.0084, ref_loss = 0.0276, div_loss = 0.0071, 0.782 seconds/batch
2026-04-19 13:05:45,237 - Epoch 5, Batch 1050, lr = 0.00011, final_loss = 4.1363, nll_loss = 4.0633, ref_nll_loss = 4.2094, ivc_loss = 0.0786, neg_loss_1 = 0.0074, neg_loss_2 = 0.0078, ref_loss = 0.0276, div_loss = 0.0072, 0.778 seconds/batch
2026-04-19 13:06:18,958 - Epoch 5, Batch 1100, lr = 0.00011, final_loss = 4.1254, nll_loss = 4.0484, ref_nll_loss = 4.2023, ivc_loss = 0.0778, neg_loss_1 = 0.0068, neg_loss_2 = 0.0106, ref_loss = 0.0250, div_loss = 0.0071, 0.773 seconds/batch
2026-04-19 13:06:53,119 - Epoch 5, Batch 1150, lr = 0.00010, final_loss = 4.1078, nll_loss = 4.0330, ref_nll_loss = 4.1827, ivc_loss = 0.0808, neg_loss_1 = 0.0057, neg_loss_2 = 0.0086, ref_loss = 0.0294, div_loss = 0.0074, 0.769 seconds/batch
2026-04-19 13:07:06,620 - Epoch 5, Batch 1170, lr = 0.00010, final_loss = 4.1474, nll_loss = 4.0740, ref_nll_loss = 4.2207, ivc_loss = 0.0821, neg_loss_1 = 0.0089, neg_loss_2 = 0.0086, ref_loss = 0.0269, div_loss = 0.0075, 0.767 seconds/batch
2026-04-19 13:07:06,692 - save model to checkpoints/activitynet_moe/cpl_moe/model-5.pt, num_updates 5850.
2026-04-19 13:10:25,799 - | R@1,mIoU 0.2771 | R@1,IoU@0.1 0.6530 | R@1,IoU@0.3 0.4693 | R@1,IoU@0.5 0.1921 | R@1,IoU@0.7 0.0585 | R@1,IoU@0.9 0.0059 | R@5,mIoU 0.5262 | R@5,IoU@0.1 0.9231 | R@5,IoU@0.3 0.7827 | R@5,IoU@0.5 0.5306 | R@5,IoU@0.7 0.3160 | R@5,IoU@0.9 0.0730 |
2026-04-19 13:10:25,876 - Best results have been updated.
2026-04-19 13:10:25,876 - ============================================================
2026-04-19 13:10:25,876 - Start Epoch 6
2026-04-19 13:10:55,839 - Epoch 6, Batch 50, lr = 0.00010, final_loss = 4.0777, nll_loss = 4.0029, ref_nll_loss = 4.1525, ivc_loss = 0.0815, neg_loss_1 = 0.0087, neg_loss_2 = 0.0079, ref_loss = 0.0274, div_loss = 0.0075, 0.599 seconds/batch
2026-04-19 13:11:34,513 - Epoch 6, Batch 100, lr = 0.00010, final_loss = 4.0789, nll_loss = 4.0061, ref_nll_loss = 4.1516, ivc_loss = 0.0812, neg_loss_1 = 0.0077, neg_loss_2 = 0.0067, ref_loss = 0.0280, div_loss = 0.0078, 0.686 seconds/batch
2026-04-19 13:12:14,717 - Epoch 6, Batch 150, lr = 0.00010, final_loss = 4.0902, nll_loss = 4.0198, ref_nll_loss = 4.1605, ivc_loss = 0.0896, neg_loss_1 = 0.0089, neg_loss_2 = 0.0106, ref_loss = 0.0322, div_loss = 0.0076, 0.726 seconds/batch
2026-04-19 13:12:54,463 - Epoch 6, Batch 200, lr = 0.00010, final_loss = 4.0874, nll_loss = 4.0119, ref_nll_loss = 4.1629, ivc_loss = 0.0813, neg_loss_1 = 0.0093, neg_loss_2 = 0.0086, ref_loss = 0.0263, div_loss = 0.0074, 0.743 seconds/batch
2026-04-19 13:13:34,134 - Epoch 6, Batch 250, lr = 0.00010, final_loss = 4.0854, nll_loss = 4.0107, ref_nll_loss = 4.1600, ivc_loss = 0.0775, neg_loss_1 = 0.0064, neg_loss_2 = 0.0079, ref_loss = 0.0263, div_loss = 0.0074, 0.753 seconds/batch
2026-04-19 13:14:14,133 - Epoch 6, Batch 300, lr = 0.00010, final_loss = 4.1030, nll_loss = 4.0286, ref_nll_loss = 4.1774, ivc_loss = 0.0804, neg_loss_1 = 0.0066, neg_loss_2 = 0.0102, ref_loss = 0.0281, div_loss = 0.0071, 0.761 seconds/batch
2026-04-19 13:14:53,963 - Epoch 6, Batch 350, lr = 0.00010, final_loss = 4.1078, nll_loss = 4.0310, ref_nll_loss = 4.1845, ivc_loss = 0.0837, neg_loss_1 = 0.0076, neg_loss_2 = 0.0127, ref_loss = 0.0274, div_loss = 0.0072, 0.766 seconds/batch
2026-04-19 13:15:33,666 - Epoch 6, Batch 400, lr = 0.00010, final_loss = 4.0594, nll_loss = 3.9857, ref_nll_loss = 4.1331, ivc_loss = 0.0825, neg_loss_1 = 0.0071, neg_loss_2 = 0.0102, ref_loss = 0.0277, div_loss = 0.0075, 0.769 seconds/batch
2026-04-19 13:16:13,489 - Epoch 6, Batch 450, lr = 0.00010, final_loss = 4.0908, nll_loss = 4.0176, ref_nll_loss = 4.1639, ivc_loss = 0.0820, neg_loss_1 = 0.0067, neg_loss_2 = 0.0108, ref_loss = 0.0283, div_loss = 0.0072, 0.772 seconds/batch
2026-04-19 13:16:53,423 - Epoch 6, Batch 500, lr = 0.00010, final_loss = 4.1029, nll_loss = 4.0293, ref_nll_loss = 4.1765, ivc_loss = 0.0787, neg_loss_1 = 0.0072, neg_loss_2 = 0.0070, ref_loss = 0.0283, div_loss = 0.0072, 0.775 seconds/batch
2026-04-19 13:17:33,419 - Epoch 6, Batch 550, lr = 0.00010, final_loss = 4.0769, nll_loss = 4.0005, ref_nll_loss = 4.1532, ivc_loss = 0.0773, neg_loss_1 = 0.0066, neg_loss_2 = 0.0067, ref_loss = 0.0288, div_loss = 0.0070, 0.777 seconds/batch
2026-04-19 13:18:13,486 - Epoch 6, Batch 600, lr = 0.00010, final_loss = 4.0849, nll_loss = 4.0118, ref_nll_loss = 4.1580, ivc_loss = 0.0826, neg_loss_1 = 0.0074, neg_loss_2 = 0.0093, ref_loss = 0.0284, div_loss = 0.0075, 0.779 seconds/batch
2026-04-19 13:18:53,392 - Epoch 6, Batch 650, lr = 0.00010, final_loss = 4.1048, nll_loss = 4.0305, ref_nll_loss = 4.1790, ivc_loss = 0.0777, neg_loss_1 = 0.0070, neg_loss_2 = 0.0077, ref_loss = 0.0275, div_loss = 0.0071, 0.781 seconds/batch
2026-04-19 13:19:32,936 - Epoch 6, Batch 700, lr = 0.00010, final_loss = 4.0613, nll_loss = 3.9854, ref_nll_loss = 4.1373, ivc_loss = 0.0840, neg_loss_1 = 0.0071, neg_loss_2 = 0.0099, ref_loss = 0.0309, div_loss = 0.0072, 0.782 seconds/batch
2026-04-19 13:20:12,605 - Epoch 6, Batch 750, lr = 0.00010, final_loss = 4.1021, nll_loss = 4.0268, ref_nll_loss = 4.1774, ivc_loss = 0.0789, neg_loss_1 = 0.0065, neg_loss_2 = 0.0084, ref_loss = 0.0277, div_loss = 0.0072, 0.782 seconds/batch
2026-04-19 13:20:52,354 - Epoch 6, Batch 800, lr = 0.00010, final_loss = 4.0750, nll_loss = 3.9987, ref_nll_loss = 4.1513, ivc_loss = 0.0795, neg_loss_1 = 0.0075, neg_loss_2 = 0.0094, ref_loss = 0.0273, div_loss = 0.0071, 0.783 seconds/batch
2026-04-19 13:21:32,062 - Epoch 6, Batch 850, lr = 0.00010, final_loss = 4.0973, nll_loss = 4.0245, ref_nll_loss = 4.1701, ivc_loss = 0.0811, neg_loss_1 = 0.0080, neg_loss_2 = 0.0079, ref_loss = 0.0292, div_loss = 0.0072, 0.784 seconds/batch
2026-04-19 13:22:11,643 - Epoch 6, Batch 900, lr = 0.00010, final_loss = 4.0699, nll_loss = 3.9938, ref_nll_loss = 4.1460, ivc_loss = 0.0793, neg_loss_1 = 0.0073, neg_loss_2 = 0.0077, ref_loss = 0.0273, div_loss = 0.0074, 0.784 seconds/batch
2026-04-19 13:22:50,805 - Epoch 6, Batch 950, lr = 0.00010, final_loss = 4.0871, nll_loss = 4.0119, ref_nll_loss = 4.1623, ivc_loss = 0.0816, neg_loss_1 = 0.0068, neg_loss_2 = 0.0083, ref_loss = 0.0277, div_loss = 0.0078, 0.784 seconds/batch
2026-04-19 13:23:27,783 - Epoch 6, Batch 1000, lr = 0.00010, final_loss = 4.0955, nll_loss = 4.0186, ref_nll_loss = 4.1724, ivc_loss = 0.0791, neg_loss_1 = 0.0066, neg_loss_2 = 0.0097, ref_loss = 0.0265, div_loss = 0.0073, 0.782 seconds/batch
2026-04-19 13:24:01,402 - Epoch 6, Batch 1050, lr = 0.00010, final_loss = 4.0875, nll_loss = 4.0128, ref_nll_loss = 4.1623, ivc_loss = 0.0796, neg_loss_1 = 0.0062, neg_loss_2 = 0.0080, ref_loss = 0.0284, div_loss = 0.0074, 0.777 seconds/batch
2026-04-19 13:24:35,123 - Epoch 6, Batch 1100, lr = 0.00010, final_loss = 4.0784, nll_loss = 4.0039, ref_nll_loss = 4.1528, ivc_loss = 0.0778, neg_loss_1 = 0.0054, neg_loss_2 = 0.0082, ref_loss = 0.0271, div_loss = 0.0074, 0.772 seconds/batch
2026-04-19 13:25:09,171 - Epoch 6, Batch 1150, lr = 0.00010, final_loss = 4.1065, nll_loss = 4.0304, ref_nll_loss = 4.1826, ivc_loss = 0.0760, neg_loss_1 = 0.0060, neg_loss_2 = 0.0072, ref_loss = 0.0260, div_loss = 0.0074, 0.768 seconds/batch
2026-04-19 13:25:22,341 - Epoch 6, Batch 1170, lr = 0.00010, final_loss = 4.0783, nll_loss = 4.0019, ref_nll_loss = 4.1548, ivc_loss = 0.0809, neg_loss_1 = 0.0094, neg_loss_2 = 0.0085, ref_loss = 0.0263, div_loss = 0.0074, 0.766 seconds/batch
2026-04-19 13:25:22,416 - save model to checkpoints/activitynet_moe/cpl_moe/model-6.pt, num_updates 7020.
2026-04-19 13:28:42,521 - | R@1,mIoU 0.2841 | R@1,IoU@0.1 0.6829 | R@1,IoU@0.3 0.4777 | R@1,IoU@0.5 0.1881 | R@1,IoU@0.7 0.0527 | R@1,IoU@0.9 0.0038 | R@5,mIoU 0.5290 | R@5,IoU@0.1 0.9221 | R@5,IoU@0.3 0.7819 | R@5,IoU@0.5 0.5352 | R@5,IoU@0.7 0.3236 | R@5,IoU@0.9 0.0727 |
2026-04-19 13:28:42,598 - Best results have been updated.
2026-04-19 13:28:42,598 - ============================================================
2026-04-19 13:28:42,598 - Start Epoch 7
2026-04-19 13:29:13,189 - Epoch 7, Batch 50, lr = 0.00010, final_loss = 4.0532, nll_loss = 3.9781, ref_nll_loss = 4.1284, ivc_loss = 0.0829, neg_loss_1 = 0.0067, neg_loss_2 = 0.0115, ref_loss = 0.0276, div_loss = 0.0074, 0.612 seconds/batch
2026-04-19 13:29:52,291 - Epoch 7, Batch 100, lr = 0.00009, final_loss = 4.0401, nll_loss = 3.9620, ref_nll_loss = 4.1182, ivc_loss = 0.0778, neg_loss_1 = 0.0065, neg_loss_2 = 0.0081, ref_loss = 0.0266, div_loss = 0.0073, 0.697 seconds/batch
2026-04-19 13:30:32,014 - Epoch 7, Batch 150, lr = 0.00009, final_loss = 4.0569, nll_loss = 3.9783, ref_nll_loss = 4.1355, ivc_loss = 0.0799, neg_loss_1 = 0.0090, neg_loss_2 = 0.0083, ref_loss = 0.0262, div_loss = 0.0073, 0.729 seconds/batch
2026-04-19 13:31:11,826 - Epoch 7, Batch 200, lr = 0.00009, final_loss = 4.0324, nll_loss = 3.9566, ref_nll_loss = 4.1082, ivc_loss = 0.0786, neg_loss_1 = 0.0063, neg_loss_2 = 0.0080, ref_loss = 0.0277, div_loss = 0.0073, 0.746 seconds/batch
2026-04-19 13:31:51,189 - Epoch 7, Batch 250, lr = 0.00009, final_loss = 4.0600, nll_loss = 3.9823, ref_nll_loss = 4.1377, ivc_loss = 0.0808, neg_loss_1 = 0.0074, neg_loss_2 = 0.0107, ref_loss = 0.0261, div_loss = 0.0073, 0.754 seconds/batch
2026-04-19 13:32:31,023 - Epoch 7, Batch 300, lr = 0.00009, final_loss = 4.0352, nll_loss = 3.9563, ref_nll_loss = 4.1142, ivc_loss = 0.0799, neg_loss_1 = 0.0074, neg_loss_2 = 0.0102, ref_loss = 0.0251, div_loss = 0.0074, 0.761 seconds/batch
2026-04-19 13:33:10,805 - Epoch 7, Batch 350, lr = 0.00009, final_loss = 4.0561, nll_loss = 3.9826, ref_nll_loss = 4.1296, ivc_loss = 0.0844, neg_loss_1 = 0.0082, neg_loss_2 = 0.0087, ref_loss = 0.0300, div_loss = 0.0075, 0.766 seconds/batch
2026-04-19 13:33:50,776 - Epoch 7, Batch 400, lr = 0.00009, final_loss = 4.0909, nll_loss = 4.0137, ref_nll_loss = 4.1681, ivc_loss = 0.0825, neg_loss_1 = 0.0090, neg_loss_2 = 0.0084, ref_loss = 0.0275, div_loss = 0.0075, 0.770 seconds/batch
2026-04-19 13:34:30,609 - Epoch 7, Batch 450, lr = 0.00009, final_loss = 4.0549, nll_loss = 3.9811, ref_nll_loss = 4.1287, ivc_loss = 0.0845, neg_loss_1 = 0.0072, neg_loss_2 = 0.0108, ref_loss = 0.0293, div_loss = 0.0074, 0.773 seconds/batch
2026-04-19 13:35:10,393 - Epoch 7, Batch 500, lr = 0.00009, final_loss = 4.0498, nll_loss = 3.9757, ref_nll_loss = 4.1240, ivc_loss = 0.0824, neg_loss_1 = 0.0060, neg_loss_2 = 0.0114, ref_loss = 0.0285, div_loss = 0.0073, 0.776 seconds/batch
2026-04-19 13:35:50,371 - Epoch 7, Batch 550, lr = 0.00009, final_loss = 4.0726, nll_loss = 3.9959, ref_nll_loss = 4.1492, ivc_loss = 0.0795, neg_loss_1 = 0.0063, neg_loss_2 = 0.0105, ref_loss = 0.0264, div_loss = 0.0073, 0.778 seconds/batch
2026-04-19 13:36:30,290 - Epoch 7, Batch 600, lr = 0.00009, final_loss = 4.0690, nll_loss = 3.9902, ref_nll_loss = 4.1478, ivc_loss = 0.0804, neg_loss_1 = 0.0081, neg_loss_2 = 0.0083, ref_loss = 0.0265, div_loss = 0.0075, 0.779 seconds/batch
2026-04-19 13:37:10,434 - Epoch 7, Batch 650, lr = 0.00009, final_loss = 4.0699, nll_loss = 3.9949, ref_nll_loss = 4.1450, ivc_loss = 0.0838, neg_loss_1 = 0.0063, neg_loss_2 = 0.0107, ref_loss = 0.0290, div_loss = 0.0076, 0.781 seconds/batch
2026-04-19 13:37:50,333 - Epoch 7, Batch 700, lr = 0.00009, final_loss = 4.0477, nll_loss = 3.9675, ref_nll_loss = 4.1278, ivc_loss = 0.0783, neg_loss_1 = 0.0069, neg_loss_2 = 0.0077, ref_loss = 0.0260, div_loss = 0.0075, 0.782 seconds/batch
2026-04-19 13:38:30,425 - Epoch 7, Batch 750, lr = 0.00009, final_loss = 4.0729, nll_loss = 3.9916, ref_nll_loss = 4.1542, ivc_loss = 0.0799, neg_loss_1 = 0.0089, neg_loss_2 = 0.0090, ref_loss = 0.0244, div_loss = 0.0075, 0.784 seconds/batch
2026-04-19 13:39:09,978 - Epoch 7, Batch 800, lr = 0.00009, final_loss = 4.0442, nll_loss = 3.9671, ref_nll_loss = 4.1213, ivc_loss = 0.0827, neg_loss_1 = 0.0077, neg_loss_2 = 0.0086, ref_loss = 0.0302, div_loss = 0.0073, 0.784 seconds/batch
2026-04-19 13:39:49,982 - Epoch 7, Batch 850, lr = 0.00009, final_loss = 4.0683, nll_loss = 3.9937, ref_nll_loss = 4.1429, ivc_loss = 0.0835, neg_loss_1 = 0.0068, neg_loss_2 = 0.0098, ref_loss = 0.0286, div_loss = 0.0077, 0.785 seconds/batch
2026-04-19 13:40:29,754 - Epoch 7, Batch 900, lr = 0.00009, final_loss = 4.0508, nll_loss = 3.9743, ref_nll_loss = 4.1273, ivc_loss = 0.0807, neg_loss_1 = 0.0061, neg_loss_2 = 0.0087, ref_loss = 0.0278, div_loss = 0.0076, 0.786 seconds/batch
2026-04-19 13:41:09,692 - Epoch 7, Batch 950, lr = 0.00009, final_loss = 4.0642, nll_loss = 3.9852, ref_nll_loss = 4.1432, ivc_loss = 0.0773, neg_loss_1 = 0.0074, neg_loss_2 = 0.0063, ref_loss = 0.0264, div_loss = 0.0074, 0.786 seconds/batch
2026-04-19 13:41:45,942 - Epoch 7, Batch 1000, lr = 0.00009, final_loss = 4.0559, nll_loss = 3.9786, ref_nll_loss = 4.1332, ivc_loss = 0.0787, neg_loss_1 = 0.0078, neg_loss_2 = 0.0094, ref_loss = 0.0248, div_loss = 0.0073, 0.783 seconds/batch
2026-04-19 13:42:19,916 - Epoch 7, Batch 1050, lr = 0.00009, final_loss = 4.0138, nll_loss = 3.9375, ref_nll_loss = 4.0900, ivc_loss = 0.0867, neg_loss_1 = 0.0095, neg_loss_2 = 0.0106, ref_loss = 0.0290, div_loss = 0.0075, 0.778 seconds/batch
2026-04-19 13:42:53,801 - Epoch 7, Batch 1100, lr = 0.00009, final_loss = 4.0570, nll_loss = 3.9791, ref_nll_loss = 4.1348, ivc_loss = 0.0788, neg_loss_1 = 0.0060, neg_loss_2 = 0.0078, ref_loss = 0.0263, div_loss = 0.0077, 0.774 seconds/batch
2026-04-19 13:43:27,581 - Epoch 7, Batch 1150, lr = 0.00009, final_loss = 3.9901, nll_loss = 3.9129, ref_nll_loss = 4.0672, ivc_loss = 0.0810, neg_loss_1 = 0.0075, neg_loss_2 = 0.0103, ref_loss = 0.0261, div_loss = 0.0074, 0.770 seconds/batch
2026-04-19 13:43:41,048 - Epoch 7, Batch 1170, lr = 0.00009, final_loss = 4.0631, nll_loss = 3.9860, ref_nll_loss = 4.1403, ivc_loss = 0.0806, neg_loss_1 = 0.0080, neg_loss_2 = 0.0072, ref_loss = 0.0289, div_loss = 0.0073, 0.768 seconds/batch
2026-04-19 13:43:41,122 - save model to checkpoints/activitynet_moe/cpl_moe/model-7.pt, num_updates 8190.
2026-04-19 13:47:00,575 - | R@1,mIoU 0.2893 | R@1,IoU@0.1 0.6937 | R@1,IoU@0.3 0.4873 | R@1,IoU@0.5 0.1969 | R@1,IoU@0.7 0.0569 | R@1,IoU@0.9 0.0043 | R@5,mIoU 0.5223 | R@5,IoU@0.1 0.9204 | R@5,IoU@0.3 0.7779 | R@5,IoU@0.5 0.5281 | R@5,IoU@0.7 0.3102 | R@5,IoU@0.9 0.0669 |
2026-04-19 13:47:00,647 - Best results have been updated.
2026-04-19 13:47:00,647 - ============================================================
2026-04-19 13:47:00,647 - Start Epoch 8
2026-04-19 13:47:31,418 - Epoch 8, Batch 50, lr = 0.00009, final_loss = 4.0287, nll_loss = 3.9496, ref_nll_loss = 4.1077, ivc_loss = 0.0843, neg_loss_1 = 0.0095, neg_loss_2 = 0.0107, ref_loss = 0.0259, div_loss = 0.0076, 0.615 seconds/batch
2026-04-19 13:48:10,807 - Epoch 8, Batch 100, lr = 0.00009, final_loss = 4.0202, nll_loss = 3.9409, ref_nll_loss = 4.0995, ivc_loss = 0.0805, neg_loss_1 = 0.0080, neg_loss_2 = 0.0105, ref_loss = 0.0255, div_loss = 0.0073, 0.702 seconds/batch
2026-04-19 13:48:50,874 - Epoch 8, Batch 150, lr = 0.00009, final_loss = 4.0137, nll_loss = 3.9325, ref_nll_loss = 4.0949, ivc_loss = 0.0829, neg_loss_1 = 0.0087, neg_loss_2 = 0.0108, ref_loss = 0.0262, div_loss = 0.0074, 0.735 seconds/batch
2026-04-19 13:49:30,630 - Epoch 8, Batch 200, lr = 0.00009, final_loss = 4.0272, nll_loss = 3.9474, ref_nll_loss = 4.1069, ivc_loss = 0.0816, neg_loss_1 = 0.0074, neg_loss_2 = 0.0109, ref_loss = 0.0254, div_loss = 0.0076, 0.750 seconds/batch
2026-04-19 13:50:10,120 - Epoch 8, Batch 250, lr = 0.00009, final_loss = 4.0239, nll_loss = 3.9451, ref_nll_loss = 4.1028, ivc_loss = 0.0814, neg_loss_1 = 0.0087, neg_loss_2 = 0.0095, ref_loss = 0.0261, div_loss = 0.0074, 0.758 seconds/batch
2026-04-19 13:50:50,171 - Epoch 8, Batch 300, lr = 0.00009, final_loss = 4.0242, nll_loss = 3.9461, ref_nll_loss = 4.1024, ivc_loss = 0.0855, neg_loss_1 = 0.0098, neg_loss_2 = 0.0116, ref_loss = 0.0269, div_loss = 0.0074, 0.765 seconds/batch
2026-04-19 13:51:29,704 - Epoch 8, Batch 350, lr = 0.00009, final_loss = 4.0045, nll_loss = 3.9242, ref_nll_loss = 4.0849, ivc_loss = 0.0830, neg_loss_1 = 0.0097, neg_loss_2 = 0.0097, ref_loss = 0.0262, div_loss = 0.0075, 0.769 seconds/batch
2026-04-19 13:52:09,062 - Epoch 8, Batch 400, lr = 0.00009, final_loss = 4.0299, nll_loss = 3.9500, ref_nll_loss = 4.1099, ivc_loss = 0.0801, neg_loss_1 = 0.0068, neg_loss_2 = 0.0087, ref_loss = 0.0267, div_loss = 0.0076, 0.771 seconds/batch
2026-04-19 13:52:49,216 - Epoch 8, Batch 450, lr = 0.00009, final_loss = 3.9903, nll_loss = 3.9097, ref_nll_loss = 4.0709, ivc_loss = 0.0802, neg_loss_1 = 0.0066, neg_loss_2 = 0.0088, ref_loss = 0.0264, div_loss = 0.0077, 0.775 seconds/batch
2026-04-19 13:53:29,171 - Epoch 8, Batch 500, lr = 0.00009, final_loss = 4.0309, nll_loss = 3.9512, ref_nll_loss = 4.1107, ivc_loss = 0.0829, neg_loss_1 = 0.0099, neg_loss_2 = 0.0106, ref_loss = 0.0251, div_loss = 0.0075, 0.777 seconds/batch
2026-04-19 13:54:09,186 - Epoch 8, Batch 550, lr = 0.00009, final_loss = 4.0289, nll_loss = 3.9506, ref_nll_loss = 4.1073, ivc_loss = 0.0801, neg_loss_1 = 0.0078, neg_loss_2 = 0.0085, ref_loss = 0.0255, div_loss = 0.0076, 0.779 seconds/batch
2026-04-19 13:54:48,984 - Epoch 8, Batch 600, lr = 0.00009, final_loss = 4.0372, nll_loss = 3.9586, ref_nll_loss = 4.1157, ivc_loss = 0.0814, neg_loss_1 = 0.0074, neg_loss_2 = 0.0086, ref_loss = 0.0277, div_loss = 0.0075, 0.781 seconds/batch
2026-04-19 13:55:28,747 - Epoch 8, Batch 650, lr = 0.00009, final_loss = 4.0385, nll_loss = 3.9614, ref_nll_loss = 4.1156, ivc_loss = 0.0835, neg_loss_1 = 0.0090, neg_loss_2 = 0.0089, ref_loss = 0.0264, div_loss = 0.0079, 0.782 seconds/batch
2026-04-19 13:56:08,862 - Epoch 8, Batch 700, lr = 0.00008, final_loss = 4.0131, nll_loss = 3.9323, ref_nll_loss = 4.0940, ivc_loss = 0.0789, neg_loss_1 = 0.0085, neg_loss_2 = 0.0077, ref_loss = 0.0247, div_loss = 0.0076, 0.783 seconds/batch
2026-04-19 13:56:48,733 - Epoch 8, Batch 750, lr = 0.00008, final_loss = 4.0610, nll_loss = 3.9814, ref_nll_loss = 4.1406, ivc_loss = 0.0835, neg_loss_1 = 0.0089, neg_loss_2 = 0.0109, ref_loss = 0.0267, div_loss = 0.0074, 0.784 seconds/batch
2026-04-19 13:57:28,689 - Epoch 8, Batch 800, lr = 0.00008, final_loss = 4.0322, nll_loss = 3.9519, ref_nll_loss = 4.1125, ivc_loss = 0.0818, neg_loss_1 = 0.0089, neg_loss_2 = 0.0122, ref_loss = 0.0249, div_loss = 0.0072, 0.785 seconds/batch
2026-04-19 13:58:08,886 - Epoch 8, Batch 850, lr = 0.00008, final_loss = 4.0000, nll_loss = 3.9211, ref_nll_loss = 4.0789, ivc_loss = 0.0823, neg_loss_1 = 0.0092, neg_loss_2 = 0.0092, ref_loss = 0.0254, div_loss = 0.0077, 0.786 seconds/batch
2026-04-19 13:58:48,572 - Epoch 8, Batch 900, lr = 0.00008, final_loss = 4.0000, nll_loss = 3.9224, ref_nll_loss = 4.0775, ivc_loss = 0.0831, neg_loss_1 = 0.0098, neg_loss_2 = 0.0119, ref_loss = 0.0251, div_loss = 0.0073, 0.787 seconds/batch
2026-04-19 13:59:28,263 - Epoch 8, Batch 950, lr = 0.00008, final_loss = 4.0091, nll_loss = 3.9319, ref_nll_loss = 4.0863, ivc_loss = 0.0827, neg_loss_1 = 0.0085, neg_loss_2 = 0.0087, ref_loss = 0.0287, div_loss = 0.0073, 0.787 seconds/batch
2026-04-19 14:00:02,907 - Epoch 8, Batch 1000, lr = 0.00008, final_loss = 4.0052, nll_loss = 3.9248, ref_nll_loss = 4.0856, ivc_loss = 0.0792, neg_loss_1 = 0.0077, neg_loss_2 = 0.0093, ref_loss = 0.0250, div_loss = 0.0074, 0.782 seconds/batch
2026-04-19 14:00:36,974 - Epoch 8, Batch 1050, lr = 0.00008, final_loss = 4.0360, nll_loss = 3.9564, ref_nll_loss = 4.1156, ivc_loss = 0.0829, neg_loss_1 = 0.0100, neg_loss_2 = 0.0095, ref_loss = 0.0258, div_loss = 0.0075, 0.777 seconds/batch
2026-04-19 14:01:11,131 - Epoch 8, Batch 1100, lr = 0.00008, final_loss = 4.0134, nll_loss = 3.9327, ref_nll_loss = 4.0941, ivc_loss = 0.0803, neg_loss_1 = 0.0092, neg_loss_2 = 0.0092, ref_loss = 0.0252, div_loss = 0.0073, 0.773 seconds/batch
2026-04-19 14:01:45,024 - Epoch 8, Batch 1150, lr = 0.00008, final_loss = 4.0296, nll_loss = 3.9491, ref_nll_loss = 4.1100, ivc_loss = 0.0844, neg_loss_1 = 0.0111, neg_loss_2 = 0.0100, ref_loss = 0.0260, div_loss = 0.0074, 0.769 seconds/batch
2026-04-19 14:01:58,464 - Epoch 8, Batch 1170, lr = 0.00008, final_loss = 4.0330, nll_loss = 3.9564, ref_nll_loss = 4.1097, ivc_loss = 0.0834, neg_loss_1 = 0.0096, neg_loss_2 = 0.0110, ref_loss = 0.0264, div_loss = 0.0073, 0.767 seconds/batch
2026-04-19 14:01:58,540 - save model to checkpoints/activitynet_moe/cpl_moe/model-8.pt, num_updates 9360.
2026-04-19 14:05:19,250 - | R@1,mIoU 0.2868 | R@1,IoU@0.1 0.6883 | R@1,IoU@0.3 0.4916 | R@1,IoU@0.5 0.1904 | R@1,IoU@0.7 0.0526 | R@1,IoU@0.9 0.0045 | R@5,mIoU 0.5270 | R@5,IoU@0.1 0.9211 | R@5,IoU@0.3 0.7829 | R@5,IoU@0.5 0.5333 | R@5,IoU@0.7 0.3208 | R@5,IoU@0.9 0.0723 |
2026-04-19 14:05:19,250 - ============================================================
2026-04-19 14:05:19,250 - Start Epoch 9
2026-04-19 14:05:51,202 - Epoch 9, Batch 50, lr = 0.00008, final_loss = 3.9643, nll_loss = 3.8854, ref_nll_loss = 4.0432, ivc_loss = 0.0845, neg_loss_1 = 0.0084, neg_loss_2 = 0.0111, ref_loss = 0.0274, div_loss = 0.0075, 0.639 seconds/batch
2026-04-19 14:06:30,964 - Epoch 9, Batch 100, lr = 0.00008, final_loss = 4.0000, nll_loss = 3.9185, ref_nll_loss = 4.0815, ivc_loss = 0.0813, neg_loss_1 = 0.0088, neg_loss_2 = 0.0093, ref_loss = 0.0255, div_loss = 0.0075, 0.717 seconds/batch
2026-04-19 14:07:10,489 - Epoch 9, Batch 150, lr = 0.00008, final_loss = 3.9765, nll_loss = 3.8961, ref_nll_loss = 4.0570, ivc_loss = 0.0822, neg_loss_1 = 0.0082, neg_loss_2 = 0.0087, ref_loss = 0.0261, div_loss = 0.0078, 0.742 seconds/batch
2026-04-19 14:07:50,325 - Epoch 9, Batch 200, lr = 0.00008, final_loss = 3.9720, nll_loss = 3.8913, ref_nll_loss = 4.0528, ivc_loss = 0.0792, neg_loss_1 = 0.0088, neg_loss_2 = 0.0092, ref_loss = 0.0244, div_loss = 0.0074, 0.755 seconds/batch
2026-04-19 14:08:30,654 - Epoch 9, Batch 250, lr = 0.00008, final_loss = 4.0016, nll_loss = 3.9234, ref_nll_loss = 4.0798, ivc_loss = 0.0841, neg_loss_1 = 0.0089, neg_loss_2 = 0.0104, ref_loss = 0.0283, div_loss = 0.0073, 0.766 seconds/batch
2026-04-19 14:09:10,150 - Epoch 9, Batch 300, lr = 0.00008, final_loss = 3.9946, nll_loss = 3.9162, ref_nll_loss = 4.0730, ivc_loss = 0.0825, neg_loss_1 = 0.0074, neg_loss_2 = 0.0087, ref_loss = 0.0285, div_loss = 0.0076, 0.770 seconds/batch
2026-04-19 14:09:49,515 - Epoch 9, Batch 350, lr = 0.00008, final_loss = 3.9933, nll_loss = 3.9148, ref_nll_loss = 4.0717, ivc_loss = 0.0904, neg_loss_1 = 0.0128, neg_loss_2 = 0.0127, ref_loss = 0.0271, div_loss = 0.0076, 0.772 seconds/batch
2026-04-19 14:10:29,494 - Epoch 9, Batch 400, lr = 0.00008, final_loss = 3.9751, nll_loss = 3.8941, ref_nll_loss = 4.0562, ivc_loss = 0.0845, neg_loss_1 = 0.0105, neg_loss_2 = 0.0108, ref_loss = 0.0261, div_loss = 0.0074, 0.776 seconds/batch
2026-04-19 14:11:09,683 - Epoch 9, Batch 450, lr = 0.00008, final_loss = 3.9941, nll_loss = 3.9150, ref_nll_loss = 4.0731, ivc_loss = 0.0866, neg_loss_1 = 0.0100, neg_loss_2 = 0.0116, ref_loss = 0.0284, div_loss = 0.0073, 0.779 seconds/batch
2026-04-19 14:11:49,658 - Epoch 9, Batch 500, lr = 0.00008, final_loss = 4.0100, nll_loss = 3.9293, ref_nll_loss = 4.0907, ivc_loss = 0.0858, neg_loss_1 = 0.0104, neg_loss_2 = 0.0124, ref_loss = 0.0259, div_loss = 0.0074, 0.781 seconds/batch
2026-04-19 14:12:28,975 - Epoch 9, Batch 550, lr = 0.00008, final_loss = 3.9514, nll_loss = 3.8720, ref_nll_loss = 4.0307, ivc_loss = 0.0858, neg_loss_1 = 0.0093, neg_loss_2 = 0.0094, ref_loss = 0.0268, div_loss = 0.0081, 0.781 seconds/batch
2026-04-19 14:13:09,077 - Epoch 9, Batch 600, lr = 0.00008, final_loss = 4.0157, nll_loss = 3.9393, ref_nll_loss = 4.0920, ivc_loss = 0.0836, neg_loss_1 = 0.0083, neg_loss_2 = 0.0087, ref_loss = 0.0280, div_loss = 0.0077, 0.783 seconds/batch
2026-04-19 14:13:49,294 - Epoch 9, Batch 650, lr = 0.00008, final_loss = 4.0018, nll_loss = 3.9210, ref_nll_loss = 4.0826, ivc_loss = 0.0868, neg_loss_1 = 0.0098, neg_loss_2 = 0.0127, ref_loss = 0.0260, div_loss = 0.0077, 0.785 seconds/batch
2026-04-19 14:14:29,300 - Epoch 9, Batch 700, lr = 0.00008, final_loss = 4.0082, nll_loss = 3.9283, ref_nll_loss = 4.0881, ivc_loss = 0.0821, neg_loss_1 = 0.0085, neg_loss_2 = 0.0083, ref_loss = 0.0271, div_loss = 0.0077, 0.786 seconds/batch
2026-04-19 14:15:09,133 - Epoch 9, Batch 750, lr = 0.00008, final_loss = 4.0361, nll_loss = 3.9517, ref_nll_loss = 4.1205, ivc_loss = 0.0820, neg_loss_1 = 0.0086, neg_loss_2 = 0.0095, ref_loss = 0.0265, div_loss = 0.0075, 0.787 seconds/batch
2026-04-19 14:15:49,108 - Epoch 9, Batch 800, lr = 0.00008, final_loss = 3.9793, nll_loss = 3.8964, ref_nll_loss = 4.0621, ivc_loss = 0.0820, neg_loss_1 = 0.0082, neg_loss_2 = 0.0106, ref_loss = 0.0254, div_loss = 0.0076, 0.787 seconds/batch
2026-04-19 14:16:28,982 - Epoch 9, Batch 850, lr = 0.00008, final_loss = 3.9913, nll_loss = 3.9091, ref_nll_loss = 4.0734, ivc_loss = 0.0814, neg_loss_1 = 0.0097, neg_loss_2 = 0.0113, ref_loss = 0.0234, div_loss = 0.0074, 0.788 seconds/batch
2026-04-19 14:17:08,710 - Epoch 9, Batch 900, lr = 0.00008, final_loss = 3.9752, nll_loss = 3.8953, ref_nll_loss = 4.0551, ivc_loss = 0.0856, neg_loss_1 = 0.0108, neg_loss_2 = 0.0084, ref_loss = 0.0281, div_loss = 0.0076, 0.788 seconds/batch
2026-04-19 14:17:47,647 - Epoch 9, Batch 950, lr = 0.00008, final_loss = 4.0011, nll_loss = 3.9215, ref_nll_loss = 4.0806, ivc_loss = 0.0848, neg_loss_1 = 0.0099, neg_loss_2 = 0.0103, ref_loss = 0.0266, div_loss = 0.0076, 0.788 seconds/batch
2026-04-19 14:18:21,034 - Epoch 9, Batch 1000, lr = 0.00008, final_loss = 3.9886, nll_loss = 3.9067, ref_nll_loss = 4.0706, ivc_loss = 0.0820, neg_loss_1 = 0.0084, neg_loss_2 = 0.0105, ref_loss = 0.0254, div_loss = 0.0075, 0.782 seconds/batch
2026-04-19 14:18:55,026 - Epoch 9, Batch 1050, lr = 0.00008, final_loss = 3.9970, nll_loss = 3.9181, ref_nll_loss = 4.0758, ivc_loss = 0.0851, neg_loss_1 = 0.0099, neg_loss_2 = 0.0095, ref_loss = 0.0281, div_loss = 0.0075, 0.777 seconds/batch
2026-04-19 14:19:29,149 - Epoch 9, Batch 1100, lr = 0.00008, final_loss = 4.0039, nll_loss = 3.9234, ref_nll_loss = 4.0845, ivc_loss = 0.0803, neg_loss_1 = 0.0071, neg_loss_2 = 0.0110, ref_loss = 0.0251, div_loss = 0.0074, 0.773 seconds/batch
2026-04-19 14:20:03,276 - Epoch 9, Batch 1150, lr = 0.00008, final_loss = 4.0008, nll_loss = 3.9202, ref_nll_loss = 4.0815, ivc_loss = 0.0839, neg_loss_1 = 0.0096, neg_loss_2 = 0.0086, ref_loss = 0.0274, div_loss = 0.0077, 0.769 seconds/batch
2026-04-19 14:20:16,887 - Epoch 9, Batch 1170, lr = 0.00008, final_loss = 3.9548, nll_loss = 3.8704, ref_nll_loss = 4.0391, ivc_loss = 0.0848, neg_loss_1 = 0.0116, neg_loss_2 = 0.0059, ref_loss = 0.0262, div_loss = 0.0082, 0.767 seconds/batch
2026-04-19 14:20:16,958 - save model to checkpoints/activitynet_moe/cpl_moe/model-9.pt, num_updates 10530.
2026-04-19 14:23:37,479 - | R@1,mIoU 0.2932 | R@1,IoU@0.1 0.6755 | R@1,IoU@0.3 0.4944 | R@1,IoU@0.5 0.2140 | R@1,IoU@0.7 0.0696 | R@1,IoU@0.9 0.0078 | R@5,mIoU 0.5304 | R@5,IoU@0.1 0.9260 | R@5,IoU@0.3 0.7909 | R@5,IoU@0.5 0.5431 | R@5,IoU@0.7 0.3201 | R@5,IoU@0.9 0.0701 |
2026-04-19 14:23:37,555 - Best results have been updated.
2026-04-19 14:23:37,555 - ============================================================
2026-04-19 14:23:37,556 - Start Epoch 10
2026-04-19 14:24:10,913 - Epoch 10, Batch 50, lr = 0.00008, final_loss = 3.9313, nll_loss = 3.8464, ref_nll_loss = 4.0163, ivc_loss = 0.0819, neg_loss_1 = 0.0090, neg_loss_2 = 0.0110, ref_loss = 0.0241, div_loss = 0.0076, 0.667 seconds/batch
2026-04-19 14:24:50,724 - Epoch 10, Batch 100, lr = 0.00008, final_loss = 3.9720, nll_loss = 3.8911, ref_nll_loss = 4.0529, ivc_loss = 0.0850, neg_loss_1 = 0.0099, neg_loss_2 = 0.0114, ref_loss = 0.0257, div_loss = 0.0076, 0.732 seconds/batch
2026-04-19 14:25:30,820 - Epoch 10, Batch 150, lr = 0.00008, final_loss = 3.9507, nll_loss = 3.8693, ref_nll_loss = 4.0321, ivc_loss = 0.0875, neg_loss_1 = 0.0121, neg_loss_2 = 0.0113, ref_loss = 0.0258, div_loss = 0.0077, 0.755 seconds/batch
2026-04-19 14:26:10,781 - Epoch 10, Batch 200, lr = 0.00008, final_loss = 3.9942, nll_loss = 3.9104, ref_nll_loss = 4.0780, ivc_loss = 0.0848, neg_loss_1 = 0.0112, neg_loss_2 = 0.0103, ref_loss = 0.0250, div_loss = 0.0077, 0.766 seconds/batch
2026-04-19 14:26:50,600 - Epoch 10, Batch 250, lr = 0.00008, final_loss = 3.9753, nll_loss = 3.8941, ref_nll_loss = 4.0564, ivc_loss = 0.0867, neg_loss_1 = 0.0111, neg_loss_2 = 0.0126, ref_loss = 0.0252, div_loss = 0.0075, 0.772 seconds/batch
2026-04-19 14:27:30,435 - Epoch 10, Batch 300, lr = 0.00008, final_loss = 3.9583, nll_loss = 3.8734, ref_nll_loss = 4.0432, ivc_loss = 0.0869, neg_loss_1 = 0.0104, neg_loss_2 = 0.0114, ref_loss = 0.0246, div_loss = 0.0081, 0.776 seconds/batch
2026-04-19 14:28:10,406 - Epoch 10, Batch 350, lr = 0.00008, final_loss = 3.9770, nll_loss = 3.8943, ref_nll_loss = 4.0596, ivc_loss = 0.0833, neg_loss_1 = 0.0093, neg_loss_2 = 0.0064, ref_loss = 0.0243, div_loss = 0.0087, 0.780 seconds/batch
2026-04-19 14:28:50,130 - Epoch 10, Batch 400, lr = 0.00008, final_loss = 3.9869, nll_loss = 3.9055, ref_nll_loss = 4.0684, ivc_loss = 0.0844, neg_loss_1 = 0.0093, neg_loss_2 = 0.0085, ref_loss = 0.0255, div_loss = 0.0082, 0.781 seconds/batch
2026-04-19 14:29:29,738 - Epoch 10, Batch 450, lr = 0.00008, final_loss = 3.9605, nll_loss = 3.8729, ref_nll_loss = 4.0482, ivc_loss = 0.0851, neg_loss_1 = 0.0086, neg_loss_2 = 0.0122, ref_loss = 0.0239, div_loss = 0.0081, 0.783 seconds/batch
2026-04-19 14:30:09,658 - Epoch 10, Batch 500, lr = 0.00008, final_loss = 3.9542, nll_loss = 3.8698, ref_nll_loss = 4.0387, ivc_loss = 0.0856, neg_loss_1 = 0.0121, neg_loss_2 = 0.0101, ref_loss = 0.0255, div_loss = 0.0076, 0.784 seconds/batch
2026-04-19 14:30:49,527 - Epoch 10, Batch 550, lr = 0.00008, final_loss = 3.9920, nll_loss = 3.9119, ref_nll_loss = 4.0721, ivc_loss = 0.0858, neg_loss_1 = 0.0084, neg_loss_2 = 0.0113, ref_loss = 0.0280, div_loss = 0.0076, 0.785 seconds/batch
2026-04-19 14:31:29,602 - Epoch 10, Batch 600, lr = 0.00008, final_loss = 3.9923, nll_loss = 3.9107, ref_nll_loss = 4.0738, ivc_loss = 0.0841, neg_loss_1 = 0.0103, neg_loss_2 = 0.0092, ref_loss = 0.0268, div_loss = 0.0076, 0.787 seconds/batch
2026-04-19 14:32:09,507 - Epoch 10, Batch 650, lr = 0.00008, final_loss = 3.9770, nll_loss = 3.8919, ref_nll_loss = 4.0622, ivc_loss = 0.0827, neg_loss_1 = 0.0112, neg_loss_2 = 0.0105, ref_loss = 0.0222, div_loss = 0.0078, 0.788 seconds/batch
2026-04-19 14:32:48,852 - Epoch 10, Batch 700, lr = 0.00008, final_loss = 3.9297, nll_loss = 3.8467, ref_nll_loss = 4.0126, ivc_loss = 0.0817, neg_loss_1 = 0.0107, neg_loss_2 = 0.0088, ref_loss = 0.0237, div_loss = 0.0077, 0.788 seconds/batch
2026-04-19 14:33:28,537 - Epoch 10, Batch 750, lr = 0.00008, final_loss = 3.9640, nll_loss = 3.8824, ref_nll_loss = 4.0455, ivc_loss = 0.0838, neg_loss_1 = 0.0101, neg_loss_2 = 0.0093, ref_loss = 0.0266, div_loss = 0.0076, 0.788 seconds/batch
2026-04-19 14:34:08,472 - Epoch 10, Batch 800, lr = 0.00008, final_loss = 3.9802, nll_loss = 3.8993, ref_nll_loss = 4.0612, ivc_loss = 0.0862, neg_loss_1 = 0.0097, neg_loss_2 = 0.0105, ref_loss = 0.0263, div_loss = 0.0079, 0.789 seconds/batch
2026-04-19 14:34:48,666 - Epoch 10, Batch 850, lr = 0.00007, final_loss = 3.9405, nll_loss = 3.8580, ref_nll_loss = 4.0230, ivc_loss = 0.0844, neg_loss_1 = 0.0099, neg_loss_2 = 0.0092, ref_loss = 0.0254, div_loss = 0.0080, 0.790 seconds/batch
2026-04-19 14:35:28,925 - Epoch 10, Batch 900, lr = 0.00007, final_loss = 3.9571, nll_loss = 3.8730, ref_nll_loss = 4.0413, ivc_loss = 0.0842, neg_loss_1 = 0.0103, neg_loss_2 = 0.0094, ref_loss = 0.0255, div_loss = 0.0078, 0.790 seconds/batch
2026-04-19 14:36:06,699 - Epoch 10, Batch 950, lr = 0.00007, final_loss = 3.9884, nll_loss = 3.9036, ref_nll_loss = 4.0731, ivc_loss = 0.0842, neg_loss_1 = 0.0085, neg_loss_2 = 0.0097, ref_loss = 0.0261, div_loss = 0.0080, 0.789 seconds/batch
2026-04-19 14:36:40,186 - Epoch 10, Batch 1000, lr = 0.00007, final_loss = 3.9759, nll_loss = 3.8968, ref_nll_loss = 4.0551, ivc_loss = 0.0890, neg_loss_1 = 0.0110, neg_loss_2 = 0.0096, ref_loss = 0.0294, div_loss = 0.0078, 0.783 seconds/batch
2026-04-19 14:37:13,985 - Epoch 10, Batch 1050, lr = 0.00007, final_loss = 4.0086, nll_loss = 3.9260, ref_nll_loss = 4.0911, ivc_loss = 0.0840, neg_loss_1 = 0.0107, neg_loss_2 = 0.0075, ref_loss = 0.0261, div_loss = 0.0080, 0.778 seconds/batch
2026-04-19 14:37:48,478 - Epoch 10, Batch 1100, lr = 0.00007, final_loss = 3.9644, nll_loss = 3.8803, ref_nll_loss = 4.0485, ivc_loss = 0.0860, neg_loss_1 = 0.0114, neg_loss_2 = 0.0096, ref_loss = 0.0262, div_loss = 0.0078, 0.774 seconds/batch
2026-04-19 14:38:22,749 - Epoch 10, Batch 1150, lr = 0.00007, final_loss = 3.9985, nll_loss = 3.9160, ref_nll_loss = 4.0810, ivc_loss = 0.0824, neg_loss_1 = 0.0102, neg_loss_2 = 0.0082, ref_loss = 0.0245, div_loss = 0.0079, 0.770 seconds/batch
2026-04-19 14:38:36,123 - Epoch 10, Batch 1170, lr = 0.00007, final_loss = 3.9304, nll_loss = 3.8427, ref_nll_loss = 4.0181, ivc_loss = 0.0799, neg_loss_1 = 0.0107, neg_loss_2 = 0.0058, ref_loss = 0.0222, div_loss = 0.0082, 0.768 seconds/batch
2026-04-19 14:38:36,194 - save model to checkpoints/activitynet_moe/cpl_moe/model-10.pt, num_updates 11700.
2026-04-19 14:41:56,905 - | R@1,mIoU 0.2888 | R@1,IoU@0.1 0.6924 | R@1,IoU@0.3 0.4914 | R@1,IoU@0.5 0.1966 | R@1,IoU@0.7 0.0553 | R@1,IoU@0.9 0.0033 | R@5,mIoU 0.5309 | R@5,IoU@0.1 0.9217 | R@5,IoU@0.3 0.7903 | R@5,IoU@0.5 0.5419 | R@5,IoU@0.7 0.3203 | R@5,IoU@0.9 0.0737 |
2026-04-19 14:41:56,905 - ============================================================
2026-04-19 14:41:56,905 - Start Epoch 11
2026-04-19 14:42:31,751 - Epoch 11, Batch 50, lr = 0.00007, final_loss = 3.9206, nll_loss = 3.8332, ref_nll_loss = 4.0080, ivc_loss = 0.0805, neg_loss_1 = 0.0103, neg_loss_2 = 0.0079, ref_loss = 0.0227, div_loss = 0.0079, 0.697 seconds/batch
2026-04-19 14:43:11,779 - Epoch 11, Batch 100, lr = 0.00007, final_loss = 3.9322, nll_loss = 3.8497, ref_nll_loss = 4.0148, ivc_loss = 0.0838, neg_loss_1 = 0.0096, neg_loss_2 = 0.0098, ref_loss = 0.0253, div_loss = 0.0078, 0.749 seconds/batch
2026-04-19 14:43:51,632 - Epoch 11, Batch 150, lr = 0.00007, final_loss = 3.9839, nll_loss = 3.9020, ref_nll_loss = 4.0658, ivc_loss = 0.0892, neg_loss_1 = 0.0115, neg_loss_2 = 0.0099, ref_loss = 0.0257, div_loss = 0.0084, 0.765 seconds/batch
2026-04-19 14:44:31,835 - Epoch 11, Batch 200, lr = 0.00007, final_loss = 3.9474, nll_loss = 3.8631, ref_nll_loss = 4.0316, ivc_loss = 0.0860, neg_loss_1 = 0.0102, neg_loss_2 = 0.0086, ref_loss = 0.0262, div_loss = 0.0082, 0.775 seconds/batch
2026-04-19 14:45:11,710 - Epoch 11, Batch 250, lr = 0.00007, final_loss = 3.9579, nll_loss = 3.8720, ref_nll_loss = 4.0438, ivc_loss = 0.0842, neg_loss_1 = 0.0105, neg_loss_2 = 0.0115, ref_loss = 0.0231, div_loss = 0.0078, 0.779 seconds/batch
2026-04-19 14:45:51,855 - Epoch 11, Batch 300, lr = 0.00007, final_loss = 3.9580, nll_loss = 3.8718, ref_nll_loss = 4.0442, ivc_loss = 0.0865, neg_loss_1 = 0.0115, neg_loss_2 = 0.0108, ref_loss = 0.0242, div_loss = 0.0080, 0.783 seconds/batch
2026-04-19 14:46:31,627 - Epoch 11, Batch 350, lr = 0.00007, final_loss = 3.9319, nll_loss = 3.8481, ref_nll_loss = 4.0158, ivc_loss = 0.0854, neg_loss_1 = 0.0108, neg_loss_2 = 0.0089, ref_loss = 0.0250, div_loss = 0.0081, 0.785 seconds/batch
2026-04-19 14:47:11,447 - Epoch 11, Batch 400, lr = 0.00007, final_loss = 3.9292, nll_loss = 3.8435, ref_nll_loss = 4.0149, ivc_loss = 0.0804, neg_loss_1 = 0.0081, neg_loss_2 = 0.0079, ref_loss = 0.0249, div_loss = 0.0079, 0.786 seconds/batch
2026-04-19 14:47:51,347 - Epoch 11, Batch 450, lr = 0.00007, final_loss = 3.9396, nll_loss = 3.8530, ref_nll_loss = 4.0263, ivc_loss = 0.0855, neg_loss_1 = 0.0113, neg_loss_2 = 0.0084, ref_loss = 0.0260, div_loss = 0.0080, 0.788 seconds/batch
2026-04-19 14:48:31,114 - Epoch 11, Batch 500, lr = 0.00007, final_loss = 3.9417, nll_loss = 3.8558, ref_nll_loss = 4.0275, ivc_loss = 0.0854, neg_loss_1 = 0.0106, neg_loss_2 = 0.0105, ref_loss = 0.0245, div_loss = 0.0080, 0.788 seconds/batch
2026-04-19 14:49:10,769 - Epoch 11, Batch 550, lr = 0.00007, final_loss = 3.9669, nll_loss = 3.8797, ref_nll_loss = 4.0540, ivc_loss = 0.0850, neg_loss_1 = 0.0123, neg_loss_2 = 0.0103, ref_loss = 0.0234, div_loss = 0.0078, 0.789 seconds/batch
2026-04-19 14:49:50,603 - Epoch 11, Batch 600, lr = 0.00007, final_loss = 3.9331, nll_loss = 3.8478, ref_nll_loss = 4.0183, ivc_loss = 0.0844, neg_loss_1 = 0.0111, neg_loss_2 = 0.0094, ref_loss = 0.0239, div_loss = 0.0080, 0.789 seconds/batch
2026-04-19 14:50:30,179 - Epoch 11, Batch 650, lr = 0.00007, final_loss = 3.9289, nll_loss = 3.8421, ref_nll_loss = 4.0156, ivc_loss = 0.0860, neg_loss_1 = 0.0103, neg_loss_2 = 0.0107, ref_loss = 0.0232, div_loss = 0.0084, 0.790 seconds/batch
2026-04-19 14:51:10,015 - Epoch 11, Batch 700, lr = 0.00007, final_loss = 3.9658, nll_loss = 3.8818, ref_nll_loss = 4.0498, ivc_loss = 0.0835, neg_loss_1 = 0.0090, neg_loss_2 = 0.0093, ref_loss = 0.0241, div_loss = 0.0082, 0.790 seconds/batch
2026-04-19 14:51:49,874 - Epoch 11, Batch 750, lr = 0.00007, final_loss = 3.9693, nll_loss = 3.8856, ref_nll_loss = 4.0529, ivc_loss = 0.0829, neg_loss_1 = 0.0096, neg_loss_2 = 0.0086, ref_loss = 0.0261, div_loss = 0.0077, 0.791 seconds/batch
2026-04-19 14:52:29,709 - Epoch 11, Batch 800, lr = 0.00007, final_loss = 3.9365, nll_loss = 3.8552, ref_nll_loss = 4.0179, ivc_loss = 0.0904, neg_loss_1 = 0.0121, neg_loss_2 = 0.0100, ref_loss = 0.0284, div_loss = 0.0080, 0.791 seconds/batch
2026-04-19 14:53:09,738 - Epoch 11, Batch 850, lr = 0.00007, final_loss = 3.9668, nll_loss = 3.8820, ref_nll_loss = 4.0515, ivc_loss = 0.0874, neg_loss_1 = 0.0104, neg_loss_2 = 0.0097, ref_loss = 0.0252, div_loss = 0.0084, 0.792 seconds/batch
2026-04-19 14:53:49,560 - Epoch 11, Batch 900, lr = 0.00007, final_loss = 3.9749, nll_loss = 3.8909, ref_nll_loss = 4.0589, ivc_loss = 0.0872, neg_loss_1 = 0.0134, neg_loss_2 = 0.0091, ref_loss = 0.0246, div_loss = 0.0080, 0.792 seconds/batch
2026-04-19 14:54:26,045 - Epoch 11, Batch 950, lr = 0.00007, final_loss = 3.9189, nll_loss = 3.8356, ref_nll_loss = 4.0021, ivc_loss = 0.0857, neg_loss_1 = 0.0110, neg_loss_2 = 0.0093, ref_loss = 0.0258, div_loss = 0.0079, 0.789 seconds/batch
2026-04-19 14:54:59,860 - Epoch 11, Batch 1000, lr = 0.00007, final_loss = 3.9526, nll_loss = 3.8643, ref_nll_loss = 4.0410, ivc_loss = 0.0800, neg_loss_1 = 0.0093, neg_loss_2 = 0.0084, ref_loss = 0.0224, div_loss = 0.0080, 0.783 seconds/batch
2026-04-19 14:55:33,687 - Epoch 11, Batch 1050, lr = 0.00007, final_loss = 3.9266, nll_loss = 3.8399, ref_nll_loss = 4.0133, ivc_loss = 0.0856, neg_loss_1 = 0.0114, neg_loss_2 = 0.0089, ref_loss = 0.0244, div_loss = 0.0082, 0.778 seconds/batch
2026-04-19 14:56:07,718 - Epoch 11, Batch 1100, lr = 0.00007, final_loss = 3.9388, nll_loss = 3.8569, ref_nll_loss = 4.0206, ivc_loss = 0.0890, neg_loss_1 = 0.0133, neg_loss_2 = 0.0084, ref_loss = 0.0273, div_loss = 0.0080, 0.773 seconds/batch
2026-04-19 14:56:41,746 - Epoch 11, Batch 1150, lr = 0.00007, final_loss = 3.9727, nll_loss = 3.8875, ref_nll_loss = 4.0579, ivc_loss = 0.0870, neg_loss_1 = 0.0120, neg_loss_2 = 0.0083, ref_loss = 0.0248, div_loss = 0.0084, 0.769 seconds/batch
2026-04-19 14:56:55,226 - Epoch 11, Batch 1170, lr = 0.00007, final_loss = 3.9445, nll_loss = 3.8579, ref_nll_loss = 4.0310, ivc_loss = 0.0866, neg_loss_1 = 0.0112, neg_loss_2 = 0.0098, ref_loss = 0.0252, div_loss = 0.0081, 0.768 seconds/batch
2026-04-19 14:56:55,297 - save model to checkpoints/activitynet_moe/cpl_moe/model-11.pt, num_updates 12870.
2026-04-19 15:00:15,399 - | R@1,mIoU 0.2719 | R@1,IoU@0.1 0.6300 | R@1,IoU@0.3 0.4527 | R@1,IoU@0.5 0.2018 | R@1,IoU@0.7 0.0634 | R@1,IoU@0.9 0.0038 | R@5,mIoU 0.5306 | R@5,IoU@0.1 0.9203 | R@5,IoU@0.3 0.7816 | R@5,IoU@0.5 0.5405 | R@5,IoU@0.7 0.3254 | R@5,IoU@0.9 0.0732 |
2026-04-19 15:00:15,399 - ============================================================
2026-04-19 15:00:15,399 - Start Epoch 12
2026-04-19 15:00:51,093 - Epoch 12, Batch 50, lr = 0.00007, final_loss = 3.9153, nll_loss = 3.8306, ref_nll_loss = 3.9999, ivc_loss = 0.0876, neg_loss_1 = 0.0113, neg_loss_2 = 0.0128, ref_loss = 0.0246, div_loss = 0.0078, 0.714 seconds/batch
2026-04-19 15:01:30,928 - Epoch 12, Batch 100, lr = 0.00007, final_loss = 3.8929, nll_loss = 3.8080, ref_nll_loss = 3.9779, ivc_loss = 0.0843, neg_loss_1 = 0.0099, neg_loss_2 = 0.0092, ref_loss = 0.0251, div_loss = 0.0080, 0.755 seconds/batch
2026-04-19 15:02:11,265 - Epoch 12, Batch 150, lr = 0.00007, final_loss = 3.9004, nll_loss = 3.8183, ref_nll_loss = 3.9825, ivc_loss = 0.0878, neg_loss_1 = 0.0105, neg_loss_2 = 0.0097, ref_loss = 0.0274, div_loss = 0.0080, 0.772 seconds/batch
2026-04-19 15:02:51,190 - Epoch 12, Batch 200, lr = 0.00007, final_loss = 3.9172, nll_loss = 3.8341, ref_nll_loss = 4.0002, ivc_loss = 0.0910, neg_loss_1 = 0.0130, neg_loss_2 = 0.0098, ref_loss = 0.0274, div_loss = 0.0082, 0.779 seconds/batch
2026-04-19 15:03:30,822 - Epoch 12, Batch 250, lr = 0.00007, final_loss = 3.9236, nll_loss = 3.8363, ref_nll_loss = 4.0109, ivc_loss = 0.0865, neg_loss_1 = 0.0129, neg_loss_2 = 0.0091, ref_loss = 0.0236, div_loss = 0.0082, 0.782 seconds/batch
2026-04-19 15:04:10,328 - Epoch 12, Batch 300, lr = 0.00007, final_loss = 3.9274, nll_loss = 3.8407, ref_nll_loss = 4.0142, ivc_loss = 0.0897, neg_loss_1 = 0.0137, neg_loss_2 = 0.0103, ref_loss = 0.0251, div_loss = 0.0081, 0.783 seconds/batch
2026-04-19 15:04:49,740 - Epoch 12, Batch 350, lr = 0.00007, final_loss = 3.9220, nll_loss = 3.8369, ref_nll_loss = 4.0071, ivc_loss = 0.0874, neg_loss_1 = 0.0128, neg_loss_2 = 0.0089, ref_loss = 0.0245, div_loss = 0.0082, 0.784 seconds/batch
2026-04-19 15:05:29,682 - Epoch 12, Batch 400, lr = 0.00007, final_loss = 3.9323, nll_loss = 3.8420, ref_nll_loss = 4.0226, ivc_loss = 0.0839, neg_loss_1 = 0.0121, neg_loss_2 = 0.0087, ref_loss = 0.0220, div_loss = 0.0082, 0.786 seconds/batch
2026-04-19 15:06:09,283 - Epoch 12, Batch 450, lr = 0.00007, final_loss = 3.9325, nll_loss = 3.8457, ref_nll_loss = 4.0194, ivc_loss = 0.0878, neg_loss_1 = 0.0130, neg_loss_2 = 0.0109, ref_loss = 0.0227, div_loss = 0.0082, 0.786 seconds/batch
2026-04-19 15:06:49,142 - Epoch 12, Batch 500, lr = 0.00007, final_loss = 3.9137, nll_loss = 3.8274, ref_nll_loss = 3.9999, ivc_loss = 0.0837, neg_loss_1 = 0.0103, neg_loss_2 = 0.0090, ref_loss = 0.0239, div_loss = 0.0081, 0.787 seconds/batch
2026-04-19 15:07:29,070 - Epoch 12, Batch 550, lr = 0.00007, final_loss = 3.9361, nll_loss = 3.8480, ref_nll_loss = 4.0242, ivc_loss = 0.0871, neg_loss_1 = 0.0108, neg_loss_2 = 0.0109, ref_loss = 0.0251, div_loss = 0.0081, 0.788 seconds/batch
2026-04-19 15:08:08,768 - Epoch 12, Batch 600, lr = 0.00007, final_loss = 3.9051, nll_loss = 3.8162, ref_nll_loss = 3.9940, ivc_loss = 0.0817, neg_loss_1 = 0.0103, neg_loss_2 = 0.0094, ref_loss = 0.0221, div_loss = 0.0080, 0.789 seconds/batch
2026-04-19 15:08:48,941 - Epoch 12, Batch 650, lr = 0.00007, final_loss = 3.9288, nll_loss = 3.8417, ref_nll_loss = 4.0158, ivc_loss = 0.0848, neg_loss_1 = 0.0089, neg_loss_2 = 0.0111, ref_loss = 0.0240, div_loss = 0.0082, 0.790 seconds/batch
2026-04-19 15:09:28,082 - Epoch 12, Batch 700, lr = 0.00007, final_loss = 3.9406, nll_loss = 3.8519, ref_nll_loss = 4.0293, ivc_loss = 0.0842, neg_loss_1 = 0.0128, neg_loss_2 = 0.0080, ref_loss = 0.0236, div_loss = 0.0080, 0.790 seconds/batch
2026-04-19 15:10:07,825 - Epoch 12, Batch 750, lr = 0.00007, final_loss = 3.9421, nll_loss = 3.8523, ref_nll_loss = 4.0319, ivc_loss = 0.0827, neg_loss_1 = 0.0105, neg_loss_2 = 0.0101, ref_loss = 0.0217, div_loss = 0.0081, 0.790 seconds/batch
2026-04-19 15:10:47,591 - Epoch 12, Batch 800, lr = 0.00007, final_loss = 3.9779, nll_loss = 3.8929, ref_nll_loss = 4.0629, ivc_loss = 0.0882, neg_loss_1 = 0.0118, neg_loss_2 = 0.0091, ref_loss = 0.0269, div_loss = 0.0081, 0.790 seconds/batch
2026-04-19 15:11:27,286 - Epoch 12, Batch 850, lr = 0.00007, final_loss = 3.9175, nll_loss = 3.8303, ref_nll_loss = 4.0048, ivc_loss = 0.0875, neg_loss_1 = 0.0115, neg_loss_2 = 0.0098, ref_loss = 0.0249, div_loss = 0.0083, 0.790 seconds/batch
2026-04-19 15:12:07,388 - Epoch 12, Batch 900, lr = 0.00007, final_loss = 3.9199, nll_loss = 3.8337, ref_nll_loss = 4.0060, ivc_loss = 0.0849, neg_loss_1 = 0.0105, neg_loss_2 = 0.0092, ref_loss = 0.0239, div_loss = 0.0082, 0.791 seconds/batch
2026-04-19 15:12:42,573 - Epoch 12, Batch 950, lr = 0.00007, final_loss = 3.9387, nll_loss = 3.8511, ref_nll_loss = 4.0264, ivc_loss = 0.0843, neg_loss_1 = 0.0102, neg_loss_2 = 0.0077, ref_loss = 0.0250, div_loss = 0.0083, 0.786 seconds/batch
2026-04-19 15:13:16,885 - Epoch 12, Batch 1000, lr = 0.00007, final_loss = 3.9175, nll_loss = 3.8333, ref_nll_loss = 4.0016, ivc_loss = 0.0869, neg_loss_1 = 0.0117, neg_loss_2 = 0.0087, ref_loss = 0.0257, div_loss = 0.0082, 0.781 seconds/batch
2026-04-19 15:13:50,858 - Epoch 12, Batch 1050, lr = 0.00007, final_loss = 3.9332, nll_loss = 3.8517, ref_nll_loss = 4.0148, ivc_loss = 0.0916, neg_loss_1 = 0.0140, neg_loss_2 = 0.0101, ref_loss = 0.0264, div_loss = 0.0082, 0.777 seconds/batch
2026-04-19 15:14:25,165 - Epoch 12, Batch 1100, lr = 0.00007, final_loss = 3.9478, nll_loss = 3.8637, ref_nll_loss = 4.0318, ivc_loss = 0.0896, neg_loss_1 = 0.0126, neg_loss_2 = 0.0091, ref_loss = 0.0269, div_loss = 0.0082, 0.773 seconds/batch
2026-04-19 15:14:59,198 - Epoch 12, Batch 1150, lr = 0.00007, final_loss = 3.9107, nll_loss = 3.8222, ref_nll_loss = 3.9992, ivc_loss = 0.0831, neg_loss_1 = 0.0105, neg_loss_2 = 0.0088, ref_loss = 0.0227, div_loss = 0.0082, 0.769 seconds/batch
2026-04-19 15:15:12,591 - Epoch 12, Batch 1170, lr = 0.00007, final_loss = 3.9609, nll_loss = 3.8738, ref_nll_loss = 4.0481, ivc_loss = 0.0871, neg_loss_1 = 0.0112, neg_loss_2 = 0.0081, ref_loss = 0.0261, div_loss = 0.0083, 0.767 seconds/batch
2026-04-19 15:15:12,660 - save model to checkpoints/activitynet_moe/cpl_moe/model-12.pt, num_updates 14040.
2026-04-19 15:18:33,840 - | R@1,mIoU 0.3243 | R@1,IoU@0.1 0.7325 | R@1,IoU@0.3 0.5430 | R@1,IoU@0.5 0.2513 | R@1,IoU@0.7 0.0860 | R@1,IoU@0.9 0.0114 | R@5,mIoU 0.5352 | R@5,IoU@0.1 0.9226 | R@5,IoU@0.3 0.7916 | R@5,IoU@0.5 0.5504 | R@5,IoU@0.7 0.3313 | R@5,IoU@0.9 0.0774 |
2026-04-19 15:18:33,918 - Best results have been updated.
2026-04-19 15:18:33,919 - ============================================================
2026-04-19 15:18:33,919 - Start Epoch 13
2026-04-19 15:19:11,417 - Epoch 13, Batch 50, lr = 0.00007, final_loss = 3.8933, nll_loss = 3.8017, ref_nll_loss = 3.9849, ivc_loss = 0.0882, neg_loss_1 = 0.0135, neg_loss_2 = 0.0105, ref_loss = 0.0214, div_loss = 0.0086, 0.750 seconds/batch
2026-04-19 15:19:51,016 - Epoch 13, Batch 100, lr = 0.00007, final_loss = 3.8840, nll_loss = 3.7955, ref_nll_loss = 3.9725, ivc_loss = 0.0855, neg_loss_1 = 0.0128, neg_loss_2 = 0.0084, ref_loss = 0.0223, div_loss = 0.0084, 0.771 seconds/batch
2026-04-19 15:20:30,697 - Epoch 13, Batch 150, lr = 0.00007, final_loss = 3.9042, nll_loss = 3.8173, ref_nll_loss = 3.9911, ivc_loss = 0.0848, neg_loss_1 = 0.0115, neg_loss_2 = 0.0089, ref_loss = 0.0237, div_loss = 0.0081, 0.779 seconds/batch
2026-04-19 15:21:10,615 - Epoch 13, Batch 200, lr = 0.00007, final_loss = 3.9025, nll_loss = 3.8164, ref_nll_loss = 3.9887, ivc_loss = 0.0892, neg_loss_1 = 0.0127, neg_loss_2 = 0.0105, ref_loss = 0.0245, div_loss = 0.0083, 0.783 seconds/batch
2026-04-19 15:21:50,464 - Epoch 13, Batch 250, lr = 0.00007, final_loss = 3.8842, nll_loss = 3.7983, ref_nll_loss = 3.9702, ivc_loss = 0.0907, neg_loss_1 = 0.0110, neg_loss_2 = 0.0102, ref_loss = 0.0261, div_loss = 0.0087, 0.786 seconds/batch
2026-04-19 15:22:30,403 - Epoch 13, Batch 300, lr = 0.00007, final_loss = 3.8890, nll_loss = 3.7988, ref_nll_loss = 3.9792, ivc_loss = 0.0860, neg_loss_1 = 0.0115, neg_loss_2 = 0.0101, ref_loss = 0.0224, div_loss = 0.0084, 0.788 seconds/batch
2026-04-19 15:23:09,653 - Epoch 13, Batch 350, lr = 0.00007, final_loss = 3.9042, nll_loss = 3.8180, ref_nll_loss = 3.9903, ivc_loss = 0.0915, neg_loss_1 = 0.0126, neg_loss_2 = 0.0104, ref_loss = 0.0260, div_loss = 0.0085, 0.788 seconds/batch
2026-04-19 15:23:49,408 - Epoch 13, Batch 400, lr = 0.00007, final_loss = 3.8926, nll_loss = 3.8040, ref_nll_loss = 3.9813, ivc_loss = 0.0846, neg_loss_1 = 0.0119, neg_loss_2 = 0.0083, ref_loss = 0.0219, div_loss = 0.0085, 0.789 seconds/batch
2026-04-19 15:24:29,293 - Epoch 13, Batch 450, lr = 0.00007, final_loss = 3.9113, nll_loss = 3.8269, ref_nll_loss = 3.9957, ivc_loss = 0.0926, neg_loss_1 = 0.0120, neg_loss_2 = 0.0102, ref_loss = 0.0251, div_loss = 0.0091, 0.790 seconds/batch
2026-04-19 15:25:09,509 - Epoch 13, Batch 500, lr = 0.00007, final_loss = 3.9332, nll_loss = 3.8425, ref_nll_loss = 4.0239, ivc_loss = 0.0895, neg_loss_1 = 0.0125, neg_loss_2 = 0.0104, ref_loss = 0.0219, div_loss = 0.0089, 0.791 seconds/batch
2026-04-19 15:25:48,529 - Epoch 13, Batch 550, lr = 0.00007, final_loss = 3.9042, nll_loss = 3.8198, ref_nll_loss = 3.9886, ivc_loss = 0.0876, neg_loss_1 = 0.0132, neg_loss_2 = 0.0099, ref_loss = 0.0243, div_loss = 0.0080, 0.790 seconds/batch
2026-04-19 15:26:28,581 - Epoch 13, Batch 600, lr = 0.00007, final_loss = 3.9487, nll_loss = 3.8635, ref_nll_loss = 4.0339, ivc_loss = 0.0892, neg_loss_1 = 0.0132, neg_loss_2 = 0.0105, ref_loss = 0.0250, div_loss = 0.0081, 0.791 seconds/batch
2026-04-19 15:27:08,313 - Epoch 13, Batch 650, lr = 0.00007, final_loss = 3.9362, nll_loss = 3.8484, ref_nll_loss = 4.0240, ivc_loss = 0.0863, neg_loss_1 = 0.0128, neg_loss_2 = 0.0088, ref_loss = 0.0236, div_loss = 0.0082, 0.791 seconds/batch
2026-04-19 15:27:48,407 - Epoch 13, Batch 700, lr = 0.00007, final_loss = 3.8796, nll_loss = 3.7916, ref_nll_loss = 3.9675, ivc_loss = 0.0882, neg_loss_1 = 0.0120, neg_loss_2 = 0.0090, ref_loss = 0.0252, div_loss = 0.0084, 0.792 seconds/batch
2026-04-19 15:28:28,187 - Epoch 13, Batch 750, lr = 0.00007, final_loss = 3.9105, nll_loss = 3.8241, ref_nll_loss = 3.9968, ivc_loss = 0.0888, neg_loss_1 = 0.0128, neg_loss_2 = 0.0095, ref_loss = 0.0250, div_loss = 0.0083, 0.792 seconds/batch
2026-04-19 15:29:08,102 - Epoch 13, Batch 800, lr = 0.00007, final_loss = 3.9133, nll_loss = 3.8240, ref_nll_loss = 4.0026, ivc_loss = 0.0894, neg_loss_1 = 0.0115, neg_loss_2 = 0.0116, ref_loss = 0.0240, div_loss = 0.0085, 0.793 seconds/batch
2026-04-19 15:29:47,850 - Epoch 13, Batch 850, lr = 0.00007, final_loss = 3.8917, nll_loss = 3.8038, ref_nll_loss = 3.9796, ivc_loss = 0.0845, neg_loss_1 = 0.0122, neg_loss_2 = 0.0067, ref_loss = 0.0227, div_loss = 0.0086, 0.793 seconds/batch
2026-04-19 15:30:27,307 - Epoch 13, Batch 900, lr = 0.00007, final_loss = 3.8952, nll_loss = 3.8073, ref_nll_loss = 3.9830, ivc_loss = 0.0888, neg_loss_1 = 0.0140, neg_loss_2 = 0.0095, ref_loss = 0.0230, div_loss = 0.0085, 0.793 seconds/batch
2026-04-19 15:31:01,800 - Epoch 13, Batch 950, lr = 0.00007, final_loss = 3.9299, nll_loss = 3.8418, ref_nll_loss = 4.0181, ivc_loss = 0.0926, neg_loss_1 = 0.0135, neg_loss_2 = 0.0111, ref_loss = 0.0246, div_loss = 0.0087, 0.787 seconds/batch
2026-04-19 15:31:35,758 - Epoch 13, Batch 1000, lr = 0.00007, final_loss = 3.9004, nll_loss = 3.8127, ref_nll_loss = 3.9881, ivc_loss = 0.0850, neg_loss_1 = 0.0098, neg_loss_2 = 0.0108, ref_loss = 0.0232, div_loss = 0.0083, 0.782 seconds/batch
2026-04-19 15:32:10,265 - Epoch 13, Batch 1050, lr = 0.00007, final_loss = 3.9184, nll_loss = 3.8302, ref_nll_loss = 4.0065, ivc_loss = 0.0893, neg_loss_1 = 0.0125, neg_loss_2 = 0.0099, ref_loss = 0.0249, div_loss = 0.0084, 0.777 seconds/batch
2026-04-19 15:32:44,167 - Epoch 13, Batch 1100, lr = 0.00007, final_loss = 3.9174, nll_loss = 3.8282, ref_nll_loss = 4.0065, ivc_loss = 0.0836, neg_loss_1 = 0.0106, neg_loss_2 = 0.0091, ref_loss = 0.0222, div_loss = 0.0084, 0.773 seconds/batch
2026-04-19 15:33:18,344 - Epoch 13, Batch 1150, lr = 0.00006, final_loss = 3.8825, nll_loss = 3.7923, ref_nll_loss = 3.9728, ivc_loss = 0.0878, neg_loss_1 = 0.0118, neg_loss_2 = 0.0101, ref_loss = 0.0233, div_loss = 0.0085, 0.769 seconds/batch
2026-04-19 15:33:31,459 - Epoch 13, Batch 1170, lr = 0.00006, final_loss = 3.9525, nll_loss = 3.8674, ref_nll_loss = 4.0376, ivc_loss = 0.0945, neg_loss_1 = 0.0124, neg_loss_2 = 0.0137, ref_loss = 0.0269, div_loss = 0.0083, 0.767 seconds/batch
2026-04-19 15:33:31,532 - save model to checkpoints/activitynet_moe/cpl_moe/model-13.pt, num_updates 15210.
2026-04-19 15:36:53,881 - | R@1,mIoU 0.2918 | R@1,IoU@0.1 0.6758 | R@1,IoU@0.3 0.4982 | R@1,IoU@0.5 0.2102 | R@1,IoU@0.7 0.0652 | R@1,IoU@0.9 0.0063 | R@5,mIoU 0.5291 | R@5,IoU@0.1 0.9201 | R@5,IoU@0.3 0.7894 | R@5,IoU@0.5 0.5422 | R@5,IoU@0.7 0.3207 | R@5,IoU@0.9 0.0733 |
2026-04-19 15:36:53,881 - ============================================================
2026-04-19 15:36:53,881 - Start Epoch 14
2026-04-19 15:37:31,681 - Epoch 14, Batch 50, lr = 0.00006, final_loss = 3.8645, nll_loss = 3.7761, ref_nll_loss = 3.9529, ivc_loss = 0.0872, neg_loss_1 = 0.0107, neg_loss_2 = 0.0112, ref_loss = 0.0236, div_loss = 0.0083, 0.756 seconds/batch
2026-04-19 15:38:11,761 - Epoch 14, Batch 100, lr = 0.00006, final_loss = 3.8747, nll_loss = 3.7866, ref_nll_loss = 3.9627, ivc_loss = 0.0909, neg_loss_1 = 0.0125, neg_loss_2 = 0.0102, ref_loss = 0.0255, div_loss = 0.0085, 0.779 seconds/batch
2026-04-19 15:38:50,938 - Epoch 14, Batch 150, lr = 0.00006, final_loss = 3.8934, nll_loss = 3.8048, ref_nll_loss = 3.9819, ivc_loss = 0.0887, neg_loss_1 = 0.0123, neg_loss_2 = 0.0093, ref_loss = 0.0246, div_loss = 0.0085, 0.780 seconds/batch
2026-04-19 15:39:30,885 - Epoch 14, Batch 200, lr = 0.00006, final_loss = 3.9146, nll_loss = 3.8257, ref_nll_loss = 4.0034, ivc_loss = 0.0930, neg_loss_1 = 0.0132, neg_loss_2 = 0.0119, ref_loss = 0.0251, div_loss = 0.0086, 0.785 seconds/batch
2026-04-19 15:40:10,899 - Epoch 14, Batch 250, lr = 0.00006, final_loss = 3.8891, nll_loss = 3.8017, ref_nll_loss = 3.9766, ivc_loss = 0.0877, neg_loss_1 = 0.0118, neg_loss_2 = 0.0089, ref_loss = 0.0238, div_loss = 0.0087, 0.788 seconds/batch
2026-04-19 15:40:51,021 - Epoch 14, Batch 300, lr = 0.00006, final_loss = 3.8788, nll_loss = 3.7926, ref_nll_loss = 3.9650, ivc_loss = 0.0883, neg_loss_1 = 0.0131, neg_loss_2 = 0.0079, ref_loss = 0.0240, div_loss = 0.0087, 0.790 seconds/batch
2026-04-19 15:41:30,469 - Epoch 14, Batch 350, lr = 0.00006, final_loss = 3.8678, nll_loss = 3.7750, ref_nll_loss = 3.9606, ivc_loss = 0.0882, neg_loss_1 = 0.0121, neg_loss_2 = 0.0103, ref_loss = 0.0210, div_loss = 0.0090, 0.790 seconds/batch
2026-04-19 15:42:09,987 - Epoch 14, Batch 400, lr = 0.00006, final_loss = 3.8945, nll_loss = 3.8032, ref_nll_loss = 3.9857, ivc_loss = 0.0881, neg_loss_1 = 0.0122, neg_loss_2 = 0.0104, ref_loss = 0.0222, div_loss = 0.0087, 0.790 seconds/batch
2026-04-19 15:42:49,886 - Epoch 14, Batch 450, lr = 0.00006, final_loss = 3.9213, nll_loss = 3.8376, ref_nll_loss = 4.0050, ivc_loss = 0.0908, neg_loss_1 = 0.0120, neg_loss_2 = 0.0089, ref_loss = 0.0281, div_loss = 0.0084, 0.791 seconds/batch
2026-04-19 15:43:29,994 - Epoch 14, Batch 500, lr = 0.00006, final_loss = 3.8816, nll_loss = 3.7937, ref_nll_loss = 3.9694, ivc_loss = 0.0884, neg_loss_1 = 0.0137, neg_loss_2 = 0.0092, ref_loss = 0.0227, div_loss = 0.0086, 0.792 seconds/batch
2026-04-19 15:44:09,901 - Epoch 14, Batch 550, lr = 0.00006, final_loss = 3.8953, nll_loss = 3.8072, ref_nll_loss = 3.9834, ivc_loss = 0.0893, neg_loss_1 = 0.0127, neg_loss_2 = 0.0098, ref_loss = 0.0239, div_loss = 0.0086, 0.793 seconds/batch
2026-04-19 15:44:50,076 - Epoch 14, Batch 600, lr = 0.00006, final_loss = 3.9048, nll_loss = 3.8125, ref_nll_loss = 3.9972, ivc_loss = 0.0887, neg_loss_1 = 0.0137, neg_loss_2 = 0.0086, ref_loss = 0.0212, div_loss = 0.0090, 0.794 seconds/batch
2026-04-19 15:45:29,527 - Epoch 14, Batch 650, lr = 0.00006, final_loss = 3.9044, nll_loss = 3.8147, ref_nll_loss = 3.9941, ivc_loss = 0.0883, neg_loss_1 = 0.0145, neg_loss_2 = 0.0085, ref_loss = 0.0223, div_loss = 0.0086, 0.793 seconds/batch
2026-04-19 15:46:09,492 - Epoch 14, Batch 700, lr = 0.00006, final_loss = 3.8586, nll_loss = 3.7674, ref_nll_loss = 3.9497, ivc_loss = 0.0873, neg_loss_1 = 0.0118, neg_loss_2 = 0.0094, ref_loss = 0.0223, div_loss = 0.0087, 0.794 seconds/batch
2026-04-19 15:46:49,167 - Epoch 14, Batch 750, lr = 0.00006, final_loss = 3.8723, nll_loss = 3.7827, ref_nll_loss = 3.9619, ivc_loss = 0.0893, neg_loss_1 = 0.0122, neg_loss_2 = 0.0118, ref_loss = 0.0235, div_loss = 0.0084, 0.794 seconds/batch
2026-04-19 15:47:29,236 - Epoch 14, Batch 800, lr = 0.00006, final_loss = 3.8751, nll_loss = 3.7863, ref_nll_loss = 3.9638, ivc_loss = 0.0837, neg_loss_1 = 0.0119, neg_loss_2 = 0.0084, ref_loss = 0.0212, div_loss = 0.0084, 0.794 seconds/batch
2026-04-19 15:48:08,636 - Epoch 14, Batch 850, lr = 0.00006, final_loss = 3.8819, nll_loss = 3.7931, ref_nll_loss = 3.9706, ivc_loss = 0.0900, neg_loss_1 = 0.0122, neg_loss_2 = 0.0108, ref_loss = 0.0238, div_loss = 0.0086, 0.794 seconds/batch
2026-04-19 15:48:46,411 - Epoch 14, Batch 900, lr = 0.00006, final_loss = 3.8808, nll_loss = 3.7884, ref_nll_loss = 3.9732, ivc_loss = 0.0899, neg_loss_1 = 0.0138, neg_loss_2 = 0.0114, ref_loss = 0.0233, div_loss = 0.0083, 0.792 seconds/batch
2026-04-19 15:49:20,167 - Epoch 14, Batch 950, lr = 0.00006, final_loss = 3.8978, nll_loss = 3.8064, ref_nll_loss = 3.9891, ivc_loss = 0.0874, neg_loss_1 = 0.0131, neg_loss_2 = 0.0094, ref_loss = 0.0228, div_loss = 0.0084, 0.786 seconds/batch
2026-04-19 15:49:54,368 - Epoch 14, Batch 1000, lr = 0.00006, final_loss = 3.8980, nll_loss = 3.8091, ref_nll_loss = 3.9870, ivc_loss = 0.0895, neg_loss_1 = 0.0128, neg_loss_2 = 0.0104, ref_loss = 0.0238, div_loss = 0.0085, 0.780 seconds/batch
2026-04-19 15:50:28,291 - Epoch 14, Batch 1050, lr = 0.00006, final_loss = 3.9199, nll_loss = 3.8325, ref_nll_loss = 4.0074, ivc_loss = 0.0879, neg_loss_1 = 0.0110, neg_loss_2 = 0.0091, ref_loss = 0.0246, div_loss = 0.0086, 0.776 seconds/batch
2026-04-19 15:51:02,507 - Epoch 14, Batch 1100, lr = 0.00006, final_loss = 3.9394, nll_loss = 3.8478, ref_nll_loss = 4.0310, ivc_loss = 0.0898, neg_loss_1 = 0.0110, neg_loss_2 = 0.0113, ref_loss = 0.0226, div_loss = 0.0090, 0.771 seconds/batch
2026-04-19 15:51:36,574 - Epoch 14, Batch 1150, lr = 0.00006, final_loss = 3.8910, nll_loss = 3.8010, ref_nll_loss = 3.9810, ivc_loss = 0.0903, neg_loss_1 = 0.0124, neg_loss_2 = 0.0116, ref_loss = 0.0223, div_loss = 0.0088, 0.768 seconds/batch
2026-04-19 15:51:49,283 - Epoch 14, Batch 1170, lr = 0.00006, final_loss = 3.9080, nll_loss = 3.8243, ref_nll_loss = 3.9917, ivc_loss = 0.0927, neg_loss_1 = 0.0129, neg_loss_2 = 0.0071, ref_loss = 0.0283, div_loss = 0.0089, 0.765 seconds/batch
2026-04-19 15:51:49,354 - save model to checkpoints/activitynet_moe/cpl_moe/model-14.pt, num_updates 16380.
2026-04-19 15:55:13,506 - | R@1,mIoU 0.2739 | R@1,IoU@0.1 0.6489 | R@1,IoU@0.3 0.4580 | R@1,IoU@0.5 0.1966 | R@1,IoU@0.7 0.0581 | R@1,IoU@0.9 0.0035 | R@5,mIoU 0.5286 | R@5,IoU@0.1 0.9201 | R@5,IoU@0.3 0.7866 | R@5,IoU@0.5 0.5401 | R@5,IoU@0.7 0.3172 | R@5,IoU@0.9 0.0760 |
2026-04-19 15:55:13,506 - ============================================================
2026-04-19 15:55:13,506 - Start Epoch 15
2026-04-19 15:55:52,107 - Epoch 15, Batch 50, lr = 0.00006, final_loss = 3.8613, nll_loss = 3.7736, ref_nll_loss = 3.9490, ivc_loss = 0.0900, neg_loss_1 = 0.0130, neg_loss_2 = 0.0091, ref_loss = 0.0245, div_loss = 0.0087, 0.772 seconds/batch
2026-04-19 15:56:31,762 - Epoch 15, Batch 100, lr = 0.00006, final_loss = 3.8744, nll_loss = 3.7834, ref_nll_loss = 3.9654, ivc_loss = 0.0879, neg_loss_1 = 0.0126, neg_loss_2 = 0.0088, ref_loss = 0.0219, div_loss = 0.0089, 0.783 seconds/batch
2026-04-19 15:57:11,553 - Epoch 15, Batch 150, lr = 0.00006, final_loss = 3.8530, nll_loss = 3.7640, ref_nll_loss = 3.9420, ivc_loss = 0.0872, neg_loss_1 = 0.0125, neg_loss_2 = 0.0086, ref_loss = 0.0233, div_loss = 0.0086, 0.787 seconds/batch
2026-04-19 15:57:51,421 - Epoch 15, Batch 200, lr = 0.00006, final_loss = 3.8538, nll_loss = 3.7622, ref_nll_loss = 3.9453, ivc_loss = 0.0919, neg_loss_1 = 0.0128, neg_loss_2 = 0.0093, ref_loss = 0.0252, div_loss = 0.0089, 0.790 seconds/batch
2026-04-19 15:58:31,752 - Epoch 15, Batch 250, lr = 0.00006, final_loss = 3.8669, nll_loss = 3.7789, ref_nll_loss = 3.9550, ivc_loss = 0.0899, neg_loss_1 = 0.0122, neg_loss_2 = 0.0090, ref_loss = 0.0240, div_loss = 0.0090, 0.793 seconds/batch
2026-04-19 15:59:11,740 - Epoch 15, Batch 300, lr = 0.00006, final_loss = 3.8815, nll_loss = 3.7890, ref_nll_loss = 3.9739, ivc_loss = 0.0851, neg_loss_1 = 0.0104, neg_loss_2 = 0.0085, ref_loss = 0.0218, div_loss = 0.0089, 0.794 seconds/batch
2026-04-19 15:59:51,697 - Epoch 15, Batch 350, lr = 0.00006, final_loss = 3.8500, nll_loss = 3.7575, ref_nll_loss = 3.9426, ivc_loss = 0.0876, neg_loss_1 = 0.0138, neg_loss_2 = 0.0095, ref_loss = 0.0223, div_loss = 0.0084, 0.795 seconds/batch
2026-04-19 16:00:31,685 - Epoch 15, Batch 400, lr = 0.00006, final_loss = 3.8717, nll_loss = 3.7779, ref_nll_loss = 3.9655, ivc_loss = 0.0875, neg_loss_1 = 0.0124, neg_loss_2 = 0.0092, ref_loss = 0.0224, div_loss = 0.0087, 0.795 seconds/batch
2026-04-19 16:01:11,936 - Epoch 15, Batch 450, lr = 0.00006, final_loss = 3.8868, nll_loss = 3.7971, ref_nll_loss = 3.9764, ivc_loss = 0.0892, neg_loss_1 = 0.0150, neg_loss_2 = 0.0093, ref_loss = 0.0224, div_loss = 0.0085, 0.797 seconds/batch
2026-04-19 16:01:51,534 - Epoch 15, Batch 500, lr = 0.00006, final_loss = 3.8908, nll_loss = 3.7995, ref_nll_loss = 3.9821, ivc_loss = 0.0884, neg_loss_1 = 0.0121, neg_loss_2 = 0.0108, ref_loss = 0.0224, div_loss = 0.0086, 0.796 seconds/batch
2026-04-19 16:02:31,080 - Epoch 15, Batch 550, lr = 0.00006, final_loss = 3.8801, nll_loss = 3.7910, ref_nll_loss = 3.9691, ivc_loss = 0.0955, neg_loss_1 = 0.0152, neg_loss_2 = 0.0127, ref_loss = 0.0239, div_loss = 0.0087, 0.796 seconds/batch
2026-04-19 16:03:11,093 - Epoch 15, Batch 600, lr = 0.00006, final_loss = 3.8933, nll_loss = 3.8031, ref_nll_loss = 3.9836, ivc_loss = 0.0857, neg_loss_1 = 0.0118, neg_loss_2 = 0.0074, ref_loss = 0.0225, div_loss = 0.0088, 0.796 seconds/batch
2026-04-19 16:03:51,163 - Epoch 15, Batch 650, lr = 0.00006, final_loss = 3.8639, nll_loss = 3.7706, ref_nll_loss = 3.9572, ivc_loss = 0.0886, neg_loss_1 = 0.0125, neg_loss_2 = 0.0104, ref_loss = 0.0234, div_loss = 0.0084, 0.796 seconds/batch
2026-04-19 16:04:31,421 - Epoch 15, Batch 700, lr = 0.00006, final_loss = 3.8807, nll_loss = 3.7895, ref_nll_loss = 3.9718, ivc_loss = 0.0856, neg_loss_1 = 0.0118, neg_loss_2 = 0.0081, ref_loss = 0.0235, div_loss = 0.0084, 0.797 seconds/batch
2026-04-19 16:05:11,347 - Epoch 15, Batch 750, lr = 0.00006, final_loss = 3.8714, nll_loss = 3.7816, ref_nll_loss = 3.9612, ivc_loss = 0.0899, neg_loss_1 = 0.0131, neg_loss_2 = 0.0097, ref_loss = 0.0244, div_loss = 0.0085, 0.797 seconds/batch
2026-04-19 16:05:51,087 - Epoch 15, Batch 800, lr = 0.00006, final_loss = 3.8706, nll_loss = 3.7792, ref_nll_loss = 3.9620, ivc_loss = 0.0925, neg_loss_1 = 0.0161, neg_loss_2 = 0.0073, ref_loss = 0.0243, div_loss = 0.0090, 0.797 seconds/batch
2026-04-19 16:06:30,913 - Epoch 15, Batch 850, lr = 0.00006, final_loss = 3.8697, nll_loss = 3.7808, ref_nll_loss = 3.9587, ivc_loss = 0.0880, neg_loss_1 = 0.0126, neg_loss_2 = 0.0095, ref_loss = 0.0215, div_loss = 0.0089, 0.797 seconds/batch
2026-04-19 16:07:06,343 - Epoch 15, Batch 900, lr = 0.00006, final_loss = 3.8571, nll_loss = 3.7654, ref_nll_loss = 3.9487, ivc_loss = 0.0903, neg_loss_1 = 0.0127, neg_loss_2 = 0.0108, ref_loss = 0.0222, div_loss = 0.0089, 0.792 seconds/batch
2026-04-19 16:07:40,116 - Epoch 15, Batch 950, lr = 0.00006, final_loss = 3.8933, nll_loss = 3.8049, ref_nll_loss = 3.9817, ivc_loss = 0.0935, neg_loss_1 = 0.0158, neg_loss_2 = 0.0092, ref_loss = 0.0248, div_loss = 0.0087, 0.786 seconds/batch
2026-04-19 16:08:14,130 - Epoch 15, Batch 1000, lr = 0.00006, final_loss = 3.8802, nll_loss = 3.7885, ref_nll_loss = 3.9719, ivc_loss = 0.0895, neg_loss_1 = 0.0136, neg_loss_2 = 0.0095, ref_loss = 0.0225, div_loss = 0.0088, 0.781 seconds/batch
2026-04-19 16:08:48,459 - Epoch 15, Batch 1050, lr = 0.00006, final_loss = 3.9015, nll_loss = 3.8110, ref_nll_loss = 3.9920, ivc_loss = 0.0887, neg_loss_1 = 0.0135, neg_loss_2 = 0.0082, ref_loss = 0.0224, div_loss = 0.0089, 0.776 seconds/batch
2026-04-19 16:09:22,224 - Epoch 15, Batch 1100, lr = 0.00006, final_loss = 3.8343, nll_loss = 3.7409, ref_nll_loss = 3.9276, ivc_loss = 0.0861, neg_loss_1 = 0.0122, neg_loss_2 = 0.0078, ref_loss = 0.0224, div_loss = 0.0087, 0.772 seconds/batch
2026-04-19 16:09:55,999 - Epoch 15, Batch 1150, lr = 0.00006, final_loss = 3.8980, nll_loss = 3.8056, ref_nll_loss = 3.9905, ivc_loss = 0.0878, neg_loss_1 = 0.0134, neg_loss_2 = 0.0080, ref_loss = 0.0233, div_loss = 0.0086, 0.767 seconds/batch
2026-04-19 16:10:07,804 - Epoch 15, Batch 1170, lr = 0.00006, final_loss = 3.8288, nll_loss = 3.7375, ref_nll_loss = 3.9202, ivc_loss = 0.0915, neg_loss_1 = 0.0134, neg_loss_2 = 0.0128, ref_loss = 0.0219, div_loss = 0.0087, 0.764 seconds/batch
2026-04-19 16:10:07,877 - save model to checkpoints/activitynet_moe/cpl_moe/model-15.pt, num_updates 17550.
2026-04-19 16:13:35,074 - | R@1,mIoU 0.3011 | R@1,IoU@0.1 0.6889 | R@1,IoU@0.3 0.5098 | R@1,IoU@0.5 0.2245 | R@1,IoU@0.7 0.0724 | R@1,IoU@0.9 0.0082 | R@5,mIoU 0.5288 | R@5,IoU@0.1 0.9190 | R@5,IoU@0.3 0.7834 | R@5,IoU@0.5 0.5451 | R@5,IoU@0.7 0.3218 | R@5,IoU@0.9 0.0769 |
2026-04-19 16:13:35,074 - ============================================================
2026-04-19 16:13:35,074 - Start Epoch 16
2026-04-19 16:14:14,330 - Epoch 16, Batch 50, lr = 0.00006, final_loss = 3.8733, nll_loss = 3.7844, ref_nll_loss = 3.9623, ivc_loss = 0.0902, neg_loss_1 = 0.0142, neg_loss_2 = 0.0098, ref_loss = 0.0219, div_loss = 0.0089, 0.785 seconds/batch
2026-04-19 16:14:54,197 - Epoch 16, Batch 100, lr = 0.00006, final_loss = 3.8548, nll_loss = 3.7626, ref_nll_loss = 3.9470, ivc_loss = 0.0873, neg_loss_1 = 0.0136, neg_loss_2 = 0.0074, ref_loss = 0.0222, div_loss = 0.0088, 0.791 seconds/batch
2026-04-19 16:15:34,644 - Epoch 16, Batch 150, lr = 0.00006, final_loss = 3.8552, nll_loss = 3.7625, ref_nll_loss = 3.9479, ivc_loss = 0.0931, neg_loss_1 = 0.0139, neg_loss_2 = 0.0119, ref_loss = 0.0237, div_loss = 0.0087, 0.797 seconds/batch
2026-04-19 16:16:14,726 - Epoch 16, Batch 200, lr = 0.00006, final_loss = 3.8357, nll_loss = 3.7444, ref_nll_loss = 3.9270, ivc_loss = 0.0911, neg_loss_1 = 0.0118, neg_loss_2 = 0.0106, ref_loss = 0.0238, div_loss = 0.0090, 0.798 seconds/batch
2026-04-19 16:16:54,794 - Epoch 16, Batch 250, lr = 0.00006, final_loss = 3.8858, nll_loss = 3.7932, ref_nll_loss = 3.9784, ivc_loss = 0.0900, neg_loss_1 = 0.0137, neg_loss_2 = 0.0082, ref_loss = 0.0231, div_loss = 0.0090, 0.799 seconds/batch
2026-04-19 16:17:34,909 - Epoch 16, Batch 300, lr = 0.00006, final_loss = 3.8898, nll_loss = 3.7944, ref_nll_loss = 3.9852, ivc_loss = 0.0912, neg_loss_1 = 0.0126, neg_loss_2 = 0.0098, ref_loss = 0.0226, div_loss = 0.0093, 0.799 seconds/batch
2026-04-19 16:18:14,928 - Epoch 16, Batch 350, lr = 0.00006, final_loss = 3.8420, nll_loss = 3.7507, ref_nll_loss = 3.9333, ivc_loss = 0.0898, neg_loss_1 = 0.0128, neg_loss_2 = 0.0094, ref_loss = 0.0228, div_loss = 0.0090, 0.800 seconds/batch
2026-04-19 16:18:55,121 - Epoch 16, Batch 400, lr = 0.00006, final_loss = 3.8284, nll_loss = 3.7345, ref_nll_loss = 3.9222, ivc_loss = 0.0917, neg_loss_1 = 0.0150, neg_loss_2 = 0.0106, ref_loss = 0.0213, div_loss = 0.0089, 0.800 seconds/batch
2026-04-19 16:19:34,553 - Epoch 16, Batch 450, lr = 0.00006, final_loss = 3.8592, nll_loss = 3.7665, ref_nll_loss = 3.9519, ivc_loss = 0.0901, neg_loss_1 = 0.0145, neg_loss_2 = 0.0096, ref_loss = 0.0231, div_loss = 0.0086, 0.799 seconds/batch
2026-04-19 16:20:13,798 - Epoch 16, Batch 500, lr = 0.00006, final_loss = 3.8419, nll_loss = 3.7491, ref_nll_loss = 3.9347, ivc_loss = 0.0927, neg_loss_1 = 0.0140, neg_loss_2 = 0.0105, ref_loss = 0.0236, div_loss = 0.0089, 0.797 seconds/batch
2026-04-19 16:20:53,566 - Epoch 16, Batch 550, lr = 0.00006, final_loss = 3.8707, nll_loss = 3.7784, ref_nll_loss = 3.9629, ivc_loss = 0.0894, neg_loss_1 = 0.0125, neg_loss_2 = 0.0104, ref_loss = 0.0231, div_loss = 0.0087, 0.797 seconds/batch
2026-04-19 16:21:33,849 - Epoch 16, Batch 600, lr = 0.00006, final_loss = 3.8563, nll_loss = 3.7619, ref_nll_loss = 3.9507, ivc_loss = 0.0942, neg_loss_1 = 0.0121, neg_loss_2 = 0.0122, ref_loss = 0.0249, div_loss = 0.0090, 0.798 seconds/batch
2026-04-19 16:22:14,156 - Epoch 16, Batch 650, lr = 0.00006, final_loss = 3.8883, nll_loss = 3.7974, ref_nll_loss = 3.9792, ivc_loss = 0.0913, neg_loss_1 = 0.0122, neg_loss_2 = 0.0111, ref_loss = 0.0234, div_loss = 0.0089, 0.799 seconds/batch
2026-04-19 16:22:54,031 - Epoch 16, Batch 700, lr = 0.00006, final_loss = 3.8382, nll_loss = 3.7398, ref_nll_loss = 3.9365, ivc_loss = 0.0876, neg_loss_1 = 0.0133, neg_loss_2 = 0.0101, ref_loss = 0.0191, div_loss = 0.0090, 0.799 seconds/batch
2026-04-19 16:23:34,126 - Epoch 16, Batch 750, lr = 0.00006, final_loss = 3.8327, nll_loss = 3.7415, ref_nll_loss = 3.9239, ivc_loss = 0.0904, neg_loss_1 = 0.0117, neg_loss_2 = 0.0103, ref_loss = 0.0237, div_loss = 0.0089, 0.799 seconds/batch
2026-04-19 16:24:13,961 - Epoch 16, Batch 800, lr = 0.00006, final_loss = 3.8596, nll_loss = 3.7642, ref_nll_loss = 3.9550, ivc_loss = 0.0920, neg_loss_1 = 0.0132, neg_loss_2 = 0.0103, ref_loss = 0.0233, div_loss = 0.0090, 0.799 seconds/batch
2026-04-19 16:24:53,353 - Epoch 16, Batch 850, lr = 0.00006, final_loss = 3.8439, nll_loss = 3.7506, ref_nll_loss = 3.9373, ivc_loss = 0.0879, neg_loss_1 = 0.0119, neg_loss_2 = 0.0096, ref_loss = 0.0213, div_loss = 0.0090, 0.798 seconds/batch
2026-04-19 16:25:27,568 - Epoch 16, Batch 900, lr = 0.00006, final_loss = 3.8543, nll_loss = 3.7596, ref_nll_loss = 3.9489, ivc_loss = 0.0884, neg_loss_1 = 0.0124, neg_loss_2 = 0.0096, ref_loss = 0.0206, div_loss = 0.0092, 0.792 seconds/batch
2026-04-19 16:26:01,495 - Epoch 16, Batch 950, lr = 0.00006, final_loss = 3.8730, nll_loss = 3.7793, ref_nll_loss = 3.9667, ivc_loss = 0.0873, neg_loss_1 = 0.0113, neg_loss_2 = 0.0090, ref_loss = 0.0232, div_loss = 0.0088, 0.786 seconds/batch
2026-04-19 16:26:36,040 - Epoch 16, Batch 1000, lr = 0.00006, final_loss = 3.8840, nll_loss = 3.7915, ref_nll_loss = 3.9764, ivc_loss = 0.0893, neg_loss_1 = 0.0140, neg_loss_2 = 0.0072, ref_loss = 0.0230, div_loss = 0.0090, 0.781 seconds/batch
2026-04-19 16:27:10,344 - Epoch 16, Batch 1050, lr = 0.00006, final_loss = 3.8664, nll_loss = 3.7771, ref_nll_loss = 3.9557, ivc_loss = 0.0903, neg_loss_1 = 0.0129, neg_loss_2 = 0.0093, ref_loss = 0.0240, div_loss = 0.0088, 0.776 seconds/batch
2026-04-19 16:27:44,486 - Epoch 16, Batch 1100, lr = 0.00006, final_loss = 3.8473, nll_loss = 3.7534, ref_nll_loss = 3.9411, ivc_loss = 0.0893, neg_loss_1 = 0.0127, neg_loss_2 = 0.0084, ref_loss = 0.0228, div_loss = 0.0091, 0.772 seconds/batch
2026-04-19 16:28:18,295 - Epoch 16, Batch 1150, lr = 0.00006, final_loss = 3.8587, nll_loss = 3.7645, ref_nll_loss = 3.9529, ivc_loss = 0.0913, neg_loss_1 = 0.0127, neg_loss_2 = 0.0094, ref_loss = 0.0226, div_loss = 0.0093, 0.768 seconds/batch
2026-04-19 16:28:29,571 - Epoch 16, Batch 1170, lr = 0.00006, final_loss = 3.8260, nll_loss = 3.7310, ref_nll_loss = 3.9209, ivc_loss = 0.0968, neg_loss_1 = 0.0145, neg_loss_2 = 0.0145, ref_loss = 0.0212, div_loss = 0.0093, 0.765 seconds/batch
2026-04-19 16:28:29,647 - save model to checkpoints/activitynet_moe/cpl_moe/model-16.pt, num_updates 18720.
2026-04-19 16:31:58,291 - | R@1,mIoU 0.3063 | R@1,IoU@0.1 0.6918 | R@1,IoU@0.3 0.5216 | R@1,IoU@0.5 0.2347 | R@1,IoU@0.7 0.0771 | R@1,IoU@0.9 0.0096 | R@5,mIoU 0.5276 | R@5,IoU@0.1 0.9199 | R@5,IoU@0.3 0.7851 | R@5,IoU@0.5 0.5412 | R@5,IoU@0.7 0.3218 | R@5,IoU@0.9 0.0745 |
2026-04-19 16:31:58,291 - ============================================================
2026-04-19 16:31:58,291 - Start Epoch 17
2026-04-19 16:32:38,274 - Epoch 17, Batch 50, lr = 0.00006, final_loss = 3.8275, nll_loss = 3.7326, ref_nll_loss = 3.9225, ivc_loss = 0.0913, neg_loss_1 = 0.0133, neg_loss_2 = 0.0093, ref_loss = 0.0214, div_loss = 0.0095, 0.800 seconds/batch
2026-04-19 16:33:18,120 - Epoch 17, Batch 100, lr = 0.00006, final_loss = 3.8656, nll_loss = 3.7738, ref_nll_loss = 3.9575, ivc_loss = 0.0911, neg_loss_1 = 0.0149, neg_loss_2 = 0.0100, ref_loss = 0.0221, div_loss = 0.0088, 0.798 seconds/batch
2026-04-19 16:33:58,162 - Epoch 17, Batch 150, lr = 0.00006, final_loss = 3.8114, nll_loss = 3.7207, ref_nll_loss = 3.9021, ivc_loss = 0.0921, neg_loss_1 = 0.0135, neg_loss_2 = 0.0117, ref_loss = 0.0233, div_loss = 0.0087, 0.799 seconds/batch
2026-04-19 16:34:38,315 - Epoch 17, Batch 200, lr = 0.00006, final_loss = 3.8520, nll_loss = 3.7592, ref_nll_loss = 3.9447, ivc_loss = 0.0871, neg_loss_1 = 0.0136, neg_loss_2 = 0.0077, ref_loss = 0.0221, div_loss = 0.0087, 0.800 seconds/batch
2026-04-19 16:35:17,917 - Epoch 17, Batch 250, lr = 0.00006, final_loss = 3.8214, nll_loss = 3.7277, ref_nll_loss = 3.9151, ivc_loss = 0.0933, neg_loss_1 = 0.0149, neg_loss_2 = 0.0092, ref_loss = 0.0237, div_loss = 0.0091, 0.799 seconds/batch
2026-04-19 16:35:57,411 - Epoch 17, Batch 300, lr = 0.00006, final_loss = 3.8507, nll_loss = 3.7592, ref_nll_loss = 3.9421, ivc_loss = 0.0900, neg_loss_1 = 0.0140, neg_loss_2 = 0.0096, ref_loss = 0.0227, div_loss = 0.0088, 0.797 seconds/batch
2026-04-19 16:36:37,110 - Epoch 17, Batch 350, lr = 0.00006, final_loss = 3.8534, nll_loss = 3.7594, ref_nll_loss = 3.9474, ivc_loss = 0.0879, neg_loss_1 = 0.0132, neg_loss_2 = 0.0092, ref_loss = 0.0209, div_loss = 0.0089, 0.797 seconds/batch
2026-04-19 16:37:17,139 - Epoch 17, Batch 400, lr = 0.00006, final_loss = 3.8716, nll_loss = 3.7769, ref_nll_loss = 3.9662, ivc_loss = 0.0906, neg_loss_1 = 0.0146, neg_loss_2 = 0.0111, ref_loss = 0.0210, div_loss = 0.0088, 0.797 seconds/batch
2026-04-19 16:37:57,276 - Epoch 17, Batch 450, lr = 0.00006, final_loss = 3.8257, nll_loss = 3.7358, ref_nll_loss = 3.9155, ivc_loss = 0.0899, neg_loss_1 = 0.0136, neg_loss_2 = 0.0097, ref_loss = 0.0223, div_loss = 0.0089, 0.798 seconds/batch
2026-04-19 16:38:36,914 - Epoch 17, Batch 500, lr = 0.00006, final_loss = 3.8268, nll_loss = 3.7312, ref_nll_loss = 3.9223, ivc_loss = 0.0875, neg_loss_1 = 0.0118, neg_loss_2 = 0.0106, ref_loss = 0.0213, div_loss = 0.0088, 0.797 seconds/batch
2026-04-19 16:39:16,885 - Epoch 17, Batch 550, lr = 0.00006, final_loss = 3.8633, nll_loss = 3.7687, ref_nll_loss = 3.9579, ivc_loss = 0.0907, neg_loss_1 = 0.0136, neg_loss_2 = 0.0104, ref_loss = 0.0229, div_loss = 0.0088, 0.797 seconds/batch
2026-04-19 16:39:56,751 - Epoch 17, Batch 600, lr = 0.00006, final_loss = 3.8361, nll_loss = 3.7412, ref_nll_loss = 3.9310, ivc_loss = 0.0882, neg_loss_1 = 0.0138, neg_loss_2 = 0.0087, ref_loss = 0.0196, div_loss = 0.0092, 0.797 seconds/batch
2026-04-19 16:40:36,456 - Epoch 17, Batch 650, lr = 0.00006, final_loss = 3.7975, nll_loss = 3.7045, ref_nll_loss = 3.8906, ivc_loss = 0.0897, neg_loss_1 = 0.0142, neg_loss_2 = 0.0084, ref_loss = 0.0210, div_loss = 0.0092, 0.797 seconds/batch
2026-04-19 16:41:16,468 - Epoch 17, Batch 700, lr = 0.00006, final_loss = 3.8305, nll_loss = 3.7353, ref_nll_loss = 3.9258, ivc_loss = 0.0856, neg_loss_1 = 0.0108, neg_loss_2 = 0.0088, ref_loss = 0.0197, div_loss = 0.0093, 0.797 seconds/batch
2026-04-19 16:41:56,250 - Epoch 17, Batch 750, lr = 0.00006, final_loss = 3.8271, nll_loss = 3.7333, ref_nll_loss = 3.9209, ivc_loss = 0.0912, neg_loss_1 = 0.0132, neg_loss_2 = 0.0092, ref_loss = 0.0234, div_loss = 0.0091, 0.797 seconds/batch
2026-04-19 16:42:36,083 - Epoch 17, Batch 800, lr = 0.00006, final_loss = 3.8333, nll_loss = 3.7401, ref_nll_loss = 3.9264, ivc_loss = 0.0909, neg_loss_1 = 0.0133, neg_loss_2 = 0.0101, ref_loss = 0.0226, div_loss = 0.0090, 0.797 seconds/batch
2026-04-19 16:43:13,603 - Epoch 17, Batch 850, lr = 0.00006, final_loss = 3.8473, nll_loss = 3.7533, ref_nll_loss = 3.9413, ivc_loss = 0.0894, neg_loss_1 = 0.0113, neg_loss_2 = 0.0101, ref_loss = 0.0219, div_loss = 0.0092, 0.794 seconds/batch
2026-04-19 16:43:47,554 - Epoch 17, Batch 900, lr = 0.00006, final_loss = 3.8645, nll_loss = 3.7724, ref_nll_loss = 3.9566, ivc_loss = 0.0914, neg_loss_1 = 0.0147, neg_loss_2 = 0.0096, ref_loss = 0.0224, div_loss = 0.0090, 0.788 seconds/batch
2026-04-19 16:44:21,486 - Epoch 17, Batch 950, lr = 0.00006, final_loss = 3.8617, nll_loss = 3.7660, ref_nll_loss = 3.9573, ivc_loss = 0.0935, neg_loss_1 = 0.0139, neg_loss_2 = 0.0117, ref_loss = 0.0212, div_loss = 0.0093, 0.782 seconds/batch
2026-04-19 16:44:55,641 - Epoch 17, Batch 1000, lr = 0.00006, final_loss = 3.8677, nll_loss = 3.7716, ref_nll_loss = 3.9638, ivc_loss = 0.0912, neg_loss_1 = 0.0125, neg_loss_2 = 0.0091, ref_loss = 0.0219, div_loss = 0.0095, 0.777 seconds/batch
2026-04-19 16:45:29,322 - Epoch 17, Batch 1050, lr = 0.00006, final_loss = 3.8012, nll_loss = 3.7072, ref_nll_loss = 3.8952, ivc_loss = 0.0897, neg_loss_1 = 0.0146, neg_loss_2 = 0.0090, ref_loss = 0.0213, div_loss = 0.0090, 0.772 seconds/batch
2026-04-19 16:46:03,079 - Epoch 17, Batch 1100, lr = 0.00006, final_loss = 3.8305, nll_loss = 3.7361, ref_nll_loss = 3.9250, ivc_loss = 0.0880, neg_loss_1 = 0.0128, neg_loss_2 = 0.0093, ref_loss = 0.0209, div_loss = 0.0090, 0.768 seconds/batch
2026-04-19 16:46:37,049 - Epoch 17, Batch 1150, lr = 0.00006, final_loss = 3.8547, nll_loss = 3.7629, ref_nll_loss = 3.9465, ivc_loss = 0.0944, neg_loss_1 = 0.0150, neg_loss_2 = 0.0107, ref_loss = 0.0240, div_loss = 0.0089, 0.764 seconds/batch
2026-04-19 16:46:47,985 - Epoch 17, Batch 1170, lr = 0.00006, final_loss = 3.8351, nll_loss = 3.7409, ref_nll_loss = 3.9293, ivc_loss = 0.0879, neg_loss_1 = 0.0131, neg_loss_2 = 0.0104, ref_loss = 0.0198, div_loss = 0.0089, 0.760 seconds/batch
2026-04-19 16:46:48,068 - save model to checkpoints/activitynet_moe/cpl_moe/model-17.pt, num_updates 19890.
2026-04-19 16:50:17,898 - | R@1,mIoU 0.3040 | R@1,IoU@0.1 0.6824 | R@1,IoU@0.3 0.5139 | R@1,IoU@0.5 0.2345 | R@1,IoU@0.7 0.0773 | R@1,IoU@0.9 0.0089 | R@5,mIoU 0.5284 | R@5,IoU@0.1 0.9200 | R@5,IoU@0.3 0.7837 | R@5,IoU@0.5 0.5432 | R@5,IoU@0.7 0.3194 | R@5,IoU@0.9 0.0765 |
2026-04-19 16:50:17,898 - ============================================================
2026-04-19 16:50:17,898 - Start Epoch 18
2026-04-19 16:50:57,817 - Epoch 18, Batch 50, lr = 0.00006, final_loss = 3.8264, nll_loss = 3.7315, ref_nll_loss = 3.9213, ivc_loss = 0.0896, neg_loss_1 = 0.0129, neg_loss_2 = 0.0097, ref_loss = 0.0216, div_loss = 0.0091, 0.798 seconds/batch
2026-04-19 16:51:37,409 - Epoch 18, Batch 100, lr = 0.00006, final_loss = 3.8226, nll_loss = 3.7324, ref_nll_loss = 3.9129, ivc_loss = 0.0941, neg_loss_1 = 0.0146, neg_loss_2 = 0.0086, ref_loss = 0.0243, div_loss = 0.0093, 0.795 seconds/batch
2026-04-19 16:52:17,246 - Epoch 18, Batch 150, lr = 0.00006, final_loss = 3.8080, nll_loss = 3.7159, ref_nll_loss = 3.9000, ivc_loss = 0.0954, neg_loss_1 = 0.0134, neg_loss_2 = 0.0105, ref_loss = 0.0241, div_loss = 0.0095, 0.796 seconds/batch
2026-04-19 16:52:56,557 - Epoch 18, Batch 200, lr = 0.00006, final_loss = 3.8129, nll_loss = 3.7174, ref_nll_loss = 3.9084, ivc_loss = 0.0897, neg_loss_1 = 0.0120, neg_loss_2 = 0.0089, ref_loss = 0.0218, div_loss = 0.0094, 0.793 seconds/batch
2026-04-19 16:53:36,577 - Epoch 18, Batch 250, lr = 0.00006, final_loss = 3.8279, nll_loss = 3.7326, ref_nll_loss = 3.9231, ivc_loss = 0.0894, neg_loss_1 = 0.0109, neg_loss_2 = 0.0108, ref_loss = 0.0216, div_loss = 0.0092, 0.795 seconds/batch
2026-04-19 16:54:16,697 - Epoch 18, Batch 300, lr = 0.00006, final_loss = 3.8150, nll_loss = 3.7206, ref_nll_loss = 3.9093, ivc_loss = 0.0895, neg_loss_1 = 0.0117, neg_loss_2 = 0.0099, ref_loss = 0.0222, div_loss = 0.0091, 0.796 seconds/batch
2026-04-19 16:54:56,838 - Epoch 18, Batch 350, lr = 0.00006, final_loss = 3.8355, nll_loss = 3.7421, ref_nll_loss = 3.9289, ivc_loss = 0.0891, neg_loss_1 = 0.0135, neg_loss_2 = 0.0087, ref_loss = 0.0222, div_loss = 0.0089, 0.797 seconds/batch
2026-04-19 16:55:36,843 - Epoch 18, Batch 400, lr = 0.00006, final_loss = 3.7993, nll_loss = 3.7034, ref_nll_loss = 3.8951, ivc_loss = 0.0902, neg_loss_1 = 0.0132, neg_loss_2 = 0.0079, ref_loss = 0.0213, div_loss = 0.0096, 0.797 seconds/batch
2026-04-19 16:56:16,301 - Epoch 18, Batch 450, lr = 0.00006, final_loss = 3.8425, nll_loss = 3.7452, ref_nll_loss = 3.9399, ivc_loss = 0.0906, neg_loss_1 = 0.0127, neg_loss_2 = 0.0107, ref_loss = 0.0218, div_loss = 0.0091, 0.796 seconds/batch
2026-04-19 16:56:56,313 - Epoch 18, Batch 500, lr = 0.00006, final_loss = 3.8250, nll_loss = 3.7303, ref_nll_loss = 3.9197, ivc_loss = 0.0895, neg_loss_1 = 0.0121, neg_loss_2 = 0.0103, ref_loss = 0.0223, div_loss = 0.0089, 0.797 seconds/batch
2026-04-19 16:57:35,659 - Epoch 18, Batch 550, lr = 0.00006, final_loss = 3.8179, nll_loss = 3.7223, ref_nll_loss = 3.9135, ivc_loss = 0.0892, neg_loss_1 = 0.0110, neg_loss_2 = 0.0089, ref_loss = 0.0230, div_loss = 0.0093, 0.796 seconds/batch
2026-04-19 16:58:14,977 - Epoch 18, Batch 600, lr = 0.00006, final_loss = 3.8205, nll_loss = 3.7214, ref_nll_loss = 3.9196, ivc_loss = 0.0898, neg_loss_1 = 0.0135, neg_loss_2 = 0.0090, ref_loss = 0.0206, div_loss = 0.0093, 0.795 seconds/batch
2026-04-19 16:58:54,971 - Epoch 18, Batch 650, lr = 0.00006, final_loss = 3.8225, nll_loss = 3.7265, ref_nll_loss = 3.9186, ivc_loss = 0.0904, neg_loss_1 = 0.0123, neg_loss_2 = 0.0102, ref_loss = 0.0225, div_loss = 0.0091, 0.795 seconds/batch
2026-04-19 16:59:35,030 - Epoch 18, Batch 700, lr = 0.00006, final_loss = 3.8280, nll_loss = 3.7336, ref_nll_loss = 3.9225, ivc_loss = 0.0900, neg_loss_1 = 0.0124, neg_loss_2 = 0.0104, ref_loss = 0.0224, div_loss = 0.0090, 0.796 seconds/batch
2026-04-19 17:00:15,193 - Epoch 18, Batch 750, lr = 0.00006, final_loss = 3.8459, nll_loss = 3.7505, ref_nll_loss = 3.9412, ivc_loss = 0.0914, neg_loss_1 = 0.0130, neg_loss_2 = 0.0113, ref_loss = 0.0210, div_loss = 0.0092, 0.796 seconds/batch
2026-04-19 17:00:54,960 - Epoch 18, Batch 800, lr = 0.00006, final_loss = 3.8464, nll_loss = 3.7488, ref_nll_loss = 3.9439, ivc_loss = 0.0897, neg_loss_1 = 0.0131, neg_loss_2 = 0.0087, ref_loss = 0.0211, div_loss = 0.0094, 0.796 seconds/batch
2026-04-19 17:01:31,163 - Epoch 18, Batch 850, lr = 0.00006, final_loss = 3.8330, nll_loss = 3.7377, ref_nll_loss = 3.9284, ivc_loss = 0.0899, neg_loss_1 = 0.0138, neg_loss_2 = 0.0096, ref_loss = 0.0205, div_loss = 0.0092, 0.792 seconds/batch
2026-04-19 17:02:05,141 - Epoch 18, Batch 900, lr = 0.00006, final_loss = 3.8535, nll_loss = 3.7584, ref_nll_loss = 3.9486, ivc_loss = 0.0868, neg_loss_1 = 0.0124, neg_loss_2 = 0.0080, ref_loss = 0.0200, div_loss = 0.0093, 0.786 seconds/batch
2026-04-19 17:02:38,756 - Epoch 18, Batch 950, lr = 0.00006, final_loss = 3.7961, nll_loss = 3.6995, ref_nll_loss = 3.8927, ivc_loss = 0.0892, neg_loss_1 = 0.0127, neg_loss_2 = 0.0080, ref_loss = 0.0209, div_loss = 0.0095, 0.780 seconds/batch
2026-04-19 17:03:13,094 - Epoch 18, Batch 1000, lr = 0.00006, final_loss = 3.8404, nll_loss = 3.7450, ref_nll_loss = 3.9358, ivc_loss = 0.0910, neg_loss_1 = 0.0142, neg_loss_2 = 0.0097, ref_loss = 0.0209, div_loss = 0.0093, 0.775 seconds/batch
2026-04-19 17:03:47,043 - Epoch 18, Batch 1050, lr = 0.00006, final_loss = 3.7993, nll_loss = 3.7047, ref_nll_loss = 3.8939, ivc_loss = 0.0917, neg_loss_1 = 0.0131, neg_loss_2 = 0.0099, ref_loss = 0.0215, div_loss = 0.0094, 0.771 seconds/batch
2026-04-19 17:04:21,049 - Epoch 18, Batch 1100, lr = 0.00006, final_loss = 3.8276, nll_loss = 3.7303, ref_nll_loss = 3.9250, ivc_loss = 0.0878, neg_loss_1 = 0.0138, neg_loss_2 = 0.0072, ref_loss = 0.0211, div_loss = 0.0091, 0.767 seconds/batch
2026-04-19 17:04:54,669 - Epoch 18, Batch 1150, lr = 0.00006, final_loss = 3.8486, nll_loss = 3.7526, ref_nll_loss = 3.9447, ivc_loss = 0.0891, neg_loss_1 = 0.0126, neg_loss_2 = 0.0089, ref_loss = 0.0207, div_loss = 0.0094, 0.762 seconds/batch
2026-04-19 17:05:05,070 - Epoch 18, Batch 1170, lr = 0.00006, final_loss = 3.8196, nll_loss = 3.7243, ref_nll_loss = 3.9149, ivc_loss = 0.0916, neg_loss_1 = 0.0159, neg_loss_2 = 0.0072, ref_loss = 0.0209, div_loss = 0.0095, 0.758 seconds/batch
2026-04-19 17:05:05,146 - save model to checkpoints/activitynet_moe/cpl_moe/model-18.pt, num_updates 21060.
2026-04-19 17:08:38,448 - | R@1,mIoU 0.3090 | R@1,IoU@0.1 0.6978 | R@1,IoU@0.3 0.5196 | R@1,IoU@0.5 0.2384 | R@1,IoU@0.7 0.0822 | R@1,IoU@0.9 0.0100 | R@5,mIoU 0.5252 | R@5,IoU@0.1 0.9173 | R@5,IoU@0.3 0.7810 | R@5,IoU@0.5 0.5384 | R@5,IoU@0.7 0.3166 | R@5,IoU@0.9 0.0727 |
2026-04-19 17:08:38,448 - ============================================================
2026-04-19 17:08:38,448 - Start Epoch 19
2026-04-19 17:09:18,262 - Epoch 19, Batch 50, lr = 0.00006, final_loss = 3.8101, nll_loss = 3.7107, ref_nll_loss = 3.9096, ivc_loss = 0.0876, neg_loss_1 = 0.0123, neg_loss_2 = 0.0105, ref_loss = 0.0184, div_loss = 0.0093, 0.796 seconds/batch
2026-04-19 17:09:58,208 - Epoch 19, Batch 100, lr = 0.00005, final_loss = 3.8046, nll_loss = 3.7122, ref_nll_loss = 3.8971, ivc_loss = 0.0957, neg_loss_1 = 0.0140, neg_loss_2 = 0.0103, ref_loss = 0.0230, div_loss = 0.0097, 0.798 seconds/batch
2026-04-19 17:10:37,981 - Epoch 19, Batch 150, lr = 0.00005, final_loss = 3.8146, nll_loss = 3.7173, ref_nll_loss = 3.9119, ivc_loss = 0.0882, neg_loss_1 = 0.0120, neg_loss_2 = 0.0103, ref_loss = 0.0198, div_loss = 0.0092, 0.797 seconds/batch
2026-04-19 17:11:17,688 - Epoch 19, Batch 200, lr = 0.00005, final_loss = 3.7911, nll_loss = 3.6976, ref_nll_loss = 3.8846, ivc_loss = 0.0917, neg_loss_1 = 0.0129, neg_loss_2 = 0.0084, ref_loss = 0.0241, div_loss = 0.0093, 0.796 seconds/batch
2026-04-19 17:11:57,094 - Epoch 19, Batch 250, lr = 0.00005, final_loss = 3.7979, nll_loss = 3.7019, ref_nll_loss = 3.8939, ivc_loss = 0.0868, neg_loss_1 = 0.0129, neg_loss_2 = 0.0066, ref_loss = 0.0209, div_loss = 0.0093, 0.795 seconds/batch
2026-04-19 17:12:36,640 - Epoch 19, Batch 300, lr = 0.00005, final_loss = 3.8027, nll_loss = 3.7066, ref_nll_loss = 3.8989, ivc_loss = 0.0912, neg_loss_1 = 0.0142, neg_loss_2 = 0.0077, ref_loss = 0.0228, div_loss = 0.0093, 0.794 seconds/batch
2026-04-19 17:13:16,797 - Epoch 19, Batch 350, lr = 0.00005, final_loss = 3.7947, nll_loss = 3.7004, ref_nll_loss = 3.8890, ivc_loss = 0.0905, neg_loss_1 = 0.0130, neg_loss_2 = 0.0079, ref_loss = 0.0224, div_loss = 0.0095, 0.795 seconds/batch
2026-04-19 17:13:56,907 - Epoch 19, Batch 400, lr = 0.00005, final_loss = 3.8357, nll_loss = 3.7371, ref_nll_loss = 3.9342, ivc_loss = 0.0892, neg_loss_1 = 0.0125, neg_loss_2 = 0.0082, ref_loss = 0.0216, div_loss = 0.0094, 0.796 seconds/batch
2026-04-19 17:14:36,673 - Epoch 19, Batch 450, lr = 0.00005, final_loss = 3.7970, nll_loss = 3.7028, ref_nll_loss = 3.8913, ivc_loss = 0.0912, neg_loss_1 = 0.0141, neg_loss_2 = 0.0093, ref_loss = 0.0215, div_loss = 0.0093, 0.796 seconds/batch
2026-04-19 17:15:16,455 - Epoch 19, Batch 500, lr = 0.00005, final_loss = 3.7945, nll_loss = 3.6977, ref_nll_loss = 3.8913, ivc_loss = 0.0908, neg_loss_1 = 0.0146, neg_loss_2 = 0.0089, ref_loss = 0.0214, div_loss = 0.0092, 0.796 seconds/batch
2026-04-19 17:15:56,378 - Epoch 19, Batch 550, lr = 0.00005, final_loss = 3.8056, nll_loss = 3.7086, ref_nll_loss = 3.9027, ivc_loss = 0.0917, neg_loss_1 = 0.0132, neg_loss_2 = 0.0085, ref_loss = 0.0216, div_loss = 0.0097, 0.796 seconds/batch
2026-04-19 17:16:36,189 - Epoch 19, Batch 600, lr = 0.00005, final_loss = 3.8211, nll_loss = 3.7249, ref_nll_loss = 3.9174, ivc_loss = 0.0915, neg_loss_1 = 0.0137, neg_loss_2 = 0.0090, ref_loss = 0.0204, div_loss = 0.0097, 0.796 seconds/batch
2026-04-19 17:17:15,777 - Epoch 19, Batch 650, lr = 0.00005, final_loss = 3.8040, nll_loss = 3.7086, ref_nll_loss = 3.8993, ivc_loss = 0.0923, neg_loss_1 = 0.0134, neg_loss_2 = 0.0091, ref_loss = 0.0222, div_loss = 0.0095, 0.796 seconds/batch
2026-04-19 17:17:55,643 - Epoch 19, Batch 700, lr = 0.00005, final_loss = 3.8217, nll_loss = 3.7240, ref_nll_loss = 3.9194, ivc_loss = 0.0907, neg_loss_1 = 0.0139, neg_loss_2 = 0.0087, ref_loss = 0.0212, div_loss = 0.0094, 0.796 seconds/batch
2026-04-19 17:18:35,666 - Epoch 19, Batch 750, lr = 0.00005, final_loss = 3.7963, nll_loss = 3.6988, ref_nll_loss = 3.8938, ivc_loss = 0.0931, neg_loss_1 = 0.0152, neg_loss_2 = 0.0097, ref_loss = 0.0198, div_loss = 0.0097, 0.796 seconds/batch
2026-04-19 17:19:15,882 - Epoch 19, Batch 800, lr = 0.00005, final_loss = 3.7983, nll_loss = 3.7010, ref_nll_loss = 3.8955, ivc_loss = 0.0904, neg_loss_1 = 0.0122, neg_loss_2 = 0.0093, ref_loss = 0.0209, div_loss = 0.0096, 0.797 seconds/batch
2026-04-19 17:19:50,544 - Epoch 19, Batch 850, lr = 0.00005, final_loss = 3.8004, nll_loss = 3.6996, ref_nll_loss = 3.9012, ivc_loss = 0.0879, neg_loss_1 = 0.0131, neg_loss_2 = 0.0082, ref_loss = 0.0203, div_loss = 0.0092, 0.791 seconds/batch
2026-04-19 17:20:24,629 - Epoch 19, Batch 900, lr = 0.00005, final_loss = 3.8114, nll_loss = 3.7146, ref_nll_loss = 3.9082, ivc_loss = 0.0916, neg_loss_1 = 0.0150, neg_loss_2 = 0.0092, ref_loss = 0.0223, div_loss = 0.0090, 0.785 seconds/batch
2026-04-19 17:20:58,981 - Epoch 19, Batch 950, lr = 0.00005, final_loss = 3.7962, nll_loss = 3.6995, ref_nll_loss = 3.8930, ivc_loss = 0.0904, neg_loss_1 = 0.0141, neg_loss_2 = 0.0082, ref_loss = 0.0221, div_loss = 0.0092, 0.780 seconds/batch
2026-04-19 17:21:32,752 - Epoch 19, Batch 1000, lr = 0.00005, final_loss = 3.8500, nll_loss = 3.7527, ref_nll_loss = 3.9474, ivc_loss = 0.0966, neg_loss_1 = 0.0147, neg_loss_2 = 0.0109, ref_loss = 0.0228, div_loss = 0.0097, 0.774 seconds/batch
2026-04-19 17:22:07,001 - Epoch 19, Batch 1050, lr = 0.00005, final_loss = 3.8560, nll_loss = 3.7592, ref_nll_loss = 3.9527, ivc_loss = 0.0875, neg_loss_1 = 0.0119, neg_loss_2 = 0.0065, ref_loss = 0.0214, div_loss = 0.0095, 0.770 seconds/batch
2026-04-19 17:22:40,901 - Epoch 19, Batch 1100, lr = 0.00005, final_loss = 3.8094, nll_loss = 3.7151, ref_nll_loss = 3.9037, ivc_loss = 0.0944, neg_loss_1 = 0.0143, neg_loss_2 = 0.0121, ref_loss = 0.0216, div_loss = 0.0093, 0.766 seconds/batch
2026-04-19 17:23:13,682 - Epoch 19, Batch 1150, lr = 0.00005, final_loss = 3.8181, nll_loss = 3.7246, ref_nll_loss = 3.9116, ivc_loss = 0.0921, neg_loss_1 = 0.0132, neg_loss_2 = 0.0085, ref_loss = 0.0234, div_loss = 0.0094, 0.761 seconds/batch
2026-04-19 17:23:23,374 - Epoch 19, Batch 1170, lr = 0.00005, final_loss = 3.8370, nll_loss = 3.7356, ref_nll_loss = 3.9384, ivc_loss = 0.0860, neg_loss_1 = 0.0146, neg_loss_2 = 0.0072, ref_loss = 0.0180, div_loss = 0.0092, 0.756 seconds/batch
2026-04-19 17:23:23,447 - save model to checkpoints/activitynet_moe/cpl_moe/model-19.pt, num_updates 22230.
2026-04-19 17:27:00,170 - | R@1,mIoU 0.3118 | R@1,IoU@0.1 0.6940 | R@1,IoU@0.3 0.5264 | R@1,IoU@0.5 0.2447 | R@1,IoU@0.7 0.0848 | R@1,IoU@0.9 0.0117 | R@5,mIoU 0.5266 | R@5,IoU@0.1 0.9175 | R@5,IoU@0.3 0.7822 | R@5,IoU@0.5 0.5416 | R@5,IoU@0.7 0.3182 | R@5,IoU@0.9 0.0742 |
2026-04-19 17:27:00,170 - ============================================================
2026-04-19 17:27:00,171 - Start Epoch 20
2026-04-19 17:27:40,105 - Epoch 20, Batch 50, lr = 0.00005, final_loss = 3.7781, nll_loss = 3.6802, ref_nll_loss = 3.8760, ivc_loss = 0.0931, neg_loss_1 = 0.0143, neg_loss_2 = 0.0096, ref_loss = 0.0226, div_loss = 0.0093, 0.799 seconds/batch
2026-04-19 17:28:19,947 - Epoch 20, Batch 100, lr = 0.00005, final_loss = 3.8111, nll_loss = 3.7147, ref_nll_loss = 3.9075, ivc_loss = 0.0902, neg_loss_1 = 0.0134, neg_loss_2 = 0.0098, ref_loss = 0.0218, div_loss = 0.0090, 0.798 seconds/batch
2026-04-19 17:28:59,563 - Epoch 20, Batch 150, lr = 0.00005, final_loss = 3.7851, nll_loss = 3.6905, ref_nll_loss = 3.8797, ivc_loss = 0.0885, neg_loss_1 = 0.0125, neg_loss_2 = 0.0090, ref_loss = 0.0218, div_loss = 0.0090, 0.796 seconds/batch
2026-04-19 17:29:39,296 - Epoch 20, Batch 200, lr = 0.00005, final_loss = 3.7719, nll_loss = 3.6753, ref_nll_loss = 3.8686, ivc_loss = 0.0922, neg_loss_1 = 0.0130, neg_loss_2 = 0.0100, ref_loss = 0.0228, div_loss = 0.0093, 0.796 seconds/batch
2026-04-19 17:30:18,922 - Epoch 20, Batch 250, lr = 0.00005, final_loss = 3.7862, nll_loss = 3.6864, ref_nll_loss = 3.8861, ivc_loss = 0.0927, neg_loss_1 = 0.0159, neg_loss_2 = 0.0089, ref_loss = 0.0215, div_loss = 0.0093, 0.795 seconds/batch
2026-04-19 17:30:58,796 - Epoch 20, Batch 300, lr = 0.00005, final_loss = 3.7984, nll_loss = 3.6999, ref_nll_loss = 3.8970, ivc_loss = 0.0886, neg_loss_1 = 0.0132, neg_loss_2 = 0.0083, ref_loss = 0.0200, div_loss = 0.0094, 0.795 seconds/batch
2026-04-19 17:31:38,124 - Epoch 20, Batch 350, lr = 0.00005, final_loss = 3.8126, nll_loss = 3.7155, ref_nll_loss = 3.9097, ivc_loss = 0.0891, neg_loss_1 = 0.0122, neg_loss_2 = 0.0078, ref_loss = 0.0216, div_loss = 0.0095, 0.794 seconds/batch
2026-04-19 17:32:18,104 - Epoch 20, Batch 400, lr = 0.00005, final_loss = 3.8090, nll_loss = 3.7119, ref_nll_loss = 3.9061, ivc_loss = 0.0870, neg_loss_1 = 0.0114, neg_loss_2 = 0.0084, ref_loss = 0.0200, div_loss = 0.0094, 0.795 seconds/batch
2026-04-19 17:32:57,905 - Epoch 20, Batch 450, lr = 0.00005, final_loss = 3.8004, nll_loss = 3.7035, ref_nll_loss = 3.8972, ivc_loss = 0.0916, neg_loss_1 = 0.0128, neg_loss_2 = 0.0100, ref_loss = 0.0210, div_loss = 0.0096, 0.795 seconds/batch
2026-04-19 17:33:37,746 - Epoch 20, Batch 500, lr = 0.00005, final_loss = 3.7999, nll_loss = 3.7028, ref_nll_loss = 3.8971, ivc_loss = 0.0888, neg_loss_1 = 0.0116, neg_loss_2 = 0.0081, ref_loss = 0.0214, div_loss = 0.0095, 0.795 seconds/batch
2026-04-19 17:34:18,062 - Epoch 20, Batch 550, lr = 0.00005, final_loss = 3.8284, nll_loss = 3.7317, ref_nll_loss = 3.9252, ivc_loss = 0.0891, neg_loss_1 = 0.0130, neg_loss_2 = 0.0084, ref_loss = 0.0213, div_loss = 0.0093, 0.796 seconds/batch
2026-04-19 17:34:57,494 - Epoch 20, Batch 600, lr = 0.00005, final_loss = 3.8009, nll_loss = 3.7018, ref_nll_loss = 3.9000, ivc_loss = 0.0869, neg_loss_1 = 0.0117, neg_loss_2 = 0.0089, ref_loss = 0.0211, div_loss = 0.0090, 0.796 seconds/batch
2026-04-19 17:35:37,616 - Epoch 20, Batch 650, lr = 0.00005, final_loss = 3.8210, nll_loss = 3.7214, ref_nll_loss = 3.9205, ivc_loss = 0.0878, neg_loss_1 = 0.0120, neg_loss_2 = 0.0091, ref_loss = 0.0204, div_loss = 0.0093, 0.796 seconds/batch
2026-04-19 17:36:17,329 - Epoch 20, Batch 700, lr = 0.00005, final_loss = 3.8053, nll_loss = 3.7065, ref_nll_loss = 3.9041, ivc_loss = 0.0863, neg_loss_1 = 0.0114, neg_loss_2 = 0.0095, ref_loss = 0.0202, div_loss = 0.0090, 0.796 seconds/batch
2026-04-19 17:36:56,943 - Epoch 20, Batch 750, lr = 0.00005, final_loss = 3.7872, nll_loss = 3.6846, ref_nll_loss = 3.8898, ivc_loss = 0.0871, neg_loss_1 = 0.0114, neg_loss_2 = 0.0081, ref_loss = 0.0202, div_loss = 0.0095, 0.796 seconds/batch
2026-04-19 17:37:35,157 - Epoch 20, Batch 800, lr = 0.00005, final_loss = 3.8167, nll_loss = 3.7194, ref_nll_loss = 3.9140, ivc_loss = 0.0917, neg_loss_1 = 0.0131, neg_loss_2 = 0.0082, ref_loss = 0.0222, div_loss = 0.0096, 0.794 seconds/batch
2026-04-19 17:38:09,323 - Epoch 20, Batch 850, lr = 0.00005, final_loss = 3.8143, nll_loss = 3.7170, ref_nll_loss = 3.9117, ivc_loss = 0.0909, neg_loss_1 = 0.0144, neg_loss_2 = 0.0091, ref_loss = 0.0205, div_loss = 0.0094, 0.787 seconds/batch
2026-04-19 17:38:43,136 - Epoch 20, Batch 900, lr = 0.00005, final_loss = 3.7860, nll_loss = 3.6885, ref_nll_loss = 3.8834, ivc_loss = 0.0897, neg_loss_1 = 0.0130, neg_loss_2 = 0.0098, ref_loss = 0.0213, div_loss = 0.0091, 0.781 seconds/batch
2026-04-19 17:39:17,259 - Epoch 20, Batch 950, lr = 0.00005, final_loss = 3.7970, nll_loss = 3.6995, ref_nll_loss = 3.8945, ivc_loss = 0.0912, neg_loss_1 = 0.0132, neg_loss_2 = 0.0086, ref_loss = 0.0229, div_loss = 0.0093, 0.776 seconds/batch
2026-04-19 17:39:51,214 - Epoch 20, Batch 1000, lr = 0.00005, final_loss = 3.8106, nll_loss = 3.7155, ref_nll_loss = 3.9057, ivc_loss = 0.0949, neg_loss_1 = 0.0158, neg_loss_2 = 0.0105, ref_loss = 0.0216, div_loss = 0.0094, 0.771 seconds/batch
2026-04-19 17:40:24,866 - Epoch 20, Batch 1050, lr = 0.00005, final_loss = 3.7584, nll_loss = 3.6622, ref_nll_loss = 3.8546, ivc_loss = 0.0897, neg_loss_1 = 0.0106, neg_loss_2 = 0.0102, ref_loss = 0.0202, div_loss = 0.0097, 0.766 seconds/batch
2026-04-19 17:40:58,828 - Epoch 20, Batch 1100, lr = 0.00005, final_loss = 3.7810, nll_loss = 3.6851, ref_nll_loss = 3.8768, ivc_loss = 0.0926, neg_loss_1 = 0.0121, neg_loss_2 = 0.0098, ref_loss = 0.0227, div_loss = 0.0096, 0.762 seconds/batch
2026-04-19 17:41:31,184 - Epoch 20, Batch 1150, lr = 0.00005, final_loss = 3.8035, nll_loss = 3.7072, ref_nll_loss = 3.8997, ivc_loss = 0.0926, neg_loss_1 = 0.0138, neg_loss_2 = 0.0099, ref_loss = 0.0215, div_loss = 0.0095, 0.757 seconds/batch
2026-04-19 17:41:40,429 - Epoch 20, Batch 1170, lr = 0.00005, final_loss = 3.8154, nll_loss = 3.7160, ref_nll_loss = 3.9147, ivc_loss = 0.0884, neg_loss_1 = 0.0124, neg_loss_2 = 0.0074, ref_loss = 0.0197, div_loss = 0.0098, 0.752 seconds/batch
2026-04-19 17:41:40,503 - save model to checkpoints/activitynet_moe/cpl_moe/model-20.pt, num_updates 23400.
2026-04-19 17:45:19,767 - | R@1,mIoU 0.3022 | R@1,IoU@0.1 0.6804 | R@1,IoU@0.3 0.5076 | R@1,IoU@0.5 0.2358 | R@1,IoU@0.7 0.0789 | R@1,IoU@0.9 0.0085 | R@5,mIoU 0.5237 | R@5,IoU@0.1 0.9141 | R@5,IoU@0.3 0.7761 | R@5,IoU@0.5 0.5374 | R@5,IoU@0.7 0.3196 | R@5,IoU@0.9 0.0734 |
2026-04-19 17:45:19,767 - ============================================================
2026-04-19 17:45:19,767 - Start Epoch 21
2026-04-19 17:45:59,478 - Epoch 21, Batch 50, lr = 0.00005, final_loss = 3.7644, nll_loss = 3.6672, ref_nll_loss = 3.8616, ivc_loss = 0.0918, neg_loss_1 = 0.0144, neg_loss_2 = 0.0100, ref_loss = 0.0199, div_loss = 0.0095, 0.794 seconds/batch
2026-04-19 17:46:38,747 - Epoch 21, Batch 100, lr = 0.00005, final_loss = 3.7984, nll_loss = 3.7016, ref_nll_loss = 3.8952, ivc_loss = 0.0924, neg_loss_1 = 0.0143, neg_loss_2 = 0.0095, ref_loss = 0.0214, div_loss = 0.0095, 0.790 seconds/batch
2026-04-19 17:47:18,174 - Epoch 21, Batch 150, lr = 0.00005, final_loss = 3.7746, nll_loss = 3.6742, ref_nll_loss = 3.8750, ivc_loss = 0.0910, neg_loss_1 = 0.0118, neg_loss_2 = 0.0090, ref_loss = 0.0202, div_loss = 0.0100, 0.789 seconds/batch
2026-04-19 17:47:58,258 - Epoch 21, Batch 200, lr = 0.00005, final_loss = 3.7969, nll_loss = 3.6986, ref_nll_loss = 3.8952, ivc_loss = 0.0878, neg_loss_1 = 0.0113, neg_loss_2 = 0.0088, ref_loss = 0.0196, div_loss = 0.0096, 0.792 seconds/batch
2026-04-19 17:48:37,769 - Epoch 21, Batch 250, lr = 0.00005, final_loss = 3.7762, nll_loss = 3.6788, ref_nll_loss = 3.8737, ivc_loss = 0.0938, neg_loss_1 = 0.0120, neg_loss_2 = 0.0120, ref_loss = 0.0224, div_loss = 0.0095, 0.792 seconds/batch
2026-04-19 17:49:17,664 - Epoch 21, Batch 300, lr = 0.00005, final_loss = 3.7999, nll_loss = 3.7042, ref_nll_loss = 3.8957, ivc_loss = 0.0934, neg_loss_1 = 0.0139, neg_loss_2 = 0.0105, ref_loss = 0.0227, div_loss = 0.0093, 0.793 seconds/batch
2026-04-19 17:49:57,364 - Epoch 21, Batch 350, lr = 0.00005, final_loss = 3.7754, nll_loss = 3.6769, ref_nll_loss = 3.8739, ivc_loss = 0.0934, neg_loss_1 = 0.0146, neg_loss_2 = 0.0096, ref_loss = 0.0229, div_loss = 0.0093, 0.793 seconds/batch
2026-04-19 17:50:37,332 - Epoch 21, Batch 400, lr = 0.00005, final_loss = 3.7742, nll_loss = 3.6747, ref_nll_loss = 3.8736, ivc_loss = 0.0894, neg_loss_1 = 0.0139, neg_loss_2 = 0.0090, ref_loss = 0.0190, div_loss = 0.0095, 0.794 seconds/batch
2026-04-19 17:51:17,064 - Epoch 21, Batch 450, lr = 0.00005, final_loss = 3.7804, nll_loss = 3.6821, ref_nll_loss = 3.8787, ivc_loss = 0.0949, neg_loss_1 = 0.0162, neg_loss_2 = 0.0111, ref_loss = 0.0219, div_loss = 0.0091, 0.794 seconds/batch
2026-04-19 17:51:57,071 - Epoch 21, Batch 500, lr = 0.00005, final_loss = 3.7577, nll_loss = 3.6607, ref_nll_loss = 3.8548, ivc_loss = 0.0931, neg_loss_1 = 0.0145, neg_loss_2 = 0.0099, ref_loss = 0.0212, div_loss = 0.0095, 0.795 seconds/batch
2026-04-19 17:52:37,274 - Epoch 21, Batch 550, lr = 0.00005, final_loss = 3.7779, nll_loss = 3.6815, ref_nll_loss = 3.8744, ivc_loss = 0.0951, neg_loss_1 = 0.0140, neg_loss_2 = 0.0104, ref_loss = 0.0226, div_loss = 0.0096, 0.795 seconds/batch
2026-04-19 17:53:17,161 - Epoch 21, Batch 600, lr = 0.00005, final_loss = 3.7973, nll_loss = 3.6963, ref_nll_loss = 3.8983, ivc_loss = 0.0867, neg_loss_1 = 0.0105, neg_loss_2 = 0.0083, ref_loss = 0.0204, div_loss = 0.0095, 0.796 seconds/batch
2026-04-19 17:53:56,794 - Epoch 21, Batch 650, lr = 0.00005, final_loss = 3.7712, nll_loss = 3.6718, ref_nll_loss = 3.8706, ivc_loss = 0.0917, neg_loss_1 = 0.0138, neg_loss_2 = 0.0090, ref_loss = 0.0208, div_loss = 0.0096, 0.795 seconds/batch
2026-04-19 17:54:36,960 - Epoch 21, Batch 700, lr = 0.00005, final_loss = 3.7810, nll_loss = 3.6831, ref_nll_loss = 3.8790, ivc_loss = 0.0878, neg_loss_1 = 0.0112, neg_loss_2 = 0.0079, ref_loss = 0.0203, div_loss = 0.0097, 0.796 seconds/batch
2026-04-19 17:55:16,533 - Epoch 21, Batch 750, lr = 0.00005, final_loss = 3.7994, nll_loss = 3.7034, ref_nll_loss = 3.8954, ivc_loss = 0.0905, neg_loss_1 = 0.0147, neg_loss_2 = 0.0078, ref_loss = 0.0218, div_loss = 0.0092, 0.796 seconds/batch
2026-04-19 17:55:52,932 - Epoch 21, Batch 800, lr = 0.00005, final_loss = 3.7853, nll_loss = 3.6853, ref_nll_loss = 3.8854, ivc_loss = 0.0900, neg_loss_1 = 0.0121, neg_loss_2 = 0.0098, ref_loss = 0.0202, div_loss = 0.0096, 0.791 seconds/batch
2026-04-19 17:56:27,466 - Epoch 21, Batch 850, lr = 0.00005, final_loss = 3.7618, nll_loss = 3.6654, ref_nll_loss = 3.8581, ivc_loss = 0.0921, neg_loss_1 = 0.0129, neg_loss_2 = 0.0101, ref_loss = 0.0215, div_loss = 0.0095, 0.786 seconds/batch
2026-04-19 17:57:02,223 - Epoch 21, Batch 900, lr = 0.00005, final_loss = 3.7853, nll_loss = 3.6912, ref_nll_loss = 3.8793, ivc_loss = 0.0962, neg_loss_1 = 0.0141, neg_loss_2 = 0.0103, ref_loss = 0.0238, div_loss = 0.0096, 0.781 seconds/batch
2026-04-19 17:57:36,007 - Epoch 21, Batch 950, lr = 0.00005, final_loss = 3.8317, nll_loss = 3.7327, ref_nll_loss = 3.9307, ivc_loss = 0.0897, neg_loss_1 = 0.0131, neg_loss_2 = 0.0084, ref_loss = 0.0209, div_loss = 0.0095, 0.775 seconds/batch
2026-04-19 17:58:09,999 - Epoch 21, Batch 1000, lr = 0.00005, final_loss = 3.8065, nll_loss = 3.7088, ref_nll_loss = 3.9042, ivc_loss = 0.0921, neg_loss_1 = 0.0142, neg_loss_2 = 0.0097, ref_loss = 0.0218, div_loss = 0.0093, 0.770 seconds/batch
2026-04-19 17:58:43,994 - Epoch 21, Batch 1050, lr = 0.00005, final_loss = 3.7774, nll_loss = 3.6791, ref_nll_loss = 3.8758, ivc_loss = 0.0892, neg_loss_1 = 0.0117, neg_loss_2 = 0.0081, ref_loss = 0.0196, div_loss = 0.0100, 0.766 seconds/batch
2026-04-19 17:59:18,141 - Epoch 21, Batch 1100, lr = 0.00005, final_loss = 3.7599, nll_loss = 3.6603, ref_nll_loss = 3.8596, ivc_loss = 0.0937, neg_loss_1 = 0.0162, neg_loss_2 = 0.0088, ref_loss = 0.0197, div_loss = 0.0098, 0.762 seconds/batch
2026-04-19 17:59:49,681 - Epoch 21, Batch 1150, lr = 0.00005, final_loss = 3.7913, nll_loss = 3.6945, ref_nll_loss = 3.8881, ivc_loss = 0.0905, neg_loss_1 = 0.0129, neg_loss_2 = 0.0086, ref_loss = 0.0208, div_loss = 0.0096, 0.756 seconds/batch
2026-04-19 17:59:58,693 - Epoch 21, Batch 1170, lr = 0.00005, final_loss = 3.7990, nll_loss = 3.6977, ref_nll_loss = 3.9003, ivc_loss = 0.0891, neg_loss_1 = 0.0118, neg_loss_2 = 0.0103, ref_loss = 0.0200, div_loss = 0.0094, 0.751 seconds/batch
2026-04-19 17:59:58,766 - save model to checkpoints/activitynet_moe/cpl_moe/model-21.pt, num_updates 24570.
2026-04-19 18:03:40,579 - | R@1,mIoU 0.3164 | R@1,IoU@0.1 0.7080 | R@1,IoU@0.3 0.5352 | R@1,IoU@0.5 0.2467 | R@1,IoU@0.7 0.0842 | R@1,IoU@0.9 0.0108 | R@5,mIoU 0.5276 | R@5,IoU@0.1 0.9190 | R@5,IoU@0.3 0.7818 | R@5,IoU@0.5 0.5418 | R@5,IoU@0.7 0.3245 | R@5,IoU@0.9 0.0720 |
2026-04-19 18:03:40,579 - ============================================================
2026-04-19 18:03:40,579 - Start Epoch 22
2026-04-19 18:04:20,567 - Epoch 22, Batch 50, lr = 0.00005, final_loss = 3.7738, nll_loss = 3.6777, ref_nll_loss = 3.8698, ivc_loss = 0.0920, neg_loss_1 = 0.0146, neg_loss_2 = 0.0082, ref_loss = 0.0222, div_loss = 0.0094, 0.800 seconds/batch
2026-04-19 18:05:00,121 - Epoch 22, Batch 100, lr = 0.00005, final_loss = 3.7713, nll_loss = 3.6687, ref_nll_loss = 3.8738, ivc_loss = 0.0867, neg_loss_1 = 0.0131, neg_loss_2 = 0.0074, ref_loss = 0.0189, div_loss = 0.0094, 0.795 seconds/batch
2026-04-19 18:05:39,639 - Epoch 22, Batch 150, lr = 0.00005, final_loss = 3.7787, nll_loss = 3.6768, ref_nll_loss = 3.8806, ivc_loss = 0.0889, neg_loss_1 = 0.0113, neg_loss_2 = 0.0103, ref_loss = 0.0211, div_loss = 0.0093, 0.794 seconds/batch
2026-04-19 18:06:19,468 - Epoch 22, Batch 200, lr = 0.00005, final_loss = 3.7753, nll_loss = 3.6751, ref_nll_loss = 3.8755, ivc_loss = 0.0918, neg_loss_1 = 0.0142, neg_loss_2 = 0.0085, ref_loss = 0.0207, div_loss = 0.0097, 0.794 seconds/batch
2026-04-19 18:06:59,305 - Epoch 22, Batch 250, lr = 0.00005, final_loss = 3.7887, nll_loss = 3.6888, ref_nll_loss = 3.8886, ivc_loss = 0.0918, neg_loss_1 = 0.0162, neg_loss_2 = 0.0078, ref_loss = 0.0210, div_loss = 0.0093, 0.795 seconds/batch
2026-04-19 18:07:39,000 - Epoch 22, Batch 300, lr = 0.00005, final_loss = 3.7649, nll_loss = 3.6638, ref_nll_loss = 3.8660, ivc_loss = 0.0942, neg_loss_1 = 0.0152, neg_loss_2 = 0.0101, ref_loss = 0.0215, div_loss = 0.0095, 0.795 seconds/batch
2026-04-19 18:08:18,478 - Epoch 22, Batch 350, lr = 0.00005, final_loss = 3.7654, nll_loss = 3.6637, ref_nll_loss = 3.8671, ivc_loss = 0.0910, neg_loss_1 = 0.0128, neg_loss_2 = 0.0096, ref_loss = 0.0212, div_loss = 0.0095, 0.794 seconds/batch
2026-04-19 18:08:57,975 - Epoch 22, Batch 400, lr = 0.00005, final_loss = 3.7384, nll_loss = 3.6406, ref_nll_loss = 3.8362, ivc_loss = 0.0919, neg_loss_1 = 0.0143, neg_loss_2 = 0.0087, ref_loss = 0.0210, div_loss = 0.0096, 0.793 seconds/batch
2026-04-19 18:09:37,642 - Epoch 22, Batch 450, lr = 0.00005, final_loss = 3.7893, nll_loss = 3.6880, ref_nll_loss = 3.8906, ivc_loss = 0.0892, neg_loss_1 = 0.0130, neg_loss_2 = 0.0088, ref_loss = 0.0198, div_loss = 0.0095, 0.793 seconds/batch
2026-04-19 18:10:17,713 - Epoch 22, Batch 500, lr = 0.00005, final_loss = 3.7654, nll_loss = 3.6631, ref_nll_loss = 3.8678, ivc_loss = 0.0881, neg_loss_1 = 0.0135, neg_loss_2 = 0.0090, ref_loss = 0.0193, div_loss = 0.0093, 0.794 seconds/batch
2026-04-19 18:10:57,538 - Epoch 22, Batch 550, lr = 0.00005, final_loss = 3.7769, nll_loss = 3.6813, ref_nll_loss = 3.8725, ivc_loss = 0.0927, neg_loss_1 = 0.0138, neg_loss_2 = 0.0078, ref_loss = 0.0205, div_loss = 0.0101, 0.794 seconds/batch
2026-04-19 18:11:37,269 - Epoch 22, Batch 600, lr = 0.00005, final_loss = 3.7615, nll_loss = 3.6619, ref_nll_loss = 3.8610, ivc_loss = 0.0899, neg_loss_1 = 0.0125, neg_loss_2 = 0.0090, ref_loss = 0.0210, div_loss = 0.0095, 0.794 seconds/batch
2026-04-19 18:12:17,313 - Epoch 22, Batch 650, lr = 0.00005, final_loss = 3.7732, nll_loss = 3.6757, ref_nll_loss = 3.8707, ivc_loss = 0.0902, neg_loss_1 = 0.0140, neg_loss_2 = 0.0083, ref_loss = 0.0212, div_loss = 0.0093, 0.795 seconds/batch
2026-04-19 18:12:57,435 - Epoch 22, Batch 700, lr = 0.00005, final_loss = 3.7827, nll_loss = 3.6859, ref_nll_loss = 3.8795, ivc_loss = 0.0937, neg_loss_1 = 0.0125, neg_loss_2 = 0.0103, ref_loss = 0.0217, div_loss = 0.0098, 0.796 seconds/batch
2026-04-19 18:13:37,234 - Epoch 22, Batch 750, lr = 0.00005, final_loss = 3.7425, nll_loss = 3.6466, ref_nll_loss = 3.8383, ivc_loss = 0.0931, neg_loss_1 = 0.0141, neg_loss_2 = 0.0081, ref_loss = 0.0225, div_loss = 0.0097, 0.796 seconds/batch
2026-04-19 18:14:11,293 - Epoch 22, Batch 800, lr = 0.00005, final_loss = 3.7821, nll_loss = 3.6856, ref_nll_loss = 3.8786, ivc_loss = 0.0961, neg_loss_1 = 0.0130, neg_loss_2 = 0.0106, ref_loss = 0.0238, div_loss = 0.0097, 0.788 seconds/batch
2026-04-19 18:14:45,420 - Epoch 22, Batch 850, lr = 0.00005, final_loss = 3.7868, nll_loss = 3.6889, ref_nll_loss = 3.8847, ivc_loss = 0.0894, neg_loss_1 = 0.0119, neg_loss_2 = 0.0091, ref_loss = 0.0207, div_loss = 0.0095, 0.782 seconds/batch
2026-04-19 18:15:19,360 - Epoch 22, Batch 900, lr = 0.00005, final_loss = 3.7700, nll_loss = 3.6725, ref_nll_loss = 3.8675, ivc_loss = 0.0932, neg_loss_1 = 0.0135, neg_loss_2 = 0.0095, ref_loss = 0.0222, div_loss = 0.0096, 0.776 seconds/batch
2026-04-19 18:15:53,318 - Epoch 22, Batch 950, lr = 0.00005, final_loss = 3.7890, nll_loss = 3.6889, ref_nll_loss = 3.8892, ivc_loss = 0.0918, neg_loss_1 = 0.0125, neg_loss_2 = 0.0095, ref_loss = 0.0198, div_loss = 0.0100, 0.771 seconds/batch
2026-04-19 18:16:27,303 - Epoch 22, Batch 1000, lr = 0.00005, final_loss = 3.7594, nll_loss = 3.6589, ref_nll_loss = 3.8598, ivc_loss = 0.0902, neg_loss_1 = 0.0143, neg_loss_2 = 0.0088, ref_loss = 0.0196, div_loss = 0.0095, 0.767 seconds/batch
2026-04-19 18:17:01,662 - Epoch 22, Batch 1050, lr = 0.00005, final_loss = 3.7667, nll_loss = 3.6657, ref_nll_loss = 3.8677, ivc_loss = 0.0938, neg_loss_1 = 0.0133, neg_loss_2 = 0.0103, ref_loss = 0.0204, div_loss = 0.0100, 0.763 seconds/batch
2026-04-19 18:17:35,814 - Epoch 22, Batch 1100, lr = 0.00005, final_loss = 3.7821, nll_loss = 3.6831, ref_nll_loss = 3.8810, ivc_loss = 0.0948, neg_loss_1 = 0.0142, neg_loss_2 = 0.0087, ref_loss = 0.0223, div_loss = 0.0099, 0.759 seconds/batch
2026-04-19 18:18:06,910 - Epoch 22, Batch 1150, lr = 0.00005, final_loss = 3.8057, nll_loss = 3.7059, ref_nll_loss = 3.9055, ivc_loss = 0.0890, neg_loss_1 = 0.0133, neg_loss_2 = 0.0092, ref_loss = 0.0190, div_loss = 0.0095, 0.753 seconds/batch
2026-04-19 18:18:15,920 - Epoch 22, Batch 1170, lr = 0.00005, final_loss = 3.8274, nll_loss = 3.7381, ref_nll_loss = 3.9167, ivc_loss = 0.0965, neg_loss_1 = 0.0132, neg_loss_2 = 0.0104, ref_loss = 0.0255, div_loss = 0.0095, 0.748 seconds/batch
2026-04-19 18:18:15,996 - save model to checkpoints/activitynet_moe/cpl_moe/model-22.pt, num_updates 25740.
2026-04-19 18:22:00,130 - | R@1,mIoU 0.3009 | R@1,IoU@0.1 0.6923 | R@1,IoU@0.3 0.5115 | R@1,IoU@0.5 0.2245 | R@1,IoU@0.7 0.0674 | R@1,IoU@0.9 0.0043 | R@5,mIoU 0.5258 | R@5,IoU@0.1 0.9154 | R@5,IoU@0.3 0.7793 | R@5,IoU@0.5 0.5400 | R@5,IoU@0.7 0.3189 | R@5,IoU@0.9 0.0751 |
2026-04-19 18:22:00,130 - ============================================================
2026-04-19 18:22:00,130 - Start Epoch 23
2026-04-19 18:22:39,968 - Epoch 23, Batch 50, lr = 0.00005, final_loss = 3.7461, nll_loss = 3.6460, ref_nll_loss = 3.8462, ivc_loss = 0.0928, neg_loss_1 = 0.0128, neg_loss_2 = 0.0095, ref_loss = 0.0213, div_loss = 0.0098, 0.797 seconds/batch
2026-04-19 18:23:19,973 - Epoch 23, Batch 100, lr = 0.00005, final_loss = 3.7653, nll_loss = 3.6661, ref_nll_loss = 3.8645, ivc_loss = 0.0905, neg_loss_1 = 0.0142, neg_loss_2 = 0.0086, ref_loss = 0.0205, div_loss = 0.0095, 0.798 seconds/batch
2026-04-19 18:23:59,669 - Epoch 23, Batch 150, lr = 0.00005, final_loss = 3.7524, nll_loss = 3.6531, ref_nll_loss = 3.8516, ivc_loss = 0.0908, neg_loss_1 = 0.0148, neg_loss_2 = 0.0084, ref_loss = 0.0211, div_loss = 0.0093, 0.797 seconds/batch
2026-04-19 18:24:39,804 - Epoch 23, Batch 200, lr = 0.00005, final_loss = 3.7708, nll_loss = 3.6696, ref_nll_loss = 3.8719, ivc_loss = 0.0921, neg_loss_1 = 0.0147, neg_loss_2 = 0.0094, ref_loss = 0.0206, div_loss = 0.0095, 0.798 seconds/batch
2026-04-19 18:25:19,504 - Epoch 23, Batch 250, lr = 0.00005, final_loss = 3.7526, nll_loss = 3.6540, ref_nll_loss = 3.8512, ivc_loss = 0.0910, neg_loss_1 = 0.0135, neg_loss_2 = 0.0069, ref_loss = 0.0228, div_loss = 0.0095, 0.797 seconds/batch
2026-04-19 18:25:59,547 - Epoch 23, Batch 300, lr = 0.00005, final_loss = 3.7629, nll_loss = 3.6663, ref_nll_loss = 3.8595, ivc_loss = 0.0928, neg_loss_1 = 0.0151, neg_loss_2 = 0.0086, ref_loss = 0.0215, div_loss = 0.0095, 0.798 seconds/batch
2026-04-19 18:26:39,654 - Epoch 23, Batch 350, lr = 0.00005, final_loss = 3.7553, nll_loss = 3.6564, ref_nll_loss = 3.8541, ivc_loss = 0.0890, neg_loss_1 = 0.0138, neg_loss_2 = 0.0070, ref_loss = 0.0204, div_loss = 0.0096, 0.799 seconds/batch
2026-04-19 18:27:20,104 - Epoch 23, Batch 400, lr = 0.00005, final_loss = 3.7479, nll_loss = 3.6493, ref_nll_loss = 3.8465, ivc_loss = 0.0928, neg_loss_1 = 0.0131, neg_loss_2 = 0.0091, ref_loss = 0.0215, div_loss = 0.0098, 0.800 seconds/batch
2026-04-19 18:27:59,935 - Epoch 23, Batch 450, lr = 0.00005, final_loss = 3.7232, nll_loss = 3.6223, ref_nll_loss = 3.8241, ivc_loss = 0.0908, neg_loss_1 = 0.0142, neg_loss_2 = 0.0088, ref_loss = 0.0196, div_loss = 0.0096, 0.800 seconds/batch
2026-04-19 18:28:39,614 - Epoch 23, Batch 500, lr = 0.00005, final_loss = 3.7665, nll_loss = 3.6594, ref_nll_loss = 3.8736, ivc_loss = 0.0871, neg_loss_1 = 0.0100, neg_loss_2 = 0.0094, ref_loss = 0.0173, div_loss = 0.0101, 0.799 seconds/batch
2026-04-19 18:29:19,199 - Epoch 23, Batch 550, lr = 0.00005, final_loss = 3.7740, nll_loss = 3.6750, ref_nll_loss = 3.8731, ivc_loss = 0.0897, neg_loss_1 = 0.0136, neg_loss_2 = 0.0076, ref_loss = 0.0198, div_loss = 0.0098, 0.798 seconds/batch
2026-04-19 18:29:58,902 - Epoch 23, Batch 600, lr = 0.00005, final_loss = 3.7520, nll_loss = 3.6534, ref_nll_loss = 3.8506, ivc_loss = 0.0881, neg_loss_1 = 0.0110, neg_loss_2 = 0.0067, ref_loss = 0.0203, div_loss = 0.0100, 0.798 seconds/batch
2026-04-19 18:30:38,435 - Epoch 23, Batch 650, lr = 0.00005, final_loss = 3.7789, nll_loss = 3.6807, ref_nll_loss = 3.8770, ivc_loss = 0.0932, neg_loss_1 = 0.0168, neg_loss_2 = 0.0076, ref_loss = 0.0201, div_loss = 0.0097, 0.797 seconds/batch
2026-04-19 18:31:18,195 - Epoch 23, Batch 700, lr = 0.00005, final_loss = 3.7721, nll_loss = 3.6735, ref_nll_loss = 3.8707, ivc_loss = 0.0924, neg_loss_1 = 0.0139, neg_loss_2 = 0.0097, ref_loss = 0.0215, div_loss = 0.0095, 0.797 seconds/batch
2026-04-19 18:31:56,348 - Epoch 23, Batch 750, lr = 0.00005, final_loss = 3.7864, nll_loss = 3.6847, ref_nll_loss = 3.8881, ivc_loss = 0.0932, neg_loss_1 = 0.0143, neg_loss_2 = 0.0089, ref_loss = 0.0218, div_loss = 0.0096, 0.795 seconds/batch
2026-04-19 18:32:30,382 - Epoch 23, Batch 800, lr = 0.00005, final_loss = 3.7773, nll_loss = 3.6764, ref_nll_loss = 3.8782, ivc_loss = 0.0904, neg_loss_1 = 0.0120, neg_loss_2 = 0.0086, ref_loss = 0.0209, div_loss = 0.0098, 0.788 seconds/batch
2026-04-19 18:33:04,433 - Epoch 23, Batch 850, lr = 0.00005, final_loss = 3.7556, nll_loss = 3.6561, ref_nll_loss = 3.8551, ivc_loss = 0.0955, neg_loss_1 = 0.0139, neg_loss_2 = 0.0093, ref_loss = 0.0214, div_loss = 0.0102, 0.782 seconds/batch
2026-04-19 18:33:38,660 - Epoch 23, Batch 900, lr = 0.00005, final_loss = 3.7371, nll_loss = 3.6371, ref_nll_loss = 3.8371, ivc_loss = 0.0920, neg_loss_1 = 0.0129, neg_loss_2 = 0.0070, ref_loss = 0.0203, div_loss = 0.0104, 0.776 seconds/batch
2026-04-19 18:34:12,696 - Epoch 23, Batch 950, lr = 0.00005, final_loss = 3.7678, nll_loss = 3.6647, ref_nll_loss = 3.8710, ivc_loss = 0.0875, neg_loss_1 = 0.0122, neg_loss_2 = 0.0080, ref_loss = 0.0178, div_loss = 0.0099, 0.771 seconds/batch
2026-04-19 18:34:46,875 - Epoch 23, Batch 1000, lr = 0.00005, final_loss = 3.7725, nll_loss = 3.6742, ref_nll_loss = 3.8709, ivc_loss = 0.0928, neg_loss_1 = 0.0130, neg_loss_2 = 0.0078, ref_loss = 0.0223, div_loss = 0.0099, 0.767 seconds/batch
2026-04-19 18:35:21,092 - Epoch 23, Batch 1050, lr = 0.00005, final_loss = 3.7728, nll_loss = 3.6724, ref_nll_loss = 3.8732, ivc_loss = 0.0882, neg_loss_1 = 0.0109, neg_loss_2 = 0.0086, ref_loss = 0.0203, div_loss = 0.0097, 0.763 seconds/batch
2026-04-19 18:35:54,624 - Epoch 23, Batch 1100, lr = 0.00005, final_loss = 3.7424, nll_loss = 3.6425, ref_nll_loss = 3.8424, ivc_loss = 0.0895, neg_loss_1 = 0.0126, neg_loss_2 = 0.0071, ref_loss = 0.0196, div_loss = 0.0100, 0.759 seconds/batch
2026-04-19 18:36:25,133 - Epoch 23, Batch 1150, lr = 0.00005, final_loss = 3.7523, nll_loss = 3.6505, ref_nll_loss = 3.8540, ivc_loss = 0.0870, neg_loss_1 = 0.0123, neg_loss_2 = 0.0062, ref_loss = 0.0204, div_loss = 0.0096, 0.752 seconds/batch
2026-04-19 18:36:33,821 - Epoch 23, Batch 1170, lr = 0.00005, final_loss = 3.7732, nll_loss = 3.6720, ref_nll_loss = 3.8744, ivc_loss = 0.0895, neg_loss_1 = 0.0126, neg_loss_2 = 0.0090, ref_loss = 0.0191, div_loss = 0.0098, 0.747 seconds/batch
2026-04-19 18:36:33,894 - save model to checkpoints/activitynet_moe/cpl_moe/model-23.pt, num_updates 26910.
2026-04-19 18:40:24,342 - | R@1,mIoU 0.3055 | R@1,IoU@0.1 0.6821 | R@1,IoU@0.3 0.5179 | R@1,IoU@0.5 0.2374 | R@1,IoU@0.7 0.0818 | R@1,IoU@0.9 0.0118 | R@5,mIoU 0.5256 | R@5,IoU@0.1 0.9166 | R@5,IoU@0.3 0.7802 | R@5,IoU@0.5 0.5389 | R@5,IoU@0.7 0.3208 | R@5,IoU@0.9 0.0739 |
2026-04-19 18:40:24,342 - ============================================================
2026-04-19 18:40:24,342 - Start Epoch 24
2026-04-19 18:41:03,958 - Epoch 24, Batch 50, lr = 0.00005, final_loss = 3.7478, nll_loss = 3.6474, ref_nll_loss = 3.8483, ivc_loss = 0.0921, neg_loss_1 = 0.0162, neg_loss_2 = 0.0091, ref_loss = 0.0204, div_loss = 0.0093, 0.792 seconds/batch
2026-04-19 18:41:44,204 - Epoch 24, Batch 100, lr = 0.00005, final_loss = 3.7290, nll_loss = 3.6276, ref_nll_loss = 3.8304, ivc_loss = 0.0919, neg_loss_1 = 0.0147, neg_loss_2 = 0.0079, ref_loss = 0.0199, div_loss = 0.0099, 0.799 seconds/batch
2026-04-19 18:42:24,059 - Epoch 24, Batch 150, lr = 0.00005, final_loss = 3.7550, nll_loss = 3.6532, ref_nll_loss = 3.8569, ivc_loss = 0.0914, neg_loss_1 = 0.0148, neg_loss_2 = 0.0076, ref_loss = 0.0185, div_loss = 0.0101, 0.798 seconds/batch
2026-04-19 18:43:03,940 - Epoch 24, Batch 200, lr = 0.00005, final_loss = 3.7405, nll_loss = 3.6427, ref_nll_loss = 3.8384, ivc_loss = 0.0966, neg_loss_1 = 0.0140, neg_loss_2 = 0.0108, ref_loss = 0.0222, div_loss = 0.0099, 0.798 seconds/batch
2026-04-19 18:43:43,652 - Epoch 24, Batch 250, lr = 0.00005, final_loss = 3.7370, nll_loss = 3.6370, ref_nll_loss = 3.8370, ivc_loss = 0.0936, neg_loss_1 = 0.0131, neg_loss_2 = 0.0077, ref_loss = 0.0223, div_loss = 0.0101, 0.797 seconds/batch
2026-04-19 18:44:23,399 - Epoch 24, Batch 300, lr = 0.00005, final_loss = 3.7384, nll_loss = 3.6364, ref_nll_loss = 3.8404, ivc_loss = 0.0894, neg_loss_1 = 0.0122, neg_loss_2 = 0.0064, ref_loss = 0.0208, div_loss = 0.0100, 0.797 seconds/batch
2026-04-19 18:45:03,064 - Epoch 24, Batch 350, lr = 0.00005, final_loss = 3.7646, nll_loss = 3.6627, ref_nll_loss = 3.8665, ivc_loss = 0.0910, neg_loss_1 = 0.0125, neg_loss_2 = 0.0076, ref_loss = 0.0213, div_loss = 0.0099, 0.796 seconds/batch
2026-04-19 18:45:43,099 - Epoch 24, Batch 400, lr = 0.00005, final_loss = 3.7330, nll_loss = 3.6355, ref_nll_loss = 3.8306, ivc_loss = 0.0926, neg_loss_1 = 0.0142, neg_loss_2 = 0.0088, ref_loss = 0.0217, div_loss = 0.0096, 0.797 seconds/batch
2026-04-19 18:46:22,799 - Epoch 24, Batch 450, lr = 0.00005, final_loss = 3.7691, nll_loss = 3.6692, ref_nll_loss = 3.8689, ivc_loss = 0.0918, neg_loss_1 = 0.0133, neg_loss_2 = 0.0080, ref_loss = 0.0200, div_loss = 0.0101, 0.797 seconds/batch
2026-04-19 18:47:02,262 - Epoch 24, Batch 500, lr = 0.00005, final_loss = 3.7209, nll_loss = 3.6209, ref_nll_loss = 3.8209, ivc_loss = 0.0927, neg_loss_1 = 0.0127, neg_loss_2 = 0.0093, ref_loss = 0.0204, div_loss = 0.0101, 0.796 seconds/batch
2026-04-19 18:47:42,204 - Epoch 24, Batch 550, lr = 0.00005, final_loss = 3.7334, nll_loss = 3.6329, ref_nll_loss = 3.8339, ivc_loss = 0.0914, neg_loss_1 = 0.0131, neg_loss_2 = 0.0087, ref_loss = 0.0209, div_loss = 0.0097, 0.796 seconds/batch
2026-04-19 18:48:22,152 - Epoch 24, Batch 600, lr = 0.00005, final_loss = 3.7729, nll_loss = 3.6744, ref_nll_loss = 3.8714, ivc_loss = 0.0941, neg_loss_1 = 0.0124, neg_loss_2 = 0.0098, ref_loss = 0.0224, div_loss = 0.0099, 0.796 seconds/batch
2026-04-19 18:49:02,079 - Epoch 24, Batch 650, lr = 0.00005, final_loss = 3.7634, nll_loss = 3.6626, ref_nll_loss = 3.8643, ivc_loss = 0.0906, neg_loss_1 = 0.0104, neg_loss_2 = 0.0080, ref_loss = 0.0219, div_loss = 0.0101, 0.797 seconds/batch
2026-04-19 18:49:41,931 - Epoch 24, Batch 700, lr = 0.00005, final_loss = 3.7746, nll_loss = 3.6758, ref_nll_loss = 3.8735, ivc_loss = 0.0915, neg_loss_1 = 0.0125, neg_loss_2 = 0.0088, ref_loss = 0.0214, div_loss = 0.0098, 0.797 seconds/batch
2026-04-19 18:50:17,692 - Epoch 24, Batch 750, lr = 0.00005, final_loss = 3.7201, nll_loss = 3.6163, ref_nll_loss = 3.8238, ivc_loss = 0.0857, neg_loss_1 = 0.0114, neg_loss_2 = 0.0070, ref_loss = 0.0187, div_loss = 0.0097, 0.791 seconds/batch
2026-04-19 18:50:51,447 - Epoch 24, Batch 800, lr = 0.00005, final_loss = 3.7476, nll_loss = 3.6469, ref_nll_loss = 3.8483, ivc_loss = 0.0883, neg_loss_1 = 0.0122, neg_loss_2 = 0.0075, ref_loss = 0.0200, div_loss = 0.0097, 0.784 seconds/batch
2026-04-19 18:51:25,395 - Epoch 24, Batch 850, lr = 0.00005, final_loss = 3.7425, nll_loss = 3.6414, ref_nll_loss = 3.8436, ivc_loss = 0.0937, neg_loss_1 = 0.0135, neg_loss_2 = 0.0100, ref_loss = 0.0199, div_loss = 0.0101, 0.778 seconds/batch
2026-04-19 18:51:59,241 - Epoch 24, Batch 900, lr = 0.00005, final_loss = 3.7592, nll_loss = 3.6623, ref_nll_loss = 3.8561, ivc_loss = 0.0909, neg_loss_1 = 0.0118, neg_loss_2 = 0.0088, ref_loss = 0.0214, div_loss = 0.0098, 0.772 seconds/batch
2026-04-19 18:52:33,036 - Epoch 24, Batch 950, lr = 0.00005, final_loss = 3.7457, nll_loss = 3.6477, ref_nll_loss = 3.8438, ivc_loss = 0.0931, neg_loss_1 = 0.0137, neg_loss_2 = 0.0089, ref_loss = 0.0218, div_loss = 0.0097, 0.767 seconds/batch
2026-04-19 18:53:06,597 - Epoch 24, Batch 1000, lr = 0.00005, final_loss = 3.7528, nll_loss = 3.6494, ref_nll_loss = 3.8562, ivc_loss = 0.0884, neg_loss_1 = 0.0112, neg_loss_2 = 0.0095, ref_loss = 0.0196, div_loss = 0.0096, 0.762 seconds/batch
2026-04-19 18:53:40,732 - Epoch 24, Batch 1050, lr = 0.00005, final_loss = 3.7312, nll_loss = 3.6288, ref_nll_loss = 3.8335, ivc_loss = 0.0930, neg_loss_1 = 0.0148, neg_loss_2 = 0.0080, ref_loss = 0.0220, div_loss = 0.0096, 0.758 seconds/batch
2026-04-19 18:54:14,559 - Epoch 24, Batch 1100, lr = 0.00005, final_loss = 3.7916, nll_loss = 3.6942, ref_nll_loss = 3.8889, ivc_loss = 0.0933, neg_loss_1 = 0.0136, neg_loss_2 = 0.0079, ref_loss = 0.0224, div_loss = 0.0099, 0.755 seconds/batch
2026-04-19 18:54:43,341 - Epoch 24, Batch 1150, lr = 0.00005, final_loss = 3.7653, nll_loss = 3.6655, ref_nll_loss = 3.8652, ivc_loss = 0.0895, neg_loss_1 = 0.0132, neg_loss_2 = 0.0083, ref_loss = 0.0189, div_loss = 0.0098, 0.747 seconds/batch
2026-04-19 18:54:51,887 - Epoch 24, Batch 1170, lr = 0.00005, final_loss = 3.7551, nll_loss = 3.6532, ref_nll_loss = 3.8570, ivc_loss = 0.0913, neg_loss_1 = 0.0107, neg_loss_2 = 0.0084, ref_loss = 0.0221, div_loss = 0.0100, 0.741 seconds/batch
2026-04-19 18:54:51,959 - save model to checkpoints/activitynet_moe/cpl_moe/model-24.pt, num_updates 28080.
2026-04-19 18:58:43,417 - | R@1,mIoU 0.3092 | R@1,IoU@0.1 0.6893 | R@1,IoU@0.3 0.5192 | R@1,IoU@0.5 0.2430 | R@1,IoU@0.7 0.0837 | R@1,IoU@0.9 0.0099 | R@5,mIoU 0.5258 | R@5,IoU@0.1 0.9157 | R@5,IoU@0.3 0.7777 | R@5,IoU@0.5 0.5388 | R@5,IoU@0.7 0.3221 | R@5,IoU@0.9 0.0758 |
2026-04-19 18:58:43,417 - ============================================================
2026-04-19 18:58:43,417 - Start Epoch 25
2026-04-19 18:59:23,289 - Epoch 25, Batch 50, lr = 0.00005, final_loss = 3.7297, nll_loss = 3.6285, ref_nll_loss = 3.8309, ivc_loss = 0.0932, neg_loss_1 = 0.0154, neg_loss_2 = 0.0080, ref_loss = 0.0211, div_loss = 0.0098, 0.797 seconds/batch
2026-04-19 19:00:02,388 - Epoch 25, Batch 100, lr = 0.00005, final_loss = 3.7324, nll_loss = 3.6286, ref_nll_loss = 3.8363, ivc_loss = 0.0913, neg_loss_1 = 0.0156, neg_loss_2 = 0.0084, ref_loss = 0.0193, div_loss = 0.0096, 0.790 seconds/batch
2026-04-19 19:00:41,927 - Epoch 25, Batch 150, lr = 0.00005, final_loss = 3.7294, nll_loss = 3.6303, ref_nll_loss = 3.8284, ivc_loss = 0.0914, neg_loss_1 = 0.0144, neg_loss_2 = 0.0077, ref_loss = 0.0208, div_loss = 0.0097, 0.790 seconds/batch
2026-04-19 19:01:21,642 - Epoch 25, Batch 200, lr = 0.00005, final_loss = 3.7433, nll_loss = 3.6411, ref_nll_loss = 3.8454, ivc_loss = 0.0894, neg_loss_1 = 0.0132, neg_loss_2 = 0.0066, ref_loss = 0.0212, div_loss = 0.0097, 0.791 seconds/batch
2026-04-19 19:02:01,805 - Epoch 25, Batch 250, lr = 0.00005, final_loss = 3.7302, nll_loss = 3.6292, ref_nll_loss = 3.8312, ivc_loss = 0.0955, neg_loss_1 = 0.0149, neg_loss_2 = 0.0090, ref_loss = 0.0212, div_loss = 0.0101, 0.794 seconds/batch
2026-04-19 19:02:41,781 - Epoch 25, Batch 300, lr = 0.00005, final_loss = 3.7493, nll_loss = 3.6463, ref_nll_loss = 3.8522, ivc_loss = 0.0877, neg_loss_1 = 0.0116, neg_loss_2 = 0.0074, ref_loss = 0.0197, div_loss = 0.0098, 0.795 seconds/batch
2026-04-19 19:03:21,233 - Epoch 25, Batch 350, lr = 0.00005, final_loss = 3.7151, nll_loss = 3.6133, ref_nll_loss = 3.8169, ivc_loss = 0.0910, neg_loss_1 = 0.0144, neg_loss_2 = 0.0087, ref_loss = 0.0192, div_loss = 0.0098, 0.794 seconds/batch
2026-04-19 19:04:00,598 - Epoch 25, Batch 400, lr = 0.00005, final_loss = 3.7234, nll_loss = 3.6191, ref_nll_loss = 3.8278, ivc_loss = 0.0902, neg_loss_1 = 0.0142, neg_loss_2 = 0.0082, ref_loss = 0.0186, div_loss = 0.0098, 0.793 seconds/batch
2026-04-19 19:04:40,018 - Epoch 25, Batch 450, lr = 0.00005, final_loss = 3.7514, nll_loss = 3.6527, ref_nll_loss = 3.8502, ivc_loss = 0.0952, neg_loss_1 = 0.0146, neg_loss_2 = 0.0089, ref_loss = 0.0224, div_loss = 0.0099, 0.792 seconds/batch
2026-04-19 19:05:19,396 - Epoch 25, Batch 500, lr = 0.00005, final_loss = 3.7482, nll_loss = 3.6476, ref_nll_loss = 3.8488, ivc_loss = 0.0871, neg_loss_1 = 0.0124, neg_loss_2 = 0.0082, ref_loss = 0.0176, div_loss = 0.0098, 0.792 seconds/batch
2026-04-19 19:05:58,711 - Epoch 25, Batch 550, lr = 0.00005, final_loss = 3.7286, nll_loss = 3.6270, ref_nll_loss = 3.8302, ivc_loss = 0.0901, neg_loss_1 = 0.0126, neg_loss_2 = 0.0081, ref_loss = 0.0194, div_loss = 0.0100, 0.791 seconds/batch
2026-04-19 19:06:38,851 - Epoch 25, Batch 600, lr = 0.00005, final_loss = 3.7429, nll_loss = 3.6421, ref_nll_loss = 3.8438, ivc_loss = 0.0912, neg_loss_1 = 0.0128, neg_loss_2 = 0.0079, ref_loss = 0.0214, div_loss = 0.0098, 0.792 seconds/batch
2026-04-19 19:07:18,821 - Epoch 25, Batch 650, lr = 0.00005, final_loss = 3.7339, nll_loss = 3.6339, ref_nll_loss = 3.8339, ivc_loss = 0.0906, neg_loss_1 = 0.0120, neg_loss_2 = 0.0089, ref_loss = 0.0216, div_loss = 0.0096, 0.793 seconds/batch
2026-04-19 19:07:58,878 - Epoch 25, Batch 700, lr = 0.00005, final_loss = 3.7194, nll_loss = 3.6160, ref_nll_loss = 3.8228, ivc_loss = 0.0891, neg_loss_1 = 0.0123, neg_loss_2 = 0.0080, ref_loss = 0.0191, div_loss = 0.0099, 0.794 seconds/batch
2026-04-19 19:08:32,843 - Epoch 25, Batch 750, lr = 0.00005, final_loss = 3.7229, nll_loss = 3.6224, ref_nll_loss = 3.8235, ivc_loss = 0.0913, neg_loss_1 = 0.0138, neg_loss_2 = 0.0075, ref_loss = 0.0216, div_loss = 0.0097, 0.786 seconds/batch
2026-04-19 19:09:07,176 - Epoch 25, Batch 800, lr = 0.00005, final_loss = 3.7274, nll_loss = 3.6261, ref_nll_loss = 3.8287, ivc_loss = 0.0911, neg_loss_1 = 0.0135, neg_loss_2 = 0.0103, ref_loss = 0.0194, div_loss = 0.0096, 0.780 seconds/batch
2026-04-19 19:09:41,429 - Epoch 25, Batch 850, lr = 0.00005, final_loss = 3.7397, nll_loss = 3.6390, ref_nll_loss = 3.8403, ivc_loss = 0.0935, neg_loss_1 = 0.0135, neg_loss_2 = 0.0079, ref_loss = 0.0210, div_loss = 0.0102, 0.774 seconds/batch
2026-04-19 19:10:15,447 - Epoch 25, Batch 900, lr = 0.00005, final_loss = 3.7250, nll_loss = 3.6263, ref_nll_loss = 3.8237, ivc_loss = 0.0932, neg_loss_1 = 0.0138, neg_loss_2 = 0.0071, ref_loss = 0.0220, div_loss = 0.0100, 0.769 seconds/batch
2026-04-19 19:10:49,195 - Epoch 25, Batch 950, lr = 0.00005, final_loss = 3.7523, nll_loss = 3.6531, ref_nll_loss = 3.8515, ivc_loss = 0.0932, neg_loss_1 = 0.0130, neg_loss_2 = 0.0081, ref_loss = 0.0222, div_loss = 0.0100, 0.764 seconds/batch
2026-04-19 19:11:23,148 - Epoch 25, Batch 1000, lr = 0.00005, final_loss = 3.7589, nll_loss = 3.6562, ref_nll_loss = 3.8615, ivc_loss = 0.0922, neg_loss_1 = 0.0130, neg_loss_2 = 0.0083, ref_loss = 0.0199, div_loss = 0.0102, 0.760 seconds/batch
2026-04-19 19:11:57,081 - Epoch 25, Batch 1050, lr = 0.00005, final_loss = 3.7263, nll_loss = 3.6238, ref_nll_loss = 3.8289, ivc_loss = 0.0919, neg_loss_1 = 0.0124, neg_loss_2 = 0.0085, ref_loss = 0.0190, div_loss = 0.0104, 0.756 seconds/batch
2026-04-19 19:12:31,320 - Epoch 25, Batch 1100, lr = 0.00005, final_loss = 3.7562, nll_loss = 3.6552, ref_nll_loss = 3.8572, ivc_loss = 0.0915, neg_loss_1 = 0.0128, neg_loss_2 = 0.0078, ref_loss = 0.0206, div_loss = 0.0101, 0.753 seconds/batch
2026-04-19 19:12:59,595 - Epoch 25, Batch 1150, lr = 0.00005, final_loss = 3.7621, nll_loss = 3.6606, ref_nll_loss = 3.8637, ivc_loss = 0.0921, neg_loss_1 = 0.0111, neg_loss_2 = 0.0086, ref_loss = 0.0198, div_loss = 0.0105, 0.745 seconds/batch
2026-04-19 19:13:08,274 - Epoch 25, Batch 1170, lr = 0.00005, final_loss = 3.7138, nll_loss = 3.6167, ref_nll_loss = 3.8109, ivc_loss = 0.0953, neg_loss_1 = 0.0114, neg_loss_2 = 0.0108, ref_loss = 0.0226, div_loss = 0.0101, 0.739 seconds/batch
2026-04-19 19:13:08,356 - save model to checkpoints/activitynet_moe/cpl_moe/model-25.pt, num_updates 29250.
2026-04-19 19:17:05,009 - | R@1,mIoU 0.3044 | R@1,IoU@0.1 0.6848 | R@1,IoU@0.3 0.5178 | R@1,IoU@0.5 0.2328 | R@1,IoU@0.7 0.0783 | R@1,IoU@0.9 0.0091 | R@5,mIoU 0.5263 | R@5,IoU@0.1 0.9186 | R@5,IoU@0.3 0.7836 | R@5,IoU@0.5 0.5401 | R@5,IoU@0.7 0.3195 | R@5,IoU@0.9 0.0762 |
2026-04-19 19:17:05,009 - ============================================================
2026-04-19 19:17:05,009 - Start Epoch 26
2026-04-19 19:17:44,976 - Epoch 26, Batch 50, lr = 0.00005, final_loss = 3.7218, nll_loss = 3.6190, ref_nll_loss = 3.8247, ivc_loss = 0.0904, neg_loss_1 = 0.0122, neg_loss_2 = 0.0081, ref_loss = 0.0210, div_loss = 0.0098, 0.799 seconds/batch
2026-04-19 19:18:24,227 - Epoch 26, Batch 100, lr = 0.00005, final_loss = 3.7344, nll_loss = 3.6297, ref_nll_loss = 3.8391, ivc_loss = 0.0899, neg_loss_1 = 0.0131, neg_loss_2 = 0.0091, ref_loss = 0.0188, div_loss = 0.0098, 0.792 seconds/batch
2026-04-19 19:19:03,896 - Epoch 26, Batch 150, lr = 0.00005, final_loss = 3.7033, nll_loss = 3.6015, ref_nll_loss = 3.8050, ivc_loss = 0.0924, neg_loss_1 = 0.0127, neg_loss_2 = 0.0079, ref_loss = 0.0216, div_loss = 0.0100, 0.793 seconds/batch
2026-04-19 19:19:43,659 - Epoch 26, Batch 200, lr = 0.00005, final_loss = 3.7017, nll_loss = 3.6022, ref_nll_loss = 3.8013, ivc_loss = 0.0933, neg_loss_1 = 0.0118, neg_loss_2 = 0.0091, ref_loss = 0.0215, div_loss = 0.0102, 0.793 seconds/batch
2026-04-19 19:20:23,433 - Epoch 26, Batch 250, lr = 0.00005, final_loss = 3.7183, nll_loss = 3.6143, ref_nll_loss = 3.8222, ivc_loss = 0.0915, neg_loss_1 = 0.0125, neg_loss_2 = 0.0074, ref_loss = 0.0206, div_loss = 0.0102, 0.794 seconds/batch
2026-04-19 19:21:03,241 - Epoch 26, Batch 300, lr = 0.00005, final_loss = 3.7245, nll_loss = 3.6249, ref_nll_loss = 3.8241, ivc_loss = 0.0921, neg_loss_1 = 0.0111, neg_loss_2 = 0.0083, ref_loss = 0.0213, div_loss = 0.0103, 0.794 seconds/batch
2026-04-19 19:21:43,227 - Epoch 26, Batch 350, lr = 0.00005, final_loss = 3.7420, nll_loss = 3.6396, ref_nll_loss = 3.8445, ivc_loss = 0.0889, neg_loss_1 = 0.0097, neg_loss_2 = 0.0084, ref_loss = 0.0199, div_loss = 0.0102, 0.795 seconds/batch
2026-04-19 19:22:22,962 - Epoch 26, Batch 400, lr = 0.00005, final_loss = 3.7177, nll_loss = 3.6163, ref_nll_loss = 3.8191, ivc_loss = 0.0903, neg_loss_1 = 0.0123, neg_loss_2 = 0.0075, ref_loss = 0.0210, div_loss = 0.0099, 0.795 seconds/batch
2026-04-19 19:23:02,621 - Epoch 26, Batch 450, lr = 0.00005, final_loss = 3.6809, nll_loss = 3.5806, ref_nll_loss = 3.7811, ivc_loss = 0.0923, neg_loss_1 = 0.0117, neg_loss_2 = 0.0073, ref_loss = 0.0225, div_loss = 0.0102, 0.795 seconds/batch
2026-04-19 19:23:42,248 - Epoch 26, Batch 500, lr = 0.00005, final_loss = 3.7261, nll_loss = 3.6269, ref_nll_loss = 3.8253, ivc_loss = 0.0939, neg_loss_1 = 0.0147, neg_loss_2 = 0.0074, ref_loss = 0.0228, div_loss = 0.0098, 0.794 seconds/batch
2026-04-19 19:24:21,670 - Epoch 26, Batch 550, lr = 0.00005, final_loss = 3.7359, nll_loss = 3.6336, ref_nll_loss = 3.8381, ivc_loss = 0.0936, neg_loss_1 = 0.0141, neg_loss_2 = 0.0079, ref_loss = 0.0210, div_loss = 0.0101, 0.794 seconds/batch
2026-04-19 19:25:01,307 - Epoch 26, Batch 600, lr = 0.00005, final_loss = 3.7368, nll_loss = 3.6386, ref_nll_loss = 3.8349, ivc_loss = 0.0953, neg_loss_1 = 0.0157, neg_loss_2 = 0.0081, ref_loss = 0.0225, div_loss = 0.0098, 0.794 seconds/batch
2026-04-19 19:25:41,033 - Epoch 26, Batch 650, lr = 0.00005, final_loss = 3.7324, nll_loss = 3.6323, ref_nll_loss = 3.8324, ivc_loss = 0.0945, neg_loss_1 = 0.0151, neg_loss_2 = 0.0091, ref_loss = 0.0213, div_loss = 0.0098, 0.794 seconds/batch
2026-04-19 19:26:18,655 - Epoch 26, Batch 700, lr = 0.00005, final_loss = 3.7350, nll_loss = 3.6316, ref_nll_loss = 3.8383, ivc_loss = 0.0885, neg_loss_1 = 0.0119, neg_loss_2 = 0.0077, ref_loss = 0.0201, div_loss = 0.0098, 0.791 seconds/batch
2026-04-19 19:26:52,749 - Epoch 26, Batch 750, lr = 0.00005, final_loss = 3.7568, nll_loss = 3.6537, ref_nll_loss = 3.8600, ivc_loss = 0.0931, neg_loss_1 = 0.0120, neg_loss_2 = 0.0089, ref_loss = 0.0206, div_loss = 0.0103, 0.784 seconds/batch
2026-04-19 19:27:26,993 - Epoch 26, Batch 800, lr = 0.00005, final_loss = 3.7362, nll_loss = 3.6343, ref_nll_loss = 3.8381, ivc_loss = 0.0967, neg_loss_1 = 0.0163, neg_loss_2 = 0.0103, ref_loss = 0.0209, div_loss = 0.0098, 0.777 seconds/batch
2026-04-19 19:28:00,982 - Epoch 26, Batch 850, lr = 0.00005, final_loss = 3.7054, nll_loss = 3.6012, ref_nll_loss = 3.8096, ivc_loss = 0.0912, neg_loss_1 = 0.0112, neg_loss_2 = 0.0085, ref_loss = 0.0224, div_loss = 0.0098, 0.772 seconds/batch
2026-04-19 19:28:34,966 - Epoch 26, Batch 900, lr = 0.00005, final_loss = 3.7426, nll_loss = 3.6407, ref_nll_loss = 3.8446, ivc_loss = 0.0917, neg_loss_1 = 0.0130, neg_loss_2 = 0.0065, ref_loss = 0.0208, div_loss = 0.0103, 0.767 seconds/batch
2026-04-19 19:29:09,239 - Epoch 26, Batch 950, lr = 0.00005, final_loss = 3.7404, nll_loss = 3.6371, ref_nll_loss = 3.8437, ivc_loss = 0.0908, neg_loss_1 = 0.0122, neg_loss_2 = 0.0077, ref_loss = 0.0197, div_loss = 0.0102, 0.762 seconds/batch
2026-04-19 19:29:43,545 - Epoch 26, Batch 1000, lr = 0.00005, final_loss = 3.7310, nll_loss = 3.6315, ref_nll_loss = 3.8305, ivc_loss = 0.0932, neg_loss_1 = 0.0140, neg_loss_2 = 0.0070, ref_loss = 0.0213, div_loss = 0.0102, 0.759 seconds/batch
2026-04-19 19:30:17,650 - Epoch 26, Batch 1050, lr = 0.00005, final_loss = 3.7502, nll_loss = 3.6455, ref_nll_loss = 3.8549, ivc_loss = 0.0885, neg_loss_1 = 0.0118, neg_loss_2 = 0.0072, ref_loss = 0.0188, div_loss = 0.0101, 0.755 seconds/batch
2026-04-19 19:30:51,950 - Epoch 26, Batch 1100, lr = 0.00005, final_loss = 3.7383, nll_loss = 3.6342, ref_nll_loss = 3.8424, ivc_loss = 0.0921, neg_loss_1 = 0.0131, neg_loss_2 = 0.0076, ref_loss = 0.0191, div_loss = 0.0104, 0.752 seconds/batch
2026-04-19 19:31:18,098 - Epoch 26, Batch 1150, lr = 0.00005, final_loss = 3.7086, nll_loss = 3.6052, ref_nll_loss = 3.8120, ivc_loss = 0.0892, neg_loss_1 = 0.0125, neg_loss_2 = 0.0063, ref_loss = 0.0189, div_loss = 0.0103, 0.742 seconds/batch
2026-04-19 19:31:26,673 - Epoch 26, Batch 1170, lr = 0.00005, final_loss = 3.7320, nll_loss = 3.6249, ref_nll_loss = 3.8390, ivc_loss = 0.0866, neg_loss_1 = 0.0110, neg_loss_2 = 0.0083, ref_loss = 0.0178, div_loss = 0.0099, 0.736 seconds/batch
2026-04-19 19:31:26,747 - save model to checkpoints/activitynet_moe/cpl_moe/model-26.pt, num_updates 30420.
2026-04-19 19:35:27,273 - | R@1,mIoU 0.2983 | R@1,IoU@0.1 0.6660 | R@1,IoU@0.3 0.5038 | R@1,IoU@0.5 0.2313 | R@1,IoU@0.7 0.0771 | R@1,IoU@0.9 0.0082 | R@5,mIoU 0.5276 | R@5,IoU@0.1 0.9154 | R@5,IoU@0.3 0.7786 | R@5,IoU@0.5 0.5395 | R@5,IoU@0.7 0.3261 | R@5,IoU@0.9 0.0767 |
2026-04-19 19:35:27,274 - ============================================================
2026-04-19 19:35:27,274 - Start Epoch 27
2026-04-19 19:36:07,235 - Epoch 27, Batch 50, lr = 0.00005, final_loss = 3.6948, nll_loss = 3.5879, ref_nll_loss = 3.8017, ivc_loss = 0.0885, neg_loss_1 = 0.0130, neg_loss_2 = 0.0072, ref_loss = 0.0190, div_loss = 0.0098, 0.799 seconds/batch
2026-04-19 19:36:46,906 - Epoch 27, Batch 100, lr = 0.00005, final_loss = 3.7160, nll_loss = 3.6118, ref_nll_loss = 3.8202, ivc_loss = 0.0891, neg_loss_1 = 0.0115, neg_loss_2 = 0.0089, ref_loss = 0.0193, div_loss = 0.0099, 0.796 seconds/batch
2026-04-19 19:37:26,517 - Epoch 27, Batch 150, lr = 0.00005, final_loss = 3.7012, nll_loss = 3.6012, ref_nll_loss = 3.8011, ivc_loss = 0.0920, neg_loss_1 = 0.0127, neg_loss_2 = 0.0075, ref_loss = 0.0214, div_loss = 0.0101, 0.795 seconds/batch
2026-04-19 19:38:06,219 - Epoch 27, Batch 200, lr = 0.00005, final_loss = 3.6789, nll_loss = 3.5730, ref_nll_loss = 3.7847, ivc_loss = 0.0893, neg_loss_1 = 0.0130, neg_loss_2 = 0.0078, ref_loss = 0.0186, div_loss = 0.0100, 0.795 seconds/batch
2026-04-19 19:38:46,040 - Epoch 27, Batch 250, lr = 0.00005, final_loss = 3.7170, nll_loss = 3.6179, ref_nll_loss = 3.8160, ivc_loss = 0.0901, neg_loss_1 = 0.0132, neg_loss_2 = 0.0079, ref_loss = 0.0217, div_loss = 0.0095, 0.795 seconds/batch
2026-04-19 19:39:26,000 - Epoch 27, Batch 300, lr = 0.00005, final_loss = 3.7253, nll_loss = 3.6223, ref_nll_loss = 3.8284, ivc_loss = 0.0891, neg_loss_1 = 0.0128, neg_loss_2 = 0.0077, ref_loss = 0.0192, div_loss = 0.0099, 0.796 seconds/batch
2026-04-19 19:40:05,935 - Epoch 27, Batch 350, lr = 0.00005, final_loss = 3.7382, nll_loss = 3.6388, ref_nll_loss = 3.8376, ivc_loss = 0.0933, neg_loss_1 = 0.0127, neg_loss_2 = 0.0090, ref_loss = 0.0211, div_loss = 0.0101, 0.796 seconds/batch
2026-04-19 19:40:45,384 - Epoch 27, Batch 400, lr = 0.00005, final_loss = 3.7316, nll_loss = 3.6274, ref_nll_loss = 3.8358, ivc_loss = 0.0887, neg_loss_1 = 0.0107, neg_loss_2 = 0.0080, ref_loss = 0.0190, div_loss = 0.0102, 0.795 seconds/batch
2026-04-19 19:41:25,386 - Epoch 27, Batch 450, lr = 0.00005, final_loss = 3.7347, nll_loss = 3.6283, ref_nll_loss = 3.8411, ivc_loss = 0.0911, neg_loss_1 = 0.0111, neg_loss_2 = 0.0093, ref_loss = 0.0178, div_loss = 0.0106, 0.796 seconds/batch
2026-04-19 19:42:05,174 - Epoch 27, Batch 500, lr = 0.00005, final_loss = 3.7067, nll_loss = 3.6037, ref_nll_loss = 3.8096, ivc_loss = 0.0928, neg_loss_1 = 0.0126, neg_loss_2 = 0.0082, ref_loss = 0.0209, div_loss = 0.0102, 0.796 seconds/batch
2026-04-19 19:42:44,511 - Epoch 27, Batch 550, lr = 0.00005, final_loss = 3.7106, nll_loss = 3.6084, ref_nll_loss = 3.8128, ivc_loss = 0.0892, neg_loss_1 = 0.0132, neg_loss_2 = 0.0073, ref_loss = 0.0191, div_loss = 0.0099, 0.795 seconds/batch
2026-04-19 19:43:23,820 - Epoch 27, Batch 600, lr = 0.00005, final_loss = 3.7074, nll_loss = 3.6068, ref_nll_loss = 3.8080, ivc_loss = 0.0920, neg_loss_1 = 0.0119, neg_loss_2 = 0.0097, ref_loss = 0.0208, div_loss = 0.0099, 0.794 seconds/batch
2026-04-19 19:44:03,453 - Epoch 27, Batch 650, lr = 0.00005, final_loss = 3.6927, nll_loss = 3.5909, ref_nll_loss = 3.7944, ivc_loss = 0.0938, neg_loss_1 = 0.0138, neg_loss_2 = 0.0092, ref_loss = 0.0218, div_loss = 0.0098, 0.794 seconds/batch
2026-04-19 19:44:38,717 - Epoch 27, Batch 700, lr = 0.00005, final_loss = 3.7321, nll_loss = 3.6286, ref_nll_loss = 3.8357, ivc_loss = 0.0917, neg_loss_1 = 0.0142, neg_loss_2 = 0.0074, ref_loss = 0.0206, div_loss = 0.0099, 0.788 seconds/batch
2026-04-19 19:45:12,955 - Epoch 27, Batch 750, lr = 0.00005, final_loss = 3.7491, nll_loss = 3.6466, ref_nll_loss = 3.8515, ivc_loss = 0.0888, neg_loss_1 = 0.0129, neg_loss_2 = 0.0082, ref_loss = 0.0180, div_loss = 0.0099, 0.781 seconds/batch
2026-04-19 19:45:46,947 - Epoch 27, Batch 800, lr = 0.00005, final_loss = 3.7358, nll_loss = 3.6356, ref_nll_loss = 3.8361, ivc_loss = 0.0927, neg_loss_1 = 0.0138, neg_loss_2 = 0.0076, ref_loss = 0.0222, div_loss = 0.0098, 0.775 seconds/batch
2026-04-19 19:46:20,653 - Epoch 27, Batch 850, lr = 0.00005, final_loss = 3.7160, nll_loss = 3.6129, ref_nll_loss = 3.8190, ivc_loss = 0.0927, neg_loss_1 = 0.0148, neg_loss_2 = 0.0094, ref_loss = 0.0195, div_loss = 0.0098, 0.769 seconds/batch
2026-04-19 19:46:54,695 - Epoch 27, Batch 900, lr = 0.00005, final_loss = 3.7193, nll_loss = 3.6172, ref_nll_loss = 3.8215, ivc_loss = 0.0949, neg_loss_1 = 0.0162, neg_loss_2 = 0.0093, ref_loss = 0.0205, div_loss = 0.0098, 0.764 seconds/batch
2026-04-19 19:47:28,577 - Epoch 27, Batch 950, lr = 0.00005, final_loss = 3.7182, nll_loss = 3.6160, ref_nll_loss = 3.8205, ivc_loss = 0.0910, neg_loss_1 = 0.0127, neg_loss_2 = 0.0089, ref_loss = 0.0210, div_loss = 0.0097, 0.759 seconds/batch
2026-04-19 19:48:02,578 - Epoch 27, Batch 1000, lr = 0.00005, final_loss = 3.7192, nll_loss = 3.6186, ref_nll_loss = 3.8199, ivc_loss = 0.0899, neg_loss_1 = 0.0123, neg_loss_2 = 0.0076, ref_loss = 0.0211, div_loss = 0.0098, 0.755 seconds/batch
2026-04-19 19:48:36,234 - Epoch 27, Batch 1050, lr = 0.00005, final_loss = 3.7285, nll_loss = 3.6255, ref_nll_loss = 3.8316, ivc_loss = 0.0930, neg_loss_1 = 0.0133, neg_loss_2 = 0.0077, ref_loss = 0.0203, div_loss = 0.0103, 0.751 seconds/batch
2026-04-19 19:49:10,406 - Epoch 27, Batch 1100, lr = 0.00005, final_loss = 3.7097, nll_loss = 3.6081, ref_nll_loss = 3.8113, ivc_loss = 0.0897, neg_loss_1 = 0.0126, neg_loss_2 = 0.0074, ref_loss = 0.0209, div_loss = 0.0098, 0.748 seconds/batch
2026-04-19 19:49:35,486 - Epoch 27, Batch 1150, lr = 0.00005, final_loss = 3.7203, nll_loss = 3.6185, ref_nll_loss = 3.8222, ivc_loss = 0.0905, neg_loss_1 = 0.0116, neg_loss_2 = 0.0081, ref_loss = 0.0215, div_loss = 0.0099, 0.738 seconds/batch
2026-04-19 19:49:44,285 - Epoch 27, Batch 1170, lr = 0.00005, final_loss = 3.7557, nll_loss = 3.6521, ref_nll_loss = 3.8592, ivc_loss = 0.0947, neg_loss_1 = 0.0137, neg_loss_2 = 0.0089, ref_loss = 0.0208, div_loss = 0.0103, 0.732 seconds/batch
2026-04-19 19:49:44,356 - save model to checkpoints/activitynet_moe/cpl_moe/model-27.pt, num_updates 31590.
2026-04-19 19:53:50,147 - | R@1,mIoU 0.3220 | R@1,IoU@0.1 0.7095 | R@1,IoU@0.3 0.5403 | R@1,IoU@0.5 0.2558 | R@1,IoU@0.7 0.0921 | R@1,IoU@0.9 0.0153 | R@5,mIoU 0.5242 | R@5,IoU@0.1 0.9180 | R@5,IoU@0.3 0.7826 | R@5,IoU@0.5 0.5389 | R@5,IoU@0.7 0.3110 | R@5,IoU@0.9 0.0728 |
2026-04-19 19:53:50,147 - ============================================================
2026-04-19 19:53:50,147 - Start Epoch 28
2026-04-19 19:54:30,352 - Epoch 28, Batch 50, lr = 0.00004, final_loss = 3.6866, nll_loss = 3.5830, ref_nll_loss = 3.7902, ivc_loss = 0.0891, neg_loss_1 = 0.0121, neg_loss_2 = 0.0078, ref_loss = 0.0186, div_loss = 0.0101, 0.804 seconds/batch
2026-04-19 19:55:10,091 - Epoch 28, Batch 100, lr = 0.00004, final_loss = 3.6967, nll_loss = 3.5940, ref_nll_loss = 3.7994, ivc_loss = 0.0925, neg_loss_1 = 0.0129, neg_loss_2 = 0.0090, ref_loss = 0.0208, div_loss = 0.0100, 0.799 seconds/batch
2026-04-19 19:55:50,191 - Epoch 28, Batch 150, lr = 0.00004, final_loss = 3.6788, nll_loss = 3.5741, ref_nll_loss = 3.7835, ivc_loss = 0.0894, neg_loss_1 = 0.0118, neg_loss_2 = 0.0075, ref_loss = 0.0188, div_loss = 0.0102, 0.800 seconds/batch
2026-04-19 19:56:29,962 - Epoch 28, Batch 200, lr = 0.00004, final_loss = 3.6944, nll_loss = 3.5902, ref_nll_loss = 3.7987, ivc_loss = 0.0890, neg_loss_1 = 0.0119, neg_loss_2 = 0.0093, ref_loss = 0.0182, div_loss = 0.0099, 0.799 seconds/batch
2026-04-19 19:57:09,972 - Epoch 28, Batch 250, lr = 0.00004, final_loss = 3.7049, nll_loss = 3.6019, ref_nll_loss = 3.8079, ivc_loss = 0.0935, neg_loss_1 = 0.0143, neg_loss_2 = 0.0082, ref_loss = 0.0215, div_loss = 0.0099, 0.799 seconds/batch
2026-04-19 19:57:49,692 - Epoch 28, Batch 300, lr = 0.00004, final_loss = 3.6811, nll_loss = 3.5756, ref_nll_loss = 3.7865, ivc_loss = 0.0858, neg_loss_1 = 0.0105, neg_loss_2 = 0.0077, ref_loss = 0.0188, div_loss = 0.0098, 0.798 seconds/batch
2026-04-19 19:58:29,634 - Epoch 28, Batch 350, lr = 0.00004, final_loss = 3.7129, nll_loss = 3.6081, ref_nll_loss = 3.8178, ivc_loss = 0.0897, neg_loss_1 = 0.0132, neg_loss_2 = 0.0079, ref_loss = 0.0186, div_loss = 0.0100, 0.799 seconds/batch
2026-04-19 19:59:09,307 - Epoch 28, Batch 400, lr = 0.00004, final_loss = 3.6866, nll_loss = 3.5844, ref_nll_loss = 3.7889, ivc_loss = 0.0909, neg_loss_1 = 0.0135, neg_loss_2 = 0.0081, ref_loss = 0.0196, div_loss = 0.0099, 0.798 seconds/batch
2026-04-19 19:59:49,074 - Epoch 28, Batch 450, lr = 0.00004, final_loss = 3.7157, nll_loss = 3.6132, ref_nll_loss = 3.8183, ivc_loss = 0.0891, neg_loss_1 = 0.0120, neg_loss_2 = 0.0068, ref_loss = 0.0199, div_loss = 0.0101, 0.798 seconds/batch
2026-04-19 20:00:28,792 - Epoch 28, Batch 500, lr = 0.00004, final_loss = 3.6981, nll_loss = 3.5944, ref_nll_loss = 3.8018, ivc_loss = 0.0902, neg_loss_1 = 0.0113, neg_loss_2 = 0.0079, ref_loss = 0.0199, div_loss = 0.0102, 0.797 seconds/batch
2026-04-19 20:01:08,410 - Epoch 28, Batch 550, lr = 0.00004, final_loss = 3.7070, nll_loss = 3.6035, ref_nll_loss = 3.8104, ivc_loss = 0.0886, neg_loss_1 = 0.0118, neg_loss_2 = 0.0078, ref_loss = 0.0197, div_loss = 0.0099, 0.797 seconds/batch
2026-04-19 20:01:48,038 - Epoch 28, Batch 600, lr = 0.00004, final_loss = 3.7367, nll_loss = 3.6358, ref_nll_loss = 3.8377, ivc_loss = 0.0937, neg_loss_1 = 0.0135, neg_loss_2 = 0.0075, ref_loss = 0.0226, div_loss = 0.0100, 0.796 seconds/batch
2026-04-19 20:02:27,102 - Epoch 28, Batch 650, lr = 0.00004, final_loss = 3.7094, nll_loss = 3.6081, ref_nll_loss = 3.8107, ivc_loss = 0.0957, neg_loss_1 = 0.0139, neg_loss_2 = 0.0091, ref_loss = 0.0227, div_loss = 0.0100, 0.795 seconds/batch
2026-04-19 20:03:01,245 - Epoch 28, Batch 700, lr = 0.00004, final_loss = 3.7212, nll_loss = 3.6221, ref_nll_loss = 3.8202, ivc_loss = 0.0904, neg_loss_1 = 0.0133, neg_loss_2 = 0.0086, ref_loss = 0.0192, div_loss = 0.0099, 0.787 seconds/batch
2026-04-19 20:03:35,073 - Epoch 28, Batch 750, lr = 0.00004, final_loss = 3.7537, nll_loss = 3.6501, ref_nll_loss = 3.8573, ivc_loss = 0.0929, neg_loss_1 = 0.0115, neg_loss_2 = 0.0099, ref_loss = 0.0212, div_loss = 0.0101, 0.780 seconds/batch
2026-04-19 20:04:09,155 - Epoch 28, Batch 800, lr = 0.00004, final_loss = 3.6969, nll_loss = 3.5923, ref_nll_loss = 3.8014, ivc_loss = 0.0895, neg_loss_1 = 0.0115, neg_loss_2 = 0.0085, ref_loss = 0.0187, div_loss = 0.0102, 0.774 seconds/batch
2026-04-19 20:04:42,968 - Epoch 28, Batch 850, lr = 0.00004, final_loss = 3.7168, nll_loss = 3.6169, ref_nll_loss = 3.8167, ivc_loss = 0.0934, neg_loss_1 = 0.0132, neg_loss_2 = 0.0092, ref_loss = 0.0217, div_loss = 0.0099, 0.768 seconds/batch
2026-04-19 20:05:16,833 - Epoch 28, Batch 900, lr = 0.00004, final_loss = 3.7196, nll_loss = 3.6155, ref_nll_loss = 3.8236, ivc_loss = 0.0940, neg_loss_1 = 0.0132, neg_loss_2 = 0.0085, ref_loss = 0.0203, div_loss = 0.0104, 0.763 seconds/batch
2026-04-19 20:05:51,037 - Epoch 28, Batch 950, lr = 0.00004, final_loss = 3.7093, nll_loss = 3.6083, ref_nll_loss = 3.8103, ivc_loss = 0.0933, neg_loss_1 = 0.0146, neg_loss_2 = 0.0074, ref_loss = 0.0211, div_loss = 0.0100, 0.759 seconds/batch
2026-04-19 20:06:24,689 - Epoch 28, Batch 1000, lr = 0.00004, final_loss = 3.6967, nll_loss = 3.5958, ref_nll_loss = 3.7977, ivc_loss = 0.0943, neg_loss_1 = 0.0121, neg_loss_2 = 0.0079, ref_loss = 0.0218, div_loss = 0.0105, 0.755 seconds/batch
2026-04-19 20:06:58,395 - Epoch 28, Batch 1050, lr = 0.00004, final_loss = 3.7176, nll_loss = 3.6148, ref_nll_loss = 3.8204, ivc_loss = 0.0912, neg_loss_1 = 0.0098, neg_loss_2 = 0.0084, ref_loss = 0.0204, div_loss = 0.0105, 0.751 seconds/batch
2026-04-19 20:07:31,609 - Epoch 28, Batch 1100, lr = 0.00004, final_loss = 3.7239, nll_loss = 3.6220, ref_nll_loss = 3.8259, ivc_loss = 0.0903, neg_loss_1 = 0.0116, neg_loss_2 = 0.0069, ref_loss = 0.0198, div_loss = 0.0104, 0.747 seconds/batch
2026-04-19 20:07:54,667 - Epoch 28, Batch 1150, lr = 0.00004, final_loss = 3.7043, nll_loss = 3.5989, ref_nll_loss = 3.8096, ivc_loss = 0.0904, neg_loss_1 = 0.0119, neg_loss_2 = 0.0074, ref_loss = 0.0201, div_loss = 0.0102, 0.734 seconds/batch
2026-04-19 20:08:05,574 - Epoch 28, Batch 1170, lr = 0.00004, final_loss = 3.7175, nll_loss = 3.6158, ref_nll_loss = 3.8192, ivc_loss = 0.0936, neg_loss_1 = 0.0114, neg_loss_2 = 0.0104, ref_loss = 0.0195, div_loss = 0.0105, 0.731 seconds/batch
2026-04-19 20:08:05,648 - save model to checkpoints/activitynet_moe/cpl_moe/model-28.pt, num_updates 32760.
2026-04-19 20:12:14,683 - | R@1,mIoU 0.3085 | R@1,IoU@0.1 0.6670 | R@1,IoU@0.3 0.4929 | R@1,IoU@0.5 0.2497 | R@1,IoU@0.7 0.1100 | R@1,IoU@0.9 0.0174 | R@5,mIoU 0.5248 | R@5,IoU@0.1 0.9155 | R@5,IoU@0.3 0.7759 | R@5,IoU@0.5 0.5347 | R@5,IoU@0.7 0.3213 | R@5,IoU@0.9 0.0764 |
2026-04-19 20:12:14,683 - ============================================================
2026-04-19 20:12:14,683 - Start Epoch 29
2026-04-19 20:12:54,992 - Epoch 29, Batch 50, lr = 0.00004, final_loss = 3.7163, nll_loss = 3.6128, ref_nll_loss = 3.8197, ivc_loss = 0.0915, neg_loss_1 = 0.0105, neg_loss_2 = 0.0099, ref_loss = 0.0202, div_loss = 0.0102, 0.806 seconds/batch
2026-04-19 20:13:34,962 - Epoch 29, Batch 100, lr = 0.00004, final_loss = 3.6925, nll_loss = 3.5884, ref_nll_loss = 3.7966, ivc_loss = 0.0906, neg_loss_1 = 0.0126, neg_loss_2 = 0.0080, ref_loss = 0.0196, div_loss = 0.0101, 0.803 seconds/batch
2026-04-19 20:14:14,731 - Epoch 29, Batch 150, lr = 0.00004, final_loss = 3.6970, nll_loss = 3.5977, ref_nll_loss = 3.7963, ivc_loss = 0.0962, neg_loss_1 = 0.0145, neg_loss_2 = 0.0069, ref_loss = 0.0240, div_loss = 0.0102, 0.800 seconds/batch
2026-04-19 20:14:54,262 - Epoch 29, Batch 200, lr = 0.00004, final_loss = 3.7061, nll_loss = 3.6061, ref_nll_loss = 3.8061, ivc_loss = 0.0919, neg_loss_1 = 0.0128, neg_loss_2 = 0.0075, ref_loss = 0.0213, div_loss = 0.0100, 0.798 seconds/batch
2026-04-19 20:15:33,852 - Epoch 29, Batch 250, lr = 0.00004, final_loss = 3.6707, nll_loss = 3.5673, ref_nll_loss = 3.7740, ivc_loss = 0.0878, neg_loss_1 = 0.0121, neg_loss_2 = 0.0083, ref_loss = 0.0196, div_loss = 0.0095, 0.797 seconds/batch
2026-04-19 20:16:13,915 - Epoch 29, Batch 300, lr = 0.00004, final_loss = 3.6852, nll_loss = 3.5841, ref_nll_loss = 3.7863, ivc_loss = 0.0926, neg_loss_1 = 0.0153, neg_loss_2 = 0.0086, ref_loss = 0.0217, div_loss = 0.0094, 0.797 seconds/batch
2026-04-19 20:16:53,611 - Epoch 29, Batch 350, lr = 0.00004, final_loss = 3.7070, nll_loss = 3.6063, ref_nll_loss = 3.8078, ivc_loss = 0.0926, neg_loss_1 = 0.0138, neg_loss_2 = 0.0072, ref_loss = 0.0216, div_loss = 0.0100, 0.797 seconds/batch
2026-04-19 20:17:32,942 - Epoch 29, Batch 400, lr = 0.00004, final_loss = 3.6658, nll_loss = 3.5635, ref_nll_loss = 3.7681, ivc_loss = 0.0916, neg_loss_1 = 0.0142, neg_loss_2 = 0.0079, ref_loss = 0.0199, div_loss = 0.0099, 0.796 seconds/batch
2026-04-19 20:18:12,834 - Epoch 29, Batch 450, lr = 0.00004, final_loss = 3.7010, nll_loss = 3.6016, ref_nll_loss = 3.8003, ivc_loss = 0.0930, neg_loss_1 = 0.0137, neg_loss_2 = 0.0078, ref_loss = 0.0207, div_loss = 0.0102, 0.796 seconds/batch
2026-04-19 20:18:52,860 - Epoch 29, Batch 500, lr = 0.00004, final_loss = 3.6966, nll_loss = 3.5957, ref_nll_loss = 3.7975, ivc_loss = 0.0890, neg_loss_1 = 0.0128, neg_loss_2 = 0.0061, ref_loss = 0.0221, div_loss = 0.0096, 0.796 seconds/batch
2026-04-19 20:19:32,540 - Epoch 29, Batch 550, lr = 0.00004, final_loss = 3.6776, nll_loss = 3.5753, ref_nll_loss = 3.7798, ivc_loss = 0.0895, neg_loss_1 = 0.0127, neg_loss_2 = 0.0084, ref_loss = 0.0197, div_loss = 0.0097, 0.796 seconds/batch
2026-04-19 20:20:12,570 - Epoch 29, Batch 600, lr = 0.00004, final_loss = 3.6829, nll_loss = 3.5791, ref_nll_loss = 3.7867, ivc_loss = 0.0924, neg_loss_1 = 0.0128, neg_loss_2 = 0.0077, ref_loss = 0.0195, div_loss = 0.0105, 0.796 seconds/batch
2026-04-19 20:20:48,927 - Epoch 29, Batch 650, lr = 0.00004, final_loss = 3.6855, nll_loss = 3.5807, ref_nll_loss = 3.7903, ivc_loss = 0.0893, neg_loss_1 = 0.0111, neg_loss_2 = 0.0077, ref_loss = 0.0197, div_loss = 0.0102, 0.791 seconds/batch
2026-04-19 20:21:22,826 - Epoch 29, Batch 700, lr = 0.00004, final_loss = 3.6973, nll_loss = 3.5971, ref_nll_loss = 3.7974, ivc_loss = 0.0929, neg_loss_1 = 0.0145, neg_loss_2 = 0.0089, ref_loss = 0.0204, div_loss = 0.0098, 0.783 seconds/batch
2026-04-19 20:21:56,772 - Epoch 29, Batch 750, lr = 0.00004, final_loss = 3.6920, nll_loss = 3.5902, ref_nll_loss = 3.7938, ivc_loss = 0.0928, neg_loss_1 = 0.0159, neg_loss_2 = 0.0063, ref_loss = 0.0215, div_loss = 0.0098, 0.776 seconds/batch
2026-04-19 20:22:30,569 - Epoch 29, Batch 800, lr = 0.00004, final_loss = 3.7101, nll_loss = 3.6102, ref_nll_loss = 3.8100, ivc_loss = 0.0972, neg_loss_1 = 0.0153, neg_loss_2 = 0.0073, ref_loss = 0.0231, div_loss = 0.0103, 0.770 seconds/batch
2026-04-19 20:23:04,268 - Epoch 29, Batch 850, lr = 0.00004, final_loss = 3.7033, nll_loss = 3.6026, ref_nll_loss = 3.8040, ivc_loss = 0.0952, neg_loss_1 = 0.0137, neg_loss_2 = 0.0071, ref_loss = 0.0220, div_loss = 0.0105, 0.764 seconds/batch
2026-04-19 20:23:38,157 - Epoch 29, Batch 900, lr = 0.00004, final_loss = 3.6852, nll_loss = 3.5826, ref_nll_loss = 3.7877, ivc_loss = 0.0940, neg_loss_1 = 0.0137, neg_loss_2 = 0.0077, ref_loss = 0.0229, div_loss = 0.0099, 0.759 seconds/batch
2026-04-19 20:24:12,157 - Epoch 29, Batch 950, lr = 0.00004, final_loss = 3.7373, nll_loss = 3.6302, ref_nll_loss = 3.8445, ivc_loss = 0.0893, neg_loss_1 = 0.0129, neg_loss_2 = 0.0061, ref_loss = 0.0187, div_loss = 0.0103, 0.755 seconds/batch
2026-04-19 20:24:46,415 - Epoch 29, Batch 1000, lr = 0.00004, final_loss = 3.6879, nll_loss = 3.5809, ref_nll_loss = 3.7949, ivc_loss = 0.0921, neg_loss_1 = 0.0126, neg_loss_2 = 0.0083, ref_loss = 0.0205, div_loss = 0.0101, 0.752 seconds/batch
2026-04-19 20:25:20,634 - Epoch 29, Batch 1050, lr = 0.00004, final_loss = 3.6964, nll_loss = 3.5942, ref_nll_loss = 3.7986, ivc_loss = 0.0909, neg_loss_1 = 0.0117, neg_loss_2 = 0.0080, ref_loss = 0.0212, div_loss = 0.0100, 0.749 seconds/batch
2026-04-19 20:25:52,549 - Epoch 29, Batch 1100, lr = 0.00004, final_loss = 3.7407, nll_loss = 3.6385, ref_nll_loss = 3.8428, ivc_loss = 0.0916, neg_loss_1 = 0.0133, neg_loss_2 = 0.0076, ref_loss = 0.0204, div_loss = 0.0100, 0.744 seconds/batch
2026-04-19 20:26:16,363 - Epoch 29, Batch 1150, lr = 0.00004, final_loss = 3.7172, nll_loss = 3.6111, ref_nll_loss = 3.8233, ivc_loss = 0.0876, neg_loss_1 = 0.0128, neg_loss_2 = 0.0059, ref_loss = 0.0195, div_loss = 0.0099, 0.732 seconds/batch
2026-04-19 20:26:27,060 - Epoch 29, Batch 1170, lr = 0.00004, final_loss = 3.7172, nll_loss = 3.6115, ref_nll_loss = 3.8228, ivc_loss = 0.0895, neg_loss_1 = 0.0121, neg_loss_2 = 0.0070, ref_loss = 0.0191, div_loss = 0.0103, 0.729 seconds/batch
2026-04-19 20:26:27,133 - save model to checkpoints/activitynet_moe/cpl_moe/model-29.pt, num_updates 33930.
2026-04-19 20:30:33,372 - | R@1,mIoU 0.2550 | R@1,IoU@0.1 0.5747 | R@1,IoU@0.3 0.4108 | R@1,IoU@0.5 0.1961 | R@1,IoU@0.7 0.0787 | R@1,IoU@0.9 0.0089 | R@5,mIoU 0.5249 | R@5,IoU@0.1 0.9170 | R@5,IoU@0.3 0.7785 | R@5,IoU@0.5 0.5360 | R@5,IoU@0.7 0.3236 | R@5,IoU@0.9 0.0712 |
2026-04-19 20:30:33,372 - ============================================================
2026-04-19 20:30:33,372 - Start Epoch 30
2026-04-19 20:31:13,147 - Epoch 30, Batch 50, lr = 0.00004, final_loss = 3.6531, nll_loss = 3.5530, ref_nll_loss = 3.7531, ivc_loss = 0.0941, neg_loss_1 = 0.0136, neg_loss_2 = 0.0069, ref_loss = 0.0222, div_loss = 0.0103, 0.795 seconds/batch
2026-04-19 20:31:52,852 - Epoch 30, Batch 100, lr = 0.00004, final_loss = 3.6505, nll_loss = 3.5477, ref_nll_loss = 3.7534, ivc_loss = 0.0890, neg_loss_1 = 0.0132, neg_loss_2 = 0.0064, ref_loss = 0.0194, div_loss = 0.0100, 0.795 seconds/batch
2026-04-19 20:32:32,978 - Epoch 30, Batch 150, lr = 0.00004, final_loss = 3.6803, nll_loss = 3.5792, ref_nll_loss = 3.7814, ivc_loss = 0.0955, neg_loss_1 = 0.0142, neg_loss_2 = 0.0068, ref_loss = 0.0218, div_loss = 0.0105, 0.797 seconds/batch
2026-04-19 20:33:13,243 - Epoch 30, Batch 200, lr = 0.00004, final_loss = 3.6744, nll_loss = 3.5684, ref_nll_loss = 3.7803, ivc_loss = 0.0945, neg_loss_1 = 0.0134, neg_loss_2 = 0.0071, ref_loss = 0.0206, div_loss = 0.0107, 0.799 seconds/batch
2026-04-19 20:33:53,148 - Epoch 30, Batch 250, lr = 0.00004, final_loss = 3.6998, nll_loss = 3.5984, ref_nll_loss = 3.8011, ivc_loss = 0.0956, neg_loss_1 = 0.0118, neg_loss_2 = 0.0082, ref_loss = 0.0228, div_loss = 0.0106, 0.799 seconds/batch
2026-04-19 20:34:32,936 - Epoch 30, Batch 300, lr = 0.00004, final_loss = 3.6735, nll_loss = 3.5673, ref_nll_loss = 3.7798, ivc_loss = 0.0906, neg_loss_1 = 0.0125, neg_loss_2 = 0.0073, ref_loss = 0.0185, div_loss = 0.0105, 0.799 seconds/batch
2026-04-19 20:35:12,758 - Epoch 30, Batch 350, lr = 0.00004, final_loss = 3.6697, nll_loss = 3.5645, ref_nll_loss = 3.7749, ivc_loss = 0.0904, neg_loss_1 = 0.0119, neg_loss_2 = 0.0067, ref_loss = 0.0207, div_loss = 0.0102, 0.798 seconds/batch
2026-04-19 20:35:52,559 - Epoch 30, Batch 400, lr = 0.00004, final_loss = 3.7122, nll_loss = 3.6057, ref_nll_loss = 3.8187, ivc_loss = 0.0921, neg_loss_1 = 0.0153, neg_loss_2 = 0.0080, ref_loss = 0.0192, div_loss = 0.0099, 0.798 seconds/batch
2026-04-19 20:36:31,955 - Epoch 30, Batch 450, lr = 0.00004, final_loss = 3.6825, nll_loss = 3.5770, ref_nll_loss = 3.7880, ivc_loss = 0.0952, neg_loss_1 = 0.0120, neg_loss_2 = 0.0094, ref_loss = 0.0215, div_loss = 0.0105, 0.797 seconds/batch
2026-04-19 20:37:11,791 - Epoch 30, Batch 500, lr = 0.00004, final_loss = 3.7022, nll_loss = 3.5976, ref_nll_loss = 3.8067, ivc_loss = 0.0915, neg_loss_1 = 0.0109, neg_loss_2 = 0.0080, ref_loss = 0.0202, div_loss = 0.0105, 0.797 seconds/batch
2026-04-19 20:37:51,298 - Epoch 30, Batch 550, lr = 0.00004, final_loss = 3.6823, nll_loss = 3.5778, ref_nll_loss = 3.7869, ivc_loss = 0.0956, neg_loss_1 = 0.0137, neg_loss_2 = 0.0082, ref_loss = 0.0217, div_loss = 0.0104, 0.796 seconds/batch
2026-04-19 20:38:30,968 - Epoch 30, Batch 600, lr = 0.00004, final_loss = 3.7014, nll_loss = 3.5980, ref_nll_loss = 3.8049, ivc_loss = 0.0909, neg_loss_1 = 0.0118, neg_loss_2 = 0.0064, ref_loss = 0.0200, div_loss = 0.0106, 0.796 seconds/batch
2026-04-19 20:39:05,478 - Epoch 30, Batch 650, lr = 0.00004, final_loss = 3.6709, nll_loss = 3.5705, ref_nll_loss = 3.7714, ivc_loss = 0.0959, neg_loss_1 = 0.0129, neg_loss_2 = 0.0083, ref_loss = 0.0222, div_loss = 0.0105, 0.788 seconds/batch
2026-04-19 20:39:39,622 - Epoch 30, Batch 700, lr = 0.00004, final_loss = 3.6750, nll_loss = 3.5741, ref_nll_loss = 3.7759, ivc_loss = 0.0947, neg_loss_1 = 0.0133, neg_loss_2 = 0.0077, ref_loss = 0.0207, div_loss = 0.0106, 0.780 seconds/batch
2026-04-19 20:40:13,454 - Epoch 30, Batch 750, lr = 0.00004, final_loss = 3.6953, nll_loss = 3.5939, ref_nll_loss = 3.7966, ivc_loss = 0.0901, neg_loss_1 = 0.0121, neg_loss_2 = 0.0061, ref_loss = 0.0200, div_loss = 0.0104, 0.773 seconds/batch
2026-04-19 20:40:47,572 - Epoch 30, Batch 800, lr = 0.00004, final_loss = 3.7017, nll_loss = 3.5969, ref_nll_loss = 3.8066, ivc_loss = 0.0914, neg_loss_1 = 0.0101, neg_loss_2 = 0.0080, ref_loss = 0.0205, div_loss = 0.0106, 0.768 seconds/batch
2026-04-19 20:41:21,441 - Epoch 30, Batch 850, lr = 0.00004, final_loss = 3.7045, nll_loss = 3.5983, ref_nll_loss = 3.8107, ivc_loss = 0.0941, neg_loss_1 = 0.0125, neg_loss_2 = 0.0090, ref_loss = 0.0200, div_loss = 0.0105, 0.762 seconds/batch
2026-04-19 20:41:55,807 - Epoch 30, Batch 900, lr = 0.00004, final_loss = 3.7117, nll_loss = 3.6059, ref_nll_loss = 3.8176, ivc_loss = 0.0876, neg_loss_1 = 0.0097, neg_loss_2 = 0.0071, ref_loss = 0.0187, div_loss = 0.0104, 0.758 seconds/batch
2026-04-19 20:42:29,740 - Epoch 30, Batch 950, lr = 0.00004, final_loss = 3.7090, nll_loss = 3.6082, ref_nll_loss = 3.8098, ivc_loss = 0.0970, neg_loss_1 = 0.0145, neg_loss_2 = 0.0085, ref_loss = 0.0214, div_loss = 0.0105, 0.754 seconds/batch
2026-04-19 20:43:03,903 - Epoch 30, Batch 1000, lr = 0.00004, final_loss = 3.7111, nll_loss = 3.6084, ref_nll_loss = 3.8138, ivc_loss = 0.0935, neg_loss_1 = 0.0120, neg_loss_2 = 0.0075, ref_loss = 0.0214, div_loss = 0.0105, 0.751 seconds/batch
2026-04-19 20:43:38,012 - Epoch 30, Batch 1050, lr = 0.00004, final_loss = 3.7218, nll_loss = 3.6192, ref_nll_loss = 3.8245, ivc_loss = 0.0949, neg_loss_1 = 0.0137, neg_loss_2 = 0.0083, ref_loss = 0.0197, div_loss = 0.0106, 0.747 seconds/batch
2026-04-19 20:44:09,824 - Epoch 30, Batch 1100, lr = 0.00004, final_loss = 3.6770, nll_loss = 3.5723, ref_nll_loss = 3.7816, ivc_loss = 0.0886, neg_loss_1 = 0.0114, neg_loss_2 = 0.0061, ref_loss = 0.0196, div_loss = 0.0103, 0.742 seconds/batch
2026-04-19 20:44:28,855 - Epoch 30, Batch 1150, lr = 0.00004, final_loss = 3.7020, nll_loss = 3.5968, ref_nll_loss = 3.8073, ivc_loss = 0.0912, neg_loss_1 = 0.0117, neg_loss_2 = 0.0077, ref_loss = 0.0194, div_loss = 0.0105, 0.727 seconds/batch
2026-04-19 20:44:35,923 - Epoch 30, Batch 1170, lr = 0.00004, final_loss = 3.6771, nll_loss = 3.5723, ref_nll_loss = 3.7820, ivc_loss = 0.0905, neg_loss_1 = 0.0148, neg_loss_2 = 0.0049, ref_loss = 0.0192, div_loss = 0.0103, 0.720 seconds/batch
2026-04-19 20:44:36,000 - save model to checkpoints/activitynet_moe/cpl_moe/model-30.pt, num_updates 35100.
2026-04-19 20:46:33,570 - | R@1,mIoU 0.2802 | R@1,IoU@0.1 0.6427 | R@1,IoU@0.3 0.4767 | R@1,IoU@0.5 0.2090 | R@1,IoU@0.7 0.0645 | R@1,IoU@0.9 0.0049 | R@5,mIoU 0.5231 | R@5,IoU@0.1 0.9162 | R@5,IoU@0.3 0.7748 | R@5,IoU@0.5 0.5333 | R@5,IoU@0.7 0.3189 | R@5,IoU@0.9 0.0741 |
2026-04-19 20:46:33,570 - ============================================================
2026-04-19 20:46:33,570 - Best results:
2026-04-19 20:46:33,570 - | R@1,mIoU 0.3243 | R@1,IoU@0.1 0.7325 | R@1,IoU@0.3 0.5430 | R@1,IoU@0.5 0.2513 | R@1,IoU@0.7 0.0860 | R@1,IoU@0.9 0.0114 | R@5,mIoU 0.5352 | R@5,IoU@0.1 0.9226 | R@5,IoU@0.3 0.7916 | R@5,IoU@0.5 0.5504 | R@5,IoU@0.7 0.3313 | R@5,IoU@0.9 0.0774 |
