2026-04-19 23:09:43,596 - {'dataset': {'dataset': 'ActivityNet', 'feature_path': '/data/chenyuan/videogrounding/cpl-main/data/activitynet/sub_activitynet_v1-3.c3d.hdf5', 'vocab_size': 1111, 'word_dim': 300, 'frame_dim': 500, 'max_num_words': 40, 'max_num_frames': 200, 'target_stride': 1, 'train_data': 'data/activitynet/train_data.json', 'test_data': 'data/activitynet/test_data.json', 'val_data': 'data/activitynet/val_data.json', 'vocab_path': 'data/activitynet/glove.pkl'}, 'train': {'optimizer': {'lr': 0.0004, 'weight_decay': 0, 'warmup_updates': 400, 'warmup_init_lr': 1e-07}, 'batch_size': 32, 'max_num_epochs': 30, 'model_saved_path': 'checkpoints/activitynet_moe/cpl_moe'}, 'model': {'name': 'CPL_MoE', 'source': 'models', 'config': {'frames_input_size': 500, 'words_input_size': 300, 'hidden_size': 256, 'use_negative': True, 'num_props': 8, 'sigma': 9, 'gamma': 0.5, 'dropout': 0.1, 'DualTransformer': {'d_model': 256, 'num_heads': 4, 'num_decoder_layers1': 3, 'num_decoder_layers2': 3, 'dropout': 0.1}, 'MoE': {'use_moe': True, 'use_simple_moe': False, 'num_experts': 8, 'num_shared_experts': 2, 'top_k': 2, 'use_load_balance_loss': True, 'load_balance_weight': 0.01, 'use_2layer_gate': True}}}, 'loss': {'margin_1': 0.1, 'margin_2': 0.2, 'lambda': 0.114, 'alpha_1': 1, 'alpha_2': 5, 'use_width_reg': False, 'width_lambda': 0.05}, 'vote': True}
2026-04-19 23:09:43,951 - train: 37421 samples, test: 17031 samples
2026-04-19 23:09:45,232 - Start Epoch 1
2026-04-19 23:10:22,335 - Epoch 1, Batch 50, lr = 0.00005, final_loss = 6.8849, nll_loss = 6.8427, ref_nll_loss = 6.9271, ivc_loss = 1.3098, neg_loss_1 = 0.1101, neg_loss_2 = 0.1075, ref_loss = 0.0421, div_loss = 0.2100, 0.742 seconds/batch
2026-04-19 23:11:01,495 - Epoch 1, Batch 100, lr = 0.00010, final_loss = 6.0582, nll_loss = 6.0206, ref_nll_loss = 6.0958, ivc_loss = 0.3234, neg_loss_1 = 0.0690, neg_loss_2 = 0.0670, ref_loss = 0.0417, div_loss = 0.0291, 0.763 seconds/batch
2026-04-19 23:11:40,902 - Epoch 1, Batch 150, lr = 0.00015, final_loss = 5.6427, nll_loss = 5.5996, ref_nll_loss = 5.6858, ivc_loss = 0.2339, neg_loss_1 = 0.0665, neg_loss_2 = 0.0629, ref_loss = 0.0381, div_loss = 0.0133, 0.771 seconds/batch
2026-04-19 23:12:20,476 - Epoch 1, Batch 200, lr = 0.00020, final_loss = 5.4340, nll_loss = 5.3897, ref_nll_loss = 5.4783, ivc_loss = 0.2065, neg_loss_1 = 0.0622, neg_loss_2 = 0.0577, ref_loss = 0.0348, div_loss = 0.0104, 0.776 seconds/batch
2026-04-19 23:12:59,972 - Epoch 1, Batch 250, lr = 0.00025, final_loss = 5.3244, nll_loss = 5.2776, ref_nll_loss = 5.3713, ivc_loss = 0.1927, neg_loss_1 = 0.0547, neg_loss_2 = 0.0545, ref_loss = 0.0364, div_loss = 0.0094, 0.779 seconds/batch
2026-04-19 23:13:39,688 - Epoch 1, Batch 300, lr = 0.00030, final_loss = 5.2634, nll_loss = 5.2143, ref_nll_loss = 5.3124, ivc_loss = 0.1881, neg_loss_1 = 0.0559, neg_loss_2 = 0.0510, ref_loss = 0.0338, div_loss = 0.0095, 0.782 seconds/batch
2026-04-19 23:14:19,352 - Epoch 1, Batch 350, lr = 0.00035, final_loss = 5.1653, nll_loss = 5.1173, ref_nll_loss = 5.2133, ivc_loss = 0.1888, neg_loss_1 = 0.0505, neg_loss_2 = 0.0475, ref_loss = 0.0364, div_loss = 0.0109, 0.783 seconds/batch
2026-04-19 23:14:59,018 - Epoch 1, Batch 400, lr = 0.00040, final_loss = 5.0849, nll_loss = 5.0295, ref_nll_loss = 5.1403, ivc_loss = 0.1633, neg_loss_1 = 0.0450, neg_loss_2 = 0.0409, ref_loss = 0.0319, div_loss = 0.0091, 0.784 seconds/batch
2026-04-19 23:15:38,823 - Epoch 1, Batch 450, lr = 0.00038, final_loss = 5.0491, nll_loss = 4.9973, ref_nll_loss = 5.1009, ivc_loss = 0.1602, neg_loss_1 = 0.0383, neg_loss_2 = 0.0411, ref_loss = 0.0352, div_loss = 0.0091, 0.786 seconds/batch
2026-04-19 23:16:18,403 - Epoch 1, Batch 500, lr = 0.00036, final_loss = 4.9668, nll_loss = 4.9127, ref_nll_loss = 5.0208, ivc_loss = 0.1460, neg_loss_1 = 0.0331, neg_loss_2 = 0.0355, ref_loss = 0.0351, div_loss = 0.0085, 0.786 seconds/batch
2026-04-19 23:16:58,155 - Epoch 1, Batch 550, lr = 0.00034, final_loss = 4.8786, nll_loss = 4.8247, ref_nll_loss = 4.9325, ivc_loss = 0.1285, neg_loss_1 = 0.0249, neg_loss_2 = 0.0290, ref_loss = 0.0343, div_loss = 0.0081, 0.787 seconds/batch
2026-04-19 23:17:37,897 - Epoch 1, Batch 600, lr = 0.00033, final_loss = 4.8486, nll_loss = 4.7939, ref_nll_loss = 4.9033, ivc_loss = 0.1213, neg_loss_1 = 0.0209, neg_loss_2 = 0.0222, ref_loss = 0.0366, div_loss = 0.0083, 0.788 seconds/batch
2026-04-19 23:18:17,696 - Epoch 1, Batch 650, lr = 0.00031, final_loss = 4.8013, nll_loss = 4.7455, ref_nll_loss = 4.8571, ivc_loss = 0.1107, neg_loss_1 = 0.0149, neg_loss_2 = 0.0166, ref_loss = 0.0374, div_loss = 0.0084, 0.788 seconds/batch
2026-04-19 23:18:57,592 - Epoch 1, Batch 700, lr = 0.00030, final_loss = 4.7491, nll_loss = 4.6920, ref_nll_loss = 4.8061, ivc_loss = 0.1099, neg_loss_1 = 0.0136, neg_loss_2 = 0.0153, ref_loss = 0.0367, div_loss = 0.0089, 0.789 seconds/batch
2026-04-19 23:19:37,282 - Epoch 1, Batch 750, lr = 0.00029, final_loss = 4.7488, nll_loss = 4.6960, ref_nll_loss = 4.8015, ivc_loss = 0.1063, neg_loss_1 = 0.0110, neg_loss_2 = 0.0140, ref_loss = 0.0397, div_loss = 0.0083, 0.789 seconds/batch
2026-04-19 23:20:16,555 - Epoch 1, Batch 800, lr = 0.00028, final_loss = 4.6802, nll_loss = 4.6217, ref_nll_loss = 4.7387, ivc_loss = 0.0970, neg_loss_1 = 0.0100, neg_loss_2 = 0.0113, ref_loss = 0.0350, div_loss = 0.0081, 0.789 seconds/batch
2026-04-19 23:20:56,169 - Epoch 1, Batch 850, lr = 0.00027, final_loss = 4.6898, nll_loss = 4.6316, ref_nll_loss = 4.7479, ivc_loss = 0.0963, neg_loss_1 = 0.0096, neg_loss_2 = 0.0100, ref_loss = 0.0346, div_loss = 0.0084, 0.789 seconds/batch
2026-04-19 23:21:35,989 - Epoch 1, Batch 900, lr = 0.00027, final_loss = 4.6597, nll_loss = 4.5991, ref_nll_loss = 4.7204, ivc_loss = 0.0895, neg_loss_1 = 0.0068, neg_loss_2 = 0.0098, ref_loss = 0.0339, div_loss = 0.0078, 0.790 seconds/batch
2026-04-19 23:22:15,583 - Epoch 1, Batch 950, lr = 0.00026, final_loss = 4.6602, nll_loss = 4.6034, ref_nll_loss = 4.7170, ivc_loss = 0.0888, neg_loss_1 = 0.0075, neg_loss_2 = 0.0078, ref_loss = 0.0352, div_loss = 0.0077, 0.790 seconds/batch
2026-04-19 23:22:55,059 - Epoch 1, Batch 1000, lr = 0.00025, final_loss = 4.6203, nll_loss = 4.5602, ref_nll_loss = 4.6803, ivc_loss = 0.0875, neg_loss_1 = 0.0067, neg_loss_2 = 0.0077, ref_loss = 0.0346, div_loss = 0.0077, 0.790 seconds/batch
2026-04-19 23:23:34,485 - Epoch 1, Batch 1050, lr = 0.00025, final_loss = 4.6184, nll_loss = 4.5577, ref_nll_loss = 4.6790, ivc_loss = 0.0875, neg_loss_1 = 0.0065, neg_loss_2 = 0.0079, ref_loss = 0.0344, div_loss = 0.0077, 0.790 seconds/batch
2026-04-19 23:24:09,558 - Epoch 1, Batch 1100, lr = 0.00024, final_loss = 4.5657, nll_loss = 4.5041, ref_nll_loss = 4.6274, ivc_loss = 0.0827, neg_loss_1 = 0.0050, neg_loss_2 = 0.0060, ref_loss = 0.0331, div_loss = 0.0077, 0.786 seconds/batch
2026-04-19 23:24:39,637 - Epoch 1, Batch 1150, lr = 0.00024, final_loss = 4.5568, nll_loss = 4.4951, ref_nll_loss = 4.6186, ivc_loss = 0.0854, neg_loss_1 = 0.0056, neg_loss_2 = 0.0068, ref_loss = 0.0335, div_loss = 0.0079, 0.778 seconds/batch
2026-04-19 23:24:50,514 - Epoch 1, Batch 1170, lr = 0.00023, final_loss = 4.5265, nll_loss = 4.4702, ref_nll_loss = 4.5827, ivc_loss = 0.0904, neg_loss_1 = 0.0062, neg_loss_2 = 0.0082, ref_loss = 0.0385, div_loss = 0.0075, 0.774 seconds/batch
2026-04-19 23:24:50,584 - save model to checkpoints/activitynet_moe/cpl_moe/model-1.pt, num_updates 1170.
2026-04-19 23:27:54,655 - | R@1,mIoU 0.2380 | R@1,IoU@0.1 0.5714 | R@1,IoU@0.3 0.4066 | R@1,IoU@0.5 0.1480 | R@1,IoU@0.7 0.0391 | R@1,IoU@0.9 0.0026 | R@5,mIoU 0.5241 | R@5,IoU@0.1 0.9207 | R@5,IoU@0.3 0.7810 | R@5,IoU@0.5 0.5274 | R@5,IoU@0.7 0.3113 | R@5,IoU@0.9 0.0720 |
2026-04-19 23:27:54,726 - Best results have been updated.
2026-04-19 23:27:54,727 - ============================================================
2026-04-19 23:27:54,727 - Start Epoch 2
2026-04-19 23:28:32,716 - Epoch 2, Batch 50, lr = 0.00023, final_loss = 4.5185, nll_loss = 4.4576, ref_nll_loss = 4.5795, ivc_loss = 0.0908, neg_loss_1 = 0.0076, neg_loss_2 = 0.0097, ref_loss = 0.0345, div_loss = 0.0078, 0.760 seconds/batch
2026-04-19 23:29:12,108 - Epoch 2, Batch 100, lr = 0.00022, final_loss = 4.5165, nll_loss = 4.4523, ref_nll_loss = 4.5808, ivc_loss = 0.0826, neg_loss_1 = 0.0054, neg_loss_2 = 0.0077, ref_loss = 0.0306, div_loss = 0.0078, 0.774 seconds/batch
2026-04-19 23:29:51,894 - Epoch 2, Batch 150, lr = 0.00022, final_loss = 4.5253, nll_loss = 4.4634, ref_nll_loss = 4.5872, ivc_loss = 0.0864, neg_loss_1 = 0.0060, neg_loss_2 = 0.0078, ref_loss = 0.0314, div_loss = 0.0082, 0.781 seconds/batch
2026-04-19 23:30:31,482 - Epoch 2, Batch 200, lr = 0.00022, final_loss = 4.4802, nll_loss = 4.4201, ref_nll_loss = 4.5402, ivc_loss = 0.0865, neg_loss_1 = 0.0050, neg_loss_2 = 0.0084, ref_loss = 0.0336, div_loss = 0.0079, 0.784 seconds/batch
2026-04-19 23:31:11,175 - Epoch 2, Batch 250, lr = 0.00021, final_loss = 4.4763, nll_loss = 4.4159, ref_nll_loss = 4.5366, ivc_loss = 0.0855, neg_loss_1 = 0.0063, neg_loss_2 = 0.0069, ref_loss = 0.0337, div_loss = 0.0077, 0.786 seconds/batch
2026-04-19 23:31:50,835 - Epoch 2, Batch 300, lr = 0.00021, final_loss = 4.4699, nll_loss = 4.4091, ref_nll_loss = 4.5307, ivc_loss = 0.0875, neg_loss_1 = 0.0066, neg_loss_2 = 0.0088, ref_loss = 0.0329, div_loss = 0.0078, 0.787 seconds/batch
2026-04-19 23:32:30,873 - Epoch 2, Batch 350, lr = 0.00021, final_loss = 4.4931, nll_loss = 4.4281, ref_nll_loss = 4.5580, ivc_loss = 0.0837, neg_loss_1 = 0.0059, neg_loss_2 = 0.0073, ref_loss = 0.0311, div_loss = 0.0079, 0.789 seconds/batch
2026-04-19 23:33:10,547 - Epoch 2, Batch 400, lr = 0.00020, final_loss = 4.4661, nll_loss = 4.4004, ref_nll_loss = 4.5319, ivc_loss = 0.0817, neg_loss_1 = 0.0051, neg_loss_2 = 0.0062, ref_loss = 0.0288, div_loss = 0.0083, 0.790 seconds/batch
2026-04-19 23:33:50,230 - Epoch 2, Batch 450, lr = 0.00020, final_loss = 4.4388, nll_loss = 4.3760, ref_nll_loss = 4.5016, ivc_loss = 0.0817, neg_loss_1 = 0.0047, neg_loss_2 = 0.0056, ref_loss = 0.0330, div_loss = 0.0077, 0.790 seconds/batch
2026-04-19 23:34:30,050 - Epoch 2, Batch 500, lr = 0.00020, final_loss = 4.4315, nll_loss = 4.3689, ref_nll_loss = 4.4940, ivc_loss = 0.0808, neg_loss_1 = 0.0045, neg_loss_2 = 0.0052, ref_loss = 0.0316, div_loss = 0.0079, 0.791 seconds/batch
2026-04-19 23:35:09,931 - Epoch 2, Batch 550, lr = 0.00019, final_loss = 4.4144, nll_loss = 4.3486, ref_nll_loss = 4.4802, ivc_loss = 0.0801, neg_loss_1 = 0.0046, neg_loss_2 = 0.0068, ref_loss = 0.0303, div_loss = 0.0077, 0.791 seconds/batch
2026-04-19 23:35:49,585 - Epoch 2, Batch 600, lr = 0.00019, final_loss = 4.4164, nll_loss = 4.3540, ref_nll_loss = 4.4788, ivc_loss = 0.0812, neg_loss_1 = 0.0036, neg_loss_2 = 0.0056, ref_loss = 0.0341, div_loss = 0.0076, 0.791 seconds/batch
2026-04-19 23:36:29,386 - Epoch 2, Batch 650, lr = 0.00019, final_loss = 4.4106, nll_loss = 4.3458, ref_nll_loss = 4.4753, ivc_loss = 0.0804, neg_loss_1 = 0.0041, neg_loss_2 = 0.0078, ref_loss = 0.0302, div_loss = 0.0077, 0.792 seconds/batch
2026-04-19 23:37:09,026 - Epoch 2, Batch 700, lr = 0.00018, final_loss = 4.4019, nll_loss = 4.3386, ref_nll_loss = 4.4652, ivc_loss = 0.0849, neg_loss_1 = 0.0054, neg_loss_2 = 0.0053, ref_loss = 0.0327, div_loss = 0.0083, 0.792 seconds/batch
2026-04-19 23:37:48,985 - Epoch 2, Batch 750, lr = 0.00018, final_loss = 4.3799, nll_loss = 4.3168, ref_nll_loss = 4.4431, ivc_loss = 0.0784, neg_loss_1 = 0.0035, neg_loss_2 = 0.0048, ref_loss = 0.0317, div_loss = 0.0077, 0.792 seconds/batch
2026-04-19 23:38:28,792 - Epoch 2, Batch 800, lr = 0.00018, final_loss = 4.3744, nll_loss = 4.3115, ref_nll_loss = 4.4373, ivc_loss = 0.0790, neg_loss_1 = 0.0032, neg_loss_2 = 0.0058, ref_loss = 0.0322, div_loss = 0.0076, 0.793 seconds/batch
2026-04-19 23:39:08,535 - Epoch 2, Batch 850, lr = 0.00018, final_loss = 4.3921, nll_loss = 4.3267, ref_nll_loss = 4.4574, ivc_loss = 0.0753, neg_loss_1 = 0.0031, neg_loss_2 = 0.0040, ref_loss = 0.0295, div_loss = 0.0077, 0.793 seconds/batch
2026-04-19 23:39:48,373 - Epoch 2, Batch 900, lr = 0.00018, final_loss = 4.3734, nll_loss = 4.3064, ref_nll_loss = 4.4404, ivc_loss = 0.0769, neg_loss_1 = 0.0028, neg_loss_2 = 0.0049, ref_loss = 0.0307, div_loss = 0.0077, 0.793 seconds/batch
2026-04-19 23:40:28,373 - Epoch 2, Batch 950, lr = 0.00017, final_loss = 4.3788, nll_loss = 4.3146, ref_nll_loss = 4.4430, ivc_loss = 0.0747, neg_loss_1 = 0.0036, neg_loss_2 = 0.0050, ref_loss = 0.0285, div_loss = 0.0075, 0.793 seconds/batch
2026-04-19 23:41:08,090 - Epoch 2, Batch 1000, lr = 0.00017, final_loss = 4.3376, nll_loss = 4.2702, ref_nll_loss = 4.4050, ivc_loss = 0.0756, neg_loss_1 = 0.0022, neg_loss_2 = 0.0052, ref_loss = 0.0297, div_loss = 0.0077, 0.793 seconds/batch
2026-04-19 23:41:47,715 - Epoch 2, Batch 1050, lr = 0.00017, final_loss = 4.3815, nll_loss = 4.3191, ref_nll_loss = 4.4439, ivc_loss = 0.0812, neg_loss_1 = 0.0047, neg_loss_2 = 0.0061, ref_loss = 0.0314, div_loss = 0.0078, 0.793 seconds/batch
2026-04-19 23:42:22,537 - Epoch 2, Batch 1100, lr = 0.00017, final_loss = 4.3493, nll_loss = 4.2868, ref_nll_loss = 4.4118, ivc_loss = 0.0777, neg_loss_1 = 0.0036, neg_loss_2 = 0.0044, ref_loss = 0.0312, div_loss = 0.0077, 0.789 seconds/batch
2026-04-19 23:42:51,920 - Epoch 2, Batch 1150, lr = 0.00017, final_loss = 4.3455, nll_loss = 4.2806, ref_nll_loss = 4.4105, ivc_loss = 0.0734, neg_loss_1 = 0.0021, neg_loss_2 = 0.0046, ref_loss = 0.0289, div_loss = 0.0076, 0.780 seconds/batch
2026-04-19 23:43:02,486 - Epoch 2, Batch 1170, lr = 0.00017, final_loss = 4.3612, nll_loss = 4.2921, ref_nll_loss = 4.4303, ivc_loss = 0.0757, neg_loss_1 = 0.0026, neg_loss_2 = 0.0051, ref_loss = 0.0294, div_loss = 0.0077, 0.776 seconds/batch
2026-04-19 23:43:02,556 - save model to checkpoints/activitynet_moe/cpl_moe/model-2.pt, num_updates 2340.
2026-04-19 23:46:06,110 - | R@1,mIoU 0.2395 | R@1,IoU@0.1 0.5704 | R@1,IoU@0.3 0.4084 | R@1,IoU@0.5 0.1604 | R@1,IoU@0.7 0.0429 | R@1,IoU@0.9 0.0017 | R@5,mIoU 0.5290 | R@5,IoU@0.1 0.9231 | R@5,IoU@0.3 0.7826 | R@5,IoU@0.5 0.5357 | R@5,IoU@0.7 0.3230 | R@5,IoU@0.9 0.0732 |
2026-04-19 23:46:06,184 - Best results have been updated.
2026-04-19 23:46:06,184 - ============================================================
2026-04-19 23:46:06,184 - Start Epoch 3
2026-04-19 23:46:44,260 - Epoch 3, Batch 50, lr = 0.00016, final_loss = 4.3100, nll_loss = 4.2444, ref_nll_loss = 4.3757, ivc_loss = 0.0851, neg_loss_1 = 0.0077, neg_loss_2 = 0.0065, ref_loss = 0.0310, div_loss = 0.0080, 0.762 seconds/batch
2026-04-19 23:47:23,970 - Epoch 3, Batch 100, lr = 0.00016, final_loss = 4.3148, nll_loss = 4.2514, ref_nll_loss = 4.3782, ivc_loss = 0.0795, neg_loss_1 = 0.0047, neg_loss_2 = 0.0049, ref_loss = 0.0314, div_loss = 0.0077, 0.778 seconds/batch
2026-04-19 23:48:03,395 - Epoch 3, Batch 150, lr = 0.00016, final_loss = 4.3252, nll_loss = 4.2588, ref_nll_loss = 4.3915, ivc_loss = 0.0871, neg_loss_1 = 0.0085, neg_loss_2 = 0.0090, ref_loss = 0.0298, div_loss = 0.0080, 0.781 seconds/batch
2026-04-19 23:48:42,869 - Epoch 3, Batch 200, lr = 0.00016, final_loss = 4.2889, nll_loss = 4.2220, ref_nll_loss = 4.3559, ivc_loss = 0.0810, neg_loss_1 = 0.0058, neg_loss_2 = 0.0061, ref_loss = 0.0306, div_loss = 0.0077, 0.783 seconds/batch
2026-04-19 23:49:22,118 - Epoch 3, Batch 250, lr = 0.00016, final_loss = 4.2961, nll_loss = 4.2266, ref_nll_loss = 4.3656, ivc_loss = 0.0764, neg_loss_1 = 0.0053, neg_loss_2 = 0.0047, ref_loss = 0.0281, div_loss = 0.0076, 0.784 seconds/batch
2026-04-19 23:50:01,726 - Epoch 3, Batch 300, lr = 0.00016, final_loss = 4.3054, nll_loss = 4.2404, ref_nll_loss = 4.3703, ivc_loss = 0.0752, neg_loss_1 = 0.0044, neg_loss_2 = 0.0036, ref_loss = 0.0294, div_loss = 0.0076, 0.785 seconds/batch
2026-04-19 23:50:40,960 - Epoch 3, Batch 350, lr = 0.00015, final_loss = 4.3035, nll_loss = 4.2381, ref_nll_loss = 4.3689, ivc_loss = 0.0814, neg_loss_1 = 0.0049, neg_loss_2 = 0.0048, ref_loss = 0.0327, div_loss = 0.0078, 0.785 seconds/batch
2026-04-19 23:51:20,208 - Epoch 3, Batch 400, lr = 0.00015, final_loss = 4.2616, nll_loss = 4.1936, ref_nll_loss = 4.3297, ivc_loss = 0.0763, neg_loss_1 = 0.0040, neg_loss_2 = 0.0054, ref_loss = 0.0281, div_loss = 0.0077, 0.785 seconds/batch
2026-04-19 23:52:00,138 - Epoch 3, Batch 450, lr = 0.00015, final_loss = 4.2501, nll_loss = 4.1833, ref_nll_loss = 4.3169, ivc_loss = 0.0771, neg_loss_1 = 0.0042, neg_loss_2 = 0.0059, ref_loss = 0.0295, div_loss = 0.0075, 0.787 seconds/batch
2026-04-19 23:52:39,722 - Epoch 3, Batch 500, lr = 0.00015, final_loss = 4.2989, nll_loss = 4.2297, ref_nll_loss = 4.3680, ivc_loss = 0.0784, neg_loss_1 = 0.0062, neg_loss_2 = 0.0054, ref_loss = 0.0283, div_loss = 0.0077, 0.787 seconds/batch
2026-04-19 23:53:19,622 - Epoch 3, Batch 550, lr = 0.00015, final_loss = 4.3039, nll_loss = 4.2353, ref_nll_loss = 4.3726, ivc_loss = 0.0779, neg_loss_1 = 0.0042, neg_loss_2 = 0.0082, ref_loss = 0.0274, div_loss = 0.0076, 0.788 seconds/batch
2026-04-19 23:53:59,328 - Epoch 3, Batch 600, lr = 0.00015, final_loss = 4.2724, nll_loss = 4.2075, ref_nll_loss = 4.3373, ivc_loss = 0.0827, neg_loss_1 = 0.0048, neg_loss_2 = 0.0060, ref_loss = 0.0328, div_loss = 0.0078, 0.789 seconds/batch
2026-04-19 23:54:39,031 - Epoch 3, Batch 650, lr = 0.00015, final_loss = 4.2565, nll_loss = 4.1887, ref_nll_loss = 4.3243, ivc_loss = 0.0776, neg_loss_1 = 0.0032, neg_loss_2 = 0.0062, ref_loss = 0.0299, div_loss = 0.0077, 0.789 seconds/batch
2026-04-19 23:55:19,079 - Epoch 3, Batch 700, lr = 0.00015, final_loss = 4.2761, nll_loss = 4.2070, ref_nll_loss = 4.3452, ivc_loss = 0.0797, neg_loss_1 = 0.0059, neg_loss_2 = 0.0066, ref_loss = 0.0290, div_loss = 0.0076, 0.790 seconds/batch
2026-04-19 23:55:59,222 - Epoch 3, Batch 750, lr = 0.00014, final_loss = 4.3055, nll_loss = 4.2410, ref_nll_loss = 4.3699, ivc_loss = 0.0802, neg_loss_1 = 0.0037, neg_loss_2 = 0.0042, ref_loss = 0.0329, div_loss = 0.0079, 0.791 seconds/batch
2026-04-19 23:56:39,234 - Epoch 3, Batch 800, lr = 0.00014, final_loss = 4.2428, nll_loss = 4.1741, ref_nll_loss = 4.3115, ivc_loss = 0.0787, neg_loss_1 = 0.0037, neg_loss_2 = 0.0056, ref_loss = 0.0297, div_loss = 0.0079, 0.791 seconds/batch
2026-04-19 23:57:19,196 - Epoch 3, Batch 850, lr = 0.00014, final_loss = 4.2451, nll_loss = 4.1745, ref_nll_loss = 4.3157, ivc_loss = 0.0796, neg_loss_1 = 0.0054, neg_loss_2 = 0.0061, ref_loss = 0.0278, div_loss = 0.0081, 0.792 seconds/batch
2026-04-19 23:57:59,226 - Epoch 3, Batch 900, lr = 0.00014, final_loss = 4.2649, nll_loss = 4.1951, ref_nll_loss = 4.3346, ivc_loss = 0.0801, neg_loss_1 = 0.0046, neg_loss_2 = 0.0052, ref_loss = 0.0290, div_loss = 0.0083, 0.792 seconds/batch
2026-04-19 23:58:39,052 - Epoch 3, Batch 950, lr = 0.00014, final_loss = 4.2571, nll_loss = 4.1867, ref_nll_loss = 4.3275, ivc_loss = 0.0781, neg_loss_1 = 0.0045, neg_loss_2 = 0.0055, ref_loss = 0.0278, div_loss = 0.0081, 0.792 seconds/batch
2026-04-19 23:59:18,769 - Epoch 3, Batch 1000, lr = 0.00014, final_loss = 4.2286, nll_loss = 4.1611, ref_nll_loss = 4.2961, ivc_loss = 0.0760, neg_loss_1 = 0.0028, neg_loss_2 = 0.0052, ref_loss = 0.0290, div_loss = 0.0078, 0.793 seconds/batch
2026-04-19 23:59:58,366 - Epoch 3, Batch 1050, lr = 0.00014, final_loss = 4.2281, nll_loss = 4.1606, ref_nll_loss = 4.2956, ivc_loss = 0.0785, neg_loss_1 = 0.0041, neg_loss_2 = 0.0054, ref_loss = 0.0296, div_loss = 0.0079, 0.793 seconds/batch
2026-04-20 00:00:33,342 - Epoch 3, Batch 1100, lr = 0.00014, final_loss = 4.2385, nll_loss = 4.1709, ref_nll_loss = 4.3060, ivc_loss = 0.0761, neg_loss_1 = 0.0039, neg_loss_2 = 0.0040, ref_loss = 0.0297, div_loss = 0.0077, 0.788 seconds/batch
2026-04-20 00:01:02,697 - Epoch 3, Batch 1150, lr = 0.00014, final_loss = 4.2557, nll_loss = 4.1837, ref_nll_loss = 4.3277, ivc_loss = 0.0786, neg_loss_1 = 0.0037, neg_loss_2 = 0.0068, ref_loss = 0.0281, div_loss = 0.0080, 0.780 seconds/batch
2026-04-20 00:01:13,424 - Epoch 3, Batch 1170, lr = 0.00014, final_loss = 4.2265, nll_loss = 4.1557, ref_nll_loss = 4.2972, ivc_loss = 0.0831, neg_loss_1 = 0.0052, neg_loss_2 = 0.0047, ref_loss = 0.0329, div_loss = 0.0081, 0.775 seconds/batch
2026-04-20 00:01:13,497 - save model to checkpoints/activitynet_moe/cpl_moe/model-3.pt, num_updates 3510.
2026-04-20 00:04:19,699 - | R@1,mIoU 0.2787 | R@1,IoU@0.1 0.6454 | R@1,IoU@0.3 0.4507 | R@1,IoU@0.5 0.2194 | R@1,IoU@0.7 0.0567 | R@1,IoU@0.9 0.0034 | R@5,mIoU 0.5276 | R@5,IoU@0.1 0.9223 | R@5,IoU@0.3 0.7744 | R@5,IoU@0.5 0.5371 | R@5,IoU@0.7 0.3153 | R@5,IoU@0.9 0.0718 |
2026-04-20 00:04:19,774 - Best results have been updated.
2026-04-20 00:04:19,774 - ============================================================
2026-04-20 00:04:19,774 - Start Epoch 4
2026-04-20 00:04:58,784 - Epoch 4, Batch 50, lr = 0.00013, final_loss = 4.1918, nll_loss = 4.1189, ref_nll_loss = 4.2648, ivc_loss = 0.0798, neg_loss_1 = 0.0050, neg_loss_2 = 0.0069, ref_loss = 0.0283, div_loss = 0.0079, 0.780 seconds/batch
2026-04-20 00:05:38,694 - Epoch 4, Batch 100, lr = 0.00013, final_loss = 4.1837, nll_loss = 4.1122, ref_nll_loss = 4.2551, ivc_loss = 0.0814, neg_loss_1 = 0.0058, neg_loss_2 = 0.0066, ref_loss = 0.0288, div_loss = 0.0080, 0.789 seconds/batch
2026-04-20 00:06:18,692 - Epoch 4, Batch 150, lr = 0.00013, final_loss = 4.2143, nll_loss = 4.1442, ref_nll_loss = 4.2844, ivc_loss = 0.0839, neg_loss_1 = 0.0068, neg_loss_2 = 0.0063, ref_loss = 0.0291, div_loss = 0.0084, 0.793 seconds/batch
2026-04-20 00:06:58,383 - Epoch 4, Batch 200, lr = 0.00013, final_loss = 4.2186, nll_loss = 4.1473, ref_nll_loss = 4.2899, ivc_loss = 0.0796, neg_loss_1 = 0.0036, neg_loss_2 = 0.0073, ref_loss = 0.0265, div_loss = 0.0084, 0.793 seconds/batch
2026-04-20 00:07:37,880 - Epoch 4, Batch 250, lr = 0.00013, final_loss = 4.1756, nll_loss = 4.1041, ref_nll_loss = 4.2472, ivc_loss = 0.0803, neg_loss_1 = 0.0060, neg_loss_2 = 0.0070, ref_loss = 0.0288, div_loss = 0.0077, 0.792 seconds/batch
2026-04-20 00:08:17,628 - Epoch 4, Batch 300, lr = 0.00013, final_loss = 4.2147, nll_loss = 4.1426, ref_nll_loss = 4.2867, ivc_loss = 0.0768, neg_loss_1 = 0.0050, neg_loss_2 = 0.0052, ref_loss = 0.0269, div_loss = 0.0080, 0.793 seconds/batch
2026-04-20 00:08:57,292 - Epoch 4, Batch 350, lr = 0.00013, final_loss = 4.2047, nll_loss = 4.1342, ref_nll_loss = 4.2752, ivc_loss = 0.0810, neg_loss_1 = 0.0053, neg_loss_2 = 0.0069, ref_loss = 0.0292, div_loss = 0.0079, 0.793 seconds/batch
2026-04-20 00:09:36,848 - Epoch 4, Batch 400, lr = 0.00013, final_loss = 4.1858, nll_loss = 4.1154, ref_nll_loss = 4.2562, ivc_loss = 0.0791, neg_loss_1 = 0.0040, neg_loss_2 = 0.0070, ref_loss = 0.0286, div_loss = 0.0079, 0.793 seconds/batch
2026-04-20 00:10:16,741 - Epoch 4, Batch 450, lr = 0.00013, final_loss = 4.1650, nll_loss = 4.0922, ref_nll_loss = 4.2378, ivc_loss = 0.0786, neg_loss_1 = 0.0044, neg_loss_2 = 0.0055, ref_loss = 0.0287, div_loss = 0.0080, 0.793 seconds/batch
2026-04-20 00:10:56,533 - Epoch 4, Batch 500, lr = 0.00013, final_loss = 4.1642, nll_loss = 4.0902, ref_nll_loss = 4.2381, ivc_loss = 0.0772, neg_loss_1 = 0.0048, neg_loss_2 = 0.0060, ref_loss = 0.0259, div_loss = 0.0081, 0.794 seconds/batch
2026-04-20 00:11:36,736 - Epoch 4, Batch 550, lr = 0.00013, final_loss = 4.2098, nll_loss = 4.1375, ref_nll_loss = 4.2821, ivc_loss = 0.0787, neg_loss_1 = 0.0042, neg_loss_2 = 0.0060, ref_loss = 0.0287, div_loss = 0.0080, 0.794 seconds/batch
2026-04-20 00:12:16,634 - Epoch 4, Batch 600, lr = 0.00012, final_loss = 4.2004, nll_loss = 4.1310, ref_nll_loss = 4.2698, ivc_loss = 0.0777, neg_loss_1 = 0.0054, neg_loss_2 = 0.0053, ref_loss = 0.0282, div_loss = 0.0078, 0.795 seconds/batch
2026-04-20 00:12:56,643 - Epoch 4, Batch 650, lr = 0.00012, final_loss = 4.2097, nll_loss = 4.1421, ref_nll_loss = 4.2774, ivc_loss = 0.0839, neg_loss_1 = 0.0066, neg_loss_2 = 0.0075, ref_loss = 0.0318, div_loss = 0.0076, 0.795 seconds/batch
2026-04-20 00:13:36,363 - Epoch 4, Batch 700, lr = 0.00012, final_loss = 4.1753, nll_loss = 4.1031, ref_nll_loss = 4.2475, ivc_loss = 0.0820, neg_loss_1 = 0.0048, neg_loss_2 = 0.0091, ref_loss = 0.0289, div_loss = 0.0078, 0.795 seconds/batch
2026-04-20 00:14:16,087 - Epoch 4, Batch 750, lr = 0.00012, final_loss = 4.1942, nll_loss = 4.1210, ref_nll_loss = 4.2673, ivc_loss = 0.0795, neg_loss_1 = 0.0053, neg_loss_2 = 0.0084, ref_loss = 0.0273, div_loss = 0.0077, 0.795 seconds/batch
2026-04-20 00:14:55,358 - Epoch 4, Batch 800, lr = 0.00012, final_loss = 4.1802, nll_loss = 4.1101, ref_nll_loss = 4.2503, ivc_loss = 0.0796, neg_loss_1 = 0.0057, neg_loss_2 = 0.0075, ref_loss = 0.0275, div_loss = 0.0078, 0.794 seconds/batch
2026-04-20 00:15:34,736 - Epoch 4, Batch 850, lr = 0.00012, final_loss = 4.2026, nll_loss = 4.1334, ref_nll_loss = 4.2718, ivc_loss = 0.0797, neg_loss_1 = 0.0055, neg_loss_2 = 0.0068, ref_loss = 0.0297, div_loss = 0.0075, 0.794 seconds/batch
2026-04-20 00:16:14,298 - Epoch 4, Batch 900, lr = 0.00012, final_loss = 4.1798, nll_loss = 4.1066, ref_nll_loss = 4.2530, ivc_loss = 0.0805, neg_loss_1 = 0.0069, neg_loss_2 = 0.0066, ref_loss = 0.0279, div_loss = 0.0078, 0.794 seconds/batch
2026-04-20 00:16:54,499 - Epoch 4, Batch 950, lr = 0.00012, final_loss = 4.1898, nll_loss = 4.1164, ref_nll_loss = 4.2632, ivc_loss = 0.0811, neg_loss_1 = 0.0057, neg_loss_2 = 0.0082, ref_loss = 0.0273, div_loss = 0.0080, 0.794 seconds/batch
2026-04-20 00:17:34,183 - Epoch 4, Batch 1000, lr = 0.00012, final_loss = 4.1945, nll_loss = 4.1208, ref_nll_loss = 4.2681, ivc_loss = 0.0794, neg_loss_1 = 0.0046, neg_loss_2 = 0.0057, ref_loss = 0.0276, div_loss = 0.0083, 0.794 seconds/batch
2026-04-20 00:18:14,029 - Epoch 4, Batch 1050, lr = 0.00012, final_loss = 4.1915, nll_loss = 4.1189, ref_nll_loss = 4.2641, ivc_loss = 0.0765, neg_loss_1 = 0.0045, neg_loss_2 = 0.0049, ref_loss = 0.0279, div_loss = 0.0079, 0.795 seconds/batch
2026-04-20 00:18:47,796 - Epoch 4, Batch 1100, lr = 0.00012, final_loss = 4.1832, nll_loss = 4.1137, ref_nll_loss = 4.2527, ivc_loss = 0.0806, neg_loss_1 = 0.0047, neg_loss_2 = 0.0064, ref_loss = 0.0304, div_loss = 0.0078, 0.789 seconds/batch
2026-04-20 00:19:16,414 - Epoch 4, Batch 1150, lr = 0.00012, final_loss = 4.1578, nll_loss = 4.0864, ref_nll_loss = 4.2293, ivc_loss = 0.0834, neg_loss_1 = 0.0053, neg_loss_2 = 0.0079, ref_loss = 0.0301, div_loss = 0.0080, 0.780 seconds/batch
2026-04-20 00:19:27,225 - Epoch 4, Batch 1170, lr = 0.00012, final_loss = 4.1859, nll_loss = 4.1158, ref_nll_loss = 4.2560, ivc_loss = 0.0791, neg_loss_1 = 0.0047, neg_loss_2 = 0.0057, ref_loss = 0.0298, div_loss = 0.0078, 0.776 seconds/batch
2026-04-20 00:19:27,301 - save model to checkpoints/activitynet_moe/cpl_moe/model-4.pt, num_updates 4680.
2026-04-20 00:22:33,581 - | R@1,mIoU 0.2736 | R@1,IoU@0.1 0.6396 | R@1,IoU@0.3 0.4605 | R@1,IoU@0.5 0.1944 | R@1,IoU@0.7 0.0558 | R@1,IoU@0.9 0.0031 | R@5,mIoU 0.5217 | R@5,IoU@0.1 0.9231 | R@5,IoU@0.3 0.7736 | R@5,IoU@0.5 0.5231 | R@5,IoU@0.7 0.3101 | R@5,IoU@0.9 0.0685 |
2026-04-20 00:22:33,582 - ============================================================
2026-04-20 00:22:33,582 - Start Epoch 5
2026-04-20 00:23:12,643 - Epoch 5, Batch 50, lr = 0.00012, final_loss = 4.1310, nll_loss = 4.0583, ref_nll_loss = 4.2038, ivc_loss = 0.0828, neg_loss_1 = 0.0068, neg_loss_2 = 0.0076, ref_loss = 0.0278, div_loss = 0.0081, 0.781 seconds/batch
2026-04-20 00:23:52,304 - Epoch 5, Batch 100, lr = 0.00012, final_loss = 4.1262, nll_loss = 4.0540, ref_nll_loss = 4.1984, ivc_loss = 0.0807, neg_loss_1 = 0.0062, neg_loss_2 = 0.0067, ref_loss = 0.0280, div_loss = 0.0080, 0.787 seconds/batch
2026-04-20 00:24:32,455 - Epoch 5, Batch 150, lr = 0.00012, final_loss = 4.1231, nll_loss = 4.0491, ref_nll_loss = 4.1970, ivc_loss = 0.0813, neg_loss_1 = 0.0065, neg_loss_2 = 0.0068, ref_loss = 0.0290, div_loss = 0.0078, 0.792 seconds/batch
2026-04-20 00:25:12,241 - Epoch 5, Batch 200, lr = 0.00011, final_loss = 4.1348, nll_loss = 4.0657, ref_nll_loss = 4.2039, ivc_loss = 0.0872, neg_loss_1 = 0.0067, neg_loss_2 = 0.0080, ref_loss = 0.0324, div_loss = 0.0080, 0.793 seconds/batch
2026-04-20 00:25:51,718 - Epoch 5, Batch 250, lr = 0.00011, final_loss = 4.1392, nll_loss = 4.0650, ref_nll_loss = 4.2134, ivc_loss = 0.0780, neg_loss_1 = 0.0057, neg_loss_2 = 0.0054, ref_loss = 0.0263, div_loss = 0.0081, 0.793 seconds/batch
2026-04-20 00:26:31,354 - Epoch 5, Batch 300, lr = 0.00011, final_loss = 4.1423, nll_loss = 4.0711, ref_nll_loss = 4.2135, ivc_loss = 0.0833, neg_loss_1 = 0.0065, neg_loss_2 = 0.0074, ref_loss = 0.0286, div_loss = 0.0082, 0.793 seconds/batch
2026-04-20 00:27:10,734 - Epoch 5, Batch 350, lr = 0.00011, final_loss = 4.1677, nll_loss = 4.0963, ref_nll_loss = 4.2392, ivc_loss = 0.0797, neg_loss_1 = 0.0048, neg_loss_2 = 0.0071, ref_loss = 0.0279, div_loss = 0.0080, 0.792 seconds/batch
2026-04-20 00:27:50,633 - Epoch 5, Batch 400, lr = 0.00011, final_loss = 4.1310, nll_loss = 4.0609, ref_nll_loss = 4.2011, ivc_loss = 0.0800, neg_loss_1 = 0.0045, neg_loss_2 = 0.0051, ref_loss = 0.0304, div_loss = 0.0080, 0.793 seconds/batch
2026-04-20 00:28:30,331 - Epoch 5, Batch 450, lr = 0.00011, final_loss = 4.1444, nll_loss = 4.0710, ref_nll_loss = 4.2179, ivc_loss = 0.0792, neg_loss_1 = 0.0052, neg_loss_2 = 0.0069, ref_loss = 0.0276, div_loss = 0.0079, 0.793 seconds/batch
2026-04-20 00:29:10,119 - Epoch 5, Batch 500, lr = 0.00011, final_loss = 4.1154, nll_loss = 4.0406, ref_nll_loss = 4.1902, ivc_loss = 0.0797, neg_loss_1 = 0.0056, neg_loss_2 = 0.0068, ref_loss = 0.0273, div_loss = 0.0080, 0.793 seconds/batch
2026-04-20 00:29:50,241 - Epoch 5, Batch 550, lr = 0.00011, final_loss = 4.1369, nll_loss = 4.0618, ref_nll_loss = 4.2119, ivc_loss = 0.0796, neg_loss_1 = 0.0050, neg_loss_2 = 0.0074, ref_loss = 0.0273, div_loss = 0.0080, 0.794 seconds/batch
2026-04-20 00:30:30,181 - Epoch 5, Batch 600, lr = 0.00011, final_loss = 4.1510, nll_loss = 4.0771, ref_nll_loss = 4.2249, ivc_loss = 0.0804, neg_loss_1 = 0.0055, neg_loss_2 = 0.0077, ref_loss = 0.0274, div_loss = 0.0079, 0.794 seconds/batch
2026-04-20 00:31:10,297 - Epoch 5, Batch 650, lr = 0.00011, final_loss = 4.1466, nll_loss = 4.0716, ref_nll_loss = 4.2216, ivc_loss = 0.0813, neg_loss_1 = 0.0058, neg_loss_2 = 0.0078, ref_loss = 0.0289, div_loss = 0.0078, 0.795 seconds/batch
2026-04-20 00:31:50,331 - Epoch 5, Batch 700, lr = 0.00011, final_loss = 4.1410, nll_loss = 4.0709, ref_nll_loss = 4.2110, ivc_loss = 0.0810, neg_loss_1 = 0.0042, neg_loss_2 = 0.0068, ref_loss = 0.0300, div_loss = 0.0080, 0.795 seconds/batch
2026-04-20 00:32:29,839 - Epoch 5, Batch 750, lr = 0.00011, final_loss = 4.1060, nll_loss = 4.0324, ref_nll_loss = 4.1795, ivc_loss = 0.0777, neg_loss_1 = 0.0034, neg_loss_2 = 0.0045, ref_loss = 0.0286, div_loss = 0.0083, 0.795 seconds/batch
2026-04-20 00:33:09,502 - Epoch 5, Batch 800, lr = 0.00011, final_loss = 4.1300, nll_loss = 4.0508, ref_nll_loss = 4.2092, ivc_loss = 0.0822, neg_loss_1 = 0.0064, neg_loss_2 = 0.0074, ref_loss = 0.0248, div_loss = 0.0087, 0.795 seconds/batch
2026-04-20 00:33:49,128 - Epoch 5, Batch 850, lr = 0.00011, final_loss = 4.1296, nll_loss = 4.0587, ref_nll_loss = 4.2006, ivc_loss = 0.0862, neg_loss_1 = 0.0040, neg_loss_2 = 0.0067, ref_loss = 0.0303, div_loss = 0.0090, 0.795 seconds/batch
2026-04-20 00:34:28,826 - Epoch 5, Batch 900, lr = 0.00011, final_loss = 4.1219, nll_loss = 4.0468, ref_nll_loss = 4.1969, ivc_loss = 0.0838, neg_loss_1 = 0.0051, neg_loss_2 = 0.0054, ref_loss = 0.0272, div_loss = 0.0092, 0.795 seconds/batch
2026-04-20 00:35:08,654 - Epoch 5, Batch 950, lr = 0.00011, final_loss = 4.1065, nll_loss = 4.0356, ref_nll_loss = 4.1774, ivc_loss = 0.0805, neg_loss_1 = 0.0055, neg_loss_2 = 0.0054, ref_loss = 0.0289, div_loss = 0.0081, 0.795 seconds/batch
2026-04-20 00:35:48,618 - Epoch 5, Batch 1000, lr = 0.00011, final_loss = 4.1510, nll_loss = 4.0780, ref_nll_loss = 4.2239, ivc_loss = 0.0797, neg_loss_1 = 0.0051, neg_loss_2 = 0.0055, ref_loss = 0.0282, div_loss = 0.0082, 0.795 seconds/batch
2026-04-20 00:36:28,065 - Epoch 5, Batch 1050, lr = 0.00011, final_loss = 4.1351, nll_loss = 4.0580, ref_nll_loss = 4.2123, ivc_loss = 0.0756, neg_loss_1 = 0.0053, neg_loss_2 = 0.0052, ref_loss = 0.0250, div_loss = 0.0080, 0.795 seconds/batch
2026-04-20 00:37:01,979 - Epoch 5, Batch 1100, lr = 0.00011, final_loss = 4.1147, nll_loss = 4.0419, ref_nll_loss = 4.1874, ivc_loss = 0.0807, neg_loss_1 = 0.0046, neg_loss_2 = 0.0060, ref_loss = 0.0288, div_loss = 0.0083, 0.789 seconds/batch
2026-04-20 00:37:30,638 - Epoch 5, Batch 1150, lr = 0.00010, final_loss = 4.1025, nll_loss = 4.0318, ref_nll_loss = 4.1731, ivc_loss = 0.0817, neg_loss_1 = 0.0044, neg_loss_2 = 0.0067, ref_loss = 0.0293, div_loss = 0.0083, 0.780 seconds/batch
2026-04-20 00:37:41,627 - Epoch 5, Batch 1170, lr = 0.00010, final_loss = 4.1406, nll_loss = 4.0691, ref_nll_loss = 4.2122, ivc_loss = 0.0817, neg_loss_1 = 0.0043, neg_loss_2 = 0.0052, ref_loss = 0.0314, div_loss = 0.0082, 0.776 seconds/batch
2026-04-20 00:37:41,703 - save model to checkpoints/activitynet_moe/cpl_moe/model-5.pt, num_updates 5850.
2026-04-20 00:40:48,054 - | R@1,mIoU 0.2664 | R@1,IoU@0.1 0.5954 | R@1,IoU@0.3 0.4420 | R@1,IoU@0.5 0.2007 | R@1,IoU@0.7 0.0750 | R@1,IoU@0.9 0.0070 | R@5,mIoU 0.5210 | R@5,IoU@0.1 0.9195 | R@5,IoU@0.3 0.7678 | R@5,IoU@0.5 0.5253 | R@5,IoU@0.7 0.3083 | R@5,IoU@0.9 0.0686 |
2026-04-20 00:40:48,054 - ============================================================
2026-04-20 00:40:48,054 - Start Epoch 6
2026-04-20 00:41:27,545 - Epoch 6, Batch 50, lr = 0.00010, final_loss = 4.0723, nll_loss = 4.0009, ref_nll_loss = 4.1436, ivc_loss = 0.0855, neg_loss_1 = 0.0071, neg_loss_2 = 0.0070, ref_loss = 0.0286, div_loss = 0.0085, 0.790 seconds/batch
2026-04-20 00:42:07,696 - Epoch 6, Batch 100, lr = 0.00010, final_loss = 4.0795, nll_loss = 4.0051, ref_nll_loss = 4.1538, ivc_loss = 0.0805, neg_loss_1 = 0.0050, neg_loss_2 = 0.0062, ref_loss = 0.0272, div_loss = 0.0084, 0.796 seconds/batch
2026-04-20 00:42:47,811 - Epoch 6, Batch 150, lr = 0.00010, final_loss = 4.0835, nll_loss = 4.0116, ref_nll_loss = 4.1555, ivc_loss = 0.0856, neg_loss_1 = 0.0061, neg_loss_2 = 0.0072, ref_loss = 0.0280, div_loss = 0.0089, 0.798 seconds/batch
2026-04-20 00:43:27,235 - Epoch 6, Batch 200, lr = 0.00010, final_loss = 4.0930, nll_loss = 4.0188, ref_nll_loss = 4.1671, ivc_loss = 0.0836, neg_loss_1 = 0.0066, neg_loss_2 = 0.0078, ref_loss = 0.0275, div_loss = 0.0083, 0.796 seconds/batch
2026-04-20 00:44:07,349 - Epoch 6, Batch 250, lr = 0.00010, final_loss = 4.0798, nll_loss = 4.0057, ref_nll_loss = 4.1539, ivc_loss = 0.0841, neg_loss_1 = 0.0056, neg_loss_2 = 0.0090, ref_loss = 0.0283, div_loss = 0.0082, 0.797 seconds/batch
2026-04-20 00:44:46,934 - Epoch 6, Batch 300, lr = 0.00010, final_loss = 4.0965, nll_loss = 4.0196, ref_nll_loss = 4.1734, ivc_loss = 0.0838, neg_loss_1 = 0.0068, neg_loss_2 = 0.0090, ref_loss = 0.0270, div_loss = 0.0082, 0.796 seconds/batch
2026-04-20 00:45:26,889 - Epoch 6, Batch 350, lr = 0.00010, final_loss = 4.1045, nll_loss = 4.0285, ref_nll_loss = 4.1805, ivc_loss = 0.0823, neg_loss_1 = 0.0039, neg_loss_2 = 0.0093, ref_loss = 0.0282, div_loss = 0.0082, 0.797 seconds/batch
2026-04-20 00:46:06,619 - Epoch 6, Batch 400, lr = 0.00010, final_loss = 4.0553, nll_loss = 3.9807, ref_nll_loss = 4.1299, ivc_loss = 0.0802, neg_loss_1 = 0.0046, neg_loss_2 = 0.0069, ref_loss = 0.0271, div_loss = 0.0083, 0.796 seconds/batch
2026-04-20 00:46:46,491 - Epoch 6, Batch 450, lr = 0.00010, final_loss = 4.0853, nll_loss = 4.0075, ref_nll_loss = 4.1631, ivc_loss = 0.0836, neg_loss_1 = 0.0060, neg_loss_2 = 0.0087, ref_loss = 0.0270, div_loss = 0.0084, 0.797 seconds/batch
2026-04-20 00:47:26,753 - Epoch 6, Batch 500, lr = 0.00010, final_loss = 4.1046, nll_loss = 4.0301, ref_nll_loss = 4.1791, ivc_loss = 0.0850, neg_loss_1 = 0.0064, neg_loss_2 = 0.0086, ref_loss = 0.0283, div_loss = 0.0083, 0.797 seconds/batch
2026-04-20 00:48:06,655 - Epoch 6, Batch 550, lr = 0.00010, final_loss = 4.0759, nll_loss = 4.0011, ref_nll_loss = 4.1507, ivc_loss = 0.0839, neg_loss_1 = 0.0071, neg_loss_2 = 0.0073, ref_loss = 0.0284, div_loss = 0.0082, 0.797 seconds/batch
2026-04-20 00:48:46,500 - Epoch 6, Batch 600, lr = 0.00010, final_loss = 4.0845, nll_loss = 4.0065, ref_nll_loss = 4.1625, ivc_loss = 0.0826, neg_loss_1 = 0.0055, neg_loss_2 = 0.0092, ref_loss = 0.0254, div_loss = 0.0085, 0.797 seconds/batch
2026-04-20 00:49:26,399 - Epoch 6, Batch 650, lr = 0.00010, final_loss = 4.1030, nll_loss = 4.0274, ref_nll_loss = 4.1786, ivc_loss = 0.0787, neg_loss_1 = 0.0053, neg_loss_2 = 0.0049, ref_loss = 0.0273, div_loss = 0.0082, 0.797 seconds/batch
2026-04-20 00:50:06,200 - Epoch 6, Batch 700, lr = 0.00010, final_loss = 4.0637, nll_loss = 3.9886, ref_nll_loss = 4.1387, ivc_loss = 0.0842, neg_loss_1 = 0.0064, neg_loss_2 = 0.0081, ref_loss = 0.0284, div_loss = 0.0083, 0.797 seconds/batch
2026-04-20 00:50:45,863 - Epoch 6, Batch 750, lr = 0.00010, final_loss = 4.1052, nll_loss = 4.0304, ref_nll_loss = 4.1801, ivc_loss = 0.0795, neg_loss_1 = 0.0039, neg_loss_2 = 0.0057, ref_loss = 0.0290, div_loss = 0.0082, 0.797 seconds/batch
2026-04-20 00:51:25,591 - Epoch 6, Batch 800, lr = 0.00010, final_loss = 4.0806, nll_loss = 4.0088, ref_nll_loss = 4.1523, ivc_loss = 0.0831, neg_loss_1 = 0.0052, neg_loss_2 = 0.0084, ref_loss = 0.0287, div_loss = 0.0082, 0.797 seconds/batch
2026-04-20 00:52:04,857 - Epoch 6, Batch 850, lr = 0.00010, final_loss = 4.0898, nll_loss = 4.0179, ref_nll_loss = 4.1617, ivc_loss = 0.0843, neg_loss_1 = 0.0071, neg_loss_2 = 0.0079, ref_loss = 0.0286, div_loss = 0.0081, 0.796 seconds/batch
2026-04-20 00:52:44,042 - Epoch 6, Batch 900, lr = 0.00010, final_loss = 4.0693, nll_loss = 3.9930, ref_nll_loss = 4.1456, ivc_loss = 0.0815, neg_loss_1 = 0.0063, neg_loss_2 = 0.0084, ref_loss = 0.0260, div_loss = 0.0082, 0.796 seconds/batch
2026-04-20 00:53:23,841 - Epoch 6, Batch 950, lr = 0.00010, final_loss = 4.0877, nll_loss = 4.0114, ref_nll_loss = 4.1641, ivc_loss = 0.0787, neg_loss_1 = 0.0057, neg_loss_2 = 0.0071, ref_loss = 0.0261, div_loss = 0.0080, 0.796 seconds/batch
2026-04-20 00:54:03,592 - Epoch 6, Batch 1000, lr = 0.00010, final_loss = 4.0934, nll_loss = 4.0195, ref_nll_loss = 4.1673, ivc_loss = 0.0813, neg_loss_1 = 0.0053, neg_loss_2 = 0.0080, ref_loss = 0.0281, div_loss = 0.0080, 0.796 seconds/batch
2026-04-20 00:54:42,362 - Epoch 6, Batch 1050, lr = 0.00010, final_loss = 4.0896, nll_loss = 4.0172, ref_nll_loss = 4.1620, ivc_loss = 0.0843, neg_loss_1 = 0.0060, neg_loss_2 = 0.0084, ref_loss = 0.0296, div_loss = 0.0081, 0.795 seconds/batch
2026-04-20 00:55:16,301 - Epoch 6, Batch 1100, lr = 0.00010, final_loss = 4.0822, nll_loss = 4.0050, ref_nll_loss = 4.1594, ivc_loss = 0.0805, neg_loss_1 = 0.0054, neg_loss_2 = 0.0081, ref_loss = 0.0258, div_loss = 0.0082, 0.789 seconds/batch
2026-04-20 00:55:44,824 - Epoch 6, Batch 1150, lr = 0.00010, final_loss = 4.0972, nll_loss = 4.0183, ref_nll_loss = 4.1761, ivc_loss = 0.0800, neg_loss_1 = 0.0055, neg_loss_2 = 0.0090, ref_loss = 0.0250, div_loss = 0.0081, 0.780 seconds/batch
2026-04-20 00:55:55,690 - Epoch 6, Batch 1170, lr = 0.00010, final_loss = 4.0790, nll_loss = 4.0033, ref_nll_loss = 4.1547, ivc_loss = 0.0830, neg_loss_1 = 0.0080, neg_loss_2 = 0.0058, ref_loss = 0.0287, div_loss = 0.0081, 0.776 seconds/batch
2026-04-20 00:55:55,761 - save model to checkpoints/activitynet_moe/cpl_moe/model-6.pt, num_updates 7020.
2026-04-20 00:59:03,141 - | R@1,mIoU 0.2470 | R@1,IoU@0.1 0.5833 | R@1,IoU@0.3 0.4161 | R@1,IoU@0.5 0.1722 | R@1,IoU@0.7 0.0508 | R@1,IoU@0.9 0.0018 | R@5,mIoU 0.5174 | R@5,IoU@0.1 0.9196 | R@5,IoU@0.3 0.7675 | R@5,IoU@0.5 0.5171 | R@5,IoU@0.7 0.3009 | R@5,IoU@0.9 0.0663 |
2026-04-20 00:59:03,142 - ============================================================
2026-04-20 00:59:03,142 - Start Epoch 7
2026-04-20 00:59:42,839 - Epoch 7, Batch 50, lr = 0.00010, final_loss = 4.0464, nll_loss = 3.9699, ref_nll_loss = 4.1230, ivc_loss = 0.0804, neg_loss_1 = 0.0056, neg_loss_2 = 0.0045, ref_loss = 0.0276, div_loss = 0.0085, 0.794 seconds/batch
2026-04-20 01:00:22,383 - Epoch 7, Batch 100, lr = 0.00009, final_loss = 4.0335, nll_loss = 3.9535, ref_nll_loss = 4.1134, ivc_loss = 0.0812, neg_loss_1 = 0.0066, neg_loss_2 = 0.0061, ref_loss = 0.0252, div_loss = 0.0087, 0.792 seconds/batch
2026-04-20 01:01:02,106 - Epoch 7, Batch 150, lr = 0.00009, final_loss = 4.0563, nll_loss = 3.9782, ref_nll_loss = 4.1344, ivc_loss = 0.0811, neg_loss_1 = 0.0056, neg_loss_2 = 0.0055, ref_loss = 0.0283, div_loss = 0.0083, 0.793 seconds/batch
2026-04-20 01:01:41,798 - Epoch 7, Batch 200, lr = 0.00009, final_loss = 4.0299, nll_loss = 3.9541, ref_nll_loss = 4.1058, ivc_loss = 0.0835, neg_loss_1 = 0.0065, neg_loss_2 = 0.0076, ref_loss = 0.0274, div_loss = 0.0084, 0.793 seconds/batch
2026-04-20 01:02:21,635 - Epoch 7, Batch 250, lr = 0.00009, final_loss = 4.0526, nll_loss = 3.9730, ref_nll_loss = 4.1322, ivc_loss = 0.0807, neg_loss_1 = 0.0070, neg_loss_2 = 0.0083, ref_loss = 0.0257, div_loss = 0.0079, 0.794 seconds/batch
2026-04-20 01:03:01,401 - Epoch 7, Batch 300, lr = 0.00009, final_loss = 4.0352, nll_loss = 3.9567, ref_nll_loss = 4.1137, ivc_loss = 0.0851, neg_loss_1 = 0.0078, neg_loss_2 = 0.0084, ref_loss = 0.0265, div_loss = 0.0085, 0.794 seconds/batch
2026-04-20 01:03:41,491 - Epoch 7, Batch 350, lr = 0.00009, final_loss = 4.0557, nll_loss = 3.9812, ref_nll_loss = 4.1303, ivc_loss = 0.0849, neg_loss_1 = 0.0058, neg_loss_2 = 0.0083, ref_loss = 0.0285, div_loss = 0.0085, 0.795 seconds/batch
2026-04-20 01:04:21,210 - Epoch 7, Batch 400, lr = 0.00009, final_loss = 4.0773, nll_loss = 4.0022, ref_nll_loss = 4.1524, ivc_loss = 0.0823, neg_loss_1 = 0.0051, neg_loss_2 = 0.0065, ref_loss = 0.0281, div_loss = 0.0085, 0.795 seconds/batch
2026-04-20 01:05:01,213 - Epoch 7, Batch 450, lr = 0.00009, final_loss = 4.0485, nll_loss = 3.9715, ref_nll_loss = 4.1255, ivc_loss = 0.0812, neg_loss_1 = 0.0066, neg_loss_2 = 0.0064, ref_loss = 0.0263, div_loss = 0.0084, 0.796 seconds/batch
2026-04-20 01:05:41,469 - Epoch 7, Batch 500, lr = 0.00009, final_loss = 4.0435, nll_loss = 3.9649, ref_nll_loss = 4.1221, ivc_loss = 0.0813, neg_loss_1 = 0.0063, neg_loss_2 = 0.0084, ref_loss = 0.0258, div_loss = 0.0082, 0.797 seconds/batch
2026-04-20 01:06:21,550 - Epoch 7, Batch 550, lr = 0.00009, final_loss = 4.0619, nll_loss = 3.9858, ref_nll_loss = 4.1379, ivc_loss = 0.0831, neg_loss_1 = 0.0053, neg_loss_2 = 0.0057, ref_loss = 0.0283, div_loss = 0.0088, 0.797 seconds/batch
2026-04-20 01:07:01,489 - Epoch 7, Batch 600, lr = 0.00009, final_loss = 4.0700, nll_loss = 3.9906, ref_nll_loss = 4.1494, ivc_loss = 0.0837, neg_loss_1 = 0.0065, neg_loss_2 = 0.0072, ref_loss = 0.0272, div_loss = 0.0086, 0.797 seconds/batch
2026-04-20 01:07:41,311 - Epoch 7, Batch 650, lr = 0.00009, final_loss = 4.0710, nll_loss = 3.9943, ref_nll_loss = 4.1477, ivc_loss = 0.0838, neg_loss_1 = 0.0062, neg_loss_2 = 0.0074, ref_loss = 0.0269, div_loss = 0.0087, 0.797 seconds/batch
2026-04-20 01:08:21,240 - Epoch 7, Batch 700, lr = 0.00009, final_loss = 4.0474, nll_loss = 3.9688, ref_nll_loss = 4.1260, ivc_loss = 0.0803, neg_loss_1 = 0.0062, neg_loss_2 = 0.0062, ref_loss = 0.0263, div_loss = 0.0083, 0.797 seconds/batch
2026-04-20 01:09:01,403 - Epoch 7, Batch 750, lr = 0.00009, final_loss = 4.0719, nll_loss = 3.9928, ref_nll_loss = 4.1510, ivc_loss = 0.0844, neg_loss_1 = 0.0087, neg_loss_2 = 0.0089, ref_loss = 0.0263, div_loss = 0.0081, 0.798 seconds/batch
2026-04-20 01:09:41,226 - Epoch 7, Batch 800, lr = 0.00009, final_loss = 4.0450, nll_loss = 3.9646, ref_nll_loss = 4.1254, ivc_loss = 0.0825, neg_loss_1 = 0.0057, neg_loss_2 = 0.0055, ref_loss = 0.0276, div_loss = 0.0087, 0.798 seconds/batch
2026-04-20 01:10:21,439 - Epoch 7, Batch 850, lr = 0.00009, final_loss = 4.0627, nll_loss = 3.9845, ref_nll_loss = 4.1408, ivc_loss = 0.0818, neg_loss_1 = 0.0053, neg_loss_2 = 0.0076, ref_loss = 0.0252, div_loss = 0.0087, 0.798 seconds/batch
2026-04-20 01:11:01,510 - Epoch 7, Batch 900, lr = 0.00009, final_loss = 4.0531, nll_loss = 3.9713, ref_nll_loss = 4.1350, ivc_loss = 0.0836, neg_loss_1 = 0.0068, neg_loss_2 = 0.0107, ref_loss = 0.0235, div_loss = 0.0085, 0.798 seconds/batch
2026-04-20 01:11:41,521 - Epoch 7, Batch 950, lr = 0.00009, final_loss = 4.0613, nll_loss = 3.9828, ref_nll_loss = 4.1399, ivc_loss = 0.0805, neg_loss_1 = 0.0047, neg_loss_2 = 0.0078, ref_loss = 0.0260, div_loss = 0.0084, 0.798 seconds/batch
2026-04-20 01:12:21,449 - Epoch 7, Batch 1000, lr = 0.00009, final_loss = 4.0529, nll_loss = 3.9768, ref_nll_loss = 4.1289, ivc_loss = 0.0818, neg_loss_1 = 0.0056, neg_loss_2 = 0.0066, ref_loss = 0.0282, div_loss = 0.0083, 0.798 seconds/batch
2026-04-20 01:12:59,988 - Epoch 7, Batch 1050, lr = 0.00009, final_loss = 4.0168, nll_loss = 3.9394, ref_nll_loss = 4.0942, ivc_loss = 0.0844, neg_loss_1 = 0.0081, neg_loss_2 = 0.0095, ref_loss = 0.0255, div_loss = 0.0083, 0.797 seconds/batch
2026-04-20 01:13:33,720 - Epoch 7, Batch 1100, lr = 0.00009, final_loss = 4.0492, nll_loss = 3.9713, ref_nll_loss = 4.1272, ivc_loss = 0.0822, neg_loss_1 = 0.0066, neg_loss_2 = 0.0073, ref_loss = 0.0268, div_loss = 0.0083, 0.791 seconds/batch
2026-04-20 01:14:01,318 - Epoch 7, Batch 1150, lr = 0.00009, final_loss = 3.9903, nll_loss = 3.9131, ref_nll_loss = 4.0674, ivc_loss = 0.0860, neg_loss_1 = 0.0067, neg_loss_2 = 0.0103, ref_loss = 0.0261, div_loss = 0.0086, 0.781 seconds/batch
2026-04-20 01:14:12,343 - Epoch 7, Batch 1170, lr = 0.00009, final_loss = 4.0581, nll_loss = 3.9822, ref_nll_loss = 4.1341, ivc_loss = 0.0885, neg_loss_1 = 0.0077, neg_loss_2 = 0.0106, ref_loss = 0.0285, div_loss = 0.0083, 0.777 seconds/batch
2026-04-20 01:14:12,421 - save model to checkpoints/activitynet_moe/cpl_moe/model-7.pt, num_updates 8190.
2026-04-20 01:17:20,066 - | R@1,mIoU 0.2796 | R@1,IoU@0.1 0.6637 | R@1,IoU@0.3 0.4650 | R@1,IoU@0.5 0.1951 | R@1,IoU@0.7 0.0571 | R@1,IoU@0.9 0.0033 | R@5,mIoU 0.5239 | R@5,IoU@0.1 0.9242 | R@5,IoU@0.3 0.7749 | R@5,IoU@0.5 0.5313 | R@5,IoU@0.7 0.3098 | R@5,IoU@0.9 0.0666 |
2026-04-20 01:17:20,147 - Best results have been updated.
2026-04-20 01:17:20,147 - ============================================================
2026-04-20 01:17:20,147 - Start Epoch 8
2026-04-20 01:17:59,528 - Epoch 8, Batch 50, lr = 0.00009, final_loss = 4.0243, nll_loss = 3.9450, ref_nll_loss = 4.1036, ivc_loss = 0.0841, neg_loss_1 = 0.0078, neg_loss_2 = 0.0095, ref_loss = 0.0244, div_loss = 0.0085, 0.788 seconds/batch
2026-04-20 01:18:39,480 - Epoch 8, Batch 100, lr = 0.00009, final_loss = 4.0167, nll_loss = 3.9393, ref_nll_loss = 4.0942, ivc_loss = 0.0814, neg_loss_1 = 0.0067, neg_loss_2 = 0.0088, ref_loss = 0.0248, div_loss = 0.0082, 0.793 seconds/batch
2026-04-20 01:19:19,651 - Epoch 8, Batch 150, lr = 0.00009, final_loss = 4.0164, nll_loss = 3.9361, ref_nll_loss = 4.0966, ivc_loss = 0.0866, neg_loss_1 = 0.0083, neg_loss_2 = 0.0100, ref_loss = 0.0268, div_loss = 0.0083, 0.797 seconds/batch
2026-04-20 01:19:59,039 - Epoch 8, Batch 200, lr = 0.00009, final_loss = 4.0284, nll_loss = 3.9485, ref_nll_loss = 4.1083, ivc_loss = 0.0853, neg_loss_1 = 0.0063, neg_loss_2 = 0.0092, ref_loss = 0.0275, div_loss = 0.0084, 0.794 seconds/batch
2026-04-20 01:20:38,865 - Epoch 8, Batch 250, lr = 0.00009, final_loss = 4.0247, nll_loss = 3.9432, ref_nll_loss = 4.1062, ivc_loss = 0.0862, neg_loss_1 = 0.0092, neg_loss_2 = 0.0106, ref_loss = 0.0240, div_loss = 0.0085, 0.795 seconds/batch
2026-04-20 01:21:18,795 - Epoch 8, Batch 300, lr = 0.00009, final_loss = 4.0200, nll_loss = 3.9431, ref_nll_loss = 4.0970, ivc_loss = 0.0854, neg_loss_1 = 0.0069, neg_loss_2 = 0.0076, ref_loss = 0.0278, div_loss = 0.0086, 0.795 seconds/batch
2026-04-20 01:21:58,625 - Epoch 8, Batch 350, lr = 0.00009, final_loss = 4.0022, nll_loss = 3.9216, ref_nll_loss = 4.0827, ivc_loss = 0.0864, neg_loss_1 = 0.0080, neg_loss_2 = 0.0103, ref_loss = 0.0250, div_loss = 0.0086, 0.796 seconds/batch
2026-04-20 01:22:38,479 - Epoch 8, Batch 400, lr = 0.00009, final_loss = 4.0281, nll_loss = 3.9460, ref_nll_loss = 4.1101, ivc_loss = 0.0846, neg_loss_1 = 0.0070, neg_loss_2 = 0.0092, ref_loss = 0.0262, div_loss = 0.0084, 0.796 seconds/batch
2026-04-20 01:23:18,479 - Epoch 8, Batch 450, lr = 0.00009, final_loss = 3.9887, nll_loss = 3.9066, ref_nll_loss = 4.0709, ivc_loss = 0.0822, neg_loss_1 = 0.0053, neg_loss_2 = 0.0077, ref_loss = 0.0247, div_loss = 0.0089, 0.796 seconds/batch
2026-04-20 01:23:58,489 - Epoch 8, Batch 500, lr = 0.00009, final_loss = 4.0244, nll_loss = 3.9428, ref_nll_loss = 4.1060, ivc_loss = 0.0834, neg_loss_1 = 0.0091, neg_loss_2 = 0.0073, ref_loss = 0.0248, div_loss = 0.0084, 0.797 seconds/batch
2026-04-20 01:24:38,279 - Epoch 8, Batch 550, lr = 0.00009, final_loss = 4.0287, nll_loss = 3.9513, ref_nll_loss = 4.1061, ivc_loss = 0.0869, neg_loss_1 = 0.0072, neg_loss_2 = 0.0094, ref_loss = 0.0273, div_loss = 0.0086, 0.797 seconds/batch
2026-04-20 01:25:18,189 - Epoch 8, Batch 600, lr = 0.00009, final_loss = 4.0377, nll_loss = 3.9614, ref_nll_loss = 4.1141, ivc_loss = 0.0827, neg_loss_1 = 0.0050, neg_loss_2 = 0.0078, ref_loss = 0.0284, div_loss = 0.0083, 0.797 seconds/batch
2026-04-20 01:25:58,219 - Epoch 8, Batch 650, lr = 0.00009, final_loss = 4.0411, nll_loss = 3.9645, ref_nll_loss = 4.1177, ivc_loss = 0.0871, neg_loss_1 = 0.0082, neg_loss_2 = 0.0094, ref_loss = 0.0273, div_loss = 0.0084, 0.797 seconds/batch
2026-04-20 01:26:38,414 - Epoch 8, Batch 700, lr = 0.00008, final_loss = 4.0057, nll_loss = 3.9272, ref_nll_loss = 4.0842, ivc_loss = 0.0865, neg_loss_1 = 0.0083, neg_loss_2 = 0.0104, ref_loss = 0.0268, div_loss = 0.0082, 0.798 seconds/batch
2026-04-20 01:27:18,451 - Epoch 8, Batch 750, lr = 0.00008, final_loss = 4.0573, nll_loss = 3.9753, ref_nll_loss = 4.1393, ivc_loss = 0.0833, neg_loss_1 = 0.0091, neg_loss_2 = 0.0079, ref_loss = 0.0250, div_loss = 0.0083, 0.798 seconds/batch
2026-04-20 01:27:58,412 - Epoch 8, Batch 800, lr = 0.00008, final_loss = 4.0243, nll_loss = 3.9452, ref_nll_loss = 4.1034, ivc_loss = 0.0858, neg_loss_1 = 0.0066, neg_loss_2 = 0.0077, ref_loss = 0.0258, div_loss = 0.0091, 0.798 seconds/batch
2026-04-20 01:28:38,600 - Epoch 8, Batch 850, lr = 0.00008, final_loss = 3.9956, nll_loss = 3.9142, ref_nll_loss = 4.0770, ivc_loss = 0.0816, neg_loss_1 = 0.0051, neg_loss_2 = 0.0085, ref_loss = 0.0245, div_loss = 0.0087, 0.798 seconds/batch
2026-04-20 01:29:18,421 - Epoch 8, Batch 900, lr = 0.00008, final_loss = 4.0016, nll_loss = 3.9249, ref_nll_loss = 4.0782, ivc_loss = 0.0871, neg_loss_1 = 0.0071, neg_loss_2 = 0.0068, ref_loss = 0.0286, div_loss = 0.0089, 0.798 seconds/batch
2026-04-20 01:29:58,290 - Epoch 8, Batch 950, lr = 0.00008, final_loss = 4.0080, nll_loss = 3.9310, ref_nll_loss = 4.0850, ivc_loss = 0.0880, neg_loss_1 = 0.0070, neg_loss_2 = 0.0092, ref_loss = 0.0256, div_loss = 0.0093, 0.798 seconds/batch
2026-04-20 01:30:38,158 - Epoch 8, Batch 1000, lr = 0.00008, final_loss = 4.0052, nll_loss = 3.9232, ref_nll_loss = 4.0872, ivc_loss = 0.0866, neg_loss_1 = 0.0091, neg_loss_2 = 0.0102, ref_loss = 0.0247, div_loss = 0.0085, 0.798 seconds/batch
2026-04-20 01:31:16,220 - Epoch 8, Batch 1050, lr = 0.00008, final_loss = 4.0363, nll_loss = 3.9567, ref_nll_loss = 4.1160, ivc_loss = 0.0877, neg_loss_1 = 0.0065, neg_loss_2 = 0.0133, ref_loss = 0.0269, div_loss = 0.0082, 0.796 seconds/batch
2026-04-20 01:31:50,175 - Epoch 8, Batch 1100, lr = 0.00008, final_loss = 4.0124, nll_loss = 3.9328, ref_nll_loss = 4.0920, ivc_loss = 0.0834, neg_loss_1 = 0.0058, neg_loss_2 = 0.0091, ref_loss = 0.0271, div_loss = 0.0083, 0.791 seconds/batch
2026-04-20 01:32:17,804 - Epoch 8, Batch 1150, lr = 0.00008, final_loss = 4.0341, nll_loss = 3.9522, ref_nll_loss = 4.1159, ivc_loss = 0.0836, neg_loss_1 = 0.0090, neg_loss_2 = 0.0086, ref_loss = 0.0240, div_loss = 0.0084, 0.781 seconds/batch
2026-04-20 01:32:28,756 - Epoch 8, Batch 1170, lr = 0.00008, final_loss = 4.0275, nll_loss = 3.9539, ref_nll_loss = 4.1011, ivc_loss = 0.0873, neg_loss_1 = 0.0062, neg_loss_2 = 0.0103, ref_loss = 0.0297, div_loss = 0.0082, 0.777 seconds/batch
2026-04-20 01:32:28,830 - save model to checkpoints/activitynet_moe/cpl_moe/model-8.pt, num_updates 9360.
2026-04-20 01:35:37,223 - | R@1,mIoU 0.2876 | R@1,IoU@0.1 0.6776 | R@1,IoU@0.3 0.4862 | R@1,IoU@0.5 0.2020 | R@1,IoU@0.7 0.0556 | R@1,IoU@0.9 0.0036 | R@5,mIoU 0.5240 | R@5,IoU@0.1 0.9221 | R@5,IoU@0.3 0.7754 | R@5,IoU@0.5 0.5306 | R@5,IoU@0.7 0.3103 | R@5,IoU@0.9 0.0699 |
2026-04-20 01:35:37,300 - Best results have been updated.
2026-04-20 01:35:37,301 - ============================================================
2026-04-20 01:35:37,301 - Start Epoch 9
2026-04-20 01:36:17,293 - Epoch 9, Batch 50, lr = 0.00008, final_loss = 3.9598, nll_loss = 3.8787, ref_nll_loss = 4.0410, ivc_loss = 0.0850, neg_loss_1 = 0.0067, neg_loss_2 = 0.0097, ref_loss = 0.0256, div_loss = 0.0086, 0.800 seconds/batch
2026-04-20 01:36:57,168 - Epoch 9, Batch 100, lr = 0.00008, final_loss = 3.9991, nll_loss = 3.9187, ref_nll_loss = 4.0796, ivc_loss = 0.0880, neg_loss_1 = 0.0081, neg_loss_2 = 0.0099, ref_loss = 0.0257, div_loss = 0.0089, 0.799 seconds/batch
2026-04-20 01:37:36,762 - Epoch 9, Batch 150, lr = 0.00008, final_loss = 3.9760, nll_loss = 3.8961, ref_nll_loss = 4.0560, ivc_loss = 0.0895, neg_loss_1 = 0.0080, neg_loss_2 = 0.0089, ref_loss = 0.0269, div_loss = 0.0092, 0.796 seconds/batch
2026-04-20 01:38:16,855 - Epoch 9, Batch 200, lr = 0.00008, final_loss = 3.9710, nll_loss = 3.8920, ref_nll_loss = 4.0501, ivc_loss = 0.0949, neg_loss_1 = 0.0101, neg_loss_2 = 0.0097, ref_loss = 0.0277, div_loss = 0.0095, 0.798 seconds/batch
2026-04-20 01:38:56,949 - Epoch 9, Batch 250, lr = 0.00008, final_loss = 3.9961, nll_loss = 3.9152, ref_nll_loss = 4.0770, ivc_loss = 0.0848, neg_loss_1 = 0.0077, neg_loss_2 = 0.0075, ref_loss = 0.0247, div_loss = 0.0090, 0.799 seconds/batch
2026-04-20 01:39:36,602 - Epoch 9, Batch 300, lr = 0.00008, final_loss = 3.9925, nll_loss = 3.9095, ref_nll_loss = 4.0756, ivc_loss = 0.0853, neg_loss_1 = 0.0088, neg_loss_2 = 0.0104, ref_loss = 0.0248, div_loss = 0.0083, 0.798 seconds/batch
2026-04-20 01:40:16,370 - Epoch 9, Batch 350, lr = 0.00008, final_loss = 3.9919, nll_loss = 3.9127, ref_nll_loss = 4.0712, ivc_loss = 0.0878, neg_loss_1 = 0.0073, neg_loss_2 = 0.0090, ref_loss = 0.0277, div_loss = 0.0088, 0.797 seconds/batch
2026-04-20 01:40:56,356 - Epoch 9, Batch 400, lr = 0.00008, final_loss = 3.9735, nll_loss = 3.8930, ref_nll_loss = 4.0540, ivc_loss = 0.0897, neg_loss_1 = 0.0084, neg_loss_2 = 0.0112, ref_loss = 0.0263, div_loss = 0.0088, 0.798 seconds/batch
2026-04-20 01:41:36,839 - Epoch 9, Batch 450, lr = 0.00008, final_loss = 3.9938, nll_loss = 3.9130, ref_nll_loss = 4.0745, ivc_loss = 0.0878, neg_loss_1 = 0.0090, neg_loss_2 = 0.0094, ref_loss = 0.0244, div_loss = 0.0090, 0.799 seconds/batch
2026-04-20 01:42:16,818 - Epoch 9, Batch 500, lr = 0.00008, final_loss = 4.0066, nll_loss = 3.9256, ref_nll_loss = 4.0876, ivc_loss = 0.0892, neg_loss_1 = 0.0085, neg_loss_2 = 0.0082, ref_loss = 0.0265, div_loss = 0.0092, 0.799 seconds/batch
2026-04-20 01:42:56,435 - Epoch 9, Batch 550, lr = 0.00008, final_loss = 3.9511, nll_loss = 3.8706, ref_nll_loss = 4.0316, ivc_loss = 0.0871, neg_loss_1 = 0.0079, neg_loss_2 = 0.0094, ref_loss = 0.0248, div_loss = 0.0090, 0.798 seconds/batch
2026-04-20 01:43:36,944 - Epoch 9, Batch 600, lr = 0.00008, final_loss = 4.0162, nll_loss = 3.9361, ref_nll_loss = 4.0963, ivc_loss = 0.0883, neg_loss_1 = 0.0086, neg_loss_2 = 0.0094, ref_loss = 0.0263, div_loss = 0.0088, 0.799 seconds/batch
2026-04-20 01:44:17,191 - Epoch 9, Batch 650, lr = 0.00008, final_loss = 4.0009, nll_loss = 3.9184, ref_nll_loss = 4.0834, ivc_loss = 0.0864, neg_loss_1 = 0.0077, neg_loss_2 = 0.0104, ref_loss = 0.0256, div_loss = 0.0085, 0.800 seconds/batch
2026-04-20 01:44:57,260 - Epoch 9, Batch 700, lr = 0.00008, final_loss = 4.0103, nll_loss = 3.9293, ref_nll_loss = 4.0914, ivc_loss = 0.0869, neg_loss_1 = 0.0092, neg_loss_2 = 0.0080, ref_loss = 0.0272, div_loss = 0.0085, 0.800 seconds/batch
2026-04-20 01:45:37,034 - Epoch 9, Batch 750, lr = 0.00008, final_loss = 4.0283, nll_loss = 3.9492, ref_nll_loss = 4.1074, ivc_loss = 0.0892, neg_loss_1 = 0.0083, neg_loss_2 = 0.0109, ref_loss = 0.0265, div_loss = 0.0087, 0.800 seconds/batch
2026-04-20 01:46:16,768 - Epoch 9, Batch 800, lr = 0.00008, final_loss = 3.9814, nll_loss = 3.9029, ref_nll_loss = 4.0598, ivc_loss = 0.0871, neg_loss_1 = 0.0066, neg_loss_2 = 0.0104, ref_loss = 0.0257, div_loss = 0.0089, 0.799 seconds/batch
2026-04-20 01:46:56,417 - Epoch 9, Batch 850, lr = 0.00008, final_loss = 3.9948, nll_loss = 3.9172, ref_nll_loss = 4.0723, ivc_loss = 0.0870, neg_loss_1 = 0.0079, neg_loss_2 = 0.0087, ref_loss = 0.0280, div_loss = 0.0085, 0.799 seconds/batch
2026-04-20 01:47:35,908 - Epoch 9, Batch 900, lr = 0.00008, final_loss = 3.9745, nll_loss = 3.8934, ref_nll_loss = 4.0555, ivc_loss = 0.0860, neg_loss_1 = 0.0088, neg_loss_2 = 0.0103, ref_loss = 0.0247, div_loss = 0.0084, 0.798 seconds/batch
2026-04-20 01:48:15,401 - Epoch 9, Batch 950, lr = 0.00008, final_loss = 4.0061, nll_loss = 3.9299, ref_nll_loss = 4.0823, ivc_loss = 0.0890, neg_loss_1 = 0.0080, neg_loss_2 = 0.0101, ref_loss = 0.0290, div_loss = 0.0084, 0.798 seconds/batch
2026-04-20 01:48:54,961 - Epoch 9, Batch 1000, lr = 0.00008, final_loss = 3.9838, nll_loss = 3.9064, ref_nll_loss = 4.0612, ivc_loss = 0.0856, neg_loss_1 = 0.0083, neg_loss_2 = 0.0078, ref_loss = 0.0268, div_loss = 0.0085, 0.798 seconds/batch
2026-04-20 01:49:32,745 - Epoch 9, Batch 1050, lr = 0.00008, final_loss = 3.9983, nll_loss = 3.9195, ref_nll_loss = 4.0771, ivc_loss = 0.0868, neg_loss_1 = 0.0088, neg_loss_2 = 0.0083, ref_loss = 0.0274, div_loss = 0.0084, 0.796 seconds/batch
2026-04-20 01:50:05,975 - Epoch 9, Batch 1100, lr = 0.00008, final_loss = 3.9962, nll_loss = 3.9172, ref_nll_loss = 4.0752, ivc_loss = 0.0869, neg_loss_1 = 0.0081, neg_loss_2 = 0.0086, ref_loss = 0.0272, div_loss = 0.0086, 0.790 seconds/batch
2026-04-20 01:50:33,701 - Epoch 9, Batch 1150, lr = 0.00008, final_loss = 4.0007, nll_loss = 3.9159, ref_nll_loss = 4.0855, ivc_loss = 0.0823, neg_loss_1 = 0.0086, neg_loss_2 = 0.0079, ref_loss = 0.0219, div_loss = 0.0088, 0.779 seconds/batch
2026-04-20 01:50:44,257 - Epoch 9, Batch 1170, lr = 0.00008, final_loss = 3.9490, nll_loss = 3.8699, ref_nll_loss = 4.0280, ivc_loss = 0.0861, neg_loss_1 = 0.0064, neg_loss_2 = 0.0097, ref_loss = 0.0264, div_loss = 0.0087, 0.775 seconds/batch
2026-04-20 01:50:44,332 - save model to checkpoints/activitynet_moe/cpl_moe/model-9.pt, num_updates 10530.
2026-04-20 01:53:52,187 - | R@1,mIoU 0.2869 | R@1,IoU@0.1 0.6806 | R@1,IoU@0.3 0.4817 | R@1,IoU@0.5 0.1982 | R@1,IoU@0.7 0.0577 | R@1,IoU@0.9 0.0035 | R@5,mIoU 0.5250 | R@5,IoU@0.1 0.9248 | R@5,IoU@0.3 0.7812 | R@5,IoU@0.5 0.5333 | R@5,IoU@0.7 0.3097 | R@5,IoU@0.9 0.0668 |
2026-04-20 01:53:52,187 - ============================================================
2026-04-20 01:53:52,187 - Start Epoch 10
2026-04-20 01:54:31,933 - Epoch 10, Batch 50, lr = 0.00008, final_loss = 3.9410, nll_loss = 3.8581, ref_nll_loss = 4.0238, ivc_loss = 0.0861, neg_loss_1 = 0.0070, neg_loss_2 = 0.0084, ref_loss = 0.0268, div_loss = 0.0088, 0.795 seconds/batch
2026-04-20 01:55:12,227 - Epoch 10, Batch 100, lr = 0.00008, final_loss = 3.9707, nll_loss = 3.8920, ref_nll_loss = 4.0493, ivc_loss = 0.0905, neg_loss_1 = 0.0088, neg_loss_2 = 0.0093, ref_loss = 0.0286, div_loss = 0.0088, 0.800 seconds/batch
2026-04-20 01:55:52,073 - Epoch 10, Batch 150, lr = 0.00008, final_loss = 3.9435, nll_loss = 3.8624, ref_nll_loss = 4.0246, ivc_loss = 0.0876, neg_loss_1 = 0.0103, neg_loss_2 = 0.0095, ref_loss = 0.0263, div_loss = 0.0083, 0.799 seconds/batch
2026-04-20 01:56:31,986 - Epoch 10, Batch 200, lr = 0.00008, final_loss = 3.9865, nll_loss = 3.9040, ref_nll_loss = 4.0690, ivc_loss = 0.0900, neg_loss_1 = 0.0114, neg_loss_2 = 0.0103, ref_loss = 0.0250, div_loss = 0.0087, 0.799 seconds/batch
2026-04-20 01:57:11,773 - Epoch 10, Batch 250, lr = 0.00008, final_loss = 3.9693, nll_loss = 3.8867, ref_nll_loss = 4.0519, ivc_loss = 0.0854, neg_loss_1 = 0.0094, neg_loss_2 = 0.0077, ref_loss = 0.0251, div_loss = 0.0086, 0.798 seconds/batch
2026-04-20 01:57:51,632 - Epoch 10, Batch 300, lr = 0.00008, final_loss = 3.9574, nll_loss = 3.8716, ref_nll_loss = 4.0432, ivc_loss = 0.0843, neg_loss_1 = 0.0074, neg_loss_2 = 0.0096, ref_loss = 0.0239, div_loss = 0.0087, 0.798 seconds/batch
2026-04-20 01:58:31,363 - Epoch 10, Batch 350, lr = 0.00008, final_loss = 3.9722, nll_loss = 3.8881, ref_nll_loss = 4.0563, ivc_loss = 0.0872, neg_loss_1 = 0.0097, neg_loss_2 = 0.0094, ref_loss = 0.0249, div_loss = 0.0086, 0.798 seconds/batch
2026-04-20 01:59:11,099 - Epoch 10, Batch 400, lr = 0.00008, final_loss = 3.9831, nll_loss = 3.9000, ref_nll_loss = 4.0662, ivc_loss = 0.0824, neg_loss_1 = 0.0081, neg_loss_2 = 0.0080, ref_loss = 0.0236, div_loss = 0.0085, 0.797 seconds/batch
2026-04-20 01:59:50,987 - Epoch 10, Batch 450, lr = 0.00008, final_loss = 3.9597, nll_loss = 3.8776, ref_nll_loss = 4.0417, ivc_loss = 0.0913, neg_loss_1 = 0.0109, neg_loss_2 = 0.0101, ref_loss = 0.0263, div_loss = 0.0088, 0.797 seconds/batch
2026-04-20 02:00:30,941 - Epoch 10, Batch 500, lr = 0.00008, final_loss = 3.9507, nll_loss = 3.8676, ref_nll_loss = 4.0338, ivc_loss = 0.0895, neg_loss_1 = 0.0082, neg_loss_2 = 0.0121, ref_loss = 0.0262, div_loss = 0.0086, 0.798 seconds/batch
2026-04-20 02:01:10,720 - Epoch 10, Batch 550, lr = 0.00008, final_loss = 3.9845, nll_loss = 3.9049, ref_nll_loss = 4.0642, ivc_loss = 0.0907, neg_loss_1 = 0.0096, neg_loss_2 = 0.0101, ref_loss = 0.0279, div_loss = 0.0086, 0.797 seconds/batch
2026-04-20 02:01:50,633 - Epoch 10, Batch 600, lr = 0.00008, final_loss = 3.9890, nll_loss = 3.9022, ref_nll_loss = 4.0759, ivc_loss = 0.0861, neg_loss_1 = 0.0102, neg_loss_2 = 0.0103, ref_loss = 0.0228, div_loss = 0.0086, 0.797 seconds/batch
2026-04-20 02:02:30,091 - Epoch 10, Batch 650, lr = 0.00008, final_loss = 3.9741, nll_loss = 3.8943, ref_nll_loss = 4.0539, ivc_loss = 0.0875, neg_loss_1 = 0.0093, neg_loss_2 = 0.0094, ref_loss = 0.0251, div_loss = 0.0087, 0.797 seconds/batch
2026-04-20 02:03:09,705 - Epoch 10, Batch 700, lr = 0.00008, final_loss = 3.9285, nll_loss = 3.8441, ref_nll_loss = 4.0129, ivc_loss = 0.0865, neg_loss_1 = 0.0091, neg_loss_2 = 0.0100, ref_loss = 0.0236, div_loss = 0.0088, 0.796 seconds/batch
2026-04-20 02:03:49,920 - Epoch 10, Batch 750, lr = 0.00008, final_loss = 3.9621, nll_loss = 3.8807, ref_nll_loss = 4.0434, ivc_loss = 0.0883, neg_loss_1 = 0.0102, neg_loss_2 = 0.0106, ref_loss = 0.0256, div_loss = 0.0084, 0.797 seconds/batch
2026-04-20 02:04:29,892 - Epoch 10, Batch 800, lr = 0.00008, final_loss = 3.9850, nll_loss = 3.9028, ref_nll_loss = 4.0672, ivc_loss = 0.0888, neg_loss_1 = 0.0092, neg_loss_2 = 0.0118, ref_loss = 0.0253, div_loss = 0.0085, 0.797 seconds/batch
2026-04-20 02:05:09,613 - Epoch 10, Batch 850, lr = 0.00007, final_loss = 3.9391, nll_loss = 3.8531, ref_nll_loss = 4.0251, ivc_loss = 0.0830, neg_loss_1 = 0.0083, neg_loss_2 = 0.0101, ref_loss = 0.0220, div_loss = 0.0085, 0.797 seconds/batch
2026-04-20 02:05:49,290 - Epoch 10, Batch 900, lr = 0.00007, final_loss = 3.9562, nll_loss = 3.8716, ref_nll_loss = 4.0408, ivc_loss = 0.0845, neg_loss_1 = 0.0086, neg_loss_2 = 0.0094, ref_loss = 0.0235, div_loss = 0.0086, 0.797 seconds/batch
2026-04-20 02:06:29,194 - Epoch 10, Batch 950, lr = 0.00007, final_loss = 3.9869, nll_loss = 3.9031, ref_nll_loss = 4.0707, ivc_loss = 0.0863, neg_loss_1 = 0.0092, neg_loss_2 = 0.0103, ref_loss = 0.0240, div_loss = 0.0086, 0.797 seconds/batch
2026-04-20 02:07:08,812 - Epoch 10, Batch 1000, lr = 0.00007, final_loss = 3.9797, nll_loss = 3.8974, ref_nll_loss = 4.0621, ivc_loss = 0.0886, neg_loss_1 = 0.0094, neg_loss_2 = 0.0105, ref_loss = 0.0260, div_loss = 0.0085, 0.797 seconds/batch
2026-04-20 02:07:46,260 - Epoch 10, Batch 1050, lr = 0.00007, final_loss = 4.0044, nll_loss = 3.9205, ref_nll_loss = 4.0883, ivc_loss = 0.0862, neg_loss_1 = 0.0093, neg_loss_2 = 0.0110, ref_loss = 0.0237, div_loss = 0.0085, 0.794 seconds/batch
2026-04-20 02:08:20,209 - Epoch 10, Batch 1100, lr = 0.00007, final_loss = 3.9586, nll_loss = 3.8773, ref_nll_loss = 4.0398, ivc_loss = 0.0908, neg_loss_1 = 0.0088, neg_loss_2 = 0.0107, ref_loss = 0.0271, div_loss = 0.0088, 0.789 seconds/batch
2026-04-20 02:08:47,748 - Epoch 10, Batch 1150, lr = 0.00007, final_loss = 3.9969, nll_loss = 3.9141, ref_nll_loss = 4.0797, ivc_loss = 0.0882, neg_loss_1 = 0.0083, neg_loss_2 = 0.0109, ref_loss = 0.0252, div_loss = 0.0088, 0.779 seconds/batch
2026-04-20 02:08:58,599 - Epoch 10, Batch 1170, lr = 0.00007, final_loss = 3.9319, nll_loss = 3.8464, ref_nll_loss = 4.0173, ivc_loss = 0.0866, neg_loss_1 = 0.0109, neg_loss_2 = 0.0097, ref_loss = 0.0238, div_loss = 0.0084, 0.775 seconds/batch
2026-04-20 02:08:58,737 - save model to checkpoints/activitynet_moe/cpl_moe/model-10.pt, num_updates 11700.
2026-04-20 02:12:08,852 - | R@1,mIoU 0.2753 | R@1,IoU@0.1 0.6664 | R@1,IoU@0.3 0.4694 | R@1,IoU@0.5 0.1834 | R@1,IoU@0.7 0.0490 | R@1,IoU@0.9 0.0026 | R@5,mIoU 0.5265 | R@5,IoU@0.1 0.9222 | R@5,IoU@0.3 0.7815 | R@5,IoU@0.5 0.5345 | R@5,IoU@0.7 0.3166 | R@5,IoU@0.9 0.0729 |
2026-04-20 02:12:08,853 - ============================================================
2026-04-20 02:12:08,853 - Start Epoch 11
2026-04-20 02:12:48,960 - Epoch 11, Batch 50, lr = 0.00007, final_loss = 3.9251, nll_loss = 3.8391, ref_nll_loss = 4.0111, ivc_loss = 0.0866, neg_loss_1 = 0.0111, neg_loss_2 = 0.0098, ref_loss = 0.0229, div_loss = 0.0086, 0.802 seconds/batch
2026-04-20 02:13:29,231 - Epoch 11, Batch 100, lr = 0.00007, final_loss = 3.9258, nll_loss = 3.8452, ref_nll_loss = 4.0065, ivc_loss = 0.0909, neg_loss_1 = 0.0088, neg_loss_2 = 0.0113, ref_loss = 0.0257, div_loss = 0.0090, 0.804 seconds/batch
2026-04-20 02:14:09,150 - Epoch 11, Batch 150, lr = 0.00007, final_loss = 3.9826, nll_loss = 3.8987, ref_nll_loss = 4.0664, ivc_loss = 0.0875, neg_loss_1 = 0.0106, neg_loss_2 = 0.0106, ref_loss = 0.0228, div_loss = 0.0087, 0.802 seconds/batch
2026-04-20 02:14:49,086 - Epoch 11, Batch 200, lr = 0.00007, final_loss = 3.9416, nll_loss = 3.8566, ref_nll_loss = 4.0265, ivc_loss = 0.0868, neg_loss_1 = 0.0101, neg_loss_2 = 0.0087, ref_loss = 0.0235, div_loss = 0.0089, 0.801 seconds/batch
2026-04-20 02:15:29,045 - Epoch 11, Batch 250, lr = 0.00007, final_loss = 3.9553, nll_loss = 3.8714, ref_nll_loss = 4.0391, ivc_loss = 0.0873, neg_loss_1 = 0.0093, neg_loss_2 = 0.0100, ref_loss = 0.0249, div_loss = 0.0086, 0.801 seconds/batch
2026-04-20 02:16:09,113 - Epoch 11, Batch 300, lr = 0.00007, final_loss = 3.9511, nll_loss = 3.8673, ref_nll_loss = 4.0349, ivc_loss = 0.0917, neg_loss_1 = 0.0083, neg_loss_2 = 0.0122, ref_loss = 0.0271, div_loss = 0.0088, 0.801 seconds/batch
2026-04-20 02:16:48,925 - Epoch 11, Batch 350, lr = 0.00007, final_loss = 3.9330, nll_loss = 3.8516, ref_nll_loss = 4.0144, ivc_loss = 0.0907, neg_loss_1 = 0.0102, neg_loss_2 = 0.0100, ref_loss = 0.0273, div_loss = 0.0086, 0.800 seconds/batch
2026-04-20 02:17:28,706 - Epoch 11, Batch 400, lr = 0.00007, final_loss = 3.9323, nll_loss = 3.8510, ref_nll_loss = 4.0135, ivc_loss = 0.0903, neg_loss_1 = 0.0087, neg_loss_2 = 0.0107, ref_loss = 0.0263, div_loss = 0.0089, 0.800 seconds/batch
2026-04-20 02:18:08,387 - Epoch 11, Batch 450, lr = 0.00007, final_loss = 3.9411, nll_loss = 3.8572, ref_nll_loss = 4.0250, ivc_loss = 0.0921, neg_loss_1 = 0.0115, neg_loss_2 = 0.0100, ref_loss = 0.0255, div_loss = 0.0090, 0.799 seconds/batch
2026-04-20 02:18:48,304 - Epoch 11, Batch 500, lr = 0.00007, final_loss = 3.9348, nll_loss = 3.8512, ref_nll_loss = 4.0184, ivc_loss = 0.0884, neg_loss_1 = 0.0093, neg_loss_2 = 0.0077, ref_loss = 0.0249, div_loss = 0.0093, 0.799 seconds/batch
2026-04-20 02:19:28,122 - Epoch 11, Batch 550, lr = 0.00007, final_loss = 3.9650, nll_loss = 3.8822, ref_nll_loss = 4.0478, ivc_loss = 0.0880, neg_loss_1 = 0.0081, neg_loss_2 = 0.0109, ref_loss = 0.0251, div_loss = 0.0088, 0.799 seconds/batch
2026-04-20 02:20:07,971 - Epoch 11, Batch 600, lr = 0.00007, final_loss = 3.9287, nll_loss = 3.8479, ref_nll_loss = 4.0095, ivc_loss = 0.0904, neg_loss_1 = 0.0115, neg_loss_2 = 0.0091, ref_loss = 0.0256, div_loss = 0.0089, 0.799 seconds/batch
2026-04-20 02:20:47,548 - Epoch 11, Batch 650, lr = 0.00007, final_loss = 3.9254, nll_loss = 3.8364, ref_nll_loss = 4.0144, ivc_loss = 0.0857, neg_loss_1 = 0.0092, neg_loss_2 = 0.0097, ref_loss = 0.0220, div_loss = 0.0090, 0.798 seconds/batch
2026-04-20 02:21:27,589 - Epoch 11, Batch 700, lr = 0.00007, final_loss = 3.9670, nll_loss = 3.8853, ref_nll_loss = 4.0488, ivc_loss = 0.0916, neg_loss_1 = 0.0088, neg_loss_2 = 0.0104, ref_loss = 0.0272, div_loss = 0.0090, 0.798 seconds/batch
2026-04-20 02:22:07,534 - Epoch 11, Batch 750, lr = 0.00007, final_loss = 3.9753, nll_loss = 3.8896, ref_nll_loss = 4.0611, ivc_loss = 0.0881, neg_loss_1 = 0.0093, neg_loss_2 = 0.0106, ref_loss = 0.0233, div_loss = 0.0090, 0.798 seconds/batch
2026-04-20 02:22:47,504 - Epoch 11, Batch 800, lr = 0.00007, final_loss = 3.9283, nll_loss = 3.8475, ref_nll_loss = 4.0091, ivc_loss = 0.0880, neg_loss_1 = 0.0087, neg_loss_2 = 0.0102, ref_loss = 0.0245, div_loss = 0.0089, 0.798 seconds/batch
2026-04-20 02:23:27,133 - Epoch 11, Batch 850, lr = 0.00007, final_loss = 3.9657, nll_loss = 3.8803, ref_nll_loss = 4.0511, ivc_loss = 0.0885, neg_loss_1 = 0.0107, neg_loss_2 = 0.0085, ref_loss = 0.0247, div_loss = 0.0089, 0.798 seconds/batch
2026-04-20 02:24:06,673 - Epoch 11, Batch 900, lr = 0.00007, final_loss = 3.9752, nll_loss = 3.8907, ref_nll_loss = 4.0597, ivc_loss = 0.0883, neg_loss_1 = 0.0095, neg_loss_2 = 0.0096, ref_loss = 0.0239, div_loss = 0.0090, 0.798 seconds/batch
2026-04-20 02:24:46,609 - Epoch 11, Batch 950, lr = 0.00007, final_loss = 3.9254, nll_loss = 3.8379, ref_nll_loss = 4.0128, ivc_loss = 0.0865, neg_loss_1 = 0.0105, neg_loss_2 = 0.0088, ref_loss = 0.0214, div_loss = 0.0092, 0.798 seconds/batch
2026-04-20 02:25:26,102 - Epoch 11, Batch 1000, lr = 0.00007, final_loss = 3.9474, nll_loss = 3.8626, ref_nll_loss = 4.0322, ivc_loss = 0.0883, neg_loss_1 = 0.0086, neg_loss_2 = 0.0114, ref_loss = 0.0247, div_loss = 0.0087, 0.797 seconds/batch
2026-04-20 02:26:02,645 - Epoch 11, Batch 1050, lr = 0.00007, final_loss = 3.9250, nll_loss = 3.8415, ref_nll_loss = 4.0086, ivc_loss = 0.0932, neg_loss_1 = 0.0107, neg_loss_2 = 0.0105, ref_loss = 0.0285, div_loss = 0.0087, 0.794 seconds/batch
2026-04-20 02:26:35,769 - Epoch 11, Batch 1100, lr = 0.00007, final_loss = 3.9337, nll_loss = 3.8461, ref_nll_loss = 4.0213, ivc_loss = 0.0853, neg_loss_1 = 0.0093, neg_loss_2 = 0.0097, ref_loss = 0.0227, div_loss = 0.0087, 0.788 seconds/batch
2026-04-20 02:27:03,446 - Epoch 11, Batch 1150, lr = 0.00007, final_loss = 3.9712, nll_loss = 3.8875, ref_nll_loss = 4.0548, ivc_loss = 0.0891, neg_loss_1 = 0.0100, neg_loss_2 = 0.0099, ref_loss = 0.0250, div_loss = 0.0088, 0.778 seconds/batch
2026-04-20 02:27:13,844 - Epoch 11, Batch 1170, lr = 0.00007, final_loss = 3.9379, nll_loss = 3.8553, ref_nll_loss = 4.0204, ivc_loss = 0.0907, neg_loss_1 = 0.0126, neg_loss_2 = 0.0099, ref_loss = 0.0246, div_loss = 0.0087, 0.773 seconds/batch
2026-04-20 02:27:13,915 - save model to checkpoints/activitynet_moe/cpl_moe/model-11.pt, num_updates 12870.
2026-04-20 02:30:25,768 - | R@1,mIoU 0.2417 | R@1,IoU@0.1 0.5645 | R@1,IoU@0.3 0.4148 | R@1,IoU@0.5 0.1687 | R@1,IoU@0.7 0.0488 | R@1,IoU@0.9 0.0022 | R@5,mIoU 0.5276 | R@5,IoU@0.1 0.9236 | R@5,IoU@0.3 0.7805 | R@5,IoU@0.5 0.5360 | R@5,IoU@0.7 0.3179 | R@5,IoU@0.9 0.0727 |
2026-04-20 02:30:25,768 - ============================================================
2026-04-20 02:30:25,768 - Start Epoch 12
2026-04-20 02:31:05,667 - Epoch 12, Batch 50, lr = 0.00007, final_loss = 3.9083, nll_loss = 3.8215, ref_nll_loss = 3.9952, ivc_loss = 0.0868, neg_loss_1 = 0.0101, neg_loss_2 = 0.0097, ref_loss = 0.0233, div_loss = 0.0087, 0.798 seconds/batch
2026-04-20 02:31:45,789 - Epoch 12, Batch 100, lr = 0.00007, final_loss = 3.8876, nll_loss = 3.8056, ref_nll_loss = 3.9696, ivc_loss = 0.0915, neg_loss_1 = 0.0099, neg_loss_2 = 0.0092, ref_loss = 0.0265, div_loss = 0.0092, 0.800 seconds/batch
2026-04-20 02:32:25,784 - Epoch 12, Batch 150, lr = 0.00007, final_loss = 3.9013, nll_loss = 3.8200, ref_nll_loss = 3.9827, ivc_loss = 0.0885, neg_loss_1 = 0.0099, neg_loss_2 = 0.0060, ref_loss = 0.0264, div_loss = 0.0092, 0.800 seconds/batch
2026-04-20 02:33:05,389 - Epoch 12, Batch 200, lr = 0.00007, final_loss = 3.9124, nll_loss = 3.8295, ref_nll_loss = 3.9954, ivc_loss = 0.0930, neg_loss_1 = 0.0121, neg_loss_2 = 0.0102, ref_loss = 0.0260, div_loss = 0.0089, 0.798 seconds/batch
2026-04-20 02:33:44,995 - Epoch 12, Batch 250, lr = 0.00007, final_loss = 3.9213, nll_loss = 3.8344, ref_nll_loss = 4.0081, ivc_loss = 0.0848, neg_loss_1 = 0.0100, neg_loss_2 = 0.0074, ref_loss = 0.0230, div_loss = 0.0089, 0.797 seconds/batch
2026-04-20 02:34:24,559 - Epoch 12, Batch 300, lr = 0.00007, final_loss = 3.9260, nll_loss = 3.8393, ref_nll_loss = 4.0127, ivc_loss = 0.0890, neg_loss_1 = 0.0099, neg_loss_2 = 0.0112, ref_loss = 0.0234, div_loss = 0.0089, 0.796 seconds/batch
2026-04-20 02:35:04,101 - Epoch 12, Batch 350, lr = 0.00007, final_loss = 3.9212, nll_loss = 3.8371, ref_nll_loss = 4.0052, ivc_loss = 0.0896, neg_loss_1 = 0.0089, neg_loss_2 = 0.0100, ref_loss = 0.0257, div_loss = 0.0090, 0.795 seconds/batch
2026-04-20 02:35:44,051 - Epoch 12, Batch 400, lr = 0.00007, final_loss = 3.9289, nll_loss = 3.8412, ref_nll_loss = 4.0165, ivc_loss = 0.0877, neg_loss_1 = 0.0104, neg_loss_2 = 0.0098, ref_loss = 0.0228, div_loss = 0.0089, 0.796 seconds/batch
2026-04-20 02:36:23,991 - Epoch 12, Batch 450, lr = 0.00007, final_loss = 3.9396, nll_loss = 3.8546, ref_nll_loss = 4.0247, ivc_loss = 0.0920, neg_loss_1 = 0.0102, neg_loss_2 = 0.0107, ref_loss = 0.0261, div_loss = 0.0090, 0.796 seconds/batch
2026-04-20 02:37:04,088 - Epoch 12, Batch 500, lr = 0.00007, final_loss = 3.9198, nll_loss = 3.8335, ref_nll_loss = 4.0062, ivc_loss = 0.0886, neg_loss_1 = 0.0117, neg_loss_2 = 0.0086, ref_loss = 0.0227, div_loss = 0.0091, 0.797 seconds/batch
2026-04-20 02:37:43,676 - Epoch 12, Batch 550, lr = 0.00007, final_loss = 3.9305, nll_loss = 3.8481, ref_nll_loss = 4.0130, ivc_loss = 0.0923, neg_loss_1 = 0.0114, neg_loss_2 = 0.0089, ref_loss = 0.0279, div_loss = 0.0088, 0.796 seconds/batch
2026-04-20 02:38:23,237 - Epoch 12, Batch 600, lr = 0.00007, final_loss = 3.9023, nll_loss = 3.8149, ref_nll_loss = 3.9898, ivc_loss = 0.0881, neg_loss_1 = 0.0104, neg_loss_2 = 0.0076, ref_loss = 0.0242, div_loss = 0.0092, 0.796 seconds/batch
2026-04-20 02:39:03,202 - Epoch 12, Batch 650, lr = 0.00007, final_loss = 3.9259, nll_loss = 3.8413, ref_nll_loss = 4.0105, ivc_loss = 0.0896, neg_loss_1 = 0.0097, neg_loss_2 = 0.0092, ref_loss = 0.0254, div_loss = 0.0091, 0.796 seconds/batch
2026-04-20 02:39:42,609 - Epoch 12, Batch 700, lr = 0.00007, final_loss = 3.9377, nll_loss = 3.8504, ref_nll_loss = 4.0250, ivc_loss = 0.0875, neg_loss_1 = 0.0103, neg_loss_2 = 0.0076, ref_loss = 0.0234, div_loss = 0.0092, 0.795 seconds/batch
2026-04-20 02:40:22,368 - Epoch 12, Batch 750, lr = 0.00007, final_loss = 3.9446, nll_loss = 3.8616, ref_nll_loss = 4.0276, ivc_loss = 0.0896, neg_loss_1 = 0.0108, neg_loss_2 = 0.0083, ref_loss = 0.0257, div_loss = 0.0090, 0.795 seconds/batch
2026-04-20 02:41:02,050 - Epoch 12, Batch 800, lr = 0.00007, final_loss = 3.9802, nll_loss = 3.8941, ref_nll_loss = 4.0663, ivc_loss = 0.0901, neg_loss_1 = 0.0115, neg_loss_2 = 0.0104, ref_loss = 0.0236, div_loss = 0.0089, 0.795 seconds/batch
2026-04-20 02:41:42,197 - Epoch 12, Batch 850, lr = 0.00007, final_loss = 3.9125, nll_loss = 3.8250, ref_nll_loss = 4.0000, ivc_loss = 0.0900, neg_loss_1 = 0.0116, neg_loss_2 = 0.0099, ref_loss = 0.0243, div_loss = 0.0088, 0.796 seconds/batch
2026-04-20 02:42:22,151 - Epoch 12, Batch 900, lr = 0.00007, final_loss = 3.9158, nll_loss = 3.8310, ref_nll_loss = 4.0006, ivc_loss = 0.0902, neg_loss_1 = 0.0100, neg_loss_2 = 0.0102, ref_loss = 0.0248, div_loss = 0.0090, 0.796 seconds/batch
2026-04-20 02:43:01,993 - Epoch 12, Batch 950, lr = 0.00007, final_loss = 3.9414, nll_loss = 3.8546, ref_nll_loss = 4.0281, ivc_loss = 0.0863, neg_loss_1 = 0.0090, neg_loss_2 = 0.0080, ref_loss = 0.0241, div_loss = 0.0090, 0.796 seconds/batch
2026-04-20 02:43:42,299 - Epoch 12, Batch 1000, lr = 0.00007, final_loss = 3.9195, nll_loss = 3.8358, ref_nll_loss = 4.0032, ivc_loss = 0.0892, neg_loss_1 = 0.0096, neg_loss_2 = 0.0098, ref_loss = 0.0251, div_loss = 0.0089, 0.797 seconds/batch
2026-04-20 02:44:18,511 - Epoch 12, Batch 1050, lr = 0.00007, final_loss = 3.9374, nll_loss = 3.8543, ref_nll_loss = 4.0205, ivc_loss = 0.0895, neg_loss_1 = 0.0094, neg_loss_2 = 0.0089, ref_loss = 0.0268, div_loss = 0.0089, 0.793 seconds/batch
2026-04-20 02:44:51,621 - Epoch 12, Batch 1100, lr = 0.00007, final_loss = 3.9452, nll_loss = 3.8594, ref_nll_loss = 4.0310, ivc_loss = 0.0875, neg_loss_1 = 0.0112, neg_loss_2 = 0.0087, ref_loss = 0.0233, div_loss = 0.0089, 0.787 seconds/batch
2026-04-20 02:45:19,138 - Epoch 12, Batch 1150, lr = 0.00007, final_loss = 3.9154, nll_loss = 3.8265, ref_nll_loss = 4.0043, ivc_loss = 0.0869, neg_loss_1 = 0.0097, neg_loss_2 = 0.0078, ref_loss = 0.0237, div_loss = 0.0091, 0.777 seconds/batch
2026-04-20 02:45:28,929 - Epoch 12, Batch 1170, lr = 0.00007, final_loss = 3.9495, nll_loss = 3.8632, ref_nll_loss = 4.0358, ivc_loss = 0.0919, neg_loss_1 = 0.0084, neg_loss_2 = 0.0093, ref_loss = 0.0245, div_loss = 0.0100, 0.772 seconds/batch
2026-04-20 02:45:29,003 - save model to checkpoints/activitynet_moe/cpl_moe/model-12.pt, num_updates 14040.
2026-04-20 02:48:41,915 - | R@1,mIoU 0.3051 | R@1,IoU@0.1 0.7098 | R@1,IoU@0.3 0.5047 | R@1,IoU@0.5 0.2298 | R@1,IoU@0.7 0.0726 | R@1,IoU@0.9 0.0080 | R@5,mIoU 0.5261 | R@5,IoU@0.1 0.9214 | R@5,IoU@0.3 0.7819 | R@5,IoU@0.5 0.5369 | R@5,IoU@0.7 0.3145 | R@5,IoU@0.9 0.0746 |
2026-04-20 02:48:41,994 - Best results have been updated.
2026-04-20 02:48:41,995 - ============================================================
2026-04-20 02:48:41,995 - Start Epoch 13
2026-04-20 02:49:22,018 - Epoch 13, Batch 50, lr = 0.00007, final_loss = 3.8961, nll_loss = 3.8059, ref_nll_loss = 3.9864, ivc_loss = 0.0907, neg_loss_1 = 0.0111, neg_loss_2 = 0.0099, ref_loss = 0.0217, div_loss = 0.0096, 0.800 seconds/batch
2026-04-20 02:50:01,933 - Epoch 13, Batch 100, lr = 0.00007, final_loss = 3.8857, nll_loss = 3.7976, ref_nll_loss = 3.9737, ivc_loss = 0.0886, neg_loss_1 = 0.0109, neg_loss_2 = 0.0090, ref_loss = 0.0231, div_loss = 0.0091, 0.799 seconds/batch
2026-04-20 02:50:41,514 - Epoch 13, Batch 150, lr = 0.00007, final_loss = 3.8934, nll_loss = 3.8093, ref_nll_loss = 3.9776, ivc_loss = 0.0935, neg_loss_1 = 0.0128, neg_loss_2 = 0.0092, ref_loss = 0.0259, div_loss = 0.0091, 0.797 seconds/batch
2026-04-20 02:51:21,473 - Epoch 13, Batch 200, lr = 0.00007, final_loss = 3.9021, nll_loss = 3.8152, ref_nll_loss = 3.9890, ivc_loss = 0.0889, neg_loss_1 = 0.0104, neg_loss_2 = 0.0093, ref_loss = 0.0242, div_loss = 0.0090, 0.797 seconds/batch
2026-04-20 02:52:01,310 - Epoch 13, Batch 250, lr = 0.00007, final_loss = 3.8815, nll_loss = 3.7918, ref_nll_loss = 3.9712, ivc_loss = 0.0880, neg_loss_1 = 0.0122, neg_loss_2 = 0.0086, ref_loss = 0.0224, div_loss = 0.0090, 0.797 seconds/batch
2026-04-20 02:52:41,201 - Epoch 13, Batch 300, lr = 0.00007, final_loss = 3.8846, nll_loss = 3.7946, ref_nll_loss = 3.9746, ivc_loss = 0.0866, neg_loss_1 = 0.0100, neg_loss_2 = 0.0082, ref_loss = 0.0225, div_loss = 0.0092, 0.797 seconds/batch
2026-04-20 02:53:20,737 - Epoch 13, Batch 350, lr = 0.00007, final_loss = 3.9023, nll_loss = 3.8143, ref_nll_loss = 3.9903, ivc_loss = 0.0883, neg_loss_1 = 0.0117, neg_loss_2 = 0.0079, ref_loss = 0.0225, div_loss = 0.0092, 0.796 seconds/batch
2026-04-20 02:54:00,290 - Epoch 13, Batch 400, lr = 0.00007, final_loss = 3.8876, nll_loss = 3.7992, ref_nll_loss = 3.9759, ivc_loss = 0.0886, neg_loss_1 = 0.0113, neg_loss_2 = 0.0098, ref_loss = 0.0230, div_loss = 0.0089, 0.796 seconds/batch
2026-04-20 02:54:39,909 - Epoch 13, Batch 450, lr = 0.00007, final_loss = 3.9162, nll_loss = 3.8274, ref_nll_loss = 4.0050, ivc_loss = 0.0869, neg_loss_1 = 0.0112, neg_loss_2 = 0.0075, ref_loss = 0.0229, div_loss = 0.0090, 0.795 seconds/batch
2026-04-20 02:55:19,806 - Epoch 13, Batch 500, lr = 0.00007, final_loss = 3.9272, nll_loss = 3.8366, ref_nll_loss = 4.0178, ivc_loss = 0.0895, neg_loss_1 = 0.0087, neg_loss_2 = 0.0074, ref_loss = 0.0241, div_loss = 0.0099, 0.796 seconds/batch
2026-04-20 02:55:59,395 - Epoch 13, Batch 550, lr = 0.00007, final_loss = 3.9061, nll_loss = 3.8193, ref_nll_loss = 3.9930, ivc_loss = 0.0922, neg_loss_1 = 0.0105, neg_loss_2 = 0.0088, ref_loss = 0.0245, div_loss = 0.0097, 0.795 seconds/batch
2026-04-20 02:56:39,509 - Epoch 13, Batch 600, lr = 0.00007, final_loss = 3.9439, nll_loss = 3.8549, ref_nll_loss = 4.0330, ivc_loss = 0.0885, neg_loss_1 = 0.0098, neg_loss_2 = 0.0092, ref_loss = 0.0223, div_loss = 0.0094, 0.796 seconds/batch
2026-04-20 02:57:19,300 - Epoch 13, Batch 650, lr = 0.00007, final_loss = 3.9404, nll_loss = 3.8548, ref_nll_loss = 4.0259, ivc_loss = 0.0918, neg_loss_1 = 0.0102, neg_loss_2 = 0.0108, ref_loss = 0.0249, div_loss = 0.0092, 0.796 seconds/batch
2026-04-20 02:57:59,345 - Epoch 13, Batch 700, lr = 0.00007, final_loss = 3.8777, nll_loss = 3.7856, ref_nll_loss = 3.9699, ivc_loss = 0.0884, neg_loss_1 = 0.0107, neg_loss_2 = 0.0091, ref_loss = 0.0205, div_loss = 0.0096, 0.796 seconds/batch
2026-04-20 02:58:39,197 - Epoch 13, Batch 750, lr = 0.00007, final_loss = 3.9063, nll_loss = 3.8193, ref_nll_loss = 3.9932, ivc_loss = 0.0873, neg_loss_1 = 0.0097, neg_loss_2 = 0.0062, ref_loss = 0.0240, div_loss = 0.0095, 0.796 seconds/batch
2026-04-20 02:59:18,959 - Epoch 13, Batch 800, lr = 0.00007, final_loss = 3.9179, nll_loss = 3.8296, ref_nll_loss = 4.0063, ivc_loss = 0.0899, neg_loss_1 = 0.0101, neg_loss_2 = 0.0080, ref_loss = 0.0245, div_loss = 0.0095, 0.796 seconds/batch
2026-04-20 02:59:59,098 - Epoch 13, Batch 850, lr = 0.00007, final_loss = 3.8897, nll_loss = 3.8019, ref_nll_loss = 3.9776, ivc_loss = 0.0919, neg_loss_1 = 0.0123, neg_loss_2 = 0.0091, ref_loss = 0.0225, div_loss = 0.0096, 0.797 seconds/batch
2026-04-20 03:00:39,238 - Epoch 13, Batch 900, lr = 0.00007, final_loss = 3.8971, nll_loss = 3.8088, ref_nll_loss = 3.9855, ivc_loss = 0.0962, neg_loss_1 = 0.0116, neg_loss_2 = 0.0126, ref_loss = 0.0239, div_loss = 0.0096, 0.797 seconds/batch
2026-04-20 03:01:19,322 - Epoch 13, Batch 950, lr = 0.00007, final_loss = 3.9223, nll_loss = 3.8316, ref_nll_loss = 4.0131, ivc_loss = 0.0905, neg_loss_1 = 0.0107, neg_loss_2 = 0.0109, ref_loss = 0.0238, div_loss = 0.0090, 0.797 seconds/batch
2026-04-20 03:01:58,955 - Epoch 13, Batch 1000, lr = 0.00007, final_loss = 3.9020, nll_loss = 3.8141, ref_nll_loss = 3.9899, ivc_loss = 0.0867, neg_loss_1 = 0.0088, neg_loss_2 = 0.0080, ref_loss = 0.0234, div_loss = 0.0093, 0.797 seconds/batch
2026-04-20 03:02:34,657 - Epoch 13, Batch 1050, lr = 0.00007, final_loss = 3.9180, nll_loss = 3.8280, ref_nll_loss = 4.0080, ivc_loss = 0.0861, neg_loss_1 = 0.0094, neg_loss_2 = 0.0064, ref_loss = 0.0240, div_loss = 0.0093, 0.793 seconds/batch
2026-04-20 03:03:07,527 - Epoch 13, Batch 1100, lr = 0.00007, final_loss = 3.9162, nll_loss = 3.8238, ref_nll_loss = 4.0086, ivc_loss = 0.0868, neg_loss_1 = 0.0123, neg_loss_2 = 0.0070, ref_loss = 0.0217, div_loss = 0.0092, 0.787 seconds/batch
2026-04-20 03:03:35,267 - Epoch 13, Batch 1150, lr = 0.00006, final_loss = 3.8818, nll_loss = 3.7920, ref_nll_loss = 3.9716, ivc_loss = 0.0887, neg_loss_1 = 0.0119, neg_loss_2 = 0.0095, ref_loss = 0.0225, div_loss = 0.0090, 0.777 seconds/batch
2026-04-20 03:03:44,518 - Epoch 13, Batch 1170, lr = 0.00006, final_loss = 3.9382, nll_loss = 3.8474, ref_nll_loss = 4.0289, ivc_loss = 0.0890, neg_loss_1 = 0.0103, neg_loss_2 = 0.0087, ref_loss = 0.0239, div_loss = 0.0092, 0.771 seconds/batch
2026-04-20 03:03:44,593 - save model to checkpoints/activitynet_moe/cpl_moe/model-13.pt, num_updates 15210.
2026-04-20 03:06:59,315 - | R@1,mIoU 0.3189 | R@1,IoU@0.1 0.7331 | R@1,IoU@0.3 0.5385 | R@1,IoU@0.5 0.2377 | R@1,IoU@0.7 0.0769 | R@1,IoU@0.9 0.0078 | R@5,mIoU 0.5257 | R@5,IoU@0.1 0.9216 | R@5,IoU@0.3 0.7829 | R@5,IoU@0.5 0.5354 | R@5,IoU@0.7 0.3162 | R@5,IoU@0.9 0.0705 |
2026-04-20 03:06:59,390 - Best results have been updated.
2026-04-20 03:06:59,391 - ============================================================
2026-04-20 03:06:59,391 - Start Epoch 14
2026-04-20 03:07:39,419 - Epoch 14, Batch 50, lr = 0.00006, final_loss = 3.8644, nll_loss = 3.7733, ref_nll_loss = 3.9555, ivc_loss = 0.0888, neg_loss_1 = 0.0104, neg_loss_2 = 0.0098, ref_loss = 0.0232, div_loss = 0.0091, 0.801 seconds/batch
2026-04-20 03:08:19,350 - Epoch 14, Batch 100, lr = 0.00006, final_loss = 3.8770, nll_loss = 3.7875, ref_nll_loss = 3.9665, ivc_loss = 0.0869, neg_loss_1 = 0.0106, neg_loss_2 = 0.0083, ref_loss = 0.0223, div_loss = 0.0092, 0.800 seconds/batch
2026-04-20 03:08:59,000 - Epoch 14, Batch 150, lr = 0.00006, final_loss = 3.8938, nll_loss = 3.8042, ref_nll_loss = 3.9835, ivc_loss = 0.0893, neg_loss_1 = 0.0117, neg_loss_2 = 0.0102, ref_loss = 0.0227, div_loss = 0.0089, 0.797 seconds/batch
2026-04-20 03:09:38,843 - Epoch 14, Batch 200, lr = 0.00006, final_loss = 3.9139, nll_loss = 3.8254, ref_nll_loss = 4.0024, ivc_loss = 0.0896, neg_loss_1 = 0.0099, neg_loss_2 = 0.0098, ref_loss = 0.0242, div_loss = 0.0091, 0.797 seconds/batch
2026-04-20 03:10:18,531 - Epoch 14, Batch 250, lr = 0.00006, final_loss = 3.8897, nll_loss = 3.8013, ref_nll_loss = 3.9781, ivc_loss = 0.0889, neg_loss_1 = 0.0117, neg_loss_2 = 0.0093, ref_loss = 0.0216, div_loss = 0.0093, 0.797 seconds/batch
2026-04-20 03:10:58,498 - Epoch 14, Batch 300, lr = 0.00006, final_loss = 3.8753, nll_loss = 3.7863, ref_nll_loss = 3.9642, ivc_loss = 0.0888, neg_loss_1 = 0.0103, neg_loss_2 = 0.0105, ref_loss = 0.0220, div_loss = 0.0092, 0.797 seconds/batch
2026-04-20 03:11:38,056 - Epoch 14, Batch 350, lr = 0.00006, final_loss = 3.8660, nll_loss = 3.7737, ref_nll_loss = 3.9582, ivc_loss = 0.0880, neg_loss_1 = 0.0109, neg_loss_2 = 0.0081, ref_loss = 0.0223, div_loss = 0.0093, 0.796 seconds/batch
2026-04-20 03:12:17,925 - Epoch 14, Batch 400, lr = 0.00006, final_loss = 3.8913, nll_loss = 3.8027, ref_nll_loss = 3.9800, ivc_loss = 0.0912, neg_loss_1 = 0.0101, neg_loss_2 = 0.0098, ref_loss = 0.0227, div_loss = 0.0097, 0.796 seconds/batch
2026-04-20 03:12:57,963 - Epoch 14, Batch 450, lr = 0.00006, final_loss = 3.9183, nll_loss = 3.8310, ref_nll_loss = 4.0055, ivc_loss = 0.0928, neg_loss_1 = 0.0108, neg_loss_2 = 0.0092, ref_loss = 0.0252, div_loss = 0.0095, 0.797 seconds/batch
2026-04-20 03:13:37,951 - Epoch 14, Batch 500, lr = 0.00006, final_loss = 3.8785, nll_loss = 3.7916, ref_nll_loss = 3.9654, ivc_loss = 0.0919, neg_loss_1 = 0.0104, neg_loss_2 = 0.0093, ref_loss = 0.0244, div_loss = 0.0096, 0.797 seconds/batch
2026-04-20 03:14:17,967 - Epoch 14, Batch 550, lr = 0.00006, final_loss = 3.8964, nll_loss = 3.8090, ref_nll_loss = 3.9838, ivc_loss = 0.0934, neg_loss_1 = 0.0131, neg_loss_2 = 0.0089, ref_loss = 0.0250, div_loss = 0.0093, 0.797 seconds/batch
2026-04-20 03:14:57,846 - Epoch 14, Batch 600, lr = 0.00006, final_loss = 3.9037, nll_loss = 3.8139, ref_nll_loss = 3.9935, ivc_loss = 0.0909, neg_loss_1 = 0.0122, neg_loss_2 = 0.0093, ref_loss = 0.0218, div_loss = 0.0095, 0.797 seconds/batch
2026-04-20 03:15:37,421 - Epoch 14, Batch 650, lr = 0.00006, final_loss = 3.9050, nll_loss = 3.8132, ref_nll_loss = 3.9969, ivc_loss = 0.0890, neg_loss_1 = 0.0130, neg_loss_2 = 0.0082, ref_loss = 0.0214, div_loss = 0.0093, 0.797 seconds/batch
2026-04-20 03:16:17,289 - Epoch 14, Batch 700, lr = 0.00006, final_loss = 3.8524, nll_loss = 3.7591, ref_nll_loss = 3.9458, ivc_loss = 0.0901, neg_loss_1 = 0.0114, neg_loss_2 = 0.0088, ref_loss = 0.0212, div_loss = 0.0098, 0.797 seconds/batch
2026-04-20 03:16:56,890 - Epoch 14, Batch 750, lr = 0.00006, final_loss = 3.8698, nll_loss = 3.7814, ref_nll_loss = 3.9582, ivc_loss = 0.0940, neg_loss_1 = 0.0120, neg_loss_2 = 0.0101, ref_loss = 0.0239, div_loss = 0.0096, 0.797 seconds/batch
2026-04-20 03:17:36,627 - Epoch 14, Batch 800, lr = 0.00006, final_loss = 3.8759, nll_loss = 3.7893, ref_nll_loss = 3.9626, ivc_loss = 0.0902, neg_loss_1 = 0.0115, neg_loss_2 = 0.0092, ref_loss = 0.0234, div_loss = 0.0092, 0.797 seconds/batch
2026-04-20 03:18:16,095 - Epoch 14, Batch 850, lr = 0.00006, final_loss = 3.8849, nll_loss = 3.7965, ref_nll_loss = 3.9732, ivc_loss = 0.0920, neg_loss_1 = 0.0114, neg_loss_2 = 0.0094, ref_loss = 0.0242, div_loss = 0.0094, 0.796 seconds/batch
2026-04-20 03:18:55,972 - Epoch 14, Batch 900, lr = 0.00006, final_loss = 3.8792, nll_loss = 3.7886, ref_nll_loss = 3.9698, ivc_loss = 0.0921, neg_loss_1 = 0.0129, neg_loss_2 = 0.0092, ref_loss = 0.0240, div_loss = 0.0092, 0.796 seconds/batch
2026-04-20 03:19:35,721 - Epoch 14, Batch 950, lr = 0.00006, final_loss = 3.8874, nll_loss = 3.7971, ref_nll_loss = 3.9777, ivc_loss = 0.0858, neg_loss_1 = 0.0098, neg_loss_2 = 0.0083, ref_loss = 0.0216, div_loss = 0.0092, 0.796 seconds/batch
2026-04-20 03:20:15,752 - Epoch 14, Batch 1000, lr = 0.00006, final_loss = 3.8970, nll_loss = 3.8087, ref_nll_loss = 3.9853, ivc_loss = 0.0931, neg_loss_1 = 0.0108, neg_loss_2 = 0.0098, ref_loss = 0.0249, div_loss = 0.0095, 0.796 seconds/batch
2026-04-20 03:20:50,220 - Epoch 14, Batch 1050, lr = 0.00006, final_loss = 3.9198, nll_loss = 3.8291, ref_nll_loss = 4.0105, ivc_loss = 0.0890, neg_loss_1 = 0.0105, neg_loss_2 = 0.0082, ref_loss = 0.0233, div_loss = 0.0094, 0.791 seconds/batch
2026-04-20 03:21:22,605 - Epoch 14, Batch 1100, lr = 0.00006, final_loss = 3.9411, nll_loss = 3.8507, ref_nll_loss = 4.0315, ivc_loss = 0.0894, neg_loss_1 = 0.0111, neg_loss_2 = 0.0086, ref_loss = 0.0226, div_loss = 0.0094, 0.785 seconds/batch
2026-04-20 03:21:50,227 - Epoch 14, Batch 1150, lr = 0.00006, final_loss = 3.8944, nll_loss = 3.8012, ref_nll_loss = 3.9877, ivc_loss = 0.0891, neg_loss_1 = 0.0113, neg_loss_2 = 0.0090, ref_loss = 0.0211, div_loss = 0.0095, 0.775 seconds/batch
2026-04-20 03:21:59,247 - Epoch 14, Batch 1170, lr = 0.00006, final_loss = 3.9005, nll_loss = 3.8121, ref_nll_loss = 3.9889, ivc_loss = 0.0875, neg_loss_1 = 0.0120, neg_loss_2 = 0.0078, ref_loss = 0.0218, div_loss = 0.0092, 0.769 seconds/batch
2026-04-20 03:21:59,321 - save model to checkpoints/activitynet_moe/cpl_moe/model-14.pt, num_updates 16380.
2026-04-20 03:25:16,124 - | R@1,mIoU 0.3064 | R@1,IoU@0.1 0.6922 | R@1,IoU@0.3 0.5142 | R@1,IoU@0.5 0.2338 | R@1,IoU@0.7 0.0788 | R@1,IoU@0.9 0.0093 | R@5,mIoU 0.5297 | R@5,IoU@0.1 0.9201 | R@5,IoU@0.3 0.7853 | R@5,IoU@0.5 0.5443 | R@5,IoU@0.7 0.3251 | R@5,IoU@0.9 0.0726 |
2026-04-20 03:25:16,124 - ============================================================
2026-04-20 03:25:16,124 - Start Epoch 15
2026-04-20 03:25:56,124 - Epoch 15, Batch 50, lr = 0.00006, final_loss = 3.8631, nll_loss = 3.7731, ref_nll_loss = 3.9532, ivc_loss = 0.0909, neg_loss_1 = 0.0141, neg_loss_2 = 0.0082, ref_loss = 0.0220, div_loss = 0.0093, 0.800 seconds/batch
2026-04-20 03:26:35,940 - Epoch 15, Batch 100, lr = 0.00006, final_loss = 3.8688, nll_loss = 3.7786, ref_nll_loss = 3.9591, ivc_loss = 0.0902, neg_loss_1 = 0.0124, neg_loss_2 = 0.0096, ref_loss = 0.0212, div_loss = 0.0094, 0.798 seconds/batch
2026-04-20 03:27:15,961 - Epoch 15, Batch 150, lr = 0.00006, final_loss = 3.8515, nll_loss = 3.7581, ref_nll_loss = 3.9450, ivc_loss = 0.0912, neg_loss_1 = 0.0109, neg_loss_2 = 0.0104, ref_loss = 0.0222, div_loss = 0.0095, 0.799 seconds/batch
2026-04-20 03:27:55,870 - Epoch 15, Batch 200, lr = 0.00006, final_loss = 3.8453, nll_loss = 3.7533, ref_nll_loss = 3.9374, ivc_loss = 0.0904, neg_loss_1 = 0.0114, neg_loss_2 = 0.0082, ref_loss = 0.0225, div_loss = 0.0097, 0.799 seconds/batch
2026-04-20 03:28:36,074 - Epoch 15, Batch 250, lr = 0.00006, final_loss = 3.8695, nll_loss = 3.7797, ref_nll_loss = 3.9594, ivc_loss = 0.0954, neg_loss_1 = 0.0138, neg_loss_2 = 0.0112, ref_loss = 0.0230, div_loss = 0.0095, 0.800 seconds/batch
2026-04-20 03:29:15,930 - Epoch 15, Batch 300, lr = 0.00006, final_loss = 3.8809, nll_loss = 3.7897, ref_nll_loss = 3.9720, ivc_loss = 0.0941, neg_loss_1 = 0.0125, neg_loss_2 = 0.0109, ref_loss = 0.0218, div_loss = 0.0098, 0.799 seconds/batch
2026-04-20 03:29:55,940 - Epoch 15, Batch 350, lr = 0.00006, final_loss = 3.8528, nll_loss = 3.7623, ref_nll_loss = 3.9432, ivc_loss = 0.0915, neg_loss_1 = 0.0115, neg_loss_2 = 0.0090, ref_loss = 0.0228, div_loss = 0.0096, 0.799 seconds/batch
2026-04-20 03:30:35,738 - Epoch 15, Batch 400, lr = 0.00006, final_loss = 3.8703, nll_loss = 3.7766, ref_nll_loss = 3.9641, ivc_loss = 0.0897, neg_loss_1 = 0.0108, neg_loss_2 = 0.0099, ref_loss = 0.0214, div_loss = 0.0095, 0.799 seconds/batch
2026-04-20 03:31:15,591 - Epoch 15, Batch 450, lr = 0.00006, final_loss = 3.8853, nll_loss = 3.7915, ref_nll_loss = 3.9792, ivc_loss = 0.0860, neg_loss_1 = 0.0096, neg_loss_2 = 0.0087, ref_loss = 0.0207, div_loss = 0.0094, 0.799 seconds/batch
2026-04-20 03:31:55,586 - Epoch 15, Batch 500, lr = 0.00006, final_loss = 3.8893, nll_loss = 3.7999, ref_nll_loss = 3.9787, ivc_loss = 0.0955, neg_loss_1 = 0.0128, neg_loss_2 = 0.0105, ref_loss = 0.0250, div_loss = 0.0094, 0.799 seconds/batch
2026-04-20 03:32:35,256 - Epoch 15, Batch 550, lr = 0.00006, final_loss = 3.8784, nll_loss = 3.7884, ref_nll_loss = 3.9684, ivc_loss = 0.0916, neg_loss_1 = 0.0122, neg_loss_2 = 0.0082, ref_loss = 0.0235, div_loss = 0.0095, 0.798 seconds/batch
2026-04-20 03:33:15,396 - Epoch 15, Batch 600, lr = 0.00006, final_loss = 3.8949, nll_loss = 3.8072, ref_nll_loss = 3.9825, ivc_loss = 0.0910, neg_loss_1 = 0.0109, neg_loss_2 = 0.0103, ref_loss = 0.0238, div_loss = 0.0092, 0.799 seconds/batch
2026-04-20 03:33:55,309 - Epoch 15, Batch 650, lr = 0.00006, final_loss = 3.8689, nll_loss = 3.7771, ref_nll_loss = 3.9607, ivc_loss = 0.0888, neg_loss_1 = 0.0124, neg_loss_2 = 0.0093, ref_loss = 0.0214, div_loss = 0.0091, 0.799 seconds/batch
2026-04-20 03:34:35,373 - Epoch 15, Batch 700, lr = 0.00006, final_loss = 3.8816, nll_loss = 3.7889, ref_nll_loss = 3.9743, ivc_loss = 0.0894, neg_loss_1 = 0.0112, neg_loss_2 = 0.0093, ref_loss = 0.0226, div_loss = 0.0093, 0.799 seconds/batch
2026-04-20 03:35:15,154 - Epoch 15, Batch 750, lr = 0.00006, final_loss = 3.8705, nll_loss = 3.7799, ref_nll_loss = 3.9612, ivc_loss = 0.0913, neg_loss_1 = 0.0116, neg_loss_2 = 0.0098, ref_loss = 0.0212, div_loss = 0.0098, 0.799 seconds/batch
2026-04-20 03:35:54,559 - Epoch 15, Batch 800, lr = 0.00006, final_loss = 3.8764, nll_loss = 3.7823, ref_nll_loss = 3.9705, ivc_loss = 0.0899, neg_loss_1 = 0.0138, neg_loss_2 = 0.0082, ref_loss = 0.0207, div_loss = 0.0094, 0.798 seconds/batch
2026-04-20 03:36:34,581 - Epoch 15, Batch 850, lr = 0.00006, final_loss = 3.8671, nll_loss = 3.7774, ref_nll_loss = 3.9568, ivc_loss = 0.0933, neg_loss_1 = 0.0107, neg_loss_2 = 0.0124, ref_loss = 0.0229, div_loss = 0.0094, 0.798 seconds/batch
2026-04-20 03:37:14,257 - Epoch 15, Batch 900, lr = 0.00006, final_loss = 3.8552, nll_loss = 3.7651, ref_nll_loss = 3.9452, ivc_loss = 0.0892, neg_loss_1 = 0.0128, neg_loss_2 = 0.0083, ref_loss = 0.0220, div_loss = 0.0092, 0.798 seconds/batch
2026-04-20 03:37:53,940 - Epoch 15, Batch 950, lr = 0.00006, final_loss = 3.8869, nll_loss = 3.8011, ref_nll_loss = 3.9727, ivc_loss = 0.0970, neg_loss_1 = 0.0143, neg_loss_2 = 0.0105, ref_loss = 0.0255, div_loss = 0.0093, 0.798 seconds/batch
2026-04-20 03:38:33,699 - Epoch 15, Batch 1000, lr = 0.00006, final_loss = 3.8808, nll_loss = 3.7894, ref_nll_loss = 3.9721, ivc_loss = 0.0902, neg_loss_1 = 0.0111, neg_loss_2 = 0.0098, ref_loss = 0.0223, div_loss = 0.0094, 0.798 seconds/batch
2026-04-20 03:39:07,586 - Epoch 15, Batch 1050, lr = 0.00006, final_loss = 3.9050, nll_loss = 3.8182, ref_nll_loss = 3.9918, ivc_loss = 0.0945, neg_loss_1 = 0.0124, neg_loss_2 = 0.0094, ref_loss = 0.0260, div_loss = 0.0093, 0.792 seconds/batch
2026-04-20 03:39:38,791 - Epoch 15, Batch 1100, lr = 0.00006, final_loss = 3.8389, nll_loss = 3.7504, ref_nll_loss = 3.9274, ivc_loss = 0.0960, neg_loss_1 = 0.0141, neg_loss_2 = 0.0103, ref_loss = 0.0243, div_loss = 0.0095, 0.784 seconds/batch
2026-04-20 03:40:05,884 - Epoch 15, Batch 1150, lr = 0.00006, final_loss = 3.9018, nll_loss = 3.8092, ref_nll_loss = 3.9944, ivc_loss = 0.0903, neg_loss_1 = 0.0119, neg_loss_2 = 0.0082, ref_loss = 0.0209, div_loss = 0.0099, 0.774 seconds/batch
2026-04-20 03:40:14,313 - Epoch 15, Batch 1170, lr = 0.00006, final_loss = 3.8257, nll_loss = 3.7300, ref_nll_loss = 3.9214, ivc_loss = 0.0964, neg_loss_1 = 0.0130, neg_loss_2 = 0.0142, ref_loss = 0.0225, div_loss = 0.0093, 0.768 seconds/batch
2026-04-20 03:40:14,385 - save model to checkpoints/activitynet_moe/cpl_moe/model-15.pt, num_updates 17550.
2026-04-20 03:43:33,378 - | R@1,mIoU 0.3052 | R@1,IoU@0.1 0.7108 | R@1,IoU@0.3 0.5129 | R@1,IoU@0.5 0.2215 | R@1,IoU@0.7 0.0700 | R@1,IoU@0.9 0.0069 | R@5,mIoU 0.5260 | R@5,IoU@0.1 0.9191 | R@5,IoU@0.3 0.7837 | R@5,IoU@0.5 0.5402 | R@5,IoU@0.7 0.3147 | R@5,IoU@0.9 0.0709 |
2026-04-20 03:43:33,378 - ============================================================
2026-04-20 03:43:33,378 - Start Epoch 16
2026-04-20 03:44:13,445 - Epoch 16, Batch 50, lr = 0.00006, final_loss = 3.8726, nll_loss = 3.7842, ref_nll_loss = 3.9611, ivc_loss = 0.0943, neg_loss_1 = 0.0130, neg_loss_2 = 0.0117, ref_loss = 0.0238, div_loss = 0.0092, 0.801 seconds/batch
2026-04-20 03:44:53,769 - Epoch 16, Batch 100, lr = 0.00006, final_loss = 3.8546, nll_loss = 3.7609, ref_nll_loss = 3.9484, ivc_loss = 0.0886, neg_loss_1 = 0.0138, neg_loss_2 = 0.0086, ref_loss = 0.0206, div_loss = 0.0091, 0.804 seconds/batch
2026-04-20 03:45:33,855 - Epoch 16, Batch 150, lr = 0.00006, final_loss = 3.8566, nll_loss = 3.7636, ref_nll_loss = 3.9497, ivc_loss = 0.0925, neg_loss_1 = 0.0131, neg_loss_2 = 0.0110, ref_loss = 0.0209, div_loss = 0.0095, 0.803 seconds/batch
2026-04-20 03:46:14,041 - Epoch 16, Batch 200, lr = 0.00006, final_loss = 3.8321, nll_loss = 3.7424, ref_nll_loss = 3.9217, ivc_loss = 0.0963, neg_loss_1 = 0.0142, neg_loss_2 = 0.0093, ref_loss = 0.0241, div_loss = 0.0097, 0.803 seconds/batch
2026-04-20 03:46:54,072 - Epoch 16, Batch 250, lr = 0.00006, final_loss = 3.8781, nll_loss = 3.7861, ref_nll_loss = 3.9702, ivc_loss = 0.0910, neg_loss_1 = 0.0105, neg_loss_2 = 0.0073, ref_loss = 0.0244, div_loss = 0.0098, 0.803 seconds/batch
2026-04-20 03:47:33,784 - Epoch 16, Batch 300, lr = 0.00006, final_loss = 3.8943, nll_loss = 3.7980, ref_nll_loss = 3.9907, ivc_loss = 0.0936, neg_loss_1 = 0.0111, neg_loss_2 = 0.0096, ref_loss = 0.0217, div_loss = 0.0102, 0.801 seconds/batch
2026-04-20 03:48:13,378 - Epoch 16, Batch 350, lr = 0.00006, final_loss = 3.8416, nll_loss = 3.7517, ref_nll_loss = 3.9314, ivc_loss = 0.0967, neg_loss_1 = 0.0134, neg_loss_2 = 0.0113, ref_loss = 0.0232, div_loss = 0.0098, 0.800 seconds/batch
2026-04-20 03:48:53,203 - Epoch 16, Batch 400, lr = 0.00006, final_loss = 3.8313, nll_loss = 3.7368, ref_nll_loss = 3.9259, ivc_loss = 0.0926, neg_loss_1 = 0.0107, neg_loss_2 = 0.0109, ref_loss = 0.0235, div_loss = 0.0095, 0.800 seconds/batch
2026-04-20 03:49:32,812 - Epoch 16, Batch 450, lr = 0.00006, final_loss = 3.8617, nll_loss = 3.7713, ref_nll_loss = 3.9522, ivc_loss = 0.0907, neg_loss_1 = 0.0119, neg_loss_2 = 0.0080, ref_loss = 0.0229, div_loss = 0.0096, 0.799 seconds/batch
2026-04-20 03:50:12,398 - Epoch 16, Batch 500, lr = 0.00006, final_loss = 3.8354, nll_loss = 3.7406, ref_nll_loss = 3.9301, ivc_loss = 0.0915, neg_loss_1 = 0.0109, neg_loss_2 = 0.0077, ref_loss = 0.0221, div_loss = 0.0102, 0.798 seconds/batch
2026-04-20 03:50:52,333 - Epoch 16, Batch 550, lr = 0.00006, final_loss = 3.8716, nll_loss = 3.7752, ref_nll_loss = 3.9681, ivc_loss = 0.0909, neg_loss_1 = 0.0123, neg_loss_2 = 0.0103, ref_loss = 0.0195, div_loss = 0.0098, 0.798 seconds/batch
2026-04-20 03:51:32,570 - Epoch 16, Batch 600, lr = 0.00006, final_loss = 3.8602, nll_loss = 3.7668, ref_nll_loss = 3.9535, ivc_loss = 0.0935, neg_loss_1 = 0.0137, neg_loss_2 = 0.0084, ref_loss = 0.0217, div_loss = 0.0100, 0.799 seconds/batch
2026-04-20 03:52:12,375 - Epoch 16, Batch 650, lr = 0.00006, final_loss = 3.8922, nll_loss = 3.8009, ref_nll_loss = 3.9834, ivc_loss = 0.0910, neg_loss_1 = 0.0106, neg_loss_2 = 0.0081, ref_loss = 0.0228, div_loss = 0.0099, 0.798 seconds/batch
2026-04-20 03:52:52,156 - Epoch 16, Batch 700, lr = 0.00006, final_loss = 3.8389, nll_loss = 3.7446, ref_nll_loss = 3.9332, ivc_loss = 0.0908, neg_loss_1 = 0.0112, neg_loss_2 = 0.0113, ref_loss = 0.0199, div_loss = 0.0097, 0.798 seconds/batch
2026-04-20 03:53:31,940 - Epoch 16, Batch 750, lr = 0.00006, final_loss = 3.8302, nll_loss = 3.7364, ref_nll_loss = 3.9241, ivc_loss = 0.0913, neg_loss_1 = 0.0129, neg_loss_2 = 0.0091, ref_loss = 0.0205, div_loss = 0.0098, 0.798 seconds/batch
2026-04-20 03:54:11,668 - Epoch 16, Batch 800, lr = 0.00006, final_loss = 3.8615, nll_loss = 3.7678, ref_nll_loss = 3.9552, ivc_loss = 0.0902, neg_loss_1 = 0.0125, neg_loss_2 = 0.0082, ref_loss = 0.0229, div_loss = 0.0093, 0.798 seconds/batch
2026-04-20 03:54:51,470 - Epoch 16, Batch 850, lr = 0.00006, final_loss = 3.8446, nll_loss = 3.7543, ref_nll_loss = 3.9349, ivc_loss = 0.0930, neg_loss_1 = 0.0123, neg_loss_2 = 0.0093, ref_loss = 0.0238, div_loss = 0.0095, 0.798 seconds/batch
2026-04-20 03:55:31,649 - Epoch 16, Batch 900, lr = 0.00006, final_loss = 3.8556, nll_loss = 3.7611, ref_nll_loss = 3.9501, ivc_loss = 0.0939, neg_loss_1 = 0.0134, neg_loss_2 = 0.0099, ref_loss = 0.0214, div_loss = 0.0098, 0.798 seconds/batch
2026-04-20 03:56:11,425 - Epoch 16, Batch 950, lr = 0.00006, final_loss = 3.8734, nll_loss = 3.7821, ref_nll_loss = 3.9648, ivc_loss = 0.0955, neg_loss_1 = 0.0130, neg_loss_2 = 0.0104, ref_loss = 0.0228, div_loss = 0.0099, 0.798 seconds/batch
2026-04-20 03:56:50,631 - Epoch 16, Batch 1000, lr = 0.00006, final_loss = 3.8811, nll_loss = 3.7897, ref_nll_loss = 3.9725, ivc_loss = 0.0913, neg_loss_1 = 0.0117, neg_loss_2 = 0.0081, ref_loss = 0.0225, div_loss = 0.0098, 0.797 seconds/batch
2026-04-20 03:57:24,754 - Epoch 16, Batch 1050, lr = 0.00006, final_loss = 3.8637, nll_loss = 3.7704, ref_nll_loss = 3.9570, ivc_loss = 0.0898, neg_loss_1 = 0.0111, neg_loss_2 = 0.0083, ref_loss = 0.0221, div_loss = 0.0097, 0.792 seconds/batch
2026-04-20 03:57:55,424 - Epoch 16, Batch 1100, lr = 0.00006, final_loss = 3.8455, nll_loss = 3.7542, ref_nll_loss = 3.9369, ivc_loss = 0.0921, neg_loss_1 = 0.0138, neg_loss_2 = 0.0088, ref_loss = 0.0224, div_loss = 0.0094, 0.784 seconds/batch
2026-04-20 03:58:21,995 - Epoch 16, Batch 1150, lr = 0.00006, final_loss = 3.8518, nll_loss = 3.7552, ref_nll_loss = 3.9483, ivc_loss = 0.0888, neg_loss_1 = 0.0116, neg_loss_2 = 0.0075, ref_loss = 0.0201, div_loss = 0.0099, 0.773 seconds/batch
2026-04-20 03:58:30,644 - Epoch 16, Batch 1170, lr = 0.00006, final_loss = 3.8227, nll_loss = 3.7295, ref_nll_loss = 3.9158, ivc_loss = 0.0973, neg_loss_1 = 0.0115, neg_loss_2 = 0.0128, ref_loss = 0.0234, div_loss = 0.0099, 0.767 seconds/batch
2026-04-20 03:58:30,776 - save model to checkpoints/activitynet_moe/cpl_moe/model-16.pt, num_updates 18720.
2026-04-20 04:01:51,349 - | R@1,mIoU 0.3163 | R@1,IoU@0.1 0.7077 | R@1,IoU@0.3 0.5256 | R@1,IoU@0.5 0.2453 | R@1,IoU@0.7 0.0878 | R@1,IoU@0.9 0.0118 | R@5,mIoU 0.5304 | R@5,IoU@0.1 0.9214 | R@5,IoU@0.3 0.7860 | R@5,IoU@0.5 0.5439 | R@5,IoU@0.7 0.3237 | R@5,IoU@0.9 0.0756 |
2026-04-20 04:01:51,350 - ============================================================
2026-04-20 04:01:51,350 - Start Epoch 17
2026-04-20 04:02:31,455 - Epoch 17, Batch 50, lr = 0.00006, final_loss = 3.8307, nll_loss = 3.7356, ref_nll_loss = 3.9258, ivc_loss = 0.0899, neg_loss_1 = 0.0128, neg_loss_2 = 0.0095, ref_loss = 0.0191, div_loss = 0.0097, 0.802 seconds/batch
2026-04-20 04:03:11,397 - Epoch 17, Batch 100, lr = 0.00006, final_loss = 3.8649, nll_loss = 3.7689, ref_nll_loss = 3.9609, ivc_loss = 0.0889, neg_loss_1 = 0.0124, neg_loss_2 = 0.0081, ref_loss = 0.0198, div_loss = 0.0097, 0.800 seconds/batch
2026-04-20 04:03:51,139 - Epoch 17, Batch 150, lr = 0.00006, final_loss = 3.8127, nll_loss = 3.7215, ref_nll_loss = 3.9039, ivc_loss = 0.0936, neg_loss_1 = 0.0117, neg_loss_2 = 0.0084, ref_loss = 0.0248, div_loss = 0.0097, 0.799 seconds/batch
2026-04-20 04:04:31,047 - Epoch 17, Batch 200, lr = 0.00006, final_loss = 3.8527, nll_loss = 3.7588, ref_nll_loss = 3.9467, ivc_loss = 0.0899, neg_loss_1 = 0.0128, neg_loss_2 = 0.0078, ref_loss = 0.0211, div_loss = 0.0096, 0.798 seconds/batch
2026-04-20 04:05:10,604 - Epoch 17, Batch 250, lr = 0.00006, final_loss = 3.8237, nll_loss = 3.7317, ref_nll_loss = 3.9157, ivc_loss = 0.0921, neg_loss_1 = 0.0139, neg_loss_2 = 0.0081, ref_loss = 0.0219, div_loss = 0.0096, 0.797 seconds/batch
2026-04-20 04:05:50,352 - Epoch 17, Batch 300, lr = 0.00006, final_loss = 3.8547, nll_loss = 3.7637, ref_nll_loss = 3.9457, ivc_loss = 0.0968, neg_loss_1 = 0.0143, neg_loss_2 = 0.0076, ref_loss = 0.0254, div_loss = 0.0099, 0.797 seconds/batch
2026-04-20 04:06:30,144 - Epoch 17, Batch 350, lr = 0.00006, final_loss = 3.8509, nll_loss = 3.7570, ref_nll_loss = 3.9447, ivc_loss = 0.0932, neg_loss_1 = 0.0136, neg_loss_2 = 0.0084, ref_loss = 0.0214, div_loss = 0.0100, 0.797 seconds/batch
2026-04-20 04:07:09,996 - Epoch 17, Batch 400, lr = 0.00006, final_loss = 3.8674, nll_loss = 3.7697, ref_nll_loss = 3.9650, ivc_loss = 0.0896, neg_loss_1 = 0.0115, neg_loss_2 = 0.0086, ref_loss = 0.0203, div_loss = 0.0098, 0.797 seconds/batch
2026-04-20 04:07:49,919 - Epoch 17, Batch 450, lr = 0.00006, final_loss = 3.8279, nll_loss = 3.7365, ref_nll_loss = 3.9193, ivc_loss = 0.0925, neg_loss_1 = 0.0128, neg_loss_2 = 0.0075, ref_loss = 0.0231, div_loss = 0.0098, 0.797 seconds/batch
2026-04-20 04:08:29,640 - Epoch 17, Batch 500, lr = 0.00006, final_loss = 3.8238, nll_loss = 3.7275, ref_nll_loss = 3.9201, ivc_loss = 0.0930, neg_loss_1 = 0.0142, neg_loss_2 = 0.0089, ref_loss = 0.0194, div_loss = 0.0101, 0.797 seconds/batch
2026-04-20 04:09:09,413 - Epoch 17, Batch 550, lr = 0.00006, final_loss = 3.8635, nll_loss = 3.7702, ref_nll_loss = 3.9568, ivc_loss = 0.0910, neg_loss_1 = 0.0118, neg_loss_2 = 0.0071, ref_loss = 0.0225, div_loss = 0.0099, 0.796 seconds/batch
2026-04-20 04:09:49,058 - Epoch 17, Batch 600, lr = 0.00006, final_loss = 3.8355, nll_loss = 3.7400, ref_nll_loss = 3.9311, ivc_loss = 0.0926, neg_loss_1 = 0.0129, neg_loss_2 = 0.0073, ref_loss = 0.0217, div_loss = 0.0102, 0.796 seconds/batch
2026-04-20 04:10:28,969 - Epoch 17, Batch 650, lr = 0.00006, final_loss = 3.7975, nll_loss = 3.7061, ref_nll_loss = 3.8890, ivc_loss = 0.0963, neg_loss_1 = 0.0130, neg_loss_2 = 0.0092, ref_loss = 0.0243, div_loss = 0.0100, 0.796 seconds/batch
2026-04-20 04:11:08,699 - Epoch 17, Batch 700, lr = 0.00006, final_loss = 3.8248, nll_loss = 3.7276, ref_nll_loss = 3.9221, ivc_loss = 0.0889, neg_loss_1 = 0.0103, neg_loss_2 = 0.0098, ref_loss = 0.0195, div_loss = 0.0099, 0.796 seconds/batch
2026-04-20 04:11:48,268 - Epoch 17, Batch 750, lr = 0.00006, final_loss = 3.8257, nll_loss = 3.7298, ref_nll_loss = 3.9215, ivc_loss = 0.0894, neg_loss_1 = 0.0123, neg_loss_2 = 0.0090, ref_loss = 0.0199, div_loss = 0.0096, 0.796 seconds/batch
2026-04-20 04:12:28,109 - Epoch 17, Batch 800, lr = 0.00006, final_loss = 3.8368, nll_loss = 3.7442, ref_nll_loss = 3.9294, ivc_loss = 0.0936, neg_loss_1 = 0.0127, neg_loss_2 = 0.0089, ref_loss = 0.0222, div_loss = 0.0100, 0.796 seconds/batch
2026-04-20 04:13:07,706 - Epoch 17, Batch 850, lr = 0.00006, final_loss = 3.8527, nll_loss = 3.7572, ref_nll_loss = 3.9482, ivc_loss = 0.0918, neg_loss_1 = 0.0125, neg_loss_2 = 0.0079, ref_loss = 0.0212, div_loss = 0.0100, 0.796 seconds/batch
2026-04-20 04:13:47,422 - Epoch 17, Batch 900, lr = 0.00006, final_loss = 3.8695, nll_loss = 3.7704, ref_nll_loss = 3.9685, ivc_loss = 0.0927, neg_loss_1 = 0.0111, neg_loss_2 = 0.0086, ref_loss = 0.0209, div_loss = 0.0104, 0.796 seconds/batch
2026-04-20 04:14:27,138 - Epoch 17, Batch 950, lr = 0.00006, final_loss = 3.8585, nll_loss = 3.7605, ref_nll_loss = 3.9566, ivc_loss = 0.0917, neg_loss_1 = 0.0129, neg_loss_2 = 0.0102, ref_loss = 0.0197, div_loss = 0.0098, 0.796 seconds/batch
2026-04-20 04:15:05,781 - Epoch 17, Batch 1000, lr = 0.00006, final_loss = 3.8665, nll_loss = 3.7720, ref_nll_loss = 3.9611, ivc_loss = 0.0909, neg_loss_1 = 0.0124, neg_loss_2 = 0.0083, ref_loss = 0.0220, div_loss = 0.0096, 0.794 seconds/batch
2026-04-20 04:15:39,446 - Epoch 17, Batch 1050, lr = 0.00006, final_loss = 3.8021, nll_loss = 3.7080, ref_nll_loss = 3.8962, ivc_loss = 0.0932, neg_loss_1 = 0.0133, neg_loss_2 = 0.0092, ref_loss = 0.0218, div_loss = 0.0098, 0.789 seconds/batch
2026-04-20 04:16:09,696 - Epoch 17, Batch 1100, lr = 0.00006, final_loss = 3.8289, nll_loss = 3.7355, ref_nll_loss = 3.9223, ivc_loss = 0.0917, neg_loss_1 = 0.0118, neg_loss_2 = 0.0088, ref_loss = 0.0220, div_loss = 0.0098, 0.780 seconds/batch
2026-04-20 04:16:36,189 - Epoch 17, Batch 1150, lr = 0.00006, final_loss = 3.8550, nll_loss = 3.7609, ref_nll_loss = 3.9491, ivc_loss = 0.0914, neg_loss_1 = 0.0123, neg_loss_2 = 0.0081, ref_loss = 0.0216, div_loss = 0.0099, 0.769 seconds/batch
2026-04-20 04:16:44,826 - Epoch 17, Batch 1170, lr = 0.00006, final_loss = 3.8388, nll_loss = 3.7400, ref_nll_loss = 3.9376, ivc_loss = 0.0888, neg_loss_1 = 0.0123, neg_loss_2 = 0.0076, ref_loss = 0.0185, div_loss = 0.0101, 0.764 seconds/batch
2026-04-20 04:16:44,901 - save model to checkpoints/activitynet_moe/cpl_moe/model-17.pt, num_updates 19890.
2026-04-20 04:20:06,989 - | R@1,mIoU 0.2716 | R@1,IoU@0.1 0.6359 | R@1,IoU@0.3 0.4329 | R@1,IoU@0.5 0.2082 | R@1,IoU@0.7 0.0670 | R@1,IoU@0.9 0.0051 | R@5,mIoU 0.5267 | R@5,IoU@0.1 0.9177 | R@5,IoU@0.3 0.7793 | R@5,IoU@0.5 0.5387 | R@5,IoU@0.7 0.3218 | R@5,IoU@0.9 0.0748 |
2026-04-20 04:20:06,989 - ============================================================
2026-04-20 04:20:06,990 - Start Epoch 18
2026-04-20 04:20:46,860 - Epoch 18, Batch 50, lr = 0.00006, final_loss = 3.8238, nll_loss = 3.7305, ref_nll_loss = 3.9171, ivc_loss = 0.0923, neg_loss_1 = 0.0119, neg_loss_2 = 0.0082, ref_loss = 0.0213, div_loss = 0.0102, 0.797 seconds/batch
2026-04-20 04:21:26,505 - Epoch 18, Batch 100, lr = 0.00006, final_loss = 3.8273, nll_loss = 3.7359, ref_nll_loss = 3.9187, ivc_loss = 0.0939, neg_loss_1 = 0.0111, neg_loss_2 = 0.0089, ref_loss = 0.0224, div_loss = 0.0103, 0.795 seconds/batch
2026-04-20 04:22:06,495 - Epoch 18, Batch 150, lr = 0.00006, final_loss = 3.8044, nll_loss = 3.7087, ref_nll_loss = 3.9000, ivc_loss = 0.0938, neg_loss_1 = 0.0148, neg_loss_2 = 0.0085, ref_loss = 0.0206, div_loss = 0.0100, 0.797 seconds/batch
2026-04-20 04:22:46,349 - Epoch 18, Batch 200, lr = 0.00006, final_loss = 3.8128, nll_loss = 3.7163, ref_nll_loss = 3.9094, ivc_loss = 0.0945, neg_loss_1 = 0.0132, neg_loss_2 = 0.0106, ref_loss = 0.0218, div_loss = 0.0098, 0.797 seconds/batch
2026-04-20 04:23:26,371 - Epoch 18, Batch 250, lr = 0.00006, final_loss = 3.8246, nll_loss = 3.7276, ref_nll_loss = 3.9217, ivc_loss = 0.0922, neg_loss_1 = 0.0143, neg_loss_2 = 0.0079, ref_loss = 0.0208, div_loss = 0.0098, 0.798 seconds/batch
2026-04-20 04:24:06,439 - Epoch 18, Batch 300, lr = 0.00006, final_loss = 3.8169, nll_loss = 3.7251, ref_nll_loss = 3.9087, ivc_loss = 0.1043, neg_loss_1 = 0.0134, neg_loss_2 = 0.0088, ref_loss = 0.0226, div_loss = 0.0119, 0.798 seconds/batch
2026-04-20 04:24:46,391 - Epoch 18, Batch 350, lr = 0.00006, final_loss = 3.8320, nll_loss = 3.7387, ref_nll_loss = 3.9254, ivc_loss = 0.1003, neg_loss_1 = 0.0151, neg_loss_2 = 0.0096, ref_loss = 0.0241, div_loss = 0.0103, 0.798 seconds/batch
2026-04-20 04:25:26,499 - Epoch 18, Batch 400, lr = 0.00006, final_loss = 3.8086, nll_loss = 3.7175, ref_nll_loss = 3.8996, ivc_loss = 0.0971, neg_loss_1 = 0.0146, neg_loss_2 = 0.0080, ref_loss = 0.0246, div_loss = 0.0100, 0.799 seconds/batch
2026-04-20 04:26:06,067 - Epoch 18, Batch 450, lr = 0.00006, final_loss = 3.8417, nll_loss = 3.7448, ref_nll_loss = 3.9386, ivc_loss = 0.1001, neg_loss_1 = 0.0126, neg_loss_2 = 0.0100, ref_loss = 0.0245, div_loss = 0.0106, 0.798 seconds/batch
2026-04-20 04:26:46,049 - Epoch 18, Batch 500, lr = 0.00006, final_loss = 3.8251, nll_loss = 3.7297, ref_nll_loss = 3.9206, ivc_loss = 0.0984, neg_loss_1 = 0.0156, neg_loss_2 = 0.0090, ref_loss = 0.0225, div_loss = 0.0103, 0.798 seconds/batch
2026-04-20 04:27:25,778 - Epoch 18, Batch 550, lr = 0.00006, final_loss = 3.8147, nll_loss = 3.7142, ref_nll_loss = 3.9153, ivc_loss = 0.0922, neg_loss_1 = 0.0115, neg_loss_2 = 0.0080, ref_loss = 0.0197, div_loss = 0.0106, 0.798 seconds/batch
2026-04-20 04:28:05,435 - Epoch 18, Batch 600, lr = 0.00006, final_loss = 3.8234, nll_loss = 3.7278, ref_nll_loss = 3.9189, ivc_loss = 0.0988, neg_loss_1 = 0.0136, neg_loss_2 = 0.0098, ref_loss = 0.0229, div_loss = 0.0105, 0.797 seconds/batch
2026-04-20 04:28:45,585 - Epoch 18, Batch 650, lr = 0.00006, final_loss = 3.8289, nll_loss = 3.7350, ref_nll_loss = 3.9228, ivc_loss = 0.0944, neg_loss_1 = 0.0137, neg_loss_2 = 0.0077, ref_loss = 0.0227, div_loss = 0.0101, 0.798 seconds/batch
2026-04-20 04:29:25,579 - Epoch 18, Batch 700, lr = 0.00006, final_loss = 3.8249, nll_loss = 3.7284, ref_nll_loss = 3.9215, ivc_loss = 0.0931, neg_loss_1 = 0.0124, neg_loss_2 = 0.0078, ref_loss = 0.0210, div_loss = 0.0104, 0.798 seconds/batch
2026-04-20 04:30:05,516 - Epoch 18, Batch 750, lr = 0.00006, final_loss = 3.8465, nll_loss = 3.7538, ref_nll_loss = 3.9392, ivc_loss = 0.0962, neg_loss_1 = 0.0151, neg_loss_2 = 0.0089, ref_loss = 0.0208, div_loss = 0.0103, 0.798 seconds/batch
2026-04-20 04:30:45,316 - Epoch 18, Batch 800, lr = 0.00006, final_loss = 3.8487, nll_loss = 3.7544, ref_nll_loss = 3.9430, ivc_loss = 0.0947, neg_loss_1 = 0.0126, neg_loss_2 = 0.0083, ref_loss = 0.0227, div_loss = 0.0102, 0.798 seconds/batch
2026-04-20 04:31:25,054 - Epoch 18, Batch 850, lr = 0.00006, final_loss = 3.8348, nll_loss = 3.7422, ref_nll_loss = 3.9274, ivc_loss = 0.0953, neg_loss_1 = 0.0131, neg_loss_2 = 0.0096, ref_loss = 0.0214, div_loss = 0.0103, 0.798 seconds/batch
2026-04-20 04:32:05,203 - Epoch 18, Batch 900, lr = 0.00006, final_loss = 3.8581, nll_loss = 3.7636, ref_nll_loss = 3.9525, ivc_loss = 0.0918, neg_loss_1 = 0.0093, neg_loss_2 = 0.0109, ref_loss = 0.0217, div_loss = 0.0100, 0.798 seconds/batch
2026-04-20 04:32:44,924 - Epoch 18, Batch 950, lr = 0.00006, final_loss = 3.8044, nll_loss = 3.7068, ref_nll_loss = 3.9019, ivc_loss = 0.0935, neg_loss_1 = 0.0141, neg_loss_2 = 0.0095, ref_loss = 0.0193, div_loss = 0.0101, 0.798 seconds/batch
2026-04-20 04:33:22,501 - Epoch 18, Batch 1000, lr = 0.00006, final_loss = 3.8434, nll_loss = 3.7474, ref_nll_loss = 3.9393, ivc_loss = 0.0947, neg_loss_1 = 0.0130, neg_loss_2 = 0.0075, ref_loss = 0.0213, div_loss = 0.0106, 0.796 seconds/batch
2026-04-20 04:33:56,703 - Epoch 18, Batch 1050, lr = 0.00006, final_loss = 3.8023, nll_loss = 3.7060, ref_nll_loss = 3.8987, ivc_loss = 0.0919, neg_loss_1 = 0.0136, neg_loss_2 = 0.0074, ref_loss = 0.0203, div_loss = 0.0101, 0.790 seconds/batch
2026-04-20 04:34:26,625 - Epoch 18, Batch 1100, lr = 0.00006, final_loss = 3.8286, nll_loss = 3.7345, ref_nll_loss = 3.9227, ivc_loss = 0.0964, neg_loss_1 = 0.0130, neg_loss_2 = 0.0101, ref_loss = 0.0216, div_loss = 0.0103, 0.781 seconds/batch
2026-04-20 04:34:52,434 - Epoch 18, Batch 1150, lr = 0.00006, final_loss = 3.8507, nll_loss = 3.7563, ref_nll_loss = 3.9450, ivc_loss = 0.0949, neg_loss_1 = 0.0128, neg_loss_2 = 0.0099, ref_loss = 0.0212, div_loss = 0.0102, 0.770 seconds/batch
2026-04-20 04:35:01,167 - Epoch 18, Batch 1170, lr = 0.00006, final_loss = 3.8333, nll_loss = 3.7377, ref_nll_loss = 3.9290, ivc_loss = 0.0931, neg_loss_1 = 0.0130, neg_loss_2 = 0.0078, ref_loss = 0.0210, div_loss = 0.0103, 0.764 seconds/batch
2026-04-20 04:35:01,243 - save model to checkpoints/activitynet_moe/cpl_moe/model-18.pt, num_updates 21060.
2026-04-20 04:38:24,563 - | R@1,mIoU 0.3166 | R@1,IoU@0.1 0.7087 | R@1,IoU@0.3 0.5346 | R@1,IoU@0.5 0.2463 | R@1,IoU@0.7 0.0811 | R@1,IoU@0.9 0.0086 | R@5,mIoU 0.5259 | R@5,IoU@0.1 0.9193 | R@5,IoU@0.3 0.7802 | R@5,IoU@0.5 0.5378 | R@5,IoU@0.7 0.3168 | R@5,IoU@0.9 0.0750 |
2026-04-20 04:38:24,563 - ============================================================
2026-04-20 04:38:24,564 - Start Epoch 19
2026-04-20 04:39:04,565 - Epoch 19, Batch 50, lr = 0.00006, final_loss = 3.8138, nll_loss = 3.7171, ref_nll_loss = 3.9104, ivc_loss = 0.0944, neg_loss_1 = 0.0125, neg_loss_2 = 0.0079, ref_loss = 0.0214, div_loss = 0.0105, 0.800 seconds/batch
2026-04-20 04:39:44,525 - Epoch 19, Batch 100, lr = 0.00005, final_loss = 3.8060, nll_loss = 3.7093, ref_nll_loss = 3.9026, ivc_loss = 0.0936, neg_loss_1 = 0.0112, neg_loss_2 = 0.0077, ref_loss = 0.0215, div_loss = 0.0107, 0.800 seconds/batch
2026-04-20 04:40:24,125 - Epoch 19, Batch 150, lr = 0.00005, final_loss = 3.8162, nll_loss = 3.7242, ref_nll_loss = 3.9082, ivc_loss = 0.0976, neg_loss_1 = 0.0101, neg_loss_2 = 0.0093, ref_loss = 0.0225, div_loss = 0.0111, 0.797 seconds/batch
2026-04-20 04:41:03,771 - Epoch 19, Batch 200, lr = 0.00005, final_loss = 3.7919, nll_loss = 3.6965, ref_nll_loss = 3.8874, ivc_loss = 0.0955, neg_loss_1 = 0.0110, neg_loss_2 = 0.0075, ref_loss = 0.0218, div_loss = 0.0110, 0.796 seconds/batch
2026-04-20 04:41:43,397 - Epoch 19, Batch 250, lr = 0.00005, final_loss = 3.7977, nll_loss = 3.7046, ref_nll_loss = 3.8909, ivc_loss = 0.0926, neg_loss_1 = 0.0093, neg_loss_2 = 0.0085, ref_loss = 0.0235, div_loss = 0.0103, 0.795 seconds/batch
2026-04-20 04:42:23,232 - Epoch 19, Batch 300, lr = 0.00005, final_loss = 3.7987, nll_loss = 3.7018, ref_nll_loss = 3.8955, ivc_loss = 0.0958, neg_loss_1 = 0.0124, neg_loss_2 = 0.0107, ref_loss = 0.0230, div_loss = 0.0099, 0.796 seconds/batch
2026-04-20 04:43:03,326 - Epoch 19, Batch 350, lr = 0.00005, final_loss = 3.7961, nll_loss = 3.7019, ref_nll_loss = 3.8904, ivc_loss = 0.0954, neg_loss_1 = 0.0144, neg_loss_2 = 0.0079, ref_loss = 0.0220, div_loss = 0.0102, 0.796 seconds/batch
2026-04-20 04:43:42,986 - Epoch 19, Batch 400, lr = 0.00005, final_loss = 3.8421, nll_loss = 3.7458, ref_nll_loss = 3.9384, ivc_loss = 0.0926, neg_loss_1 = 0.0128, neg_loss_2 = 0.0077, ref_loss = 0.0204, div_loss = 0.0103, 0.796 seconds/batch
2026-04-20 04:44:22,615 - Epoch 19, Batch 450, lr = 0.00005, final_loss = 3.7985, nll_loss = 3.7035, ref_nll_loss = 3.8936, ivc_loss = 0.0921, neg_loss_1 = 0.0120, neg_loss_2 = 0.0077, ref_loss = 0.0211, div_loss = 0.0103, 0.796 seconds/batch
2026-04-20 04:45:02,191 - Epoch 19, Batch 500, lr = 0.00005, final_loss = 3.7964, nll_loss = 3.6994, ref_nll_loss = 3.8934, ivc_loss = 0.0931, neg_loss_1 = 0.0128, neg_loss_2 = 0.0091, ref_loss = 0.0198, div_loss = 0.0103, 0.795 seconds/batch
2026-04-20 04:45:42,174 - Epoch 19, Batch 550, lr = 0.00005, final_loss = 3.8057, nll_loss = 3.7061, ref_nll_loss = 3.9053, ivc_loss = 0.0945, neg_loss_1 = 0.0111, neg_loss_2 = 0.0106, ref_loss = 0.0203, div_loss = 0.0105, 0.796 seconds/batch
2026-04-20 04:46:21,883 - Epoch 19, Batch 600, lr = 0.00005, final_loss = 3.8272, nll_loss = 3.7320, ref_nll_loss = 3.9225, ivc_loss = 0.0957, neg_loss_1 = 0.0141, neg_loss_2 = 0.0093, ref_loss = 0.0215, div_loss = 0.0101, 0.796 seconds/batch
2026-04-20 04:47:01,887 - Epoch 19, Batch 650, lr = 0.00005, final_loss = 3.8045, nll_loss = 3.7095, ref_nll_loss = 3.8995, ivc_loss = 0.0915, neg_loss_1 = 0.0110, neg_loss_2 = 0.0080, ref_loss = 0.0217, div_loss = 0.0102, 0.796 seconds/batch
2026-04-20 04:47:41,726 - Epoch 19, Batch 700, lr = 0.00005, final_loss = 3.8234, nll_loss = 3.7259, ref_nll_loss = 3.9208, ivc_loss = 0.0949, neg_loss_1 = 0.0115, neg_loss_2 = 0.0098, ref_loss = 0.0221, div_loss = 0.0103, 0.796 seconds/batch
2026-04-20 04:48:21,789 - Epoch 19, Batch 750, lr = 0.00005, final_loss = 3.7968, nll_loss = 3.6997, ref_nll_loss = 3.8939, ivc_loss = 0.0961, neg_loss_1 = 0.0145, neg_loss_2 = 0.0092, ref_loss = 0.0211, div_loss = 0.0103, 0.796 seconds/batch
2026-04-20 04:49:01,985 - Epoch 19, Batch 800, lr = 0.00005, final_loss = 3.7998, nll_loss = 3.7040, ref_nll_loss = 3.8957, ivc_loss = 0.0991, neg_loss_1 = 0.0140, neg_loss_2 = 0.0104, ref_loss = 0.0222, div_loss = 0.0105, 0.797 seconds/batch
2026-04-20 04:49:42,022 - Epoch 19, Batch 850, lr = 0.00005, final_loss = 3.8096, nll_loss = 3.7116, ref_nll_loss = 3.9077, ivc_loss = 0.0947, neg_loss_1 = 0.0139, neg_loss_2 = 0.0075, ref_loss = 0.0215, div_loss = 0.0104, 0.797 seconds/batch
2026-04-20 04:50:21,914 - Epoch 19, Batch 900, lr = 0.00005, final_loss = 3.8067, nll_loss = 3.7157, ref_nll_loss = 3.8976, ivc_loss = 0.0997, neg_loss_1 = 0.0141, neg_loss_2 = 0.0082, ref_loss = 0.0229, div_loss = 0.0109, 0.797 seconds/batch
2026-04-20 04:51:01,794 - Epoch 19, Batch 950, lr = 0.00005, final_loss = 3.7986, nll_loss = 3.7021, ref_nll_loss = 3.8951, ivc_loss = 0.0980, neg_loss_1 = 0.0129, neg_loss_2 = 0.0098, ref_loss = 0.0220, div_loss = 0.0107, 0.797 seconds/batch
2026-04-20 04:51:38,495 - Epoch 19, Batch 1000, lr = 0.00005, final_loss = 3.8500, nll_loss = 3.7555, ref_nll_loss = 3.9444, ivc_loss = 0.0998, neg_loss_1 = 0.0109, neg_loss_2 = 0.0110, ref_loss = 0.0237, div_loss = 0.0108, 0.794 seconds/batch
2026-04-20 04:52:12,382 - Epoch 19, Batch 1050, lr = 0.00005, final_loss = 3.8510, nll_loss = 3.7544, ref_nll_loss = 3.9477, ivc_loss = 0.0969, neg_loss_1 = 0.0123, neg_loss_2 = 0.0087, ref_loss = 0.0207, div_loss = 0.0110, 0.788 seconds/batch
2026-04-20 04:52:42,429 - Epoch 19, Batch 1100, lr = 0.00005, final_loss = 3.8112, nll_loss = 3.7148, ref_nll_loss = 3.9077, ivc_loss = 0.0980, neg_loss_1 = 0.0138, neg_loss_2 = 0.0081, ref_loss = 0.0211, div_loss = 0.0110, 0.780 seconds/batch
2026-04-20 04:53:07,535 - Epoch 19, Batch 1150, lr = 0.00005, final_loss = 3.8189, nll_loss = 3.7253, ref_nll_loss = 3.9126, ivc_loss = 0.0979, neg_loss_1 = 0.0129, neg_loss_2 = 0.0081, ref_loss = 0.0221, div_loss = 0.0110, 0.768 seconds/batch
2026-04-20 04:53:16,155 - Epoch 19, Batch 1170, lr = 0.00005, final_loss = 3.8323, nll_loss = 3.7343, ref_nll_loss = 3.9302, ivc_loss = 0.0908, neg_loss_1 = 0.0116, neg_loss_2 = 0.0067, ref_loss = 0.0207, div_loss = 0.0104, 0.762 seconds/batch
2026-04-20 04:53:16,230 - save model to checkpoints/activitynet_moe/cpl_moe/model-19.pt, num_updates 22230.
2026-04-20 04:56:39,832 - | R@1,mIoU 0.2901 | R@1,IoU@0.1 0.6669 | R@1,IoU@0.3 0.4687 | R@1,IoU@0.5 0.2270 | R@1,IoU@0.7 0.0755 | R@1,IoU@0.9 0.0058 | R@5,mIoU 0.5255 | R@5,IoU@0.1 0.9169 | R@5,IoU@0.3 0.7756 | R@5,IoU@0.5 0.5373 | R@5,IoU@0.7 0.3200 | R@5,IoU@0.9 0.0703 |
2026-04-20 04:56:39,832 - ============================================================
2026-04-20 04:56:39,832 - Start Epoch 20
2026-04-20 04:57:19,856 - Epoch 20, Batch 50, lr = 0.00005, final_loss = 3.7821, nll_loss = 3.6848, ref_nll_loss = 3.8795, ivc_loss = 0.0946, neg_loss_1 = 0.0135, neg_loss_2 = 0.0094, ref_loss = 0.0208, div_loss = 0.0102, 0.800 seconds/batch
2026-04-20 04:57:59,506 - Epoch 20, Batch 100, lr = 0.00005, final_loss = 3.8187, nll_loss = 3.7238, ref_nll_loss = 3.9135, ivc_loss = 0.0953, neg_loss_1 = 0.0110, neg_loss_2 = 0.0096, ref_loss = 0.0222, div_loss = 0.0105, 0.797 seconds/batch
2026-04-20 04:58:39,135 - Epoch 20, Batch 150, lr = 0.00005, final_loss = 3.7831, nll_loss = 3.6848, ref_nll_loss = 3.8815, ivc_loss = 0.0920, neg_loss_1 = 0.0122, neg_loss_2 = 0.0083, ref_loss = 0.0204, div_loss = 0.0102, 0.795 seconds/batch
2026-04-20 04:59:18,687 - Epoch 20, Batch 200, lr = 0.00005, final_loss = 3.7714, nll_loss = 3.6764, ref_nll_loss = 3.8663, ivc_loss = 0.0947, neg_loss_1 = 0.0114, neg_loss_2 = 0.0086, ref_loss = 0.0216, div_loss = 0.0106, 0.794 seconds/batch
2026-04-20 04:59:58,470 - Epoch 20, Batch 250, lr = 0.00005, final_loss = 3.7946, nll_loss = 3.6990, ref_nll_loss = 3.8902, ivc_loss = 0.0938, neg_loss_1 = 0.0117, neg_loss_2 = 0.0098, ref_loss = 0.0213, div_loss = 0.0102, 0.795 seconds/batch
2026-04-20 05:00:38,089 - Epoch 20, Batch 300, lr = 0.00005, final_loss = 3.7969, nll_loss = 3.7022, ref_nll_loss = 3.8916, ivc_loss = 0.0969, neg_loss_1 = 0.0115, neg_loss_2 = 0.0081, ref_loss = 0.0242, div_loss = 0.0106, 0.794 seconds/batch
2026-04-20 05:01:17,919 - Epoch 20, Batch 350, lr = 0.00005, final_loss = 3.8200, nll_loss = 3.7221, ref_nll_loss = 3.9178, ivc_loss = 0.0980, neg_loss_1 = 0.0153, neg_loss_2 = 0.0097, ref_loss = 0.0214, div_loss = 0.0103, 0.795 seconds/batch
2026-04-20 05:01:57,745 - Epoch 20, Batch 400, lr = 0.00005, final_loss = 3.8033, nll_loss = 3.7044, ref_nll_loss = 3.9022, ivc_loss = 0.0975, neg_loss_1 = 0.0154, neg_loss_2 = 0.0085, ref_loss = 0.0203, div_loss = 0.0107, 0.795 seconds/batch
2026-04-20 05:02:37,702 - Epoch 20, Batch 450, lr = 0.00005, final_loss = 3.8019, nll_loss = 3.7049, ref_nll_loss = 3.8989, ivc_loss = 0.0955, neg_loss_1 = 0.0134, neg_loss_2 = 0.0091, ref_loss = 0.0199, div_loss = 0.0106, 0.795 seconds/batch
2026-04-20 05:03:17,605 - Epoch 20, Batch 500, lr = 0.00005, final_loss = 3.7947, nll_loss = 3.6959, ref_nll_loss = 3.8935, ivc_loss = 0.0963, neg_loss_1 = 0.0138, neg_loss_2 = 0.0088, ref_loss = 0.0213, div_loss = 0.0105, 0.796 seconds/batch
2026-04-20 05:03:57,830 - Epoch 20, Batch 550, lr = 0.00005, final_loss = 3.8328, nll_loss = 3.7358, ref_nll_loss = 3.9298, ivc_loss = 0.0985, neg_loss_1 = 0.0112, neg_loss_2 = 0.0107, ref_loss = 0.0233, div_loss = 0.0106, 0.796 seconds/batch
2026-04-20 05:04:37,685 - Epoch 20, Batch 600, lr = 0.00005, final_loss = 3.8028, nll_loss = 3.7047, ref_nll_loss = 3.9009, ivc_loss = 0.0936, neg_loss_1 = 0.0126, neg_loss_2 = 0.0093, ref_loss = 0.0202, div_loss = 0.0103, 0.796 seconds/batch
2026-04-20 05:05:17,576 - Epoch 20, Batch 650, lr = 0.00005, final_loss = 3.8164, nll_loss = 3.7150, ref_nll_loss = 3.9177, ivc_loss = 0.0910, neg_loss_1 = 0.0106, neg_loss_2 = 0.0076, ref_loss = 0.0191, div_loss = 0.0107, 0.797 seconds/batch
2026-04-20 05:05:57,467 - Epoch 20, Batch 700, lr = 0.00005, final_loss = 3.8005, nll_loss = 3.7004, ref_nll_loss = 3.9005, ivc_loss = 0.0966, neg_loss_1 = 0.0129, neg_loss_2 = 0.0107, ref_loss = 0.0210, div_loss = 0.0104, 0.797 seconds/batch
2026-04-20 05:06:37,251 - Epoch 20, Batch 750, lr = 0.00005, final_loss = 3.7911, nll_loss = 3.6929, ref_nll_loss = 3.8893, ivc_loss = 0.0978, neg_loss_1 = 0.0147, neg_loss_2 = 0.0092, ref_loss = 0.0219, div_loss = 0.0104, 0.797 seconds/batch
2026-04-20 05:07:17,185 - Epoch 20, Batch 800, lr = 0.00005, final_loss = 3.8137, nll_loss = 3.7147, ref_nll_loss = 3.9128, ivc_loss = 0.0927, neg_loss_1 = 0.0109, neg_loss_2 = 0.0081, ref_loss = 0.0200, div_loss = 0.0108, 0.797 seconds/batch
2026-04-20 05:07:56,904 - Epoch 20, Batch 850, lr = 0.00005, final_loss = 3.8178, nll_loss = 3.7202, ref_nll_loss = 3.9154, ivc_loss = 0.0939, neg_loss_1 = 0.0127, neg_loss_2 = 0.0078, ref_loss = 0.0195, div_loss = 0.0108, 0.797 seconds/batch
2026-04-20 05:08:36,683 - Epoch 20, Batch 900, lr = 0.00005, final_loss = 3.7862, nll_loss = 3.6851, ref_nll_loss = 3.8872, ivc_loss = 0.0923, neg_loss_1 = 0.0125, neg_loss_2 = 0.0080, ref_loss = 0.0199, div_loss = 0.0104, 0.797 seconds/batch
2026-04-20 05:09:16,410 - Epoch 20, Batch 950, lr = 0.00005, final_loss = 3.7973, nll_loss = 3.7025, ref_nll_loss = 3.8921, ivc_loss = 0.0998, neg_loss_1 = 0.0167, neg_loss_2 = 0.0089, ref_loss = 0.0214, div_loss = 0.0105, 0.796 seconds/batch
2026-04-20 05:09:52,522 - Epoch 20, Batch 1000, lr = 0.00005, final_loss = 3.8135, nll_loss = 3.7177, ref_nll_loss = 3.9093, ivc_loss = 0.0951, neg_loss_1 = 0.0132, neg_loss_2 = 0.0104, ref_loss = 0.0201, div_loss = 0.0103, 0.793 seconds/batch
2026-04-20 05:10:26,246 - Epoch 20, Batch 1050, lr = 0.00005, final_loss = 3.7685, nll_loss = 3.6714, ref_nll_loss = 3.8656, ivc_loss = 0.0947, neg_loss_1 = 0.0134, neg_loss_2 = 0.0083, ref_loss = 0.0213, div_loss = 0.0103, 0.787 seconds/batch
2026-04-20 05:10:55,994 - Epoch 20, Batch 1100, lr = 0.00005, final_loss = 3.7791, nll_loss = 3.6819, ref_nll_loss = 3.8764, ivc_loss = 0.0926, neg_loss_1 = 0.0118, neg_loss_2 = 0.0078, ref_loss = 0.0211, div_loss = 0.0104, 0.778 seconds/batch
2026-04-20 05:11:21,473 - Epoch 20, Batch 1150, lr = 0.00005, final_loss = 3.7985, nll_loss = 3.6998, ref_nll_loss = 3.8972, ivc_loss = 0.0942, neg_loss_1 = 0.0120, neg_loss_2 = 0.0087, ref_loss = 0.0205, div_loss = 0.0106, 0.767 seconds/batch
2026-04-20 05:11:30,040 - Epoch 20, Batch 1170, lr = 0.00005, final_loss = 3.8197, nll_loss = 3.7198, ref_nll_loss = 3.9196, ivc_loss = 0.0930, neg_loss_1 = 0.0101, neg_loss_2 = 0.0083, ref_loss = 0.0204, div_loss = 0.0108, 0.761 seconds/batch
2026-04-20 05:11:30,121 - save model to checkpoints/activitynet_moe/cpl_moe/model-20.pt, num_updates 23400.
2026-04-20 05:14:54,934 - | R@1,mIoU 0.2942 | R@1,IoU@0.1 0.6708 | R@1,IoU@0.3 0.4768 | R@1,IoU@0.5 0.2308 | R@1,IoU@0.7 0.0769 | R@1,IoU@0.9 0.0063 | R@5,mIoU 0.5256 | R@5,IoU@0.1 0.9177 | R@5,IoU@0.3 0.7751 | R@5,IoU@0.5 0.5373 | R@5,IoU@0.7 0.3231 | R@5,IoU@0.9 0.0725 |
2026-04-20 05:14:54,934 - ============================================================
2026-04-20 05:14:54,934 - Start Epoch 21
2026-04-20 05:15:34,443 - Epoch 21, Batch 50, lr = 0.00005, final_loss = 3.7603, nll_loss = 3.6630, ref_nll_loss = 3.8577, ivc_loss = 0.0922, neg_loss_1 = 0.0113, neg_loss_2 = 0.0072, ref_loss = 0.0204, div_loss = 0.0107, 0.790 seconds/batch
2026-04-20 05:16:14,087 - Epoch 21, Batch 100, lr = 0.00005, final_loss = 3.8043, nll_loss = 3.7051, ref_nll_loss = 3.9036, ivc_loss = 0.0946, neg_loss_1 = 0.0122, neg_loss_2 = 0.0088, ref_loss = 0.0214, div_loss = 0.0104, 0.792 seconds/batch
2026-04-20 05:16:53,437 - Epoch 21, Batch 150, lr = 0.00005, final_loss = 3.7736, nll_loss = 3.6716, ref_nll_loss = 3.8756, ivc_loss = 0.0941, neg_loss_1 = 0.0120, neg_loss_2 = 0.0086, ref_loss = 0.0207, div_loss = 0.0105, 0.790 seconds/batch
2026-04-20 05:17:33,523 - Epoch 21, Batch 200, lr = 0.00005, final_loss = 3.7996, nll_loss = 3.7002, ref_nll_loss = 3.8990, ivc_loss = 0.0922, neg_loss_1 = 0.0123, neg_loss_2 = 0.0079, ref_loss = 0.0198, div_loss = 0.0104, 0.793 seconds/batch
2026-04-20 05:18:13,180 - Epoch 21, Batch 250, lr = 0.00005, final_loss = 3.7749, nll_loss = 3.6787, ref_nll_loss = 3.8711, ivc_loss = 0.0970, neg_loss_1 = 0.0155, neg_loss_2 = 0.0088, ref_loss = 0.0220, div_loss = 0.0101, 0.793 seconds/batch
2026-04-20 05:18:53,124 - Epoch 21, Batch 300, lr = 0.00005, final_loss = 3.7947, nll_loss = 3.6999, ref_nll_loss = 3.8895, ivc_loss = 0.0946, neg_loss_1 = 0.0122, neg_loss_2 = 0.0085, ref_loss = 0.0214, div_loss = 0.0105, 0.794 seconds/batch
2026-04-20 05:19:33,020 - Epoch 21, Batch 350, lr = 0.00005, final_loss = 3.7755, nll_loss = 3.6735, ref_nll_loss = 3.8776, ivc_loss = 0.0964, neg_loss_1 = 0.0129, neg_loss_2 = 0.0088, ref_loss = 0.0214, div_loss = 0.0107, 0.795 seconds/batch
2026-04-20 05:20:13,172 - Epoch 21, Batch 400, lr = 0.00005, final_loss = 3.7803, nll_loss = 3.6830, ref_nll_loss = 3.8777, ivc_loss = 0.0961, neg_loss_1 = 0.0127, neg_loss_2 = 0.0090, ref_loss = 0.0216, div_loss = 0.0106, 0.796 seconds/batch
2026-04-20 05:20:52,882 - Epoch 21, Batch 450, lr = 0.00005, final_loss = 3.7740, nll_loss = 3.6734, ref_nll_loss = 3.8747, ivc_loss = 0.0907, neg_loss_1 = 0.0116, neg_loss_2 = 0.0070, ref_loss = 0.0208, div_loss = 0.0102, 0.795 seconds/batch
2026-04-20 05:21:32,728 - Epoch 21, Batch 500, lr = 0.00005, final_loss = 3.7555, nll_loss = 3.6585, ref_nll_loss = 3.8526, ivc_loss = 0.0939, neg_loss_1 = 0.0133, neg_loss_2 = 0.0083, ref_loss = 0.0217, div_loss = 0.0101, 0.796 seconds/batch
2026-04-20 05:22:12,558 - Epoch 21, Batch 550, lr = 0.00005, final_loss = 3.7776, nll_loss = 3.6791, ref_nll_loss = 3.8762, ivc_loss = 0.0928, neg_loss_1 = 0.0117, neg_loss_2 = 0.0086, ref_loss = 0.0204, div_loss = 0.0104, 0.796 seconds/batch
2026-04-20 05:22:52,517 - Epoch 21, Batch 600, lr = 0.00005, final_loss = 3.8012, nll_loss = 3.6988, ref_nll_loss = 3.9037, ivc_loss = 0.0965, neg_loss_1 = 0.0123, neg_loss_2 = 0.0098, ref_loss = 0.0215, div_loss = 0.0106, 0.796 seconds/batch
2026-04-20 05:23:32,143 - Epoch 21, Batch 650, lr = 0.00005, final_loss = 3.7776, nll_loss = 3.6796, ref_nll_loss = 3.8756, ivc_loss = 0.0935, neg_loss_1 = 0.0097, neg_loss_2 = 0.0099, ref_loss = 0.0227, div_loss = 0.0103, 0.796 seconds/batch
2026-04-20 05:24:12,493 - Epoch 21, Batch 700, lr = 0.00005, final_loss = 3.7870, nll_loss = 3.6902, ref_nll_loss = 3.8839, ivc_loss = 0.0916, neg_loss_1 = 0.0123, neg_loss_2 = 0.0069, ref_loss = 0.0202, div_loss = 0.0104, 0.797 seconds/batch
2026-04-20 05:24:52,193 - Epoch 21, Batch 750, lr = 0.00005, final_loss = 3.8018, nll_loss = 3.7037, ref_nll_loss = 3.8999, ivc_loss = 0.0929, neg_loss_1 = 0.0136, neg_loss_2 = 0.0065, ref_loss = 0.0212, div_loss = 0.0103, 0.796 seconds/batch
2026-04-20 05:25:32,515 - Epoch 21, Batch 800, lr = 0.00005, final_loss = 3.7918, nll_loss = 3.6920, ref_nll_loss = 3.8915, ivc_loss = 0.0944, neg_loss_1 = 0.0105, neg_loss_2 = 0.0083, ref_loss = 0.0217, div_loss = 0.0108, 0.797 seconds/batch
2026-04-20 05:26:12,589 - Epoch 21, Batch 850, lr = 0.00005, final_loss = 3.7695, nll_loss = 3.6707, ref_nll_loss = 3.8684, ivc_loss = 0.0907, neg_loss_1 = 0.0090, neg_loss_2 = 0.0085, ref_loss = 0.0208, div_loss = 0.0105, 0.797 seconds/batch
2026-04-20 05:26:52,891 - Epoch 21, Batch 900, lr = 0.00005, final_loss = 3.7892, nll_loss = 3.6963, ref_nll_loss = 3.8821, ivc_loss = 0.0961, neg_loss_1 = 0.0114, neg_loss_2 = 0.0079, ref_loss = 0.0233, div_loss = 0.0107, 0.798 seconds/batch
2026-04-20 05:27:32,808 - Epoch 21, Batch 950, lr = 0.00005, final_loss = 3.8306, nll_loss = 3.7319, ref_nll_loss = 3.9293, ivc_loss = 0.0953, neg_loss_1 = 0.0133, neg_loss_2 = 0.0079, ref_loss = 0.0212, div_loss = 0.0106, 0.798 seconds/batch
2026-04-20 05:28:08,692 - Epoch 21, Batch 1000, lr = 0.00005, final_loss = 3.8012, nll_loss = 3.6994, ref_nll_loss = 3.9031, ivc_loss = 0.0956, neg_loss_1 = 0.0131, neg_loss_2 = 0.0097, ref_loss = 0.0200, div_loss = 0.0105, 0.794 seconds/batch
2026-04-20 05:28:42,660 - Epoch 21, Batch 1050, lr = 0.00005, final_loss = 3.7784, nll_loss = 3.6797, ref_nll_loss = 3.8771, ivc_loss = 0.0946, neg_loss_1 = 0.0126, neg_loss_2 = 0.0086, ref_loss = 0.0208, div_loss = 0.0105, 0.788 seconds/batch
2026-04-20 05:29:12,175 - Epoch 21, Batch 1100, lr = 0.00005, final_loss = 3.7642, nll_loss = 3.6632, ref_nll_loss = 3.8653, ivc_loss = 0.0949, neg_loss_1 = 0.0133, neg_loss_2 = 0.0089, ref_loss = 0.0190, div_loss = 0.0107, 0.779 seconds/batch
2026-04-20 05:29:37,456 - Epoch 21, Batch 1150, lr = 0.00005, final_loss = 3.7902, nll_loss = 3.6923, ref_nll_loss = 3.8880, ivc_loss = 0.0924, neg_loss_1 = 0.0128, neg_loss_2 = 0.0090, ref_loss = 0.0194, div_loss = 0.0102, 0.767 seconds/batch
2026-04-20 05:29:45,922 - Epoch 21, Batch 1170, lr = 0.00005, final_loss = 3.7967, nll_loss = 3.6996, ref_nll_loss = 3.8937, ivc_loss = 0.0957, neg_loss_1 = 0.0143, neg_loss_2 = 0.0092, ref_loss = 0.0226, div_loss = 0.0099, 0.762 seconds/batch
2026-04-20 05:29:45,994 - save model to checkpoints/activitynet_moe/cpl_moe/model-21.pt, num_updates 24570.
2026-04-20 05:33:11,917 - | R@1,mIoU 0.3044 | R@1,IoU@0.1 0.6803 | R@1,IoU@0.3 0.5108 | R@1,IoU@0.5 0.2393 | R@1,IoU@0.7 0.0811 | R@1,IoU@0.9 0.0100 | R@5,mIoU 0.5264 | R@5,IoU@0.1 0.9191 | R@5,IoU@0.3 0.7797 | R@5,IoU@0.5 0.5377 | R@5,IoU@0.7 0.3192 | R@5,IoU@0.9 0.0730 |
2026-04-20 05:33:11,918 - ============================================================
2026-04-20 05:33:11,918 - Start Epoch 22
2026-04-20 05:33:51,866 - Epoch 22, Batch 50, lr = 0.00005, final_loss = 3.7726, nll_loss = 3.6774, ref_nll_loss = 3.8678, ivc_loss = 0.0971, neg_loss_1 = 0.0157, neg_loss_2 = 0.0091, ref_loss = 0.0216, div_loss = 0.0101, 0.799 seconds/batch
2026-04-20 05:34:31,519 - Epoch 22, Batch 100, lr = 0.00005, final_loss = 3.7738, nll_loss = 3.6735, ref_nll_loss = 3.8742, ivc_loss = 0.0930, neg_loss_1 = 0.0125, neg_loss_2 = 0.0089, ref_loss = 0.0179, div_loss = 0.0107, 0.796 seconds/batch
2026-04-20 05:35:11,188 - Epoch 22, Batch 150, lr = 0.00005, final_loss = 3.7803, nll_loss = 3.6779, ref_nll_loss = 3.8828, ivc_loss = 0.0948, neg_loss_1 = 0.0149, neg_loss_2 = 0.0091, ref_loss = 0.0203, div_loss = 0.0101, 0.795 seconds/batch
2026-04-20 05:35:50,834 - Epoch 22, Batch 200, lr = 0.00005, final_loss = 3.7736, nll_loss = 3.6752, ref_nll_loss = 3.8720, ivc_loss = 0.0955, neg_loss_1 = 0.0133, neg_loss_2 = 0.0101, ref_loss = 0.0214, div_loss = 0.0102, 0.795 seconds/batch
2026-04-20 05:36:30,363 - Epoch 22, Batch 250, lr = 0.00005, final_loss = 3.7962, nll_loss = 3.6999, ref_nll_loss = 3.8925, ivc_loss = 0.0926, neg_loss_1 = 0.0129, neg_loss_2 = 0.0092, ref_loss = 0.0206, div_loss = 0.0100, 0.794 seconds/batch
2026-04-20 05:37:10,080 - Epoch 22, Batch 300, lr = 0.00005, final_loss = 3.7651, nll_loss = 3.6643, ref_nll_loss = 3.8660, ivc_loss = 0.0930, neg_loss_1 = 0.0115, neg_loss_2 = 0.0093, ref_loss = 0.0212, div_loss = 0.0102, 0.794 seconds/batch
2026-04-20 05:37:49,696 - Epoch 22, Batch 350, lr = 0.00005, final_loss = 3.7671, nll_loss = 3.6667, ref_nll_loss = 3.8674, ivc_loss = 0.0977, neg_loss_1 = 0.0127, neg_loss_2 = 0.0089, ref_loss = 0.0223, div_loss = 0.0107, 0.794 seconds/batch
2026-04-20 05:38:29,273 - Epoch 22, Batch 400, lr = 0.00005, final_loss = 3.7434, nll_loss = 3.6415, ref_nll_loss = 3.8454, ivc_loss = 0.0950, neg_loss_1 = 0.0119, neg_loss_2 = 0.0099, ref_loss = 0.0188, div_loss = 0.0109, 0.793 seconds/batch
2026-04-20 05:39:09,172 - Epoch 22, Batch 450, lr = 0.00005, final_loss = 3.7842, nll_loss = 3.6797, ref_nll_loss = 3.8887, ivc_loss = 0.0948, neg_loss_1 = 0.0135, neg_loss_2 = 0.0089, ref_loss = 0.0186, div_loss = 0.0107, 0.794 seconds/batch
2026-04-20 05:39:49,252 - Epoch 22, Batch 500, lr = 0.00005, final_loss = 3.7667, nll_loss = 3.6637, ref_nll_loss = 3.8697, ivc_loss = 0.0941, neg_loss_1 = 0.0142, neg_loss_2 = 0.0086, ref_loss = 0.0189, div_loss = 0.0105, 0.795 seconds/batch
2026-04-20 05:40:29,053 - Epoch 22, Batch 550, lr = 0.00005, final_loss = 3.7778, nll_loss = 3.6831, ref_nll_loss = 3.8725, ivc_loss = 0.0956, neg_loss_1 = 0.0110, neg_loss_2 = 0.0090, ref_loss = 0.0235, div_loss = 0.0104, 0.795 seconds/batch
2026-04-20 05:41:08,871 - Epoch 22, Batch 600, lr = 0.00005, final_loss = 3.7620, nll_loss = 3.6648, ref_nll_loss = 3.8592, ivc_loss = 0.0912, neg_loss_1 = 0.0116, neg_loss_2 = 0.0094, ref_loss = 0.0194, div_loss = 0.0102, 0.795 seconds/batch
2026-04-20 05:41:48,696 - Epoch 22, Batch 650, lr = 0.00005, final_loss = 3.7719, nll_loss = 3.6751, ref_nll_loss = 3.8687, ivc_loss = 0.0994, neg_loss_1 = 0.0139, neg_loss_2 = 0.0088, ref_loss = 0.0230, div_loss = 0.0108, 0.795 seconds/batch
2026-04-20 05:42:28,710 - Epoch 22, Batch 700, lr = 0.00005, final_loss = 3.7854, nll_loss = 3.6876, ref_nll_loss = 3.8833, ivc_loss = 0.0961, neg_loss_1 = 0.0124, neg_loss_2 = 0.0082, ref_loss = 0.0205, div_loss = 0.0110, 0.795 seconds/batch
2026-04-20 05:43:08,587 - Epoch 22, Batch 750, lr = 0.00005, final_loss = 3.7501, nll_loss = 3.6489, ref_nll_loss = 3.8512, ivc_loss = 0.0950, neg_loss_1 = 0.0124, neg_loss_2 = 0.0078, ref_loss = 0.0207, div_loss = 0.0108, 0.796 seconds/batch
2026-04-20 05:43:48,485 - Epoch 22, Batch 800, lr = 0.00005, final_loss = 3.7851, nll_loss = 3.6865, ref_nll_loss = 3.8838, ivc_loss = 0.0990, neg_loss_1 = 0.0120, neg_loss_2 = 0.0084, ref_loss = 0.0228, div_loss = 0.0112, 0.796 seconds/batch
2026-04-20 05:44:28,546 - Epoch 22, Batch 850, lr = 0.00005, final_loss = 3.7899, nll_loss = 3.6871, ref_nll_loss = 3.8928, ivc_loss = 0.0966, neg_loss_1 = 0.0123, neg_loss_2 = 0.0100, ref_loss = 0.0205, div_loss = 0.0108, 0.796 seconds/batch
2026-04-20 05:45:08,482 - Epoch 22, Batch 900, lr = 0.00005, final_loss = 3.7755, nll_loss = 3.6773, ref_nll_loss = 3.8736, ivc_loss = 0.1000, neg_loss_1 = 0.0154, neg_loss_2 = 0.0092, ref_loss = 0.0210, div_loss = 0.0109, 0.796 seconds/batch
2026-04-20 05:45:48,266 - Epoch 22, Batch 950, lr = 0.00005, final_loss = 3.7928, nll_loss = 3.6907, ref_nll_loss = 3.8949, ivc_loss = 0.0968, neg_loss_1 = 0.0122, neg_loss_2 = 0.0089, ref_loss = 0.0221, div_loss = 0.0107, 0.796 seconds/batch
2026-04-20 05:46:23,471 - Epoch 22, Batch 1000, lr = 0.00005, final_loss = 3.7642, nll_loss = 3.6646, ref_nll_loss = 3.8638, ivc_loss = 0.0951, neg_loss_1 = 0.0141, neg_loss_2 = 0.0077, ref_loss = 0.0211, div_loss = 0.0104, 0.792 seconds/batch
2026-04-20 05:46:57,588 - Epoch 22, Batch 1050, lr = 0.00005, final_loss = 3.7634, nll_loss = 3.6657, ref_nll_loss = 3.8611, ivc_loss = 0.0934, neg_loss_1 = 0.0123, neg_loss_2 = 0.0073, ref_loss = 0.0216, div_loss = 0.0104, 0.786 seconds/batch
2026-04-20 05:47:26,912 - Epoch 22, Batch 1100, lr = 0.00005, final_loss = 3.7895, nll_loss = 3.6922, ref_nll_loss = 3.8868, ivc_loss = 0.0976, neg_loss_1 = 0.0122, neg_loss_2 = 0.0093, ref_loss = 0.0225, div_loss = 0.0107, 0.777 seconds/batch
2026-04-20 05:47:51,716 - Epoch 22, Batch 1150, lr = 0.00005, final_loss = 3.8054, nll_loss = 3.7080, ref_nll_loss = 3.9027, ivc_loss = 0.0955, neg_loss_1 = 0.0131, neg_loss_2 = 0.0071, ref_loss = 0.0224, div_loss = 0.0106, 0.765 seconds/batch
2026-04-20 05:48:00,405 - Epoch 22, Batch 1170, lr = 0.00005, final_loss = 3.8366, nll_loss = 3.7407, ref_nll_loss = 3.9325, ivc_loss = 0.0943, neg_loss_1 = 0.0102, neg_loss_2 = 0.0100, ref_loss = 0.0219, div_loss = 0.0105, 0.759 seconds/batch
2026-04-20 05:48:00,486 - save model to checkpoints/activitynet_moe/cpl_moe/model-22.pt, num_updates 25740.
2026-04-20 05:51:29,262 - | R@1,mIoU 0.2704 | R@1,IoU@0.1 0.6016 | R@1,IoU@0.3 0.4250 | R@1,IoU@0.5 0.2114 | R@1,IoU@0.7 0.0914 | R@1,IoU@0.9 0.0114 | R@5,mIoU 0.5244 | R@5,IoU@0.1 0.9168 | R@5,IoU@0.3 0.7765 | R@5,IoU@0.5 0.5354 | R@5,IoU@0.7 0.3181 | R@5,IoU@0.9 0.0722 |
2026-04-20 05:51:29,262 - ============================================================
2026-04-20 05:51:29,262 - Start Epoch 23
2026-04-20 05:52:09,376 - Epoch 23, Batch 50, lr = 0.00005, final_loss = 3.7535, nll_loss = 3.6502, ref_nll_loss = 3.8569, ivc_loss = 0.0972, neg_loss_1 = 0.0130, neg_loss_2 = 0.0090, ref_loss = 0.0213, div_loss = 0.0108, 0.802 seconds/batch
2026-04-20 05:52:48,992 - Epoch 23, Batch 100, lr = 0.00005, final_loss = 3.7641, nll_loss = 3.6627, ref_nll_loss = 3.8655, ivc_loss = 0.0934, neg_loss_1 = 0.0129, neg_loss_2 = 0.0084, ref_loss = 0.0184, div_loss = 0.0107, 0.797 seconds/batch
2026-04-20 05:53:28,978 - Epoch 23, Batch 150, lr = 0.00005, final_loss = 3.7564, nll_loss = 3.6568, ref_nll_loss = 3.8559, ivc_loss = 0.0946, neg_loss_1 = 0.0138, neg_loss_2 = 0.0071, ref_loss = 0.0204, div_loss = 0.0107, 0.798 seconds/batch
2026-04-20 05:54:09,161 - Epoch 23, Batch 200, lr = 0.00005, final_loss = 3.7679, nll_loss = 3.6658, ref_nll_loss = 3.8699, ivc_loss = 0.0934, neg_loss_1 = 0.0109, neg_loss_2 = 0.0093, ref_loss = 0.0199, div_loss = 0.0106, 0.799 seconds/batch
2026-04-20 05:54:49,145 - Epoch 23, Batch 250, lr = 0.00005, final_loss = 3.7485, nll_loss = 3.6472, ref_nll_loss = 3.8497, ivc_loss = 0.0931, neg_loss_1 = 0.0108, neg_loss_2 = 0.0079, ref_loss = 0.0208, div_loss = 0.0107, 0.800 seconds/batch
2026-04-20 05:55:29,118 - Epoch 23, Batch 300, lr = 0.00005, final_loss = 3.7614, nll_loss = 3.6648, ref_nll_loss = 3.8580, ivc_loss = 0.0965, neg_loss_1 = 0.0130, neg_loss_2 = 0.0070, ref_loss = 0.0232, div_loss = 0.0107, 0.800 seconds/batch
2026-04-20 05:56:09,081 - Epoch 23, Batch 350, lr = 0.00005, final_loss = 3.7659, nll_loss = 3.6666, ref_nll_loss = 3.8653, ivc_loss = 0.0937, neg_loss_1 = 0.0128, neg_loss_2 = 0.0083, ref_loss = 0.0210, div_loss = 0.0103, 0.799 seconds/batch
2026-04-20 05:56:49,100 - Epoch 23, Batch 400, lr = 0.00005, final_loss = 3.7408, nll_loss = 3.6403, ref_nll_loss = 3.8414, ivc_loss = 0.0954, neg_loss_1 = 0.0140, neg_loss_2 = 0.0087, ref_loss = 0.0215, div_loss = 0.0102, 0.800 seconds/batch
2026-04-20 05:57:28,649 - Epoch 23, Batch 450, lr = 0.00005, final_loss = 3.7252, nll_loss = 3.6264, ref_nll_loss = 3.8240, ivc_loss = 0.0942, neg_loss_1 = 0.0131, neg_loss_2 = 0.0091, ref_loss = 0.0201, div_loss = 0.0104, 0.799 seconds/batch
2026-04-20 05:58:08,226 - Epoch 23, Batch 500, lr = 0.00005, final_loss = 3.7677, nll_loss = 3.6664, ref_nll_loss = 3.8690, ivc_loss = 0.0960, neg_loss_1 = 0.0126, neg_loss_2 = 0.0082, ref_loss = 0.0209, div_loss = 0.0108, 0.798 seconds/batch
2026-04-20 05:58:47,511 - Epoch 23, Batch 550, lr = 0.00005, final_loss = 3.7786, nll_loss = 3.6791, ref_nll_loss = 3.8780, ivc_loss = 0.0985, neg_loss_1 = 0.0133, neg_loss_2 = 0.0094, ref_loss = 0.0219, div_loss = 0.0108, 0.797 seconds/batch
2026-04-20 05:59:27,316 - Epoch 23, Batch 600, lr = 0.00005, final_loss = 3.7554, nll_loss = 3.6582, ref_nll_loss = 3.8526, ivc_loss = 0.0962, neg_loss_1 = 0.0136, neg_loss_2 = 0.0072, ref_loss = 0.0227, div_loss = 0.0105, 0.797 seconds/batch
2026-04-20 06:00:07,000 - Epoch 23, Batch 650, lr = 0.00005, final_loss = 3.7726, nll_loss = 3.6775, ref_nll_loss = 3.8677, ivc_loss = 0.0958, neg_loss_1 = 0.0132, neg_loss_2 = 0.0085, ref_loss = 0.0219, div_loss = 0.0104, 0.797 seconds/batch
2026-04-20 06:00:46,889 - Epoch 23, Batch 700, lr = 0.00005, final_loss = 3.7735, nll_loss = 3.6731, ref_nll_loss = 3.8740, ivc_loss = 0.0939, neg_loss_1 = 0.0109, neg_loss_2 = 0.0093, ref_loss = 0.0202, div_loss = 0.0107, 0.797 seconds/batch
2026-04-20 06:01:27,221 - Epoch 23, Batch 750, lr = 0.00005, final_loss = 3.7825, nll_loss = 3.6779, ref_nll_loss = 3.8871, ivc_loss = 0.0928, neg_loss_1 = 0.0120, neg_loss_2 = 0.0099, ref_loss = 0.0184, div_loss = 0.0105, 0.797 seconds/batch
2026-04-20 06:02:07,146 - Epoch 23, Batch 800, lr = 0.00005, final_loss = 3.7765, nll_loss = 3.6734, ref_nll_loss = 3.8796, ivc_loss = 0.0958, neg_loss_1 = 0.0140, neg_loss_2 = 0.0089, ref_loss = 0.0197, div_loss = 0.0106, 0.797 seconds/batch
2026-04-20 06:02:47,256 - Epoch 23, Batch 850, lr = 0.00005, final_loss = 3.7521, nll_loss = 3.6520, ref_nll_loss = 3.8522, ivc_loss = 0.0948, neg_loss_1 = 0.0117, neg_loss_2 = 0.0097, ref_loss = 0.0199, div_loss = 0.0107, 0.798 seconds/batch
2026-04-20 06:03:26,951 - Epoch 23, Batch 900, lr = 0.00005, final_loss = 3.7415, nll_loss = 3.6426, ref_nll_loss = 3.8405, ivc_loss = 0.0992, neg_loss_1 = 0.0156, neg_loss_2 = 0.0084, ref_loss = 0.0220, div_loss = 0.0107, 0.797 seconds/batch
2026-04-20 06:04:06,990 - Epoch 23, Batch 950, lr = 0.00005, final_loss = 3.7741, nll_loss = 3.6724, ref_nll_loss = 3.8757, ivc_loss = 0.0950, neg_loss_1 = 0.0129, neg_loss_2 = 0.0083, ref_loss = 0.0207, div_loss = 0.0106, 0.798 seconds/batch
2026-04-20 06:04:41,440 - Epoch 23, Batch 1000, lr = 0.00005, final_loss = 3.7740, nll_loss = 3.6760, ref_nll_loss = 3.8721, ivc_loss = 0.0975, neg_loss_1 = 0.0140, neg_loss_2 = 0.0098, ref_loss = 0.0207, div_loss = 0.0106, 0.792 seconds/batch
2026-04-20 06:05:15,384 - Epoch 23, Batch 1050, lr = 0.00005, final_loss = 3.7801, nll_loss = 3.6820, ref_nll_loss = 3.8782, ivc_loss = 0.0925, neg_loss_1 = 0.0133, neg_loss_2 = 0.0077, ref_loss = 0.0212, div_loss = 0.0101, 0.787 seconds/batch
2026-04-20 06:05:43,208 - Epoch 23, Batch 1100, lr = 0.00005, final_loss = 3.7519, nll_loss = 3.6533, ref_nll_loss = 3.8506, ivc_loss = 0.0975, neg_loss_1 = 0.0137, neg_loss_2 = 0.0097, ref_loss = 0.0215, div_loss = 0.0105, 0.776 seconds/batch
2026-04-20 06:06:07,225 - Epoch 23, Batch 1150, lr = 0.00005, final_loss = 3.7597, nll_loss = 3.6587, ref_nll_loss = 3.8606, ivc_loss = 0.0944, neg_loss_1 = 0.0128, neg_loss_2 = 0.0078, ref_loss = 0.0214, div_loss = 0.0105, 0.763 seconds/batch
2026-04-20 06:06:15,744 - Epoch 23, Batch 1170, lr = 0.00005, final_loss = 3.7693, nll_loss = 3.6681, ref_nll_loss = 3.8704, ivc_loss = 0.0909, neg_loss_1 = 0.0109, neg_loss_2 = 0.0063, ref_loss = 0.0195, div_loss = 0.0109, 0.758 seconds/batch
2026-04-20 06:06:15,820 - save model to checkpoints/activitynet_moe/cpl_moe/model-23.pt, num_updates 26910.
2026-04-20 06:09:46,109 - | R@1,mIoU 0.2933 | R@1,IoU@0.1 0.6648 | R@1,IoU@0.3 0.4822 | R@1,IoU@0.5 0.2279 | R@1,IoU@0.7 0.0797 | R@1,IoU@0.9 0.0071 | R@5,mIoU 0.5238 | R@5,IoU@0.1 0.9164 | R@5,IoU@0.3 0.7740 | R@5,IoU@0.5 0.5340 | R@5,IoU@0.7 0.3197 | R@5,IoU@0.9 0.0705 |
2026-04-20 06:09:46,109 - ============================================================
2026-04-20 06:09:46,109 - Start Epoch 24
2026-04-20 06:10:26,117 - Epoch 24, Batch 50, lr = 0.00005, final_loss = 3.7452, nll_loss = 3.6462, ref_nll_loss = 3.8442, ivc_loss = 0.0935, neg_loss_1 = 0.0126, neg_loss_2 = 0.0077, ref_loss = 0.0195, div_loss = 0.0107, 0.800 seconds/batch
2026-04-20 06:11:06,184 - Epoch 24, Batch 100, lr = 0.00005, final_loss = 3.7230, nll_loss = 3.6209, ref_nll_loss = 3.8250, ivc_loss = 0.0936, neg_loss_1 = 0.0116, neg_loss_2 = 0.0078, ref_loss = 0.0206, div_loss = 0.0107, 0.801 seconds/batch
2026-04-20 06:11:45,896 - Epoch 24, Batch 150, lr = 0.00005, final_loss = 3.7594, nll_loss = 3.6614, ref_nll_loss = 3.8574, ivc_loss = 0.0938, neg_loss_1 = 0.0110, neg_loss_2 = 0.0083, ref_loss = 0.0222, div_loss = 0.0105, 0.799 seconds/batch
2026-04-20 06:12:25,893 - Epoch 24, Batch 200, lr = 0.00005, final_loss = 3.7428, nll_loss = 3.6423, ref_nll_loss = 3.8433, ivc_loss = 0.0931, neg_loss_1 = 0.0131, neg_loss_2 = 0.0067, ref_loss = 0.0192, div_loss = 0.0108, 0.799 seconds/batch
2026-04-20 06:13:05,431 - Epoch 24, Batch 250, lr = 0.00005, final_loss = 3.7333, nll_loss = 3.6310, ref_nll_loss = 3.8356, ivc_loss = 0.0944, neg_loss_1 = 0.0135, neg_loss_2 = 0.0083, ref_loss = 0.0197, div_loss = 0.0106, 0.797 seconds/batch
2026-04-20 06:13:45,366 - Epoch 24, Batch 300, lr = 0.00005, final_loss = 3.7459, nll_loss = 3.6444, ref_nll_loss = 3.8473, ivc_loss = 0.0961, neg_loss_1 = 0.0128, neg_loss_2 = 0.0093, ref_loss = 0.0213, div_loss = 0.0106, 0.798 seconds/batch
2026-04-20 06:14:25,296 - Epoch 24, Batch 350, lr = 0.00005, final_loss = 3.7742, nll_loss = 3.6714, ref_nll_loss = 3.8770, ivc_loss = 0.0905, neg_loss_1 = 0.0120, neg_loss_2 = 0.0074, ref_loss = 0.0190, div_loss = 0.0104, 0.798 seconds/batch
2026-04-20 06:15:05,053 - Epoch 24, Batch 400, lr = 0.00005, final_loss = 3.7277, nll_loss = 3.6222, ref_nll_loss = 3.8332, ivc_loss = 0.0954, neg_loss_1 = 0.0142, neg_loss_2 = 0.0088, ref_loss = 0.0191, div_loss = 0.0107, 0.797 seconds/batch
2026-04-20 06:15:45,163 - Epoch 24, Batch 450, lr = 0.00005, final_loss = 3.7726, nll_loss = 3.6751, ref_nll_loss = 3.8700, ivc_loss = 0.0977, neg_loss_1 = 0.0124, neg_loss_2 = 0.0094, ref_loss = 0.0221, div_loss = 0.0107, 0.798 seconds/batch
2026-04-20 06:16:24,564 - Epoch 24, Batch 500, lr = 0.00005, final_loss = 3.7250, nll_loss = 3.6221, ref_nll_loss = 3.8278, ivc_loss = 0.0942, neg_loss_1 = 0.0122, neg_loss_2 = 0.0086, ref_loss = 0.0203, div_loss = 0.0106, 0.797 seconds/batch
2026-04-20 06:17:04,589 - Epoch 24, Batch 550, lr = 0.00005, final_loss = 3.7365, nll_loss = 3.6342, ref_nll_loss = 3.8388, ivc_loss = 0.0972, neg_loss_1 = 0.0132, neg_loss_2 = 0.0087, ref_loss = 0.0203, div_loss = 0.0110, 0.797 seconds/batch
2026-04-20 06:17:44,461 - Epoch 24, Batch 600, lr = 0.00005, final_loss = 3.7801, nll_loss = 3.6805, ref_nll_loss = 3.8797, ivc_loss = 0.0949, neg_loss_1 = 0.0114, neg_loss_2 = 0.0078, ref_loss = 0.0209, div_loss = 0.0110, 0.797 seconds/batch
2026-04-20 06:18:24,134 - Epoch 24, Batch 650, lr = 0.00005, final_loss = 3.7637, nll_loss = 3.6623, ref_nll_loss = 3.8652, ivc_loss = 0.0951, neg_loss_1 = 0.0116, neg_loss_2 = 0.0066, ref_loss = 0.0214, div_loss = 0.0111, 0.797 seconds/batch
2026-04-20 06:19:03,977 - Epoch 24, Batch 700, lr = 0.00005, final_loss = 3.7812, nll_loss = 3.6786, ref_nll_loss = 3.8838, ivc_loss = 0.0979, neg_loss_1 = 0.0148, neg_loss_2 = 0.0097, ref_loss = 0.0192, div_loss = 0.0108, 0.797 seconds/batch
2026-04-20 06:19:43,422 - Epoch 24, Batch 750, lr = 0.00005, final_loss = 3.7242, nll_loss = 3.6229, ref_nll_loss = 3.8255, ivc_loss = 0.0940, neg_loss_1 = 0.0114, neg_loss_2 = 0.0082, ref_loss = 0.0218, div_loss = 0.0105, 0.796 seconds/batch
2026-04-20 06:20:23,141 - Epoch 24, Batch 800, lr = 0.00005, final_loss = 3.7490, nll_loss = 3.6475, ref_nll_loss = 3.8504, ivc_loss = 0.0976, neg_loss_1 = 0.0129, neg_loss_2 = 0.0081, ref_loss = 0.0223, div_loss = 0.0108, 0.796 seconds/batch
2026-04-20 06:21:02,835 - Epoch 24, Batch 850, lr = 0.00005, final_loss = 3.7441, nll_loss = 3.6424, ref_nll_loss = 3.8457, ivc_loss = 0.0945, neg_loss_1 = 0.0118, neg_loss_2 = 0.0085, ref_loss = 0.0189, div_loss = 0.0111, 0.796 seconds/batch
2026-04-20 06:21:42,647 - Epoch 24, Batch 900, lr = 0.00005, final_loss = 3.7652, nll_loss = 3.6678, ref_nll_loss = 3.8626, ivc_loss = 0.1000, neg_loss_1 = 0.0124, neg_loss_2 = 0.0098, ref_loss = 0.0226, div_loss = 0.0110, 0.796 seconds/batch
2026-04-20 06:22:22,246 - Epoch 24, Batch 950, lr = 0.00005, final_loss = 3.7481, nll_loss = 3.6468, ref_nll_loss = 3.8495, ivc_loss = 0.0940, neg_loss_1 = 0.0125, neg_loss_2 = 0.0073, ref_loss = 0.0201, div_loss = 0.0108, 0.796 seconds/batch
2026-04-20 06:22:56,160 - Epoch 24, Batch 1000, lr = 0.00005, final_loss = 3.7528, nll_loss = 3.6497, ref_nll_loss = 3.8559, ivc_loss = 0.0970, neg_loss_1 = 0.0129, neg_loss_2 = 0.0106, ref_loss = 0.0204, div_loss = 0.0106, 0.790 seconds/batch
2026-04-20 06:23:30,188 - Epoch 24, Batch 1050, lr = 0.00005, final_loss = 3.7340, nll_loss = 3.6318, ref_nll_loss = 3.8361, ivc_loss = 0.0961, neg_loss_1 = 0.0129, neg_loss_2 = 0.0085, ref_loss = 0.0203, div_loss = 0.0109, 0.785 seconds/batch
2026-04-20 06:23:57,956 - Epoch 24, Batch 1100, lr = 0.00005, final_loss = 3.7910, nll_loss = 3.6919, ref_nll_loss = 3.8901, ivc_loss = 0.0973, neg_loss_1 = 0.0141, neg_loss_2 = 0.0085, ref_loss = 0.0209, div_loss = 0.0108, 0.774 seconds/batch
2026-04-20 06:24:21,542 - Epoch 24, Batch 1150, lr = 0.00005, final_loss = 3.7681, nll_loss = 3.6703, ref_nll_loss = 3.8658, ivc_loss = 0.0987, neg_loss_1 = 0.0126, neg_loss_2 = 0.0093, ref_loss = 0.0220, div_loss = 0.0110, 0.761 seconds/batch
2026-04-20 06:24:30,035 - Epoch 24, Batch 1170, lr = 0.00005, final_loss = 3.7503, nll_loss = 3.6444, ref_nll_loss = 3.8562, ivc_loss = 0.0913, neg_loss_1 = 0.0106, neg_loss_2 = 0.0074, ref_loss = 0.0184, div_loss = 0.0110, 0.755 seconds/batch
2026-04-20 06:24:30,109 - save model to checkpoints/activitynet_moe/cpl_moe/model-24.pt, num_updates 28080.
2026-04-20 06:28:01,573 - | R@1,mIoU 0.2827 | R@1,IoU@0.1 0.6487 | R@1,IoU@0.3 0.4677 | R@1,IoU@0.5 0.2150 | R@1,IoU@0.7 0.0725 | R@1,IoU@0.9 0.0062 | R@5,mIoU 0.5244 | R@5,IoU@0.1 0.9185 | R@5,IoU@0.3 0.7750 | R@5,IoU@0.5 0.5339 | R@5,IoU@0.7 0.3214 | R@5,IoU@0.9 0.0712 |
2026-04-20 06:28:01,573 - ============================================================
2026-04-20 06:28:01,574 - Start Epoch 25
2026-04-20 06:28:41,559 - Epoch 25, Batch 50, lr = 0.00005, final_loss = 3.7402, nll_loss = 3.6398, ref_nll_loss = 3.8405, ivc_loss = 0.0927, neg_loss_1 = 0.0138, neg_loss_2 = 0.0077, ref_loss = 0.0194, div_loss = 0.0104, 0.800 seconds/batch
2026-04-20 06:29:21,188 - Epoch 25, Batch 100, lr = 0.00005, final_loss = 3.7266, nll_loss = 3.6221, ref_nll_loss = 3.8312, ivc_loss = 0.0947, neg_loss_1 = 0.0136, neg_loss_2 = 0.0092, ref_loss = 0.0198, div_loss = 0.0104, 0.796 seconds/batch
2026-04-20 06:30:00,641 - Epoch 25, Batch 150, lr = 0.00005, final_loss = 3.7307, nll_loss = 3.6301, ref_nll_loss = 3.8313, ivc_loss = 0.0915, neg_loss_1 = 0.0110, neg_loss_2 = 0.0082, ref_loss = 0.0184, div_loss = 0.0108, 0.794 seconds/batch
2026-04-20 06:30:40,634 - Epoch 25, Batch 200, lr = 0.00005, final_loss = 3.7383, nll_loss = 3.6364, ref_nll_loss = 3.8403, ivc_loss = 0.0900, neg_loss_1 = 0.0107, neg_loss_2 = 0.0070, ref_loss = 0.0179, div_loss = 0.0109, 0.795 seconds/batch
2026-04-20 06:31:20,248 - Epoch 25, Batch 250, lr = 0.00005, final_loss = 3.7270, nll_loss = 3.6249, ref_nll_loss = 3.8291, ivc_loss = 0.0943, neg_loss_1 = 0.0103, neg_loss_2 = 0.0077, ref_loss = 0.0190, div_loss = 0.0115, 0.795 seconds/batch
2026-04-20 06:31:59,894 - Epoch 25, Batch 300, lr = 0.00005, final_loss = 3.7508, nll_loss = 3.6500, ref_nll_loss = 3.8516, ivc_loss = 0.0991, neg_loss_1 = 0.0121, neg_loss_2 = 0.0100, ref_loss = 0.0230, div_loss = 0.0108, 0.794 seconds/batch
2026-04-20 06:32:39,187 - Epoch 25, Batch 350, lr = 0.00005, final_loss = 3.7121, nll_loss = 3.6103, ref_nll_loss = 3.8139, ivc_loss = 0.0972, neg_loss_1 = 0.0131, neg_loss_2 = 0.0099, ref_loss = 0.0186, div_loss = 0.0111, 0.793 seconds/batch
2026-04-20 06:33:18,439 - Epoch 25, Batch 400, lr = 0.00005, final_loss = 3.7238, nll_loss = 3.6242, ref_nll_loss = 3.8234, ivc_loss = 0.0993, neg_loss_1 = 0.0138, neg_loss_2 = 0.0081, ref_loss = 0.0229, div_loss = 0.0109, 0.792 seconds/batch
2026-04-20 06:33:57,800 - Epoch 25, Batch 450, lr = 0.00005, final_loss = 3.7560, nll_loss = 3.6563, ref_nll_loss = 3.8556, ivc_loss = 0.0920, neg_loss_1 = 0.0113, neg_loss_2 = 0.0087, ref_loss = 0.0207, div_loss = 0.0103, 0.792 seconds/batch
2026-04-20 06:34:37,545 - Epoch 25, Batch 500, lr = 0.00005, final_loss = 3.7509, nll_loss = 3.6508, ref_nll_loss = 3.8510, ivc_loss = 0.0972, neg_loss_1 = 0.0145, neg_loss_2 = 0.0080, ref_loss = 0.0217, div_loss = 0.0106, 0.792 seconds/batch
2026-04-20 06:35:17,258 - Epoch 25, Batch 550, lr = 0.00005, final_loss = 3.7273, nll_loss = 3.6252, ref_nll_loss = 3.8293, ivc_loss = 0.0938, neg_loss_1 = 0.0122, neg_loss_2 = 0.0076, ref_loss = 0.0199, div_loss = 0.0108, 0.792 seconds/batch
2026-04-20 06:35:57,303 - Epoch 25, Batch 600, lr = 0.00005, final_loss = 3.7477, nll_loss = 3.6472, ref_nll_loss = 3.8481, ivc_loss = 0.0950, neg_loss_1 = 0.0136, neg_loss_2 = 0.0087, ref_loss = 0.0199, div_loss = 0.0106, 0.793 seconds/batch
2026-04-20 06:36:37,413 - Epoch 25, Batch 650, lr = 0.00005, final_loss = 3.7368, nll_loss = 3.6349, ref_nll_loss = 3.8387, ivc_loss = 0.0938, neg_loss_1 = 0.0119, neg_loss_2 = 0.0082, ref_loss = 0.0202, div_loss = 0.0107, 0.794 seconds/batch
2026-04-20 06:37:17,503 - Epoch 25, Batch 700, lr = 0.00005, final_loss = 3.7238, nll_loss = 3.6244, ref_nll_loss = 3.8232, ivc_loss = 0.0956, neg_loss_1 = 0.0135, neg_loss_2 = 0.0075, ref_loss = 0.0209, div_loss = 0.0107, 0.794 seconds/batch
2026-04-20 06:37:57,303 - Epoch 25, Batch 750, lr = 0.00005, final_loss = 3.7252, nll_loss = 3.6234, ref_nll_loss = 3.8269, ivc_loss = 0.0934, neg_loss_1 = 0.0142, neg_loss_2 = 0.0071, ref_loss = 0.0197, div_loss = 0.0105, 0.794 seconds/batch
2026-04-20 06:38:37,421 - Epoch 25, Batch 800, lr = 0.00005, final_loss = 3.7305, nll_loss = 3.6253, ref_nll_loss = 3.8356, ivc_loss = 0.0917, neg_loss_1 = 0.0140, neg_loss_2 = 0.0092, ref_loss = 0.0164, div_loss = 0.0104, 0.795 seconds/batch
2026-04-20 06:39:17,285 - Epoch 25, Batch 850, lr = 0.00005, final_loss = 3.7403, nll_loss = 3.6369, ref_nll_loss = 3.8436, ivc_loss = 0.0970, neg_loss_1 = 0.0135, neg_loss_2 = 0.0078, ref_loss = 0.0202, div_loss = 0.0111, 0.795 seconds/batch
2026-04-20 06:39:57,246 - Epoch 25, Batch 900, lr = 0.00005, final_loss = 3.7182, nll_loss = 3.6156, ref_nll_loss = 3.8207, ivc_loss = 0.0962, neg_loss_1 = 0.0129, neg_loss_2 = 0.0086, ref_loss = 0.0194, div_loss = 0.0110, 0.795 seconds/batch
2026-04-20 06:40:36,761 - Epoch 25, Batch 950, lr = 0.00005, final_loss = 3.7543, nll_loss = 3.6540, ref_nll_loss = 3.8546, ivc_loss = 0.0979, neg_loss_1 = 0.0140, neg_loss_2 = 0.0092, ref_loss = 0.0209, div_loss = 0.0107, 0.795 seconds/batch
2026-04-20 06:41:10,606 - Epoch 25, Batch 1000, lr = 0.00005, final_loss = 3.7541, nll_loss = 3.6523, ref_nll_loss = 3.8559, ivc_loss = 0.0984, neg_loss_1 = 0.0130, neg_loss_2 = 0.0104, ref_loss = 0.0193, div_loss = 0.0111, 0.789 seconds/batch
2026-04-20 06:41:44,434 - Epoch 25, Batch 1050, lr = 0.00005, final_loss = 3.7297, nll_loss = 3.6290, ref_nll_loss = 3.8304, ivc_loss = 0.0977, neg_loss_1 = 0.0131, neg_loss_2 = 0.0093, ref_loss = 0.0205, div_loss = 0.0110, 0.784 seconds/batch
2026-04-20 06:42:12,262 - Epoch 25, Batch 1100, lr = 0.00005, final_loss = 3.7536, nll_loss = 3.6536, ref_nll_loss = 3.8537, ivc_loss = 0.0966, neg_loss_1 = 0.0114, neg_loss_2 = 0.0089, ref_loss = 0.0219, div_loss = 0.0109, 0.773 seconds/batch
2026-04-20 06:42:35,561 - Epoch 25, Batch 1150, lr = 0.00005, final_loss = 3.7635, nll_loss = 3.6586, ref_nll_loss = 3.8683, ivc_loss = 0.0896, neg_loss_1 = 0.0100, neg_loss_2 = 0.0079, ref_loss = 0.0187, div_loss = 0.0106, 0.760 seconds/batch
2026-04-20 06:42:44,281 - Epoch 25, Batch 1170, lr = 0.00005, final_loss = 3.7045, nll_loss = 3.6064, ref_nll_loss = 3.8027, ivc_loss = 0.0948, neg_loss_1 = 0.0089, neg_loss_2 = 0.0089, ref_loss = 0.0218, div_loss = 0.0110, 0.754 seconds/batch
2026-04-20 06:42:44,356 - save model to checkpoints/activitynet_moe/cpl_moe/model-25.pt, num_updates 29250.
2026-04-20 06:46:17,117 - | R@1,mIoU 0.2702 | R@1,IoU@0.1 0.6164 | R@1,IoU@0.3 0.4556 | R@1,IoU@0.5 0.2050 | R@1,IoU@0.7 0.0626 | R@1,IoU@0.9 0.0054 | R@5,mIoU 0.5211 | R@5,IoU@0.1 0.9150 | R@5,IoU@0.3 0.7707 | R@5,IoU@0.5 0.5307 | R@5,IoU@0.7 0.3178 | R@5,IoU@0.9 0.0686 |
2026-04-20 06:46:17,117 - ============================================================
2026-04-20 06:46:17,118 - Start Epoch 26
2026-04-20 06:46:57,124 - Epoch 26, Batch 50, lr = 0.00005, final_loss = 3.7217, nll_loss = 3.6232, ref_nll_loss = 3.8203, ivc_loss = 0.0997, neg_loss_1 = 0.0128, neg_loss_2 = 0.0081, ref_loss = 0.0234, div_loss = 0.0111, 0.800 seconds/batch
2026-04-20 06:47:36,612 - Epoch 26, Batch 100, lr = 0.00005, final_loss = 3.7376, nll_loss = 3.6334, ref_nll_loss = 3.8418, ivc_loss = 0.0936, neg_loss_1 = 0.0109, neg_loss_2 = 0.0084, ref_loss = 0.0192, div_loss = 0.0110, 0.795 seconds/batch
2026-04-20 06:48:16,214 - Epoch 26, Batch 150, lr = 0.00005, final_loss = 3.6967, nll_loss = 3.5942, ref_nll_loss = 3.7992, ivc_loss = 0.0980, neg_loss_1 = 0.0129, neg_loss_2 = 0.0096, ref_loss = 0.0213, div_loss = 0.0108, 0.794 seconds/batch
2026-04-20 06:48:56,104 - Epoch 26, Batch 200, lr = 0.00005, final_loss = 3.7055, nll_loss = 3.6042, ref_nll_loss = 3.8067, ivc_loss = 0.0950, neg_loss_1 = 0.0138, neg_loss_2 = 0.0070, ref_loss = 0.0196, div_loss = 0.0109, 0.795 seconds/batch
2026-04-20 06:49:35,967 - Epoch 26, Batch 250, lr = 0.00005, final_loss = 3.7187, nll_loss = 3.6133, ref_nll_loss = 3.8241, ivc_loss = 0.0953, neg_loss_1 = 0.0139, neg_loss_2 = 0.0071, ref_loss = 0.0200, div_loss = 0.0109, 0.795 seconds/batch
2026-04-20 06:50:15,614 - Epoch 26, Batch 300, lr = 0.00005, final_loss = 3.7258, nll_loss = 3.6245, ref_nll_loss = 3.8272, ivc_loss = 0.0969, neg_loss_1 = 0.0124, neg_loss_2 = 0.0089, ref_loss = 0.0200, div_loss = 0.0111, 0.795 seconds/batch
2026-04-20 06:50:55,551 - Epoch 26, Batch 350, lr = 0.00005, final_loss = 3.7497, nll_loss = 3.6478, ref_nll_loss = 3.8516, ivc_loss = 0.0976, neg_loss_1 = 0.0135, neg_loss_2 = 0.0081, ref_loss = 0.0202, div_loss = 0.0112, 0.796 seconds/batch
2026-04-20 06:51:35,106 - Epoch 26, Batch 400, lr = 0.00005, final_loss = 3.7137, nll_loss = 3.6146, ref_nll_loss = 3.8128, ivc_loss = 0.0947, neg_loss_1 = 0.0102, neg_loss_2 = 0.0094, ref_loss = 0.0210, div_loss = 0.0108, 0.795 seconds/batch
2026-04-20 06:52:14,641 - Epoch 26, Batch 450, lr = 0.00005, final_loss = 3.6898, nll_loss = 3.5846, ref_nll_loss = 3.7951, ivc_loss = 0.0910, neg_loss_1 = 0.0122, neg_loss_2 = 0.0071, ref_loss = 0.0180, div_loss = 0.0107, 0.794 seconds/batch
2026-04-20 06:52:54,168 - Epoch 26, Batch 500, lr = 0.00005, final_loss = 3.7241, nll_loss = 3.6208, ref_nll_loss = 3.8273, ivc_loss = 0.0963, neg_loss_1 = 0.0139, neg_loss_2 = 0.0080, ref_loss = 0.0214, div_loss = 0.0106, 0.794 seconds/batch
2026-04-20 06:53:33,518 - Epoch 26, Batch 550, lr = 0.00005, final_loss = 3.7399, nll_loss = 3.6367, ref_nll_loss = 3.8432, ivc_loss = 0.0920, neg_loss_1 = 0.0116, neg_loss_2 = 0.0064, ref_loss = 0.0201, div_loss = 0.0108, 0.793 seconds/batch
2026-04-20 06:54:13,409 - Epoch 26, Batch 600, lr = 0.00005, final_loss = 3.7295, nll_loss = 3.6262, ref_nll_loss = 3.8328, ivc_loss = 0.0944, neg_loss_1 = 0.0111, neg_loss_2 = 0.0086, ref_loss = 0.0199, div_loss = 0.0109, 0.794 seconds/batch
2026-04-20 06:54:52,948 - Epoch 26, Batch 650, lr = 0.00005, final_loss = 3.7389, nll_loss = 3.6369, ref_nll_loss = 3.8410, ivc_loss = 0.0960, neg_loss_1 = 0.0134, neg_loss_2 = 0.0089, ref_loss = 0.0207, div_loss = 0.0106, 0.794 seconds/batch
2026-04-20 06:55:32,939 - Epoch 26, Batch 700, lr = 0.00005, final_loss = 3.7345, nll_loss = 3.6322, ref_nll_loss = 3.8368, ivc_loss = 0.0926, neg_loss_1 = 0.0120, neg_loss_2 = 0.0085, ref_loss = 0.0197, div_loss = 0.0105, 0.794 seconds/batch
2026-04-20 06:56:12,785 - Epoch 26, Batch 750, lr = 0.00005, final_loss = 3.7546, nll_loss = 3.6529, ref_nll_loss = 3.8564, ivc_loss = 0.0953, neg_loss_1 = 0.0127, neg_loss_2 = 0.0083, ref_loss = 0.0209, div_loss = 0.0107, 0.794 seconds/batch
2026-04-20 06:56:52,708 - Epoch 26, Batch 800, lr = 0.00005, final_loss = 3.7328, nll_loss = 3.6305, ref_nll_loss = 3.8350, ivc_loss = 0.0934, neg_loss_1 = 0.0132, neg_loss_2 = 0.0073, ref_loss = 0.0208, div_loss = 0.0104, 0.794 seconds/batch
2026-04-20 06:57:32,826 - Epoch 26, Batch 850, lr = 0.00005, final_loss = 3.7134, nll_loss = 3.6092, ref_nll_loss = 3.8176, ivc_loss = 0.0960, neg_loss_1 = 0.0119, neg_loss_2 = 0.0082, ref_loss = 0.0214, div_loss = 0.0109, 0.795 seconds/batch
2026-04-20 06:58:12,623 - Epoch 26, Batch 900, lr = 0.00005, final_loss = 3.7417, nll_loss = 3.6405, ref_nll_loss = 3.8429, ivc_loss = 0.0963, neg_loss_1 = 0.0127, neg_loss_2 = 0.0085, ref_loss = 0.0203, div_loss = 0.0109, 0.795 seconds/batch
2026-04-20 06:58:52,039 - Epoch 26, Batch 950, lr = 0.00005, final_loss = 3.7366, nll_loss = 3.6341, ref_nll_loss = 3.8391, ivc_loss = 0.0942, neg_loss_1 = 0.0127, neg_loss_2 = 0.0070, ref_loss = 0.0193, div_loss = 0.0110, 0.795 seconds/batch
2026-04-20 06:59:25,972 - Epoch 26, Batch 1000, lr = 0.00005, final_loss = 3.7258, nll_loss = 3.6245, ref_nll_loss = 3.8271, ivc_loss = 0.0977, neg_loss_1 = 0.0140, neg_loss_2 = 0.0096, ref_loss = 0.0210, div_loss = 0.0106, 0.789 seconds/batch
2026-04-20 06:59:59,447 - Epoch 26, Batch 1050, lr = 0.00005, final_loss = 3.7538, nll_loss = 3.6505, ref_nll_loss = 3.8572, ivc_loss = 0.0956, neg_loss_1 = 0.0124, neg_loss_2 = 0.0075, ref_loss = 0.0215, div_loss = 0.0108, 0.783 seconds/batch
2026-04-20 07:00:27,234 - Epoch 26, Batch 1100, lr = 0.00005, final_loss = 3.7401, nll_loss = 3.6372, ref_nll_loss = 3.8429, ivc_loss = 0.0951, neg_loss_1 = 0.0121, neg_loss_2 = 0.0085, ref_loss = 0.0196, div_loss = 0.0110, 0.773 seconds/batch
2026-04-20 07:00:49,806 - Epoch 26, Batch 1150, lr = 0.00005, final_loss = 3.7147, nll_loss = 3.6133, ref_nll_loss = 3.8160, ivc_loss = 0.0986, neg_loss_1 = 0.0126, neg_loss_2 = 0.0109, ref_loss = 0.0212, div_loss = 0.0108, 0.759 seconds/batch
2026-04-20 07:00:58,454 - Epoch 26, Batch 1170, lr = 0.00005, final_loss = 3.7268, nll_loss = 3.6269, ref_nll_loss = 3.8268, ivc_loss = 0.0929, neg_loss_1 = 0.0089, neg_loss_2 = 0.0089, ref_loss = 0.0204, div_loss = 0.0109, 0.753 seconds/batch
2026-04-20 07:00:58,531 - save model to checkpoints/activitynet_moe/cpl_moe/model-26.pt, num_updates 30420.
2026-04-20 07:04:33,472 - | R@1,mIoU 0.3137 | R@1,IoU@0.1 0.7120 | R@1,IoU@0.3 0.5134 | R@1,IoU@0.5 0.2442 | R@1,IoU@0.7 0.0836 | R@1,IoU@0.9 0.0087 | R@5,mIoU 0.5217 | R@5,IoU@0.1 0.9159 | R@5,IoU@0.3 0.7735 | R@5,IoU@0.5 0.5320 | R@5,IoU@0.7 0.3145 | R@5,IoU@0.9 0.0713 |
2026-04-20 07:04:33,472 - ============================================================
2026-04-20 07:04:33,472 - Start Epoch 27
2026-04-20 07:05:13,533 - Epoch 27, Batch 50, lr = 0.00005, final_loss = 3.6995, nll_loss = 3.5930, ref_nll_loss = 3.8060, ivc_loss = 0.0918, neg_loss_1 = 0.0106, neg_loss_2 = 0.0088, ref_loss = 0.0185, div_loss = 0.0108, 0.801 seconds/batch
2026-04-20 07:05:53,345 - Epoch 27, Batch 100, lr = 0.00005, final_loss = 3.7158, nll_loss = 3.6110, ref_nll_loss = 3.8205, ivc_loss = 0.0938, neg_loss_1 = 0.0119, neg_loss_2 = 0.0090, ref_loss = 0.0194, div_loss = 0.0107, 0.799 seconds/batch
2026-04-20 07:06:33,159 - Epoch 27, Batch 150, lr = 0.00005, final_loss = 3.7030, nll_loss = 3.6033, ref_nll_loss = 3.8026, ivc_loss = 0.1001, neg_loss_1 = 0.0120, neg_loss_2 = 0.0089, ref_loss = 0.0227, div_loss = 0.0113, 0.798 seconds/batch
2026-04-20 07:07:12,918 - Epoch 27, Batch 200, lr = 0.00005, final_loss = 3.6893, nll_loss = 3.5853, ref_nll_loss = 3.7933, ivc_loss = 0.0948, neg_loss_1 = 0.0129, neg_loss_2 = 0.0071, ref_loss = 0.0188, div_loss = 0.0112, 0.797 seconds/batch
2026-04-20 07:07:52,954 - Epoch 27, Batch 250, lr = 0.00005, final_loss = 3.7181, nll_loss = 3.6190, ref_nll_loss = 3.8171, ivc_loss = 0.0986, neg_loss_1 = 0.0137, neg_loss_2 = 0.0085, ref_loss = 0.0215, div_loss = 0.0110, 0.798 seconds/batch
2026-04-20 07:08:32,693 - Epoch 27, Batch 300, lr = 0.00005, final_loss = 3.7188, nll_loss = 3.6183, ref_nll_loss = 3.8193, ivc_loss = 0.0953, neg_loss_1 = 0.0110, neg_loss_2 = 0.0083, ref_loss = 0.0194, div_loss = 0.0113, 0.797 seconds/batch
2026-04-20 07:09:12,639 - Epoch 27, Batch 350, lr = 0.00005, final_loss = 3.7411, nll_loss = 3.6404, ref_nll_loss = 3.8418, ivc_loss = 0.0952, neg_loss_1 = 0.0140, neg_loss_2 = 0.0079, ref_loss = 0.0198, div_loss = 0.0107, 0.798 seconds/batch
2026-04-20 07:09:52,139 - Epoch 27, Batch 400, lr = 0.00005, final_loss = 3.7301, nll_loss = 3.6284, ref_nll_loss = 3.8319, ivc_loss = 0.0952, neg_loss_1 = 0.0114, neg_loss_2 = 0.0095, ref_loss = 0.0203, div_loss = 0.0108, 0.797 seconds/batch
2026-04-20 07:10:31,755 - Epoch 27, Batch 450, lr = 0.00005, final_loss = 3.7361, nll_loss = 3.6344, ref_nll_loss = 3.8379, ivc_loss = 0.0959, neg_loss_1 = 0.0105, neg_loss_2 = 0.0078, ref_loss = 0.0206, div_loss = 0.0114, 0.796 seconds/batch
2026-04-20 07:11:11,710 - Epoch 27, Batch 500, lr = 0.00005, final_loss = 3.7090, nll_loss = 3.6059, ref_nll_loss = 3.8121, ivc_loss = 0.0967, neg_loss_1 = 0.0111, neg_loss_2 = 0.0080, ref_loss = 0.0209, div_loss = 0.0113, 0.796 seconds/batch
2026-04-20 07:11:51,284 - Epoch 27, Batch 550, lr = 0.00005, final_loss = 3.7101, nll_loss = 3.6062, ref_nll_loss = 3.8139, ivc_loss = 0.0949, neg_loss_1 = 0.0115, neg_loss_2 = 0.0086, ref_loss = 0.0192, div_loss = 0.0111, 0.796 seconds/batch
2026-04-20 07:12:30,745 - Epoch 27, Batch 600, lr = 0.00005, final_loss = 3.7131, nll_loss = 3.6134, ref_nll_loss = 3.8127, ivc_loss = 0.0949, neg_loss_1 = 0.0120, neg_loss_2 = 0.0068, ref_loss = 0.0199, div_loss = 0.0112, 0.795 seconds/batch
2026-04-20 07:13:10,588 - Epoch 27, Batch 650, lr = 0.00005, final_loss = 3.7010, nll_loss = 3.5993, ref_nll_loss = 3.8027, ivc_loss = 0.0949, neg_loss_1 = 0.0118, neg_loss_2 = 0.0064, ref_loss = 0.0211, div_loss = 0.0111, 0.796 seconds/batch
2026-04-20 07:13:50,170 - Epoch 27, Batch 700, lr = 0.00005, final_loss = 3.7319, nll_loss = 3.6300, ref_nll_loss = 3.8339, ivc_loss = 0.0964, neg_loss_1 = 0.0128, neg_loss_2 = 0.0076, ref_loss = 0.0212, div_loss = 0.0110, 0.795 seconds/batch
2026-04-20 07:14:30,054 - Epoch 27, Batch 750, lr = 0.00005, final_loss = 3.7484, nll_loss = 3.6446, ref_nll_loss = 3.8522, ivc_loss = 0.0982, neg_loss_1 = 0.0143, neg_loss_2 = 0.0095, ref_loss = 0.0199, div_loss = 0.0109, 0.795 seconds/batch
2026-04-20 07:15:09,719 - Epoch 27, Batch 800, lr = 0.00005, final_loss = 3.7340, nll_loss = 3.6298, ref_nll_loss = 3.8382, ivc_loss = 0.0953, neg_loss_1 = 0.0129, neg_loss_2 = 0.0073, ref_loss = 0.0200, div_loss = 0.0110, 0.795 seconds/batch
2026-04-20 07:15:49,534 - Epoch 27, Batch 850, lr = 0.00005, final_loss = 3.7167, nll_loss = 3.6150, ref_nll_loss = 3.8185, ivc_loss = 0.0953, neg_loss_1 = 0.0105, neg_loss_2 = 0.0099, ref_loss = 0.0192, div_loss = 0.0111, 0.795 seconds/batch
2026-04-20 07:16:29,246 - Epoch 27, Batch 900, lr = 0.00005, final_loss = 3.7229, nll_loss = 3.6185, ref_nll_loss = 3.8273, ivc_loss = 0.0976, neg_loss_1 = 0.0144, neg_loss_2 = 0.0077, ref_loss = 0.0215, div_loss = 0.0108, 0.795 seconds/batch
2026-04-20 07:17:07,259 - Epoch 27, Batch 950, lr = 0.00005, final_loss = 3.7194, nll_loss = 3.6175, ref_nll_loss = 3.8213, ivc_loss = 0.0954, neg_loss_1 = 0.0147, neg_loss_2 = 0.0067, ref_loss = 0.0204, div_loss = 0.0107, 0.793 seconds/batch
2026-04-20 07:17:41,211 - Epoch 27, Batch 1000, lr = 0.00005, final_loss = 3.7214, nll_loss = 3.6156, ref_nll_loss = 3.8272, ivc_loss = 0.0928, neg_loss_1 = 0.0108, neg_loss_2 = 0.0079, ref_loss = 0.0187, div_loss = 0.0111, 0.788 seconds/batch
2026-04-20 07:18:14,106 - Epoch 27, Batch 1050, lr = 0.00005, final_loss = 3.7245, nll_loss = 3.6234, ref_nll_loss = 3.8257, ivc_loss = 0.0980, neg_loss_1 = 0.0125, neg_loss_2 = 0.0079, ref_loss = 0.0208, div_loss = 0.0114, 0.782 seconds/batch
2026-04-20 07:18:41,681 - Epoch 27, Batch 1100, lr = 0.00005, final_loss = 3.7075, nll_loss = 3.6029, ref_nll_loss = 3.8121, ivc_loss = 0.0990, neg_loss_1 = 0.0144, neg_loss_2 = 0.0089, ref_loss = 0.0215, div_loss = 0.0109, 0.771 seconds/batch
2026-04-20 07:19:04,216 - Epoch 27, Batch 1150, lr = 0.00005, final_loss = 3.7231, nll_loss = 3.6212, ref_nll_loss = 3.8250, ivc_loss = 0.0948, neg_loss_1 = 0.0121, neg_loss_2 = 0.0087, ref_loss = 0.0203, div_loss = 0.0108, 0.757 seconds/batch
2026-04-20 07:19:12,981 - Epoch 27, Batch 1170, lr = 0.00005, final_loss = 3.7608, nll_loss = 3.6567, ref_nll_loss = 3.8649, ivc_loss = 0.1010, neg_loss_1 = 0.0146, neg_loss_2 = 0.0101, ref_loss = 0.0224, div_loss = 0.0108, 0.752 seconds/batch
2026-04-20 07:19:13,058 - save model to checkpoints/activitynet_moe/cpl_moe/model-27.pt, num_updates 31590.
2026-04-20 07:22:49,068 - | R@1,mIoU 0.3015 | R@1,IoU@0.1 0.6916 | R@1,IoU@0.3 0.4884 | R@1,IoU@0.5 0.2324 | R@1,IoU@0.7 0.0804 | R@1,IoU@0.9 0.0080 | R@5,mIoU 0.5218 | R@5,IoU@0.1 0.9159 | R@5,IoU@0.3 0.7721 | R@5,IoU@0.5 0.5324 | R@5,IoU@0.7 0.3141 | R@5,IoU@0.9 0.0688 |
2026-04-20 07:22:49,069 - ============================================================
2026-04-20 07:22:49,069 - Start Epoch 28
2026-04-20 07:23:29,042 - Epoch 28, Batch 50, lr = 0.00004, final_loss = 3.6855, nll_loss = 3.5863, ref_nll_loss = 3.7847, ivc_loss = 0.0944, neg_loss_1 = 0.0127, neg_loss_2 = 0.0066, ref_loss = 0.0212, div_loss = 0.0108, 0.799 seconds/batch
2026-04-20 07:24:09,178 - Epoch 28, Batch 100, lr = 0.00004, final_loss = 3.7020, nll_loss = 3.5965, ref_nll_loss = 3.8076, ivc_loss = 0.0947, neg_loss_1 = 0.0124, neg_loss_2 = 0.0083, ref_loss = 0.0184, div_loss = 0.0111, 0.801 seconds/batch
2026-04-20 07:24:49,129 - Epoch 28, Batch 150, lr = 0.00004, final_loss = 3.6817, nll_loss = 3.5794, ref_nll_loss = 3.7841, ivc_loss = 0.0936, neg_loss_1 = 0.0101, neg_loss_2 = 0.0089, ref_loss = 0.0183, div_loss = 0.0113, 0.800 seconds/batch
2026-04-20 07:25:28,970 - Epoch 28, Batch 200, lr = 0.00004, final_loss = 3.6917, nll_loss = 3.5901, ref_nll_loss = 3.7933, ivc_loss = 0.0932, neg_loss_1 = 0.0118, neg_loss_2 = 0.0059, ref_loss = 0.0195, div_loss = 0.0112, 0.800 seconds/batch
2026-04-20 07:26:08,932 - Epoch 28, Batch 250, lr = 0.00004, final_loss = 3.7023, nll_loss = 3.5979, ref_nll_loss = 3.8067, ivc_loss = 0.0955, neg_loss_1 = 0.0113, neg_loss_2 = 0.0080, ref_loss = 0.0219, div_loss = 0.0109, 0.799 seconds/batch
2026-04-20 07:26:48,621 - Epoch 28, Batch 300, lr = 0.00004, final_loss = 3.6817, nll_loss = 3.5780, ref_nll_loss = 3.7855, ivc_loss = 0.0950, neg_loss_1 = 0.0122, neg_loss_2 = 0.0073, ref_loss = 0.0208, div_loss = 0.0109, 0.799 seconds/batch
2026-04-20 07:27:28,652 - Epoch 28, Batch 350, lr = 0.00004, final_loss = 3.7188, nll_loss = 3.6151, ref_nll_loss = 3.8225, ivc_loss = 0.0990, neg_loss_1 = 0.0142, neg_loss_2 = 0.0084, ref_loss = 0.0210, div_loss = 0.0111, 0.799 seconds/batch
2026-04-20 07:28:08,198 - Epoch 28, Batch 400, lr = 0.00004, final_loss = 3.6889, nll_loss = 3.5864, ref_nll_loss = 3.7914, ivc_loss = 0.0955, neg_loss_1 = 0.0124, neg_loss_2 = 0.0083, ref_loss = 0.0195, div_loss = 0.0110, 0.798 seconds/batch
2026-04-20 07:28:48,161 - Epoch 28, Batch 450, lr = 0.00004, final_loss = 3.7205, nll_loss = 3.6176, ref_nll_loss = 3.8235, ivc_loss = 0.0951, neg_loss_1 = 0.0123, neg_loss_2 = 0.0068, ref_loss = 0.0212, div_loss = 0.0110, 0.798 seconds/batch
2026-04-20 07:29:27,761 - Epoch 28, Batch 500, lr = 0.00004, final_loss = 3.7001, nll_loss = 3.5981, ref_nll_loss = 3.8021, ivc_loss = 0.0948, neg_loss_1 = 0.0125, neg_loss_2 = 0.0076, ref_loss = 0.0206, div_loss = 0.0108, 0.797 seconds/batch
2026-04-20 07:30:07,554 - Epoch 28, Batch 550, lr = 0.00004, final_loss = 3.7105, nll_loss = 3.6052, ref_nll_loss = 3.8159, ivc_loss = 0.0894, neg_loss_1 = 0.0131, neg_loss_2 = 0.0057, ref_loss = 0.0180, div_loss = 0.0105, 0.797 seconds/batch
2026-04-20 07:30:47,437 - Epoch 28, Batch 600, lr = 0.00004, final_loss = 3.7394, nll_loss = 3.6394, ref_nll_loss = 3.8393, ivc_loss = 0.0946, neg_loss_1 = 0.0124, neg_loss_2 = 0.0083, ref_loss = 0.0206, div_loss = 0.0107, 0.797 seconds/batch
2026-04-20 07:31:27,159 - Epoch 28, Batch 650, lr = 0.00004, final_loss = 3.7049, nll_loss = 3.6014, ref_nll_loss = 3.8084, ivc_loss = 0.0947, neg_loss_1 = 0.0127, neg_loss_2 = 0.0083, ref_loss = 0.0190, div_loss = 0.0109, 0.797 seconds/batch
2026-04-20 07:32:07,118 - Epoch 28, Batch 700, lr = 0.00004, final_loss = 3.7129, nll_loss = 3.6147, ref_nll_loss = 3.8111, ivc_loss = 0.0963, neg_loss_1 = 0.0134, neg_loss_2 = 0.0083, ref_loss = 0.0205, div_loss = 0.0108, 0.797 seconds/batch
2026-04-20 07:32:47,089 - Epoch 28, Batch 750, lr = 0.00004, final_loss = 3.7495, nll_loss = 3.6451, ref_nll_loss = 3.8539, ivc_loss = 0.0964, neg_loss_1 = 0.0136, neg_loss_2 = 0.0065, ref_loss = 0.0208, div_loss = 0.0111, 0.797 seconds/batch
2026-04-20 07:33:26,625 - Epoch 28, Batch 800, lr = 0.00004, final_loss = 3.6969, nll_loss = 3.5910, ref_nll_loss = 3.8029, ivc_loss = 0.0974, neg_loss_1 = 0.0118, neg_loss_2 = 0.0081, ref_loss = 0.0196, div_loss = 0.0116, 0.797 seconds/batch
2026-04-20 07:34:06,286 - Epoch 28, Batch 850, lr = 0.00004, final_loss = 3.7169, nll_loss = 3.6156, ref_nll_loss = 3.8183, ivc_loss = 0.0967, neg_loss_1 = 0.0129, neg_loss_2 = 0.0076, ref_loss = 0.0209, div_loss = 0.0111, 0.797 seconds/batch
2026-04-20 07:34:46,187 - Epoch 28, Batch 900, lr = 0.00004, final_loss = 3.7227, nll_loss = 3.6216, ref_nll_loss = 3.8238, ivc_loss = 0.0995, neg_loss_1 = 0.0142, neg_loss_2 = 0.0084, ref_loss = 0.0207, div_loss = 0.0112, 0.797 seconds/batch
2026-04-20 07:35:23,336 - Epoch 28, Batch 950, lr = 0.00004, final_loss = 3.7072, nll_loss = 3.6026, ref_nll_loss = 3.8117, ivc_loss = 0.0958, neg_loss_1 = 0.0131, neg_loss_2 = 0.0079, ref_loss = 0.0197, div_loss = 0.0110, 0.794 seconds/batch
2026-04-20 07:35:57,200 - Epoch 28, Batch 1000, lr = 0.00004, final_loss = 3.6992, nll_loss = 3.5945, ref_nll_loss = 3.8040, ivc_loss = 0.0930, neg_loss_1 = 0.0103, neg_loss_2 = 0.0079, ref_loss = 0.0185, div_loss = 0.0113, 0.788 seconds/batch
2026-04-20 07:36:29,594 - Epoch 28, Batch 1050, lr = 0.00004, final_loss = 3.7141, nll_loss = 3.6118, ref_nll_loss = 3.8164, ivc_loss = 0.0968, neg_loss_1 = 0.0111, neg_loss_2 = 0.0095, ref_loss = 0.0207, div_loss = 0.0111, 0.781 seconds/batch
2026-04-20 07:36:57,021 - Epoch 28, Batch 1100, lr = 0.00004, final_loss = 3.7238, nll_loss = 3.6200, ref_nll_loss = 3.8275, ivc_loss = 0.0946, neg_loss_1 = 0.0115, neg_loss_2 = 0.0070, ref_loss = 0.0206, div_loss = 0.0111, 0.771 seconds/batch
2026-04-20 07:37:19,310 - Epoch 28, Batch 1150, lr = 0.00004, final_loss = 3.7023, nll_loss = 3.6001, ref_nll_loss = 3.8044, ivc_loss = 0.0915, neg_loss_1 = 0.0123, neg_loss_2 = 0.0055, ref_loss = 0.0203, div_loss = 0.0107, 0.757 seconds/batch
2026-04-20 07:37:27,843 - Epoch 28, Batch 1170, lr = 0.00004, final_loss = 3.7230, nll_loss = 3.6193, ref_nll_loss = 3.8267, ivc_loss = 0.0973, neg_loss_1 = 0.0117, neg_loss_2 = 0.0095, ref_loss = 0.0203, div_loss = 0.0112, 0.751 seconds/batch
2026-04-20 07:37:27,916 - save model to checkpoints/activitynet_moe/cpl_moe/model-28.pt, num_updates 32760.
2026-04-20 07:41:05,037 - | R@1,mIoU 0.2749 | R@1,IoU@0.1 0.6287 | R@1,IoU@0.3 0.4499 | R@1,IoU@0.5 0.2099 | R@1,IoU@0.7 0.0753 | R@1,IoU@0.9 0.0063 | R@5,mIoU 0.5208 | R@5,IoU@0.1 0.9159 | R@5,IoU@0.3 0.7708 | R@5,IoU@0.5 0.5328 | R@5,IoU@0.7 0.3150 | R@5,IoU@0.9 0.0682 |
2026-04-20 07:41:05,037 - ============================================================
2026-04-20 07:41:05,037 - Start Epoch 29
2026-04-20 07:41:45,310 - Epoch 29, Batch 50, lr = 0.00004, final_loss = 3.7130, nll_loss = 3.6058, ref_nll_loss = 3.8201, ivc_loss = 0.0938, neg_loss_1 = 0.0124, neg_loss_2 = 0.0075, ref_loss = 0.0183, div_loss = 0.0111, 0.805 seconds/batch
2026-04-20 07:42:25,268 - Epoch 29, Batch 100, lr = 0.00004, final_loss = 3.6936, nll_loss = 3.5909, ref_nll_loss = 3.7963, ivc_loss = 0.0957, neg_loss_1 = 0.0119, neg_loss_2 = 0.0080, ref_loss = 0.0203, div_loss = 0.0111, 0.802 seconds/batch
2026-04-20 07:43:05,102 - Epoch 29, Batch 150, lr = 0.00004, final_loss = 3.6880, nll_loss = 3.5881, ref_nll_loss = 3.7879, ivc_loss = 0.0945, neg_loss_1 = 0.0115, neg_loss_2 = 0.0072, ref_loss = 0.0206, div_loss = 0.0110, 0.800 seconds/batch
2026-04-20 07:43:44,880 - Epoch 29, Batch 200, lr = 0.00004, final_loss = 3.7027, nll_loss = 3.6047, ref_nll_loss = 3.8006, ivc_loss = 0.0962, neg_loss_1 = 0.0125, neg_loss_2 = 0.0071, ref_loss = 0.0224, div_loss = 0.0108, 0.799 seconds/batch
2026-04-20 07:44:24,580 - Epoch 29, Batch 250, lr = 0.00004, final_loss = 3.6698, nll_loss = 3.5643, ref_nll_loss = 3.7754, ivc_loss = 0.0917, neg_loss_1 = 0.0096, neg_loss_2 = 0.0066, ref_loss = 0.0211, div_loss = 0.0109, 0.798 seconds/batch
2026-04-20 07:45:04,373 - Epoch 29, Batch 300, lr = 0.00004, final_loss = 3.6854, nll_loss = 3.5816, ref_nll_loss = 3.7892, ivc_loss = 0.0908, neg_loss_1 = 0.0102, neg_loss_2 = 0.0057, ref_loss = 0.0203, div_loss = 0.0109, 0.798 seconds/batch
2026-04-20 07:45:44,022 - Epoch 29, Batch 350, lr = 0.00004, final_loss = 3.7073, nll_loss = 3.6036, ref_nll_loss = 3.8111, ivc_loss = 0.0955, neg_loss_1 = 0.0123, neg_loss_2 = 0.0075, ref_loss = 0.0195, div_loss = 0.0112, 0.797 seconds/batch
2026-04-20 07:46:23,650 - Epoch 29, Batch 400, lr = 0.00004, final_loss = 3.6705, nll_loss = 3.5695, ref_nll_loss = 3.7716, ivc_loss = 0.0958, neg_loss_1 = 0.0105, neg_loss_2 = 0.0067, ref_loss = 0.0235, div_loss = 0.0110, 0.797 seconds/batch
2026-04-20 07:47:03,531 - Epoch 29, Batch 450, lr = 0.00004, final_loss = 3.7109, nll_loss = 3.6102, ref_nll_loss = 3.8116, ivc_loss = 0.0975, neg_loss_1 = 0.0125, neg_loss_2 = 0.0069, ref_loss = 0.0213, div_loss = 0.0114, 0.797 seconds/batch
2026-04-20 07:47:43,351 - Epoch 29, Batch 500, lr = 0.00004, final_loss = 3.6933, nll_loss = 3.5905, ref_nll_loss = 3.7961, ivc_loss = 0.0957, neg_loss_1 = 0.0115, neg_loss_2 = 0.0081, ref_loss = 0.0204, div_loss = 0.0112, 0.797 seconds/batch
2026-04-20 07:48:22,957 - Epoch 29, Batch 550, lr = 0.00004, final_loss = 3.6741, nll_loss = 3.5668, ref_nll_loss = 3.7814, ivc_loss = 0.0957, neg_loss_1 = 0.0111, neg_loss_2 = 0.0074, ref_loss = 0.0204, div_loss = 0.0114, 0.796 seconds/batch
2026-04-20 07:49:02,798 - Epoch 29, Batch 600, lr = 0.00004, final_loss = 3.6847, nll_loss = 3.5809, ref_nll_loss = 3.7885, ivc_loss = 0.0954, neg_loss_1 = 0.0107, neg_loss_2 = 0.0081, ref_loss = 0.0193, div_loss = 0.0115, 0.796 seconds/batch
2026-04-20 07:49:42,357 - Epoch 29, Batch 650, lr = 0.00004, final_loss = 3.6857, nll_loss = 3.5782, ref_nll_loss = 3.7931, ivc_loss = 0.0944, neg_loss_1 = 0.0123, neg_loss_2 = 0.0066, ref_loss = 0.0194, div_loss = 0.0112, 0.796 seconds/batch
2026-04-20 07:50:22,134 - Epoch 29, Batch 700, lr = 0.00004, final_loss = 3.6964, nll_loss = 3.5966, ref_nll_loss = 3.7961, ivc_loss = 0.0973, neg_loss_1 = 0.0126, neg_loss_2 = 0.0062, ref_loss = 0.0219, div_loss = 0.0113, 0.796 seconds/batch
2026-04-20 07:51:01,768 - Epoch 29, Batch 750, lr = 0.00004, final_loss = 3.6946, nll_loss = 3.5902, ref_nll_loss = 3.7990, ivc_loss = 0.0973, neg_loss_1 = 0.0115, neg_loss_2 = 0.0101, ref_loss = 0.0203, div_loss = 0.0111, 0.796 seconds/batch
2026-04-20 07:51:41,513 - Epoch 29, Batch 800, lr = 0.00004, final_loss = 3.7055, nll_loss = 3.6038, ref_nll_loss = 3.8072, ivc_loss = 0.0944, neg_loss_1 = 0.0113, neg_loss_2 = 0.0066, ref_loss = 0.0200, div_loss = 0.0113, 0.796 seconds/batch
2026-04-20 07:52:21,540 - Epoch 29, Batch 850, lr = 0.00004, final_loss = 3.7010, nll_loss = 3.5999, ref_nll_loss = 3.8021, ivc_loss = 0.0973, neg_loss_1 = 0.0117, neg_loss_2 = 0.0091, ref_loss = 0.0200, div_loss = 0.0113, 0.796 seconds/batch
2026-04-20 07:53:01,291 - Epoch 29, Batch 900, lr = 0.00004, final_loss = 3.6823, nll_loss = 3.5783, ref_nll_loss = 3.7863, ivc_loss = 0.0941, neg_loss_1 = 0.0126, neg_loss_2 = 0.0071, ref_loss = 0.0201, div_loss = 0.0109, 0.796 seconds/batch
2026-04-20 07:53:38,101 - Epoch 29, Batch 950, lr = 0.00004, final_loss = 3.7296, nll_loss = 3.6224, ref_nll_loss = 3.8368, ivc_loss = 0.0938, neg_loss_1 = 0.0111, neg_loss_2 = 0.0078, ref_loss = 0.0190, div_loss = 0.0112, 0.793 seconds/batch
2026-04-20 07:54:12,247 - Epoch 29, Batch 1000, lr = 0.00004, final_loss = 3.6883, nll_loss = 3.5823, ref_nll_loss = 3.7943, ivc_loss = 0.0970, neg_loss_1 = 0.0119, neg_loss_2 = 0.0092, ref_loss = 0.0203, div_loss = 0.0111, 0.787 seconds/batch
2026-04-20 07:54:44,561 - Epoch 29, Batch 1050, lr = 0.00004, final_loss = 3.6919, nll_loss = 3.5858, ref_nll_loss = 3.7980, ivc_loss = 0.0979, neg_loss_1 = 0.0133, neg_loss_2 = 0.0079, ref_loss = 0.0207, div_loss = 0.0112, 0.780 seconds/batch
2026-04-20 07:55:12,293 - Epoch 29, Batch 1100, lr = 0.00004, final_loss = 3.7428, nll_loss = 3.6398, ref_nll_loss = 3.8459, ivc_loss = 0.0977, neg_loss_1 = 0.0134, neg_loss_2 = 0.0063, ref_loss = 0.0213, div_loss = 0.0113, 0.770 seconds/batch
2026-04-20 07:55:34,138 - Epoch 29, Batch 1150, lr = 0.00004, final_loss = 3.7154, nll_loss = 3.6104, ref_nll_loss = 3.8203, ivc_loss = 0.0968, neg_loss_1 = 0.0125, neg_loss_2 = 0.0072, ref_loss = 0.0212, div_loss = 0.0112, 0.756 seconds/batch
2026-04-20 07:55:42,794 - Epoch 29, Batch 1170, lr = 0.00004, final_loss = 3.7180, nll_loss = 3.6084, ref_nll_loss = 3.8277, ivc_loss = 0.0914, neg_loss_1 = 0.0118, neg_loss_2 = 0.0056, ref_loss = 0.0178, div_loss = 0.0112, 0.750 seconds/batch
2026-04-20 07:55:42,867 - save model to checkpoints/activitynet_moe/cpl_moe/model-29.pt, num_updates 33930.
2026-04-20 07:59:21,966 - | R@1,mIoU 0.3080 | R@1,IoU@0.1 0.6808 | R@1,IoU@0.3 0.5038 | R@1,IoU@0.5 0.2446 | R@1,IoU@0.7 0.0955 | R@1,IoU@0.9 0.0119 | R@5,mIoU 0.5235 | R@5,IoU@0.1 0.9181 | R@5,IoU@0.3 0.7778 | R@5,IoU@0.5 0.5334 | R@5,IoU@0.7 0.3179 | R@5,IoU@0.9 0.0703 |
2026-04-20 07:59:21,967 - ============================================================
2026-04-20 07:59:21,967 - Start Epoch 30
2026-04-20 08:00:01,644 - Epoch 30, Batch 50, lr = 0.00004, final_loss = 3.6499, nll_loss = 3.5479, ref_nll_loss = 3.7519, ivc_loss = 0.0942, neg_loss_1 = 0.0112, neg_loss_2 = 0.0102, ref_loss = 0.0195, div_loss = 0.0107, 0.794 seconds/batch
2026-04-20 08:00:41,508 - Epoch 30, Batch 100, lr = 0.00004, final_loss = 3.6525, nll_loss = 3.5448, ref_nll_loss = 3.7602, ivc_loss = 0.0914, neg_loss_1 = 0.0120, neg_loss_2 = 0.0082, ref_loss = 0.0178, div_loss = 0.0107, 0.795 seconds/batch
2026-04-20 08:01:21,487 - Epoch 30, Batch 150, lr = 0.00004, final_loss = 3.6850, nll_loss = 3.5801, ref_nll_loss = 3.7898, ivc_loss = 0.0936, neg_loss_1 = 0.0104, neg_loss_2 = 0.0086, ref_loss = 0.0192, div_loss = 0.0111, 0.797 seconds/batch
2026-04-20 08:02:01,332 - Epoch 30, Batch 200, lr = 0.00004, final_loss = 3.6762, nll_loss = 3.5704, ref_nll_loss = 3.7821, ivc_loss = 0.0935, neg_loss_1 = 0.0135, neg_loss_2 = 0.0066, ref_loss = 0.0185, div_loss = 0.0110, 0.797 seconds/batch
2026-04-20 08:02:41,215 - Epoch 30, Batch 250, lr = 0.00004, final_loss = 3.6982, nll_loss = 3.5926, ref_nll_loss = 3.8037, ivc_loss = 0.0978, neg_loss_1 = 0.0129, neg_loss_2 = 0.0083, ref_loss = 0.0208, div_loss = 0.0112, 0.797 seconds/batch
2026-04-20 08:03:20,851 - Epoch 30, Batch 300, lr = 0.00004, final_loss = 3.6738, nll_loss = 3.5685, ref_nll_loss = 3.7791, ivc_loss = 0.0956, neg_loss_1 = 0.0096, neg_loss_2 = 0.0085, ref_loss = 0.0203, div_loss = 0.0114, 0.796 seconds/batch
2026-04-20 08:04:00,661 - Epoch 30, Batch 350, lr = 0.00004, final_loss = 3.6759, nll_loss = 3.5684, ref_nll_loss = 3.7834, ivc_loss = 0.0920, neg_loss_1 = 0.0093, neg_loss_2 = 0.0072, ref_loss = 0.0173, div_loss = 0.0116, 0.796 seconds/batch
2026-04-20 08:04:40,065 - Epoch 30, Batch 400, lr = 0.00004, final_loss = 3.7103, nll_loss = 3.6049, ref_nll_loss = 3.8157, ivc_loss = 0.0968, neg_loss_1 = 0.0103, neg_loss_2 = 0.0098, ref_loss = 0.0196, div_loss = 0.0114, 0.795 seconds/batch
2026-04-20 08:05:19,603 - Epoch 30, Batch 450, lr = 0.00004, final_loss = 3.6766, nll_loss = 3.5683, ref_nll_loss = 3.7849, ivc_loss = 0.0961, neg_loss_1 = 0.0131, neg_loss_2 = 0.0068, ref_loss = 0.0196, div_loss = 0.0113, 0.795 seconds/batch
2026-04-20 08:05:59,424 - Epoch 30, Batch 500, lr = 0.00004, final_loss = 3.7042, nll_loss = 3.5990, ref_nll_loss = 3.8095, ivc_loss = 0.0948, neg_loss_1 = 0.0129, neg_loss_2 = 0.0068, ref_loss = 0.0211, div_loss = 0.0108, 0.795 seconds/batch
2026-04-20 08:06:39,111 - Epoch 30, Batch 550, lr = 0.00004, final_loss = 3.6873, nll_loss = 3.5812, ref_nll_loss = 3.7934, ivc_loss = 0.0967, neg_loss_1 = 0.0156, neg_loss_2 = 0.0059, ref_loss = 0.0207, div_loss = 0.0109, 0.795 seconds/batch
2026-04-20 08:07:19,117 - Epoch 30, Batch 600, lr = 0.00004, final_loss = 3.7040, nll_loss = 3.6008, ref_nll_loss = 3.8072, ivc_loss = 0.0960, neg_loss_1 = 0.0121, neg_loss_2 = 0.0084, ref_loss = 0.0202, div_loss = 0.0110, 0.795 seconds/batch
2026-04-20 08:07:59,167 - Epoch 30, Batch 650, lr = 0.00004, final_loss = 3.6731, nll_loss = 3.5721, ref_nll_loss = 3.7741, ivc_loss = 0.0955, neg_loss_1 = 0.0122, neg_loss_2 = 0.0061, ref_loss = 0.0223, div_loss = 0.0110, 0.796 seconds/batch
2026-04-20 08:08:38,902 - Epoch 30, Batch 700, lr = 0.00004, final_loss = 3.6773, nll_loss = 3.5755, ref_nll_loss = 3.7791, ivc_loss = 0.0958, neg_loss_1 = 0.0137, neg_loss_2 = 0.0073, ref_loss = 0.0205, div_loss = 0.0109, 0.796 seconds/batch
2026-04-20 08:09:19,041 - Epoch 30, Batch 750, lr = 0.00004, final_loss = 3.7008, nll_loss = 3.5973, ref_nll_loss = 3.8042, ivc_loss = 0.0929, neg_loss_1 = 0.0103, neg_loss_2 = 0.0081, ref_loss = 0.0208, div_loss = 0.0107, 0.796 seconds/batch
2026-04-20 08:09:58,950 - Epoch 30, Batch 800, lr = 0.00004, final_loss = 3.7069, nll_loss = 3.6020, ref_nll_loss = 3.8117, ivc_loss = 0.0997, neg_loss_1 = 0.0153, neg_loss_2 = 0.0077, ref_loss = 0.0204, div_loss = 0.0113, 0.796 seconds/batch
2026-04-20 08:10:38,842 - Epoch 30, Batch 850, lr = 0.00004, final_loss = 3.7062, nll_loss = 3.6015, ref_nll_loss = 3.8109, ivc_loss = 0.0939, neg_loss_1 = 0.0115, neg_loss_2 = 0.0073, ref_loss = 0.0188, div_loss = 0.0112, 0.796 seconds/batch
2026-04-20 08:11:18,952 - Epoch 30, Batch 900, lr = 0.00004, final_loss = 3.7055, nll_loss = 3.6013, ref_nll_loss = 3.8098, ivc_loss = 0.1012, neg_loss_1 = 0.0130, neg_loss_2 = 0.0083, ref_loss = 0.0225, div_loss = 0.0115, 0.797 seconds/batch
2026-04-20 08:11:54,663 - Epoch 30, Batch 950, lr = 0.00004, final_loss = 3.7103, nll_loss = 3.6076, ref_nll_loss = 3.8130, ivc_loss = 0.0991, neg_loss_1 = 0.0125, neg_loss_2 = 0.0090, ref_loss = 0.0200, div_loss = 0.0115, 0.792 seconds/batch
2026-04-20 08:12:28,851 - Epoch 30, Batch 1000, lr = 0.00004, final_loss = 3.7104, nll_loss = 3.6023, ref_nll_loss = 3.8184, ivc_loss = 0.0968, neg_loss_1 = 0.0122, neg_loss_2 = 0.0088, ref_loss = 0.0184, div_loss = 0.0115, 0.787 seconds/batch
2026-04-20 08:13:00,858 - Epoch 30, Batch 1050, lr = 0.00004, final_loss = 3.7243, nll_loss = 3.6206, ref_nll_loss = 3.8281, ivc_loss = 0.1015, neg_loss_1 = 0.0130, neg_loss_2 = 0.0089, ref_loss = 0.0213, div_loss = 0.0117, 0.780 seconds/batch
2026-04-20 08:13:28,100 - Epoch 30, Batch 1100, lr = 0.00004, final_loss = 3.6717, nll_loss = 3.5707, ref_nll_loss = 3.7727, ivc_loss = 0.0999, neg_loss_1 = 0.0137, neg_loss_2 = 0.0084, ref_loss = 0.0229, div_loss = 0.0110, 0.769 seconds/batch
2026-04-20 08:13:49,683 - Epoch 30, Batch 1150, lr = 0.00004, final_loss = 3.6972, nll_loss = 3.5913, ref_nll_loss = 3.8032, ivc_loss = 0.0969, neg_loss_1 = 0.0118, neg_loss_2 = 0.0081, ref_loss = 0.0198, div_loss = 0.0115, 0.755 seconds/batch
2026-04-20 08:13:58,328 - Epoch 30, Batch 1170, lr = 0.00004, final_loss = 3.6734, nll_loss = 3.5604, ref_nll_loss = 3.7863, ivc_loss = 0.0921, neg_loss_1 = 0.0122, neg_loss_2 = 0.0086, ref_loss = 0.0172, div_loss = 0.0108, 0.749 seconds/batch
2026-04-20 08:13:58,403 - save model to checkpoints/activitynet_moe/cpl_moe/model-30.pt, num_updates 35100.
2026-04-20 08:16:18,615 - | R@1,mIoU 0.3067 | R@1,IoU@0.1 0.6724 | R@1,IoU@0.3 0.5047 | R@1,IoU@0.5 0.2438 | R@1,IoU@0.7 0.0951 | R@1,IoU@0.9 0.0128 | R@5,mIoU 0.5232 | R@5,IoU@0.1 0.9156 | R@5,IoU@0.3 0.7744 | R@5,IoU@0.5 0.5324 | R@5,IoU@0.7 0.3181 | R@5,IoU@0.9 0.0731 |
2026-04-20 08:16:18,615 - ============================================================
2026-04-20 08:16:18,615 - Best results:
2026-04-20 08:16:18,615 - | R@1,mIoU 0.3189 | R@1,IoU@0.1 0.7331 | R@1,IoU@0.3 0.5385 | R@1,IoU@0.5 0.2377 | R@1,IoU@0.7 0.0769 | R@1,IoU@0.9 0.0078 | R@5,mIoU 0.5257 | R@5,IoU@0.1 0.9216 | R@5,IoU@0.3 0.7829 | R@5,IoU@0.5 0.5354 | R@5,IoU@0.7 0.3162 | R@5,IoU@0.9 0.0705 |
