2026-05-12 11:07:05,627 - Starting time: 2026.05.12 11:07:05
2026-05-12 11:07:05,627 - {
    "config_path": "config/activitynet/config_refact.json",
    "ckpt_path": null,
    "eval": false,
    "exp_name": "base",
    "seed": 8
}
2026-05-12 11:07:05,627 - {
    "exp_name": "exp-activitynet_refact",
    "dataset": {
        "name": "ActivityNet",
        "feature_path": "/data/chenyuan/videogrounding/cpl-main/data/activitynet/sub_activitynet_v1-3.c3d.hdf5",
        "train_data": "data/activitynet/train_data.json",
        "test_data": "data/activitynet/test_data.json",
        "vocab_path": "data/activitynet/glove.pkl",
        "vocab_size": 8000,
        "max_num_words": 20,
        "max_num_segments": 200,
        "frame_feat_dim": 500,
        "word_feat_dim": 300
    },
    "train": {
        "wandb_path": "./",
        "log_path": "./log",
        "save_path": "./checkpoints/activitynet/exp-activitynet_refact_2026-05-12_11-07-05",
        "batch_size": 32,
        "num_epochs": 30,
        "use_wandb": true,
        "save_model": true,
        "optimizer": {
            "lr": 0.0004,
            "weight_decay": 0,
            "warmup_updates": 400,
            "warmup_init_lr": 1e-07
        }
    },
    "model": {
        "name": "PPS",
        "frame_feat_dim": 500,
        "word_feat_dim": 300,
        "hidden_dim": 256,
        "dropout": 0.1,
        "masked_words_ratio": 3,
        "mask_type": "gaussian",
        "num_props": 5,
        "sigma_gauss": 4,
        "sigma_laplace": 4,
        "num_neg_mask": 2,
        "sigma_neg_inv_gauss": 1,
        "sigma_neg_gauss": 3,
        "use_attn": true,
        "pred_gamma": 0.15,
        "neg_type": "learnable_gaussian",
        "DualTransformer": {
            "d_model": 256,
            "num_heads": 4,
            "num_decoder_layers1": 3,
            "num_decoder_layers2": 3,
            "dropout": 0.1
        },
        "max_num_words": 20
    },
    "loss": {
        "margin_hneg": 0.1,
        "margin_eneg": 0.15,
        "lambda_inter_push": 0.15,
        "lambda_intra_push": 0.15,
        "alpha_ivc": 1,
        "alpha_pull": 0.2,
        "alpha_inter_push": 0.2,
        "alpha_intra_push": 0.005,
        "num_train_prop": 1
    },
    "config_path": "config/activitynet/config_refact.json"
}
2026-05-12 11:07:06,610 - train: 37421 samples, test: 17031 samples
2026-05-12 11:07:52,860 - Start Epoch 1
2026-05-12 11:07:58,117 - Please install tensorboardX: pip install tensorboardX
2026-05-12 11:08:31,576 - Epoch 1, Batch 50, lr = 0.00005, final_loss = 8.6787, nll_loss = 8.6495, hneg_nll_loss = 8.7078, ivc_loss = 0.1754, neg_loss = 0.0839, hneg_loss = 0.0535, push_loss = 0.2966, pull_loss = 0.1123, 0.774 seconds/batch
2026-05-12 11:08:58,785 - Epoch 1, Batch 100, lr = 0.00010, final_loss = 7.5533, nll_loss = 7.5314, hneg_nll_loss = 7.5751, ivc_loss = 0.1670, neg_loss = 0.0928, hneg_loss = 0.0598, push_loss = 0.3118, pull_loss = 0.0214, 0.659 seconds/batch
2026-05-12 11:09:21,841 - Epoch 1, Batch 150, lr = 0.00015, final_loss = 6.7552, nll_loss = 6.7350, hneg_nll_loss = 6.7755, ivc_loss = 0.1746, neg_loss = 0.1014, hneg_loss = 0.0619, push_loss = 0.3189, pull_loss = 0.0131, 0.593 seconds/batch
2026-05-12 11:09:45,134 - Epoch 1, Batch 200, lr = 0.00020, final_loss = 6.3230, nll_loss = 6.2980, hneg_nll_loss = 6.3481, ivc_loss = 0.1567, neg_loss = 0.0926, hneg_loss = 0.0552, push_loss = 0.3770, pull_loss = 0.0117, 0.561 seconds/batch
2026-05-12 11:10:08,422 - Epoch 1, Batch 250, lr = 0.00025, final_loss = 6.1664, nll_loss = 6.1330, hneg_nll_loss = 6.1997, ivc_loss = 0.1339, neg_loss = 0.0738, hneg_loss = 0.0485, push_loss = 0.4751, pull_loss = 0.0301, 0.542 seconds/batch
2026-05-12 11:10:31,491 - Epoch 1, Batch 300, lr = 0.00030, final_loss = 6.0420, nll_loss = 6.0061, hneg_nll_loss = 6.0778, ivc_loss = 0.1335, neg_loss = 0.0700, hneg_loss = 0.0469, push_loss = 0.5644, pull_loss = 0.0439, 0.529 seconds/batch
2026-05-12 11:10:54,746 - Epoch 1, Batch 350, lr = 0.00035, final_loss = 5.9389, nll_loss = 5.9025, hneg_nll_loss = 5.9754, ivc_loss = 0.1125, neg_loss = 0.0577, hneg_loss = 0.0459, push_loss = 0.6441, pull_loss = 0.0129, 0.520 seconds/batch
2026-05-12 11:11:14,006 - Epoch 1, Batch 400, lr = 0.00040, final_loss = 5.8722, nll_loss = 5.8328, hneg_nll_loss = 5.9117, ivc_loss = 0.1056, neg_loss = 0.0531, hneg_loss = 0.0438, push_loss = 0.5246, pull_loss = 0.0200, 0.503 seconds/batch
2026-05-12 11:11:32,322 - Epoch 1, Batch 450, lr = 0.00038, final_loss = 5.7979, nll_loss = 5.7601, hneg_nll_loss = 5.8357, ivc_loss = 0.1034, neg_loss = 0.0494, hneg_loss = 0.0454, push_loss = 0.5959, pull_loss = 0.0163, 0.488 seconds/batch
2026-05-12 11:11:53,918 - Epoch 1, Batch 500, lr = 0.00036, final_loss = 5.6712, nll_loss = 5.6291, hneg_nll_loss = 5.7133, ivc_loss = 0.0952, neg_loss = 0.0442, hneg_loss = 0.0421, push_loss = 0.5530, pull_loss = 0.0217, 0.482 seconds/batch
2026-05-12 11:12:19,456 - Epoch 1, Batch 550, lr = 0.00034, final_loss = 5.6328, nll_loss = 5.5911, hneg_nll_loss = 5.6744, ivc_loss = 0.0941, neg_loss = 0.0427, hneg_loss = 0.0434, push_loss = 0.6018, pull_loss = 0.0134, 0.485 seconds/batch
2026-05-12 11:12:48,514 - Epoch 1, Batch 600, lr = 0.00033, final_loss = 5.5590, nll_loss = 5.5158, hneg_nll_loss = 5.6022, ivc_loss = 0.0987, neg_loss = 0.0483, hneg_loss = 0.0421, push_loss = 0.5779, pull_loss = 0.0174, 0.493 seconds/batch
2026-05-12 11:13:15,029 - Epoch 1, Batch 650, lr = 0.00031, final_loss = 5.5336, nll_loss = 5.4907, hneg_nll_loss = 5.5765, ivc_loss = 0.0994, neg_loss = 0.0481, hneg_loss = 0.0425, push_loss = 0.5289, pull_loss = 0.0180, 0.496 seconds/batch
2026-05-12 11:13:38,597 - Epoch 1, Batch 700, lr = 0.00030, final_loss = 5.4933, nll_loss = 5.4500, hneg_nll_loss = 5.5366, ivc_loss = 0.0919, neg_loss = 0.0417, hneg_loss = 0.0424, push_loss = 0.5254, pull_loss = 0.0138, 0.494 seconds/batch
2026-05-12 11:14:01,891 - Epoch 1, Batch 750, lr = 0.00029, final_loss = 5.5043, nll_loss = 5.4602, hneg_nll_loss = 5.5484, ivc_loss = 0.0901, neg_loss = 0.0408, hneg_loss = 0.0413, push_loss = 0.5169, pull_loss = 0.0170, 0.492 seconds/batch
2026-05-12 11:14:25,060 - Epoch 1, Batch 800, lr = 0.00028, final_loss = 5.4244, nll_loss = 5.3808, hneg_nll_loss = 5.4680, ivc_loss = 0.0908, neg_loss = 0.0409, hneg_loss = 0.0428, push_loss = 0.5268, pull_loss = 0.0155, 0.490 seconds/batch
2026-05-12 11:14:48,242 - Epoch 1, Batch 850, lr = 0.00027, final_loss = 5.3927, nll_loss = 5.3478, hneg_nll_loss = 5.4376, ivc_loss = 0.0878, neg_loss = 0.0383, hneg_loss = 0.0426, push_loss = 0.5400, pull_loss = 0.0125, 0.489 seconds/batch
2026-05-12 11:15:07,017 - Epoch 1, Batch 900, lr = 0.00027, final_loss = 5.3879, nll_loss = 5.3430, hneg_nll_loss = 5.4329, ivc_loss = 0.0915, neg_loss = 0.0411, hneg_loss = 0.0425, push_loss = 0.4951, pull_loss = 0.0160, 0.482 seconds/batch
2026-05-12 11:15:25,097 - Epoch 1, Batch 950, lr = 0.00026, final_loss = 5.3508, nll_loss = 5.3038, hneg_nll_loss = 5.3979, ivc_loss = 0.0848, neg_loss = 0.0364, hneg_loss = 0.0417, push_loss = 0.5682, pull_loss = 0.0114, 0.476 seconds/batch
2026-05-12 11:15:46,646 - Epoch 1, Batch 1000, lr = 0.00025, final_loss = 5.3337, nll_loss = 5.2869, hneg_nll_loss = 5.3805, ivc_loss = 0.0885, neg_loss = 0.0388, hneg_loss = 0.0426, push_loss = 0.5498, pull_loss = 0.0101, 0.474 seconds/batch
2026-05-12 11:16:10,292 - Epoch 1, Batch 1050, lr = 0.00025, final_loss = 5.3136, nll_loss = 5.2655, hneg_nll_loss = 5.3618, ivc_loss = 0.0826, neg_loss = 0.0357, hneg_loss = 0.0397, push_loss = 0.4897, pull_loss = 0.0095, 0.474 seconds/batch
2026-05-12 11:16:33,565 - Epoch 1, Batch 1100, lr = 0.00024, final_loss = 5.2709, nll_loss = 5.2250, hneg_nll_loss = 5.3169, ivc_loss = 0.0907, neg_loss = 0.0404, hneg_loss = 0.0433, push_loss = 0.5573, pull_loss = 0.0106, 0.473 seconds/batch
2026-05-12 11:16:56,954 - Epoch 1, Batch 1150, lr = 0.00024, final_loss = 5.2472, nll_loss = 5.2000, hneg_nll_loss = 5.2944, ivc_loss = 0.0874, neg_loss = 0.0378, hneg_loss = 0.0421, push_loss = 0.5036, pull_loss = 0.0118, 0.473 seconds/batch
2026-05-12 11:17:06,245 - Epoch 1, Batch 1170, lr = 0.00023, final_loss = 5.2566, nll_loss = 5.2119, hneg_nll_loss = 5.3014, ivc_loss = 0.0849, neg_loss = 0.0347, hneg_loss = 0.0430, push_loss = 0.4767, pull_loss = 0.0108, 0.473 seconds/batch
2026-05-12 11:17:06,377 - save model to ./checkpoints/activitynet/exp-activitynet_refact_2026-05-12_11-07-05/model-1.pt, num_updates 1170.
2026-05-12 11:20:38,453 - | Rank1,mIoU 0.1737 | Rank1,IoU@0.1 0.4547 | Rank1,IoU@0.3 0.2195 | Rank1,IoU@0.5 0.1317 | Rank5,mIoU 0.4304 | Rank5,IoU@0.1 0.9572 | Rank5,IoU@0.3 0.7020 | Rank5,IoU@0.5 0.3209 |
2026-05-12 11:20:38,454 - ============================================================
2026-05-12 11:20:38,454 - Start Epoch 2
2026-05-12 11:21:02,022 - Epoch 2, Batch 50, lr = 0.00023, final_loss = 5.1752, nll_loss = 5.1242, hneg_nll_loss = 5.2263, ivc_loss = 0.0809, neg_loss = 0.0350, hneg_loss = 0.0393, push_loss = 0.4851, pull_loss = 0.0093, 0.471 seconds/batch
2026-05-12 11:21:26,224 - Epoch 2, Batch 100, lr = 0.00022, final_loss = 5.2262, nll_loss = 5.1780, hneg_nll_loss = 5.2745, ivc_loss = 0.0855, neg_loss = 0.0354, hneg_loss = 0.0432, push_loss = 0.4148, pull_loss = 0.0136, 0.478 seconds/batch
2026-05-12 11:21:46,790 - Epoch 2, Batch 150, lr = 0.00022, final_loss = 5.2162, nll_loss = 5.1673, hneg_nll_loss = 5.2651, ivc_loss = 0.0827, neg_loss = 0.0340, hneg_loss = 0.0416, push_loss = 0.5092, pull_loss = 0.0112, 0.456 seconds/batch
2026-05-12 11:22:06,843 - Epoch 2, Batch 200, lr = 0.00022, final_loss = 5.1689, nll_loss = 5.1188, hneg_nll_loss = 5.2190, ivc_loss = 0.0803, neg_loss = 0.0323, hneg_loss = 0.0413, push_loss = 0.4988, pull_loss = 0.0102, 0.442 seconds/batch
2026-05-12 11:22:30,019 - Epoch 2, Batch 250, lr = 0.00021, final_loss = 5.1226, nll_loss = 5.0702, hneg_nll_loss = 5.1750, ivc_loss = 0.0786, neg_loss = 0.0335, hneg_loss = 0.0382, push_loss = 0.4449, pull_loss = 0.0113, 0.446 seconds/batch
2026-05-12 11:22:53,345 - Epoch 2, Batch 300, lr = 0.00021, final_loss = 5.1163, nll_loss = 5.0672, hneg_nll_loss = 5.1653, ivc_loss = 0.0802, neg_loss = 0.0327, hneg_loss = 0.0412, push_loss = 0.4560, pull_loss = 0.0105, 0.450 seconds/batch
2026-05-12 11:23:16,627 - Epoch 2, Batch 350, lr = 0.00021, final_loss = 5.1033, nll_loss = 5.0547, hneg_nll_loss = 5.1519, ivc_loss = 0.0797, neg_loss = 0.0326, hneg_loss = 0.0408, push_loss = 0.4469, pull_loss = 0.0100, 0.452 seconds/batch
2026-05-12 11:23:39,717 - Epoch 2, Batch 400, lr = 0.00020, final_loss = 5.1201, nll_loss = 5.0693, hneg_nll_loss = 5.1710, ivc_loss = 0.0789, neg_loss = 0.0319, hneg_loss = 0.0409, push_loss = 0.4420, pull_loss = 0.0087, 0.453 seconds/batch
2026-05-12 11:24:02,979 - Epoch 2, Batch 450, lr = 0.00020, final_loss = 5.0963, nll_loss = 5.0493, hneg_nll_loss = 5.1434, ivc_loss = 0.0816, neg_loss = 0.0323, hneg_loss = 0.0430, push_loss = 0.4516, pull_loss = 0.0081, 0.454 seconds/batch
2026-05-12 11:24:26,373 - Epoch 2, Batch 500, lr = 0.00020, final_loss = 5.1115, nll_loss = 5.0628, hneg_nll_loss = 5.1602, ivc_loss = 0.0788, neg_loss = 0.0316, hneg_loss = 0.0407, push_loss = 0.4429, pull_loss = 0.0082, 0.456 seconds/batch
2026-05-12 11:24:49,682 - Epoch 2, Batch 550, lr = 0.00019, final_loss = 5.0864, nll_loss = 5.0376, hneg_nll_loss = 5.1352, ivc_loss = 0.0797, neg_loss = 0.0317, hneg_loss = 0.0416, push_loss = 0.4760, pull_loss = 0.0083, 0.457 seconds/batch
2026-05-12 11:25:12,954 - Epoch 2, Batch 600, lr = 0.00019, final_loss = 5.0782, nll_loss = 5.0284, hneg_nll_loss = 5.1279, ivc_loss = 0.0798, neg_loss = 0.0330, hneg_loss = 0.0405, push_loss = 0.4639, pull_loss = 0.0078, 0.457 seconds/batch
2026-05-12 11:25:32,155 - Epoch 2, Batch 650, lr = 0.00019, final_loss = 5.0564, nll_loss = 5.0060, hneg_nll_loss = 5.1068, ivc_loss = 0.0784, neg_loss = 0.0320, hneg_loss = 0.0400, push_loss = 0.4323, pull_loss = 0.0089, 0.452 seconds/batch
2026-05-12 11:25:50,068 - Epoch 2, Batch 700, lr = 0.00018, final_loss = 5.0668, nll_loss = 5.0173, hneg_nll_loss = 5.1163, ivc_loss = 0.0836, neg_loss = 0.0354, hneg_loss = 0.0417, push_loss = 0.4535, pull_loss = 0.0080, 0.445 seconds/batch
2026-05-12 11:26:11,422 - Epoch 2, Batch 750, lr = 0.00018, final_loss = 5.0625, nll_loss = 5.0122, hneg_nll_loss = 5.1129, ivc_loss = 0.0779, neg_loss = 0.0318, hneg_loss = 0.0400, push_loss = 0.5008, pull_loss = 0.0081, 0.444 seconds/batch
2026-05-12 11:26:34,575 - Epoch 2, Batch 800, lr = 0.00018, final_loss = 5.0332, nll_loss = 4.9808, hneg_nll_loss = 5.0855, ivc_loss = 0.0753, neg_loss = 0.0302, hneg_loss = 0.0390, push_loss = 0.4998, pull_loss = 0.0093, 0.445 seconds/batch
2026-05-12 11:26:57,839 - Epoch 2, Batch 850, lr = 0.00018, final_loss = 5.0499, nll_loss = 4.9973, hneg_nll_loss = 5.1026, ivc_loss = 0.0751, neg_loss = 0.0324, hneg_loss = 0.0365, push_loss = 0.4796, pull_loss = 0.0087, 0.446 seconds/batch
2026-05-12 11:27:21,047 - Epoch 2, Batch 900, lr = 0.00018, final_loss = 5.0265, nll_loss = 4.9775, hneg_nll_loss = 5.0755, ivc_loss = 0.0811, neg_loss = 0.0322, hneg_loss = 0.0427, push_loss = 0.4773, pull_loss = 0.0091, 0.447 seconds/batch
2026-05-12 11:27:44,158 - Epoch 2, Batch 950, lr = 0.00017, final_loss = 5.0211, nll_loss = 4.9708, hneg_nll_loss = 5.0714, ivc_loss = 0.0785, neg_loss = 0.0304, hneg_loss = 0.0422, push_loss = 0.4458, pull_loss = 0.0075, 0.448 seconds/batch
2026-05-12 11:28:07,511 - Epoch 2, Batch 1000, lr = 0.00017, final_loss = 5.0394, nll_loss = 4.9912, hneg_nll_loss = 5.0876, ivc_loss = 0.0842, neg_loss = 0.0346, hneg_loss = 0.0428, push_loss = 0.4605, pull_loss = 0.0073, 0.449 seconds/batch
2026-05-12 11:28:30,623 - Epoch 2, Batch 1050, lr = 0.00017, final_loss = 5.0077, nll_loss = 4.9556, hneg_nll_loss = 5.0598, ivc_loss = 0.0775, neg_loss = 0.0304, hneg_loss = 0.0409, push_loss = 0.4335, pull_loss = 0.0064, 0.450 seconds/batch
2026-05-12 11:28:53,866 - Epoch 2, Batch 1100, lr = 0.00017, final_loss = 5.0201, nll_loss = 4.9704, hneg_nll_loss = 5.0699, ivc_loss = 0.0801, neg_loss = 0.0326, hneg_loss = 0.0416, push_loss = 0.4484, pull_loss = 0.0071, 0.450 seconds/batch
2026-05-12 11:29:15,720 - Epoch 2, Batch 1150, lr = 0.00017, final_loss = 4.9788, nll_loss = 4.9287, hneg_nll_loss = 5.0288, ivc_loss = 0.0780, neg_loss = 0.0312, hneg_loss = 0.0406, push_loss = 0.4376, pull_loss = 0.0079, 0.450 seconds/batch
2026-05-12 11:29:23,017 - Epoch 2, Batch 1170, lr = 0.00017, final_loss = 5.0184, nll_loss = 4.9676, hneg_nll_loss = 5.0691, ivc_loss = 0.0815, neg_loss = 0.0368, hneg_loss = 0.0384, push_loss = 0.4403, pull_loss = 0.0075, 0.448 seconds/batch
2026-05-12 11:29:23,148 - save model to ./checkpoints/activitynet/exp-activitynet_refact_2026-05-12_11-07-05/model-2.pt, num_updates 2340.
2026-05-12 11:32:42,718 - | Rank1,mIoU 0.1743 | Rank1,IoU@0.1 0.4693 | Rank1,IoU@0.3 0.2437 | Rank1,IoU@0.5 0.1010 | Rank5,mIoU 0.4495 | Rank5,IoU@0.1 0.9692 | Rank5,IoU@0.3 0.7483 | Rank5,IoU@0.5 0.3383 |
2026-05-12 11:32:42,719 - ============================================================
2026-05-12 11:32:42,719 - Start Epoch 3
2026-05-12 11:33:06,556 - Epoch 3, Batch 50, lr = 0.00016, final_loss = 4.9417, nll_loss = 4.8931, hneg_nll_loss = 4.9903, ivc_loss = 0.0839, neg_loss = 0.0343, hneg_loss = 0.0432, push_loss = 0.4654, pull_loss = 0.0074, 0.477 seconds/batch
2026-05-12 11:33:29,796 - Epoch 3, Batch 100, lr = 0.00016, final_loss = 4.9596, nll_loss = 4.9094, hneg_nll_loss = 5.0097, ivc_loss = 0.0760, neg_loss = 0.0283, hneg_loss = 0.0418, push_loss = 0.4216, pull_loss = 0.0066, 0.471 seconds/batch
2026-05-12 11:33:53,081 - Epoch 3, Batch 150, lr = 0.00016, final_loss = 4.9232, nll_loss = 4.8717, hneg_nll_loss = 4.9747, ivc_loss = 0.0748, neg_loss = 0.0295, hneg_loss = 0.0395, push_loss = 0.3919, pull_loss = 0.0067, 0.469 seconds/batch
2026-05-12 11:34:16,391 - Epoch 3, Batch 200, lr = 0.00016, final_loss = 4.9506, nll_loss = 4.9010, hneg_nll_loss = 5.0001, ivc_loss = 0.0779, neg_loss = 0.0303, hneg_loss = 0.0415, push_loss = 0.4119, pull_loss = 0.0067, 0.468 seconds/batch
2026-05-12 11:34:39,583 - Epoch 3, Batch 250, lr = 0.00016, final_loss = 4.9318, nll_loss = 4.8800, hneg_nll_loss = 4.9835, ivc_loss = 0.0747, neg_loss = 0.0289, hneg_loss = 0.0394, push_loss = 0.3934, pull_loss = 0.0070, 0.467 seconds/batch
2026-05-12 11:35:02,941 - Epoch 3, Batch 300, lr = 0.00016, final_loss = 4.8977, nll_loss = 4.8479, hneg_nll_loss = 4.9475, ivc_loss = 0.0776, neg_loss = 0.0292, hneg_loss = 0.0422, push_loss = 0.3826, pull_loss = 0.0071, 0.467 seconds/batch
2026-05-12 11:35:25,940 - Epoch 3, Batch 350, lr = 0.00015, final_loss = 4.8907, nll_loss = 4.8399, hneg_nll_loss = 4.9415, ivc_loss = 0.0736, neg_loss = 0.0285, hneg_loss = 0.0391, push_loss = 0.3943, pull_loss = 0.0063, 0.466 seconds/batch
2026-05-12 11:35:47,669 - Epoch 3, Batch 400, lr = 0.00015, final_loss = 4.8973, nll_loss = 4.8459, hneg_nll_loss = 4.9486, ivc_loss = 0.0759, neg_loss = 0.0284, hneg_loss = 0.0412, push_loss = 0.3611, pull_loss = 0.0059, 0.462 seconds/batch
2026-05-12 11:36:05,788 - Epoch 3, Batch 450, lr = 0.00015, final_loss = 4.8704, nll_loss = 4.8204, hneg_nll_loss = 4.9204, ivc_loss = 0.0732, neg_loss = 0.0267, hneg_loss = 0.0402, push_loss = 0.3758, pull_loss = 0.0059, 0.451 seconds/batch
2026-05-12 11:36:24,873 - Epoch 3, Batch 500, lr = 0.00015, final_loss = 4.9230, nll_loss = 4.8719, hneg_nll_loss = 4.9741, ivc_loss = 0.0728, neg_loss = 0.0261, hneg_loss = 0.0405, push_loss = 0.4032, pull_loss = 0.0063, 0.444 seconds/batch
2026-05-12 11:36:48,100 - Epoch 3, Batch 550, lr = 0.00015, final_loss = 4.8968, nll_loss = 4.8436, hneg_nll_loss = 4.9501, ivc_loss = 0.0718, neg_loss = 0.0275, hneg_loss = 0.0382, push_loss = 0.4442, pull_loss = 0.0055, 0.446 seconds/batch
2026-05-12 11:37:11,401 - Epoch 3, Batch 600, lr = 0.00015, final_loss = 4.8943, nll_loss = 4.8429, hneg_nll_loss = 4.9456, ivc_loss = 0.0776, neg_loss = 0.0306, hneg_loss = 0.0410, push_loss = 0.4515, pull_loss = 0.0054, 0.448 seconds/batch
2026-05-12 11:37:34,701 - Epoch 3, Batch 650, lr = 0.00015, final_loss = 4.8794, nll_loss = 4.8271, hneg_nll_loss = 4.9317, ivc_loss = 0.0750, neg_loss = 0.0285, hneg_loss = 0.0402, push_loss = 0.4214, pull_loss = 0.0058, 0.449 seconds/batch
2026-05-12 11:37:58,011 - Epoch 3, Batch 700, lr = 0.00015, final_loss = 4.9149, nll_loss = 4.8607, hneg_nll_loss = 4.9691, ivc_loss = 0.0740, neg_loss = 0.0291, hneg_loss = 0.0384, push_loss = 0.4364, pull_loss = 0.0051, 0.450 seconds/batch
2026-05-12 11:38:21,120 - Epoch 3, Batch 750, lr = 0.00014, final_loss = 4.8482, nll_loss = 4.7968, hneg_nll_loss = 4.8995, ivc_loss = 0.0766, neg_loss = 0.0280, hneg_loss = 0.0427, push_loss = 0.4387, pull_loss = 0.0062, 0.451 seconds/batch
2026-05-12 11:38:44,338 - Epoch 3, Batch 800, lr = 0.00014, final_loss = 4.8873, nll_loss = 4.8369, hneg_nll_loss = 4.9377, ivc_loss = 0.0771, neg_loss = 0.0297, hneg_loss = 0.0412, push_loss = 0.3948, pull_loss = 0.0051, 0.452 seconds/batch
2026-05-12 11:39:07,573 - Epoch 3, Batch 850, lr = 0.00014, final_loss = 4.8605, nll_loss = 4.8075, hneg_nll_loss = 4.9135, ivc_loss = 0.0751, neg_loss = 0.0298, hneg_loss = 0.0391, push_loss = 0.3902, pull_loss = 0.0059, 0.453 seconds/batch
2026-05-12 11:39:30,651 - Epoch 3, Batch 900, lr = 0.00014, final_loss = 4.8541, nll_loss = 4.8022, hneg_nll_loss = 4.9060, ivc_loss = 0.0774, neg_loss = 0.0314, hneg_loss = 0.0399, push_loss = 0.3861, pull_loss = 0.0049, 0.453 seconds/batch
2026-05-12 11:39:49,539 - Epoch 3, Batch 950, lr = 0.00014, final_loss = 4.8861, nll_loss = 4.8340, hneg_nll_loss = 4.9383, ivc_loss = 0.0747, neg_loss = 0.0287, hneg_loss = 0.0402, push_loss = 0.4415, pull_loss = 0.0051, 0.449 seconds/batch
2026-05-12 11:40:07,623 - Epoch 3, Batch 1000, lr = 0.00014, final_loss = 4.8530, nll_loss = 4.8023, hneg_nll_loss = 4.9038, ivc_loss = 0.0737, neg_loss = 0.0260, hneg_loss = 0.0418, push_loss = 0.4320, pull_loss = 0.0053, 0.445 seconds/batch
2026-05-12 11:40:29,490 - Epoch 3, Batch 1050, lr = 0.00014, final_loss = 4.8283, nll_loss = 4.7778, hneg_nll_loss = 4.8789, ivc_loss = 0.0735, neg_loss = 0.0274, hneg_loss = 0.0404, push_loss = 0.4277, pull_loss = 0.0057, 0.445 seconds/batch
2026-05-12 11:40:52,742 - Epoch 3, Batch 1100, lr = 0.00014, final_loss = 4.8409, nll_loss = 4.7888, hneg_nll_loss = 4.8930, ivc_loss = 0.0734, neg_loss = 0.0280, hneg_loss = 0.0399, push_loss = 0.4350, pull_loss = 0.0050, 0.445 seconds/batch
2026-05-12 11:41:16,008 - Epoch 3, Batch 1150, lr = 0.00014, final_loss = 4.8197, nll_loss = 4.7669, hneg_nll_loss = 4.8725, ivc_loss = 0.0764, neg_loss = 0.0302, hneg_loss = 0.0407, push_loss = 0.4235, pull_loss = 0.0046, 0.446 seconds/batch
2026-05-12 11:41:25,226 - Epoch 3, Batch 1170, lr = 0.00014, final_loss = 4.9068, nll_loss = 4.8511, hneg_nll_loss = 4.9625, ivc_loss = 0.0700, neg_loss = 0.0282, hneg_loss = 0.0368, push_loss = 0.4418, pull_loss = 0.0047, 0.447 seconds/batch
2026-05-12 11:41:25,359 - save model to ./checkpoints/activitynet/exp-activitynet_refact_2026-05-12_11-07-05/model-3.pt, num_updates 3510.
2026-05-12 11:44:52,090 - | Rank1,mIoU 0.1552 | Rank1,IoU@0.1 0.4363 | Rank1,IoU@0.3 0.1994 | Rank1,IoU@0.5 0.1007 | Rank5,mIoU 0.4684 | Rank5,IoU@0.1 0.9691 | Rank5,IoU@0.3 0.7726 | Rank5,IoU@0.5 0.4105 |
2026-05-12 11:44:52,091 - ============================================================
2026-05-12 11:44:52,091 - Start Epoch 4
2026-05-12 11:45:15,574 - Epoch 4, Batch 50, lr = 0.00013, final_loss = 4.7942, nll_loss = 4.7436, hneg_nll_loss = 4.8448, ivc_loss = 0.0732, neg_loss = 0.0252, hneg_loss = 0.0426, push_loss = 0.4275, pull_loss = 0.0049, 0.470 seconds/batch
2026-05-12 11:45:38,706 - Epoch 4, Batch 100, lr = 0.00013, final_loss = 4.8081, nll_loss = 4.7557, hneg_nll_loss = 4.8606, ivc_loss = 0.0696, neg_loss = 0.0234, hneg_loss = 0.0399, push_loss = 0.3916, pull_loss = 0.0056, 0.466 seconds/batch
2026-05-12 11:46:01,407 - Epoch 4, Batch 150, lr = 0.00013, final_loss = 4.8202, nll_loss = 4.7677, hneg_nll_loss = 4.8726, ivc_loss = 0.0719, neg_loss = 0.0255, hneg_loss = 0.0402, push_loss = 0.3777, pull_loss = 0.0053, 0.462 seconds/batch
2026-05-12 11:46:19,914 - Epoch 4, Batch 200, lr = 0.00013, final_loss = 4.7756, nll_loss = 4.7237, hneg_nll_loss = 4.8274, ivc_loss = 0.0682, neg_loss = 0.0222, hneg_loss = 0.0398, push_loss = 0.3611, pull_loss = 0.0042, 0.439 seconds/batch
2026-05-12 11:46:38,684 - Epoch 4, Batch 250, lr = 0.00013, final_loss = 4.7964, nll_loss = 4.7420, hneg_nll_loss = 4.8508, ivc_loss = 0.0701, neg_loss = 0.0251, hneg_loss = 0.0392, push_loss = 0.3653, pull_loss = 0.0045, 0.426 seconds/batch
2026-05-12 11:47:01,777 - Epoch 4, Batch 300, lr = 0.00013, final_loss = 4.7759, nll_loss = 4.7249, hneg_nll_loss = 4.8268, ivc_loss = 0.0728, neg_loss = 0.0261, hneg_loss = 0.0402, push_loss = 0.3443, pull_loss = 0.0044, 0.432 seconds/batch
2026-05-12 11:47:24,990 - Epoch 4, Batch 350, lr = 0.00013, final_loss = 4.7636, nll_loss = 4.7100, hneg_nll_loss = 4.8173, ivc_loss = 0.0704, neg_loss = 0.0237, hneg_loss = 0.0409, push_loss = 0.3597, pull_loss = 0.0043, 0.437 seconds/batch
2026-05-12 11:47:48,344 - Epoch 4, Batch 400, lr = 0.00013, final_loss = 4.7938, nll_loss = 4.7399, hneg_nll_loss = 4.8477, ivc_loss = 0.0697, neg_loss = 0.0260, hneg_loss = 0.0379, push_loss = 0.3494, pull_loss = 0.0041, 0.441 seconds/batch
2026-05-12 11:48:11,643 - Epoch 4, Batch 450, lr = 0.00013, final_loss = 4.7485, nll_loss = 4.6961, hneg_nll_loss = 4.8009, ivc_loss = 0.0694, neg_loss = 0.0231, hneg_loss = 0.0407, push_loss = 0.3545, pull_loss = 0.0042, 0.443 seconds/batch
2026-05-12 11:48:34,992 - Epoch 4, Batch 500, lr = 0.00013, final_loss = 4.8119, nll_loss = 4.7592, hneg_nll_loss = 4.8646, ivc_loss = 0.0705, neg_loss = 0.0239, hneg_loss = 0.0406, push_loss = 0.3579, pull_loss = 0.0040, 0.446 seconds/batch
2026-05-12 11:48:58,268 - Epoch 4, Batch 550, lr = 0.00013, final_loss = 4.7717, nll_loss = 4.7189, hneg_nll_loss = 4.8245, ivc_loss = 0.0721, neg_loss = 0.0257, hneg_loss = 0.0401, push_loss = 0.3354, pull_loss = 0.0044, 0.448 seconds/batch
2026-05-12 11:49:21,404 - Epoch 4, Batch 600, lr = 0.00012, final_loss = 4.7461, nll_loss = 4.6926, hneg_nll_loss = 4.7997, ivc_loss = 0.0732, neg_loss = 0.0265, hneg_loss = 0.0408, push_loss = 0.3639, pull_loss = 0.0042, 0.449 seconds/batch
2026-05-12 11:49:44,738 - Epoch 4, Batch 650, lr = 0.00012, final_loss = 4.7781, nll_loss = 4.7228, hneg_nll_loss = 4.8333, ivc_loss = 0.0675, neg_loss = 0.0244, hneg_loss = 0.0373, push_loss = 0.3717, pull_loss = 0.0044, 0.450 seconds/batch
2026-05-12 11:50:04,266 - Epoch 4, Batch 700, lr = 0.00012, final_loss = 4.7653, nll_loss = 4.7124, hneg_nll_loss = 4.8183, ivc_loss = 0.0702, neg_loss = 0.0235, hneg_loss = 0.0412, push_loss = 0.3836, pull_loss = 0.0040, 0.446 seconds/batch
2026-05-12 11:50:22,454 - Epoch 4, Batch 750, lr = 0.00012, final_loss = 4.7665, nll_loss = 4.7119, hneg_nll_loss = 4.8212, ivc_loss = 0.0718, neg_loss = 0.0250, hneg_loss = 0.0412, push_loss = 0.3800, pull_loss = 0.0040, 0.440 seconds/batch
2026-05-12 11:50:43,728 - Epoch 4, Batch 800, lr = 0.00012, final_loss = 4.7769, nll_loss = 4.7221, hneg_nll_loss = 4.8318, ivc_loss = 0.0692, neg_loss = 0.0255, hneg_loss = 0.0378, push_loss = 0.3629, pull_loss = 0.0042, 0.440 seconds/batch
2026-05-12 11:51:07,042 - Epoch 4, Batch 850, lr = 0.00012, final_loss = 4.7202, nll_loss = 4.6640, hneg_nll_loss = 4.7764, ivc_loss = 0.0665, neg_loss = 0.0233, hneg_loss = 0.0374, push_loss = 0.3573, pull_loss = 0.0039, 0.441 seconds/batch
2026-05-12 11:51:30,315 - Epoch 4, Batch 900, lr = 0.00012, final_loss = 4.7649, nll_loss = 4.7071, hneg_nll_loss = 4.8227, ivc_loss = 0.0659, neg_loss = 0.0226, hneg_loss = 0.0378, push_loss = 0.3713, pull_loss = 0.0036, 0.442 seconds/batch
2026-05-12 11:51:53,496 - Epoch 4, Batch 950, lr = 0.00012, final_loss = 4.7512, nll_loss = 4.6967, hneg_nll_loss = 4.8056, ivc_loss = 0.0726, neg_loss = 0.0258, hneg_loss = 0.0406, push_loss = 0.3616, pull_loss = 0.0042, 0.444 seconds/batch
2026-05-12 11:52:16,803 - Epoch 4, Batch 1000, lr = 0.00012, final_loss = 4.7979, nll_loss = 4.7448, hneg_nll_loss = 4.8510, ivc_loss = 0.0722, neg_loss = 0.0261, hneg_loss = 0.0397, push_loss = 0.3529, pull_loss = 0.0041, 0.445 seconds/batch
2026-05-12 11:52:40,058 - Epoch 4, Batch 1050, lr = 0.00012, final_loss = 4.7339, nll_loss = 4.6798, hneg_nll_loss = 4.7880, ivc_loss = 0.0742, neg_loss = 0.0267, hneg_loss = 0.0409, push_loss = 0.3647, pull_loss = 0.0041, 0.446 seconds/batch
2026-05-12 11:53:03,292 - Epoch 4, Batch 1100, lr = 0.00012, final_loss = 4.7449, nll_loss = 4.6914, hneg_nll_loss = 4.7984, ivc_loss = 0.0698, neg_loss = 0.0251, hneg_loss = 0.0389, push_loss = 0.3602, pull_loss = 0.0034, 0.447 seconds/batch
2026-05-12 11:53:26,596 - Epoch 4, Batch 1150, lr = 0.00012, final_loss = 4.7299, nll_loss = 4.6761, hneg_nll_loss = 4.7837, ivc_loss = 0.0689, neg_loss = 0.0239, hneg_loss = 0.0391, push_loss = 0.3567, pull_loss = 0.0036, 0.447 seconds/batch
2026-05-12 11:53:35,653 - Epoch 4, Batch 1170, lr = 0.00012, final_loss = 4.7961, nll_loss = 4.7428, hneg_nll_loss = 4.8495, ivc_loss = 0.0692, neg_loss = 0.0246, hneg_loss = 0.0393, push_loss = 0.3921, pull_loss = 0.0034, 0.447 seconds/batch
2026-05-12 11:53:35,793 - save model to ./checkpoints/activitynet/exp-activitynet_refact_2026-05-12_11-07-05/model-4.pt, num_updates 4680.
2026-05-12 11:56:54,055 - | Rank1,mIoU 0.1571 | Rank1,IoU@0.1 0.4575 | Rank1,IoU@0.3 0.2001 | Rank1,IoU@0.5 0.0898 | Rank5,mIoU 0.4915 | Rank5,IoU@0.1 0.9742 | Rank5,IoU@0.3 0.8070 | Rank5,IoU@0.5 0.4772 |
2026-05-12 11:56:54,056 - ============================================================
2026-05-12 11:56:54,056 - Start Epoch 5
2026-05-12 11:57:14,947 - Epoch 5, Batch 50, lr = 0.00012, final_loss = 4.7092, nll_loss = 4.6577, hneg_nll_loss = 4.7606, ivc_loss = 0.0692, neg_loss = 0.0226, hneg_loss = 0.0407, push_loss = 0.3560, pull_loss = 0.0041, 0.418 seconds/batch
2026-05-12 11:57:38,165 - Epoch 5, Batch 100, lr = 0.00012, final_loss = 4.6774, nll_loss = 4.6229, hneg_nll_loss = 4.7319, ivc_loss = 0.0685, neg_loss = 0.0232, hneg_loss = 0.0395, push_loss = 0.3488, pull_loss = 0.0035, 0.441 seconds/batch
2026-05-12 11:58:01,226 - Epoch 5, Batch 150, lr = 0.00012, final_loss = 4.6906, nll_loss = 4.6379, hneg_nll_loss = 4.7433, ivc_loss = 0.0708, neg_loss = 0.0244, hneg_loss = 0.0405, push_loss = 0.3548, pull_loss = 0.0037, 0.448 seconds/batch
2026-05-12 11:58:24,395 - Epoch 5, Batch 200, lr = 0.00011, final_loss = 4.7405, nll_loss = 4.6866, hneg_nll_loss = 4.7944, ivc_loss = 0.0705, neg_loss = 0.0260, hneg_loss = 0.0387, push_loss = 0.3632, pull_loss = 0.0036, 0.452 seconds/batch
2026-05-12 11:58:47,626 - Epoch 5, Batch 250, lr = 0.00011, final_loss = 4.7073, nll_loss = 4.6504, hneg_nll_loss = 4.7643, ivc_loss = 0.0650, neg_loss = 0.0206, hneg_loss = 0.0384, push_loss = 0.3651, pull_loss = 0.0033, 0.454 seconds/batch
2026-05-12 11:59:10,975 - Epoch 5, Batch 300, lr = 0.00011, final_loss = 4.7019, nll_loss = 4.6457, hneg_nll_loss = 4.7581, ivc_loss = 0.0677, neg_loss = 0.0234, hneg_loss = 0.0386, push_loss = 0.3691, pull_loss = 0.0037, 0.456 seconds/batch
2026-05-12 11:59:34,109 - Epoch 5, Batch 350, lr = 0.00011, final_loss = 4.6704, nll_loss = 4.6187, hneg_nll_loss = 4.7220, ivc_loss = 0.0696, neg_loss = 0.0217, hneg_loss = 0.0421, push_loss = 0.3695, pull_loss = 0.0034, 0.457 seconds/batch
2026-05-12 11:59:57,447 - Epoch 5, Batch 400, lr = 0.00011, final_loss = 4.6809, nll_loss = 4.6291, hneg_nll_loss = 4.7326, ivc_loss = 0.0702, neg_loss = 0.0233, hneg_loss = 0.0408, push_loss = 0.3733, pull_loss = 0.0035, 0.458 seconds/batch
2026-05-12 12:00:19,749 - Epoch 5, Batch 450, lr = 0.00011, final_loss = 4.7225, nll_loss = 4.6656, hneg_nll_loss = 4.7793, ivc_loss = 0.0679, neg_loss = 0.0236, hneg_loss = 0.0376, push_loss = 0.3779, pull_loss = 0.0034, 0.457 seconds/batch
2026-05-12 12:00:37,988 - Epoch 5, Batch 500, lr = 0.00011, final_loss = 4.7023, nll_loss = 4.6488, hneg_nll_loss = 4.7559, ivc_loss = 0.0723, neg_loss = 0.0251, hneg_loss = 0.0416, push_loss = 0.3851, pull_loss = 0.0038, 0.448 seconds/batch
2026-05-12 12:00:56,108 - Epoch 5, Batch 550, lr = 0.00011, final_loss = 4.6847, nll_loss = 4.6300, hneg_nll_loss = 4.7394, ivc_loss = 0.0668, neg_loss = 0.0215, hneg_loss = 0.0393, push_loss = 0.3737, pull_loss = 0.0034, 0.440 seconds/batch
2026-05-12 12:01:19,401 - Epoch 5, Batch 600, lr = 0.00011, final_loss = 4.6835, nll_loss = 4.6294, hneg_nll_loss = 4.7377, ivc_loss = 0.0728, neg_loss = 0.0248, hneg_loss = 0.0412, push_loss = 0.3800, pull_loss = 0.0040, 0.442 seconds/batch
2026-05-12 12:01:42,734 - Epoch 5, Batch 650, lr = 0.00011, final_loss = 4.7098, nll_loss = 4.6563, hneg_nll_loss = 4.7634, ivc_loss = 0.0699, neg_loss = 0.0239, hneg_loss = 0.0397, push_loss = 0.3875, pull_loss = 0.0034, 0.444 seconds/batch
2026-05-12 12:02:05,943 - Epoch 5, Batch 700, lr = 0.00011, final_loss = 4.7152, nll_loss = 4.6577, hneg_nll_loss = 4.7727, ivc_loss = 0.0659, neg_loss = 0.0215, hneg_loss = 0.0382, push_loss = 0.3881, pull_loss = 0.0036, 0.446 seconds/batch
2026-05-12 12:02:29,246 - Epoch 5, Batch 750, lr = 0.00011, final_loss = 4.6961, nll_loss = 4.6397, hneg_nll_loss = 4.7525, ivc_loss = 0.0691, neg_loss = 0.0233, hneg_loss = 0.0394, push_loss = 0.3949, pull_loss = 0.0033, 0.447 seconds/batch
2026-05-12 12:02:52,528 - Epoch 5, Batch 800, lr = 0.00011, final_loss = 4.6954, nll_loss = 4.6403, hneg_nll_loss = 4.7505, ivc_loss = 0.0690, neg_loss = 0.0235, hneg_loss = 0.0394, push_loss = 0.3947, pull_loss = 0.0035, 0.448 seconds/batch
2026-05-12 12:03:15,757 - Epoch 5, Batch 850, lr = 0.00011, final_loss = 4.6788, nll_loss = 4.6238, hneg_nll_loss = 4.7338, ivc_loss = 0.0704, neg_loss = 0.0249, hneg_loss = 0.0393, push_loss = 0.3619, pull_loss = 0.0034, 0.449 seconds/batch
2026-05-12 12:03:39,017 - Epoch 5, Batch 900, lr = 0.00011, final_loss = 4.6567, nll_loss = 4.6013, hneg_nll_loss = 4.7121, ivc_loss = 0.0683, neg_loss = 0.0237, hneg_loss = 0.0389, push_loss = 0.3703, pull_loss = 0.0034, 0.450 seconds/batch
2026-05-12 12:04:02,676 - Epoch 5, Batch 950, lr = 0.00011, final_loss = 4.6737, nll_loss = 4.6176, hneg_nll_loss = 4.7298, ivc_loss = 0.0689, neg_loss = 0.0236, hneg_loss = 0.0391, push_loss = 0.3569, pull_loss = 0.0034, 0.451 seconds/batch
2026-05-12 12:04:22,126 - Epoch 5, Batch 1000, lr = 0.00011, final_loss = 4.7076, nll_loss = 4.6526, hneg_nll_loss = 4.7625, ivc_loss = 0.0714, neg_loss = 0.0234, hneg_loss = 0.0414, push_loss = 0.3617, pull_loss = 0.0030, 0.448 seconds/batch
2026-05-12 12:04:40,296 - Epoch 5, Batch 1050, lr = 0.00011, final_loss = 4.6568, nll_loss = 4.6043, hneg_nll_loss = 4.7094, ivc_loss = 0.0706, neg_loss = 0.0234, hneg_loss = 0.0405, push_loss = 0.3568, pull_loss = 0.0031, 0.444 seconds/batch
2026-05-12 12:05:01,348 - Epoch 5, Batch 1100, lr = 0.00011, final_loss = 4.6505, nll_loss = 4.5918, hneg_nll_loss = 4.7092, ivc_loss = 0.0639, neg_loss = 0.0214, hneg_loss = 0.0361, push_loss = 0.3611, pull_loss = 0.0027, 0.443 seconds/batch
2026-05-12 12:05:24,799 - Epoch 5, Batch 1150, lr = 0.00010, final_loss = 4.6330, nll_loss = 4.5786, hneg_nll_loss = 4.6874, ivc_loss = 0.0672, neg_loss = 0.0200, hneg_loss = 0.0412, push_loss = 0.3630, pull_loss = 0.0028, 0.444 seconds/batch
2026-05-12 12:05:34,055 - Epoch 5, Batch 1170, lr = 0.00010, final_loss = 4.6651, nll_loss = 4.6095, hneg_nll_loss = 4.7207, ivc_loss = 0.0649, neg_loss = 0.0197, hneg_loss = 0.0391, push_loss = 0.3558, pull_loss = 0.0028, 0.444 seconds/batch
2026-05-12 12:05:34,186 - save model to ./checkpoints/activitynet/exp-activitynet_refact_2026-05-12_11-07-05/model-5.pt, num_updates 5850.
2026-05-12 12:09:01,049 - | Rank1,mIoU 0.1851 | Rank1,IoU@0.1 0.4761 | Rank1,IoU@0.3 0.2320 | Rank1,IoU@0.5 0.1389 | Rank5,mIoU 0.5044 | Rank5,IoU@0.1 0.9732 | Rank5,IoU@0.3 0.8045 | Rank5,IoU@0.5 0.5069 |
2026-05-12 12:09:01,050 - ============================================================
2026-05-12 12:09:01,050 - Start Epoch 6
2026-05-12 12:09:24,574 - Epoch 6, Batch 50, lr = 0.00010, final_loss = 4.6184, nll_loss = 4.5635, hneg_nll_loss = 4.6733, ivc_loss = 0.0647, neg_loss = 0.0199, hneg_loss = 0.0390, push_loss = 0.3620, pull_loss = 0.0027, 0.470 seconds/batch
2026-05-12 12:09:47,871 - Epoch 6, Batch 100, lr = 0.00010, final_loss = 4.6061, nll_loss = 4.5521, hneg_nll_loss = 4.6602, ivc_loss = 0.0719, neg_loss = 0.0234, hneg_loss = 0.0427, push_loss = 0.3687, pull_loss = 0.0026, 0.468 seconds/batch
2026-05-12 12:10:11,227 - Epoch 6, Batch 150, lr = 0.00010, final_loss = 4.6214, nll_loss = 4.5643, hneg_nll_loss = 4.6785, ivc_loss = 0.0663, neg_loss = 0.0206, hneg_loss = 0.0396, push_loss = 0.3667, pull_loss = 0.0029, 0.468 seconds/batch
2026-05-12 12:10:34,451 - Epoch 6, Batch 200, lr = 0.00010, final_loss = 4.6197, nll_loss = 4.5637, hneg_nll_loss = 4.6757, ivc_loss = 0.0683, neg_loss = 0.0234, hneg_loss = 0.0386, push_loss = 0.3612, pull_loss = 0.0031, 0.467 seconds/batch
2026-05-12 12:10:53,087 - Epoch 6, Batch 250, lr = 0.00010, final_loss = 4.6313, nll_loss = 4.5741, hneg_nll_loss = 4.6886, ivc_loss = 0.0652, neg_loss = 0.0216, hneg_loss = 0.0374, push_loss = 0.3542, pull_loss = 0.0028, 0.448 seconds/batch
2026-05-12 12:11:11,275 - Epoch 6, Batch 300, lr = 0.00010, final_loss = 4.6041, nll_loss = 4.5486, hneg_nll_loss = 4.6595, ivc_loss = 0.0683, neg_loss = 0.0213, hneg_loss = 0.0405, push_loss = 0.3449, pull_loss = 0.0026, 0.434 seconds/batch
2026-05-12 12:11:33,812 - Epoch 6, Batch 350, lr = 0.00010, final_loss = 4.6237, nll_loss = 4.5662, hneg_nll_loss = 4.6811, ivc_loss = 0.0687, neg_loss = 0.0227, hneg_loss = 0.0390, push_loss = 0.3277, pull_loss = 0.0024, 0.436 seconds/batch
2026-05-12 12:11:57,102 - Epoch 6, Batch 400, lr = 0.00010, final_loss = 4.6392, nll_loss = 4.5822, hneg_nll_loss = 4.6962, ivc_loss = 0.0670, neg_loss = 0.0227, hneg_loss = 0.0376, push_loss = 0.3336, pull_loss = 0.0027, 0.440 seconds/batch
2026-05-12 12:12:20,325 - Epoch 6, Batch 450, lr = 0.00010, final_loss = 4.6372, nll_loss = 4.5789, hneg_nll_loss = 4.6954, ivc_loss = 0.0632, neg_loss = 0.0207, hneg_loss = 0.0362, push_loss = 0.3497, pull_loss = 0.0026, 0.443 seconds/batch
2026-05-12 12:12:43,652 - Epoch 6, Batch 500, lr = 0.00010, final_loss = 4.6080, nll_loss = 4.5512, hneg_nll_loss = 4.6649, ivc_loss = 0.0674, neg_loss = 0.0213, hneg_loss = 0.0398, push_loss = 0.3651, pull_loss = 0.0026, 0.445 seconds/batch
2026-05-12 12:13:06,969 - Epoch 6, Batch 550, lr = 0.00010, final_loss = 4.6166, nll_loss = 4.5590, hneg_nll_loss = 4.6741, ivc_loss = 0.0661, neg_loss = 0.0209, hneg_loss = 0.0387, push_loss = 0.3534, pull_loss = 0.0029, 0.447 seconds/batch
2026-05-12 12:13:30,344 - Epoch 6, Batch 600, lr = 0.00010, final_loss = 4.6474, nll_loss = 4.5911, hneg_nll_loss = 4.7037, ivc_loss = 0.0675, neg_loss = 0.0206, hneg_loss = 0.0403, push_loss = 0.3445, pull_loss = 0.0026, 0.449 seconds/batch
2026-05-12 12:13:53,377 - Epoch 6, Batch 650, lr = 0.00010, final_loss = 4.6028, nll_loss = 4.5474, hneg_nll_loss = 4.6582, ivc_loss = 0.0707, neg_loss = 0.0235, hneg_loss = 0.0404, push_loss = 0.3466, pull_loss = 0.0027, 0.450 seconds/batch
2026-05-12 12:14:16,352 - Epoch 6, Batch 700, lr = 0.00010, final_loss = 4.6479, nll_loss = 4.5932, hneg_nll_loss = 4.7026, ivc_loss = 0.0704, neg_loss = 0.0226, hneg_loss = 0.0412, push_loss = 0.3546, pull_loss = 0.0027, 0.450 seconds/batch
2026-05-12 12:14:36,770 - Epoch 6, Batch 750, lr = 0.00010, final_loss = 4.6270, nll_loss = 4.5708, hneg_nll_loss = 4.6831, ivc_loss = 0.0658, neg_loss = 0.0211, hneg_loss = 0.0383, push_loss = 0.3486, pull_loss = 0.0025, 0.448 seconds/batch
2026-05-12 12:14:54,943 - Epoch 6, Batch 800, lr = 0.00010, final_loss = 4.6484, nll_loss = 4.5930, hneg_nll_loss = 4.7038, ivc_loss = 0.0670, neg_loss = 0.0205, hneg_loss = 0.0400, push_loss = 0.3529, pull_loss = 0.0023, 0.442 seconds/batch
2026-05-12 12:15:15,581 - Epoch 6, Batch 850, lr = 0.00010, final_loss = 4.5837, nll_loss = 4.5263, hneg_nll_loss = 4.6411, ivc_loss = 0.0652, neg_loss = 0.0220, hneg_loss = 0.0370, push_loss = 0.3463, pull_loss = 0.0024, 0.441 seconds/batch
2026-05-12 12:15:38,651 - Epoch 6, Batch 900, lr = 0.00010, final_loss = 4.6167, nll_loss = 4.5600, hneg_nll_loss = 4.6733, ivc_loss = 0.0647, neg_loss = 0.0177, hneg_loss = 0.0407, push_loss = 0.3381, pull_loss = 0.0026, 0.442 seconds/batch
2026-05-12 12:16:01,997 - Epoch 6, Batch 950, lr = 0.00010, final_loss = 4.5970, nll_loss = 4.5423, hneg_nll_loss = 4.6516, ivc_loss = 0.0697, neg_loss = 0.0226, hneg_loss = 0.0406, push_loss = 0.3420, pull_loss = 0.0023, 0.443 seconds/batch
2026-05-12 12:16:25,083 - Epoch 6, Batch 1000, lr = 0.00010, final_loss = 4.6382, nll_loss = 4.5801, hneg_nll_loss = 4.6964, ivc_loss = 0.0686, neg_loss = 0.0228, hneg_loss = 0.0388, push_loss = 0.3379, pull_loss = 0.0023, 0.444 seconds/batch
2026-05-12 12:16:48,679 - Epoch 6, Batch 1050, lr = 0.00010, final_loss = 4.6174, nll_loss = 4.5608, hneg_nll_loss = 4.6740, ivc_loss = 0.0651, neg_loss = 0.0191, hneg_loss = 0.0397, push_loss = 0.3419, pull_loss = 0.0022, 0.445 seconds/batch
2026-05-12 12:17:11,783 - Epoch 6, Batch 1100, lr = 0.00010, final_loss = 4.6527, nll_loss = 4.5993, hneg_nll_loss = 4.7062, ivc_loss = 0.0690, neg_loss = 0.0216, hneg_loss = 0.0409, push_loss = 0.3465, pull_loss = 0.0025, 0.446 seconds/batch
2026-05-12 12:17:34,898 - Epoch 6, Batch 1150, lr = 0.00010, final_loss = 4.6249, nll_loss = 4.5691, hneg_nll_loss = 4.6806, ivc_loss = 0.0702, neg_loss = 0.0233, hneg_loss = 0.0400, push_loss = 0.3454, pull_loss = 0.0024, 0.447 seconds/batch
2026-05-12 12:17:44,258 - Epoch 6, Batch 1170, lr = 0.00010, final_loss = 4.5843, nll_loss = 4.5276, hneg_nll_loss = 4.6411, ivc_loss = 0.0639, neg_loss = 0.0192, hneg_loss = 0.0378, push_loss = 0.3420, pull_loss = 0.0019, 0.447 seconds/batch
2026-05-12 12:17:44,393 - save model to ./checkpoints/activitynet/exp-activitynet_refact_2026-05-12_11-07-05/model-6.pt, num_updates 7020.
2026-05-12 12:21:13,917 - | Rank1,mIoU 0.1770 | Rank1,IoU@0.1 0.5137 | Rank1,IoU@0.3 0.2242 | Rank1,IoU@0.5 0.0970 | Rank5,mIoU 0.5127 | Rank5,IoU@0.1 0.9692 | Rank5,IoU@0.3 0.8443 | Rank5,IoU@0.5 0.5097 |
2026-05-12 12:21:13,918 - ============================================================
2026-05-12 12:21:13,918 - Start Epoch 7
2026-05-12 12:21:32,447 - Epoch 7, Batch 50, lr = 0.00010, final_loss = 4.5574, nll_loss = 4.5026, hneg_nll_loss = 4.6121, ivc_loss = 0.0686, neg_loss = 0.0209, hneg_loss = 0.0410, push_loss = 0.3374, pull_loss = 0.0022, 0.371 seconds/batch
2026-05-12 12:21:53,245 - Epoch 7, Batch 100, lr = 0.00009, final_loss = 4.5464, nll_loss = 4.4897, hneg_nll_loss = 4.6031, ivc_loss = 0.0665, neg_loss = 0.0190, hneg_loss = 0.0405, push_loss = 0.3329, pull_loss = 0.0021, 0.393 seconds/batch
2026-05-12 12:22:16,347 - Epoch 7, Batch 150, lr = 0.00009, final_loss = 4.5935, nll_loss = 4.5349, hneg_nll_loss = 4.6522, ivc_loss = 0.0637, neg_loss = 0.0190, hneg_loss = 0.0380, push_loss = 0.3305, pull_loss = 0.0023, 0.416 seconds/batch
2026-05-12 12:22:39,819 - Epoch 7, Batch 200, lr = 0.00009, final_loss = 4.5554, nll_loss = 4.4960, hneg_nll_loss = 4.6148, ivc_loss = 0.0609, neg_loss = 0.0177, hneg_loss = 0.0371, push_loss = 0.3384, pull_loss = 0.0020, 0.430 seconds/batch
2026-05-12 12:23:03,106 - Epoch 7, Batch 250, lr = 0.00009, final_loss = 4.5963, nll_loss = 4.5419, hneg_nll_loss = 4.6506, ivc_loss = 0.0654, neg_loss = 0.0196, hneg_loss = 0.0390, push_loss = 0.3305, pull_loss = 0.0025, 0.437 seconds/batch
2026-05-12 12:23:26,406 - Epoch 7, Batch 300, lr = 0.00009, final_loss = 4.5773, nll_loss = 4.5199, hneg_nll_loss = 4.6348, ivc_loss = 0.0626, neg_loss = 0.0182, hneg_loss = 0.0377, push_loss = 0.3201, pull_loss = 0.0021, 0.442 seconds/batch
2026-05-12 12:23:49,734 - Epoch 7, Batch 350, lr = 0.00009, final_loss = 4.5750, nll_loss = 4.5182, hneg_nll_loss = 4.6318, ivc_loss = 0.0659, neg_loss = 0.0197, hneg_loss = 0.0395, push_loss = 0.3252, pull_loss = 0.0020, 0.445 seconds/batch
2026-05-12 12:24:13,185 - Epoch 7, Batch 400, lr = 0.00009, final_loss = 4.5665, nll_loss = 4.5067, hneg_nll_loss = 4.6263, ivc_loss = 0.0644, neg_loss = 0.0205, hneg_loss = 0.0370, push_loss = 0.3226, pull_loss = 0.0018, 0.448 seconds/batch
2026-05-12 12:24:36,744 - Epoch 7, Batch 450, lr = 0.00009, final_loss = 4.5543, nll_loss = 4.4968, hneg_nll_loss = 4.6118, ivc_loss = 0.0627, neg_loss = 0.0188, hneg_loss = 0.0372, push_loss = 0.3347, pull_loss = 0.0018, 0.451 seconds/batch
2026-05-12 12:24:58,796 - Epoch 7, Batch 500, lr = 0.00009, final_loss = 4.5638, nll_loss = 4.5086, hneg_nll_loss = 4.6190, ivc_loss = 0.0669, neg_loss = 0.0197, hneg_loss = 0.0403, push_loss = 0.3361, pull_loss = 0.0020, 0.450 seconds/batch
2026-05-12 12:25:17,166 - Epoch 7, Batch 550, lr = 0.00009, final_loss = 4.5602, nll_loss = 4.5034, hneg_nll_loss = 4.6169, ivc_loss = 0.0675, neg_loss = 0.0212, hneg_loss = 0.0397, push_loss = 0.3427, pull_loss = 0.0019, 0.442 seconds/batch
2026-05-12 12:25:36,368 - Epoch 7, Batch 600, lr = 0.00009, final_loss = 4.6042, nll_loss = 4.5464, hneg_nll_loss = 4.6620, ivc_loss = 0.0675, neg_loss = 0.0211, hneg_loss = 0.0394, push_loss = 0.3346, pull_loss = 0.0019, 0.437 seconds/batch
2026-05-12 12:25:59,642 - Epoch 7, Batch 650, lr = 0.00009, final_loss = 4.5816, nll_loss = 4.5254, hneg_nll_loss = 4.6378, ivc_loss = 0.0668, neg_loss = 0.0201, hneg_loss = 0.0401, push_loss = 0.3355, pull_loss = 0.0019, 0.440 seconds/batch
2026-05-12 12:26:23,000 - Epoch 7, Batch 700, lr = 0.00009, final_loss = 4.5872, nll_loss = 4.5293, hneg_nll_loss = 4.6451, ivc_loss = 0.0689, neg_loss = 0.0233, hneg_loss = 0.0384, push_loss = 0.3241, pull_loss = 0.0022, 0.442 seconds/batch
2026-05-12 12:26:46,206 - Epoch 7, Batch 750, lr = 0.00009, final_loss = 4.5899, nll_loss = 4.5333, hneg_nll_loss = 4.6465, ivc_loss = 0.0668, neg_loss = 0.0200, hneg_loss = 0.0398, push_loss = 0.3286, pull_loss = 0.0020, 0.443 seconds/batch
2026-05-12 12:27:09,624 - Epoch 7, Batch 800, lr = 0.00009, final_loss = 4.5722, nll_loss = 4.5145, hneg_nll_loss = 4.6299, ivc_loss = 0.0678, neg_loss = 0.0215, hneg_loss = 0.0392, push_loss = 0.3316, pull_loss = 0.0019, 0.445 seconds/batch
2026-05-12 12:27:32,794 - Epoch 7, Batch 850, lr = 0.00009, final_loss = 4.5827, nll_loss = 4.5239, hneg_nll_loss = 4.6415, ivc_loss = 0.0645, neg_loss = 0.0196, hneg_loss = 0.0378, push_loss = 0.3267, pull_loss = 0.0018, 0.446 seconds/batch
2026-05-12 12:27:55,993 - Epoch 7, Batch 900, lr = 0.00009, final_loss = 4.5604, nll_loss = 4.5047, hneg_nll_loss = 4.6162, ivc_loss = 0.0649, neg_loss = 0.0171, hneg_loss = 0.0408, push_loss = 0.3363, pull_loss = 0.0019, 0.447 seconds/batch
2026-05-12 12:28:19,230 - Epoch 7, Batch 950, lr = 0.00009, final_loss = 4.5612, nll_loss = 4.5037, hneg_nll_loss = 4.6187, ivc_loss = 0.0654, neg_loss = 0.0201, hneg_loss = 0.0384, push_loss = 0.3312, pull_loss = 0.0019, 0.448 seconds/batch
2026-05-12 12:28:42,346 - Epoch 7, Batch 1000, lr = 0.00009, final_loss = 4.5553, nll_loss = 4.4953, hneg_nll_loss = 4.6153, ivc_loss = 0.0627, neg_loss = 0.0196, hneg_loss = 0.0367, push_loss = 0.3300, pull_loss = 0.0017, 0.448 seconds/batch
2026-05-12 12:29:01,237 - Epoch 7, Batch 1050, lr = 0.00009, final_loss = 4.5964, nll_loss = 4.5394, hneg_nll_loss = 4.6533, ivc_loss = 0.0690, neg_loss = 0.0227, hneg_loss = 0.0393, push_loss = 0.3259, pull_loss = 0.0023, 0.445 seconds/batch
2026-05-12 12:29:19,468 - Epoch 7, Batch 1100, lr = 0.00009, final_loss = 4.5561, nll_loss = 4.4983, hneg_nll_loss = 4.6139, ivc_loss = 0.0702, neg_loss = 0.0229, hneg_loss = 0.0398, push_loss = 0.3295, pull_loss = 0.0024, 0.441 seconds/batch
2026-05-12 12:29:42,682 - Epoch 7, Batch 1150, lr = 0.00009, final_loss = 4.5268, nll_loss = 4.4673, hneg_nll_loss = 4.5862, ivc_loss = 0.0646, neg_loss = 0.0202, hneg_loss = 0.0375, push_loss = 0.3325, pull_loss = 0.0020, 0.442 seconds/batch
2026-05-12 12:29:54,189 - Epoch 7, Batch 1170, lr = 0.00009, final_loss = 4.5384, nll_loss = 4.4771, hneg_nll_loss = 4.5998, ivc_loss = 0.0648, neg_loss = 0.0216, hneg_loss = 0.0357, push_loss = 0.3286, pull_loss = 0.0023, 0.445 seconds/batch
2026-05-12 12:29:54,322 - save model to ./checkpoints/activitynet/exp-activitynet_refact_2026-05-12_11-07-05/model-7.pt, num_updates 8190.
2026-05-12 12:33:29,113 - | Rank1,mIoU 0.2081 | Rank1,IoU@0.1 0.5506 | Rank1,IoU@0.3 0.3075 | Rank1,IoU@0.5 0.1249 | Rank5,mIoU 0.5305 | Rank5,IoU@0.1 0.9719 | Rank5,IoU@0.3 0.8536 | Rank5,IoU@0.5 0.5715 |
2026-05-12 12:33:29,114 - ============================================================
2026-05-12 12:33:29,114 - Start Epoch 8
2026-05-12 12:33:52,659 - Epoch 8, Batch 50, lr = 0.00009, final_loss = 4.4853, nll_loss = 4.4256, hneg_nll_loss = 4.5450, ivc_loss = 0.0627, neg_loss = 0.0192, hneg_loss = 0.0365, push_loss = 0.3272, pull_loss = 0.0019, 0.471 seconds/batch
2026-05-12 12:34:15,960 - Epoch 8, Batch 100, lr = 0.00009, final_loss = 4.5233, nll_loss = 4.4655, hneg_nll_loss = 4.5811, ivc_loss = 0.0653, neg_loss = 0.0208, hneg_loss = 0.0376, push_loss = 0.3294, pull_loss = 0.0019, 0.468 seconds/batch
2026-05-12 12:34:39,084 - Epoch 8, Batch 150, lr = 0.00009, final_loss = 4.5198, nll_loss = 4.4599, hneg_nll_loss = 4.5797, ivc_loss = 0.0636, neg_loss = 0.0199, hneg_loss = 0.0372, push_loss = 0.3285, pull_loss = 0.0017, 0.466 seconds/batch
2026-05-12 12:35:02,149 - Epoch 8, Batch 200, lr = 0.00009, final_loss = 4.5034, nll_loss = 4.4448, hneg_nll_loss = 4.5621, ivc_loss = 0.0654, neg_loss = 0.0188, hneg_loss = 0.0395, push_loss = 0.3221, pull_loss = 0.0019, 0.465 seconds/batch
2026-05-12 12:35:24,806 - Epoch 8, Batch 250, lr = 0.00009, final_loss = 4.5273, nll_loss = 4.4689, hneg_nll_loss = 4.5857, ivc_loss = 0.0626, neg_loss = 0.0188, hneg_loss = 0.0369, push_loss = 0.3289, pull_loss = 0.0018, 0.463 seconds/batch
2026-05-12 12:35:43,093 - Epoch 8, Batch 300, lr = 0.00009, final_loss = 4.5632, nll_loss = 4.5011, hneg_nll_loss = 4.6253, ivc_loss = 0.0609, neg_loss = 0.0170, hneg_loss = 0.0374, push_loss = 0.3276, pull_loss = 0.0017, 0.447 seconds/batch
2026-05-12 12:36:01,711 - Epoch 8, Batch 350, lr = 0.00009, final_loss = 4.5279, nll_loss = 4.4702, hneg_nll_loss = 4.5856, ivc_loss = 0.0633, neg_loss = 0.0164, hneg_loss = 0.0403, push_loss = 0.3282, pull_loss = 0.0018, 0.436 seconds/batch
2026-05-12 12:36:24,998 - Epoch 8, Batch 400, lr = 0.00009, final_loss = 4.5142, nll_loss = 4.4560, hneg_nll_loss = 4.5724, ivc_loss = 0.0643, neg_loss = 0.0181, hneg_loss = 0.0388, push_loss = 0.3164, pull_loss = 0.0019, 0.440 seconds/batch
2026-05-12 12:36:48,453 - Epoch 8, Batch 450, lr = 0.00009, final_loss = 4.5162, nll_loss = 4.4591, hneg_nll_loss = 4.5734, ivc_loss = 0.0654, neg_loss = 0.0193, hneg_loss = 0.0390, push_loss = 0.3134, pull_loss = 0.0019, 0.443 seconds/batch
2026-05-12 12:37:11,692 - Epoch 8, Batch 500, lr = 0.00009, final_loss = 4.5393, nll_loss = 4.4792, hneg_nll_loss = 4.5995, ivc_loss = 0.0635, neg_loss = 0.0180, hneg_loss = 0.0383, push_loss = 0.3144, pull_loss = 0.0019, 0.445 seconds/batch
2026-05-12 12:37:34,990 - Epoch 8, Batch 550, lr = 0.00009, final_loss = 4.5588, nll_loss = 4.4987, hneg_nll_loss = 4.6189, ivc_loss = 0.0639, neg_loss = 0.0198, hneg_loss = 0.0369, push_loss = 0.3126, pull_loss = 0.0018, 0.447 seconds/batch
2026-05-12 12:37:58,403 - Epoch 8, Batch 600, lr = 0.00009, final_loss = 4.4917, nll_loss = 4.4341, hneg_nll_loss = 4.5493, ivc_loss = 0.0641, neg_loss = 0.0171, hneg_loss = 0.0406, push_loss = 0.3221, pull_loss = 0.0018, 0.449 seconds/batch
2026-05-12 12:38:21,675 - Epoch 8, Batch 650, lr = 0.00009, final_loss = 4.5186, nll_loss = 4.4585, hneg_nll_loss = 4.5788, ivc_loss = 0.0634, neg_loss = 0.0192, hneg_loss = 0.0374, push_loss = 0.3188, pull_loss = 0.0018, 0.450 seconds/batch
2026-05-12 12:38:49,672 - Epoch 8, Batch 700, lr = 0.00008, final_loss = 4.5390, nll_loss = 4.4819, hneg_nll_loss = 4.5960, ivc_loss = 0.0630, neg_loss = 0.0168, hneg_loss = 0.0394, push_loss = 0.3271, pull_loss = 0.0019, 0.458 seconds/batch
2026-05-12 12:39:17,503 - Epoch 8, Batch 750, lr = 0.00008, final_loss = 4.5561, nll_loss = 4.4967, hneg_nll_loss = 4.6154, ivc_loss = 0.0638, neg_loss = 0.0173, hneg_loss = 0.0400, push_loss = 0.3210, pull_loss = 0.0017, 0.465 seconds/batch
2026-05-12 12:39:38,423 - Epoch 8, Batch 800, lr = 0.00008, final_loss = 4.5006, nll_loss = 4.4405, hneg_nll_loss = 4.5608, ivc_loss = 0.0654, neg_loss = 0.0205, hneg_loss = 0.0377, push_loss = 0.3216, pull_loss = 0.0019, 0.462 seconds/batch
2026-05-12 12:40:00,684 - Epoch 8, Batch 850, lr = 0.00008, final_loss = 4.5214, nll_loss = 4.4628, hneg_nll_loss = 4.5800, ivc_loss = 0.0661, neg_loss = 0.0206, hneg_loss = 0.0387, push_loss = 0.3200, pull_loss = 0.0017, 0.461 seconds/batch
2026-05-12 12:40:29,924 - Epoch 8, Batch 900, lr = 0.00008, final_loss = 4.5495, nll_loss = 4.4905, hneg_nll_loss = 4.6086, ivc_loss = 0.0662, neg_loss = 0.0193, hneg_loss = 0.0396, push_loss = 0.3112, pull_loss = 0.0019, 0.468 seconds/batch
2026-05-12 12:40:59,461 - Epoch 8, Batch 950, lr = 0.00008, final_loss = 4.5349, nll_loss = 4.4780, hneg_nll_loss = 4.5917, ivc_loss = 0.0649, neg_loss = 0.0180, hneg_loss = 0.0395, push_loss = 0.3114, pull_loss = 0.0019, 0.474 seconds/batch
2026-05-12 12:41:28,919 - Epoch 8, Batch 1000, lr = 0.00008, final_loss = 4.5105, nll_loss = 4.4521, hneg_nll_loss = 4.5689, ivc_loss = 0.0657, neg_loss = 0.0195, hneg_loss = 0.0386, push_loss = 0.3120, pull_loss = 0.0017, 0.480 seconds/batch
2026-05-12 12:41:56,874 - Epoch 8, Batch 1050, lr = 0.00008, final_loss = 4.5200, nll_loss = 4.4596, hneg_nll_loss = 4.5805, ivc_loss = 0.0652, neg_loss = 0.0197, hneg_loss = 0.0383, push_loss = 0.3151, pull_loss = 0.0017, 0.484 seconds/batch
2026-05-12 12:42:26,293 - Epoch 8, Batch 1100, lr = 0.00008, final_loss = 4.4943, nll_loss = 4.4335, hneg_nll_loss = 4.5550, ivc_loss = 0.0625, neg_loss = 0.0175, hneg_loss = 0.0378, push_loss = 0.3152, pull_loss = 0.0017, 0.488 seconds/batch
2026-05-12 12:42:54,924 - Epoch 8, Batch 1150, lr = 0.00008, final_loss = 4.5222, nll_loss = 4.4646, hneg_nll_loss = 4.5798, ivc_loss = 0.0661, neg_loss = 0.0204, hneg_loss = 0.0383, push_loss = 0.3156, pull_loss = 0.0016, 0.492 seconds/batch
2026-05-12 12:43:06,550 - Epoch 8, Batch 1170, lr = 0.00008, final_loss = 4.5043, nll_loss = 4.4459, hneg_nll_loss = 4.5628, ivc_loss = 0.0646, neg_loss = 0.0203, hneg_loss = 0.0370, push_loss = 0.3088, pull_loss = 0.0015, 0.494 seconds/batch
2026-05-12 12:43:06,694 - save model to ./checkpoints/activitynet/exp-activitynet_refact_2026-05-12_11-07-05/model-8.pt, num_updates 9360.
2026-05-12 12:46:45,679 - | Rank1,mIoU 0.1997 | Rank1,IoU@0.1 0.5370 | Rank1,IoU@0.3 0.3161 | Rank1,IoU@0.5 0.1093 | Rank5,mIoU 0.5458 | Rank5,IoU@0.1 0.9683 | Rank5,IoU@0.3 0.8765 | Rank5,IoU@0.5 0.5914 |
2026-05-12 12:46:45,679 - ============================================================
2026-05-12 12:46:45,680 - Start Epoch 9
2026-05-12 12:47:08,236 - Epoch 9, Batch 50, lr = 0.00008, final_loss = 4.4796, nll_loss = 4.4188, hneg_nll_loss = 4.5403, ivc_loss = 0.0638, neg_loss = 0.0188, hneg_loss = 0.0373, push_loss = 0.3086, pull_loss = 0.0016, 0.451 seconds/batch
2026-05-12 12:47:31,562 - Epoch 9, Batch 100, lr = 0.00008, final_loss = 4.4822, nll_loss = 4.4227, hneg_nll_loss = 4.5417, ivc_loss = 0.0631, neg_loss = 0.0183, hneg_loss = 0.0374, push_loss = 0.3136, pull_loss = 0.0016, 0.459 seconds/batch
2026-05-12 12:47:54,566 - Epoch 9, Batch 150, lr = 0.00008, final_loss = 4.4973, nll_loss = 4.4381, hneg_nll_loss = 4.5564, ivc_loss = 0.0627, neg_loss = 0.0162, hneg_loss = 0.0393, push_loss = 0.3138, pull_loss = 0.0016, 0.459 seconds/batch
2026-05-12 12:48:18,089 - Epoch 9, Batch 200, lr = 0.00008, final_loss = 4.5353, nll_loss = 4.4761, hneg_nll_loss = 4.5944, ivc_loss = 0.0624, neg_loss = 0.0176, hneg_loss = 0.0376, push_loss = 0.3091, pull_loss = 0.0016, 0.462 seconds/batch
2026-05-12 12:48:41,471 - Epoch 9, Batch 250, lr = 0.00008, final_loss = 4.5106, nll_loss = 4.4509, hneg_nll_loss = 4.5704, ivc_loss = 0.0627, neg_loss = 0.0168, hneg_loss = 0.0389, push_loss = 0.3060, pull_loss = 0.0017, 0.463 seconds/batch
2026-05-12 12:49:04,852 - Epoch 9, Batch 300, lr = 0.00008, final_loss = 4.4755, nll_loss = 4.4159, hneg_nll_loss = 4.5350, ivc_loss = 0.0657, neg_loss = 0.0197, hneg_loss = 0.0386, push_loss = 0.3092, pull_loss = 0.0016, 0.464 seconds/batch
2026-05-12 12:49:28,354 - Epoch 9, Batch 350, lr = 0.00008, final_loss = 4.4895, nll_loss = 4.4282, hneg_nll_loss = 4.5508, ivc_loss = 0.0600, neg_loss = 0.0165, hneg_loss = 0.0359, push_loss = 0.3063, pull_loss = 0.0015, 0.465 seconds/batch
2026-05-12 12:49:51,384 - Epoch 9, Batch 400, lr = 0.00008, final_loss = 4.4606, nll_loss = 4.4000, hneg_nll_loss = 4.5211, ivc_loss = 0.0628, neg_loss = 0.0195, hneg_loss = 0.0360, push_loss = 0.3165, pull_loss = 0.0017, 0.464 seconds/batch
2026-05-12 12:50:12,164 - Epoch 9, Batch 450, lr = 0.00008, final_loss = 4.4400, nll_loss = 4.3803, hneg_nll_loss = 4.4998, ivc_loss = 0.0620, neg_loss = 0.0170, hneg_loss = 0.0378, push_loss = 0.3131, pull_loss = 0.0017, 0.459 seconds/batch
2026-05-12 12:50:30,410 - Epoch 9, Batch 500, lr = 0.00008, final_loss = 4.4604, nll_loss = 4.3994, hneg_nll_loss = 4.5213, ivc_loss = 0.0607, neg_loss = 0.0166, hneg_loss = 0.0364, push_loss = 0.3076, pull_loss = 0.0014, 0.449 seconds/batch
2026-05-12 12:50:50,312 - Epoch 9, Batch 550, lr = 0.00008, final_loss = 4.4270, nll_loss = 4.3642, hneg_nll_loss = 4.4898, ivc_loss = 0.0605, neg_loss = 0.0163, hneg_loss = 0.0366, push_loss = 0.3057, pull_loss = 0.0014, 0.445 seconds/batch
2026-05-12 12:51:13,521 - Epoch 9, Batch 600, lr = 0.00008, final_loss = 4.4937, nll_loss = 4.4322, hneg_nll_loss = 4.5552, ivc_loss = 0.0616, neg_loss = 0.0182, hneg_loss = 0.0365, push_loss = 0.3133, pull_loss = 0.0014, 0.446 seconds/batch
2026-05-12 12:51:36,750 - Epoch 9, Batch 650, lr = 0.00008, final_loss = 4.4979, nll_loss = 4.4387, hneg_nll_loss = 4.5571, ivc_loss = 0.0640, neg_loss = 0.0168, hneg_loss = 0.0404, push_loss = 0.3052, pull_loss = 0.0017, 0.448 seconds/batch
2026-05-12 12:52:00,082 - Epoch 9, Batch 700, lr = 0.00008, final_loss = 4.4568, nll_loss = 4.3961, hneg_nll_loss = 4.5175, ivc_loss = 0.0629, neg_loss = 0.0169, hneg_loss = 0.0385, push_loss = 0.3066, pull_loss = 0.0015, 0.449 seconds/batch
2026-05-12 12:52:23,459 - Epoch 9, Batch 750, lr = 0.00008, final_loss = 4.4928, nll_loss = 4.4306, hneg_nll_loss = 4.5550, ivc_loss = 0.0639, neg_loss = 0.0172, hneg_loss = 0.0394, push_loss = 0.3145, pull_loss = 0.0016, 0.450 seconds/batch
2026-05-12 12:52:46,530 - Epoch 9, Batch 800, lr = 0.00008, final_loss = 4.4610, nll_loss = 4.4019, hneg_nll_loss = 4.5201, ivc_loss = 0.0660, neg_loss = 0.0181, hneg_loss = 0.0403, push_loss = 0.3156, pull_loss = 0.0016, 0.451 seconds/batch
2026-05-12 12:53:09,847 - Epoch 9, Batch 850, lr = 0.00008, final_loss = 4.4613, nll_loss = 4.4008, hneg_nll_loss = 4.5218, ivc_loss = 0.0615, neg_loss = 0.0178, hneg_loss = 0.0363, push_loss = 0.3076, pull_loss = 0.0016, 0.452 seconds/batch
2026-05-12 12:53:32,878 - Epoch 9, Batch 900, lr = 0.00008, final_loss = 4.4595, nll_loss = 4.3991, hneg_nll_loss = 4.5199, ivc_loss = 0.0653, neg_loss = 0.0194, hneg_loss = 0.0382, push_loss = 0.3054, pull_loss = 0.0015, 0.452 seconds/batch
2026-05-12 12:53:56,114 - Epoch 9, Batch 950, lr = 0.00008, final_loss = 4.5117, nll_loss = 4.4488, hneg_nll_loss = 4.5747, ivc_loss = 0.0607, neg_loss = 0.0171, hneg_loss = 0.0361, push_loss = 0.3016, pull_loss = 0.0014, 0.453 seconds/batch
2026-05-12 12:54:14,388 - Epoch 9, Batch 1000, lr = 0.00008, final_loss = 4.4747, nll_loss = 4.4162, hneg_nll_loss = 4.5331, ivc_loss = 0.0636, neg_loss = 0.0175, hneg_loss = 0.0383, push_loss = 0.3068, pull_loss = 0.0015, 0.449 seconds/batch
2026-05-12 12:54:32,802 - Epoch 9, Batch 1050, lr = 0.00008, final_loss = 4.4848, nll_loss = 4.4241, hneg_nll_loss = 4.5454, ivc_loss = 0.0635, neg_loss = 0.0186, hneg_loss = 0.0370, push_loss = 0.3045, pull_loss = 0.0015, 0.445 seconds/batch
2026-05-12 12:54:46,887 - Epoch 9, Batch 1100, lr = 0.00008, final_loss = 4.4588, nll_loss = 4.3974, hneg_nll_loss = 4.5202, ivc_loss = 0.0590, neg_loss = 0.0149, hneg_loss = 0.0368, push_loss = 0.3099, pull_loss = 0.0014, 0.437 seconds/batch
2026-05-12 12:55:00,377 - Epoch 9, Batch 1150, lr = 0.00008, final_loss = 4.5055, nll_loss = 4.4451, hneg_nll_loss = 4.5658, ivc_loss = 0.0627, neg_loss = 0.0168, hneg_loss = 0.0387, push_loss = 0.3162, pull_loss = 0.0016, 0.430 seconds/batch
2026-05-12 12:55:05,738 - Epoch 9, Batch 1170, lr = 0.00008, final_loss = 4.4848, nll_loss = 4.4220, hneg_nll_loss = 4.5476, ivc_loss = 0.0636, neg_loss = 0.0190, hneg_loss = 0.0377, push_loss = 0.3093, pull_loss = 0.0014, 0.427 seconds/batch
2026-05-12 12:55:05,871 - save model to ./checkpoints/activitynet/exp-activitynet_refact_2026-05-12_11-07-05/model-9.pt, num_updates 10530.
2026-05-12 12:57:11,890 - | Rank1,mIoU 0.2149 | Rank1,IoU@0.1 0.5188 | Rank1,IoU@0.3 0.3629 | Rank1,IoU@0.5 0.1517 | Rank5,mIoU 0.5303 | Rank5,IoU@0.1 0.9668 | Rank5,IoU@0.3 0.8755 | Rank5,IoU@0.5 0.5751 |
2026-05-12 12:57:11,891 - ============================================================
2026-05-12 12:57:11,891 - Start Epoch 10
2026-05-12 12:57:25,880 - Epoch 10, Batch 50, lr = 0.00008, final_loss = 4.4259, nll_loss = 4.3664, hneg_nll_loss = 4.4853, ivc_loss = 0.0663, neg_loss = 0.0182, hneg_loss = 0.0407, push_loss = 0.3083, pull_loss = 0.0015, 0.280 seconds/batch
2026-05-12 12:57:39,348 - Epoch 10, Batch 100, lr = 0.00008, final_loss = 4.4456, nll_loss = 4.3847, hneg_nll_loss = 4.5064, ivc_loss = 0.0614, neg_loss = 0.0160, hneg_loss = 0.0377, push_loss = 0.3015, pull_loss = 0.0015, 0.275 seconds/batch
2026-05-12 12:57:53,082 - Epoch 10, Batch 150, lr = 0.00008, final_loss = 4.4197, nll_loss = 4.3581, hneg_nll_loss = 4.4814, ivc_loss = 0.0604, neg_loss = 0.0164, hneg_loss = 0.0363, push_loss = 0.2991, pull_loss = 0.0015, 0.275 seconds/batch
2026-05-12 12:58:06,621 - Epoch 10, Batch 200, lr = 0.00008, final_loss = 4.4084, nll_loss = 4.3477, hneg_nll_loss = 4.4692, ivc_loss = 0.0624, neg_loss = 0.0163, hneg_loss = 0.0384, push_loss = 0.3038, pull_loss = 0.0014, 0.274 seconds/batch
2026-05-12 12:58:20,132 - Epoch 10, Batch 250, lr = 0.00008, final_loss = 4.4432, nll_loss = 4.3835, hneg_nll_loss = 4.5029, ivc_loss = 0.0662, neg_loss = 0.0200, hneg_loss = 0.0388, push_loss = 0.3080, pull_loss = 0.0014, 0.273 seconds/batch
2026-05-12 12:58:33,692 - Epoch 10, Batch 300, lr = 0.00008, final_loss = 4.4302, nll_loss = 4.3696, hneg_nll_loss = 4.4909, ivc_loss = 0.0623, neg_loss = 0.0173, hneg_loss = 0.0378, push_loss = 0.3059, pull_loss = 0.0013, 0.273 seconds/batch
2026-05-12 12:58:47,218 - Epoch 10, Batch 350, lr = 0.00008, final_loss = 4.4369, nll_loss = 4.3758, hneg_nll_loss = 4.4980, ivc_loss = 0.0612, neg_loss = 0.0178, hneg_loss = 0.0362, push_loss = 0.3091, pull_loss = 0.0013, 0.272 seconds/batch
2026-05-12 12:59:00,819 - Epoch 10, Batch 400, lr = 0.00008, final_loss = 4.4517, nll_loss = 4.3923, hneg_nll_loss = 4.5111, ivc_loss = 0.0655, neg_loss = 0.0174, hneg_loss = 0.0406, push_loss = 0.3024, pull_loss = 0.0012, 0.272 seconds/batch
2026-05-12 12:59:14,451 - Epoch 10, Batch 450, lr = 0.00008, final_loss = 4.4292, nll_loss = 4.3674, hneg_nll_loss = 4.4911, ivc_loss = 0.0608, neg_loss = 0.0150, hneg_loss = 0.0380, push_loss = 0.3045, pull_loss = 0.0012, 0.272 seconds/batch
2026-05-12 12:59:28,018 - Epoch 10, Batch 500, lr = 0.00008, final_loss = 4.4682, nll_loss = 4.4084, hneg_nll_loss = 4.5279, ivc_loss = 0.0637, neg_loss = 0.0168, hneg_loss = 0.0393, push_loss = 0.3008, pull_loss = 0.0013, 0.272 seconds/batch
2026-05-12 12:59:41,620 - Epoch 10, Batch 550, lr = 0.00008, final_loss = 4.4419, nll_loss = 4.3807, hneg_nll_loss = 4.5032, ivc_loss = 0.0609, neg_loss = 0.0161, hneg_loss = 0.0372, push_loss = 0.2996, pull_loss = 0.0014, 0.272 seconds/batch
2026-05-12 12:59:55,154 - Epoch 10, Batch 600, lr = 0.00008, final_loss = 4.4585, nll_loss = 4.3969, hneg_nll_loss = 4.5200, ivc_loss = 0.0620, neg_loss = 0.0174, hneg_loss = 0.0373, push_loss = 0.3003, pull_loss = 0.0014, 0.272 seconds/batch
2026-05-12 13:00:08,793 - Epoch 10, Batch 650, lr = 0.00008, final_loss = 4.4968, nll_loss = 4.4332, hneg_nll_loss = 4.5605, ivc_loss = 0.0561, neg_loss = 0.0135, hneg_loss = 0.0355, push_loss = 0.3028, pull_loss = 0.0014, 0.272 seconds/batch
2026-05-12 13:00:22,448 - Epoch 10, Batch 700, lr = 0.00008, final_loss = 4.4404, nll_loss = 4.3792, hneg_nll_loss = 4.5016, ivc_loss = 0.0639, neg_loss = 0.0177, hneg_loss = 0.0390, push_loss = 0.3083, pull_loss = 0.0013, 0.272 seconds/batch
2026-05-12 13:00:36,086 - Epoch 10, Batch 750, lr = 0.00008, final_loss = 4.4522, nll_loss = 4.3900, hneg_nll_loss = 4.5144, ivc_loss = 0.0622, neg_loss = 0.0170, hneg_loss = 0.0376, push_loss = 0.3062, pull_loss = 0.0013, 0.272 seconds/batch
2026-05-12 13:00:49,580 - Epoch 10, Batch 800, lr = 0.00008, final_loss = 4.4661, nll_loss = 4.4030, hneg_nll_loss = 4.5291, ivc_loss = 0.0589, neg_loss = 0.0159, hneg_loss = 0.0356, push_loss = 0.3017, pull_loss = 0.0015, 0.272 seconds/batch
2026-05-12 13:01:03,126 - Epoch 10, Batch 850, lr = 0.00007, final_loss = 4.4236, nll_loss = 4.3636, hneg_nll_loss = 4.4835, ivc_loss = 0.0640, neg_loss = 0.0192, hneg_loss = 0.0372, push_loss = 0.2962, pull_loss = 0.0014, 0.272 seconds/batch
2026-05-12 13:01:16,725 - Epoch 10, Batch 900, lr = 0.00007, final_loss = 4.4456, nll_loss = 4.3850, hneg_nll_loss = 4.5062, ivc_loss = 0.0629, neg_loss = 0.0170, hneg_loss = 0.0383, push_loss = 0.2992, pull_loss = 0.0014, 0.272 seconds/batch
2026-05-12 13:01:30,267 - Epoch 10, Batch 950, lr = 0.00007, final_loss = 4.4099, nll_loss = 4.3503, hneg_nll_loss = 4.4694, ivc_loss = 0.0617, neg_loss = 0.0157, hneg_loss = 0.0385, push_loss = 0.3022, pull_loss = 0.0013, 0.272 seconds/batch
2026-05-12 13:01:43,790 - Epoch 10, Batch 1000, lr = 0.00007, final_loss = 4.4295, nll_loss = 4.3660, hneg_nll_loss = 4.4929, ivc_loss = 0.0598, neg_loss = 0.0151, hneg_loss = 0.0370, push_loss = 0.3022, pull_loss = 0.0013, 0.272 seconds/batch
2026-05-12 13:01:57,370 - Epoch 10, Batch 1050, lr = 0.00007, final_loss = 4.4426, nll_loss = 4.3810, hneg_nll_loss = 4.5042, ivc_loss = 0.0620, neg_loss = 0.0157, hneg_loss = 0.0388, push_loss = 0.2994, pull_loss = 0.0015, 0.272 seconds/batch
2026-05-12 13:02:11,168 - Epoch 10, Batch 1100, lr = 0.00007, final_loss = 4.4987, nll_loss = 4.4365, hneg_nll_loss = 4.5609, ivc_loss = 0.0606, neg_loss = 0.0163, hneg_loss = 0.0363, push_loss = 0.2919, pull_loss = 0.0014, 0.272 seconds/batch
2026-05-12 13:02:24,885 - Epoch 10, Batch 1150, lr = 0.00007, final_loss = 4.4556, nll_loss = 4.3946, hneg_nll_loss = 4.5166, ivc_loss = 0.0610, neg_loss = 0.0164, hneg_loss = 0.0368, push_loss = 0.2940, pull_loss = 0.0015, 0.272 seconds/batch
2026-05-12 13:02:30,311 - Epoch 10, Batch 1170, lr = 0.00007, final_loss = 4.4274, nll_loss = 4.3658, hneg_nll_loss = 4.4889, ivc_loss = 0.0601, neg_loss = 0.0134, hneg_loss = 0.0392, push_loss = 0.2970, pull_loss = 0.0016, 0.272 seconds/batch
2026-05-12 13:02:30,450 - save model to ./checkpoints/activitynet/exp-activitynet_refact_2026-05-12_11-07-05/model-10.pt, num_updates 11700.
2026-05-12 13:04:37,105 - | Rank1,mIoU 0.2327 | Rank1,IoU@0.1 0.5675 | Rank1,IoU@0.3 0.3498 | Rank1,IoU@0.5 0.1604 | Rank5,mIoU 0.5690 | Rank5,IoU@0.1 0.9712 | Rank5,IoU@0.3 0.8916 | Rank5,IoU@0.5 0.6246 |
2026-05-12 13:04:37,106 - ============================================================
2026-05-12 13:04:37,106 - Start Epoch 11
2026-05-12 13:04:50,895 - Epoch 11, Batch 50, lr = 0.00007, final_loss = 4.3919, nll_loss = 4.3286, hneg_nll_loss = 4.4552, ivc_loss = 0.0584, neg_loss = 0.0135, hneg_loss = 0.0373, push_loss = 0.2963, pull_loss = 0.0015, 0.276 seconds/batch
2026-05-12 13:05:04,390 - Epoch 11, Batch 100, lr = 0.00007, final_loss = 4.4066, nll_loss = 4.3469, hneg_nll_loss = 4.4664, ivc_loss = 0.0657, neg_loss = 0.0167, hneg_loss = 0.0413, push_loss = 0.2943, pull_loss = 0.0017, 0.273 seconds/batch
2026-05-12 13:05:17,907 - Epoch 11, Batch 150, lr = 0.00007, final_loss = 4.4153, nll_loss = 4.3555, hneg_nll_loss = 4.4752, ivc_loss = 0.0594, neg_loss = 0.0136, hneg_loss = 0.0381, push_loss = 0.2978, pull_loss = 0.0017, 0.272 seconds/batch
2026-05-12 13:05:31,495 - Epoch 11, Batch 200, lr = 0.00007, final_loss = 4.4221, nll_loss = 4.3583, hneg_nll_loss = 4.4859, ivc_loss = 0.0580, neg_loss = 0.0134, hneg_loss = 0.0365, push_loss = 0.2929, pull_loss = 0.0020, 0.272 seconds/batch
2026-05-12 13:05:45,100 - Epoch 11, Batch 250, lr = 0.00007, final_loss = 4.4116, nll_loss = 4.3493, hneg_nll_loss = 4.4740, ivc_loss = 0.0597, neg_loss = 0.0131, hneg_loss = 0.0385, push_loss = 0.2884, pull_loss = 0.0020, 0.272 seconds/batch
2026-05-12 13:05:58,801 - Epoch 11, Batch 300, lr = 0.00007, final_loss = 4.3970, nll_loss = 4.3351, hneg_nll_loss = 4.4590, ivc_loss = 0.0585, neg_loss = 0.0120, hneg_loss = 0.0384, push_loss = 0.2930, pull_loss = 0.0020, 0.272 seconds/batch
2026-05-12 13:06:12,430 - Epoch 11, Batch 350, lr = 0.00007, final_loss = 4.3999, nll_loss = 4.3363, hneg_nll_loss = 4.4634, ivc_loss = 0.0558, neg_loss = 0.0123, hneg_loss = 0.0358, push_loss = 0.2938, pull_loss = 0.0020, 0.272 seconds/batch
2026-05-12 13:06:26,023 - Epoch 11, Batch 400, lr = 0.00007, final_loss = 4.3816, nll_loss = 4.3203, hneg_nll_loss = 4.4430, ivc_loss = 0.0600, neg_loss = 0.0138, hneg_loss = 0.0385, push_loss = 0.2935, pull_loss = 0.0020, 0.272 seconds/batch
2026-05-12 13:06:39,577 - Epoch 11, Batch 450, lr = 0.00007, final_loss = 4.4062, nll_loss = 4.3437, hneg_nll_loss = 4.4688, ivc_loss = 0.0560, neg_loss = 0.0123, hneg_loss = 0.0358, push_loss = 0.2964, pull_loss = 0.0022, 0.272 seconds/batch
2026-05-12 13:06:53,133 - Epoch 11, Batch 500, lr = 0.00007, final_loss = 4.4083, nll_loss = 4.3468, hneg_nll_loss = 4.4699, ivc_loss = 0.0595, neg_loss = 0.0132, hneg_loss = 0.0388, push_loss = 0.2944, pull_loss = 0.0020, 0.272 seconds/batch
2026-05-12 13:07:06,745 - Epoch 11, Batch 550, lr = 0.00007, final_loss = 4.4446, nll_loss = 4.3850, hneg_nll_loss = 4.5042, ivc_loss = 0.0596, neg_loss = 0.0125, hneg_loss = 0.0391, push_loss = 0.2915, pull_loss = 0.0019, 0.272 seconds/batch
2026-05-12 13:07:20,226 - Epoch 11, Batch 600, lr = 0.00007, final_loss = 4.4192, nll_loss = 4.3587, hneg_nll_loss = 4.4797, ivc_loss = 0.0590, neg_loss = 0.0118, hneg_loss = 0.0393, push_loss = 0.2894, pull_loss = 0.0018, 0.272 seconds/batch
2026-05-12 13:07:33,802 - Epoch 11, Batch 650, lr = 0.00007, final_loss = 4.4036, nll_loss = 4.3429, hneg_nll_loss = 4.4644, ivc_loss = 0.0611, neg_loss = 0.0146, hneg_loss = 0.0384, push_loss = 0.2902, pull_loss = 0.0020, 0.272 seconds/batch
2026-05-12 13:07:47,476 - Epoch 11, Batch 700, lr = 0.00007, final_loss = 4.4417, nll_loss = 4.3803, hneg_nll_loss = 4.5031, ivc_loss = 0.0592, neg_loss = 0.0115, hneg_loss = 0.0397, push_loss = 0.2910, pull_loss = 0.0019, 0.272 seconds/batch
2026-05-12 13:08:01,096 - Epoch 11, Batch 750, lr = 0.00007, final_loss = 4.3864, nll_loss = 4.3229, hneg_nll_loss = 4.4499, ivc_loss = 0.0569, neg_loss = 0.0132, hneg_loss = 0.0358, push_loss = 0.2937, pull_loss = 0.0020, 0.272 seconds/batch
2026-05-12 13:08:14,789 - Epoch 11, Batch 800, lr = 0.00007, final_loss = 4.4086, nll_loss = 4.3481, hneg_nll_loss = 4.4690, ivc_loss = 0.0622, neg_loss = 0.0150, hneg_loss = 0.0391, push_loss = 0.2894, pull_loss = 0.0020, 0.272 seconds/batch
2026-05-12 13:08:28,351 - Epoch 11, Batch 850, lr = 0.00007, final_loss = 4.3805, nll_loss = 4.3208, hneg_nll_loss = 4.4402, ivc_loss = 0.0582, neg_loss = 0.0125, hneg_loss = 0.0375, push_loss = 0.2843, pull_loss = 0.0019, 0.272 seconds/batch
2026-05-12 13:08:42,016 - Epoch 11, Batch 900, lr = 0.00007, final_loss = 4.3754, nll_loss = 4.3105, hneg_nll_loss = 4.4402, ivc_loss = 0.0571, neg_loss = 0.0128, hneg_loss = 0.0362, push_loss = 0.2862, pull_loss = 0.0018, 0.272 seconds/batch
2026-05-12 13:08:55,588 - Epoch 11, Batch 950, lr = 0.00007, final_loss = 4.3830, nll_loss = 4.3234, hneg_nll_loss = 4.4426, ivc_loss = 0.0597, neg_loss = 0.0128, hneg_loss = 0.0390, push_loss = 0.2896, pull_loss = 0.0017, 0.272 seconds/batch
2026-05-12 13:09:09,072 - Epoch 11, Batch 1000, lr = 0.00007, final_loss = 4.4163, nll_loss = 4.3530, hneg_nll_loss = 4.4796, ivc_loss = 0.0573, neg_loss = 0.0122, hneg_loss = 0.0372, push_loss = 0.2865, pull_loss = 0.0019, 0.272 seconds/batch
2026-05-12 13:09:22,721 - Epoch 11, Batch 1050, lr = 0.00007, final_loss = 4.4359, nll_loss = 4.3755, hneg_nll_loss = 4.4962, ivc_loss = 0.0602, neg_loss = 0.0135, hneg_loss = 0.0383, push_loss = 0.2888, pull_loss = 0.0019, 0.272 seconds/batch
2026-05-12 13:09:36,280 - Epoch 11, Batch 1100, lr = 0.00007, final_loss = 4.3964, nll_loss = 4.3332, hneg_nll_loss = 4.4596, ivc_loss = 0.0571, neg_loss = 0.0123, hneg_loss = 0.0365, push_loss = 0.2906, pull_loss = 0.0020, 0.272 seconds/batch
2026-05-12 13:09:49,981 - Epoch 11, Batch 1150, lr = 0.00007, final_loss = 4.4098, nll_loss = 4.3465, hneg_nll_loss = 4.4731, ivc_loss = 0.0579, neg_loss = 0.0126, hneg_loss = 0.0377, push_loss = 0.2894, pull_loss = 0.0018, 0.272 seconds/batch
2026-05-12 13:09:55,508 - Epoch 11, Batch 1170, lr = 0.00007, final_loss = 4.3856, nll_loss = 4.3204, hneg_nll_loss = 4.4508, ivc_loss = 0.0535, neg_loss = 0.0116, hneg_loss = 0.0343, push_loss = 0.2867, pull_loss = 0.0017, 0.272 seconds/batch
2026-05-12 13:09:55,641 - save model to ./checkpoints/activitynet/exp-activitynet_refact_2026-05-12_11-07-05/model-11.pt, num_updates 12870.
2026-05-12 13:12:02,988 - | Rank1,mIoU 0.2353 | Rank1,IoU@0.1 0.5619 | Rank1,IoU@0.3 0.3793 | Rank1,IoU@0.5 0.1619 | Rank5,mIoU 0.5699 | Rank5,IoU@0.1 0.9691 | Rank5,IoU@0.3 0.8908 | Rank5,IoU@0.5 0.6496 |
2026-05-12 13:12:02,989 - ============================================================
2026-05-12 13:12:02,989 - Start Epoch 12
2026-05-12 13:12:16,927 - Epoch 12, Batch 50, lr = 0.00007, final_loss = 4.3421, nll_loss = 4.2778, hneg_nll_loss = 4.4063, ivc_loss = 0.0538, neg_loss = 0.0101, hneg_loss = 0.0360, push_loss = 0.2877, pull_loss = 0.0022, 0.279 seconds/batch
2026-05-12 13:12:30,680 - Epoch 12, Batch 100, lr = 0.00007, final_loss = 4.3440, nll_loss = 4.2807, hneg_nll_loss = 4.4072, ivc_loss = 0.0564, neg_loss = 0.0111, hneg_loss = 0.0370, push_loss = 0.2869, pull_loss = 0.0021, 0.277 seconds/batch
2026-05-12 13:12:44,218 - Epoch 12, Batch 150, lr = 0.00007, final_loss = 4.3912, nll_loss = 4.3282, hneg_nll_loss = 4.4543, ivc_loss = 0.0592, neg_loss = 0.0123, hneg_loss = 0.0387, push_loss = 0.2836, pull_loss = 0.0019, 0.275 seconds/batch
2026-05-12 13:12:57,757 - Epoch 12, Batch 200, lr = 0.00007, final_loss = 4.3537, nll_loss = 4.2923, hneg_nll_loss = 4.4151, ivc_loss = 0.0569, neg_loss = 0.0101, hneg_loss = 0.0380, push_loss = 0.2839, pull_loss = 0.0021, 0.274 seconds/batch
2026-05-12 13:13:11,303 - Epoch 12, Batch 250, lr = 0.00007, final_loss = 4.3962, nll_loss = 4.3338, hneg_nll_loss = 4.4587, ivc_loss = 0.0570, neg_loss = 0.0107, hneg_loss = 0.0376, push_loss = 0.2874, pull_loss = 0.0019, 0.273 seconds/batch
2026-05-12 13:13:24,870 - Epoch 12, Batch 300, lr = 0.00007, final_loss = 4.3623, nll_loss = 4.2991, hneg_nll_loss = 4.4255, ivc_loss = 0.0569, neg_loss = 0.0124, hneg_loss = 0.0359, push_loss = 0.2856, pull_loss = 0.0019, 0.273 seconds/batch
2026-05-12 13:13:38,457 - Epoch 12, Batch 350, lr = 0.00007, final_loss = 4.3870, nll_loss = 4.3245, hneg_nll_loss = 4.4495, ivc_loss = 0.0574, neg_loss = 0.0111, hneg_loss = 0.0380, push_loss = 0.2812, pull_loss = 0.0018, 0.273 seconds/batch
2026-05-12 13:13:52,133 - Epoch 12, Batch 400, lr = 0.00007, final_loss = 4.4008, nll_loss = 4.3382, hneg_nll_loss = 4.4634, ivc_loss = 0.0558, neg_loss = 0.0104, hneg_loss = 0.0372, push_loss = 0.2834, pull_loss = 0.0016, 0.273 seconds/batch
2026-05-12 13:14:05,834 - Epoch 12, Batch 450, lr = 0.00007, final_loss = 4.3536, nll_loss = 4.2919, hneg_nll_loss = 4.4154, ivc_loss = 0.0585, neg_loss = 0.0117, hneg_loss = 0.0381, push_loss = 0.2835, pull_loss = 0.0017, 0.273 seconds/batch
2026-05-12 13:14:19,406 - Epoch 12, Batch 500, lr = 0.00007, final_loss = 4.3466, nll_loss = 4.2845, hneg_nll_loss = 4.4086, ivc_loss = 0.0591, neg_loss = 0.0116, hneg_loss = 0.0388, push_loss = 0.2848, pull_loss = 0.0018, 0.273 seconds/batch
2026-05-12 13:14:33,016 - Epoch 12, Batch 550, lr = 0.00007, final_loss = 4.3816, nll_loss = 4.3210, hneg_nll_loss = 4.4421, ivc_loss = 0.0586, neg_loss = 0.0123, hneg_loss = 0.0376, push_loss = 0.2831, pull_loss = 0.0018, 0.273 seconds/batch
2026-05-12 13:14:46,609 - Epoch 12, Batch 600, lr = 0.00007, final_loss = 4.3810, nll_loss = 4.3155, hneg_nll_loss = 4.4465, ivc_loss = 0.0577, neg_loss = 0.0131, hneg_loss = 0.0360, push_loss = 0.2818, pull_loss = 0.0018, 0.273 seconds/batch
2026-05-12 13:15:00,242 - Epoch 12, Batch 650, lr = 0.00007, final_loss = 4.3607, nll_loss = 4.2971, hneg_nll_loss = 4.4242, ivc_loss = 0.0571, neg_loss = 0.0120, hneg_loss = 0.0363, push_loss = 0.2824, pull_loss = 0.0018, 0.273 seconds/batch
2026-05-12 13:15:13,830 - Epoch 12, Batch 700, lr = 0.00007, final_loss = 4.3716, nll_loss = 4.3105, hneg_nll_loss = 4.4326, ivc_loss = 0.0591, neg_loss = 0.0118, hneg_loss = 0.0386, push_loss = 0.2828, pull_loss = 0.0017, 0.273 seconds/batch
2026-05-12 13:15:27,423 - Epoch 12, Batch 750, lr = 0.00007, final_loss = 4.3774, nll_loss = 4.3141, hneg_nll_loss = 4.4407, ivc_loss = 0.0591, neg_loss = 0.0114, hneg_loss = 0.0391, push_loss = 0.2835, pull_loss = 0.0018, 0.273 seconds/batch
2026-05-12 13:15:40,928 - Epoch 12, Batch 800, lr = 0.00007, final_loss = 4.4005, nll_loss = 4.3379, hneg_nll_loss = 4.4632, ivc_loss = 0.0568, neg_loss = 0.0105, hneg_loss = 0.0378, push_loss = 0.2854, pull_loss = 0.0017, 0.272 seconds/batch
2026-05-12 13:15:54,515 - Epoch 12, Batch 850, lr = 0.00007, final_loss = 4.3561, nll_loss = 4.2923, hneg_nll_loss = 4.4199, ivc_loss = 0.0554, neg_loss = 0.0107, hneg_loss = 0.0362, push_loss = 0.2841, pull_loss = 0.0019, 0.272 seconds/batch
2026-05-12 13:16:08,061 - Epoch 12, Batch 900, lr = 0.00007, final_loss = 4.3998, nll_loss = 4.3376, hneg_nll_loss = 4.4621, ivc_loss = 0.0574, neg_loss = 0.0101, hneg_loss = 0.0388, push_loss = 0.2843, pull_loss = 0.0019, 0.272 seconds/batch
2026-05-12 13:16:21,746 - Epoch 12, Batch 950, lr = 0.00007, final_loss = 4.4212, nll_loss = 4.3581, hneg_nll_loss = 4.4843, ivc_loss = 0.0585, neg_loss = 0.0128, hneg_loss = 0.0373, push_loss = 0.2826, pull_loss = 0.0019, 0.272 seconds/batch
2026-05-12 13:16:35,497 - Epoch 12, Batch 1000, lr = 0.00007, final_loss = 4.3793, nll_loss = 4.3167, hneg_nll_loss = 4.4419, ivc_loss = 0.0592, neg_loss = 0.0111, hneg_loss = 0.0393, push_loss = 0.2866, pull_loss = 0.0016, 0.273 seconds/batch
2026-05-12 13:16:51,896 - Epoch 12, Batch 1050, lr = 0.00007, final_loss = 4.3895, nll_loss = 4.3261, hneg_nll_loss = 4.4528, ivc_loss = 0.0547, neg_loss = 0.0109, hneg_loss = 0.0347, push_loss = 0.2815, pull_loss = 0.0015, 0.275 seconds/batch
2026-05-12 13:17:08,514 - Epoch 12, Batch 1100, lr = 0.00007, final_loss = 4.3465, nll_loss = 4.2820, hneg_nll_loss = 4.4110, ivc_loss = 0.0575, neg_loss = 0.0117, hneg_loss = 0.0365, push_loss = 0.2814, pull_loss = 0.0016, 0.278 seconds/batch
2026-05-12 13:17:25,186 - Epoch 12, Batch 1150, lr = 0.00007, final_loss = 4.3771, nll_loss = 4.3135, hneg_nll_loss = 4.4407, ivc_loss = 0.0567, neg_loss = 0.0097, hneg_loss = 0.0377, push_loss = 0.2817, pull_loss = 0.0016, 0.280 seconds/batch
2026-05-12 13:17:31,813 - Epoch 12, Batch 1170, lr = 0.00007, final_loss = 4.3424, nll_loss = 4.2739, hneg_nll_loss = 4.4110, ivc_loss = 0.0519, neg_loss = 0.0089, hneg_loss = 0.0335, push_loss = 0.2827, pull_loss = 0.0016, 0.281 seconds/batch
2026-05-12 13:17:31,947 - save model to ./checkpoints/activitynet/exp-activitynet_refact_2026-05-12_11-07-05/model-12.pt, num_updates 14040.
2026-05-12 13:19:47,560 - | Rank1,mIoU 0.2466 | Rank1,IoU@0.1 0.5993 | Rank1,IoU@0.3 0.4166 | Rank1,IoU@0.5 0.1575 | Rank5,mIoU 0.5800 | Rank5,IoU@0.1 0.9627 | Rank5,IoU@0.3 0.8768 | Rank5,IoU@0.5 0.6899 |
2026-05-12 13:19:47,560 - ============================================================
2026-05-12 13:19:47,561 - Start Epoch 13
2026-05-12 13:20:01,384 - Epoch 13, Batch 50, lr = 0.00007, final_loss = 4.3278, nll_loss = 4.2656, hneg_nll_loss = 4.3900, ivc_loss = 0.0589, neg_loss = 0.0104, hneg_loss = 0.0392, push_loss = 0.2813, pull_loss = 0.0017, 0.276 seconds/batch
2026-05-12 13:20:14,914 - Epoch 13, Batch 100, lr = 0.00007, final_loss = 4.3435, nll_loss = 4.2793, hneg_nll_loss = 4.4077, ivc_loss = 0.0544, neg_loss = 0.0094, hneg_loss = 0.0361, push_loss = 0.2793, pull_loss = 0.0015, 0.274 seconds/batch
2026-05-12 13:20:28,547 - Epoch 13, Batch 150, lr = 0.00007, final_loss = 4.3322, nll_loss = 4.2701, hneg_nll_loss = 4.3943, ivc_loss = 0.0562, neg_loss = 0.0097, hneg_loss = 0.0375, push_loss = 0.2802, pull_loss = 0.0015, 0.273 seconds/batch
2026-05-12 13:20:42,241 - Epoch 13, Batch 200, lr = 0.00007, final_loss = 4.3270, nll_loss = 4.2635, hneg_nll_loss = 4.3905, ivc_loss = 0.0566, neg_loss = 0.0111, hneg_loss = 0.0368, push_loss = 0.2798, pull_loss = 0.0016, 0.273 seconds/batch
2026-05-12 13:20:55,869 - Epoch 13, Batch 250, lr = 0.00007, final_loss = 4.3381, nll_loss = 4.2733, hneg_nll_loss = 4.4028, ivc_loss = 0.0564, neg_loss = 0.0103, hneg_loss = 0.0375, push_loss = 0.2836, pull_loss = 0.0014, 0.273 seconds/batch
2026-05-12 13:21:09,491 - Epoch 13, Batch 300, lr = 0.00007, final_loss = 4.3591, nll_loss = 4.2940, hneg_nll_loss = 4.4242, ivc_loss = 0.0561, neg_loss = 0.0094, hneg_loss = 0.0379, push_loss = 0.2830, pull_loss = 0.0016, 0.273 seconds/batch
2026-05-12 13:21:23,155 - Epoch 13, Batch 350, lr = 0.00007, final_loss = 4.3536, nll_loss = 4.2891, hneg_nll_loss = 4.4182, ivc_loss = 0.0574, neg_loss = 0.0113, hneg_loss = 0.0375, push_loss = 0.2841, pull_loss = 0.0014, 0.273 seconds/batch
2026-05-12 13:21:37,027 - Epoch 13, Batch 400, lr = 0.00007, final_loss = 4.3620, nll_loss = 4.3026, hneg_nll_loss = 4.4213, ivc_loss = 0.0612, neg_loss = 0.0112, hneg_loss = 0.0413, push_loss = 0.2842, pull_loss = 0.0016, 0.274 seconds/batch
2026-05-12 13:21:50,695 - Epoch 13, Batch 450, lr = 0.00007, final_loss = 4.3510, nll_loss = 4.2881, hneg_nll_loss = 4.4138, ivc_loss = 0.0580, neg_loss = 0.0111, hneg_loss = 0.0382, push_loss = 0.2809, pull_loss = 0.0016, 0.274 seconds/batch
2026-05-12 13:22:04,339 - Epoch 13, Batch 500, lr = 0.00007, final_loss = 4.3621, nll_loss = 4.3011, hneg_nll_loss = 4.4230, ivc_loss = 0.0552, neg_loss = 0.0087, hneg_loss = 0.0378, push_loss = 0.2833, pull_loss = 0.0014, 0.274 seconds/batch
2026-05-12 13:22:18,023 - Epoch 13, Batch 550, lr = 0.00007, final_loss = 4.3423, nll_loss = 4.2761, hneg_nll_loss = 4.4085, ivc_loss = 0.0558, neg_loss = 0.0100, hneg_loss = 0.0370, push_loss = 0.2819, pull_loss = 0.0014, 0.274 seconds/batch
2026-05-12 13:22:31,672 - Epoch 13, Batch 600, lr = 0.00007, final_loss = 4.3473, nll_loss = 4.2822, hneg_nll_loss = 4.4124, ivc_loss = 0.0542, neg_loss = 0.0089, hneg_loss = 0.0363, push_loss = 0.2819, pull_loss = 0.0015, 0.274 seconds/batch
2026-05-12 13:22:45,334 - Epoch 13, Batch 650, lr = 0.00007, final_loss = 4.3117, nll_loss = 4.2464, hneg_nll_loss = 4.3771, ivc_loss = 0.0550, neg_loss = 0.0094, hneg_loss = 0.0366, push_loss = 0.2813, pull_loss = 0.0015, 0.273 seconds/batch
2026-05-12 13:22:58,834 - Epoch 13, Batch 700, lr = 0.00007, final_loss = 4.3505, nll_loss = 4.2871, hneg_nll_loss = 4.4139, ivc_loss = 0.0573, neg_loss = 0.0113, hneg_loss = 0.0370, push_loss = 0.2806, pull_loss = 0.0015, 0.273 seconds/batch
2026-05-12 13:23:12,673 - Epoch 13, Batch 750, lr = 0.00007, final_loss = 4.3343, nll_loss = 4.2731, hneg_nll_loss = 4.3956, ivc_loss = 0.0602, neg_loss = 0.0116, hneg_loss = 0.0400, push_loss = 0.2803, pull_loss = 0.0012, 0.273 seconds/batch
2026-05-12 13:23:26,383 - Epoch 13, Batch 800, lr = 0.00007, final_loss = 4.3395, nll_loss = 4.2786, hneg_nll_loss = 4.4004, ivc_loss = 0.0606, neg_loss = 0.0114, hneg_loss = 0.0406, push_loss = 0.2802, pull_loss = 0.0013, 0.274 seconds/batch
2026-05-12 13:23:39,984 - Epoch 13, Batch 850, lr = 0.00007, final_loss = 4.3291, nll_loss = 4.2635, hneg_nll_loss = 4.3947, ivc_loss = 0.0554, neg_loss = 0.0112, hneg_loss = 0.0352, push_loss = 0.2795, pull_loss = 0.0012, 0.273 seconds/batch
2026-05-12 13:23:53,533 - Epoch 13, Batch 900, lr = 0.00007, final_loss = 4.3530, nll_loss = 4.2863, hneg_nll_loss = 4.4196, ivc_loss = 0.0565, neg_loss = 0.0109, hneg_loss = 0.0365, push_loss = 0.2807, pull_loss = 0.0015, 0.273 seconds/batch
2026-05-12 13:24:07,158 - Epoch 13, Batch 950, lr = 0.00007, final_loss = 4.3550, nll_loss = 4.2879, hneg_nll_loss = 4.4221, ivc_loss = 0.0549, neg_loss = 0.0108, hneg_loss = 0.0349, push_loss = 0.2790, pull_loss = 0.0014, 0.273 seconds/batch
2026-05-12 13:24:20,917 - Epoch 13, Batch 1000, lr = 0.00007, final_loss = 4.3722, nll_loss = 4.3116, hneg_nll_loss = 4.4328, ivc_loss = 0.0590, neg_loss = 0.0111, hneg_loss = 0.0389, push_loss = 0.2775, pull_loss = 0.0014, 0.273 seconds/batch
2026-05-12 13:24:34,461 - Epoch 13, Batch 1050, lr = 0.00007, final_loss = 4.3297, nll_loss = 4.2649, hneg_nll_loss = 4.3945, ivc_loss = 0.0553, neg_loss = 0.0099, hneg_loss = 0.0364, push_loss = 0.2764, pull_loss = 0.0014, 0.273 seconds/batch
2026-05-12 13:24:48,174 - Epoch 13, Batch 1100, lr = 0.00007, final_loss = 4.3267, nll_loss = 4.2611, hneg_nll_loss = 4.3922, ivc_loss = 0.0553, neg_loss = 0.0101, hneg_loss = 0.0362, push_loss = 0.2778, pull_loss = 0.0014, 0.273 seconds/batch
2026-05-12 13:25:01,790 - Epoch 13, Batch 1150, lr = 0.00006, final_loss = 4.3250, nll_loss = 4.2609, hneg_nll_loss = 4.3892, ivc_loss = 0.0571, neg_loss = 0.0104, hneg_loss = 0.0375, push_loss = 0.2775, pull_loss = 0.0015, 0.273 seconds/batch
2026-05-12 13:25:07,239 - Epoch 13, Batch 1170, lr = 0.00006, final_loss = 4.3759, nll_loss = 4.3117, hneg_nll_loss = 4.4401, ivc_loss = 0.0545, neg_loss = 0.0088, hneg_loss = 0.0365, push_loss = 0.2796, pull_loss = 0.0015, 0.273 seconds/batch
2026-05-12 13:25:07,375 - save model to ./checkpoints/activitynet/exp-activitynet_refact_2026-05-12_11-07-05/model-13.pt, num_updates 15210.
2026-05-12 13:27:13,848 - | Rank1,mIoU 0.2741 | Rank1,IoU@0.1 0.6337 | Rank1,IoU@0.3 0.4293 | Rank1,IoU@0.5 0.2101 | Rank5,mIoU 0.5807 | Rank5,IoU@0.1 0.9627 | Rank5,IoU@0.3 0.8746 | Rank5,IoU@0.5 0.6983 |
2026-05-12 13:27:13,849 - ============================================================
2026-05-12 13:27:13,849 - Start Epoch 14
2026-05-12 13:27:27,789 - Epoch 14, Batch 50, lr = 0.00006, final_loss = 4.2970, nll_loss = 4.2359, hneg_nll_loss = 4.3581, ivc_loss = 0.0590, neg_loss = 0.0110, hneg_loss = 0.0390, push_loss = 0.2819, pull_loss = 0.0014, 0.279 seconds/batch
2026-05-12 13:27:41,556 - Epoch 14, Batch 100, lr = 0.00006, final_loss = 4.2945, nll_loss = 4.2313, hneg_nll_loss = 4.3578, ivc_loss = 0.0549, neg_loss = 0.0077, hneg_loss = 0.0380, push_loss = 0.2824, pull_loss = 0.0014, 0.277 seconds/batch
2026-05-12 13:27:55,174 - Epoch 14, Batch 150, lr = 0.00006, final_loss = 4.3078, nll_loss = 4.2467, hneg_nll_loss = 4.3688, ivc_loss = 0.0554, neg_loss = 0.0067, hneg_loss = 0.0392, push_loss = 0.2817, pull_loss = 0.0014, 0.275 seconds/batch
2026-05-12 13:28:08,717 - Epoch 14, Batch 200, lr = 0.00006, final_loss = 4.3009, nll_loss = 4.2393, hneg_nll_loss = 4.3625, ivc_loss = 0.0560, neg_loss = 0.0075, hneg_loss = 0.0389, push_loss = 0.2800, pull_loss = 0.0014, 0.274 seconds/batch
2026-05-12 13:28:22,306 - Epoch 14, Batch 250, lr = 0.00006, final_loss = 4.3088, nll_loss = 4.2441, hneg_nll_loss = 4.3736, ivc_loss = 0.0574, neg_loss = 0.0111, hneg_loss = 0.0369, push_loss = 0.2813, pull_loss = 0.0013, 0.274 seconds/batch
2026-05-12 13:28:35,894 - Epoch 14, Batch 300, lr = 0.00006, final_loss = 4.2750, nll_loss = 4.2079, hneg_nll_loss = 4.3422, ivc_loss = 0.0548, neg_loss = 0.0092, hneg_loss = 0.0362, push_loss = 0.2802, pull_loss = 0.0015, 0.273 seconds/batch
2026-05-12 13:28:49,377 - Epoch 14, Batch 350, lr = 0.00006, final_loss = 4.3156, nll_loss = 4.2505, hneg_nll_loss = 4.3807, ivc_loss = 0.0551, neg_loss = 0.0101, hneg_loss = 0.0355, push_loss = 0.2785, pull_loss = 0.0014, 0.273 seconds/batch
2026-05-12 13:29:03,011 - Epoch 14, Batch 400, lr = 0.00006, final_loss = 4.2870, nll_loss = 4.2215, hneg_nll_loss = 4.3526, ivc_loss = 0.0538, neg_loss = 0.0088, hneg_loss = 0.0355, push_loss = 0.2798, pull_loss = 0.0014, 0.273 seconds/batch
2026-05-12 13:29:16,673 - Epoch 14, Batch 450, lr = 0.00006, final_loss = 4.3162, nll_loss = 4.2514, hneg_nll_loss = 4.3809, ivc_loss = 0.0522, neg_loss = 0.0081, hneg_loss = 0.0349, push_loss = 0.2800, pull_loss = 0.0013, 0.273 seconds/batch
2026-05-12 13:29:30,238 - Epoch 14, Batch 500, lr = 0.00006, final_loss = 4.3157, nll_loss = 4.2506, hneg_nll_loss = 4.3807, ivc_loss = 0.0549, neg_loss = 0.0090, hneg_loss = 0.0368, push_loss = 0.2798, pull_loss = 0.0012, 0.273 seconds/batch
2026-05-12 13:29:43,940 - Epoch 14, Batch 550, lr = 0.00006, final_loss = 4.2846, nll_loss = 4.2223, hneg_nll_loss = 4.3469, ivc_loss = 0.0587, neg_loss = 0.0102, hneg_loss = 0.0394, push_loss = 0.2779, pull_loss = 0.0013, 0.273 seconds/batch
2026-05-12 13:29:57,610 - Epoch 14, Batch 600, lr = 0.00006, final_loss = 4.3478, nll_loss = 4.2804, hneg_nll_loss = 4.4153, ivc_loss = 0.0541, neg_loss = 0.0096, hneg_loss = 0.0352, push_loss = 0.2775, pull_loss = 0.0013, 0.273 seconds/batch
2026-05-12 13:30:11,398 - Epoch 14, Batch 650, lr = 0.00006, final_loss = 4.3177, nll_loss = 4.2534, hneg_nll_loss = 4.3821, ivc_loss = 0.0560, neg_loss = 0.0090, hneg_loss = 0.0379, push_loss = 0.2765, pull_loss = 0.0013, 0.273 seconds/batch
2026-05-12 13:30:25,126 - Epoch 14, Batch 700, lr = 0.00006, final_loss = 4.2884, nll_loss = 4.2235, hneg_nll_loss = 4.3534, ivc_loss = 0.0536, neg_loss = 0.0078, hneg_loss = 0.0365, push_loss = 0.2775, pull_loss = 0.0013, 0.273 seconds/batch
2026-05-12 13:30:38,704 - Epoch 14, Batch 750, lr = 0.00006, final_loss = 4.3261, nll_loss = 4.2635, hneg_nll_loss = 4.3887, ivc_loss = 0.0576, neg_loss = 0.0093, hneg_loss = 0.0389, push_loss = 0.2789, pull_loss = 0.0014, 0.273 seconds/batch
2026-05-12 13:30:52,277 - Epoch 14, Batch 800, lr = 0.00006, final_loss = 4.3122, nll_loss = 4.2468, hneg_nll_loss = 4.3775, ivc_loss = 0.0572, neg_loss = 0.0095, hneg_loss = 0.0382, push_loss = 0.2785, pull_loss = 0.0013, 0.273 seconds/batch
2026-05-12 13:31:05,915 - Epoch 14, Batch 850, lr = 0.00006, final_loss = 4.3449, nll_loss = 4.2801, hneg_nll_loss = 4.4098, ivc_loss = 0.0539, neg_loss = 0.0080, hneg_loss = 0.0363, push_loss = 0.2781, pull_loss = 0.0013, 0.273 seconds/batch
2026-05-12 13:31:19,586 - Epoch 14, Batch 900, lr = 0.00006, final_loss = 4.2682, nll_loss = 4.2052, hneg_nll_loss = 4.3313, ivc_loss = 0.0542, neg_loss = 0.0077, hneg_loss = 0.0371, push_loss = 0.2760, pull_loss = 0.0013, 0.273 seconds/batch
2026-05-12 13:31:33,210 - Epoch 14, Batch 950, lr = 0.00006, final_loss = 4.3148, nll_loss = 4.2509, hneg_nll_loss = 4.3788, ivc_loss = 0.0566, neg_loss = 0.0094, hneg_loss = 0.0375, push_loss = 0.2746, pull_loss = 0.0012, 0.273 seconds/batch
2026-05-12 13:31:46,706 - Epoch 14, Batch 1000, lr = 0.00006, final_loss = 4.3186, nll_loss = 4.2561, hneg_nll_loss = 4.3810, ivc_loss = 0.0572, neg_loss = 0.0093, hneg_loss = 0.0382, push_loss = 0.2739, pull_loss = 0.0013, 0.273 seconds/batch
2026-05-12 13:32:00,526 - Epoch 14, Batch 1050, lr = 0.00006, final_loss = 4.3426, nll_loss = 4.2793, hneg_nll_loss = 4.4060, ivc_loss = 0.0562, neg_loss = 0.0077, hneg_loss = 0.0385, push_loss = 0.2747, pull_loss = 0.0014, 0.273 seconds/batch
2026-05-12 13:32:14,055 - Epoch 14, Batch 1100, lr = 0.00006, final_loss = 4.3258, nll_loss = 4.2608, hneg_nll_loss = 4.3907, ivc_loss = 0.0561, neg_loss = 0.0099, hneg_loss = 0.0366, push_loss = 0.2764, pull_loss = 0.0014, 0.273 seconds/batch
2026-05-12 13:32:27,674 - Epoch 14, Batch 1150, lr = 0.00006, final_loss = 4.2911, nll_loss = 4.2275, hneg_nll_loss = 4.3546, ivc_loss = 0.0579, neg_loss = 0.0104, hneg_loss = 0.0379, push_loss = 0.2769, pull_loss = 0.0013, 0.273 seconds/batch
2026-05-12 13:32:33,144 - Epoch 14, Batch 1170, lr = 0.00006, final_loss = 4.3174, nll_loss = 4.2550, hneg_nll_loss = 4.3799, ivc_loss = 0.0523, neg_loss = 0.0074, hneg_loss = 0.0356, push_loss = 0.2756, pull_loss = 0.0012, 0.273 seconds/batch
2026-05-12 13:32:33,269 - save model to ./checkpoints/activitynet/exp-activitynet_refact_2026-05-12_11-07-05/model-14.pt, num_updates 16380.
2026-05-12 13:34:39,770 - | Rank1,mIoU 0.3040 | Rank1,IoU@0.1 0.6805 | Rank1,IoU@0.3 0.4609 | Rank1,IoU@0.5 0.2733 | Rank5,mIoU 0.6004 | Rank5,IoU@0.1 0.9616 | Rank5,IoU@0.3 0.8734 | Rank5,IoU@0.5 0.7707 |
2026-05-12 13:34:39,771 - ============================================================
2026-05-12 13:34:39,771 - Start Epoch 15
2026-05-12 13:34:53,737 - Epoch 15, Batch 50, lr = 0.00006, final_loss = 4.2554, nll_loss = 4.1902, hneg_nll_loss = 4.3206, ivc_loss = 0.0519, neg_loss = 0.0070, hneg_loss = 0.0355, push_loss = 0.2765, pull_loss = 0.0013, 0.279 seconds/batch
2026-05-12 13:35:07,790 - Epoch 15, Batch 100, lr = 0.00006, final_loss = 4.2777, nll_loss = 4.2124, hneg_nll_loss = 4.3429, ivc_loss = 0.0535, neg_loss = 0.0080, hneg_loss = 0.0363, push_loss = 0.2766, pull_loss = 0.0012, 0.280 seconds/batch
2026-05-12 13:35:21,602 - Epoch 15, Batch 150, lr = 0.00006, final_loss = 4.2944, nll_loss = 4.2299, hneg_nll_loss = 4.3588, ivc_loss = 0.0559, neg_loss = 0.0091, hneg_loss = 0.0377, push_loss = 0.2743, pull_loss = 0.0013, 0.279 seconds/batch
2026-05-12 13:35:35,487 - Epoch 15, Batch 200, lr = 0.00006, final_loss = 4.2819, nll_loss = 4.2188, hneg_nll_loss = 4.3450, ivc_loss = 0.0543, neg_loss = 0.0082, hneg_loss = 0.0369, push_loss = 0.2774, pull_loss = 0.0014, 0.279 seconds/batch
2026-05-12 13:35:49,328 - Epoch 15, Batch 250, lr = 0.00006, final_loss = 4.2651, nll_loss = 4.1978, hneg_nll_loss = 4.3325, ivc_loss = 0.0537, neg_loss = 0.0084, hneg_loss = 0.0357, push_loss = 0.2800, pull_loss = 0.0013, 0.278 seconds/batch
2026-05-12 13:36:03,258 - Epoch 15, Batch 300, lr = 0.00006, final_loss = 4.2782, nll_loss = 4.2148, hneg_nll_loss = 4.3416, ivc_loss = 0.0553, neg_loss = 0.0066, hneg_loss = 0.0394, push_loss = 0.2772, pull_loss = 0.0013, 0.278 seconds/batch
2026-05-12 13:36:16,887 - Epoch 15, Batch 350, lr = 0.00006, final_loss = 4.2961, nll_loss = 4.2309, hneg_nll_loss = 4.3613, ivc_loss = 0.0556, neg_loss = 0.0088, hneg_loss = 0.0374, push_loss = 0.2763, pull_loss = 0.0013, 0.277 seconds/batch
2026-05-12 13:36:30,505 - Epoch 15, Batch 400, lr = 0.00006, final_loss = 4.2572, nll_loss = 4.1895, hneg_nll_loss = 4.3249, ivc_loss = 0.0543, neg_loss = 0.0089, hneg_loss = 0.0357, push_loss = 0.2762, pull_loss = 0.0012, 0.277 seconds/batch
2026-05-12 13:36:44,126 - Epoch 15, Batch 450, lr = 0.00006, final_loss = 4.2837, nll_loss = 4.2175, hneg_nll_loss = 4.3499, ivc_loss = 0.0508, neg_loss = 0.0066, hneg_loss = 0.0345, push_loss = 0.2759, pull_loss = 0.0012, 0.276 seconds/batch
2026-05-12 13:36:57,703 - Epoch 15, Batch 500, lr = 0.00006, final_loss = 4.2770, nll_loss = 4.2125, hneg_nll_loss = 4.3415, ivc_loss = 0.0560, neg_loss = 0.0088, hneg_loss = 0.0375, push_loss = 0.2754, pull_loss = 0.0012, 0.276 seconds/batch
2026-05-12 13:37:11,346 - Epoch 15, Batch 550, lr = 0.00006, final_loss = 4.3136, nll_loss = 4.2462, hneg_nll_loss = 4.3810, ivc_loss = 0.0539, neg_loss = 0.0088, hneg_loss = 0.0352, push_loss = 0.2772, pull_loss = 0.0012, 0.276 seconds/batch
2026-05-12 13:37:25,085 - Epoch 15, Batch 600, lr = 0.00006, final_loss = 4.2619, nll_loss = 4.1972, hneg_nll_loss = 4.3266, ivc_loss = 0.0573, neg_loss = 0.0084, hneg_loss = 0.0389, push_loss = 0.2777, pull_loss = 0.0014, 0.276 seconds/batch
2026-05-12 13:37:38,875 - Epoch 15, Batch 650, lr = 0.00006, final_loss = 4.3142, nll_loss = 4.2480, hneg_nll_loss = 4.3803, ivc_loss = 0.0558, neg_loss = 0.0083, hneg_loss = 0.0373, push_loss = 0.2792, pull_loss = 0.0014, 0.276 seconds/batch
2026-05-12 13:37:52,605 - Epoch 15, Batch 700, lr = 0.00006, final_loss = 4.2802, nll_loss = 4.2124, hneg_nll_loss = 4.3480, ivc_loss = 0.0521, neg_loss = 0.0073, hneg_loss = 0.0347, push_loss = 0.2778, pull_loss = 0.0013, 0.275 seconds/batch
2026-05-12 13:38:06,322 - Epoch 15, Batch 750, lr = 0.00006, final_loss = 4.2526, nll_loss = 4.1882, hneg_nll_loss = 4.3170, ivc_loss = 0.0555, neg_loss = 0.0086, hneg_loss = 0.0370, push_loss = 0.2755, pull_loss = 0.0013, 0.275 seconds/batch
2026-05-12 13:38:20,042 - Epoch 15, Batch 800, lr = 0.00006, final_loss = 4.2801, nll_loss = 4.2157, hneg_nll_loss = 4.3445, ivc_loss = 0.0571, neg_loss = 0.0095, hneg_loss = 0.0375, push_loss = 0.2764, pull_loss = 0.0012, 0.275 seconds/batch
2026-05-12 13:38:33,763 - Epoch 15, Batch 850, lr = 0.00006, final_loss = 4.3056, nll_loss = 4.2413, hneg_nll_loss = 4.3699, ivc_loss = 0.0581, neg_loss = 0.0101, hneg_loss = 0.0380, push_loss = 0.2758, pull_loss = 0.0011, 0.275 seconds/batch
2026-05-12 13:38:47,385 - Epoch 15, Batch 900, lr = 0.00006, final_loss = 4.2622, nll_loss = 4.1982, hneg_nll_loss = 4.3262, ivc_loss = 0.0556, neg_loss = 0.0082, hneg_loss = 0.0378, push_loss = 0.2767, pull_loss = 0.0011, 0.275 seconds/batch
2026-05-12 13:39:01,057 - Epoch 15, Batch 950, lr = 0.00006, final_loss = 4.2904, nll_loss = 4.2266, hneg_nll_loss = 4.3542, ivc_loss = 0.0566, neg_loss = 0.0089, hneg_loss = 0.0379, push_loss = 0.2769, pull_loss = 0.0012, 0.275 seconds/batch
2026-05-12 13:39:14,668 - Epoch 15, Batch 1000, lr = 0.00006, final_loss = 4.2936, nll_loss = 4.2274, hneg_nll_loss = 4.3598, ivc_loss = 0.0538, neg_loss = 0.0084, hneg_loss = 0.0356, push_loss = 0.2777, pull_loss = 0.0011, 0.275 seconds/batch
2026-05-12 13:39:28,185 - Epoch 15, Batch 1050, lr = 0.00006, final_loss = 4.3331, nll_loss = 4.2708, hneg_nll_loss = 4.3955, ivc_loss = 0.0582, neg_loss = 0.0089, hneg_loss = 0.0396, push_loss = 0.2800, pull_loss = 0.0012, 0.275 seconds/batch
2026-05-12 13:39:41,846 - Epoch 15, Batch 1100, lr = 0.00006, final_loss = 4.2598, nll_loss = 4.1964, hneg_nll_loss = 4.3233, ivc_loss = 0.0581, neg_loss = 0.0089, hneg_loss = 0.0392, push_loss = 0.2785, pull_loss = 0.0011, 0.275 seconds/batch
2026-05-12 13:39:55,853 - Epoch 15, Batch 1150, lr = 0.00006, final_loss = 4.2570, nll_loss = 4.1895, hneg_nll_loss = 4.3244, ivc_loss = 0.0550, neg_loss = 0.0075, hneg_loss = 0.0374, push_loss = 0.2787, pull_loss = 0.0011, 0.275 seconds/batch
2026-05-12 13:40:01,348 - Epoch 15, Batch 1170, lr = 0.00006, final_loss = 4.2795, nll_loss = 4.2143, hneg_nll_loss = 4.3446, ivc_loss = 0.0571, neg_loss = 0.0099, hneg_loss = 0.0374, push_loss = 0.2792, pull_loss = 0.0010, 0.275 seconds/batch
2026-05-12 13:40:01,477 - save model to ./checkpoints/activitynet/exp-activitynet_refact_2026-05-12_11-07-05/model-15.pt, num_updates 17550.
2026-05-12 13:42:10,242 - | Rank1,mIoU 0.3044 | Rank1,IoU@0.1 0.6859 | Rank1,IoU@0.3 0.4753 | Rank1,IoU@0.5 0.2446 | Rank5,mIoU 0.5972 | Rank5,IoU@0.1 0.9566 | Rank5,IoU@0.3 0.8625 | Rank5,IoU@0.5 0.7424 |
2026-05-12 13:42:10,242 - ============================================================
2026-05-12 13:42:10,243 - Start Epoch 16
2026-05-12 13:42:24,386 - Epoch 16, Batch 50, lr = 0.00006, final_loss = 4.2338, nll_loss = 4.1706, hneg_nll_loss = 4.2971, ivc_loss = 0.0558, neg_loss = 0.0076, hneg_loss = 0.0382, push_loss = 0.2774, pull_loss = 0.0011, 0.283 seconds/batch
2026-05-12 13:42:38,136 - Epoch 16, Batch 100, lr = 0.00006, final_loss = 4.2260, nll_loss = 4.1618, hneg_nll_loss = 4.2903, ivc_loss = 0.0555, neg_loss = 0.0062, hneg_loss = 0.0391, push_loss = 0.2766, pull_loss = 0.0012, 0.279 seconds/batch
2026-05-12 13:42:51,785 - Epoch 16, Batch 150, lr = 0.00006, final_loss = 4.2390, nll_loss = 4.1743, hneg_nll_loss = 4.3037, ivc_loss = 0.0551, neg_loss = 0.0071, hneg_loss = 0.0380, push_loss = 0.2771, pull_loss = 0.0011, 0.277 seconds/batch
2026-05-12 13:43:06,701 - Epoch 16, Batch 200, lr = 0.00006, final_loss = 4.2457, nll_loss = 4.1809, hneg_nll_loss = 4.3104, ivc_loss = 0.0538, neg_loss = 0.0064, hneg_loss = 0.0374, push_loss = 0.2774, pull_loss = 0.0011, 0.282 seconds/batch
2026-05-12 13:43:23,211 - Epoch 16, Batch 250, lr = 0.00006, final_loss = 4.2549, nll_loss = 4.1893, hneg_nll_loss = 4.3204, ivc_loss = 0.0555, neg_loss = 0.0078, hneg_loss = 0.0379, push_loss = 0.2753, pull_loss = 0.0011, 0.292 seconds/batch
2026-05-12 13:43:39,738 - Epoch 16, Batch 300, lr = 0.00006, final_loss = 4.2419, nll_loss = 4.1749, hneg_nll_loss = 4.3089, ivc_loss = 0.0534, neg_loss = 0.0067, hneg_loss = 0.0366, push_loss = 0.2760, pull_loss = 0.0011, 0.298 seconds/batch
2026-05-12 13:43:56,401 - Epoch 16, Batch 350, lr = 0.00006, final_loss = 4.2538, nll_loss = 4.1869, hneg_nll_loss = 4.3206, ivc_loss = 0.0552, neg_loss = 0.0085, hneg_loss = 0.0367, push_loss = 0.2756, pull_loss = 0.0011, 0.303 seconds/batch
2026-05-12 13:44:13,288 - Epoch 16, Batch 400, lr = 0.00006, final_loss = 4.2761, nll_loss = 4.2103, hneg_nll_loss = 4.3418, ivc_loss = 0.0518, neg_loss = 0.0065, hneg_loss = 0.0354, push_loss = 0.2762, pull_loss = 0.0011, 0.308 seconds/batch
2026-05-12 13:44:29,850 - Epoch 16, Batch 450, lr = 0.00006, final_loss = 4.2015, nll_loss = 4.1359, hneg_nll_loss = 4.2672, ivc_loss = 0.0548, neg_loss = 0.0092, hneg_loss = 0.0358, push_loss = 0.2759, pull_loss = 0.0011, 0.310 seconds/batch
2026-05-12 13:44:46,468 - Epoch 16, Batch 500, lr = 0.00006, final_loss = 4.2787, nll_loss = 4.2135, hneg_nll_loss = 4.3439, ivc_loss = 0.0554, neg_loss = 0.0085, hneg_loss = 0.0369, push_loss = 0.2768, pull_loss = 0.0010, 0.312 seconds/batch
2026-05-12 13:45:03,041 - Epoch 16, Batch 550, lr = 0.00006, final_loss = 4.2518, nll_loss = 4.1864, hneg_nll_loss = 4.3171, ivc_loss = 0.0522, neg_loss = 0.0059, hneg_loss = 0.0362, push_loss = 0.2761, pull_loss = 0.0010, 0.314 seconds/batch
2026-05-12 13:45:19,610 - Epoch 16, Batch 600, lr = 0.00006, final_loss = 4.2965, nll_loss = 4.2286, hneg_nll_loss = 4.3645, ivc_loss = 0.0540, neg_loss = 0.0079, hneg_loss = 0.0361, push_loss = 0.2765, pull_loss = 0.0010, 0.316 seconds/batch
2026-05-12 13:45:36,249 - Epoch 16, Batch 650, lr = 0.00006, final_loss = 4.2448, nll_loss = 4.1783, hneg_nll_loss = 4.3114, ivc_loss = 0.0531, neg_loss = 0.0073, hneg_loss = 0.0360, push_loss = 0.2759, pull_loss = 0.0011, 0.317 seconds/batch
2026-05-12 13:45:52,948 - Epoch 16, Batch 700, lr = 0.00006, final_loss = 4.2361, nll_loss = 4.1704, hneg_nll_loss = 4.3019, ivc_loss = 0.0526, neg_loss = 0.0068, hneg_loss = 0.0358, push_loss = 0.2755, pull_loss = 0.0011, 0.318 seconds/batch
2026-05-12 13:46:07,768 - Epoch 16, Batch 750, lr = 0.00006, final_loss = 4.2538, nll_loss = 4.1864, hneg_nll_loss = 4.3213, ivc_loss = 0.0537, neg_loss = 0.0076, hneg_loss = 0.0359, push_loss = 0.2769, pull_loss = 0.0010, 0.317 seconds/batch
2026-05-12 13:46:21,426 - Epoch 16, Batch 800, lr = 0.00006, final_loss = 4.2492, nll_loss = 4.1820, hneg_nll_loss = 4.3163, ivc_loss = 0.0534, neg_loss = 0.0069, hneg_loss = 0.0364, push_loss = 0.2769, pull_loss = 0.0010, 0.314 seconds/batch
2026-05-12 13:46:35,926 - Epoch 16, Batch 850, lr = 0.00006, final_loss = 4.2657, nll_loss = 4.1976, hneg_nll_loss = 4.3338, ivc_loss = 0.0542, neg_loss = 0.0070, hneg_loss = 0.0372, push_loss = 0.2761, pull_loss = 0.0010, 0.313 seconds/batch
2026-05-12 13:46:52,367 - Epoch 16, Batch 900, lr = 0.00006, final_loss = 4.2449, nll_loss = 4.1743, hneg_nll_loss = 4.3155, ivc_loss = 0.0516, neg_loss = 0.0071, hneg_loss = 0.0344, push_loss = 0.2757, pull_loss = 0.0010, 0.313 seconds/batch
2026-05-12 13:47:08,969 - Epoch 16, Batch 950, lr = 0.00006, final_loss = 4.2986, nll_loss = 4.2336, hneg_nll_loss = 4.3635, ivc_loss = 0.0552, neg_loss = 0.0074, hneg_loss = 0.0376, push_loss = 0.2776, pull_loss = 0.0010, 0.314 seconds/batch
2026-05-12 13:47:25,795 - Epoch 16, Batch 1000, lr = 0.00006, final_loss = 4.2669, nll_loss = 4.2012, hneg_nll_loss = 4.3326, ivc_loss = 0.0548, neg_loss = 0.0073, hneg_loss = 0.0371, push_loss = 0.2779, pull_loss = 0.0010, 0.316 seconds/batch
2026-05-12 13:47:42,439 - Epoch 16, Batch 1050, lr = 0.00006, final_loss = 4.2377, nll_loss = 4.1722, hneg_nll_loss = 4.3032, ivc_loss = 0.0575, neg_loss = 0.0079, hneg_loss = 0.0389, push_loss = 0.2770, pull_loss = 0.0010, 0.316 seconds/batch
2026-05-12 13:47:59,120 - Epoch 16, Batch 1100, lr = 0.00006, final_loss = 4.2744, nll_loss = 4.2094, hneg_nll_loss = 4.3394, ivc_loss = 0.0580, neg_loss = 0.0082, hneg_loss = 0.0391, push_loss = 0.2765, pull_loss = 0.0010, 0.317 seconds/batch
2026-05-12 13:48:15,794 - Epoch 16, Batch 1150, lr = 0.00006, final_loss = 4.2310, nll_loss = 4.1662, hneg_nll_loss = 4.2957, ivc_loss = 0.0557, neg_loss = 0.0071, hneg_loss = 0.0378, push_loss = 0.2762, pull_loss = 0.0010, 0.318 seconds/batch
2026-05-12 13:48:22,423 - Epoch 16, Batch 1170, lr = 0.00006, final_loss = 4.1992, nll_loss = 4.1326, hneg_nll_loss = 4.2658, ivc_loss = 0.0588, neg_loss = 0.0091, hneg_loss = 0.0391, push_loss = 0.2757, pull_loss = 0.0010, 0.318 seconds/batch
2026-05-12 13:48:22,560 - save model to ./checkpoints/activitynet/exp-activitynet_refact_2026-05-12_11-07-05/model-16.pt, num_updates 18720.
2026-05-12 13:50:34,678 - | Rank1,mIoU 0.3143 | Rank1,IoU@0.1 0.6778 | Rank1,IoU@0.3 0.4457 | Rank1,IoU@0.5 0.3003 | Rank5,mIoU 0.5946 | Rank5,IoU@0.1 0.9596 | Rank5,IoU@0.3 0.8662 | Rank5,IoU@0.5 0.7442 |
2026-05-12 13:50:34,678 - ============================================================
2026-05-12 13:50:34,679 - Start Epoch 17
2026-05-12 13:50:48,600 - Epoch 17, Batch 50, lr = 0.00006, final_loss = 4.2088, nll_loss = 4.1418, hneg_nll_loss = 4.2758, ivc_loss = 0.0525, neg_loss = 0.0055, hneg_loss = 0.0364, push_loss = 0.2756, pull_loss = 0.0010, 0.278 seconds/batch
2026-05-12 13:51:02,130 - Epoch 17, Batch 100, lr = 0.00006, final_loss = 4.2218, nll_loss = 4.1530, hneg_nll_loss = 4.2906, ivc_loss = 0.0512, neg_loss = 0.0058, hneg_loss = 0.0348, push_loss = 0.2764, pull_loss = 0.0010, 0.275 seconds/batch
2026-05-12 13:51:15,708 - Epoch 17, Batch 150, lr = 0.00006, final_loss = 4.2022, nll_loss = 4.1367, hneg_nll_loss = 4.2677, ivc_loss = 0.0533, neg_loss = 0.0062, hneg_loss = 0.0364, push_loss = 0.2777, pull_loss = 0.0010, 0.274 seconds/batch
2026-05-12 13:51:29,285 - Epoch 17, Batch 200, lr = 0.00006, final_loss = 4.2263, nll_loss = 4.1623, hneg_nll_loss = 4.2903, ivc_loss = 0.0563, neg_loss = 0.0072, hneg_loss = 0.0382, push_loss = 0.2780, pull_loss = 0.0010, 0.273 seconds/batch
2026-05-12 13:51:42,858 - Epoch 17, Batch 250, lr = 0.00006, final_loss = 4.2242, nll_loss = 4.1560, hneg_nll_loss = 4.2925, ivc_loss = 0.0544, neg_loss = 0.0080, hneg_loss = 0.0357, push_loss = 0.2768, pull_loss = 0.0010, 0.273 seconds/batch
2026-05-12 13:51:56,643 - Epoch 17, Batch 300, lr = 0.00006, final_loss = 4.2106, nll_loss = 4.1429, hneg_nll_loss = 4.2784, ivc_loss = 0.0515, neg_loss = 0.0063, hneg_loss = 0.0347, push_loss = 0.2773, pull_loss = 0.0010, 0.273 seconds/batch
2026-05-12 13:52:10,280 - Epoch 17, Batch 350, lr = 0.00006, final_loss = 4.2085, nll_loss = 4.1426, hneg_nll_loss = 4.2745, ivc_loss = 0.0531, neg_loss = 0.0061, hneg_loss = 0.0362, push_loss = 0.2779, pull_loss = 0.0010, 0.273 seconds/batch
2026-05-12 13:52:23,851 - Epoch 17, Batch 400, lr = 0.00006, final_loss = 4.2389, nll_loss = 4.1728, hneg_nll_loss = 4.3049, ivc_loss = 0.0520, neg_loss = 0.0058, hneg_loss = 0.0354, push_loss = 0.2770, pull_loss = 0.0010, 0.273 seconds/batch
2026-05-12 13:52:37,536 - Epoch 17, Batch 450, lr = 0.00006, final_loss = 4.2291, nll_loss = 4.1637, hneg_nll_loss = 4.2946, ivc_loss = 0.0556, neg_loss = 0.0068, hneg_loss = 0.0381, push_loss = 0.2767, pull_loss = 0.0009, 0.273 seconds/batch
2026-05-12 13:52:51,141 - Epoch 17, Batch 500, lr = 0.00006, final_loss = 4.2321, nll_loss = 4.1650, hneg_nll_loss = 4.2992, ivc_loss = 0.0545, neg_loss = 0.0067, hneg_loss = 0.0371, push_loss = 0.2766, pull_loss = 0.0010, 0.273 seconds/batch
2026-05-12 13:53:04,994 - Epoch 17, Batch 550, lr = 0.00006, final_loss = 4.2509, nll_loss = 4.1836, hneg_nll_loss = 4.3181, ivc_loss = 0.0516, neg_loss = 0.0063, hneg_loss = 0.0345, push_loss = 0.2779, pull_loss = 0.0009, 0.273 seconds/batch
2026-05-12 13:53:18,543 - Epoch 17, Batch 600, lr = 0.00006, final_loss = 4.2439, nll_loss = 4.1758, hneg_nll_loss = 4.3119, ivc_loss = 0.0554, neg_loss = 0.0065, hneg_loss = 0.0382, push_loss = 0.2779, pull_loss = 0.0009, 0.273 seconds/batch
2026-05-12 13:53:32,316 - Epoch 17, Batch 650, lr = 0.00006, final_loss = 4.2378, nll_loss = 4.1705, hneg_nll_loss = 4.3051, ivc_loss = 0.0546, neg_loss = 0.0078, hneg_loss = 0.0361, push_loss = 0.2779, pull_loss = 0.0009, 0.273 seconds/batch
2026-05-12 13:53:46,060 - Epoch 17, Batch 700, lr = 0.00006, final_loss = 4.2267, nll_loss = 4.1592, hneg_nll_loss = 4.2942, ivc_loss = 0.0541, neg_loss = 0.0072, hneg_loss = 0.0361, push_loss = 0.2778, pull_loss = 0.0009, 0.273 seconds/batch
2026-05-12 13:53:59,691 - Epoch 17, Batch 750, lr = 0.00006, final_loss = 4.2011, nll_loss = 4.1342, hneg_nll_loss = 4.2680, ivc_loss = 0.0543, neg_loss = 0.0074, hneg_loss = 0.0359, push_loss = 0.2782, pull_loss = 0.0010, 0.273 seconds/batch
2026-05-12 13:54:13,469 - Epoch 17, Batch 800, lr = 0.00006, final_loss = 4.1979, nll_loss = 4.1286, hneg_nll_loss = 4.2671, ivc_loss = 0.0516, neg_loss = 0.0060, hneg_loss = 0.0347, push_loss = 0.2782, pull_loss = 0.0010, 0.273 seconds/batch
2026-05-12 13:54:27,157 - Epoch 17, Batch 850, lr = 0.00006, final_loss = 4.1895, nll_loss = 4.1194, hneg_nll_loss = 4.2596, ivc_loss = 0.0524, neg_loss = 0.0058, hneg_loss = 0.0361, push_loss = 0.2779, pull_loss = 0.0009, 0.274 seconds/batch
2026-05-12 13:54:40,714 - Epoch 17, Batch 900, lr = 0.00006, final_loss = 4.2280, nll_loss = 4.1587, hneg_nll_loss = 4.2973, ivc_loss = 0.0539, neg_loss = 0.0077, hneg_loss = 0.0354, push_loss = 0.2793, pull_loss = 0.0010, 0.273 seconds/batch
2026-05-12 13:54:54,480 - Epoch 17, Batch 950, lr = 0.00006, final_loss = 4.2208, nll_loss = 4.1533, hneg_nll_loss = 4.2883, ivc_loss = 0.0539, neg_loss = 0.0061, hneg_loss = 0.0371, push_loss = 0.2786, pull_loss = 0.0009, 0.273 seconds/batch
2026-05-12 13:55:08,096 - Epoch 17, Batch 1000, lr = 0.00006, final_loss = 4.2379, nll_loss = 4.1702, hneg_nll_loss = 4.3055, ivc_loss = 0.0537, neg_loss = 0.0063, hneg_loss = 0.0366, push_loss = 0.2783, pull_loss = 0.0010, 0.273 seconds/batch
2026-05-12 13:55:21,629 - Epoch 17, Batch 1050, lr = 0.00006, final_loss = 4.2466, nll_loss = 4.1766, hneg_nll_loss = 4.3166, ivc_loss = 0.0492, neg_loss = 0.0048, hneg_loss = 0.0336, push_loss = 0.2782, pull_loss = 0.0009, 0.273 seconds/batch
2026-05-12 13:55:35,245 - Epoch 17, Batch 1100, lr = 0.00006, final_loss = 4.2314, nll_loss = 4.1645, hneg_nll_loss = 4.2983, ivc_loss = 0.0528, neg_loss = 0.0056, hneg_loss = 0.0362, push_loss = 0.2783, pull_loss = 0.0009, 0.273 seconds/batch
2026-05-12 13:55:48,786 - Epoch 17, Batch 1150, lr = 0.00006, final_loss = 4.2338, nll_loss = 4.1661, hneg_nll_loss = 4.3015, ivc_loss = 0.0512, neg_loss = 0.0062, hneg_loss = 0.0340, push_loss = 0.2777, pull_loss = 0.0009, 0.273 seconds/batch
2026-05-12 13:55:54,210 - Epoch 17, Batch 1170, lr = 0.00006, final_loss = 4.2759, nll_loss = 4.2075, hneg_nll_loss = 4.3444, ivc_loss = 0.0538, neg_loss = 0.0068, hneg_loss = 0.0360, push_loss = 0.2782, pull_loss = 0.0009, 0.273 seconds/batch
2026-05-12 13:55:54,346 - save model to ./checkpoints/activitynet/exp-activitynet_refact_2026-05-12_11-07-05/model-17.pt, num_updates 19890.
2026-05-12 13:58:01,317 - | Rank1,mIoU 0.3122 | Rank1,IoU@0.1 0.6733 | Rank1,IoU@0.3 0.4396 | Rank1,IoU@0.5 0.3038 | Rank5,mIoU 0.5875 | Rank5,IoU@0.1 0.9533 | Rank5,IoU@0.3 0.8477 | Rank5,IoU@0.5 0.7244 |
2026-05-12 13:58:01,318 - ============================================================
2026-05-12 13:58:01,318 - Start Epoch 18
2026-05-12 13:58:15,491 - Epoch 18, Batch 50, lr = 0.00006, final_loss = 4.1496, nll_loss = 4.0859, hneg_nll_loss = 4.2134, ivc_loss = 0.0557, neg_loss = 0.0066, hneg_loss = 0.0381, push_loss = 0.2781, pull_loss = 0.0009, 0.283 seconds/batch
2026-05-12 13:58:29,361 - Epoch 18, Batch 100, lr = 0.00006, final_loss = 4.1561, nll_loss = 4.0868, hneg_nll_loss = 4.2254, ivc_loss = 0.0533, neg_loss = 0.0063, hneg_loss = 0.0361, push_loss = 0.2781, pull_loss = 0.0009, 0.280 seconds/batch
2026-05-12 13:58:42,917 - Epoch 18, Batch 150, lr = 0.00006, final_loss = 4.2059, nll_loss = 4.1410, hneg_nll_loss = 4.2708, ivc_loss = 0.0541, neg_loss = 0.0047, hneg_loss = 0.0385, push_loss = 0.2778, pull_loss = 0.0009, 0.277 seconds/batch
2026-05-12 13:58:56,428 - Epoch 18, Batch 200, lr = 0.00006, final_loss = 4.2030, nll_loss = 4.1335, hneg_nll_loss = 4.2724, ivc_loss = 0.0509, neg_loss = 0.0051, hneg_loss = 0.0347, push_loss = 0.2789, pull_loss = 0.0008, 0.276 seconds/batch
2026-05-12 13:59:10,055 - Epoch 18, Batch 250, lr = 0.00006, final_loss = 4.1736, nll_loss = 4.1074, hneg_nll_loss = 4.2399, ivc_loss = 0.0539, neg_loss = 0.0064, hneg_loss = 0.0366, push_loss = 0.2793, pull_loss = 0.0008, 0.275 seconds/batch
2026-05-12 13:59:23,595 - Epoch 18, Batch 300, lr = 0.00006, final_loss = 4.1653, nll_loss = 4.0980, hneg_nll_loss = 4.2326, ivc_loss = 0.0540, neg_loss = 0.0063, hneg_loss = 0.0368, push_loss = 0.2779, pull_loss = 0.0009, 0.274 seconds/batch
2026-05-12 13:59:37,419 - Epoch 18, Batch 350, lr = 0.00006, final_loss = 4.2016, nll_loss = 4.1331, hneg_nll_loss = 4.2701, ivc_loss = 0.0531, neg_loss = 0.0057, hneg_loss = 0.0364, push_loss = 0.2778, pull_loss = 0.0009, 0.275 seconds/batch
2026-05-12 13:59:51,295 - Epoch 18, Batch 400, lr = 0.00006, final_loss = 4.1821, nll_loss = 4.1126, hneg_nll_loss = 4.2516, ivc_loss = 0.0522, neg_loss = 0.0055, hneg_loss = 0.0358, push_loss = 0.2780, pull_loss = 0.0009, 0.275 seconds/batch
2026-05-12 14:00:05,190 - Epoch 18, Batch 450, lr = 0.00006, final_loss = 4.2016, nll_loss = 4.1327, hneg_nll_loss = 4.2706, ivc_loss = 0.0516, neg_loss = 0.0046, hneg_loss = 0.0359, push_loss = 0.2804, pull_loss = 0.0009, 0.275 seconds/batch
2026-05-12 14:00:18,845 - Epoch 18, Batch 500, lr = 0.00006, final_loss = 4.2087, nll_loss = 4.1397, hneg_nll_loss = 4.2777, ivc_loss = 0.0533, neg_loss = 0.0071, hneg_loss = 0.0353, push_loss = 0.2805, pull_loss = 0.0009, 0.275 seconds/batch
2026-05-12 14:00:32,473 - Epoch 18, Batch 550, lr = 0.00006, final_loss = 4.1912, nll_loss = 4.1215, hneg_nll_loss = 4.2609, ivc_loss = 0.0513, neg_loss = 0.0066, hneg_loss = 0.0337, push_loss = 0.2792, pull_loss = 0.0009, 0.275 seconds/batch
2026-05-12 14:00:46,098 - Epoch 18, Batch 600, lr = 0.00006, final_loss = 4.2024, nll_loss = 4.1352, hneg_nll_loss = 4.2697, ivc_loss = 0.0525, neg_loss = 0.0063, hneg_loss = 0.0355, push_loss = 0.2791, pull_loss = 0.0008, 0.275 seconds/batch
2026-05-12 14:00:59,843 - Epoch 18, Batch 650, lr = 0.00006, final_loss = 4.2419, nll_loss = 4.1709, hneg_nll_loss = 4.3129, ivc_loss = 0.0476, neg_loss = 0.0054, hneg_loss = 0.0314, push_loss = 0.2787, pull_loss = 0.0009, 0.275 seconds/batch
2026-05-12 14:01:13,404 - Epoch 18, Batch 700, lr = 0.00006, final_loss = 4.2114, nll_loss = 4.1441, hneg_nll_loss = 4.2787, ivc_loss = 0.0547, neg_loss = 0.0066, hneg_loss = 0.0372, push_loss = 0.2779, pull_loss = 0.0009, 0.274 seconds/batch
2026-05-12 14:01:26,950 - Epoch 18, Batch 750, lr = 0.00006, final_loss = 4.2104, nll_loss = 4.1426, hneg_nll_loss = 4.2781, ivc_loss = 0.0540, neg_loss = 0.0075, hneg_loss = 0.0357, push_loss = 0.2785, pull_loss = 0.0008, 0.274 seconds/batch
2026-05-12 14:01:40,570 - Epoch 18, Batch 800, lr = 0.00006, final_loss = 4.2122, nll_loss = 4.1455, hneg_nll_loss = 4.2789, ivc_loss = 0.0511, neg_loss = 0.0049, hneg_loss = 0.0355, push_loss = 0.2797, pull_loss = 0.0008, 0.274 seconds/batch
2026-05-12 14:01:54,176 - Epoch 18, Batch 850, lr = 0.00006, final_loss = 4.1984, nll_loss = 4.1313, hneg_nll_loss = 4.2655, ivc_loss = 0.0536, neg_loss = 0.0053, hneg_loss = 0.0373, push_loss = 0.2800, pull_loss = 0.0009, 0.274 seconds/batch
2026-05-12 14:02:07,713 - Epoch 18, Batch 900, lr = 0.00006, final_loss = 4.2003, nll_loss = 4.1339, hneg_nll_loss = 4.2667, ivc_loss = 0.0545, neg_loss = 0.0056, hneg_loss = 0.0378, push_loss = 0.2788, pull_loss = 0.0009, 0.274 seconds/batch
2026-05-12 14:02:21,200 - Epoch 18, Batch 950, lr = 0.00006, final_loss = 4.1949, nll_loss = 4.1256, hneg_nll_loss = 4.2641, ivc_loss = 0.0520, neg_loss = 0.0061, hneg_loss = 0.0350, push_loss = 0.2777, pull_loss = 0.0008, 0.274 seconds/batch
2026-05-12 14:02:34,913 - Epoch 18, Batch 1000, lr = 0.00006, final_loss = 4.2178, nll_loss = 4.1512, hneg_nll_loss = 4.2844, ivc_loss = 0.0537, neg_loss = 0.0049, hneg_loss = 0.0381, push_loss = 0.2787, pull_loss = 0.0009, 0.274 seconds/batch
2026-05-12 14:02:48,594 - Epoch 18, Batch 1050, lr = 0.00006, final_loss = 4.1520, nll_loss = 4.0866, hneg_nll_loss = 4.2175, ivc_loss = 0.0544, neg_loss = 0.0056, hneg_loss = 0.0378, push_loss = 0.2805, pull_loss = 0.0009, 0.274 seconds/batch
2026-05-12 14:03:02,273 - Epoch 18, Batch 1100, lr = 0.00006, final_loss = 4.2129, nll_loss = 4.1436, hneg_nll_loss = 4.2823, ivc_loss = 0.0546, neg_loss = 0.0057, hneg_loss = 0.0379, push_loss = 0.2802, pull_loss = 0.0009, 0.274 seconds/batch
2026-05-12 14:03:16,073 - Epoch 18, Batch 1150, lr = 0.00006, final_loss = 4.2012, nll_loss = 4.1321, hneg_nll_loss = 4.2703, ivc_loss = 0.0531, neg_loss = 0.0060, hneg_loss = 0.0360, push_loss = 0.2803, pull_loss = 0.0009, 0.274 seconds/batch
2026-05-12 14:03:21,524 - Epoch 18, Batch 1170, lr = 0.00006, final_loss = 4.2042, nll_loss = 4.1380, hneg_nll_loss = 4.2704, ivc_loss = 0.0557, neg_loss = 0.0063, hneg_loss = 0.0384, push_loss = 0.2798, pull_loss = 0.0008, 0.274 seconds/batch
2026-05-12 14:03:21,657 - save model to ./checkpoints/activitynet/exp-activitynet_refact_2026-05-12_11-07-05/model-18.pt, num_updates 21060.
2026-05-12 14:05:29,018 - | Rank1,mIoU 0.3259 | Rank1,IoU@0.1 0.7204 | Rank1,IoU@0.3 0.4826 | Rank1,IoU@0.5 0.2941 | Rank5,mIoU 0.5925 | Rank5,IoU@0.1 0.9564 | Rank5,IoU@0.3 0.8520 | Rank5,IoU@0.5 0.7237 |
2026-05-12 14:05:29,019 - ============================================================
2026-05-12 14:05:29,019 - Start Epoch 19
2026-05-12 14:05:42,955 - Epoch 19, Batch 50, lr = 0.00006, final_loss = 4.1651, nll_loss = 4.0997, hneg_nll_loss = 4.2305, ivc_loss = 0.0534, neg_loss = 0.0057, hneg_loss = 0.0365, push_loss = 0.2809, pull_loss = 0.0008, 0.279 seconds/batch
2026-05-12 14:05:56,482 - Epoch 19, Batch 100, lr = 0.00005, final_loss = 4.1912, nll_loss = 4.1233, hneg_nll_loss = 4.2591, ivc_loss = 0.0529, neg_loss = 0.0061, hneg_loss = 0.0356, push_loss = 0.2797, pull_loss = 0.0008, 0.275 seconds/batch
2026-05-12 14:06:09,952 - Epoch 19, Batch 150, lr = 0.00005, final_loss = 4.1380, nll_loss = 4.0705, hneg_nll_loss = 4.2055, ivc_loss = 0.0544, neg_loss = 0.0061, hneg_loss = 0.0371, push_loss = 0.2790, pull_loss = 0.0008, 0.273 seconds/batch
2026-05-12 14:06:23,510 - Epoch 19, Batch 200, lr = 0.00005, final_loss = 4.1409, nll_loss = 4.0747, hneg_nll_loss = 4.2070, ivc_loss = 0.0543, neg_loss = 0.0049, hneg_loss = 0.0384, push_loss = 0.2787, pull_loss = 0.0008, 0.272 seconds/batch
2026-05-12 14:06:37,220 - Epoch 19, Batch 250, lr = 0.00005, final_loss = 4.1362, nll_loss = 4.0680, hneg_nll_loss = 4.2045, ivc_loss = 0.0527, neg_loss = 0.0048, hneg_loss = 0.0370, push_loss = 0.2789, pull_loss = 0.0008, 0.273 seconds/batch
2026-05-12 14:06:50,855 - Epoch 19, Batch 300, lr = 0.00005, final_loss = 4.2068, nll_loss = 4.1402, hneg_nll_loss = 4.2733, ivc_loss = 0.0549, neg_loss = 0.0056, hneg_loss = 0.0383, push_loss = 0.2786, pull_loss = 0.0008, 0.273 seconds/batch
2026-05-12 14:07:04,494 - Epoch 19, Batch 350, lr = 0.00005, final_loss = 4.1802, nll_loss = 4.1104, hneg_nll_loss = 4.2500, ivc_loss = 0.0521, neg_loss = 0.0054, hneg_loss = 0.0356, push_loss = 0.2784, pull_loss = 0.0007, 0.273 seconds/batch
2026-05-12 14:07:18,235 - Epoch 19, Batch 400, lr = 0.00005, final_loss = 4.1746, nll_loss = 4.1079, hneg_nll_loss = 4.2413, ivc_loss = 0.0531, neg_loss = 0.0054, hneg_loss = 0.0369, push_loss = 0.2787, pull_loss = 0.0007, 0.273 seconds/batch
2026-05-12 14:07:31,992 - Epoch 19, Batch 450, lr = 0.00005, final_loss = 4.2028, nll_loss = 4.1343, hneg_nll_loss = 4.2713, ivc_loss = 0.0509, neg_loss = 0.0045, hneg_loss = 0.0359, push_loss = 0.2778, pull_loss = 0.0007, 0.273 seconds/batch
2026-05-12 14:07:45,584 - Epoch 19, Batch 500, lr = 0.00005, final_loss = 4.1772, nll_loss = 4.1078, hneg_nll_loss = 4.2466, ivc_loss = 0.0541, neg_loss = 0.0064, hneg_loss = 0.0369, push_loss = 0.2791, pull_loss = 0.0008, 0.273 seconds/batch
2026-05-12 14:07:59,120 - Epoch 19, Batch 550, lr = 0.00005, final_loss = 4.1517, nll_loss = 4.0828, hneg_nll_loss = 4.2207, ivc_loss = 0.0543, neg_loss = 0.0063, hneg_loss = 0.0369, push_loss = 0.2806, pull_loss = 0.0008, 0.273 seconds/batch
2026-05-12 14:08:12,801 - Epoch 19, Batch 600, lr = 0.00005, final_loss = 4.1725, nll_loss = 4.1068, hneg_nll_loss = 4.2382, ivc_loss = 0.0549, neg_loss = 0.0051, hneg_loss = 0.0383, push_loss = 0.2802, pull_loss = 0.0007, 0.273 seconds/batch
2026-05-12 14:08:26,438 - Epoch 19, Batch 650, lr = 0.00005, final_loss = 4.1709, nll_loss = 4.1026, hneg_nll_loss = 4.2393, ivc_loss = 0.0541, neg_loss = 0.0070, hneg_loss = 0.0360, push_loss = 0.2784, pull_loss = 0.0007, 0.273 seconds/batch
2026-05-12 14:08:40,274 - Epoch 19, Batch 700, lr = 0.00005, final_loss = 4.1921, nll_loss = 4.1232, hneg_nll_loss = 4.2610, ivc_loss = 0.0540, neg_loss = 0.0066, hneg_loss = 0.0363, push_loss = 0.2794, pull_loss = 0.0008, 0.273 seconds/batch
2026-05-12 14:08:54,163 - Epoch 19, Batch 750, lr = 0.00005, final_loss = 4.1826, nll_loss = 4.1156, hneg_nll_loss = 4.2496, ivc_loss = 0.0524, neg_loss = 0.0043, hneg_loss = 0.0370, push_loss = 0.2791, pull_loss = 0.0008, 0.274 seconds/batch
2026-05-12 14:09:07,934 - Epoch 19, Batch 800, lr = 0.00005, final_loss = 4.1782, nll_loss = 4.1094, hneg_nll_loss = 4.2470, ivc_loss = 0.0533, neg_loss = 0.0063, hneg_loss = 0.0359, push_loss = 0.2791, pull_loss = 0.0008, 0.274 seconds/batch
2026-05-12 14:09:21,695 - Epoch 19, Batch 850, lr = 0.00005, final_loss = 4.1743, nll_loss = 4.1043, hneg_nll_loss = 4.2443, ivc_loss = 0.0512, neg_loss = 0.0053, hneg_loss = 0.0347, push_loss = 0.2793, pull_loss = 0.0008, 0.274 seconds/batch
2026-05-12 14:09:35,461 - Epoch 19, Batch 900, lr = 0.00005, final_loss = 4.1627, nll_loss = 4.0929, hneg_nll_loss = 4.2325, ivc_loss = 0.0515, neg_loss = 0.0067, hneg_loss = 0.0335, push_loss = 0.2801, pull_loss = 0.0007, 0.274 seconds/batch
2026-05-12 14:09:49,070 - Epoch 19, Batch 950, lr = 0.00005, final_loss = 4.1576, nll_loss = 4.0893, hneg_nll_loss = 4.2259, ivc_loss = 0.0527, neg_loss = 0.0064, hneg_loss = 0.0350, push_loss = 0.2805, pull_loss = 0.0008, 0.274 seconds/batch
2026-05-12 14:10:02,758 - Epoch 19, Batch 1000, lr = 0.00005, final_loss = 4.2048, nll_loss = 4.1338, hneg_nll_loss = 4.2758, ivc_loss = 0.0532, neg_loss = 0.0070, hneg_loss = 0.0352, push_loss = 0.2799, pull_loss = 0.0007, 0.274 seconds/batch
2026-05-12 14:10:16,292 - Epoch 19, Batch 1050, lr = 0.00005, final_loss = 4.1915, nll_loss = 4.1255, hneg_nll_loss = 4.2574, ivc_loss = 0.0541, neg_loss = 0.0063, hneg_loss = 0.0367, push_loss = 0.2790, pull_loss = 0.0007, 0.274 seconds/batch
2026-05-12 14:10:30,037 - Epoch 19, Batch 1100, lr = 0.00005, final_loss = 4.1745, nll_loss = 4.1055, hneg_nll_loss = 4.2435, ivc_loss = 0.0521, neg_loss = 0.0051, hneg_loss = 0.0360, push_loss = 0.2787, pull_loss = 0.0007, 0.274 seconds/batch
2026-05-12 14:10:43,742 - Epoch 19, Batch 1150, lr = 0.00005, final_loss = 4.1690, nll_loss = 4.0998, hneg_nll_loss = 4.2381, ivc_loss = 0.0537, neg_loss = 0.0051, hneg_loss = 0.0377, push_loss = 0.2787, pull_loss = 0.0007, 0.274 seconds/batch
2026-05-12 14:10:49,358 - Epoch 19, Batch 1170, lr = 0.00005, final_loss = 4.1872, nll_loss = 4.1215, hneg_nll_loss = 4.2529, ivc_loss = 0.0539, neg_loss = 0.0049, hneg_loss = 0.0381, push_loss = 0.2785, pull_loss = 0.0007, 0.274 seconds/batch
2026-05-12 14:10:49,486 - save model to ./checkpoints/activitynet/exp-activitynet_refact_2026-05-12_11-07-05/model-19.pt, num_updates 22230.
2026-05-12 14:12:56,505 - | Rank1,mIoU 0.3234 | Rank1,IoU@0.1 0.7064 | Rank1,IoU@0.3 0.4616 | Rank1,IoU@0.5 0.3056 | Rank5,mIoU 0.5874 | Rank5,IoU@0.1 0.9501 | Rank5,IoU@0.3 0.8429 | Rank5,IoU@0.5 0.7175 |
2026-05-12 14:12:56,506 - ============================================================
2026-05-12 14:12:56,506 - Start Epoch 20
2026-05-12 14:13:10,324 - Epoch 20, Batch 50, lr = 0.00005, final_loss = 4.1145, nll_loss = 4.0440, hneg_nll_loss = 4.1850, ivc_loss = 0.0496, neg_loss = 0.0045, hneg_loss = 0.0341, push_loss = 0.2790, pull_loss = 0.0007, 0.276 seconds/batch
2026-05-12 14:13:24,162 - Epoch 20, Batch 100, lr = 0.00005, final_loss = 4.1063, nll_loss = 4.0382, hneg_nll_loss = 4.1744, ivc_loss = 0.0530, neg_loss = 0.0047, hneg_loss = 0.0367, push_loss = 0.2815, pull_loss = 0.0007, 0.277 seconds/batch
2026-05-12 14:13:37,836 - Epoch 20, Batch 150, lr = 0.00005, final_loss = 4.1200, nll_loss = 4.0540, hneg_nll_loss = 4.1861, ivc_loss = 0.0535, neg_loss = 0.0049, hneg_loss = 0.0372, push_loss = 0.2821, pull_loss = 0.0007, 0.276 seconds/batch
2026-05-12 14:13:51,433 - Epoch 20, Batch 200, lr = 0.00005, final_loss = 4.1385, nll_loss = 4.0708, hneg_nll_loss = 4.2061, ivc_loss = 0.0546, neg_loss = 0.0054, hneg_loss = 0.0378, push_loss = 0.2821, pull_loss = 0.0008, 0.275 seconds/batch
2026-05-12 14:14:05,207 - Epoch 20, Batch 250, lr = 0.00005, final_loss = 4.1583, nll_loss = 4.0880, hneg_nll_loss = 4.2286, ivc_loss = 0.0520, neg_loss = 0.0053, hneg_loss = 0.0353, push_loss = 0.2808, pull_loss = 0.0007, 0.275 seconds/batch
2026-05-12 14:14:18,835 - Epoch 20, Batch 300, lr = 0.00005, final_loss = 4.1075, nll_loss = 4.0399, hneg_nll_loss = 4.1750, ivc_loss = 0.0533, neg_loss = 0.0044, hneg_loss = 0.0374, push_loss = 0.2812, pull_loss = 0.0007, 0.274 seconds/batch
2026-05-12 14:14:32,575 - Epoch 20, Batch 350, lr = 0.00005, final_loss = 4.1190, nll_loss = 4.0473, hneg_nll_loss = 4.1907, ivc_loss = 0.0524, neg_loss = 0.0056, hneg_loss = 0.0355, push_loss = 0.2803, pull_loss = 0.0007, 0.274 seconds/batch
2026-05-12 14:14:46,184 - Epoch 20, Batch 400, lr = 0.00005, final_loss = 4.1515, nll_loss = 4.0803, hneg_nll_loss = 4.2226, ivc_loss = 0.0530, neg_loss = 0.0046, hneg_loss = 0.0372, push_loss = 0.2789, pull_loss = 0.0007, 0.274 seconds/batch
2026-05-12 14:14:59,937 - Epoch 20, Batch 450, lr = 0.00005, final_loss = 4.1401, nll_loss = 4.0724, hneg_nll_loss = 4.2078, ivc_loss = 0.0543, neg_loss = 0.0054, hneg_loss = 0.0376, push_loss = 0.2797, pull_loss = 0.0007, 0.274 seconds/batch
2026-05-12 14:15:13,510 - Epoch 20, Batch 500, lr = 0.00005, final_loss = 4.1696, nll_loss = 4.1022, hneg_nll_loss = 4.2370, ivc_loss = 0.0555, neg_loss = 0.0056, hneg_loss = 0.0386, push_loss = 0.2802, pull_loss = 0.0007, 0.274 seconds/batch
2026-05-12 14:15:27,213 - Epoch 20, Batch 550, lr = 0.00005, final_loss = 4.1818, nll_loss = 4.1143, hneg_nll_loss = 4.2494, ivc_loss = 0.0557, neg_loss = 0.0047, hneg_loss = 0.0395, push_loss = 0.2818, pull_loss = 0.0007, 0.274 seconds/batch
2026-05-12 14:15:40,797 - Epoch 20, Batch 600, lr = 0.00005, final_loss = 4.1405, nll_loss = 4.0694, hneg_nll_loss = 4.2116, ivc_loss = 0.0521, neg_loss = 0.0056, hneg_loss = 0.0347, push_loss = 0.2817, pull_loss = 0.0007, 0.274 seconds/batch
2026-05-12 14:15:54,269 - Epoch 20, Batch 650, lr = 0.00005, final_loss = 4.1492, nll_loss = 4.0824, hneg_nll_loss = 4.2159, ivc_loss = 0.0554, neg_loss = 0.0068, hneg_loss = 0.0368, push_loss = 0.2814, pull_loss = 0.0007, 0.273 seconds/batch
2026-05-12 14:16:07,941 - Epoch 20, Batch 700, lr = 0.00005, final_loss = 4.1302, nll_loss = 4.0623, hneg_nll_loss = 4.1980, ivc_loss = 0.0543, neg_loss = 0.0050, hneg_loss = 0.0379, push_loss = 0.2812, pull_loss = 0.0006, 0.273 seconds/batch
2026-05-12 14:16:21,531 - Epoch 20, Batch 750, lr = 0.00005, final_loss = 4.1563, nll_loss = 4.0870, hneg_nll_loss = 4.2257, ivc_loss = 0.0540, neg_loss = 0.0052, hneg_loss = 0.0372, push_loss = 0.2812, pull_loss = 0.0007, 0.273 seconds/batch
2026-05-12 14:16:35,056 - Epoch 20, Batch 800, lr = 0.00005, final_loss = 4.1523, nll_loss = 4.0806, hneg_nll_loss = 4.2240, ivc_loss = 0.0525, neg_loss = 0.0047, hneg_loss = 0.0361, push_loss = 0.2815, pull_loss = 0.0007, 0.273 seconds/batch
2026-05-12 14:16:48,581 - Epoch 20, Batch 850, lr = 0.00005, final_loss = 4.1384, nll_loss = 4.0703, hneg_nll_loss = 4.2065, ivc_loss = 0.0526, neg_loss = 0.0056, hneg_loss = 0.0354, push_loss = 0.2808, pull_loss = 0.0007, 0.273 seconds/batch
2026-05-12 14:17:02,141 - Epoch 20, Batch 900, lr = 0.00005, final_loss = 4.1340, nll_loss = 4.0656, hneg_nll_loss = 4.2024, ivc_loss = 0.0534, neg_loss = 0.0062, hneg_loss = 0.0354, push_loss = 0.2819, pull_loss = 0.0007, 0.273 seconds/batch
2026-05-12 14:17:15,873 - Epoch 20, Batch 950, lr = 0.00005, final_loss = 4.1743, nll_loss = 4.1036, hneg_nll_loss = 4.2450, ivc_loss = 0.0550, neg_loss = 0.0070, hneg_loss = 0.0363, push_loss = 0.2822, pull_loss = 0.0007, 0.273 seconds/batch
2026-05-12 14:17:29,493 - Epoch 20, Batch 1000, lr = 0.00005, final_loss = 4.1297, nll_loss = 4.0599, hneg_nll_loss = 4.1994, ivc_loss = 0.0544, neg_loss = 0.0055, hneg_loss = 0.0370, push_loss = 0.2819, pull_loss = 0.0007, 0.273 seconds/batch
2026-05-12 14:17:43,252 - Epoch 20, Batch 1050, lr = 0.00005, final_loss = 4.1851, nll_loss = 4.1163, hneg_nll_loss = 4.2539, ivc_loss = 0.0546, neg_loss = 0.0062, hneg_loss = 0.0366, push_loss = 0.2817, pull_loss = 0.0007, 0.273 seconds/batch
2026-05-12 14:17:56,907 - Epoch 20, Batch 1100, lr = 0.00005, final_loss = 4.1690, nll_loss = 4.1042, hneg_nll_loss = 4.2338, ivc_loss = 0.0544, neg_loss = 0.0050, hneg_loss = 0.0376, push_loss = 0.2815, pull_loss = 0.0007, 0.273 seconds/batch
2026-05-12 14:18:10,603 - Epoch 20, Batch 1150, lr = 0.00005, final_loss = 4.1994, nll_loss = 4.1288, hneg_nll_loss = 4.2701, ivc_loss = 0.0534, neg_loss = 0.0054, hneg_loss = 0.0362, push_loss = 0.2817, pull_loss = 0.0007, 0.273 seconds/batch
2026-05-12 14:18:16,071 - Epoch 20, Batch 1170, lr = 0.00005, final_loss = 4.1854, nll_loss = 4.1144, hneg_nll_loss = 4.2563, ivc_loss = 0.0515, neg_loss = 0.0060, hneg_loss = 0.0337, push_loss = 0.2818, pull_loss = 0.0007, 0.273 seconds/batch
2026-05-12 14:18:16,210 - save model to ./checkpoints/activitynet/exp-activitynet_refact_2026-05-12_11-07-05/model-20.pt, num_updates 23400.
2026-05-12 14:20:23,351 - | Rank1,mIoU 0.3302 | Rank1,IoU@0.1 0.7253 | Rank1,IoU@0.3 0.4766 | Rank1,IoU@0.5 0.3050 | Rank5,mIoU 0.5964 | Rank5,IoU@0.1 0.9536 | Rank5,IoU@0.3 0.8446 | Rank5,IoU@0.5 0.7155 |
2026-05-12 14:20:23,352 - ============================================================
2026-05-12 14:20:23,352 - Start Epoch 21
2026-05-12 14:20:37,455 - Epoch 21, Batch 50, lr = 0.00005, final_loss = 4.1044, nll_loss = 4.0319, hneg_nll_loss = 4.1769, ivc_loss = 0.0498, neg_loss = 0.0042, hneg_loss = 0.0338, push_loss = 0.2816, pull_loss = 0.0006, 0.282 seconds/batch
2026-05-12 14:20:51,128 - Epoch 21, Batch 100, lr = 0.00005, final_loss = 4.1277, nll_loss = 4.0571, hneg_nll_loss = 4.1982, ivc_loss = 0.0527, neg_loss = 0.0048, hneg_loss = 0.0361, push_loss = 0.2815, pull_loss = 0.0007, 0.278 seconds/batch
2026-05-12 14:21:04,649 - Epoch 21, Batch 150, lr = 0.00005, final_loss = 4.1159, nll_loss = 4.0481, hneg_nll_loss = 4.1836, ivc_loss = 0.0542, neg_loss = 0.0046, hneg_loss = 0.0378, push_loss = 0.2815, pull_loss = 0.0007, 0.275 seconds/batch
2026-05-12 14:21:18,300 - Epoch 21, Batch 200, lr = 0.00005, final_loss = 4.1052, nll_loss = 4.0375, hneg_nll_loss = 4.1728, ivc_loss = 0.0556, neg_loss = 0.0046, hneg_loss = 0.0390, push_loss = 0.2823, pull_loss = 0.0007, 0.275 seconds/batch
2026-05-12 14:21:31,811 - Epoch 21, Batch 250, lr = 0.00005, final_loss = 4.1044, nll_loss = 4.0355, hneg_nll_loss = 4.1732, ivc_loss = 0.0538, neg_loss = 0.0043, hneg_loss = 0.0376, push_loss = 0.2828, pull_loss = 0.0007, 0.274 seconds/batch
2026-05-12 14:21:45,382 - Epoch 21, Batch 300, lr = 0.00005, final_loss = 4.0972, nll_loss = 4.0275, hneg_nll_loss = 4.1670, ivc_loss = 0.0518, neg_loss = 0.0041, hneg_loss = 0.0357, push_loss = 0.2831, pull_loss = 0.0007, 0.273 seconds/batch
2026-05-12 14:21:59,056 - Epoch 21, Batch 350, lr = 0.00005, final_loss = 4.1313, nll_loss = 4.0635, hneg_nll_loss = 4.1991, ivc_loss = 0.0534, neg_loss = 0.0043, hneg_loss = 0.0372, push_loss = 0.2830, pull_loss = 0.0007, 0.273 seconds/batch
2026-05-12 14:22:12,672 - Epoch 21, Batch 400, lr = 0.00005, final_loss = 4.1328, nll_loss = 4.0615, hneg_nll_loss = 4.2041, ivc_loss = 0.0511, neg_loss = 0.0032, hneg_loss = 0.0359, push_loss = 0.2829, pull_loss = 0.0007, 0.273 seconds/batch
2026-05-12 14:22:26,286 - Epoch 21, Batch 450, lr = 0.00005, final_loss = 4.1084, nll_loss = 4.0375, hneg_nll_loss = 4.1793, ivc_loss = 0.0547, neg_loss = 0.0054, hneg_loss = 0.0371, push_loss = 0.2831, pull_loss = 0.0007, 0.273 seconds/batch
2026-05-12 14:22:39,852 - Epoch 21, Batch 500, lr = 0.00005, final_loss = 4.1327, nll_loss = 4.0640, hneg_nll_loss = 4.2013, ivc_loss = 0.0555, neg_loss = 0.0044, hneg_loss = 0.0389, push_loss = 0.2835, pull_loss = 0.0007, 0.273 seconds/batch
2026-05-12 14:22:53,556 - Epoch 21, Batch 550, lr = 0.00005, final_loss = 4.1194, nll_loss = 4.0500, hneg_nll_loss = 4.1888, ivc_loss = 0.0530, neg_loss = 0.0052, hneg_loss = 0.0356, push_loss = 0.2834, pull_loss = 0.0007, 0.273 seconds/batch
2026-05-12 14:23:07,110 - Epoch 21, Batch 600, lr = 0.00005, final_loss = 4.1134, nll_loss = 4.0422, hneg_nll_loss = 4.1846, ivc_loss = 0.0520, neg_loss = 0.0045, hneg_loss = 0.0353, push_loss = 0.2839, pull_loss = 0.0007, 0.273 seconds/batch
2026-05-12 14:23:20,768 - Epoch 21, Batch 650, lr = 0.00005, final_loss = 4.1218, nll_loss = 4.0528, hneg_nll_loss = 4.1908, ivc_loss = 0.0539, neg_loss = 0.0055, hneg_loss = 0.0361, push_loss = 0.2840, pull_loss = 0.0007, 0.273 seconds/batch
2026-05-12 14:23:34,523 - Epoch 21, Batch 700, lr = 0.00005, final_loss = 4.1466, nll_loss = 4.0786, hneg_nll_loss = 4.2146, ivc_loss = 0.0530, neg_loss = 0.0044, hneg_loss = 0.0364, push_loss = 0.2835, pull_loss = 0.0006, 0.273 seconds/batch
2026-05-12 14:23:48,285 - Epoch 21, Batch 750, lr = 0.00005, final_loss = 4.1376, nll_loss = 4.0690, hneg_nll_loss = 4.2063, ivc_loss = 0.0541, neg_loss = 0.0061, hneg_loss = 0.0359, push_loss = 0.2835, pull_loss = 0.0007, 0.273 seconds/batch
2026-05-12 14:24:01,975 - Epoch 21, Batch 800, lr = 0.00005, final_loss = 4.1216, nll_loss = 4.0526, hneg_nll_loss = 4.1906, ivc_loss = 0.0522, neg_loss = 0.0044, hneg_loss = 0.0357, push_loss = 0.2832, pull_loss = 0.0006, 0.273 seconds/batch
2026-05-12 14:24:15,603 - Epoch 21, Batch 850, lr = 0.00005, final_loss = 4.1168, nll_loss = 4.0452, hneg_nll_loss = 4.1884, ivc_loss = 0.0508, neg_loss = 0.0046, hneg_loss = 0.0341, push_loss = 0.2828, pull_loss = 0.0007, 0.273 seconds/batch
2026-05-12 14:24:29,274 - Epoch 21, Batch 900, lr = 0.00005, final_loss = 4.1203, nll_loss = 4.0491, hneg_nll_loss = 4.1915, ivc_loss = 0.0525, neg_loss = 0.0056, hneg_loss = 0.0351, push_loss = 0.2818, pull_loss = 0.0007, 0.273 seconds/batch
2026-05-12 14:24:42,940 - Epoch 21, Batch 950, lr = 0.00005, final_loss = 4.1483, nll_loss = 4.0777, hneg_nll_loss = 4.2189, ivc_loss = 0.0538, neg_loss = 0.0045, hneg_loss = 0.0376, push_loss = 0.2820, pull_loss = 0.0007, 0.273 seconds/batch
2026-05-12 14:24:56,710 - Epoch 21, Batch 1000, lr = 0.00005, final_loss = 4.1812, nll_loss = 4.1125, hneg_nll_loss = 4.2499, ivc_loss = 0.0530, neg_loss = 0.0040, hneg_loss = 0.0371, push_loss = 0.2817, pull_loss = 0.0006, 0.273 seconds/batch
2026-05-12 14:25:10,482 - Epoch 21, Batch 1050, lr = 0.00005, final_loss = 4.1240, nll_loss = 4.0548, hneg_nll_loss = 4.1933, ivc_loss = 0.0531, neg_loss = 0.0037, hneg_loss = 0.0374, push_loss = 0.2818, pull_loss = 0.0006, 0.273 seconds/batch
2026-05-12 14:25:24,136 - Epoch 21, Batch 1100, lr = 0.00005, final_loss = 4.1688, nll_loss = 4.0978, hneg_nll_loss = 4.2398, ivc_loss = 0.0529, neg_loss = 0.0053, hneg_loss = 0.0357, push_loss = 0.2822, pull_loss = 0.0006, 0.273 seconds/batch
2026-05-12 14:25:37,815 - Epoch 21, Batch 1150, lr = 0.00005, final_loss = 4.1051, nll_loss = 4.0363, hneg_nll_loss = 4.1738, ivc_loss = 0.0555, neg_loss = 0.0063, hneg_loss = 0.0373, push_loss = 0.2818, pull_loss = 0.0006, 0.273 seconds/batch
2026-05-12 14:25:43,188 - Epoch 21, Batch 1170, lr = 0.00005, final_loss = 4.0983, nll_loss = 4.0291, hneg_nll_loss = 4.1674, ivc_loss = 0.0531, neg_loss = 0.0048, hneg_loss = 0.0364, push_loss = 0.2823, pull_loss = 0.0006, 0.273 seconds/batch
2026-05-12 14:25:43,322 - save model to ./checkpoints/activitynet/exp-activitynet_refact_2026-05-12_11-07-05/model-21.pt, num_updates 24570.
2026-05-12 14:27:50,112 - | Rank1,mIoU 0.3302 | Rank1,IoU@0.1 0.7317 | Rank1,IoU@0.3 0.4634 | Rank1,IoU@0.5 0.3041 | Rank5,mIoU 0.5803 | Rank5,IoU@0.1 0.9469 | Rank5,IoU@0.3 0.8308 | Rank5,IoU@0.5 0.7007 |
2026-05-12 14:27:50,113 - ============================================================
2026-05-12 14:27:50,113 - Start Epoch 22
2026-05-12 14:28:04,110 - Epoch 22, Batch 50, lr = 0.00005, final_loss = 4.0731, nll_loss = 4.0033, hneg_nll_loss = 4.1428, ivc_loss = 0.0540, neg_loss = 0.0043, hneg_loss = 0.0378, push_loss = 0.2827, pull_loss = 0.0006, 0.280 seconds/batch
2026-05-12 14:28:17,856 - Epoch 22, Batch 100, lr = 0.00005, final_loss = 4.0680, nll_loss = 3.9986, hneg_nll_loss = 4.1374, ivc_loss = 0.0542, neg_loss = 0.0051, hneg_loss = 0.0369, push_loss = 0.2826, pull_loss = 0.0006, 0.277 seconds/batch
2026-05-12 14:28:31,553 - Epoch 22, Batch 150, lr = 0.00005, final_loss = 4.0918, nll_loss = 4.0243, hneg_nll_loss = 4.1593, ivc_loss = 0.0520, neg_loss = 0.0045, hneg_loss = 0.0355, push_loss = 0.2821, pull_loss = 0.0006, 0.276 seconds/batch
2026-05-12 14:28:45,170 - Epoch 22, Batch 200, lr = 0.00005, final_loss = 4.1035, nll_loss = 4.0334, hneg_nll_loss = 4.1737, ivc_loss = 0.0526, neg_loss = 0.0041, hneg_loss = 0.0362, push_loss = 0.2833, pull_loss = 0.0006, 0.275 seconds/batch
2026-05-12 14:28:58,753 - Epoch 22, Batch 250, lr = 0.00005, final_loss = 4.0758, nll_loss = 4.0071, hneg_nll_loss = 4.1444, ivc_loss = 0.0546, neg_loss = 0.0056, hneg_loss = 0.0369, push_loss = 0.2832, pull_loss = 0.0006, 0.275 seconds/batch
2026-05-12 14:29:12,232 - Epoch 22, Batch 300, lr = 0.00005, final_loss = 4.1232, nll_loss = 4.0495, hneg_nll_loss = 4.1969, ivc_loss = 0.0476, neg_loss = 0.0047, hneg_loss = 0.0307, push_loss = 0.2834, pull_loss = 0.0006, 0.274 seconds/batch
2026-05-12 14:29:25,892 - Epoch 22, Batch 350, lr = 0.00005, final_loss = 4.0442, nll_loss = 3.9731, hneg_nll_loss = 4.1153, ivc_loss = 0.0522, neg_loss = 0.0048, hneg_loss = 0.0352, push_loss = 0.2835, pull_loss = 0.0006, 0.274 seconds/batch
2026-05-12 14:29:39,537 - Epoch 22, Batch 400, lr = 0.00005, final_loss = 4.1204, nll_loss = 4.0490, hneg_nll_loss = 4.1918, ivc_loss = 0.0531, neg_loss = 0.0051, hneg_loss = 0.0359, push_loss = 0.2840, pull_loss = 0.0006, 0.274 seconds/batch
2026-05-12 14:29:53,134 - Epoch 22, Batch 450, lr = 0.00005, final_loss = 4.1130, nll_loss = 4.0439, hneg_nll_loss = 4.1821, ivc_loss = 0.0535, neg_loss = 0.0046, hneg_loss = 0.0367, push_loss = 0.2847, pull_loss = 0.0006, 0.273 seconds/batch
2026-05-12 14:30:06,843 - Epoch 22, Batch 500, lr = 0.00005, final_loss = 4.1093, nll_loss = 4.0395, hneg_nll_loss = 4.1792, ivc_loss = 0.0535, neg_loss = 0.0058, hneg_loss = 0.0355, push_loss = 0.2834, pull_loss = 0.0006, 0.273 seconds/batch
2026-05-12 14:30:20,626 - Epoch 22, Batch 550, lr = 0.00005, final_loss = 4.0962, nll_loss = 4.0252, hneg_nll_loss = 4.1672, ivc_loss = 0.0514, neg_loss = 0.0040, hneg_loss = 0.0353, push_loss = 0.2830, pull_loss = 0.0006, 0.274 seconds/batch
2026-05-12 14:30:34,354 - Epoch 22, Batch 600, lr = 0.00005, final_loss = 4.0503, nll_loss = 3.9775, hneg_nll_loss = 4.1232, ivc_loss = 0.0524, neg_loss = 0.0051, hneg_loss = 0.0350, push_loss = 0.2839, pull_loss = 0.0006, 0.274 seconds/batch
2026-05-12 14:30:48,212 - Epoch 22, Batch 650, lr = 0.00005, final_loss = 4.1149, nll_loss = 4.0435, hneg_nll_loss = 4.1864, ivc_loss = 0.0505, neg_loss = 0.0048, hneg_loss = 0.0335, push_loss = 0.2843, pull_loss = 0.0006, 0.274 seconds/batch
2026-05-12 14:31:02,023 - Epoch 22, Batch 700, lr = 0.00005, final_loss = 4.1021, nll_loss = 4.0356, hneg_nll_loss = 4.1685, ivc_loss = 0.0569, neg_loss = 0.0050, hneg_loss = 0.0399, push_loss = 0.2839, pull_loss = 0.0006, 0.274 seconds/batch
2026-05-12 14:31:15,792 - Epoch 22, Batch 750, lr = 0.00005, final_loss = 4.1302, nll_loss = 4.0598, hneg_nll_loss = 4.2006, ivc_loss = 0.0514, neg_loss = 0.0050, hneg_loss = 0.0341, push_loss = 0.2838, pull_loss = 0.0006, 0.274 seconds/batch
2026-05-12 14:31:29,412 - Epoch 22, Batch 800, lr = 0.00005, final_loss = 4.1204, nll_loss = 4.0497, hneg_nll_loss = 4.1911, ivc_loss = 0.0534, neg_loss = 0.0053, hneg_loss = 0.0357, push_loss = 0.2852, pull_loss = 0.0007, 0.274 seconds/batch
2026-05-12 14:31:43,031 - Epoch 22, Batch 850, lr = 0.00005, final_loss = 4.1254, nll_loss = 4.0550, hneg_nll_loss = 4.1958, ivc_loss = 0.0534, neg_loss = 0.0050, hneg_loss = 0.0359, push_loss = 0.2857, pull_loss = 0.0006, 0.274 seconds/batch
2026-05-12 14:31:56,774 - Epoch 22, Batch 900, lr = 0.00005, final_loss = 4.1416, nll_loss = 4.0686, hneg_nll_loss = 4.2146, ivc_loss = 0.0519, neg_loss = 0.0048, hneg_loss = 0.0347, push_loss = 0.2853, pull_loss = 0.0006, 0.274 seconds/batch
2026-05-12 14:32:10,396 - Epoch 22, Batch 950, lr = 0.00005, final_loss = 4.1075, nll_loss = 4.0357, hneg_nll_loss = 4.1792, ivc_loss = 0.0532, neg_loss = 0.0043, hneg_loss = 0.0365, push_loss = 0.2848, pull_loss = 0.0006, 0.274 seconds/batch
2026-05-12 14:32:23,912 - Epoch 22, Batch 1000, lr = 0.00005, final_loss = 4.1146, nll_loss = 4.0437, hneg_nll_loss = 4.1854, ivc_loss = 0.0525, neg_loss = 0.0043, hneg_loss = 0.0359, push_loss = 0.2846, pull_loss = 0.0006, 0.274 seconds/batch
2026-05-12 14:32:37,668 - Epoch 22, Batch 1050, lr = 0.00005, final_loss = 4.1237, nll_loss = 4.0567, hneg_nll_loss = 4.1907, ivc_loss = 0.0570, neg_loss = 0.0050, hneg_loss = 0.0396, push_loss = 0.2852, pull_loss = 0.0006, 0.274 seconds/batch
2026-05-12 14:32:51,313 - Epoch 22, Batch 1100, lr = 0.00005, final_loss = 4.1252, nll_loss = 4.0547, hneg_nll_loss = 4.1957, ivc_loss = 0.0546, neg_loss = 0.0052, hneg_loss = 0.0372, push_loss = 0.2848, pull_loss = 0.0006, 0.274 seconds/batch
2026-05-12 14:33:04,901 - Epoch 22, Batch 1150, lr = 0.00005, final_loss = 4.1087, nll_loss = 4.0406, hneg_nll_loss = 4.1768, ivc_loss = 0.0530, neg_loss = 0.0043, hneg_loss = 0.0366, push_loss = 0.2848, pull_loss = 0.0006, 0.274 seconds/batch
2026-05-12 14:33:10,349 - Epoch 22, Batch 1170, lr = 0.00005, final_loss = 4.0735, nll_loss = 4.0039, hneg_nll_loss = 4.1430, ivc_loss = 0.0544, neg_loss = 0.0073, hneg_loss = 0.0351, push_loss = 0.2849, pull_loss = 0.0005, 0.274 seconds/batch
2026-05-12 14:33:10,481 - save model to ./checkpoints/activitynet/exp-activitynet_refact_2026-05-12_11-07-05/model-22.pt, num_updates 25740.
2026-05-12 14:35:17,796 - | Rank1,mIoU 0.3295 | Rank1,IoU@0.1 0.7454 | Rank1,IoU@0.3 0.4570 | Rank1,IoU@0.5 0.2994 | Rank5,mIoU 0.5814 | Rank5,IoU@0.1 0.9465 | Rank5,IoU@0.3 0.8303 | Rank5,IoU@0.5 0.6961 |
2026-05-12 14:35:17,797 - ============================================================
2026-05-12 14:35:17,797 - Start Epoch 23
2026-05-12 14:35:31,697 - Epoch 23, Batch 50, lr = 0.00005, final_loss = 4.0294, nll_loss = 3.9613, hneg_nll_loss = 4.0976, ivc_loss = 0.0514, neg_loss = 0.0031, hneg_loss = 0.0360, push_loss = 0.2847, pull_loss = 0.0005, 0.278 seconds/batch
2026-05-12 14:35:45,284 - Epoch 23, Batch 100, lr = 0.00005, final_loss = 4.0503, nll_loss = 3.9827, hneg_nll_loss = 4.1179, ivc_loss = 0.0555, neg_loss = 0.0042, hneg_loss = 0.0389, push_loss = 0.2844, pull_loss = 0.0006, 0.275 seconds/batch
2026-05-12 14:35:58,739 - Epoch 23, Batch 150, lr = 0.00005, final_loss = 4.0581, nll_loss = 3.9863, hneg_nll_loss = 4.1299, ivc_loss = 0.0529, neg_loss = 0.0038, hneg_loss = 0.0367, push_loss = 0.2851, pull_loss = 0.0005, 0.273 seconds/batch
2026-05-12 14:36:12,495 - Epoch 23, Batch 200, lr = 0.00005, final_loss = 4.0694, nll_loss = 4.0001, hneg_nll_loss = 4.1387, ivc_loss = 0.0531, neg_loss = 0.0050, hneg_loss = 0.0355, push_loss = 0.2854, pull_loss = 0.0006, 0.273 seconds/batch
2026-05-12 14:36:26,022 - Epoch 23, Batch 250, lr = 0.00005, final_loss = 4.0679, nll_loss = 3.9986, hneg_nll_loss = 4.1372, ivc_loss = 0.0530, neg_loss = 0.0043, hneg_loss = 0.0360, push_loss = 0.2863, pull_loss = 0.0006, 0.273 seconds/batch
2026-05-12 14:36:39,547 - Epoch 23, Batch 300, lr = 0.00005, final_loss = 4.0668, nll_loss = 3.9979, hneg_nll_loss = 4.1358, ivc_loss = 0.0536, neg_loss = 0.0045, hneg_loss = 0.0363, push_loss = 0.2865, pull_loss = 0.0006, 0.272 seconds/batch
2026-05-12 14:36:53,130 - Epoch 23, Batch 350, lr = 0.00005, final_loss = 4.0823, nll_loss = 4.0115, hneg_nll_loss = 4.1531, ivc_loss = 0.0542, neg_loss = 0.0051, hneg_loss = 0.0365, push_loss = 0.2855, pull_loss = 0.0006, 0.272 seconds/batch
2026-05-12 14:37:06,691 - Epoch 23, Batch 400, lr = 0.00005, final_loss = 4.0693, nll_loss = 4.0001, hneg_nll_loss = 4.1385, ivc_loss = 0.0521, neg_loss = 0.0032, hneg_loss = 0.0364, push_loss = 0.2855, pull_loss = 0.0006, 0.272 seconds/batch
2026-05-12 14:37:20,281 - Epoch 23, Batch 450, lr = 0.00005, final_loss = 4.0985, nll_loss = 4.0235, hneg_nll_loss = 4.1735, ivc_loss = 0.0520, neg_loss = 0.0053, hneg_loss = 0.0340, push_loss = 0.2865, pull_loss = 0.0006, 0.272 seconds/batch
2026-05-12 14:37:33,834 - Epoch 23, Batch 500, lr = 0.00005, final_loss = 4.0826, nll_loss = 4.0121, hneg_nll_loss = 4.1531, ivc_loss = 0.0519, neg_loss = 0.0041, hneg_loss = 0.0352, push_loss = 0.2861, pull_loss = 0.0005, 0.272 seconds/batch
2026-05-12 14:37:47,406 - Epoch 23, Batch 550, lr = 0.00005, final_loss = 4.0871, nll_loss = 4.0173, hneg_nll_loss = 4.1569, ivc_loss = 0.0524, neg_loss = 0.0046, hneg_loss = 0.0352, push_loss = 0.2867, pull_loss = 0.0006, 0.272 seconds/batch
2026-05-12 14:38:00,966 - Epoch 23, Batch 600, lr = 0.00005, final_loss = 4.0647, nll_loss = 3.9967, hneg_nll_loss = 4.1327, ivc_loss = 0.0551, neg_loss = 0.0040, hneg_loss = 0.0384, push_loss = 0.2868, pull_loss = 0.0006, 0.272 seconds/batch
2026-05-12 14:38:14,694 - Epoch 23, Batch 650, lr = 0.00005, final_loss = 4.1185, nll_loss = 4.0466, hneg_nll_loss = 4.1904, ivc_loss = 0.0524, neg_loss = 0.0039, hneg_loss = 0.0359, push_loss = 0.2872, pull_loss = 0.0006, 0.272 seconds/batch
2026-05-12 14:38:28,223 - Epoch 23, Batch 700, lr = 0.00005, final_loss = 4.0856, nll_loss = 4.0162, hneg_nll_loss = 4.1550, ivc_loss = 0.0525, neg_loss = 0.0034, hneg_loss = 0.0363, push_loss = 0.2870, pull_loss = 0.0006, 0.272 seconds/batch
2026-05-12 14:38:41,692 - Epoch 23, Batch 750, lr = 0.00005, final_loss = 4.1119, nll_loss = 4.0399, hneg_nll_loss = 4.1840, ivc_loss = 0.0501, neg_loss = 0.0039, hneg_loss = 0.0335, push_loss = 0.2866, pull_loss = 0.0006, 0.272 seconds/batch
2026-05-12 14:38:55,344 - Epoch 23, Batch 800, lr = 0.00005, final_loss = 4.1097, nll_loss = 4.0408, hneg_nll_loss = 4.1786, ivc_loss = 0.0530, neg_loss = 0.0042, hneg_loss = 0.0362, push_loss = 0.2867, pull_loss = 0.0005, 0.272 seconds/batch
2026-05-12 14:39:08,904 - Epoch 23, Batch 850, lr = 0.00005, final_loss = 4.0884, nll_loss = 4.0145, hneg_nll_loss = 4.1624, ivc_loss = 0.0500, neg_loss = 0.0034, hneg_loss = 0.0340, push_loss = 0.2870, pull_loss = 0.0005, 0.272 seconds/batch
2026-05-12 14:39:22,450 - Epoch 23, Batch 900, lr = 0.00005, final_loss = 4.0998, nll_loss = 4.0283, hneg_nll_loss = 4.1713, ivc_loss = 0.0512, neg_loss = 0.0042, hneg_loss = 0.0345, push_loss = 0.2862, pull_loss = 0.0005, 0.272 seconds/batch
2026-05-12 14:39:36,019 - Epoch 23, Batch 950, lr = 0.00005, final_loss = 4.0534, nll_loss = 3.9841, hneg_nll_loss = 4.1227, ivc_loss = 0.0551, neg_loss = 0.0053, hneg_loss = 0.0369, push_loss = 0.2879, pull_loss = 0.0006, 0.272 seconds/batch
2026-05-12 14:39:49,609 - Epoch 23, Batch 1000, lr = 0.00005, final_loss = 4.0871, nll_loss = 4.0133, hneg_nll_loss = 4.1609, ivc_loss = 0.0521, neg_loss = 0.0045, hneg_loss = 0.0347, push_loss = 0.2877, pull_loss = 0.0006, 0.272 seconds/batch
2026-05-12 14:40:03,209 - Epoch 23, Batch 1050, lr = 0.00005, final_loss = 4.0910, nll_loss = 4.0169, hneg_nll_loss = 4.1651, ivc_loss = 0.0521, neg_loss = 0.0047, hneg_loss = 0.0346, push_loss = 0.2868, pull_loss = 0.0005, 0.272 seconds/batch
2026-05-12 14:40:16,681 - Epoch 23, Batch 1100, lr = 0.00005, final_loss = 4.0881, nll_loss = 4.0182, hneg_nll_loss = 4.1579, ivc_loss = 0.0533, neg_loss = 0.0045, hneg_loss = 0.0361, push_loss = 0.2861, pull_loss = 0.0005, 0.272 seconds/batch
2026-05-12 14:40:30,273 - Epoch 23, Batch 1150, lr = 0.00005, final_loss = 4.1048, nll_loss = 4.0332, hneg_nll_loss = 4.1765, ivc_loss = 0.0526, neg_loss = 0.0044, hneg_loss = 0.0358, push_loss = 0.2856, pull_loss = 0.0005, 0.272 seconds/batch
2026-05-12 14:40:35,652 - Epoch 23, Batch 1170, lr = 0.00005, final_loss = 4.1091, nll_loss = 4.0386, hneg_nll_loss = 4.1796, ivc_loss = 0.0494, neg_loss = 0.0019, hneg_loss = 0.0350, push_loss = 0.2865, pull_loss = 0.0005, 0.272 seconds/batch
2026-05-12 14:40:35,778 - save model to ./checkpoints/activitynet/exp-activitynet_refact_2026-05-12_11-07-05/model-23.pt, num_updates 26910.
2026-05-12 14:42:42,835 - | Rank1,mIoU 0.3361 | Rank1,IoU@0.1 0.7500 | Rank1,IoU@0.3 0.4784 | Rank1,IoU@0.5 0.3023 | Rank5,mIoU 0.5843 | Rank5,IoU@0.1 0.9459 | Rank5,IoU@0.3 0.8312 | Rank5,IoU@0.5 0.6977 |
2026-05-12 14:42:42,836 - ============================================================
2026-05-12 14:42:42,836 - Start Epoch 24
2026-05-12 14:42:56,740 - Epoch 24, Batch 50, lr = 0.00005, final_loss = 4.0322, nll_loss = 3.9603, hneg_nll_loss = 4.1041, ivc_loss = 0.0503, neg_loss = 0.0032, hneg_loss = 0.0345, push_loss = 0.2877, pull_loss = 0.0005, 0.278 seconds/batch
2026-05-12 14:43:10,209 - Epoch 24, Batch 100, lr = 0.00005, final_loss = 4.0125, nll_loss = 3.9413, hneg_nll_loss = 4.0836, ivc_loss = 0.0518, neg_loss = 0.0038, hneg_loss = 0.0353, push_loss = 0.2875, pull_loss = 0.0006, 0.274 seconds/batch
2026-05-12 14:43:23,720 - Epoch 24, Batch 150, lr = 0.00005, final_loss = 4.0548, nll_loss = 3.9846, hneg_nll_loss = 4.1251, ivc_loss = 0.0529, neg_loss = 0.0033, hneg_loss = 0.0367, push_loss = 0.2878, pull_loss = 0.0006, 0.273 seconds/batch
2026-05-12 14:43:37,427 - Epoch 24, Batch 200, lr = 0.00005, final_loss = 4.0573, nll_loss = 3.9868, hneg_nll_loss = 4.1277, ivc_loss = 0.0521, neg_loss = 0.0036, hneg_loss = 0.0355, push_loss = 0.2881, pull_loss = 0.0005, 0.273 seconds/batch
2026-05-12 14:43:51,037 - Epoch 24, Batch 250, lr = 0.00005, final_loss = 4.0459, nll_loss = 3.9717, hneg_nll_loss = 4.1201, ivc_loss = 0.0521, neg_loss = 0.0035, hneg_loss = 0.0358, push_loss = 0.2874, pull_loss = 0.0005, 0.273 seconds/batch
2026-05-12 14:44:04,501 - Epoch 24, Batch 300, lr = 0.00005, final_loss = 4.0538, nll_loss = 3.9846, hneg_nll_loss = 4.1229, ivc_loss = 0.0537, neg_loss = 0.0042, hneg_loss = 0.0368, push_loss = 0.2873, pull_loss = 0.0005, 0.272 seconds/batch
2026-05-12 14:44:18,342 - Epoch 24, Batch 350, lr = 0.00005, final_loss = 4.0336, nll_loss = 3.9627, hneg_nll_loss = 4.1044, ivc_loss = 0.0527, neg_loss = 0.0041, hneg_loss = 0.0358, push_loss = 0.2878, pull_loss = 0.0005, 0.273 seconds/batch
2026-05-12 14:44:32,073 - Epoch 24, Batch 400, lr = 0.00005, final_loss = 4.1135, nll_loss = 4.0404, hneg_nll_loss = 4.1865, ivc_loss = 0.0532, neg_loss = 0.0041, hneg_loss = 0.0364, push_loss = 0.2877, pull_loss = 0.0005, 0.273 seconds/batch
2026-05-12 14:44:45,728 - Epoch 24, Batch 450, lr = 0.00005, final_loss = 4.0469, nll_loss = 3.9777, hneg_nll_loss = 4.1160, ivc_loss = 0.0568, neg_loss = 0.0051, hneg_loss = 0.0391, push_loss = 0.2860, pull_loss = 0.0005, 0.273 seconds/batch
2026-05-12 14:44:59,351 - Epoch 24, Batch 500, lr = 0.00005, final_loss = 4.0498, nll_loss = 3.9777, hneg_nll_loss = 4.1220, ivc_loss = 0.0510, neg_loss = 0.0030, hneg_loss = 0.0353, push_loss = 0.2865, pull_loss = 0.0005, 0.273 seconds/batch
2026-05-12 14:45:12,987 - Epoch 24, Batch 550, lr = 0.00005, final_loss = 4.0593, nll_loss = 3.9855, hneg_nll_loss = 4.1331, ivc_loss = 0.0499, neg_loss = 0.0040, hneg_loss = 0.0329, push_loss = 0.2874, pull_loss = 0.0005, 0.273 seconds/batch
2026-05-12 14:45:26,808 - Epoch 24, Batch 600, lr = 0.00005, final_loss = 4.0997, nll_loss = 4.0277, hneg_nll_loss = 4.1718, ivc_loss = 0.0531, neg_loss = 0.0047, hneg_loss = 0.0354, push_loss = 0.2882, pull_loss = 0.0005, 0.273 seconds/batch
2026-05-12 14:45:40,615 - Epoch 24, Batch 650, lr = 0.00005, final_loss = 4.0711, nll_loss = 4.0008, hneg_nll_loss = 4.1414, ivc_loss = 0.0526, neg_loss = 0.0048, hneg_loss = 0.0348, push_loss = 0.2885, pull_loss = 0.0005, 0.274 seconds/batch
2026-05-12 14:45:54,301 - Epoch 24, Batch 700, lr = 0.00005, final_loss = 4.0540, nll_loss = 3.9817, hneg_nll_loss = 4.1263, ivc_loss = 0.0533, neg_loss = 0.0038, hneg_loss = 0.0365, push_loss = 0.2877, pull_loss = 0.0005, 0.274 seconds/batch
2026-05-12 14:46:07,937 - Epoch 24, Batch 750, lr = 0.00005, final_loss = 4.0557, nll_loss = 3.9825, hneg_nll_loss = 4.1288, ivc_loss = 0.0506, neg_loss = 0.0034, hneg_loss = 0.0344, push_loss = 0.2867, pull_loss = 0.0005, 0.273 seconds/batch
2026-05-12 14:46:21,655 - Epoch 24, Batch 800, lr = 0.00005, final_loss = 4.0754, nll_loss = 4.0048, hneg_nll_loss = 4.1461, ivc_loss = 0.0522, neg_loss = 0.0034, hneg_loss = 0.0362, push_loss = 0.2869, pull_loss = 0.0005, 0.274 seconds/batch
2026-05-12 14:46:35,431 - Epoch 24, Batch 850, lr = 0.00005, final_loss = 4.0713, nll_loss = 4.0002, hneg_nll_loss = 4.1425, ivc_loss = 0.0516, neg_loss = 0.0047, hneg_loss = 0.0342, push_loss = 0.2875, pull_loss = 0.0005, 0.274 seconds/batch
2026-05-12 14:46:49,096 - Epoch 24, Batch 900, lr = 0.00005, final_loss = 4.0958, nll_loss = 4.0229, hneg_nll_loss = 4.1687, ivc_loss = 0.0523, neg_loss = 0.0041, hneg_loss = 0.0354, push_loss = 0.2874, pull_loss = 0.0005, 0.274 seconds/batch
2026-05-12 14:47:02,875 - Epoch 24, Batch 950, lr = 0.00005, final_loss = 4.0691, nll_loss = 3.9991, hneg_nll_loss = 4.1391, ivc_loss = 0.0558, neg_loss = 0.0046, hneg_loss = 0.0385, push_loss = 0.2876, pull_loss = 0.0005, 0.274 seconds/batch
2026-05-12 14:47:16,534 - Epoch 24, Batch 1000, lr = 0.00005, final_loss = 4.0490, nll_loss = 3.9766, hneg_nll_loss = 4.1214, ivc_loss = 0.0519, neg_loss = 0.0041, hneg_loss = 0.0347, push_loss = 0.2889, pull_loss = 0.0005, 0.274 seconds/batch
2026-05-12 14:47:30,234 - Epoch 24, Batch 1050, lr = 0.00005, final_loss = 4.0545, nll_loss = 3.9825, hneg_nll_loss = 4.1264, ivc_loss = 0.0519, neg_loss = 0.0025, hneg_loss = 0.0364, push_loss = 0.2894, pull_loss = 0.0005, 0.274 seconds/batch
2026-05-12 14:47:44,022 - Epoch 24, Batch 1100, lr = 0.00005, final_loss = 4.0770, nll_loss = 4.0052, hneg_nll_loss = 4.1488, ivc_loss = 0.0532, neg_loss = 0.0046, hneg_loss = 0.0356, push_loss = 0.2894, pull_loss = 0.0005, 0.274 seconds/batch
2026-05-12 14:47:57,749 - Epoch 24, Batch 1150, lr = 0.00005, final_loss = 4.0829, nll_loss = 4.0139, hneg_nll_loss = 4.1519, ivc_loss = 0.0546, neg_loss = 0.0034, hneg_loss = 0.0379, push_loss = 0.2901, pull_loss = 0.0005, 0.274 seconds/batch
2026-05-12 14:48:03,208 - Epoch 24, Batch 1170, lr = 0.00005, final_loss = 4.0919, nll_loss = 4.0141, hneg_nll_loss = 4.1697, ivc_loss = 0.0480, neg_loss = 0.0039, hneg_loss = 0.0308, push_loss = 0.2904, pull_loss = 0.0006, 0.274 seconds/batch
2026-05-12 14:48:03,336 - save model to ./checkpoints/activitynet/exp-activitynet_refact_2026-05-12_11-07-05/model-24.pt, num_updates 28080.
2026-05-12 14:50:10,674 - | Rank1,mIoU 0.3347 | Rank1,IoU@0.1 0.7623 | Rank1,IoU@0.3 0.4695 | Rank1,IoU@0.5 0.2978 | Rank5,mIoU 0.5660 | Rank5,IoU@0.1 0.9368 | Rank5,IoU@0.3 0.8058 | Rank5,IoU@0.5 0.6625 |
2026-05-12 14:50:10,675 - ============================================================
2026-05-12 14:50:10,675 - Start Epoch 25
2026-05-12 14:50:24,602 - Epoch 25, Batch 50, lr = 0.00005, final_loss = 4.0167, nll_loss = 3.9484, hneg_nll_loss = 4.0849, ivc_loss = 0.0538, neg_loss = 0.0023, hneg_loss = 0.0382, push_loss = 0.2900, pull_loss = 0.0005, 0.279 seconds/batch
2026-05-12 14:50:38,050 - Epoch 25, Batch 100, lr = 0.00005, final_loss = 4.0521, nll_loss = 3.9829, hneg_nll_loss = 4.1213, ivc_loss = 0.0543, neg_loss = 0.0035, hneg_loss = 0.0374, push_loss = 0.2901, pull_loss = 0.0005, 0.274 seconds/batch
2026-05-12 14:50:51,718 - Epoch 25, Batch 150, lr = 0.00005, final_loss = 4.0177, nll_loss = 3.9424, hneg_nll_loss = 4.0930, ivc_loss = 0.0503, neg_loss = 0.0034, hneg_loss = 0.0337, push_loss = 0.2896, pull_loss = 0.0005, 0.274 seconds/batch
2026-05-12 14:51:05,543 - Epoch 25, Batch 200, lr = 0.00005, final_loss = 3.9940, nll_loss = 3.9196, hneg_nll_loss = 4.0685, ivc_loss = 0.0490, neg_loss = 0.0037, hneg_loss = 0.0320, push_loss = 0.2894, pull_loss = 0.0006, 0.274 seconds/batch
2026-05-12 14:51:19,354 - Epoch 25, Batch 250, lr = 0.00005, final_loss = 4.0309, nll_loss = 3.9600, hneg_nll_loss = 4.1018, ivc_loss = 0.0531, neg_loss = 0.0040, hneg_loss = 0.0362, push_loss = 0.2882, pull_loss = 0.0005, 0.275 seconds/batch
2026-05-12 14:51:33,065 - Epoch 25, Batch 300, lr = 0.00005, final_loss = 4.0280, nll_loss = 3.9582, hneg_nll_loss = 4.0978, ivc_loss = 0.0538, neg_loss = 0.0040, hneg_loss = 0.0369, push_loss = 0.2882, pull_loss = 0.0006, 0.275 seconds/batch
2026-05-12 14:51:46,930 - Epoch 25, Batch 350, lr = 0.00005, final_loss = 4.0598, nll_loss = 3.9897, hneg_nll_loss = 4.1298, ivc_loss = 0.0543, neg_loss = 0.0034, hneg_loss = 0.0379, push_loss = 0.2894, pull_loss = 0.0005, 0.275 seconds/batch
2026-05-12 14:52:00,672 - Epoch 25, Batch 400, lr = 0.00005, final_loss = 4.0649, nll_loss = 3.9942, hneg_nll_loss = 4.1355, ivc_loss = 0.0546, neg_loss = 0.0037, hneg_loss = 0.0377, push_loss = 0.2896, pull_loss = 0.0006, 0.275 seconds/batch
2026-05-12 14:52:14,424 - Epoch 25, Batch 450, lr = 0.00005, final_loss = 4.0255, nll_loss = 3.9560, hneg_nll_loss = 4.0950, ivc_loss = 0.0524, neg_loss = 0.0035, hneg_loss = 0.0356, push_loss = 0.2899, pull_loss = 0.0005, 0.275 seconds/batch
2026-05-12 14:52:28,167 - Epoch 25, Batch 500, lr = 0.00005, final_loss = 4.0183, nll_loss = 3.9449, hneg_nll_loss = 4.0918, ivc_loss = 0.0530, neg_loss = 0.0039, hneg_loss = 0.0359, push_loss = 0.2904, pull_loss = 0.0005, 0.275 seconds/batch
2026-05-12 14:52:41,785 - Epoch 25, Batch 550, lr = 0.00005, final_loss = 4.0263, nll_loss = 3.9524, hneg_nll_loss = 4.1002, ivc_loss = 0.0521, neg_loss = 0.0046, hneg_loss = 0.0344, push_loss = 0.2893, pull_loss = 0.0005, 0.275 seconds/batch
2026-05-12 14:52:55,499 - Epoch 25, Batch 600, lr = 0.00005, final_loss = 4.0288, nll_loss = 3.9561, hneg_nll_loss = 4.1014, ivc_loss = 0.0520, neg_loss = 0.0029, hneg_loss = 0.0360, push_loss = 0.2897, pull_loss = 0.0005, 0.275 seconds/batch
2026-05-12 14:53:09,205 - Epoch 25, Batch 650, lr = 0.00005, final_loss = 4.0505, nll_loss = 3.9797, hneg_nll_loss = 4.1213, ivc_loss = 0.0526, neg_loss = 0.0043, hneg_loss = 0.0353, push_loss = 0.2895, pull_loss = 0.0005, 0.275 seconds/batch
2026-05-12 14:53:22,909 - Epoch 25, Batch 700, lr = 0.00005, final_loss = 4.0376, nll_loss = 3.9639, hneg_nll_loss = 4.1113, ivc_loss = 0.0502, neg_loss = 0.0032, hneg_loss = 0.0338, push_loss = 0.2896, pull_loss = 0.0005, 0.275 seconds/batch
2026-05-12 14:53:36,529 - Epoch 25, Batch 750, lr = 0.00005, final_loss = 4.0601, nll_loss = 3.9885, hneg_nll_loss = 4.1317, ivc_loss = 0.0518, neg_loss = 0.0043, hneg_loss = 0.0343, push_loss = 0.2903, pull_loss = 0.0005, 0.274 seconds/batch
2026-05-12 14:53:50,220 - Epoch 25, Batch 800, lr = 0.00005, final_loss = 4.0643, nll_loss = 3.9935, hneg_nll_loss = 4.1351, ivc_loss = 0.0545, neg_loss = 0.0036, hneg_loss = 0.0375, push_loss = 0.2915, pull_loss = 0.0005, 0.274 seconds/batch
2026-05-12 14:54:03,866 - Epoch 25, Batch 850, lr = 0.00005, final_loss = 4.0798, nll_loss = 4.0073, hneg_nll_loss = 4.1523, ivc_loss = 0.0526, neg_loss = 0.0037, hneg_loss = 0.0354, push_loss = 0.2916, pull_loss = 0.0005, 0.274 seconds/batch
2026-05-12 14:54:17,419 - Epoch 25, Batch 900, lr = 0.00005, final_loss = 4.0604, nll_loss = 3.9892, hneg_nll_loss = 4.1316, ivc_loss = 0.0545, neg_loss = 0.0046, hneg_loss = 0.0364, push_loss = 0.2910, pull_loss = 0.0005, 0.274 seconds/batch
2026-05-12 14:54:31,064 - Epoch 25, Batch 950, lr = 0.00005, final_loss = 4.0328, nll_loss = 3.9610, hneg_nll_loss = 4.1047, ivc_loss = 0.0542, neg_loss = 0.0047, hneg_loss = 0.0363, push_loss = 0.2899, pull_loss = 0.0005, 0.274 seconds/batch
2026-05-12 14:54:44,699 - Epoch 25, Batch 1000, lr = 0.00005, final_loss = 4.0447, nll_loss = 3.9715, hneg_nll_loss = 4.1178, ivc_loss = 0.0520, neg_loss = 0.0039, hneg_loss = 0.0350, push_loss = 0.2900, pull_loss = 0.0005, 0.274 seconds/batch
2026-05-12 14:54:58,285 - Epoch 25, Batch 1050, lr = 0.00005, final_loss = 4.0408, nll_loss = 3.9712, hneg_nll_loss = 4.1103, ivc_loss = 0.0547, neg_loss = 0.0035, hneg_loss = 0.0380, push_loss = 0.2899, pull_loss = 0.0005, 0.274 seconds/batch
2026-05-12 14:55:11,961 - Epoch 25, Batch 1100, lr = 0.00005, final_loss = 4.0709, nll_loss = 4.0011, hneg_nll_loss = 4.1407, ivc_loss = 0.0549, neg_loss = 0.0033, hneg_loss = 0.0382, push_loss = 0.2905, pull_loss = 0.0005, 0.274 seconds/batch
2026-05-12 14:55:25,521 - Epoch 25, Batch 1150, lr = 0.00005, final_loss = 4.0577, nll_loss = 3.9838, hneg_nll_loss = 4.1316, ivc_loss = 0.0529, neg_loss = 0.0036, hneg_loss = 0.0358, push_loss = 0.2910, pull_loss = 0.0005, 0.274 seconds/batch
2026-05-12 14:55:30,917 - Epoch 25, Batch 1170, lr = 0.00005, final_loss = 4.0030, nll_loss = 3.9323, hneg_nll_loss = 4.0738, ivc_loss = 0.0529, neg_loss = 0.0041, hneg_loss = 0.0353, push_loss = 0.2914, pull_loss = 0.0006, 0.274 seconds/batch
2026-05-12 14:55:31,049 - save model to ./checkpoints/activitynet/exp-activitynet_refact_2026-05-12_11-07-05/model-25.pt, num_updates 29250.
2026-05-12 14:57:38,199 - | Rank1,mIoU 0.3374 | Rank1,IoU@0.1 0.7628 | Rank1,IoU@0.3 0.4755 | Rank1,IoU@0.5 0.2947 | Rank5,mIoU 0.5630 | Rank5,IoU@0.1 0.9389 | Rank5,IoU@0.3 0.8090 | Rank5,IoU@0.5 0.6576 |
2026-05-12 14:57:38,200 - ============================================================
2026-05-12 14:57:38,200 - Start Epoch 26
2026-05-12 14:57:52,349 - Epoch 26, Batch 50, lr = 0.00005, final_loss = 3.9589, nll_loss = 3.8892, hneg_nll_loss = 4.0287, ivc_loss = 0.0536, neg_loss = 0.0033, hneg_loss = 0.0368, push_loss = 0.2914, pull_loss = 0.0005, 0.283 seconds/batch
2026-05-12 14:58:06,188 - Epoch 26, Batch 100, lr = 0.00005, final_loss = 4.0144, nll_loss = 3.9405, hneg_nll_loss = 4.0883, ivc_loss = 0.0515, neg_loss = 0.0027, hneg_loss = 0.0353, push_loss = 0.2916, pull_loss = 0.0005, 0.280 seconds/batch
2026-05-12 14:58:19,830 - Epoch 26, Batch 150, lr = 0.00005, final_loss = 3.9922, nll_loss = 3.9174, hneg_nll_loss = 4.0669, ivc_loss = 0.0498, neg_loss = 0.0023, hneg_loss = 0.0341, push_loss = 0.2911, pull_loss = 0.0006, 0.278 seconds/batch
2026-05-12 14:58:33,341 - Epoch 26, Batch 200, lr = 0.00005, final_loss = 4.0183, nll_loss = 3.9444, hneg_nll_loss = 4.0922, ivc_loss = 0.0519, neg_loss = 0.0023, hneg_loss = 0.0360, push_loss = 0.2913, pull_loss = 0.0005, 0.276 seconds/batch
2026-05-12 14:58:46,885 - Epoch 26, Batch 250, lr = 0.00005, final_loss = 3.9937, nll_loss = 3.9195, hneg_nll_loss = 4.0680, ivc_loss = 0.0520, neg_loss = 0.0023, hneg_loss = 0.0361, push_loss = 0.2914, pull_loss = 0.0006, 0.275 seconds/batch
2026-05-12 14:59:00,500 - Epoch 26, Batch 300, lr = 0.00005, final_loss = 4.0650, nll_loss = 3.9892, hneg_nll_loss = 4.1408, ivc_loss = 0.0489, neg_loss = 0.0023, hneg_loss = 0.0329, push_loss = 0.2922, pull_loss = 0.0005, 0.274 seconds/batch
2026-05-12 14:59:14,212 - Epoch 26, Batch 350, lr = 0.00005, final_loss = 4.0383, nll_loss = 3.9632, hneg_nll_loss = 4.1135, ivc_loss = 0.0499, neg_loss = 0.0033, hneg_loss = 0.0331, push_loss = 0.2916, pull_loss = 0.0005, 0.274 seconds/batch
2026-05-12 14:59:27,743 - Epoch 26, Batch 400, lr = 0.00005, final_loss = 4.0251, nll_loss = 3.9532, hneg_nll_loss = 4.0970, ivc_loss = 0.0532, neg_loss = 0.0033, hneg_loss = 0.0364, push_loss = 0.2911, pull_loss = 0.0005, 0.274 seconds/batch
2026-05-12 14:59:41,402 - Epoch 26, Batch 450, lr = 0.00005, final_loss = 4.0502, nll_loss = 3.9823, hneg_nll_loss = 4.1181, ivc_loss = 0.0541, neg_loss = 0.0036, hneg_loss = 0.0369, push_loss = 0.2922, pull_loss = 0.0005, 0.274 seconds/batch
2026-05-12 14:59:55,231 - Epoch 26, Batch 500, lr = 0.00005, final_loss = 3.9996, nll_loss = 3.9253, hneg_nll_loss = 4.0740, ivc_loss = 0.0543, neg_loss = 0.0033, hneg_loss = 0.0374, push_loss = 0.2923, pull_loss = 0.0005, 0.274 seconds/batch
2026-05-12 15:00:08,800 - Epoch 26, Batch 550, lr = 0.00005, final_loss = 4.0112, nll_loss = 3.9383, hneg_nll_loss = 4.0840, ivc_loss = 0.0534, neg_loss = 0.0033, hneg_loss = 0.0366, push_loss = 0.2914, pull_loss = 0.0005, 0.274 seconds/batch
2026-05-12 15:00:22,543 - Epoch 26, Batch 600, lr = 0.00005, final_loss = 4.0482, nll_loss = 3.9767, hneg_nll_loss = 4.1198, ivc_loss = 0.0523, neg_loss = 0.0033, hneg_loss = 0.0359, push_loss = 0.2901, pull_loss = 0.0005, 0.274 seconds/batch
2026-05-12 15:00:36,121 - Epoch 26, Batch 650, lr = 0.00005, final_loss = 4.0399, nll_loss = 3.9682, hneg_nll_loss = 4.1115, ivc_loss = 0.0544, neg_loss = 0.0041, hneg_loss = 0.0369, push_loss = 0.2914, pull_loss = 0.0005, 0.274 seconds/batch
2026-05-12 15:00:49,686 - Epoch 26, Batch 700, lr = 0.00005, final_loss = 4.0068, nll_loss = 3.9364, hneg_nll_loss = 4.0772, ivc_loss = 0.0545, neg_loss = 0.0045, hneg_loss = 0.0366, push_loss = 0.2920, pull_loss = 0.0006, 0.274 seconds/batch
2026-05-12 15:01:03,198 - Epoch 26, Batch 750, lr = 0.00005, final_loss = 4.0293, nll_loss = 3.9545, hneg_nll_loss = 4.1040, ivc_loss = 0.0512, neg_loss = 0.0024, hneg_loss = 0.0352, push_loss = 0.2929, pull_loss = 0.0006, 0.273 seconds/batch
2026-05-12 15:01:16,747 - Epoch 26, Batch 800, lr = 0.00005, final_loss = 4.0326, nll_loss = 3.9572, hneg_nll_loss = 4.1081, ivc_loss = 0.0516, neg_loss = 0.0043, hneg_loss = 0.0335, push_loss = 0.2930, pull_loss = 0.0006, 0.273 seconds/batch
2026-05-12 15:01:30,413 - Epoch 26, Batch 850, lr = 0.00005, final_loss = 4.0185, nll_loss = 3.9424, hneg_nll_loss = 4.0946, ivc_loss = 0.0505, neg_loss = 0.0031, hneg_loss = 0.0336, push_loss = 0.2936, pull_loss = 0.0006, 0.273 seconds/batch
2026-05-12 15:01:43,900 - Epoch 26, Batch 900, lr = 0.00005, final_loss = 4.0149, nll_loss = 3.9425, hneg_nll_loss = 4.0872, ivc_loss = 0.0532, neg_loss = 0.0035, hneg_loss = 0.0360, push_loss = 0.2928, pull_loss = 0.0005, 0.273 seconds/batch
2026-05-12 15:01:57,592 - Epoch 26, Batch 950, lr = 0.00005, final_loss = 4.0334, nll_loss = 3.9594, hneg_nll_loss = 4.1074, ivc_loss = 0.0502, neg_loss = 0.0032, hneg_loss = 0.0335, push_loss = 0.2922, pull_loss = 0.0005, 0.273 seconds/batch
2026-05-12 15:02:11,196 - Epoch 26, Batch 1000, lr = 0.00005, final_loss = 3.9923, nll_loss = 3.9225, hneg_nll_loss = 4.0620, ivc_loss = 0.0540, neg_loss = 0.0033, hneg_loss = 0.0370, push_loss = 0.2927, pull_loss = 0.0006, 0.273 seconds/batch
2026-05-12 15:02:24,758 - Epoch 26, Batch 1050, lr = 0.00005, final_loss = 4.0556, nll_loss = 3.9836, hneg_nll_loss = 4.1277, ivc_loss = 0.0525, neg_loss = 0.0030, hneg_loss = 0.0358, push_loss = 0.2925, pull_loss = 0.0006, 0.273 seconds/batch
2026-05-12 15:02:38,326 - Epoch 26, Batch 1100, lr = 0.00005, final_loss = 4.0225, nll_loss = 3.9482, hneg_nll_loss = 4.0968, ivc_loss = 0.0507, neg_loss = 0.0034, hneg_loss = 0.0337, push_loss = 0.2925, pull_loss = 0.0005, 0.273 seconds/batch
2026-05-12 15:02:51,868 - Epoch 26, Batch 1150, lr = 0.00005, final_loss = 4.0310, nll_loss = 3.9584, hneg_nll_loss = 4.1035, ivc_loss = 0.0519, neg_loss = 0.0034, hneg_loss = 0.0349, push_loss = 0.2919, pull_loss = 0.0006, 0.273 seconds/batch
2026-05-12 15:02:57,241 - Epoch 26, Batch 1170, lr = 0.00005, final_loss = 4.0139, nll_loss = 3.9408, hneg_nll_loss = 4.0869, ivc_loss = 0.0534, neg_loss = 0.0015, hneg_loss = 0.0385, push_loss = 0.2911, pull_loss = 0.0005, 0.273 seconds/batch
2026-05-12 15:02:57,372 - save model to ./checkpoints/activitynet/exp-activitynet_refact_2026-05-12_11-07-05/model-26.pt, num_updates 30420.
2026-05-12 15:05:04,901 - | Rank1,mIoU 0.3385 | Rank1,IoU@0.1 0.7762 | Rank1,IoU@0.3 0.4760 | Rank1,IoU@0.5 0.2928 | Rank5,mIoU 0.5664 | Rank5,IoU@0.1 0.9413 | Rank5,IoU@0.3 0.8172 | Rank5,IoU@0.5 0.6674 |
2026-05-12 15:05:04,902 - ============================================================
2026-05-12 15:05:04,902 - Start Epoch 27
2026-05-12 15:05:18,951 - Epoch 27, Batch 50, lr = 0.00005, final_loss = 3.9887, nll_loss = 3.9167, hneg_nll_loss = 4.0606, ivc_loss = 0.0516, neg_loss = 0.0034, hneg_loss = 0.0347, push_loss = 0.2920, pull_loss = 0.0005, 0.281 seconds/batch
2026-05-12 15:05:32,578 - Epoch 27, Batch 100, lr = 0.00005, final_loss = 3.9481, nll_loss = 3.8761, hneg_nll_loss = 4.0201, ivc_loss = 0.0523, neg_loss = 0.0032, hneg_loss = 0.0354, push_loss = 0.2930, pull_loss = 0.0006, 0.277 seconds/batch
2026-05-12 15:05:46,380 - Epoch 27, Batch 150, lr = 0.00005, final_loss = 3.9756, nll_loss = 3.9015, hneg_nll_loss = 4.0497, ivc_loss = 0.0529, neg_loss = 0.0037, hneg_loss = 0.0353, push_loss = 0.2935, pull_loss = 0.0006, 0.277 seconds/batch
2026-05-12 15:06:00,041 - Epoch 27, Batch 200, lr = 0.00005, final_loss = 4.0193, nll_loss = 3.9456, hneg_nll_loss = 4.0931, ivc_loss = 0.0520, neg_loss = 0.0043, hneg_loss = 0.0338, push_loss = 0.2928, pull_loss = 0.0006, 0.276 seconds/batch
2026-05-12 15:06:13,630 - Epoch 27, Batch 250, lr = 0.00005, final_loss = 3.9963, nll_loss = 3.9249, hneg_nll_loss = 4.0678, ivc_loss = 0.0543, neg_loss = 0.0038, hneg_loss = 0.0367, push_loss = 0.2928, pull_loss = 0.0006, 0.275 seconds/batch
2026-05-12 15:06:27,251 - Epoch 27, Batch 300, lr = 0.00005, final_loss = 4.0116, nll_loss = 3.9377, hneg_nll_loss = 4.0854, ivc_loss = 0.0503, neg_loss = 0.0033, hneg_loss = 0.0331, push_loss = 0.2935, pull_loss = 0.0005, 0.274 seconds/batch
2026-05-12 15:06:40,782 - Epoch 27, Batch 350, lr = 0.00005, final_loss = 3.9522, nll_loss = 3.8796, hneg_nll_loss = 4.0247, ivc_loss = 0.0523, neg_loss = 0.0027, hneg_loss = 0.0356, push_loss = 0.2935, pull_loss = 0.0005, 0.274 seconds/batch
2026-05-12 15:06:54,406 - Epoch 27, Batch 400, lr = 0.00005, final_loss = 3.9771, nll_loss = 3.9036, hneg_nll_loss = 4.0506, ivc_loss = 0.0543, neg_loss = 0.0034, hneg_loss = 0.0371, push_loss = 0.2926, pull_loss = 0.0005, 0.274 seconds/batch
2026-05-12 15:07:07,975 - Epoch 27, Batch 450, lr = 0.00005, final_loss = 3.9946, nll_loss = 3.9219, hneg_nll_loss = 4.0672, ivc_loss = 0.0502, neg_loss = 0.0034, hneg_loss = 0.0330, push_loss = 0.2929, pull_loss = 0.0005, 0.273 seconds/batch
2026-05-12 15:07:21,605 - Epoch 27, Batch 500, lr = 0.00005, final_loss = 3.9866, nll_loss = 3.9139, hneg_nll_loss = 4.0593, ivc_loss = 0.0504, neg_loss = 0.0032, hneg_loss = 0.0332, push_loss = 0.2933, pull_loss = 0.0005, 0.273 seconds/batch
2026-05-12 15:07:35,198 - Epoch 27, Batch 550, lr = 0.00005, final_loss = 3.9943, nll_loss = 3.9233, hneg_nll_loss = 4.0652, ivc_loss = 0.0529, neg_loss = 0.0036, hneg_loss = 0.0356, push_loss = 0.2931, pull_loss = 0.0005, 0.273 seconds/batch
2026-05-12 15:07:48,816 - Epoch 27, Batch 600, lr = 0.00005, final_loss = 4.0057, nll_loss = 3.9277, hneg_nll_loss = 4.0836, ivc_loss = 0.0485, neg_loss = 0.0030, hneg_loss = 0.0317, push_loss = 0.2935, pull_loss = 0.0005, 0.273 seconds/batch
2026-05-12 15:08:02,438 - Epoch 27, Batch 650, lr = 0.00005, final_loss = 4.0171, nll_loss = 3.9414, hneg_nll_loss = 4.0927, ivc_loss = 0.0503, neg_loss = 0.0032, hneg_loss = 0.0334, push_loss = 0.2931, pull_loss = 0.0005, 0.273 seconds/batch
2026-05-12 15:08:16,072 - Epoch 27, Batch 700, lr = 0.00005, final_loss = 4.0276, nll_loss = 3.9535, hneg_nll_loss = 4.1017, ivc_loss = 0.0500, neg_loss = 0.0032, hneg_loss = 0.0329, push_loss = 0.2940, pull_loss = 0.0006, 0.273 seconds/batch
2026-05-12 15:08:29,934 - Epoch 27, Batch 750, lr = 0.00005, final_loss = 4.0263, nll_loss = 3.9524, hneg_nll_loss = 4.1001, ivc_loss = 0.0531, neg_loss = 0.0041, hneg_loss = 0.0348, push_loss = 0.2950, pull_loss = 0.0006, 0.273 seconds/batch
2026-05-12 15:08:43,520 - Epoch 27, Batch 800, lr = 0.00005, final_loss = 4.0285, nll_loss = 3.9525, hneg_nll_loss = 4.1044, ivc_loss = 0.0514, neg_loss = 0.0030, hneg_loss = 0.0343, push_loss = 0.2946, pull_loss = 0.0005, 0.273 seconds/batch
2026-05-12 15:08:57,232 - Epoch 27, Batch 850, lr = 0.00005, final_loss = 3.9775, nll_loss = 3.9058, hneg_nll_loss = 4.0492, ivc_loss = 0.0556, neg_loss = 0.0038, hneg_loss = 0.0379, push_loss = 0.2934, pull_loss = 0.0005, 0.273 seconds/batch
2026-05-12 15:09:10,853 - Epoch 27, Batch 900, lr = 0.00005, final_loss = 4.0049, nll_loss = 3.9314, hneg_nll_loss = 4.0783, ivc_loss = 0.0512, neg_loss = 0.0040, hneg_loss = 0.0334, push_loss = 0.2931, pull_loss = 0.0005, 0.273 seconds/batch
2026-05-12 15:09:24,773 - Epoch 27, Batch 950, lr = 0.00005, final_loss = 4.0273, nll_loss = 3.9531, hneg_nll_loss = 4.1014, ivc_loss = 0.0512, neg_loss = 0.0032, hneg_loss = 0.0341, push_loss = 0.2931, pull_loss = 0.0005, 0.274 seconds/batch
2026-05-12 15:09:38,620 - Epoch 27, Batch 1000, lr = 0.00005, final_loss = 4.0289, nll_loss = 3.9567, hneg_nll_loss = 4.1011, ivc_loss = 0.0520, neg_loss = 0.0031, hneg_loss = 0.0350, push_loss = 0.2931, pull_loss = 0.0005, 0.274 seconds/batch
2026-05-12 15:09:52,375 - Epoch 27, Batch 1050, lr = 0.00005, final_loss = 4.0238, nll_loss = 3.9523, hneg_nll_loss = 4.0953, ivc_loss = 0.0532, neg_loss = 0.0024, hneg_loss = 0.0370, push_loss = 0.2931, pull_loss = 0.0005, 0.274 seconds/batch
2026-05-12 15:10:06,201 - Epoch 27, Batch 1100, lr = 0.00005, final_loss = 4.0608, nll_loss = 3.9849, hneg_nll_loss = 4.1367, ivc_loss = 0.0503, neg_loss = 0.0036, hneg_loss = 0.0328, push_loss = 0.2936, pull_loss = 0.0005, 0.274 seconds/batch
2026-05-12 15:10:19,809 - Epoch 27, Batch 1150, lr = 0.00005, final_loss = 3.9953, nll_loss = 3.9228, hneg_nll_loss = 4.0677, ivc_loss = 0.0551, neg_loss = 0.0039, hneg_loss = 0.0374, push_loss = 0.2933, pull_loss = 0.0005, 0.274 seconds/batch
2026-05-12 15:10:25,295 - Epoch 27, Batch 1170, lr = 0.00005, final_loss = 4.0177, nll_loss = 3.9396, hneg_nll_loss = 4.0958, ivc_loss = 0.0467, neg_loss = 0.0029, hneg_loss = 0.0299, push_loss = 0.2941, pull_loss = 0.0005, 0.274 seconds/batch
2026-05-12 15:10:25,428 - save model to ./checkpoints/activitynet/exp-activitynet_refact_2026-05-12_11-07-05/model-27.pt, num_updates 31590.
2026-05-12 15:12:33,186 - | Rank1,mIoU 0.3409 | Rank1,IoU@0.1 0.7734 | Rank1,IoU@0.3 0.4761 | Rank1,IoU@0.5 0.2921 | Rank5,mIoU 0.5475 | Rank5,IoU@0.1 0.9314 | Rank5,IoU@0.3 0.7886 | Rank5,IoU@0.5 0.6309 |
2026-05-12 15:12:33,186 - ============================================================
2026-05-12 15:12:33,187 - Start Epoch 28
2026-05-12 15:12:47,262 - Epoch 28, Batch 50, lr = 0.00004, final_loss = 3.9725, nll_loss = 3.8996, hneg_nll_loss = 4.0454, ivc_loss = 0.0518, neg_loss = 0.0022, hneg_loss = 0.0357, push_loss = 0.2943, pull_loss = 0.0005, 0.281 seconds/batch
2026-05-12 15:13:00,891 - Epoch 28, Batch 100, lr = 0.00004, final_loss = 3.9789, nll_loss = 3.9082, hneg_nll_loss = 4.0496, ivc_loss = 0.0518, neg_loss = 0.0025, hneg_loss = 0.0354, push_loss = 0.2942, pull_loss = 0.0006, 0.277 seconds/batch
2026-05-12 15:13:14,608 - Epoch 28, Batch 150, lr = 0.00004, final_loss = 3.9474, nll_loss = 3.8749, hneg_nll_loss = 4.0199, ivc_loss = 0.0520, neg_loss = 0.0032, hneg_loss = 0.0348, push_loss = 0.2944, pull_loss = 0.0006, 0.276 seconds/batch
2026-05-12 15:13:28,380 - Epoch 28, Batch 200, lr = 0.00004, final_loss = 3.9608, nll_loss = 3.8881, hneg_nll_loss = 4.0336, ivc_loss = 0.0528, neg_loss = 0.0023, hneg_loss = 0.0364, push_loss = 0.2948, pull_loss = 0.0006, 0.276 seconds/batch
2026-05-12 15:13:42,040 - Epoch 28, Batch 250, lr = 0.00004, final_loss = 3.9559, nll_loss = 3.8850, hneg_nll_loss = 4.0268, ivc_loss = 0.0562, neg_loss = 0.0030, hneg_loss = 0.0392, push_loss = 0.2948, pull_loss = 0.0005, 0.275 seconds/batch
2026-05-12 15:13:55,895 - Epoch 28, Batch 300, lr = 0.00004, final_loss = 3.9654, nll_loss = 3.8910, hneg_nll_loss = 4.0399, ivc_loss = 0.0522, neg_loss = 0.0034, hneg_loss = 0.0348, push_loss = 0.2953, pull_loss = 0.0005, 0.276 seconds/batch
2026-05-12 15:14:09,816 - Epoch 28, Batch 350, lr = 0.00004, final_loss = 3.9742, nll_loss = 3.9002, hneg_nll_loss = 4.0482, ivc_loss = 0.0500, neg_loss = 0.0032, hneg_loss = 0.0328, push_loss = 0.2947, pull_loss = 0.0005, 0.276 seconds/batch
2026-05-12 15:14:23,540 - Epoch 28, Batch 400, lr = 0.00004, final_loss = 4.0249, nll_loss = 3.9486, hneg_nll_loss = 4.1011, ivc_loss = 0.0506, neg_loss = 0.0036, hneg_loss = 0.0329, push_loss = 0.2945, pull_loss = 0.0005, 0.276 seconds/batch
2026-05-12 15:14:37,221 - Epoch 28, Batch 450, lr = 0.00004, final_loss = 3.9813, nll_loss = 3.9085, hneg_nll_loss = 4.0540, ivc_loss = 0.0514, neg_loss = 0.0034, hneg_loss = 0.0340, push_loss = 0.2943, pull_loss = 0.0005, 0.276 seconds/batch
2026-05-12 15:14:50,833 - Epoch 28, Batch 500, lr = 0.00004, final_loss = 3.9943, nll_loss = 3.9204, hneg_nll_loss = 4.0682, ivc_loss = 0.0537, neg_loss = 0.0033, hneg_loss = 0.0365, push_loss = 0.2944, pull_loss = 0.0005, 0.275 seconds/batch
2026-05-12 15:15:04,560 - Epoch 28, Batch 550, lr = 0.00004, final_loss = 3.9602, nll_loss = 3.8906, hneg_nll_loss = 4.0297, ivc_loss = 0.0539, neg_loss = 0.0035, hneg_loss = 0.0364, push_loss = 0.2946, pull_loss = 0.0005, 0.275 seconds/batch
2026-05-12 15:15:18,232 - Epoch 28, Batch 600, lr = 0.00004, final_loss = 4.0020, nll_loss = 3.9287, hneg_nll_loss = 4.0754, ivc_loss = 0.0529, neg_loss = 0.0024, hneg_loss = 0.0366, push_loss = 0.2940, pull_loss = 0.0005, 0.275 seconds/batch
2026-05-12 15:15:31,841 - Epoch 28, Batch 650, lr = 0.00004, final_loss = 3.9956, nll_loss = 3.9208, hneg_nll_loss = 4.0703, ivc_loss = 0.0498, neg_loss = 0.0029, hneg_loss = 0.0330, push_loss = 0.2943, pull_loss = 0.0005, 0.275 seconds/batch
2026-05-12 15:15:45,526 - Epoch 28, Batch 700, lr = 0.00004, final_loss = 3.9796, nll_loss = 3.9062, hneg_nll_loss = 4.0531, ivc_loss = 0.0521, neg_loss = 0.0037, hneg_loss = 0.0343, push_loss = 0.2950, pull_loss = 0.0005, 0.275 seconds/batch
2026-05-12 15:15:59,161 - Epoch 28, Batch 750, lr = 0.00004, final_loss = 4.0171, nll_loss = 3.9415, hneg_nll_loss = 4.0927, ivc_loss = 0.0509, neg_loss = 0.0029, hneg_loss = 0.0339, push_loss = 0.2952, pull_loss = 0.0005, 0.275 seconds/batch
2026-05-12 15:16:13,080 - Epoch 28, Batch 800, lr = 0.00004, final_loss = 3.9860, nll_loss = 3.9125, hneg_nll_loss = 4.0595, ivc_loss = 0.0539, neg_loss = 0.0028, hneg_loss = 0.0371, push_loss = 0.2946, pull_loss = 0.0005, 0.275 seconds/batch
2026-05-12 15:16:26,870 - Epoch 28, Batch 850, lr = 0.00004, final_loss = 4.0036, nll_loss = 3.9296, hneg_nll_loss = 4.0776, ivc_loss = 0.0519, neg_loss = 0.0026, hneg_loss = 0.0353, push_loss = 0.2944, pull_loss = 0.0005, 0.275 seconds/batch
2026-05-12 15:16:40,707 - Epoch 28, Batch 900, lr = 0.00004, final_loss = 3.9897, nll_loss = 3.9168, hneg_nll_loss = 4.0625, ivc_loss = 0.0528, neg_loss = 0.0043, hneg_loss = 0.0347, push_loss = 0.2938, pull_loss = 0.0005, 0.275 seconds/batch
2026-05-12 15:16:54,497 - Epoch 28, Batch 950, lr = 0.00004, final_loss = 3.9730, nll_loss = 3.8983, hneg_nll_loss = 4.0476, ivc_loss = 0.0526, neg_loss = 0.0023, hneg_loss = 0.0366, push_loss = 0.2937, pull_loss = 0.0005, 0.275 seconds/batch
2026-05-12 15:17:08,192 - Epoch 28, Batch 1000, lr = 0.00004, final_loss = 3.9811, nll_loss = 3.9095, hneg_nll_loss = 4.0528, ivc_loss = 0.0528, neg_loss = 0.0022, hneg_loss = 0.0369, push_loss = 0.2935, pull_loss = 0.0005, 0.275 seconds/batch
2026-05-12 15:17:21,865 - Epoch 28, Batch 1050, lr = 0.00004, final_loss = 3.9817, nll_loss = 3.9068, hneg_nll_loss = 4.0565, ivc_loss = 0.0509, neg_loss = 0.0034, hneg_loss = 0.0338, push_loss = 0.2931, pull_loss = 0.0005, 0.275 seconds/batch
2026-05-12 15:17:35,558 - Epoch 28, Batch 1100, lr = 0.00004, final_loss = 3.9918, nll_loss = 3.9142, hneg_nll_loss = 4.0694, ivc_loss = 0.0504, neg_loss = 0.0035, hneg_loss = 0.0330, push_loss = 0.2946, pull_loss = 0.0005, 0.275 seconds/batch
2026-05-12 15:17:49,324 - Epoch 28, Batch 1150, lr = 0.00004, final_loss = 3.9966, nll_loss = 3.9247, hneg_nll_loss = 4.0685, ivc_loss = 0.0546, neg_loss = 0.0031, hneg_loss = 0.0375, push_loss = 0.2953, pull_loss = 0.0005, 0.275 seconds/batch
2026-05-12 15:17:54,791 - Epoch 28, Batch 1170, lr = 0.00004, final_loss = 3.9897, nll_loss = 3.9163, hneg_nll_loss = 4.0630, ivc_loss = 0.0527, neg_loss = 0.0038, hneg_loss = 0.0349, push_loss = 0.2956, pull_loss = 0.0005, 0.275 seconds/batch
2026-05-12 15:17:54,922 - save model to ./checkpoints/activitynet/exp-activitynet_refact_2026-05-12_11-07-05/model-28.pt, num_updates 32760.
2026-05-12 15:20:02,099 - | Rank1,mIoU 0.3473 | Rank1,IoU@0.1 0.7721 | Rank1,IoU@0.3 0.5036 | Rank1,IoU@0.5 0.2959 | Rank5,mIoU 0.5457 | Rank5,IoU@0.1 0.9354 | Rank5,IoU@0.3 0.7906 | Rank5,IoU@0.5 0.6246 |
2026-05-12 15:20:02,100 - ============================================================
2026-05-12 15:20:02,100 - Start Epoch 29
2026-05-12 15:20:16,052 - Epoch 29, Batch 50, lr = 0.00004, final_loss = 3.9197, nll_loss = 3.8482, hneg_nll_loss = 3.9913, ivc_loss = 0.0528, neg_loss = 0.0027, hneg_loss = 0.0360, push_loss = 0.2957, pull_loss = 0.0005, 0.279 seconds/batch
2026-05-12 15:20:29,707 - Epoch 29, Batch 100, lr = 0.00004, final_loss = 3.9113, nll_loss = 3.8365, hneg_nll_loss = 3.9861, ivc_loss = 0.0517, neg_loss = 0.0036, hneg_loss = 0.0342, push_loss = 0.2946, pull_loss = 0.0005, 0.276 seconds/batch
2026-05-12 15:20:43,299 - Epoch 29, Batch 150, lr = 0.00004, final_loss = 3.9824, nll_loss = 3.9085, hneg_nll_loss = 4.0563, ivc_loss = 0.0534, neg_loss = 0.0041, hneg_loss = 0.0352, push_loss = 0.2953, pull_loss = 0.0005, 0.275 seconds/batch
2026-05-12 15:20:56,931 - Epoch 29, Batch 200, lr = 0.00004, final_loss = 3.9464, nll_loss = 3.8756, hneg_nll_loss = 4.0172, ivc_loss = 0.0546, neg_loss = 0.0020, hneg_loss = 0.0384, push_loss = 0.2957, pull_loss = 0.0005, 0.274 seconds/batch
2026-05-12 15:21:10,668 - Epoch 29, Batch 250, lr = 0.00004, final_loss = 3.9177, nll_loss = 3.8453, hneg_nll_loss = 3.9901, ivc_loss = 0.0538, neg_loss = 0.0039, hneg_loss = 0.0358, push_loss = 0.2954, pull_loss = 0.0005, 0.274 seconds/batch
2026-05-12 15:21:24,362 - Epoch 29, Batch 300, lr = 0.00004, final_loss = 3.9562, nll_loss = 3.8806, hneg_nll_loss = 4.0318, ivc_loss = 0.0494, neg_loss = 0.0023, hneg_loss = 0.0330, push_loss = 0.2955, pull_loss = 0.0005, 0.274 seconds/batch
2026-05-12 15:21:38,117 - Epoch 29, Batch 350, lr = 0.00004, final_loss = 3.9559, nll_loss = 3.8820, hneg_nll_loss = 4.0298, ivc_loss = 0.0515, neg_loss = 0.0022, hneg_loss = 0.0351, push_loss = 0.2961, pull_loss = 0.0005, 0.274 seconds/batch
2026-05-12 15:21:51,763 - Epoch 29, Batch 400, lr = 0.00004, final_loss = 3.9944, nll_loss = 3.9206, hneg_nll_loss = 4.0682, ivc_loss = 0.0524, neg_loss = 0.0022, hneg_loss = 0.0358, push_loss = 0.2973, pull_loss = 0.0005, 0.274 seconds/batch
2026-05-12 15:22:05,753 - Epoch 29, Batch 450, lr = 0.00004, final_loss = 3.9945, nll_loss = 3.9216, hneg_nll_loss = 4.0675, ivc_loss = 0.0534, neg_loss = 0.0030, hneg_loss = 0.0360, push_loss = 0.2968, pull_loss = 0.0005, 0.275 seconds/batch
2026-05-12 15:22:19,559 - Epoch 29, Batch 500, lr = 0.00004, final_loss = 3.9652, nll_loss = 3.8924, hneg_nll_loss = 4.0380, ivc_loss = 0.0539, neg_loss = 0.0024, hneg_loss = 0.0372, push_loss = 0.2960, pull_loss = 0.0005, 0.275 seconds/batch
2026-05-12 15:22:33,440 - Epoch 29, Batch 550, lr = 0.00004, final_loss = 3.9464, nll_loss = 3.8767, hneg_nll_loss = 4.0160, ivc_loss = 0.0570, neg_loss = 0.0028, hneg_loss = 0.0398, push_loss = 0.2969, pull_loss = 0.0005, 0.275 seconds/batch
2026-05-12 15:22:47,205 - Epoch 29, Batch 600, lr = 0.00004, final_loss = 3.9816, nll_loss = 3.9067, hneg_nll_loss = 4.0565, ivc_loss = 0.0522, neg_loss = 0.0032, hneg_loss = 0.0346, push_loss = 0.2967, pull_loss = 0.0005, 0.275 seconds/batch
2026-05-12 15:23:00,900 - Epoch 29, Batch 650, lr = 0.00004, final_loss = 3.9382, nll_loss = 3.8687, hneg_nll_loss = 4.0077, ivc_loss = 0.0538, neg_loss = 0.0025, hneg_loss = 0.0371, push_loss = 0.2957, pull_loss = 0.0005, 0.275 seconds/batch
2026-05-12 15:23:14,516 - Epoch 29, Batch 700, lr = 0.00004, final_loss = 3.9389, nll_loss = 3.8639, hneg_nll_loss = 4.0140, ivc_loss = 0.0508, neg_loss = 0.0028, hneg_loss = 0.0339, push_loss = 0.2952, pull_loss = 0.0005, 0.275 seconds/batch
2026-05-12 15:23:28,205 - Epoch 29, Batch 750, lr = 0.00004, final_loss = 3.9770, nll_loss = 3.9046, hneg_nll_loss = 4.0495, ivc_loss = 0.0541, neg_loss = 0.0026, hneg_loss = 0.0375, push_loss = 0.2945, pull_loss = 0.0005, 0.275 seconds/batch
2026-05-12 15:23:41,845 - Epoch 29, Batch 800, lr = 0.00004, final_loss = 3.9698, nll_loss = 3.8974, hneg_nll_loss = 4.0422, ivc_loss = 0.0525, neg_loss = 0.0032, hneg_loss = 0.0355, push_loss = 0.2942, pull_loss = 0.0005, 0.275 seconds/batch
2026-05-12 15:23:55,604 - Epoch 29, Batch 850, lr = 0.00004, final_loss = 3.9872, nll_loss = 3.9140, hneg_nll_loss = 4.0604, ivc_loss = 0.0535, neg_loss = 0.0026, hneg_loss = 0.0370, push_loss = 0.2946, pull_loss = 0.0005, 0.275 seconds/batch
2026-05-12 15:24:09,434 - Epoch 29, Batch 900, lr = 0.00004, final_loss = 4.0047, nll_loss = 3.9316, hneg_nll_loss = 4.0779, ivc_loss = 0.0541, neg_loss = 0.0030, hneg_loss = 0.0369, push_loss = 0.2955, pull_loss = 0.0005, 0.275 seconds/batch
2026-05-12 15:24:23,009 - Epoch 29, Batch 950, lr = 0.00004, final_loss = 3.9742, nll_loss = 3.8996, hneg_nll_loss = 4.0489, ivc_loss = 0.0509, neg_loss = 0.0024, hneg_loss = 0.0343, push_loss = 0.2957, pull_loss = 0.0005, 0.275 seconds/batch
2026-05-12 15:24:36,777 - Epoch 29, Batch 1000, lr = 0.00004, final_loss = 3.9756, nll_loss = 3.8998, hneg_nll_loss = 4.0514, ivc_loss = 0.0514, neg_loss = 0.0028, hneg_loss = 0.0345, push_loss = 0.2948, pull_loss = 0.0005, 0.275 seconds/batch
2026-05-12 15:24:50,532 - Epoch 29, Batch 1050, lr = 0.00004, final_loss = 3.9869, nll_loss = 3.9139, hneg_nll_loss = 4.0600, ivc_loss = 0.0541, neg_loss = 0.0036, hneg_loss = 0.0362, push_loss = 0.2962, pull_loss = 0.0005, 0.275 seconds/batch
2026-05-12 15:25:04,204 - Epoch 29, Batch 1100, lr = 0.00004, final_loss = 3.9892, nll_loss = 3.9152, hneg_nll_loss = 4.0632, ivc_loss = 0.0530, neg_loss = 0.0027, hneg_loss = 0.0360, push_loss = 0.2960, pull_loss = 0.0005, 0.275 seconds/batch
2026-05-12 15:25:17,804 - Epoch 29, Batch 1150, lr = 0.00004, final_loss = 3.9741, nll_loss = 3.8945, hneg_nll_loss = 4.0536, ivc_loss = 0.0507, neg_loss = 0.0037, hneg_loss = 0.0329, push_loss = 0.2957, pull_loss = 0.0005, 0.275 seconds/batch
2026-05-12 15:25:23,195 - Epoch 29, Batch 1170, lr = 0.00004, final_loss = 3.9974, nll_loss = 3.9245, hneg_nll_loss = 4.0702, ivc_loss = 0.0510, neg_loss = 0.0028, hneg_loss = 0.0342, push_loss = 0.2957, pull_loss = 0.0005, 0.274 seconds/batch
2026-05-12 15:25:23,327 - save model to ./checkpoints/activitynet/exp-activitynet_refact_2026-05-12_11-07-05/model-29.pt, num_updates 33930.
2026-05-12 15:27:30,207 - | Rank1,mIoU 0.3439 | Rank1,IoU@0.1 0.7846 | Rank1,IoU@0.3 0.4926 | Rank1,IoU@0.5 0.2937 | Rank5,mIoU 0.5582 | Rank5,IoU@0.1 0.9386 | Rank5,IoU@0.3 0.8096 | Rank5,IoU@0.5 0.6505 |
2026-05-12 15:27:30,208 - ============================================================
2026-05-12 15:27:30,208 - Start Epoch 30
2026-05-12 15:27:43,972 - Epoch 30, Batch 50, lr = 0.00004, final_loss = 3.9034, nll_loss = 3.8301, hneg_nll_loss = 3.9767, ivc_loss = 0.0524, neg_loss = 0.0021, hneg_loss = 0.0361, push_loss = 0.2957, pull_loss = 0.0005, 0.275 seconds/batch
2026-05-12 15:27:57,500 - Epoch 30, Batch 100, lr = 0.00004, final_loss = 3.9450, nll_loss = 3.8737, hneg_nll_loss = 4.0162, ivc_loss = 0.0563, neg_loss = 0.0026, hneg_loss = 0.0395, push_loss = 0.2955, pull_loss = 0.0005, 0.273 seconds/batch
2026-05-12 15:28:11,229 - Epoch 30, Batch 150, lr = 0.00004, final_loss = 3.9315, nll_loss = 3.8581, hneg_nll_loss = 4.0050, ivc_loss = 0.0515, neg_loss = 0.0023, hneg_loss = 0.0349, push_loss = 0.2960, pull_loss = 0.0005, 0.273 seconds/batch
2026-05-12 15:28:24,749 - Epoch 30, Batch 200, lr = 0.00004, final_loss = 3.9757, nll_loss = 3.9008, hneg_nll_loss = 4.0506, ivc_loss = 0.0516, neg_loss = 0.0025, hneg_loss = 0.0348, push_loss = 0.2964, pull_loss = 0.0005, 0.273 seconds/batch
2026-05-12 15:28:38,397 - Epoch 30, Batch 250, lr = 0.00004, final_loss = 3.9365, nll_loss = 3.8652, hneg_nll_loss = 4.0078, ivc_loss = 0.0533, neg_loss = 0.0026, hneg_loss = 0.0365, push_loss = 0.2960, pull_loss = 0.0005, 0.273 seconds/batch
2026-05-12 15:28:51,947 - Epoch 30, Batch 300, lr = 0.00004, final_loss = 3.9345, nll_loss = 3.8651, hneg_nll_loss = 4.0040, ivc_loss = 0.0569, neg_loss = 0.0026, hneg_loss = 0.0401, push_loss = 0.2958, pull_loss = 0.0005, 0.272 seconds/batch
2026-05-12 15:29:05,498 - Epoch 30, Batch 350, lr = 0.00004, final_loss = 3.9365, nll_loss = 3.8608, hneg_nll_loss = 4.0122, ivc_loss = 0.0489, neg_loss = 0.0022, hneg_loss = 0.0325, push_loss = 0.2960, pull_loss = 0.0005, 0.272 seconds/batch
2026-05-12 15:29:19,230 - Epoch 30, Batch 400, lr = 0.00004, final_loss = 3.9198, nll_loss = 3.8454, hneg_nll_loss = 3.9941, ivc_loss = 0.0515, neg_loss = 0.0025, hneg_loss = 0.0350, push_loss = 0.2952, pull_loss = 0.0005, 0.273 seconds/batch
2026-05-12 15:29:32,877 - Epoch 30, Batch 450, lr = 0.00004, final_loss = 3.9581, nll_loss = 3.8837, hneg_nll_loss = 4.0326, ivc_loss = 0.0525, neg_loss = 0.0029, hneg_loss = 0.0355, push_loss = 0.2958, pull_loss = 0.0005, 0.273 seconds/batch
2026-05-12 15:29:46,775 - Epoch 30, Batch 500, lr = 0.00004, final_loss = 3.9484, nll_loss = 3.8732, hneg_nll_loss = 4.0236, ivc_loss = 0.0525, neg_loss = 0.0029, hneg_loss = 0.0353, push_loss = 0.2963, pull_loss = 0.0005, 0.273 seconds/batch
2026-05-12 15:30:00,513 - Epoch 30, Batch 550, lr = 0.00004, final_loss = 3.9396, nll_loss = 3.8637, hneg_nll_loss = 4.0155, ivc_loss = 0.0517, neg_loss = 0.0036, hneg_loss = 0.0338, push_loss = 0.2963, pull_loss = 0.0005, 0.273 seconds/batch
2026-05-12 15:30:14,203 - Epoch 30, Batch 600, lr = 0.00004, final_loss = 3.9684, nll_loss = 3.8934, hneg_nll_loss = 4.0435, ivc_loss = 0.0472, neg_loss = 0.0018, hneg_loss = 0.0313, push_loss = 0.2959, pull_loss = 0.0005, 0.273 seconds/batch
2026-05-12 15:30:27,866 - Epoch 30, Batch 650, lr = 0.00004, final_loss = 3.9203, nll_loss = 3.8469, hneg_nll_loss = 3.9938, ivc_loss = 0.0521, neg_loss = 0.0031, hneg_loss = 0.0349, push_loss = 0.2952, pull_loss = 0.0005, 0.273 seconds/batch
2026-05-12 15:30:41,519 - Epoch 30, Batch 700, lr = 0.00004, final_loss = 3.9537, nll_loss = 3.8796, hneg_nll_loss = 4.0279, ivc_loss = 0.0556, neg_loss = 0.0028, hneg_loss = 0.0385, push_loss = 0.2964, pull_loss = 0.0005, 0.273 seconds/batch
2026-05-12 15:30:55,198 - Epoch 30, Batch 750, lr = 0.00004, final_loss = 3.9740, nll_loss = 3.8965, hneg_nll_loss = 4.0515, ivc_loss = 0.0510, neg_loss = 0.0025, hneg_loss = 0.0342, push_loss = 0.2968, pull_loss = 0.0005, 0.273 seconds/batch
2026-05-12 15:31:08,850 - Epoch 30, Batch 800, lr = 0.00004, final_loss = 3.9621, nll_loss = 3.8862, hneg_nll_loss = 4.0379, ivc_loss = 0.0528, neg_loss = 0.0030, hneg_loss = 0.0356, push_loss = 0.2962, pull_loss = 0.0005, 0.273 seconds/batch
2026-05-12 15:31:22,478 - Epoch 30, Batch 850, lr = 0.00004, final_loss = 3.9790, nll_loss = 3.9081, hneg_nll_loss = 4.0498, ivc_loss = 0.0550, neg_loss = 0.0032, hneg_loss = 0.0376, push_loss = 0.2965, pull_loss = 0.0005, 0.273 seconds/batch
2026-05-12 15:31:36,198 - Epoch 30, Batch 900, lr = 0.00004, final_loss = 3.9461, nll_loss = 3.8732, hneg_nll_loss = 4.0189, ivc_loss = 0.0561, neg_loss = 0.0042, hneg_loss = 0.0377, push_loss = 0.2965, pull_loss = 0.0005, 0.273 seconds/batch
2026-05-12 15:31:49,807 - Epoch 30, Batch 950, lr = 0.00004, final_loss = 3.9605, nll_loss = 3.8844, hneg_nll_loss = 4.0366, ivc_loss = 0.0515, neg_loss = 0.0031, hneg_loss = 0.0342, push_loss = 0.2958, pull_loss = 0.0005, 0.273 seconds/batch
2026-05-12 15:32:03,567 - Epoch 30, Batch 1000, lr = 0.00004, final_loss = 3.9685, nll_loss = 3.8892, hneg_nll_loss = 4.0477, ivc_loss = 0.0507, neg_loss = 0.0031, hneg_loss = 0.0335, push_loss = 0.2957, pull_loss = 0.0005, 0.273 seconds/batch
2026-05-12 15:32:17,201 - Epoch 30, Batch 1050, lr = 0.00004, final_loss = 3.9660, nll_loss = 3.8914, hneg_nll_loss = 4.0405, ivc_loss = 0.0512, neg_loss = 0.0022, hneg_loss = 0.0349, push_loss = 0.2959, pull_loss = 0.0005, 0.273 seconds/batch
2026-05-12 15:32:30,817 - Epoch 30, Batch 1100, lr = 0.00004, final_loss = 3.9298, nll_loss = 3.8541, hneg_nll_loss = 4.0054, ivc_loss = 0.0513, neg_loss = 0.0022, hneg_loss = 0.0350, push_loss = 0.2959, pull_loss = 0.0005, 0.273 seconds/batch
2026-05-12 15:32:44,490 - Epoch 30, Batch 1150, lr = 0.00004, final_loss = 3.9518, nll_loss = 3.8782, hneg_nll_loss = 4.0255, ivc_loss = 0.0540, neg_loss = 0.0036, hneg_loss = 0.0363, push_loss = 0.2958, pull_loss = 0.0005, 0.273 seconds/batch
2026-05-12 15:32:49,950 - Epoch 30, Batch 1170, lr = 0.00004, final_loss = 3.9402, nll_loss = 3.8662, hneg_nll_loss = 4.0142, ivc_loss = 0.0524, neg_loss = 0.0031, hneg_loss = 0.0352, push_loss = 0.2963, pull_loss = 0.0005, 0.273 seconds/batch
2026-05-12 15:32:50,094 - save model to ./checkpoints/activitynet/exp-activitynet_refact_2026-05-12_11-07-05/model-30.pt, num_updates 35100.
2026-05-12 15:34:57,034 - | Rank1,mIoU 0.3436 | Rank1,IoU@0.1 0.7951 | Rank1,IoU@0.3 0.4861 | Rank1,IoU@0.5 0.2872 | Rank5,mIoU 0.5510 | Rank5,IoU@0.1 0.9416 | Rank5,IoU@0.3 0.8018 | Rank5,IoU@0.5 0.6364 |
2026-05-12 15:34:57,035 - ============================================================
2026-05-12 15:34:58,389 - Ending time: 2026.05.12 15:34:58
2026-05-12 15:34:58,389 - Time taken: 4:27:52
