2026-04-19 11:39:58,330 - {'dataset': {'dataset': 'ActivityNet', 'feature_path': '/data/chenyuan/videogrounding/cpl-main/data/activitynet/sub_activitynet_v1-3.c3d.hdf5', 'vocab_size': 1111, 'word_dim': 300, 'frame_dim': 500, 'max_num_words': 40, 'max_num_frames': 200, 'target_stride': 1, 'train_data': 'data/activitynet/train_data.json', 'test_data': 'data/activitynet/test_data.json', 'val_data': 'data/activitynet/val_data.json', 'vocab_path': 'data/activitynet/glove.pkl'}, 'train': {'optimizer': {'lr': 0.0004, 'weight_decay': 0, 'warmup_updates': 400, 'warmup_init_lr': 1e-07}, 'batch_size': 32, 'max_num_epochs': 30, 'model_saved_path': 'checkpoints/activitynet_moe/cpl_moe'}, 'model': {'name': 'CPL_MoE', 'source': 'models', 'config': {'frames_input_size': 500, 'words_input_size': 300, 'hidden_size': 256, 'use_negative': True, 'num_props': 8, 'sigma': 9, 'gamma': 0.5, 'dropout': 0.1, 'DualTransformer': {'d_model': 256, 'num_heads': 4, 'num_decoder_layers1': 3, 'num_decoder_layers2': 3, 'dropout': 0.1}, 'MoE': {'use_moe': True, 'use_simple_moe': False, 'num_experts': 8, 'num_shared_experts': 2, 'top_k': 2, 'use_load_balance_loss': True, 'load_balance_weight': 0.01, 'use_2layer_gate': True}}}, 'loss': {'margin_1': 0.1, 'margin_2': 0.2, 'lambda': 0.116, 'alpha_1': 1, 'alpha_2': 5, 'use_width_reg': False, 'width_lambda': 0.05}, 'vote': True}
2026-04-19 11:39:58,699 - train: 37421 samples, test: 17031 samples
2026-04-19 11:40:00,304 - Start Epoch 1
2026-04-19 11:40:41,464 - Epoch 1, Batch 50, lr = 0.00005, final_loss = 6.8849, nll_loss = 6.8427, ref_nll_loss = 6.9271, ivc_loss = 1.3115, neg_loss_1 = 0.1101, neg_loss_2 = 0.1075, ref_loss = 0.0421, div_loss = 0.2104, 0.823 seconds/batch
2026-04-19 11:41:20,702 - Epoch 1, Batch 100, lr = 0.00010, final_loss = 6.0571, nll_loss = 6.0190, ref_nll_loss = 6.0952, ivc_loss = 0.3210, neg_loss_1 = 0.0661, neg_loss_2 = 0.0665, ref_loss = 0.0404, div_loss = 0.0296, 0.804 seconds/batch
2026-04-19 11:42:00,452 - Epoch 1, Batch 150, lr = 0.00015, final_loss = 5.6391, nll_loss = 5.6001, ref_nll_loss = 5.6782, ivc_loss = 0.2417, neg_loss_1 = 0.0685, neg_loss_2 = 0.0655, ref_loss = 0.0411, div_loss = 0.0133, 0.801 seconds/batch
2026-04-19 11:42:39,879 - Epoch 1, Batch 200, lr = 0.00020, final_loss = 5.4327, nll_loss = 5.3886, ref_nll_loss = 5.4768, ivc_loss = 0.2044, neg_loss_1 = 0.0605, neg_loss_2 = 0.0586, ref_loss = 0.0365, div_loss = 0.0098, 0.798 seconds/batch
2026-04-19 11:43:19,406 - Epoch 1, Batch 250, lr = 0.00025, final_loss = 5.3243, nll_loss = 5.2746, ref_nll_loss = 5.3739, ivc_loss = 0.1834, neg_loss_1 = 0.0545, neg_loss_2 = 0.0493, ref_loss = 0.0338, div_loss = 0.0092, 0.796 seconds/batch
2026-04-19 11:43:58,987 - Epoch 1, Batch 300, lr = 0.00030, final_loss = 5.2572, nll_loss = 5.2060, ref_nll_loss = 5.3084, ivc_loss = 0.1823, neg_loss_1 = 0.0529, neg_loss_2 = 0.0509, ref_loss = 0.0326, div_loss = 0.0092, 0.796 seconds/batch
2026-04-19 11:44:38,847 - Epoch 1, Batch 350, lr = 0.00035, final_loss = 5.1592, nll_loss = 5.1041, ref_nll_loss = 5.2143, ivc_loss = 0.1746, neg_loss_1 = 0.0532, neg_loss_2 = 0.0463, ref_loss = 0.0305, div_loss = 0.0089, 0.796 seconds/batch
2026-04-19 11:45:18,410 - Epoch 1, Batch 400, lr = 0.00040, final_loss = 5.0808, nll_loss = 5.0260, ref_nll_loss = 5.1357, ivc_loss = 0.1645, neg_loss_1 = 0.0443, neg_loss_2 = 0.0447, ref_loss = 0.0316, div_loss = 0.0088, 0.795 seconds/batch
2026-04-19 11:45:58,202 - Epoch 1, Batch 450, lr = 0.00038, final_loss = 5.0525, nll_loss = 4.9981, ref_nll_loss = 5.1069, ivc_loss = 0.1551, neg_loss_1 = 0.0408, neg_loss_2 = 0.0406, ref_loss = 0.0326, div_loss = 0.0082, 0.795 seconds/batch
2026-04-19 11:46:38,050 - Epoch 1, Batch 500, lr = 0.00036, final_loss = 4.9461, nll_loss = 4.8927, ref_nll_loss = 4.9995, ivc_loss = 0.1499, neg_loss_1 = 0.0365, neg_loss_2 = 0.0353, ref_loss = 0.0361, div_loss = 0.0084, 0.795 seconds/batch
2026-04-19 11:47:17,747 - Epoch 1, Batch 550, lr = 0.00034, final_loss = 4.8736, nll_loss = 4.8172, ref_nll_loss = 4.9300, ivc_loss = 0.1321, neg_loss_1 = 0.0268, neg_loss_2 = 0.0334, ref_loss = 0.0334, div_loss = 0.0077, 0.795 seconds/batch
2026-04-19 11:47:57,516 - Epoch 1, Batch 600, lr = 0.00033, final_loss = 4.8398, nll_loss = 4.7832, ref_nll_loss = 4.8964, ivc_loss = 0.1236, neg_loss_1 = 0.0245, neg_loss_2 = 0.0234, ref_loss = 0.0360, div_loss = 0.0079, 0.795 seconds/batch
2026-04-19 11:48:37,328 - Epoch 1, Batch 650, lr = 0.00031, final_loss = 4.8093, nll_loss = 4.7511, ref_nll_loss = 4.8675, ivc_loss = 0.1121, neg_loss_1 = 0.0187, neg_loss_2 = 0.0201, ref_loss = 0.0352, div_loss = 0.0076, 0.795 seconds/batch
2026-04-19 11:49:17,211 - Epoch 1, Batch 700, lr = 0.00030, final_loss = 4.7575, nll_loss = 4.6999, ref_nll_loss = 4.8150, ivc_loss = 0.1065, neg_loss_1 = 0.0143, neg_loss_2 = 0.0170, ref_loss = 0.0363, div_loss = 0.0078, 0.796 seconds/batch
2026-04-19 11:49:57,013 - Epoch 1, Batch 750, lr = 0.00029, final_loss = 4.7582, nll_loss = 4.7013, ref_nll_loss = 4.8150, ivc_loss = 0.0999, neg_loss_1 = 0.0113, neg_loss_2 = 0.0148, ref_loss = 0.0354, div_loss = 0.0077, 0.796 seconds/batch
2026-04-19 11:50:36,205 - Epoch 1, Batch 800, lr = 0.00028, final_loss = 4.6850, nll_loss = 4.6251, ref_nll_loss = 4.7450, ivc_loss = 0.0901, neg_loss_1 = 0.0088, neg_loss_2 = 0.0095, ref_loss = 0.0337, div_loss = 0.0076, 0.795 seconds/batch
2026-04-19 11:51:15,955 - Epoch 1, Batch 850, lr = 0.00027, final_loss = 4.6845, nll_loss = 4.6269, ref_nll_loss = 4.7420, ivc_loss = 0.0956, neg_loss_1 = 0.0091, neg_loss_2 = 0.0100, ref_loss = 0.0368, div_loss = 0.0080, 0.795 seconds/batch
2026-04-19 11:51:55,545 - Epoch 1, Batch 900, lr = 0.00027, final_loss = 4.6581, nll_loss = 4.5976, ref_nll_loss = 4.7186, ivc_loss = 0.0913, neg_loss_1 = 0.0083, neg_loss_2 = 0.0075, ref_loss = 0.0367, div_loss = 0.0078, 0.795 seconds/batch
2026-04-19 11:52:33,189 - Epoch 1, Batch 950, lr = 0.00026, final_loss = 4.6583, nll_loss = 4.6006, ref_nll_loss = 4.7161, ivc_loss = 0.0897, neg_loss_1 = 0.0065, neg_loss_2 = 0.0098, ref_loss = 0.0363, div_loss = 0.0074, 0.793 seconds/batch
2026-04-19 11:53:06,986 - Epoch 1, Batch 1000, lr = 0.00025, final_loss = 4.6217, nll_loss = 4.5609, ref_nll_loss = 4.6826, ivc_loss = 0.0850, neg_loss_1 = 0.0072, neg_loss_2 = 0.0064, ref_loss = 0.0343, div_loss = 0.0074, 0.787 seconds/batch
2026-04-19 11:53:40,406 - Epoch 1, Batch 1050, lr = 0.00025, final_loss = 4.6187, nll_loss = 4.5570, ref_nll_loss = 4.6805, ivc_loss = 0.0848, neg_loss_1 = 0.0055, neg_loss_2 = 0.0069, ref_loss = 0.0357, div_loss = 0.0074, 0.781 seconds/batch
2026-04-19 11:54:11,113 - Epoch 1, Batch 1100, lr = 0.00024, final_loss = 4.5630, nll_loss = 4.4994, ref_nll_loss = 4.6267, ivc_loss = 0.0787, neg_loss_1 = 0.0055, neg_loss_2 = 0.0048, ref_loss = 0.0324, div_loss = 0.0072, 0.773 seconds/batch
2026-04-19 11:54:36,998 - Epoch 1, Batch 1150, lr = 0.00024, final_loss = 4.5547, nll_loss = 4.4905, ref_nll_loss = 4.6189, ivc_loss = 0.0791, neg_loss_1 = 0.0061, neg_loss_2 = 0.0066, ref_loss = 0.0297, div_loss = 0.0073, 0.762 seconds/batch
2026-04-19 11:54:45,737 - Epoch 1, Batch 1170, lr = 0.00023, final_loss = 4.5310, nll_loss = 4.4716, ref_nll_loss = 4.5904, ivc_loss = 0.0845, neg_loss_1 = 0.0049, neg_loss_2 = 0.0055, ref_loss = 0.0369, div_loss = 0.0074, 0.757 seconds/batch
2026-04-19 11:54:45,813 - save model to checkpoints/activitynet_moe/cpl_moe/model-1.pt, num_updates 1170.
2026-04-19 11:58:12,315 - | R@1,mIoU 0.2317 | R@1,IoU@0.1 0.5565 | R@1,IoU@0.3 0.3991 | R@1,IoU@0.5 0.1433 | R@1,IoU@0.7 0.0392 | R@1,IoU@0.9 0.0035 | R@5,mIoU 0.5231 | R@5,IoU@0.1 0.9163 | R@5,IoU@0.3 0.7790 | R@5,IoU@0.5 0.5283 | R@5,IoU@0.7 0.3141 | R@5,IoU@0.9 0.0737 |
2026-04-19 11:58:12,385 - Best results have been updated.
2026-04-19 11:58:12,385 - ============================================================
2026-04-19 11:58:12,385 - Start Epoch 2
2026-04-19 11:58:52,058 - Epoch 2, Batch 50, lr = 0.00023, final_loss = 4.5172, nll_loss = 4.4544, ref_nll_loss = 4.5801, ivc_loss = 0.0914, neg_loss_1 = 0.0100, neg_loss_2 = 0.0108, ref_loss = 0.0326, div_loss = 0.0076, 0.793 seconds/batch
2026-04-19 11:59:31,923 - Epoch 2, Batch 100, lr = 0.00022, final_loss = 4.5091, nll_loss = 4.4468, ref_nll_loss = 4.5713, ivc_loss = 0.0891, neg_loss_1 = 0.0094, neg_loss_2 = 0.0092, ref_loss = 0.0336, div_loss = 0.0074, 0.795 seconds/batch
2026-04-19 12:00:11,750 - Epoch 2, Batch 150, lr = 0.00022, final_loss = 4.5253, nll_loss = 4.4645, ref_nll_loss = 4.5860, ivc_loss = 0.0874, neg_loss_1 = 0.0072, neg_loss_2 = 0.0070, ref_loss = 0.0345, div_loss = 0.0077, 0.796 seconds/batch
2026-04-19 12:00:51,142 - Epoch 2, Batch 200, lr = 0.00022, final_loss = 4.4773, nll_loss = 4.4176, ref_nll_loss = 4.5371, ivc_loss = 0.0875, neg_loss_1 = 0.0069, neg_loss_2 = 0.0073, ref_loss = 0.0363, div_loss = 0.0074, 0.794 seconds/batch
2026-04-19 12:01:30,918 - Epoch 2, Batch 250, lr = 0.00021, final_loss = 4.4828, nll_loss = 4.4191, ref_nll_loss = 4.5464, ivc_loss = 0.0825, neg_loss_1 = 0.0079, neg_loss_2 = 0.0069, ref_loss = 0.0318, div_loss = 0.0072, 0.794 seconds/batch
2026-04-19 12:02:10,990 - Epoch 2, Batch 300, lr = 0.00021, final_loss = 4.4681, nll_loss = 4.4072, ref_nll_loss = 4.5289, ivc_loss = 0.0835, neg_loss_1 = 0.0048, neg_loss_2 = 0.0058, ref_loss = 0.0354, div_loss = 0.0075, 0.795 seconds/batch
2026-04-19 12:02:50,873 - Epoch 2, Batch 350, lr = 0.00021, final_loss = 4.4875, nll_loss = 4.4252, ref_nll_loss = 4.5498, ivc_loss = 0.0802, neg_loss_1 = 0.0048, neg_loss_2 = 0.0073, ref_loss = 0.0324, div_loss = 0.0072, 0.796 seconds/batch
2026-04-19 12:03:30,680 - Epoch 2, Batch 400, lr = 0.00020, final_loss = 4.4679, nll_loss = 4.4014, ref_nll_loss = 4.5343, ivc_loss = 0.0754, neg_loss_1 = 0.0054, neg_loss_2 = 0.0050, ref_loss = 0.0298, div_loss = 0.0071, 0.796 seconds/batch
2026-04-19 12:04:10,380 - Epoch 2, Batch 450, lr = 0.00020, final_loss = 4.4379, nll_loss = 4.3746, ref_nll_loss = 4.5012, ivc_loss = 0.0844, neg_loss_1 = 0.0048, neg_loss_2 = 0.0063, ref_loss = 0.0341, div_loss = 0.0078, 0.796 seconds/batch
2026-04-19 12:04:50,683 - Epoch 2, Batch 500, lr = 0.00020, final_loss = 4.4312, nll_loss = 4.3684, ref_nll_loss = 4.4940, ivc_loss = 0.0793, neg_loss_1 = 0.0042, neg_loss_2 = 0.0057, ref_loss = 0.0330, div_loss = 0.0073, 0.797 seconds/batch
2026-04-19 12:05:30,488 - Epoch 2, Batch 550, lr = 0.00019, final_loss = 4.4145, nll_loss = 4.3495, ref_nll_loss = 4.4795, ivc_loss = 0.0826, neg_loss_1 = 0.0045, neg_loss_2 = 0.0078, ref_loss = 0.0325, div_loss = 0.0075, 0.797 seconds/batch
2026-04-19 12:06:10,217 - Epoch 2, Batch 600, lr = 0.00019, final_loss = 4.4142, nll_loss = 4.3479, ref_nll_loss = 4.4806, ivc_loss = 0.0764, neg_loss_1 = 0.0036, neg_loss_2 = 0.0055, ref_loss = 0.0320, div_loss = 0.0071, 0.796 seconds/batch
2026-04-19 12:06:50,205 - Epoch 2, Batch 650, lr = 0.00019, final_loss = 4.4058, nll_loss = 4.3429, ref_nll_loss = 4.4687, ivc_loss = 0.0789, neg_loss_1 = 0.0052, neg_loss_2 = 0.0060, ref_loss = 0.0318, div_loss = 0.0072, 0.797 seconds/batch
2026-04-19 12:07:30,263 - Epoch 2, Batch 700, lr = 0.00018, final_loss = 4.4007, nll_loss = 4.3364, ref_nll_loss = 4.4650, ivc_loss = 0.0800, neg_loss_1 = 0.0040, neg_loss_2 = 0.0060, ref_loss = 0.0321, div_loss = 0.0076, 0.797 seconds/batch
2026-04-19 12:08:10,270 - Epoch 2, Batch 750, lr = 0.00018, final_loss = 4.3791, nll_loss = 4.3122, ref_nll_loss = 4.4459, ivc_loss = 0.0756, neg_loss_1 = 0.0042, neg_loss_2 = 0.0044, ref_loss = 0.0307, div_loss = 0.0073, 0.797 seconds/batch
2026-04-19 12:08:50,027 - Epoch 2, Batch 800, lr = 0.00018, final_loss = 4.3710, nll_loss = 4.3045, ref_nll_loss = 4.4376, ivc_loss = 0.0771, neg_loss_1 = 0.0037, neg_loss_2 = 0.0055, ref_loss = 0.0322, div_loss = 0.0071, 0.797 seconds/batch
2026-04-19 12:09:30,086 - Epoch 2, Batch 850, lr = 0.00018, final_loss = 4.3935, nll_loss = 4.3292, ref_nll_loss = 4.4578, ivc_loss = 0.0815, neg_loss_1 = 0.0037, neg_loss_2 = 0.0079, ref_loss = 0.0323, div_loss = 0.0075, 0.797 seconds/batch
2026-04-19 12:10:09,903 - Epoch 2, Batch 900, lr = 0.00018, final_loss = 4.3757, nll_loss = 4.3086, ref_nll_loss = 4.4428, ivc_loss = 0.0801, neg_loss_1 = 0.0054, neg_loss_2 = 0.0085, ref_loss = 0.0293, div_loss = 0.0074, 0.797 seconds/batch
2026-04-19 12:10:46,753 - Epoch 2, Batch 950, lr = 0.00017, final_loss = 4.3783, nll_loss = 4.3130, ref_nll_loss = 4.4436, ivc_loss = 0.0787, neg_loss_1 = 0.0041, neg_loss_2 = 0.0070, ref_loss = 0.0314, div_loss = 0.0072, 0.794 seconds/batch
2026-04-19 12:11:20,639 - Epoch 2, Batch 1000, lr = 0.00017, final_loss = 4.3369, nll_loss = 4.2689, ref_nll_loss = 4.4049, ivc_loss = 0.0786, neg_loss_1 = 0.0043, neg_loss_2 = 0.0065, ref_loss = 0.0294, div_loss = 0.0077, 0.788 seconds/batch
2026-04-19 12:11:54,802 - Epoch 2, Batch 1050, lr = 0.00017, final_loss = 4.3809, nll_loss = 4.3170, ref_nll_loss = 4.4447, ivc_loss = 0.0823, neg_loss_1 = 0.0058, neg_loss_2 = 0.0054, ref_loss = 0.0339, div_loss = 0.0075, 0.783 seconds/batch
2026-04-19 12:12:26,070 - Epoch 2, Batch 1100, lr = 0.00017, final_loss = 4.3456, nll_loss = 4.2790, ref_nll_loss = 4.4121, ivc_loss = 0.0767, neg_loss_1 = 0.0032, neg_loss_2 = 0.0066, ref_loss = 0.0307, div_loss = 0.0073, 0.776 seconds/batch
2026-04-19 12:12:51,482 - Epoch 2, Batch 1150, lr = 0.00017, final_loss = 4.3430, nll_loss = 4.2766, ref_nll_loss = 4.4095, ivc_loss = 0.0766, neg_loss_1 = 0.0037, neg_loss_2 = 0.0057, ref_loss = 0.0310, div_loss = 0.0072, 0.764 seconds/batch
2026-04-19 12:12:59,847 - Epoch 2, Batch 1170, lr = 0.00017, final_loss = 4.3617, nll_loss = 4.2980, ref_nll_loss = 4.4254, ivc_loss = 0.0722, neg_loss_1 = 0.0016, neg_loss_2 = 0.0026, ref_loss = 0.0316, div_loss = 0.0073, 0.759 seconds/batch
2026-04-19 12:12:59,921 - save model to checkpoints/activitynet_moe/cpl_moe/model-2.pt, num_updates 2340.
2026-04-19 12:16:24,799 - | R@1,mIoU 0.2401 | R@1,IoU@0.1 0.5549 | R@1,IoU@0.3 0.4076 | R@1,IoU@0.5 0.1669 | R@1,IoU@0.7 0.0495 | R@1,IoU@0.9 0.0060 | R@5,mIoU 0.5260 | R@5,IoU@0.1 0.9216 | R@5,IoU@0.3 0.7808 | R@5,IoU@0.5 0.5326 | R@5,IoU@0.7 0.3144 | R@5,IoU@0.9 0.0743 |
2026-04-19 12:16:24,869 - Best results have been updated.
2026-04-19 12:16:24,869 - ============================================================
2026-04-19 12:16:24,869 - Start Epoch 3
2026-04-19 12:17:04,858 - Epoch 3, Batch 50, lr = 0.00016, final_loss = 4.3052, nll_loss = 4.2390, ref_nll_loss = 4.3713, ivc_loss = 0.0848, neg_loss_1 = 0.0063, neg_loss_2 = 0.0085, ref_loss = 0.0301, div_loss = 0.0080, 0.800 seconds/batch
2026-04-19 12:17:44,567 - Epoch 3, Batch 100, lr = 0.00016, final_loss = 4.3133, nll_loss = 4.2466, ref_nll_loss = 4.3799, ivc_loss = 0.0791, neg_loss_1 = 0.0053, neg_loss_2 = 0.0068, ref_loss = 0.0304, div_loss = 0.0073, 0.797 seconds/batch
2026-04-19 12:18:23,665 - Epoch 3, Batch 150, lr = 0.00016, final_loss = 4.3135, nll_loss = 4.2475, ref_nll_loss = 4.3795, ivc_loss = 0.0787, neg_loss_1 = 0.0051, neg_loss_2 = 0.0069, ref_loss = 0.0303, div_loss = 0.0073, 0.792 seconds/batch
2026-04-19 12:19:03,354 - Epoch 3, Batch 200, lr = 0.00016, final_loss = 4.2809, nll_loss = 4.2153, ref_nll_loss = 4.3466, ivc_loss = 0.0842, neg_loss_1 = 0.0057, neg_loss_2 = 0.0089, ref_loss = 0.0337, div_loss = 0.0072, 0.792 seconds/batch
2026-04-19 12:19:43,065 - Epoch 3, Batch 250, lr = 0.00016, final_loss = 4.2898, nll_loss = 4.2210, ref_nll_loss = 4.3587, ivc_loss = 0.0777, neg_loss_1 = 0.0054, neg_loss_2 = 0.0072, ref_loss = 0.0285, div_loss = 0.0073, 0.793 seconds/batch
2026-04-19 12:20:23,053 - Epoch 3, Batch 300, lr = 0.00016, final_loss = 4.3014, nll_loss = 4.2354, ref_nll_loss = 4.3673, ivc_loss = 0.0816, neg_loss_1 = 0.0055, neg_loss_2 = 0.0067, ref_loss = 0.0323, div_loss = 0.0074, 0.794 seconds/batch
2026-04-19 12:21:02,312 - Epoch 3, Batch 350, lr = 0.00015, final_loss = 4.3003, nll_loss = 4.2323, ref_nll_loss = 4.3682, ivc_loss = 0.0863, neg_loss_1 = 0.0064, neg_loss_2 = 0.0074, ref_loss = 0.0308, div_loss = 0.0083, 0.793 seconds/batch
2026-04-19 12:21:41,770 - Epoch 3, Batch 400, lr = 0.00015, final_loss = 4.2623, nll_loss = 4.1951, ref_nll_loss = 4.3295, ivc_loss = 0.0820, neg_loss_1 = 0.0064, neg_loss_2 = 0.0069, ref_loss = 0.0299, div_loss = 0.0078, 0.792 seconds/batch
2026-04-19 12:22:21,699 - Epoch 3, Batch 450, lr = 0.00015, final_loss = 4.2503, nll_loss = 4.1825, ref_nll_loss = 4.3180, ivc_loss = 0.0774, neg_loss_1 = 0.0049, neg_loss_2 = 0.0058, ref_loss = 0.0299, div_loss = 0.0074, 0.793 seconds/batch
2026-04-19 12:23:02,013 - Epoch 3, Batch 500, lr = 0.00015, final_loss = 4.2991, nll_loss = 4.2301, ref_nll_loss = 4.3680, ivc_loss = 0.0781, neg_loss_1 = 0.0038, neg_loss_2 = 0.0067, ref_loss = 0.0313, div_loss = 0.0073, 0.794 seconds/batch
2026-04-19 12:23:41,688 - Epoch 3, Batch 550, lr = 0.00015, final_loss = 4.2991, nll_loss = 4.2273, ref_nll_loss = 4.3708, ivc_loss = 0.0757, neg_loss_1 = 0.0053, neg_loss_2 = 0.0073, ref_loss = 0.0259, div_loss = 0.0074, 0.794 seconds/batch
2026-04-19 12:24:21,459 - Epoch 3, Batch 600, lr = 0.00015, final_loss = 4.2730, nll_loss = 4.2057, ref_nll_loss = 4.3402, ivc_loss = 0.0777, neg_loss_1 = 0.0059, neg_loss_2 = 0.0059, ref_loss = 0.0303, div_loss = 0.0071, 0.794 seconds/batch
2026-04-19 12:25:01,593 - Epoch 3, Batch 650, lr = 0.00015, final_loss = 4.2571, nll_loss = 4.1900, ref_nll_loss = 4.3241, ivc_loss = 0.0797, neg_loss_1 = 0.0048, neg_loss_2 = 0.0056, ref_loss = 0.0323, div_loss = 0.0074, 0.795 seconds/batch
2026-04-19 12:25:41,802 - Epoch 3, Batch 700, lr = 0.00015, final_loss = 4.2695, nll_loss = 4.2000, ref_nll_loss = 4.3391, ivc_loss = 0.0772, neg_loss_1 = 0.0059, neg_loss_2 = 0.0063, ref_loss = 0.0289, div_loss = 0.0072, 0.796 seconds/batch
2026-04-19 12:26:21,913 - Epoch 3, Batch 750, lr = 0.00014, final_loss = 4.3005, nll_loss = 4.2310, ref_nll_loss = 4.3699, ivc_loss = 0.0793, neg_loss_1 = 0.0061, neg_loss_2 = 0.0075, ref_loss = 0.0286, div_loss = 0.0074, 0.796 seconds/batch
2026-04-19 12:27:01,752 - Epoch 3, Batch 800, lr = 0.00014, final_loss = 4.2434, nll_loss = 4.1733, ref_nll_loss = 4.3135, ivc_loss = 0.0798, neg_loss_1 = 0.0075, neg_loss_2 = 0.0055, ref_loss = 0.0305, div_loss = 0.0073, 0.796 seconds/batch
2026-04-19 12:27:41,932 - Epoch 3, Batch 850, lr = 0.00014, final_loss = 4.2403, nll_loss = 4.1713, ref_nll_loss = 4.3093, ivc_loss = 0.0770, neg_loss_1 = 0.0039, neg_loss_2 = 0.0045, ref_loss = 0.0323, div_loss = 0.0073, 0.797 seconds/batch
2026-04-19 12:28:21,874 - Epoch 3, Batch 900, lr = 0.00014, final_loss = 4.2628, nll_loss = 4.1920, ref_nll_loss = 4.3335, ivc_loss = 0.0734, neg_loss_1 = 0.0041, neg_loss_2 = 0.0053, ref_loss = 0.0289, div_loss = 0.0070, 0.797 seconds/batch
2026-04-19 12:28:58,286 - Epoch 3, Batch 950, lr = 0.00014, final_loss = 4.2556, nll_loss = 4.1848, ref_nll_loss = 4.3264, ivc_loss = 0.0762, neg_loss_1 = 0.0046, neg_loss_2 = 0.0053, ref_loss = 0.0299, div_loss = 0.0073, 0.793 seconds/batch
2026-04-19 12:29:32,313 - Epoch 3, Batch 1000, lr = 0.00014, final_loss = 4.2281, nll_loss = 4.1595, ref_nll_loss = 4.2968, ivc_loss = 0.0742, neg_loss_1 = 0.0043, neg_loss_2 = 0.0036, ref_loss = 0.0305, div_loss = 0.0072, 0.787 seconds/batch
2026-04-19 12:30:06,263 - Epoch 3, Batch 1050, lr = 0.00014, final_loss = 4.2273, nll_loss = 4.1606, ref_nll_loss = 4.2940, ivc_loss = 0.0779, neg_loss_1 = 0.0036, neg_loss_2 = 0.0067, ref_loss = 0.0309, div_loss = 0.0074, 0.782 seconds/batch
2026-04-19 12:30:38,488 - Epoch 3, Batch 1100, lr = 0.00014, final_loss = 4.2331, nll_loss = 4.1616, ref_nll_loss = 4.3047, ivc_loss = 0.0739, neg_loss_1 = 0.0041, neg_loss_2 = 0.0040, ref_loss = 0.0288, div_loss = 0.0074, 0.776 seconds/batch
2026-04-19 12:31:04,205 - Epoch 3, Batch 1150, lr = 0.00014, final_loss = 4.2507, nll_loss = 4.1793, ref_nll_loss = 4.3220, ivc_loss = 0.0763, neg_loss_1 = 0.0043, neg_loss_2 = 0.0062, ref_loss = 0.0300, div_loss = 0.0072, 0.765 seconds/batch
2026-04-19 12:31:12,783 - Epoch 3, Batch 1170, lr = 0.00014, final_loss = 4.2248, nll_loss = 4.1511, ref_nll_loss = 4.2985, ivc_loss = 0.0721, neg_loss_1 = 0.0044, neg_loss_2 = 0.0039, ref_loss = 0.0271, div_loss = 0.0074, 0.759 seconds/batch
2026-04-19 12:31:12,856 - save model to checkpoints/activitynet_moe/cpl_moe/model-3.pt, num_updates 3510.
2026-04-19 12:34:37,029 - | R@1,mIoU 0.2791 | R@1,IoU@0.1 0.6643 | R@1,IoU@0.3 0.4644 | R@1,IoU@0.5 0.1912 | R@1,IoU@0.7 0.0556 | R@1,IoU@0.9 0.0026 | R@5,mIoU 0.5278 | R@5,IoU@0.1 0.9247 | R@5,IoU@0.3 0.7818 | R@5,IoU@0.5 0.5328 | R@5,IoU@0.7 0.3191 | R@5,IoU@0.9 0.0762 |
2026-04-19 12:34:37,099 - Best results have been updated.
2026-04-19 12:34:37,100 - ============================================================
2026-04-19 12:34:37,100 - Start Epoch 4
2026-04-19 12:35:17,397 - Epoch 4, Batch 50, lr = 0.00013, final_loss = 4.1874, nll_loss = 4.1170, ref_nll_loss = 4.2578, ivc_loss = 0.0814, neg_loss_1 = 0.0063, neg_loss_2 = 0.0074, ref_loss = 0.0291, div_loss = 0.0077, 0.806 seconds/batch
2026-04-19 12:35:57,566 - Epoch 4, Batch 100, lr = 0.00013, final_loss = 4.1728, nll_loss = 4.1003, ref_nll_loss = 4.2453, ivc_loss = 0.0823, neg_loss_1 = 0.0064, neg_loss_2 = 0.0110, ref_loss = 0.0278, div_loss = 0.0074, 0.805 seconds/batch
2026-04-19 12:36:37,441 - Epoch 4, Batch 150, lr = 0.00013, final_loss = 4.2150, nll_loss = 4.1445, ref_nll_loss = 4.2855, ivc_loss = 0.0840, neg_loss_1 = 0.0065, neg_loss_2 = 0.0085, ref_loss = 0.0313, div_loss = 0.0075, 0.802 seconds/batch
2026-04-19 12:37:17,071 - Epoch 4, Batch 200, lr = 0.00013, final_loss = 4.2142, nll_loss = 4.1489, ref_nll_loss = 4.2794, ivc_loss = 0.0827, neg_loss_1 = 0.0059, neg_loss_2 = 0.0076, ref_loss = 0.0319, div_loss = 0.0075, 0.800 seconds/batch
2026-04-19 12:37:56,629 - Epoch 4, Batch 250, lr = 0.00013, final_loss = 4.1780, nll_loss = 4.1088, ref_nll_loss = 4.2472, ivc_loss = 0.0798, neg_loss_1 = 0.0058, neg_loss_2 = 0.0074, ref_loss = 0.0302, div_loss = 0.0073, 0.798 seconds/batch
2026-04-19 12:38:36,444 - Epoch 4, Batch 300, lr = 0.00013, final_loss = 4.2176, nll_loss = 4.1500, ref_nll_loss = 4.2852, ivc_loss = 0.0813, neg_loss_1 = 0.0059, neg_loss_2 = 0.0093, ref_loss = 0.0299, div_loss = 0.0072, 0.798 seconds/batch
2026-04-19 12:39:16,160 - Epoch 4, Batch 350, lr = 0.00013, final_loss = 4.2047, nll_loss = 4.1318, ref_nll_loss = 4.2776, ivc_loss = 0.0803, neg_loss_1 = 0.0080, neg_loss_2 = 0.0093, ref_loss = 0.0261, div_loss = 0.0074, 0.797 seconds/batch
2026-04-19 12:39:55,986 - Epoch 4, Batch 400, lr = 0.00013, final_loss = 4.1791, nll_loss = 4.1104, ref_nll_loss = 4.2478, ivc_loss = 0.0830, neg_loss_1 = 0.0069, neg_loss_2 = 0.0096, ref_loss = 0.0296, div_loss = 0.0074, 0.797 seconds/batch
2026-04-19 12:40:35,764 - Epoch 4, Batch 450, lr = 0.00013, final_loss = 4.1649, nll_loss = 4.0928, ref_nll_loss = 4.2369, ivc_loss = 0.0815, neg_loss_1 = 0.0053, neg_loss_2 = 0.0054, ref_loss = 0.0319, div_loss = 0.0078, 0.797 seconds/batch
2026-04-19 12:41:15,513 - Epoch 4, Batch 500, lr = 0.00013, final_loss = 4.1668, nll_loss = 4.0924, ref_nll_loss = 4.2412, ivc_loss = 0.0786, neg_loss_1 = 0.0056, neg_loss_2 = 0.0086, ref_loss = 0.0272, div_loss = 0.0075, 0.797 seconds/batch
2026-04-19 12:41:55,420 - Epoch 4, Batch 550, lr = 0.00013, final_loss = 4.2027, nll_loss = 4.1292, ref_nll_loss = 4.2762, ivc_loss = 0.0796, neg_loss_1 = 0.0055, neg_loss_2 = 0.0088, ref_loss = 0.0278, div_loss = 0.0075, 0.797 seconds/batch
2026-04-19 12:42:35,352 - Epoch 4, Batch 600, lr = 0.00012, final_loss = 4.1955, nll_loss = 4.1293, ref_nll_loss = 4.2618, ivc_loss = 0.0845, neg_loss_1 = 0.0061, neg_loss_2 = 0.0080, ref_loss = 0.0326, div_loss = 0.0076, 0.797 seconds/batch
2026-04-19 12:43:15,097 - Epoch 4, Batch 650, lr = 0.00012, final_loss = 4.2049, nll_loss = 4.1360, ref_nll_loss = 4.2737, ivc_loss = 0.0837, neg_loss_1 = 0.0075, neg_loss_2 = 0.0071, ref_loss = 0.0308, div_loss = 0.0077, 0.797 seconds/batch
2026-04-19 12:43:55,084 - Epoch 4, Batch 700, lr = 0.00012, final_loss = 4.1766, nll_loss = 4.1049, ref_nll_loss = 4.2484, ivc_loss = 0.0789, neg_loss_1 = 0.0056, neg_loss_2 = 0.0072, ref_loss = 0.0268, div_loss = 0.0078, 0.797 seconds/batch
2026-04-19 12:44:34,570 - Epoch 4, Batch 750, lr = 0.00012, final_loss = 4.1973, nll_loss = 4.1238, ref_nll_loss = 4.2707, ivc_loss = 0.0788, neg_loss_1 = 0.0064, neg_loss_2 = 0.0064, ref_loss = 0.0294, div_loss = 0.0073, 0.797 seconds/batch
2026-04-19 12:45:13,973 - Epoch 4, Batch 800, lr = 0.00012, final_loss = 4.1807, nll_loss = 4.1104, ref_nll_loss = 4.2510, ivc_loss = 0.0824, neg_loss_1 = 0.0057, neg_loss_2 = 0.0075, ref_loss = 0.0302, div_loss = 0.0078, 0.796 seconds/batch
2026-04-19 12:45:53,636 - Epoch 4, Batch 850, lr = 0.00012, final_loss = 4.1955, nll_loss = 4.1270, ref_nll_loss = 4.2641, ivc_loss = 0.0806, neg_loss_1 = 0.0067, neg_loss_2 = 0.0075, ref_loss = 0.0287, div_loss = 0.0075, 0.796 seconds/batch
2026-04-19 12:46:33,515 - Epoch 4, Batch 900, lr = 0.00012, final_loss = 4.1848, nll_loss = 4.1136, ref_nll_loss = 4.2559, ivc_loss = 0.0795, neg_loss_1 = 0.0050, neg_loss_2 = 0.0079, ref_loss = 0.0297, div_loss = 0.0074, 0.796 seconds/batch
2026-04-19 12:47:09,696 - Epoch 4, Batch 950, lr = 0.00012, final_loss = 4.1914, nll_loss = 4.1150, ref_nll_loss = 4.2677, ivc_loss = 0.0798, neg_loss_1 = 0.0056, neg_loss_2 = 0.0089, ref_loss = 0.0264, div_loss = 0.0078, 0.792 seconds/batch
2026-04-19 12:47:43,529 - Epoch 4, Batch 1000, lr = 0.00012, final_loss = 4.1897, nll_loss = 4.1189, ref_nll_loss = 4.2605, ivc_loss = 0.0873, neg_loss_1 = 0.0050, neg_loss_2 = 0.0086, ref_loss = 0.0312, div_loss = 0.0085, 0.786 seconds/batch
2026-04-19 12:48:17,663 - Epoch 4, Batch 1050, lr = 0.00012, final_loss = 4.1918, nll_loss = 4.1200, ref_nll_loss = 4.2635, ivc_loss = 0.0825, neg_loss_1 = 0.0067, neg_loss_2 = 0.0098, ref_loss = 0.0283, div_loss = 0.0075, 0.781 seconds/batch
2026-04-19 12:48:50,905 - Epoch 4, Batch 1100, lr = 0.00012, final_loss = 4.1817, nll_loss = 4.1119, ref_nll_loss = 4.2516, ivc_loss = 0.0774, neg_loss_1 = 0.0047, neg_loss_2 = 0.0072, ref_loss = 0.0287, div_loss = 0.0074, 0.776 seconds/batch
2026-04-19 12:49:16,785 - Epoch 4, Batch 1150, lr = 0.00012, final_loss = 4.1613, nll_loss = 4.0889, ref_nll_loss = 4.2337, ivc_loss = 0.0771, neg_loss_1 = 0.0051, neg_loss_2 = 0.0058, ref_loss = 0.0284, div_loss = 0.0075, 0.765 seconds/batch
2026-04-19 12:49:25,409 - Epoch 4, Batch 1170, lr = 0.00012, final_loss = 4.1776, nll_loss = 4.1110, ref_nll_loss = 4.2442, ivc_loss = 0.0789, neg_loss_1 = 0.0040, neg_loss_2 = 0.0074, ref_loss = 0.0320, div_loss = 0.0071, 0.759 seconds/batch
2026-04-19 12:49:25,485 - save model to checkpoints/activitynet_moe/cpl_moe/model-4.pt, num_updates 4680.
2026-04-19 12:52:48,342 - | R@1,mIoU 0.2895 | R@1,IoU@0.1 0.6964 | R@1,IoU@0.3 0.4911 | R@1,IoU@0.5 0.1929 | R@1,IoU@0.7 0.0534 | R@1,IoU@0.9 0.0033 | R@5,mIoU 0.5251 | R@5,IoU@0.1 0.9220 | R@5,IoU@0.3 0.7812 | R@5,IoU@0.5 0.5277 | R@5,IoU@0.7 0.3160 | R@5,IoU@0.9 0.0749 |
2026-04-19 12:52:48,418 - Best results have been updated.
2026-04-19 12:52:48,418 - ============================================================
2026-04-19 12:52:48,418 - Start Epoch 5
2026-04-19 12:53:28,605 - Epoch 5, Batch 50, lr = 0.00012, final_loss = 4.1298, nll_loss = 4.0570, ref_nll_loss = 4.2025, ivc_loss = 0.0793, neg_loss_1 = 0.0063, neg_loss_2 = 0.0065, ref_loss = 0.0290, div_loss = 0.0075, 0.804 seconds/batch
2026-04-19 12:54:08,466 - Epoch 5, Batch 100, lr = 0.00012, final_loss = 4.1241, nll_loss = 4.0522, ref_nll_loss = 4.1960, ivc_loss = 0.0828, neg_loss_1 = 0.0085, neg_loss_2 = 0.0071, ref_loss = 0.0293, div_loss = 0.0076, 0.800 seconds/batch
2026-04-19 12:54:48,447 - Epoch 5, Batch 150, lr = 0.00012, final_loss = 4.1230, nll_loss = 4.0480, ref_nll_loss = 4.1980, ivc_loss = 0.0824, neg_loss_1 = 0.0068, neg_loss_2 = 0.0087, ref_loss = 0.0298, div_loss = 0.0074, 0.800 seconds/batch
2026-04-19 12:55:28,211 - Epoch 5, Batch 200, lr = 0.00011, final_loss = 4.1304, nll_loss = 4.0577, ref_nll_loss = 4.2030, ivc_loss = 0.0827, neg_loss_1 = 0.0076, neg_loss_2 = 0.0103, ref_loss = 0.0269, div_loss = 0.0076, 0.799 seconds/batch
2026-04-19 12:56:07,892 - Epoch 5, Batch 250, lr = 0.00011, final_loss = 4.1410, nll_loss = 4.0703, ref_nll_loss = 4.2118, ivc_loss = 0.0820, neg_loss_1 = 0.0059, neg_loss_2 = 0.0085, ref_loss = 0.0307, div_loss = 0.0074, 0.798 seconds/batch
2026-04-19 12:56:47,766 - Epoch 5, Batch 300, lr = 0.00011, final_loss = 4.1404, nll_loss = 4.0700, ref_nll_loss = 4.2107, ivc_loss = 0.0837, neg_loss_1 = 0.0077, neg_loss_2 = 0.0078, ref_loss = 0.0297, div_loss = 0.0077, 0.798 seconds/batch
2026-04-19 12:57:27,363 - Epoch 5, Batch 350, lr = 0.00011, final_loss = 4.1704, nll_loss = 4.1023, ref_nll_loss = 4.2385, ivc_loss = 0.0811, neg_loss_1 = 0.0053, neg_loss_2 = 0.0091, ref_loss = 0.0307, div_loss = 0.0072, 0.797 seconds/batch
2026-04-19 12:58:07,021 - Epoch 5, Batch 400, lr = 0.00011, final_loss = 4.1278, nll_loss = 4.0556, ref_nll_loss = 4.1999, ivc_loss = 0.0798, neg_loss_1 = 0.0057, neg_loss_2 = 0.0086, ref_loss = 0.0264, div_loss = 0.0078, 0.797 seconds/batch
2026-04-19 12:58:47,183 - Epoch 5, Batch 450, lr = 0.00011, final_loss = 4.1376, nll_loss = 4.0651, ref_nll_loss = 4.2100, ivc_loss = 0.0836, neg_loss_1 = 0.0072, neg_loss_2 = 0.0083, ref_loss = 0.0295, div_loss = 0.0077, 0.797 seconds/batch
2026-04-19 12:59:26,997 - Epoch 5, Batch 500, lr = 0.00011, final_loss = 4.1162, nll_loss = 4.0431, ref_nll_loss = 4.1893, ivc_loss = 0.0816, neg_loss_1 = 0.0066, neg_loss_2 = 0.0081, ref_loss = 0.0296, div_loss = 0.0075, 0.797 seconds/batch
2026-04-19 13:00:06,913 - Epoch 5, Batch 550, lr = 0.00011, final_loss = 4.1375, nll_loss = 4.0640, ref_nll_loss = 4.2110, ivc_loss = 0.0793, neg_loss_1 = 0.0059, neg_loss_2 = 0.0077, ref_loss = 0.0295, div_loss = 0.0072, 0.797 seconds/batch
2026-04-19 13:00:46,886 - Epoch 5, Batch 600, lr = 0.00011, final_loss = 4.1536, nll_loss = 4.0816, ref_nll_loss = 4.2256, ivc_loss = 0.0819, neg_loss_1 = 0.0071, neg_loss_2 = 0.0071, ref_loss = 0.0308, div_loss = 0.0074, 0.797 seconds/batch
2026-04-19 13:01:26,901 - Epoch 5, Batch 650, lr = 0.00011, final_loss = 4.1458, nll_loss = 4.0734, ref_nll_loss = 4.2183, ivc_loss = 0.0812, neg_loss_1 = 0.0057, neg_loss_2 = 0.0082, ref_loss = 0.0298, div_loss = 0.0075, 0.798 seconds/batch
2026-04-19 13:02:07,027 - Epoch 5, Batch 700, lr = 0.00011, final_loss = 4.1410, nll_loss = 4.0688, ref_nll_loss = 4.2132, ivc_loss = 0.0831, neg_loss_1 = 0.0070, neg_loss_2 = 0.0083, ref_loss = 0.0296, div_loss = 0.0076, 0.798 seconds/batch
2026-04-19 13:02:46,857 - Epoch 5, Batch 750, lr = 0.00011, final_loss = 4.1025, nll_loss = 4.0300, ref_nll_loss = 4.1751, ivc_loss = 0.0835, neg_loss_1 = 0.0076, neg_loss_2 = 0.0078, ref_loss = 0.0292, div_loss = 0.0078, 0.798 seconds/batch
2026-04-19 13:03:26,570 - Epoch 5, Batch 800, lr = 0.00011, final_loss = 4.1352, nll_loss = 4.0593, ref_nll_loss = 4.2111, ivc_loss = 0.0835, neg_loss_1 = 0.0073, neg_loss_2 = 0.0118, ref_loss = 0.0276, div_loss = 0.0074, 0.798 seconds/batch
2026-04-19 13:04:05,927 - Epoch 5, Batch 850, lr = 0.00011, final_loss = 4.1330, nll_loss = 4.0591, ref_nll_loss = 4.2068, ivc_loss = 0.0788, neg_loss_1 = 0.0054, neg_loss_2 = 0.0088, ref_loss = 0.0277, div_loss = 0.0074, 0.797 seconds/batch
2026-04-19 13:04:45,578 - Epoch 5, Batch 900, lr = 0.00011, final_loss = 4.1147, nll_loss = 4.0412, ref_nll_loss = 4.1882, ivc_loss = 0.0851, neg_loss_1 = 0.0089, neg_loss_2 = 0.0090, ref_loss = 0.0298, div_loss = 0.0075, 0.797 seconds/batch
2026-04-19 13:05:22,289 - Epoch 5, Batch 950, lr = 0.00011, final_loss = 4.1039, nll_loss = 4.0296, ref_nll_loss = 4.1783, ivc_loss = 0.0833, neg_loss_1 = 0.0083, neg_loss_2 = 0.0092, ref_loss = 0.0294, div_loss = 0.0073, 0.794 seconds/batch
2026-04-19 13:05:56,273 - Epoch 5, Batch 1000, lr = 0.00011, final_loss = 4.1491, nll_loss = 4.0770, ref_nll_loss = 4.2213, ivc_loss = 0.0827, neg_loss_1 = 0.0068, neg_loss_2 = 0.0095, ref_loss = 0.0284, div_loss = 0.0076, 0.788 seconds/batch
2026-04-19 13:06:30,155 - Epoch 5, Batch 1050, lr = 0.00011, final_loss = 4.1299, nll_loss = 4.0555, ref_nll_loss = 4.2043, ivc_loss = 0.0830, neg_loss_1 = 0.0082, neg_loss_2 = 0.0094, ref_loss = 0.0281, div_loss = 0.0074, 0.783 seconds/batch
2026-04-19 13:07:04,388 - Epoch 5, Batch 1100, lr = 0.00011, final_loss = 4.1165, nll_loss = 4.0442, ref_nll_loss = 4.1888, ivc_loss = 0.0839, neg_loss_1 = 0.0059, neg_loss_2 = 0.0092, ref_loss = 0.0311, div_loss = 0.0075, 0.778 seconds/batch
2026-04-19 13:07:31,199 - Epoch 5, Batch 1150, lr = 0.00010, final_loss = 4.1036, nll_loss = 4.0298, ref_nll_loss = 4.1774, ivc_loss = 0.0806, neg_loss_1 = 0.0064, neg_loss_2 = 0.0100, ref_loss = 0.0270, div_loss = 0.0074, 0.768 seconds/batch
2026-04-19 13:07:39,835 - Epoch 5, Batch 1170, lr = 0.00010, final_loss = 4.1491, nll_loss = 4.0766, ref_nll_loss = 4.2215, ivc_loss = 0.0821, neg_loss_1 = 0.0061, neg_loss_2 = 0.0098, ref_loss = 0.0296, div_loss = 0.0073, 0.762 seconds/batch
2026-04-19 13:07:39,914 - save model to checkpoints/activitynet_moe/cpl_moe/model-5.pt, num_updates 5850.
2026-04-19 13:11:03,978 - | R@1,mIoU 0.2921 | R@1,IoU@0.1 0.6890 | R@1,IoU@0.3 0.4974 | R@1,IoU@0.5 0.2011 | R@1,IoU@0.7 0.0602 | R@1,IoU@0.9 0.0056 | R@5,mIoU 0.5261 | R@5,IoU@0.1 0.9201 | R@5,IoU@0.3 0.7804 | R@5,IoU@0.5 0.5311 | R@5,IoU@0.7 0.3184 | R@5,IoU@0.9 0.0758 |
2026-04-19 13:11:04,048 - Best results have been updated.
2026-04-19 13:11:04,048 - ============================================================
2026-04-19 13:11:04,048 - Start Epoch 6
2026-04-19 13:11:44,706 - Epoch 6, Batch 50, lr = 0.00010, final_loss = 4.0693, nll_loss = 3.9971, ref_nll_loss = 4.1415, ivc_loss = 0.0833, neg_loss_1 = 0.0093, neg_loss_2 = 0.0075, ref_loss = 0.0295, div_loss = 0.0074, 0.813 seconds/batch
2026-04-19 13:12:24,658 - Epoch 6, Batch 100, lr = 0.00010, final_loss = 4.0780, nll_loss = 4.0054, ref_nll_loss = 4.1506, ivc_loss = 0.0851, neg_loss_1 = 0.0089, neg_loss_2 = 0.0105, ref_loss = 0.0291, div_loss = 0.0073, 0.806 seconds/batch
2026-04-19 13:13:04,195 - Epoch 6, Batch 150, lr = 0.00010, final_loss = 4.0845, nll_loss = 4.0109, ref_nll_loss = 4.1581, ivc_loss = 0.0835, neg_loss_1 = 0.0087, neg_loss_2 = 0.0078, ref_loss = 0.0293, div_loss = 0.0075, 0.801 seconds/batch
2026-04-19 13:13:43,956 - Epoch 6, Batch 200, lr = 0.00010, final_loss = 4.0915, nll_loss = 4.0170, ref_nll_loss = 4.1661, ivc_loss = 0.0876, neg_loss_1 = 0.0091, neg_loss_2 = 0.0104, ref_loss = 0.0303, div_loss = 0.0076, 0.800 seconds/batch
2026-04-19 13:14:24,020 - Epoch 6, Batch 250, lr = 0.00010, final_loss = 4.0804, nll_loss = 4.0096, ref_nll_loss = 4.1511, ivc_loss = 0.0861, neg_loss_1 = 0.0078, neg_loss_2 = 0.0096, ref_loss = 0.0315, div_loss = 0.0074, 0.800 seconds/batch
2026-04-19 13:15:03,669 - Epoch 6, Batch 300, lr = 0.00010, final_loss = 4.0938, nll_loss = 4.0185, ref_nll_loss = 4.1691, ivc_loss = 0.0844, neg_loss_1 = 0.0085, neg_loss_2 = 0.0118, ref_loss = 0.0274, div_loss = 0.0073, 0.799 seconds/batch
2026-04-19 13:15:43,628 - Epoch 6, Batch 350, lr = 0.00010, final_loss = 4.0981, nll_loss = 4.0269, ref_nll_loss = 4.1694, ivc_loss = 0.0838, neg_loss_1 = 0.0074, neg_loss_2 = 0.0099, ref_loss = 0.0301, div_loss = 0.0073, 0.799 seconds/batch
2026-04-19 13:16:23,259 - Epoch 6, Batch 400, lr = 0.00010, final_loss = 4.0526, nll_loss = 3.9790, ref_nll_loss = 4.1261, ivc_loss = 0.0820, neg_loss_1 = 0.0067, neg_loss_2 = 0.0104, ref_loss = 0.0284, div_loss = 0.0073, 0.798 seconds/batch
2026-04-19 13:17:03,279 - Epoch 6, Batch 450, lr = 0.00010, final_loss = 4.0871, nll_loss = 4.0089, ref_nll_loss = 4.1653, ivc_loss = 0.0801, neg_loss_1 = 0.0069, neg_loss_2 = 0.0082, ref_loss = 0.0269, div_loss = 0.0076, 0.798 seconds/batch
2026-04-19 13:17:43,323 - Epoch 6, Batch 500, lr = 0.00010, final_loss = 4.1004, nll_loss = 4.0245, ref_nll_loss = 4.1763, ivc_loss = 0.0853, neg_loss_1 = 0.0080, neg_loss_2 = 0.0108, ref_loss = 0.0270, div_loss = 0.0079, 0.799 seconds/batch
2026-04-19 13:18:23,251 - Epoch 6, Batch 550, lr = 0.00010, final_loss = 4.0753, nll_loss = 4.0004, ref_nll_loss = 4.1501, ivc_loss = 0.0845, neg_loss_1 = 0.0083, neg_loss_2 = 0.0105, ref_loss = 0.0283, div_loss = 0.0075, 0.799 seconds/batch
2026-04-19 13:19:02,958 - Epoch 6, Batch 600, lr = 0.00010, final_loss = 4.0786, nll_loss = 4.0028, ref_nll_loss = 4.1545, ivc_loss = 0.0810, neg_loss_1 = 0.0065, neg_loss_2 = 0.0080, ref_loss = 0.0286, div_loss = 0.0076, 0.798 seconds/batch
2026-04-19 13:19:42,660 - Epoch 6, Batch 650, lr = 0.00010, final_loss = 4.0990, nll_loss = 4.0223, ref_nll_loss = 4.1757, ivc_loss = 0.0827, neg_loss_1 = 0.0074, neg_loss_2 = 0.0093, ref_loss = 0.0269, div_loss = 0.0078, 0.798 seconds/batch
2026-04-19 13:20:22,158 - Epoch 6, Batch 700, lr = 0.00010, final_loss = 4.0606, nll_loss = 3.9859, ref_nll_loss = 4.1352, ivc_loss = 0.0848, neg_loss_1 = 0.0064, neg_loss_2 = 0.0104, ref_loss = 0.0291, div_loss = 0.0078, 0.797 seconds/batch
2026-04-19 13:21:02,075 - Epoch 6, Batch 750, lr = 0.00010, final_loss = 4.0960, nll_loss = 4.0198, ref_nll_loss = 4.1722, ivc_loss = 0.0850, neg_loss_1 = 0.0084, neg_loss_2 = 0.0095, ref_loss = 0.0283, div_loss = 0.0078, 0.797 seconds/batch
2026-04-19 13:21:41,790 - Epoch 6, Batch 800, lr = 0.00010, final_loss = 4.0718, nll_loss = 3.9971, ref_nll_loss = 4.1466, ivc_loss = 0.0870, neg_loss_1 = 0.0090, neg_loss_2 = 0.0092, ref_loss = 0.0304, div_loss = 0.0077, 0.797 seconds/batch
2026-04-19 13:22:21,224 - Epoch 6, Batch 850, lr = 0.00010, final_loss = 4.0922, nll_loss = 4.0211, ref_nll_loss = 4.1633, ivc_loss = 0.0852, neg_loss_1 = 0.0062, neg_loss_2 = 0.0088, ref_loss = 0.0321, div_loss = 0.0076, 0.797 seconds/batch
2026-04-19 13:23:00,689 - Epoch 6, Batch 900, lr = 0.00010, final_loss = 4.0634, nll_loss = 3.9898, ref_nll_loss = 4.1370, ivc_loss = 0.0793, neg_loss_1 = 0.0064, neg_loss_2 = 0.0059, ref_loss = 0.0297, div_loss = 0.0075, 0.796 seconds/batch
2026-04-19 13:23:36,041 - Epoch 6, Batch 950, lr = 0.00010, final_loss = 4.0837, nll_loss = 4.0104, ref_nll_loss = 4.1569, ivc_loss = 0.0822, neg_loss_1 = 0.0084, neg_loss_2 = 0.0056, ref_loss = 0.0298, div_loss = 0.0077, 0.792 seconds/batch
2026-04-19 13:24:09,682 - Epoch 6, Batch 1000, lr = 0.00010, final_loss = 4.0953, nll_loss = 4.0208, ref_nll_loss = 4.1698, ivc_loss = 0.0824, neg_loss_1 = 0.0064, neg_loss_2 = 0.0073, ref_loss = 0.0303, div_loss = 0.0077, 0.786 seconds/batch
2026-04-19 13:24:43,556 - Epoch 6, Batch 1050, lr = 0.00010, final_loss = 4.0831, nll_loss = 4.0071, ref_nll_loss = 4.1591, ivc_loss = 0.0828, neg_loss_1 = 0.0081, neg_loss_2 = 0.0091, ref_loss = 0.0280, div_loss = 0.0075, 0.780 seconds/batch
2026-04-19 13:25:17,435 - Epoch 6, Batch 1100, lr = 0.00010, final_loss = 4.0766, nll_loss = 3.9995, ref_nll_loss = 4.1538, ivc_loss = 0.0837, neg_loss_1 = 0.0083, neg_loss_2 = 0.0088, ref_loss = 0.0267, div_loss = 0.0080, 0.776 seconds/batch
2026-04-19 13:25:45,233 - Epoch 6, Batch 1150, lr = 0.00010, final_loss = 4.0998, nll_loss = 4.0255, ref_nll_loss = 4.1741, ivc_loss = 0.0830, neg_loss_1 = 0.0074, neg_loss_2 = 0.0071, ref_loss = 0.0307, div_loss = 0.0075, 0.766 seconds/batch
2026-04-19 13:25:53,694 - Epoch 6, Batch 1170, lr = 0.00010, final_loss = 4.0800, nll_loss = 4.0019, ref_nll_loss = 4.1581, ivc_loss = 0.0814, neg_loss_1 = 0.0080, neg_loss_2 = 0.0095, ref_loss = 0.0268, div_loss = 0.0074, 0.760 seconds/batch
2026-04-19 13:25:53,767 - save model to checkpoints/activitynet_moe/cpl_moe/model-6.pt, num_updates 7020.
2026-04-19 13:29:17,910 - | R@1,mIoU 0.2880 | R@1,IoU@0.1 0.6934 | R@1,IoU@0.3 0.4870 | R@1,IoU@0.5 0.1921 | R@1,IoU@0.7 0.0537 | R@1,IoU@0.9 0.0033 | R@5,mIoU 0.5252 | R@5,IoU@0.1 0.9217 | R@5,IoU@0.3 0.7808 | R@5,IoU@0.5 0.5277 | R@5,IoU@0.7 0.3135 | R@5,IoU@0.9 0.0737 |
2026-04-19 13:29:17,911 - ============================================================
2026-04-19 13:29:17,911 - Start Epoch 7
2026-04-19 13:29:58,071 - Epoch 7, Batch 50, lr = 0.00010, final_loss = 4.0399, nll_loss = 3.9670, ref_nll_loss = 4.1129, ivc_loss = 0.0858, neg_loss_1 = 0.0078, neg_loss_2 = 0.0102, ref_loss = 0.0298, div_loss = 0.0076, 0.803 seconds/batch
2026-04-19 13:30:37,864 - Epoch 7, Batch 100, lr = 0.00009, final_loss = 4.0334, nll_loss = 3.9551, ref_nll_loss = 4.1118, ivc_loss = 0.0852, neg_loss_1 = 0.0068, neg_loss_2 = 0.0120, ref_loss = 0.0286, div_loss = 0.0076, 0.800 seconds/batch
2026-04-19 13:31:17,667 - Epoch 7, Batch 150, lr = 0.00009, final_loss = 4.0601, nll_loss = 3.9846, ref_nll_loss = 4.1355, ivc_loss = 0.0843, neg_loss_1 = 0.0077, neg_loss_2 = 0.0094, ref_loss = 0.0287, div_loss = 0.0077, 0.798 seconds/batch
2026-04-19 13:31:56,999 - Epoch 7, Batch 200, lr = 0.00009, final_loss = 4.0291, nll_loss = 3.9539, ref_nll_loss = 4.1042, ivc_loss = 0.0873, neg_loss_1 = 0.0080, neg_loss_2 = 0.0117, ref_loss = 0.0292, div_loss = 0.0077, 0.795 seconds/batch
2026-04-19 13:32:36,832 - Epoch 7, Batch 250, lr = 0.00009, final_loss = 4.0591, nll_loss = 3.9834, ref_nll_loss = 4.1348, ivc_loss = 0.0848, neg_loss_1 = 0.0091, neg_loss_2 = 0.0092, ref_loss = 0.0284, div_loss = 0.0076, 0.796 seconds/batch
2026-04-19 13:33:16,486 - Epoch 7, Batch 300, lr = 0.00009, final_loss = 4.0359, nll_loss = 3.9568, ref_nll_loss = 4.1151, ivc_loss = 0.0850, neg_loss_1 = 0.0085, neg_loss_2 = 0.0125, ref_loss = 0.0250, div_loss = 0.0078, 0.795 seconds/batch
2026-04-19 13:33:56,569 - Epoch 7, Batch 350, lr = 0.00009, final_loss = 4.0474, nll_loss = 3.9720, ref_nll_loss = 4.1228, ivc_loss = 0.0839, neg_loss_1 = 0.0097, neg_loss_2 = 0.0090, ref_loss = 0.0275, div_loss = 0.0075, 0.796 seconds/batch
2026-04-19 13:34:36,467 - Epoch 7, Batch 400, lr = 0.00009, final_loss = 4.0808, nll_loss = 4.0032, ref_nll_loss = 4.1585, ivc_loss = 0.0864, neg_loss_1 = 0.0101, neg_loss_2 = 0.0125, ref_loss = 0.0265, div_loss = 0.0075, 0.796 seconds/batch
2026-04-19 13:35:16,295 - Epoch 7, Batch 450, lr = 0.00009, final_loss = 4.0473, nll_loss = 3.9691, ref_nll_loss = 4.1255, ivc_loss = 0.0844, neg_loss_1 = 0.0081, neg_loss_2 = 0.0110, ref_loss = 0.0281, div_loss = 0.0074, 0.796 seconds/batch
2026-04-19 13:35:56,310 - Epoch 7, Batch 500, lr = 0.00009, final_loss = 4.0422, nll_loss = 3.9643, ref_nll_loss = 4.1201, ivc_loss = 0.0854, neg_loss_1 = 0.0100, neg_loss_2 = 0.0098, ref_loss = 0.0276, div_loss = 0.0076, 0.797 seconds/batch
2026-04-19 13:36:36,149 - Epoch 7, Batch 550, lr = 0.00009, final_loss = 4.0611, nll_loss = 3.9826, ref_nll_loss = 4.1396, ivc_loss = 0.0811, neg_loss_1 = 0.0085, neg_loss_2 = 0.0065, ref_loss = 0.0272, div_loss = 0.0078, 0.797 seconds/batch
2026-04-19 13:37:16,323 - Epoch 7, Batch 600, lr = 0.00009, final_loss = 4.0606, nll_loss = 3.9813, ref_nll_loss = 4.1400, ivc_loss = 0.0831, neg_loss_1 = 0.0088, neg_loss_2 = 0.0107, ref_loss = 0.0259, div_loss = 0.0075, 0.797 seconds/batch
2026-04-19 13:37:56,046 - Epoch 7, Batch 650, lr = 0.00009, final_loss = 4.0687, nll_loss = 3.9919, ref_nll_loss = 4.1455, ivc_loss = 0.0873, neg_loss_1 = 0.0106, neg_loss_2 = 0.0108, ref_loss = 0.0282, div_loss = 0.0075, 0.797 seconds/batch
2026-04-19 13:38:36,030 - Epoch 7, Batch 700, lr = 0.00009, final_loss = 4.0458, nll_loss = 3.9696, ref_nll_loss = 4.1221, ivc_loss = 0.0852, neg_loss_1 = 0.0094, neg_loss_2 = 0.0098, ref_loss = 0.0284, div_loss = 0.0075, 0.797 seconds/batch
2026-04-19 13:39:15,776 - Epoch 7, Batch 750, lr = 0.00009, final_loss = 4.0709, nll_loss = 3.9933, ref_nll_loss = 4.1485, ivc_loss = 0.0831, neg_loss_1 = 0.0098, neg_loss_2 = 0.0085, ref_loss = 0.0276, div_loss = 0.0074, 0.797 seconds/batch
2026-04-19 13:39:55,633 - Epoch 7, Batch 800, lr = 0.00009, final_loss = 4.0417, nll_loss = 3.9630, ref_nll_loss = 4.1204, ivc_loss = 0.0867, neg_loss_1 = 0.0107, neg_loss_2 = 0.0124, ref_loss = 0.0265, div_loss = 0.0074, 0.797 seconds/batch
2026-04-19 13:40:35,489 - Epoch 7, Batch 850, lr = 0.00009, final_loss = 4.0675, nll_loss = 3.9924, ref_nll_loss = 4.1426, ivc_loss = 0.0871, neg_loss_1 = 0.0107, neg_loss_2 = 0.0132, ref_loss = 0.0266, div_loss = 0.0073, 0.797 seconds/batch
2026-04-19 13:41:15,547 - Epoch 7, Batch 900, lr = 0.00009, final_loss = 4.0523, nll_loss = 3.9725, ref_nll_loss = 4.1321, ivc_loss = 0.0839, neg_loss_1 = 0.0084, neg_loss_2 = 0.0093, ref_loss = 0.0285, div_loss = 0.0076, 0.797 seconds/batch
2026-04-19 13:41:51,038 - Epoch 7, Batch 950, lr = 0.00009, final_loss = 4.0615, nll_loss = 3.9839, ref_nll_loss = 4.1390, ivc_loss = 0.0835, neg_loss_1 = 0.0074, neg_loss_2 = 0.0093, ref_loss = 0.0279, div_loss = 0.0078, 0.793 seconds/batch
2026-04-19 13:42:24,840 - Epoch 7, Batch 1000, lr = 0.00009, final_loss = 4.0516, nll_loss = 3.9755, ref_nll_loss = 4.1277, ivc_loss = 0.0844, neg_loss_1 = 0.0089, neg_loss_2 = 0.0101, ref_loss = 0.0277, div_loss = 0.0075, 0.787 seconds/batch
2026-04-19 13:42:58,859 - Epoch 7, Batch 1050, lr = 0.00009, final_loss = 4.0161, nll_loss = 3.9393, ref_nll_loss = 4.0930, ivc_loss = 0.0838, neg_loss_1 = 0.0094, neg_loss_2 = 0.0097, ref_loss = 0.0270, div_loss = 0.0075, 0.782 seconds/batch
2026-04-19 13:43:32,536 - Epoch 7, Batch 1100, lr = 0.00009, final_loss = 4.0506, nll_loss = 3.9733, ref_nll_loss = 4.1279, ivc_loss = 0.0843, neg_loss_1 = 0.0102, neg_loss_2 = 0.0078, ref_loss = 0.0281, div_loss = 0.0076, 0.777 seconds/batch
2026-04-19 13:44:00,540 - Epoch 7, Batch 1150, lr = 0.00009, final_loss = 3.9842, nll_loss = 3.9098, ref_nll_loss = 4.0586, ivc_loss = 0.0873, neg_loss_1 = 0.0080, neg_loss_2 = 0.0113, ref_loss = 0.0300, div_loss = 0.0076, 0.768 seconds/batch
2026-04-19 13:44:09,227 - Epoch 7, Batch 1170, lr = 0.00009, final_loss = 4.0544, nll_loss = 3.9801, ref_nll_loss = 4.1287, ivc_loss = 0.0858, neg_loss_1 = 0.0102, neg_loss_2 = 0.0081, ref_loss = 0.0298, div_loss = 0.0075, 0.762 seconds/batch
2026-04-19 13:44:09,301 - save model to checkpoints/activitynet_moe/cpl_moe/model-7.pt, num_updates 8190.
2026-04-19 13:47:33,101 - | R@1,mIoU 0.2968 | R@1,IoU@0.1 0.7077 | R@1,IoU@0.3 0.5064 | R@1,IoU@0.5 0.1999 | R@1,IoU@0.7 0.0562 | R@1,IoU@0.9 0.0046 | R@5,mIoU 0.5326 | R@5,IoU@0.1 0.9235 | R@5,IoU@0.3 0.7880 | R@5,IoU@0.5 0.5408 | R@5,IoU@0.7 0.3275 | R@5,IoU@0.9 0.0750 |
2026-04-19 13:47:33,160 - Best results have been updated.
2026-04-19 13:47:33,160 - ============================================================
2026-04-19 13:47:33,161 - Start Epoch 8
2026-04-19 13:48:13,125 - Epoch 8, Batch 50, lr = 0.00009, final_loss = 4.0248, nll_loss = 3.9480, ref_nll_loss = 4.1017, ivc_loss = 0.0879, neg_loss_1 = 0.0132, neg_loss_2 = 0.0110, ref_loss = 0.0261, div_loss = 0.0075, 0.799 seconds/batch
2026-04-19 13:48:52,910 - Epoch 8, Batch 100, lr = 0.00009, final_loss = 4.0166, nll_loss = 3.9372, ref_nll_loss = 4.0959, ivc_loss = 0.0895, neg_loss_1 = 0.0125, neg_loss_2 = 0.0105, ref_loss = 0.0269, div_loss = 0.0079, 0.797 seconds/batch
2026-04-19 13:49:32,837 - Epoch 8, Batch 150, lr = 0.00009, final_loss = 4.0115, nll_loss = 3.9325, ref_nll_loss = 4.0904, ivc_loss = 0.0887, neg_loss_1 = 0.0095, neg_loss_2 = 0.0100, ref_loss = 0.0278, div_loss = 0.0083, 0.798 seconds/batch
2026-04-19 13:50:12,213 - Epoch 8, Batch 200, lr = 0.00009, final_loss = 4.0252, nll_loss = 3.9469, ref_nll_loss = 4.1036, ivc_loss = 0.0847, neg_loss_1 = 0.0088, neg_loss_2 = 0.0102, ref_loss = 0.0279, div_loss = 0.0076, 0.795 seconds/batch
2026-04-19 13:50:52,449 - Epoch 8, Batch 250, lr = 0.00009, final_loss = 4.0259, nll_loss = 3.9508, ref_nll_loss = 4.1010, ivc_loss = 0.0856, neg_loss_1 = 0.0097, neg_loss_2 = 0.0113, ref_loss = 0.0280, div_loss = 0.0073, 0.797 seconds/batch
2026-04-19 13:51:31,975 - Epoch 8, Batch 300, lr = 0.00009, final_loss = 4.0261, nll_loss = 3.9508, ref_nll_loss = 4.1014, ivc_loss = 0.0872, neg_loss_1 = 0.0110, neg_loss_2 = 0.0106, ref_loss = 0.0284, div_loss = 0.0074, 0.796 seconds/batch
2026-04-19 13:52:11,865 - Epoch 8, Batch 350, lr = 0.00009, final_loss = 4.0007, nll_loss = 3.9256, ref_nll_loss = 4.0758, ivc_loss = 0.0901, neg_loss_1 = 0.0111, neg_loss_2 = 0.0123, ref_loss = 0.0300, div_loss = 0.0073, 0.796 seconds/batch
2026-04-19 13:52:51,720 - Epoch 8, Batch 400, lr = 0.00009, final_loss = 4.0296, nll_loss = 3.9524, ref_nll_loss = 4.1068, ivc_loss = 0.0831, neg_loss_1 = 0.0073, neg_loss_2 = 0.0115, ref_loss = 0.0269, div_loss = 0.0075, 0.796 seconds/batch
2026-04-19 13:53:31,700 - Epoch 8, Batch 450, lr = 0.00009, final_loss = 3.9863, nll_loss = 3.9085, ref_nll_loss = 4.0641, ivc_loss = 0.0885, neg_loss_1 = 0.0094, neg_loss_2 = 0.0101, ref_loss = 0.0309, div_loss = 0.0076, 0.797 seconds/batch
2026-04-19 13:54:11,708 - Epoch 8, Batch 500, lr = 0.00009, final_loss = 4.0312, nll_loss = 3.9515, ref_nll_loss = 4.1108, ivc_loss = 0.0848, neg_loss_1 = 0.0083, neg_loss_2 = 0.0127, ref_loss = 0.0255, div_loss = 0.0077, 0.797 seconds/batch
2026-04-19 13:54:51,432 - Epoch 8, Batch 550, lr = 0.00009, final_loss = 4.0286, nll_loss = 3.9543, ref_nll_loss = 4.1030, ivc_loss = 0.0881, neg_loss_1 = 0.0101, neg_loss_2 = 0.0096, ref_loss = 0.0301, div_loss = 0.0077, 0.797 seconds/batch
2026-04-19 13:55:31,475 - Epoch 8, Batch 600, lr = 0.00009, final_loss = 4.0377, nll_loss = 3.9610, ref_nll_loss = 4.1144, ivc_loss = 0.0865, neg_loss_1 = 0.0095, neg_loss_2 = 0.0104, ref_loss = 0.0277, div_loss = 0.0078, 0.797 seconds/batch
2026-04-19 13:56:11,323 - Epoch 8, Batch 650, lr = 0.00009, final_loss = 4.0378, nll_loss = 3.9614, ref_nll_loss = 4.1142, ivc_loss = 0.0902, neg_loss_1 = 0.0091, neg_loss_2 = 0.0098, ref_loss = 0.0292, div_loss = 0.0084, 0.797 seconds/batch
2026-04-19 13:56:51,226 - Epoch 8, Batch 700, lr = 0.00008, final_loss = 4.0034, nll_loss = 3.9274, ref_nll_loss = 4.0795, ivc_loss = 0.0860, neg_loss_1 = 0.0093, neg_loss_2 = 0.0100, ref_loss = 0.0278, div_loss = 0.0078, 0.797 seconds/batch
2026-04-19 13:57:31,106 - Epoch 8, Batch 750, lr = 0.00008, final_loss = 4.0522, nll_loss = 3.9758, ref_nll_loss = 4.1286, ivc_loss = 0.0879, neg_loss_1 = 0.0100, neg_loss_2 = 0.0105, ref_loss = 0.0293, div_loss = 0.0076, 0.797 seconds/batch
2026-04-19 13:58:11,314 - Epoch 8, Batch 800, lr = 0.00008, final_loss = 4.0281, nll_loss = 3.9487, ref_nll_loss = 4.1074, ivc_loss = 0.0862, neg_loss_1 = 0.0107, neg_loss_2 = 0.0104, ref_loss = 0.0270, div_loss = 0.0076, 0.798 seconds/batch
2026-04-19 13:58:51,281 - Epoch 8, Batch 850, lr = 0.00008, final_loss = 3.9957, nll_loss = 3.9154, ref_nll_loss = 4.0760, ivc_loss = 0.0852, neg_loss_1 = 0.0087, neg_loss_2 = 0.0123, ref_loss = 0.0253, div_loss = 0.0078, 0.798 seconds/batch
2026-04-19 13:59:30,780 - Epoch 8, Batch 900, lr = 0.00008, final_loss = 3.9934, nll_loss = 3.9142, ref_nll_loss = 4.0726, ivc_loss = 0.0832, neg_loss_1 = 0.0079, neg_loss_2 = 0.0099, ref_loss = 0.0274, div_loss = 0.0076, 0.797 seconds/batch
2026-04-19 14:00:05,270 - Epoch 8, Batch 950, lr = 0.00008, final_loss = 4.0015, nll_loss = 3.9245, ref_nll_loss = 4.0785, ivc_loss = 0.0865, neg_loss_1 = 0.0089, neg_loss_2 = 0.0124, ref_loss = 0.0278, div_loss = 0.0075, 0.792 seconds/batch
2026-04-19 14:00:39,163 - Epoch 8, Batch 1000, lr = 0.00008, final_loss = 4.0051, nll_loss = 3.9272, ref_nll_loss = 4.0829, ivc_loss = 0.0814, neg_loss_1 = 0.0082, neg_loss_2 = 0.0084, ref_loss = 0.0265, div_loss = 0.0077, 0.786 seconds/batch
2026-04-19 14:01:13,230 - Epoch 8, Batch 1050, lr = 0.00008, final_loss = 4.0297, nll_loss = 3.9520, ref_nll_loss = 4.1075, ivc_loss = 0.0864, neg_loss_1 = 0.0082, neg_loss_2 = 0.0111, ref_loss = 0.0280, div_loss = 0.0078, 0.781 seconds/batch
2026-04-19 14:01:47,321 - Epoch 8, Batch 1100, lr = 0.00008, final_loss = 4.0112, nll_loss = 3.9299, ref_nll_loss = 4.0925, ivc_loss = 0.0813, neg_loss_1 = 0.0087, neg_loss_2 = 0.0096, ref_loss = 0.0256, div_loss = 0.0075, 0.777 seconds/batch
2026-04-19 14:02:16,126 - Epoch 8, Batch 1150, lr = 0.00008, final_loss = 4.0318, nll_loss = 3.9516, ref_nll_loss = 4.1119, ivc_loss = 0.0844, neg_loss_1 = 0.0104, neg_loss_2 = 0.0107, ref_loss = 0.0259, div_loss = 0.0075, 0.768 seconds/batch
2026-04-19 14:02:24,755 - Epoch 8, Batch 1170, lr = 0.00008, final_loss = 4.0370, nll_loss = 3.9612, ref_nll_loss = 4.1128, ivc_loss = 0.0861, neg_loss_1 = 0.0113, neg_loss_2 = 0.0099, ref_loss = 0.0274, div_loss = 0.0075, 0.762 seconds/batch
2026-04-19 14:02:24,825 - save model to checkpoints/activitynet_moe/cpl_moe/model-8.pt, num_updates 9360.
2026-04-19 14:05:48,905 - | R@1,mIoU 0.2844 | R@1,IoU@0.1 0.6761 | R@1,IoU@0.3 0.4818 | R@1,IoU@0.5 0.1939 | R@1,IoU@0.7 0.0574 | R@1,IoU@0.9 0.0038 | R@5,mIoU 0.5304 | R@5,IoU@0.1 0.9201 | R@5,IoU@0.3 0.7853 | R@5,IoU@0.5 0.5390 | R@5,IoU@0.7 0.3266 | R@5,IoU@0.9 0.0753 |
2026-04-19 14:05:48,905 - ============================================================
2026-04-19 14:05:48,905 - Start Epoch 9
2026-04-19 14:06:28,414 - Epoch 9, Batch 50, lr = 0.00008, final_loss = 3.9665, nll_loss = 3.8866, ref_nll_loss = 4.0465, ivc_loss = 0.0885, neg_loss_1 = 0.0099, neg_loss_2 = 0.0128, ref_loss = 0.0272, div_loss = 0.0077, 0.790 seconds/batch
2026-04-19 14:07:08,018 - Epoch 9, Batch 100, lr = 0.00008, final_loss = 3.9967, nll_loss = 3.9156, ref_nll_loss = 4.0779, ivc_loss = 0.0854, neg_loss_1 = 0.0112, neg_loss_2 = 0.0097, ref_loss = 0.0264, div_loss = 0.0076, 0.791 seconds/batch
2026-04-19 14:07:47,855 - Epoch 9, Batch 150, lr = 0.00008, final_loss = 3.9766, nll_loss = 3.8975, ref_nll_loss = 4.0557, ivc_loss = 0.0872, neg_loss_1 = 0.0106, neg_loss_2 = 0.0086, ref_loss = 0.0288, div_loss = 0.0078, 0.793 seconds/batch
2026-04-19 14:08:27,979 - Epoch 9, Batch 200, lr = 0.00008, final_loss = 3.9688, nll_loss = 3.8885, ref_nll_loss = 4.0491, ivc_loss = 0.0870, neg_loss_1 = 0.0094, neg_loss_2 = 0.0107, ref_loss = 0.0284, div_loss = 0.0077, 0.795 seconds/batch
2026-04-19 14:09:07,674 - Epoch 9, Batch 250, lr = 0.00008, final_loss = 3.9981, nll_loss = 3.9167, ref_nll_loss = 4.0795, ivc_loss = 0.0845, neg_loss_1 = 0.0093, neg_loss_2 = 0.0120, ref_loss = 0.0260, div_loss = 0.0074, 0.795 seconds/batch
2026-04-19 14:09:47,331 - Epoch 9, Batch 300, lr = 0.00008, final_loss = 3.9938, nll_loss = 3.9156, ref_nll_loss = 4.0720, ivc_loss = 0.0878, neg_loss_1 = 0.0120, neg_loss_2 = 0.0099, ref_loss = 0.0283, div_loss = 0.0075, 0.795 seconds/batch
2026-04-19 14:10:27,366 - Epoch 9, Batch 350, lr = 0.00008, final_loss = 3.9870, nll_loss = 3.9088, ref_nll_loss = 4.0651, ivc_loss = 0.0856, neg_loss_1 = 0.0091, neg_loss_2 = 0.0105, ref_loss = 0.0283, div_loss = 0.0076, 0.796 seconds/batch
2026-04-19 14:11:07,348 - Epoch 9, Batch 400, lr = 0.00008, final_loss = 3.9724, nll_loss = 3.8929, ref_nll_loss = 4.0519, ivc_loss = 0.0906, neg_loss_1 = 0.0102, neg_loss_2 = 0.0133, ref_loss = 0.0281, div_loss = 0.0078, 0.796 seconds/batch
2026-04-19 14:11:47,498 - Epoch 9, Batch 450, lr = 0.00008, final_loss = 3.9937, nll_loss = 3.9155, ref_nll_loss = 4.0720, ivc_loss = 0.0897, neg_loss_1 = 0.0104, neg_loss_2 = 0.0098, ref_loss = 0.0290, div_loss = 0.0081, 0.797 seconds/batch
2026-04-19 14:12:26,685 - Epoch 9, Batch 500, lr = 0.00008, final_loss = 4.0040, nll_loss = 3.9196, ref_nll_loss = 4.0885, ivc_loss = 0.0802, neg_loss_1 = 0.0080, neg_loss_2 = 0.0093, ref_loss = 0.0239, div_loss = 0.0078, 0.796 seconds/batch
2026-04-19 14:13:06,814 - Epoch 9, Batch 550, lr = 0.00008, final_loss = 3.9484, nll_loss = 3.8660, ref_nll_loss = 4.0308, ivc_loss = 0.0859, neg_loss_1 = 0.0108, neg_loss_2 = 0.0120, ref_loss = 0.0249, div_loss = 0.0076, 0.796 seconds/batch
2026-04-19 14:13:47,031 - Epoch 9, Batch 600, lr = 0.00008, final_loss = 4.0140, nll_loss = 3.9338, ref_nll_loss = 4.0942, ivc_loss = 0.0861, neg_loss_1 = 0.0106, neg_loss_2 = 0.0113, ref_loss = 0.0262, div_loss = 0.0076, 0.797 seconds/batch
2026-04-19 14:14:27,156 - Epoch 9, Batch 650, lr = 0.00008, final_loss = 3.9990, nll_loss = 3.9193, ref_nll_loss = 4.0787, ivc_loss = 0.0848, neg_loss_1 = 0.0095, neg_loss_2 = 0.0103, ref_loss = 0.0269, div_loss = 0.0076, 0.797 seconds/batch
2026-04-19 14:15:07,110 - Epoch 9, Batch 700, lr = 0.00008, final_loss = 4.0029, nll_loss = 3.9223, ref_nll_loss = 4.0834, ivc_loss = 0.0875, neg_loss_1 = 0.0108, neg_loss_2 = 0.0094, ref_loss = 0.0280, div_loss = 0.0079, 0.797 seconds/batch
2026-04-19 14:15:46,838 - Epoch 9, Batch 750, lr = 0.00008, final_loss = 4.0309, nll_loss = 3.9483, ref_nll_loss = 4.1135, ivc_loss = 0.0883, neg_loss_1 = 0.0121, neg_loss_2 = 0.0100, ref_loss = 0.0265, div_loss = 0.0080, 0.797 seconds/batch
2026-04-19 14:16:26,755 - Epoch 9, Batch 800, lr = 0.00008, final_loss = 3.9746, nll_loss = 3.8939, ref_nll_loss = 4.0552, ivc_loss = 0.0880, neg_loss_1 = 0.0112, neg_loss_2 = 0.0108, ref_loss = 0.0269, div_loss = 0.0078, 0.797 seconds/batch
2026-04-19 14:17:06,256 - Epoch 9, Batch 850, lr = 0.00008, final_loss = 3.9913, nll_loss = 3.9130, ref_nll_loss = 4.0696, ivc_loss = 0.0869, neg_loss_1 = 0.0108, neg_loss_2 = 0.0099, ref_loss = 0.0272, div_loss = 0.0078, 0.797 seconds/batch
2026-04-19 14:17:45,361 - Epoch 9, Batch 900, lr = 0.00008, final_loss = 3.9684, nll_loss = 3.8873, ref_nll_loss = 4.0495, ivc_loss = 0.0875, neg_loss_1 = 0.0093, neg_loss_2 = 0.0108, ref_loss = 0.0278, div_loss = 0.0079, 0.796 seconds/batch
2026-04-19 14:18:18,947 - Epoch 9, Batch 950, lr = 0.00008, final_loss = 3.9987, nll_loss = 3.9245, ref_nll_loss = 4.0728, ivc_loss = 0.0912, neg_loss_1 = 0.0104, neg_loss_2 = 0.0098, ref_loss = 0.0322, div_loss = 0.0078, 0.790 seconds/batch
2026-04-19 14:18:52,568 - Epoch 9, Batch 1000, lr = 0.00008, final_loss = 3.9832, nll_loss = 3.9045, ref_nll_loss = 4.0620, ivc_loss = 0.0879, neg_loss_1 = 0.0119, neg_loss_2 = 0.0088, ref_loss = 0.0277, div_loss = 0.0079, 0.784 seconds/batch
2026-04-19 14:19:26,901 - Epoch 9, Batch 1050, lr = 0.00008, final_loss = 4.0015, nll_loss = 3.9243, ref_nll_loss = 4.0788, ivc_loss = 0.0876, neg_loss_1 = 0.0101, neg_loss_2 = 0.0094, ref_loss = 0.0291, div_loss = 0.0078, 0.779 seconds/batch
2026-04-19 14:20:01,158 - Epoch 9, Batch 1100, lr = 0.00008, final_loss = 4.0012, nll_loss = 3.9210, ref_nll_loss = 4.0815, ivc_loss = 0.0895, neg_loss_1 = 0.0123, neg_loss_2 = 0.0106, ref_loss = 0.0272, div_loss = 0.0079, 0.775 seconds/batch
2026-04-19 14:20:30,621 - Epoch 9, Batch 1150, lr = 0.00008, final_loss = 3.9983, nll_loss = 3.9173, ref_nll_loss = 4.0792, ivc_loss = 0.0868, neg_loss_1 = 0.0096, neg_loss_2 = 0.0107, ref_loss = 0.0273, div_loss = 0.0079, 0.767 seconds/batch
2026-04-19 14:20:39,192 - Epoch 9, Batch 1170, lr = 0.00008, final_loss = 3.9562, nll_loss = 3.8740, ref_nll_loss = 4.0384, ivc_loss = 0.0892, neg_loss_1 = 0.0121, neg_loss_2 = 0.0107, ref_loss = 0.0281, div_loss = 0.0077, 0.761 seconds/batch
2026-04-19 14:20:39,276 - save model to checkpoints/activitynet_moe/cpl_moe/model-9.pt, num_updates 10530.
2026-04-19 14:24:03,115 - | R@1,mIoU 0.2365 | R@1,IoU@0.1 0.5595 | R@1,IoU@0.3 0.4088 | R@1,IoU@0.5 0.1600 | R@1,IoU@0.7 0.0450 | R@1,IoU@0.9 0.0019 | R@5,mIoU 0.5258 | R@5,IoU@0.1 0.9191 | R@5,IoU@0.3 0.7797 | R@5,IoU@0.5 0.5346 | R@5,IoU@0.7 0.3161 | R@5,IoU@0.9 0.0710 |
2026-04-19 14:24:03,115 - ============================================================
2026-04-19 14:24:03,115 - Start Epoch 10
2026-04-19 14:24:43,105 - Epoch 10, Batch 50, lr = 0.00008, final_loss = 3.9362, nll_loss = 3.8559, ref_nll_loss = 4.0166, ivc_loss = 0.0883, neg_loss_1 = 0.0093, neg_loss_2 = 0.0115, ref_loss = 0.0284, div_loss = 0.0078, 0.800 seconds/batch
2026-04-19 14:25:23,211 - Epoch 10, Batch 100, lr = 0.00008, final_loss = 3.9682, nll_loss = 3.8864, ref_nll_loss = 4.0500, ivc_loss = 0.0890, neg_loss_1 = 0.0126, neg_loss_2 = 0.0107, ref_loss = 0.0266, div_loss = 0.0078, 0.801 seconds/batch
2026-04-19 14:26:03,267 - Epoch 10, Batch 150, lr = 0.00008, final_loss = 3.9430, nll_loss = 3.8635, ref_nll_loss = 4.0225, ivc_loss = 0.0885, neg_loss_1 = 0.0121, neg_loss_2 = 0.0102, ref_loss = 0.0267, div_loss = 0.0079, 0.801 seconds/batch
2026-04-19 14:26:43,126 - Epoch 10, Batch 200, lr = 0.00008, final_loss = 3.9887, nll_loss = 3.9075, ref_nll_loss = 4.0700, ivc_loss = 0.0884, neg_loss_1 = 0.0113, neg_loss_2 = 0.0084, ref_loss = 0.0286, div_loss = 0.0080, 0.800 seconds/batch
2026-04-19 14:27:22,932 - Epoch 10, Batch 250, lr = 0.00008, final_loss = 3.9696, nll_loss = 3.8914, ref_nll_loss = 4.0477, ivc_loss = 0.0909, neg_loss_1 = 0.0115, neg_loss_2 = 0.0119, ref_loss = 0.0280, div_loss = 0.0079, 0.799 seconds/batch
2026-04-19 14:28:02,701 - Epoch 10, Batch 300, lr = 0.00008, final_loss = 3.9584, nll_loss = 3.8753, ref_nll_loss = 4.0415, ivc_loss = 0.0884, neg_loss_1 = 0.0105, neg_loss_2 = 0.0136, ref_loss = 0.0256, div_loss = 0.0078, 0.799 seconds/batch
2026-04-19 14:28:42,619 - Epoch 10, Batch 350, lr = 0.00008, final_loss = 3.9729, nll_loss = 3.8891, ref_nll_loss = 4.0567, ivc_loss = 0.0851, neg_loss_1 = 0.0107, neg_loss_2 = 0.0106, ref_loss = 0.0251, div_loss = 0.0077, 0.799 seconds/batch
2026-04-19 14:29:22,064 - Epoch 10, Batch 400, lr = 0.00008, final_loss = 3.9824, nll_loss = 3.9000, ref_nll_loss = 4.0647, ivc_loss = 0.0886, neg_loss_1 = 0.0105, neg_loss_2 = 0.0138, ref_loss = 0.0252, div_loss = 0.0078, 0.797 seconds/batch
2026-04-19 14:30:02,159 - Epoch 10, Batch 450, lr = 0.00008, final_loss = 3.9618, nll_loss = 3.8781, ref_nll_loss = 4.0456, ivc_loss = 0.0841, neg_loss_1 = 0.0090, neg_loss_2 = 0.0104, ref_loss = 0.0247, div_loss = 0.0080, 0.798 seconds/batch
2026-04-19 14:30:41,881 - Epoch 10, Batch 500, lr = 0.00008, final_loss = 3.9545, nll_loss = 3.8692, ref_nll_loss = 4.0399, ivc_loss = 0.0847, neg_loss_1 = 0.0098, neg_loss_2 = 0.0104, ref_loss = 0.0254, div_loss = 0.0078, 0.798 seconds/batch
2026-04-19 14:31:21,956 - Epoch 10, Batch 550, lr = 0.00008, final_loss = 3.9867, nll_loss = 3.9098, ref_nll_loss = 4.0637, ivc_loss = 0.0896, neg_loss_1 = 0.0111, neg_loss_2 = 0.0100, ref_loss = 0.0295, div_loss = 0.0078, 0.798 seconds/batch
2026-04-19 14:32:02,007 - Epoch 10, Batch 600, lr = 0.00008, final_loss = 3.9867, nll_loss = 3.9062, ref_nll_loss = 4.0673, ivc_loss = 0.0887, neg_loss_1 = 0.0091, neg_loss_2 = 0.0112, ref_loss = 0.0286, div_loss = 0.0080, 0.798 seconds/batch
2026-04-19 14:32:41,357 - Epoch 10, Batch 650, lr = 0.00008, final_loss = 3.9749, nll_loss = 3.8936, ref_nll_loss = 4.0562, ivc_loss = 0.0860, neg_loss_1 = 0.0107, neg_loss_2 = 0.0111, ref_loss = 0.0255, div_loss = 0.0077, 0.797 seconds/batch
2026-04-19 14:33:20,945 - Epoch 10, Batch 700, lr = 0.00008, final_loss = 3.9355, nll_loss = 3.8511, ref_nll_loss = 4.0199, ivc_loss = 0.0837, neg_loss_1 = 0.0103, neg_loss_2 = 0.0093, ref_loss = 0.0252, div_loss = 0.0078, 0.797 seconds/batch
2026-04-19 14:34:00,802 - Epoch 10, Batch 750, lr = 0.00008, final_loss = 3.9637, nll_loss = 3.8833, ref_nll_loss = 4.0442, ivc_loss = 0.0899, neg_loss_1 = 0.0109, neg_loss_2 = 0.0113, ref_loss = 0.0286, div_loss = 0.0078, 0.797 seconds/batch
2026-04-19 14:34:40,989 - Epoch 10, Batch 800, lr = 0.00008, final_loss = 3.9775, nll_loss = 3.8954, ref_nll_loss = 4.0597, ivc_loss = 0.0868, neg_loss_1 = 0.0111, neg_loss_2 = 0.0107, ref_loss = 0.0261, div_loss = 0.0078, 0.797 seconds/batch
2026-04-19 14:35:21,463 - Epoch 10, Batch 850, lr = 0.00007, final_loss = 3.9426, nll_loss = 3.8631, ref_nll_loss = 4.0221, ivc_loss = 0.0912, neg_loss_1 = 0.0108, neg_loss_2 = 0.0108, ref_loss = 0.0296, div_loss = 0.0080, 0.798 seconds/batch
2026-04-19 14:36:00,035 - Epoch 10, Batch 900, lr = 0.00007, final_loss = 3.9644, nll_loss = 3.8831, ref_nll_loss = 4.0458, ivc_loss = 0.0879, neg_loss_1 = 0.0084, neg_loss_2 = 0.0090, ref_loss = 0.0270, div_loss = 0.0087, 0.797 seconds/batch
2026-04-19 14:36:33,672 - Epoch 10, Batch 950, lr = 0.00007, final_loss = 3.9830, nll_loss = 3.9023, ref_nll_loss = 4.0637, ivc_loss = 0.1016, neg_loss_1 = 0.0101, neg_loss_2 = 0.0104, ref_loss = 0.0288, div_loss = 0.0105, 0.790 seconds/batch
2026-04-19 14:37:07,376 - Epoch 10, Batch 1000, lr = 0.00007, final_loss = 3.9739, nll_loss = 3.8954, ref_nll_loss = 4.0523, ivc_loss = 0.0965, neg_loss_1 = 0.0126, neg_loss_2 = 0.0132, ref_loss = 0.0285, div_loss = 0.0084, 0.784 seconds/batch
2026-04-19 14:37:41,713 - Epoch 10, Batch 1050, lr = 0.00007, final_loss = 4.0116, nll_loss = 3.9306, ref_nll_loss = 4.0926, ivc_loss = 0.0919, neg_loss_1 = 0.0131, neg_loss_2 = 0.0106, ref_loss = 0.0265, div_loss = 0.0083, 0.780 seconds/batch
2026-04-19 14:38:16,246 - Epoch 10, Batch 1100, lr = 0.00007, final_loss = 3.9663, nll_loss = 3.8886, ref_nll_loss = 4.0440, ivc_loss = 0.0925, neg_loss_1 = 0.0102, neg_loss_2 = 0.0105, ref_loss = 0.0299, div_loss = 0.0084, 0.776 seconds/batch
2026-04-19 14:38:46,531 - Epoch 10, Batch 1150, lr = 0.00007, final_loss = 3.9944, nll_loss = 3.9144, ref_nll_loss = 4.0744, ivc_loss = 0.0927, neg_loss_1 = 0.0120, neg_loss_2 = 0.0103, ref_loss = 0.0283, div_loss = 0.0084, 0.768 seconds/batch
2026-04-19 14:38:55,069 - Epoch 10, Batch 1170, lr = 0.00007, final_loss = 3.9265, nll_loss = 3.8417, ref_nll_loss = 4.0112, ivc_loss = 0.0871, neg_loss_1 = 0.0114, neg_loss_2 = 0.0088, ref_loss = 0.0250, div_loss = 0.0084, 0.762 seconds/batch
2026-04-19 14:38:55,143 - save model to checkpoints/activitynet_moe/cpl_moe/model-10.pt, num_updates 11700.
2026-04-19 14:42:19,500 - | R@1,mIoU 0.2541 | R@1,IoU@0.1 0.6021 | R@1,IoU@0.3 0.4081 | R@1,IoU@0.5 0.1931 | R@1,IoU@0.7 0.0559 | R@1,IoU@0.9 0.0032 | R@5,mIoU 0.5278 | R@5,IoU@0.1 0.9178 | R@5,IoU@0.3 0.7759 | R@5,IoU@0.5 0.5366 | R@5,IoU@0.7 0.3243 | R@5,IoU@0.9 0.0764 |
2026-04-19 14:42:19,500 - ============================================================
2026-04-19 14:42:19,500 - Start Epoch 11
2026-04-19 14:42:59,441 - Epoch 11, Batch 50, lr = 0.00007, final_loss = 3.9250, nll_loss = 3.8440, ref_nll_loss = 4.0060, ivc_loss = 0.0942, neg_loss_1 = 0.0128, neg_loss_2 = 0.0106, ref_loss = 0.0280, div_loss = 0.0086, 0.799 seconds/batch
2026-04-19 14:43:39,163 - Epoch 11, Batch 100, lr = 0.00007, final_loss = 3.9230, nll_loss = 3.8419, ref_nll_loss = 4.0041, ivc_loss = 0.0885, neg_loss_1 = 0.0108, neg_loss_2 = 0.0099, ref_loss = 0.0267, div_loss = 0.0082, 0.797 seconds/batch
2026-04-19 14:44:19,361 - Epoch 11, Batch 150, lr = 0.00007, final_loss = 3.9787, nll_loss = 3.9002, ref_nll_loss = 4.0572, ivc_loss = 0.0937, neg_loss_1 = 0.0120, neg_loss_2 = 0.0109, ref_loss = 0.0299, div_loss = 0.0082, 0.799 seconds/batch
2026-04-19 14:44:59,365 - Epoch 11, Batch 200, lr = 0.00007, final_loss = 3.9491, nll_loss = 3.8660, ref_nll_loss = 4.0322, ivc_loss = 0.0873, neg_loss_1 = 0.0100, neg_loss_2 = 0.0090, ref_loss = 0.0267, div_loss = 0.0083, 0.799 seconds/batch
2026-04-19 14:45:39,355 - Epoch 11, Batch 250, lr = 0.00007, final_loss = 3.9456, nll_loss = 3.8643, ref_nll_loss = 4.0269, ivc_loss = 0.0878, neg_loss_1 = 0.0109, neg_loss_2 = 0.0094, ref_loss = 0.0254, div_loss = 0.0084, 0.799 seconds/batch
2026-04-19 14:46:19,240 - Epoch 11, Batch 300, lr = 0.00007, final_loss = 3.9579, nll_loss = 3.8752, ref_nll_loss = 4.0406, ivc_loss = 0.0896, neg_loss_1 = 0.0112, neg_loss_2 = 0.0125, ref_loss = 0.0259, div_loss = 0.0080, 0.799 seconds/batch
2026-04-19 14:46:59,021 - Epoch 11, Batch 350, lr = 0.00007, final_loss = 3.9295, nll_loss = 3.8458, ref_nll_loss = 4.0132, ivc_loss = 0.0889, neg_loss_1 = 0.0116, neg_loss_2 = 0.0115, ref_loss = 0.0265, div_loss = 0.0079, 0.799 seconds/batch
2026-04-19 14:47:38,915 - Epoch 11, Batch 400, lr = 0.00007, final_loss = 3.9368, nll_loss = 3.8526, ref_nll_loss = 4.0210, ivc_loss = 0.0862, neg_loss_1 = 0.0122, neg_loss_2 = 0.0086, ref_loss = 0.0263, div_loss = 0.0078, 0.799 seconds/batch
2026-04-19 14:48:18,669 - Epoch 11, Batch 450, lr = 0.00007, final_loss = 3.9434, nll_loss = 3.8610, ref_nll_loss = 4.0259, ivc_loss = 0.0925, neg_loss_1 = 0.0146, neg_loss_2 = 0.0114, ref_loss = 0.0259, div_loss = 0.0081, 0.798 seconds/batch
2026-04-19 14:48:58,414 - Epoch 11, Batch 500, lr = 0.00007, final_loss = 3.9387, nll_loss = 3.8547, ref_nll_loss = 4.0227, ivc_loss = 0.0852, neg_loss_1 = 0.0108, neg_loss_2 = 0.0104, ref_loss = 0.0236, div_loss = 0.0081, 0.798 seconds/batch
2026-04-19 14:49:38,235 - Epoch 11, Batch 550, lr = 0.00007, final_loss = 3.9689, nll_loss = 3.8882, ref_nll_loss = 4.0497, ivc_loss = 0.0893, neg_loss_1 = 0.0111, neg_loss_2 = 0.0086, ref_loss = 0.0271, div_loss = 0.0085, 0.798 seconds/batch
2026-04-19 14:50:18,144 - Epoch 11, Batch 600, lr = 0.00007, final_loss = 3.9252, nll_loss = 3.8465, ref_nll_loss = 4.0039, ivc_loss = 0.0912, neg_loss_1 = 0.0117, neg_loss_2 = 0.0093, ref_loss = 0.0297, div_loss = 0.0081, 0.798 seconds/batch
2026-04-19 14:50:57,432 - Epoch 11, Batch 650, lr = 0.00007, final_loss = 3.9327, nll_loss = 3.8506, ref_nll_loss = 4.0148, ivc_loss = 0.0880, neg_loss_1 = 0.0111, neg_loss_2 = 0.0109, ref_loss = 0.0258, div_loss = 0.0080, 0.797 seconds/batch
2026-04-19 14:51:37,397 - Epoch 11, Batch 700, lr = 0.00007, final_loss = 3.9643, nll_loss = 3.8848, ref_nll_loss = 4.0439, ivc_loss = 0.0894, neg_loss_1 = 0.0123, neg_loss_2 = 0.0100, ref_loss = 0.0272, div_loss = 0.0080, 0.797 seconds/batch
2026-04-19 14:52:17,321 - Epoch 11, Batch 750, lr = 0.00007, final_loss = 3.9755, nll_loss = 3.8934, ref_nll_loss = 4.0576, ivc_loss = 0.0933, neg_loss_1 = 0.0136, neg_loss_2 = 0.0113, ref_loss = 0.0283, div_loss = 0.0080, 0.797 seconds/batch
2026-04-19 14:52:57,451 - Epoch 11, Batch 800, lr = 0.00007, final_loss = 3.9329, nll_loss = 3.8530, ref_nll_loss = 4.0128, ivc_loss = 0.0895, neg_loss_1 = 0.0124, neg_loss_2 = 0.0095, ref_loss = 0.0275, div_loss = 0.0080, 0.797 seconds/batch
2026-04-19 14:53:37,220 - Epoch 11, Batch 850, lr = 0.00007, final_loss = 3.9622, nll_loss = 3.8791, ref_nll_loss = 4.0453, ivc_loss = 0.0910, neg_loss_1 = 0.0115, neg_loss_2 = 0.0119, ref_loss = 0.0271, div_loss = 0.0081, 0.797 seconds/batch
2026-04-19 14:54:15,319 - Epoch 11, Batch 900, lr = 0.00007, final_loss = 3.9716, nll_loss = 3.8909, ref_nll_loss = 4.0523, ivc_loss = 0.0939, neg_loss_1 = 0.0123, neg_loss_2 = 0.0130, ref_loss = 0.0285, div_loss = 0.0080, 0.795 seconds/batch
2026-04-19 14:54:49,241 - Epoch 11, Batch 950, lr = 0.00007, final_loss = 3.9237, nll_loss = 3.8431, ref_nll_loss = 4.0044, ivc_loss = 0.0936, neg_loss_1 = 0.0112, neg_loss_2 = 0.0127, ref_loss = 0.0292, div_loss = 0.0081, 0.789 seconds/batch
2026-04-19 14:55:23,067 - Epoch 11, Batch 1000, lr = 0.00007, final_loss = 3.9472, nll_loss = 3.8608, ref_nll_loss = 4.0337, ivc_loss = 0.0883, neg_loss_1 = 0.0107, neg_loss_2 = 0.0093, ref_loss = 0.0251, div_loss = 0.0087, 0.784 seconds/batch
2026-04-19 14:55:57,095 - Epoch 11, Batch 1050, lr = 0.00007, final_loss = 3.9226, nll_loss = 3.8397, ref_nll_loss = 4.0054, ivc_loss = 0.0943, neg_loss_1 = 0.0122, neg_loss_2 = 0.0109, ref_loss = 0.0291, div_loss = 0.0084, 0.779 seconds/batch
2026-04-19 14:56:30,990 - Epoch 11, Batch 1100, lr = 0.00007, final_loss = 3.9396, nll_loss = 3.8608, ref_nll_loss = 4.0184, ivc_loss = 0.0928, neg_loss_1 = 0.0113, neg_loss_2 = 0.0100, ref_loss = 0.0295, div_loss = 0.0084, 0.774 seconds/batch
2026-04-19 14:57:02,304 - Epoch 11, Batch 1150, lr = 0.00007, final_loss = 3.9713, nll_loss = 3.8917, ref_nll_loss = 4.0510, ivc_loss = 0.0959, neg_loss_1 = 0.0142, neg_loss_2 = 0.0099, ref_loss = 0.0294, div_loss = 0.0085, 0.768 seconds/batch
2026-04-19 14:57:11,010 - Epoch 11, Batch 1170, lr = 0.00007, final_loss = 3.9391, nll_loss = 3.8552, ref_nll_loss = 4.0230, ivc_loss = 0.0894, neg_loss_1 = 0.0111, neg_loss_2 = 0.0091, ref_loss = 0.0285, div_loss = 0.0081, 0.762 seconds/batch
2026-04-19 14:57:11,092 - save model to checkpoints/activitynet_moe/cpl_moe/model-11.pt, num_updates 12870.
2026-04-19 15:00:36,305 - | R@1,mIoU 0.2795 | R@1,IoU@0.1 0.6657 | R@1,IoU@0.3 0.4791 | R@1,IoU@0.5 0.1890 | R@1,IoU@0.7 0.0527 | R@1,IoU@0.9 0.0038 | R@5,mIoU 0.5291 | R@5,IoU@0.1 0.9200 | R@5,IoU@0.3 0.7820 | R@5,IoU@0.5 0.5399 | R@5,IoU@0.7 0.3199 | R@5,IoU@0.9 0.0743 |
2026-04-19 15:00:36,305 - ============================================================
2026-04-19 15:00:36,305 - Start Epoch 12
2026-04-19 15:01:15,969 - Epoch 12, Batch 50, lr = 0.00007, final_loss = 3.9118, nll_loss = 3.8280, ref_nll_loss = 3.9956, ivc_loss = 0.0884, neg_loss_1 = 0.0119, neg_loss_2 = 0.0113, ref_loss = 0.0249, div_loss = 0.0081, 0.793 seconds/batch
2026-04-19 15:01:56,106 - Epoch 12, Batch 100, lr = 0.00007, final_loss = 3.8903, nll_loss = 3.8082, ref_nll_loss = 3.9724, ivc_loss = 0.0867, neg_loss_1 = 0.0103, neg_loss_2 = 0.0096, ref_loss = 0.0264, div_loss = 0.0081, 0.798 seconds/batch
2026-04-19 15:02:36,322 - Epoch 12, Batch 150, lr = 0.00007, final_loss = 3.8987, nll_loss = 3.8185, ref_nll_loss = 3.9789, ivc_loss = 0.0928, neg_loss_1 = 0.0128, neg_loss_2 = 0.0121, ref_loss = 0.0267, div_loss = 0.0082, 0.800 seconds/batch
2026-04-19 15:03:16,031 - Epoch 12, Batch 200, lr = 0.00007, final_loss = 3.9094, nll_loss = 3.8307, ref_nll_loss = 3.9881, ivc_loss = 0.0945, neg_loss_1 = 0.0138, neg_loss_2 = 0.0114, ref_loss = 0.0294, div_loss = 0.0080, 0.799 seconds/batch
2026-04-19 15:03:55,610 - Epoch 12, Batch 250, lr = 0.00007, final_loss = 3.9257, nll_loss = 3.8409, ref_nll_loss = 4.0105, ivc_loss = 0.0933, neg_loss_1 = 0.0134, neg_loss_2 = 0.0109, ref_loss = 0.0273, div_loss = 0.0084, 0.797 seconds/batch
2026-04-19 15:04:34,992 - Epoch 12, Batch 300, lr = 0.00007, final_loss = 3.9293, nll_loss = 3.8458, ref_nll_loss = 4.0128, ivc_loss = 0.0889, neg_loss_1 = 0.0103, neg_loss_2 = 0.0113, ref_loss = 0.0262, div_loss = 0.0082, 0.796 seconds/batch
2026-04-19 15:05:14,495 - Epoch 12, Batch 350, lr = 0.00007, final_loss = 3.9197, nll_loss = 3.8374, ref_nll_loss = 4.0021, ivc_loss = 0.0914, neg_loss_1 = 0.0127, neg_loss_2 = 0.0107, ref_loss = 0.0269, div_loss = 0.0082, 0.795 seconds/batch
2026-04-19 15:05:54,130 - Epoch 12, Batch 400, lr = 0.00007, final_loss = 3.9267, nll_loss = 3.8410, ref_nll_loss = 4.0123, ivc_loss = 0.0914, neg_loss_1 = 0.0115, neg_loss_2 = 0.0107, ref_loss = 0.0275, div_loss = 0.0083, 0.795 seconds/batch
2026-04-19 15:06:33,990 - Epoch 12, Batch 450, lr = 0.00007, final_loss = 3.9382, nll_loss = 3.8537, ref_nll_loss = 4.0227, ivc_loss = 0.0881, neg_loss_1 = 0.0114, neg_loss_2 = 0.0089, ref_loss = 0.0272, div_loss = 0.0081, 0.795 seconds/batch
2026-04-19 15:07:14,050 - Epoch 12, Batch 500, lr = 0.00007, final_loss = 3.9180, nll_loss = 3.8339, ref_nll_loss = 4.0022, ivc_loss = 0.0922, neg_loss_1 = 0.0132, neg_loss_2 = 0.0087, ref_loss = 0.0269, div_loss = 0.0087, 0.795 seconds/batch
2026-04-19 15:07:54,090 - Epoch 12, Batch 550, lr = 0.00007, final_loss = 3.9325, nll_loss = 3.8492, ref_nll_loss = 4.0158, ivc_loss = 0.0905, neg_loss_1 = 0.0127, neg_loss_2 = 0.0096, ref_loss = 0.0259, div_loss = 0.0085, 0.796 seconds/batch
2026-04-19 15:08:33,723 - Epoch 12, Batch 600, lr = 0.00007, final_loss = 3.9034, nll_loss = 3.8175, ref_nll_loss = 3.9894, ivc_loss = 0.0869, neg_loss_1 = 0.0125, neg_loss_2 = 0.0093, ref_loss = 0.0238, div_loss = 0.0082, 0.796 seconds/batch
2026-04-19 15:09:13,545 - Epoch 12, Batch 650, lr = 0.00007, final_loss = 3.9272, nll_loss = 3.8423, ref_nll_loss = 4.0121, ivc_loss = 0.0906, neg_loss_1 = 0.0105, neg_loss_2 = 0.0102, ref_loss = 0.0274, div_loss = 0.0085, 0.796 seconds/batch
2026-04-19 15:09:53,047 - Epoch 12, Batch 700, lr = 0.00007, final_loss = 3.9385, nll_loss = 3.8544, ref_nll_loss = 4.0226, ivc_loss = 0.0902, neg_loss_1 = 0.0119, neg_loss_2 = 0.0099, ref_loss = 0.0263, div_loss = 0.0084, 0.795 seconds/batch
2026-04-19 15:10:32,717 - Epoch 12, Batch 750, lr = 0.00007, final_loss = 3.9442, nll_loss = 3.8619, ref_nll_loss = 4.0264, ivc_loss = 0.0971, neg_loss_1 = 0.0114, neg_loss_2 = 0.0125, ref_loss = 0.0300, div_loss = 0.0086, 0.795 seconds/batch
2026-04-19 15:11:12,457 - Epoch 12, Batch 800, lr = 0.00007, final_loss = 3.9794, nll_loss = 3.8973, ref_nll_loss = 4.0615, ivc_loss = 0.0931, neg_loss_1 = 0.0117, neg_loss_2 = 0.0116, ref_loss = 0.0263, div_loss = 0.0087, 0.795 seconds/batch
2026-04-19 15:11:52,586 - Epoch 12, Batch 850, lr = 0.00007, final_loss = 3.9125, nll_loss = 3.8306, ref_nll_loss = 3.9944, ivc_loss = 0.0903, neg_loss_1 = 0.0110, neg_loss_2 = 0.0106, ref_loss = 0.0271, div_loss = 0.0083, 0.796 seconds/batch
2026-04-19 15:12:29,958 - Epoch 12, Batch 900, lr = 0.00007, final_loss = 3.9246, nll_loss = 3.8442, ref_nll_loss = 4.0051, ivc_loss = 0.0943, neg_loss_1 = 0.0126, neg_loss_2 = 0.0111, ref_loss = 0.0290, div_loss = 0.0083, 0.793 seconds/batch
2026-04-19 15:13:03,945 - Epoch 12, Batch 950, lr = 0.00007, final_loss = 3.9449, nll_loss = 3.8582, ref_nll_loss = 4.0317, ivc_loss = 0.0910, neg_loss_1 = 0.0122, neg_loss_2 = 0.0114, ref_loss = 0.0268, div_loss = 0.0081, 0.787 seconds/batch
2026-04-19 15:13:38,127 - Epoch 12, Batch 1000, lr = 0.00007, final_loss = 3.9168, nll_loss = 3.8356, ref_nll_loss = 3.9980, ivc_loss = 0.0907, neg_loss_1 = 0.0110, neg_loss_2 = 0.0114, ref_loss = 0.0282, div_loss = 0.0080, 0.782 seconds/batch
2026-04-19 15:14:12,420 - Epoch 12, Batch 1050, lr = 0.00007, final_loss = 3.9313, nll_loss = 3.8440, ref_nll_loss = 4.0186, ivc_loss = 0.0919, neg_loss_1 = 0.0104, neg_loss_2 = 0.0104, ref_loss = 0.0256, div_loss = 0.0091, 0.777 seconds/batch
2026-04-19 15:14:46,391 - Epoch 12, Batch 1100, lr = 0.00007, final_loss = 3.9457, nll_loss = 3.8629, ref_nll_loss = 4.0284, ivc_loss = 0.0949, neg_loss_1 = 0.0130, neg_loss_2 = 0.0115, ref_loss = 0.0272, div_loss = 0.0087, 0.773 seconds/batch
2026-04-19 15:15:18,078 - Epoch 12, Batch 1150, lr = 0.00007, final_loss = 3.9158, nll_loss = 3.8309, ref_nll_loss = 4.0008, ivc_loss = 0.0912, neg_loss_1 = 0.0115, neg_loss_2 = 0.0118, ref_loss = 0.0250, div_loss = 0.0086, 0.767 seconds/batch
2026-04-19 15:15:26,677 - Epoch 12, Batch 1170, lr = 0.00007, final_loss = 3.9509, nll_loss = 3.8676, ref_nll_loss = 4.0341, ivc_loss = 0.0940, neg_loss_1 = 0.0133, neg_loss_2 = 0.0105, ref_loss = 0.0257, div_loss = 0.0089, 0.761 seconds/batch
2026-04-19 15:15:26,748 - save model to checkpoints/activitynet_moe/cpl_moe/model-12.pt, num_updates 14040.
2026-04-19 15:18:49,844 - | R@1,mIoU 0.2354 | R@1,IoU@0.1 0.5549 | R@1,IoU@0.3 0.4043 | R@1,IoU@0.5 0.1649 | R@1,IoU@0.7 0.0489 | R@1,IoU@0.9 0.0038 | R@5,mIoU 0.5236 | R@5,IoU@0.1 0.9213 | R@5,IoU@0.3 0.7844 | R@5,IoU@0.5 0.5355 | R@5,IoU@0.7 0.3097 | R@5,IoU@0.9 0.0674 |
2026-04-19 15:18:49,846 - ============================================================
2026-04-19 15:18:49,846 - Start Epoch 13
2026-04-19 15:19:29,305 - Epoch 13, Batch 50, lr = 0.00007, final_loss = 3.8958, nll_loss = 3.8109, ref_nll_loss = 3.9806, ivc_loss = 0.0869, neg_loss_1 = 0.0096, neg_loss_2 = 0.0106, ref_loss = 0.0247, div_loss = 0.0084, 0.789 seconds/batch
2026-04-19 15:20:09,150 - Epoch 13, Batch 100, lr = 0.00007, final_loss = 3.8873, nll_loss = 3.8050, ref_nll_loss = 3.9696, ivc_loss = 0.0928, neg_loss_1 = 0.0130, neg_loss_2 = 0.0106, ref_loss = 0.0283, div_loss = 0.0082, 0.793 seconds/batch
2026-04-19 15:20:48,620 - Epoch 13, Batch 150, lr = 0.00007, final_loss = 3.8993, nll_loss = 3.8152, ref_nll_loss = 3.9835, ivc_loss = 0.0905, neg_loss_1 = 0.0123, neg_loss_2 = 0.0120, ref_loss = 0.0258, div_loss = 0.0081, 0.792 seconds/batch
2026-04-19 15:21:28,735 - Epoch 13, Batch 200, lr = 0.00007, final_loss = 3.8957, nll_loss = 3.8162, ref_nll_loss = 3.9753, ivc_loss = 0.0942, neg_loss_1 = 0.0136, neg_loss_2 = 0.0099, ref_loss = 0.0302, div_loss = 0.0081, 0.794 seconds/batch
2026-04-19 15:22:08,704 - Epoch 13, Batch 250, lr = 0.00007, final_loss = 3.8870, nll_loss = 3.8021, ref_nll_loss = 3.9719, ivc_loss = 0.0916, neg_loss_1 = 0.0130, neg_loss_2 = 0.0110, ref_loss = 0.0257, div_loss = 0.0084, 0.795 seconds/batch
2026-04-19 15:22:48,309 - Epoch 13, Batch 300, lr = 0.00007, final_loss = 3.8798, nll_loss = 3.7973, ref_nll_loss = 3.9624, ivc_loss = 0.0959, neg_loss_1 = 0.0125, neg_loss_2 = 0.0125, ref_loss = 0.0289, div_loss = 0.0084, 0.795 seconds/batch
2026-04-19 15:23:27,768 - Epoch 13, Batch 350, lr = 0.00007, final_loss = 3.9011, nll_loss = 3.8183, ref_nll_loss = 3.9839, ivc_loss = 0.0974, neg_loss_1 = 0.0124, neg_loss_2 = 0.0123, ref_loss = 0.0278, div_loss = 0.0090, 0.794 seconds/batch
2026-04-19 15:24:07,537 - Epoch 13, Batch 400, lr = 0.00007, final_loss = 3.8945, nll_loss = 3.8083, ref_nll_loss = 3.9807, ivc_loss = 0.0909, neg_loss_1 = 0.0106, neg_loss_2 = 0.0106, ref_loss = 0.0274, div_loss = 0.0085, 0.794 seconds/batch
2026-04-19 15:24:47,565 - Epoch 13, Batch 450, lr = 0.00007, final_loss = 3.9119, nll_loss = 3.8287, ref_nll_loss = 3.9951, ivc_loss = 0.0916, neg_loss_1 = 0.0123, neg_loss_2 = 0.0094, ref_loss = 0.0269, div_loss = 0.0086, 0.795 seconds/batch
2026-04-19 15:25:27,065 - Epoch 13, Batch 500, lr = 0.00007, final_loss = 3.9303, nll_loss = 3.8442, ref_nll_loss = 4.0163, ivc_loss = 0.0894, neg_loss_1 = 0.0120, neg_loss_2 = 0.0095, ref_loss = 0.0261, div_loss = 0.0084, 0.794 seconds/batch
2026-04-19 15:26:06,734 - Epoch 13, Batch 550, lr = 0.00007, final_loss = 3.9111, nll_loss = 3.8261, ref_nll_loss = 3.9960, ivc_loss = 0.0939, neg_loss_1 = 0.0136, neg_loss_2 = 0.0101, ref_loss = 0.0283, div_loss = 0.0084, 0.794 seconds/batch
2026-04-19 15:26:46,616 - Epoch 13, Batch 600, lr = 0.00007, final_loss = 3.9469, nll_loss = 3.8606, ref_nll_loss = 4.0331, ivc_loss = 0.0893, neg_loss_1 = 0.0127, neg_loss_2 = 0.0096, ref_loss = 0.0250, div_loss = 0.0084, 0.795 seconds/batch
2026-04-19 15:27:26,560 - Epoch 13, Batch 650, lr = 0.00007, final_loss = 3.9443, nll_loss = 3.8604, ref_nll_loss = 4.0281, ivc_loss = 0.0954, neg_loss_1 = 0.0129, neg_loss_2 = 0.0104, ref_loss = 0.0277, div_loss = 0.0089, 0.795 seconds/batch
2026-04-19 15:28:06,638 - Epoch 13, Batch 700, lr = 0.00007, final_loss = 3.8775, nll_loss = 3.7927, ref_nll_loss = 3.9624, ivc_loss = 0.0945, neg_loss_1 = 0.0130, neg_loss_2 = 0.0109, ref_loss = 0.0261, div_loss = 0.0089, 0.795 seconds/batch
2026-04-19 15:28:46,761 - Epoch 13, Batch 750, lr = 0.00007, final_loss = 3.9118, nll_loss = 3.8296, ref_nll_loss = 3.9940, ivc_loss = 0.0934, neg_loss_1 = 0.0116, neg_loss_2 = 0.0100, ref_loss = 0.0289, div_loss = 0.0086, 0.796 seconds/batch
2026-04-19 15:29:26,352 - Epoch 13, Batch 800, lr = 0.00007, final_loss = 3.9178, nll_loss = 3.8369, ref_nll_loss = 3.9987, ivc_loss = 0.0942, neg_loss_1 = 0.0106, neg_loss_2 = 0.0126, ref_loss = 0.0278, div_loss = 0.0086, 0.796 seconds/batch
2026-04-19 15:30:06,324 - Epoch 13, Batch 850, lr = 0.00007, final_loss = 3.8880, nll_loss = 3.8061, ref_nll_loss = 3.9700, ivc_loss = 0.0949, neg_loss_1 = 0.0135, neg_loss_2 = 0.0116, ref_loss = 0.0290, div_loss = 0.0081, 0.796 seconds/batch
2026-04-19 15:30:43,449 - Epoch 13, Batch 900, lr = 0.00007, final_loss = 3.9021, nll_loss = 3.8181, ref_nll_loss = 3.9860, ivc_loss = 0.0934, neg_loss_1 = 0.0137, neg_loss_2 = 0.0100, ref_loss = 0.0281, div_loss = 0.0083, 0.793 seconds/batch
2026-04-19 15:31:17,638 - Epoch 13, Batch 950, lr = 0.00007, final_loss = 3.9210, nll_loss = 3.8323, ref_nll_loss = 4.0097, ivc_loss = 0.0911, neg_loss_1 = 0.0122, neg_loss_2 = 0.0107, ref_loss = 0.0264, div_loss = 0.0084, 0.787 seconds/batch
2026-04-19 15:31:51,939 - Epoch 13, Batch 1000, lr = 0.00007, final_loss = 3.9048, nll_loss = 3.8205, ref_nll_loss = 3.9890, ivc_loss = 0.0914, neg_loss_1 = 0.0147, neg_loss_2 = 0.0102, ref_loss = 0.0261, div_loss = 0.0081, 0.782 seconds/batch
2026-04-19 15:32:26,178 - Epoch 13, Batch 1050, lr = 0.00007, final_loss = 3.9228, nll_loss = 3.8390, ref_nll_loss = 4.0067, ivc_loss = 0.0951, neg_loss_1 = 0.0139, neg_loss_2 = 0.0102, ref_loss = 0.0272, div_loss = 0.0087, 0.777 seconds/batch
2026-04-19 15:33:00,160 - Epoch 13, Batch 1100, lr = 0.00007, final_loss = 3.9159, nll_loss = 3.8334, ref_nll_loss = 3.9985, ivc_loss = 0.0922, neg_loss_1 = 0.0111, neg_loss_2 = 0.0098, ref_loss = 0.0281, div_loss = 0.0086, 0.773 seconds/batch
2026-04-19 15:33:33,025 - Epoch 13, Batch 1150, lr = 0.00006, final_loss = 3.8876, nll_loss = 3.8056, ref_nll_loss = 3.9697, ivc_loss = 0.0942, neg_loss_1 = 0.0102, neg_loss_2 = 0.0117, ref_loss = 0.0288, div_loss = 0.0087, 0.768 seconds/batch
2026-04-19 15:33:41,523 - Epoch 13, Batch 1170, lr = 0.00006, final_loss = 3.9542, nll_loss = 3.8767, ref_nll_loss = 4.0318, ivc_loss = 0.0979, neg_loss_1 = 0.0121, neg_loss_2 = 0.0099, ref_loss = 0.0336, div_loss = 0.0084, 0.762 seconds/batch
2026-04-19 15:33:41,595 - save model to checkpoints/activitynet_moe/cpl_moe/model-13.pt, num_updates 15210.
2026-04-19 15:37:05,533 - | R@1,mIoU 0.2360 | R@1,IoU@0.1 0.5563 | R@1,IoU@0.3 0.4035 | R@1,IoU@0.5 0.1645 | R@1,IoU@0.7 0.0484 | R@1,IoU@0.9 0.0020 | R@5,mIoU 0.5200 | R@5,IoU@0.1 0.9170 | R@5,IoU@0.3 0.7768 | R@5,IoU@0.5 0.5267 | R@5,IoU@0.7 0.3058 | R@5,IoU@0.9 0.0696 |
2026-04-19 15:37:05,535 - ============================================================
2026-04-19 15:37:05,535 - Start Epoch 14
2026-04-19 15:37:45,880 - Epoch 14, Batch 50, lr = 0.00006, final_loss = 3.8688, nll_loss = 3.7838, ref_nll_loss = 3.9537, ivc_loss = 0.0943, neg_loss_1 = 0.0149, neg_loss_2 = 0.0086, ref_loss = 0.0285, div_loss = 0.0085, 0.807 seconds/batch
2026-04-19 15:38:25,356 - Epoch 14, Batch 100, lr = 0.00006, final_loss = 3.8772, nll_loss = 3.7925, ref_nll_loss = 3.9620, ivc_loss = 0.0917, neg_loss_1 = 0.0118, neg_loss_2 = 0.0105, ref_loss = 0.0262, div_loss = 0.0086, 0.798 seconds/batch
2026-04-19 15:39:04,940 - Epoch 14, Batch 150, lr = 0.00006, final_loss = 3.8937, nll_loss = 3.8111, ref_nll_loss = 3.9763, ivc_loss = 0.0953, neg_loss_1 = 0.0123, neg_loss_2 = 0.0110, ref_loss = 0.0283, div_loss = 0.0087, 0.796 seconds/batch
2026-04-19 15:39:44,638 - Epoch 14, Batch 200, lr = 0.00006, final_loss = 3.9146, nll_loss = 3.8321, ref_nll_loss = 3.9972, ivc_loss = 0.0993, neg_loss_1 = 0.0127, neg_loss_2 = 0.0095, ref_loss = 0.0298, div_loss = 0.0094, 0.796 seconds/batch
2026-04-19 15:40:24,828 - Epoch 14, Batch 250, lr = 0.00006, final_loss = 3.8989, nll_loss = 3.8153, ref_nll_loss = 3.9826, ivc_loss = 0.1032, neg_loss_1 = 0.0165, neg_loss_2 = 0.0103, ref_loss = 0.0290, div_loss = 0.0095, 0.797 seconds/batch
2026-04-19 15:41:04,556 - Epoch 14, Batch 300, lr = 0.00006, final_loss = 3.8713, nll_loss = 3.7893, ref_nll_loss = 3.9533, ivc_loss = 0.0965, neg_loss_1 = 0.0148, neg_loss_2 = 0.0103, ref_loss = 0.0273, div_loss = 0.0088, 0.797 seconds/batch
2026-04-19 15:41:44,321 - Epoch 14, Batch 350, lr = 0.00006, final_loss = 3.8668, nll_loss = 3.7794, ref_nll_loss = 3.9543, ivc_loss = 0.0965, neg_loss_1 = 0.0141, neg_loss_2 = 0.0115, ref_loss = 0.0258, div_loss = 0.0090, 0.797 seconds/batch
2026-04-19 15:42:23,725 - Epoch 14, Batch 400, lr = 0.00006, final_loss = 3.8986, nll_loss = 3.8142, ref_nll_loss = 3.9829, ivc_loss = 0.0940, neg_loss_1 = 0.0135, neg_loss_2 = 0.0092, ref_loss = 0.0255, div_loss = 0.0092, 0.795 seconds/batch
2026-04-19 15:43:03,947 - Epoch 14, Batch 450, lr = 0.00006, final_loss = 3.9186, nll_loss = 3.8372, ref_nll_loss = 3.9999, ivc_loss = 0.0941, neg_loss_1 = 0.0119, neg_loss_2 = 0.0086, ref_loss = 0.0283, div_loss = 0.0091, 0.796 seconds/batch
2026-04-19 15:43:43,577 - Epoch 14, Batch 500, lr = 0.00006, final_loss = 3.8804, nll_loss = 3.7986, ref_nll_loss = 3.9622, ivc_loss = 0.0925, neg_loss_1 = 0.0112, neg_loss_2 = 0.0107, ref_loss = 0.0268, div_loss = 0.0088, 0.796 seconds/batch
2026-04-19 15:44:23,735 - Epoch 14, Batch 550, lr = 0.00006, final_loss = 3.8927, nll_loss = 3.8071, ref_nll_loss = 3.9782, ivc_loss = 0.0976, neg_loss_1 = 0.0153, neg_loss_2 = 0.0115, ref_loss = 0.0262, div_loss = 0.0089, 0.797 seconds/batch
2026-04-19 15:45:03,597 - Epoch 14, Batch 600, lr = 0.00006, final_loss = 3.9062, nll_loss = 3.8209, ref_nll_loss = 3.9916, ivc_loss = 0.0996, neg_loss_1 = 0.0179, neg_loss_2 = 0.0105, ref_loss = 0.0272, div_loss = 0.0088, 0.797 seconds/batch
2026-04-19 15:45:43,198 - Epoch 14, Batch 650, lr = 0.00006, final_loss = 3.9052, nll_loss = 3.8200, ref_nll_loss = 3.9904, ivc_loss = 0.0960, neg_loss_1 = 0.0138, neg_loss_2 = 0.0105, ref_loss = 0.0264, div_loss = 0.0090, 0.796 seconds/batch
2026-04-19 15:46:23,246 - Epoch 14, Batch 700, lr = 0.00006, final_loss = 3.8574, nll_loss = 3.7725, ref_nll_loss = 3.9423, ivc_loss = 0.0953, neg_loss_1 = 0.0138, neg_loss_2 = 0.0118, ref_loss = 0.0259, div_loss = 0.0088, 0.797 seconds/batch
2026-04-19 15:47:02,772 - Epoch 14, Batch 750, lr = 0.00006, final_loss = 3.8765, nll_loss = 3.7929, ref_nll_loss = 3.9600, ivc_loss = 0.0968, neg_loss_1 = 0.0152, neg_loss_2 = 0.0115, ref_loss = 0.0265, div_loss = 0.0087, 0.796 seconds/batch
2026-04-19 15:47:42,491 - Epoch 14, Batch 800, lr = 0.00006, final_loss = 3.8815, nll_loss = 3.7992, ref_nll_loss = 3.9638, ivc_loss = 0.0976, neg_loss_1 = 0.0136, neg_loss_2 = 0.0093, ref_loss = 0.0301, div_loss = 0.0089, 0.796 seconds/batch
2026-04-19 15:48:22,144 - Epoch 14, Batch 850, lr = 0.00006, final_loss = 3.8852, nll_loss = 3.7998, ref_nll_loss = 3.9705, ivc_loss = 0.0928, neg_loss_1 = 0.0119, neg_loss_2 = 0.0119, ref_loss = 0.0260, div_loss = 0.0086, 0.796 seconds/batch
2026-04-19 15:48:58,153 - Epoch 14, Batch 900, lr = 0.00006, final_loss = 3.8854, nll_loss = 3.7985, ref_nll_loss = 3.9723, ivc_loss = 0.0970, neg_loss_1 = 0.0141, neg_loss_2 = 0.0109, ref_loss = 0.0277, div_loss = 0.0089, 0.792 seconds/batch
2026-04-19 15:49:32,058 - Epoch 14, Batch 950, lr = 0.00006, final_loss = 3.8881, nll_loss = 3.8015, ref_nll_loss = 3.9746, ivc_loss = 0.0960, neg_loss_1 = 0.0132, neg_loss_2 = 0.0117, ref_loss = 0.0258, div_loss = 0.0090, 0.786 seconds/batch
2026-04-19 15:50:06,324 - Epoch 14, Batch 1000, lr = 0.00006, final_loss = 3.9010, nll_loss = 3.8148, ref_nll_loss = 3.9871, ivc_loss = 0.0923, neg_loss_1 = 0.0116, neg_loss_2 = 0.0108, ref_loss = 0.0251, div_loss = 0.0090, 0.781 seconds/batch
2026-04-19 15:50:40,252 - Epoch 14, Batch 1050, lr = 0.00006, final_loss = 3.9262, nll_loss = 3.8408, ref_nll_loss = 4.0116, ivc_loss = 0.0938, neg_loss_1 = 0.0121, neg_loss_2 = 0.0109, ref_loss = 0.0270, div_loss = 0.0088, 0.776 seconds/batch
2026-04-19 15:51:14,396 - Epoch 14, Batch 1100, lr = 0.00006, final_loss = 3.9419, nll_loss = 3.8585, ref_nll_loss = 4.0253, ivc_loss = 0.0982, neg_loss_1 = 0.0129, neg_loss_2 = 0.0135, ref_loss = 0.0281, div_loss = 0.0087, 0.772 seconds/batch
2026-04-19 15:51:48,108 - Epoch 14, Batch 1150, lr = 0.00006, final_loss = 3.8928, nll_loss = 3.8075, ref_nll_loss = 3.9781, ivc_loss = 0.0938, neg_loss_1 = 0.0136, neg_loss_2 = 0.0111, ref_loss = 0.0258, div_loss = 0.0087, 0.767 seconds/batch
2026-04-19 15:51:56,927 - Epoch 14, Batch 1170, lr = 0.00006, final_loss = 3.9121, nll_loss = 3.8299, ref_nll_loss = 3.9943, ivc_loss = 0.0967, neg_loss_1 = 0.0128, neg_loss_2 = 0.0124, ref_loss = 0.0285, div_loss = 0.0086, 0.762 seconds/batch
2026-04-19 15:51:57,010 - save model to checkpoints/activitynet_moe/cpl_moe/model-14.pt, num_updates 16380.
2026-04-19 15:55:22,476 - | R@1,mIoU 0.2821 | R@1,IoU@0.1 0.6709 | R@1,IoU@0.3 0.4836 | R@1,IoU@0.5 0.1917 | R@1,IoU@0.7 0.0543 | R@1,IoU@0.9 0.0036 | R@5,mIoU 0.5246 | R@5,IoU@0.1 0.9186 | R@5,IoU@0.3 0.7783 | R@5,IoU@0.5 0.5351 | R@5,IoU@0.7 0.3114 | R@5,IoU@0.9 0.0696 |
2026-04-19 15:55:22,476 - ============================================================
2026-04-19 15:55:22,476 - Start Epoch 15
2026-04-19 15:56:02,479 - Epoch 15, Batch 50, lr = 0.00006, final_loss = 3.8641, nll_loss = 3.7760, ref_nll_loss = 3.9522, ivc_loss = 0.0909, neg_loss_1 = 0.0129, neg_loss_2 = 0.0081, ref_loss = 0.0253, div_loss = 0.0089, 0.800 seconds/batch
2026-04-19 15:56:42,276 - Epoch 15, Batch 100, lr = 0.00006, final_loss = 3.8709, nll_loss = 3.7824, ref_nll_loss = 3.9594, ivc_loss = 0.0930, neg_loss_1 = 0.0134, neg_loss_2 = 0.0101, ref_loss = 0.0239, div_loss = 0.0091, 0.798 seconds/batch
2026-04-19 15:57:22,083 - Epoch 15, Batch 150, lr = 0.00006, final_loss = 3.8596, nll_loss = 3.7754, ref_nll_loss = 3.9438, ivc_loss = 0.0981, neg_loss_1 = 0.0143, neg_loss_2 = 0.0116, ref_loss = 0.0275, div_loss = 0.0089, 0.797 seconds/batch
2026-04-19 15:58:02,328 - Epoch 15, Batch 200, lr = 0.00006, final_loss = 3.8538, nll_loss = 3.7671, ref_nll_loss = 3.9406, ivc_loss = 0.0947, neg_loss_1 = 0.0137, neg_loss_2 = 0.0107, ref_loss = 0.0266, div_loss = 0.0087, 0.799 seconds/batch
2026-04-19 15:58:42,580 - Epoch 15, Batch 250, lr = 0.00006, final_loss = 3.8684, nll_loss = 3.7836, ref_nll_loss = 3.9532, ivc_loss = 0.0947, neg_loss_1 = 0.0134, neg_loss_2 = 0.0106, ref_loss = 0.0266, div_loss = 0.0088, 0.800 seconds/batch
2026-04-19 15:59:22,488 - Epoch 15, Batch 300, lr = 0.00006, final_loss = 3.8835, nll_loss = 3.7959, ref_nll_loss = 3.9711, ivc_loss = 0.0941, neg_loss_1 = 0.0127, neg_loss_2 = 0.0120, ref_loss = 0.0256, div_loss = 0.0088, 0.800 seconds/batch
2026-04-19 16:00:02,429 - Epoch 15, Batch 350, lr = 0.00006, final_loss = 3.8481, nll_loss = 3.7605, ref_nll_loss = 3.9357, ivc_loss = 0.0893, neg_loss_1 = 0.0126, neg_loss_2 = 0.0085, ref_loss = 0.0254, div_loss = 0.0086, 0.800 seconds/batch
2026-04-19 16:00:42,610 - Epoch 15, Batch 400, lr = 0.00006, final_loss = 3.8751, nll_loss = 3.7874, ref_nll_loss = 3.9627, ivc_loss = 0.0968, neg_loss_1 = 0.0163, neg_loss_2 = 0.0111, ref_loss = 0.0278, div_loss = 0.0083, 0.800 seconds/batch
2026-04-19 16:01:22,711 - Epoch 15, Batch 450, lr = 0.00006, final_loss = 3.8883, nll_loss = 3.8017, ref_nll_loss = 3.9750, ivc_loss = 0.0992, neg_loss_1 = 0.0151, neg_loss_2 = 0.0117, ref_loss = 0.0283, div_loss = 0.0088, 0.801 seconds/batch
2026-04-19 16:02:02,157 - Epoch 15, Batch 500, lr = 0.00006, final_loss = 3.8935, nll_loss = 3.8112, ref_nll_loss = 3.9758, ivc_loss = 0.0980, neg_loss_1 = 0.0133, neg_loss_2 = 0.0112, ref_loss = 0.0299, div_loss = 0.0087, 0.799 seconds/batch
2026-04-19 16:02:41,719 - Epoch 15, Batch 550, lr = 0.00006, final_loss = 3.8806, nll_loss = 3.7953, ref_nll_loss = 3.9659, ivc_loss = 0.0959, neg_loss_1 = 0.0147, neg_loss_2 = 0.0115, ref_loss = 0.0269, div_loss = 0.0086, 0.799 seconds/batch
2026-04-19 16:03:21,777 - Epoch 15, Batch 600, lr = 0.00006, final_loss = 3.9056, nll_loss = 3.8161, ref_nll_loss = 3.9951, ivc_loss = 0.0932, neg_loss_1 = 0.0130, neg_loss_2 = 0.0096, ref_loss = 0.0254, div_loss = 0.0090, 0.799 seconds/batch
2026-04-19 16:04:01,897 - Epoch 15, Batch 650, lr = 0.00006, final_loss = 3.8682, nll_loss = 3.7831, ref_nll_loss = 3.9534, ivc_loss = 0.0954, neg_loss_1 = 0.0135, neg_loss_2 = 0.0109, ref_loss = 0.0277, div_loss = 0.0087, 0.799 seconds/batch
2026-04-19 16:04:41,921 - Epoch 15, Batch 700, lr = 0.00006, final_loss = 3.8897, nll_loss = 3.8020, ref_nll_loss = 3.9775, ivc_loss = 0.0921, neg_loss_1 = 0.0149, neg_loss_2 = 0.0105, ref_loss = 0.0241, div_loss = 0.0085, 0.799 seconds/batch
2026-04-19 16:05:21,891 - Epoch 15, Batch 750, lr = 0.00006, final_loss = 3.8765, nll_loss = 3.7922, ref_nll_loss = 3.9608, ivc_loss = 0.0977, neg_loss_1 = 0.0135, neg_loss_2 = 0.0132, ref_loss = 0.0274, div_loss = 0.0087, 0.799 seconds/batch
2026-04-19 16:06:01,578 - Epoch 15, Batch 800, lr = 0.00006, final_loss = 3.8777, nll_loss = 3.7910, ref_nll_loss = 3.9644, ivc_loss = 0.0960, neg_loss_1 = 0.0157, neg_loss_2 = 0.0108, ref_loss = 0.0268, div_loss = 0.0085, 0.799 seconds/batch
2026-04-19 16:06:41,497 - Epoch 15, Batch 850, lr = 0.00006, final_loss = 3.8777, nll_loss = 3.7901, ref_nll_loss = 3.9652, ivc_loss = 0.0953, neg_loss_1 = 0.0130, neg_loss_2 = 0.0139, ref_loss = 0.0249, div_loss = 0.0087, 0.799 seconds/batch
2026-04-19 16:07:15,595 - Epoch 15, Batch 900, lr = 0.00006, final_loss = 3.8610, nll_loss = 3.7733, ref_nll_loss = 3.9487, ivc_loss = 0.0931, neg_loss_1 = 0.0133, neg_loss_2 = 0.0121, ref_loss = 0.0250, div_loss = 0.0085, 0.792 seconds/batch
2026-04-19 16:07:49,037 - Epoch 15, Batch 950, lr = 0.00006, final_loss = 3.8916, nll_loss = 3.8049, ref_nll_loss = 3.9782, ivc_loss = 0.0947, neg_loss_1 = 0.0157, neg_loss_2 = 0.0105, ref_loss = 0.0261, div_loss = 0.0085, 0.786 seconds/batch
2026-04-19 16:08:23,539 - Epoch 15, Batch 1000, lr = 0.00006, final_loss = 3.8854, nll_loss = 3.7966, ref_nll_loss = 3.9742, ivc_loss = 0.0923, neg_loss_1 = 0.0116, neg_loss_2 = 0.0102, ref_loss = 0.0268, div_loss = 0.0087, 0.781 seconds/batch
2026-04-19 16:08:57,651 - Epoch 15, Batch 1050, lr = 0.00006, final_loss = 3.9065, nll_loss = 3.8246, ref_nll_loss = 3.9885, ivc_loss = 0.1005, neg_loss_1 = 0.0144, neg_loss_2 = 0.0153, ref_loss = 0.0281, div_loss = 0.0085, 0.776 seconds/batch
2026-04-19 16:09:31,546 - Epoch 15, Batch 1100, lr = 0.00006, final_loss = 3.8425, nll_loss = 3.7566, ref_nll_loss = 3.9283, ivc_loss = 0.0923, neg_loss_1 = 0.0146, neg_loss_2 = 0.0097, ref_loss = 0.0252, div_loss = 0.0085, 0.772 seconds/batch
2026-04-19 16:10:04,603 - Epoch 15, Batch 1150, lr = 0.00006, final_loss = 3.9050, nll_loss = 3.8192, ref_nll_loss = 3.9908, ivc_loss = 0.0962, neg_loss_1 = 0.0138, neg_loss_2 = 0.0117, ref_loss = 0.0274, div_loss = 0.0087, 0.767 seconds/batch
2026-04-19 16:10:13,719 - Epoch 15, Batch 1170, lr = 0.00006, final_loss = 3.8276, nll_loss = 3.7441, ref_nll_loss = 3.9112, ivc_loss = 0.0978, neg_loss_1 = 0.0132, neg_loss_2 = 0.0100, ref_loss = 0.0312, div_loss = 0.0087, 0.762 seconds/batch
2026-04-19 16:10:13,796 - save model to checkpoints/activitynet_moe/cpl_moe/model-15.pt, num_updates 17550.
2026-04-19 16:13:39,496 - | R@1,mIoU 0.2719 | R@1,IoU@0.1 0.6454 | R@1,IoU@0.3 0.4609 | R@1,IoU@0.5 0.1868 | R@1,IoU@0.7 0.0526 | R@1,IoU@0.9 0.0034 | R@5,mIoU 0.5230 | R@5,IoU@0.1 0.9177 | R@5,IoU@0.3 0.7744 | R@5,IoU@0.5 0.5343 | R@5,IoU@0.7 0.3127 | R@5,IoU@0.9 0.0692 |
2026-04-19 16:13:39,496 - ============================================================
2026-04-19 16:13:39,496 - Start Epoch 16
2026-04-19 16:14:19,533 - Epoch 16, Batch 50, lr = 0.00006, final_loss = 3.8778, nll_loss = 3.7904, ref_nll_loss = 3.9652, ivc_loss = 0.0930, neg_loss_1 = 0.0123, neg_loss_2 = 0.0103, ref_loss = 0.0264, div_loss = 0.0088, 0.801 seconds/batch
2026-04-19 16:14:59,464 - Epoch 16, Batch 100, lr = 0.00006, final_loss = 3.8508, nll_loss = 3.7623, ref_nll_loss = 3.9392, ivc_loss = 0.0977, neg_loss_1 = 0.0156, neg_loss_2 = 0.0111, ref_loss = 0.0281, div_loss = 0.0086, 0.800 seconds/batch
2026-04-19 16:15:39,799 - Epoch 16, Batch 150, lr = 0.00006, final_loss = 3.8578, nll_loss = 3.7680, ref_nll_loss = 3.9476, ivc_loss = 0.0932, neg_loss_1 = 0.0151, neg_loss_2 = 0.0107, ref_loss = 0.0233, div_loss = 0.0088, 0.802 seconds/batch
2026-04-19 16:16:19,854 - Epoch 16, Batch 200, lr = 0.00006, final_loss = 3.8451, nll_loss = 3.7576, ref_nll_loss = 3.9327, ivc_loss = 0.0962, neg_loss_1 = 0.0155, neg_loss_2 = 0.0116, ref_loss = 0.0262, div_loss = 0.0086, 0.802 seconds/batch
2026-04-19 16:17:00,113 - Epoch 16, Batch 250, lr = 0.00006, final_loss = 3.8761, nll_loss = 3.7888, ref_nll_loss = 3.9633, ivc_loss = 0.0926, neg_loss_1 = 0.0141, neg_loss_2 = 0.0095, ref_loss = 0.0242, div_loss = 0.0090, 0.802 seconds/batch
2026-04-19 16:17:40,058 - Epoch 16, Batch 300, lr = 0.00006, final_loss = 3.8904, nll_loss = 3.8005, ref_nll_loss = 3.9803, ivc_loss = 0.0952, neg_loss_1 = 0.0146, neg_loss_2 = 0.0115, ref_loss = 0.0255, div_loss = 0.0087, 0.802 seconds/batch
2026-04-19 16:18:20,056 - Epoch 16, Batch 350, lr = 0.00006, final_loss = 3.8461, nll_loss = 3.7565, ref_nll_loss = 3.9356, ivc_loss = 0.0945, neg_loss_1 = 0.0143, neg_loss_2 = 0.0108, ref_loss = 0.0257, div_loss = 0.0087, 0.802 seconds/batch
2026-04-19 16:19:00,255 - Epoch 16, Batch 400, lr = 0.00006, final_loss = 3.8270, nll_loss = 3.7357, ref_nll_loss = 3.9183, ivc_loss = 0.0912, neg_loss_1 = 0.0149, neg_loss_2 = 0.0102, ref_loss = 0.0236, div_loss = 0.0085, 0.802 seconds/batch
2026-04-19 16:19:39,701 - Epoch 16, Batch 450, lr = 0.00006, final_loss = 3.8666, nll_loss = 3.7814, ref_nll_loss = 3.9519, ivc_loss = 0.0961, neg_loss_1 = 0.0157, neg_loss_2 = 0.0115, ref_loss = 0.0267, div_loss = 0.0084, 0.800 seconds/batch
2026-04-19 16:20:18,939 - Epoch 16, Batch 500, lr = 0.00006, final_loss = 3.8434, nll_loss = 3.7583, ref_nll_loss = 3.9285, ivc_loss = 0.0963, neg_loss_1 = 0.0133, neg_loss_2 = 0.0101, ref_loss = 0.0273, div_loss = 0.0091, 0.799 seconds/batch
2026-04-19 16:20:58,769 - Epoch 16, Batch 550, lr = 0.00006, final_loss = 3.8749, nll_loss = 3.7877, ref_nll_loss = 3.9621, ivc_loss = 0.0993, neg_loss_1 = 0.0177, neg_loss_2 = 0.0108, ref_loss = 0.0270, div_loss = 0.0087, 0.799 seconds/batch
2026-04-19 16:21:39,235 - Epoch 16, Batch 600, lr = 0.00006, final_loss = 3.8611, nll_loss = 3.7678, ref_nll_loss = 3.9544, ivc_loss = 0.0919, neg_loss_1 = 0.0132, neg_loss_2 = 0.0103, ref_loss = 0.0242, div_loss = 0.0088, 0.800 seconds/batch
2026-04-19 16:22:19,347 - Epoch 16, Batch 650, lr = 0.00006, final_loss = 3.8948, nll_loss = 3.8089, ref_nll_loss = 3.9808, ivc_loss = 0.0961, neg_loss_1 = 0.0159, neg_loss_2 = 0.0109, ref_loss = 0.0272, div_loss = 0.0084, 0.800 seconds/batch
2026-04-19 16:22:59,279 - Epoch 16, Batch 700, lr = 0.00006, final_loss = 3.8499, nll_loss = 3.7605, ref_nll_loss = 3.9393, ivc_loss = 0.0961, neg_loss_1 = 0.0159, neg_loss_2 = 0.0120, ref_loss = 0.0257, div_loss = 0.0085, 0.800 seconds/batch
2026-04-19 16:23:39,338 - Epoch 16, Batch 750, lr = 0.00006, final_loss = 3.8386, nll_loss = 3.7531, ref_nll_loss = 3.9241, ivc_loss = 0.0937, neg_loss_1 = 0.0164, neg_loss_2 = 0.0100, ref_loss = 0.0245, div_loss = 0.0086, 0.800 seconds/batch
2026-04-19 16:24:18,990 - Epoch 16, Batch 800, lr = 0.00006, final_loss = 3.8681, nll_loss = 3.7782, ref_nll_loss = 3.9580, ivc_loss = 0.0916, neg_loss_1 = 0.0122, neg_loss_2 = 0.0123, ref_loss = 0.0240, div_loss = 0.0086, 0.799 seconds/batch
2026-04-19 16:24:58,044 - Epoch 16, Batch 850, lr = 0.00006, final_loss = 3.8462, nll_loss = 3.7608, ref_nll_loss = 3.9316, ivc_loss = 0.0949, neg_loss_1 = 0.0139, neg_loss_2 = 0.0104, ref_loss = 0.0267, div_loss = 0.0088, 0.798 seconds/batch
2026-04-19 16:25:31,914 - Epoch 16, Batch 900, lr = 0.00006, final_loss = 3.8531, nll_loss = 3.7640, ref_nll_loss = 3.9421, ivc_loss = 0.0936, neg_loss_1 = 0.0130, neg_loss_2 = 0.0095, ref_loss = 0.0260, div_loss = 0.0090, 0.792 seconds/batch
2026-04-19 16:26:05,943 - Epoch 16, Batch 950, lr = 0.00006, final_loss = 3.8776, nll_loss = 3.7932, ref_nll_loss = 3.9620, ivc_loss = 0.0998, neg_loss_1 = 0.0129, neg_loss_2 = 0.0126, ref_loss = 0.0305, div_loss = 0.0088, 0.786 seconds/batch
2026-04-19 16:26:40,268 - Epoch 16, Batch 1000, lr = 0.00006, final_loss = 3.8844, nll_loss = 3.7966, ref_nll_loss = 3.9723, ivc_loss = 0.0954, neg_loss_1 = 0.0153, neg_loss_2 = 0.0106, ref_loss = 0.0263, div_loss = 0.0086, 0.781 seconds/batch
2026-04-19 16:27:14,600 - Epoch 16, Batch 1050, lr = 0.00006, final_loss = 3.8663, nll_loss = 3.7800, ref_nll_loss = 3.9526, ivc_loss = 0.0960, neg_loss_1 = 0.0148, neg_loss_2 = 0.0102, ref_loss = 0.0263, div_loss = 0.0089, 0.776 seconds/batch
2026-04-19 16:27:48,482 - Epoch 16, Batch 1100, lr = 0.00006, final_loss = 3.8485, nll_loss = 3.7627, ref_nll_loss = 3.9342, ivc_loss = 0.0950, neg_loss_1 = 0.0125, neg_loss_2 = 0.0091, ref_loss = 0.0279, div_loss = 0.0091, 0.772 seconds/batch
2026-04-19 16:28:21,675 - Epoch 16, Batch 1150, lr = 0.00006, final_loss = 3.8686, nll_loss = 3.7783, ref_nll_loss = 3.9589, ivc_loss = 0.0950, neg_loss_1 = 0.0152, neg_loss_2 = 0.0104, ref_loss = 0.0248, div_loss = 0.0089, 0.767 seconds/batch
2026-04-19 16:28:31,786 - Epoch 16, Batch 1170, lr = 0.00006, final_loss = 3.8273, nll_loss = 3.7351, ref_nll_loss = 3.9196, ivc_loss = 0.0933, neg_loss_1 = 0.0144, neg_loss_2 = 0.0093, ref_loss = 0.0243, div_loss = 0.0090, 0.763 seconds/batch
2026-04-19 16:28:31,863 - save model to checkpoints/activitynet_moe/cpl_moe/model-16.pt, num_updates 18720.
2026-04-19 16:31:57,785 - | R@1,mIoU 0.2798 | R@1,IoU@0.1 0.6610 | R@1,IoU@0.3 0.4754 | R@1,IoU@0.5 0.1956 | R@1,IoU@0.7 0.0541 | R@1,IoU@0.9 0.0031 | R@5,mIoU 0.5265 | R@5,IoU@0.1 0.9216 | R@5,IoU@0.3 0.7818 | R@5,IoU@0.5 0.5419 | R@5,IoU@0.7 0.3145 | R@5,IoU@0.9 0.0719 |
2026-04-19 16:31:57,785 - ============================================================
2026-04-19 16:31:57,785 - Start Epoch 17
2026-04-19 16:32:37,973 - Epoch 17, Batch 50, lr = 0.00006, final_loss = 3.8368, nll_loss = 3.7475, ref_nll_loss = 3.9261, ivc_loss = 0.0950, neg_loss_1 = 0.0149, neg_loss_2 = 0.0104, ref_loss = 0.0250, div_loss = 0.0089, 0.804 seconds/batch
2026-04-19 16:33:17,838 - Epoch 17, Batch 100, lr = 0.00006, final_loss = 3.8692, nll_loss = 3.7835, ref_nll_loss = 3.9550, ivc_loss = 0.0961, neg_loss_1 = 0.0161, neg_loss_2 = 0.0097, ref_loss = 0.0267, div_loss = 0.0087, 0.801 seconds/batch
2026-04-19 16:33:57,856 - Epoch 17, Batch 150, lr = 0.00006, final_loss = 3.8112, nll_loss = 3.7239, ref_nll_loss = 3.8984, ivc_loss = 0.0965, neg_loss_1 = 0.0164, neg_loss_2 = 0.0114, ref_loss = 0.0252, div_loss = 0.0087, 0.800 seconds/batch
2026-04-19 16:34:38,033 - Epoch 17, Batch 200, lr = 0.00006, final_loss = 3.8639, nll_loss = 3.7775, ref_nll_loss = 3.9503, ivc_loss = 0.0938, neg_loss_1 = 0.0143, neg_loss_2 = 0.0099, ref_loss = 0.0264, div_loss = 0.0086, 0.801 seconds/batch
2026-04-19 16:35:17,606 - Epoch 17, Batch 250, lr = 0.00006, final_loss = 3.8271, nll_loss = 3.7357, ref_nll_loss = 3.9185, ivc_loss = 0.0917, neg_loss_1 = 0.0149, neg_loss_2 = 0.0100, ref_loss = 0.0234, div_loss = 0.0087, 0.799 seconds/batch
2026-04-19 16:35:57,119 - Epoch 17, Batch 300, lr = 0.00006, final_loss = 3.8616, nll_loss = 3.7751, ref_nll_loss = 3.9482, ivc_loss = 0.0955, neg_loss_1 = 0.0163, neg_loss_2 = 0.0119, ref_loss = 0.0260, div_loss = 0.0083, 0.798 seconds/batch
2026-04-19 16:36:36,847 - Epoch 17, Batch 350, lr = 0.00006, final_loss = 3.8576, nll_loss = 3.7703, ref_nll_loss = 3.9450, ivc_loss = 0.0973, neg_loss_1 = 0.0171, neg_loss_2 = 0.0106, ref_loss = 0.0273, div_loss = 0.0085, 0.797 seconds/batch
2026-04-19 16:37:17,043 - Epoch 17, Batch 400, lr = 0.00006, final_loss = 3.8731, nll_loss = 3.7819, ref_nll_loss = 3.9643, ivc_loss = 0.0945, neg_loss_1 = 0.0152, neg_loss_2 = 0.0111, ref_loss = 0.0238, div_loss = 0.0089, 0.798 seconds/batch
2026-04-19 16:37:57,018 - Epoch 17, Batch 450, lr = 0.00006, final_loss = 3.8296, nll_loss = 3.7391, ref_nll_loss = 3.9200, ivc_loss = 0.0949, neg_loss_1 = 0.0141, neg_loss_2 = 0.0108, ref_loss = 0.0245, div_loss = 0.0091, 0.798 seconds/batch
2026-04-19 16:38:36,597 - Epoch 17, Batch 500, lr = 0.00006, final_loss = 3.8327, nll_loss = 3.7397, ref_nll_loss = 3.9257, ivc_loss = 0.0902, neg_loss_1 = 0.0144, neg_loss_2 = 0.0084, ref_loss = 0.0222, div_loss = 0.0091, 0.798 seconds/batch
2026-04-19 16:39:16,614 - Epoch 17, Batch 550, lr = 0.00006, final_loss = 3.8677, nll_loss = 3.7773, ref_nll_loss = 3.9581, ivc_loss = 0.0925, neg_loss_1 = 0.0133, neg_loss_2 = 0.0089, ref_loss = 0.0242, div_loss = 0.0092, 0.798 seconds/batch
2026-04-19 16:39:56,490 - Epoch 17, Batch 600, lr = 0.00006, final_loss = 3.8403, nll_loss = 3.7522, ref_nll_loss = 3.9284, ivc_loss = 0.0970, neg_loss_1 = 0.0129, neg_loss_2 = 0.0098, ref_loss = 0.0265, div_loss = 0.0096, 0.798 seconds/batch
2026-04-19 16:40:36,192 - Epoch 17, Batch 650, lr = 0.00006, final_loss = 3.8014, nll_loss = 3.7132, ref_nll_loss = 3.8896, ivc_loss = 0.0977, neg_loss_1 = 0.0138, neg_loss_2 = 0.0103, ref_loss = 0.0265, div_loss = 0.0094, 0.798 seconds/batch
2026-04-19 16:41:16,205 - Epoch 17, Batch 700, lr = 0.00006, final_loss = 3.8283, nll_loss = 3.7370, ref_nll_loss = 3.9196, ivc_loss = 0.0983, neg_loss_1 = 0.0147, neg_loss_2 = 0.0129, ref_loss = 0.0259, div_loss = 0.0090, 0.798 seconds/batch
2026-04-19 16:41:55,862 - Epoch 17, Batch 750, lr = 0.00006, final_loss = 3.8304, nll_loss = 3.7404, ref_nll_loss = 3.9204, ivc_loss = 0.0950, neg_loss_1 = 0.0158, neg_loss_2 = 0.0107, ref_loss = 0.0243, div_loss = 0.0089, 0.797 seconds/batch
2026-04-19 16:42:35,711 - Epoch 17, Batch 800, lr = 0.00006, final_loss = 3.8383, nll_loss = 3.7505, ref_nll_loss = 3.9260, ivc_loss = 0.1001, neg_loss_1 = 0.0151, neg_loss_2 = 0.0119, ref_loss = 0.0263, div_loss = 0.0094, 0.797 seconds/batch
2026-04-19 16:43:13,375 - Epoch 17, Batch 850, lr = 0.00006, final_loss = 3.8501, nll_loss = 3.7575, ref_nll_loss = 3.9426, ivc_loss = 0.1007, neg_loss_1 = 0.0155, neg_loss_2 = 0.0095, ref_loss = 0.0236, div_loss = 0.0104, 0.795 seconds/batch
2026-04-19 16:43:47,303 - Epoch 17, Batch 900, lr = 0.00006, final_loss = 3.8705, nll_loss = 3.7812, ref_nll_loss = 3.9598, ivc_loss = 0.0987, neg_loss_1 = 0.0145, neg_loss_2 = 0.0107, ref_loss = 0.0242, div_loss = 0.0099, 0.788 seconds/batch
2026-04-19 16:44:21,129 - Epoch 17, Batch 950, lr = 0.00006, final_loss = 3.8638, nll_loss = 3.7761, ref_nll_loss = 3.9515, ivc_loss = 0.0988, neg_loss_1 = 0.0158, neg_loss_2 = 0.0115, ref_loss = 0.0266, div_loss = 0.0090, 0.782 seconds/batch
2026-04-19 16:44:55,072 - Epoch 17, Batch 1000, lr = 0.00006, final_loss = 3.8696, nll_loss = 3.7824, ref_nll_loss = 3.9568, ivc_loss = 0.0980, neg_loss_1 = 0.0160, neg_loss_2 = 0.0116, ref_loss = 0.0263, div_loss = 0.0088, 0.777 seconds/batch
2026-04-19 16:45:28,741 - Epoch 17, Batch 1050, lr = 0.00006, final_loss = 3.8107, nll_loss = 3.7234, ref_nll_loss = 3.8980, ivc_loss = 0.0989, neg_loss_1 = 0.0170, neg_loss_2 = 0.0103, ref_loss = 0.0271, div_loss = 0.0089, 0.772 seconds/batch
2026-04-19 16:46:02,696 - Epoch 17, Batch 1100, lr = 0.00006, final_loss = 3.8400, nll_loss = 3.7503, ref_nll_loss = 3.9296, ivc_loss = 0.1025, neg_loss_1 = 0.0171, neg_loss_2 = 0.0105, ref_loss = 0.0238, div_loss = 0.0102, 0.768 seconds/batch
2026-04-19 16:46:36,778 - Epoch 17, Batch 1150, lr = 0.00006, final_loss = 3.8593, nll_loss = 3.7694, ref_nll_loss = 3.9492, ivc_loss = 0.0962, neg_loss_1 = 0.0156, neg_loss_2 = 0.0094, ref_loss = 0.0238, div_loss = 0.0095, 0.764 seconds/batch
2026-04-19 16:46:47,616 - Epoch 17, Batch 1170, lr = 0.00006, final_loss = 3.8360, nll_loss = 3.7442, ref_nll_loss = 3.9279, ivc_loss = 0.0972, neg_loss_1 = 0.0177, neg_loss_2 = 0.0095, ref_loss = 0.0245, div_loss = 0.0091, 0.761 seconds/batch
2026-04-19 16:46:47,685 - save model to checkpoints/activitynet_moe/cpl_moe/model-17.pt, num_updates 19890.
2026-04-19 16:50:15,067 - | R@1,mIoU 0.3038 | R@1,IoU@0.1 0.7106 | R@1,IoU@0.3 0.5153 | R@1,IoU@0.5 0.2176 | R@1,IoU@0.7 0.0655 | R@1,IoU@0.9 0.0056 | R@5,mIoU 0.5314 | R@5,IoU@0.1 0.9196 | R@5,IoU@0.3 0.7867 | R@5,IoU@0.5 0.5460 | R@5,IoU@0.7 0.3267 | R@5,IoU@0.9 0.0753 |
2026-04-19 16:50:15,138 - Best results have been updated.
2026-04-19 16:50:15,139 - ============================================================
2026-04-19 16:50:15,139 - Start Epoch 18
2026-04-19 16:50:54,412 - Epoch 18, Batch 50, lr = 0.00006, final_loss = 3.8304, nll_loss = 3.7409, ref_nll_loss = 3.9199, ivc_loss = 0.0939, neg_loss_1 = 0.0162, neg_loss_2 = 0.0075, ref_loss = 0.0258, div_loss = 0.0089, 0.785 seconds/batch
2026-04-19 16:51:33,947 - Epoch 18, Batch 100, lr = 0.00006, final_loss = 3.8303, nll_loss = 3.7430, ref_nll_loss = 3.9176, ivc_loss = 0.1003, neg_loss_1 = 0.0156, neg_loss_2 = 0.0122, ref_loss = 0.0245, div_loss = 0.0096, 0.788 seconds/batch
2026-04-19 16:52:13,730 - Epoch 18, Batch 150, lr = 0.00006, final_loss = 3.8176, nll_loss = 3.7258, ref_nll_loss = 3.9094, ivc_loss = 0.0951, neg_loss_1 = 0.0155, neg_loss_2 = 0.0109, ref_loss = 0.0219, div_loss = 0.0094, 0.791 seconds/batch
2026-04-19 16:52:53,260 - Epoch 18, Batch 200, lr = 0.00006, final_loss = 3.8186, nll_loss = 3.7312, ref_nll_loss = 3.9061, ivc_loss = 0.1019, neg_loss_1 = 0.0168, neg_loss_2 = 0.0119, ref_loss = 0.0269, div_loss = 0.0093, 0.791 seconds/batch
2026-04-19 16:53:33,202 - Epoch 18, Batch 250, lr = 0.00006, final_loss = 3.8323, nll_loss = 3.7398, ref_nll_loss = 3.9247, ivc_loss = 0.0992, neg_loss_1 = 0.0152, neg_loss_2 = 0.0111, ref_loss = 0.0256, div_loss = 0.0095, 0.792 seconds/batch
2026-04-19 16:54:13,021 - Epoch 18, Batch 300, lr = 0.00006, final_loss = 3.8158, nll_loss = 3.7288, ref_nll_loss = 3.9029, ivc_loss = 0.0981, neg_loss_1 = 0.0160, neg_loss_2 = 0.0112, ref_loss = 0.0259, div_loss = 0.0090, 0.793 seconds/batch
2026-04-19 16:54:53,503 - Epoch 18, Batch 350, lr = 0.00006, final_loss = 3.8384, nll_loss = 3.7482, ref_nll_loss = 3.9287, ivc_loss = 0.0934, neg_loss_1 = 0.0143, neg_loss_2 = 0.0096, ref_loss = 0.0248, div_loss = 0.0089, 0.795 seconds/batch
2026-04-19 16:55:33,536 - Epoch 18, Batch 400, lr = 0.00006, final_loss = 3.8037, nll_loss = 3.7153, ref_nll_loss = 3.8921, ivc_loss = 0.0966, neg_loss_1 = 0.0156, neg_loss_2 = 0.0098, ref_loss = 0.0247, div_loss = 0.0093, 0.796 seconds/batch
2026-04-19 16:56:12,917 - Epoch 18, Batch 450, lr = 0.00006, final_loss = 3.8453, nll_loss = 3.7496, ref_nll_loss = 3.9411, ivc_loss = 0.0962, neg_loss_1 = 0.0158, neg_loss_2 = 0.0105, ref_loss = 0.0247, div_loss = 0.0090, 0.795 seconds/batch
2026-04-19 16:56:53,073 - Epoch 18, Batch 500, lr = 0.00006, final_loss = 3.8254, nll_loss = 3.7369, ref_nll_loss = 3.9140, ivc_loss = 0.0987, neg_loss_1 = 0.0160, neg_loss_2 = 0.0111, ref_loss = 0.0251, div_loss = 0.0093, 0.796 seconds/batch
2026-04-19 16:57:32,364 - Epoch 18, Batch 550, lr = 0.00006, final_loss = 3.8158, nll_loss = 3.7235, ref_nll_loss = 3.9082, ivc_loss = 0.0959, neg_loss_1 = 0.0131, neg_loss_2 = 0.0094, ref_loss = 0.0258, div_loss = 0.0095, 0.795 seconds/batch
2026-04-19 16:58:11,751 - Epoch 18, Batch 600, lr = 0.00006, final_loss = 3.8251, nll_loss = 3.7327, ref_nll_loss = 3.9176, ivc_loss = 0.0956, neg_loss_1 = 0.0159, neg_loss_2 = 0.0101, ref_loss = 0.0235, div_loss = 0.0092, 0.794 seconds/batch
2026-04-19 16:58:51,638 - Epoch 18, Batch 650, lr = 0.00006, final_loss = 3.8211, nll_loss = 3.7301, ref_nll_loss = 3.9121, ivc_loss = 0.0979, neg_loss_1 = 0.0153, neg_loss_2 = 0.0095, ref_loss = 0.0254, div_loss = 0.0095, 0.795 seconds/batch
2026-04-19 16:59:31,462 - Epoch 18, Batch 700, lr = 0.00006, final_loss = 3.8292, nll_loss = 3.7410, ref_nll_loss = 3.9175, ivc_loss = 0.1014, neg_loss_1 = 0.0154, neg_loss_2 = 0.0122, ref_loss = 0.0263, div_loss = 0.0095, 0.795 seconds/batch
2026-04-19 17:00:11,695 - Epoch 18, Batch 750, lr = 0.00006, final_loss = 3.8501, nll_loss = 3.7609, ref_nll_loss = 3.9393, ivc_loss = 0.0962, neg_loss_1 = 0.0147, neg_loss_2 = 0.0102, ref_loss = 0.0254, div_loss = 0.0092, 0.795 seconds/batch
2026-04-19 17:00:51,462 - Epoch 18, Batch 800, lr = 0.00006, final_loss = 3.8451, nll_loss = 3.7521, ref_nll_loss = 3.9381, ivc_loss = 0.0955, neg_loss_1 = 0.0149, neg_loss_2 = 0.0097, ref_loss = 0.0230, div_loss = 0.0096, 0.795 seconds/batch
2026-04-19 17:01:28,221 - Epoch 18, Batch 850, lr = 0.00006, final_loss = 3.8408, nll_loss = 3.7509, ref_nll_loss = 3.9306, ivc_loss = 0.0963, neg_loss_1 = 0.0157, neg_loss_2 = 0.0089, ref_loss = 0.0245, div_loss = 0.0094, 0.792 seconds/batch
2026-04-19 17:02:02,208 - Epoch 18, Batch 900, lr = 0.00006, final_loss = 3.8595, nll_loss = 3.7657, ref_nll_loss = 3.9534, ivc_loss = 0.0966, neg_loss_1 = 0.0160, neg_loss_2 = 0.0084, ref_loss = 0.0243, div_loss = 0.0096, 0.786 seconds/batch
2026-04-19 17:02:35,923 - Epoch 18, Batch 950, lr = 0.00006, final_loss = 3.8090, nll_loss = 3.7158, ref_nll_loss = 3.9021, ivc_loss = 0.0966, neg_loss_1 = 0.0154, neg_loss_2 = 0.0106, ref_loss = 0.0238, div_loss = 0.0094, 0.780 seconds/batch
2026-04-19 17:03:10,100 - Epoch 18, Batch 1000, lr = 0.00006, final_loss = 3.8452, nll_loss = 3.7557, ref_nll_loss = 3.9347, ivc_loss = 0.0974, neg_loss_1 = 0.0160, neg_loss_2 = 0.0105, ref_loss = 0.0244, div_loss = 0.0093, 0.775 seconds/batch
2026-04-19 17:03:44,168 - Epoch 18, Batch 1050, lr = 0.00006, final_loss = 3.8021, nll_loss = 3.7136, ref_nll_loss = 3.8907, ivc_loss = 0.1010, neg_loss_1 = 0.0172, neg_loss_2 = 0.0127, ref_loss = 0.0274, div_loss = 0.0088, 0.771 seconds/batch
2026-04-19 17:04:17,907 - Epoch 18, Batch 1100, lr = 0.00006, final_loss = 3.8367, nll_loss = 3.7451, ref_nll_loss = 3.9284, ivc_loss = 0.0966, neg_loss_1 = 0.0146, neg_loss_2 = 0.0093, ref_loss = 0.0252, div_loss = 0.0095, 0.766 seconds/batch
2026-04-19 17:04:52,224 - Epoch 18, Batch 1150, lr = 0.00006, final_loss = 3.8516, nll_loss = 3.7585, ref_nll_loss = 3.9447, ivc_loss = 0.0960, neg_loss_1 = 0.0155, neg_loss_2 = 0.0083, ref_loss = 0.0234, div_loss = 0.0097, 0.763 seconds/batch
2026-04-19 17:05:03,265 - Epoch 18, Batch 1170, lr = 0.00006, final_loss = 3.8240, nll_loss = 3.7289, ref_nll_loss = 3.9190, ivc_loss = 0.0941, neg_loss_1 = 0.0121, neg_loss_2 = 0.0113, ref_loss = 0.0213, div_loss = 0.0099, 0.759 seconds/batch
2026-04-19 17:05:03,338 - save model to checkpoints/activitynet_moe/cpl_moe/model-18.pt, num_updates 21060.
2026-04-19 17:08:32,690 - | R@1,mIoU 0.3002 | R@1,IoU@0.1 0.6975 | R@1,IoU@0.3 0.5046 | R@1,IoU@0.5 0.2211 | R@1,IoU@0.7 0.0634 | R@1,IoU@0.9 0.0045 | R@5,mIoU 0.5270 | R@5,IoU@0.1 0.9183 | R@5,IoU@0.3 0.7787 | R@5,IoU@0.5 0.5430 | R@5,IoU@0.7 0.3179 | R@5,IoU@0.9 0.0735 |
2026-04-19 17:08:32,690 - ============================================================
2026-04-19 17:08:32,690 - Start Epoch 19
2026-04-19 17:09:11,521 - Epoch 19, Batch 50, lr = 0.00006, final_loss = 3.8171, nll_loss = 3.7266, ref_nll_loss = 3.9077, ivc_loss = 0.0984, neg_loss_1 = 0.0150, neg_loss_2 = 0.0095, ref_loss = 0.0251, div_loss = 0.0098, 0.777 seconds/batch
2026-04-19 17:09:51,257 - Epoch 19, Batch 100, lr = 0.00005, final_loss = 3.8118, nll_loss = 3.7201, ref_nll_loss = 3.9035, ivc_loss = 0.0969, neg_loss_1 = 0.0170, neg_loss_2 = 0.0104, ref_loss = 0.0229, div_loss = 0.0093, 0.786 seconds/batch
2026-04-19 17:10:31,227 - Epoch 19, Batch 150, lr = 0.00005, final_loss = 3.8193, nll_loss = 3.7295, ref_nll_loss = 3.9090, ivc_loss = 0.0966, neg_loss_1 = 0.0162, neg_loss_2 = 0.0082, ref_loss = 0.0255, div_loss = 0.0093, 0.790 seconds/batch
2026-04-19 17:11:10,915 - Epoch 19, Batch 200, lr = 0.00005, final_loss = 3.7964, nll_loss = 3.7037, ref_nll_loss = 3.8891, ivc_loss = 0.0966, neg_loss_1 = 0.0153, neg_loss_2 = 0.0113, ref_loss = 0.0234, div_loss = 0.0093, 0.791 seconds/batch
2026-04-19 17:11:50,291 - Epoch 19, Batch 250, lr = 0.00005, final_loss = 3.8123, nll_loss = 3.7262, ref_nll_loss = 3.8984, ivc_loss = 0.0996, neg_loss_1 = 0.0166, neg_loss_2 = 0.0086, ref_loss = 0.0278, div_loss = 0.0093, 0.790 seconds/batch
2026-04-19 17:12:30,011 - Epoch 19, Batch 300, lr = 0.00005, final_loss = 3.8048, nll_loss = 3.7119, ref_nll_loss = 3.8978, ivc_loss = 0.0962, neg_loss_1 = 0.0145, neg_loss_2 = 0.0081, ref_loss = 0.0240, div_loss = 0.0099, 0.791 seconds/batch
2026-04-19 17:13:09,898 - Epoch 19, Batch 350, lr = 0.00005, final_loss = 3.7952, nll_loss = 3.7064, ref_nll_loss = 3.8841, ivc_loss = 0.0989, neg_loss_1 = 0.0153, neg_loss_2 = 0.0090, ref_loss = 0.0269, div_loss = 0.0096, 0.792 seconds/batch
2026-04-19 17:13:50,204 - Epoch 19, Batch 400, lr = 0.00005, final_loss = 3.8477, nll_loss = 3.7590, ref_nll_loss = 3.9363, ivc_loss = 0.0970, neg_loss_1 = 0.0143, neg_loss_2 = 0.0113, ref_loss = 0.0251, div_loss = 0.0093, 0.794 seconds/batch
2026-04-19 17:14:29,831 - Epoch 19, Batch 450, lr = 0.00005, final_loss = 3.8061, nll_loss = 3.7152, ref_nll_loss = 3.8970, ivc_loss = 0.0972, neg_loss_1 = 0.0155, neg_loss_2 = 0.0109, ref_loss = 0.0254, div_loss = 0.0091, 0.794 seconds/batch
2026-04-19 17:15:09,668 - Epoch 19, Batch 500, lr = 0.00005, final_loss = 3.8009, nll_loss = 3.7094, ref_nll_loss = 3.8924, ivc_loss = 0.0957, neg_loss_1 = 0.0167, neg_loss_2 = 0.0097, ref_loss = 0.0237, div_loss = 0.0091, 0.794 seconds/batch
2026-04-19 17:15:49,545 - Epoch 19, Batch 550, lr = 0.00005, final_loss = 3.8111, nll_loss = 3.7186, ref_nll_loss = 3.9036, ivc_loss = 0.0983, neg_loss_1 = 0.0150, neg_loss_2 = 0.0102, ref_loss = 0.0261, div_loss = 0.0094, 0.794 seconds/batch
2026-04-19 17:16:29,199 - Epoch 19, Batch 600, lr = 0.00005, final_loss = 3.8313, nll_loss = 3.7407, ref_nll_loss = 3.9218, ivc_loss = 0.0996, neg_loss_1 = 0.0156, neg_loss_2 = 0.0103, ref_loss = 0.0245, div_loss = 0.0098, 0.794 seconds/batch
2026-04-19 17:17:09,065 - Epoch 19, Batch 650, lr = 0.00005, final_loss = 3.8066, nll_loss = 3.7154, ref_nll_loss = 3.8979, ivc_loss = 0.1008, neg_loss_1 = 0.0150, neg_loss_2 = 0.0121, ref_loss = 0.0263, div_loss = 0.0095, 0.794 seconds/batch
2026-04-19 17:17:48,883 - Epoch 19, Batch 700, lr = 0.00005, final_loss = 3.8263, nll_loss = 3.7337, ref_nll_loss = 3.9189, ivc_loss = 0.0971, neg_loss_1 = 0.0152, neg_loss_2 = 0.0108, ref_loss = 0.0236, div_loss = 0.0095, 0.795 seconds/batch
2026-04-19 17:18:28,805 - Epoch 19, Batch 750, lr = 0.00005, final_loss = 3.8028, nll_loss = 3.7094, ref_nll_loss = 3.8962, ivc_loss = 0.0918, neg_loss_1 = 0.0125, neg_loss_2 = 0.0101, ref_loss = 0.0221, div_loss = 0.0094, 0.795 seconds/batch
2026-04-19 17:19:09,133 - Epoch 19, Batch 800, lr = 0.00005, final_loss = 3.8054, nll_loss = 3.7129, ref_nll_loss = 3.8979, ivc_loss = 0.0991, neg_loss_1 = 0.0183, neg_loss_2 = 0.0111, ref_loss = 0.0241, div_loss = 0.0091, 0.796 seconds/batch
2026-04-19 17:19:44,819 - Epoch 19, Batch 850, lr = 0.00005, final_loss = 3.8154, nll_loss = 3.7247, ref_nll_loss = 3.9061, ivc_loss = 0.0971, neg_loss_1 = 0.0130, neg_loss_2 = 0.0112, ref_loss = 0.0266, div_loss = 0.0093, 0.791 seconds/batch
2026-04-19 17:20:18,727 - Epoch 19, Batch 900, lr = 0.00005, final_loss = 3.8091, nll_loss = 3.7154, ref_nll_loss = 3.9027, ivc_loss = 0.1001, neg_loss_1 = 0.0148, neg_loss_2 = 0.0136, ref_loss = 0.0229, div_loss = 0.0098, 0.784 seconds/batch
2026-04-19 17:20:53,044 - Epoch 19, Batch 950, lr = 0.00005, final_loss = 3.8015, nll_loss = 3.7079, ref_nll_loss = 3.8950, ivc_loss = 0.0979, neg_loss_1 = 0.0161, neg_loss_2 = 0.0099, ref_loss = 0.0244, div_loss = 0.0095, 0.779 seconds/batch
2026-04-19 17:21:26,853 - Epoch 19, Batch 1000, lr = 0.00005, final_loss = 3.8480, nll_loss = 3.7583, ref_nll_loss = 3.9377, ivc_loss = 0.0997, neg_loss_1 = 0.0149, neg_loss_2 = 0.0108, ref_loss = 0.0258, div_loss = 0.0097, 0.774 seconds/batch
2026-04-19 17:22:01,021 - Epoch 19, Batch 1050, lr = 0.00005, final_loss = 3.8568, nll_loss = 3.7627, ref_nll_loss = 3.9508, ivc_loss = 0.0984, neg_loss_1 = 0.0183, neg_loss_2 = 0.0093, ref_loss = 0.0232, div_loss = 0.0095, 0.770 seconds/batch
2026-04-19 17:22:35,075 - Epoch 19, Batch 1100, lr = 0.00005, final_loss = 3.8104, nll_loss = 3.7166, ref_nll_loss = 3.9042, ivc_loss = 0.0969, neg_loss_1 = 0.0134, neg_loss_2 = 0.0089, ref_loss = 0.0247, div_loss = 0.0100, 0.766 seconds/batch
2026-04-19 17:23:08,717 - Epoch 19, Batch 1150, lr = 0.00005, final_loss = 3.8268, nll_loss = 3.7347, ref_nll_loss = 3.9188, ivc_loss = 0.0973, neg_loss_1 = 0.0147, neg_loss_2 = 0.0104, ref_loss = 0.0234, div_loss = 0.0098, 0.762 seconds/batch
2026-04-19 17:23:19,442 - Epoch 19, Batch 1170, lr = 0.00005, final_loss = 3.8374, nll_loss = 3.7468, ref_nll_loss = 3.9281, ivc_loss = 0.1041, neg_loss_1 = 0.0185, neg_loss_2 = 0.0102, ref_loss = 0.0273, div_loss = 0.0096, 0.758 seconds/batch
2026-04-19 17:23:19,514 - save model to checkpoints/activitynet_moe/cpl_moe/model-19.pt, num_updates 22230.
2026-04-19 17:26:50,893 - | R@1,mIoU 0.3111 | R@1,IoU@0.1 0.7143 | R@1,IoU@0.3 0.5195 | R@1,IoU@0.5 0.2345 | R@1,IoU@0.7 0.0750 | R@1,IoU@0.9 0.0081 | R@5,mIoU 0.5244 | R@5,IoU@0.1 0.9169 | R@5,IoU@0.3 0.7776 | R@5,IoU@0.5 0.5373 | R@5,IoU@0.7 0.3177 | R@5,IoU@0.9 0.0719 |
2026-04-19 17:26:50,965 - Best results have been updated.
2026-04-19 17:26:50,965 - ============================================================
2026-04-19 17:26:50,965 - Start Epoch 20
2026-04-19 17:27:29,250 - Epoch 20, Batch 50, lr = 0.00005, final_loss = 3.7878, nll_loss = 3.6996, ref_nll_loss = 3.8761, ivc_loss = 0.0991, neg_loss_1 = 0.0172, neg_loss_2 = 0.0094, ref_loss = 0.0247, div_loss = 0.0096, 0.766 seconds/batch
2026-04-19 17:28:09,224 - Epoch 20, Batch 100, lr = 0.00005, final_loss = 3.8183, nll_loss = 3.7246, ref_nll_loss = 3.9120, ivc_loss = 0.0973, neg_loss_1 = 0.0162, neg_loss_2 = 0.0106, ref_loss = 0.0228, div_loss = 0.0095, 0.783 seconds/batch
2026-04-19 17:28:49,052 - Epoch 20, Batch 150, lr = 0.00005, final_loss = 3.7852, nll_loss = 3.6943, ref_nll_loss = 3.8761, ivc_loss = 0.0984, neg_loss_1 = 0.0167, neg_loss_2 = 0.0101, ref_loss = 0.0247, div_loss = 0.0094, 0.787 seconds/batch
2026-04-19 17:29:28,479 - Epoch 20, Batch 200, lr = 0.00005, final_loss = 3.7739, nll_loss = 3.6848, ref_nll_loss = 3.8630, ivc_loss = 0.1006, neg_loss_1 = 0.0153, neg_loss_2 = 0.0103, ref_loss = 0.0279, div_loss = 0.0094, 0.788 seconds/batch
2026-04-19 17:30:08,377 - Epoch 20, Batch 250, lr = 0.00005, final_loss = 3.7911, nll_loss = 3.7009, ref_nll_loss = 3.8813, ivc_loss = 0.0991, neg_loss_1 = 0.0145, neg_loss_2 = 0.0108, ref_loss = 0.0268, div_loss = 0.0094, 0.790 seconds/batch
2026-04-19 17:30:47,963 - Epoch 20, Batch 300, lr = 0.00005, final_loss = 3.8111, nll_loss = 3.7164, ref_nll_loss = 3.9057, ivc_loss = 0.1013, neg_loss_1 = 0.0182, neg_loss_2 = 0.0125, ref_loss = 0.0235, div_loss = 0.0094, 0.790 seconds/batch
2026-04-19 17:31:27,558 - Epoch 20, Batch 350, lr = 0.00005, final_loss = 3.8199, nll_loss = 3.7270, ref_nll_loss = 3.9129, ivc_loss = 0.0963, neg_loss_1 = 0.0168, neg_loss_2 = 0.0095, ref_loss = 0.0237, div_loss = 0.0093, 0.790 seconds/batch
2026-04-19 17:32:07,276 - Epoch 20, Batch 400, lr = 0.00005, final_loss = 3.8102, nll_loss = 3.7177, ref_nll_loss = 3.9028, ivc_loss = 0.0967, neg_loss_1 = 0.0155, neg_loss_2 = 0.0117, ref_loss = 0.0228, div_loss = 0.0093, 0.791 seconds/batch
2026-04-19 17:32:47,162 - Epoch 20, Batch 450, lr = 0.00005, final_loss = 3.8062, nll_loss = 3.7144, ref_nll_loss = 3.8979, ivc_loss = 0.0962, neg_loss_1 = 0.0135, neg_loss_2 = 0.0108, ref_loss = 0.0244, div_loss = 0.0095, 0.792 seconds/batch
2026-04-19 17:33:27,006 - Epoch 20, Batch 500, lr = 0.00005, final_loss = 3.7969, nll_loss = 3.7031, ref_nll_loss = 3.8907, ivc_loss = 0.0964, neg_loss_1 = 0.0165, neg_loss_2 = 0.0097, ref_loss = 0.0235, div_loss = 0.0093, 0.792 seconds/batch
2026-04-19 17:34:07,083 - Epoch 20, Batch 550, lr = 0.00005, final_loss = 3.8286, nll_loss = 3.7374, ref_nll_loss = 3.9198, ivc_loss = 0.0987, neg_loss_1 = 0.0139, neg_loss_2 = 0.0092, ref_loss = 0.0270, div_loss = 0.0097, 0.793 seconds/batch
2026-04-19 17:34:47,102 - Epoch 20, Batch 600, lr = 0.00005, final_loss = 3.7980, nll_loss = 3.7061, ref_nll_loss = 3.8899, ivc_loss = 0.1015, neg_loss_1 = 0.0155, neg_loss_2 = 0.0136, ref_loss = 0.0245, div_loss = 0.0096, 0.794 seconds/batch
2026-04-19 17:35:27,005 - Epoch 20, Batch 650, lr = 0.00005, final_loss = 3.8240, nll_loss = 3.7289, ref_nll_loss = 3.9192, ivc_loss = 0.0931, neg_loss_1 = 0.0127, neg_loss_2 = 0.0097, ref_loss = 0.0220, div_loss = 0.0097, 0.794 seconds/batch
2026-04-19 17:36:06,839 - Epoch 20, Batch 700, lr = 0.00005, final_loss = 3.8082, nll_loss = 3.7159, ref_nll_loss = 3.9004, ivc_loss = 0.0966, neg_loss_1 = 0.0160, neg_loss_2 = 0.0116, ref_loss = 0.0242, div_loss = 0.0089, 0.794 seconds/batch
2026-04-19 17:36:46,500 - Epoch 20, Batch 750, lr = 0.00005, final_loss = 3.7929, nll_loss = 3.7017, ref_nll_loss = 3.8841, ivc_loss = 0.0984, neg_loss_1 = 0.0140, neg_loss_2 = 0.0108, ref_loss = 0.0252, div_loss = 0.0097, 0.794 seconds/batch
2026-04-19 17:37:26,126 - Epoch 20, Batch 800, lr = 0.00005, final_loss = 3.8233, nll_loss = 3.7311, ref_nll_loss = 3.9154, ivc_loss = 0.0993, neg_loss_1 = 0.0144, neg_loss_2 = 0.0088, ref_loss = 0.0258, div_loss = 0.0100, 0.794 seconds/batch
2026-04-19 17:38:00,297 - Epoch 20, Batch 850, lr = 0.00005, final_loss = 3.8263, nll_loss = 3.7357, ref_nll_loss = 3.9169, ivc_loss = 0.1021, neg_loss_1 = 0.0163, neg_loss_2 = 0.0109, ref_loss = 0.0261, div_loss = 0.0098, 0.787 seconds/batch
2026-04-19 17:38:34,132 - Epoch 20, Batch 900, lr = 0.00005, final_loss = 3.7885, nll_loss = 3.6946, ref_nll_loss = 3.8823, ivc_loss = 0.0947, neg_loss_1 = 0.0137, neg_loss_2 = 0.0105, ref_loss = 0.0232, div_loss = 0.0095, 0.781 seconds/batch
2026-04-19 17:39:08,228 - Epoch 20, Batch 950, lr = 0.00005, final_loss = 3.7983, nll_loss = 3.7105, ref_nll_loss = 3.8861, ivc_loss = 0.0965, neg_loss_1 = 0.0146, neg_loss_2 = 0.0119, ref_loss = 0.0247, div_loss = 0.0091, 0.776 seconds/batch
2026-04-19 17:39:42,202 - Epoch 20, Batch 1000, lr = 0.00005, final_loss = 3.8171, nll_loss = 3.7254, ref_nll_loss = 3.9087, ivc_loss = 0.0974, neg_loss_1 = 0.0154, neg_loss_2 = 0.0107, ref_loss = 0.0253, div_loss = 0.0092, 0.771 seconds/batch
2026-04-19 17:40:15,833 - Epoch 20, Batch 1050, lr = 0.00005, final_loss = 3.7694, nll_loss = 3.6769, ref_nll_loss = 3.8619, ivc_loss = 0.1006, neg_loss_1 = 0.0170, neg_loss_2 = 0.0110, ref_loss = 0.0259, div_loss = 0.0093, 0.767 seconds/batch
2026-04-19 17:40:49,960 - Epoch 20, Batch 1100, lr = 0.00005, final_loss = 3.7856, nll_loss = 3.6921, ref_nll_loss = 3.8791, ivc_loss = 0.0969, neg_loss_1 = 0.0161, neg_loss_2 = 0.0097, ref_loss = 0.0241, div_loss = 0.0094, 0.763 seconds/batch
2026-04-19 17:41:24,095 - Epoch 20, Batch 1150, lr = 0.00005, final_loss = 3.8070, nll_loss = 3.7157, ref_nll_loss = 3.8984, ivc_loss = 0.0972, neg_loss_1 = 0.0154, neg_loss_2 = 0.0096, ref_loss = 0.0246, div_loss = 0.0095, 0.759 seconds/batch
2026-04-19 17:41:34,904 - Epoch 20, Batch 1170, lr = 0.00005, final_loss = 3.8206, nll_loss = 3.7238, ref_nll_loss = 3.9173, ivc_loss = 0.0927, neg_loss_1 = 0.0157, neg_loss_2 = 0.0077, ref_loss = 0.0229, div_loss = 0.0093, 0.756 seconds/batch
2026-04-19 17:41:34,976 - save model to checkpoints/activitynet_moe/cpl_moe/model-20.pt, num_updates 23400.
2026-04-19 17:45:09,553 - | R@1,mIoU 0.2951 | R@1,IoU@0.1 0.6930 | R@1,IoU@0.3 0.5058 | R@1,IoU@0.5 0.2104 | R@1,IoU@0.7 0.0597 | R@1,IoU@0.9 0.0045 | R@5,mIoU 0.5264 | R@5,IoU@0.1 0.9174 | R@5,IoU@0.3 0.7819 | R@5,IoU@0.5 0.5398 | R@5,IoU@0.7 0.3167 | R@5,IoU@0.9 0.0720 |
2026-04-19 17:45:09,553 - ============================================================
2026-04-19 17:45:09,553 - Start Epoch 21
2026-04-19 17:45:47,631 - Epoch 21, Batch 50, lr = 0.00005, final_loss = 3.7727, nll_loss = 3.6829, ref_nll_loss = 3.8624, ivc_loss = 0.1035, neg_loss_1 = 0.0189, neg_loss_2 = 0.0101, ref_loss = 0.0270, div_loss = 0.0095, 0.762 seconds/batch
2026-04-19 17:46:26,690 - Epoch 21, Batch 100, lr = 0.00005, final_loss = 3.8051, nll_loss = 3.7091, ref_nll_loss = 3.9011, ivc_loss = 0.0968, neg_loss_1 = 0.0162, neg_loss_2 = 0.0092, ref_loss = 0.0225, div_loss = 0.0098, 0.771 seconds/batch
2026-04-19 17:47:05,959 - Epoch 21, Batch 150, lr = 0.00005, final_loss = 3.7745, nll_loss = 3.6778, ref_nll_loss = 3.8711, ivc_loss = 0.0977, neg_loss_1 = 0.0153, neg_loss_2 = 0.0099, ref_loss = 0.0221, div_loss = 0.0101, 0.776 seconds/batch
2026-04-19 17:47:45,971 - Epoch 21, Batch 200, lr = 0.00005, final_loss = 3.8029, nll_loss = 3.7117, ref_nll_loss = 3.8940, ivc_loss = 0.0987, neg_loss_1 = 0.0154, neg_loss_2 = 0.0099, ref_loss = 0.0237, div_loss = 0.0099, 0.782 seconds/batch
2026-04-19 17:48:25,509 - Epoch 21, Batch 250, lr = 0.00005, final_loss = 3.7794, nll_loss = 3.6849, ref_nll_loss = 3.8738, ivc_loss = 0.0993, neg_loss_1 = 0.0170, neg_loss_2 = 0.0106, ref_loss = 0.0251, div_loss = 0.0093, 0.784 seconds/batch
2026-04-19 17:49:05,403 - Epoch 21, Batch 300, lr = 0.00005, final_loss = 3.8027, nll_loss = 3.7129, ref_nll_loss = 3.8926, ivc_loss = 0.1003, neg_loss_1 = 0.0178, neg_loss_2 = 0.0100, ref_loss = 0.0272, div_loss = 0.0091, 0.786 seconds/batch
2026-04-19 17:49:45,265 - Epoch 21, Batch 350, lr = 0.00005, final_loss = 3.7804, nll_loss = 3.6852, ref_nll_loss = 3.8757, ivc_loss = 0.1000, neg_loss_1 = 0.0163, neg_loss_2 = 0.0121, ref_loss = 0.0255, div_loss = 0.0093, 0.788 seconds/batch
2026-04-19 17:50:25,177 - Epoch 21, Batch 400, lr = 0.00005, final_loss = 3.7878, nll_loss = 3.6981, ref_nll_loss = 3.8776, ivc_loss = 0.0969, neg_loss_1 = 0.0171, neg_loss_2 = 0.0099, ref_loss = 0.0235, div_loss = 0.0093, 0.789 seconds/batch
2026-04-19 17:51:04,874 - Epoch 21, Batch 450, lr = 0.00005, final_loss = 3.7849, nll_loss = 3.6947, ref_nll_loss = 3.8750, ivc_loss = 0.1024, neg_loss_1 = 0.0170, neg_loss_2 = 0.0129, ref_loss = 0.0267, div_loss = 0.0092, 0.790 seconds/batch
2026-04-19 17:51:44,993 - Epoch 21, Batch 500, lr = 0.00005, final_loss = 3.7557, nll_loss = 3.6614, ref_nll_loss = 3.8500, ivc_loss = 0.0944, neg_loss_1 = 0.0147, neg_loss_2 = 0.0093, ref_loss = 0.0229, div_loss = 0.0095, 0.791 seconds/batch
2026-04-19 17:52:25,020 - Epoch 21, Batch 550, lr = 0.00005, final_loss = 3.7869, nll_loss = 3.6923, ref_nll_loss = 3.8815, ivc_loss = 0.0984, neg_loss_1 = 0.0159, neg_loss_2 = 0.0105, ref_loss = 0.0233, div_loss = 0.0097, 0.792 seconds/batch
2026-04-19 17:53:04,864 - Epoch 21, Batch 600, lr = 0.00005, final_loss = 3.7995, nll_loss = 3.7029, ref_nll_loss = 3.8960, ivc_loss = 0.0979, neg_loss_1 = 0.0142, neg_loss_2 = 0.0091, ref_loss = 0.0239, div_loss = 0.0101, 0.792 seconds/batch
2026-04-19 17:53:44,532 - Epoch 21, Batch 650, lr = 0.00005, final_loss = 3.7769, nll_loss = 3.6838, ref_nll_loss = 3.8699, ivc_loss = 0.0986, neg_loss_1 = 0.0160, neg_loss_2 = 0.0089, ref_loss = 0.0248, div_loss = 0.0098, 0.792 seconds/batch
2026-04-19 17:54:24,667 - Epoch 21, Batch 700, lr = 0.00005, final_loss = 3.7928, nll_loss = 3.7032, ref_nll_loss = 3.8823, ivc_loss = 0.1015, neg_loss_1 = 0.0180, neg_loss_2 = 0.0108, ref_loss = 0.0243, div_loss = 0.0097, 0.793 seconds/batch
2026-04-19 17:55:04,725 - Epoch 21, Batch 750, lr = 0.00005, final_loss = 3.8049, nll_loss = 3.7134, ref_nll_loss = 3.8964, ivc_loss = 0.0969, neg_loss_1 = 0.0170, neg_loss_2 = 0.0094, ref_loss = 0.0248, div_loss = 0.0091, 0.794 seconds/batch
2026-04-19 17:55:42,399 - Epoch 21, Batch 800, lr = 0.00005, final_loss = 3.7925, nll_loss = 3.6990, ref_nll_loss = 3.8860, ivc_loss = 0.0988, neg_loss_1 = 0.0172, neg_loss_2 = 0.0100, ref_loss = 0.0240, div_loss = 0.0095, 0.791 seconds/batch
2026-04-19 17:56:16,817 - Epoch 21, Batch 850, lr = 0.00005, final_loss = 3.7669, nll_loss = 3.6746, ref_nll_loss = 3.8592, ivc_loss = 0.1010, neg_loss_1 = 0.0161, neg_loss_2 = 0.0099, ref_loss = 0.0258, div_loss = 0.0098, 0.785 seconds/batch
2026-04-19 17:56:51,621 - Epoch 21, Batch 900, lr = 0.00005, final_loss = 3.7912, nll_loss = 3.7013, ref_nll_loss = 3.8812, ivc_loss = 0.1034, neg_loss_1 = 0.0176, neg_loss_2 = 0.0111, ref_loss = 0.0245, div_loss = 0.0100, 0.780 seconds/batch
2026-04-19 17:57:25,719 - Epoch 21, Batch 950, lr = 0.00005, final_loss = 3.8437, nll_loss = 3.7521, ref_nll_loss = 3.9353, ivc_loss = 0.1044, neg_loss_1 = 0.0167, neg_loss_2 = 0.0125, ref_loss = 0.0273, div_loss = 0.0096, 0.775 seconds/batch
2026-04-19 17:57:59,613 - Epoch 21, Batch 1000, lr = 0.00005, final_loss = 3.8039, nll_loss = 3.7131, ref_nll_loss = 3.8948, ivc_loss = 0.1008, neg_loss_1 = 0.0167, neg_loss_2 = 0.0118, ref_loss = 0.0257, div_loss = 0.0093, 0.770 seconds/batch
2026-04-19 17:58:33,455 - Epoch 21, Batch 1050, lr = 0.00005, final_loss = 3.7887, nll_loss = 3.6960, ref_nll_loss = 3.8815, ivc_loss = 0.1016, neg_loss_1 = 0.0183, neg_loss_2 = 0.0106, ref_loss = 0.0256, div_loss = 0.0094, 0.766 seconds/batch
2026-04-19 17:59:07,714 - Epoch 21, Batch 1100, lr = 0.00005, final_loss = 3.7673, nll_loss = 3.6729, ref_nll_loss = 3.8616, ivc_loss = 0.0979, neg_loss_1 = 0.0165, neg_loss_2 = 0.0104, ref_loss = 0.0240, div_loss = 0.0094, 0.762 seconds/batch
2026-04-19 17:59:41,665 - Epoch 21, Batch 1150, lr = 0.00005, final_loss = 3.7953, nll_loss = 3.7010, ref_nll_loss = 3.8896, ivc_loss = 0.0990, neg_loss_1 = 0.0177, neg_loss_2 = 0.0096, ref_loss = 0.0250, div_loss = 0.0094, 0.758 seconds/batch
2026-04-19 17:59:52,272 - Epoch 21, Batch 1170, lr = 0.00005, final_loss = 3.8059, nll_loss = 3.7137, ref_nll_loss = 3.8981, ivc_loss = 0.1063, neg_loss_1 = 0.0160, neg_loss_2 = 0.0137, ref_loss = 0.0274, div_loss = 0.0098, 0.754 seconds/batch
2026-04-19 17:59:52,343 - save model to checkpoints/activitynet_moe/cpl_moe/model-21.pt, num_updates 24570.
2026-04-19 18:03:29,667 - | R@1,mIoU 0.2834 | R@1,IoU@0.1 0.6523 | R@1,IoU@0.3 0.4807 | R@1,IoU@0.5 0.2116 | R@1,IoU@0.7 0.0615 | R@1,IoU@0.9 0.0043 | R@5,mIoU 0.5206 | R@5,IoU@0.1 0.9133 | R@5,IoU@0.3 0.7703 | R@5,IoU@0.5 0.5324 | R@5,IoU@0.7 0.3131 | R@5,IoU@0.9 0.0691 |
2026-04-19 18:03:29,667 - ============================================================
2026-04-19 18:03:29,667 - Start Epoch 22
2026-04-19 18:04:07,339 - Epoch 22, Batch 50, lr = 0.00005, final_loss = 3.7720, nll_loss = 3.6818, ref_nll_loss = 3.8621, ivc_loss = 0.1001, neg_loss_1 = 0.0151, neg_loss_2 = 0.0124, ref_loss = 0.0247, div_loss = 0.0096, 0.753 seconds/batch
2026-04-19 18:04:47,048 - Epoch 22, Batch 100, lr = 0.00005, final_loss = 3.7796, nll_loss = 3.6864, ref_nll_loss = 3.8727, ivc_loss = 0.1011, neg_loss_1 = 0.0174, neg_loss_2 = 0.0089, ref_loss = 0.0261, div_loss = 0.0097, 0.774 seconds/batch
2026-04-19 18:05:26,526 - Epoch 22, Batch 150, lr = 0.00005, final_loss = 3.7854, nll_loss = 3.6914, ref_nll_loss = 3.8794, ivc_loss = 0.0982, neg_loss_1 = 0.0153, neg_loss_2 = 0.0116, ref_loss = 0.0237, div_loss = 0.0095, 0.779 seconds/batch
2026-04-19 18:06:06,295 - Epoch 22, Batch 200, lr = 0.00005, final_loss = 3.7783, nll_loss = 3.6848, ref_nll_loss = 3.8718, ivc_loss = 0.1007, neg_loss_1 = 0.0182, neg_loss_2 = 0.0094, ref_loss = 0.0238, div_loss = 0.0099, 0.783 seconds/batch
2026-04-19 18:06:46,199 - Epoch 22, Batch 250, lr = 0.00005, final_loss = 3.7885, nll_loss = 3.6958, ref_nll_loss = 3.8811, ivc_loss = 0.0995, neg_loss_1 = 0.0170, neg_loss_2 = 0.0079, ref_loss = 0.0251, div_loss = 0.0099, 0.786 seconds/batch
2026-04-19 18:07:25,844 - Epoch 22, Batch 300, lr = 0.00005, final_loss = 3.7687, nll_loss = 3.6744, ref_nll_loss = 3.8630, ivc_loss = 0.0991, neg_loss_1 = 0.0144, neg_loss_2 = 0.0107, ref_loss = 0.0248, div_loss = 0.0099, 0.787 seconds/batch
2026-04-19 18:08:05,538 - Epoch 22, Batch 350, lr = 0.00005, final_loss = 3.7724, nll_loss = 3.6761, ref_nll_loss = 3.8687, ivc_loss = 0.0992, neg_loss_1 = 0.0178, neg_loss_2 = 0.0119, ref_loss = 0.0226, div_loss = 0.0094, 0.788 seconds/batch
2026-04-19 18:08:44,954 - Epoch 22, Batch 400, lr = 0.00005, final_loss = 3.7528, nll_loss = 3.6551, ref_nll_loss = 3.8505, ivc_loss = 0.0960, neg_loss_1 = 0.0152, neg_loss_2 = 0.0102, ref_loss = 0.0232, div_loss = 0.0095, 0.788 seconds/batch
2026-04-19 18:09:24,590 - Epoch 22, Batch 450, lr = 0.00005, final_loss = 3.7893, nll_loss = 3.6957, ref_nll_loss = 3.8828, ivc_loss = 0.0989, neg_loss_1 = 0.0161, neg_loss_2 = 0.0102, ref_loss = 0.0247, div_loss = 0.0096, 0.789 seconds/batch
2026-04-19 18:10:04,566 - Epoch 22, Batch 500, lr = 0.00005, final_loss = 3.7729, nll_loss = 3.6741, ref_nll_loss = 3.8717, ivc_loss = 0.0960, neg_loss_1 = 0.0147, neg_loss_2 = 0.0120, ref_loss = 0.0235, div_loss = 0.0091, 0.790 seconds/batch
2026-04-19 18:10:44,470 - Epoch 22, Batch 550, lr = 0.00005, final_loss = 3.7783, nll_loss = 3.6851, ref_nll_loss = 3.8714, ivc_loss = 0.0997, neg_loss_1 = 0.0162, neg_loss_2 = 0.0102, ref_loss = 0.0256, div_loss = 0.0095, 0.791 seconds/batch
2026-04-19 18:11:24,306 - Epoch 22, Batch 600, lr = 0.00005, final_loss = 3.7595, nll_loss = 3.6654, ref_nll_loss = 3.8536, ivc_loss = 0.0960, neg_loss_1 = 0.0155, neg_loss_2 = 0.0093, ref_loss = 0.0225, div_loss = 0.0097, 0.791 seconds/batch
2026-04-19 18:12:04,394 - Epoch 22, Batch 650, lr = 0.00005, final_loss = 3.7779, nll_loss = 3.6850, ref_nll_loss = 3.8709, ivc_loss = 0.1018, neg_loss_1 = 0.0166, neg_loss_2 = 0.0115, ref_loss = 0.0263, div_loss = 0.0095, 0.792 seconds/batch
2026-04-19 18:12:44,258 - Epoch 22, Batch 700, lr = 0.00005, final_loss = 3.7890, nll_loss = 3.6941, ref_nll_loss = 3.8839, ivc_loss = 0.1005, neg_loss_1 = 0.0175, neg_loss_2 = 0.0125, ref_loss = 0.0235, div_loss = 0.0094, 0.792 seconds/batch
2026-04-19 18:13:23,988 - Epoch 22, Batch 750, lr = 0.00005, final_loss = 3.7460, nll_loss = 3.6519, ref_nll_loss = 3.8400, ivc_loss = 0.0939, neg_loss_1 = 0.0133, neg_loss_2 = 0.0090, ref_loss = 0.0229, div_loss = 0.0097, 0.792 seconds/batch
2026-04-19 18:14:00,208 - Epoch 22, Batch 800, lr = 0.00005, final_loss = 3.7883, nll_loss = 3.6949, ref_nll_loss = 3.8816, ivc_loss = 0.0982, neg_loss_1 = 0.0165, neg_loss_2 = 0.0094, ref_loss = 0.0246, div_loss = 0.0095, 0.788 seconds/batch
2026-04-19 18:14:34,199 - Epoch 22, Batch 850, lr = 0.00005, final_loss = 3.7932, nll_loss = 3.6978, ref_nll_loss = 3.8886, ivc_loss = 0.0955, neg_loss_1 = 0.0145, neg_loss_2 = 0.0101, ref_loss = 0.0228, div_loss = 0.0096, 0.782 seconds/batch
2026-04-19 18:15:08,239 - Epoch 22, Batch 900, lr = 0.00005, final_loss = 3.7749, nll_loss = 3.6818, ref_nll_loss = 3.8680, ivc_loss = 0.0951, neg_loss_1 = 0.0139, neg_loss_2 = 0.0108, ref_loss = 0.0235, div_loss = 0.0094, 0.776 seconds/batch
2026-04-19 18:15:42,311 - Epoch 22, Batch 950, lr = 0.00005, final_loss = 3.7907, nll_loss = 3.6977, ref_nll_loss = 3.8837, ivc_loss = 0.1003, neg_loss_1 = 0.0179, neg_loss_2 = 0.0100, ref_loss = 0.0246, div_loss = 0.0096, 0.771 seconds/batch
2026-04-19 18:16:16,272 - Epoch 22, Batch 1000, lr = 0.00005, final_loss = 3.7743, nll_loss = 3.6798, ref_nll_loss = 3.8688, ivc_loss = 0.0936, neg_loss_1 = 0.0157, neg_loss_2 = 0.0076, ref_loss = 0.0238, div_loss = 0.0093, 0.767 seconds/batch
2026-04-19 18:16:50,445 - Epoch 22, Batch 1050, lr = 0.00005, final_loss = 3.7684, nll_loss = 3.6754, ref_nll_loss = 3.8613, ivc_loss = 0.0985, neg_loss_1 = 0.0183, neg_loss_2 = 0.0099, ref_loss = 0.0247, div_loss = 0.0091, 0.763 seconds/batch
2026-04-19 18:17:24,627 - Epoch 22, Batch 1100, lr = 0.00005, final_loss = 3.7995, nll_loss = 3.7048, ref_nll_loss = 3.8942, ivc_loss = 0.0976, neg_loss_1 = 0.0160, neg_loss_2 = 0.0119, ref_loss = 0.0247, div_loss = 0.0090, 0.759 seconds/batch
2026-04-19 18:17:58,017 - Epoch 22, Batch 1150, lr = 0.00005, final_loss = 3.8144, nll_loss = 3.7204, ref_nll_loss = 3.9084, ivc_loss = 0.0983, neg_loss_1 = 0.0175, neg_loss_2 = 0.0094, ref_loss = 0.0254, div_loss = 0.0092, 0.755 seconds/batch
2026-04-19 18:18:08,781 - Epoch 22, Batch 1170, lr = 0.00005, final_loss = 3.8338, nll_loss = 3.7458, ref_nll_loss = 3.9219, ivc_loss = 0.1018, neg_loss_1 = 0.0174, neg_loss_2 = 0.0080, ref_loss = 0.0284, div_loss = 0.0096, 0.751 seconds/batch
2026-04-19 18:18:08,859 - save model to checkpoints/activitynet_moe/cpl_moe/model-22.pt, num_updates 25740.
2026-04-19 18:21:47,810 - | R@1,mIoU 0.2749 | R@1,IoU@0.1 0.6203 | R@1,IoU@0.3 0.4512 | R@1,IoU@0.5 0.2103 | R@1,IoU@0.7 0.0737 | R@1,IoU@0.9 0.0075 | R@5,mIoU 0.5263 | R@5,IoU@0.1 0.9164 | R@5,IoU@0.3 0.7761 | R@5,IoU@0.5 0.5389 | R@5,IoU@0.7 0.3209 | R@5,IoU@0.9 0.0746 |
2026-04-19 18:21:47,812 - ============================================================
2026-04-19 18:21:47,812 - Start Epoch 23
2026-04-19 18:22:25,450 - Epoch 23, Batch 50, lr = 0.00005, final_loss = 3.7553, nll_loss = 3.6583, ref_nll_loss = 3.8522, ivc_loss = 0.0998, neg_loss_1 = 0.0178, neg_loss_2 = 0.0110, ref_loss = 0.0232, div_loss = 0.0095, 0.753 seconds/batch
2026-04-19 18:23:05,292 - Epoch 23, Batch 100, lr = 0.00005, final_loss = 3.7658, nll_loss = 3.6691, ref_nll_loss = 3.8625, ivc_loss = 0.0954, neg_loss_1 = 0.0154, neg_loss_2 = 0.0087, ref_loss = 0.0220, div_loss = 0.0098, 0.775 seconds/batch
2026-04-19 18:23:45,010 - Epoch 23, Batch 150, lr = 0.00005, final_loss = 3.7599, nll_loss = 3.6620, ref_nll_loss = 3.8578, ivc_loss = 0.0937, neg_loss_1 = 0.0148, neg_loss_2 = 0.0100, ref_loss = 0.0205, div_loss = 0.0097, 0.781 seconds/batch
2026-04-19 18:24:25,040 - Epoch 23, Batch 200, lr = 0.00005, final_loss = 3.7724, nll_loss = 3.6766, ref_nll_loss = 3.8681, ivc_loss = 0.0945, neg_loss_1 = 0.0142, neg_loss_2 = 0.0090, ref_loss = 0.0245, div_loss = 0.0094, 0.786 seconds/batch
2026-04-19 18:25:04,803 - Epoch 23, Batch 250, lr = 0.00005, final_loss = 3.7560, nll_loss = 3.6625, ref_nll_loss = 3.8495, ivc_loss = 0.0987, neg_loss_1 = 0.0130, neg_loss_2 = 0.0108, ref_loss = 0.0266, div_loss = 0.0097, 0.788 seconds/batch
2026-04-19 18:25:44,725 - Epoch 23, Batch 300, lr = 0.00005, final_loss = 3.7623, nll_loss = 3.6725, ref_nll_loss = 3.8522, ivc_loss = 0.1025, neg_loss_1 = 0.0157, neg_loss_2 = 0.0106, ref_loss = 0.0266, div_loss = 0.0099, 0.790 seconds/batch
2026-04-19 18:26:24,796 - Epoch 23, Batch 350, lr = 0.00005, final_loss = 3.7607, nll_loss = 3.6704, ref_nll_loss = 3.8510, ivc_loss = 0.0979, neg_loss_1 = 0.0165, neg_loss_2 = 0.0084, ref_loss = 0.0248, div_loss = 0.0096, 0.791 seconds/batch
2026-04-19 18:27:05,242 - Epoch 23, Batch 400, lr = 0.00005, final_loss = 3.7503, nll_loss = 3.6532, ref_nll_loss = 3.8474, ivc_loss = 0.0992, neg_loss_1 = 0.0171, neg_loss_2 = 0.0108, ref_loss = 0.0235, div_loss = 0.0095, 0.794 seconds/batch
2026-04-19 18:27:45,285 - Epoch 23, Batch 450, lr = 0.00005, final_loss = 3.7287, nll_loss = 3.6341, ref_nll_loss = 3.8233, ivc_loss = 0.0994, neg_loss_1 = 0.0163, neg_loss_2 = 0.0099, ref_loss = 0.0233, div_loss = 0.0100, 0.794 seconds/batch
2026-04-19 18:28:24,794 - Epoch 23, Batch 500, lr = 0.00005, final_loss = 3.7765, nll_loss = 3.6800, ref_nll_loss = 3.8730, ivc_loss = 0.0963, neg_loss_1 = 0.0141, neg_loss_2 = 0.0093, ref_loss = 0.0227, div_loss = 0.0100, 0.794 seconds/batch
2026-04-19 18:29:04,604 - Epoch 23, Batch 550, lr = 0.00005, final_loss = 3.7828, nll_loss = 3.6862, ref_nll_loss = 3.8794, ivc_loss = 0.1000, neg_loss_1 = 0.0155, neg_loss_2 = 0.0105, ref_loss = 0.0241, div_loss = 0.0100, 0.794 seconds/batch
2026-04-19 18:29:44,015 - Epoch 23, Batch 600, lr = 0.00005, final_loss = 3.7643, nll_loss = 3.6719, ref_nll_loss = 3.8567, ivc_loss = 0.1026, neg_loss_1 = 0.0161, neg_loss_2 = 0.0106, ref_loss = 0.0247, div_loss = 0.0102, 0.794 seconds/batch
2026-04-19 18:30:23,986 - Epoch 23, Batch 650, lr = 0.00005, final_loss = 3.7848, nll_loss = 3.6955, ref_nll_loss = 3.8741, ivc_loss = 0.1029, neg_loss_1 = 0.0189, neg_loss_2 = 0.0108, ref_loss = 0.0250, div_loss = 0.0096, 0.794 seconds/batch
2026-04-19 18:31:03,412 - Epoch 23, Batch 700, lr = 0.00005, final_loss = 3.7760, nll_loss = 3.6801, ref_nll_loss = 3.8720, ivc_loss = 0.0953, neg_loss_1 = 0.0142, neg_loss_2 = 0.0117, ref_loss = 0.0223, div_loss = 0.0094, 0.794 seconds/batch
2026-04-19 18:31:43,566 - Epoch 23, Batch 750, lr = 0.00005, final_loss = 3.7847, nll_loss = 3.6894, ref_nll_loss = 3.8800, ivc_loss = 0.1019, neg_loss_1 = 0.0178, neg_loss_2 = 0.0127, ref_loss = 0.0247, div_loss = 0.0093, 0.794 seconds/batch
2026-04-19 18:32:17,726 - Epoch 23, Batch 800, lr = 0.00005, final_loss = 3.7822, nll_loss = 3.6864, ref_nll_loss = 3.8780, ivc_loss = 0.0959, neg_loss_1 = 0.0155, neg_loss_2 = 0.0087, ref_loss = 0.0240, div_loss = 0.0095, 0.787 seconds/batch
2026-04-19 18:32:51,727 - Epoch 23, Batch 850, lr = 0.00005, final_loss = 3.7582, nll_loss = 3.6633, ref_nll_loss = 3.8531, ivc_loss = 0.1034, neg_loss_1 = 0.0186, neg_loss_2 = 0.0125, ref_loss = 0.0232, div_loss = 0.0098, 0.781 seconds/batch
2026-04-19 18:33:25,811 - Epoch 23, Batch 900, lr = 0.00005, final_loss = 3.7434, nll_loss = 3.6492, ref_nll_loss = 3.8376, ivc_loss = 0.1003, neg_loss_1 = 0.0179, neg_loss_2 = 0.0082, ref_loss = 0.0243, div_loss = 0.0100, 0.776 seconds/batch
2026-04-19 18:34:00,082 - Epoch 23, Batch 950, lr = 0.00005, final_loss = 3.7764, nll_loss = 3.6835, ref_nll_loss = 3.8692, ivc_loss = 0.1014, neg_loss_1 = 0.0181, neg_loss_2 = 0.0110, ref_loss = 0.0246, div_loss = 0.0095, 0.771 seconds/batch
2026-04-19 18:34:34,105 - Epoch 23, Batch 1000, lr = 0.00005, final_loss = 3.7813, nll_loss = 3.6884, ref_nll_loss = 3.8742, ivc_loss = 0.1042, neg_loss_1 = 0.0178, neg_loss_2 = 0.0100, ref_loss = 0.0258, div_loss = 0.0101, 0.766 seconds/batch
2026-04-19 18:35:08,431 - Epoch 23, Batch 1050, lr = 0.00005, final_loss = 3.7815, nll_loss = 3.6879, ref_nll_loss = 3.8750, ivc_loss = 0.0998, neg_loss_1 = 0.0163, neg_loss_2 = 0.0112, ref_loss = 0.0245, div_loss = 0.0096, 0.762 seconds/batch
2026-04-19 18:35:42,191 - Epoch 23, Batch 1100, lr = 0.00005, final_loss = 3.7571, nll_loss = 3.6655, ref_nll_loss = 3.8486, ivc_loss = 0.1012, neg_loss_1 = 0.0156, neg_loss_2 = 0.0101, ref_loss = 0.0271, div_loss = 0.0097, 0.759 seconds/batch
2026-04-19 18:36:14,879 - Epoch 23, Batch 1150, lr = 0.00005, final_loss = 3.7647, nll_loss = 3.6691, ref_nll_loss = 3.8604, ivc_loss = 0.0996, neg_loss_1 = 0.0172, neg_loss_2 = 0.0101, ref_loss = 0.0232, div_loss = 0.0098, 0.754 seconds/batch
2026-04-19 18:36:25,529 - Epoch 23, Batch 1170, lr = 0.00005, final_loss = 3.7712, nll_loss = 3.6749, ref_nll_loss = 3.8675, ivc_loss = 0.0992, neg_loss_1 = 0.0171, neg_loss_2 = 0.0091, ref_loss = 0.0236, div_loss = 0.0099, 0.750 seconds/batch
2026-04-19 18:36:25,605 - save model to checkpoints/activitynet_moe/cpl_moe/model-23.pt, num_updates 26910.
2026-04-19 18:40:05,184 - | R@1,mIoU 0.3144 | R@1,IoU@0.1 0.7191 | R@1,IoU@0.3 0.5316 | R@1,IoU@0.5 0.2348 | R@1,IoU@0.7 0.0737 | R@1,IoU@0.9 0.0076 | R@5,mIoU 0.5250 | R@5,IoU@0.1 0.9177 | R@5,IoU@0.3 0.7789 | R@5,IoU@0.5 0.5384 | R@5,IoU@0.7 0.3179 | R@5,IoU@0.9 0.0736 |
2026-04-19 18:40:05,251 - Best results have been updated.
2026-04-19 18:40:05,252 - ============================================================
2026-04-19 18:40:05,252 - Start Epoch 24
2026-04-19 18:40:41,502 - Epoch 24, Batch 50, lr = 0.00005, final_loss = 3.7505, nll_loss = 3.6538, ref_nll_loss = 3.8472, ivc_loss = 0.0975, neg_loss_1 = 0.0150, neg_loss_2 = 0.0098, ref_loss = 0.0236, div_loss = 0.0098, 0.725 seconds/batch
2026-04-19 18:41:21,634 - Epoch 24, Batch 100, lr = 0.00005, final_loss = 3.7289, nll_loss = 3.6351, ref_nll_loss = 3.8227, ivc_loss = 0.1025, neg_loss_1 = 0.0185, neg_loss_2 = 0.0097, ref_loss = 0.0261, div_loss = 0.0097, 0.764 seconds/batch
2026-04-19 18:42:01,702 - Epoch 24, Batch 150, lr = 0.00005, final_loss = 3.7674, nll_loss = 3.6753, ref_nll_loss = 3.8595, ivc_loss = 0.1018, neg_loss_1 = 0.0191, neg_loss_2 = 0.0086, ref_loss = 0.0261, div_loss = 0.0096, 0.776 seconds/batch
2026-04-19 18:42:41,421 - Epoch 24, Batch 200, lr = 0.00005, final_loss = 3.7500, nll_loss = 3.6559, ref_nll_loss = 3.8441, ivc_loss = 0.1002, neg_loss_1 = 0.0158, neg_loss_2 = 0.0094, ref_loss = 0.0247, div_loss = 0.0101, 0.781 seconds/batch
2026-04-19 18:43:21,088 - Epoch 24, Batch 250, lr = 0.00005, final_loss = 3.7400, nll_loss = 3.6466, ref_nll_loss = 3.8335, ivc_loss = 0.0970, neg_loss_1 = 0.0151, neg_loss_2 = 0.0098, ref_loss = 0.0250, div_loss = 0.0094, 0.783 seconds/batch
2026-04-19 18:44:00,845 - Epoch 24, Batch 300, lr = 0.00005, final_loss = 3.7510, nll_loss = 3.6549, ref_nll_loss = 3.8470, ivc_loss = 0.1007, neg_loss_1 = 0.0168, neg_loss_2 = 0.0103, ref_loss = 0.0256, div_loss = 0.0096, 0.785 seconds/batch
2026-04-19 18:44:40,438 - Epoch 24, Batch 350, lr = 0.00005, final_loss = 3.7768, nll_loss = 3.6803, ref_nll_loss = 3.8733, ivc_loss = 0.0983, neg_loss_1 = 0.0169, neg_loss_2 = 0.0101, ref_loss = 0.0241, div_loss = 0.0094, 0.786 seconds/batch
2026-04-19 18:45:20,319 - Epoch 24, Batch 400, lr = 0.00005, final_loss = 3.7363, nll_loss = 3.6379, ref_nll_loss = 3.8348, ivc_loss = 0.0974, neg_loss_1 = 0.0161, neg_loss_2 = 0.0095, ref_loss = 0.0219, div_loss = 0.0100, 0.788 seconds/batch
2026-04-19 18:46:00,342 - Epoch 24, Batch 450, lr = 0.00005, final_loss = 3.7770, nll_loss = 3.6854, ref_nll_loss = 3.8685, ivc_loss = 0.1021, neg_loss_1 = 0.0171, neg_loss_2 = 0.0117, ref_loss = 0.0246, div_loss = 0.0098, 0.789 seconds/batch
2026-04-19 18:46:39,676 - Epoch 24, Batch 500, lr = 0.00005, final_loss = 3.7253, nll_loss = 3.6284, ref_nll_loss = 3.8223, ivc_loss = 0.0966, neg_loss_1 = 0.0144, neg_loss_2 = 0.0094, ref_loss = 0.0228, div_loss = 0.0100, 0.789 seconds/batch
2026-04-19 18:47:19,512 - Epoch 24, Batch 550, lr = 0.00005, final_loss = 3.7446, nll_loss = 3.6487, ref_nll_loss = 3.8405, ivc_loss = 0.0997, neg_loss_1 = 0.0177, neg_loss_2 = 0.0096, ref_loss = 0.0217, div_loss = 0.0101, 0.790 seconds/batch
2026-04-19 18:47:59,443 - Epoch 24, Batch 600, lr = 0.00005, final_loss = 3.7815, nll_loss = 3.6860, ref_nll_loss = 3.8771, ivc_loss = 0.0994, neg_loss_1 = 0.0146, neg_loss_2 = 0.0106, ref_loss = 0.0239, div_loss = 0.0100, 0.790 seconds/batch
2026-04-19 18:48:39,254 - Epoch 24, Batch 650, lr = 0.00005, final_loss = 3.7748, nll_loss = 3.6770, ref_nll_loss = 3.8726, ivc_loss = 0.0998, neg_loss_1 = 0.0160, neg_loss_2 = 0.0102, ref_loss = 0.0233, div_loss = 0.0101, 0.791 seconds/batch
2026-04-19 18:49:19,182 - Epoch 24, Batch 700, lr = 0.00005, final_loss = 3.7819, nll_loss = 3.6876, ref_nll_loss = 3.8761, ivc_loss = 0.0989, neg_loss_1 = 0.0167, neg_loss_2 = 0.0097, ref_loss = 0.0247, div_loss = 0.0096, 0.791 seconds/batch
2026-04-19 18:49:58,555 - Epoch 24, Batch 750, lr = 0.00005, final_loss = 3.7287, nll_loss = 3.6309, ref_nll_loss = 3.8265, ivc_loss = 0.0965, neg_loss_1 = 0.0160, neg_loss_2 = 0.0104, ref_loss = 0.0233, div_loss = 0.0094, 0.791 seconds/batch
2026-04-19 18:50:32,441 - Epoch 24, Batch 800, lr = 0.00005, final_loss = 3.7525, nll_loss = 3.6575, ref_nll_loss = 3.8474, ivc_loss = 0.0977, neg_loss_1 = 0.0173, neg_loss_2 = 0.0081, ref_loss = 0.0240, div_loss = 0.0097, 0.784 seconds/batch
2026-04-19 18:51:05,963 - Epoch 24, Batch 850, lr = 0.00005, final_loss = 3.7514, nll_loss = 3.6591, ref_nll_loss = 3.8436, ivc_loss = 0.1020, neg_loss_1 = 0.0151, neg_loss_2 = 0.0118, ref_loss = 0.0253, div_loss = 0.0100, 0.777 seconds/batch
2026-04-19 18:51:39,772 - Epoch 24, Batch 900, lr = 0.00005, final_loss = 3.7596, nll_loss = 3.6629, ref_nll_loss = 3.8564, ivc_loss = 0.0990, neg_loss_1 = 0.0156, neg_loss_2 = 0.0093, ref_loss = 0.0226, div_loss = 0.0103, 0.772 seconds/batch
2026-04-19 18:52:13,736 - Epoch 24, Batch 950, lr = 0.00005, final_loss = 3.7535, nll_loss = 3.6584, ref_nll_loss = 3.8486, ivc_loss = 0.1004, neg_loss_1 = 0.0146, neg_loss_2 = 0.0116, ref_loss = 0.0248, div_loss = 0.0099, 0.767 seconds/batch
2026-04-19 18:52:47,391 - Epoch 24, Batch 1000, lr = 0.00005, final_loss = 3.7534, nll_loss = 3.6533, ref_nll_loss = 3.8534, ivc_loss = 0.0963, neg_loss_1 = 0.0148, neg_loss_2 = 0.0109, ref_loss = 0.0209, div_loss = 0.0099, 0.762 seconds/batch
2026-04-19 18:53:21,335 - Epoch 24, Batch 1050, lr = 0.00005, final_loss = 3.7352, nll_loss = 3.6408, ref_nll_loss = 3.8297, ivc_loss = 0.0952, neg_loss_1 = 0.0136, neg_loss_2 = 0.0096, ref_loss = 0.0210, div_loss = 0.0102, 0.758 seconds/batch
2026-04-19 18:53:55,456 - Epoch 24, Batch 1100, lr = 0.00005, final_loss = 3.7893, nll_loss = 3.6963, ref_nll_loss = 3.8823, ivc_loss = 0.0996, neg_loss_1 = 0.0159, neg_loss_2 = 0.0092, ref_loss = 0.0238, div_loss = 0.0102, 0.755 seconds/batch
2026-04-19 18:54:28,571 - Epoch 24, Batch 1150, lr = 0.00005, final_loss = 3.7738, nll_loss = 3.6791, ref_nll_loss = 3.8686, ivc_loss = 0.1019, neg_loss_1 = 0.0148, neg_loss_2 = 0.0124, ref_loss = 0.0236, div_loss = 0.0102, 0.751 seconds/batch
2026-04-19 18:54:39,294 - Epoch 24, Batch 1170, lr = 0.00005, final_loss = 3.7618, nll_loss = 3.6661, ref_nll_loss = 3.8575, ivc_loss = 0.1023, neg_loss_1 = 0.0156, neg_loss_2 = 0.0073, ref_loss = 0.0254, div_loss = 0.0108, 0.747 seconds/batch
2026-04-19 18:54:39,363 - save model to checkpoints/activitynet_moe/cpl_moe/model-24.pt, num_updates 28080.
2026-04-19 18:58:22,575 - | R@1,mIoU 0.2992 | R@1,IoU@0.1 0.6857 | R@1,IoU@0.3 0.4927 | R@1,IoU@0.5 0.2303 | R@1,IoU@0.7 0.0746 | R@1,IoU@0.9 0.0075 | R@5,mIoU 0.5244 | R@5,IoU@0.1 0.9153 | R@5,IoU@0.3 0.7771 | R@5,IoU@0.5 0.5384 | R@5,IoU@0.7 0.3152 | R@5,IoU@0.9 0.0754 |
2026-04-19 18:58:22,575 - ============================================================
2026-04-19 18:58:22,575 - Start Epoch 25
2026-04-19 18:58:58,930 - Epoch 25, Batch 50, lr = 0.00005, final_loss = 3.7439, nll_loss = 3.6501, ref_nll_loss = 3.8377, ivc_loss = 0.1001, neg_loss_1 = 0.0143, neg_loss_2 = 0.0111, ref_loss = 0.0249, div_loss = 0.0100, 0.727 seconds/batch
2026-04-19 18:59:38,269 - Epoch 25, Batch 100, lr = 0.00005, final_loss = 3.7374, nll_loss = 3.6395, ref_nll_loss = 3.8353, ivc_loss = 0.0987, neg_loss_1 = 0.0166, neg_loss_2 = 0.0095, ref_loss = 0.0233, div_loss = 0.0098, 0.757 seconds/batch
2026-04-19 19:00:17,520 - Epoch 25, Batch 150, lr = 0.00005, final_loss = 3.7338, nll_loss = 3.6389, ref_nll_loss = 3.8288, ivc_loss = 0.1007, neg_loss_1 = 0.0159, neg_loss_2 = 0.0117, ref_loss = 0.0217, div_loss = 0.0103, 0.766 seconds/batch
2026-04-19 19:00:57,067 - Epoch 25, Batch 200, lr = 0.00005, final_loss = 3.7520, nll_loss = 3.6558, ref_nll_loss = 3.8482, ivc_loss = 0.1019, neg_loss_1 = 0.0187, neg_loss_2 = 0.0083, ref_loss = 0.0225, div_loss = 0.0105, 0.772 seconds/batch
2026-04-19 19:01:37,063 - Epoch 25, Batch 250, lr = 0.00005, final_loss = 3.7345, nll_loss = 3.6388, ref_nll_loss = 3.8301, ivc_loss = 0.1009, neg_loss_1 = 0.0153, neg_loss_2 = 0.0107, ref_loss = 0.0242, div_loss = 0.0101, 0.778 seconds/batch
2026-04-19 19:02:17,178 - Epoch 25, Batch 300, lr = 0.00005, final_loss = 3.7534, nll_loss = 3.6564, ref_nll_loss = 3.8505, ivc_loss = 0.0987, neg_loss_1 = 0.0167, neg_loss_2 = 0.0092, ref_loss = 0.0240, div_loss = 0.0098, 0.782 seconds/batch
2026-04-19 19:02:56,919 - Epoch 25, Batch 350, lr = 0.00005, final_loss = 3.7221, nll_loss = 3.6264, ref_nll_loss = 3.8179, ivc_loss = 0.1006, neg_loss_1 = 0.0167, neg_loss_2 = 0.0117, ref_loss = 0.0237, div_loss = 0.0097, 0.784 seconds/batch
2026-04-19 19:03:36,248 - Epoch 25, Batch 400, lr = 0.00005, final_loss = 3.7304, nll_loss = 3.6367, ref_nll_loss = 3.8242, ivc_loss = 0.1005, neg_loss_1 = 0.0163, neg_loss_2 = 0.0107, ref_loss = 0.0253, div_loss = 0.0097, 0.784 seconds/batch
2026-04-19 19:04:15,697 - Epoch 25, Batch 450, lr = 0.00005, final_loss = 3.7555, nll_loss = 3.6618, ref_nll_loss = 3.8493, ivc_loss = 0.0989, neg_loss_1 = 0.0153, neg_loss_2 = 0.0097, ref_loss = 0.0255, div_loss = 0.0097, 0.785 seconds/batch
2026-04-19 19:04:55,147 - Epoch 25, Batch 500, lr = 0.00005, final_loss = 3.7539, nll_loss = 3.6589, ref_nll_loss = 3.8489, ivc_loss = 0.0954, neg_loss_1 = 0.0147, neg_loss_2 = 0.0085, ref_loss = 0.0231, div_loss = 0.0098, 0.785 seconds/batch
2026-04-19 19:05:34,445 - Epoch 25, Batch 550, lr = 0.00005, final_loss = 3.7331, nll_loss = 3.6370, ref_nll_loss = 3.8291, ivc_loss = 0.1023, neg_loss_1 = 0.0177, neg_loss_2 = 0.0111, ref_loss = 0.0245, div_loss = 0.0098, 0.785 seconds/batch
2026-04-19 19:06:14,245 - Epoch 25, Batch 600, lr = 0.00005, final_loss = 3.7558, nll_loss = 3.6592, ref_nll_loss = 3.8524, ivc_loss = 0.0933, neg_loss_1 = 0.0135, neg_loss_2 = 0.0082, ref_loss = 0.0224, div_loss = 0.0099, 0.786 seconds/batch
2026-04-19 19:06:53,964 - Epoch 25, Batch 650, lr = 0.00005, final_loss = 3.7386, nll_loss = 3.6429, ref_nll_loss = 3.8342, ivc_loss = 0.1023, neg_loss_1 = 0.0157, neg_loss_2 = 0.0109, ref_loss = 0.0239, div_loss = 0.0104, 0.787 seconds/batch
2026-04-19 19:07:34,219 - Epoch 25, Batch 700, lr = 0.00005, final_loss = 3.7253, nll_loss = 3.6295, ref_nll_loss = 3.8211, ivc_loss = 0.0975, neg_loss_1 = 0.0143, neg_loss_2 = 0.0102, ref_loss = 0.0236, div_loss = 0.0099, 0.788 seconds/batch
2026-04-19 19:08:11,979 - Epoch 25, Batch 750, lr = 0.00005, final_loss = 3.7279, nll_loss = 3.6323, ref_nll_loss = 3.8235, ivc_loss = 0.0988, neg_loss_1 = 0.0143, neg_loss_2 = 0.0107, ref_loss = 0.0246, div_loss = 0.0098, 0.786 seconds/batch
2026-04-19 19:08:46,107 - Epoch 25, Batch 800, lr = 0.00005, final_loss = 3.7323, nll_loss = 3.6356, ref_nll_loss = 3.8290, ivc_loss = 0.0994, neg_loss_1 = 0.0185, neg_loss_2 = 0.0079, ref_loss = 0.0229, div_loss = 0.0100, 0.779 seconds/batch
2026-04-19 19:09:20,551 - Epoch 25, Batch 850, lr = 0.00005, final_loss = 3.7411, nll_loss = 3.6447, ref_nll_loss = 3.8376, ivc_loss = 0.0995, neg_loss_1 = 0.0169, neg_loss_2 = 0.0102, ref_loss = 0.0230, div_loss = 0.0099, 0.774 seconds/batch
2026-04-19 19:09:54,618 - Epoch 25, Batch 900, lr = 0.00005, final_loss = 3.7224, nll_loss = 3.6231, ref_nll_loss = 3.8216, ivc_loss = 0.0975, neg_loss_1 = 0.0140, neg_loss_2 = 0.0114, ref_loss = 0.0228, div_loss = 0.0099, 0.769 seconds/batch
2026-04-19 19:10:28,513 - Epoch 25, Batch 950, lr = 0.00005, final_loss = 3.7562, nll_loss = 3.6585, ref_nll_loss = 3.8539, ivc_loss = 0.1010, neg_loss_1 = 0.0173, neg_loss_2 = 0.0117, ref_loss = 0.0235, div_loss = 0.0097, 0.764 seconds/batch
2026-04-19 19:11:02,419 - Epoch 25, Batch 1000, lr = 0.00005, final_loss = 3.7630, nll_loss = 3.6637, ref_nll_loss = 3.8624, ivc_loss = 0.1001, neg_loss_1 = 0.0187, neg_loss_2 = 0.0097, ref_loss = 0.0228, div_loss = 0.0098, 0.760 seconds/batch
2026-04-19 19:11:36,327 - Epoch 25, Batch 1050, lr = 0.00005, final_loss = 3.7300, nll_loss = 3.6329, ref_nll_loss = 3.8270, ivc_loss = 0.0966, neg_loss_1 = 0.0154, neg_loss_2 = 0.0109, ref_loss = 0.0226, div_loss = 0.0095, 0.756 seconds/batch
2026-04-19 19:12:10,274 - Epoch 25, Batch 1100, lr = 0.00005, final_loss = 3.7629, nll_loss = 3.6650, ref_nll_loss = 3.8609, ivc_loss = 0.0995, neg_loss_1 = 0.0162, neg_loss_2 = 0.0109, ref_loss = 0.0229, div_loss = 0.0099, 0.752 seconds/batch
2026-04-19 19:12:43,832 - Epoch 25, Batch 1150, lr = 0.00005, final_loss = 3.7673, nll_loss = 3.6687, ref_nll_loss = 3.8659, ivc_loss = 0.0981, neg_loss_1 = 0.0176, neg_loss_2 = 0.0095, ref_loss = 0.0214, div_loss = 0.0099, 0.749 seconds/batch
2026-04-19 19:12:54,695 - Epoch 25, Batch 1170, lr = 0.00005, final_loss = 3.7205, nll_loss = 3.6162, ref_nll_loss = 3.8248, ivc_loss = 0.0907, neg_loss_1 = 0.0154, neg_loss_2 = 0.0069, ref_loss = 0.0185, div_loss = 0.0100, 0.745 seconds/batch
2026-04-19 19:12:54,765 - save model to checkpoints/activitynet_moe/cpl_moe/model-25.pt, num_updates 29250.
2026-04-19 19:16:38,629 - | R@1,mIoU 0.2804 | R@1,IoU@0.1 0.6292 | R@1,IoU@0.3 0.4513 | R@1,IoU@0.5 0.2153 | R@1,IoU@0.7 0.0848 | R@1,IoU@0.9 0.0107 | R@5,mIoU 0.5229 | R@5,IoU@0.1 0.9136 | R@5,IoU@0.3 0.7691 | R@5,IoU@0.5 0.5357 | R@5,IoU@0.7 0.3183 | R@5,IoU@0.9 0.0738 |
2026-04-19 19:16:38,631 - ============================================================
2026-04-19 19:16:38,631 - Start Epoch 26
2026-04-19 19:17:14,430 - Epoch 26, Batch 50, lr = 0.00005, final_loss = 3.7222, nll_loss = 3.6238, ref_nll_loss = 3.8206, ivc_loss = 0.0987, neg_loss_1 = 0.0152, neg_loss_2 = 0.0099, ref_loss = 0.0235, div_loss = 0.0100, 0.716 seconds/batch
2026-04-19 19:17:53,688 - Epoch 26, Batch 100, lr = 0.00005, final_loss = 3.7411, nll_loss = 3.6417, ref_nll_loss = 3.8404, ivc_loss = 0.0974, neg_loss_1 = 0.0157, neg_loss_2 = 0.0099, ref_loss = 0.0231, div_loss = 0.0097, 0.751 seconds/batch
2026-04-19 19:18:33,266 - Epoch 26, Batch 150, lr = 0.00005, final_loss = 3.7112, nll_loss = 3.6152, ref_nll_loss = 3.8072, ivc_loss = 0.1001, neg_loss_1 = 0.0157, neg_loss_2 = 0.0107, ref_loss = 0.0261, div_loss = 0.0095, 0.764 seconds/batch
2026-04-19 19:19:12,710 - Epoch 26, Batch 200, lr = 0.00005, final_loss = 3.7040, nll_loss = 3.6084, ref_nll_loss = 3.7996, ivc_loss = 0.0958, neg_loss_1 = 0.0132, neg_loss_2 = 0.0096, ref_loss = 0.0232, div_loss = 0.0100, 0.770 seconds/batch
2026-04-19 19:19:52,620 - Epoch 26, Batch 250, lr = 0.00005, final_loss = 3.7176, nll_loss = 3.6197, ref_nll_loss = 3.8154, ivc_loss = 0.0953, neg_loss_1 = 0.0140, neg_loss_2 = 0.0098, ref_loss = 0.0218, div_loss = 0.0099, 0.776 seconds/batch
2026-04-19 19:20:32,437 - Epoch 26, Batch 300, lr = 0.00005, final_loss = 3.7333, nll_loss = 3.6368, ref_nll_loss = 3.8298, ivc_loss = 0.0999, neg_loss_1 = 0.0154, neg_loss_2 = 0.0102, ref_loss = 0.0236, div_loss = 0.0101, 0.779 seconds/batch
2026-04-19 19:21:12,188 - Epoch 26, Batch 350, lr = 0.00005, final_loss = 3.7474, nll_loss = 3.6482, ref_nll_loss = 3.8465, ivc_loss = 0.0976, neg_loss_1 = 0.0150, neg_loss_2 = 0.0095, ref_loss = 0.0226, div_loss = 0.0101, 0.782 seconds/batch
2026-04-19 19:21:51,993 - Epoch 26, Batch 400, lr = 0.00005, final_loss = 3.7192, nll_loss = 3.6204, ref_nll_loss = 3.8179, ivc_loss = 0.1003, neg_loss_1 = 0.0154, neg_loss_2 = 0.0111, ref_loss = 0.0247, div_loss = 0.0098, 0.783 seconds/batch
2026-04-19 19:22:31,803 - Epoch 26, Batch 450, lr = 0.00005, final_loss = 3.6908, nll_loss = 3.5905, ref_nll_loss = 3.7910, ivc_loss = 0.0969, neg_loss_1 = 0.0137, neg_loss_2 = 0.0100, ref_loss = 0.0229, div_loss = 0.0101, 0.785 seconds/batch
2026-04-19 19:23:11,602 - Epoch 26, Batch 500, lr = 0.00005, final_loss = 3.7224, nll_loss = 3.6237, ref_nll_loss = 3.8212, ivc_loss = 0.0959, neg_loss_1 = 0.0143, neg_loss_2 = 0.0091, ref_loss = 0.0221, div_loss = 0.0101, 0.786 seconds/batch
2026-04-19 19:23:50,942 - Epoch 26, Batch 550, lr = 0.00005, final_loss = 3.7447, nll_loss = 3.6472, ref_nll_loss = 3.8423, ivc_loss = 0.0998, neg_loss_1 = 0.0153, neg_loss_2 = 0.0094, ref_loss = 0.0252, div_loss = 0.0100, 0.786 seconds/batch
2026-04-19 19:24:30,740 - Epoch 26, Batch 600, lr = 0.00005, final_loss = 3.7366, nll_loss = 3.6389, ref_nll_loss = 3.8343, ivc_loss = 0.0994, neg_loss_1 = 0.0140, neg_loss_2 = 0.0123, ref_loss = 0.0228, div_loss = 0.0100, 0.787 seconds/batch
2026-04-19 19:25:10,330 - Epoch 26, Batch 650, lr = 0.00005, final_loss = 3.7391, nll_loss = 3.6426, ref_nll_loss = 3.8356, ivc_loss = 0.1017, neg_loss_1 = 0.0173, neg_loss_2 = 0.0103, ref_loss = 0.0238, div_loss = 0.0101, 0.787 seconds/batch
2026-04-19 19:25:50,196 - Epoch 26, Batch 700, lr = 0.00005, final_loss = 3.7374, nll_loss = 3.6402, ref_nll_loss = 3.8347, ivc_loss = 0.1019, neg_loss_1 = 0.0160, neg_loss_2 = 0.0119, ref_loss = 0.0252, div_loss = 0.0098, 0.788 seconds/batch
2026-04-19 19:26:26,747 - Epoch 26, Batch 750, lr = 0.00005, final_loss = 3.7615, nll_loss = 3.6653, ref_nll_loss = 3.8578, ivc_loss = 0.1004, neg_loss_1 = 0.0140, neg_loss_2 = 0.0113, ref_loss = 0.0241, div_loss = 0.0102, 0.784 seconds/batch
2026-04-19 19:27:00,859 - Epoch 26, Batch 800, lr = 0.00005, final_loss = 3.7348, nll_loss = 3.6376, ref_nll_loss = 3.8319, ivc_loss = 0.0985, neg_loss_1 = 0.0157, neg_loss_2 = 0.0095, ref_loss = 0.0235, div_loss = 0.0100, 0.778 seconds/batch
2026-04-19 19:27:34,935 - Epoch 26, Batch 850, lr = 0.00005, final_loss = 3.7065, nll_loss = 3.6085, ref_nll_loss = 3.8044, ivc_loss = 0.0944, neg_loss_1 = 0.0134, neg_loss_2 = 0.0082, ref_loss = 0.0230, div_loss = 0.0100, 0.772 seconds/batch
2026-04-19 19:28:08,962 - Epoch 26, Batch 900, lr = 0.00005, final_loss = 3.7490, nll_loss = 3.6539, ref_nll_loss = 3.8441, ivc_loss = 0.1015, neg_loss_1 = 0.0178, neg_loss_2 = 0.0096, ref_loss = 0.0259, div_loss = 0.0096, 0.767 seconds/batch
2026-04-19 19:28:43,173 - Epoch 26, Batch 950, lr = 0.00005, final_loss = 3.7408, nll_loss = 3.6424, ref_nll_loss = 3.8392, ivc_loss = 0.0936, neg_loss_1 = 0.0137, neg_loss_2 = 0.0100, ref_loss = 0.0209, div_loss = 0.0098, 0.763 seconds/batch
2026-04-19 19:29:17,251 - Epoch 26, Batch 1000, lr = 0.00005, final_loss = 3.7339, nll_loss = 3.6429, ref_nll_loss = 3.8250, ivc_loss = 0.1029, neg_loss_1 = 0.0157, neg_loss_2 = 0.0115, ref_loss = 0.0260, div_loss = 0.0099, 0.759 seconds/batch
2026-04-19 19:29:51,597 - Epoch 26, Batch 1050, lr = 0.00005, final_loss = 3.7542, nll_loss = 3.6530, ref_nll_loss = 3.8554, ivc_loss = 0.0999, neg_loss_1 = 0.0173, neg_loss_2 = 0.0089, ref_loss = 0.0219, div_loss = 0.0104, 0.755 seconds/batch
2026-04-19 19:30:25,522 - Epoch 26, Batch 1100, lr = 0.00005, final_loss = 3.7431, nll_loss = 3.6475, ref_nll_loss = 3.8386, ivc_loss = 0.1006, neg_loss_1 = 0.0174, neg_loss_2 = 0.0104, ref_loss = 0.0229, div_loss = 0.0100, 0.752 seconds/batch
2026-04-19 19:30:59,121 - Epoch 26, Batch 1150, lr = 0.00005, final_loss = 3.7176, nll_loss = 3.6200, ref_nll_loss = 3.8152, ivc_loss = 0.1003, neg_loss_1 = 0.0182, neg_loss_2 = 0.0100, ref_loss = 0.0225, div_loss = 0.0099, 0.748 seconds/batch
2026-04-19 19:31:10,064 - Epoch 26, Batch 1170, lr = 0.00005, final_loss = 3.7391, nll_loss = 3.6448, ref_nll_loss = 3.8333, ivc_loss = 0.0984, neg_loss_1 = 0.0163, neg_loss_2 = 0.0100, ref_loss = 0.0238, div_loss = 0.0097, 0.745 seconds/batch
2026-04-19 19:31:10,136 - save model to checkpoints/activitynet_moe/cpl_moe/model-26.pt, num_updates 30420.
2026-04-19 19:34:56,700 - | R@1,mIoU 0.2995 | R@1,IoU@0.1 0.6819 | R@1,IoU@0.3 0.5097 | R@1,IoU@0.5 0.2254 | R@1,IoU@0.7 0.0684 | R@1,IoU@0.9 0.0066 | R@5,mIoU 0.5231 | R@5,IoU@0.1 0.9142 | R@5,IoU@0.3 0.7756 | R@5,IoU@0.5 0.5340 | R@5,IoU@0.7 0.3179 | R@5,IoU@0.9 0.0733 |
2026-04-19 19:34:56,700 - ============================================================
2026-04-19 19:34:56,700 - Start Epoch 27
2026-04-19 19:35:31,354 - Epoch 27, Batch 50, lr = 0.00005, final_loss = 3.7023, nll_loss = 3.6067, ref_nll_loss = 3.7979, ivc_loss = 0.0997, neg_loss_1 = 0.0141, neg_loss_2 = 0.0112, ref_loss = 0.0237, div_loss = 0.0101, 0.693 seconds/batch
2026-04-19 19:36:10,971 - Epoch 27, Batch 100, lr = 0.00005, final_loss = 3.7248, nll_loss = 3.6238, ref_nll_loss = 3.8258, ivc_loss = 0.0995, neg_loss_1 = 0.0144, neg_loss_2 = 0.0106, ref_loss = 0.0225, div_loss = 0.0104, 0.743 seconds/batch
2026-04-19 19:36:50,564 - Epoch 27, Batch 150, lr = 0.00005, final_loss = 3.7073, nll_loss = 3.6097, ref_nll_loss = 3.8050, ivc_loss = 0.0979, neg_loss_1 = 0.0143, neg_loss_2 = 0.0102, ref_loss = 0.0229, div_loss = 0.0101, 0.759 seconds/batch
2026-04-19 19:37:30,335 - Epoch 27, Batch 200, lr = 0.00005, final_loss = 3.6888, nll_loss = 3.5881, ref_nll_loss = 3.7895, ivc_loss = 0.0969, neg_loss_1 = 0.0143, neg_loss_2 = 0.0098, ref_loss = 0.0216, div_loss = 0.0102, 0.768 seconds/batch
2026-04-19 19:38:10,167 - Epoch 27, Batch 250, lr = 0.00005, final_loss = 3.7174, nll_loss = 3.6209, ref_nll_loss = 3.8139, ivc_loss = 0.1017, neg_loss_1 = 0.0150, neg_loss_2 = 0.0109, ref_loss = 0.0247, div_loss = 0.0102, 0.774 seconds/batch
2026-04-19 19:38:49,794 - Epoch 27, Batch 300, lr = 0.00005, final_loss = 3.7281, nll_loss = 3.6302, ref_nll_loss = 3.8259, ivc_loss = 0.1015, neg_loss_1 = 0.0156, neg_loss_2 = 0.0109, ref_loss = 0.0235, div_loss = 0.0103, 0.777 seconds/batch
2026-04-19 19:39:29,937 - Epoch 27, Batch 350, lr = 0.00005, final_loss = 3.7418, nll_loss = 3.6421, ref_nll_loss = 3.8414, ivc_loss = 0.0997, neg_loss_1 = 0.0152, neg_loss_2 = 0.0106, ref_loss = 0.0229, div_loss = 0.0102, 0.781 seconds/batch
2026-04-19 19:40:09,684 - Epoch 27, Batch 400, lr = 0.00005, final_loss = 3.7362, nll_loss = 3.6384, ref_nll_loss = 3.8340, ivc_loss = 0.0975, neg_loss_1 = 0.0160, neg_loss_2 = 0.0103, ref_loss = 0.0236, div_loss = 0.0095, 0.782 seconds/batch
2026-04-19 19:40:49,317 - Epoch 27, Batch 450, lr = 0.00005, final_loss = 3.7363, nll_loss = 3.6381, ref_nll_loss = 3.8345, ivc_loss = 0.0992, neg_loss_1 = 0.0164, neg_loss_2 = 0.0107, ref_loss = 0.0227, div_loss = 0.0099, 0.784 seconds/batch
2026-04-19 19:41:29,356 - Epoch 27, Batch 500, lr = 0.00005, final_loss = 3.7139, nll_loss = 3.6122, ref_nll_loss = 3.8156, ivc_loss = 0.0945, neg_loss_1 = 0.0138, neg_loss_2 = 0.0094, ref_loss = 0.0215, div_loss = 0.0100, 0.785 seconds/batch
2026-04-19 19:42:09,005 - Epoch 27, Batch 550, lr = 0.00005, final_loss = 3.7116, nll_loss = 3.6138, ref_nll_loss = 3.8093, ivc_loss = 0.0970, neg_loss_1 = 0.0158, neg_loss_2 = 0.0086, ref_loss = 0.0233, div_loss = 0.0099, 0.786 seconds/batch
2026-04-19 19:42:48,406 - Epoch 27, Batch 600, lr = 0.00005, final_loss = 3.7150, nll_loss = 3.6189, ref_nll_loss = 3.8112, ivc_loss = 0.1013, neg_loss_1 = 0.0156, neg_loss_2 = 0.0116, ref_loss = 0.0232, div_loss = 0.0102, 0.786 seconds/batch
2026-04-19 19:43:27,762 - Epoch 27, Batch 650, lr = 0.00005, final_loss = 3.7049, nll_loss = 3.6054, ref_nll_loss = 3.8044, ivc_loss = 0.0978, neg_loss_1 = 0.0134, neg_loss_2 = 0.0091, ref_loss = 0.0245, div_loss = 0.0101, 0.786 seconds/batch
2026-04-19 19:44:07,346 - Epoch 27, Batch 700, lr = 0.00005, final_loss = 3.7375, nll_loss = 3.6384, ref_nll_loss = 3.8366, ivc_loss = 0.0994, neg_loss_1 = 0.0147, neg_loss_2 = 0.0104, ref_loss = 0.0240, div_loss = 0.0101, 0.787 seconds/batch
2026-04-19 19:44:41,904 - Epoch 27, Batch 750, lr = 0.00005, final_loss = 3.7557, nll_loss = 3.6553, ref_nll_loss = 3.8561, ivc_loss = 0.0986, neg_loss_1 = 0.0153, neg_loss_2 = 0.0108, ref_loss = 0.0214, div_loss = 0.0102, 0.780 seconds/batch
2026-04-19 19:45:16,057 - Epoch 27, Batch 800, lr = 0.00005, final_loss = 3.7372, nll_loss = 3.6370, ref_nll_loss = 3.8374, ivc_loss = 0.0981, neg_loss_1 = 0.0176, neg_loss_2 = 0.0090, ref_loss = 0.0223, div_loss = 0.0098, 0.774 seconds/batch
2026-04-19 19:45:50,056 - Epoch 27, Batch 850, lr = 0.00005, final_loss = 3.7113, nll_loss = 3.6164, ref_nll_loss = 3.8062, ivc_loss = 0.1007, neg_loss_1 = 0.0162, neg_loss_2 = 0.0107, ref_loss = 0.0252, div_loss = 0.0097, 0.769 seconds/batch
2026-04-19 19:46:23,785 - Epoch 27, Batch 900, lr = 0.00005, final_loss = 3.7254, nll_loss = 3.6237, ref_nll_loss = 3.8272, ivc_loss = 0.0958, neg_loss_1 = 0.0148, neg_loss_2 = 0.0097, ref_loss = 0.0220, div_loss = 0.0099, 0.763 seconds/batch
2026-04-19 19:46:57,754 - Epoch 27, Batch 950, lr = 0.00005, final_loss = 3.7224, nll_loss = 3.6241, ref_nll_loss = 3.8206, ivc_loss = 0.0999, neg_loss_1 = 0.0185, neg_loss_2 = 0.0102, ref_loss = 0.0222, div_loss = 0.0098, 0.759 seconds/batch
2026-04-19 19:47:31,919 - Epoch 27, Batch 1000, lr = 0.00005, final_loss = 3.7260, nll_loss = 3.6263, ref_nll_loss = 3.8257, ivc_loss = 0.0972, neg_loss_1 = 0.0150, neg_loss_2 = 0.0091, ref_loss = 0.0228, div_loss = 0.0101, 0.755 seconds/batch
2026-04-19 19:48:05,597 - Epoch 27, Batch 1050, lr = 0.00005, final_loss = 3.7302, nll_loss = 3.6314, ref_nll_loss = 3.8290, ivc_loss = 0.0983, neg_loss_1 = 0.0158, neg_loss_2 = 0.0099, ref_loss = 0.0231, div_loss = 0.0099, 0.751 seconds/batch
2026-04-19 19:48:39,300 - Epoch 27, Batch 1100, lr = 0.00005, final_loss = 3.7112, nll_loss = 3.6128, ref_nll_loss = 3.8095, ivc_loss = 0.1028, neg_loss_1 = 0.0178, neg_loss_2 = 0.0117, ref_loss = 0.0235, div_loss = 0.0100, 0.748 seconds/batch
2026-04-19 19:49:13,381 - Epoch 27, Batch 1150, lr = 0.00005, final_loss = 3.7212, nll_loss = 3.6233, ref_nll_loss = 3.8191, ivc_loss = 0.0989, neg_loss_1 = 0.0152, neg_loss_2 = 0.0095, ref_loss = 0.0226, div_loss = 0.0103, 0.745 seconds/batch
2026-04-19 19:49:24,321 - Epoch 27, Batch 1170, lr = 0.00005, final_loss = 3.7649, nll_loss = 3.6672, ref_nll_loss = 3.8626, ivc_loss = 0.1038, neg_loss_1 = 0.0180, neg_loss_2 = 0.0114, ref_loss = 0.0234, div_loss = 0.0102, 0.742 seconds/batch
2026-04-19 19:49:24,395 - save model to checkpoints/activitynet_moe/cpl_moe/model-27.pt, num_updates 31590.
2026-04-19 19:53:11,817 - | R@1,mIoU 0.3056 | R@1,IoU@0.1 0.6758 | R@1,IoU@0.3 0.5006 | R@1,IoU@0.5 0.2428 | R@1,IoU@0.7 0.0947 | R@1,IoU@0.9 0.0129 | R@5,mIoU 0.5258 | R@5,IoU@0.1 0.9175 | R@5,IoU@0.3 0.7792 | R@5,IoU@0.5 0.5392 | R@5,IoU@0.7 0.3201 | R@5,IoU@0.9 0.0755 |
2026-04-19 19:53:11,817 - ============================================================
2026-04-19 19:53:11,817 - Start Epoch 28
2026-04-19 19:53:46,153 - Epoch 28, Batch 50, lr = 0.00004, final_loss = 3.6896, nll_loss = 3.5922, ref_nll_loss = 3.7870, ivc_loss = 0.1005, neg_loss_1 = 0.0154, neg_loss_2 = 0.0114, ref_loss = 0.0235, div_loss = 0.0100, 0.687 seconds/batch
2026-04-19 19:54:25,149 - Epoch 28, Batch 100, lr = 0.00004, final_loss = 3.7090, nll_loss = 3.6070, ref_nll_loss = 3.8110, ivc_loss = 0.0960, neg_loss_1 = 0.0159, neg_loss_2 = 0.0094, ref_loss = 0.0217, div_loss = 0.0098, 0.733 seconds/batch
2026-04-19 19:55:05,225 - Epoch 28, Batch 150, lr = 0.00004, final_loss = 3.6890, nll_loss = 3.5868, ref_nll_loss = 3.7912, ivc_loss = 0.0959, neg_loss_1 = 0.0142, neg_loss_2 = 0.0095, ref_loss = 0.0221, div_loss = 0.0100, 0.756 seconds/batch
2026-04-19 19:55:45,042 - Epoch 28, Batch 200, lr = 0.00004, final_loss = 3.6970, nll_loss = 3.5963, ref_nll_loss = 3.7977, ivc_loss = 0.0953, neg_loss_1 = 0.0140, neg_loss_2 = 0.0085, ref_loss = 0.0217, div_loss = 0.0102, 0.766 seconds/batch
2026-04-19 19:56:25,191 - Epoch 28, Batch 250, lr = 0.00004, final_loss = 3.7087, nll_loss = 3.6054, ref_nll_loss = 3.8121, ivc_loss = 0.0966, neg_loss_1 = 0.0155, neg_loss_2 = 0.0104, ref_loss = 0.0204, div_loss = 0.0101, 0.773 seconds/batch
2026-04-19 19:57:05,134 - Epoch 28, Batch 300, lr = 0.00004, final_loss = 3.6839, nll_loss = 3.5832, ref_nll_loss = 3.7845, ivc_loss = 0.1002, neg_loss_1 = 0.0178, neg_loss_2 = 0.0087, ref_loss = 0.0232, div_loss = 0.0101, 0.778 seconds/batch
2026-04-19 19:57:44,928 - Epoch 28, Batch 350, lr = 0.00004, final_loss = 3.7265, nll_loss = 3.6270, ref_nll_loss = 3.8260, ivc_loss = 0.0975, neg_loss_1 = 0.0152, neg_loss_2 = 0.0085, ref_loss = 0.0229, div_loss = 0.0102, 0.780 seconds/batch
2026-04-19 19:58:24,805 - Epoch 28, Batch 400, lr = 0.00004, final_loss = 3.6971, nll_loss = 3.5991, ref_nll_loss = 3.7951, ivc_loss = 0.0997, neg_loss_1 = 0.0166, neg_loss_2 = 0.0106, ref_loss = 0.0223, div_loss = 0.0100, 0.782 seconds/batch
2026-04-19 19:59:04,109 - Epoch 28, Batch 450, lr = 0.00004, final_loss = 3.7286, nll_loss = 3.6284, ref_nll_loss = 3.8289, ivc_loss = 0.0991, neg_loss_1 = 0.0161, neg_loss_2 = 0.0090, ref_loss = 0.0232, div_loss = 0.0102, 0.783 seconds/batch
2026-04-19 19:59:43,974 - Epoch 28, Batch 500, lr = 0.00004, final_loss = 3.7036, nll_loss = 3.6016, ref_nll_loss = 3.8056, ivc_loss = 0.0991, neg_loss_1 = 0.0163, neg_loss_2 = 0.0086, ref_loss = 0.0222, div_loss = 0.0104, 0.784 seconds/batch
2026-04-19 20:00:23,807 - Epoch 28, Batch 550, lr = 0.00004, final_loss = 3.7177, nll_loss = 3.6165, ref_nll_loss = 3.8190, ivc_loss = 0.0992, neg_loss_1 = 0.0152, neg_loss_2 = 0.0110, ref_loss = 0.0229, div_loss = 0.0100, 0.785 seconds/batch
2026-04-19 20:01:03,456 - Epoch 28, Batch 600, lr = 0.00004, final_loss = 3.7443, nll_loss = 3.6467, ref_nll_loss = 3.8420, ivc_loss = 0.1009, neg_loss_1 = 0.0172, neg_loss_2 = 0.0097, ref_loss = 0.0243, div_loss = 0.0099, 0.786 seconds/batch
2026-04-19 20:01:43,153 - Epoch 28, Batch 650, lr = 0.00004, final_loss = 3.7128, nll_loss = 3.6152, ref_nll_loss = 3.8104, ivc_loss = 0.0974, neg_loss_1 = 0.0150, neg_loss_2 = 0.0096, ref_loss = 0.0239, div_loss = 0.0098, 0.787 seconds/batch
2026-04-19 20:02:22,742 - Epoch 28, Batch 700, lr = 0.00004, final_loss = 3.7190, nll_loss = 3.6268, ref_nll_loss = 3.8112, ivc_loss = 0.1042, neg_loss_1 = 0.0183, neg_loss_2 = 0.0113, ref_loss = 0.0261, div_loss = 0.0097, 0.787 seconds/batch
2026-04-19 20:02:56,851 - Epoch 28, Batch 750, lr = 0.00004, final_loss = 3.7603, nll_loss = 3.6604, ref_nll_loss = 3.8601, ivc_loss = 0.0985, neg_loss_1 = 0.0162, neg_loss_2 = 0.0085, ref_loss = 0.0249, div_loss = 0.0098, 0.780 seconds/batch
2026-04-19 20:03:30,926 - Epoch 28, Batch 800, lr = 0.00004, final_loss = 3.7062, nll_loss = 3.6086, ref_nll_loss = 3.8037, ivc_loss = 0.1010, neg_loss_1 = 0.0158, neg_loss_2 = 0.0107, ref_loss = 0.0237, div_loss = 0.0102, 0.774 seconds/batch
2026-04-19 20:04:04,923 - Epoch 28, Batch 850, lr = 0.00004, final_loss = 3.7197, nll_loss = 3.6222, ref_nll_loss = 3.8172, ivc_loss = 0.0993, neg_loss_1 = 0.0143, neg_loss_2 = 0.0090, ref_loss = 0.0254, div_loss = 0.0101, 0.768 seconds/batch
2026-04-19 20:04:38,522 - Epoch 28, Batch 900, lr = 0.00004, final_loss = 3.7306, nll_loss = 3.6308, ref_nll_loss = 3.8304, ivc_loss = 0.0972, neg_loss_1 = 0.0159, neg_loss_2 = 0.0070, ref_loss = 0.0216, div_loss = 0.0106, 0.763 seconds/batch
2026-04-19 20:05:12,532 - Epoch 28, Batch 950, lr = 0.00004, final_loss = 3.7089, nll_loss = 3.6078, ref_nll_loss = 3.8100, ivc_loss = 0.0945, neg_loss_1 = 0.0147, neg_loss_2 = 0.0084, ref_loss = 0.0220, div_loss = 0.0099, 0.759 seconds/batch
2026-04-19 20:05:46,470 - Epoch 28, Batch 1000, lr = 0.00004, final_loss = 3.6984, nll_loss = 3.6000, ref_nll_loss = 3.7968, ivc_loss = 0.1018, neg_loss_1 = 0.0160, neg_loss_2 = 0.0108, ref_loss = 0.0231, div_loss = 0.0104, 0.755 seconds/batch
2026-04-19 20:06:20,070 - Epoch 28, Batch 1050, lr = 0.00004, final_loss = 3.7233, nll_loss = 3.6248, ref_nll_loss = 3.8219, ivc_loss = 0.1034, neg_loss_1 = 0.0169, neg_loss_2 = 0.0128, ref_loss = 0.0241, div_loss = 0.0099, 0.751 seconds/batch
2026-04-19 20:06:53,955 - Epoch 28, Batch 1100, lr = 0.00004, final_loss = 3.7294, nll_loss = 3.6295, ref_nll_loss = 3.8292, ivc_loss = 0.0976, neg_loss_1 = 0.0161, neg_loss_2 = 0.0082, ref_loss = 0.0232, div_loss = 0.0100, 0.747 seconds/batch
2026-04-19 20:07:27,918 - Epoch 28, Batch 1150, lr = 0.00004, final_loss = 3.7106, nll_loss = 3.6116, ref_nll_loss = 3.8095, ivc_loss = 0.0948, neg_loss_1 = 0.0156, neg_loss_2 = 0.0081, ref_loss = 0.0213, div_loss = 0.0100, 0.744 seconds/batch
2026-04-19 20:07:38,547 - Epoch 28, Batch 1170, lr = 0.00004, final_loss = 3.7238, nll_loss = 3.6258, ref_nll_loss = 3.8219, ivc_loss = 0.1017, neg_loss_1 = 0.0145, neg_loss_2 = 0.0105, ref_loss = 0.0264, div_loss = 0.0100, 0.741 seconds/batch
2026-04-19 20:07:38,619 - save model to checkpoints/activitynet_moe/cpl_moe/model-28.pt, num_updates 32760.
2026-04-19 20:11:27,793 - | R@1,mIoU 0.3160 | R@1,IoU@0.1 0.7012 | R@1,IoU@0.3 0.5243 | R@1,IoU@0.5 0.2494 | R@1,IoU@0.7 0.0929 | R@1,IoU@0.9 0.0123 | R@5,mIoU 0.5233 | R@5,IoU@0.1 0.9161 | R@5,IoU@0.3 0.7757 | R@5,IoU@0.5 0.5340 | R@5,IoU@0.7 0.3191 | R@5,IoU@0.9 0.0753 |
2026-04-19 20:11:27,861 - Best results have been updated.
2026-04-19 20:11:27,862 - ============================================================
2026-04-19 20:11:27,862 - Start Epoch 29
2026-04-19 20:12:02,277 - Epoch 29, Batch 50, lr = 0.00004, final_loss = 3.7221, nll_loss = 3.6212, ref_nll_loss = 3.8231, ivc_loss = 0.0988, neg_loss_1 = 0.0158, neg_loss_2 = 0.0087, ref_loss = 0.0240, div_loss = 0.0100, 0.688 seconds/batch
2026-04-19 20:12:40,027 - Epoch 29, Batch 100, lr = 0.00004, final_loss = 3.6971, nll_loss = 3.5999, ref_nll_loss = 3.7943, ivc_loss = 0.1056, neg_loss_1 = 0.0204, neg_loss_2 = 0.0099, ref_loss = 0.0240, div_loss = 0.0102, 0.722 seconds/batch
2026-04-19 20:13:20,014 - Epoch 29, Batch 150, lr = 0.00004, final_loss = 3.6931, nll_loss = 3.5906, ref_nll_loss = 3.7956, ivc_loss = 0.0954, neg_loss_1 = 0.0134, neg_loss_2 = 0.0085, ref_loss = 0.0211, div_loss = 0.0105, 0.748 seconds/batch
2026-04-19 20:13:59,801 - Epoch 29, Batch 200, lr = 0.00004, final_loss = 3.7178, nll_loss = 3.6191, ref_nll_loss = 3.8165, ivc_loss = 0.0982, neg_loss_1 = 0.0141, neg_loss_2 = 0.0093, ref_loss = 0.0232, div_loss = 0.0103, 0.760 seconds/batch
2026-04-19 20:14:39,228 - Epoch 29, Batch 250, lr = 0.00004, final_loss = 3.6720, nll_loss = 3.5725, ref_nll_loss = 3.7716, ivc_loss = 0.1017, neg_loss_1 = 0.0156, neg_loss_2 = 0.0097, ref_loss = 0.0253, div_loss = 0.0102, 0.765 seconds/batch
2026-04-19 20:15:19,120 - Epoch 29, Batch 300, lr = 0.00004, final_loss = 3.6931, nll_loss = 3.5941, ref_nll_loss = 3.7921, ivc_loss = 0.0975, neg_loss_1 = 0.0168, neg_loss_2 = 0.0096, ref_loss = 0.0228, div_loss = 0.0096, 0.771 seconds/batch
2026-04-19 20:15:58,879 - Epoch 29, Batch 350, lr = 0.00004, final_loss = 3.7152, nll_loss = 3.6152, ref_nll_loss = 3.8151, ivc_loss = 0.0959, neg_loss_1 = 0.0138, neg_loss_2 = 0.0087, ref_loss = 0.0219, div_loss = 0.0103, 0.774 seconds/batch
2026-04-19 20:16:38,506 - Epoch 29, Batch 400, lr = 0.00004, final_loss = 3.6765, nll_loss = 3.5784, ref_nll_loss = 3.7746, ivc_loss = 0.0979, neg_loss_1 = 0.0141, neg_loss_2 = 0.0097, ref_loss = 0.0239, div_loss = 0.0100, 0.777 seconds/batch
2026-04-19 20:17:18,090 - Epoch 29, Batch 450, lr = 0.00004, final_loss = 3.7078, nll_loss = 3.6100, ref_nll_loss = 3.8057, ivc_loss = 0.0985, neg_loss_1 = 0.0137, neg_loss_2 = 0.0101, ref_loss = 0.0241, div_loss = 0.0101, 0.778 seconds/batch
2026-04-19 20:17:58,032 - Epoch 29, Batch 500, lr = 0.00004, final_loss = 3.7010, nll_loss = 3.6038, ref_nll_loss = 3.7982, ivc_loss = 0.1034, neg_loss_1 = 0.0166, neg_loss_2 = 0.0120, ref_loss = 0.0245, div_loss = 0.0101, 0.780 seconds/batch
2026-04-19 20:18:37,631 - Epoch 29, Batch 550, lr = 0.00004, final_loss = 3.6765, nll_loss = 3.5784, ref_nll_loss = 3.7746, ivc_loss = 0.0994, neg_loss_1 = 0.0153, neg_loss_2 = 0.0096, ref_loss = 0.0233, div_loss = 0.0102, 0.781 seconds/batch
2026-04-19 20:19:17,789 - Epoch 29, Batch 600, lr = 0.00004, final_loss = 3.6895, nll_loss = 3.5923, ref_nll_loss = 3.7868, ivc_loss = 0.1024, neg_loss_1 = 0.0168, neg_loss_2 = 0.0106, ref_loss = 0.0235, div_loss = 0.0103, 0.783 seconds/batch
2026-04-19 20:19:57,824 - Epoch 29, Batch 650, lr = 0.00004, final_loss = 3.6869, nll_loss = 3.5883, ref_nll_loss = 3.7856, ivc_loss = 0.1009, neg_loss_1 = 0.0156, neg_loss_2 = 0.0101, ref_loss = 0.0234, div_loss = 0.0104, 0.785 seconds/batch
2026-04-19 20:20:36,285 - Epoch 29, Batch 700, lr = 0.00004, final_loss = 3.7048, nll_loss = 3.6094, ref_nll_loss = 3.8002, ivc_loss = 0.0976, neg_loss_1 = 0.0156, neg_loss_2 = 0.0091, ref_loss = 0.0221, div_loss = 0.0102, 0.783 seconds/batch
2026-04-19 20:21:10,291 - Epoch 29, Batch 750, lr = 0.00004, final_loss = 3.6971, nll_loss = 3.5987, ref_nll_loss = 3.7955, ivc_loss = 0.0973, neg_loss_1 = 0.0172, neg_loss_2 = 0.0102, ref_loss = 0.0216, div_loss = 0.0097, 0.777 seconds/batch
2026-04-19 20:21:43,788 - Epoch 29, Batch 800, lr = 0.00004, final_loss = 3.7157, nll_loss = 3.6205, ref_nll_loss = 3.8108, ivc_loss = 0.1004, neg_loss_1 = 0.0154, neg_loss_2 = 0.0093, ref_loss = 0.0253, div_loss = 0.0101, 0.770 seconds/batch
2026-04-19 20:22:18,064 - Epoch 29, Batch 850, lr = 0.00004, final_loss = 3.7073, nll_loss = 3.6093, ref_nll_loss = 3.8053, ivc_loss = 0.1017, neg_loss_1 = 0.0151, neg_loss_2 = 0.0100, ref_loss = 0.0241, div_loss = 0.0105, 0.765 seconds/batch
2026-04-19 20:22:51,881 - Epoch 29, Batch 900, lr = 0.00004, final_loss = 3.6895, nll_loss = 3.5929, ref_nll_loss = 3.7861, ivc_loss = 0.1000, neg_loss_1 = 0.0178, neg_loss_2 = 0.0081, ref_loss = 0.0241, div_loss = 0.0100, 0.760 seconds/batch
2026-04-19 20:23:26,256 - Epoch 29, Batch 950, lr = 0.00004, final_loss = 3.7388, nll_loss = 3.6394, ref_nll_loss = 3.8382, ivc_loss = 0.0981, neg_loss_1 = 0.0129, neg_loss_2 = 0.0118, ref_loss = 0.0229, div_loss = 0.0101, 0.756 seconds/batch
2026-04-19 20:23:59,754 - Epoch 29, Batch 1000, lr = 0.00004, final_loss = 3.6935, nll_loss = 3.5916, ref_nll_loss = 3.7954, ivc_loss = 0.0987, neg_loss_1 = 0.0169, neg_loss_2 = 0.0102, ref_loss = 0.0217, div_loss = 0.0100, 0.752 seconds/batch
2026-04-19 20:24:33,961 - Epoch 29, Batch 1050, lr = 0.00004, final_loss = 3.7007, nll_loss = 3.6011, ref_nll_loss = 3.8003, ivc_loss = 0.1006, neg_loss_1 = 0.0158, neg_loss_2 = 0.0110, ref_loss = 0.0233, div_loss = 0.0101, 0.749 seconds/batch
2026-04-19 20:25:08,126 - Epoch 29, Batch 1100, lr = 0.00004, final_loss = 3.7522, nll_loss = 3.6520, ref_nll_loss = 3.8525, ivc_loss = 0.1006, neg_loss_1 = 0.0166, neg_loss_2 = 0.0102, ref_loss = 0.0219, div_loss = 0.0104, 0.746 seconds/batch
2026-04-19 20:25:42,280 - Epoch 29, Batch 1150, lr = 0.00004, final_loss = 3.7165, nll_loss = 3.6162, ref_nll_loss = 3.8168, ivc_loss = 0.0977, neg_loss_1 = 0.0135, neg_loss_2 = 0.0105, ref_loss = 0.0225, div_loss = 0.0102, 0.743 seconds/batch
2026-04-19 20:25:53,338 - Epoch 29, Batch 1170, lr = 0.00004, final_loss = 3.7132, nll_loss = 3.6142, ref_nll_loss = 3.8122, ivc_loss = 0.1032, neg_loss_1 = 0.0102, neg_loss_2 = 0.0117, ref_loss = 0.0250, div_loss = 0.0113, 0.740 seconds/batch
2026-04-19 20:25:53,410 - save model to checkpoints/activitynet_moe/cpl_moe/model-29.pt, num_updates 33930.
2026-04-19 20:29:49,573 - | R@1,mIoU 0.2709 | R@1,IoU@0.1 0.5873 | R@1,IoU@0.3 0.4300 | R@1,IoU@0.5 0.2176 | R@1,IoU@0.7 0.0988 | R@1,IoU@0.9 0.0132 | R@5,mIoU 0.5221 | R@5,IoU@0.1 0.9142 | R@5,IoU@0.3 0.7701 | R@5,IoU@0.5 0.5323 | R@5,IoU@0.7 0.3171 | R@5,IoU@0.9 0.0758 |
2026-04-19 20:29:49,573 - ============================================================
2026-04-19 20:29:49,573 - Start Epoch 30
2026-04-19 20:30:23,446 - Epoch 30, Batch 50, lr = 0.00004, final_loss = 3.6590, nll_loss = 3.5588, ref_nll_loss = 3.7593, ivc_loss = 0.0955, neg_loss_1 = 0.0153, neg_loss_2 = 0.0079, ref_loss = 0.0218, div_loss = 0.0101, 0.677 seconds/batch
2026-04-19 20:31:01,286 - Epoch 30, Batch 100, lr = 0.00004, final_loss = 3.6665, nll_loss = 3.5708, ref_nll_loss = 3.7623, ivc_loss = 0.0988, neg_loss_1 = 0.0150, neg_loss_2 = 0.0094, ref_loss = 0.0253, div_loss = 0.0098, 0.717 seconds/batch
2026-04-19 20:31:41,142 - Epoch 30, Batch 150, lr = 0.00004, final_loss = 3.6845, nll_loss = 3.5863, ref_nll_loss = 3.7828, ivc_loss = 0.0993, neg_loss_1 = 0.0157, neg_loss_2 = 0.0085, ref_loss = 0.0241, div_loss = 0.0102, 0.744 seconds/batch
2026-04-19 20:32:20,557 - Epoch 30, Batch 200, lr = 0.00004, final_loss = 3.6808, nll_loss = 3.5794, ref_nll_loss = 3.7822, ivc_loss = 0.0990, neg_loss_1 = 0.0153, neg_loss_2 = 0.0100, ref_loss = 0.0209, div_loss = 0.0106, 0.755 seconds/batch
2026-04-19 20:33:00,841 - Epoch 30, Batch 250, lr = 0.00004, final_loss = 3.7009, nll_loss = 3.5987, ref_nll_loss = 3.8031, ivc_loss = 0.0999, neg_loss_1 = 0.0156, neg_loss_2 = 0.0107, ref_loss = 0.0215, div_loss = 0.0104, 0.765 seconds/batch
2026-04-19 20:33:40,914 - Epoch 30, Batch 300, lr = 0.00004, final_loss = 3.6804, nll_loss = 3.5802, ref_nll_loss = 3.7806, ivc_loss = 0.1011, neg_loss_1 = 0.0170, neg_loss_2 = 0.0094, ref_loss = 0.0240, div_loss = 0.0101, 0.771 seconds/batch
2026-04-19 20:34:20,911 - Epoch 30, Batch 350, lr = 0.00004, final_loss = 3.6798, nll_loss = 3.5802, ref_nll_loss = 3.7793, ivc_loss = 0.0977, neg_loss_1 = 0.0137, neg_loss_2 = 0.0089, ref_loss = 0.0228, div_loss = 0.0105, 0.775 seconds/batch
2026-04-19 20:35:00,664 - Epoch 30, Batch 400, lr = 0.00004, final_loss = 3.7253, nll_loss = 3.6281, ref_nll_loss = 3.8225, ivc_loss = 0.1014, neg_loss_1 = 0.0169, neg_loss_2 = 0.0094, ref_loss = 0.0242, div_loss = 0.0101, 0.778 seconds/batch
2026-04-19 20:35:40,160 - Epoch 30, Batch 450, lr = 0.00004, final_loss = 3.6857, nll_loss = 3.5852, ref_nll_loss = 3.7862, ivc_loss = 0.1005, neg_loss_1 = 0.0169, neg_loss_2 = 0.0101, ref_loss = 0.0215, div_loss = 0.0104, 0.779 seconds/batch
2026-04-19 20:36:19,807 - Epoch 30, Batch 500, lr = 0.00004, final_loss = 3.7082, nll_loss = 3.6089, ref_nll_loss = 3.8076, ivc_loss = 0.1004, neg_loss_1 = 0.0177, neg_loss_2 = 0.0074, ref_loss = 0.0256, div_loss = 0.0099, 0.780 seconds/batch
2026-04-19 20:36:59,514 - Epoch 30, Batch 550, lr = 0.00004, final_loss = 3.6912, nll_loss = 3.5924, ref_nll_loss = 3.7899, ivc_loss = 0.1049, neg_loss_1 = 0.0167, neg_loss_2 = 0.0109, ref_loss = 0.0245, div_loss = 0.0106, 0.782 seconds/batch
2026-04-19 20:37:39,064 - Epoch 30, Batch 600, lr = 0.00004, final_loss = 3.7068, nll_loss = 3.6106, ref_nll_loss = 3.8030, ivc_loss = 0.1014, neg_loss_1 = 0.0165, neg_loss_2 = 0.0093, ref_loss = 0.0244, div_loss = 0.0102, 0.782 seconds/batch
2026-04-19 20:38:18,488 - Epoch 30, Batch 650, lr = 0.00004, final_loss = 3.6780, nll_loss = 3.5810, ref_nll_loss = 3.7750, ivc_loss = 0.0991, neg_loss_1 = 0.0167, neg_loss_2 = 0.0100, ref_loss = 0.0225, div_loss = 0.0100, 0.783 seconds/batch
2026-04-19 20:38:54,758 - Epoch 30, Batch 700, lr = 0.00004, final_loss = 3.6847, nll_loss = 3.5904, ref_nll_loss = 3.7790, ivc_loss = 0.1007, neg_loss_1 = 0.0155, neg_loss_2 = 0.0099, ref_loss = 0.0259, div_loss = 0.0099, 0.779 seconds/batch
2026-04-19 20:39:28,873 - Epoch 30, Batch 750, lr = 0.00004, final_loss = 3.7011, nll_loss = 3.5987, ref_nll_loss = 3.8034, ivc_loss = 0.0929, neg_loss_1 = 0.0155, neg_loss_2 = 0.0069, ref_loss = 0.0218, div_loss = 0.0097, 0.772 seconds/batch
2026-04-19 20:40:02,989 - Epoch 30, Batch 800, lr = 0.00004, final_loss = 3.7100, nll_loss = 3.6099, ref_nll_loss = 3.8102, ivc_loss = 0.0986, neg_loss_1 = 0.0160, neg_loss_2 = 0.0098, ref_loss = 0.0227, div_loss = 0.0100, 0.767 seconds/batch
2026-04-19 20:40:36,886 - Epoch 30, Batch 850, lr = 0.00004, final_loss = 3.7068, nll_loss = 3.6032, ref_nll_loss = 3.8104, ivc_loss = 0.0946, neg_loss_1 = 0.0137, neg_loss_2 = 0.0088, ref_loss = 0.0223, div_loss = 0.0100, 0.762 seconds/batch
2026-04-19 20:41:11,004 - Epoch 30, Batch 900, lr = 0.00004, final_loss = 3.7152, nll_loss = 3.6173, ref_nll_loss = 3.8130, ivc_loss = 0.0982, neg_loss_1 = 0.0141, neg_loss_2 = 0.0105, ref_loss = 0.0246, div_loss = 0.0098, 0.757 seconds/batch
2026-04-19 20:41:44,814 - Epoch 30, Batch 950, lr = 0.00004, final_loss = 3.7193, nll_loss = 3.6206, ref_nll_loss = 3.8180, ivc_loss = 0.0985, neg_loss_1 = 0.0148, neg_loss_2 = 0.0114, ref_loss = 0.0225, div_loss = 0.0100, 0.753 seconds/batch
2026-04-19 20:42:19,266 - Epoch 30, Batch 1000, lr = 0.00004, final_loss = 3.7113, nll_loss = 3.6118, ref_nll_loss = 3.8108, ivc_loss = 0.0980, neg_loss_1 = 0.0147, neg_loss_2 = 0.0098, ref_loss = 0.0224, div_loss = 0.0102, 0.750 seconds/batch
2026-04-19 20:42:53,357 - Epoch 30, Batch 1050, lr = 0.00004, final_loss = 3.7290, nll_loss = 3.6319, ref_nll_loss = 3.8260, ivc_loss = 0.1032, neg_loss_1 = 0.0162, neg_loss_2 = 0.0119, ref_loss = 0.0248, div_loss = 0.0101, 0.746 seconds/batch
2026-04-19 20:43:27,233 - Epoch 30, Batch 1100, lr = 0.00004, final_loss = 3.6838, nll_loss = 3.5846, ref_nll_loss = 3.7830, ivc_loss = 0.0996, neg_loss_1 = 0.0160, neg_loss_2 = 0.0094, ref_loss = 0.0229, div_loss = 0.0103, 0.743 seconds/batch
2026-04-19 20:44:01,079 - Epoch 30, Batch 1150, lr = 0.00004, final_loss = 3.7051, nll_loss = 3.6051, ref_nll_loss = 3.8052, ivc_loss = 0.1002, neg_loss_1 = 0.0148, neg_loss_2 = 0.0097, ref_loss = 0.0228, div_loss = 0.0106, 0.740 seconds/batch
2026-04-19 20:44:12,271 - Epoch 30, Batch 1170, lr = 0.00004, final_loss = 3.6789, nll_loss = 3.5818, ref_nll_loss = 3.7761, ivc_loss = 0.1010, neg_loss_1 = 0.0148, neg_loss_2 = 0.0111, ref_loss = 0.0239, div_loss = 0.0102, 0.737 seconds/batch
2026-04-19 20:44:12,343 - save model to checkpoints/activitynet_moe/cpl_moe/model-30.pt, num_updates 35100.
2026-04-19 20:46:19,803 - | R@1,mIoU 0.3151 | R@1,IoU@0.1 0.7045 | R@1,IoU@0.3 0.5340 | R@1,IoU@0.5 0.2441 | R@1,IoU@0.7 0.0816 | R@1,IoU@0.9 0.0097 | R@5,mIoU 0.5240 | R@5,IoU@0.1 0.9156 | R@5,IoU@0.3 0.7736 | R@5,IoU@0.5 0.5348 | R@5,IoU@0.7 0.3190 | R@5,IoU@0.9 0.0767 |
2026-04-19 20:46:19,806 - ============================================================
2026-04-19 20:46:19,806 - Best results:
2026-04-19 20:46:19,806 - | R@1,mIoU 0.3160 | R@1,IoU@0.1 0.7012 | R@1,IoU@0.3 0.5243 | R@1,IoU@0.5 0.2494 | R@1,IoU@0.7 0.0929 | R@1,IoU@0.9 0.0123 | R@5,mIoU 0.5233 | R@5,IoU@0.1 0.9161 | R@5,IoU@0.3 0.7757 | R@5,IoU@0.5 0.5340 | R@5,IoU@0.7 0.3191 | R@5,IoU@0.9 0.0753 |
