2026-04-17 16:09:43,667 - {'dataset': {'dataset': 'ActivityNet', 'feature_path': '/data/chenyuan/videogrounding/cpl-main/data/activitynet/sub_activitynet_v1-3.c3d.hdf5', 'vocab_size': 1111, 'word_dim': 300, 'frame_dim': 500, 'max_num_words': 40, 'max_num_frames': 200, 'target_stride': 1, 'train_data': 'data/activitynet/train_data.json', 'test_data': 'data/activitynet/test_data.json', 'val_data': 'data/activitynet/val_data.json', 'vocab_path': 'data/activitynet/glove.pkl'}, 'train': {'optimizer': {'lr': 0.0004, 'weight_decay': 0, 'warmup_updates': 400, 'warmup_init_lr': 1e-07}, 'batch_size': 32, 'max_num_epochs': 30, 'model_saved_path': 'checkpoints/activitynet_moe/cpl_moe'}, 'model': {'name': 'CPL_MoE', 'source': 'models', 'config': {'frames_input_size': 500, 'words_input_size': 300, 'hidden_size': 256, 'use_negative': True, 'num_props': 8, 'sigma': 9, 'gamma': 0.5, 'dropout': 0.1, 'DualTransformer': {'d_model': 256, 'num_heads': 4, 'num_decoder_layers1': 3, 'num_decoder_layers2': 3, 'dropout': 0.1}, 'MoE': {'use_moe': True, 'use_simple_moe': False, 'num_experts': 8, 'num_shared_experts': 2, 'top_k': 2, 'use_load_balance_loss': True, 'load_balance_weight': 0.01, 'use_2layer_gate': True}}}, 'loss': {'margin_1': 0.1, 'margin_2': 0.2, 'lambda': 0.122, 'alpha_1': 1, 'alpha_2': 5, 'use_width_reg': False, 'width_lambda': 0.05}, 'vote': True}
2026-04-17 16:09:44,027 - train: 37421 samples, test: 17031 samples
2026-04-17 16:09:45,655 - Start Epoch 1
2026-04-17 16:10:21,443 - Epoch 1, Batch 50, lr = 0.00005, final_loss = 6.8853, nll_loss = 6.8433, ref_nll_loss = 6.9274, ivc_loss = 1.3192, neg_loss_1 = 0.1106, neg_loss_2 = 0.1077, ref_loss = 0.0423, div_loss = 0.2117, 0.716 seconds/batch
2026-04-17 16:10:55,114 - Epoch 1, Batch 100, lr = 0.00010, final_loss = 6.0579, nll_loss = 6.0189, ref_nll_loss = 6.0969, ivc_loss = 0.3234, neg_loss_1 = 0.0674, neg_loss_2 = 0.0676, ref_loss = 0.0398, div_loss = 0.0297, 0.695 seconds/batch
2026-04-17 16:11:29,043 - Epoch 1, Batch 150, lr = 0.00015, final_loss = 5.6430, nll_loss = 5.6032, ref_nll_loss = 5.6829, ivc_loss = 0.2341, neg_loss_1 = 0.0670, neg_loss_2 = 0.0651, ref_loss = 0.0404, div_loss = 0.0123, 0.689 seconds/batch
2026-04-17 16:12:03,104 - Epoch 1, Batch 200, lr = 0.00020, final_loss = 5.4349, nll_loss = 5.3930, ref_nll_loss = 5.4768, ivc_loss = 0.1997, neg_loss_1 = 0.0627, neg_loss_2 = 0.0570, ref_loss = 0.0394, div_loss = 0.0081, 0.687 seconds/batch
2026-04-17 16:12:37,052 - Epoch 1, Batch 250, lr = 0.00025, final_loss = 5.3263, nll_loss = 5.2795, ref_nll_loss = 5.3730, ivc_loss = 0.1898, neg_loss_1 = 0.0592, neg_loss_2 = 0.0535, ref_loss = 0.0368, div_loss = 0.0080, 0.686 seconds/batch
2026-04-17 16:13:09,909 - Epoch 1, Batch 300, lr = 0.00030, final_loss = 5.2578, nll_loss = 5.2096, ref_nll_loss = 5.3061, ivc_loss = 0.1841, neg_loss_1 = 0.0570, neg_loss_2 = 0.0526, ref_loss = 0.0349, div_loss = 0.0079, 0.681 seconds/batch
2026-04-17 16:13:37,422 - Epoch 1, Batch 350, lr = 0.00035, final_loss = 5.1791, nll_loss = 5.1281, ref_nll_loss = 5.2300, ivc_loss = 0.1788, neg_loss_1 = 0.0529, neg_loss_2 = 0.0511, ref_loss = 0.0346, div_loss = 0.0080, 0.662 seconds/batch
2026-04-17 16:14:03,602 - Epoch 1, Batch 400, lr = 0.00040, final_loss = 5.0820, nll_loss = 5.0283, ref_nll_loss = 5.1356, ivc_loss = 0.1680, neg_loss_1 = 0.0484, neg_loss_2 = 0.0477, ref_loss = 0.0332, div_loss = 0.0078, 0.645 seconds/batch
2026-04-17 16:14:25,378 - Epoch 1, Batch 450, lr = 0.00038, final_loss = 5.0556, nll_loss = 4.9996, ref_nll_loss = 5.1116, ivc_loss = 0.1621, neg_loss_1 = 0.0431, neg_loss_2 = 0.0457, ref_loss = 0.0327, div_loss = 0.0081, 0.622 seconds/batch
2026-04-17 16:14:48,852 - Epoch 1, Batch 500, lr = 0.00036, final_loss = 4.9436, nll_loss = 4.8899, ref_nll_loss = 4.9972, ivc_loss = 0.1501, neg_loss_1 = 0.0393, neg_loss_2 = 0.0409, ref_loss = 0.0351, div_loss = 0.0070, 0.606 seconds/batch
2026-04-17 16:15:16,717 - Epoch 1, Batch 550, lr = 0.00034, final_loss = 4.8775, nll_loss = 4.8191, ref_nll_loss = 4.9358, ivc_loss = 0.1315, neg_loss_1 = 0.0328, neg_loss_2 = 0.0334, ref_loss = 0.0321, div_loss = 0.0066, 0.602 seconds/batch
2026-04-17 16:15:44,191 - Epoch 1, Batch 600, lr = 0.00033, final_loss = 4.8546, nll_loss = 4.8015, ref_nll_loss = 4.9077, ivc_loss = 0.1276, neg_loss_1 = 0.0266, neg_loss_2 = 0.0307, ref_loss = 0.0381, div_loss = 0.0065, 0.598 seconds/batch
2026-04-17 16:16:11,704 - Epoch 1, Batch 650, lr = 0.00031, final_loss = 4.8036, nll_loss = 4.7483, ref_nll_loss = 4.8590, ivc_loss = 0.1175, neg_loss_1 = 0.0238, neg_loss_2 = 0.0238, ref_loss = 0.0378, div_loss = 0.0064, 0.594 seconds/batch
2026-04-17 16:16:39,080 - Epoch 1, Batch 700, lr = 0.00030, final_loss = 4.7594, nll_loss = 4.7014, ref_nll_loss = 4.8175, ivc_loss = 0.1149, neg_loss_1 = 0.0245, neg_loss_2 = 0.0226, ref_loss = 0.0362, div_loss = 0.0063, 0.591 seconds/batch
2026-04-17 16:17:06,704 - Epoch 1, Batch 750, lr = 0.00029, final_loss = 4.7646, nll_loss = 4.7066, ref_nll_loss = 4.8226, ivc_loss = 0.1117, neg_loss_1 = 0.0193, neg_loss_2 = 0.0235, ref_loss = 0.0366, div_loss = 0.0065, 0.588 seconds/batch
2026-04-17 16:17:33,911 - Epoch 1, Batch 800, lr = 0.00028, final_loss = 4.6970, nll_loss = 4.6368, ref_nll_loss = 4.7571, ivc_loss = 0.0975, neg_loss_1 = 0.0140, neg_loss_2 = 0.0151, ref_loss = 0.0357, div_loss = 0.0065, 0.585 seconds/batch
2026-04-17 16:18:04,925 - Epoch 1, Batch 850, lr = 0.00027, final_loss = 4.7056, nll_loss = 4.6448, ref_nll_loss = 4.7664, ivc_loss = 0.0988, neg_loss_1 = 0.0128, neg_loss_2 = 0.0156, ref_loss = 0.0377, div_loss = 0.0065, 0.587 seconds/batch
2026-04-17 16:18:39,073 - Epoch 1, Batch 900, lr = 0.00027, final_loss = 4.6704, nll_loss = 4.6097, ref_nll_loss = 4.7310, ivc_loss = 0.0902, neg_loss_1 = 0.0111, neg_loss_2 = 0.0137, ref_loss = 0.0354, div_loss = 0.0060, 0.593 seconds/batch
2026-04-17 16:19:17,454 - Epoch 1, Batch 950, lr = 0.00026, final_loss = 4.6688, nll_loss = 4.6115, ref_nll_loss = 4.7261, ivc_loss = 0.0928, neg_loss_1 = 0.0104, neg_loss_2 = 0.0129, ref_loss = 0.0378, div_loss = 0.0063, 0.602 seconds/batch
2026-04-17 16:19:57,298 - Epoch 1, Batch 1000, lr = 0.00025, final_loss = 4.6295, nll_loss = 4.5699, ref_nll_loss = 4.6891, ivc_loss = 0.0887, neg_loss_1 = 0.0095, neg_loss_2 = 0.0116, ref_loss = 0.0375, div_loss = 0.0060, 0.612 seconds/batch
2026-04-17 16:20:37,254 - Epoch 1, Batch 1050, lr = 0.00025, final_loss = 4.6339, nll_loss = 4.5722, ref_nll_loss = 4.6956, ivc_loss = 0.0858, neg_loss_1 = 0.0080, neg_loss_2 = 0.0093, ref_loss = 0.0371, div_loss = 0.0063, 0.621 seconds/batch
2026-04-17 16:21:16,715 - Epoch 1, Batch 1100, lr = 0.00024, final_loss = 4.5818, nll_loss = 4.5200, ref_nll_loss = 4.6436, ivc_loss = 0.0814, neg_loss_1 = 0.0071, neg_loss_2 = 0.0075, ref_loss = 0.0375, div_loss = 0.0059, 0.628 seconds/batch
2026-04-17 16:21:56,521 - Epoch 1, Batch 1150, lr = 0.00024, final_loss = 4.5681, nll_loss = 4.5045, ref_nll_loss = 4.6316, ivc_loss = 0.0778, neg_loss_1 = 0.0070, neg_loss_2 = 0.0083, ref_loss = 0.0321, div_loss = 0.0061, 0.636 seconds/batch
2026-04-17 16:22:12,323 - Epoch 1, Batch 1170, lr = 0.00023, final_loss = 4.5425, nll_loss = 4.4815, ref_nll_loss = 4.6035, ivc_loss = 0.0783, neg_loss_1 = 0.0066, neg_loss_2 = 0.0067, ref_loss = 0.0356, div_loss = 0.0059, 0.638 seconds/batch
2026-04-17 16:22:12,398 - save model to checkpoints/activitynet_moe/cpl_moe/model-1.pt, num_updates 1170.
2026-04-17 16:27:53,100 - | R@1,mIoU 0.2270 | R@1,IoU@0.1 0.5465 | R@1,IoU@0.3 0.3913 | R@1,IoU@0.5 0.1487 | R@1,IoU@0.7 0.0371 | R@1,IoU@0.9 0.0017 | R@5,mIoU 0.5190 | R@5,IoU@0.1 0.9122 | R@5,IoU@0.3 0.7742 | R@5,IoU@0.5 0.5197 | R@5,IoU@0.7 0.3080 | R@5,IoU@0.9 0.0722 |
2026-04-17 16:27:53,175 - Best results have been updated.
2026-04-17 16:27:53,176 - ============================================================
2026-04-17 16:27:53,176 - Start Epoch 2
2026-04-17 16:28:27,361 - Epoch 2, Batch 50, lr = 0.00023, final_loss = 4.5230, nll_loss = 4.4606, ref_nll_loss = 4.5854, ivc_loss = 0.0821, neg_loss_1 = 0.0087, neg_loss_2 = 0.0099, ref_loss = 0.0346, div_loss = 0.0058, 0.684 seconds/batch
2026-04-17 16:29:00,802 - Epoch 2, Batch 100, lr = 0.00022, final_loss = 4.5295, nll_loss = 4.4650, ref_nll_loss = 4.5939, ivc_loss = 0.0790, neg_loss_1 = 0.0081, neg_loss_2 = 0.0090, ref_loss = 0.0324, div_loss = 0.0059, 0.676 seconds/batch
2026-04-17 16:29:34,641 - Epoch 2, Batch 150, lr = 0.00022, final_loss = 4.5414, nll_loss = 4.4808, ref_nll_loss = 4.6020, ivc_loss = 0.0773, neg_loss_1 = 0.0063, neg_loss_2 = 0.0062, ref_loss = 0.0350, div_loss = 0.0060, 0.676 seconds/batch
2026-04-17 16:30:08,376 - Epoch 2, Batch 200, lr = 0.00022, final_loss = 4.4964, nll_loss = 4.4329, ref_nll_loss = 4.5599, ivc_loss = 0.0763, neg_loss_1 = 0.0063, neg_loss_2 = 0.0075, ref_loss = 0.0330, div_loss = 0.0059, 0.676 seconds/batch
2026-04-17 16:30:42,032 - Epoch 2, Batch 250, lr = 0.00021, final_loss = 4.4940, nll_loss = 4.4331, ref_nll_loss = 4.5548, ivc_loss = 0.0802, neg_loss_1 = 0.0074, neg_loss_2 = 0.0068, ref_loss = 0.0367, div_loss = 0.0059, 0.675 seconds/batch
2026-04-17 16:31:16,048 - Epoch 2, Batch 300, lr = 0.00021, final_loss = 4.4823, nll_loss = 4.4178, ref_nll_loss = 4.5468, ivc_loss = 0.0771, neg_loss_1 = 0.0075, neg_loss_2 = 0.0065, ref_loss = 0.0325, div_loss = 0.0061, 0.676 seconds/batch
2026-04-17 16:31:45,823 - Epoch 2, Batch 350, lr = 0.00021, final_loss = 4.4956, nll_loss = 4.4338, ref_nll_loss = 4.5575, ivc_loss = 0.0742, neg_loss_1 = 0.0068, neg_loss_2 = 0.0074, ref_loss = 0.0309, div_loss = 0.0058, 0.665 seconds/batch
2026-04-17 16:32:13,364 - Epoch 2, Batch 400, lr = 0.00020, final_loss = 4.4760, nll_loss = 4.4137, ref_nll_loss = 4.5383, ivc_loss = 0.0731, neg_loss_1 = 0.0061, neg_loss_2 = 0.0054, ref_loss = 0.0317, div_loss = 0.0060, 0.650 seconds/batch
2026-04-17 16:32:35,829 - Epoch 2, Batch 450, lr = 0.00020, final_loss = 4.4526, nll_loss = 4.3868, ref_nll_loss = 4.5184, ivc_loss = 0.0691, neg_loss_1 = 0.0048, neg_loss_2 = 0.0054, ref_loss = 0.0299, div_loss = 0.0058, 0.628 seconds/batch
2026-04-17 16:32:57,847 - Epoch 2, Batch 500, lr = 0.00020, final_loss = 4.4383, nll_loss = 4.3775, ref_nll_loss = 4.4991, ivc_loss = 0.0739, neg_loss_1 = 0.0051, neg_loss_2 = 0.0049, ref_loss = 0.0342, div_loss = 0.0059, 0.609 seconds/batch
2026-04-17 16:33:25,578 - Epoch 2, Batch 550, lr = 0.00019, final_loss = 4.4267, nll_loss = 4.3639, ref_nll_loss = 4.4894, ivc_loss = 0.0700, neg_loss_1 = 0.0034, neg_loss_2 = 0.0060, ref_loss = 0.0318, div_loss = 0.0058, 0.604 seconds/batch
2026-04-17 16:33:53,109 - Epoch 2, Batch 600, lr = 0.00019, final_loss = 4.4247, nll_loss = 4.3637, ref_nll_loss = 4.4856, ivc_loss = 0.0738, neg_loss_1 = 0.0042, neg_loss_2 = 0.0051, ref_loss = 0.0363, div_loss = 0.0056, 0.600 seconds/batch
2026-04-17 16:34:20,795 - Epoch 2, Batch 650, lr = 0.00019, final_loss = 4.4182, nll_loss = 4.3557, ref_nll_loss = 4.4807, ivc_loss = 0.0706, neg_loss_1 = 0.0039, neg_loss_2 = 0.0060, ref_loss = 0.0318, div_loss = 0.0058, 0.596 seconds/batch
2026-04-17 16:34:48,161 - Epoch 2, Batch 700, lr = 0.00018, final_loss = 4.4081, nll_loss = 4.3440, ref_nll_loss = 4.4722, ivc_loss = 0.0688, neg_loss_1 = 0.0041, neg_loss_2 = 0.0045, ref_loss = 0.0311, div_loss = 0.0058, 0.593 seconds/batch
2026-04-17 16:35:15,761 - Epoch 2, Batch 750, lr = 0.00018, final_loss = 4.3892, nll_loss = 4.3262, ref_nll_loss = 4.4522, ivc_loss = 0.0713, neg_loss_1 = 0.0061, neg_loss_2 = 0.0057, ref_loss = 0.0306, div_loss = 0.0058, 0.590 seconds/batch
2026-04-17 16:35:43,407 - Epoch 2, Batch 800, lr = 0.00018, final_loss = 4.3808, nll_loss = 4.3185, ref_nll_loss = 4.4432, ivc_loss = 0.0717, neg_loss_1 = 0.0049, neg_loss_2 = 0.0059, ref_loss = 0.0320, div_loss = 0.0058, 0.588 seconds/batch
2026-04-17 16:36:11,203 - Epoch 2, Batch 850, lr = 0.00018, final_loss = 4.4046, nll_loss = 4.3430, ref_nll_loss = 4.4663, ivc_loss = 0.0726, neg_loss_1 = 0.0042, neg_loss_2 = 0.0057, ref_loss = 0.0334, div_loss = 0.0059, 0.586 seconds/batch
2026-04-17 16:36:45,421 - Epoch 2, Batch 900, lr = 0.00018, final_loss = 4.3884, nll_loss = 4.3253, ref_nll_loss = 4.4515, ivc_loss = 0.0757, neg_loss_1 = 0.0057, neg_loss_2 = 0.0058, ref_loss = 0.0313, div_loss = 0.0066, 0.591 seconds/batch
2026-04-17 16:37:21,637 - Epoch 2, Batch 950, lr = 0.00017, final_loss = 4.3878, nll_loss = 4.3264, ref_nll_loss = 4.4491, ivc_loss = 0.0686, neg_loss_1 = 0.0034, neg_loss_2 = 0.0049, ref_loss = 0.0322, div_loss = 0.0056, 0.598 seconds/batch
2026-04-17 16:38:01,656 - Epoch 2, Batch 1000, lr = 0.00017, final_loss = 4.3497, nll_loss = 4.2859, ref_nll_loss = 4.4136, ivc_loss = 0.0696, neg_loss_1 = 0.0041, neg_loss_2 = 0.0048, ref_loss = 0.0323, div_loss = 0.0057, 0.608 seconds/batch
2026-04-17 16:38:41,164 - Epoch 2, Batch 1050, lr = 0.00017, final_loss = 4.3926, nll_loss = 4.3292, ref_nll_loss = 4.4560, ivc_loss = 0.0709, neg_loss_1 = 0.0052, neg_loss_2 = 0.0057, ref_loss = 0.0317, div_loss = 0.0056, 0.617 seconds/batch
2026-04-17 16:39:21,049 - Epoch 2, Batch 1100, lr = 0.00017, final_loss = 4.3548, nll_loss = 4.2903, ref_nll_loss = 4.4192, ivc_loss = 0.0672, neg_loss_1 = 0.0048, neg_loss_2 = 0.0038, ref_loss = 0.0302, div_loss = 0.0057, 0.625 seconds/batch
2026-04-17 16:40:00,449 - Epoch 2, Batch 1150, lr = 0.00017, final_loss = 4.3547, nll_loss = 4.2892, ref_nll_loss = 4.4202, ivc_loss = 0.0715, neg_loss_1 = 0.0051, neg_loss_2 = 0.0047, ref_loss = 0.0322, div_loss = 0.0059, 0.632 seconds/batch
2026-04-17 16:40:15,951 - Epoch 2, Batch 1170, lr = 0.00017, final_loss = 4.3712, nll_loss = 4.3014, ref_nll_loss = 4.4410, ivc_loss = 0.0666, neg_loss_1 = 0.0031, neg_loss_2 = 0.0046, ref_loss = 0.0292, div_loss = 0.0059, 0.635 seconds/batch
2026-04-17 16:40:16,026 - save model to checkpoints/activitynet_moe/cpl_moe/model-2.pt, num_updates 2340.
2026-04-17 16:45:57,945 - | R@1,mIoU 0.2240 | R@1,IoU@0.1 0.5343 | R@1,IoU@0.3 0.3885 | R@1,IoU@0.5 0.1424 | R@1,IoU@0.7 0.0400 | R@1,IoU@0.9 0.0042 | R@5,mIoU 0.5242 | R@5,IoU@0.1 0.9235 | R@5,IoU@0.3 0.7917 | R@5,IoU@0.5 0.5287 | R@5,IoU@0.7 0.3086 | R@5,IoU@0.9 0.0735 |
2026-04-17 16:45:57,945 - ============================================================
2026-04-17 16:45:57,945 - Start Epoch 3
2026-04-17 16:46:31,778 - Epoch 3, Batch 50, lr = 0.00016, final_loss = 4.3133, nll_loss = 4.2496, ref_nll_loss = 4.3769, ivc_loss = 0.0744, neg_loss_1 = 0.0064, neg_loss_2 = 0.0076, ref_loss = 0.0307, div_loss = 0.0059, 0.677 seconds/batch
2026-04-17 16:47:05,980 - Epoch 3, Batch 100, lr = 0.00016, final_loss = 4.3285, nll_loss = 4.2641, ref_nll_loss = 4.3929, ivc_loss = 0.0711, neg_loss_1 = 0.0052, neg_loss_2 = 0.0073, ref_loss = 0.0297, div_loss = 0.0058, 0.680 seconds/batch
2026-04-17 16:47:39,900 - Epoch 3, Batch 150, lr = 0.00016, final_loss = 4.3172, nll_loss = 4.2528, ref_nll_loss = 4.3815, ivc_loss = 0.0723, neg_loss_1 = 0.0052, neg_loss_2 = 0.0063, ref_loss = 0.0310, div_loss = 0.0059, 0.680 seconds/batch
2026-04-17 16:48:13,878 - Epoch 3, Batch 200, lr = 0.00016, final_loss = 4.2964, nll_loss = 4.2335, ref_nll_loss = 4.3592, ivc_loss = 0.0748, neg_loss_1 = 0.0058, neg_loss_2 = 0.0056, ref_loss = 0.0329, div_loss = 0.0061, 0.680 seconds/batch
2026-04-17 16:48:47,353 - Epoch 3, Batch 250, lr = 0.00016, final_loss = 4.3029, nll_loss = 4.2357, ref_nll_loss = 4.3700, ivc_loss = 0.0672, neg_loss_1 = 0.0051, neg_loss_2 = 0.0047, ref_loss = 0.0285, div_loss = 0.0058, 0.678 seconds/batch
2026-04-17 16:49:21,337 - Epoch 3, Batch 300, lr = 0.00016, final_loss = 4.3191, nll_loss = 4.2537, ref_nll_loss = 4.3845, ivc_loss = 0.0721, neg_loss_1 = 0.0065, neg_loss_2 = 0.0065, ref_loss = 0.0303, div_loss = 0.0058, 0.678 seconds/batch
2026-04-17 16:49:54,426 - Epoch 3, Batch 350, lr = 0.00015, final_loss = 4.3131, nll_loss = 4.2474, ref_nll_loss = 4.3789, ivc_loss = 0.0753, neg_loss_1 = 0.0070, neg_loss_2 = 0.0071, ref_loss = 0.0308, div_loss = 0.0061, 0.676 seconds/batch
2026-04-17 16:50:21,537 - Epoch 3, Batch 400, lr = 0.00015, final_loss = 4.2786, nll_loss = 4.2133, ref_nll_loss = 4.3438, ivc_loss = 0.0716, neg_loss_1 = 0.0051, neg_loss_2 = 0.0059, ref_loss = 0.0294, div_loss = 0.0062, 0.659 seconds/batch
2026-04-17 16:50:46,482 - Epoch 3, Batch 450, lr = 0.00015, final_loss = 4.2610, nll_loss = 4.1949, ref_nll_loss = 4.3271, ivc_loss = 0.0785, neg_loss_1 = 0.0073, neg_loss_2 = 0.0110, ref_loss = 0.0310, div_loss = 0.0058, 0.641 seconds/batch
2026-04-17 16:51:08,345 - Epoch 3, Batch 500, lr = 0.00015, final_loss = 4.3050, nll_loss = 4.2382, ref_nll_loss = 4.3718, ivc_loss = 0.0727, neg_loss_1 = 0.0061, neg_loss_2 = 0.0043, ref_loss = 0.0317, div_loss = 0.0061, 0.621 seconds/batch
2026-04-17 16:51:33,944 - Epoch 3, Batch 550, lr = 0.00015, final_loss = 4.3132, nll_loss = 4.2460, ref_nll_loss = 4.3804, ivc_loss = 0.0708, neg_loss_1 = 0.0048, neg_loss_2 = 0.0057, ref_loss = 0.0299, div_loss = 0.0061, 0.611 seconds/batch
2026-04-17 16:52:01,475 - Epoch 3, Batch 600, lr = 0.00015, final_loss = 4.2812, nll_loss = 4.2149, ref_nll_loss = 4.3474, ivc_loss = 0.0742, neg_loss_1 = 0.0069, neg_loss_2 = 0.0077, ref_loss = 0.0304, div_loss = 0.0058, 0.606 seconds/batch
2026-04-17 16:52:28,808 - Epoch 3, Batch 650, lr = 0.00015, final_loss = 4.2645, nll_loss = 4.1994, ref_nll_loss = 4.3296, ivc_loss = 0.0728, neg_loss_1 = 0.0048, neg_loss_2 = 0.0061, ref_loss = 0.0318, div_loss = 0.0060, 0.601 seconds/batch
2026-04-17 16:52:56,411 - Epoch 3, Batch 700, lr = 0.00015, final_loss = 4.2831, nll_loss = 4.2164, ref_nll_loss = 4.3498, ivc_loss = 0.0721, neg_loss_1 = 0.0062, neg_loss_2 = 0.0045, ref_loss = 0.0297, div_loss = 0.0063, 0.598 seconds/batch
2026-04-17 16:53:24,204 - Epoch 3, Batch 750, lr = 0.00014, final_loss = 4.3103, nll_loss = 4.2443, ref_nll_loss = 4.3763, ivc_loss = 0.0711, neg_loss_1 = 0.0060, neg_loss_2 = 0.0043, ref_loss = 0.0300, div_loss = 0.0061, 0.595 seconds/batch
2026-04-17 16:53:51,545 - Epoch 3, Batch 800, lr = 0.00014, final_loss = 4.2543, nll_loss = 4.1866, ref_nll_loss = 4.3220, ivc_loss = 0.0717, neg_loss_1 = 0.0050, neg_loss_2 = 0.0059, ref_loss = 0.0319, div_loss = 0.0058, 0.592 seconds/batch
2026-04-17 16:54:19,155 - Epoch 3, Batch 850, lr = 0.00014, final_loss = 4.2569, nll_loss = 4.1912, ref_nll_loss = 4.3226, ivc_loss = 0.0731, neg_loss_1 = 0.0065, neg_loss_2 = 0.0048, ref_loss = 0.0319, div_loss = 0.0060, 0.590 seconds/batch
2026-04-17 16:54:49,748 - Epoch 3, Batch 900, lr = 0.00014, final_loss = 4.2659, nll_loss = 4.1993, ref_nll_loss = 4.3325, ivc_loss = 0.0704, neg_loss_1 = 0.0041, neg_loss_2 = 0.0068, ref_loss = 0.0303, div_loss = 0.0058, 0.591 seconds/batch
2026-04-17 16:55:23,634 - Epoch 3, Batch 950, lr = 0.00014, final_loss = 4.2611, nll_loss = 4.1945, ref_nll_loss = 4.3277, ivc_loss = 0.0731, neg_loss_1 = 0.0046, neg_loss_2 = 0.0057, ref_loss = 0.0328, div_loss = 0.0060, 0.595 seconds/batch
2026-04-17 16:56:02,771 - Epoch 3, Batch 1000, lr = 0.00014, final_loss = 4.2469, nll_loss = 4.1843, ref_nll_loss = 4.3095, ivc_loss = 0.0764, neg_loss_1 = 0.0073, neg_loss_2 = 0.0052, ref_loss = 0.0329, div_loss = 0.0062, 0.605 seconds/batch
2026-04-17 16:56:42,560 - Epoch 3, Batch 1050, lr = 0.00014, final_loss = 4.2425, nll_loss = 4.1806, ref_nll_loss = 4.3044, ivc_loss = 0.0767, neg_loss_1 = 0.0046, neg_loss_2 = 0.0059, ref_loss = 0.0344, div_loss = 0.0064, 0.614 seconds/batch
2026-04-17 16:57:22,398 - Epoch 3, Batch 1100, lr = 0.00014, final_loss = 4.2525, nll_loss = 4.1860, ref_nll_loss = 4.3190, ivc_loss = 0.0745, neg_loss_1 = 0.0063, neg_loss_2 = 0.0060, ref_loss = 0.0316, div_loss = 0.0061, 0.622 seconds/batch
2026-04-17 16:58:02,076 - Epoch 3, Batch 1150, lr = 0.00014, final_loss = 4.2646, nll_loss = 4.1948, ref_nll_loss = 4.3344, ivc_loss = 0.0721, neg_loss_1 = 0.0069, neg_loss_2 = 0.0061, ref_loss = 0.0287, div_loss = 0.0061, 0.630 seconds/batch
2026-04-17 16:58:17,924 - Epoch 3, Batch 1170, lr = 0.00014, final_loss = 4.2306, nll_loss = 4.1663, ref_nll_loss = 4.2949, ivc_loss = 0.0780, neg_loss_1 = 0.0096, neg_loss_2 = 0.0050, ref_loss = 0.0329, div_loss = 0.0061, 0.632 seconds/batch
2026-04-17 16:58:17,994 - save model to checkpoints/activitynet_moe/cpl_moe/model-3.pt, num_updates 3510.
2026-04-17 17:04:01,539 - | R@1,mIoU 0.2419 | R@1,IoU@0.1 0.5823 | R@1,IoU@0.3 0.4195 | R@1,IoU@0.5 0.1531 | R@1,IoU@0.7 0.0402 | R@1,IoU@0.9 0.0032 | R@5,mIoU 0.5294 | R@5,IoU@0.1 0.9217 | R@5,IoU@0.3 0.7864 | R@5,IoU@0.5 0.5386 | R@5,IoU@0.7 0.3222 | R@5,IoU@0.9 0.0731 |
2026-04-17 17:04:01,618 - Best results have been updated.
2026-04-17 17:04:01,618 - ============================================================
2026-04-17 17:04:01,618 - Start Epoch 4
2026-04-17 17:04:37,458 - Epoch 4, Batch 50, lr = 0.00013, final_loss = 4.1980, nll_loss = 4.1289, ref_nll_loss = 4.2671, ivc_loss = 0.0734, neg_loss_1 = 0.0073, neg_loss_2 = 0.0078, ref_loss = 0.0285, div_loss = 0.0060, 0.717 seconds/batch
2026-04-17 17:05:11,303 - Epoch 4, Batch 100, lr = 0.00013, final_loss = 4.1899, nll_loss = 4.1230, ref_nll_loss = 4.2568, ivc_loss = 0.0754, neg_loss_1 = 0.0072, neg_loss_2 = 0.0090, ref_loss = 0.0307, div_loss = 0.0057, 0.697 seconds/batch
2026-04-17 17:05:45,378 - Epoch 4, Batch 150, lr = 0.00013, final_loss = 4.2279, nll_loss = 4.1591, ref_nll_loss = 4.2967, ivc_loss = 0.0761, neg_loss_1 = 0.0100, neg_loss_2 = 0.0083, ref_loss = 0.0286, div_loss = 0.0058, 0.692 seconds/batch
2026-04-17 17:06:19,462 - Epoch 4, Batch 200, lr = 0.00013, final_loss = 4.2246, nll_loss = 4.1559, ref_nll_loss = 4.2933, ivc_loss = 0.0732, neg_loss_1 = 0.0077, neg_loss_2 = 0.0051, ref_loss = 0.0307, div_loss = 0.0059, 0.689 seconds/batch
2026-04-17 17:06:53,260 - Epoch 4, Batch 250, lr = 0.00013, final_loss = 4.1845, nll_loss = 4.1180, ref_nll_loss = 4.2510, ivc_loss = 0.0734, neg_loss_1 = 0.0062, neg_loss_2 = 0.0072, ref_loss = 0.0315, div_loss = 0.0057, 0.687 seconds/batch
2026-04-17 17:07:27,245 - Epoch 4, Batch 300, lr = 0.00013, final_loss = 4.2258, nll_loss = 4.1599, ref_nll_loss = 4.2917, ivc_loss = 0.0747, neg_loss_1 = 0.0070, neg_loss_2 = 0.0065, ref_loss = 0.0321, div_loss = 0.0058, 0.685 seconds/batch
2026-04-17 17:08:01,033 - Epoch 4, Batch 350, lr = 0.00013, final_loss = 4.2151, nll_loss = 4.1442, ref_nll_loss = 4.2859, ivc_loss = 0.0741, neg_loss_1 = 0.0081, neg_loss_2 = 0.0057, ref_loss = 0.0292, div_loss = 0.0062, 0.684 seconds/batch
2026-04-17 17:08:31,098 - Epoch 4, Batch 400, lr = 0.00013, final_loss = 4.1913, nll_loss = 4.1224, ref_nll_loss = 4.2601, ivc_loss = 0.0739, neg_loss_1 = 0.0058, neg_loss_2 = 0.0084, ref_loss = 0.0291, div_loss = 0.0061, 0.674 seconds/batch
2026-04-17 17:08:58,290 - Epoch 4, Batch 450, lr = 0.00013, final_loss = 4.1746, nll_loss = 4.1042, ref_nll_loss = 4.2450, ivc_loss = 0.0765, neg_loss_1 = 0.0078, neg_loss_2 = 0.0090, ref_loss = 0.0299, div_loss = 0.0060, 0.659 seconds/batch
2026-04-17 17:09:20,019 - Epoch 4, Batch 500, lr = 0.00013, final_loss = 4.1773, nll_loss = 4.1098, ref_nll_loss = 4.2448, ivc_loss = 0.0776, neg_loss_1 = 0.0076, neg_loss_2 = 0.0070, ref_loss = 0.0314, div_loss = 0.0063, 0.637 seconds/batch
2026-04-17 17:09:44,013 - Epoch 4, Batch 550, lr = 0.00013, final_loss = 4.2186, nll_loss = 4.1492, ref_nll_loss = 4.2880, ivc_loss = 0.0763, neg_loss_1 = 0.0059, neg_loss_2 = 0.0083, ref_loss = 0.0312, div_loss = 0.0062, 0.623 seconds/batch
2026-04-17 17:10:11,789 - Epoch 4, Batch 600, lr = 0.00012, final_loss = 4.2069, nll_loss = 4.1406, ref_nll_loss = 4.2731, ivc_loss = 0.0752, neg_loss_1 = 0.0066, neg_loss_2 = 0.0075, ref_loss = 0.0314, div_loss = 0.0059, 0.617 seconds/batch
2026-04-17 17:10:39,333 - Epoch 4, Batch 650, lr = 0.00012, final_loss = 4.2237, nll_loss = 4.1543, ref_nll_loss = 4.2932, ivc_loss = 0.0731, neg_loss_1 = 0.0074, neg_loss_2 = 0.0066, ref_loss = 0.0291, div_loss = 0.0060, 0.612 seconds/batch
2026-04-17 17:11:07,045 - Epoch 4, Batch 700, lr = 0.00012, final_loss = 4.1796, nll_loss = 4.1153, ref_nll_loss = 4.2438, ivc_loss = 0.0772, neg_loss_1 = 0.0074, neg_loss_2 = 0.0051, ref_loss = 0.0340, div_loss = 0.0062, 0.608 seconds/batch
2026-04-17 17:11:34,504 - Epoch 4, Batch 750, lr = 0.00012, final_loss = 4.2048, nll_loss = 4.1375, ref_nll_loss = 4.2722, ivc_loss = 0.0774, neg_loss_1 = 0.0068, neg_loss_2 = 0.0080, ref_loss = 0.0340, div_loss = 0.0057, 0.604 seconds/batch
2026-04-17 17:12:01,794 - Epoch 4, Batch 800, lr = 0.00012, final_loss = 4.1901, nll_loss = 4.1229, ref_nll_loss = 4.2573, ivc_loss = 0.0741, neg_loss_1 = 0.0077, neg_loss_2 = 0.0066, ref_loss = 0.0302, div_loss = 0.0059, 0.600 seconds/batch
2026-04-17 17:12:29,217 - Epoch 4, Batch 850, lr = 0.00012, final_loss = 4.2072, nll_loss = 4.1426, ref_nll_loss = 4.2719, ivc_loss = 0.0756, neg_loss_1 = 0.0076, neg_loss_2 = 0.0053, ref_loss = 0.0322, div_loss = 0.0061, 0.597 seconds/batch
2026-04-17 17:12:56,790 - Epoch 4, Batch 900, lr = 0.00012, final_loss = 4.1909, nll_loss = 4.1239, ref_nll_loss = 4.2580, ivc_loss = 0.0771, neg_loss_1 = 0.0088, neg_loss_2 = 0.0072, ref_loss = 0.0319, div_loss = 0.0058, 0.595 seconds/batch
2026-04-17 17:13:30,632 - Epoch 4, Batch 950, lr = 0.00012, final_loss = 4.1953, nll_loss = 4.1224, ref_nll_loss = 4.2682, ivc_loss = 0.0712, neg_loss_1 = 0.0063, neg_loss_2 = 0.0076, ref_loss = 0.0281, div_loss = 0.0058, 0.599 seconds/batch
2026-04-17 17:14:07,412 - Epoch 4, Batch 1000, lr = 0.00012, final_loss = 4.2051, nll_loss = 4.1356, ref_nll_loss = 4.2746, ivc_loss = 0.0728, neg_loss_1 = 0.0062, neg_loss_2 = 0.0077, ref_loss = 0.0299, div_loss = 0.0058, 0.606 seconds/batch
2026-04-17 17:14:47,184 - Epoch 4, Batch 1050, lr = 0.00012, final_loss = 4.2056, nll_loss = 4.1377, ref_nll_loss = 4.2734, ivc_loss = 0.0740, neg_loss_1 = 0.0080, neg_loss_2 = 0.0056, ref_loss = 0.0311, div_loss = 0.0059, 0.615 seconds/batch
2026-04-17 17:15:27,063 - Epoch 4, Batch 1100, lr = 0.00012, final_loss = 4.1886, nll_loss = 4.1179, ref_nll_loss = 4.2593, ivc_loss = 0.0779, neg_loss_1 = 0.0074, neg_loss_2 = 0.0090, ref_loss = 0.0294, div_loss = 0.0064, 0.623 seconds/batch
2026-04-17 17:16:06,874 - Epoch 4, Batch 1150, lr = 0.00012, final_loss = 4.1714, nll_loss = 4.0993, ref_nll_loss = 4.2434, ivc_loss = 0.0724, neg_loss_1 = 0.0065, neg_loss_2 = 0.0085, ref_loss = 0.0280, div_loss = 0.0059, 0.631 seconds/batch
2026-04-17 17:16:22,525 - Epoch 4, Batch 1170, lr = 0.00012, final_loss = 4.1955, nll_loss = 4.1232, ref_nll_loss = 4.2679, ivc_loss = 0.0742, neg_loss_1 = 0.0093, neg_loss_2 = 0.0081, ref_loss = 0.0281, div_loss = 0.0057, 0.633 seconds/batch
2026-04-17 17:16:22,597 - save model to checkpoints/activitynet_moe/cpl_moe/model-4.pt, num_updates 4680.
2026-04-17 17:22:07,952 - | R@1,mIoU 0.2739 | R@1,IoU@0.1 0.6566 | R@1,IoU@0.3 0.4668 | R@1,IoU@0.5 0.1848 | R@1,IoU@0.7 0.0510 | R@1,IoU@0.9 0.0033 | R@5,mIoU 0.5245 | R@5,IoU@0.1 0.9233 | R@5,IoU@0.3 0.7830 | R@5,IoU@0.5 0.5282 | R@5,IoU@0.7 0.3182 | R@5,IoU@0.9 0.0723 |
2026-04-17 17:22:08,032 - Best results have been updated.
2026-04-17 17:22:08,033 - ============================================================
2026-04-17 17:22:08,033 - Start Epoch 5
2026-04-17 17:22:44,471 - Epoch 5, Batch 50, lr = 0.00012, final_loss = 4.1384, nll_loss = 4.0695, ref_nll_loss = 4.2073, ivc_loss = 0.0760, neg_loss_1 = 0.0061, neg_loss_2 = 0.0091, ref_loss = 0.0312, div_loss = 0.0059, 0.729 seconds/batch
2026-04-17 17:23:18,318 - Epoch 5, Batch 100, lr = 0.00012, final_loss = 4.1367, nll_loss = 4.0669, ref_nll_loss = 4.2065, ivc_loss = 0.0782, neg_loss_1 = 0.0101, neg_loss_2 = 0.0088, ref_loss = 0.0296, div_loss = 0.0059, 0.703 seconds/batch
2026-04-17 17:23:52,236 - Epoch 5, Batch 150, lr = 0.00012, final_loss = 4.1327, nll_loss = 4.0618, ref_nll_loss = 4.2036, ivc_loss = 0.0799, neg_loss_1 = 0.0086, neg_loss_2 = 0.0105, ref_loss = 0.0311, div_loss = 0.0059, 0.695 seconds/batch
2026-04-17 17:24:26,070 - Epoch 5, Batch 200, lr = 0.00011, final_loss = 4.1388, nll_loss = 4.0675, ref_nll_loss = 4.2100, ivc_loss = 0.0773, neg_loss_1 = 0.0081, neg_loss_2 = 0.0105, ref_loss = 0.0293, div_loss = 0.0059, 0.690 seconds/batch
2026-04-17 17:24:59,502 - Epoch 5, Batch 250, lr = 0.00011, final_loss = 4.1485, nll_loss = 4.0778, ref_nll_loss = 4.2191, ivc_loss = 0.0752, neg_loss_1 = 0.0078, neg_loss_2 = 0.0092, ref_loss = 0.0288, div_loss = 0.0059, 0.686 seconds/batch
2026-04-17 17:25:33,467 - Epoch 5, Batch 300, lr = 0.00011, final_loss = 4.1504, nll_loss = 4.0832, ref_nll_loss = 4.2176, ivc_loss = 0.0761, neg_loss_1 = 0.0074, neg_loss_2 = 0.0077, ref_loss = 0.0323, div_loss = 0.0057, 0.685 seconds/batch
2026-04-17 17:26:07,255 - Epoch 5, Batch 350, lr = 0.00011, final_loss = 4.1718, nll_loss = 4.1034, ref_nll_loss = 4.2402, ivc_loss = 0.0799, neg_loss_1 = 0.0088, neg_loss_2 = 0.0115, ref_loss = 0.0299, div_loss = 0.0059, 0.683 seconds/batch
2026-04-17 17:26:40,339 - Epoch 5, Batch 400, lr = 0.00011, final_loss = 4.1496, nll_loss = 4.0797, ref_nll_loss = 4.2195, ivc_loss = 0.0782, neg_loss_1 = 0.0080, neg_loss_2 = 0.0097, ref_loss = 0.0302, div_loss = 0.0060, 0.681 seconds/batch
2026-04-17 17:27:07,915 - Epoch 5, Batch 450, lr = 0.00011, final_loss = 4.1506, nll_loss = 4.0777, ref_nll_loss = 4.2234, ivc_loss = 0.0746, neg_loss_1 = 0.0073, neg_loss_2 = 0.0088, ref_loss = 0.0284, div_loss = 0.0060, 0.666 seconds/batch
2026-04-17 17:27:31,396 - Epoch 5, Batch 500, lr = 0.00011, final_loss = 4.1291, nll_loss = 4.0563, ref_nll_loss = 4.2018, ivc_loss = 0.0741, neg_loss_1 = 0.0061, neg_loss_2 = 0.0081, ref_loss = 0.0284, div_loss = 0.0063, 0.647 seconds/batch
2026-04-17 17:27:54,540 - Epoch 5, Batch 550, lr = 0.00011, final_loss = 4.1423, nll_loss = 4.0709, ref_nll_loss = 4.2136, ivc_loss = 0.0757, neg_loss_1 = 0.0074, neg_loss_2 = 0.0092, ref_loss = 0.0283, div_loss = 0.0062, 0.630 seconds/batch
2026-04-17 17:28:22,185 - Epoch 5, Batch 600, lr = 0.00011, final_loss = 4.1626, nll_loss = 4.0911, ref_nll_loss = 4.2340, ivc_loss = 0.0791, neg_loss_1 = 0.0082, neg_loss_2 = 0.0080, ref_loss = 0.0322, div_loss = 0.0061, 0.624 seconds/batch
2026-04-17 17:28:49,774 - Epoch 5, Batch 650, lr = 0.00011, final_loss = 4.1577, nll_loss = 4.0863, ref_nll_loss = 4.2291, ivc_loss = 0.0807, neg_loss_1 = 0.0091, neg_loss_2 = 0.0094, ref_loss = 0.0312, div_loss = 0.0062, 0.618 seconds/batch
2026-04-17 17:29:17,619 - Epoch 5, Batch 700, lr = 0.00011, final_loss = 4.1527, nll_loss = 4.0846, ref_nll_loss = 4.2209, ivc_loss = 0.0966, neg_loss_1 = 0.0093, neg_loss_2 = 0.0075, ref_loss = 0.0326, div_loss = 0.0094, 0.614 seconds/batch
2026-04-17 17:29:45,193 - Epoch 5, Batch 750, lr = 0.00011, final_loss = 4.1119, nll_loss = 4.0406, ref_nll_loss = 4.1831, ivc_loss = 0.0775, neg_loss_1 = 0.0070, neg_loss_2 = 0.0077, ref_loss = 0.0296, div_loss = 0.0066, 0.610 seconds/batch
2026-04-17 17:30:12,799 - Epoch 5, Batch 800, lr = 0.00011, final_loss = 4.1437, nll_loss = 4.0698, ref_nll_loss = 4.2175, ivc_loss = 0.0780, neg_loss_1 = 0.0080, neg_loss_2 = 0.0089, ref_loss = 0.0304, div_loss = 0.0061, 0.606 seconds/batch
2026-04-17 17:30:40,239 - Epoch 5, Batch 850, lr = 0.00011, final_loss = 4.1400, nll_loss = 4.0677, ref_nll_loss = 4.2123, ivc_loss = 0.0770, neg_loss_1 = 0.0074, neg_loss_2 = 0.0091, ref_loss = 0.0291, div_loss = 0.0063, 0.603 seconds/batch
2026-04-17 17:31:07,631 - Epoch 5, Batch 900, lr = 0.00011, final_loss = 4.1316, nll_loss = 4.0592, ref_nll_loss = 4.2041, ivc_loss = 0.0779, neg_loss_1 = 0.0049, neg_loss_2 = 0.0067, ref_loss = 0.0307, div_loss = 0.0071, 0.600 seconds/batch
2026-04-17 17:31:38,795 - Epoch 5, Batch 950, lr = 0.00011, final_loss = 4.1136, nll_loss = 4.0404, ref_nll_loss = 4.1868, ivc_loss = 0.0741, neg_loss_1 = 0.0059, neg_loss_2 = 0.0075, ref_loss = 0.0298, div_loss = 0.0062, 0.601 seconds/batch
2026-04-17 17:32:13,906 - Epoch 5, Batch 1000, lr = 0.00011, final_loss = 4.1624, nll_loss = 4.0890, ref_nll_loss = 4.2359, ivc_loss = 0.0760, neg_loss_1 = 0.0099, neg_loss_2 = 0.0076, ref_loss = 0.0273, div_loss = 0.0063, 0.606 seconds/batch
2026-04-17 17:32:53,471 - Epoch 5, Batch 1050, lr = 0.00011, final_loss = 4.1472, nll_loss = 4.0749, ref_nll_loss = 4.2195, ivc_loss = 0.0731, neg_loss_1 = 0.0051, neg_loss_2 = 0.0072, ref_loss = 0.0292, div_loss = 0.0063, 0.615 seconds/batch
2026-04-17 17:33:33,300 - Epoch 5, Batch 1100, lr = 0.00011, final_loss = 4.1266, nll_loss = 4.0531, ref_nll_loss = 4.2000, ivc_loss = 0.0789, neg_loss_1 = 0.0077, neg_loss_2 = 0.0112, ref_loss = 0.0292, div_loss = 0.0061, 0.623 seconds/batch
2026-04-17 17:34:13,595 - Epoch 5, Batch 1150, lr = 0.00010, final_loss = 4.1118, nll_loss = 4.0376, ref_nll_loss = 4.1859, ivc_loss = 0.0770, neg_loss_1 = 0.0073, neg_loss_2 = 0.0085, ref_loss = 0.0288, div_loss = 0.0065, 0.631 seconds/batch
2026-04-17 17:34:29,401 - Epoch 5, Batch 1170, lr = 0.00010, final_loss = 4.1510, nll_loss = 4.0810, ref_nll_loss = 4.2211, ivc_loss = 0.0795, neg_loss_1 = 0.0099, neg_loss_2 = 0.0099, ref_loss = 0.0300, div_loss = 0.0059, 0.634 seconds/batch
2026-04-17 17:34:29,471 - save model to checkpoints/activitynet_moe/cpl_moe/model-5.pt, num_updates 5850.
2026-04-17 17:40:13,519 - | R@1,mIoU 0.2637 | R@1,IoU@0.1 0.6307 | R@1,IoU@0.3 0.4537 | R@1,IoU@0.5 0.1759 | R@1,IoU@0.7 0.0483 | R@1,IoU@0.9 0.0042 | R@5,mIoU 0.5244 | R@5,IoU@0.1 0.9221 | R@5,IoU@0.3 0.7816 | R@5,IoU@0.5 0.5274 | R@5,IoU@0.7 0.3183 | R@5,IoU@0.9 0.0724 |
2026-04-17 17:40:13,521 - ============================================================
2026-04-17 17:40:13,521 - Start Epoch 6
2026-04-17 17:40:52,062 - Epoch 6, Batch 50, lr = 0.00010, final_loss = 4.0812, nll_loss = 4.0097, ref_nll_loss = 4.1526, ivc_loss = 0.0791, neg_loss_1 = 0.0085, neg_loss_2 = 0.0099, ref_loss = 0.0294, div_loss = 0.0063, 0.771 seconds/batch
2026-04-17 17:41:26,000 - Epoch 6, Batch 100, lr = 0.00010, final_loss = 4.0829, nll_loss = 4.0106, ref_nll_loss = 4.1552, ivc_loss = 0.0779, neg_loss_1 = 0.0095, neg_loss_2 = 0.0092, ref_loss = 0.0289, div_loss = 0.0061, 0.725 seconds/batch
2026-04-17 17:42:00,050 - Epoch 6, Batch 150, lr = 0.00010, final_loss = 4.0975, nll_loss = 4.0210, ref_nll_loss = 4.1739, ivc_loss = 0.0759, neg_loss_1 = 0.0090, neg_loss_2 = 0.0094, ref_loss = 0.0270, div_loss = 0.0061, 0.710 seconds/batch
2026-04-17 17:42:34,070 - Epoch 6, Batch 200, lr = 0.00010, final_loss = 4.0982, nll_loss = 4.0241, ref_nll_loss = 4.1724, ivc_loss = 0.0813, neg_loss_1 = 0.0111, neg_loss_2 = 0.0099, ref_loss = 0.0293, div_loss = 0.0062, 0.703 seconds/batch
2026-04-17 17:43:08,109 - Epoch 6, Batch 250, lr = 0.00010, final_loss = 4.0951, nll_loss = 4.0213, ref_nll_loss = 4.1689, ivc_loss = 0.0795, neg_loss_1 = 0.0092, neg_loss_2 = 0.0097, ref_loss = 0.0296, div_loss = 0.0062, 0.698 seconds/batch
2026-04-17 17:43:41,900 - Epoch 6, Batch 300, lr = 0.00010, final_loss = 4.1114, nll_loss = 4.0375, ref_nll_loss = 4.1852, ivc_loss = 0.0801, neg_loss_1 = 0.0076, neg_loss_2 = 0.0120, ref_loss = 0.0299, div_loss = 0.0061, 0.695 seconds/batch
2026-04-17 17:44:16,009 - Epoch 6, Batch 350, lr = 0.00010, final_loss = 4.1163, nll_loss = 4.0444, ref_nll_loss = 4.1882, ivc_loss = 0.0828, neg_loss_1 = 0.0102, neg_loss_2 = 0.0120, ref_loss = 0.0302, div_loss = 0.0061, 0.693 seconds/batch
2026-04-17 17:44:50,035 - Epoch 6, Batch 400, lr = 0.00010, final_loss = 4.0658, nll_loss = 3.9934, ref_nll_loss = 4.1383, ivc_loss = 0.0813, neg_loss_1 = 0.0103, neg_loss_2 = 0.0113, ref_loss = 0.0293, div_loss = 0.0061, 0.691 seconds/batch
2026-04-17 17:45:18,905 - Epoch 6, Batch 450, lr = 0.00010, final_loss = 4.0940, nll_loss = 4.0208, ref_nll_loss = 4.1673, ivc_loss = 0.0803, neg_loss_1 = 0.0105, neg_loss_2 = 0.0109, ref_loss = 0.0291, div_loss = 0.0060, 0.679 seconds/batch
2026-04-17 17:45:44,407 - Epoch 6, Batch 500, lr = 0.00010, final_loss = 4.1131, nll_loss = 4.0408, ref_nll_loss = 4.1853, ivc_loss = 0.0797, neg_loss_1 = 0.0088, neg_loss_2 = 0.0087, ref_loss = 0.0312, div_loss = 0.0062, 0.662 seconds/batch
2026-04-17 17:46:06,214 - Epoch 6, Batch 550, lr = 0.00010, final_loss = 4.0852, nll_loss = 4.0122, ref_nll_loss = 4.1581, ivc_loss = 0.0829, neg_loss_1 = 0.0101, neg_loss_2 = 0.0098, ref_loss = 0.0299, div_loss = 0.0066, 0.641 seconds/batch
2026-04-17 17:46:33,616 - Epoch 6, Batch 600, lr = 0.00010, final_loss = 4.0916, nll_loss = 4.0169, ref_nll_loss = 4.1663, ivc_loss = 0.0818, neg_loss_1 = 0.0076, neg_loss_2 = 0.0092, ref_loss = 0.0299, div_loss = 0.0070, 0.633 seconds/batch
2026-04-17 17:47:01,269 - Epoch 6, Batch 650, lr = 0.00010, final_loss = 4.1090, nll_loss = 4.0366, ref_nll_loss = 4.1814, ivc_loss = 0.0793, neg_loss_1 = 0.0079, neg_loss_2 = 0.0082, ref_loss = 0.0301, div_loss = 0.0066, 0.627 seconds/batch
2026-04-17 17:47:28,963 - Epoch 6, Batch 700, lr = 0.00010, final_loss = 4.0714, nll_loss = 3.9983, ref_nll_loss = 4.1446, ivc_loss = 0.0789, neg_loss_1 = 0.0079, neg_loss_2 = 0.0109, ref_loss = 0.0291, div_loss = 0.0062, 0.622 seconds/batch
2026-04-17 17:47:56,370 - Epoch 6, Batch 750, lr = 0.00010, final_loss = 4.1008, nll_loss = 4.0254, ref_nll_loss = 4.1762, ivc_loss = 0.0774, neg_loss_1 = 0.0087, neg_loss_2 = 0.0091, ref_loss = 0.0279, div_loss = 0.0063, 0.617 seconds/batch
2026-04-17 17:48:23,838 - Epoch 6, Batch 800, lr = 0.00010, final_loss = 4.0821, nll_loss = 4.0074, ref_nll_loss = 4.1569, ivc_loss = 0.0781, neg_loss_1 = 0.0074, neg_loss_2 = 0.0095, ref_loss = 0.0299, div_loss = 0.0063, 0.613 seconds/batch
2026-04-17 17:48:51,141 - Epoch 6, Batch 850, lr = 0.00010, final_loss = 4.0989, nll_loss = 4.0249, ref_nll_loss = 4.1729, ivc_loss = 0.0774, neg_loss_1 = 0.0080, neg_loss_2 = 0.0099, ref_loss = 0.0281, div_loss = 0.0063, 0.609 seconds/batch
2026-04-17 17:49:18,376 - Epoch 6, Batch 900, lr = 0.00010, final_loss = 4.0832, nll_loss = 4.0079, ref_nll_loss = 4.1585, ivc_loss = 0.0784, neg_loss_1 = 0.0085, neg_loss_2 = 0.0104, ref_loss = 0.0267, div_loss = 0.0066, 0.605 seconds/batch
2026-04-17 17:49:46,876 - Epoch 6, Batch 950, lr = 0.00010, final_loss = 4.0981, nll_loss = 4.0218, ref_nll_loss = 4.1745, ivc_loss = 0.0782, neg_loss_1 = 0.0093, neg_loss_2 = 0.0102, ref_loss = 0.0271, div_loss = 0.0063, 0.604 seconds/batch
2026-04-17 17:50:20,767 - Epoch 6, Batch 1000, lr = 0.00010, final_loss = 4.1000, nll_loss = 4.0235, ref_nll_loss = 4.1764, ivc_loss = 0.0776, neg_loss_1 = 0.0082, neg_loss_2 = 0.0100, ref_loss = 0.0276, div_loss = 0.0063, 0.607 seconds/batch
2026-04-17 17:50:59,737 - Epoch 6, Batch 1050, lr = 0.00010, final_loss = 4.0933, nll_loss = 4.0194, ref_nll_loss = 4.1672, ivc_loss = 0.0772, neg_loss_1 = 0.0078, neg_loss_2 = 0.0087, ref_loss = 0.0299, div_loss = 0.0061, 0.615 seconds/batch
2026-04-17 17:51:39,542 - Epoch 6, Batch 1100, lr = 0.00010, final_loss = 4.0888, nll_loss = 4.0123, ref_nll_loss = 4.1654, ivc_loss = 0.0784, neg_loss_1 = 0.0077, neg_loss_2 = 0.0092, ref_loss = 0.0290, div_loss = 0.0065, 0.624 seconds/batch
2026-04-17 17:52:19,353 - Epoch 6, Batch 1150, lr = 0.00010, final_loss = 4.1088, nll_loss = 4.0340, ref_nll_loss = 4.1836, ivc_loss = 0.0779, neg_loss_1 = 0.0074, neg_loss_2 = 0.0109, ref_loss = 0.0291, div_loss = 0.0061, 0.631 seconds/batch
2026-04-17 17:52:34,992 - Epoch 6, Batch 1170, lr = 0.00010, final_loss = 4.0825, nll_loss = 4.0083, ref_nll_loss = 4.1567, ivc_loss = 0.0783, neg_loss_1 = 0.0117, neg_loss_2 = 0.0069, ref_loss = 0.0292, div_loss = 0.0061, 0.634 seconds/batch
2026-04-17 17:52:35,080 - save model to checkpoints/activitynet_moe/cpl_moe/model-6.pt, num_updates 7020.
2026-04-17 17:58:17,777 - | R@1,mIoU 0.2534 | R@1,IoU@0.1 0.6035 | R@1,IoU@0.3 0.4346 | R@1,IoU@0.5 0.1720 | R@1,IoU@0.7 0.0483 | R@1,IoU@0.9 0.0033 | R@5,mIoU 0.5262 | R@5,IoU@0.1 0.9209 | R@5,IoU@0.3 0.7822 | R@5,IoU@0.5 0.5313 | R@5,IoU@0.7 0.3192 | R@5,IoU@0.9 0.0733 |
2026-04-17 17:58:17,777 - ============================================================
2026-04-17 17:58:17,777 - Start Epoch 7
2026-04-17 17:58:57,578 - Epoch 7, Batch 50, lr = 0.00010, final_loss = 4.0545, nll_loss = 3.9774, ref_nll_loss = 4.1315, ivc_loss = 0.0792, neg_loss_1 = 0.0102, neg_loss_2 = 0.0097, ref_loss = 0.0270, div_loss = 0.0064, 0.796 seconds/batch
2026-04-17 17:59:31,385 - Epoch 7, Batch 100, lr = 0.00009, final_loss = 4.0484, nll_loss = 3.9701, ref_nll_loss = 4.1267, ivc_loss = 0.0748, neg_loss_1 = 0.0106, neg_loss_2 = 0.0080, ref_loss = 0.0258, div_loss = 0.0061, 0.736 seconds/batch
2026-04-17 18:00:05,313 - Epoch 7, Batch 150, lr = 0.00009, final_loss = 4.0723, nll_loss = 3.9971, ref_nll_loss = 4.1474, ivc_loss = 0.0817, neg_loss_1 = 0.0100, neg_loss_2 = 0.0116, ref_loss = 0.0278, div_loss = 0.0064, 0.717 seconds/batch
2026-04-17 18:00:39,322 - Epoch 7, Batch 200, lr = 0.00009, final_loss = 4.0436, nll_loss = 3.9685, ref_nll_loss = 4.1186, ivc_loss = 0.0806, neg_loss_1 = 0.0103, neg_loss_2 = 0.0108, ref_loss = 0.0270, div_loss = 0.0065, 0.708 seconds/batch
2026-04-17 18:01:13,036 - Epoch 7, Batch 250, lr = 0.00009, final_loss = 4.0627, nll_loss = 3.9831, ref_nll_loss = 4.1424, ivc_loss = 0.0835, neg_loss_1 = 0.0105, neg_loss_2 = 0.0106, ref_loss = 0.0289, div_loss = 0.0067, 0.701 seconds/batch
2026-04-17 18:01:46,738 - Epoch 7, Batch 300, lr = 0.00009, final_loss = 4.0485, nll_loss = 3.9747, ref_nll_loss = 4.1222, ivc_loss = 0.0810, neg_loss_1 = 0.0093, neg_loss_2 = 0.0090, ref_loss = 0.0278, div_loss = 0.0070, 0.697 seconds/batch
2026-04-17 18:02:20,884 - Epoch 7, Batch 350, lr = 0.00009, final_loss = 4.0636, nll_loss = 3.9901, ref_nll_loss = 4.1371, ivc_loss = 0.0800, neg_loss_1 = 0.0090, neg_loss_2 = 0.0093, ref_loss = 0.0295, div_loss = 0.0064, 0.695 seconds/batch
2026-04-17 18:02:54,685 - Epoch 7, Batch 400, lr = 0.00009, final_loss = 4.0944, nll_loss = 4.0208, ref_nll_loss = 4.1679, ivc_loss = 0.0827, neg_loss_1 = 0.0109, neg_loss_2 = 0.0095, ref_loss = 0.0295, div_loss = 0.0066, 0.692 seconds/batch
2026-04-17 18:03:26,637 - Epoch 7, Batch 450, lr = 0.00009, final_loss = 4.0591, nll_loss = 3.9872, ref_nll_loss = 4.1309, ivc_loss = 0.0817, neg_loss_1 = 0.0101, neg_loss_2 = 0.0099, ref_loss = 0.0302, div_loss = 0.0063, 0.686 seconds/batch
2026-04-17 18:03:54,347 - Epoch 7, Batch 500, lr = 0.00009, final_loss = 4.0534, nll_loss = 3.9785, ref_nll_loss = 4.1283, ivc_loss = 0.0803, neg_loss_1 = 0.0097, neg_loss_2 = 0.0094, ref_loss = 0.0296, div_loss = 0.0063, 0.673 seconds/batch
2026-04-17 18:04:16,611 - Epoch 7, Batch 550, lr = 0.00009, final_loss = 4.0711, nll_loss = 3.9912, ref_nll_loss = 4.1510, ivc_loss = 0.0777, neg_loss_1 = 0.0080, neg_loss_2 = 0.0096, ref_loss = 0.0270, div_loss = 0.0066, 0.652 seconds/batch
2026-04-17 18:04:42,649 - Epoch 7, Batch 600, lr = 0.00009, final_loss = 4.0787, nll_loss = 4.0025, ref_nll_loss = 4.1549, ivc_loss = 0.0798, neg_loss_1 = 0.0094, neg_loss_2 = 0.0098, ref_loss = 0.0273, div_loss = 0.0067, 0.641 seconds/batch
2026-04-17 18:05:10,179 - Epoch 7, Batch 650, lr = 0.00009, final_loss = 4.0853, nll_loss = 4.0085, ref_nll_loss = 4.1622, ivc_loss = 0.0812, neg_loss_1 = 0.0101, neg_loss_2 = 0.0095, ref_loss = 0.0297, div_loss = 0.0064, 0.634 seconds/batch
2026-04-17 18:05:37,652 - Epoch 7, Batch 700, lr = 0.00009, final_loss = 4.0568, nll_loss = 3.9790, ref_nll_loss = 4.1347, ivc_loss = 0.0770, neg_loss_1 = 0.0071, neg_loss_2 = 0.0112, ref_loss = 0.0269, div_loss = 0.0064, 0.628 seconds/batch
2026-04-17 18:06:05,311 - Epoch 7, Batch 750, lr = 0.00009, final_loss = 4.0790, nll_loss = 4.0006, ref_nll_loss = 4.1573, ivc_loss = 0.0772, neg_loss_1 = 0.0073, neg_loss_2 = 0.0114, ref_loss = 0.0268, div_loss = 0.0063, 0.623 seconds/batch
2026-04-17 18:06:32,772 - Epoch 7, Batch 800, lr = 0.00009, final_loss = 4.0509, nll_loss = 3.9750, ref_nll_loss = 4.1269, ivc_loss = 0.0806, neg_loss_1 = 0.0103, neg_loss_2 = 0.0123, ref_loss = 0.0262, div_loss = 0.0064, 0.619 seconds/batch
2026-04-17 18:07:00,433 - Epoch 7, Batch 850, lr = 0.00009, final_loss = 4.0684, nll_loss = 3.9918, ref_nll_loss = 4.1449, ivc_loss = 0.0814, neg_loss_1 = 0.0108, neg_loss_2 = 0.0104, ref_loss = 0.0271, div_loss = 0.0066, 0.615 seconds/batch
2026-04-17 18:07:27,698 - Epoch 7, Batch 900, lr = 0.00009, final_loss = 4.0589, nll_loss = 3.9823, ref_nll_loss = 4.1355, ivc_loss = 0.0804, neg_loss_1 = 0.0097, neg_loss_2 = 0.0103, ref_loss = 0.0280, div_loss = 0.0065, 0.611 seconds/batch
2026-04-17 18:07:55,358 - Epoch 7, Batch 950, lr = 0.00009, final_loss = 4.0699, nll_loss = 3.9957, ref_nll_loss = 4.1442, ivc_loss = 0.0824, neg_loss_1 = 0.0103, neg_loss_2 = 0.0095, ref_loss = 0.0301, div_loss = 0.0065, 0.608 seconds/batch
2026-04-17 18:08:27,208 - Epoch 7, Batch 1000, lr = 0.00009, final_loss = 4.0667, nll_loss = 3.9922, ref_nll_loss = 4.1412, ivc_loss = 0.0804, neg_loss_1 = 0.0088, neg_loss_2 = 0.0112, ref_loss = 0.0284, div_loss = 0.0064, 0.609 seconds/batch
2026-04-17 18:09:03,781 - Epoch 7, Batch 1050, lr = 0.00009, final_loss = 4.0243, nll_loss = 3.9524, ref_nll_loss = 4.0963, ivc_loss = 0.0818, neg_loss_1 = 0.0092, neg_loss_2 = 0.0105, ref_loss = 0.0304, div_loss = 0.0064, 0.615 seconds/batch
2026-04-17 18:09:43,253 - Epoch 7, Batch 1100, lr = 0.00009, final_loss = 4.0655, nll_loss = 3.9902, ref_nll_loss = 4.1408, ivc_loss = 0.0804, neg_loss_1 = 0.0091, neg_loss_2 = 0.0103, ref_loss = 0.0285, div_loss = 0.0065, 0.623 seconds/batch
2026-04-17 18:10:23,193 - Epoch 7, Batch 1150, lr = 0.00009, final_loss = 3.9926, nll_loss = 3.9167, ref_nll_loss = 4.0685, ivc_loss = 0.0826, neg_loss_1 = 0.0111, neg_loss_2 = 0.0117, ref_loss = 0.0273, div_loss = 0.0065, 0.631 seconds/batch
2026-04-17 18:10:39,013 - Epoch 7, Batch 1170, lr = 0.00009, final_loss = 4.0739, nll_loss = 3.9970, ref_nll_loss = 4.1508, ivc_loss = 0.0807, neg_loss_1 = 0.0082, neg_loss_2 = 0.0112, ref_loss = 0.0297, div_loss = 0.0063, 0.634 seconds/batch
2026-04-17 18:10:39,084 - save model to checkpoints/activitynet_moe/cpl_moe/model-7.pt, num_updates 8190.
2026-04-17 18:16:21,536 - | R@1,mIoU 0.2573 | R@1,IoU@0.1 0.6149 | R@1,IoU@0.3 0.4445 | R@1,IoU@0.5 0.1720 | R@1,IoU@0.7 0.0487 | R@1,IoU@0.9 0.0038 | R@5,mIoU 0.5257 | R@5,IoU@0.1 0.9218 | R@5,IoU@0.3 0.7869 | R@5,IoU@0.5 0.5309 | R@5,IoU@0.7 0.3135 | R@5,IoU@0.9 0.0713 |
2026-04-17 18:16:21,538 - ============================================================
2026-04-17 18:16:21,538 - Start Epoch 8
2026-04-17 18:17:01,199 - Epoch 8, Batch 50, lr = 0.00009, final_loss = 4.0352, nll_loss = 3.9589, ref_nll_loss = 4.1114, ivc_loss = 0.0833, neg_loss_1 = 0.0099, neg_loss_2 = 0.0120, ref_loss = 0.0289, div_loss = 0.0065, 0.793 seconds/batch
2026-04-17 18:17:36,081 - Epoch 8, Batch 100, lr = 0.00009, final_loss = 4.0230, nll_loss = 3.9443, ref_nll_loss = 4.1016, ivc_loss = 0.0778, neg_loss_1 = 0.0084, neg_loss_2 = 0.0087, ref_loss = 0.0280, div_loss = 0.0066, 0.745 seconds/batch
2026-04-17 18:18:09,884 - Epoch 8, Batch 150, lr = 0.00009, final_loss = 4.0254, nll_loss = 3.9444, ref_nll_loss = 4.1064, ivc_loss = 0.0812, neg_loss_1 = 0.0115, neg_loss_2 = 0.0079, ref_loss = 0.0264, div_loss = 0.0071, 0.722 seconds/batch
2026-04-17 18:18:43,740 - Epoch 8, Batch 200, lr = 0.00009, final_loss = 4.0332, nll_loss = 3.9527, ref_nll_loss = 4.1137, ivc_loss = 0.0815, neg_loss_1 = 0.0095, neg_loss_2 = 0.0085, ref_loss = 0.0284, div_loss = 0.0070, 0.711 seconds/batch
2026-04-17 18:19:17,639 - Epoch 8, Batch 250, lr = 0.00009, final_loss = 4.0364, nll_loss = 3.9625, ref_nll_loss = 4.1102, ivc_loss = 0.0838, neg_loss_1 = 0.0089, neg_loss_2 = 0.0100, ref_loss = 0.0314, div_loss = 0.0067, 0.704 seconds/batch
2026-04-17 18:19:51,736 - Epoch 8, Batch 300, lr = 0.00009, final_loss = 4.0391, nll_loss = 3.9639, ref_nll_loss = 4.1142, ivc_loss = 0.0802, neg_loss_1 = 0.0090, neg_loss_2 = 0.0094, ref_loss = 0.0292, div_loss = 0.0065, 0.701 seconds/batch
2026-04-17 18:20:25,782 - Epoch 8, Batch 350, lr = 0.00009, final_loss = 4.0133, nll_loss = 3.9358, ref_nll_loss = 4.0908, ivc_loss = 0.0855, neg_loss_1 = 0.0110, neg_loss_2 = 0.0114, ref_loss = 0.0303, div_loss = 0.0066, 0.698 seconds/batch
2026-04-17 18:20:59,628 - Epoch 8, Batch 400, lr = 0.00009, final_loss = 4.0389, nll_loss = 3.9619, ref_nll_loss = 4.1158, ivc_loss = 0.0823, neg_loss_1 = 0.0107, neg_loss_2 = 0.0087, ref_loss = 0.0297, div_loss = 0.0066, 0.695 seconds/batch
2026-04-17 18:21:33,762 - Epoch 8, Batch 450, lr = 0.00009, final_loss = 3.9996, nll_loss = 3.9217, ref_nll_loss = 4.0775, ivc_loss = 0.0809, neg_loss_1 = 0.0096, neg_loss_2 = 0.0099, ref_loss = 0.0284, div_loss = 0.0066, 0.694 seconds/batch
2026-04-17 18:22:02,689 - Epoch 8, Batch 500, lr = 0.00009, final_loss = 4.0377, nll_loss = 3.9579, ref_nll_loss = 4.1176, ivc_loss = 0.0787, neg_loss_1 = 0.0099, neg_loss_2 = 0.0120, ref_loss = 0.0258, div_loss = 0.0062, 0.682 seconds/batch
2026-04-17 18:22:27,284 - Epoch 8, Batch 550, lr = 0.00009, final_loss = 4.0419, nll_loss = 3.9655, ref_nll_loss = 4.1184, ivc_loss = 0.0853, neg_loss_1 = 0.0131, neg_loss_2 = 0.0110, ref_loss = 0.0297, div_loss = 0.0063, 0.665 seconds/batch
2026-04-17 18:22:51,571 - Epoch 8, Batch 600, lr = 0.00009, final_loss = 4.0445, nll_loss = 3.9695, ref_nll_loss = 4.1195, ivc_loss = 0.0807, neg_loss_1 = 0.0094, neg_loss_2 = 0.0112, ref_loss = 0.0278, div_loss = 0.0065, 0.650 seconds/batch
2026-04-17 18:23:19,306 - Epoch 8, Batch 650, lr = 0.00009, final_loss = 4.0464, nll_loss = 3.9694, ref_nll_loss = 4.1235, ivc_loss = 0.0870, neg_loss_1 = 0.0123, neg_loss_2 = 0.0150, ref_loss = 0.0274, div_loss = 0.0065, 0.643 seconds/batch
2026-04-17 18:23:46,764 - Epoch 8, Batch 700, lr = 0.00008, final_loss = 4.0194, nll_loss = 3.9400, ref_nll_loss = 4.0989, ivc_loss = 0.0787, neg_loss_1 = 0.0095, neg_loss_2 = 0.0099, ref_loss = 0.0276, div_loss = 0.0064, 0.636 seconds/batch
2026-04-17 18:24:14,341 - Epoch 8, Batch 750, lr = 0.00008, final_loss = 4.0603, nll_loss = 3.9831, ref_nll_loss = 4.1374, ivc_loss = 0.0814, neg_loss_1 = 0.0103, neg_loss_2 = 0.0096, ref_loss = 0.0299, div_loss = 0.0063, 0.630 seconds/batch
2026-04-17 18:24:41,788 - Epoch 8, Batch 800, lr = 0.00008, final_loss = 4.0335, nll_loss = 3.9568, ref_nll_loss = 4.1101, ivc_loss = 0.0833, neg_loss_1 = 0.0107, neg_loss_2 = 0.0104, ref_loss = 0.0287, div_loss = 0.0067, 0.625 seconds/batch
2026-04-17 18:25:09,577 - Epoch 8, Batch 850, lr = 0.00008, final_loss = 4.0056, nll_loss = 3.9272, ref_nll_loss = 4.0839, ivc_loss = 0.0818, neg_loss_1 = 0.0099, neg_loss_2 = 0.0115, ref_loss = 0.0289, div_loss = 0.0063, 0.621 seconds/batch
2026-04-17 18:25:36,827 - Epoch 8, Batch 900, lr = 0.00008, final_loss = 4.0038, nll_loss = 3.9297, ref_nll_loss = 4.0779, ivc_loss = 0.0836, neg_loss_1 = 0.0093, neg_loss_2 = 0.0113, ref_loss = 0.0307, div_loss = 0.0065, 0.617 seconds/batch
2026-04-17 18:26:04,223 - Epoch 8, Batch 950, lr = 0.00008, final_loss = 4.0106, nll_loss = 3.9328, ref_nll_loss = 4.0884, ivc_loss = 0.0823, neg_loss_1 = 0.0102, neg_loss_2 = 0.0111, ref_loss = 0.0280, div_loss = 0.0066, 0.613 seconds/batch
2026-04-17 18:26:32,472 - Epoch 8, Batch 1000, lr = 0.00008, final_loss = 4.0153, nll_loss = 3.9346, ref_nll_loss = 4.0960, ivc_loss = 0.0802, neg_loss_1 = 0.0097, neg_loss_2 = 0.0109, ref_loss = 0.0267, div_loss = 0.0066, 0.611 seconds/batch
2026-04-17 18:27:06,721 - Epoch 8, Batch 1050, lr = 0.00008, final_loss = 4.0421, nll_loss = 3.9671, ref_nll_loss = 4.1172, ivc_loss = 0.0892, neg_loss_1 = 0.0114, neg_loss_2 = 0.0127, ref_loss = 0.0315, div_loss = 0.0067, 0.614 seconds/batch
2026-04-17 18:27:46,241 - Epoch 8, Batch 1100, lr = 0.00008, final_loss = 4.0265, nll_loss = 3.9496, ref_nll_loss = 4.1035, ivc_loss = 0.0846, neg_loss_1 = 0.0106, neg_loss_2 = 0.0114, ref_loss = 0.0289, div_loss = 0.0067, 0.622 seconds/batch
2026-04-17 18:28:26,074 - Epoch 8, Batch 1150, lr = 0.00008, final_loss = 4.0428, nll_loss = 3.9633, ref_nll_loss = 4.1222, ivc_loss = 0.0821, neg_loss_1 = 0.0114, neg_loss_2 = 0.0102, ref_loss = 0.0262, div_loss = 0.0068, 0.630 seconds/batch
2026-04-17 18:28:41,909 - Epoch 8, Batch 1170, lr = 0.00008, final_loss = 4.0440, nll_loss = 3.9695, ref_nll_loss = 4.1185, ivc_loss = 0.0837, neg_loss_1 = 0.0093, neg_loss_2 = 0.0128, ref_loss = 0.0284, div_loss = 0.0066, 0.633 seconds/batch
2026-04-17 18:28:41,984 - save model to checkpoints/activitynet_moe/cpl_moe/model-8.pt, num_updates 9360.
2026-04-17 18:34:25,578 - | R@1,mIoU 0.2731 | R@1,IoU@0.1 0.6397 | R@1,IoU@0.3 0.4623 | R@1,IoU@0.5 0.1975 | R@1,IoU@0.7 0.0532 | R@1,IoU@0.9 0.0028 | R@5,mIoU 0.5270 | R@5,IoU@0.1 0.9199 | R@5,IoU@0.3 0.7798 | R@5,IoU@0.5 0.5336 | R@5,IoU@0.7 0.3210 | R@5,IoU@0.9 0.0729 |
2026-04-17 18:34:25,578 - ============================================================
2026-04-17 18:34:25,578 - Start Epoch 9
2026-04-17 18:35:05,380 - Epoch 9, Batch 50, lr = 0.00008, final_loss = 3.9767, nll_loss = 3.9004, ref_nll_loss = 4.0530, ivc_loss = 0.0856, neg_loss_1 = 0.0109, neg_loss_2 = 0.0120, ref_loss = 0.0297, div_loss = 0.0066, 0.796 seconds/batch
2026-04-17 18:35:41,668 - Epoch 9, Batch 100, lr = 0.00008, final_loss = 4.0099, nll_loss = 3.9331, ref_nll_loss = 4.0867, ivc_loss = 0.0854, neg_loss_1 = 0.0137, neg_loss_2 = 0.0099, ref_loss = 0.0303, div_loss = 0.0063, 0.761 seconds/batch
2026-04-17 18:36:15,399 - Epoch 9, Batch 150, lr = 0.00008, final_loss = 3.9785, nll_loss = 3.9033, ref_nll_loss = 4.0537, ivc_loss = 0.0862, neg_loss_1 = 0.0123, neg_loss_2 = 0.0123, ref_loss = 0.0301, div_loss = 0.0063, 0.732 seconds/batch
2026-04-17 18:36:49,307 - Epoch 9, Batch 200, lr = 0.00008, final_loss = 3.9848, nll_loss = 3.9055, ref_nll_loss = 4.0640, ivc_loss = 0.0854, neg_loss_1 = 0.0134, neg_loss_2 = 0.0127, ref_loss = 0.0270, div_loss = 0.0065, 0.719 seconds/batch
2026-04-17 18:37:23,586 - Epoch 9, Batch 250, lr = 0.00008, final_loss = 4.0100, nll_loss = 3.9312, ref_nll_loss = 4.0888, ivc_loss = 0.0814, neg_loss_1 = 0.0108, neg_loss_2 = 0.0109, ref_loss = 0.0278, div_loss = 0.0064, 0.712 seconds/batch
2026-04-17 18:37:57,664 - Epoch 9, Batch 300, lr = 0.00008, final_loss = 4.0058, nll_loss = 3.9319, ref_nll_loss = 4.0797, ivc_loss = 0.0876, neg_loss_1 = 0.0130, neg_loss_2 = 0.0133, ref_loss = 0.0303, div_loss = 0.0062, 0.707 seconds/batch
2026-04-17 18:38:31,664 - Epoch 9, Batch 350, lr = 0.00008, final_loss = 4.0024, nll_loss = 3.9229, ref_nll_loss = 4.0819, ivc_loss = 0.0813, neg_loss_1 = 0.0104, neg_loss_2 = 0.0099, ref_loss = 0.0280, div_loss = 0.0066, 0.703 seconds/batch
2026-04-17 18:39:05,550 - Epoch 9, Batch 400, lr = 0.00008, final_loss = 3.9828, nll_loss = 3.8977, ref_nll_loss = 4.0679, ivc_loss = 0.0786, neg_loss_1 = 0.0092, neg_loss_2 = 0.0118, ref_loss = 0.0252, div_loss = 0.0065, 0.700 seconds/batch
2026-04-17 18:39:39,761 - Epoch 9, Batch 450, lr = 0.00008, final_loss = 4.0033, nll_loss = 3.9211, ref_nll_loss = 4.0854, ivc_loss = 0.0785, neg_loss_1 = 0.0098, neg_loss_2 = 0.0099, ref_loss = 0.0256, div_loss = 0.0066, 0.698 seconds/batch
2026-04-17 18:40:11,549 - Epoch 9, Batch 500, lr = 0.00008, final_loss = 4.0141, nll_loss = 3.9321, ref_nll_loss = 4.0960, ivc_loss = 0.0843, neg_loss_1 = 0.0115, neg_loss_2 = 0.0128, ref_loss = 0.0276, div_loss = 0.0065, 0.692 seconds/batch
2026-04-17 18:40:38,008 - Epoch 9, Batch 550, lr = 0.00008, final_loss = 3.9602, nll_loss = 3.8786, ref_nll_loss = 4.0417, ivc_loss = 0.0792, neg_loss_1 = 0.0109, neg_loss_2 = 0.0101, ref_loss = 0.0257, div_loss = 0.0065, 0.677 seconds/batch
2026-04-17 18:41:01,387 - Epoch 9, Batch 600, lr = 0.00008, final_loss = 4.0217, nll_loss = 3.9422, ref_nll_loss = 4.1012, ivc_loss = 0.0824, neg_loss_1 = 0.0111, neg_loss_2 = 0.0116, ref_loss = 0.0274, div_loss = 0.0065, 0.660 seconds/batch
2026-04-17 18:41:28,903 - Epoch 9, Batch 650, lr = 0.00008, final_loss = 4.0125, nll_loss = 3.9336, ref_nll_loss = 4.0914, ivc_loss = 0.0839, neg_loss_1 = 0.0101, neg_loss_2 = 0.0123, ref_loss = 0.0289, div_loss = 0.0065, 0.651 seconds/batch
2026-04-17 18:41:56,647 - Epoch 9, Batch 700, lr = 0.00008, final_loss = 4.0194, nll_loss = 3.9411, ref_nll_loss = 4.0976, ivc_loss = 0.0829, neg_loss_1 = 0.0112, neg_loss_2 = 0.0103, ref_loss = 0.0289, div_loss = 0.0065, 0.644 seconds/batch
2026-04-17 18:42:24,116 - Epoch 9, Batch 750, lr = 0.00008, final_loss = 4.0442, nll_loss = 3.9670, ref_nll_loss = 4.1214, ivc_loss = 0.0814, neg_loss_1 = 0.0105, neg_loss_2 = 0.0107, ref_loss = 0.0288, div_loss = 0.0063, 0.638 seconds/batch
2026-04-17 18:42:51,838 - Epoch 9, Batch 800, lr = 0.00008, final_loss = 3.9839, nll_loss = 3.9054, ref_nll_loss = 4.0624, ivc_loss = 0.0855, neg_loss_1 = 0.0113, neg_loss_2 = 0.0115, ref_loss = 0.0296, div_loss = 0.0066, 0.633 seconds/batch
2026-04-17 18:43:19,469 - Epoch 9, Batch 850, lr = 0.00008, final_loss = 3.9969, nll_loss = 3.9165, ref_nll_loss = 4.0773, ivc_loss = 0.0802, neg_loss_1 = 0.0106, neg_loss_2 = 0.0104, ref_loss = 0.0267, div_loss = 0.0065, 0.628 seconds/batch
2026-04-17 18:43:46,852 - Epoch 9, Batch 900, lr = 0.00008, final_loss = 3.9856, nll_loss = 3.9082, ref_nll_loss = 4.0630, ivc_loss = 0.0869, neg_loss_1 = 0.0109, neg_loss_2 = 0.0141, ref_loss = 0.0295, div_loss = 0.0065, 0.624 seconds/batch
2026-04-17 18:44:14,126 - Epoch 9, Batch 950, lr = 0.00008, final_loss = 4.0093, nll_loss = 3.9323, ref_nll_loss = 4.0863, ivc_loss = 0.0825, neg_loss_1 = 0.0105, neg_loss_2 = 0.0106, ref_loss = 0.0293, div_loss = 0.0064, 0.620 seconds/batch
2026-04-17 18:44:41,621 - Epoch 9, Batch 1000, lr = 0.00008, final_loss = 3.9939, nll_loss = 3.9150, ref_nll_loss = 4.0728, ivc_loss = 0.0814, neg_loss_1 = 0.0096, neg_loss_2 = 0.0119, ref_loss = 0.0269, div_loss = 0.0066, 0.616 seconds/batch
2026-04-17 18:45:13,595 - Epoch 9, Batch 1050, lr = 0.00008, final_loss = 4.0077, nll_loss = 3.9296, ref_nll_loss = 4.0857, ivc_loss = 0.0786, neg_loss_1 = 0.0083, neg_loss_2 = 0.0087, ref_loss = 0.0297, div_loss = 0.0064, 0.617 seconds/batch
2026-04-17 18:45:50,582 - Epoch 9, Batch 1100, lr = 0.00008, final_loss = 4.0097, nll_loss = 3.9318, ref_nll_loss = 4.0876, ivc_loss = 0.0827, neg_loss_1 = 0.0116, neg_loss_2 = 0.0120, ref_loss = 0.0273, div_loss = 0.0063, 0.623 seconds/batch
2026-04-17 18:46:30,385 - Epoch 9, Batch 1150, lr = 0.00008, final_loss = 4.0131, nll_loss = 3.9306, ref_nll_loss = 4.0955, ivc_loss = 0.0799, neg_loss_1 = 0.0115, neg_loss_2 = 0.0103, ref_loss = 0.0258, div_loss = 0.0064, 0.630 seconds/batch
2026-04-17 18:46:46,002 - Epoch 9, Batch 1170, lr = 0.00008, final_loss = 3.9621, nll_loss = 3.8866, ref_nll_loss = 4.0377, ivc_loss = 0.0825, neg_loss_1 = 0.0121, neg_loss_2 = 0.0088, ref_loss = 0.0285, div_loss = 0.0066, 0.633 seconds/batch
2026-04-17 18:46:46,076 - save model to checkpoints/activitynet_moe/cpl_moe/model-9.pt, num_updates 10530.
2026-04-17 18:52:28,490 - | R@1,mIoU 0.2659 | R@1,IoU@0.1 0.6342 | R@1,IoU@0.3 0.4590 | R@1,IoU@0.5 0.1774 | R@1,IoU@0.7 0.0520 | R@1,IoU@0.9 0.0053 | R@5,mIoU 0.5273 | R@5,IoU@0.1 0.9191 | R@5,IoU@0.3 0.7841 | R@5,IoU@0.5 0.5347 | R@5,IoU@0.7 0.3201 | R@5,IoU@0.9 0.0764 |
2026-04-17 18:52:28,490 - ============================================================
2026-04-17 18:52:28,490 - Start Epoch 10
2026-04-17 18:53:08,331 - Epoch 10, Batch 50, lr = 0.00008, final_loss = 3.9351, nll_loss = 3.8547, ref_nll_loss = 4.0155, ivc_loss = 0.0825, neg_loss_1 = 0.0128, neg_loss_2 = 0.0109, ref_loss = 0.0256, div_loss = 0.0067, 0.797 seconds/batch
2026-04-17 18:53:46,034 - Epoch 10, Batch 100, lr = 0.00008, final_loss = 3.9806, nll_loss = 3.9010, ref_nll_loss = 4.0601, ivc_loss = 0.0812, neg_loss_1 = 0.0107, neg_loss_2 = 0.0092, ref_loss = 0.0281, div_loss = 0.0066, 0.775 seconds/batch
2026-04-17 18:54:19,941 - Epoch 10, Batch 150, lr = 0.00008, final_loss = 3.9541, nll_loss = 3.8768, ref_nll_loss = 4.0314, ivc_loss = 0.0860, neg_loss_1 = 0.0122, neg_loss_2 = 0.0117, ref_loss = 0.0289, div_loss = 0.0067, 0.743 seconds/batch
2026-04-17 18:54:53,684 - Epoch 10, Batch 200, lr = 0.00008, final_loss = 3.9950, nll_loss = 3.9145, ref_nll_loss = 4.0755, ivc_loss = 0.0849, neg_loss_1 = 0.0117, neg_loss_2 = 0.0143, ref_loss = 0.0262, div_loss = 0.0065, 0.726 seconds/batch
2026-04-17 18:55:27,475 - Epoch 10, Batch 250, lr = 0.00008, final_loss = 3.9785, nll_loss = 3.8939, ref_nll_loss = 4.0630, ivc_loss = 0.0845, neg_loss_1 = 0.0123, neg_loss_2 = 0.0117, ref_loss = 0.0249, div_loss = 0.0071, 0.716 seconds/batch
2026-04-17 18:56:01,560 - Epoch 10, Batch 300, lr = 0.00008, final_loss = 3.9637, nll_loss = 3.8832, ref_nll_loss = 4.0443, ivc_loss = 0.0824, neg_loss_1 = 0.0118, neg_loss_2 = 0.0094, ref_loss = 0.0271, div_loss = 0.0068, 0.710 seconds/batch
2026-04-17 18:56:35,429 - Epoch 10, Batch 350, lr = 0.00008, final_loss = 3.9820, nll_loss = 3.9005, ref_nll_loss = 4.0636, ivc_loss = 0.0811, neg_loss_1 = 0.0099, neg_loss_2 = 0.0102, ref_loss = 0.0263, div_loss = 0.0069, 0.706 seconds/batch
2026-04-17 18:57:09,344 - Epoch 10, Batch 400, lr = 0.00008, final_loss = 3.9960, nll_loss = 3.9146, ref_nll_loss = 4.0775, ivc_loss = 0.0841, neg_loss_1 = 0.0104, neg_loss_2 = 0.0122, ref_loss = 0.0267, div_loss = 0.0070, 0.702 seconds/batch
2026-04-17 18:57:43,245 - Epoch 10, Batch 450, lr = 0.00008, final_loss = 3.9721, nll_loss = 3.8916, ref_nll_loss = 4.0527, ivc_loss = 0.0814, neg_loss_1 = 0.0102, neg_loss_2 = 0.0114, ref_loss = 0.0259, div_loss = 0.0068, 0.699 seconds/batch
2026-04-17 18:58:17,180 - Epoch 10, Batch 500, lr = 0.00008, final_loss = 3.9675, nll_loss = 3.8833, ref_nll_loss = 4.0516, ivc_loss = 0.0881, neg_loss_1 = 0.0123, neg_loss_2 = 0.0115, ref_loss = 0.0276, div_loss = 0.0073, 0.697 seconds/batch
2026-04-17 18:58:46,357 - Epoch 10, Batch 550, lr = 0.00008, final_loss = 3.9991, nll_loss = 3.9199, ref_nll_loss = 4.0783, ivc_loss = 0.0851, neg_loss_1 = 0.0114, neg_loss_2 = 0.0115, ref_loss = 0.0278, div_loss = 0.0069, 0.687 seconds/batch
2026-04-17 18:59:10,361 - Epoch 10, Batch 600, lr = 0.00008, final_loss = 3.9998, nll_loss = 3.9219, ref_nll_loss = 4.0777, ivc_loss = 0.0887, neg_loss_1 = 0.0108, neg_loss_2 = 0.0126, ref_loss = 0.0311, div_loss = 0.0068, 0.670 seconds/batch
2026-04-17 18:59:37,721 - Epoch 10, Batch 650, lr = 0.00008, final_loss = 3.9869, nll_loss = 3.9037, ref_nll_loss = 4.0701, ivc_loss = 0.0828, neg_loss_1 = 0.0133, neg_loss_2 = 0.0112, ref_loss = 0.0252, div_loss = 0.0066, 0.660 seconds/batch
2026-04-17 19:00:05,161 - Epoch 10, Batch 700, lr = 0.00008, final_loss = 3.9434, nll_loss = 3.8631, ref_nll_loss = 4.0237, ivc_loss = 0.0808, neg_loss_1 = 0.0110, neg_loss_2 = 0.0090, ref_loss = 0.0279, div_loss = 0.0066, 0.652 seconds/batch
2026-04-17 19:00:32,886 - Epoch 10, Batch 750, lr = 0.00008, final_loss = 3.9721, nll_loss = 3.8930, ref_nll_loss = 4.0511, ivc_loss = 0.0824, neg_loss_1 = 0.0108, neg_loss_2 = 0.0113, ref_loss = 0.0267, div_loss = 0.0067, 0.646 seconds/batch
2026-04-17 19:01:00,682 - Epoch 10, Batch 800, lr = 0.00008, final_loss = 3.9879, nll_loss = 3.9089, ref_nll_loss = 4.0670, ivc_loss = 0.0870, neg_loss_1 = 0.0131, neg_loss_2 = 0.0105, ref_loss = 0.0303, div_loss = 0.0066, 0.640 seconds/batch
2026-04-17 19:01:28,421 - Epoch 10, Batch 850, lr = 0.00007, final_loss = 3.9533, nll_loss = 3.8704, ref_nll_loss = 4.0362, ivc_loss = 0.0812, neg_loss_1 = 0.0109, neg_loss_2 = 0.0098, ref_loss = 0.0273, div_loss = 0.0066, 0.635 seconds/batch
2026-04-17 19:01:55,892 - Epoch 10, Batch 900, lr = 0.00007, final_loss = 3.9691, nll_loss = 3.8872, ref_nll_loss = 4.0509, ivc_loss = 0.0824, neg_loss_1 = 0.0102, neg_loss_2 = 0.0130, ref_loss = 0.0260, div_loss = 0.0066, 0.630 seconds/batch
2026-04-17 19:02:23,383 - Epoch 10, Batch 950, lr = 0.00007, final_loss = 3.9973, nll_loss = 3.9145, ref_nll_loss = 4.0800, ivc_loss = 0.0825, neg_loss_1 = 0.0118, neg_loss_2 = 0.0118, ref_loss = 0.0263, div_loss = 0.0065, 0.626 seconds/batch
2026-04-17 19:02:50,818 - Epoch 10, Batch 1000, lr = 0.00007, final_loss = 3.9909, nll_loss = 3.9099, ref_nll_loss = 4.0719, ivc_loss = 0.0829, neg_loss_1 = 0.0128, neg_loss_2 = 0.0093, ref_loss = 0.0277, div_loss = 0.0066, 0.622 seconds/batch
2026-04-17 19:03:18,977 - Epoch 10, Batch 1050, lr = 0.00007, final_loss = 4.0207, nll_loss = 3.9452, ref_nll_loss = 4.0961, ivc_loss = 0.0874, neg_loss_1 = 0.0109, neg_loss_2 = 0.0114, ref_loss = 0.0310, div_loss = 0.0068, 0.620 seconds/batch
2026-04-17 19:03:53,299 - Epoch 10, Batch 1100, lr = 0.00007, final_loss = 3.9738, nll_loss = 3.8943, ref_nll_loss = 4.0532, ivc_loss = 0.0863, neg_loss_1 = 0.0112, neg_loss_2 = 0.0112, ref_loss = 0.0282, div_loss = 0.0071, 0.623 seconds/batch
2026-04-17 19:04:32,908 - Epoch 10, Batch 1150, lr = 0.00007, final_loss = 4.0073, nll_loss = 3.9278, ref_nll_loss = 4.0868, ivc_loss = 0.0839, neg_loss_1 = 0.0121, neg_loss_2 = 0.0102, ref_loss = 0.0285, div_loss = 0.0066, 0.630 seconds/batch
2026-04-17 19:04:48,591 - Epoch 10, Batch 1170, lr = 0.00007, final_loss = 3.9359, nll_loss = 3.8579, ref_nll_loss = 4.0138, ivc_loss = 0.0828, neg_loss_1 = 0.0148, neg_loss_2 = 0.0078, ref_loss = 0.0275, div_loss = 0.0065, 0.633 seconds/batch
2026-04-17 19:04:48,667 - save model to checkpoints/activitynet_moe/cpl_moe/model-10.pt, num_updates 11700.
2026-04-17 19:10:32,310 - | R@1,mIoU 0.2812 | R@1,IoU@0.1 0.6564 | R@1,IoU@0.3 0.4760 | R@1,IoU@0.5 0.1999 | R@1,IoU@0.7 0.0646 | R@1,IoU@0.9 0.0062 | R@5,mIoU 0.5277 | R@5,IoU@0.1 0.9209 | R@5,IoU@0.3 0.7842 | R@5,IoU@0.5 0.5347 | R@5,IoU@0.7 0.3226 | R@5,IoU@0.9 0.0721 |
2026-04-17 19:10:32,418 - Best results have been updated.
2026-04-17 19:10:32,418 - ============================================================
2026-04-17 19:10:32,418 - Start Epoch 11
2026-04-17 19:11:12,418 - Epoch 11, Batch 50, lr = 0.00007, final_loss = 3.9367, nll_loss = 3.8554, ref_nll_loss = 4.0180, ivc_loss = 0.0825, neg_loss_1 = 0.0117, neg_loss_2 = 0.0100, ref_loss = 0.0263, div_loss = 0.0069, 0.800 seconds/batch
2026-04-17 19:11:51,607 - Epoch 11, Batch 100, lr = 0.00007, final_loss = 3.9416, nll_loss = 3.8612, ref_nll_loss = 4.0220, ivc_loss = 0.0841, neg_loss_1 = 0.0138, neg_loss_2 = 0.0101, ref_loss = 0.0275, div_loss = 0.0065, 0.792 seconds/batch
2026-04-17 19:12:25,784 - Epoch 11, Batch 150, lr = 0.00007, final_loss = 3.9933, nll_loss = 3.9150, ref_nll_loss = 4.0716, ivc_loss = 0.0882, neg_loss_1 = 0.0144, neg_loss_2 = 0.0134, ref_loss = 0.0280, div_loss = 0.0065, 0.756 seconds/batch
2026-04-17 19:12:59,596 - Epoch 11, Batch 200, lr = 0.00007, final_loss = 3.9586, nll_loss = 3.8785, ref_nll_loss = 4.0386, ivc_loss = 0.0849, neg_loss_1 = 0.0128, neg_loss_2 = 0.0101, ref_loss = 0.0275, div_loss = 0.0069, 0.736 seconds/batch
2026-04-17 19:13:33,466 - Epoch 11, Batch 250, lr = 0.00007, final_loss = 3.9663, nll_loss = 3.8848, ref_nll_loss = 4.0478, ivc_loss = 0.0845, neg_loss_1 = 0.0128, neg_loss_2 = 0.0117, ref_loss = 0.0273, div_loss = 0.0065, 0.724 seconds/batch
2026-04-17 19:14:07,628 - Epoch 11, Batch 300, lr = 0.00007, final_loss = 3.9660, nll_loss = 3.8838, ref_nll_loss = 4.0482, ivc_loss = 0.0901, neg_loss_1 = 0.0155, neg_loss_2 = 0.0140, ref_loss = 0.0280, div_loss = 0.0065, 0.717 seconds/batch
2026-04-17 19:14:41,358 - Epoch 11, Batch 350, lr = 0.00007, final_loss = 3.9409, nll_loss = 3.8612, ref_nll_loss = 4.0205, ivc_loss = 0.0872, neg_loss_1 = 0.0142, neg_loss_2 = 0.0119, ref_loss = 0.0281, div_loss = 0.0066, 0.711 seconds/batch
2026-04-17 19:15:15,304 - Epoch 11, Batch 400, lr = 0.00007, final_loss = 3.9496, nll_loss = 3.8678, ref_nll_loss = 4.0314, ivc_loss = 0.0843, neg_loss_1 = 0.0126, neg_loss_2 = 0.0126, ref_loss = 0.0263, div_loss = 0.0066, 0.707 seconds/batch
2026-04-17 19:15:49,408 - Epoch 11, Batch 450, lr = 0.00007, final_loss = 3.9525, nll_loss = 3.8724, ref_nll_loss = 4.0326, ivc_loss = 0.0869, neg_loss_1 = 0.0132, neg_loss_2 = 0.0118, ref_loss = 0.0284, div_loss = 0.0067, 0.704 seconds/batch
2026-04-17 19:16:23,254 - Epoch 11, Batch 500, lr = 0.00007, final_loss = 3.9475, nll_loss = 3.8629, ref_nll_loss = 4.0320, ivc_loss = 0.0838, neg_loss_1 = 0.0128, neg_loss_2 = 0.0103, ref_loss = 0.0255, div_loss = 0.0070, 0.702 seconds/batch
2026-04-17 19:16:55,629 - Epoch 11, Batch 550, lr = 0.00007, final_loss = 3.9793, nll_loss = 3.8969, ref_nll_loss = 4.0617, ivc_loss = 0.0827, neg_loss_1 = 0.0112, neg_loss_2 = 0.0119, ref_loss = 0.0259, div_loss = 0.0067, 0.697 seconds/batch
2026-04-17 19:17:22,097 - Epoch 11, Batch 600, lr = 0.00007, final_loss = 3.9389, nll_loss = 3.8613, ref_nll_loss = 4.0166, ivc_loss = 0.0885, neg_loss_1 = 0.0140, neg_loss_2 = 0.0118, ref_loss = 0.0289, div_loss = 0.0067, 0.683 seconds/batch
2026-04-17 19:17:48,771 - Epoch 11, Batch 650, lr = 0.00007, final_loss = 3.9388, nll_loss = 3.8554, ref_nll_loss = 4.0222, ivc_loss = 0.0868, neg_loss_1 = 0.0132, neg_loss_2 = 0.0112, ref_loss = 0.0260, div_loss = 0.0073, 0.671 seconds/batch
2026-04-17 19:18:16,304 - Epoch 11, Batch 700, lr = 0.00007, final_loss = 3.9781, nll_loss = 3.8964, ref_nll_loss = 4.0598, ivc_loss = 0.0863, neg_loss_1 = 0.0107, neg_loss_2 = 0.0104, ref_loss = 0.0266, div_loss = 0.0077, 0.663 seconds/batch
2026-04-17 19:18:44,000 - Epoch 11, Batch 750, lr = 0.00007, final_loss = 3.9858, nll_loss = 3.9063, ref_nll_loss = 4.0654, ivc_loss = 0.0987, neg_loss_1 = 0.0122, neg_loss_2 = 0.0132, ref_loss = 0.0283, div_loss = 0.0090, 0.655 seconds/batch
2026-04-17 19:19:11,762 - Epoch 11, Batch 800, lr = 0.00007, final_loss = 3.9424, nll_loss = 3.8648, ref_nll_loss = 4.0200, ivc_loss = 0.0891, neg_loss_1 = 0.0131, neg_loss_2 = 0.0098, ref_loss = 0.0311, div_loss = 0.0070, 0.649 seconds/batch
2026-04-17 19:19:39,260 - Epoch 11, Batch 850, lr = 0.00007, final_loss = 3.9786, nll_loss = 3.8965, ref_nll_loss = 4.0608, ivc_loss = 0.0877, neg_loss_1 = 0.0127, neg_loss_2 = 0.0121, ref_loss = 0.0259, div_loss = 0.0074, 0.643 seconds/batch
2026-04-17 19:20:06,616 - Epoch 11, Batch 900, lr = 0.00007, final_loss = 3.9862, nll_loss = 3.9030, ref_nll_loss = 4.0693, ivc_loss = 0.0832, neg_loss_1 = 0.0114, neg_loss_2 = 0.0128, ref_loss = 0.0253, div_loss = 0.0067, 0.638 seconds/batch
2026-04-17 19:20:34,023 - Epoch 11, Batch 950, lr = 0.00007, final_loss = 3.9380, nll_loss = 3.8579, ref_nll_loss = 4.0181, ivc_loss = 0.0881, neg_loss_1 = 0.0112, neg_loss_2 = 0.0134, ref_loss = 0.0277, div_loss = 0.0072, 0.633 seconds/batch
2026-04-17 19:21:01,497 - Epoch 11, Batch 1000, lr = 0.00007, final_loss = 3.9626, nll_loss = 3.8828, ref_nll_loss = 4.0424, ivc_loss = 0.0868, neg_loss_1 = 0.0121, neg_loss_2 = 0.0110, ref_loss = 0.0287, div_loss = 0.0070, 0.629 seconds/batch
2026-04-17 19:21:29,061 - Epoch 11, Batch 1050, lr = 0.00007, final_loss = 3.9357, nll_loss = 3.8529, ref_nll_loss = 4.0185, ivc_loss = 0.0875, neg_loss_1 = 0.0142, neg_loss_2 = 0.0105, ref_loss = 0.0282, div_loss = 0.0069, 0.625 seconds/batch
2026-04-17 19:22:00,534 - Epoch 11, Batch 1100, lr = 0.00007, final_loss = 3.9465, nll_loss = 3.8665, ref_nll_loss = 4.0264, ivc_loss = 0.0831, neg_loss_1 = 0.0114, neg_loss_2 = 0.0094, ref_loss = 0.0271, div_loss = 0.0071, 0.626 seconds/batch
2026-04-17 19:22:37,826 - Epoch 11, Batch 1150, lr = 0.00007, final_loss = 3.9856, nll_loss = 3.9048, ref_nll_loss = 4.0664, ivc_loss = 0.0868, neg_loss_1 = 0.0131, neg_loss_2 = 0.0130, ref_loss = 0.0267, div_loss = 0.0068, 0.631 seconds/batch
2026-04-17 19:22:53,684 - Epoch 11, Batch 1170, lr = 0.00007, final_loss = 3.9518, nll_loss = 3.8744, ref_nll_loss = 4.0291, ivc_loss = 0.0914, neg_loss_1 = 0.0123, neg_loss_2 = 0.0134, ref_loss = 0.0319, div_loss = 0.0067, 0.634 seconds/batch
2026-04-17 19:22:53,758 - save model to checkpoints/activitynet_moe/cpl_moe/model-11.pt, num_updates 12870.
2026-04-17 19:28:36,974 - | R@1,mIoU 0.2422 | R@1,IoU@0.1 0.5730 | R@1,IoU@0.3 0.4015 | R@1,IoU@0.5 0.1811 | R@1,IoU@0.7 0.0489 | R@1,IoU@0.9 0.0033 | R@5,mIoU 0.5259 | R@5,IoU@0.1 0.9194 | R@5,IoU@0.3 0.7823 | R@5,IoU@0.5 0.5334 | R@5,IoU@0.7 0.3162 | R@5,IoU@0.9 0.0747 |
2026-04-17 19:28:36,974 - ============================================================
2026-04-17 19:28:36,975 - Start Epoch 12
2026-04-17 19:29:17,209 - Epoch 12, Batch 50, lr = 0.00007, final_loss = 3.9259, nll_loss = 3.8446, ref_nll_loss = 4.0071, ivc_loss = 0.0859, neg_loss_1 = 0.0132, neg_loss_2 = 0.0109, ref_loss = 0.0270, div_loss = 0.0069, 0.805 seconds/batch
2026-04-17 19:29:57,443 - Epoch 12, Batch 100, lr = 0.00007, final_loss = 3.9024, nll_loss = 3.8199, ref_nll_loss = 3.9848, ivc_loss = 0.0829, neg_loss_1 = 0.0131, neg_loss_2 = 0.0092, ref_loss = 0.0267, div_loss = 0.0068, 0.805 seconds/batch
2026-04-17 19:30:31,774 - Epoch 12, Batch 150, lr = 0.00007, final_loss = 3.9130, nll_loss = 3.8339, ref_nll_loss = 3.9922, ivc_loss = 0.0906, neg_loss_1 = 0.0132, neg_loss_2 = 0.0152, ref_loss = 0.0283, div_loss = 0.0068, 0.765 seconds/batch
2026-04-17 19:31:05,457 - Epoch 12, Batch 200, lr = 0.00007, final_loss = 3.9253, nll_loss = 3.8443, ref_nll_loss = 4.0062, ivc_loss = 0.0857, neg_loss_1 = 0.0137, neg_loss_2 = 0.0109, ref_loss = 0.0269, div_loss = 0.0068, 0.742 seconds/batch
2026-04-17 19:31:39,236 - Epoch 12, Batch 250, lr = 0.00007, final_loss = 3.9339, nll_loss = 3.8535, ref_nll_loss = 4.0144, ivc_loss = 0.0909, neg_loss_1 = 0.0140, neg_loss_2 = 0.0118, ref_loss = 0.0288, div_loss = 0.0073, 0.729 seconds/batch
2026-04-17 19:32:12,864 - Epoch 12, Batch 300, lr = 0.00007, final_loss = 3.9401, nll_loss = 3.8578, ref_nll_loss = 4.0224, ivc_loss = 0.0870, neg_loss_1 = 0.0142, neg_loss_2 = 0.0125, ref_loss = 0.0254, div_loss = 0.0070, 0.720 seconds/batch
2026-04-17 19:32:46,836 - Epoch 12, Batch 350, lr = 0.00007, final_loss = 3.9377, nll_loss = 3.8532, ref_nll_loss = 4.0222, ivc_loss = 0.0822, neg_loss_1 = 0.0134, neg_loss_2 = 0.0101, ref_loss = 0.0246, div_loss = 0.0068, 0.714 seconds/batch
2026-04-17 19:33:20,807 - Epoch 12, Batch 400, lr = 0.00007, final_loss = 3.9407, nll_loss = 3.8542, ref_nll_loss = 4.0272, ivc_loss = 0.0844, neg_loss_1 = 0.0118, neg_loss_2 = 0.0140, ref_loss = 0.0231, div_loss = 0.0071, 0.710 seconds/batch
2026-04-17 19:33:54,811 - Epoch 12, Batch 450, lr = 0.00007, final_loss = 3.9501, nll_loss = 3.8648, ref_nll_loss = 4.0353, ivc_loss = 0.0888, neg_loss_1 = 0.0163, neg_loss_2 = 0.0121, ref_loss = 0.0244, div_loss = 0.0072, 0.706 seconds/batch
2026-04-17 19:34:28,842 - Epoch 12, Batch 500, lr = 0.00007, final_loss = 3.9231, nll_loss = 3.8419, ref_nll_loss = 4.0044, ivc_loss = 0.0852, neg_loss_1 = 0.0126, neg_loss_2 = 0.0116, ref_loss = 0.0268, div_loss = 0.0069, 0.704 seconds/batch
2026-04-17 19:35:02,883 - Epoch 12, Batch 550, lr = 0.00007, final_loss = 3.9388, nll_loss = 3.8561, ref_nll_loss = 4.0214, ivc_loss = 0.0857, neg_loss_1 = 0.0137, neg_loss_2 = 0.0107, ref_loss = 0.0276, div_loss = 0.0067, 0.702 seconds/batch
2026-04-17 19:35:31,948 - Epoch 12, Batch 600, lr = 0.00007, final_loss = 3.9159, nll_loss = 3.8284, ref_nll_loss = 4.0034, ivc_loss = 0.0816, neg_loss_1 = 0.0113, neg_loss_2 = 0.0102, ref_loss = 0.0247, div_loss = 0.0071, 0.692 seconds/batch
2026-04-17 19:35:58,967 - Epoch 12, Batch 650, lr = 0.00007, final_loss = 3.9426, nll_loss = 3.8604, ref_nll_loss = 4.0248, ivc_loss = 0.0843, neg_loss_1 = 0.0111, neg_loss_2 = 0.0103, ref_loss = 0.0273, div_loss = 0.0071, 0.680 seconds/batch
2026-04-17 19:36:26,271 - Epoch 12, Batch 700, lr = 0.00007, final_loss = 3.9522, nll_loss = 3.8692, ref_nll_loss = 4.0351, ivc_loss = 0.0878, neg_loss_1 = 0.0134, neg_loss_2 = 0.0126, ref_loss = 0.0273, div_loss = 0.0069, 0.670 seconds/batch
2026-04-17 19:36:53,788 - Epoch 12, Batch 750, lr = 0.00007, final_loss = 3.9556, nll_loss = 3.8716, ref_nll_loss = 4.0396, ivc_loss = 0.0855, neg_loss_1 = 0.0146, neg_loss_2 = 0.0102, ref_loss = 0.0248, div_loss = 0.0072, 0.662 seconds/batch
2026-04-17 19:37:21,136 - Epoch 12, Batch 800, lr = 0.00007, final_loss = 3.9869, nll_loss = 3.9064, ref_nll_loss = 4.0674, ivc_loss = 0.0864, neg_loss_1 = 0.0127, neg_loss_2 = 0.0110, ref_loss = 0.0289, div_loss = 0.0068, 0.655 seconds/batch
2026-04-17 19:37:48,638 - Epoch 12, Batch 850, lr = 0.00007, final_loss = 3.9236, nll_loss = 3.8426, ref_nll_loss = 4.0046, ivc_loss = 0.0892, neg_loss_1 = 0.0134, neg_loss_2 = 0.0128, ref_loss = 0.0288, div_loss = 0.0068, 0.649 seconds/batch
2026-04-17 19:38:16,305 - Epoch 12, Batch 900, lr = 0.00007, final_loss = 3.9297, nll_loss = 3.8491, ref_nll_loss = 4.0103, ivc_loss = 0.0886, neg_loss_1 = 0.0133, neg_loss_2 = 0.0123, ref_loss = 0.0283, div_loss = 0.0069, 0.644 seconds/batch
2026-04-17 19:38:44,017 - Epoch 12, Batch 950, lr = 0.00007, final_loss = 3.9552, nll_loss = 3.8714, ref_nll_loss = 4.0390, ivc_loss = 0.0875, neg_loss_1 = 0.0143, neg_loss_2 = 0.0137, ref_loss = 0.0259, div_loss = 0.0067, 0.639 seconds/batch
2026-04-17 19:39:11,684 - Epoch 12, Batch 1000, lr = 0.00007, final_loss = 3.9274, nll_loss = 3.8484, ref_nll_loss = 4.0064, ivc_loss = 0.0909, neg_loss_1 = 0.0168, neg_loss_2 = 0.0120, ref_loss = 0.0286, div_loss = 0.0067, 0.635 seconds/batch
2026-04-17 19:39:39,150 - Epoch 12, Batch 1050, lr = 0.00007, final_loss = 3.9492, nll_loss = 3.8690, ref_nll_loss = 4.0295, ivc_loss = 0.0902, neg_loss_1 = 0.0140, neg_loss_2 = 0.0140, ref_loss = 0.0282, div_loss = 0.0068, 0.631 seconds/batch
2026-04-17 19:40:07,109 - Epoch 12, Batch 1100, lr = 0.00007, final_loss = 3.9592, nll_loss = 3.8777, ref_nll_loss = 4.0406, ivc_loss = 0.0861, neg_loss_1 = 0.0139, neg_loss_2 = 0.0108, ref_loss = 0.0268, div_loss = 0.0069, 0.627 seconds/batch
2026-04-17 19:40:41,435 - Epoch 12, Batch 1150, lr = 0.00007, final_loss = 3.9229, nll_loss = 3.8402, ref_nll_loss = 4.0055, ivc_loss = 0.0857, neg_loss_1 = 0.0126, neg_loss_2 = 0.0106, ref_loss = 0.0285, div_loss = 0.0068, 0.630 seconds/batch
2026-04-17 19:40:56,931 - Epoch 12, Batch 1170, lr = 0.00007, final_loss = 3.9615, nll_loss = 3.8826, ref_nll_loss = 4.0403, ivc_loss = 0.0951, neg_loss_1 = 0.0158, neg_loss_2 = 0.0134, ref_loss = 0.0300, div_loss = 0.0072, 0.632 seconds/batch
2026-04-17 19:40:57,003 - save model to checkpoints/activitynet_moe/cpl_moe/model-12.pt, num_updates 14040.
2026-04-17 19:46:37,602 - | R@1,mIoU 0.2662 | R@1,IoU@0.1 0.6439 | R@1,IoU@0.3 0.4542 | R@1,IoU@0.5 0.1770 | R@1,IoU@0.7 0.0501 | R@1,IoU@0.9 0.0028 | R@5,mIoU 0.5249 | R@5,IoU@0.1 0.9205 | R@5,IoU@0.3 0.7813 | R@5,IoU@0.5 0.5332 | R@5,IoU@0.7 0.3167 | R@5,IoU@0.9 0.0735 |
2026-04-17 19:46:37,603 - ============================================================
2026-04-17 19:46:37,603 - Start Epoch 13
2026-04-17 19:47:17,567 - Epoch 13, Batch 50, lr = 0.00007, final_loss = 3.9089, nll_loss = 3.8231, ref_nll_loss = 3.9947, ivc_loss = 0.0871, neg_loss_1 = 0.0117, neg_loss_2 = 0.0121, ref_loss = 0.0257, div_loss = 0.0075, 0.799 seconds/batch
2026-04-17 19:47:57,629 - Epoch 13, Batch 100, lr = 0.00007, final_loss = 3.9004, nll_loss = 3.8157, ref_nll_loss = 3.9851, ivc_loss = 0.0863, neg_loss_1 = 0.0145, neg_loss_2 = 0.0118, ref_loss = 0.0256, div_loss = 0.0069, 0.800 seconds/batch
2026-04-17 19:48:33,274 - Epoch 13, Batch 150, lr = 0.00007, final_loss = 3.9137, nll_loss = 3.8335, ref_nll_loss = 3.9939, ivc_loss = 0.0879, neg_loss_1 = 0.0152, neg_loss_2 = 0.0117, ref_loss = 0.0277, div_loss = 0.0067, 0.771 seconds/batch
2026-04-17 19:49:07,155 - Epoch 13, Batch 200, lr = 0.00007, final_loss = 3.9111, nll_loss = 3.8315, ref_nll_loss = 3.9908, ivc_loss = 0.0889, neg_loss_1 = 0.0153, neg_loss_2 = 0.0109, ref_loss = 0.0282, div_loss = 0.0069, 0.748 seconds/batch
2026-04-17 19:49:41,032 - Epoch 13, Batch 250, lr = 0.00007, final_loss = 3.9042, nll_loss = 3.8211, ref_nll_loss = 3.9873, ivc_loss = 0.0882, neg_loss_1 = 0.0143, neg_loss_2 = 0.0132, ref_loss = 0.0256, div_loss = 0.0070, 0.734 seconds/batch
2026-04-17 19:50:15,035 - Epoch 13, Batch 300, lr = 0.00007, final_loss = 3.8967, nll_loss = 3.8143, ref_nll_loss = 3.9792, ivc_loss = 0.0902, neg_loss_1 = 0.0138, neg_loss_2 = 0.0117, ref_loss = 0.0277, div_loss = 0.0074, 0.725 seconds/batch
2026-04-17 19:50:48,591 - Epoch 13, Batch 350, lr = 0.00007, final_loss = 3.9180, nll_loss = 3.8363, ref_nll_loss = 3.9997, ivc_loss = 0.0888, neg_loss_1 = 0.0133, neg_loss_2 = 0.0109, ref_loss = 0.0273, div_loss = 0.0075, 0.717 seconds/batch
2026-04-17 19:51:22,445 - Epoch 13, Batch 400, lr = 0.00007, final_loss = 3.9038, nll_loss = 3.8205, ref_nll_loss = 3.9871, ivc_loss = 0.0893, neg_loss_1 = 0.0155, neg_loss_2 = 0.0111, ref_loss = 0.0272, div_loss = 0.0071, 0.712 seconds/batch
2026-04-17 19:51:56,399 - Epoch 13, Batch 450, lr = 0.00007, final_loss = 3.9294, nll_loss = 3.8489, ref_nll_loss = 4.0099, ivc_loss = 0.0851, neg_loss_1 = 0.0114, neg_loss_2 = 0.0115, ref_loss = 0.0280, div_loss = 0.0068, 0.708 seconds/batch
2026-04-17 19:52:30,315 - Epoch 13, Batch 500, lr = 0.00007, final_loss = 3.9452, nll_loss = 3.8573, ref_nll_loss = 4.0331, ivc_loss = 0.0843, neg_loss_1 = 0.0156, neg_loss_2 = 0.0094, ref_loss = 0.0245, div_loss = 0.0070, 0.705 seconds/batch
2026-04-17 19:53:03,910 - Epoch 13, Batch 550, lr = 0.00007, final_loss = 3.9219, nll_loss = 3.8367, ref_nll_loss = 4.0071, ivc_loss = 0.0866, neg_loss_1 = 0.0149, neg_loss_2 = 0.0098, ref_loss = 0.0256, div_loss = 0.0073, 0.702 seconds/batch
2026-04-17 19:53:37,550 - Epoch 13, Batch 600, lr = 0.00007, final_loss = 3.9577, nll_loss = 3.8744, ref_nll_loss = 4.0410, ivc_loss = 0.0863, neg_loss_1 = 0.0146, neg_loss_2 = 0.0105, ref_loss = 0.0265, div_loss = 0.0069, 0.700 seconds/batch
2026-04-17 19:54:06,834 - Epoch 13, Batch 650, lr = 0.00007, final_loss = 3.9497, nll_loss = 3.8656, ref_nll_loss = 4.0338, ivc_loss = 0.0897, neg_loss_1 = 0.0152, neg_loss_2 = 0.0131, ref_loss = 0.0257, div_loss = 0.0071, 0.691 seconds/batch
2026-04-17 19:54:34,322 - Epoch 13, Batch 700, lr = 0.00007, final_loss = 3.8927, nll_loss = 3.8068, ref_nll_loss = 3.9787, ivc_loss = 0.0835, neg_loss_1 = 0.0132, neg_loss_2 = 0.0115, ref_loss = 0.0232, div_loss = 0.0071, 0.681 seconds/batch
2026-04-17 19:55:01,941 - Epoch 13, Batch 750, lr = 0.00007, final_loss = 3.9232, nll_loss = 3.8419, ref_nll_loss = 4.0044, ivc_loss = 0.0864, neg_loss_1 = 0.0133, neg_loss_2 = 0.0113, ref_loss = 0.0259, div_loss = 0.0072, 0.672 seconds/batch
2026-04-17 19:55:29,440 - Epoch 13, Batch 800, lr = 0.00007, final_loss = 3.9286, nll_loss = 3.8434, ref_nll_loss = 4.0139, ivc_loss = 0.0838, neg_loss_1 = 0.0132, neg_loss_2 = 0.0097, ref_loss = 0.0269, div_loss = 0.0068, 0.665 seconds/batch
2026-04-17 19:55:56,985 - Epoch 13, Batch 850, lr = 0.00007, final_loss = 3.9003, nll_loss = 3.8199, ref_nll_loss = 3.9807, ivc_loss = 0.0901, neg_loss_1 = 0.0148, neg_loss_2 = 0.0120, ref_loss = 0.0291, div_loss = 0.0068, 0.658 seconds/batch
2026-04-17 19:56:24,498 - Epoch 13, Batch 900, lr = 0.00007, final_loss = 3.9160, nll_loss = 3.8312, ref_nll_loss = 4.0007, ivc_loss = 0.0917, neg_loss_1 = 0.0152, neg_loss_2 = 0.0148, ref_loss = 0.0257, div_loss = 0.0072, 0.652 seconds/batch
2026-04-17 19:56:52,047 - Epoch 13, Batch 950, lr = 0.00007, final_loss = 3.9303, nll_loss = 3.8434, ref_nll_loss = 4.0171, ivc_loss = 0.0875, neg_loss_1 = 0.0149, neg_loss_2 = 0.0125, ref_loss = 0.0248, div_loss = 0.0071, 0.647 seconds/batch
2026-04-17 19:57:19,756 - Epoch 13, Batch 1000, lr = 0.00007, final_loss = 3.9144, nll_loss = 3.8293, ref_nll_loss = 3.9995, ivc_loss = 0.0854, neg_loss_1 = 0.0112, neg_loss_2 = 0.0102, ref_loss = 0.0263, div_loss = 0.0075, 0.642 seconds/batch
2026-04-17 19:57:47,448 - Epoch 13, Batch 1050, lr = 0.00007, final_loss = 3.9337, nll_loss = 3.8507, ref_nll_loss = 4.0167, ivc_loss = 0.0924, neg_loss_1 = 0.0156, neg_loss_2 = 0.0154, ref_loss = 0.0259, div_loss = 0.0071, 0.638 seconds/batch
2026-04-17 19:58:14,717 - Epoch 13, Batch 1100, lr = 0.00007, final_loss = 3.9227, nll_loss = 3.8375, ref_nll_loss = 4.0078, ivc_loss = 0.0888, neg_loss_1 = 0.0145, neg_loss_2 = 0.0108, ref_loss = 0.0246, div_loss = 0.0078, 0.634 seconds/batch
2026-04-17 19:58:45,192 - Epoch 13, Batch 1150, lr = 0.00006, final_loss = 3.9008, nll_loss = 3.8135, ref_nll_loss = 3.9880, ivc_loss = 0.0874, neg_loss_1 = 0.0137, neg_loss_2 = 0.0108, ref_loss = 0.0256, div_loss = 0.0075, 0.633 seconds/batch
2026-04-17 19:58:58,433 - Epoch 13, Batch 1170, lr = 0.00006, final_loss = 3.9580, nll_loss = 3.8761, ref_nll_loss = 4.0399, ivc_loss = 0.0906, neg_loss_1 = 0.0154, neg_loss_2 = 0.0098, ref_loss = 0.0272, div_loss = 0.0077, 0.633 seconds/batch
2026-04-17 19:58:58,506 - save model to checkpoints/activitynet_moe/cpl_moe/model-13.pt, num_updates 15210.
2026-04-17 20:04:42,858 - | R@1,mIoU 0.2817 | R@1,IoU@0.1 0.6599 | R@1,IoU@0.3 0.4858 | R@1,IoU@0.5 0.1961 | R@1,IoU@0.7 0.0573 | R@1,IoU@0.9 0.0072 | R@5,mIoU 0.5329 | R@5,IoU@0.1 0.9196 | R@5,IoU@0.3 0.7876 | R@5,IoU@0.5 0.5458 | R@5,IoU@0.7 0.3282 | R@5,IoU@0.9 0.0825 |
2026-04-17 20:04:42,932 - Best results have been updated.
2026-04-17 20:04:42,933 - ============================================================
2026-04-17 20:04:42,933 - Start Epoch 14
2026-04-17 20:05:22,746 - Epoch 14, Batch 50, lr = 0.00006, final_loss = 3.8773, nll_loss = 3.7897, ref_nll_loss = 3.9648, ivc_loss = 0.0885, neg_loss_1 = 0.0145, neg_loss_2 = 0.0126, ref_loss = 0.0255, div_loss = 0.0072, 0.796 seconds/batch
2026-04-17 20:06:02,687 - Epoch 14, Batch 100, lr = 0.00006, final_loss = 3.8936, nll_loss = 3.8106, ref_nll_loss = 3.9766, ivc_loss = 0.0874, neg_loss_1 = 0.0121, neg_loss_2 = 0.0133, ref_loss = 0.0277, div_loss = 0.0069, 0.798 seconds/batch
2026-04-17 20:06:39,320 - Epoch 14, Batch 150, lr = 0.00006, final_loss = 3.9046, nll_loss = 3.8194, ref_nll_loss = 3.9899, ivc_loss = 0.0859, neg_loss_1 = 0.0155, neg_loss_2 = 0.0108, ref_loss = 0.0253, div_loss = 0.0068, 0.776 seconds/batch
2026-04-17 20:07:13,316 - Epoch 14, Batch 200, lr = 0.00006, final_loss = 3.9287, nll_loss = 3.8435, ref_nll_loss = 4.0140, ivc_loss = 0.0905, neg_loss_1 = 0.0156, neg_loss_2 = 0.0128, ref_loss = 0.0265, div_loss = 0.0071, 0.752 seconds/batch
2026-04-17 20:07:47,622 - Epoch 14, Batch 250, lr = 0.00006, final_loss = 3.9054, nll_loss = 3.8189, ref_nll_loss = 3.9920, ivc_loss = 0.0882, neg_loss_1 = 0.0161, neg_loss_2 = 0.0099, ref_loss = 0.0262, div_loss = 0.0072, 0.739 seconds/batch
2026-04-17 20:08:21,482 - Epoch 14, Batch 300, lr = 0.00006, final_loss = 3.8824, nll_loss = 3.7983, ref_nll_loss = 3.9665, ivc_loss = 0.0884, neg_loss_1 = 0.0149, neg_loss_2 = 0.0105, ref_loss = 0.0264, div_loss = 0.0073, 0.728 seconds/batch
2026-04-17 20:08:55,616 - Epoch 14, Batch 350, lr = 0.00006, final_loss = 3.8802, nll_loss = 3.7939, ref_nll_loss = 3.9665, ivc_loss = 0.0912, neg_loss_1 = 0.0163, neg_loss_2 = 0.0119, ref_loss = 0.0258, div_loss = 0.0074, 0.722 seconds/batch
2026-04-17 20:09:29,167 - Epoch 14, Batch 400, lr = 0.00006, final_loss = 3.9044, nll_loss = 3.8198, ref_nll_loss = 3.9891, ivc_loss = 0.0857, neg_loss_1 = 0.0139, neg_loss_2 = 0.0108, ref_loss = 0.0236, div_loss = 0.0075, 0.716 seconds/batch
2026-04-17 20:10:03,162 - Epoch 14, Batch 450, lr = 0.00006, final_loss = 3.9294, nll_loss = 3.8480, ref_nll_loss = 4.0107, ivc_loss = 0.0901, neg_loss_1 = 0.0161, neg_loss_2 = 0.0121, ref_loss = 0.0278, div_loss = 0.0068, 0.712 seconds/batch
2026-04-17 20:10:37,190 - Epoch 14, Batch 500, lr = 0.00006, final_loss = 3.8955, nll_loss = 3.8115, ref_nll_loss = 3.9796, ivc_loss = 0.0887, neg_loss_1 = 0.0160, neg_loss_2 = 0.0106, ref_loss = 0.0280, div_loss = 0.0068, 0.709 seconds/batch
2026-04-17 20:11:11,021 - Epoch 14, Batch 550, lr = 0.00006, final_loss = 3.9058, nll_loss = 3.8242, ref_nll_loss = 3.9874, ivc_loss = 0.0880, neg_loss_1 = 0.0128, neg_loss_2 = 0.0122, ref_loss = 0.0275, div_loss = 0.0071, 0.706 seconds/batch
2026-04-17 20:11:45,227 - Epoch 14, Batch 600, lr = 0.00006, final_loss = 3.9194, nll_loss = 3.8348, ref_nll_loss = 4.0040, ivc_loss = 0.0877, neg_loss_1 = 0.0158, neg_loss_2 = 0.0101, ref_loss = 0.0266, div_loss = 0.0070, 0.704 seconds/batch
2026-04-17 20:12:16,688 - Epoch 14, Batch 650, lr = 0.00006, final_loss = 3.9229, nll_loss = 3.8415, ref_nll_loss = 4.0043, ivc_loss = 0.0928, neg_loss_1 = 0.0175, neg_loss_2 = 0.0105, ref_loss = 0.0293, div_loss = 0.0071, 0.698 seconds/batch
2026-04-17 20:12:46,288 - Epoch 14, Batch 700, lr = 0.00006, final_loss = 3.8681, nll_loss = 3.7821, ref_nll_loss = 3.9542, ivc_loss = 0.0867, neg_loss_1 = 0.0159, neg_loss_2 = 0.0118, ref_loss = 0.0247, div_loss = 0.0069, 0.691 seconds/batch
2026-04-17 20:13:13,684 - Epoch 14, Batch 750, lr = 0.00006, final_loss = 3.8850, nll_loss = 3.8020, ref_nll_loss = 3.9681, ivc_loss = 0.0901, neg_loss_1 = 0.0171, neg_loss_2 = 0.0126, ref_loss = 0.0274, div_loss = 0.0066, 0.681 seconds/batch
2026-04-17 20:13:41,232 - Epoch 14, Batch 800, lr = 0.00006, final_loss = 3.8945, nll_loss = 3.8129, ref_nll_loss = 3.9760, ivc_loss = 0.0902, neg_loss_1 = 0.0148, neg_loss_2 = 0.0108, ref_loss = 0.0279, div_loss = 0.0073, 0.673 seconds/batch
2026-04-17 20:14:08,514 - Epoch 14, Batch 850, lr = 0.00006, final_loss = 3.8959, nll_loss = 3.8133, ref_nll_loss = 3.9785, ivc_loss = 0.0922, neg_loss_1 = 0.0163, neg_loss_2 = 0.0114, ref_loss = 0.0287, div_loss = 0.0072, 0.665 seconds/batch
2026-04-17 20:14:36,006 - Epoch 14, Batch 900, lr = 0.00006, final_loss = 3.8927, nll_loss = 3.8100, ref_nll_loss = 3.9755, ivc_loss = 0.0936, neg_loss_1 = 0.0152, neg_loss_2 = 0.0156, ref_loss = 0.0268, div_loss = 0.0072, 0.659 seconds/batch
2026-04-17 20:15:03,476 - Epoch 14, Batch 950, lr = 0.00006, final_loss = 3.9061, nll_loss = 3.8193, ref_nll_loss = 3.9928, ivc_loss = 0.0865, neg_loss_1 = 0.0123, neg_loss_2 = 0.0110, ref_loss = 0.0246, div_loss = 0.0077, 0.653 seconds/batch
2026-04-17 20:15:30,963 - Epoch 14, Batch 1000, lr = 0.00006, final_loss = 3.9144, nll_loss = 3.8320, ref_nll_loss = 3.9969, ivc_loss = 0.0915, neg_loss_1 = 0.0149, neg_loss_2 = 0.0129, ref_loss = 0.0272, div_loss = 0.0073, 0.648 seconds/batch
2026-04-17 20:15:58,326 - Epoch 14, Batch 1050, lr = 0.00006, final_loss = 3.9346, nll_loss = 3.8490, ref_nll_loss = 4.0201, ivc_loss = 0.0879, neg_loss_1 = 0.0132, neg_loss_2 = 0.0118, ref_loss = 0.0258, div_loss = 0.0074, 0.643 seconds/batch
2026-04-17 20:16:25,874 - Epoch 14, Batch 1100, lr = 0.00006, final_loss = 3.9541, nll_loss = 3.8696, ref_nll_loss = 4.0386, ivc_loss = 0.0906, neg_loss_1 = 0.0149, neg_loss_2 = 0.0140, ref_loss = 0.0268, div_loss = 0.0070, 0.639 seconds/batch
2026-04-17 20:16:53,681 - Epoch 14, Batch 1150, lr = 0.00006, final_loss = 3.9066, nll_loss = 3.8205, ref_nll_loss = 3.9927, ivc_loss = 0.0879, neg_loss_1 = 0.0139, neg_loss_2 = 0.0102, ref_loss = 0.0255, div_loss = 0.0077, 0.635 seconds/batch
2026-04-17 20:17:07,011 - Epoch 14, Batch 1170, lr = 0.00006, final_loss = 3.9231, nll_loss = 3.8405, ref_nll_loss = 4.0057, ivc_loss = 0.0903, neg_loss_1 = 0.0154, neg_loss_2 = 0.0118, ref_loss = 0.0267, div_loss = 0.0073, 0.636 seconds/batch
2026-04-17 20:17:07,084 - save model to checkpoints/activitynet_moe/cpl_moe/model-14.pt, num_updates 16380.
2026-04-17 20:22:47,574 - | R@1,mIoU 0.2385 | R@1,IoU@0.1 0.5657 | R@1,IoU@0.3 0.4104 | R@1,IoU@0.5 0.1625 | R@1,IoU@0.7 0.0471 | R@1,IoU@0.9 0.0026 | R@5,mIoU 0.5285 | R@5,IoU@0.1 0.9206 | R@5,IoU@0.3 0.7847 | R@5,IoU@0.5 0.5375 | R@5,IoU@0.7 0.3220 | R@5,IoU@0.9 0.0753 |
2026-04-17 20:22:47,574 - ============================================================
2026-04-17 20:22:47,574 - Start Epoch 15
2026-04-17 20:23:27,428 - Epoch 15, Batch 50, lr = 0.00006, final_loss = 3.8791, nll_loss = 3.7933, ref_nll_loss = 3.9648, ivc_loss = 0.0889, neg_loss_1 = 0.0150, neg_loss_2 = 0.0135, ref_loss = 0.0249, div_loss = 0.0071, 0.797 seconds/batch
2026-04-17 20:24:07,345 - Epoch 15, Batch 100, lr = 0.00006, final_loss = 3.8794, nll_loss = 3.7948, ref_nll_loss = 3.9641, ivc_loss = 0.0900, neg_loss_1 = 0.0174, neg_loss_2 = 0.0112, ref_loss = 0.0263, div_loss = 0.0070, 0.798 seconds/batch
2026-04-17 20:24:44,443 - Epoch 15, Batch 150, lr = 0.00006, final_loss = 3.8713, nll_loss = 3.7834, ref_nll_loss = 3.9593, ivc_loss = 0.0891, neg_loss_1 = 0.0156, neg_loss_2 = 0.0125, ref_loss = 0.0255, div_loss = 0.0071, 0.779 seconds/batch
2026-04-17 20:25:18,481 - Epoch 15, Batch 200, lr = 0.00006, final_loss = 3.8679, nll_loss = 3.7835, ref_nll_loss = 3.9523, ivc_loss = 0.0911, neg_loss_1 = 0.0163, neg_loss_2 = 0.0128, ref_loss = 0.0273, div_loss = 0.0069, 0.755 seconds/batch
2026-04-17 20:25:52,717 - Epoch 15, Batch 250, lr = 0.00006, final_loss = 3.8803, nll_loss = 3.7976, ref_nll_loss = 3.9629, ivc_loss = 0.0919, neg_loss_1 = 0.0161, neg_loss_2 = 0.0118, ref_loss = 0.0277, div_loss = 0.0073, 0.741 seconds/batch
2026-04-17 20:26:26,758 - Epoch 15, Batch 300, lr = 0.00006, final_loss = 3.8990, nll_loss = 3.8110, ref_nll_loss = 3.9870, ivc_loss = 0.0839, neg_loss_1 = 0.0138, neg_loss_2 = 0.0086, ref_loss = 0.0237, div_loss = 0.0076, 0.731 seconds/batch
2026-04-17 20:27:00,880 - Epoch 15, Batch 350, lr = 0.00006, final_loss = 3.8654, nll_loss = 3.7780, ref_nll_loss = 3.9527, ivc_loss = 0.0862, neg_loss_1 = 0.0148, neg_loss_2 = 0.0092, ref_loss = 0.0250, div_loss = 0.0074, 0.724 seconds/batch
2026-04-17 20:27:34,974 - Epoch 15, Batch 400, lr = 0.00006, final_loss = 3.8868, nll_loss = 3.8011, ref_nll_loss = 3.9725, ivc_loss = 0.0910, neg_loss_1 = 0.0159, neg_loss_2 = 0.0137, ref_loss = 0.0252, div_loss = 0.0073, 0.718 seconds/batch
2026-04-17 20:28:09,062 - Epoch 15, Batch 450, lr = 0.00006, final_loss = 3.8983, nll_loss = 3.8125, ref_nll_loss = 3.9841, ivc_loss = 0.0910, neg_loss_1 = 0.0156, neg_loss_2 = 0.0111, ref_loss = 0.0268, div_loss = 0.0075, 0.714 seconds/batch
2026-04-17 20:28:42,741 - Epoch 15, Batch 500, lr = 0.00006, final_loss = 3.9053, nll_loss = 3.8218, ref_nll_loss = 3.9888, ivc_loss = 0.0913, neg_loss_1 = 0.0147, neg_loss_2 = 0.0114, ref_loss = 0.0273, div_loss = 0.0076, 0.710 seconds/batch
2026-04-17 20:29:16,431 - Epoch 15, Batch 550, lr = 0.00006, final_loss = 3.8966, nll_loss = 3.8127, ref_nll_loss = 3.9806, ivc_loss = 0.0911, neg_loss_1 = 0.0137, neg_loss_2 = 0.0123, ref_loss = 0.0280, div_loss = 0.0074, 0.707 seconds/batch
2026-04-17 20:29:50,594 - Epoch 15, Batch 600, lr = 0.00006, final_loss = 3.9162, nll_loss = 3.8313, ref_nll_loss = 4.0012, ivc_loss = 0.0888, neg_loss_1 = 0.0163, neg_loss_2 = 0.0103, ref_loss = 0.0262, div_loss = 0.0072, 0.705 seconds/batch
2026-04-17 20:30:24,277 - Epoch 15, Batch 650, lr = 0.00006, final_loss = 3.8804, nll_loss = 3.7906, ref_nll_loss = 3.9702, ivc_loss = 0.0875, neg_loss_1 = 0.0141, neg_loss_2 = 0.0106, ref_loss = 0.0259, div_loss = 0.0074, 0.703 seconds/batch
2026-04-17 20:30:57,032 - Epoch 15, Batch 700, lr = 0.00006, final_loss = 3.8985, nll_loss = 3.8089, ref_nll_loss = 3.9881, ivc_loss = 0.0902, neg_loss_1 = 0.0165, neg_loss_2 = 0.0118, ref_loss = 0.0262, div_loss = 0.0071, 0.699 seconds/batch
2026-04-17 20:31:24,278 - Epoch 15, Batch 750, lr = 0.00006, final_loss = 3.8868, nll_loss = 3.8053, ref_nll_loss = 3.9683, ivc_loss = 0.0964, neg_loss_1 = 0.0181, neg_loss_2 = 0.0133, ref_loss = 0.0275, div_loss = 0.0075, 0.689 seconds/batch
2026-04-17 20:31:51,506 - Epoch 15, Batch 800, lr = 0.00006, final_loss = 3.8881, nll_loss = 3.8023, ref_nll_loss = 3.9738, ivc_loss = 0.0897, neg_loss_1 = 0.0140, neg_loss_2 = 0.0119, ref_loss = 0.0255, div_loss = 0.0076, 0.680 seconds/batch
2026-04-17 20:32:19,333 - Epoch 15, Batch 850, lr = 0.00006, final_loss = 3.8892, nll_loss = 3.8042, ref_nll_loss = 3.9742, ivc_loss = 0.0924, neg_loss_1 = 0.0157, neg_loss_2 = 0.0111, ref_loss = 0.0278, div_loss = 0.0076, 0.673 seconds/batch
2026-04-17 20:32:46,564 - Epoch 15, Batch 900, lr = 0.00006, final_loss = 3.8807, nll_loss = 3.7957, ref_nll_loss = 3.9657, ivc_loss = 0.0921, neg_loss_1 = 0.0167, neg_loss_2 = 0.0095, ref_loss = 0.0259, div_loss = 0.0080, 0.666 seconds/batch
2026-04-17 20:33:14,252 - Epoch 15, Batch 950, lr = 0.00006, final_loss = 3.9094, nll_loss = 3.8247, ref_nll_loss = 3.9942, ivc_loss = 0.0895, neg_loss_1 = 0.0136, neg_loss_2 = 0.0085, ref_loss = 0.0274, div_loss = 0.0080, 0.660 seconds/batch
2026-04-17 20:33:41,779 - Epoch 15, Batch 1000, lr = 0.00006, final_loss = 3.8970, nll_loss = 3.8120, ref_nll_loss = 3.9819, ivc_loss = 0.0899, neg_loss_1 = 0.0149, neg_loss_2 = 0.0106, ref_loss = 0.0272, div_loss = 0.0074, 0.654 seconds/batch
2026-04-17 20:34:09,299 - Epoch 15, Batch 1050, lr = 0.00006, final_loss = 3.9187, nll_loss = 3.8343, ref_nll_loss = 4.0031, ivc_loss = 0.0888, neg_loss_1 = 0.0136, neg_loss_2 = 0.0107, ref_loss = 0.0262, div_loss = 0.0076, 0.649 seconds/batch
2026-04-17 20:34:36,726 - Epoch 15, Batch 1100, lr = 0.00006, final_loss = 3.8570, nll_loss = 3.7705, ref_nll_loss = 3.9435, ivc_loss = 0.0870, neg_loss_1 = 0.0147, neg_loss_2 = 0.0113, ref_loss = 0.0255, div_loss = 0.0071, 0.645 seconds/batch
2026-04-17 20:35:04,180 - Epoch 15, Batch 1150, lr = 0.00006, final_loss = 3.9143, nll_loss = 3.8273, ref_nll_loss = 4.0012, ivc_loss = 0.0905, neg_loss_1 = 0.0166, neg_loss_2 = 0.0129, ref_loss = 0.0254, div_loss = 0.0071, 0.641 seconds/batch
2026-04-17 20:35:14,955 - Epoch 15, Batch 1170, lr = 0.00006, final_loss = 3.8417, nll_loss = 3.7524, ref_nll_loss = 3.9309, ivc_loss = 0.0867, neg_loss_1 = 0.0197, neg_loss_2 = 0.0088, ref_loss = 0.0223, div_loss = 0.0072, 0.639 seconds/batch
2026-04-17 20:35:15,026 - save model to checkpoints/activitynet_moe/cpl_moe/model-15.pt, num_updates 17550.
2026-04-17 20:40:53,279 - | R@1,mIoU 0.2937 | R@1,IoU@0.1 0.6871 | R@1,IoU@0.3 0.4980 | R@1,IoU@0.5 0.2087 | R@1,IoU@0.7 0.0668 | R@1,IoU@0.9 0.0078 | R@5,mIoU 0.5268 | R@5,IoU@0.1 0.9223 | R@5,IoU@0.3 0.7880 | R@5,IoU@0.5 0.5378 | R@5,IoU@0.7 0.3141 | R@5,IoU@0.9 0.0725 |
2026-04-17 20:40:53,355 - Best results have been updated.
2026-04-17 20:40:53,355 - ============================================================
2026-04-17 20:40:53,355 - Start Epoch 16
2026-04-17 20:41:33,441 - Epoch 16, Batch 50, lr = 0.00006, final_loss = 3.8918, nll_loss = 3.8074, ref_nll_loss = 3.9763, ivc_loss = 0.0894, neg_loss_1 = 0.0150, neg_loss_2 = 0.0105, ref_loss = 0.0260, div_loss = 0.0076, 0.802 seconds/batch
2026-04-17 20:42:13,717 - Epoch 16, Batch 100, lr = 0.00006, final_loss = 3.8671, nll_loss = 3.7813, ref_nll_loss = 3.9528, ivc_loss = 0.0898, neg_loss_1 = 0.0151, neg_loss_2 = 0.0105, ref_loss = 0.0270, div_loss = 0.0074, 0.804 seconds/batch
2026-04-17 20:42:51,687 - Epoch 16, Batch 150, lr = 0.00006, final_loss = 3.8689, nll_loss = 3.7826, ref_nll_loss = 3.9553, ivc_loss = 0.0892, neg_loss_1 = 0.0139, neg_loss_2 = 0.0140, ref_loss = 0.0246, div_loss = 0.0073, 0.789 seconds/batch
2026-04-17 20:43:25,859 - Epoch 16, Batch 200, lr = 0.00006, final_loss = 3.8524, nll_loss = 3.7656, ref_nll_loss = 3.9392, ivc_loss = 0.0893, neg_loss_1 = 0.0161, neg_loss_2 = 0.0115, ref_loss = 0.0268, div_loss = 0.0070, 0.763 seconds/batch
2026-04-17 20:43:59,847 - Epoch 16, Batch 250, lr = 0.00006, final_loss = 3.8984, nll_loss = 3.8135, ref_nll_loss = 3.9833, ivc_loss = 0.0951, neg_loss_1 = 0.0199, neg_loss_2 = 0.0117, ref_loss = 0.0274, div_loss = 0.0072, 0.746 seconds/batch
2026-04-17 20:44:33,759 - Epoch 16, Batch 300, lr = 0.00006, final_loss = 3.9091, nll_loss = 3.8226, ref_nll_loss = 3.9957, ivc_loss = 0.0886, neg_loss_1 = 0.0151, neg_loss_2 = 0.0130, ref_loss = 0.0248, div_loss = 0.0071, 0.735 seconds/batch
2026-04-17 20:45:07,728 - Epoch 16, Batch 350, lr = 0.00006, final_loss = 3.8597, nll_loss = 3.7717, ref_nll_loss = 3.9476, ivc_loss = 0.0889, neg_loss_1 = 0.0164, neg_loss_2 = 0.0109, ref_loss = 0.0265, div_loss = 0.0070, 0.727 seconds/batch
2026-04-17 20:45:41,870 - Epoch 16, Batch 400, lr = 0.00006, final_loss = 3.8453, nll_loss = 3.7557, ref_nll_loss = 3.9349, ivc_loss = 0.0877, neg_loss_1 = 0.0145, neg_loss_2 = 0.0111, ref_loss = 0.0246, div_loss = 0.0075, 0.721 seconds/batch
2026-04-17 20:46:15,532 - Epoch 16, Batch 450, lr = 0.00006, final_loss = 3.8764, nll_loss = 3.7900, ref_nll_loss = 3.9627, ivc_loss = 0.0897, neg_loss_1 = 0.0164, neg_loss_2 = 0.0105, ref_loss = 0.0264, div_loss = 0.0073, 0.716 seconds/batch
2026-04-17 20:46:49,341 - Epoch 16, Batch 500, lr = 0.00006, final_loss = 3.8545, nll_loss = 3.7693, ref_nll_loss = 3.9396, ivc_loss = 0.0871, neg_loss_1 = 0.0140, neg_loss_2 = 0.0111, ref_loss = 0.0256, div_loss = 0.0073, 0.712 seconds/batch
2026-04-17 20:47:23,009 - Epoch 16, Batch 550, lr = 0.00006, final_loss = 3.8918, nll_loss = 3.8058, ref_nll_loss = 3.9779, ivc_loss = 0.0875, neg_loss_1 = 0.0142, neg_loss_2 = 0.0102, ref_loss = 0.0255, div_loss = 0.0075, 0.708 seconds/batch
2026-04-17 20:47:57,029 - Epoch 16, Batch 600, lr = 0.00006, final_loss = 3.8779, nll_loss = 3.7903, ref_nll_loss = 3.9655, ivc_loss = 0.0918, neg_loss_1 = 0.0158, neg_loss_2 = 0.0125, ref_loss = 0.0251, div_loss = 0.0077, 0.706 seconds/batch
2026-04-17 20:48:31,800 - Epoch 16, Batch 650, lr = 0.00006, final_loss = 3.9007, nll_loss = 3.8149, ref_nll_loss = 3.9864, ivc_loss = 0.0929, neg_loss_1 = 0.0155, neg_loss_2 = 0.0120, ref_loss = 0.0270, div_loss = 0.0077, 0.705 seconds/batch
2026-04-17 20:49:07,088 - Epoch 16, Batch 700, lr = 0.00006, final_loss = 3.8613, nll_loss = 3.7730, ref_nll_loss = 3.9496, ivc_loss = 0.0920, neg_loss_1 = 0.0182, neg_loss_2 = 0.0120, ref_loss = 0.0239, div_loss = 0.0076, 0.705 seconds/batch
2026-04-17 20:49:36,237 - Epoch 16, Batch 750, lr = 0.00006, final_loss = 3.8468, nll_loss = 3.7626, ref_nll_loss = 3.9311, ivc_loss = 0.0943, neg_loss_1 = 0.0188, neg_loss_2 = 0.0118, ref_loss = 0.0279, div_loss = 0.0072, 0.697 seconds/batch
2026-04-17 20:50:03,545 - Epoch 16, Batch 800, lr = 0.00006, final_loss = 3.8774, nll_loss = 3.7913, ref_nll_loss = 3.9634, ivc_loss = 0.0904, neg_loss_1 = 0.0163, neg_loss_2 = 0.0120, ref_loss = 0.0271, div_loss = 0.0070, 0.688 seconds/batch
2026-04-17 20:50:31,105 - Epoch 16, Batch 850, lr = 0.00006, final_loss = 3.8648, nll_loss = 3.7787, ref_nll_loss = 3.9508, ivc_loss = 0.0908, neg_loss_1 = 0.0155, neg_loss_2 = 0.0141, ref_loss = 0.0257, div_loss = 0.0071, 0.680 seconds/batch
2026-04-17 20:50:58,678 - Epoch 16, Batch 900, lr = 0.00006, final_loss = 3.8711, nll_loss = 3.7839, ref_nll_loss = 3.9583, ivc_loss = 0.0895, neg_loss_1 = 0.0163, neg_loss_2 = 0.0111, ref_loss = 0.0267, div_loss = 0.0071, 0.673 seconds/batch
2026-04-17 20:51:26,184 - Epoch 16, Batch 950, lr = 0.00006, final_loss = 3.8900, nll_loss = 3.8046, ref_nll_loss = 3.9754, ivc_loss = 0.0941, neg_loss_1 = 0.0165, neg_loss_2 = 0.0127, ref_loss = 0.0276, div_loss = 0.0074, 0.666 seconds/batch
2026-04-17 20:51:53,680 - Epoch 16, Batch 1000, lr = 0.00006, final_loss = 3.9026, nll_loss = 3.8160, ref_nll_loss = 3.9892, ivc_loss = 0.0898, neg_loss_1 = 0.0165, neg_loss_2 = 0.0122, ref_loss = 0.0242, div_loss = 0.0074, 0.660 seconds/batch
2026-04-17 20:52:21,140 - Epoch 16, Batch 1050, lr = 0.00006, final_loss = 3.8778, nll_loss = 3.7890, ref_nll_loss = 3.9665, ivc_loss = 0.0872, neg_loss_1 = 0.0153, neg_loss_2 = 0.0089, ref_loss = 0.0243, div_loss = 0.0077, 0.655 seconds/batch
2026-04-17 20:52:48,536 - Epoch 16, Batch 1100, lr = 0.00006, final_loss = 3.8589, nll_loss = 3.7745, ref_nll_loss = 3.9433, ivc_loss = 0.0935, neg_loss_1 = 0.0165, neg_loss_2 = 0.0123, ref_loss = 0.0273, div_loss = 0.0075, 0.650 seconds/batch
2026-04-17 20:53:15,878 - Epoch 16, Batch 1150, lr = 0.00006, final_loss = 3.8746, nll_loss = 3.7887, ref_nll_loss = 3.9605, ivc_loss = 0.0913, neg_loss_1 = 0.0155, neg_loss_2 = 0.0106, ref_loss = 0.0274, div_loss = 0.0076, 0.646 seconds/batch
2026-04-17 20:53:26,709 - Epoch 16, Batch 1170, lr = 0.00006, final_loss = 3.8344, nll_loss = 3.7460, ref_nll_loss = 3.9229, ivc_loss = 0.0910, neg_loss_1 = 0.0191, neg_loss_2 = 0.0109, ref_loss = 0.0226, div_loss = 0.0077, 0.644 seconds/batch
2026-04-17 20:53:26,789 - save model to checkpoints/activitynet_moe/cpl_moe/model-16.pt, num_updates 18720.
2026-04-17 20:58:59,882 - | R@1,mIoU 0.2790 | R@1,IoU@0.1 0.6589 | R@1,IoU@0.3 0.4823 | R@1,IoU@0.5 0.1924 | R@1,IoU@0.7 0.0534 | R@1,IoU@0.9 0.0046 | R@5,mIoU 0.5274 | R@5,IoU@0.1 0.9191 | R@5,IoU@0.3 0.7871 | R@5,IoU@0.5 0.5410 | R@5,IoU@0.7 0.3166 | R@5,IoU@0.9 0.0713 |
2026-04-17 20:58:59,884 - ============================================================
2026-04-17 20:58:59,884 - Start Epoch 17
2026-04-17 20:59:39,837 - Epoch 17, Batch 50, lr = 0.00006, final_loss = 3.8508, nll_loss = 3.7634, ref_nll_loss = 3.9381, ivc_loss = 0.0929, neg_loss_1 = 0.0182, neg_loss_2 = 0.0121, ref_loss = 0.0259, div_loss = 0.0073, 0.799 seconds/batch
2026-04-17 21:00:19,664 - Epoch 17, Batch 100, lr = 0.00006, final_loss = 3.8819, nll_loss = 3.7984, ref_nll_loss = 3.9655, ivc_loss = 0.0862, neg_loss_1 = 0.0141, neg_loss_2 = 0.0086, ref_loss = 0.0257, div_loss = 0.0076, 0.798 seconds/batch
2026-04-17 21:00:57,848 - Epoch 17, Batch 150, lr = 0.00006, final_loss = 3.8336, nll_loss = 3.7467, ref_nll_loss = 3.9204, ivc_loss = 0.0897, neg_loss_1 = 0.0159, neg_loss_2 = 0.0103, ref_loss = 0.0239, div_loss = 0.0079, 0.786 seconds/batch
2026-04-17 21:01:31,896 - Epoch 17, Batch 200, lr = 0.00006, final_loss = 3.8801, nll_loss = 3.7943, ref_nll_loss = 3.9659, ivc_loss = 0.0915, neg_loss_1 = 0.0131, neg_loss_2 = 0.0115, ref_loss = 0.0266, div_loss = 0.0080, 0.760 seconds/batch
2026-04-17 21:02:05,894 - Epoch 17, Batch 250, lr = 0.00006, final_loss = 3.8431, nll_loss = 3.7529, ref_nll_loss = 3.9334, ivc_loss = 0.0885, neg_loss_1 = 0.0150, neg_loss_2 = 0.0100, ref_loss = 0.0238, div_loss = 0.0079, 0.744 seconds/batch
2026-04-17 21:02:39,692 - Epoch 17, Batch 300, lr = 0.00006, final_loss = 3.8778, nll_loss = 3.7916, ref_nll_loss = 3.9639, ivc_loss = 0.0936, neg_loss_1 = 0.0180, neg_loss_2 = 0.0116, ref_loss = 0.0260, div_loss = 0.0076, 0.733 seconds/batch
2026-04-17 21:03:13,456 - Epoch 17, Batch 350, lr = 0.00006, final_loss = 3.8683, nll_loss = 3.7816, ref_nll_loss = 3.9550, ivc_loss = 0.0900, neg_loss_1 = 0.0155, neg_loss_2 = 0.0102, ref_loss = 0.0265, div_loss = 0.0075, 0.724 seconds/batch
2026-04-17 21:03:47,959 - Epoch 17, Batch 400, lr = 0.00006, final_loss = 3.8826, nll_loss = 3.7966, ref_nll_loss = 3.9686, ivc_loss = 0.0930, neg_loss_1 = 0.0190, neg_loss_2 = 0.0101, ref_loss = 0.0271, div_loss = 0.0074, 0.720 seconds/batch
2026-04-17 21:04:22,409 - Epoch 17, Batch 450, lr = 0.00006, final_loss = 3.8441, nll_loss = 3.7583, ref_nll_loss = 3.9299, ivc_loss = 0.0929, neg_loss_1 = 0.0173, neg_loss_2 = 0.0124, ref_loss = 0.0250, div_loss = 0.0076, 0.717 seconds/batch
2026-04-17 21:04:56,246 - Epoch 17, Batch 500, lr = 0.00006, final_loss = 3.8475, nll_loss = 3.7621, ref_nll_loss = 3.9330, ivc_loss = 0.0954, neg_loss_1 = 0.0173, neg_loss_2 = 0.0110, ref_loss = 0.0259, div_loss = 0.0082, 0.713 seconds/batch
2026-04-17 21:05:30,309 - Epoch 17, Batch 550, lr = 0.00006, final_loss = 3.8819, nll_loss = 3.7956, ref_nll_loss = 3.9682, ivc_loss = 0.0907, neg_loss_1 = 0.0142, neg_loss_2 = 0.0106, ref_loss = 0.0259, div_loss = 0.0080, 0.710 seconds/batch
2026-04-17 21:06:04,316 - Epoch 17, Batch 600, lr = 0.00006, final_loss = 3.8508, nll_loss = 3.7624, ref_nll_loss = 3.9392, ivc_loss = 0.0895, neg_loss_1 = 0.0145, neg_loss_2 = 0.0105, ref_loss = 0.0267, div_loss = 0.0076, 0.707 seconds/batch
2026-04-17 21:06:38,757 - Epoch 17, Batch 650, lr = 0.00006, final_loss = 3.8203, nll_loss = 3.7361, ref_nll_loss = 3.9044, ivc_loss = 0.0892, neg_loss_1 = 0.0160, neg_loss_2 = 0.0111, ref_loss = 0.0257, div_loss = 0.0073, 0.706 seconds/batch
2026-04-17 21:07:16,125 - Epoch 17, Batch 700, lr = 0.00006, final_loss = 3.8432, nll_loss = 3.7576, ref_nll_loss = 3.9288, ivc_loss = 0.0910, neg_loss_1 = 0.0169, neg_loss_2 = 0.0125, ref_loss = 0.0262, div_loss = 0.0071, 0.709 seconds/batch
2026-04-17 21:07:48,184 - Epoch 17, Batch 750, lr = 0.00006, final_loss = 3.8472, nll_loss = 3.7590, ref_nll_loss = 3.9354, ivc_loss = 0.0887, neg_loss_1 = 0.0183, neg_loss_2 = 0.0106, ref_loss = 0.0244, div_loss = 0.0071, 0.704 seconds/batch
2026-04-17 21:08:15,549 - Epoch 17, Batch 800, lr = 0.00006, final_loss = 3.8509, nll_loss = 3.7661, ref_nll_loss = 3.9358, ivc_loss = 0.0911, neg_loss_1 = 0.0173, neg_loss_2 = 0.0113, ref_loss = 0.0262, div_loss = 0.0073, 0.695 seconds/batch
2026-04-17 21:08:43,153 - Epoch 17, Batch 850, lr = 0.00006, final_loss = 3.8703, nll_loss = 3.7835, ref_nll_loss = 3.9571, ivc_loss = 0.0905, neg_loss_1 = 0.0187, neg_loss_2 = 0.0117, ref_loss = 0.0251, div_loss = 0.0070, 0.686 seconds/batch
2026-04-17 21:09:10,801 - Epoch 17, Batch 900, lr = 0.00006, final_loss = 3.8830, nll_loss = 3.7932, ref_nll_loss = 3.9729, ivc_loss = 0.0892, neg_loss_1 = 0.0165, neg_loss_2 = 0.0123, ref_loss = 0.0235, div_loss = 0.0074, 0.679 seconds/batch
2026-04-17 21:09:38,211 - Epoch 17, Batch 950, lr = 0.00006, final_loss = 3.8748, nll_loss = 3.7877, ref_nll_loss = 3.9620, ivc_loss = 0.0954, neg_loss_1 = 0.0190, neg_loss_2 = 0.0124, ref_loss = 0.0269, div_loss = 0.0074, 0.672 seconds/batch
2026-04-17 21:10:05,965 - Epoch 17, Batch 1000, lr = 0.00006, final_loss = 3.8862, nll_loss = 3.8004, ref_nll_loss = 3.9720, ivc_loss = 0.0916, neg_loss_1 = 0.0152, neg_loss_2 = 0.0114, ref_loss = 0.0265, div_loss = 0.0077, 0.666 seconds/batch
2026-04-17 21:10:33,591 - Epoch 17, Batch 1050, lr = 0.00006, final_loss = 3.8227, nll_loss = 3.7381, ref_nll_loss = 3.9074, ivc_loss = 0.0952, neg_loss_1 = 0.0176, neg_loss_2 = 0.0100, ref_loss = 0.0274, div_loss = 0.0080, 0.661 seconds/batch
2026-04-17 21:11:01,061 - Epoch 17, Batch 1100, lr = 0.00006, final_loss = 3.8488, nll_loss = 3.7622, ref_nll_loss = 3.9355, ivc_loss = 0.0925, neg_loss_1 = 0.0174, neg_loss_2 = 0.0113, ref_loss = 0.0253, div_loss = 0.0077, 0.656 seconds/batch
2026-04-17 21:11:28,663 - Epoch 17, Batch 1150, lr = 0.00006, final_loss = 3.8729, nll_loss = 3.7863, ref_nll_loss = 3.9595, ivc_loss = 0.0894, neg_loss_1 = 0.0159, neg_loss_2 = 0.0110, ref_loss = 0.0255, div_loss = 0.0074, 0.651 seconds/batch
2026-04-17 21:11:39,464 - Epoch 17, Batch 1170, lr = 0.00006, final_loss = 3.8586, nll_loss = 3.7653, ref_nll_loss = 3.9518, ivc_loss = 0.0860, neg_loss_1 = 0.0166, neg_loss_2 = 0.0098, ref_loss = 0.0223, div_loss = 0.0075, 0.649 seconds/batch
2026-04-17 21:11:39,536 - save model to checkpoints/activitynet_moe/cpl_moe/model-17.pt, num_updates 19890.
2026-04-17 21:17:08,094 - | R@1,mIoU 0.2793 | R@1,IoU@0.1 0.6681 | R@1,IoU@0.3 0.4784 | R@1,IoU@0.5 0.1892 | R@1,IoU@0.7 0.0511 | R@1,IoU@0.9 0.0029 | R@5,mIoU 0.5291 | R@5,IoU@0.1 0.9210 | R@5,IoU@0.3 0.7872 | R@5,IoU@0.5 0.5421 | R@5,IoU@0.7 0.3192 | R@5,IoU@0.9 0.0733 |
2026-04-17 21:17:08,096 - ============================================================
2026-04-17 21:17:08,096 - Start Epoch 18
2026-04-17 21:17:48,059 - Epoch 18, Batch 50, lr = 0.00006, final_loss = 3.8428, nll_loss = 3.7558, ref_nll_loss = 3.9299, ivc_loss = 0.0944, neg_loss_1 = 0.0185, neg_loss_2 = 0.0115, ref_loss = 0.0265, div_loss = 0.0076, 0.799 seconds/batch
2026-04-17 21:18:27,569 - Epoch 18, Batch 100, lr = 0.00006, final_loss = 3.8414, nll_loss = 3.7560, ref_nll_loss = 3.9267, ivc_loss = 0.0969, neg_loss_1 = 0.0172, neg_loss_2 = 0.0141, ref_loss = 0.0288, div_loss = 0.0074, 0.795 seconds/batch
2026-04-17 21:19:05,783 - Epoch 18, Batch 150, lr = 0.00006, final_loss = 3.8326, nll_loss = 3.7470, ref_nll_loss = 3.9182, ivc_loss = 0.0926, neg_loss_1 = 0.0174, neg_loss_2 = 0.0128, ref_loss = 0.0248, div_loss = 0.0075, 0.785 seconds/batch
2026-04-17 21:19:39,742 - Epoch 18, Batch 200, lr = 0.00006, final_loss = 3.8296, nll_loss = 3.7429, ref_nll_loss = 3.9164, ivc_loss = 0.0920, neg_loss_1 = 0.0175, neg_loss_2 = 0.0115, ref_loss = 0.0249, div_loss = 0.0076, 0.758 seconds/batch
2026-04-17 21:20:13,548 - Epoch 18, Batch 250, lr = 0.00006, final_loss = 3.8493, nll_loss = 3.7631, ref_nll_loss = 3.9355, ivc_loss = 0.0929, neg_loss_1 = 0.0168, neg_loss_2 = 0.0118, ref_loss = 0.0272, div_loss = 0.0074, 0.742 seconds/batch
2026-04-17 21:20:47,481 - Epoch 18, Batch 300, lr = 0.00006, final_loss = 3.8336, nll_loss = 3.7487, ref_nll_loss = 3.9186, ivc_loss = 0.0956, neg_loss_1 = 0.0179, neg_loss_2 = 0.0130, ref_loss = 0.0291, div_loss = 0.0071, 0.731 seconds/batch
2026-04-17 21:21:21,514 - Epoch 18, Batch 350, lr = 0.00006, final_loss = 3.8505, nll_loss = 3.7596, ref_nll_loss = 3.9414, ivc_loss = 0.0887, neg_loss_1 = 0.0166, neg_loss_2 = 0.0103, ref_loss = 0.0244, div_loss = 0.0075, 0.724 seconds/batch
2026-04-17 21:21:55,689 - Epoch 18, Batch 400, lr = 0.00006, final_loss = 3.8179, nll_loss = 3.7338, ref_nll_loss = 3.9020, ivc_loss = 0.0905, neg_loss_1 = 0.0159, neg_loss_2 = 0.0097, ref_loss = 0.0262, div_loss = 0.0077, 0.719 seconds/batch
2026-04-17 21:22:29,525 - Epoch 18, Batch 450, lr = 0.00006, final_loss = 3.8646, nll_loss = 3.7768, ref_nll_loss = 3.9523, ivc_loss = 0.0956, neg_loss_1 = 0.0169, neg_loss_2 = 0.0107, ref_loss = 0.0285, div_loss = 0.0079, 0.714 seconds/batch
2026-04-17 21:23:03,430 - Epoch 18, Batch 500, lr = 0.00006, final_loss = 3.8392, nll_loss = 3.7494, ref_nll_loss = 3.9291, ivc_loss = 0.0933, neg_loss_1 = 0.0170, neg_loss_2 = 0.0109, ref_loss = 0.0254, div_loss = 0.0080, 0.711 seconds/batch
2026-04-17 21:23:37,224 - Epoch 18, Batch 550, lr = 0.00006, final_loss = 3.8305, nll_loss = 3.7415, ref_nll_loss = 3.9196, ivc_loss = 0.0912, neg_loss_1 = 0.0178, neg_loss_2 = 0.0101, ref_loss = 0.0249, div_loss = 0.0077, 0.708 seconds/batch
2026-04-17 21:24:11,197 - Epoch 18, Batch 600, lr = 0.00006, final_loss = 3.8371, nll_loss = 3.7461, ref_nll_loss = 3.9282, ivc_loss = 0.0891, neg_loss_1 = 0.0176, neg_loss_2 = 0.0106, ref_loss = 0.0220, div_loss = 0.0078, 0.705 seconds/batch
2026-04-17 21:24:45,348 - Epoch 18, Batch 650, lr = 0.00006, final_loss = 3.8404, nll_loss = 3.7530, ref_nll_loss = 3.9278, ivc_loss = 0.1085, neg_loss_1 = 0.0188, neg_loss_2 = 0.0108, ref_loss = 0.0274, div_loss = 0.0103, 0.703 seconds/batch
2026-04-17 21:25:25,082 - Epoch 18, Batch 700, lr = 0.00006, final_loss = 3.8476, nll_loss = 3.7624, ref_nll_loss = 3.9327, ivc_loss = 0.1054, neg_loss_1 = 0.0191, neg_loss_2 = 0.0123, ref_loss = 0.0258, div_loss = 0.0096, 0.710 seconds/batch
2026-04-17 21:25:59,710 - Epoch 18, Batch 750, lr = 0.00006, final_loss = 3.8628, nll_loss = 3.7769, ref_nll_loss = 3.9486, ivc_loss = 0.1015, neg_loss_1 = 0.0203, neg_loss_2 = 0.0118, ref_loss = 0.0283, div_loss = 0.0082, 0.709 seconds/batch
2026-04-17 21:26:27,579 - Epoch 18, Batch 800, lr = 0.00006, final_loss = 3.8621, nll_loss = 3.7722, ref_nll_loss = 3.9521, ivc_loss = 0.0959, neg_loss_1 = 0.0172, neg_loss_2 = 0.0116, ref_loss = 0.0258, div_loss = 0.0083, 0.699 seconds/batch
2026-04-17 21:26:55,270 - Epoch 18, Batch 850, lr = 0.00006, final_loss = 3.8576, nll_loss = 3.7701, ref_nll_loss = 3.9451, ivc_loss = 0.0997, neg_loss_1 = 0.0185, neg_loss_2 = 0.0117, ref_loss = 0.0257, div_loss = 0.0088, 0.691 seconds/batch
2026-04-17 21:27:22,731 - Epoch 18, Batch 900, lr = 0.00006, final_loss = 3.8804, nll_loss = 3.7892, ref_nll_loss = 3.9716, ivc_loss = 0.0926, neg_loss_1 = 0.0156, neg_loss_2 = 0.0111, ref_loss = 0.0239, div_loss = 0.0084, 0.683 seconds/batch
2026-04-17 21:27:50,251 - Epoch 18, Batch 950, lr = 0.00006, final_loss = 3.8174, nll_loss = 3.7283, ref_nll_loss = 3.9065, ivc_loss = 0.0963, neg_loss_1 = 0.0198, neg_loss_2 = 0.0097, ref_loss = 0.0254, div_loss = 0.0083, 0.676 seconds/batch
2026-04-17 21:28:17,898 - Epoch 18, Batch 1000, lr = 0.00006, final_loss = 3.8561, nll_loss = 3.7644, ref_nll_loss = 3.9478, ivc_loss = 0.0907, neg_loss_1 = 0.0157, neg_loss_2 = 0.0112, ref_loss = 0.0211, div_loss = 0.0085, 0.670 seconds/batch
2026-04-17 21:28:45,418 - Epoch 18, Batch 1050, lr = 0.00006, final_loss = 3.8120, nll_loss = 3.7238, ref_nll_loss = 3.9001, ivc_loss = 0.0951, neg_loss_1 = 0.0191, neg_loss_2 = 0.0100, ref_loss = 0.0260, div_loss = 0.0080, 0.664 seconds/batch
2026-04-17 21:29:13,061 - Epoch 18, Batch 1100, lr = 0.00006, final_loss = 3.8509, nll_loss = 3.7615, ref_nll_loss = 3.9404, ivc_loss = 0.0953, neg_loss_1 = 0.0185, neg_loss_2 = 0.0118, ref_loss = 0.0267, div_loss = 0.0077, 0.659 seconds/batch
2026-04-17 21:29:40,422 - Epoch 18, Batch 1150, lr = 0.00006, final_loss = 3.8694, nll_loss = 3.7793, ref_nll_loss = 3.9596, ivc_loss = 0.0934, neg_loss_1 = 0.0177, neg_loss_2 = 0.0110, ref_loss = 0.0249, div_loss = 0.0079, 0.654 seconds/batch
2026-04-17 21:29:51,320 - Epoch 18, Batch 1170, lr = 0.00006, final_loss = 3.8393, nll_loss = 3.7505, ref_nll_loss = 3.9282, ivc_loss = 0.0956, neg_loss_1 = 0.0156, neg_loss_2 = 0.0120, ref_loss = 0.0256, div_loss = 0.0085, 0.652 seconds/batch
2026-04-17 21:29:51,392 - save model to checkpoints/activitynet_moe/cpl_moe/model-18.pt, num_updates 21060.
2026-04-17 21:35:18,170 - | R@1,mIoU 0.3052 | R@1,IoU@0.1 0.7170 | R@1,IoU@0.3 0.5202 | R@1,IoU@0.5 0.2156 | R@1,IoU@0.7 0.0643 | R@1,IoU@0.9 0.0058 | R@5,mIoU 0.5277 | R@5,IoU@0.1 0.9220 | R@5,IoU@0.3 0.7887 | R@5,IoU@0.5 0.5394 | R@5,IoU@0.7 0.3160 | R@5,IoU@0.9 0.0694 |
2026-04-17 21:35:18,249 - Best results have been updated.
2026-04-17 21:35:18,250 - ============================================================
2026-04-17 21:35:18,250 - Start Epoch 19
2026-04-17 21:35:58,556 - Epoch 19, Batch 50, lr = 0.00006, final_loss = 3.8333, nll_loss = 3.7442, ref_nll_loss = 3.9225, ivc_loss = 0.0924, neg_loss_1 = 0.0175, neg_loss_2 = 0.0107, ref_loss = 0.0257, div_loss = 0.0077, 0.806 seconds/batch
2026-04-17 21:36:38,143 - Epoch 19, Batch 100, lr = 0.00005, final_loss = 3.8176, nll_loss = 3.7269, ref_nll_loss = 3.9082, ivc_loss = 0.0908, neg_loss_1 = 0.0194, neg_loss_2 = 0.0099, ref_loss = 0.0236, div_loss = 0.0076, 0.799 seconds/batch
2026-04-17 21:37:16,284 - Epoch 19, Batch 150, lr = 0.00005, final_loss = 3.8323, nll_loss = 3.7419, ref_nll_loss = 3.9227, ivc_loss = 0.0925, neg_loss_1 = 0.0188, neg_loss_2 = 0.0105, ref_loss = 0.0243, div_loss = 0.0078, 0.787 seconds/batch
2026-04-17 21:37:49,721 - Epoch 19, Batch 200, lr = 0.00005, final_loss = 3.8098, nll_loss = 3.7212, ref_nll_loss = 3.8985, ivc_loss = 0.0996, neg_loss_1 = 0.0195, neg_loss_2 = 0.0113, ref_loss = 0.0270, div_loss = 0.0083, 0.757 seconds/batch
2026-04-17 21:38:23,538 - Epoch 19, Batch 250, lr = 0.00005, final_loss = 3.8194, nll_loss = 3.7315, ref_nll_loss = 3.9072, ivc_loss = 0.0979, neg_loss_1 = 0.0163, neg_loss_2 = 0.0109, ref_loss = 0.0263, div_loss = 0.0089, 0.741 seconds/batch
2026-04-17 21:38:57,387 - Epoch 19, Batch 300, lr = 0.00005, final_loss = 3.8170, nll_loss = 3.7258, ref_nll_loss = 3.9082, ivc_loss = 0.0945, neg_loss_1 = 0.0158, neg_loss_2 = 0.0113, ref_loss = 0.0264, div_loss = 0.0082, 0.730 seconds/batch
2026-04-17 21:39:31,544 - Epoch 19, Batch 350, lr = 0.00005, final_loss = 3.8112, nll_loss = 3.7210, ref_nll_loss = 3.9015, ivc_loss = 0.0945, neg_loss_1 = 0.0153, neg_loss_2 = 0.0113, ref_loss = 0.0267, div_loss = 0.0082, 0.724 seconds/batch
2026-04-17 21:40:05,746 - Epoch 19, Batch 400, lr = 0.00005, final_loss = 3.8555, nll_loss = 3.7653, ref_nll_loss = 3.9457, ivc_loss = 0.0929, neg_loss_1 = 0.0166, neg_loss_2 = 0.0116, ref_loss = 0.0251, div_loss = 0.0079, 0.719 seconds/batch
2026-04-17 21:40:39,553 - Epoch 19, Batch 450, lr = 0.00005, final_loss = 3.8185, nll_loss = 3.7277, ref_nll_loss = 3.9093, ivc_loss = 0.0910, neg_loss_1 = 0.0168, neg_loss_2 = 0.0105, ref_loss = 0.0248, div_loss = 0.0078, 0.714 seconds/batch
2026-04-17 21:41:13,589 - Epoch 19, Batch 500, lr = 0.00005, final_loss = 3.8128, nll_loss = 3.7236, ref_nll_loss = 3.9020, ivc_loss = 0.0926, neg_loss_1 = 0.0169, neg_loss_2 = 0.0120, ref_loss = 0.0255, div_loss = 0.0076, 0.711 seconds/batch
2026-04-17 21:41:47,594 - Epoch 19, Batch 550, lr = 0.00005, final_loss = 3.8234, nll_loss = 3.7309, ref_nll_loss = 3.9159, ivc_loss = 0.0927, neg_loss_1 = 0.0169, neg_loss_2 = 0.0111, ref_loss = 0.0243, div_loss = 0.0081, 0.708 seconds/batch
2026-04-17 21:42:21,779 - Epoch 19, Batch 600, lr = 0.00005, final_loss = 3.8383, nll_loss = 3.7477, ref_nll_loss = 3.9289, ivc_loss = 0.0909, neg_loss_1 = 0.0154, neg_loss_2 = 0.0103, ref_loss = 0.0208, div_loss = 0.0089, 0.706 seconds/batch
2026-04-17 21:42:55,911 - Epoch 19, Batch 650, lr = 0.00005, final_loss = 3.8235, nll_loss = 3.7363, ref_nll_loss = 3.9106, ivc_loss = 0.0956, neg_loss_1 = 0.0193, neg_loss_2 = 0.0105, ref_loss = 0.0260, div_loss = 0.0080, 0.704 seconds/batch
2026-04-17 21:43:34,949 - Epoch 19, Batch 700, lr = 0.00005, final_loss = 3.8394, nll_loss = 3.7488, ref_nll_loss = 3.9300, ivc_loss = 0.0939, neg_loss_1 = 0.0178, neg_loss_2 = 0.0129, ref_loss = 0.0253, div_loss = 0.0076, 0.710 seconds/batch
2026-04-17 21:44:10,528 - Epoch 19, Batch 750, lr = 0.00005, final_loss = 3.8194, nll_loss = 3.7294, ref_nll_loss = 3.9093, ivc_loss = 0.0948, neg_loss_1 = 0.0171, neg_loss_2 = 0.0116, ref_loss = 0.0266, div_loss = 0.0079, 0.710 seconds/batch
2026-04-17 21:44:40,477 - Epoch 19, Batch 800, lr = 0.00005, final_loss = 3.8159, nll_loss = 3.7238, ref_nll_loss = 3.9081, ivc_loss = 0.0952, neg_loss_1 = 0.0175, neg_loss_2 = 0.0106, ref_loss = 0.0253, div_loss = 0.0084, 0.703 seconds/batch
2026-04-17 21:45:08,276 - Epoch 19, Batch 850, lr = 0.00005, final_loss = 3.8253, nll_loss = 3.7350, ref_nll_loss = 3.9156, ivc_loss = 0.0929, neg_loss_1 = 0.0172, neg_loss_2 = 0.0107, ref_loss = 0.0246, div_loss = 0.0081, 0.694 seconds/batch
2026-04-17 21:45:35,915 - Epoch 19, Batch 900, lr = 0.00005, final_loss = 3.8246, nll_loss = 3.7374, ref_nll_loss = 3.9118, ivc_loss = 0.0922, neg_loss_1 = 0.0174, neg_loss_2 = 0.0087, ref_loss = 0.0257, div_loss = 0.0081, 0.686 seconds/batch
2026-04-17 21:46:03,702 - Epoch 19, Batch 950, lr = 0.00005, final_loss = 3.8148, nll_loss = 3.7227, ref_nll_loss = 3.9069, ivc_loss = 0.0880, neg_loss_1 = 0.0158, neg_loss_2 = 0.0104, ref_loss = 0.0229, div_loss = 0.0078, 0.679 seconds/batch
2026-04-17 21:46:31,247 - Epoch 19, Batch 1000, lr = 0.00005, final_loss = 3.8663, nll_loss = 3.7810, ref_nll_loss = 3.9517, ivc_loss = 0.0978, neg_loss_1 = 0.0196, neg_loss_2 = 0.0138, ref_loss = 0.0263, div_loss = 0.0076, 0.673 seconds/batch
2026-04-17 21:46:58,612 - Epoch 19, Batch 1050, lr = 0.00005, final_loss = 3.8682, nll_loss = 3.7792, ref_nll_loss = 3.9572, ivc_loss = 0.0968, neg_loss_1 = 0.0185, neg_loss_2 = 0.0131, ref_loss = 0.0254, div_loss = 0.0080, 0.667 seconds/batch
2026-04-17 21:47:25,970 - Epoch 19, Batch 1100, lr = 0.00005, final_loss = 3.8223, nll_loss = 3.7330, ref_nll_loss = 3.9117, ivc_loss = 0.0942, neg_loss_1 = 0.0173, neg_loss_2 = 0.0117, ref_loss = 0.0251, div_loss = 0.0080, 0.662 seconds/batch
2026-04-17 21:47:53,301 - Epoch 19, Batch 1150, lr = 0.00005, final_loss = 3.8375, nll_loss = 3.7482, ref_nll_loss = 3.9267, ivc_loss = 0.0918, neg_loss_1 = 0.0147, neg_loss_2 = 0.0110, ref_loss = 0.0251, div_loss = 0.0082, 0.657 seconds/batch
2026-04-17 21:48:04,133 - Epoch 19, Batch 1170, lr = 0.00005, final_loss = 3.8497, nll_loss = 3.7574, ref_nll_loss = 3.9421, ivc_loss = 0.0919, neg_loss_1 = 0.0166, neg_loss_2 = 0.0089, ref_loss = 0.0247, div_loss = 0.0083, 0.655 seconds/batch
2026-04-17 21:48:04,208 - save model to checkpoints/activitynet_moe/cpl_moe/model-19.pt, num_updates 22230.
2026-04-17 21:53:26,823 - | R@1,mIoU 0.2906 | R@1,IoU@0.1 0.6829 | R@1,IoU@0.3 0.4983 | R@1,IoU@0.5 0.2038 | R@1,IoU@0.7 0.0587 | R@1,IoU@0.9 0.0050 | R@5,mIoU 0.5267 | R@5,IoU@0.1 0.9182 | R@5,IoU@0.3 0.7857 | R@5,IoU@0.5 0.5411 | R@5,IoU@0.7 0.3171 | R@5,IoU@0.9 0.0701 |
2026-04-17 21:53:26,823 - ============================================================
2026-04-17 21:53:26,823 - Start Epoch 20
2026-04-17 21:54:06,645 - Epoch 20, Batch 50, lr = 0.00005, final_loss = 3.8030, nll_loss = 3.7108, ref_nll_loss = 3.8952, ivc_loss = 0.0915, neg_loss_1 = 0.0167, neg_loss_2 = 0.0102, ref_loss = 0.0245, div_loss = 0.0080, 0.796 seconds/batch
2026-04-17 21:54:46,422 - Epoch 20, Batch 100, lr = 0.00005, final_loss = 3.8326, nll_loss = 3.7422, ref_nll_loss = 3.9230, ivc_loss = 0.0932, neg_loss_1 = 0.0197, neg_loss_2 = 0.0103, ref_loss = 0.0238, div_loss = 0.0079, 0.796 seconds/batch
2026-04-17 21:55:24,943 - Epoch 20, Batch 150, lr = 0.00005, final_loss = 3.8027, nll_loss = 3.7107, ref_nll_loss = 3.8946, ivc_loss = 0.0945, neg_loss_1 = 0.0202, neg_loss_2 = 0.0116, ref_loss = 0.0239, div_loss = 0.0078, 0.787 seconds/batch
2026-04-17 21:55:58,954 - Epoch 20, Batch 200, lr = 0.00005, final_loss = 3.7938, nll_loss = 3.7025, ref_nll_loss = 3.8851, ivc_loss = 0.0967, neg_loss_1 = 0.0193, neg_loss_2 = 0.0139, ref_loss = 0.0244, div_loss = 0.0078, 0.761 seconds/batch
2026-04-17 21:56:32,923 - Epoch 20, Batch 250, lr = 0.00005, final_loss = 3.8078, nll_loss = 3.7163, ref_nll_loss = 3.8994, ivc_loss = 0.0956, neg_loss_1 = 0.0177, neg_loss_2 = 0.0117, ref_loss = 0.0245, div_loss = 0.0083, 0.744 seconds/batch
2026-04-17 21:57:06,753 - Epoch 20, Batch 300, lr = 0.00005, final_loss = 3.8204, nll_loss = 3.7290, ref_nll_loss = 3.9119, ivc_loss = 0.0926, neg_loss_1 = 0.0186, neg_loss_2 = 0.0100, ref_loss = 0.0222, div_loss = 0.0084, 0.733 seconds/batch
2026-04-17 21:57:40,365 - Epoch 20, Batch 350, lr = 0.00005, final_loss = 3.8331, nll_loss = 3.7424, ref_nll_loss = 3.9237, ivc_loss = 0.0904, neg_loss_1 = 0.0162, neg_loss_2 = 0.0078, ref_loss = 0.0260, div_loss = 0.0081, 0.724 seconds/batch
2026-04-17 21:58:14,256 - Epoch 20, Batch 400, lr = 0.00005, final_loss = 3.8210, nll_loss = 3.7292, ref_nll_loss = 3.9127, ivc_loss = 0.0901, neg_loss_1 = 0.0168, neg_loss_2 = 0.0094, ref_loss = 0.0227, div_loss = 0.0082, 0.719 seconds/batch
2026-04-17 21:58:48,240 - Epoch 20, Batch 450, lr = 0.00005, final_loss = 3.8154, nll_loss = 3.7225, ref_nll_loss = 3.9083, ivc_loss = 0.0932, neg_loss_1 = 0.0169, neg_loss_2 = 0.0104, ref_loss = 0.0240, div_loss = 0.0084, 0.714 seconds/batch
2026-04-17 21:59:21,984 - Epoch 20, Batch 500, lr = 0.00005, final_loss = 3.8122, nll_loss = 3.7219, ref_nll_loss = 3.9025, ivc_loss = 0.0947, neg_loss_1 = 0.0161, neg_loss_2 = 0.0104, ref_loss = 0.0239, div_loss = 0.0088, 0.710 seconds/batch
2026-04-17 21:59:55,744 - Epoch 20, Batch 550, lr = 0.00005, final_loss = 3.8451, nll_loss = 3.7551, ref_nll_loss = 3.9352, ivc_loss = 0.0957, neg_loss_1 = 0.0162, neg_loss_2 = 0.0115, ref_loss = 0.0263, div_loss = 0.0083, 0.707 seconds/batch
2026-04-17 22:00:29,611 - Epoch 20, Batch 600, lr = 0.00005, final_loss = 3.8212, nll_loss = 3.7309, ref_nll_loss = 3.9116, ivc_loss = 0.0927, neg_loss_1 = 0.0185, neg_loss_2 = 0.0097, ref_loss = 0.0250, div_loss = 0.0079, 0.705 seconds/batch
2026-04-17 22:01:03,676 - Epoch 20, Batch 650, lr = 0.00005, final_loss = 3.8286, nll_loss = 3.7345, ref_nll_loss = 3.9226, ivc_loss = 0.0906, neg_loss_1 = 0.0144, neg_loss_2 = 0.0095, ref_loss = 0.0246, div_loss = 0.0084, 0.703 seconds/batch
2026-04-17 22:01:43,336 - Epoch 20, Batch 700, lr = 0.00005, final_loss = 3.8200, nll_loss = 3.7256, ref_nll_loss = 3.9143, ivc_loss = 0.0916, neg_loss_1 = 0.0164, neg_loss_2 = 0.0109, ref_loss = 0.0228, div_loss = 0.0083, 0.709 seconds/batch
2026-04-17 22:02:20,929 - Epoch 20, Batch 750, lr = 0.00005, final_loss = 3.8098, nll_loss = 3.7172, ref_nll_loss = 3.9024, ivc_loss = 0.0925, neg_loss_1 = 0.0167, neg_loss_2 = 0.0100, ref_loss = 0.0245, div_loss = 0.0083, 0.712 seconds/batch
2026-04-17 22:02:53,465 - Epoch 20, Batch 800, lr = 0.00005, final_loss = 3.8326, nll_loss = 3.7409, ref_nll_loss = 3.9243, ivc_loss = 0.0939, neg_loss_1 = 0.0155, neg_loss_2 = 0.0100, ref_loss = 0.0247, div_loss = 0.0087, 0.708 seconds/batch
2026-04-17 22:03:21,071 - Epoch 20, Batch 850, lr = 0.00005, final_loss = 3.8345, nll_loss = 3.7419, ref_nll_loss = 3.9271, ivc_loss = 0.0939, neg_loss_1 = 0.0183, neg_loss_2 = 0.0102, ref_loss = 0.0237, div_loss = 0.0083, 0.699 seconds/batch
2026-04-17 22:03:48,630 - Epoch 20, Batch 900, lr = 0.00005, final_loss = 3.8064, nll_loss = 3.7170, ref_nll_loss = 3.8958, ivc_loss = 0.0980, neg_loss_1 = 0.0199, neg_loss_2 = 0.0116, ref_loss = 0.0265, div_loss = 0.0080, 0.691 seconds/batch
2026-04-17 22:04:16,229 - Epoch 20, Batch 950, lr = 0.00005, final_loss = 3.8150, nll_loss = 3.7265, ref_nll_loss = 3.9034, ivc_loss = 0.0948, neg_loss_1 = 0.0170, neg_loss_2 = 0.0113, ref_loss = 0.0255, div_loss = 0.0082, 0.684 seconds/batch
2026-04-17 22:04:43,809 - Epoch 20, Batch 1000, lr = 0.00005, final_loss = 3.8326, nll_loss = 3.7391, ref_nll_loss = 3.9261, ivc_loss = 0.0916, neg_loss_1 = 0.0175, neg_loss_2 = 0.0096, ref_loss = 0.0231, div_loss = 0.0083, 0.677 seconds/batch
2026-04-17 22:05:11,207 - Epoch 20, Batch 1050, lr = 0.00005, final_loss = 3.7837, nll_loss = 3.6926, ref_nll_loss = 3.8748, ivc_loss = 0.0928, neg_loss_1 = 0.0183, neg_loss_2 = 0.0082, ref_loss = 0.0247, div_loss = 0.0083, 0.671 seconds/batch
2026-04-17 22:05:38,797 - Epoch 20, Batch 1100, lr = 0.00005, final_loss = 3.8004, nll_loss = 3.7114, ref_nll_loss = 3.8894, ivc_loss = 0.0962, neg_loss_1 = 0.0172, neg_loss_2 = 0.0119, ref_loss = 0.0277, div_loss = 0.0079, 0.665 seconds/batch
2026-04-17 22:06:06,362 - Epoch 20, Batch 1150, lr = 0.00005, final_loss = 3.8242, nll_loss = 3.7367, ref_nll_loss = 3.9117, ivc_loss = 0.0927, neg_loss_1 = 0.0195, neg_loss_2 = 0.0106, ref_loss = 0.0241, div_loss = 0.0077, 0.660 seconds/batch
2026-04-17 22:06:17,108 - Epoch 20, Batch 1170, lr = 0.00005, final_loss = 3.8401, nll_loss = 3.7508, ref_nll_loss = 3.9294, ivc_loss = 0.0958, neg_loss_1 = 0.0171, neg_loss_2 = 0.0110, ref_loss = 0.0253, div_loss = 0.0085, 0.658 seconds/batch
2026-04-17 22:06:17,179 - save model to checkpoints/activitynet_moe/cpl_moe/model-20.pt, num_updates 23400.
2026-04-17 22:11:33,003 - | R@1,mIoU 0.3210 | R@1,IoU@0.1 0.7357 | R@1,IoU@0.3 0.5508 | R@1,IoU@0.5 0.2371 | R@1,IoU@0.7 0.0735 | R@1,IoU@0.9 0.0089 | R@5,mIoU 0.5269 | R@5,IoU@0.1 0.9191 | R@5,IoU@0.3 0.7870 | R@5,IoU@0.5 0.5416 | R@5,IoU@0.7 0.3145 | R@5,IoU@0.9 0.0733 |
2026-04-17 22:11:33,077 - Best results have been updated.
2026-04-17 22:11:33,077 - ============================================================
2026-04-17 22:11:33,077 - Start Epoch 21
2026-04-17 22:12:13,190 - Epoch 21, Batch 50, lr = 0.00005, final_loss = 3.7815, nll_loss = 3.6902, ref_nll_loss = 3.8728, ivc_loss = 0.0928, neg_loss_1 = 0.0156, neg_loss_2 = 0.0111, ref_loss = 0.0242, div_loss = 0.0084, 0.802 seconds/batch
2026-04-17 22:12:52,593 - Epoch 21, Batch 100, lr = 0.00005, final_loss = 3.8154, nll_loss = 3.7223, ref_nll_loss = 3.9085, ivc_loss = 0.0947, neg_loss_1 = 0.0186, neg_loss_2 = 0.0100, ref_loss = 0.0240, div_loss = 0.0084, 0.795 seconds/batch
2026-04-17 22:13:31,053 - Epoch 21, Batch 150, lr = 0.00005, final_loss = 3.7887, nll_loss = 3.6886, ref_nll_loss = 3.8887, ivc_loss = 0.0878, neg_loss_1 = 0.0142, neg_loss_2 = 0.0116, ref_loss = 0.0224, div_loss = 0.0079, 0.786 seconds/batch
2026-04-17 22:14:04,756 - Epoch 21, Batch 200, lr = 0.00005, final_loss = 3.8238, nll_loss = 3.7345, ref_nll_loss = 3.9132, ivc_loss = 0.0920, neg_loss_1 = 0.0171, neg_loss_2 = 0.0105, ref_loss = 0.0246, div_loss = 0.0080, 0.758 seconds/batch
2026-04-17 22:14:38,509 - Epoch 21, Batch 250, lr = 0.00005, final_loss = 3.7936, nll_loss = 3.7032, ref_nll_loss = 3.8839, ivc_loss = 0.0944, neg_loss_1 = 0.0169, neg_loss_2 = 0.0121, ref_loss = 0.0243, div_loss = 0.0082, 0.742 seconds/batch
2026-04-17 22:15:12,842 - Epoch 21, Batch 300, lr = 0.00005, final_loss = 3.8107, nll_loss = 3.7185, ref_nll_loss = 3.9030, ivc_loss = 0.0932, neg_loss_1 = 0.0187, neg_loss_2 = 0.0098, ref_loss = 0.0231, div_loss = 0.0083, 0.733 seconds/batch
2026-04-17 22:15:46,819 - Epoch 21, Batch 350, lr = 0.00005, final_loss = 3.7902, nll_loss = 3.6969, ref_nll_loss = 3.8835, ivc_loss = 0.0936, neg_loss_1 = 0.0196, neg_loss_2 = 0.0115, ref_loss = 0.0227, div_loss = 0.0079, 0.725 seconds/batch
2026-04-17 22:16:21,018 - Epoch 21, Batch 400, lr = 0.00005, final_loss = 3.7931, nll_loss = 3.7000, ref_nll_loss = 3.8862, ivc_loss = 0.0926, neg_loss_1 = 0.0181, neg_loss_2 = 0.0092, ref_loss = 0.0255, div_loss = 0.0080, 0.720 seconds/batch
2026-04-17 22:16:55,102 - Epoch 21, Batch 450, lr = 0.00005, final_loss = 3.7914, nll_loss = 3.6980, ref_nll_loss = 3.8849, ivc_loss = 0.0940, neg_loss_1 = 0.0201, neg_loss_2 = 0.0091, ref_loss = 0.0249, div_loss = 0.0080, 0.716 seconds/batch
2026-04-17 22:17:29,159 - Epoch 21, Batch 500, lr = 0.00005, final_loss = 3.7686, nll_loss = 3.6789, ref_nll_loss = 3.8584, ivc_loss = 0.0927, neg_loss_1 = 0.0173, neg_loss_2 = 0.0107, ref_loss = 0.0230, div_loss = 0.0083, 0.712 seconds/batch
2026-04-17 22:18:03,089 - Epoch 21, Batch 550, lr = 0.00005, final_loss = 3.8002, nll_loss = 3.7088, ref_nll_loss = 3.8916, ivc_loss = 0.0942, neg_loss_1 = 0.0216, neg_loss_2 = 0.0095, ref_loss = 0.0239, div_loss = 0.0078, 0.709 seconds/batch
2026-04-17 22:18:37,131 - Epoch 21, Batch 600, lr = 0.00005, final_loss = 3.8100, nll_loss = 3.7151, ref_nll_loss = 3.9049, ivc_loss = 0.0900, neg_loss_1 = 0.0176, neg_loss_2 = 0.0075, ref_loss = 0.0228, div_loss = 0.0084, 0.707 seconds/batch
2026-04-17 22:19:11,089 - Epoch 21, Batch 650, lr = 0.00005, final_loss = 3.7878, nll_loss = 3.6964, ref_nll_loss = 3.8793, ivc_loss = 0.0975, neg_loss_1 = 0.0182, neg_loss_2 = 0.0137, ref_loss = 0.0255, div_loss = 0.0080, 0.705 seconds/batch
2026-04-17 22:19:50,582 - Epoch 21, Batch 700, lr = 0.00005, final_loss = 3.8036, nll_loss = 3.7132, ref_nll_loss = 3.8939, ivc_loss = 0.0956, neg_loss_1 = 0.0202, neg_loss_2 = 0.0132, ref_loss = 0.0238, div_loss = 0.0077, 0.711 seconds/batch
2026-04-17 22:20:30,349 - Epoch 21, Batch 750, lr = 0.00005, final_loss = 3.8170, nll_loss = 3.7240, ref_nll_loss = 3.9101, ivc_loss = 0.0941, neg_loss_1 = 0.0185, neg_loss_2 = 0.0105, ref_loss = 0.0248, div_loss = 0.0081, 0.716 seconds/batch
2026-04-17 22:21:04,544 - Epoch 21, Batch 800, lr = 0.00005, final_loss = 3.8027, nll_loss = 3.7120, ref_nll_loss = 3.8934, ivc_loss = 0.0938, neg_loss_1 = 0.0190, neg_loss_2 = 0.0117, ref_loss = 0.0229, div_loss = 0.0080, 0.714 seconds/batch
2026-04-17 22:21:33,135 - Epoch 21, Batch 850, lr = 0.00005, final_loss = 3.7853, nll_loss = 3.6941, ref_nll_loss = 3.8765, ivc_loss = 0.0938, neg_loss_1 = 0.0166, neg_loss_2 = 0.0109, ref_loss = 0.0244, div_loss = 0.0084, 0.706 seconds/batch
2026-04-17 22:22:01,054 - Epoch 21, Batch 900, lr = 0.00005, final_loss = 3.8023, nll_loss = 3.7114, ref_nll_loss = 3.8933, ivc_loss = 0.0926, neg_loss_1 = 0.0163, neg_loss_2 = 0.0107, ref_loss = 0.0228, div_loss = 0.0086, 0.698 seconds/batch
2026-04-17 22:22:28,603 - Epoch 21, Batch 950, lr = 0.00005, final_loss = 3.8536, nll_loss = 3.7583, ref_nll_loss = 3.9489, ivc_loss = 0.0945, neg_loss_1 = 0.0184, neg_loss_2 = 0.0100, ref_loss = 0.0245, div_loss = 0.0083, 0.690 seconds/batch
2026-04-17 22:22:56,317 - Epoch 21, Batch 1000, lr = 0.00005, final_loss = 3.8124, nll_loss = 3.7208, ref_nll_loss = 3.9040, ivc_loss = 0.0975, neg_loss_1 = 0.0185, neg_loss_2 = 0.0121, ref_loss = 0.0258, div_loss = 0.0082, 0.683 seconds/batch
2026-04-17 22:23:23,792 - Epoch 21, Batch 1050, lr = 0.00005, final_loss = 3.7970, nll_loss = 3.7070, ref_nll_loss = 3.8870, ivc_loss = 0.0923, neg_loss_1 = 0.0175, neg_loss_2 = 0.0102, ref_loss = 0.0247, div_loss = 0.0080, 0.677 seconds/batch
2026-04-17 22:23:51,317 - Epoch 21, Batch 1100, lr = 0.00005, final_loss = 3.7806, nll_loss = 3.6909, ref_nll_loss = 3.8703, ivc_loss = 0.0914, neg_loss_1 = 0.0162, neg_loss_2 = 0.0123, ref_loss = 0.0245, div_loss = 0.0077, 0.671 seconds/batch
2026-04-17 22:24:19,208 - Epoch 21, Batch 1150, lr = 0.00005, final_loss = 3.8031, nll_loss = 3.7128, ref_nll_loss = 3.8934, ivc_loss = 0.0925, neg_loss_1 = 0.0180, neg_loss_2 = 0.0114, ref_loss = 0.0243, div_loss = 0.0077, 0.666 seconds/batch
2026-04-17 22:24:29,820 - Epoch 21, Batch 1170, lr = 0.00005, final_loss = 3.8103, nll_loss = 3.7198, ref_nll_loss = 3.9008, ivc_loss = 0.0891, neg_loss_1 = 0.0152, neg_loss_2 = 0.0085, ref_loss = 0.0259, div_loss = 0.0079, 0.664 seconds/batch
2026-04-17 22:24:29,894 - save model to checkpoints/activitynet_moe/cpl_moe/model-21.pt, num_updates 24570.
2026-04-17 22:29:42,390 - | R@1,mIoU 0.2940 | R@1,IoU@0.1 0.7000 | R@1,IoU@0.3 0.5063 | R@1,IoU@0.5 0.2034 | R@1,IoU@0.7 0.0539 | R@1,IoU@0.9 0.0038 | R@5,mIoU 0.5296 | R@5,IoU@0.1 0.9196 | R@5,IoU@0.3 0.7854 | R@5,IoU@0.5 0.5425 | R@5,IoU@0.7 0.3228 | R@5,IoU@0.9 0.0758 |
2026-04-17 22:29:42,392 - ============================================================
2026-04-17 22:29:42,392 - Start Epoch 22
2026-04-17 22:30:22,406 - Epoch 22, Batch 50, lr = 0.00005, final_loss = 3.7870, nll_loss = 3.6978, ref_nll_loss = 3.8762, ivc_loss = 0.0931, neg_loss_1 = 0.0196, neg_loss_2 = 0.0099, ref_loss = 0.0249, div_loss = 0.0077, 0.800 seconds/batch
2026-04-17 22:31:01,934 - Epoch 22, Batch 100, lr = 0.00005, final_loss = 3.7895, nll_loss = 3.6986, ref_nll_loss = 3.8805, ivc_loss = 0.0976, neg_loss_1 = 0.0233, neg_loss_2 = 0.0127, ref_loss = 0.0236, div_loss = 0.0076, 0.795 seconds/batch
2026-04-17 22:31:40,850 - Epoch 22, Batch 150, lr = 0.00005, final_loss = 3.7978, nll_loss = 3.7053, ref_nll_loss = 3.8903, ivc_loss = 0.0988, neg_loss_1 = 0.0202, neg_loss_2 = 0.0129, ref_loss = 0.0245, div_loss = 0.0083, 0.790 seconds/batch
2026-04-17 22:32:14,523 - Epoch 22, Batch 200, lr = 0.00005, final_loss = 3.7954, nll_loss = 3.7023, ref_nll_loss = 3.8885, ivc_loss = 0.0892, neg_loss_1 = 0.0157, neg_loss_2 = 0.0108, ref_loss = 0.0226, div_loss = 0.0080, 0.761 seconds/batch
2026-04-17 22:32:48,231 - Epoch 22, Batch 250, lr = 0.00005, final_loss = 3.8039, nll_loss = 3.7122, ref_nll_loss = 3.8956, ivc_loss = 0.0935, neg_loss_1 = 0.0175, neg_loss_2 = 0.0110, ref_loss = 0.0251, div_loss = 0.0080, 0.743 seconds/batch
2026-04-17 22:33:22,041 - Epoch 22, Batch 300, lr = 0.00005, final_loss = 3.7813, nll_loss = 3.6882, ref_nll_loss = 3.8744, ivc_loss = 0.0962, neg_loss_1 = 0.0199, neg_loss_2 = 0.0108, ref_loss = 0.0252, div_loss = 0.0081, 0.732 seconds/batch
2026-04-17 22:33:55,981 - Epoch 22, Batch 350, lr = 0.00005, final_loss = 3.7820, nll_loss = 3.6848, ref_nll_loss = 3.8791, ivc_loss = 0.0933, neg_loss_1 = 0.0178, neg_loss_2 = 0.0114, ref_loss = 0.0232, div_loss = 0.0082, 0.725 seconds/batch
2026-04-17 22:34:29,836 - Epoch 22, Batch 400, lr = 0.00005, final_loss = 3.7618, nll_loss = 3.6663, ref_nll_loss = 3.8573, ivc_loss = 0.0943, neg_loss_1 = 0.0201, neg_loss_2 = 0.0100, ref_loss = 0.0222, div_loss = 0.0084, 0.719 seconds/batch
2026-04-17 22:35:03,772 - Epoch 22, Batch 450, lr = 0.00005, final_loss = 3.8004, nll_loss = 3.7061, ref_nll_loss = 3.8948, ivc_loss = 0.0942, neg_loss_1 = 0.0160, neg_loss_2 = 0.0106, ref_loss = 0.0232, div_loss = 0.0089, 0.714 seconds/batch
2026-04-17 22:35:38,221 - Epoch 22, Batch 500, lr = 0.00005, final_loss = 3.7810, nll_loss = 3.6809, ref_nll_loss = 3.8812, ivc_loss = 0.0921, neg_loss_1 = 0.0188, neg_loss_2 = 0.0119, ref_loss = 0.0202, div_loss = 0.0082, 0.712 seconds/batch
2026-04-17 22:36:12,159 - Epoch 22, Batch 550, lr = 0.00005, final_loss = 3.7940, nll_loss = 3.7000, ref_nll_loss = 3.8880, ivc_loss = 0.0918, neg_loss_1 = 0.0182, neg_loss_2 = 0.0097, ref_loss = 0.0240, div_loss = 0.0080, 0.709 seconds/batch
2026-04-17 22:36:46,100 - Epoch 22, Batch 600, lr = 0.00005, final_loss = 3.7795, nll_loss = 3.6846, ref_nll_loss = 3.8744, ivc_loss = 0.0862, neg_loss_1 = 0.0168, neg_loss_2 = 0.0098, ref_loss = 0.0211, div_loss = 0.0077, 0.706 seconds/batch
2026-04-17 22:37:20,249 - Epoch 22, Batch 650, lr = 0.00005, final_loss = 3.7982, nll_loss = 3.7081, ref_nll_loss = 3.8883, ivc_loss = 0.0985, neg_loss_1 = 0.0191, neg_loss_2 = 0.0107, ref_loss = 0.0253, div_loss = 0.0087, 0.704 seconds/batch
2026-04-17 22:37:59,436 - Epoch 22, Batch 700, lr = 0.00005, final_loss = 3.7943, nll_loss = 3.7040, ref_nll_loss = 3.8845, ivc_loss = 0.0934, neg_loss_1 = 0.0176, neg_loss_2 = 0.0116, ref_loss = 0.0237, div_loss = 0.0081, 0.710 seconds/batch
2026-04-17 22:38:39,422 - Epoch 22, Batch 750, lr = 0.00005, final_loss = 3.7606, nll_loss = 3.6675, ref_nll_loss = 3.8537, ivc_loss = 0.0960, neg_loss_1 = 0.0205, neg_loss_2 = 0.0134, ref_loss = 0.0231, div_loss = 0.0078, 0.716 seconds/batch
2026-04-17 22:39:15,442 - Epoch 22, Batch 800, lr = 0.00005, final_loss = 3.7989, nll_loss = 3.7106, ref_nll_loss = 3.8872, ivc_loss = 0.1002, neg_loss_1 = 0.0190, neg_loss_2 = 0.0129, ref_loss = 0.0279, div_loss = 0.0081, 0.716 seconds/batch
2026-04-17 22:39:46,242 - Epoch 22, Batch 850, lr = 0.00005, final_loss = 3.8053, nll_loss = 3.7118, ref_nll_loss = 3.8988, ivc_loss = 0.0944, neg_loss_1 = 0.0165, neg_loss_2 = 0.0129, ref_loss = 0.0250, div_loss = 0.0080, 0.710 seconds/batch
2026-04-17 22:40:13,911 - Epoch 22, Batch 900, lr = 0.00005, final_loss = 3.7937, nll_loss = 3.7017, ref_nll_loss = 3.8856, ivc_loss = 0.0926, neg_loss_1 = 0.0181, neg_loss_2 = 0.0118, ref_loss = 0.0237, div_loss = 0.0078, 0.702 seconds/batch
2026-04-17 22:40:41,437 - Epoch 22, Batch 950, lr = 0.00005, final_loss = 3.8089, nll_loss = 3.7163, ref_nll_loss = 3.9015, ivc_loss = 0.0974, neg_loss_1 = 0.0216, neg_loss_2 = 0.0104, ref_loss = 0.0250, div_loss = 0.0081, 0.694 seconds/batch
2026-04-17 22:41:09,076 - Epoch 22, Batch 1000, lr = 0.00005, final_loss = 3.7844, nll_loss = 3.6927, ref_nll_loss = 3.8761, ivc_loss = 0.0968, neg_loss_1 = 0.0204, neg_loss_2 = 0.0114, ref_loss = 0.0254, div_loss = 0.0079, 0.687 seconds/batch
2026-04-17 22:41:36,705 - Epoch 22, Batch 1050, lr = 0.00005, final_loss = 3.7826, nll_loss = 3.6932, ref_nll_loss = 3.8721, ivc_loss = 0.0977, neg_loss_1 = 0.0187, neg_loss_2 = 0.0117, ref_loss = 0.0270, div_loss = 0.0081, 0.680 seconds/batch
2026-04-17 22:42:04,206 - Epoch 22, Batch 1100, lr = 0.00005, final_loss = 3.8096, nll_loss = 3.7180, ref_nll_loss = 3.9013, ivc_loss = 0.0988, neg_loss_1 = 0.0195, neg_loss_2 = 0.0140, ref_loss = 0.0253, div_loss = 0.0080, 0.674 seconds/batch
2026-04-17 22:42:31,817 - Epoch 22, Batch 1150, lr = 0.00005, final_loss = 3.8259, nll_loss = 3.7320, ref_nll_loss = 3.9198, ivc_loss = 0.0940, neg_loss_1 = 0.0188, neg_loss_2 = 0.0100, ref_loss = 0.0240, div_loss = 0.0082, 0.669 seconds/batch
2026-04-17 22:42:42,657 - Epoch 22, Batch 1170, lr = 0.00005, final_loss = 3.8555, nll_loss = 3.7631, ref_nll_loss = 3.9478, ivc_loss = 0.0977, neg_loss_1 = 0.0211, neg_loss_2 = 0.0111, ref_loss = 0.0247, div_loss = 0.0082, 0.667 seconds/batch
2026-04-17 22:42:42,732 - save model to checkpoints/activitynet_moe/cpl_moe/model-22.pt, num_updates 25740.
2026-04-17 22:47:52,071 - | R@1,mIoU 0.3088 | R@1,IoU@0.1 0.7231 | R@1,IoU@0.3 0.5289 | R@1,IoU@0.5 0.2199 | R@1,IoU@0.7 0.0645 | R@1,IoU@0.9 0.0068 | R@5,mIoU 0.5290 | R@5,IoU@0.1 0.9189 | R@5,IoU@0.3 0.7869 | R@5,IoU@0.5 0.5395 | R@5,IoU@0.7 0.3231 | R@5,IoU@0.9 0.0757 |
2026-04-17 22:47:52,071 - ============================================================
2026-04-17 22:47:52,071 - Start Epoch 23
2026-04-17 22:48:31,811 - Epoch 23, Batch 50, lr = 0.00005, final_loss = 3.7632, nll_loss = 3.6696, ref_nll_loss = 3.8568, ivc_loss = 0.0922, neg_loss_1 = 0.0177, neg_loss_2 = 0.0118, ref_loss = 0.0246, div_loss = 0.0076, 0.795 seconds/batch
2026-04-17 22:49:11,705 - Epoch 23, Batch 100, lr = 0.00005, final_loss = 3.7774, nll_loss = 3.6873, ref_nll_loss = 3.8675, ivc_loss = 0.0956, neg_loss_1 = 0.0193, neg_loss_2 = 0.0103, ref_loss = 0.0252, div_loss = 0.0082, 0.796 seconds/batch
2026-04-17 22:49:50,270 - Epoch 23, Batch 150, lr = 0.00005, final_loss = 3.7735, nll_loss = 3.6810, ref_nll_loss = 3.8661, ivc_loss = 0.0963, neg_loss_1 = 0.0210, neg_loss_2 = 0.0116, ref_loss = 0.0241, div_loss = 0.0079, 0.788 seconds/batch
2026-04-17 22:50:24,153 - Epoch 23, Batch 200, lr = 0.00005, final_loss = 3.7932, nll_loss = 3.7011, ref_nll_loss = 3.8852, ivc_loss = 0.0921, neg_loss_1 = 0.0165, neg_loss_2 = 0.0115, ref_loss = 0.0250, div_loss = 0.0078, 0.760 seconds/batch
2026-04-17 22:50:57,978 - Epoch 23, Batch 250, lr = 0.00005, final_loss = 3.7642, nll_loss = 3.6680, ref_nll_loss = 3.8604, ivc_loss = 0.0926, neg_loss_1 = 0.0185, neg_loss_2 = 0.0111, ref_loss = 0.0214, div_loss = 0.0083, 0.744 seconds/batch
2026-04-17 22:51:31,591 - Epoch 23, Batch 300, lr = 0.00005, final_loss = 3.7773, nll_loss = 3.6877, ref_nll_loss = 3.8670, ivc_loss = 0.0926, neg_loss_1 = 0.0143, neg_loss_2 = 0.0129, ref_loss = 0.0243, div_loss = 0.0082, 0.732 seconds/batch
2026-04-17 22:52:05,641 - Epoch 23, Batch 350, lr = 0.00005, final_loss = 3.7806, nll_loss = 3.6890, ref_nll_loss = 3.8722, ivc_loss = 0.0986, neg_loss_1 = 0.0192, neg_loss_2 = 0.0117, ref_loss = 0.0260, div_loss = 0.0083, 0.724 seconds/batch
2026-04-17 22:52:39,809 - Epoch 23, Batch 400, lr = 0.00005, final_loss = 3.7677, nll_loss = 3.6741, ref_nll_loss = 3.8613, ivc_loss = 0.0907, neg_loss_1 = 0.0161, neg_loss_2 = 0.0091, ref_loss = 0.0239, div_loss = 0.0083, 0.719 seconds/batch
2026-04-17 22:53:13,790 - Epoch 23, Batch 450, lr = 0.00005, final_loss = 3.7406, nll_loss = 3.6451, ref_nll_loss = 3.8361, ivc_loss = 0.0945, neg_loss_1 = 0.0189, neg_loss_2 = 0.0093, ref_loss = 0.0238, div_loss = 0.0085, 0.715 seconds/batch
2026-04-17 22:53:47,666 - Epoch 23, Batch 500, lr = 0.00005, final_loss = 3.7852, nll_loss = 3.6911, ref_nll_loss = 3.8793, ivc_loss = 0.0985, neg_loss_1 = 0.0209, neg_loss_2 = 0.0135, ref_loss = 0.0244, div_loss = 0.0080, 0.711 seconds/batch
2026-04-17 22:54:21,566 - Epoch 23, Batch 550, lr = 0.00005, final_loss = 3.8045, nll_loss = 3.7140, ref_nll_loss = 3.8949, ivc_loss = 0.0943, neg_loss_1 = 0.0198, neg_loss_2 = 0.0109, ref_loss = 0.0248, div_loss = 0.0078, 0.708 seconds/batch
2026-04-17 22:54:55,244 - Epoch 23, Batch 600, lr = 0.00005, final_loss = 3.7701, nll_loss = 3.6770, ref_nll_loss = 3.8631, ivc_loss = 0.0952, neg_loss_1 = 0.0189, neg_loss_2 = 0.0108, ref_loss = 0.0253, div_loss = 0.0080, 0.705 seconds/batch
2026-04-17 22:55:29,205 - Epoch 23, Batch 650, lr = 0.00005, final_loss = 3.7952, nll_loss = 3.7031, ref_nll_loss = 3.8873, ivc_loss = 0.1002, neg_loss_1 = 0.0209, neg_loss_2 = 0.0120, ref_loss = 0.0262, div_loss = 0.0082, 0.703 seconds/batch
2026-04-17 22:56:07,799 - Epoch 23, Batch 700, lr = 0.00005, final_loss = 3.7914, nll_loss = 3.6981, ref_nll_loss = 3.8847, ivc_loss = 0.0930, neg_loss_1 = 0.0187, neg_loss_2 = 0.0118, ref_loss = 0.0242, div_loss = 0.0077, 0.708 seconds/batch
2026-04-17 22:56:47,650 - Epoch 23, Batch 750, lr = 0.00005, final_loss = 3.7918, nll_loss = 3.6967, ref_nll_loss = 3.8870, ivc_loss = 0.0963, neg_loss_1 = 0.0200, neg_loss_2 = 0.0119, ref_loss = 0.0239, div_loss = 0.0081, 0.714 seconds/batch
2026-04-17 22:57:25,649 - Epoch 23, Batch 800, lr = 0.00005, final_loss = 3.7994, nll_loss = 3.7057, ref_nll_loss = 3.8931, ivc_loss = 0.0907, neg_loss_1 = 0.0169, neg_loss_2 = 0.0110, ref_loss = 0.0225, div_loss = 0.0081, 0.717 seconds/batch
2026-04-17 22:57:58,648 - Epoch 23, Batch 850, lr = 0.00005, final_loss = 3.7757, nll_loss = 3.6857, ref_nll_loss = 3.8658, ivc_loss = 0.0939, neg_loss_1 = 0.0199, neg_loss_2 = 0.0104, ref_loss = 0.0227, div_loss = 0.0082, 0.714 seconds/batch
2026-04-17 22:58:26,167 - Epoch 23, Batch 900, lr = 0.00005, final_loss = 3.7548, nll_loss = 3.6636, ref_nll_loss = 3.8459, ivc_loss = 0.1002, neg_loss_1 = 0.0193, neg_loss_2 = 0.0102, ref_loss = 0.0278, div_loss = 0.0086, 0.705 seconds/batch
2026-04-17 22:58:53,694 - Epoch 23, Batch 950, lr = 0.00005, final_loss = 3.7869, nll_loss = 3.6923, ref_nll_loss = 3.8816, ivc_loss = 0.0951, neg_loss_1 = 0.0185, neg_loss_2 = 0.0100, ref_loss = 0.0245, div_loss = 0.0084, 0.696 seconds/batch
2026-04-17 22:59:21,302 - Epoch 23, Batch 1000, lr = 0.00005, final_loss = 3.7892, nll_loss = 3.6951, ref_nll_loss = 3.8832, ivc_loss = 0.0940, neg_loss_1 = 0.0200, neg_loss_2 = 0.0107, ref_loss = 0.0224, div_loss = 0.0082, 0.689 seconds/batch
2026-04-17 22:59:49,103 - Epoch 23, Batch 1050, lr = 0.00005, final_loss = 3.7927, nll_loss = 3.6967, ref_nll_loss = 3.8886, ivc_loss = 0.0923, neg_loss_1 = 0.0171, neg_loss_2 = 0.0115, ref_loss = 0.0233, div_loss = 0.0081, 0.683 seconds/batch
2026-04-17 23:00:16,474 - Epoch 23, Batch 1100, lr = 0.00005, final_loss = 3.7639, nll_loss = 3.6727, ref_nll_loss = 3.8551, ivc_loss = 0.0965, neg_loss_1 = 0.0199, neg_loss_2 = 0.0126, ref_loss = 0.0245, div_loss = 0.0079, 0.677 seconds/batch
2026-04-17 23:00:43,695 - Epoch 23, Batch 1150, lr = 0.00005, final_loss = 3.7740, nll_loss = 3.6794, ref_nll_loss = 3.8687, ivc_loss = 0.0905, neg_loss_1 = 0.0168, neg_loss_2 = 0.0095, ref_loss = 0.0236, div_loss = 0.0081, 0.671 seconds/batch
2026-04-17 23:00:54,445 - Epoch 23, Batch 1170, lr = 0.00005, final_loss = 3.7798, nll_loss = 3.6843, ref_nll_loss = 3.8753, ivc_loss = 0.0905, neg_loss_1 = 0.0142, neg_loss_2 = 0.0132, ref_loss = 0.0234, div_loss = 0.0079, 0.669 seconds/batch
2026-04-17 23:00:54,515 - save model to checkpoints/activitynet_moe/cpl_moe/model-23.pt, num_updates 26910.
2026-04-17 23:06:01,491 - | R@1,mIoU 0.3314 | R@1,IoU@0.1 0.7565 | R@1,IoU@0.3 0.5570 | R@1,IoU@0.5 0.2504 | R@1,IoU@0.7 0.0863 | R@1,IoU@0.9 0.0123 | R@5,mIoU 0.5265 | R@5,IoU@0.1 0.9197 | R@5,IoU@0.3 0.7896 | R@5,IoU@0.5 0.5385 | R@5,IoU@0.7 0.3182 | R@5,IoU@0.9 0.0759 |
2026-04-17 23:06:01,561 - Best results have been updated.
2026-04-17 23:06:01,561 - ============================================================
2026-04-17 23:06:01,561 - Start Epoch 24
2026-04-17 23:06:41,455 - Epoch 24, Batch 50, lr = 0.00005, final_loss = 3.7667, nll_loss = 3.6731, ref_nll_loss = 3.8602, ivc_loss = 0.0930, neg_loss_1 = 0.0179, neg_loss_2 = 0.0108, ref_loss = 0.0239, div_loss = 0.0081, 0.798 seconds/batch
2026-04-17 23:07:21,453 - Epoch 24, Batch 100, lr = 0.00005, final_loss = 3.7434, nll_loss = 3.6432, ref_nll_loss = 3.8435, ivc_loss = 0.0922, neg_loss_1 = 0.0202, neg_loss_2 = 0.0095, ref_loss = 0.0211, div_loss = 0.0083, 0.799 seconds/batch
2026-04-17 23:08:00,225 - Epoch 24, Batch 150, lr = 0.00005, final_loss = 3.7780, nll_loss = 3.6848, ref_nll_loss = 3.8713, ivc_loss = 0.0939, neg_loss_1 = 0.0171, neg_loss_2 = 0.0114, ref_loss = 0.0240, div_loss = 0.0083, 0.791 seconds/batch
2026-04-17 23:08:34,310 - Epoch 24, Batch 200, lr = 0.00005, final_loss = 3.7572, nll_loss = 3.6636, ref_nll_loss = 3.8509, ivc_loss = 0.0910, neg_loss_1 = 0.0176, neg_loss_2 = 0.0087, ref_loss = 0.0230, div_loss = 0.0083, 0.764 seconds/batch
2026-04-17 23:09:07,768 - Epoch 24, Batch 250, lr = 0.00005, final_loss = 3.7546, nll_loss = 3.6625, ref_nll_loss = 3.8466, ivc_loss = 0.0963, neg_loss_1 = 0.0196, neg_loss_2 = 0.0107, ref_loss = 0.0251, div_loss = 0.0082, 0.745 seconds/batch
2026-04-17 23:09:41,829 - Epoch 24, Batch 300, lr = 0.00005, final_loss = 3.7635, nll_loss = 3.6638, ref_nll_loss = 3.8633, ivc_loss = 0.0915, neg_loss_1 = 0.0177, neg_loss_2 = 0.0099, ref_loss = 0.0209, div_loss = 0.0086, 0.734 seconds/batch
2026-04-17 23:10:15,633 - Epoch 24, Batch 350, lr = 0.00005, final_loss = 3.7801, nll_loss = 3.6815, ref_nll_loss = 3.8788, ivc_loss = 0.0899, neg_loss_1 = 0.0158, neg_loss_2 = 0.0102, ref_loss = 0.0236, div_loss = 0.0081, 0.726 seconds/batch
2026-04-17 23:10:49,696 - Epoch 24, Batch 400, lr = 0.00005, final_loss = 3.7534, nll_loss = 3.6605, ref_nll_loss = 3.8464, ivc_loss = 0.0978, neg_loss_1 = 0.0198, neg_loss_2 = 0.0109, ref_loss = 0.0257, div_loss = 0.0083, 0.720 seconds/batch
2026-04-17 23:11:23,908 - Epoch 24, Batch 450, lr = 0.00005, final_loss = 3.7907, nll_loss = 3.6969, ref_nll_loss = 3.8845, ivc_loss = 0.0956, neg_loss_1 = 0.0195, neg_loss_2 = 0.0106, ref_loss = 0.0245, div_loss = 0.0082, 0.716 seconds/batch
2026-04-17 23:11:57,584 - Epoch 24, Batch 500, lr = 0.00005, final_loss = 3.7426, nll_loss = 3.6453, ref_nll_loss = 3.8398, ivc_loss = 0.0914, neg_loss_1 = 0.0179, neg_loss_2 = 0.0107, ref_loss = 0.0219, div_loss = 0.0082, 0.712 seconds/batch
2026-04-17 23:12:31,267 - Epoch 24, Batch 550, lr = 0.00005, final_loss = 3.7544, nll_loss = 3.6620, ref_nll_loss = 3.8468, ivc_loss = 0.0993, neg_loss_1 = 0.0205, neg_loss_2 = 0.0113, ref_loss = 0.0239, div_loss = 0.0087, 0.709 seconds/batch
2026-04-17 23:13:05,335 - Epoch 24, Batch 600, lr = 0.00005, final_loss = 3.7851, nll_loss = 3.6918, ref_nll_loss = 3.8783, ivc_loss = 0.0946, neg_loss_1 = 0.0191, neg_loss_2 = 0.0101, ref_loss = 0.0250, div_loss = 0.0081, 0.706 seconds/batch
2026-04-17 23:13:39,388 - Epoch 24, Batch 650, lr = 0.00005, final_loss = 3.7883, nll_loss = 3.6922, ref_nll_loss = 3.8843, ivc_loss = 0.0942, neg_loss_1 = 0.0182, neg_loss_2 = 0.0119, ref_loss = 0.0249, div_loss = 0.0078, 0.704 seconds/batch
2026-04-17 23:14:18,264 - Epoch 24, Batch 700, lr = 0.00005, final_loss = 3.7953, nll_loss = 3.7039, ref_nll_loss = 3.8867, ivc_loss = 0.0968, neg_loss_1 = 0.0170, neg_loss_2 = 0.0137, ref_loss = 0.0265, div_loss = 0.0079, 0.710 seconds/batch
2026-04-17 23:14:57,713 - Epoch 24, Batch 750, lr = 0.00005, final_loss = 3.7387, nll_loss = 3.6404, ref_nll_loss = 3.8369, ivc_loss = 0.0936, neg_loss_1 = 0.0171, neg_loss_2 = 0.0102, ref_loss = 0.0248, div_loss = 0.0083, 0.715 seconds/batch
2026-04-17 23:15:37,041 - Epoch 24, Batch 800, lr = 0.00005, final_loss = 3.7703, nll_loss = 3.6758, ref_nll_loss = 3.8648, ivc_loss = 0.0949, neg_loss_1 = 0.0177, neg_loss_2 = 0.0123, ref_loss = 0.0240, div_loss = 0.0082, 0.719 seconds/batch
2026-04-17 23:16:10,482 - Epoch 24, Batch 850, lr = 0.00005, final_loss = 3.7613, nll_loss = 3.6680, ref_nll_loss = 3.8545, ivc_loss = 0.0955, neg_loss_1 = 0.0208, neg_loss_2 = 0.0087, ref_loss = 0.0245, div_loss = 0.0083, 0.716 seconds/batch
2026-04-17 23:16:39,106 - Epoch 24, Batch 900, lr = 0.00005, final_loss = 3.7744, nll_loss = 3.6810, ref_nll_loss = 3.8678, ivc_loss = 0.0940, neg_loss_1 = 0.0188, neg_loss_2 = 0.0092, ref_loss = 0.0242, div_loss = 0.0084, 0.708 seconds/batch
2026-04-17 23:17:06,806 - Epoch 24, Batch 950, lr = 0.00005, final_loss = 3.7640, nll_loss = 3.6730, ref_nll_loss = 3.8550, ivc_loss = 0.0987, neg_loss_1 = 0.0216, neg_loss_2 = 0.0120, ref_loss = 0.0260, div_loss = 0.0078, 0.700 seconds/batch
2026-04-17 23:17:34,486 - Epoch 24, Batch 1000, lr = 0.00005, final_loss = 3.7745, nll_loss = 3.6753, ref_nll_loss = 3.8737, ivc_loss = 0.0879, neg_loss_1 = 0.0170, neg_loss_2 = 0.0094, ref_loss = 0.0214, div_loss = 0.0080, 0.693 seconds/batch
2026-04-17 23:18:02,013 - Epoch 24, Batch 1050, lr = 0.00005, final_loss = 3.7506, nll_loss = 3.6545, ref_nll_loss = 3.8467, ivc_loss = 0.0937, neg_loss_1 = 0.0182, neg_loss_2 = 0.0131, ref_loss = 0.0219, div_loss = 0.0081, 0.686 seconds/batch
2026-04-17 23:18:29,475 - Epoch 24, Batch 1100, lr = 0.00005, final_loss = 3.8076, nll_loss = 3.7120, ref_nll_loss = 3.9032, ivc_loss = 0.0928, neg_loss_1 = 0.0206, neg_loss_2 = 0.0088, ref_loss = 0.0229, div_loss = 0.0081, 0.680 seconds/batch
2026-04-17 23:18:57,092 - Epoch 24, Batch 1150, lr = 0.00005, final_loss = 3.7854, nll_loss = 3.6900, ref_nll_loss = 3.8808, ivc_loss = 0.0954, neg_loss_1 = 0.0196, neg_loss_2 = 0.0107, ref_loss = 0.0239, div_loss = 0.0083, 0.674 seconds/batch
2026-04-17 23:19:07,654 - Epoch 24, Batch 1170, lr = 0.00005, final_loss = 3.7822, nll_loss = 3.6864, ref_nll_loss = 3.8781, ivc_loss = 0.0911, neg_loss_1 = 0.0158, neg_loss_2 = 0.0089, ref_loss = 0.0235, div_loss = 0.0086, 0.672 seconds/batch
2026-04-17 23:19:07,727 - save model to checkpoints/activitynet_moe/cpl_moe/model-24.pt, num_updates 28080.
2026-04-17 23:24:09,579 - | R@1,mIoU 0.3157 | R@1,IoU@0.1 0.7290 | R@1,IoU@0.3 0.5394 | R@1,IoU@0.5 0.2305 | R@1,IoU@0.7 0.0710 | R@1,IoU@0.9 0.0078 | R@5,mIoU 0.5282 | R@5,IoU@0.1 0.9199 | R@5,IoU@0.3 0.7873 | R@5,IoU@0.5 0.5414 | R@5,IoU@0.7 0.3211 | R@5,IoU@0.9 0.0754 |
2026-04-17 23:24:09,579 - ============================================================
2026-04-17 23:24:09,579 - Start Epoch 25
2026-04-17 23:24:49,651 - Epoch 25, Batch 50, lr = 0.00005, final_loss = 3.7538, nll_loss = 3.6610, ref_nll_loss = 3.8467, ivc_loss = 0.0960, neg_loss_1 = 0.0195, neg_loss_2 = 0.0128, ref_loss = 0.0243, div_loss = 0.0079, 0.801 seconds/batch
2026-04-17 23:25:29,384 - Epoch 25, Batch 100, lr = 0.00005, final_loss = 3.7508, nll_loss = 3.6576, ref_nll_loss = 3.8440, ivc_loss = 0.0971, neg_loss_1 = 0.0186, neg_loss_2 = 0.0129, ref_loss = 0.0256, div_loss = 0.0080, 0.798 seconds/batch
2026-04-17 23:26:08,188 - Epoch 25, Batch 150, lr = 0.00005, final_loss = 3.7511, nll_loss = 3.6592, ref_nll_loss = 3.8429, ivc_loss = 0.0966, neg_loss_1 = 0.0187, neg_loss_2 = 0.0120, ref_loss = 0.0252, div_loss = 0.0081, 0.791 seconds/batch
2026-04-17 23:26:42,153 - Epoch 25, Batch 200, lr = 0.00005, final_loss = 3.7630, nll_loss = 3.6684, ref_nll_loss = 3.8577, ivc_loss = 0.0923, neg_loss_1 = 0.0169, neg_loss_2 = 0.0117, ref_loss = 0.0242, div_loss = 0.0079, 0.763 seconds/batch
2026-04-17 23:27:15,997 - Epoch 25, Batch 250, lr = 0.00005, final_loss = 3.7500, nll_loss = 3.6521, ref_nll_loss = 3.8479, ivc_loss = 0.0915, neg_loss_1 = 0.0171, neg_loss_2 = 0.0097, ref_loss = 0.0209, div_loss = 0.0088, 0.746 seconds/batch
2026-04-17 23:27:50,159 - Epoch 25, Batch 300, lr = 0.00005, final_loss = 3.7691, nll_loss = 3.6722, ref_nll_loss = 3.8661, ivc_loss = 0.0908, neg_loss_1 = 0.0172, neg_loss_2 = 0.0112, ref_loss = 0.0221, div_loss = 0.0081, 0.735 seconds/batch
2026-04-17 23:28:24,127 - Epoch 25, Batch 350, lr = 0.00005, final_loss = 3.7333, nll_loss = 3.6384, ref_nll_loss = 3.8283, ivc_loss = 0.0909, neg_loss_1 = 0.0175, neg_loss_2 = 0.0106, ref_loss = 0.0223, div_loss = 0.0081, 0.727 seconds/batch
2026-04-17 23:28:57,744 - Epoch 25, Batch 400, lr = 0.00005, final_loss = 3.7374, nll_loss = 3.6443, ref_nll_loss = 3.8306, ivc_loss = 0.0911, neg_loss_1 = 0.0185, neg_loss_2 = 0.0091, ref_loss = 0.0247, div_loss = 0.0078, 0.720 seconds/batch
2026-04-17 23:29:31,293 - Epoch 25, Batch 450, lr = 0.00005, final_loss = 3.7694, nll_loss = 3.6763, ref_nll_loss = 3.8626, ivc_loss = 0.0942, neg_loss_1 = 0.0162, neg_loss_2 = 0.0112, ref_loss = 0.0254, div_loss = 0.0083, 0.715 seconds/batch
2026-04-17 23:30:04,954 - Epoch 25, Batch 500, lr = 0.00005, final_loss = 3.7649, nll_loss = 3.6694, ref_nll_loss = 3.8605, ivc_loss = 0.0991, neg_loss_1 = 0.0198, neg_loss_2 = 0.0119, ref_loss = 0.0244, div_loss = 0.0086, 0.711 seconds/batch
2026-04-17 23:30:38,808 - Epoch 25, Batch 550, lr = 0.00005, final_loss = 3.7416, nll_loss = 3.6499, ref_nll_loss = 3.8333, ivc_loss = 0.0976, neg_loss_1 = 0.0162, neg_loss_2 = 0.0138, ref_loss = 0.0249, div_loss = 0.0085, 0.708 seconds/batch
2026-04-17 23:31:12,673 - Epoch 25, Batch 600, lr = 0.00005, final_loss = 3.7648, nll_loss = 3.6715, ref_nll_loss = 3.8581, ivc_loss = 0.0969, neg_loss_1 = 0.0174, neg_loss_2 = 0.0120, ref_loss = 0.0267, div_loss = 0.0082, 0.705 seconds/batch
2026-04-17 23:31:46,535 - Epoch 25, Batch 650, lr = 0.00005, final_loss = 3.7420, nll_loss = 3.6449, ref_nll_loss = 3.8391, ivc_loss = 0.0927, neg_loss_1 = 0.0170, neg_loss_2 = 0.0129, ref_loss = 0.0228, div_loss = 0.0080, 0.703 seconds/batch
2026-04-17 23:32:17,535 - Epoch 25, Batch 700, lr = 0.00005, final_loss = 3.7455, nll_loss = 3.6484, ref_nll_loss = 3.8426, ivc_loss = 0.0905, neg_loss_1 = 0.0155, neg_loss_2 = 0.0100, ref_loss = 0.0219, div_loss = 0.0086, 0.697 seconds/batch
2026-04-17 23:32:47,799 - Epoch 25, Batch 750, lr = 0.00005, final_loss = 3.7393, nll_loss = 3.6436, ref_nll_loss = 3.8350, ivc_loss = 0.0953, neg_loss_1 = 0.0195, neg_loss_2 = 0.0085, ref_loss = 0.0251, div_loss = 0.0084, 0.691 seconds/batch
2026-04-17 23:33:18,490 - Epoch 25, Batch 800, lr = 0.00005, final_loss = 3.7473, nll_loss = 3.6542, ref_nll_loss = 3.8404, ivc_loss = 0.0931, neg_loss_1 = 0.0181, neg_loss_2 = 0.0103, ref_loss = 0.0246, div_loss = 0.0080, 0.686 seconds/batch
2026-04-17 23:33:43,805 - Epoch 25, Batch 850, lr = 0.00005, final_loss = 3.7546, nll_loss = 3.6592, ref_nll_loss = 3.8501, ivc_loss = 0.0904, neg_loss_1 = 0.0177, neg_loss_2 = 0.0090, ref_loss = 0.0233, div_loss = 0.0081, 0.676 seconds/batch
2026-04-17 23:34:04,662 - Epoch 25, Batch 900, lr = 0.00005, final_loss = 3.7351, nll_loss = 3.6372, ref_nll_loss = 3.8330, ivc_loss = 0.0920, neg_loss_1 = 0.0178, neg_loss_2 = 0.0108, ref_loss = 0.0229, div_loss = 0.0081, 0.661 seconds/batch
2026-04-17 23:34:22,651 - Epoch 25, Batch 950, lr = 0.00005, final_loss = 3.7689, nll_loss = 3.6739, ref_nll_loss = 3.8639, ivc_loss = 0.0964, neg_loss_1 = 0.0184, neg_loss_2 = 0.0127, ref_loss = 0.0248, div_loss = 0.0081, 0.645 seconds/batch
2026-04-17 23:34:40,486 - Epoch 25, Batch 1000, lr = 0.00005, final_loss = 3.7783, nll_loss = 3.6845, ref_nll_loss = 3.8720, ivc_loss = 0.0962, neg_loss_1 = 0.0206, neg_loss_2 = 0.0098, ref_loss = 0.0242, div_loss = 0.0083, 0.631 seconds/batch
2026-04-17 23:34:58,434 - Epoch 25, Batch 1050, lr = 0.00005, final_loss = 3.7453, nll_loss = 3.6527, ref_nll_loss = 3.8378, ivc_loss = 0.0914, neg_loss_1 = 0.0181, neg_loss_2 = 0.0094, ref_loss = 0.0246, div_loss = 0.0079, 0.618 seconds/batch
2026-04-17 23:35:16,432 - Epoch 25, Batch 1100, lr = 0.00005, final_loss = 3.7728, nll_loss = 3.6783, ref_nll_loss = 3.8674, ivc_loss = 0.0914, neg_loss_1 = 0.0179, neg_loss_2 = 0.0098, ref_loss = 0.0232, div_loss = 0.0081, 0.606 seconds/batch
2026-04-17 23:35:34,566 - Epoch 25, Batch 1150, lr = 0.00005, final_loss = 3.7818, nll_loss = 3.6856, ref_nll_loss = 3.8779, ivc_loss = 0.0944, neg_loss_1 = 0.0172, neg_loss_2 = 0.0114, ref_loss = 0.0239, div_loss = 0.0084, 0.596 seconds/batch
2026-04-17 23:35:41,796 - Epoch 25, Batch 1170, lr = 0.00005, final_loss = 3.7373, nll_loss = 3.6438, ref_nll_loss = 3.8309, ivc_loss = 0.0966, neg_loss_1 = 0.0182, neg_loss_2 = 0.0102, ref_loss = 0.0245, div_loss = 0.0087, 0.592 seconds/batch
2026-04-17 23:35:41,874 - save model to checkpoints/activitynet_moe/cpl_moe/model-25.pt, num_updates 29250.
2026-04-17 23:39:03,796 - | R@1,mIoU 0.3354 | R@1,IoU@0.1 0.7549 | R@1,IoU@0.3 0.5636 | R@1,IoU@0.5 0.2596 | R@1,IoU@0.7 0.0929 | R@1,IoU@0.9 0.0144 | R@5,mIoU 0.5285 | R@5,IoU@0.1 0.9196 | R@5,IoU@0.3 0.7879 | R@5,IoU@0.5 0.5445 | R@5,IoU@0.7 0.3217 | R@5,IoU@0.9 0.0761 |
2026-04-17 23:39:03,868 - Best results have been updated.
2026-04-17 23:39:03,869 - ============================================================
2026-04-17 23:39:03,869 - Start Epoch 26
2026-04-17 23:39:34,168 - Epoch 26, Batch 50, lr = 0.00005, final_loss = 3.7430, nll_loss = 3.6461, ref_nll_loss = 3.8400, ivc_loss = 0.0941, neg_loss_1 = 0.0202, neg_loss_2 = 0.0107, ref_loss = 0.0212, div_loss = 0.0084, 0.606 seconds/batch
2026-04-17 23:40:04,095 - Epoch 26, Batch 100, lr = 0.00005, final_loss = 3.7533, nll_loss = 3.6568, ref_nll_loss = 3.8499, ivc_loss = 0.0894, neg_loss_1 = 0.0153, neg_loss_2 = 0.0083, ref_loss = 0.0239, div_loss = 0.0084, 0.602 seconds/batch
2026-04-17 23:40:33,933 - Epoch 26, Batch 150, lr = 0.00005, final_loss = 3.7187, nll_loss = 3.6235, ref_nll_loss = 3.8139, ivc_loss = 0.0945, neg_loss_1 = 0.0177, neg_loss_2 = 0.0093, ref_loss = 0.0233, div_loss = 0.0088, 0.600 seconds/batch
2026-04-17 23:41:04,085 - Epoch 26, Batch 200, lr = 0.00005, final_loss = 3.7231, nll_loss = 3.6279, ref_nll_loss = 3.8184, ivc_loss = 0.0938, neg_loss_1 = 0.0176, neg_loss_2 = 0.0108, ref_loss = 0.0218, div_loss = 0.0087, 0.601 seconds/batch
2026-04-17 23:41:33,998 - Epoch 26, Batch 250, lr = 0.00005, final_loss = 3.7354, nll_loss = 3.6401, ref_nll_loss = 3.8306, ivc_loss = 0.0982, neg_loss_1 = 0.0189, neg_loss_2 = 0.0103, ref_loss = 0.0240, div_loss = 0.0090, 0.601 seconds/batch
2026-04-17 23:42:04,209 - Epoch 26, Batch 300, lr = 0.00005, final_loss = 3.7395, nll_loss = 3.6470, ref_nll_loss = 3.8320, ivc_loss = 0.0944, neg_loss_1 = 0.0182, neg_loss_2 = 0.0089, ref_loss = 0.0248, div_loss = 0.0085, 0.601 seconds/batch
2026-04-17 23:42:34,292 - Epoch 26, Batch 350, lr = 0.00005, final_loss = 3.7613, nll_loss = 3.6643, ref_nll_loss = 3.8583, ivc_loss = 0.0894, neg_loss_1 = 0.0166, neg_loss_2 = 0.0109, ref_loss = 0.0215, div_loss = 0.0081, 0.601 seconds/batch
2026-04-17 23:43:04,410 - Epoch 26, Batch 400, lr = 0.00005, final_loss = 3.7372, nll_loss = 3.6436, ref_nll_loss = 3.8308, ivc_loss = 0.0961, neg_loss_1 = 0.0176, neg_loss_2 = 0.0135, ref_loss = 0.0225, div_loss = 0.0085, 0.601 seconds/batch
2026-04-17 23:43:34,756 - Epoch 26, Batch 450, lr = 0.00005, final_loss = 3.7034, nll_loss = 3.6054, ref_nll_loss = 3.8013, ivc_loss = 0.0924, neg_loss_1 = 0.0175, neg_loss_2 = 0.0107, ref_loss = 0.0229, div_loss = 0.0083, 0.602 seconds/batch
2026-04-17 23:44:05,008 - Epoch 26, Batch 500, lr = 0.00005, final_loss = 3.7405, nll_loss = 3.6425, ref_nll_loss = 3.8385, ivc_loss = 0.0917, neg_loss_1 = 0.0184, neg_loss_2 = 0.0098, ref_loss = 0.0219, div_loss = 0.0083, 0.602 seconds/batch
2026-04-17 23:44:35,019 - Epoch 26, Batch 550, lr = 0.00005, final_loss = 3.7577, nll_loss = 3.6597, ref_nll_loss = 3.8556, ivc_loss = 0.0955, neg_loss_1 = 0.0198, neg_loss_2 = 0.0077, ref_loss = 0.0241, div_loss = 0.0088, 0.602 seconds/batch
2026-04-17 23:45:05,392 - Epoch 26, Batch 600, lr = 0.00005, final_loss = 3.7535, nll_loss = 3.6553, ref_nll_loss = 3.8517, ivc_loss = 0.0948, neg_loss_1 = 0.0179, neg_loss_2 = 0.0097, ref_loss = 0.0253, div_loss = 0.0084, 0.603 seconds/batch
2026-04-17 23:45:35,548 - Epoch 26, Batch 650, lr = 0.00005, final_loss = 3.7524, nll_loss = 3.6574, ref_nll_loss = 3.8474, ivc_loss = 0.0970, neg_loss_1 = 0.0182, neg_loss_2 = 0.0129, ref_loss = 0.0255, div_loss = 0.0081, 0.603 seconds/batch
2026-04-17 23:46:05,989 - Epoch 26, Batch 700, lr = 0.00005, final_loss = 3.7567, nll_loss = 3.6574, ref_nll_loss = 3.8559, ivc_loss = 0.0893, neg_loss_1 = 0.0142, neg_loss_2 = 0.0121, ref_loss = 0.0230, div_loss = 0.0080, 0.603 seconds/batch
2026-04-17 23:46:36,110 - Epoch 26, Batch 750, lr = 0.00005, final_loss = 3.7745, nll_loss = 3.6797, ref_nll_loss = 3.8692, ivc_loss = 0.0942, neg_loss_1 = 0.0179, neg_loss_2 = 0.0103, ref_loss = 0.0235, div_loss = 0.0085, 0.603 seconds/batch
2026-04-17 23:47:06,454 - Epoch 26, Batch 800, lr = 0.00005, final_loss = 3.7492, nll_loss = 3.6524, ref_nll_loss = 3.8460, ivc_loss = 0.0940, neg_loss_1 = 0.0181, neg_loss_2 = 0.0120, ref_loss = 0.0227, div_loss = 0.0083, 0.603 seconds/batch
2026-04-17 23:47:31,954 - Epoch 26, Batch 850, lr = 0.00005, final_loss = 3.7242, nll_loss = 3.6245, ref_nll_loss = 3.8239, ivc_loss = 0.0940, neg_loss_1 = 0.0173, neg_loss_2 = 0.0103, ref_loss = 0.0225, div_loss = 0.0088, 0.598 seconds/batch
2026-04-17 23:47:52,798 - Epoch 26, Batch 900, lr = 0.00005, final_loss = 3.7631, nll_loss = 3.6675, ref_nll_loss = 3.8587, ivc_loss = 0.1008, neg_loss_1 = 0.0217, neg_loss_2 = 0.0108, ref_loss = 0.0251, div_loss = 0.0087, 0.588 seconds/batch
2026-04-17 23:48:10,784 - Epoch 26, Batch 950, lr = 0.00005, final_loss = 3.7564, nll_loss = 3.6582, ref_nll_loss = 3.8546, ivc_loss = 0.0973, neg_loss_1 = 0.0191, neg_loss_2 = 0.0124, ref_loss = 0.0228, div_loss = 0.0086, 0.576 seconds/batch
2026-04-17 23:48:28,666 - Epoch 26, Batch 1000, lr = 0.00005, final_loss = 3.7480, nll_loss = 3.6523, ref_nll_loss = 3.8436, ivc_loss = 0.0954, neg_loss_1 = 0.0190, neg_loss_2 = 0.0091, ref_loss = 0.0252, div_loss = 0.0084, 0.565 seconds/batch
2026-04-17 23:48:46,628 - Epoch 26, Batch 1050, lr = 0.00005, final_loss = 3.7653, nll_loss = 3.6710, ref_nll_loss = 3.8597, ivc_loss = 0.0952, neg_loss_1 = 0.0176, neg_loss_2 = 0.0113, ref_loss = 0.0244, div_loss = 0.0084, 0.555 seconds/batch
2026-04-17 23:49:04,596 - Epoch 26, Batch 1100, lr = 0.00005, final_loss = 3.7588, nll_loss = 3.6653, ref_nll_loss = 3.8523, ivc_loss = 0.0959, neg_loss_1 = 0.0178, neg_loss_2 = 0.0117, ref_loss = 0.0267, div_loss = 0.0079, 0.546 seconds/batch
2026-04-17 23:49:22,471 - Epoch 26, Batch 1150, lr = 0.00005, final_loss = 3.7300, nll_loss = 3.6318, ref_nll_loss = 3.8281, ivc_loss = 0.0930, neg_loss_1 = 0.0184, neg_loss_2 = 0.0097, ref_loss = 0.0224, div_loss = 0.0085, 0.538 seconds/batch
2026-04-17 23:49:29,624 - Epoch 26, Batch 1170, lr = 0.00005, final_loss = 3.7432, nll_loss = 3.6451, ref_nll_loss = 3.8414, ivc_loss = 0.0916, neg_loss_1 = 0.0183, neg_loss_2 = 0.0132, ref_loss = 0.0209, div_loss = 0.0078, 0.535 seconds/batch
2026-04-17 23:49:29,695 - save model to checkpoints/activitynet_moe/cpl_moe/model-26.pt, num_updates 30420.
2026-04-17 23:51:19,933 - | R@1,mIoU 0.3151 | R@1,IoU@0.1 0.7287 | R@1,IoU@0.3 0.5381 | R@1,IoU@0.5 0.2307 | R@1,IoU@0.7 0.0735 | R@1,IoU@0.9 0.0081 | R@5,mIoU 0.5294 | R@5,IoU@0.1 0.9190 | R@5,IoU@0.3 0.7867 | R@5,IoU@0.5 0.5409 | R@5,IoU@0.7 0.3234 | R@5,IoU@0.9 0.0786 |
2026-04-17 23:51:19,933 - ============================================================
2026-04-17 23:51:19,933 - Start Epoch 27
2026-04-17 23:51:31,484 - Epoch 27, Batch 50, lr = 0.00005, final_loss = 3.7077, nll_loss = 3.6105, ref_nll_loss = 3.8048, ivc_loss = 0.0965, neg_loss_1 = 0.0186, neg_loss_2 = 0.0123, ref_loss = 0.0233, div_loss = 0.0085, 0.231 seconds/batch
2026-04-17 23:51:42,535 - Epoch 27, Batch 100, lr = 0.00005, final_loss = 3.7341, nll_loss = 3.6364, ref_nll_loss = 3.8317, ivc_loss = 0.0947, neg_loss_1 = 0.0206, neg_loss_2 = 0.0099, ref_loss = 0.0228, div_loss = 0.0083, 0.226 seconds/batch
2026-04-17 23:51:53,822 - Epoch 27, Batch 150, lr = 0.00005, final_loss = 3.7201, nll_loss = 3.6294, ref_nll_loss = 3.8108, ivc_loss = 0.0983, neg_loss_1 = 0.0195, neg_loss_2 = 0.0099, ref_loss = 0.0267, div_loss = 0.0084, 0.226 seconds/batch
2026-04-17 23:52:04,915 - Epoch 27, Batch 200, lr = 0.00005, final_loss = 3.7009, nll_loss = 3.6053, ref_nll_loss = 3.7965, ivc_loss = 0.0973, neg_loss_1 = 0.0183, neg_loss_2 = 0.0106, ref_loss = 0.0247, div_loss = 0.0087, 0.225 seconds/batch
2026-04-17 23:52:16,139 - Epoch 27, Batch 250, lr = 0.00005, final_loss = 3.7318, nll_loss = 3.6352, ref_nll_loss = 3.8284, ivc_loss = 0.0938, neg_loss_1 = 0.0189, neg_loss_2 = 0.0094, ref_loss = 0.0219, div_loss = 0.0087, 0.225 seconds/batch
2026-04-17 23:52:27,263 - Epoch 27, Batch 300, lr = 0.00005, final_loss = 3.7384, nll_loss = 3.6442, ref_nll_loss = 3.8325, ivc_loss = 0.0950, neg_loss_1 = 0.0164, neg_loss_2 = 0.0102, ref_loss = 0.0248, div_loss = 0.0087, 0.224 seconds/batch
2026-04-17 23:52:38,559 - Epoch 27, Batch 350, lr = 0.00005, final_loss = 3.7602, nll_loss = 3.6646, ref_nll_loss = 3.8559, ivc_loss = 0.0952, neg_loss_1 = 0.0186, neg_loss_2 = 0.0098, ref_loss = 0.0250, div_loss = 0.0084, 0.225 seconds/batch
2026-04-17 23:52:49,642 - Epoch 27, Batch 400, lr = 0.00005, final_loss = 3.7486, nll_loss = 3.6528, ref_nll_loss = 3.8444, ivc_loss = 0.0945, neg_loss_1 = 0.0165, neg_loss_2 = 0.0130, ref_loss = 0.0245, div_loss = 0.0081, 0.224 seconds/batch
2026-04-17 23:53:00,844 - Epoch 27, Batch 450, lr = 0.00005, final_loss = 3.7486, nll_loss = 3.6483, ref_nll_loss = 3.8490, ivc_loss = 0.1026, neg_loss_1 = 0.0177, neg_loss_2 = 0.0114, ref_loss = 0.0243, div_loss = 0.0098, 0.224 seconds/batch
2026-04-17 23:53:12,266 - Epoch 27, Batch 500, lr = 0.00005, final_loss = 3.7244, nll_loss = 3.6253, ref_nll_loss = 3.8235, ivc_loss = 0.0947, neg_loss_1 = 0.0169, neg_loss_2 = 0.0127, ref_loss = 0.0213, div_loss = 0.0088, 0.225 seconds/batch
2026-04-17 23:53:23,292 - Epoch 27, Batch 550, lr = 0.00005, final_loss = 3.7296, nll_loss = 3.6321, ref_nll_loss = 3.8272, ivc_loss = 0.0928, neg_loss_1 = 0.0194, neg_loss_2 = 0.0098, ref_loss = 0.0226, div_loss = 0.0082, 0.224 seconds/batch
2026-04-17 23:53:34,195 - Epoch 27, Batch 600, lr = 0.00005, final_loss = 3.7322, nll_loss = 3.6369, ref_nll_loss = 3.8275, ivc_loss = 0.0892, neg_loss_1 = 0.0161, neg_loss_2 = 0.0108, ref_loss = 0.0224, div_loss = 0.0080, 0.224 seconds/batch
2026-04-17 23:53:45,348 - Epoch 27, Batch 650, lr = 0.00005, final_loss = 3.7184, nll_loss = 3.6204, ref_nll_loss = 3.8163, ivc_loss = 0.0930, neg_loss_1 = 0.0173, neg_loss_2 = 0.0105, ref_loss = 0.0243, div_loss = 0.0082, 0.224 seconds/batch
2026-04-17 23:53:56,452 - Epoch 27, Batch 700, lr = 0.00005, final_loss = 3.7436, nll_loss = 3.6453, ref_nll_loss = 3.8420, ivc_loss = 0.0916, neg_loss_1 = 0.0173, neg_loss_2 = 0.0095, ref_loss = 0.0224, div_loss = 0.0085, 0.224 seconds/batch
2026-04-17 23:54:07,713 - Epoch 27, Batch 750, lr = 0.00005, final_loss = 3.7671, nll_loss = 3.6678, ref_nll_loss = 3.8664, ivc_loss = 0.0965, neg_loss_1 = 0.0190, neg_loss_2 = 0.0094, ref_loss = 0.0240, div_loss = 0.0088, 0.224 seconds/batch
2026-04-17 23:54:18,892 - Epoch 27, Batch 800, lr = 0.00005, final_loss = 3.7471, nll_loss = 3.6493, ref_nll_loss = 3.8450, ivc_loss = 0.0955, neg_loss_1 = 0.0174, neg_loss_2 = 0.0116, ref_loss = 0.0252, div_loss = 0.0083, 0.224 seconds/batch
2026-04-17 23:54:29,988 - Epoch 27, Batch 850, lr = 0.00005, final_loss = 3.7213, nll_loss = 3.6271, ref_nll_loss = 3.8155, ivc_loss = 0.0909, neg_loss_1 = 0.0174, neg_loss_2 = 0.0095, ref_loss = 0.0243, div_loss = 0.0079, 0.224 seconds/batch
2026-04-17 23:54:41,211 - Epoch 27, Batch 900, lr = 0.00005, final_loss = 3.7375, nll_loss = 3.6425, ref_nll_loss = 3.8325, ivc_loss = 0.0957, neg_loss_1 = 0.0183, neg_loss_2 = 0.0110, ref_loss = 0.0245, div_loss = 0.0084, 0.224 seconds/batch
2026-04-17 23:54:52,408 - Epoch 27, Batch 950, lr = 0.00005, final_loss = 3.7363, nll_loss = 3.6416, ref_nll_loss = 3.8311, ivc_loss = 0.0967, neg_loss_1 = 0.0188, neg_loss_2 = 0.0113, ref_loss = 0.0233, div_loss = 0.0087, 0.224 seconds/batch
2026-04-17 23:55:03,547 - Epoch 27, Batch 1000, lr = 0.00005, final_loss = 3.7382, nll_loss = 3.6417, ref_nll_loss = 3.8347, ivc_loss = 0.0947, neg_loss_1 = 0.0185, neg_loss_2 = 0.0107, ref_loss = 0.0217, div_loss = 0.0088, 0.224 seconds/batch
2026-04-17 23:55:14,590 - Epoch 27, Batch 1050, lr = 0.00005, final_loss = 3.7464, nll_loss = 3.6443, ref_nll_loss = 3.8485, ivc_loss = 0.0953, neg_loss_1 = 0.0209, neg_loss_2 = 0.0105, ref_loss = 0.0200, div_loss = 0.0088, 0.223 seconds/batch
2026-04-17 23:55:25,584 - Epoch 27, Batch 1100, lr = 0.00005, final_loss = 3.7211, nll_loss = 3.6201, ref_nll_loss = 3.8220, ivc_loss = 0.0948, neg_loss_1 = 0.0177, neg_loss_2 = 0.0138, ref_loss = 0.0202, div_loss = 0.0086, 0.223 seconds/batch
2026-04-17 23:55:36,864 - Epoch 27, Batch 1150, lr = 0.00005, final_loss = 3.7345, nll_loss = 3.6357, ref_nll_loss = 3.8333, ivc_loss = 0.0955, neg_loss_1 = 0.0178, neg_loss_2 = 0.0104, ref_loss = 0.0248, div_loss = 0.0085, 0.223 seconds/batch
2026-04-17 23:55:41,342 - Epoch 27, Batch 1170, lr = 0.00005, final_loss = 3.7748, nll_loss = 3.6764, ref_nll_loss = 3.8733, ivc_loss = 0.0917, neg_loss_1 = 0.0152, neg_loss_2 = 0.0103, ref_loss = 0.0213, div_loss = 0.0090, 0.223 seconds/batch
2026-04-17 23:55:41,407 - save model to checkpoints/activitynet_moe/cpl_moe/model-27.pt, num_updates 31590.
2026-04-17 23:57:27,819 - | R@1,mIoU 0.3349 | R@1,IoU@0.1 0.7510 | R@1,IoU@0.3 0.5653 | R@1,IoU@0.5 0.2606 | R@1,IoU@0.7 0.0941 | R@1,IoU@0.9 0.0153 | R@5,mIoU 0.5274 | R@5,IoU@0.1 0.9207 | R@5,IoU@0.3 0.7891 | R@5,IoU@0.5 0.5397 | R@5,IoU@0.7 0.3226 | R@5,IoU@0.9 0.0786 |
2026-04-17 23:57:27,820 - ============================================================
2026-04-17 23:57:27,820 - Start Epoch 28
2026-04-17 23:57:39,094 - Epoch 28, Batch 50, lr = 0.00004, final_loss = 3.7106, nll_loss = 3.6131, ref_nll_loss = 3.8081, ivc_loss = 0.0939, neg_loss_1 = 0.0195, neg_loss_2 = 0.0093, ref_loss = 0.0221, div_loss = 0.0086, 0.225 seconds/batch
2026-04-17 23:57:50,167 - Epoch 28, Batch 100, lr = 0.00004, final_loss = 3.7161, nll_loss = 3.6146, ref_nll_loss = 3.8177, ivc_loss = 0.0932, neg_loss_1 = 0.0200, neg_loss_2 = 0.0089, ref_loss = 0.0216, div_loss = 0.0086, 0.223 seconds/batch
2026-04-17 23:58:01,325 - Epoch 28, Batch 150, lr = 0.00004, final_loss = 3.7017, nll_loss = 3.6000, ref_nll_loss = 3.8033, ivc_loss = 0.0890, neg_loss_1 = 0.0141, neg_loss_2 = 0.0109, ref_loss = 0.0205, div_loss = 0.0087, 0.223 seconds/batch
2026-04-17 23:58:12,395 - Epoch 28, Batch 200, lr = 0.00004, final_loss = 3.7181, nll_loss = 3.6213, ref_nll_loss = 3.8150, ivc_loss = 0.0949, neg_loss_1 = 0.0180, neg_loss_2 = 0.0103, ref_loss = 0.0233, div_loss = 0.0087, 0.223 seconds/batch
2026-04-17 23:58:23,542 - Epoch 28, Batch 250, lr = 0.00004, final_loss = 3.7120, nll_loss = 3.6121, ref_nll_loss = 3.8119, ivc_loss = 0.0941, neg_loss_1 = 0.0175, neg_loss_2 = 0.0098, ref_loss = 0.0218, div_loss = 0.0090, 0.223 seconds/batch
2026-04-17 23:58:34,569 - Epoch 28, Batch 300, lr = 0.00004, final_loss = 3.6962, nll_loss = 3.5977, ref_nll_loss = 3.7948, ivc_loss = 0.0946, neg_loss_1 = 0.0189, neg_loss_2 = 0.0098, ref_loss = 0.0241, div_loss = 0.0083, 0.222 seconds/batch
2026-04-17 23:58:45,757 - Epoch 28, Batch 350, lr = 0.00004, final_loss = 3.7329, nll_loss = 3.6349, ref_nll_loss = 3.8309, ivc_loss = 0.0926, neg_loss_1 = 0.0156, neg_loss_2 = 0.0114, ref_loss = 0.0227, div_loss = 0.0086, 0.223 seconds/batch
2026-04-17 23:58:56,844 - Epoch 28, Batch 400, lr = 0.00004, final_loss = 3.7105, nll_loss = 3.6131, ref_nll_loss = 3.8079, ivc_loss = 0.0901, neg_loss_1 = 0.0160, neg_loss_2 = 0.0099, ref_loss = 0.0235, div_loss = 0.0081, 0.223 seconds/batch
2026-04-17 23:59:07,813 - Epoch 28, Batch 450, lr = 0.00004, final_loss = 3.7393, nll_loss = 3.6394, ref_nll_loss = 3.8393, ivc_loss = 0.0911, neg_loss_1 = 0.0171, neg_loss_2 = 0.0116, ref_loss = 0.0211, div_loss = 0.0083, 0.222 seconds/batch
2026-04-17 23:59:19,054 - Epoch 28, Batch 500, lr = 0.00004, final_loss = 3.7177, nll_loss = 3.6212, ref_nll_loss = 3.8141, ivc_loss = 0.0976, neg_loss_1 = 0.0189, neg_loss_2 = 0.0115, ref_loss = 0.0244, div_loss = 0.0086, 0.222 seconds/batch
2026-04-17 23:59:30,294 - Epoch 28, Batch 550, lr = 0.00004, final_loss = 3.7308, nll_loss = 3.6339, ref_nll_loss = 3.8277, ivc_loss = 0.0914, neg_loss_1 = 0.0170, neg_loss_2 = 0.0108, ref_loss = 0.0214, div_loss = 0.0084, 0.223 seconds/batch
2026-04-17 23:59:41,489 - Epoch 28, Batch 600, lr = 0.00004, final_loss = 3.7575, nll_loss = 3.6582, ref_nll_loss = 3.8569, ivc_loss = 0.0937, neg_loss_1 = 0.0195, neg_loss_2 = 0.0102, ref_loss = 0.0224, div_loss = 0.0083, 0.223 seconds/batch
2026-04-17 23:59:52,592 - Epoch 28, Batch 650, lr = 0.00004, final_loss = 3.7224, nll_loss = 3.6244, ref_nll_loss = 3.8204, ivc_loss = 0.0964, neg_loss_1 = 0.0182, neg_loss_2 = 0.0105, ref_loss = 0.0248, div_loss = 0.0086, 0.223 seconds/batch
2026-04-18 00:00:03,977 - Epoch 28, Batch 700, lr = 0.00004, final_loss = 3.7314, nll_loss = 3.6368, ref_nll_loss = 3.8260, ivc_loss = 0.0905, neg_loss_1 = 0.0162, neg_loss_2 = 0.0106, ref_loss = 0.0225, div_loss = 0.0082, 0.223 seconds/batch
2026-04-18 00:00:15,149 - Epoch 28, Batch 750, lr = 0.00004, final_loss = 3.7672, nll_loss = 3.6717, ref_nll_loss = 3.8627, ivc_loss = 0.0949, neg_loss_1 = 0.0193, neg_loss_2 = 0.0108, ref_loss = 0.0237, div_loss = 0.0082, 0.223 seconds/batch
2026-04-18 00:00:26,267 - Epoch 28, Batch 800, lr = 0.00004, final_loss = 3.7208, nll_loss = 3.6231, ref_nll_loss = 3.8186, ivc_loss = 0.0946, neg_loss_1 = 0.0181, neg_loss_2 = 0.0091, ref_loss = 0.0238, div_loss = 0.0087, 0.223 seconds/batch
2026-04-18 00:00:37,336 - Epoch 28, Batch 850, lr = 0.00004, final_loss = 3.7325, nll_loss = 3.6351, ref_nll_loss = 3.8298, ivc_loss = 0.0905, neg_loss_1 = 0.0163, neg_loss_2 = 0.0092, ref_loss = 0.0229, div_loss = 0.0084, 0.223 seconds/batch
2026-04-18 00:00:48,467 - Epoch 28, Batch 900, lr = 0.00004, final_loss = 3.7380, nll_loss = 3.6400, ref_nll_loss = 3.8359, ivc_loss = 0.0960, neg_loss_1 = 0.0156, neg_loss_2 = 0.0123, ref_loss = 0.0232, div_loss = 0.0090, 0.223 seconds/batch
2026-04-18 00:00:59,506 - Epoch 28, Batch 950, lr = 0.00004, final_loss = 3.7242, nll_loss = 3.6266, ref_nll_loss = 3.8218, ivc_loss = 0.0957, neg_loss_1 = 0.0174, neg_loss_2 = 0.0099, ref_loss = 0.0236, div_loss = 0.0090, 0.223 seconds/batch
2026-04-18 00:01:10,766 - Epoch 28, Batch 1000, lr = 0.00004, final_loss = 3.7089, nll_loss = 3.6099, ref_nll_loss = 3.8079, ivc_loss = 0.0982, neg_loss_1 = 0.0185, neg_loss_2 = 0.0107, ref_loss = 0.0234, div_loss = 0.0091, 0.223 seconds/batch
2026-04-18 00:01:21,696 - Epoch 28, Batch 1050, lr = 0.00004, final_loss = 3.7304, nll_loss = 3.6315, ref_nll_loss = 3.8294, ivc_loss = 0.0929, neg_loss_1 = 0.0158, neg_loss_2 = 0.0123, ref_loss = 0.0227, div_loss = 0.0084, 0.223 seconds/batch
2026-04-18 00:01:32,966 - Epoch 28, Batch 1100, lr = 0.00004, final_loss = 3.7355, nll_loss = 3.6371, ref_nll_loss = 3.8339, ivc_loss = 0.0978, neg_loss_1 = 0.0204, neg_loss_2 = 0.0114, ref_loss = 0.0226, div_loss = 0.0087, 0.223 seconds/batch
2026-04-18 00:01:44,082 - Epoch 28, Batch 1150, lr = 0.00004, final_loss = 3.7254, nll_loss = 3.6216, ref_nll_loss = 3.8292, ivc_loss = 0.0925, neg_loss_1 = 0.0186, neg_loss_2 = 0.0094, ref_loss = 0.0222, div_loss = 0.0085, 0.223 seconds/batch
2026-04-18 00:01:48,435 - Epoch 28, Batch 1170, lr = 0.00004, final_loss = 3.7308, nll_loss = 3.6384, ref_nll_loss = 3.8231, ivc_loss = 0.0945, neg_loss_1 = 0.0191, neg_loss_2 = 0.0103, ref_loss = 0.0217, div_loss = 0.0087, 0.223 seconds/batch
2026-04-18 00:01:48,505 - save model to checkpoints/activitynet_moe/cpl_moe/model-28.pt, num_updates 32760.
2026-04-18 00:03:34,710 - | R@1,mIoU 0.3274 | R@1,IoU@0.1 0.7383 | R@1,IoU@0.3 0.5596 | R@1,IoU@0.5 0.2522 | R@1,IoU@0.7 0.0797 | R@1,IoU@0.9 0.0095 | R@5,mIoU 0.5269 | R@5,IoU@0.1 0.9190 | R@5,IoU@0.3 0.7861 | R@5,IoU@0.5 0.5397 | R@5,IoU@0.7 0.3197 | R@5,IoU@0.9 0.0763 |
2026-04-18 00:03:34,710 - ============================================================
2026-04-18 00:03:34,710 - Start Epoch 29
2026-04-18 00:03:46,268 - Epoch 29, Batch 50, lr = 0.00004, final_loss = 3.7318, nll_loss = 3.6337, ref_nll_loss = 3.8300, ivc_loss = 0.0910, neg_loss_1 = 0.0149, neg_loss_2 = 0.0098, ref_loss = 0.0231, div_loss = 0.0086, 0.231 seconds/batch
2026-04-18 00:03:57,422 - Epoch 29, Batch 100, lr = 0.00004, final_loss = 3.7072, nll_loss = 3.6092, ref_nll_loss = 3.8052, ivc_loss = 0.0939, neg_loss_1 = 0.0164, neg_loss_2 = 0.0111, ref_loss = 0.0239, div_loss = 0.0085, 0.227 seconds/batch
2026-04-18 00:04:08,525 - Epoch 29, Batch 150, lr = 0.00004, final_loss = 3.7064, nll_loss = 3.6068, ref_nll_loss = 3.8059, ivc_loss = 0.0931, neg_loss_1 = 0.0178, neg_loss_2 = 0.0114, ref_loss = 0.0212, div_loss = 0.0085, 0.225 seconds/batch
2026-04-18 00:04:19,557 - Epoch 29, Batch 200, lr = 0.00004, final_loss = 3.7221, nll_loss = 3.6250, ref_nll_loss = 3.8193, ivc_loss = 0.0929, neg_loss_1 = 0.0169, neg_loss_2 = 0.0098, ref_loss = 0.0238, div_loss = 0.0085, 0.224 seconds/batch
2026-04-18 00:04:30,610 - Epoch 29, Batch 250, lr = 0.00004, final_loss = 3.6851, nll_loss = 3.5838, ref_nll_loss = 3.7863, ivc_loss = 0.0927, neg_loss_1 = 0.0162, neg_loss_2 = 0.0114, ref_loss = 0.0222, div_loss = 0.0086, 0.224 seconds/batch
2026-04-18 00:04:41,803 - Epoch 29, Batch 300, lr = 0.00004, final_loss = 3.7003, nll_loss = 3.6016, ref_nll_loss = 3.7991, ivc_loss = 0.0940, neg_loss_1 = 0.0155, neg_loss_2 = 0.0098, ref_loss = 0.0232, div_loss = 0.0091, 0.224 seconds/batch
2026-04-18 00:04:52,824 - Epoch 29, Batch 350, lr = 0.00004, final_loss = 3.7216, nll_loss = 3.6233, ref_nll_loss = 3.8199, ivc_loss = 0.0995, neg_loss_1 = 0.0189, neg_loss_2 = 0.0114, ref_loss = 0.0220, div_loss = 0.0094, 0.223 seconds/batch
2026-04-18 00:05:03,786 - Epoch 29, Batch 400, lr = 0.00004, final_loss = 3.6854, nll_loss = 3.5853, ref_nll_loss = 3.7855, ivc_loss = 0.0969, neg_loss_1 = 0.0192, neg_loss_2 = 0.0099, ref_loss = 0.0238, div_loss = 0.0088, 0.223 seconds/batch
2026-04-18 00:05:14,896 - Epoch 29, Batch 450, lr = 0.00004, final_loss = 3.7247, nll_loss = 3.6262, ref_nll_loss = 3.8233, ivc_loss = 0.0931, neg_loss_1 = 0.0170, neg_loss_2 = 0.0113, ref_loss = 0.0231, div_loss = 0.0083, 0.223 seconds/batch
2026-04-18 00:05:25,979 - Epoch 29, Batch 500, lr = 0.00004, final_loss = 3.7109, nll_loss = 3.6169, ref_nll_loss = 3.8048, ivc_loss = 0.0992, neg_loss_1 = 0.0192, neg_loss_2 = 0.0146, ref_loss = 0.0250, div_loss = 0.0081, 0.223 seconds/batch
2026-04-18 00:05:36,948 - Epoch 29, Batch 550, lr = 0.00004, final_loss = 3.7007, nll_loss = 3.6031, ref_nll_loss = 3.7983, ivc_loss = 0.0939, neg_loss_1 = 0.0180, neg_loss_2 = 0.0099, ref_loss = 0.0247, div_loss = 0.0083, 0.222 seconds/batch
2026-04-18 00:05:48,050 - Epoch 29, Batch 600, lr = 0.00004, final_loss = 3.7045, nll_loss = 3.6079, ref_nll_loss = 3.8011, ivc_loss = 0.0971, neg_loss_1 = 0.0181, neg_loss_2 = 0.0115, ref_loss = 0.0240, div_loss = 0.0087, 0.222 seconds/batch
2026-04-18 00:05:59,194 - Epoch 29, Batch 650, lr = 0.00004, final_loss = 3.7029, nll_loss = 3.6023, ref_nll_loss = 3.8035, ivc_loss = 0.0963, neg_loss_1 = 0.0170, neg_loss_2 = 0.0107, ref_loss = 0.0247, div_loss = 0.0088, 0.222 seconds/batch
2026-04-18 00:06:10,323 - Epoch 29, Batch 700, lr = 0.00004, final_loss = 3.7149, nll_loss = 3.6198, ref_nll_loss = 3.8100, ivc_loss = 0.0989, neg_loss_1 = 0.0210, neg_loss_2 = 0.0111, ref_loss = 0.0233, div_loss = 0.0087, 0.222 seconds/batch
2026-04-18 00:06:21,470 - Epoch 29, Batch 750, lr = 0.00004, final_loss = 3.7156, nll_loss = 3.6144, ref_nll_loss = 3.8168, ivc_loss = 0.0961, neg_loss_1 = 0.0178, neg_loss_2 = 0.0108, ref_loss = 0.0219, div_loss = 0.0091, 0.222 seconds/batch
2026-04-18 00:06:32,519 - Epoch 29, Batch 800, lr = 0.00004, final_loss = 3.7302, nll_loss = 3.6354, ref_nll_loss = 3.8251, ivc_loss = 0.0998, neg_loss_1 = 0.0168, neg_loss_2 = 0.0136, ref_loss = 0.0263, div_loss = 0.0086, 0.222 seconds/batch
2026-04-18 00:06:43,733 - Epoch 29, Batch 850, lr = 0.00004, final_loss = 3.7255, nll_loss = 3.6306, ref_nll_loss = 3.8204, ivc_loss = 0.1005, neg_loss_1 = 0.0201, neg_loss_2 = 0.0119, ref_loss = 0.0244, div_loss = 0.0088, 0.222 seconds/batch
2026-04-18 00:06:54,810 - Epoch 29, Batch 900, lr = 0.00004, final_loss = 3.7045, nll_loss = 3.6099, ref_nll_loss = 3.7992, ivc_loss = 0.0986, neg_loss_1 = 0.0199, neg_loss_2 = 0.0111, ref_loss = 0.0243, div_loss = 0.0086, 0.222 seconds/batch
2026-04-18 00:07:06,152 - Epoch 29, Batch 950, lr = 0.00004, final_loss = 3.7500, nll_loss = 3.6475, ref_nll_loss = 3.8525, ivc_loss = 0.0904, neg_loss_1 = 0.0166, neg_loss_2 = 0.0097, ref_loss = 0.0212, div_loss = 0.0086, 0.223 seconds/batch
2026-04-18 00:07:17,312 - Epoch 29, Batch 1000, lr = 0.00004, final_loss = 3.7048, nll_loss = 3.6040, ref_nll_loss = 3.8056, ivc_loss = 0.0907, neg_loss_1 = 0.0177, neg_loss_2 = 0.0118, ref_loss = 0.0210, div_loss = 0.0081, 0.223 seconds/batch
2026-04-18 00:07:28,440 - Epoch 29, Batch 1050, lr = 0.00004, final_loss = 3.7153, nll_loss = 3.6159, ref_nll_loss = 3.8148, ivc_loss = 0.0941, neg_loss_1 = 0.0179, neg_loss_2 = 0.0129, ref_loss = 0.0223, div_loss = 0.0082, 0.223 seconds/batch
2026-04-18 00:07:39,698 - Epoch 29, Batch 1100, lr = 0.00004, final_loss = 3.7601, nll_loss = 3.6628, ref_nll_loss = 3.8574, ivc_loss = 0.0945, neg_loss_1 = 0.0192, neg_loss_2 = 0.0095, ref_loss = 0.0232, div_loss = 0.0085, 0.223 seconds/batch
2026-04-18 00:07:50,828 - Epoch 29, Batch 1150, lr = 0.00004, final_loss = 3.7329, nll_loss = 3.6333, ref_nll_loss = 3.8326, ivc_loss = 0.0938, neg_loss_1 = 0.0181, neg_loss_2 = 0.0102, ref_loss = 0.0227, div_loss = 0.0086, 0.223 seconds/batch
2026-04-18 00:07:55,212 - Epoch 29, Batch 1170, lr = 0.00004, final_loss = 3.7275, nll_loss = 3.6187, ref_nll_loss = 3.8363, ivc_loss = 0.0888, neg_loss_1 = 0.0184, neg_loss_2 = 0.0077, ref_loss = 0.0177, div_loss = 0.0090, 0.223 seconds/batch
2026-04-18 00:07:55,282 - save model to checkpoints/activitynet_moe/cpl_moe/model-29.pt, num_updates 33930.
2026-04-18 00:09:42,303 - | R@1,mIoU 0.3353 | R@1,IoU@0.1 0.7564 | R@1,IoU@0.3 0.5580 | R@1,IoU@0.5 0.2598 | R@1,IoU@0.7 0.0945 | R@1,IoU@0.9 0.0156 | R@5,mIoU 0.5268 | R@5,IoU@0.1 0.9175 | R@5,IoU@0.3 0.7883 | R@5,IoU@0.5 0.5411 | R@5,IoU@0.7 0.3191 | R@5,IoU@0.9 0.0771 |
2026-04-18 00:09:42,304 - ============================================================
2026-04-18 00:09:42,304 - Start Epoch 30
2026-04-18 00:09:53,503 - Epoch 30, Batch 50, lr = 0.00004, final_loss = 3.6699, nll_loss = 3.5723, ref_nll_loss = 3.7676, ivc_loss = 0.0934, neg_loss_1 = 0.0184, neg_loss_2 = 0.0101, ref_loss = 0.0230, div_loss = 0.0084, 0.224 seconds/batch
2026-04-18 00:10:04,331 - Epoch 30, Batch 100, lr = 0.00004, final_loss = 3.6743, nll_loss = 3.5723, ref_nll_loss = 3.7762, ivc_loss = 0.0908, neg_loss_1 = 0.0191, neg_loss_2 = 0.0096, ref_loss = 0.0214, div_loss = 0.0081, 0.220 seconds/batch
2026-04-18 00:10:15,407 - Epoch 30, Batch 150, lr = 0.00004, final_loss = 3.7066, nll_loss = 3.6069, ref_nll_loss = 3.8064, ivc_loss = 0.0954, neg_loss_1 = 0.0178, neg_loss_2 = 0.0121, ref_loss = 0.0234, div_loss = 0.0084, 0.221 seconds/batch
2026-04-18 00:10:26,353 - Epoch 30, Batch 200, lr = 0.00004, final_loss = 3.6896, nll_loss = 3.5882, ref_nll_loss = 3.7911, ivc_loss = 0.0936, neg_loss_1 = 0.0178, neg_loss_2 = 0.0110, ref_loss = 0.0207, div_loss = 0.0088, 0.220 seconds/batch
2026-04-18 00:10:37,499 - Epoch 30, Batch 250, lr = 0.00004, final_loss = 3.7102, nll_loss = 3.6138, ref_nll_loss = 3.8067, ivc_loss = 0.0960, neg_loss_1 = 0.0197, neg_loss_2 = 0.0105, ref_loss = 0.0242, div_loss = 0.0083, 0.221 seconds/batch
2026-04-18 00:10:48,768 - Epoch 30, Batch 300, lr = 0.00004, final_loss = 3.6881, nll_loss = 3.5888, ref_nll_loss = 3.7874, ivc_loss = 0.0941, neg_loss_1 = 0.0179, neg_loss_2 = 0.0112, ref_loss = 0.0230, div_loss = 0.0084, 0.222 seconds/batch
2026-04-18 00:10:59,898 - Epoch 30, Batch 350, lr = 0.00004, final_loss = 3.6887, nll_loss = 3.5903, ref_nll_loss = 3.7871, ivc_loss = 0.0937, neg_loss_1 = 0.0177, neg_loss_2 = 0.0093, ref_loss = 0.0242, div_loss = 0.0085, 0.222 seconds/batch
2026-04-18 00:11:11,040 - Epoch 30, Batch 400, lr = 0.00004, final_loss = 3.7341, nll_loss = 3.6343, ref_nll_loss = 3.8339, ivc_loss = 0.0937, neg_loss_1 = 0.0164, neg_loss_2 = 0.0122, ref_loss = 0.0229, div_loss = 0.0084, 0.222 seconds/batch
2026-04-18 00:11:22,102 - Epoch 30, Batch 450, lr = 0.00004, final_loss = 3.6953, nll_loss = 3.5941, ref_nll_loss = 3.7964, ivc_loss = 0.0926, neg_loss_1 = 0.0177, neg_loss_2 = 0.0104, ref_loss = 0.0220, div_loss = 0.0085, 0.222 seconds/batch
2026-04-18 00:11:33,162 - Epoch 30, Batch 500, lr = 0.00004, final_loss = 3.7245, nll_loss = 3.6230, ref_nll_loss = 3.8260, ivc_loss = 0.0917, neg_loss_1 = 0.0173, neg_loss_2 = 0.0095, ref_loss = 0.0215, div_loss = 0.0087, 0.222 seconds/batch
2026-04-18 00:11:44,039 - Epoch 30, Batch 550, lr = 0.00004, final_loss = 3.7046, nll_loss = 3.6019, ref_nll_loss = 3.8073, ivc_loss = 0.0914, neg_loss_1 = 0.0161, neg_loss_2 = 0.0104, ref_loss = 0.0220, div_loss = 0.0086, 0.221 seconds/batch
2026-04-18 00:11:55,173 - Epoch 30, Batch 600, lr = 0.00004, final_loss = 3.7210, nll_loss = 3.6201, ref_nll_loss = 3.8218, ivc_loss = 0.0914, neg_loss_1 = 0.0162, neg_loss_2 = 0.0111, ref_loss = 0.0219, div_loss = 0.0084, 0.221 seconds/batch
2026-04-18 00:12:06,174 - Epoch 30, Batch 650, lr = 0.00004, final_loss = 3.6913, nll_loss = 3.5979, ref_nll_loss = 3.7848, ivc_loss = 0.0971, neg_loss_1 = 0.0163, neg_loss_2 = 0.0109, ref_loss = 0.0255, div_loss = 0.0089, 0.221 seconds/batch
2026-04-18 00:12:17,344 - Epoch 30, Batch 700, lr = 0.00004, final_loss = 3.6943, nll_loss = 3.5954, ref_nll_loss = 3.7932, ivc_loss = 0.0947, neg_loss_1 = 0.0154, neg_loss_2 = 0.0103, ref_loss = 0.0232, div_loss = 0.0091, 0.221 seconds/batch
2026-04-18 00:12:28,486 - Epoch 30, Batch 750, lr = 0.00004, final_loss = 3.7076, nll_loss = 3.6082, ref_nll_loss = 3.8070, ivc_loss = 0.0951, neg_loss_1 = 0.0165, neg_loss_2 = 0.0079, ref_loss = 0.0238, div_loss = 0.0094, 0.222 seconds/batch
2026-04-18 00:12:39,986 - Epoch 30, Batch 800, lr = 0.00004, final_loss = 3.7204, nll_loss = 3.6204, ref_nll_loss = 3.8204, ivc_loss = 0.0933, neg_loss_1 = 0.0146, neg_loss_2 = 0.0107, ref_loss = 0.0221, div_loss = 0.0092, 0.222 seconds/batch
2026-04-18 00:12:51,151 - Epoch 30, Batch 850, lr = 0.00004, final_loss = 3.7233, nll_loss = 3.6197, ref_nll_loss = 3.8269, ivc_loss = 0.0953, neg_loss_1 = 0.0190, neg_loss_2 = 0.0095, ref_loss = 0.0218, div_loss = 0.0090, 0.222 seconds/batch
2026-04-18 00:13:02,399 - Epoch 30, Batch 900, lr = 0.00004, final_loss = 3.7251, nll_loss = 3.6213, ref_nll_loss = 3.8289, ivc_loss = 0.0892, neg_loss_1 = 0.0159, neg_loss_2 = 0.0079, ref_loss = 0.0216, div_loss = 0.0088, 0.222 seconds/batch
2026-04-18 00:13:13,369 - Epoch 30, Batch 950, lr = 0.00004, final_loss = 3.7289, nll_loss = 3.6312, ref_nll_loss = 3.8266, ivc_loss = 0.0942, neg_loss_1 = 0.0168, neg_loss_2 = 0.0089, ref_loss = 0.0230, div_loss = 0.0091, 0.222 seconds/batch
2026-04-18 00:13:24,608 - Epoch 30, Batch 1000, lr = 0.00004, final_loss = 3.7231, nll_loss = 3.6238, ref_nll_loss = 3.8224, ivc_loss = 0.0980, neg_loss_1 = 0.0181, neg_loss_2 = 0.0108, ref_loss = 0.0236, div_loss = 0.0091, 0.222 seconds/batch
2026-04-18 00:13:35,708 - Epoch 30, Batch 1050, lr = 0.00004, final_loss = 3.7410, nll_loss = 3.6423, ref_nll_loss = 3.8396, ivc_loss = 0.0979, neg_loss_1 = 0.0192, neg_loss_2 = 0.0108, ref_loss = 0.0225, div_loss = 0.0091, 0.222 seconds/batch
2026-04-18 00:13:46,780 - Epoch 30, Batch 1100, lr = 0.00004, final_loss = 3.6963, nll_loss = 3.5974, ref_nll_loss = 3.7952, ivc_loss = 0.0915, neg_loss_1 = 0.0157, neg_loss_2 = 0.0104, ref_loss = 0.0224, div_loss = 0.0086, 0.222 seconds/batch
2026-04-18 00:13:58,173 - Epoch 30, Batch 1150, lr = 0.00004, final_loss = 3.7223, nll_loss = 3.6208, ref_nll_loss = 3.8238, ivc_loss = 0.0943, neg_loss_1 = 0.0175, neg_loss_2 = 0.0096, ref_loss = 0.0220, div_loss = 0.0090, 0.222 seconds/batch
2026-04-18 00:14:02,671 - Epoch 30, Batch 1170, lr = 0.00004, final_loss = 3.6927, nll_loss = 3.5902, ref_nll_loss = 3.7952, ivc_loss = 0.0923, neg_loss_1 = 0.0178, neg_loss_2 = 0.0082, ref_loss = 0.0212, div_loss = 0.0090, 0.223 seconds/batch
2026-04-18 00:14:02,741 - save model to checkpoints/activitynet_moe/cpl_moe/model-30.pt, num_updates 35100.
2026-04-18 00:15:50,098 - | R@1,mIoU 0.3056 | R@1,IoU@0.1 0.7139 | R@1,IoU@0.3 0.5212 | R@1,IoU@0.5 0.2218 | R@1,IoU@0.7 0.0632 | R@1,IoU@0.9 0.0057 | R@5,mIoU 0.5284 | R@5,IoU@0.1 0.9173 | R@5,IoU@0.3 0.7823 | R@5,IoU@0.5 0.5424 | R@5,IoU@0.7 0.3251 | R@5,IoU@0.9 0.0795 |
2026-04-18 00:15:50,099 - ============================================================
2026-04-18 00:15:50,099 - Best results:
2026-04-18 00:15:50,099 - | R@1,mIoU 0.3354 | R@1,IoU@0.1 0.7549 | R@1,IoU@0.3 0.5636 | R@1,IoU@0.5 0.2596 | R@1,IoU@0.7 0.0929 | R@1,IoU@0.9 0.0144 | R@5,mIoU 0.5285 | R@5,IoU@0.1 0.9196 | R@5,IoU@0.3 0.7879 | R@5,IoU@0.5 0.5445 | R@5,IoU@0.7 0.3217 | R@5,IoU@0.9 0.0761 |
