2026-05-06 15:10:37,608 - {'dataset': {'dataset': 'ActivityNet', 'feature_path': '/data/chenyuan/videogrounding/cpl-main/data/activitynet/sub_activitynet_v1-3.c3d.hdf5', 'vocab_size': 8000, 'word_dim': 300, 'frame_dim': 500, 'max_num_words': 20, 'max_num_frames': 200, 'target_stride': 1, 'train_data': 'data/activitynet/train_data.json', 'test_data': 'data/activitynet/test_data.json', 'val_data': 'data/activitynet/val_data.json', 'vocab_path': 'data/activitynet/glove.pkl'}, 'train': {'optimizer': {'lr': 0.0004, 'weight_decay': 0, 'warmup_updates': 400, 'warmup_init_lr': 1e-07}, 'batch_size': 32, 'max_num_epochs': 30, 'model_saved_path': 'checkpoints/activitynet_moe_v3/moe_v3'}, 'model': {'name': 'CPL_MoEv3', 'source': 'models_v3', 'config': {'frames_input_size': 500, 'words_input_size': 300, 'hidden_size': 256, 'use_negative': True, 'num_props': 8, 'sigma': 9, 'gamma': 0, 'dropout': 0.1, 'DualTransformer': {'d_model': 256, 'num_heads': 4, 'num_decoder_layers1': 3, 'num_decoder_layers2': 3, 'dropout': 0.1}, 'MoEv3': {'num_heads': 4, 'dropout': 0.1}}}, 'loss': {'margin_1': 0.1, 'margin_2': 0.15, 'lambda': 0.125, 'alpha_1': 2, 'alpha_2': 0.1, 'aux_loss_scale_schedule': [[3, 0.1], [8, 0.5], [30, 1.0]]}, '_comment': 'ActivityNet config for CPL_MoEv3. All hyperparameters aligned with baseline CPL (main.json). aux_loss_scale_schedule warm up entropy regularization gradually.', 'vote': True}
2026-05-06 15:10:38,002 - train: 37421 samples, test: 17031 samples
2026-05-06 15:10:38,671 - Start Epoch 1
2026-05-06 15:11:41,108 - Epoch 1, Batch 50, lr = 0.00005, aux_scale = 0.100,  final_loss = 8.8763, nll_loss = 8.8396, ref_nll_loss = 8.9130, ivc_loss = 0.4618, neg_loss_1 = 0.0837, neg_loss_2 = 0.0823, ref_loss = 0.0481, div_loss = 0.3367, aux_loss = 0.0016, 1.249 seconds/batch
2026-05-06 15:12:21,035 - Epoch 1, Batch 100, lr = 0.00010, aux_scale = 0.100,  final_loss = 7.9728, nll_loss = 7.9389, ref_nll_loss = 8.0066, ivc_loss = 0.3741, neg_loss_1 = 0.0669, neg_loss_2 = 0.0655, ref_loss = 0.0482, div_loss = 0.1280, aux_loss = 0.0032, 1.024 seconds/batch
2026-05-06 15:12:51,457 - Epoch 1, Batch 150, lr = 0.00015, aux_scale = 0.100,  final_loss = 7.2016, nll_loss = 7.1586, ref_nll_loss = 7.2446, ivc_loss = 0.3081, neg_loss_1 = 0.0570, neg_loss_2 = 0.0549, ref_loss = 0.0388, div_loss = 0.0675, aux_loss = 0.0026, 0.885 seconds/batch
2026-05-06 15:13:16,026 - Epoch 1, Batch 200, lr = 0.00020, aux_scale = 0.100,  final_loss = 6.6542, nll_loss = 6.6075, ref_nll_loss = 6.7010, ivc_loss = 0.2732, neg_loss_1 = 0.0516, neg_loss_2 = 0.0469, ref_loss = 0.0352, div_loss = 0.0578, aux_loss = 0.0011, 0.787 seconds/batch
2026-05-06 15:13:35,491 - Epoch 1, Batch 250, lr = 0.00025, aux_scale = 0.100,  final_loss = 6.3723, nll_loss = 6.3212, ref_nll_loss = 6.4234, ivc_loss = 0.2472, neg_loss_1 = 0.0447, neg_loss_2 = 0.0442, ref_loss = 0.0318, div_loss = 0.0586, aux_loss = 0.0005, 0.707 seconds/batch
2026-05-06 15:13:51,358 - Epoch 1, Batch 300, lr = 0.00030, aux_scale = 0.100,  final_loss = 6.2203, nll_loss = 6.1698, ref_nll_loss = 6.2708, ivc_loss = 0.2477, neg_loss_1 = 0.0468, neg_loss_2 = 0.0409, ref_loss = 0.0332, div_loss = 0.0585, aux_loss = 0.0021, 0.642 seconds/batch
2026-05-06 15:14:05,102 - Epoch 1, Batch 350, lr = 0.00035, aux_scale = 0.100,  final_loss = 6.1348, nll_loss = 6.0812, ref_nll_loss = 6.1884, ivc_loss = 0.2415, neg_loss_1 = 0.0431, neg_loss_2 = 0.0422, ref_loss = 0.0324, div_loss = 0.0609, aux_loss = 0.0029, 0.590 seconds/batch
2026-05-06 15:14:16,760 - Epoch 1, Batch 400, lr = 0.00040, aux_scale = 0.100,  final_loss = 6.0586, nll_loss = 6.0031, ref_nll_loss = 6.1141, ivc_loss = 0.2263, neg_loss_1 = 0.0385, neg_loss_2 = 0.0396, ref_loss = 0.0316, div_loss = 0.0662, aux_loss = 0.0015, 0.545 seconds/batch
2026-05-06 15:14:28,396 - Epoch 1, Batch 450, lr = 0.00038, aux_scale = 0.100,  final_loss = 6.0252, nll_loss = 5.9618, ref_nll_loss = 6.0886, ivc_loss = 0.2097, neg_loss_1 = 0.0368, neg_loss_2 = 0.0377, ref_loss = 0.0274, div_loss = 0.0588, aux_loss = 0.0011, 0.511 seconds/batch
2026-05-06 15:14:39,735 - Epoch 1, Batch 500, lr = 0.00036, aux_scale = 0.100,  final_loss = 5.9203, nll_loss = 5.8598, ref_nll_loss = 5.9809, ivc_loss = 0.2011, neg_loss_1 = 0.0337, neg_loss_2 = 0.0346, ref_loss = 0.0294, div_loss = 0.0574, aux_loss = 0.0038, 0.482 seconds/batch
2026-05-06 15:14:51,159 - Epoch 1, Batch 550, lr = 0.00034, aux_scale = 0.100,  final_loss = 5.9075, nll_loss = 5.8450, ref_nll_loss = 5.9700, ivc_loss = 0.1879, neg_loss_1 = 0.0267, neg_loss_2 = 0.0357, ref_loss = 0.0283, div_loss = 0.0645, aux_loss = 0.0029, 0.459 seconds/batch
2026-05-06 15:15:02,670 - Epoch 1, Batch 600, lr = 0.00033, aux_scale = 0.100,  final_loss = 5.8064, nll_loss = 5.7485, ref_nll_loss = 5.8644, ivc_loss = 0.1782, neg_loss_1 = 0.0244, neg_loss_2 = 0.0299, ref_loss = 0.0315, div_loss = 0.0676, aux_loss = 0.0008, 0.440 seconds/batch
2026-05-06 15:15:14,068 - Epoch 1, Batch 650, lr = 0.00031, aux_scale = 0.100,  final_loss = 5.7741, nll_loss = 5.7168, ref_nll_loss = 5.8314, ivc_loss = 0.1803, neg_loss_1 = 0.0248, neg_loss_2 = 0.0288, ref_loss = 0.0330, div_loss = 0.0704, aux_loss = 0.0024, 0.424 seconds/batch
2026-05-06 15:15:25,456 - Epoch 1, Batch 700, lr = 0.00030, aux_scale = 0.100,  final_loss = 5.7183, nll_loss = 5.6586, ref_nll_loss = 5.7780, ivc_loss = 0.1651, neg_loss_1 = 0.0217, neg_loss_2 = 0.0247, ref_loss = 0.0332, div_loss = 0.0608, aux_loss = 0.0027, 0.410 seconds/batch
2026-05-06 15:15:36,948 - Epoch 1, Batch 750, lr = 0.00029, aux_scale = 0.100,  final_loss = 5.7214, nll_loss = 5.6610, ref_nll_loss = 5.7817, ivc_loss = 0.1561, neg_loss_1 = 0.0183, neg_loss_2 = 0.0242, ref_loss = 0.0325, div_loss = 0.0609, aux_loss = 0.0032, 0.398 seconds/batch
2026-05-06 15:15:48,349 - Epoch 1, Batch 800, lr = 0.00028, aux_scale = 0.100,  final_loss = 5.6778, nll_loss = 5.6216, ref_nll_loss = 5.7341, ivc_loss = 0.1497, neg_loss_1 = 0.0159, neg_loss_2 = 0.0196, ref_loss = 0.0365, div_loss = 0.0570, aux_loss = 0.0003, 0.387 seconds/batch
2026-05-06 15:15:59,702 - Epoch 1, Batch 850, lr = 0.00027, aux_scale = 0.100,  final_loss = 5.6598, nll_loss = 5.5993, ref_nll_loss = 5.7203, ivc_loss = 0.1429, neg_loss_1 = 0.0174, neg_loss_2 = 0.0195, ref_loss = 0.0317, div_loss = 0.0580, aux_loss = 0.0007, 0.378 seconds/batch
2026-05-06 15:16:11,104 - Epoch 1, Batch 900, lr = 0.00027, aux_scale = 0.100,  final_loss = 5.6241, nll_loss = 5.5642, ref_nll_loss = 5.6839, ivc_loss = 0.1390, neg_loss_1 = 0.0132, neg_loss_2 = 0.0192, ref_loss = 0.0339, div_loss = 0.0633, aux_loss = 0.0004, 0.369 seconds/batch
2026-05-06 15:16:22,493 - Epoch 1, Batch 950, lr = 0.00026, aux_scale = 0.100,  final_loss = 5.5932, nll_loss = 5.5376, ref_nll_loss = 5.6489, ivc_loss = 0.1419, neg_loss_1 = 0.0151, neg_loss_2 = 0.0180, ref_loss = 0.0347, div_loss = 0.0629, aux_loss = 0.0016, 0.362 seconds/batch
2026-05-06 15:16:33,870 - Epoch 1, Batch 1000, lr = 0.00025, aux_scale = 0.100,  final_loss = 5.5419, nll_loss = 5.4810, ref_nll_loss = 5.6028, ivc_loss = 0.1241, neg_loss_1 = 0.0124, neg_loss_2 = 0.0154, ref_loss = 0.0312, div_loss = 0.0606, aux_loss = 0.0015, 0.355 seconds/batch
2026-05-06 15:16:45,391 - Epoch 1, Batch 1050, lr = 0.00025, aux_scale = 0.100,  final_loss = 5.5503, nll_loss = 5.4880, ref_nll_loss = 5.6126, ivc_loss = 0.1261, neg_loss_1 = 0.0126, neg_loss_2 = 0.0156, ref_loss = 0.0315, div_loss = 0.0691, aux_loss = 0.0003, 0.349 seconds/batch
2026-05-06 15:16:56,973 - Epoch 1, Batch 1100, lr = 0.00024, aux_scale = 0.100,  final_loss = 5.5106, nll_loss = 5.4489, ref_nll_loss = 5.5723, ivc_loss = 0.1287, neg_loss_1 = 0.0117, neg_loss_2 = 0.0172, ref_loss = 0.0324, div_loss = 0.0631, aux_loss = 0.0007, 0.344 seconds/batch
2026-05-06 15:17:08,495 - Epoch 1, Batch 1150, lr = 0.00024, aux_scale = 0.100,  final_loss = 5.5494, nll_loss = 5.4854, ref_nll_loss = 5.6134, ivc_loss = 0.1160, neg_loss_1 = 0.0110, neg_loss_2 = 0.0142, ref_loss = 0.0297, div_loss = 0.0623, aux_loss = 0.0006, 0.339 seconds/batch
2026-05-06 15:17:13,018 - Epoch 1, Batch 1170, lr = 0.00023, aux_scale = 0.100,  final_loss = 5.5139, nll_loss = 5.4504, ref_nll_loss = 5.5774, ivc_loss = 0.1107, neg_loss_1 = 0.0091, neg_loss_2 = 0.0133, ref_loss = 0.0298, div_loss = 0.0631, aux_loss = 0.0007, 0.337 seconds/batch
2026-05-06 15:17:13,094 - save model to checkpoints/activitynet_moe_v3/moe_v3/model-1.pt, num_updates 1170.
2026-05-06 15:20:24,723 - | R@1,mIoU 0.3376 | R@1,IoU@0.1 0.8115 | R@1,IoU@0.3 0.4520 | R@1,IoU@0.5 0.2334 | R@1,IoU@0.7 0.1258 | R@1,IoU@0.9 0.0712 | R@5,mIoU 0.4725 | R@5,IoU@0.1 0.8926 | R@5,IoU@0.3 0.6543 | R@5,IoU@0.5 0.4630 | R@5,IoU@0.7 0.2649 | R@5,IoU@0.9 0.0989 |
2026-05-06 15:20:24,789 - Best results have been updated.
2026-05-06 15:20:24,789 - ============================================================
2026-05-06 15:20:24,789 - Start Epoch 2
2026-05-06 15:20:36,381 - Epoch 2, Batch 50, lr = 0.00023, aux_scale = 0.100,  final_loss = 5.4260, nll_loss = 5.3611, ref_nll_loss = 5.4909, ivc_loss = 0.1159, neg_loss_1 = 0.0094, neg_loss_2 = 0.0171, ref_loss = 0.0283, div_loss = 0.0634, aux_loss = 0.0007, 0.232 seconds/batch
2026-05-06 15:20:47,753 - Epoch 2, Batch 100, lr = 0.00022, aux_scale = 0.100,  final_loss = 5.4250, nll_loss = 5.3602, ref_nll_loss = 5.4897, ivc_loss = 0.1116, neg_loss_1 = 0.0102, neg_loss_2 = 0.0136, ref_loss = 0.0291, div_loss = 0.0582, aux_loss = 0.0009, 0.230 seconds/batch
2026-05-06 15:20:59,284 - Epoch 2, Batch 150, lr = 0.00022, aux_scale = 0.100,  final_loss = 5.3987, nll_loss = 5.3327, ref_nll_loss = 5.4647, ivc_loss = 0.1230, neg_loss_1 = 0.0097, neg_loss_2 = 0.0162, ref_loss = 0.0326, div_loss = 0.0584, aux_loss = 0.0010, 0.230 seconds/batch
2026-05-06 15:21:10,969 - Epoch 2, Batch 200, lr = 0.00022, aux_scale = 0.100,  final_loss = 5.4110, nll_loss = 5.3486, ref_nll_loss = 5.4734, ivc_loss = 0.1174, neg_loss_1 = 0.0070, neg_loss_2 = 0.0160, ref_loss = 0.0328, div_loss = 0.0604, aux_loss = 0.0007, 0.231 seconds/batch
2026-05-06 15:21:22,363 - Epoch 2, Batch 250, lr = 0.00021, aux_scale = 0.100,  final_loss = 5.3817, nll_loss = 5.3144, ref_nll_loss = 5.4491, ivc_loss = 0.1180, neg_loss_1 = 0.0081, neg_loss_2 = 0.0159, ref_loss = 0.0320, div_loss = 0.0583, aux_loss = 0.0016, 0.230 seconds/batch
2026-05-06 15:21:33,800 - Epoch 2, Batch 300, lr = 0.00021, aux_scale = 0.100,  final_loss = 5.3533, nll_loss = 5.2939, ref_nll_loss = 5.4127, ivc_loss = 0.1164, neg_loss_1 = 0.0072, neg_loss_2 = 0.0130, ref_loss = 0.0347, div_loss = 0.0637, aux_loss = 0.0009, 0.230 seconds/batch
2026-05-06 15:21:45,217 - Epoch 2, Batch 350, lr = 0.00021, aux_scale = 0.100,  final_loss = 5.3315, nll_loss = 5.2650, ref_nll_loss = 5.3981, ivc_loss = 0.1037, neg_loss_1 = 0.0067, neg_loss_2 = 0.0115, ref_loss = 0.0301, div_loss = 0.0699, aux_loss = 0.0004, 0.230 seconds/batch
2026-05-06 15:21:56,707 - Epoch 2, Batch 400, lr = 0.00020, aux_scale = 0.100,  final_loss = 5.3671, nll_loss = 5.3013, ref_nll_loss = 5.4328, ivc_loss = 0.1017, neg_loss_1 = 0.0075, neg_loss_2 = 0.0113, ref_loss = 0.0283, div_loss = 0.0739, aux_loss = 0.0007, 0.230 seconds/batch
2026-05-06 15:22:08,284 - Epoch 2, Batch 450, lr = 0.00020, aux_scale = 0.100,  final_loss = 5.3586, nll_loss = 5.2936, ref_nll_loss = 5.4236, ivc_loss = 0.0960, neg_loss_1 = 0.0059, neg_loss_2 = 0.0098, ref_loss = 0.0291, div_loss = 0.0653, aux_loss = 0.0058, 0.230 seconds/batch
2026-05-06 15:22:19,716 - Epoch 2, Batch 500, lr = 0.00020, aux_scale = 0.100,  final_loss = 5.3369, nll_loss = 5.2736, ref_nll_loss = 5.4001, ivc_loss = 0.1005, neg_loss_1 = 0.0079, neg_loss_2 = 0.0089, ref_loss = 0.0302, div_loss = 0.0639, aux_loss = 0.0066, 0.230 seconds/batch
2026-05-06 15:22:31,115 - Epoch 2, Batch 550, lr = 0.00019, aux_scale = 0.100,  final_loss = 5.3042, nll_loss = 5.2364, ref_nll_loss = 5.3720, ivc_loss = 0.0886, neg_loss_1 = 0.0087, neg_loss_2 = 0.0076, ref_loss = 0.0251, div_loss = 0.0593, aux_loss = 0.0022, 0.230 seconds/batch
2026-05-06 15:22:42,530 - Epoch 2, Batch 600, lr = 0.00019, aux_scale = 0.100,  final_loss = 5.3102, nll_loss = 5.2404, ref_nll_loss = 5.3799, ivc_loss = 0.0854, neg_loss_1 = 0.0082, neg_loss_2 = 0.0060, ref_loss = 0.0255, div_loss = 0.0600, aux_loss = 0.0032, 0.230 seconds/batch
2026-05-06 15:22:53,967 - Epoch 2, Batch 650, lr = 0.00019, aux_scale = 0.100,  final_loss = 5.2579, nll_loss = 5.1898, ref_nll_loss = 5.3260, ivc_loss = 0.0855, neg_loss_1 = 0.0082, neg_loss_2 = 0.0062, ref_loss = 0.0252, div_loss = 0.0610, aux_loss = 0.0032, 0.230 seconds/batch
2026-05-06 15:23:05,441 - Epoch 2, Batch 700, lr = 0.00018, aux_scale = 0.100,  final_loss = 5.2932, nll_loss = 5.2244, ref_nll_loss = 5.3620, ivc_loss = 0.0793, neg_loss_1 = 0.0068, neg_loss_2 = 0.0046, ref_loss = 0.0250, div_loss = 0.0659, aux_loss = 0.0019, 0.230 seconds/batch
2026-05-06 15:23:16,856 - Epoch 2, Batch 750, lr = 0.00018, aux_scale = 0.100,  final_loss = 5.2586, nll_loss = 5.1935, ref_nll_loss = 5.3237, ivc_loss = 0.0811, neg_loss_1 = 0.0070, neg_loss_2 = 0.0038, ref_loss = 0.0263, div_loss = 0.0687, aux_loss = 0.0014, 0.229 seconds/batch
2026-05-06 15:23:28,285 - Epoch 2, Batch 800, lr = 0.00018, aux_scale = 0.100,  final_loss = 5.2734, nll_loss = 5.2072, ref_nll_loss = 5.3397, ivc_loss = 0.0880, neg_loss_1 = 0.0088, neg_loss_2 = 0.0049, ref_loss = 0.0269, div_loss = 0.0674, aux_loss = 0.0011, 0.229 seconds/batch
2026-05-06 15:23:39,688 - Epoch 2, Batch 850, lr = 0.00018, aux_scale = 0.100,  final_loss = 5.2144, nll_loss = 5.1487, ref_nll_loss = 5.2800, ivc_loss = 0.0821, neg_loss_1 = 0.0084, neg_loss_2 = 0.0039, ref_loss = 0.0254, div_loss = 0.0670, aux_loss = 0.0010, 0.229 seconds/batch
2026-05-06 15:23:51,062 - Epoch 2, Batch 900, lr = 0.00018, aux_scale = 0.100,  final_loss = 5.2498, nll_loss = 5.1783, ref_nll_loss = 5.3212, ivc_loss = 0.0768, neg_loss_1 = 0.0077, neg_loss_2 = 0.0031, ref_loss = 0.0240, div_loss = 0.0717, aux_loss = 0.0007, 0.229 seconds/batch
2026-05-06 15:24:02,625 - Epoch 2, Batch 950, lr = 0.00017, aux_scale = 0.100,  final_loss = 5.2001, nll_loss = 5.1355, ref_nll_loss = 5.2648, ivc_loss = 0.0861, neg_loss_1 = 0.0068, neg_loss_2 = 0.0056, ref_loss = 0.0269, div_loss = 0.0743, aux_loss = 0.0004, 0.229 seconds/batch
2026-05-06 15:24:14,112 - Epoch 2, Batch 1000, lr = 0.00017, aux_scale = 0.100,  final_loss = 5.2130, nll_loss = 5.1436, ref_nll_loss = 5.2824, ivc_loss = 0.0809, neg_loss_1 = 0.0067, neg_loss_2 = 0.0050, ref_loss = 0.0251, div_loss = 0.0730, aux_loss = 0.0002, 0.229 seconds/batch
2026-05-06 15:24:25,579 - Epoch 2, Batch 1050, lr = 0.00017, aux_scale = 0.100,  final_loss = 5.2287, nll_loss = 5.1602, ref_nll_loss = 5.2972, ivc_loss = 0.0749, neg_loss_1 = 0.0042, neg_loss_2 = 0.0039, ref_loss = 0.0257, div_loss = 0.0742, aux_loss = 0.0002, 0.229 seconds/batch
2026-05-06 15:24:37,031 - Epoch 2, Batch 1100, lr = 0.00017, aux_scale = 0.100,  final_loss = 5.1898, nll_loss = 5.1174, ref_nll_loss = 5.2623, ivc_loss = 0.0702, neg_loss_1 = 0.0060, neg_loss_2 = 0.0026, ref_loss = 0.0230, div_loss = 0.0720, aux_loss = 0.0003, 0.229 seconds/batch
2026-05-06 15:24:48,491 - Epoch 2, Batch 1150, lr = 0.00017, aux_scale = 0.100,  final_loss = 5.2000, nll_loss = 5.1303, ref_nll_loss = 5.2697, ivc_loss = 0.0712, neg_loss_1 = 0.0054, neg_loss_2 = 0.0022, ref_loss = 0.0246, div_loss = 0.0682, aux_loss = 0.0004, 0.229 seconds/batch
2026-05-06 15:24:52,993 - Epoch 2, Batch 1170, lr = 0.00017, aux_scale = 0.100,  final_loss = 5.1666, nll_loss = 5.0975, ref_nll_loss = 5.2357, ivc_loss = 0.0773, neg_loss_1 = 0.0083, neg_loss_2 = 0.0014, ref_loss = 0.0255, div_loss = 0.0685, aux_loss = 0.0006, 0.229 seconds/batch
2026-05-06 15:24:53,052 - save model to checkpoints/activitynet_moe_v3/moe_v3/model-2.pt, num_updates 2340.
2026-05-06 15:26:44,004 - | R@1,mIoU 0.3452 | R@1,IoU@0.1 0.8244 | R@1,IoU@0.3 0.4786 | R@1,IoU@0.5 0.2151 | R@1,IoU@0.7 0.1242 | R@1,IoU@0.9 0.0784 | R@5,mIoU 0.4682 | R@5,IoU@0.1 0.8935 | R@5,IoU@0.3 0.6595 | R@5,IoU@0.5 0.4522 | R@5,IoU@0.7 0.2321 | R@5,IoU@0.9 0.0998 |
2026-05-06 15:26:44,083 - Best results have been updated.
2026-05-06 15:26:44,083 - ============================================================
2026-05-06 15:26:44,083 - Start Epoch 3
2026-05-06 15:26:55,626 - Epoch 3, Batch 50, lr = 0.00016, aux_scale = 0.100,  final_loss = 5.1395, nll_loss = 5.0718, ref_nll_loss = 5.2072, ivc_loss = 0.0717, neg_loss_1 = 0.0050, neg_loss_2 = 0.0023, ref_loss = 0.0251, div_loss = 0.0688, aux_loss = 0.0005, 0.231 seconds/batch
2026-05-06 15:27:06,918 - Epoch 3, Batch 100, lr = 0.00016, aux_scale = 0.100,  final_loss = 5.1128, nll_loss = 5.0407, ref_nll_loss = 5.1848, ivc_loss = 0.0670, neg_loss_1 = 0.0061, neg_loss_2 = 0.0019, ref_loss = 0.0220, div_loss = 0.0697, aux_loss = 0.0003, 0.228 seconds/batch
2026-05-06 15:27:18,297 - Epoch 3, Batch 150, lr = 0.00016, aux_scale = 0.100,  final_loss = 5.1093, nll_loss = 5.0381, ref_nll_loss = 5.1806, ivc_loss = 0.0702, neg_loss_1 = 0.0055, neg_loss_2 = 0.0013, ref_loss = 0.0246, div_loss = 0.0742, aux_loss = 0.0003, 0.228 seconds/batch
2026-05-06 15:27:29,612 - Epoch 3, Batch 200, lr = 0.00016, aux_scale = 0.100,  final_loss = 5.1246, nll_loss = 5.0577, ref_nll_loss = 5.1915, ivc_loss = 0.0716, neg_loss_1 = 0.0041, neg_loss_2 = 0.0010, ref_loss = 0.0269, div_loss = 0.0764, aux_loss = 0.0003, 0.228 seconds/batch
2026-05-06 15:27:40,988 - Epoch 3, Batch 250, lr = 0.00016, aux_scale = 0.100,  final_loss = 5.1238, nll_loss = 5.0565, ref_nll_loss = 5.1911, ivc_loss = 0.0709, neg_loss_1 = 0.0037, neg_loss_2 = 0.0017, ref_loss = 0.0261, div_loss = 0.0793, aux_loss = 0.0003, 0.228 seconds/batch
2026-05-06 15:27:52,484 - Epoch 3, Batch 300, lr = 0.00016, aux_scale = 0.100,  final_loss = 5.1222, nll_loss = 5.0548, ref_nll_loss = 5.1897, ivc_loss = 0.0656, neg_loss_1 = 0.0022, neg_loss_2 = 0.0015, ref_loss = 0.0251, div_loss = 0.0807, aux_loss = 0.0003, 0.228 seconds/batch
2026-05-06 15:28:04,014 - Epoch 3, Batch 350, lr = 0.00015, aux_scale = 0.100,  final_loss = 5.0949, nll_loss = 5.0243, ref_nll_loss = 5.1654, ivc_loss = 0.0636, neg_loss_1 = 0.0031, neg_loss_2 = 0.0010, ref_loss = 0.0238, div_loss = 0.0781, aux_loss = 0.0004, 0.228 seconds/batch
2026-05-06 15:28:15,390 - Epoch 3, Batch 400, lr = 0.00015, aux_scale = 0.100,  final_loss = 5.0702, nll_loss = 5.0029, ref_nll_loss = 5.1376, ivc_loss = 0.0656, neg_loss_1 = 0.0025, neg_loss_2 = 0.0006, ref_loss = 0.0258, div_loss = 0.0777, aux_loss = 0.0004, 0.228 seconds/batch
2026-05-06 15:28:26,799 - Epoch 3, Batch 450, lr = 0.00015, aux_scale = 0.100,  final_loss = 5.0616, nll_loss = 4.9872, ref_nll_loss = 5.1360, ivc_loss = 0.0585, neg_loss_1 = 0.0027, neg_loss_2 = 0.0004, ref_loss = 0.0224, div_loss = 0.0759, aux_loss = 0.0005, 0.228 seconds/batch
2026-05-06 15:28:38,190 - Epoch 3, Batch 500, lr = 0.00015, aux_scale = 0.100,  final_loss = 5.1206, nll_loss = 5.0520, ref_nll_loss = 5.1891, ivc_loss = 0.0631, neg_loss_1 = 0.0029, neg_loss_2 = 0.0009, ref_loss = 0.0239, div_loss = 0.0765, aux_loss = 0.0005, 0.228 seconds/batch
2026-05-06 15:28:49,523 - Epoch 3, Batch 550, lr = 0.00015, aux_scale = 0.100,  final_loss = 5.0868, nll_loss = 5.0202, ref_nll_loss = 5.1534, ivc_loss = 0.0666, neg_loss_1 = 0.0023, neg_loss_2 = 0.0007, ref_loss = 0.0265, div_loss = 0.0767, aux_loss = 0.0021, 0.228 seconds/batch
2026-05-06 15:29:00,895 - Epoch 3, Batch 600, lr = 0.00015, aux_scale = 0.100,  final_loss = 5.0706, nll_loss = 4.9982, ref_nll_loss = 5.1431, ivc_loss = 0.0657, neg_loss_1 = 0.0036, neg_loss_2 = 0.0012, ref_loss = 0.0243, div_loss = 0.0763, aux_loss = 0.0033, 0.228 seconds/batch
2026-05-06 15:29:12,286 - Epoch 3, Batch 650, lr = 0.00015, aux_scale = 0.100,  final_loss = 5.0550, nll_loss = 4.9879, ref_nll_loss = 5.1220, ivc_loss = 0.0648, neg_loss_1 = 0.0019, neg_loss_2 = 0.0005, ref_loss = 0.0260, div_loss = 0.0798, aux_loss = 0.0034, 0.228 seconds/batch
2026-05-06 15:29:23,619 - Epoch 3, Batch 700, lr = 0.00015, aux_scale = 0.100,  final_loss = 5.0570, nll_loss = 4.9852, ref_nll_loss = 5.1288, ivc_loss = 0.0625, neg_loss_1 = 0.0020, neg_loss_2 = 0.0005, ref_loss = 0.0248, div_loss = 0.0803, aux_loss = 0.0019, 0.228 seconds/batch
2026-05-06 15:29:35,037 - Epoch 3, Batch 750, lr = 0.00014, aux_scale = 0.100,  final_loss = 5.0489, nll_loss = 4.9794, ref_nll_loss = 5.1183, ivc_loss = 0.0614, neg_loss_1 = 0.0030, neg_loss_2 = 0.0004, ref_loss = 0.0234, div_loss = 0.0785, aux_loss = 0.0017, 0.228 seconds/batch
2026-05-06 15:29:46,473 - Epoch 3, Batch 800, lr = 0.00014, aux_scale = 0.100,  final_loss = 5.0222, nll_loss = 4.9491, ref_nll_loss = 5.0953, ivc_loss = 0.0604, neg_loss_1 = 0.0027, neg_loss_2 = 0.0010, ref_loss = 0.0226, div_loss = 0.0787, aux_loss = 0.0015, 0.228 seconds/batch
2026-05-06 15:29:57,894 - Epoch 3, Batch 850, lr = 0.00014, aux_scale = 0.100,  final_loss = 5.0080, nll_loss = 4.9379, ref_nll_loss = 5.0782, ivc_loss = 0.0620, neg_loss_1 = 0.0019, neg_loss_2 = 0.0006, ref_loss = 0.0245, div_loss = 0.0795, aux_loss = 0.0012, 0.228 seconds/batch
2026-05-06 15:30:09,398 - Epoch 3, Batch 900, lr = 0.00014, aux_scale = 0.100,  final_loss = 5.0176, nll_loss = 4.9479, ref_nll_loss = 5.0873, ivc_loss = 0.0602, neg_loss_1 = 0.0011, neg_loss_2 = 0.0001, ref_loss = 0.0249, div_loss = 0.0806, aux_loss = 0.0011, 0.228 seconds/batch
2026-05-06 15:30:20,937 - Epoch 3, Batch 950, lr = 0.00014, aux_scale = 0.100,  final_loss = 5.0186, nll_loss = 4.9454, ref_nll_loss = 5.0918, ivc_loss = 0.0610, neg_loss_1 = 0.0016, neg_loss_2 = 0.0009, ref_loss = 0.0238, div_loss = 0.0828, aux_loss = 0.0014, 0.228 seconds/batch
2026-05-06 15:30:32,295 - Epoch 3, Batch 1000, lr = 0.00014, aux_scale = 0.100,  final_loss = 5.0281, nll_loss = 4.9569, ref_nll_loss = 5.0994, ivc_loss = 0.0622, neg_loss_1 = 0.0018, neg_loss_2 = 0.0003, ref_loss = 0.0250, div_loss = 0.0797, aux_loss = 0.0018, 0.228 seconds/batch
2026-05-06 15:30:43,687 - Epoch 3, Batch 1050, lr = 0.00014, aux_scale = 0.100,  final_loss = 5.0089, nll_loss = 4.9339, ref_nll_loss = 5.0838, ivc_loss = 0.0584, neg_loss_1 = 0.0027, neg_loss_2 = 0.0006, ref_loss = 0.0221, div_loss = 0.0750, aux_loss = 0.0022, 0.228 seconds/batch
2026-05-06 15:30:55,027 - Epoch 3, Batch 1100, lr = 0.00014, aux_scale = 0.100,  final_loss = 5.0065, nll_loss = 4.9368, ref_nll_loss = 5.0761, ivc_loss = 0.0654, neg_loss_1 = 0.0031, neg_loss_2 = 0.0003, ref_loss = 0.0255, div_loss = 0.0763, aux_loss = 0.0023, 0.228 seconds/batch
2026-05-06 15:31:06,432 - Epoch 3, Batch 1150, lr = 0.00014, aux_scale = 0.100,  final_loss = 5.0247, nll_loss = 4.9531, ref_nll_loss = 5.0963, ivc_loss = 0.0624, neg_loss_1 = 0.0013, neg_loss_2 = 0.0011, ref_loss = 0.0248, div_loss = 0.0802, aux_loss = 0.0014, 0.228 seconds/batch
2026-05-06 15:31:10,915 - Epoch 3, Batch 1170, lr = 0.00014, aux_scale = 0.100,  final_loss = 5.0025, nll_loss = 4.9321, ref_nll_loss = 5.0729, ivc_loss = 0.0625, neg_loss_1 = 0.0009, neg_loss_2 = 0.0002, ref_loss = 0.0261, div_loss = 0.0813, aux_loss = 0.0007, 0.228 seconds/batch
2026-05-06 15:31:10,974 - save model to checkpoints/activitynet_moe_v3/moe_v3/model-3.pt, num_updates 3510.
2026-05-06 15:33:00,794 - | R@1,mIoU 0.3374 | R@1,IoU@0.1 0.8113 | R@1,IoU@0.3 0.4507 | R@1,IoU@0.5 0.2343 | R@1,IoU@0.7 0.1260 | R@1,IoU@0.9 0.0682 | R@5,mIoU 0.4319 | R@5,IoU@0.1 0.8776 | R@5,IoU@0.3 0.6233 | R@5,IoU@0.5 0.3759 | R@5,IoU@0.7 0.1908 | R@5,IoU@0.9 0.0951 |
2026-05-06 15:33:00,794 - ============================================================
2026-05-06 15:33:00,795 - Start Epoch 4
2026-05-06 15:33:12,466 - Epoch 4, Batch 50, lr = 0.00013, aux_scale = 0.500,  final_loss = 4.9374, nll_loss = 4.8693, ref_nll_loss = 5.0055, ivc_loss = 0.0666, neg_loss_1 = 0.0014, neg_loss_2 = 0.0004, ref_loss = 0.0273, div_loss = 0.0854, aux_loss = 0.0003, 0.233 seconds/batch
2026-05-06 15:33:23,827 - Epoch 4, Batch 100, lr = 0.00013, aux_scale = 0.500,  final_loss = 4.9572, nll_loss = 4.8882, ref_nll_loss = 5.0262, ivc_loss = 0.0628, neg_loss_1 = 0.0008, neg_loss_2 = 0.0006, ref_loss = 0.0255, div_loss = 0.0891, aux_loss = 0.0003, 0.230 seconds/batch
2026-05-06 15:33:35,207 - Epoch 4, Batch 150, lr = 0.00013, aux_scale = 0.500,  final_loss = 4.9379, nll_loss = 4.8643, ref_nll_loss = 5.0115, ivc_loss = 0.0566, neg_loss_1 = 0.0011, neg_loss_2 = 0.0004, ref_loss = 0.0225, div_loss = 0.0854, aux_loss = 0.0004, 0.229 seconds/batch
2026-05-06 15:33:46,660 - Epoch 4, Batch 200, lr = 0.00013, aux_scale = 0.500,  final_loss = 4.9627, nll_loss = 4.8904, ref_nll_loss = 5.0349, ivc_loss = 0.0644, neg_loss_1 = 0.0012, neg_loss_2 = 0.0009, ref_loss = 0.0258, div_loss = 0.0861, aux_loss = 0.0006, 0.229 seconds/batch
2026-05-06 15:33:58,057 - Epoch 4, Batch 250, lr = 0.00013, aux_scale = 0.500,  final_loss = 4.9677, nll_loss = 4.8984, ref_nll_loss = 5.0370, ivc_loss = 0.0645, neg_loss_1 = 0.0013, neg_loss_2 = 0.0003, ref_loss = 0.0264, div_loss = 0.0847, aux_loss = 0.0002, 0.229 seconds/batch
2026-05-06 15:34:09,531 - Epoch 4, Batch 300, lr = 0.00013, aux_scale = 0.500,  final_loss = 4.9054, nll_loss = 4.8352, ref_nll_loss = 4.9756, ivc_loss = 0.0630, neg_loss_1 = 0.0020, neg_loss_2 = 0.0006, ref_loss = 0.0248, div_loss = 0.0824, aux_loss = 0.0003, 0.229 seconds/batch
2026-05-06 15:34:20,965 - Epoch 4, Batch 350, lr = 0.00013, aux_scale = 0.500,  final_loss = 4.9411, nll_loss = 4.8664, ref_nll_loss = 5.0158, ivc_loss = 0.0564, neg_loss_1 = 0.0020, neg_loss_2 = 0.0002, ref_loss = 0.0219, div_loss = 0.0824, aux_loss = 0.0005, 0.229 seconds/batch
2026-05-06 15:34:32,445 - Epoch 4, Batch 400, lr = 0.00013, aux_scale = 0.500,  final_loss = 4.9264, nll_loss = 4.8535, ref_nll_loss = 4.9993, ivc_loss = 0.0601, neg_loss_1 = 0.0015, neg_loss_2 = 0.0001, ref_loss = 0.0242, div_loss = 0.0843, aux_loss = 0.0005, 0.229 seconds/batch
2026-05-06 15:34:43,859 - Epoch 4, Batch 450, lr = 0.00013, aux_scale = 0.500,  final_loss = 4.9555, nll_loss = 4.8840, ref_nll_loss = 5.0269, ivc_loss = 0.0604, neg_loss_1 = 0.0010, neg_loss_2 = 0.0007, ref_loss = 0.0239, div_loss = 0.0908, aux_loss = 0.0002, 0.229 seconds/batch
2026-05-06 15:34:55,196 - Epoch 4, Batch 500, lr = 0.00013, aux_scale = 0.500,  final_loss = 4.9349, nll_loss = 4.8612, ref_nll_loss = 5.0087, ivc_loss = 0.0587, neg_loss_1 = 0.0006, neg_loss_2 = 0.0005, ref_loss = 0.0236, div_loss = 0.0917, aux_loss = 0.0001, 0.229 seconds/batch
2026-05-06 15:35:06,550 - Epoch 4, Batch 550, lr = 0.00013, aux_scale = 0.500,  final_loss = 4.9069, nll_loss = 4.8319, ref_nll_loss = 4.9819, ivc_loss = 0.0594, neg_loss_1 = 0.0011, neg_loss_2 = 0.0003, ref_loss = 0.0236, div_loss = 0.0921, aux_loss = 0.0001, 0.229 seconds/batch
2026-05-06 15:35:17,937 - Epoch 4, Batch 600, lr = 0.00012, aux_scale = 0.500,  final_loss = 4.8905, nll_loss = 4.8091, ref_nll_loss = 4.9719, ivc_loss = 0.0558, neg_loss_1 = 0.0025, neg_loss_2 = 0.0013, ref_loss = 0.0195, div_loss = 0.0923, aux_loss = 0.0001, 0.229 seconds/batch
2026-05-06 15:35:29,329 - Epoch 4, Batch 650, lr = 0.00012, aux_scale = 0.500,  final_loss = 4.9086, nll_loss = 4.8341, ref_nll_loss = 4.9830, ivc_loss = 0.0642, neg_loss_1 = 0.0015, neg_loss_2 = 0.0005, ref_loss = 0.0254, div_loss = 0.0953, aux_loss = 0.0007, 0.229 seconds/batch
2026-05-06 15:35:40,857 - Epoch 4, Batch 700, lr = 0.00012, aux_scale = 0.500,  final_loss = 4.9274, nll_loss = 4.8527, ref_nll_loss = 5.0020, ivc_loss = 0.0636, neg_loss_1 = 0.0033, neg_loss_2 = 0.0012, ref_loss = 0.0231, div_loss = 0.0855, aux_loss = 0.0003, 0.229 seconds/batch
2026-05-06 15:35:52,259 - Epoch 4, Batch 750, lr = 0.00012, aux_scale = 0.500,  final_loss = 4.9072, nll_loss = 4.8302, ref_nll_loss = 4.9842, ivc_loss = 0.0572, neg_loss_1 = 0.0017, neg_loss_2 = 0.0010, ref_loss = 0.0215, div_loss = 0.0882, aux_loss = 0.0001, 0.229 seconds/batch
2026-05-06 15:36:03,782 - Epoch 4, Batch 800, lr = 0.00012, aux_scale = 0.500,  final_loss = 4.9310, nll_loss = 4.8560, ref_nll_loss = 5.0060, ivc_loss = 0.0595, neg_loss_1 = 0.0022, neg_loss_2 = 0.0005, ref_loss = 0.0222, div_loss = 0.0967, aux_loss = 0.0005, 0.229 seconds/batch
2026-05-06 15:36:15,148 - Epoch 4, Batch 850, lr = 0.00012, aux_scale = 0.500,  final_loss = 4.9144, nll_loss = 4.8383, ref_nll_loss = 4.9905, ivc_loss = 0.0607, neg_loss_1 = 0.0018, neg_loss_2 = 0.0003, ref_loss = 0.0233, div_loss = 0.0988, aux_loss = 0.0004, 0.229 seconds/batch
2026-05-06 15:36:26,618 - Epoch 4, Batch 900, lr = 0.00012, aux_scale = 0.500,  final_loss = 4.8790, nll_loss = 4.8027, ref_nll_loss = 4.9552, ivc_loss = 0.0602, neg_loss_1 = 0.0024, neg_loss_2 = 0.0005, ref_loss = 0.0225, div_loss = 0.0926, aux_loss = 0.0002, 0.229 seconds/batch
2026-05-06 15:36:37,995 - Epoch 4, Batch 950, lr = 0.00012, aux_scale = 0.500,  final_loss = 4.9219, nll_loss = 4.8454, ref_nll_loss = 4.9985, ivc_loss = 0.0595, neg_loss_1 = 0.0026, neg_loss_2 = 0.0004, ref_loss = 0.0222, div_loss = 0.0903, aux_loss = 0.0001, 0.229 seconds/batch
2026-05-06 15:36:49,406 - Epoch 4, Batch 1000, lr = 0.00012, aux_scale = 0.500,  final_loss = 4.8889, nll_loss = 4.8120, ref_nll_loss = 4.9659, ivc_loss = 0.0575, neg_loss_1 = 0.0019, neg_loss_2 = 0.0003, ref_loss = 0.0219, div_loss = 0.0928, aux_loss = 0.0001, 0.229 seconds/batch
2026-05-06 15:37:00,767 - Epoch 4, Batch 1050, lr = 0.00012, aux_scale = 0.500,  final_loss = 4.8965, nll_loss = 4.8178, ref_nll_loss = 4.9753, ivc_loss = 0.0560, neg_loss_1 = 0.0024, neg_loss_2 = 0.0004, ref_loss = 0.0205, div_loss = 0.0936, aux_loss = 0.0001, 0.229 seconds/batch
2026-05-06 15:37:12,191 - Epoch 4, Batch 1100, lr = 0.00012, aux_scale = 0.500,  final_loss = 4.9171, nll_loss = 4.8408, ref_nll_loss = 4.9934, ivc_loss = 0.0614, neg_loss_1 = 0.0018, neg_loss_2 = 0.0005, ref_loss = 0.0235, div_loss = 0.0966, aux_loss = 0.0001, 0.229 seconds/batch
2026-05-06 15:37:23,910 - Epoch 4, Batch 1150, lr = 0.00012, aux_scale = 0.500,  final_loss = 4.8598, nll_loss = 4.7835, ref_nll_loss = 4.9362, ivc_loss = 0.0611, neg_loss_1 = 0.0016, neg_loss_2 = 0.0002, ref_loss = 0.0240, div_loss = 0.0963, aux_loss = 0.0000, 0.229 seconds/batch
2026-05-06 15:37:28,450 - Epoch 4, Batch 1170, lr = 0.00012, aux_scale = 0.500,  final_loss = 4.9084, nll_loss = 4.8340, ref_nll_loss = 4.9827, ivc_loss = 0.0651, neg_loss_1 = 0.0013, neg_loss_2 = 0.0010, ref_loss = 0.0253, div_loss = 0.0989, aux_loss = 0.0000, 0.229 seconds/batch
2026-05-06 15:37:28,514 - save model to checkpoints/activitynet_moe_v3/moe_v3/model-4.pt, num_updates 4680.
2026-05-06 15:39:18,387 - | R@1,mIoU 0.3240 | R@1,IoU@0.1 0.7879 | R@1,IoU@0.3 0.4746 | R@1,IoU@0.5 0.2643 | R@1,IoU@0.7 0.0654 | R@1,IoU@0.9 0.0067 | R@5,mIoU 0.4169 | R@5,IoU@0.1 0.8684 | R@5,IoU@0.3 0.6128 | R@5,IoU@0.5 0.3691 | R@5,IoU@0.7 0.1770 | R@5,IoU@0.9 0.0456 |
2026-05-06 15:39:18,387 - ============================================================
2026-05-06 15:39:18,387 - Start Epoch 5
2026-05-06 15:39:30,014 - Epoch 5, Batch 50, lr = 0.00012, aux_scale = 0.500,  final_loss = 4.8230, nll_loss = 4.7459, ref_nll_loss = 4.9002, ivc_loss = 0.0611, neg_loss_1 = 0.0017, neg_loss_2 = 0.0005, ref_loss = 0.0235, div_loss = 0.0973, aux_loss = 0.0000, 0.233 seconds/batch
2026-05-06 15:39:41,461 - Epoch 5, Batch 100, lr = 0.00012, aux_scale = 0.500,  final_loss = 4.8234, nll_loss = 4.7489, ref_nll_loss = 4.8979, ivc_loss = 0.0662, neg_loss_1 = 0.0024, neg_loss_2 = 0.0006, ref_loss = 0.0254, div_loss = 0.0959, aux_loss = 0.0001, 0.231 seconds/batch
2026-05-06 15:39:52,946 - Epoch 5, Batch 150, lr = 0.00012, aux_scale = 0.500,  final_loss = 4.7918, nll_loss = 4.7126, ref_nll_loss = 4.8711, ivc_loss = 0.0557, neg_loss_1 = 0.0009, neg_loss_2 = 0.0002, ref_loss = 0.0220, div_loss = 0.0935, aux_loss = 0.0001, 0.230 seconds/batch
2026-05-06 15:40:04,300 - Epoch 5, Batch 200, lr = 0.00011, aux_scale = 0.500,  final_loss = 4.8334, nll_loss = 4.7590, ref_nll_loss = 4.9079, ivc_loss = 0.0557, neg_loss_1 = 0.0014, neg_loss_2 = 0.0001, ref_loss = 0.0216, div_loss = 0.0959, aux_loss = 0.0001, 0.230 seconds/batch
2026-05-06 15:40:15,621 - Epoch 5, Batch 250, lr = 0.00011, aux_scale = 0.500,  final_loss = 4.8399, nll_loss = 4.7585, ref_nll_loss = 4.9214, ivc_loss = 0.0579, neg_loss_1 = 0.0023, neg_loss_2 = 0.0004, ref_loss = 0.0214, div_loss = 0.0968, aux_loss = 0.0000, 0.229 seconds/batch
2026-05-06 15:40:26,968 - Epoch 5, Batch 300, lr = 0.00011, aux_scale = 0.500,  final_loss = 4.8354, nll_loss = 4.7583, ref_nll_loss = 4.9124, ivc_loss = 0.0587, neg_loss_1 = 0.0018, neg_loss_2 = 0.0002, ref_loss = 0.0226, div_loss = 0.0940, aux_loss = 0.0000, 0.229 seconds/batch
2026-05-06 15:40:38,302 - Epoch 5, Batch 350, lr = 0.00011, aux_scale = 0.500,  final_loss = 4.8726, nll_loss = 4.7951, ref_nll_loss = 4.9501, ivc_loss = 0.0567, neg_loss_1 = 0.0010, neg_loss_2 = 0.0000, ref_loss = 0.0228, div_loss = 0.0901, aux_loss = 0.0001, 0.228 seconds/batch
2026-05-06 15:40:49,709 - Epoch 5, Batch 400, lr = 0.00011, aux_scale = 0.500,  final_loss = 4.8079, nll_loss = 4.7280, ref_nll_loss = 4.8879, ivc_loss = 0.0584, neg_loss_1 = 0.0019, neg_loss_2 = 0.0001, ref_loss = 0.0227, div_loss = 0.0914, aux_loss = 0.0000, 0.228 seconds/batch
2026-05-06 15:41:01,080 - Epoch 5, Batch 450, lr = 0.00011, aux_scale = 0.500,  final_loss = 4.8430, nll_loss = 4.7632, ref_nll_loss = 4.9228, ivc_loss = 0.0569, neg_loss_1 = 0.0018, neg_loss_2 = 0.0001, ref_loss = 0.0215, div_loss = 0.1015, aux_loss = 0.0000, 0.228 seconds/batch
2026-05-06 15:41:12,471 - Epoch 5, Batch 500, lr = 0.00011, aux_scale = 0.500,  final_loss = 4.8267, nll_loss = 4.7480, ref_nll_loss = 4.9054, ivc_loss = 0.0557, neg_loss_1 = 0.0016, neg_loss_2 = 0.0002, ref_loss = 0.0210, div_loss = 0.1006, aux_loss = 0.0001, 0.228 seconds/batch
2026-05-06 15:41:23,932 - Epoch 5, Batch 550, lr = 0.00011, aux_scale = 0.500,  final_loss = 4.8417, nll_loss = 4.7628, ref_nll_loss = 4.9207, ivc_loss = 0.0586, neg_loss_1 = 0.0013, neg_loss_2 = 0.0007, ref_loss = 0.0224, div_loss = 0.0997, aux_loss = 0.0001, 0.228 seconds/batch
2026-05-06 15:41:35,333 - Epoch 5, Batch 600, lr = 0.00011, aux_scale = 0.500,  final_loss = 4.8070, nll_loss = 4.7288, ref_nll_loss = 4.8851, ivc_loss = 0.0572, neg_loss_1 = 0.0009, neg_loss_2 = 0.0001, ref_loss = 0.0226, div_loss = 0.1009, aux_loss = 0.0002, 0.228 seconds/batch
2026-05-06 15:41:46,800 - Epoch 5, Batch 650, lr = 0.00011, aux_scale = 0.500,  final_loss = 4.8703, nll_loss = 4.7919, ref_nll_loss = 4.9488, ivc_loss = 0.0592, neg_loss_1 = 0.0015, neg_loss_2 = 0.0006, ref_loss = 0.0228, div_loss = 0.0933, aux_loss = 0.0004, 0.228 seconds/batch
2026-05-06 15:41:58,249 - Epoch 5, Batch 700, lr = 0.00011, aux_scale = 0.500,  final_loss = 4.8286, nll_loss = 4.7513, ref_nll_loss = 4.9058, ivc_loss = 0.0578, neg_loss_1 = 0.0016, neg_loss_2 = 0.0001, ref_loss = 0.0229, div_loss = 0.0868, aux_loss = 0.0002, 0.228 seconds/batch
2026-05-06 15:42:09,807 - Epoch 5, Batch 750, lr = 0.00011, aux_scale = 0.500,  final_loss = 4.7863, nll_loss = 4.7087, ref_nll_loss = 4.8639, ivc_loss = 0.0591, neg_loss_1 = 0.0010, neg_loss_2 = 0.0001, ref_loss = 0.0239, div_loss = 0.0914, aux_loss = 0.0001, 0.229 seconds/batch
2026-05-06 15:42:21,387 - Epoch 5, Batch 800, lr = 0.00011, aux_scale = 0.500,  final_loss = 4.7995, nll_loss = 4.7185, ref_nll_loss = 4.8805, ivc_loss = 0.0542, neg_loss_1 = 0.0015, neg_loss_2 = 0.0001, ref_loss = 0.0206, div_loss = 0.0974, aux_loss = 0.0001, 0.229 seconds/batch
2026-05-06 15:42:32,903 - Epoch 5, Batch 850, lr = 0.00011, aux_scale = 0.500,  final_loss = 4.7858, nll_loss = 4.7043, ref_nll_loss = 4.8674, ivc_loss = 0.0545, neg_loss_1 = 0.0023, neg_loss_2 = 0.0002, ref_loss = 0.0197, div_loss = 0.1009, aux_loss = 0.0001, 0.229 seconds/batch
2026-05-06 15:42:44,305 - Epoch 5, Batch 900, lr = 0.00011, aux_scale = 0.500,  final_loss = 4.7900, nll_loss = 4.7070, ref_nll_loss = 4.8729, ivc_loss = 0.0531, neg_loss_1 = 0.0014, neg_loss_2 = 0.0000, ref_loss = 0.0201, div_loss = 0.1016, aux_loss = 0.0001, 0.229 seconds/batch
2026-05-06 15:42:55,774 - Epoch 5, Batch 950, lr = 0.00011, aux_scale = 0.500,  final_loss = 4.7695, nll_loss = 4.6872, ref_nll_loss = 4.8518, ivc_loss = 0.0547, neg_loss_1 = 0.0016, neg_loss_2 = 0.0001, ref_loss = 0.0205, div_loss = 0.1028, aux_loss = 0.0001, 0.229 seconds/batch
2026-05-06 15:43:07,227 - Epoch 5, Batch 1000, lr = 0.00011, aux_scale = 0.500,  final_loss = 4.7866, nll_loss = 4.7038, ref_nll_loss = 4.8694, ivc_loss = 0.0538, neg_loss_1 = 0.0015, neg_loss_2 = 0.0002, ref_loss = 0.0202, div_loss = 0.0998, aux_loss = 0.0001, 0.229 seconds/batch
2026-05-06 15:43:18,635 - Epoch 5, Batch 1050, lr = 0.00011, aux_scale = 0.500,  final_loss = 4.8633, nll_loss = 4.7810, ref_nll_loss = 4.9457, ivc_loss = 0.0519, neg_loss_1 = 0.0014, neg_loss_2 = 0.0002, ref_loss = 0.0192, div_loss = 0.1033, aux_loss = 0.0001, 0.229 seconds/batch
2026-05-06 15:43:30,004 - Epoch 5, Batch 1100, lr = 0.00011, aux_scale = 0.500,  final_loss = 4.7803, nll_loss = 4.6994, ref_nll_loss = 4.8611, ivc_loss = 0.0532, neg_loss_1 = 0.0005, neg_loss_2 = 0.0002, ref_loss = 0.0208, div_loss = 0.1026, aux_loss = 0.0001, 0.229 seconds/batch
2026-05-06 15:43:41,348 - Epoch 5, Batch 1150, lr = 0.00010, aux_scale = 0.500,  final_loss = 4.7974, nll_loss = 4.7132, ref_nll_loss = 4.8816, ivc_loss = 0.0519, neg_loss_1 = 0.0010, neg_loss_2 = 0.0004, ref_loss = 0.0194, div_loss = 0.1035, aux_loss = 0.0001, 0.229 seconds/batch
2026-05-06 15:43:45,861 - Epoch 5, Batch 1170, lr = 0.00010, aux_scale = 0.500,  final_loss = 4.8047, nll_loss = 4.7220, ref_nll_loss = 4.8873, ivc_loss = 0.0525, neg_loss_1 = 0.0028, neg_loss_2 = 0.0002, ref_loss = 0.0181, div_loss = 0.1042, aux_loss = 0.0001, 0.229 seconds/batch
2026-05-06 15:43:45,916 - save model to checkpoints/activitynet_moe_v3/moe_v3/model-5.pt, num_updates 5850.
2026-05-06 15:45:36,624 - | R@1,mIoU 0.3348 | R@1,IoU@0.1 0.8059 | R@1,IoU@0.3 0.5117 | R@1,IoU@0.5 0.2596 | R@1,IoU@0.7 0.0669 | R@1,IoU@0.9 0.0111 | R@5,mIoU 0.4235 | R@5,IoU@0.1 0.8667 | R@5,IoU@0.3 0.6245 | R@5,IoU@0.5 0.3937 | R@5,IoU@0.7 0.1773 | R@5,IoU@0.9 0.0510 |
2026-05-06 15:45:36,624 - ============================================================
2026-05-06 15:45:36,624 - Start Epoch 6
2026-05-06 15:45:48,395 - Epoch 6, Batch 50, lr = 0.00010, aux_scale = 0.500,  final_loss = 4.7172, nll_loss = 4.6368, ref_nll_loss = 4.7976, ivc_loss = 0.0581, neg_loss_1 = 0.0015, neg_loss_2 = 0.0001, ref_loss = 0.0221, div_loss = 0.1067, aux_loss = 0.0001, 0.235 seconds/batch
2026-05-06 15:45:59,844 - Epoch 6, Batch 100, lr = 0.00010, aux_scale = 0.500,  final_loss = 4.7600, nll_loss = 4.6773, ref_nll_loss = 4.8426, ivc_loss = 0.0561, neg_loss_1 = 0.0014, neg_loss_2 = 0.0002, ref_loss = 0.0214, div_loss = 0.1025, aux_loss = 0.0002, 0.232 seconds/batch
2026-05-06 15:46:11,258 - Epoch 6, Batch 150, lr = 0.00010, aux_scale = 0.500,  final_loss = 4.7514, nll_loss = 4.6686, ref_nll_loss = 4.8343, ivc_loss = 0.0537, neg_loss_1 = 0.0015, neg_loss_2 = 0.0000, ref_loss = 0.0201, div_loss = 0.1043, aux_loss = 0.0001, 0.231 seconds/batch
2026-05-06 15:46:22,724 - Epoch 6, Batch 200, lr = 0.00010, aux_scale = 0.500,  final_loss = 4.7657, nll_loss = 4.6846, ref_nll_loss = 4.8467, ivc_loss = 0.0565, neg_loss_1 = 0.0012, neg_loss_2 = 0.0003, ref_loss = 0.0217, div_loss = 0.1006, aux_loss = 0.0000, 0.231 seconds/batch
2026-05-06 15:46:34,088 - Epoch 6, Batch 250, lr = 0.00010, aux_scale = 0.500,  final_loss = 4.7746, nll_loss = 4.6888, ref_nll_loss = 4.8604, ivc_loss = 0.0469, neg_loss_1 = 0.0006, neg_loss_2 = 0.0001, ref_loss = 0.0178, div_loss = 0.0992, aux_loss = 0.0000, 0.230 seconds/batch
2026-05-06 15:46:45,448 - Epoch 6, Batch 300, lr = 0.00010, aux_scale = 0.500,  final_loss = 4.7342, nll_loss = 4.6488, ref_nll_loss = 4.8195, ivc_loss = 0.0511, neg_loss_1 = 0.0010, neg_loss_2 = 0.0000, ref_loss = 0.0194, div_loss = 0.1032, aux_loss = 0.0000, 0.229 seconds/batch
2026-05-06 15:46:56,903 - Epoch 6, Batch 350, lr = 0.00010, aux_scale = 0.500,  final_loss = 4.7168, nll_loss = 4.6315, ref_nll_loss = 4.8021, ivc_loss = 0.0510, neg_loss_1 = 0.0012, neg_loss_2 = 0.0001, ref_loss = 0.0189, div_loss = 0.1050, aux_loss = 0.0000, 0.229 seconds/batch
2026-05-06 15:47:08,387 - Epoch 6, Batch 400, lr = 0.00010, aux_scale = 0.500,  final_loss = 4.7337, nll_loss = 4.6490, ref_nll_loss = 4.8185, ivc_loss = 0.0511, neg_loss_1 = 0.0015, neg_loss_2 = 0.0001, ref_loss = 0.0190, div_loss = 0.1006, aux_loss = 0.0001, 0.229 seconds/batch
2026-05-06 15:47:19,825 - Epoch 6, Batch 450, lr = 0.00010, aux_scale = 0.500,  final_loss = 4.7534, nll_loss = 4.6653, ref_nll_loss = 4.8415, ivc_loss = 0.0509, neg_loss_1 = 0.0013, neg_loss_2 = 0.0000, ref_loss = 0.0186, div_loss = 0.1102, aux_loss = 0.0001, 0.229 seconds/batch
2026-05-06 15:47:31,137 - Epoch 6, Batch 500, lr = 0.00010, aux_scale = 0.500,  final_loss = 4.7441, nll_loss = 4.6608, ref_nll_loss = 4.8274, ivc_loss = 0.0519, neg_loss_1 = 0.0006, neg_loss_2 = 0.0000, ref_loss = 0.0199, div_loss = 0.1103, aux_loss = 0.0001, 0.229 seconds/batch
2026-05-06 15:47:42,487 - Epoch 6, Batch 550, lr = 0.00010, aux_scale = 0.500,  final_loss = 4.7908, nll_loss = 4.7079, ref_nll_loss = 4.8736, ivc_loss = 0.0538, neg_loss_1 = 0.0011, neg_loss_2 = 0.0001, ref_loss = 0.0205, div_loss = 0.1041, aux_loss = 0.0001, 0.229 seconds/batch
2026-05-06 15:47:53,827 - Epoch 6, Batch 600, lr = 0.00010, aux_scale = 0.500,  final_loss = 4.7206, nll_loss = 4.6354, ref_nll_loss = 4.8059, ivc_loss = 0.0521, neg_loss_1 = 0.0009, neg_loss_2 = 0.0001, ref_loss = 0.0196, div_loss = 0.1092, aux_loss = 0.0001, 0.229 seconds/batch
2026-05-06 15:48:05,203 - Epoch 6, Batch 650, lr = 0.00010, aux_scale = 0.500,  final_loss = 4.7578, nll_loss = 4.6753, ref_nll_loss = 4.8404, ivc_loss = 0.0516, neg_loss_1 = 0.0008, neg_loss_2 = 0.0001, ref_loss = 0.0194, div_loss = 0.1100, aux_loss = 0.0000, 0.229 seconds/batch
2026-05-06 15:48:16,566 - Epoch 6, Batch 700, lr = 0.00010, aux_scale = 0.500,  final_loss = 4.7474, nll_loss = 4.6648, ref_nll_loss = 4.8300, ivc_loss = 0.0538, neg_loss_1 = 0.0003, neg_loss_2 = 0.0000, ref_loss = 0.0213, div_loss = 0.1067, aux_loss = 0.0000, 0.228 seconds/batch
2026-05-06 15:48:28,026 - Epoch 6, Batch 750, lr = 0.00010, aux_scale = 0.500,  final_loss = 4.7314, nll_loss = 4.6442, ref_nll_loss = 4.8186, ivc_loss = 0.0524, neg_loss_1 = 0.0009, neg_loss_2 = 0.0001, ref_loss = 0.0195, div_loss = 0.1158, aux_loss = 0.0000, 0.229 seconds/batch
2026-05-06 15:48:39,368 - Epoch 6, Batch 800, lr = 0.00010, aux_scale = 0.500,  final_loss = 4.7277, nll_loss = 4.6397, ref_nll_loss = 4.8158, ivc_loss = 0.0509, neg_loss_1 = 0.0006, neg_loss_2 = 0.0001, ref_loss = 0.0190, div_loss = 0.1161, aux_loss = 0.0001, 0.228 seconds/batch
2026-05-06 15:48:50,737 - Epoch 6, Batch 850, lr = 0.00010, aux_scale = 0.500,  final_loss = 4.7270, nll_loss = 4.6431, ref_nll_loss = 4.8108, ivc_loss = 0.0532, neg_loss_1 = 0.0014, neg_loss_2 = 0.0002, ref_loss = 0.0195, div_loss = 0.1103, aux_loss = 0.0001, 0.228 seconds/batch
2026-05-06 15:49:02,117 - Epoch 6, Batch 900, lr = 0.00010, aux_scale = 0.500,  final_loss = 4.6953, nll_loss = 4.6089, ref_nll_loss = 4.7816, ivc_loss = 0.0506, neg_loss_1 = 0.0012, neg_loss_2 = 0.0001, ref_loss = 0.0184, div_loss = 0.1111, aux_loss = 0.0001, 0.228 seconds/batch
2026-05-06 15:49:13,563 - Epoch 6, Batch 950, lr = 0.00010, aux_scale = 0.500,  final_loss = 4.7307, nll_loss = 4.6467, ref_nll_loss = 4.8147, ivc_loss = 0.0560, neg_loss_1 = 0.0013, neg_loss_2 = 0.0000, ref_loss = 0.0214, div_loss = 0.1060, aux_loss = 0.0001, 0.228 seconds/batch
2026-05-06 15:49:25,060 - Epoch 6, Batch 1000, lr = 0.00010, aux_scale = 0.500,  final_loss = 4.7193, nll_loss = 4.6351, ref_nll_loss = 4.8035, ivc_loss = 0.0522, neg_loss_1 = 0.0011, neg_loss_2 = 0.0002, ref_loss = 0.0193, div_loss = 0.1085, aux_loss = 0.0001, 0.228 seconds/batch
2026-05-06 15:49:36,430 - Epoch 6, Batch 1050, lr = 0.00010, aux_scale = 0.500,  final_loss = 4.7313, nll_loss = 4.6438, ref_nll_loss = 4.8188, ivc_loss = 0.0488, neg_loss_1 = 0.0009, neg_loss_2 = 0.0002, ref_loss = 0.0180, div_loss = 0.1069, aux_loss = 0.0000, 0.228 seconds/batch
2026-05-06 15:49:47,868 - Epoch 6, Batch 1100, lr = 0.00010, aux_scale = 0.500,  final_loss = 4.7343, nll_loss = 4.6484, ref_nll_loss = 4.8202, ivc_loss = 0.0552, neg_loss_1 = 0.0014, neg_loss_2 = 0.0001, ref_loss = 0.0209, div_loss = 0.1053, aux_loss = 0.0000, 0.228 seconds/batch
2026-05-06 15:49:59,279 - Epoch 6, Batch 1150, lr = 0.00010, aux_scale = 0.500,  final_loss = 4.7542, nll_loss = 4.6695, ref_nll_loss = 4.8389, ivc_loss = 0.0515, neg_loss_1 = 0.0011, neg_loss_2 = 0.0000, ref_loss = 0.0194, div_loss = 0.1049, aux_loss = 0.0000, 0.228 seconds/batch
2026-05-06 15:50:03,782 - Epoch 6, Batch 1170, lr = 0.00010, aux_scale = 0.500,  final_loss = 4.6805, nll_loss = 4.5909, ref_nll_loss = 4.7701, ivc_loss = 0.0514, neg_loss_1 = 0.0009, neg_loss_2 = 0.0000, ref_loss = 0.0196, div_loss = 0.1053, aux_loss = 0.0000, 0.228 seconds/batch
2026-05-06 15:50:03,847 - save model to checkpoints/activitynet_moe_v3/moe_v3/model-6.pt, num_updates 7020.
2026-05-06 15:51:54,789 - | R@1,mIoU 0.3391 | R@1,IoU@0.1 0.8169 | R@1,IoU@0.3 0.5088 | R@1,IoU@0.5 0.2556 | R@1,IoU@0.7 0.0766 | R@1,IoU@0.9 0.0193 | R@5,mIoU 0.4162 | R@5,IoU@0.1 0.8670 | R@5,IoU@0.3 0.6150 | R@5,IoU@0.5 0.3700 | R@5,IoU@0.7 0.1697 | R@5,IoU@0.9 0.0533 |
2026-05-06 15:51:54,789 - ============================================================
2026-05-06 15:51:54,789 - Start Epoch 7
2026-05-06 15:52:06,417 - Epoch 7, Batch 50, lr = 0.00010, aux_scale = 0.500,  final_loss = 4.6742, nll_loss = 4.5907, ref_nll_loss = 4.7578, ivc_loss = 0.0510, neg_loss_1 = 0.0007, neg_loss_2 = 0.0005, ref_loss = 0.0190, div_loss = 0.1077, aux_loss = 0.0000, 0.233 seconds/batch
2026-05-06 15:52:17,793 - Epoch 7, Batch 100, lr = 0.00009, aux_scale = 0.500,  final_loss = 4.6537, nll_loss = 4.5692, ref_nll_loss = 4.7382, ivc_loss = 0.0529, neg_loss_1 = 0.0005, neg_loss_2 = 0.0005, ref_loss = 0.0198, div_loss = 0.1122, aux_loss = 0.0000, 0.230 seconds/batch
2026-05-06 15:52:29,376 - Epoch 7, Batch 150, lr = 0.00009, aux_scale = 0.500,  final_loss = 4.6882, nll_loss = 4.6031, ref_nll_loss = 4.7733, ivc_loss = 0.0489, neg_loss_1 = 0.0006, neg_loss_2 = 0.0001, ref_loss = 0.0182, div_loss = 0.1094, aux_loss = 0.0000, 0.231 seconds/batch
2026-05-06 15:52:41,095 - Epoch 7, Batch 200, lr = 0.00009, aux_scale = 0.500,  final_loss = 4.6805, nll_loss = 4.5933, ref_nll_loss = 4.7677, ivc_loss = 0.0490, neg_loss_1 = 0.0007, neg_loss_2 = 0.0001, ref_loss = 0.0182, div_loss = 0.1077, aux_loss = 0.0000, 0.232 seconds/batch
2026-05-06 15:52:52,701 - Epoch 7, Batch 250, lr = 0.00009, aux_scale = 0.500,  final_loss = 4.6384, nll_loss = 4.5515, ref_nll_loss = 4.7253, ivc_loss = 0.0516, neg_loss_1 = 0.0007, neg_loss_2 = 0.0001, ref_loss = 0.0195, div_loss = 0.1098, aux_loss = 0.0000, 0.232 seconds/batch
2026-05-06 15:53:04,153 - Epoch 7, Batch 300, lr = 0.00009, aux_scale = 0.500,  final_loss = 4.6468, nll_loss = 4.5578, ref_nll_loss = 4.7357, ivc_loss = 0.0492, neg_loss_1 = 0.0002, neg_loss_2 = 0.0003, ref_loss = 0.0185, div_loss = 0.1127, aux_loss = 0.0000, 0.231 seconds/batch
2026-05-06 15:53:15,683 - Epoch 7, Batch 350, lr = 0.00009, aux_scale = 0.500,  final_loss = 4.7001, nll_loss = 4.6100, ref_nll_loss = 4.7902, ivc_loss = 0.0460, neg_loss_1 = 0.0007, neg_loss_2 = 0.0001, ref_loss = 0.0164, div_loss = 0.1145, aux_loss = 0.0000, 0.231 seconds/batch
2026-05-06 15:53:27,315 - Epoch 7, Batch 400, lr = 0.00009, aux_scale = 0.500,  final_loss = 4.6970, nll_loss = 4.6074, ref_nll_loss = 4.7866, ivc_loss = 0.0503, neg_loss_1 = 0.0009, neg_loss_2 = 0.0001, ref_loss = 0.0187, div_loss = 0.1086, aux_loss = 0.0001, 0.231 seconds/batch
2026-05-06 15:53:38,752 - Epoch 7, Batch 450, lr = 0.00009, aux_scale = 0.500,  final_loss = 4.6470, nll_loss = 4.5584, ref_nll_loss = 4.7356, ivc_loss = 0.0499, neg_loss_1 = 0.0004, neg_loss_2 = 0.0000, ref_loss = 0.0193, div_loss = 0.1066, aux_loss = 0.0001, 0.231 seconds/batch
2026-05-06 15:53:50,120 - Epoch 7, Batch 500, lr = 0.00009, aux_scale = 0.500,  final_loss = 4.6562, nll_loss = 4.5645, ref_nll_loss = 4.7480, ivc_loss = 0.0491, neg_loss_1 = 0.0008, neg_loss_2 = 0.0000, ref_loss = 0.0182, div_loss = 0.1097, aux_loss = 0.0000, 0.231 seconds/batch
2026-05-06 15:54:01,639 - Epoch 7, Batch 550, lr = 0.00009, aux_scale = 0.500,  final_loss = 4.7203, nll_loss = 4.6322, ref_nll_loss = 4.8083, ivc_loss = 0.0506, neg_loss_1 = 0.0008, neg_loss_2 = 0.0002, ref_loss = 0.0187, div_loss = 0.1101, aux_loss = 0.0000, 0.231 seconds/batch
2026-05-06 15:54:13,076 - Epoch 7, Batch 600, lr = 0.00009, aux_scale = 0.500,  final_loss = 4.6832, nll_loss = 4.5904, ref_nll_loss = 4.7761, ivc_loss = 0.0496, neg_loss_1 = 0.0010, neg_loss_2 = 0.0000, ref_loss = 0.0182, div_loss = 0.1105, aux_loss = 0.0000, 0.230 seconds/batch
2026-05-06 15:54:24,531 - Epoch 7, Batch 650, lr = 0.00009, aux_scale = 0.500,  final_loss = 4.6827, nll_loss = 4.5936, ref_nll_loss = 4.7718, ivc_loss = 0.0493, neg_loss_1 = 0.0007, neg_loss_2 = 0.0000, ref_loss = 0.0181, div_loss = 0.1153, aux_loss = 0.0000, 0.230 seconds/batch
2026-05-06 15:54:36,010 - Epoch 7, Batch 700, lr = 0.00009, aux_scale = 0.500,  final_loss = 4.6703, nll_loss = 4.5821, ref_nll_loss = 4.7585, ivc_loss = 0.0529, neg_loss_1 = 0.0010, neg_loss_2 = 0.0001, ref_loss = 0.0196, div_loss = 0.1139, aux_loss = 0.0000, 0.230 seconds/batch
2026-05-06 15:54:47,536 - Epoch 7, Batch 750, lr = 0.00009, aux_scale = 0.500,  final_loss = 4.6669, nll_loss = 4.5771, ref_nll_loss = 4.7566, ivc_loss = 0.0470, neg_loss_1 = 0.0011, neg_loss_2 = 0.0000, ref_loss = 0.0171, div_loss = 0.1050, aux_loss = 0.0001, 0.230 seconds/batch
2026-05-06 15:54:59,021 - Epoch 7, Batch 800, lr = 0.00009, aux_scale = 0.500,  final_loss = 4.6736, nll_loss = 4.5857, ref_nll_loss = 4.7615, ivc_loss = 0.0503, neg_loss_1 = 0.0012, neg_loss_2 = 0.0001, ref_loss = 0.0186, div_loss = 0.1067, aux_loss = 0.0001, 0.230 seconds/batch
2026-05-06 15:55:10,452 - Epoch 7, Batch 850, lr = 0.00009, aux_scale = 0.500,  final_loss = 4.6764, nll_loss = 4.5861, ref_nll_loss = 4.7667, ivc_loss = 0.0470, neg_loss_1 = 0.0007, neg_loss_2 = 0.0004, ref_loss = 0.0171, div_loss = 0.1057, aux_loss = 0.0000, 0.230 seconds/batch
2026-05-06 15:55:21,850 - Epoch 7, Batch 900, lr = 0.00009, aux_scale = 0.500,  final_loss = 4.6632, nll_loss = 4.5718, ref_nll_loss = 4.7547, ivc_loss = 0.0469, neg_loss_1 = 0.0004, neg_loss_2 = 0.0000, ref_loss = 0.0175, div_loss = 0.1106, aux_loss = 0.0000, 0.230 seconds/batch
2026-05-06 15:55:33,362 - Epoch 7, Batch 950, lr = 0.00009, aux_scale = 0.500,  final_loss = 4.6863, nll_loss = 4.5981, ref_nll_loss = 4.7746, ivc_loss = 0.0516, neg_loss_1 = 0.0005, neg_loss_2 = 0.0002, ref_loss = 0.0196, div_loss = 0.1106, aux_loss = 0.0000, 0.230 seconds/batch
2026-05-06 15:55:44,952 - Epoch 7, Batch 1000, lr = 0.00009, aux_scale = 0.500,  final_loss = 4.6718, nll_loss = 4.5828, ref_nll_loss = 4.7607, ivc_loss = 0.0484, neg_loss_1 = 0.0004, neg_loss_2 = 0.0001, ref_loss = 0.0180, div_loss = 0.1146, aux_loss = 0.0000, 0.230 seconds/batch
2026-05-06 15:55:56,494 - Epoch 7, Batch 1050, lr = 0.00009, aux_scale = 0.500,  final_loss = 4.6480, nll_loss = 4.5563, ref_nll_loss = 4.7396, ivc_loss = 0.0478, neg_loss_1 = 0.0004, neg_loss_2 = 0.0002, ref_loss = 0.0177, div_loss = 0.1125, aux_loss = 0.0001, 0.230 seconds/batch
2026-05-06 15:56:07,971 - Epoch 7, Batch 1100, lr = 0.00009, aux_scale = 0.500,  final_loss = 4.6693, nll_loss = 4.5764, ref_nll_loss = 4.7622, ivc_loss = 0.0467, neg_loss_1 = 0.0009, neg_loss_2 = 0.0001, ref_loss = 0.0168, div_loss = 0.1094, aux_loss = 0.0000, 0.230 seconds/batch
2026-05-06 15:56:19,430 - Epoch 7, Batch 1150, lr = 0.00009, aux_scale = 0.500,  final_loss = 4.6792, nll_loss = 4.5875, ref_nll_loss = 4.7710, ivc_loss = 0.0507, neg_loss_1 = 0.0007, neg_loss_2 = 0.0002, ref_loss = 0.0190, div_loss = 0.1077, aux_loss = 0.0000, 0.230 seconds/batch
2026-05-06 15:56:23,937 - Epoch 7, Batch 1170, lr = 0.00009, aux_scale = 0.500,  final_loss = 4.6873, nll_loss = 4.5996, ref_nll_loss = 4.7751, ivc_loss = 0.0548, neg_loss_1 = 0.0011, neg_loss_2 = 0.0009, ref_loss = 0.0199, div_loss = 0.1096, aux_loss = 0.0000, 0.230 seconds/batch
2026-05-06 15:56:23,998 - save model to checkpoints/activitynet_moe_v3/moe_v3/model-7.pt, num_updates 8190.
2026-05-06 15:58:13,828 - | R@1,mIoU 0.3394 | R@1,IoU@0.1 0.8175 | R@1,IoU@0.3 0.5165 | R@1,IoU@0.5 0.2575 | R@1,IoU@0.7 0.0732 | R@1,IoU@0.9 0.0143 | R@5,mIoU 0.4150 | R@5,IoU@0.1 0.8638 | R@5,IoU@0.3 0.6159 | R@5,IoU@0.5 0.3810 | R@5,IoU@0.7 0.1598 | R@5,IoU@0.9 0.0421 |
2026-05-06 15:58:13,828 - ============================================================
2026-05-06 15:58:13,828 - Start Epoch 8
2026-05-06 15:58:25,467 - Epoch 8, Batch 50, lr = 0.00009, aux_scale = 0.500,  final_loss = 4.6321, nll_loss = 4.5386, ref_nll_loss = 4.7255, ivc_loss = 0.0460, neg_loss_1 = 0.0010, neg_loss_2 = 0.0000, ref_loss = 0.0165, div_loss = 0.1094, aux_loss = 0.0000, 0.233 seconds/batch
2026-05-06 15:58:36,743 - Epoch 8, Batch 100, lr = 0.00009, aux_scale = 0.500,  final_loss = 4.6299, nll_loss = 4.5385, ref_nll_loss = 4.7212, ivc_loss = 0.0477, neg_loss_1 = 0.0005, neg_loss_2 = 0.0000, ref_loss = 0.0180, div_loss = 0.1075, aux_loss = 0.0000, 0.229 seconds/batch
2026-05-06 15:58:48,107 - Epoch 8, Batch 150, lr = 0.00009, aux_scale = 0.500,  final_loss = 4.6233, nll_loss = 4.5306, ref_nll_loss = 4.7160, ivc_loss = 0.0461, neg_loss_1 = 0.0007, neg_loss_2 = 0.0001, ref_loss = 0.0169, div_loss = 0.1089, aux_loss = 0.0000, 0.229 seconds/batch
2026-05-06 15:58:59,418 - Epoch 8, Batch 200, lr = 0.00009, aux_scale = 0.500,  final_loss = 4.5915, nll_loss = 4.4983, ref_nll_loss = 4.6847, ivc_loss = 0.0467, neg_loss_1 = 0.0008, neg_loss_2 = 0.0001, ref_loss = 0.0169, div_loss = 0.1118, aux_loss = 0.0000, 0.228 seconds/batch
2026-05-06 15:59:11,062 - Epoch 8, Batch 250, lr = 0.00009, aux_scale = 0.500,  final_loss = 4.6321, nll_loss = 4.5401, ref_nll_loss = 4.7241, ivc_loss = 0.0483, neg_loss_1 = 0.0009, neg_loss_2 = 0.0001, ref_loss = 0.0173, div_loss = 0.1178, aux_loss = 0.0000, 0.229 seconds/batch
2026-05-06 15:59:22,562 - Epoch 8, Batch 300, lr = 0.00009, aux_scale = 0.500,  final_loss = 4.6284, nll_loss = 4.5414, ref_nll_loss = 4.7154, ivc_loss = 0.0506, neg_loss_1 = 0.0005, neg_loss_2 = 0.0000, ref_loss = 0.0190, div_loss = 0.1168, aux_loss = 0.0000, 0.229 seconds/batch
2026-05-06 15:59:34,240 - Epoch 8, Batch 350, lr = 0.00009, aux_scale = 0.500,  final_loss = 4.6300, nll_loss = 4.5387, ref_nll_loss = 4.7213, ivc_loss = 0.0515, neg_loss_1 = 0.0009, neg_loss_2 = 0.0000, ref_loss = 0.0190, div_loss = 0.1142, aux_loss = 0.0000, 0.230 seconds/batch
2026-05-06 15:59:45,635 - Epoch 8, Batch 400, lr = 0.00009, aux_scale = 0.500,  final_loss = 4.6137, nll_loss = 4.5227, ref_nll_loss = 4.7047, ivc_loss = 0.0495, neg_loss_1 = 0.0010, neg_loss_2 = 0.0000, ref_loss = 0.0184, div_loss = 0.1075, aux_loss = 0.0000, 0.230 seconds/batch
2026-05-06 15:59:57,031 - Epoch 8, Batch 450, lr = 0.00009, aux_scale = 0.500,  final_loss = 4.6288, nll_loss = 4.5363, ref_nll_loss = 4.7213, ivc_loss = 0.0465, neg_loss_1 = 0.0008, neg_loss_2 = 0.0000, ref_loss = 0.0170, div_loss = 0.1082, aux_loss = 0.0000, 0.229 seconds/batch
2026-05-06 16:00:08,663 - Epoch 8, Batch 500, lr = 0.00009, aux_scale = 0.500,  final_loss = 4.6415, nll_loss = 4.5462, ref_nll_loss = 4.7367, ivc_loss = 0.0472, neg_loss_1 = 0.0005, neg_loss_2 = 0.0000, ref_loss = 0.0174, div_loss = 0.1134, aux_loss = 0.0000, 0.230 seconds/batch
2026-05-06 16:00:20,255 - Epoch 8, Batch 550, lr = 0.00009, aux_scale = 0.500,  final_loss = 4.5749, nll_loss = 4.4819, ref_nll_loss = 4.6678, ivc_loss = 0.0468, neg_loss_1 = 0.0006, neg_loss_2 = 0.0001, ref_loss = 0.0171, div_loss = 0.1116, aux_loss = 0.0000, 0.230 seconds/batch
2026-05-06 16:00:31,679 - Epoch 8, Batch 600, lr = 0.00009, aux_scale = 0.500,  final_loss = 4.6474, nll_loss = 4.5542, ref_nll_loss = 4.7406, ivc_loss = 0.0465, neg_loss_1 = 0.0007, neg_loss_2 = 0.0000, ref_loss = 0.0170, div_loss = 0.1121, aux_loss = 0.0000, 0.230 seconds/batch
2026-05-06 16:00:43,052 - Epoch 8, Batch 650, lr = 0.00009, aux_scale = 0.500,  final_loss = 4.6071, nll_loss = 4.5125, ref_nll_loss = 4.7017, ivc_loss = 0.0459, neg_loss_1 = 0.0004, neg_loss_2 = 0.0001, ref_loss = 0.0169, div_loss = 0.1103, aux_loss = 0.0000, 0.230 seconds/batch
2026-05-06 16:00:54,379 - Epoch 8, Batch 700, lr = 0.00008, aux_scale = 0.500,  final_loss = 4.6104, nll_loss = 4.5169, ref_nll_loss = 4.7040, ivc_loss = 0.0446, neg_loss_1 = 0.0005, neg_loss_2 = 0.0001, ref_loss = 0.0165, div_loss = 0.1041, aux_loss = 0.0002, 0.229 seconds/batch
2026-05-06 16:01:05,732 - Epoch 8, Batch 750, lr = 0.00008, aux_scale = 0.500,  final_loss = 4.6052, nll_loss = 4.5098, ref_nll_loss = 4.7005, ivc_loss = 0.0455, neg_loss_1 = 0.0005, neg_loss_2 = 0.0000, ref_loss = 0.0171, div_loss = 0.1021, aux_loss = 0.0001, 0.229 seconds/batch
2026-05-06 16:01:17,188 - Epoch 8, Batch 800, lr = 0.00008, aux_scale = 0.500,  final_loss = 4.6174, nll_loss = 4.5273, ref_nll_loss = 4.7074, ivc_loss = 0.0495, neg_loss_1 = 0.0019, neg_loss_2 = 0.0001, ref_loss = 0.0176, div_loss = 0.1012, aux_loss = 0.0001, 0.229 seconds/batch
2026-05-06 16:01:28,735 - Epoch 8, Batch 850, lr = 0.00008, aux_scale = 0.500,  final_loss = 4.6159, nll_loss = 4.5242, ref_nll_loss = 4.7076, ivc_loss = 0.0490, neg_loss_1 = 0.0009, neg_loss_2 = 0.0000, ref_loss = 0.0186, div_loss = 0.0996, aux_loss = 0.0000, 0.229 seconds/batch
2026-05-06 16:01:40,281 - Epoch 8, Batch 900, lr = 0.00008, aux_scale = 0.500,  final_loss = 4.6269, nll_loss = 4.5354, ref_nll_loss = 4.7184, ivc_loss = 0.0491, neg_loss_1 = 0.0006, neg_loss_2 = 0.0001, ref_loss = 0.0187, div_loss = 0.1027, aux_loss = 0.0000, 0.229 seconds/batch
2026-05-06 16:01:51,771 - Epoch 8, Batch 950, lr = 0.00008, aux_scale = 0.500,  final_loss = 4.6218, nll_loss = 4.5267, ref_nll_loss = 4.7169, ivc_loss = 0.0448, neg_loss_1 = 0.0013, neg_loss_2 = 0.0000, ref_loss = 0.0158, div_loss = 0.1077, aux_loss = 0.0000, 0.229 seconds/batch
2026-05-06 16:02:03,155 - Epoch 8, Batch 1000, lr = 0.00008, aux_scale = 0.500,  final_loss = 4.5972, nll_loss = 4.5044, ref_nll_loss = 4.6900, ivc_loss = 0.0487, neg_loss_1 = 0.0005, neg_loss_2 = 0.0000, ref_loss = 0.0184, div_loss = 0.1096, aux_loss = 0.0000, 0.229 seconds/batch
2026-05-06 16:02:14,596 - Epoch 8, Batch 1050, lr = 0.00008, aux_scale = 0.500,  final_loss = 4.6135, nll_loss = 4.5188, ref_nll_loss = 4.7082, ivc_loss = 0.0467, neg_loss_1 = 0.0006, neg_loss_2 = 0.0000, ref_loss = 0.0173, div_loss = 0.1086, aux_loss = 0.0000, 0.229 seconds/batch
2026-05-06 16:02:26,037 - Epoch 8, Batch 1100, lr = 0.00008, aux_scale = 0.500,  final_loss = 4.5881, nll_loss = 4.4937, ref_nll_loss = 4.6825, ivc_loss = 0.0478, neg_loss_1 = 0.0004, neg_loss_2 = 0.0000, ref_loss = 0.0179, div_loss = 0.1110, aux_loss = 0.0000, 0.229 seconds/batch
2026-05-06 16:02:37,572 - Epoch 8, Batch 1150, lr = 0.00008, aux_scale = 0.500,  final_loss = 4.6075, nll_loss = 4.5114, ref_nll_loss = 4.7036, ivc_loss = 0.0471, neg_loss_1 = 0.0010, neg_loss_2 = 0.0002, ref_loss = 0.0169, div_loss = 0.1095, aux_loss = 0.0000, 0.229 seconds/batch
2026-05-06 16:02:42,188 - Epoch 8, Batch 1170, lr = 0.00008, aux_scale = 0.500,  final_loss = 4.6126, nll_loss = 4.5164, ref_nll_loss = 4.7088, ivc_loss = 0.0443, neg_loss_1 = 0.0009, neg_loss_2 = 0.0000, ref_loss = 0.0159, div_loss = 0.1079, aux_loss = 0.0000, 0.229 seconds/batch
2026-05-06 16:02:42,252 - save model to checkpoints/activitynet_moe_v3/moe_v3/model-8.pt, num_updates 9360.
2026-05-06 16:04:32,554 - | R@1,mIoU 0.3408 | R@1,IoU@0.1 0.8195 | R@1,IoU@0.3 0.5166 | R@1,IoU@0.5 0.2569 | R@1,IoU@0.7 0.0756 | R@1,IoU@0.9 0.0158 | R@5,mIoU 0.4175 | R@5,IoU@0.1 0.8665 | R@5,IoU@0.3 0.6153 | R@5,IoU@0.5 0.3857 | R@5,IoU@0.7 0.1665 | R@5,IoU@0.9 0.0424 |
2026-05-06 16:04:32,554 - ============================================================
2026-05-06 16:04:32,555 - Start Epoch 9
2026-05-06 16:04:44,172 - Epoch 9, Batch 50, lr = 0.00008, aux_scale = 1.000,  final_loss = 4.5774, nll_loss = 4.4850, ref_nll_loss = 4.6697, ivc_loss = 0.0439, neg_loss_1 = 0.0003, neg_loss_2 = 0.0000, ref_loss = 0.0164, div_loss = 0.1058, aux_loss = 0.0000, 0.232 seconds/batch
2026-05-06 16:04:55,515 - Epoch 9, Batch 100, lr = 0.00008, aux_scale = 1.000,  final_loss = 4.5784, nll_loss = 4.4838, ref_nll_loss = 4.6730, ivc_loss = 0.0446, neg_loss_1 = 0.0004, neg_loss_2 = 0.0001, ref_loss = 0.0164, div_loss = 0.1086, aux_loss = 0.0000, 0.230 seconds/batch
2026-05-06 16:05:06,948 - Epoch 9, Batch 150, lr = 0.00008, aux_scale = 1.000,  final_loss = 4.5483, nll_loss = 4.4559, ref_nll_loss = 4.6407, ivc_loss = 0.0480, neg_loss_1 = 0.0005, neg_loss_2 = 0.0000, ref_loss = 0.0181, div_loss = 0.1070, aux_loss = 0.0000, 0.229 seconds/batch
2026-05-06 16:05:18,370 - Epoch 9, Batch 200, lr = 0.00008, aux_scale = 1.000,  final_loss = 4.5550, nll_loss = 4.4633, ref_nll_loss = 4.6466, ivc_loss = 0.0488, neg_loss_1 = 0.0009, neg_loss_2 = 0.0000, ref_loss = 0.0181, div_loss = 0.1088, aux_loss = 0.0000, 0.229 seconds/batch
2026-05-06 16:05:29,685 - Epoch 9, Batch 250, lr = 0.00008, aux_scale = 1.000,  final_loss = 4.5657, nll_loss = 4.4705, ref_nll_loss = 4.6608, ivc_loss = 0.0495, neg_loss_1 = 0.0011, neg_loss_2 = 0.0001, ref_loss = 0.0182, div_loss = 0.1072, aux_loss = 0.0000, 0.229 seconds/batch
2026-05-06 16:05:40,998 - Epoch 9, Batch 300, lr = 0.00008, aux_scale = 1.000,  final_loss = 4.5995, nll_loss = 4.5048, ref_nll_loss = 4.6942, ivc_loss = 0.0481, neg_loss_1 = 0.0007, neg_loss_2 = 0.0000, ref_loss = 0.0180, div_loss = 0.1068, aux_loss = 0.0000, 0.228 seconds/batch
2026-05-06 16:05:52,288 - Epoch 9, Batch 350, lr = 0.00008, aux_scale = 1.000,  final_loss = 4.5676, nll_loss = 4.4707, ref_nll_loss = 4.6644, ivc_loss = 0.0423, neg_loss_1 = 0.0005, neg_loss_2 = 0.0000, ref_loss = 0.0153, div_loss = 0.1076, aux_loss = 0.0000, 0.228 seconds/batch
2026-05-06 16:06:03,562 - Epoch 9, Batch 400, lr = 0.00008, aux_scale = 1.000,  final_loss = 4.5590, nll_loss = 4.4657, ref_nll_loss = 4.6523, ivc_loss = 0.0528, neg_loss_1 = 0.0011, neg_loss_2 = 0.0000, ref_loss = 0.0198, div_loss = 0.1094, aux_loss = 0.0000, 0.228 seconds/batch
2026-05-06 16:06:14,976 - Epoch 9, Batch 450, lr = 0.00008, aux_scale = 1.000,  final_loss = 4.5678, nll_loss = 4.4705, ref_nll_loss = 4.6651, ivc_loss = 0.0427, neg_loss_1 = 0.0010, neg_loss_2 = 0.0001, ref_loss = 0.0147, div_loss = 0.1115, aux_loss = 0.0000, 0.228 seconds/batch
2026-05-06 16:06:26,394 - Epoch 9, Batch 500, lr = 0.00008, aux_scale = 1.000,  final_loss = 4.5513, nll_loss = 4.4558, ref_nll_loss = 4.6468, ivc_loss = 0.0465, neg_loss_1 = 0.0006, neg_loss_2 = 0.0001, ref_loss = 0.0169, div_loss = 0.1117, aux_loss = 0.0000, 0.228 seconds/batch
2026-05-06 16:06:37,758 - Epoch 9, Batch 550, lr = 0.00008, aux_scale = 1.000,  final_loss = 4.6283, nll_loss = 4.5356, ref_nll_loss = 4.7210, ivc_loss = 0.0464, neg_loss_1 = 0.0004, neg_loss_2 = 0.0000, ref_loss = 0.0171, div_loss = 0.1145, aux_loss = 0.0000, 0.228 seconds/batch
2026-05-06 16:06:49,248 - Epoch 9, Batch 600, lr = 0.00008, aux_scale = 1.000,  final_loss = 4.5663, nll_loss = 4.4717, ref_nll_loss = 4.6609, ivc_loss = 0.0472, neg_loss_1 = 0.0011, neg_loss_2 = 0.0002, ref_loss = 0.0166, div_loss = 0.1138, aux_loss = 0.0000, 0.228 seconds/batch
2026-05-06 16:07:00,731 - Epoch 9, Batch 650, lr = 0.00008, aux_scale = 1.000,  final_loss = 4.5573, nll_loss = 4.4633, ref_nll_loss = 4.6513, ivc_loss = 0.0473, neg_loss_1 = 0.0004, neg_loss_2 = 0.0000, ref_loss = 0.0176, div_loss = 0.1126, aux_loss = 0.0000, 0.228 seconds/batch
2026-05-06 16:07:12,141 - Epoch 9, Batch 700, lr = 0.00008, aux_scale = 1.000,  final_loss = 4.5364, nll_loss = 4.4386, ref_nll_loss = 4.6343, ivc_loss = 0.0431, neg_loss_1 = 0.0003, neg_loss_2 = 0.0001, ref_loss = 0.0156, div_loss = 0.1125, aux_loss = 0.0000, 0.228 seconds/batch
2026-05-06 16:07:23,539 - Epoch 9, Batch 750, lr = 0.00008, aux_scale = 1.000,  final_loss = 4.5642, nll_loss = 4.4648, ref_nll_loss = 4.6636, ivc_loss = 0.0432, neg_loss_1 = 0.0006, neg_loss_2 = 0.0001, ref_loss = 0.0151, div_loss = 0.1154, aux_loss = 0.0000, 0.228 seconds/batch
2026-05-06 16:07:34,956 - Epoch 9, Batch 800, lr = 0.00008, aux_scale = 1.000,  final_loss = 4.5842, nll_loss = 4.4867, ref_nll_loss = 4.6818, ivc_loss = 0.0470, neg_loss_1 = 0.0004, neg_loss_2 = 0.0000, ref_loss = 0.0174, div_loss = 0.1143, aux_loss = 0.0000, 0.228 seconds/batch
2026-05-06 16:07:46,428 - Epoch 9, Batch 850, lr = 0.00008, aux_scale = 1.000,  final_loss = 4.5643, nll_loss = 4.4666, ref_nll_loss = 4.6620, ivc_loss = 0.0424, neg_loss_1 = 0.0002, neg_loss_2 = 0.0001, ref_loss = 0.0150, div_loss = 0.1191, aux_loss = 0.0000, 0.228 seconds/batch
2026-05-06 16:07:57,798 - Epoch 9, Batch 900, lr = 0.00008, aux_scale = 1.000,  final_loss = 4.5709, nll_loss = 4.4675, ref_nll_loss = 4.6742, ivc_loss = 0.0438, neg_loss_1 = 0.0002, neg_loss_2 = 0.0000, ref_loss = 0.0157, div_loss = 0.1193, aux_loss = 0.0000, 0.228 seconds/batch
2026-05-06 16:08:09,244 - Epoch 9, Batch 950, lr = 0.00008, aux_scale = 1.000,  final_loss = 4.5959, nll_loss = 4.5026, ref_nll_loss = 4.6892, ivc_loss = 0.0519, neg_loss_1 = 0.0007, neg_loss_2 = 0.0000, ref_loss = 0.0194, div_loss = 0.1169, aux_loss = 0.0000, 0.228 seconds/batch
2026-05-06 16:08:20,797 - Epoch 9, Batch 1000, lr = 0.00008, aux_scale = 1.000,  final_loss = 4.5527, nll_loss = 4.4558, ref_nll_loss = 4.6496, ivc_loss = 0.0467, neg_loss_1 = 0.0005, neg_loss_2 = 0.0000, ref_loss = 0.0169, div_loss = 0.1174, aux_loss = 0.0000, 0.228 seconds/batch
2026-05-06 16:08:32,470 - Epoch 9, Batch 1050, lr = 0.00008, aux_scale = 1.000,  final_loss = 4.5946, nll_loss = 4.4987, ref_nll_loss = 4.6904, ivc_loss = 0.0462, neg_loss_1 = 0.0006, neg_loss_2 = 0.0000, ref_loss = 0.0168, div_loss = 0.1135, aux_loss = 0.0000, 0.228 seconds/batch
2026-05-06 16:08:43,809 - Epoch 9, Batch 1100, lr = 0.00008, aux_scale = 1.000,  final_loss = 4.5553, nll_loss = 4.4599, ref_nll_loss = 4.6507, ivc_loss = 0.0446, neg_loss_1 = 0.0010, neg_loss_2 = 0.0000, ref_loss = 0.0156, div_loss = 0.1145, aux_loss = 0.0000, 0.228 seconds/batch
2026-05-06 16:08:55,216 - Epoch 9, Batch 1150, lr = 0.00008, aux_scale = 1.000,  final_loss = 4.5534, nll_loss = 4.4541, ref_nll_loss = 4.6528, ivc_loss = 0.0420, neg_loss_1 = 0.0003, neg_loss_2 = 0.0000, ref_loss = 0.0151, div_loss = 0.1110, aux_loss = 0.0000, 0.228 seconds/batch
2026-05-06 16:08:59,708 - Epoch 9, Batch 1170, lr = 0.00008, aux_scale = 1.000,  final_loss = 4.6057, nll_loss = 4.5113, ref_nll_loss = 4.7002, ivc_loss = 0.0468, neg_loss_1 = 0.0010, neg_loss_2 = 0.0000, ref_loss = 0.0169, div_loss = 0.1112, aux_loss = 0.0000, 0.228 seconds/batch
2026-05-06 16:08:59,766 - save model to checkpoints/activitynet_moe_v3/moe_v3/model-9.pt, num_updates 10530.
2026-05-06 16:10:49,399 - | R@1,mIoU 0.3443 | R@1,IoU@0.1 0.8239 | R@1,IoU@0.3 0.5246 | R@1,IoU@0.5 0.2595 | R@1,IoU@0.7 0.0799 | R@1,IoU@0.9 0.0157 | R@5,mIoU 0.4165 | R@5,IoU@0.1 0.8648 | R@5,IoU@0.3 0.6119 | R@5,IoU@0.5 0.3815 | R@5,IoU@0.7 0.1702 | R@5,IoU@0.9 0.0455 |
2026-05-06 16:10:49,400 - ============================================================
2026-05-06 16:10:49,400 - Start Epoch 10
2026-05-06 16:11:01,173 - Epoch 10, Batch 50, lr = 0.00008, aux_scale = 1.000,  final_loss = 4.5283, nll_loss = 4.4353, ref_nll_loss = 4.6213, ivc_loss = 0.0492, neg_loss_1 = 0.0012, neg_loss_2 = 0.0001, ref_loss = 0.0175, div_loss = 0.1136, aux_loss = 0.0000, 0.235 seconds/batch
2026-05-06 16:11:12,551 - Epoch 10, Batch 100, lr = 0.00008, aux_scale = 1.000,  final_loss = 4.5250, nll_loss = 4.4283, ref_nll_loss = 4.6217, ivc_loss = 0.0410, neg_loss_1 = 0.0005, neg_loss_2 = 0.0000, ref_loss = 0.0144, div_loss = 0.1132, aux_loss = 0.0000, 0.232 seconds/batch
2026-05-06 16:11:23,942 - Epoch 10, Batch 150, lr = 0.00008, aux_scale = 1.000,  final_loss = 4.4999, nll_loss = 4.3996, ref_nll_loss = 4.6001, ivc_loss = 0.0425, neg_loss_1 = 0.0004, neg_loss_2 = 0.0000, ref_loss = 0.0151, div_loss = 0.1155, aux_loss = 0.0000, 0.230 seconds/batch
2026-05-06 16:11:35,296 - Epoch 10, Batch 200, lr = 0.00008, aux_scale = 1.000,  final_loss = 4.5319, nll_loss = 4.4316, ref_nll_loss = 4.6322, ivc_loss = 0.0460, neg_loss_1 = 0.0008, neg_loss_2 = 0.0002, ref_loss = 0.0164, div_loss = 0.1110, aux_loss = 0.0000, 0.229 seconds/batch
2026-05-06 16:11:46,592 - Epoch 10, Batch 250, lr = 0.00008, aux_scale = 1.000,  final_loss = 4.5170, nll_loss = 4.4189, ref_nll_loss = 4.6152, ivc_loss = 0.0457, neg_loss_1 = 0.0008, neg_loss_2 = 0.0001, ref_loss = 0.0164, div_loss = 0.1113, aux_loss = 0.0000, 0.229 seconds/batch
2026-05-06 16:11:57,925 - Epoch 10, Batch 300, lr = 0.00008, aux_scale = 1.000,  final_loss = 4.5292, nll_loss = 4.4309, ref_nll_loss = 4.6274, ivc_loss = 0.0448, neg_loss_1 = 0.0003, neg_loss_2 = 0.0001, ref_loss = 0.0163, div_loss = 0.1137, aux_loss = 0.0000, 0.228 seconds/batch
2026-05-06 16:12:09,339 - Epoch 10, Batch 350, lr = 0.00008, aux_scale = 1.000,  final_loss = 4.5442, nll_loss = 4.4461, ref_nll_loss = 4.6423, ivc_loss = 0.0473, neg_loss_1 = 0.0005, neg_loss_2 = 0.0000, ref_loss = 0.0172, div_loss = 0.1179, aux_loss = 0.0000, 0.228 seconds/batch
2026-05-06 16:12:20,720 - Epoch 10, Batch 400, lr = 0.00008, aux_scale = 1.000,  final_loss = 4.5460, nll_loss = 4.4491, ref_nll_loss = 4.6429, ivc_loss = 0.0448, neg_loss_1 = 0.0004, neg_loss_2 = 0.0001, ref_loss = 0.0161, div_loss = 0.1158, aux_loss = 0.0000, 0.228 seconds/batch
2026-05-06 16:12:32,171 - Epoch 10, Batch 450, lr = 0.00008, aux_scale = 1.000,  final_loss = 4.5108, nll_loss = 4.4088, ref_nll_loss = 4.6128, ivc_loss = 0.0419, neg_loss_1 = 0.0002, neg_loss_2 = 0.0001, ref_loss = 0.0149, div_loss = 0.1158, aux_loss = 0.0000, 0.228 seconds/batch
2026-05-06 16:12:43,663 - Epoch 10, Batch 500, lr = 0.00008, aux_scale = 1.000,  final_loss = 4.5328, nll_loss = 4.4336, ref_nll_loss = 4.6320, ivc_loss = 0.0455, neg_loss_1 = 0.0008, neg_loss_2 = 0.0000, ref_loss = 0.0161, div_loss = 0.1171, aux_loss = 0.0000, 0.229 seconds/batch
2026-05-06 16:12:55,049 - Epoch 10, Batch 550, lr = 0.00008, aux_scale = 1.000,  final_loss = 4.5255, nll_loss = 4.4240, ref_nll_loss = 4.6269, ivc_loss = 0.0467, neg_loss_1 = 0.0009, neg_loss_2 = 0.0001, ref_loss = 0.0166, div_loss = 0.1167, aux_loss = 0.0001, 0.228 seconds/batch
2026-05-06 16:13:06,470 - Epoch 10, Batch 600, lr = 0.00008, aux_scale = 1.000,  final_loss = 4.5242, nll_loss = 4.4279, ref_nll_loss = 4.6205, ivc_loss = 0.0483, neg_loss_1 = 0.0006, neg_loss_2 = 0.0001, ref_loss = 0.0177, div_loss = 0.1169, aux_loss = 0.0000, 0.228 seconds/batch
2026-05-06 16:13:17,788 - Epoch 10, Batch 650, lr = 0.00008, aux_scale = 1.000,  final_loss = 4.5334, nll_loss = 4.4318, ref_nll_loss = 4.6350, ivc_loss = 0.0416, neg_loss_1 = 0.0005, neg_loss_2 = 0.0000, ref_loss = 0.0146, div_loss = 0.1144, aux_loss = 0.0000, 0.228 seconds/batch
2026-05-06 16:13:29,344 - Epoch 10, Batch 700, lr = 0.00008, aux_scale = 1.000,  final_loss = 4.5194, nll_loss = 4.4202, ref_nll_loss = 4.6185, ivc_loss = 0.0452, neg_loss_1 = 0.0005, neg_loss_2 = 0.0000, ref_loss = 0.0165, div_loss = 0.1123, aux_loss = 0.0000, 0.228 seconds/batch
2026-05-06 16:13:40,854 - Epoch 10, Batch 750, lr = 0.00008, aux_scale = 1.000,  final_loss = 4.5276, nll_loss = 4.4261, ref_nll_loss = 4.6291, ivc_loss = 0.0415, neg_loss_1 = 0.0008, neg_loss_2 = 0.0000, ref_loss = 0.0143, div_loss = 0.1138, aux_loss = 0.0000, 0.229 seconds/batch
2026-05-06 16:13:52,305 - Epoch 10, Batch 800, lr = 0.00008, aux_scale = 1.000,  final_loss = 4.5377, nll_loss = 4.4368, ref_nll_loss = 4.6387, ivc_loss = 0.0450, neg_loss_1 = 0.0008, neg_loss_2 = 0.0001, ref_loss = 0.0160, div_loss = 0.1133, aux_loss = 0.0000, 0.229 seconds/batch
2026-05-06 16:14:03,661 - Epoch 10, Batch 850, lr = 0.00007, aux_scale = 1.000,  final_loss = 4.4989, nll_loss = 4.4005, ref_nll_loss = 4.5973, ivc_loss = 0.0450, neg_loss_1 = 0.0008, neg_loss_2 = 0.0001, ref_loss = 0.0159, div_loss = 0.1134, aux_loss = 0.0000, 0.229 seconds/batch
2026-05-06 16:14:15,025 - Epoch 10, Batch 900, lr = 0.00007, aux_scale = 1.000,  final_loss = 4.5306, nll_loss = 4.4314, ref_nll_loss = 4.6298, ivc_loss = 0.0449, neg_loss_1 = 0.0006, neg_loss_2 = 0.0002, ref_loss = 0.0158, div_loss = 0.1165, aux_loss = 0.0000, 0.228 seconds/batch
2026-05-06 16:14:26,473 - Epoch 10, Batch 950, lr = 0.00007, aux_scale = 1.000,  final_loss = 4.5286, nll_loss = 4.4256, ref_nll_loss = 4.6315, ivc_loss = 0.0460, neg_loss_1 = 0.0006, neg_loss_2 = 0.0001, ref_loss = 0.0165, div_loss = 0.1151, aux_loss = 0.0000, 0.228 seconds/batch
2026-05-06 16:14:37,818 - Epoch 10, Batch 1000, lr = 0.00007, aux_scale = 1.000,  final_loss = 4.5549, nll_loss = 4.4564, ref_nll_loss = 4.6534, ivc_loss = 0.0480, neg_loss_1 = 0.0011, neg_loss_2 = 0.0000, ref_loss = 0.0172, div_loss = 0.1130, aux_loss = 0.0000, 0.228 seconds/batch
2026-05-06 16:14:49,192 - Epoch 10, Batch 1050, lr = 0.00007, aux_scale = 1.000,  final_loss = 4.5499, nll_loss = 4.4482, ref_nll_loss = 4.6515, ivc_loss = 0.0430, neg_loss_1 = 0.0006, neg_loss_2 = 0.0001, ref_loss = 0.0152, div_loss = 0.1109, aux_loss = 0.0000, 0.228 seconds/batch
2026-05-06 16:15:00,597 - Epoch 10, Batch 1100, lr = 0.00007, aux_scale = 1.000,  final_loss = 4.5363, nll_loss = 4.4357, ref_nll_loss = 4.6369, ivc_loss = 0.0460, neg_loss_1 = 0.0010, neg_loss_2 = 0.0002, ref_loss = 0.0161, div_loss = 0.1132, aux_loss = 0.0000, 0.228 seconds/batch
2026-05-06 16:15:12,121 - Epoch 10, Batch 1150, lr = 0.00007, aux_scale = 1.000,  final_loss = 4.5053, nll_loss = 4.4021, ref_nll_loss = 4.6085, ivc_loss = 0.0439, neg_loss_1 = 0.0004, neg_loss_2 = 0.0003, ref_loss = 0.0156, div_loss = 0.1130, aux_loss = 0.0002, 0.228 seconds/batch
2026-05-06 16:15:16,658 - Epoch 10, Batch 1170, lr = 0.00007, aux_scale = 1.000,  final_loss = 4.5458, nll_loss = 4.4468, ref_nll_loss = 4.6447, ivc_loss = 0.0509, neg_loss_1 = 0.0004, neg_loss_2 = 0.0006, ref_loss = 0.0188, div_loss = 0.1131, aux_loss = 0.0000, 0.228 seconds/batch
2026-05-06 16:15:16,713 - save model to checkpoints/activitynet_moe_v3/moe_v3/model-10.pt, num_updates 11700.
2026-05-06 16:17:07,247 - | R@1,mIoU 0.3441 | R@1,IoU@0.1 0.8235 | R@1,IoU@0.3 0.5218 | R@1,IoU@0.5 0.2626 | R@1,IoU@0.7 0.0885 | R@1,IoU@0.9 0.0136 | R@5,mIoU 0.4155 | R@5,IoU@0.1 0.8643 | R@5,IoU@0.3 0.6082 | R@5,IoU@0.5 0.3787 | R@5,IoU@0.7 0.1756 | R@5,IoU@0.9 0.0499 |
2026-05-06 16:17:07,247 - ============================================================
2026-05-06 16:17:07,247 - Start Epoch 11
2026-05-06 16:17:18,808 - Epoch 11, Batch 50, lr = 0.00007, aux_scale = 1.000,  final_loss = 4.4509, nll_loss = 4.3468, ref_nll_loss = 4.5550, ivc_loss = 0.0404, neg_loss_1 = 0.0005, neg_loss_2 = 0.0001, ref_loss = 0.0139, div_loss = 0.1140, aux_loss = 0.0000, 0.231 seconds/batch
2026-05-06 16:17:30,178 - Epoch 11, Batch 100, lr = 0.00007, aux_scale = 1.000,  final_loss = 4.4424, nll_loss = 4.3426, ref_nll_loss = 4.5422, ivc_loss = 0.0413, neg_loss_1 = 0.0004, neg_loss_2 = 0.0000, ref_loss = 0.0144, div_loss = 0.1162, aux_loss = 0.0000, 0.229 seconds/batch
2026-05-06 16:17:41,467 - Epoch 11, Batch 150, lr = 0.00007, aux_scale = 1.000,  final_loss = 4.5006, nll_loss = 4.4000, ref_nll_loss = 4.6012, ivc_loss = 0.0414, neg_loss_1 = 0.0003, neg_loss_2 = 0.0000, ref_loss = 0.0146, div_loss = 0.1161, aux_loss = 0.0000, 0.228 seconds/batch
2026-05-06 16:17:52,743 - Epoch 11, Batch 200, lr = 0.00007, aux_scale = 1.000,  final_loss = 4.5105, nll_loss = 4.4098, ref_nll_loss = 4.6113, ivc_loss = 0.0408, neg_loss_1 = 0.0001, neg_loss_2 = 0.0000, ref_loss = 0.0145, div_loss = 0.1156, aux_loss = 0.0000, 0.227 seconds/batch
2026-05-06 16:18:04,056 - Epoch 11, Batch 250, lr = 0.00007, aux_scale = 1.000,  final_loss = 4.4705, nll_loss = 4.3697, ref_nll_loss = 4.5713, ivc_loss = 0.0451, neg_loss_1 = 0.0006, neg_loss_2 = 0.0001, ref_loss = 0.0161, div_loss = 0.1138, aux_loss = 0.0000, 0.227 seconds/batch
2026-05-06 16:18:15,373 - Epoch 11, Batch 300, lr = 0.00007, aux_scale = 1.000,  final_loss = 4.4895, nll_loss = 4.3839, ref_nll_loss = 4.5951, ivc_loss = 0.0412, neg_loss_1 = 0.0002, neg_loss_2 = 0.0000, ref_loss = 0.0145, div_loss = 0.1175, aux_loss = 0.0001, 0.227 seconds/batch
2026-05-06 16:18:26,711 - Epoch 11, Batch 350, lr = 0.00007, aux_scale = 1.000,  final_loss = 4.4743, nll_loss = 4.3729, ref_nll_loss = 4.5758, ivc_loss = 0.0448, neg_loss_1 = 0.0004, neg_loss_2 = 0.0001, ref_loss = 0.0158, div_loss = 0.1217, aux_loss = 0.0000, 0.227 seconds/batch
2026-05-06 16:18:38,125 - Epoch 11, Batch 400, lr = 0.00007, aux_scale = 1.000,  final_loss = 4.4855, nll_loss = 4.3812, ref_nll_loss = 4.5899, ivc_loss = 0.0385, neg_loss_1 = 0.0003, neg_loss_2 = 0.0001, ref_loss = 0.0128, div_loss = 0.1224, aux_loss = 0.0000, 0.227 seconds/batch
2026-05-06 16:18:49,537 - Epoch 11, Batch 450, lr = 0.00007, aux_scale = 1.000,  final_loss = 4.4725, nll_loss = 4.3734, ref_nll_loss = 4.5715, ivc_loss = 0.0450, neg_loss_1 = 0.0007, neg_loss_2 = 0.0001, ref_loss = 0.0156, div_loss = 0.1214, aux_loss = 0.0000, 0.227 seconds/batch
2026-05-06 16:19:01,006 - Epoch 11, Batch 500, lr = 0.00007, aux_scale = 1.000,  final_loss = 4.5419, nll_loss = 4.4394, ref_nll_loss = 4.6443, ivc_loss = 0.0426, neg_loss_1 = 0.0009, neg_loss_2 = 0.0000, ref_loss = 0.0146, div_loss = 0.1157, aux_loss = 0.0000, 0.228 seconds/batch
2026-05-06 16:19:12,422 - Epoch 11, Batch 550, lr = 0.00007, aux_scale = 1.000,  final_loss = 4.5164, nll_loss = 4.4150, ref_nll_loss = 4.6177, ivc_loss = 0.0419, neg_loss_1 = 0.0004, neg_loss_2 = 0.0001, ref_loss = 0.0148, div_loss = 0.1143, aux_loss = 0.0000, 0.228 seconds/batch
2026-05-06 16:19:23,796 - Epoch 11, Batch 600, lr = 0.00007, aux_scale = 1.000,  final_loss = 4.4955, nll_loss = 4.3904, ref_nll_loss = 4.6006, ivc_loss = 0.0427, neg_loss_1 = 0.0008, neg_loss_2 = 0.0001, ref_loss = 0.0147, div_loss = 0.1153, aux_loss = 0.0000, 0.228 seconds/batch
2026-05-06 16:19:35,147 - Epoch 11, Batch 650, lr = 0.00007, aux_scale = 1.000,  final_loss = 4.4879, nll_loss = 4.3849, ref_nll_loss = 4.5908, ivc_loss = 0.0440, neg_loss_1 = 0.0003, neg_loss_2 = 0.0000, ref_loss = 0.0160, div_loss = 0.1134, aux_loss = 0.0000, 0.228 seconds/batch
2026-05-06 16:19:46,493 - Epoch 11, Batch 700, lr = 0.00007, aux_scale = 1.000,  final_loss = 4.5093, nll_loss = 4.4045, ref_nll_loss = 4.6141, ivc_loss = 0.0429, neg_loss_1 = 0.0002, neg_loss_2 = 0.0000, ref_loss = 0.0156, div_loss = 0.1116, aux_loss = 0.0000, 0.227 seconds/batch
2026-05-06 16:19:57,944 - Epoch 11, Batch 750, lr = 0.00007, aux_scale = 1.000,  final_loss = 4.5138, nll_loss = 4.4131, ref_nll_loss = 4.6145, ivc_loss = 0.0449, neg_loss_1 = 0.0007, neg_loss_2 = 0.0000, ref_loss = 0.0162, div_loss = 0.1114, aux_loss = 0.0000, 0.228 seconds/batch
2026-05-06 16:20:09,391 - Epoch 11, Batch 800, lr = 0.00007, aux_scale = 1.000,  final_loss = 4.4797, nll_loss = 4.3763, ref_nll_loss = 4.5830, ivc_loss = 0.0451, neg_loss_1 = 0.0008, neg_loss_2 = 0.0001, ref_loss = 0.0159, div_loss = 0.1154, aux_loss = 0.0000, 0.228 seconds/batch
2026-05-06 16:20:20,904 - Epoch 11, Batch 850, lr = 0.00007, aux_scale = 1.000,  final_loss = 4.4981, nll_loss = 4.3928, ref_nll_loss = 4.6034, ivc_loss = 0.0438, neg_loss_1 = 0.0008, neg_loss_2 = 0.0001, ref_loss = 0.0152, div_loss = 0.1154, aux_loss = 0.0000, 0.228 seconds/batch
2026-05-06 16:20:32,288 - Epoch 11, Batch 900, lr = 0.00007, aux_scale = 1.000,  final_loss = 4.5065, nll_loss = 4.4048, ref_nll_loss = 4.6082, ivc_loss = 0.0451, neg_loss_1 = 0.0005, neg_loss_2 = 0.0000, ref_loss = 0.0162, div_loss = 0.1171, aux_loss = 0.0000, 0.228 seconds/batch
2026-05-06 16:20:43,665 - Epoch 11, Batch 950, lr = 0.00007, aux_scale = 1.000,  final_loss = 4.4863, nll_loss = 4.3826, ref_nll_loss = 4.5899, ivc_loss = 0.0438, neg_loss_1 = 0.0007, neg_loss_2 = 0.0001, ref_loss = 0.0153, div_loss = 0.1153, aux_loss = 0.0000, 0.228 seconds/batch
2026-05-06 16:20:55,032 - Epoch 11, Batch 1000, lr = 0.00007, aux_scale = 1.000,  final_loss = 4.4737, nll_loss = 4.3698, ref_nll_loss = 4.5776, ivc_loss = 0.0428, neg_loss_1 = 0.0007, neg_loss_2 = 0.0003, ref_loss = 0.0147, div_loss = 0.1152, aux_loss = 0.0000, 0.228 seconds/batch
2026-05-06 16:21:06,377 - Epoch 11, Batch 1050, lr = 0.00007, aux_scale = 1.000,  final_loss = 4.4982, nll_loss = 4.3939, ref_nll_loss = 4.6026, ivc_loss = 0.0417, neg_loss_1 = 0.0003, neg_loss_2 = 0.0000, ref_loss = 0.0146, div_loss = 0.1183, aux_loss = 0.0000, 0.228 seconds/batch
2026-05-06 16:21:17,793 - Epoch 11, Batch 1100, lr = 0.00007, aux_scale = 1.000,  final_loss = 4.5015, nll_loss = 4.3953, ref_nll_loss = 4.6076, ivc_loss = 0.0408, neg_loss_1 = 0.0004, neg_loss_2 = 0.0000, ref_loss = 0.0140, div_loss = 0.1209, aux_loss = 0.0000, 0.228 seconds/batch
2026-05-06 16:21:29,235 - Epoch 11, Batch 1150, lr = 0.00007, aux_scale = 1.000,  final_loss = 4.4460, nll_loss = 4.3428, ref_nll_loss = 4.5491, ivc_loss = 0.0448, neg_loss_1 = 0.0004, neg_loss_2 = 0.0000, ref_loss = 0.0158, div_loss = 0.1222, aux_loss = 0.0000, 0.228 seconds/batch
2026-05-06 16:21:33,705 - Epoch 11, Batch 1170, lr = 0.00007, aux_scale = 1.000,  final_loss = 4.5515, nll_loss = 4.4483, ref_nll_loss = 4.6547, ivc_loss = 0.0412, neg_loss_1 = 0.0002, neg_loss_2 = 0.0000, ref_loss = 0.0143, div_loss = 0.1216, aux_loss = 0.0000, 0.228 seconds/batch
2026-05-06 16:21:33,763 - save model to checkpoints/activitynet_moe_v3/moe_v3/model-11.pt, num_updates 12870.
2026-05-06 16:23:24,755 - | R@1,mIoU 0.3395 | R@1,IoU@0.1 0.8159 | R@1,IoU@0.3 0.5211 | R@1,IoU@0.5 0.2670 | R@1,IoU@0.7 0.0700 | R@1,IoU@0.9 0.0089 | R@5,mIoU 0.4086 | R@5,IoU@0.1 0.8607 | R@5,IoU@0.3 0.6021 | R@5,IoU@0.5 0.3770 | R@5,IoU@0.7 0.1579 | R@5,IoU@0.9 0.0390 |
2026-05-06 16:23:24,755 - ============================================================
2026-05-06 16:23:24,755 - Start Epoch 12
2026-05-06 16:23:36,337 - Epoch 12, Batch 50, lr = 0.00007, aux_scale = 1.000,  final_loss = 4.4325, nll_loss = 4.3290, ref_nll_loss = 4.5360, ivc_loss = 0.0411, neg_loss_1 = 0.0004, neg_loss_2 = 0.0000, ref_loss = 0.0141, div_loss = 0.1203, aux_loss = 0.0000, 0.232 seconds/batch
2026-05-06 16:23:47,564 - Epoch 12, Batch 100, lr = 0.00007, aux_scale = 1.000,  final_loss = 4.4560, nll_loss = 4.3495, ref_nll_loss = 4.5625, ivc_loss = 0.0393, neg_loss_1 = 0.0003, neg_loss_2 = 0.0001, ref_loss = 0.0133, div_loss = 0.1183, aux_loss = 0.0000, 0.228 seconds/batch
2026-05-06 16:23:58,826 - Epoch 12, Batch 150, lr = 0.00007, aux_scale = 1.000,  final_loss = 4.4650, nll_loss = 4.3587, ref_nll_loss = 4.5714, ivc_loss = 0.0418, neg_loss_1 = 0.0003, neg_loss_2 = 0.0000, ref_loss = 0.0149, div_loss = 0.1146, aux_loss = 0.0000, 0.227 seconds/batch
2026-05-06 16:24:10,135 - Epoch 12, Batch 200, lr = 0.00007, aux_scale = 1.000,  final_loss = 4.4591, nll_loss = 4.3531, ref_nll_loss = 4.5651, ivc_loss = 0.0417, neg_loss_1 = 0.0007, neg_loss_2 = 0.0000, ref_loss = 0.0143, div_loss = 0.1165, aux_loss = 0.0000, 0.227 seconds/batch
2026-05-06 16:24:21,445 - Epoch 12, Batch 250, lr = 0.00007, aux_scale = 1.000,  final_loss = 4.4291, nll_loss = 4.3217, ref_nll_loss = 4.5365, ivc_loss = 0.0394, neg_loss_1 = 0.0005, neg_loss_2 = 0.0000, ref_loss = 0.0131, div_loss = 0.1216, aux_loss = 0.0000, 0.227 seconds/batch
2026-05-06 16:24:32,818 - Epoch 12, Batch 300, lr = 0.00007, aux_scale = 1.000,  final_loss = 4.4442, nll_loss = 4.3389, ref_nll_loss = 4.5494, ivc_loss = 0.0400, neg_loss_1 = 0.0002, neg_loss_2 = 0.0002, ref_loss = 0.0135, div_loss = 0.1215, aux_loss = 0.0000, 0.227 seconds/batch
2026-05-06 16:24:44,185 - Epoch 12, Batch 350, lr = 0.00007, aux_scale = 1.000,  final_loss = 4.4523, nll_loss = 4.3446, ref_nll_loss = 4.5599, ivc_loss = 0.0447, neg_loss_1 = 0.0011, neg_loss_2 = 0.0002, ref_loss = 0.0152, div_loss = 0.1187, aux_loss = 0.0000, 0.227 seconds/batch
2026-05-06 16:24:55,569 - Epoch 12, Batch 400, lr = 0.00007, aux_scale = 1.000,  final_loss = 4.4590, nll_loss = 4.3527, ref_nll_loss = 4.5653, ivc_loss = 0.0433, neg_loss_1 = 0.0004, neg_loss_2 = 0.0001, ref_loss = 0.0153, div_loss = 0.1200, aux_loss = 0.0000, 0.227 seconds/batch
2026-05-06 16:25:06,928 - Epoch 12, Batch 450, lr = 0.00007, aux_scale = 1.000,  final_loss = 4.4467, nll_loss = 4.3398, ref_nll_loss = 4.5537, ivc_loss = 0.0418, neg_loss_1 = 0.0003, neg_loss_2 = 0.0002, ref_loss = 0.0145, div_loss = 0.1167, aux_loss = 0.0000, 0.227 seconds/batch
2026-05-06 16:25:18,380 - Epoch 12, Batch 500, lr = 0.00007, aux_scale = 1.000,  final_loss = 4.4482, nll_loss = 4.3377, ref_nll_loss = 4.5587, ivc_loss = 0.0402, neg_loss_1 = 0.0007, neg_loss_2 = 0.0001, ref_loss = 0.0135, div_loss = 0.1170, aux_loss = 0.0000, 0.227 seconds/batch
2026-05-06 16:25:29,841 - Epoch 12, Batch 550, lr = 0.00007, aux_scale = 1.000,  final_loss = 4.4621, nll_loss = 4.3516, ref_nll_loss = 4.5725, ivc_loss = 0.0397, neg_loss_1 = 0.0004, neg_loss_2 = 0.0001, ref_loss = 0.0137, div_loss = 0.1138, aux_loss = 0.0000, 0.227 seconds/batch
2026-05-06 16:25:41,287 - Epoch 12, Batch 600, lr = 0.00007, aux_scale = 1.000,  final_loss = 4.4540, nll_loss = 4.3487, ref_nll_loss = 4.5593, ivc_loss = 0.0446, neg_loss_1 = 0.0006, neg_loss_2 = 0.0002, ref_loss = 0.0160, div_loss = 0.1118, aux_loss = 0.0000, 0.228 seconds/batch
2026-05-06 16:25:52,673 - Epoch 12, Batch 650, lr = 0.00007, aux_scale = 1.000,  final_loss = 4.4806, nll_loss = 4.3763, ref_nll_loss = 4.5849, ivc_loss = 0.0421, neg_loss_1 = 0.0004, neg_loss_2 = 0.0004, ref_loss = 0.0144, div_loss = 0.1144, aux_loss = 0.0000, 0.228 seconds/batch
2026-05-06 16:26:04,051 - Epoch 12, Batch 700, lr = 0.00007, aux_scale = 1.000,  final_loss = 4.4630, nll_loss = 4.3576, ref_nll_loss = 4.5684, ivc_loss = 0.0426, neg_loss_1 = 0.0004, neg_loss_2 = 0.0004, ref_loss = 0.0145, div_loss = 0.1197, aux_loss = 0.0000, 0.228 seconds/batch
2026-05-06 16:26:15,417 - Epoch 12, Batch 750, lr = 0.00007, aux_scale = 1.000,  final_loss = 4.4318, nll_loss = 4.3244, ref_nll_loss = 4.5392, ivc_loss = 0.0420, neg_loss_1 = 0.0007, neg_loss_2 = 0.0000, ref_loss = 0.0143, div_loss = 0.1189, aux_loss = 0.0000, 0.228 seconds/batch
2026-05-06 16:26:26,761 - Epoch 12, Batch 800, lr = 0.00007, aux_scale = 1.000,  final_loss = 4.4425, nll_loss = 4.3360, ref_nll_loss = 4.5489, ivc_loss = 0.0459, neg_loss_1 = 0.0008, neg_loss_2 = 0.0001, ref_loss = 0.0162, div_loss = 0.1153, aux_loss = 0.0000, 0.228 seconds/batch
2026-05-06 16:26:38,137 - Epoch 12, Batch 850, lr = 0.00007, aux_scale = 1.000,  final_loss = 4.4690, nll_loss = 4.3615, ref_nll_loss = 4.5765, ivc_loss = 0.0428, neg_loss_1 = 0.0014, neg_loss_2 = 0.0000, ref_loss = 0.0144, div_loss = 0.1121, aux_loss = 0.0000, 0.228 seconds/batch
2026-05-06 16:26:49,531 - Epoch 12, Batch 900, lr = 0.00007, aux_scale = 1.000,  final_loss = 4.4620, nll_loss = 4.3559, ref_nll_loss = 4.5681, ivc_loss = 0.0411, neg_loss_1 = 0.0001, neg_loss_2 = 0.0000, ref_loss = 0.0147, div_loss = 0.1150, aux_loss = 0.0000, 0.228 seconds/batch
2026-05-06 16:27:00,885 - Epoch 12, Batch 950, lr = 0.00007, aux_scale = 1.000,  final_loss = 4.4664, nll_loss = 4.3611, ref_nll_loss = 4.5717, ivc_loss = 0.0466, neg_loss_1 = 0.0005, neg_loss_2 = 0.0005, ref_loss = 0.0164, div_loss = 0.1180, aux_loss = 0.0000, 0.228 seconds/batch
2026-05-06 16:27:12,236 - Epoch 12, Batch 1000, lr = 0.00007, aux_scale = 1.000,  final_loss = 4.4280, nll_loss = 4.3184, ref_nll_loss = 4.5375, ivc_loss = 0.0407, neg_loss_1 = 0.0006, neg_loss_2 = 0.0004, ref_loss = 0.0133, div_loss = 0.1206, aux_loss = 0.0000, 0.227 seconds/batch
2026-05-06 16:27:23,588 - Epoch 12, Batch 1050, lr = 0.00007, aux_scale = 1.000,  final_loss = 4.4273, nll_loss = 4.3158, ref_nll_loss = 4.5389, ivc_loss = 0.0412, neg_loss_1 = 0.0006, neg_loss_2 = 0.0004, ref_loss = 0.0136, div_loss = 0.1192, aux_loss = 0.0000, 0.227 seconds/batch
2026-05-06 16:27:34,972 - Epoch 12, Batch 1100, lr = 0.00007, aux_scale = 1.000,  final_loss = 4.4860, nll_loss = 4.3805, ref_nll_loss = 4.5915, ivc_loss = 0.0432, neg_loss_1 = 0.0005, neg_loss_2 = 0.0001, ref_loss = 0.0150, div_loss = 0.1186, aux_loss = 0.0000, 0.227 seconds/batch
2026-05-06 16:27:46,353 - Epoch 12, Batch 1150, lr = 0.00007, aux_scale = 1.000,  final_loss = 4.4364, nll_loss = 4.3312, ref_nll_loss = 4.5416, ivc_loss = 0.0420, neg_loss_1 = 0.0010, neg_loss_2 = 0.0002, ref_loss = 0.0139, div_loss = 0.1189, aux_loss = 0.0000, 0.227 seconds/batch
2026-05-06 16:27:50,843 - Epoch 12, Batch 1170, lr = 0.00007, aux_scale = 1.000,  final_loss = 4.4285, nll_loss = 4.3233, ref_nll_loss = 4.5337, ivc_loss = 0.0463, neg_loss_1 = 0.0004, neg_loss_2 = 0.0004, ref_loss = 0.0164, div_loss = 0.1179, aux_loss = 0.0000, 0.227 seconds/batch
2026-05-06 16:27:50,906 - save model to checkpoints/activitynet_moe_v3/moe_v3/model-12.pt, num_updates 14040.
2026-05-06 16:29:41,840 - | R@1,mIoU 0.3434 | R@1,IoU@0.1 0.8210 | R@1,IoU@0.3 0.5202 | R@1,IoU@0.5 0.2586 | R@1,IoU@0.7 0.0954 | R@1,IoU@0.9 0.0127 | R@5,mIoU 0.4059 | R@5,IoU@0.1 0.8601 | R@5,IoU@0.3 0.5984 | R@5,IoU@0.5 0.3710 | R@5,IoU@0.7 0.1649 | R@5,IoU@0.9 0.0331 |
2026-05-06 16:29:41,841 - ============================================================
2026-05-06 16:29:41,841 - Start Epoch 13
2026-05-06 16:29:53,421 - Epoch 13, Batch 50, lr = 0.00007, aux_scale = 1.000,  final_loss = 4.3975, nll_loss = 4.2885, ref_nll_loss = 4.5064, ivc_loss = 0.0378, neg_loss_1 = 0.0004, neg_loss_2 = 0.0001, ref_loss = 0.0125, div_loss = 0.1182, aux_loss = 0.0000, 0.232 seconds/batch
2026-05-06 16:30:04,725 - Epoch 13, Batch 100, lr = 0.00007, aux_scale = 1.000,  final_loss = 4.3859, nll_loss = 4.2780, ref_nll_loss = 4.4938, ivc_loss = 0.0420, neg_loss_1 = 0.0001, neg_loss_2 = 0.0002, ref_loss = 0.0147, div_loss = 0.1191, aux_loss = 0.0000, 0.229 seconds/batch
2026-05-06 16:30:16,040 - Epoch 13, Batch 150, lr = 0.00007, aux_scale = 1.000,  final_loss = 4.4325, nll_loss = 4.3237, ref_nll_loss = 4.5413, ivc_loss = 0.0400, neg_loss_1 = 0.0003, neg_loss_2 = 0.0003, ref_loss = 0.0135, div_loss = 0.1189, aux_loss = 0.0000, 0.228 seconds/batch
2026-05-06 16:30:27,396 - Epoch 13, Batch 200, lr = 0.00007, aux_scale = 1.000,  final_loss = 4.4150, nll_loss = 4.3088, ref_nll_loss = 4.5212, ivc_loss = 0.0455, neg_loss_1 = 0.0007, neg_loss_2 = 0.0001, ref_loss = 0.0160, div_loss = 0.1178, aux_loss = 0.0000, 0.228 seconds/batch
2026-05-06 16:30:38,774 - Epoch 13, Batch 250, lr = 0.00007, aux_scale = 1.000,  final_loss = 4.3672, nll_loss = 4.2574, ref_nll_loss = 4.4769, ivc_loss = 0.0416, neg_loss_1 = 0.0011, neg_loss_2 = 0.0006, ref_loss = 0.0133, div_loss = 0.1169, aux_loss = 0.0000, 0.228 seconds/batch
2026-05-06 16:30:50,170 - Epoch 13, Batch 300, lr = 0.00007, aux_scale = 1.000,  final_loss = 4.4014, nll_loss = 4.2908, ref_nll_loss = 4.5121, ivc_loss = 0.0439, neg_loss_1 = 0.0004, neg_loss_2 = 0.0004, ref_loss = 0.0153, div_loss = 0.1155, aux_loss = 0.0000, 0.228 seconds/batch
2026-05-06 16:31:01,554 - Epoch 13, Batch 350, lr = 0.00007, aux_scale = 1.000,  final_loss = 4.4567, nll_loss = 4.3464, ref_nll_loss = 4.5670, ivc_loss = 0.0406, neg_loss_1 = 0.0008, neg_loss_2 = 0.0003, ref_loss = 0.0133, div_loss = 0.1189, aux_loss = 0.0000, 0.228 seconds/batch
2026-05-06 16:31:13,108 - Epoch 13, Batch 400, lr = 0.00007, aux_scale = 1.000,  final_loss = 4.4265, nll_loss = 4.3205, ref_nll_loss = 4.5324, ivc_loss = 0.0434, neg_loss_1 = 0.0009, neg_loss_2 = 0.0003, ref_loss = 0.0146, div_loss = 0.1167, aux_loss = 0.0000, 0.228 seconds/batch
2026-05-06 16:31:24,520 - Epoch 13, Batch 450, lr = 0.00007, aux_scale = 1.000,  final_loss = 4.4244, nll_loss = 4.3158, ref_nll_loss = 4.5331, ivc_loss = 0.0430, neg_loss_1 = 0.0008, neg_loss_2 = 0.0000, ref_loss = 0.0150, div_loss = 0.1143, aux_loss = 0.0000, 0.228 seconds/batch
2026-05-06 16:31:35,956 - Epoch 13, Batch 500, lr = 0.00007, aux_scale = 1.000,  final_loss = 4.3965, nll_loss = 4.2874, ref_nll_loss = 4.5057, ivc_loss = 0.0399, neg_loss_1 = 0.0007, neg_loss_2 = 0.0002, ref_loss = 0.0132, div_loss = 0.1179, aux_loss = 0.0000, 0.228 seconds/batch
2026-05-06 16:31:47,405 - Epoch 13, Batch 550, lr = 0.00007, aux_scale = 1.000,  final_loss = 4.4330, nll_loss = 4.3197, ref_nll_loss = 4.5463, ivc_loss = 0.0379, neg_loss_1 = 0.0004, neg_loss_2 = 0.0000, ref_loss = 0.0127, div_loss = 0.1163, aux_loss = 0.0000, 0.228 seconds/batch
2026-05-06 16:31:58,745 - Epoch 13, Batch 600, lr = 0.00007, aux_scale = 1.000,  final_loss = 4.4075, nll_loss = 4.2961, ref_nll_loss = 4.5189, ivc_loss = 0.0409, neg_loss_1 = 0.0003, neg_loss_2 = 0.0001, ref_loss = 0.0142, div_loss = 0.1177, aux_loss = 0.0000, 0.228 seconds/batch
2026-05-06 16:32:10,216 - Epoch 13, Batch 650, lr = 0.00007, aux_scale = 1.000,  final_loss = 4.4419, nll_loss = 4.3289, ref_nll_loss = 4.5549, ivc_loss = 0.0436, neg_loss_1 = 0.0009, neg_loss_2 = 0.0003, ref_loss = 0.0147, div_loss = 0.1191, aux_loss = 0.0000, 0.228 seconds/batch
2026-05-06 16:32:21,703 - Epoch 13, Batch 700, lr = 0.00007, aux_scale = 1.000,  final_loss = 4.4435, nll_loss = 4.3349, ref_nll_loss = 4.5521, ivc_loss = 0.0423, neg_loss_1 = 0.0004, neg_loss_2 = 0.0001, ref_loss = 0.0146, div_loss = 0.1212, aux_loss = 0.0000, 0.228 seconds/batch
2026-05-06 16:32:33,107 - Epoch 13, Batch 750, lr = 0.00007, aux_scale = 1.000,  final_loss = 4.3822, nll_loss = 4.2724, ref_nll_loss = 4.4919, ivc_loss = 0.0403, neg_loss_1 = 0.0004, neg_loss_2 = 0.0000, ref_loss = 0.0137, div_loss = 0.1197, aux_loss = 0.0000, 0.228 seconds/batch
2026-05-06 16:32:44,555 - Epoch 13, Batch 800, lr = 0.00007, aux_scale = 1.000,  final_loss = 4.3857, nll_loss = 4.2772, ref_nll_loss = 4.4942, ivc_loss = 0.0432, neg_loss_1 = 0.0006, neg_loss_2 = 0.0003, ref_loss = 0.0146, div_loss = 0.1233, aux_loss = 0.0000, 0.228 seconds/batch
2026-05-06 16:32:55,900 - Epoch 13, Batch 850, lr = 0.00007, aux_scale = 1.000,  final_loss = 4.4256, nll_loss = 4.3182, ref_nll_loss = 4.5329, ivc_loss = 0.0437, neg_loss_1 = 0.0005, neg_loss_2 = 0.0001, ref_loss = 0.0153, div_loss = 0.1187, aux_loss = 0.0000, 0.228 seconds/batch
2026-05-06 16:33:07,198 - Epoch 13, Batch 900, lr = 0.00007, aux_scale = 1.000,  final_loss = 4.4470, nll_loss = 4.3387, ref_nll_loss = 4.5553, ivc_loss = 0.0430, neg_loss_1 = 0.0007, neg_loss_2 = 0.0000, ref_loss = 0.0149, div_loss = 0.1184, aux_loss = 0.0000, 0.228 seconds/batch
2026-05-06 16:33:18,541 - Epoch 13, Batch 950, lr = 0.00007, aux_scale = 1.000,  final_loss = 4.4278, nll_loss = 4.3216, ref_nll_loss = 4.5340, ivc_loss = 0.0444, neg_loss_1 = 0.0009, neg_loss_2 = 0.0000, ref_loss = 0.0155, div_loss = 0.1170, aux_loss = 0.0000, 0.228 seconds/batch
2026-05-06 16:33:29,925 - Epoch 13, Batch 1000, lr = 0.00007, aux_scale = 1.000,  final_loss = 4.4318, nll_loss = 4.3245, ref_nll_loss = 4.5391, ivc_loss = 0.0415, neg_loss_1 = 0.0008, neg_loss_2 = 0.0000, ref_loss = 0.0140, div_loss = 0.1188, aux_loss = 0.0000, 0.228 seconds/batch
2026-05-06 16:33:41,325 - Epoch 13, Batch 1050, lr = 0.00007, aux_scale = 1.000,  final_loss = 4.4313, nll_loss = 4.3250, ref_nll_loss = 4.5376, ivc_loss = 0.0437, neg_loss_1 = 0.0007, neg_loss_2 = 0.0002, ref_loss = 0.0149, div_loss = 0.1197, aux_loss = 0.0000, 0.228 seconds/batch
2026-05-06 16:33:52,674 - Epoch 13, Batch 1100, lr = 0.00007, aux_scale = 1.000,  final_loss = 4.4368, nll_loss = 4.3280, ref_nll_loss = 4.5455, ivc_loss = 0.0392, neg_loss_1 = 0.0004, neg_loss_2 = 0.0003, ref_loss = 0.0129, div_loss = 0.1189, aux_loss = 0.0000, 0.228 seconds/batch
2026-05-06 16:34:04,006 - Epoch 13, Batch 1150, lr = 0.00006, aux_scale = 1.000,  final_loss = 4.4554, nll_loss = 4.3469, ref_nll_loss = 4.5638, ivc_loss = 0.0444, neg_loss_1 = 0.0004, neg_loss_2 = 0.0001, ref_loss = 0.0158, div_loss = 0.1166, aux_loss = 0.0000, 0.228 seconds/batch
2026-05-06 16:34:08,474 - Epoch 13, Batch 1170, lr = 0.00006, aux_scale = 1.000,  final_loss = 4.3716, nll_loss = 4.2649, ref_nll_loss = 4.4783, ivc_loss = 0.0406, neg_loss_1 = 0.0007, neg_loss_2 = 0.0000, ref_loss = 0.0139, div_loss = 0.1148, aux_loss = 0.0000, 0.228 seconds/batch
2026-05-06 16:34:08,531 - save model to checkpoints/activitynet_moe_v3/moe_v3/model-13.pt, num_updates 15210.
2026-05-06 16:35:59,366 - | R@1,mIoU 0.3435 | R@1,IoU@0.1 0.8271 | R@1,IoU@0.3 0.5182 | R@1,IoU@0.5 0.2584 | R@1,IoU@0.7 0.0852 | R@1,IoU@0.9 0.0125 | R@5,mIoU 0.4114 | R@5,IoU@0.1 0.8632 | R@5,IoU@0.3 0.6020 | R@5,IoU@0.5 0.3774 | R@5,IoU@0.7 0.1729 | R@5,IoU@0.9 0.0356 |
2026-05-06 16:35:59,367 - ============================================================
2026-05-06 16:35:59,367 - Start Epoch 14
2026-05-06 16:36:10,944 - Epoch 14, Batch 50, lr = 0.00006, aux_scale = 1.000,  final_loss = 4.3606, nll_loss = 4.2502, ref_nll_loss = 4.4710, ivc_loss = 0.0365, neg_loss_1 = 0.0003, neg_loss_2 = 0.0000, ref_loss = 0.0120, div_loss = 0.1168, aux_loss = 0.0000, 0.232 seconds/batch
2026-05-06 16:36:22,296 - Epoch 14, Batch 100, lr = 0.00006, aux_scale = 1.000,  final_loss = 4.3813, nll_loss = 4.2719, ref_nll_loss = 4.4907, ivc_loss = 0.0414, neg_loss_1 = 0.0007, neg_loss_2 = 0.0005, ref_loss = 0.0137, div_loss = 0.1161, aux_loss = 0.0000, 0.229 seconds/batch
2026-05-06 16:36:33,623 - Epoch 14, Batch 150, lr = 0.00006, aux_scale = 1.000,  final_loss = 4.3727, nll_loss = 4.2592, ref_nll_loss = 4.4862, ivc_loss = 0.0390, neg_loss_1 = 0.0005, neg_loss_2 = 0.0004, ref_loss = 0.0126, div_loss = 0.1189, aux_loss = 0.0000, 0.228 seconds/batch
2026-05-06 16:36:45,011 - Epoch 14, Batch 200, lr = 0.00006, aux_scale = 1.000,  final_loss = 4.4028, nll_loss = 4.2923, ref_nll_loss = 4.5133, ivc_loss = 0.0359, neg_loss_1 = 0.0004, neg_loss_2 = 0.0000, ref_loss = 0.0116, div_loss = 0.1190, aux_loss = 0.0000, 0.228 seconds/batch
2026-05-06 16:36:56,361 - Epoch 14, Batch 250, lr = 0.00006, aux_scale = 1.000,  final_loss = 4.3909, nll_loss = 4.2811, ref_nll_loss = 4.5007, ivc_loss = 0.0380, neg_loss_1 = 0.0004, neg_loss_2 = 0.0007, ref_loss = 0.0120, div_loss = 0.1183, aux_loss = 0.0000, 0.228 seconds/batch
2026-05-06 16:37:07,761 - Epoch 14, Batch 300, lr = 0.00006, aux_scale = 1.000,  final_loss = 4.3912, nll_loss = 4.2818, ref_nll_loss = 4.5006, ivc_loss = 0.0406, neg_loss_1 = 0.0002, neg_loss_2 = 0.0005, ref_loss = 0.0137, div_loss = 0.1194, aux_loss = 0.0000, 0.228 seconds/batch
2026-05-06 16:37:19,067 - Epoch 14, Batch 350, lr = 0.00006, aux_scale = 1.000,  final_loss = 4.3893, nll_loss = 4.2779, ref_nll_loss = 4.5007, ivc_loss = 0.0377, neg_loss_1 = 0.0005, neg_loss_2 = 0.0000, ref_loss = 0.0124, div_loss = 0.1181, aux_loss = 0.0000, 0.228 seconds/batch
2026-05-06 16:37:30,424 - Epoch 14, Batch 400, lr = 0.00006, aux_scale = 1.000,  final_loss = 4.3843, nll_loss = 4.2740, ref_nll_loss = 4.4945, ivc_loss = 0.0377, neg_loss_1 = 0.0000, neg_loss_2 = 0.0001, ref_loss = 0.0126, div_loss = 0.1207, aux_loss = 0.0000, 0.228 seconds/batch
2026-05-06 16:37:41,757 - Epoch 14, Batch 450, lr = 0.00006, aux_scale = 1.000,  final_loss = 4.4124, nll_loss = 4.3002, ref_nll_loss = 4.5245, ivc_loss = 0.0395, neg_loss_1 = 0.0002, neg_loss_2 = 0.0002, ref_loss = 0.0132, div_loss = 0.1220, aux_loss = 0.0000, 0.228 seconds/batch
2026-05-06 16:37:53,126 - Epoch 14, Batch 500, lr = 0.00006, aux_scale = 1.000,  final_loss = 4.3997, nll_loss = 4.2872, ref_nll_loss = 4.5122, ivc_loss = 0.0410, neg_loss_1 = 0.0005, neg_loss_2 = 0.0000, ref_loss = 0.0140, div_loss = 0.1205, aux_loss = 0.0000, 0.228 seconds/batch
2026-05-06 16:38:04,490 - Epoch 14, Batch 550, lr = 0.00006, aux_scale = 1.000,  final_loss = 4.4091, nll_loss = 4.2965, ref_nll_loss = 4.5216, ivc_loss = 0.0401, neg_loss_1 = 0.0003, neg_loss_2 = 0.0001, ref_loss = 0.0137, div_loss = 0.1202, aux_loss = 0.0000, 0.227 seconds/batch
2026-05-06 16:38:15,829 - Epoch 14, Batch 600, lr = 0.00006, aux_scale = 1.000,  final_loss = 4.3779, nll_loss = 4.2626, ref_nll_loss = 4.4932, ivc_loss = 0.0410, neg_loss_1 = 0.0005, neg_loss_2 = 0.0007, ref_loss = 0.0130, div_loss = 0.1248, aux_loss = 0.0000, 0.227 seconds/batch
2026-05-06 16:38:27,154 - Epoch 14, Batch 650, lr = 0.00006, aux_scale = 1.000,  final_loss = 4.3747, nll_loss = 4.2610, ref_nll_loss = 4.4884, ivc_loss = 0.0370, neg_loss_1 = 0.0004, neg_loss_2 = 0.0000, ref_loss = 0.0120, div_loss = 0.1234, aux_loss = 0.0000, 0.227 seconds/batch
2026-05-06 16:38:38,554 - Epoch 14, Batch 700, lr = 0.00006, aux_scale = 1.000,  final_loss = 4.3682, nll_loss = 4.2554, ref_nll_loss = 4.4810, ivc_loss = 0.0388, neg_loss_1 = 0.0004, neg_loss_2 = 0.0001, ref_loss = 0.0128, div_loss = 0.1201, aux_loss = 0.0000, 0.227 seconds/batch
2026-05-06 16:38:50,000 - Epoch 14, Batch 750, lr = 0.00006, aux_scale = 1.000,  final_loss = 4.3731, nll_loss = 4.2614, ref_nll_loss = 4.4848, ivc_loss = 0.0377, neg_loss_1 = 0.0005, neg_loss_2 = 0.0002, ref_loss = 0.0118, div_loss = 0.1275, aux_loss = 0.0000, 0.228 seconds/batch
2026-05-06 16:39:01,389 - Epoch 14, Batch 800, lr = 0.00006, aux_scale = 1.000,  final_loss = 4.4113, nll_loss = 4.2986, ref_nll_loss = 4.5240, ivc_loss = 0.0403, neg_loss_1 = 0.0002, neg_loss_2 = 0.0000, ref_loss = 0.0135, div_loss = 0.1282, aux_loss = 0.0000, 0.228 seconds/batch
2026-05-06 16:39:12,859 - Epoch 14, Batch 850, lr = 0.00006, aux_scale = 1.000,  final_loss = 4.4143, nll_loss = 4.3027, ref_nll_loss = 4.5260, ivc_loss = 0.0417, neg_loss_1 = 0.0003, neg_loss_2 = 0.0001, ref_loss = 0.0142, div_loss = 0.1263, aux_loss = 0.0000, 0.228 seconds/batch
2026-05-06 16:39:24,457 - Epoch 14, Batch 900, lr = 0.00006, aux_scale = 1.000,  final_loss = 4.4057, nll_loss = 4.2909, ref_nll_loss = 4.5204, ivc_loss = 0.0408, neg_loss_1 = 0.0005, neg_loss_2 = 0.0000, ref_loss = 0.0137, div_loss = 0.1239, aux_loss = 0.0000, 0.228 seconds/batch
2026-05-06 16:39:36,050 - Epoch 14, Batch 950, lr = 0.00006, aux_scale = 1.000,  final_loss = 4.3839, nll_loss = 4.2684, ref_nll_loss = 4.4995, ivc_loss = 0.0357, neg_loss_1 = 0.0004, neg_loss_2 = 0.0000, ref_loss = 0.0113, div_loss = 0.1232, aux_loss = 0.0000, 0.228 seconds/batch
2026-05-06 16:39:47,640 - Epoch 14, Batch 1000, lr = 0.00006, aux_scale = 1.000,  final_loss = 4.4027, nll_loss = 4.2902, ref_nll_loss = 4.5151, ivc_loss = 0.0395, neg_loss_1 = 0.0003, neg_loss_2 = 0.0003, ref_loss = 0.0129, div_loss = 0.1232, aux_loss = 0.0000, 0.228 seconds/batch
2026-05-06 16:39:59,035 - Epoch 14, Batch 1050, lr = 0.00006, aux_scale = 1.000,  final_loss = 4.3788, nll_loss = 4.2659, ref_nll_loss = 4.4917, ivc_loss = 0.0408, neg_loss_1 = 0.0003, neg_loss_2 = 0.0000, ref_loss = 0.0139, div_loss = 0.1224, aux_loss = 0.0000, 0.228 seconds/batch
2026-05-06 16:40:10,415 - Epoch 14, Batch 1100, lr = 0.00006, aux_scale = 1.000,  final_loss = 4.3936, nll_loss = 4.2798, ref_nll_loss = 4.5073, ivc_loss = 0.0374, neg_loss_1 = 0.0004, neg_loss_2 = 0.0000, ref_loss = 0.0123, div_loss = 0.1189, aux_loss = 0.0000, 0.228 seconds/batch
2026-05-06 16:40:21,899 - Epoch 14, Batch 1150, lr = 0.00006, aux_scale = 1.000,  final_loss = 4.3756, nll_loss = 4.2638, ref_nll_loss = 4.4874, ivc_loss = 0.0428, neg_loss_1 = 0.0001, neg_loss_2 = 0.0001, ref_loss = 0.0152, div_loss = 0.1198, aux_loss = 0.0000, 0.228 seconds/batch
2026-05-06 16:40:26,445 - Epoch 14, Batch 1170, lr = 0.00006, aux_scale = 1.000,  final_loss = 4.3739, nll_loss = 4.2642, ref_nll_loss = 4.4836, ivc_loss = 0.0343, neg_loss_1 = 0.0003, neg_loss_2 = 0.0000, ref_loss = 0.0108, div_loss = 0.1219, aux_loss = 0.0000, 0.228 seconds/batch
2026-05-06 16:40:26,500 - save model to checkpoints/activitynet_moe_v3/moe_v3/model-14.pt, num_updates 16380.
2026-05-06 16:42:17,014 - | R@1,mIoU 0.3418 | R@1,IoU@0.1 0.8175 | R@1,IoU@0.3 0.5179 | R@1,IoU@0.5 0.2629 | R@1,IoU@0.7 0.0847 | R@1,IoU@0.9 0.0107 | R@5,mIoU 0.4017 | R@5,IoU@0.1 0.8543 | R@5,IoU@0.3 0.5934 | R@5,IoU@0.5 0.3650 | R@5,IoU@0.7 0.1592 | R@5,IoU@0.9 0.0314 |
2026-05-06 16:42:17,014 - ============================================================
2026-05-06 16:42:17,014 - Start Epoch 15
2026-05-06 16:42:28,585 - Epoch 15, Batch 50, lr = 0.00006, aux_scale = 1.000,  final_loss = 4.3648, nll_loss = 4.2545, ref_nll_loss = 4.4752, ivc_loss = 0.0399, neg_loss_1 = 0.0003, neg_loss_2 = 0.0001, ref_loss = 0.0134, div_loss = 0.1238, aux_loss = 0.0000, 0.231 seconds/batch
2026-05-06 16:42:39,839 - Epoch 15, Batch 100, lr = 0.00006, aux_scale = 1.000,  final_loss = 4.3169, nll_loss = 4.2042, ref_nll_loss = 4.4297, ivc_loss = 0.0406, neg_loss_1 = 0.0007, neg_loss_2 = 0.0000, ref_loss = 0.0134, div_loss = 0.1238, aux_loss = 0.0000, 0.228 seconds/batch
2026-05-06 16:42:51,127 - Epoch 15, Batch 150, lr = 0.00006, aux_scale = 1.000,  final_loss = 4.3501, nll_loss = 4.2347, ref_nll_loss = 4.4654, ivc_loss = 0.0384, neg_loss_1 = 0.0004, neg_loss_2 = 0.0000, ref_loss = 0.0125, div_loss = 0.1274, aux_loss = 0.0000, 0.227 seconds/batch
2026-05-06 16:43:02,446 - Epoch 15, Batch 200, lr = 0.00006, aux_scale = 1.000,  final_loss = 4.3480, nll_loss = 4.2329, ref_nll_loss = 4.4630, ivc_loss = 0.0386, neg_loss_1 = 0.0003, neg_loss_2 = 0.0000, ref_loss = 0.0126, div_loss = 0.1279, aux_loss = 0.0000, 0.227 seconds/batch
2026-05-06 16:43:13,783 - Epoch 15, Batch 250, lr = 0.00006, aux_scale = 1.000,  final_loss = 4.3556, nll_loss = 4.2380, ref_nll_loss = 4.4732, ivc_loss = 0.0343, neg_loss_1 = 0.0004, neg_loss_2 = 0.0000, ref_loss = 0.0107, div_loss = 0.1218, aux_loss = 0.0000, 0.227 seconds/batch
2026-05-06 16:43:25,100 - Epoch 15, Batch 300, lr = 0.00006, aux_scale = 1.000,  final_loss = 4.3429, nll_loss = 4.2290, ref_nll_loss = 4.4568, ivc_loss = 0.0391, neg_loss_1 = 0.0001, neg_loss_2 = 0.0000, ref_loss = 0.0134, div_loss = 0.1219, aux_loss = 0.0000, 0.227 seconds/batch
2026-05-06 16:43:36,708 - Epoch 15, Batch 350, lr = 0.00006, aux_scale = 1.000,  final_loss = 4.3646, nll_loss = 4.2456, ref_nll_loss = 4.4835, ivc_loss = 0.0379, neg_loss_1 = 0.0004, neg_loss_2 = 0.0001, ref_loss = 0.0123, div_loss = 0.1233, aux_loss = 0.0000, 0.228 seconds/batch
2026-05-06 16:43:48,244 - Epoch 15, Batch 400, lr = 0.00006, aux_scale = 1.000,  final_loss = 4.3548, nll_loss = 4.2380, ref_nll_loss = 4.4716, ivc_loss = 0.0415, neg_loss_1 = 0.0005, neg_loss_2 = 0.0001, ref_loss = 0.0139, div_loss = 0.1238, aux_loss = 0.0000, 0.228 seconds/batch
2026-05-06 16:43:59,719 - Epoch 15, Batch 450, lr = 0.00006, aux_scale = 1.000,  final_loss = 4.3799, nll_loss = 4.2633, ref_nll_loss = 4.4966, ivc_loss = 0.0407, neg_loss_1 = 0.0006, neg_loss_2 = 0.0000, ref_loss = 0.0135, div_loss = 0.1240, aux_loss = 0.0000, 0.228 seconds/batch
2026-05-06 16:44:11,171 - Epoch 15, Batch 500, lr = 0.00006, aux_scale = 1.000,  final_loss = 4.3422, nll_loss = 4.2235, ref_nll_loss = 4.4609, ivc_loss = 0.0374, neg_loss_1 = 0.0002, neg_loss_2 = 0.0001, ref_loss = 0.0124, div_loss = 0.1215, aux_loss = 0.0000, 0.228 seconds/batch
2026-05-06 16:44:22,526 - Epoch 15, Batch 550, lr = 0.00006, aux_scale = 1.000,  final_loss = 4.3875, nll_loss = 4.2697, ref_nll_loss = 4.5054, ivc_loss = 0.0341, neg_loss_1 = 0.0002, neg_loss_2 = 0.0003, ref_loss = 0.0104, div_loss = 0.1230, aux_loss = 0.0000, 0.228 seconds/batch
2026-05-06 16:44:33,939 - Epoch 15, Batch 600, lr = 0.00006, aux_scale = 1.000,  final_loss = 4.3874, nll_loss = 4.2728, ref_nll_loss = 4.5019, ivc_loss = 0.0384, neg_loss_1 = 0.0005, neg_loss_2 = 0.0000, ref_loss = 0.0124, div_loss = 0.1239, aux_loss = 0.0000, 0.228 seconds/batch
2026-05-06 16:44:45,269 - Epoch 15, Batch 650, lr = 0.00006, aux_scale = 1.000,  final_loss = 4.3935, nll_loss = 4.2795, ref_nll_loss = 4.5076, ivc_loss = 0.0407, neg_loss_1 = 0.0003, neg_loss_2 = 0.0001, ref_loss = 0.0138, div_loss = 0.1238, aux_loss = 0.0000, 0.228 seconds/batch
2026-05-06 16:44:56,610 - Epoch 15, Batch 700, lr = 0.00006, aux_scale = 1.000,  final_loss = 4.3931, nll_loss = 4.2825, ref_nll_loss = 4.5037, ivc_loss = 0.0406, neg_loss_1 = 0.0007, neg_loss_2 = 0.0000, ref_loss = 0.0134, div_loss = 0.1249, aux_loss = 0.0000, 0.228 seconds/batch
2026-05-06 16:45:08,096 - Epoch 15, Batch 750, lr = 0.00006, aux_scale = 1.000,  final_loss = 4.3691, nll_loss = 4.2570, ref_nll_loss = 4.4811, ivc_loss = 0.0405, neg_loss_1 = 0.0005, neg_loss_2 = 0.0001, ref_loss = 0.0135, div_loss = 0.1219, aux_loss = 0.0000, 0.228 seconds/batch
2026-05-06 16:45:19,440 - Epoch 15, Batch 800, lr = 0.00006, aux_scale = 1.000,  final_loss = 4.3676, nll_loss = 4.2500, ref_nll_loss = 4.4852, ivc_loss = 0.0364, neg_loss_1 = 0.0005, neg_loss_2 = 0.0000, ref_loss = 0.0114, div_loss = 0.1257, aux_loss = 0.0000, 0.228 seconds/batch
2026-05-06 16:45:30,756 - Epoch 15, Batch 850, lr = 0.00006, aux_scale = 1.000,  final_loss = 4.3716, nll_loss = 4.2581, ref_nll_loss = 4.4850, ivc_loss = 0.0412, neg_loss_1 = 0.0004, neg_loss_2 = 0.0001, ref_loss = 0.0139, div_loss = 0.1251, aux_loss = 0.0000, 0.228 seconds/batch
2026-05-06 16:45:42,057 - Epoch 15, Batch 900, lr = 0.00006, aux_scale = 1.000,  final_loss = 4.3303, nll_loss = 4.2141, ref_nll_loss = 4.4465, ivc_loss = 0.0392, neg_loss_1 = 0.0004, neg_loss_2 = 0.0000, ref_loss = 0.0129, div_loss = 0.1263, aux_loss = 0.0000, 0.228 seconds/batch
2026-05-06 16:45:53,371 - Epoch 15, Batch 950, lr = 0.00006, aux_scale = 1.000,  final_loss = 4.3411, nll_loss = 4.2279, ref_nll_loss = 4.4543, ivc_loss = 0.0376, neg_loss_1 = 0.0002, neg_loss_2 = 0.0000, ref_loss = 0.0124, div_loss = 0.1239, aux_loss = 0.0000, 0.228 seconds/batch
2026-05-06 16:46:04,780 - Epoch 15, Batch 1000, lr = 0.00006, aux_scale = 1.000,  final_loss = 4.3721, nll_loss = 4.2558, ref_nll_loss = 4.4883, ivc_loss = 0.0414, neg_loss_1 = 0.0007, neg_loss_2 = 0.0002, ref_loss = 0.0135, div_loss = 0.1265, aux_loss = 0.0000, 0.228 seconds/batch
2026-05-06 16:46:16,126 - Epoch 15, Batch 1050, lr = 0.00006, aux_scale = 1.000,  final_loss = 4.4098, nll_loss = 4.2960, ref_nll_loss = 4.5236, ivc_loss = 0.0364, neg_loss_1 = 0.0001, neg_loss_2 = 0.0001, ref_loss = 0.0115, div_loss = 0.1301, aux_loss = 0.0000, 0.228 seconds/batch
2026-05-06 16:46:27,478 - Epoch 15, Batch 1100, lr = 0.00006, aux_scale = 1.000,  final_loss = 4.3455, nll_loss = 4.2316, ref_nll_loss = 4.4595, ivc_loss = 0.0429, neg_loss_1 = 0.0006, neg_loss_2 = 0.0001, ref_loss = 0.0143, div_loss = 0.1289, aux_loss = 0.0000, 0.228 seconds/batch
2026-05-06 16:46:38,842 - Epoch 15, Batch 1150, lr = 0.00006, aux_scale = 1.000,  final_loss = 4.3524, nll_loss = 4.2371, ref_nll_loss = 4.4676, ivc_loss = 0.0372, neg_loss_1 = 0.0005, neg_loss_2 = 0.0001, ref_loss = 0.0116, div_loss = 0.1302, aux_loss = 0.0000, 0.228 seconds/batch
2026-05-06 16:46:43,327 - Epoch 15, Batch 1170, lr = 0.00006, aux_scale = 1.000,  final_loss = 4.3696, nll_loss = 4.2607, ref_nll_loss = 4.4785, ivc_loss = 0.0391, neg_loss_1 = 0.0002, neg_loss_2 = 0.0000, ref_loss = 0.0126, div_loss = 0.1332, aux_loss = 0.0000, 0.228 seconds/batch
2026-05-06 16:46:43,383 - save model to checkpoints/activitynet_moe_v3/moe_v3/model-15.pt, num_updates 17550.
2026-05-06 16:48:34,126 - | R@1,mIoU 0.3394 | R@1,IoU@0.1 0.8165 | R@1,IoU@0.3 0.5122 | R@1,IoU@0.5 0.2609 | R@1,IoU@0.7 0.0814 | R@1,IoU@0.9 0.0093 | R@5,mIoU 0.3984 | R@5,IoU@0.1 0.8561 | R@5,IoU@0.3 0.5891 | R@5,IoU@0.5 0.3576 | R@5,IoU@0.7 0.1510 | R@5,IoU@0.9 0.0291 |
2026-05-06 16:48:34,126 - ============================================================
2026-05-06 16:48:34,126 - Start Epoch 16
2026-05-06 16:48:45,718 - Epoch 16, Batch 50, lr = 0.00006, aux_scale = 1.000,  final_loss = 4.3247, nll_loss = 4.2084, ref_nll_loss = 4.4410, ivc_loss = 0.0389, neg_loss_1 = 0.0007, neg_loss_2 = 0.0000, ref_loss = 0.0121, div_loss = 0.1306, aux_loss = 0.0000, 0.232 seconds/batch
2026-05-06 16:48:57,028 - Epoch 16, Batch 100, lr = 0.00006, aux_scale = 1.000,  final_loss = 4.3440, nll_loss = 4.2294, ref_nll_loss = 4.4585, ivc_loss = 0.0370, neg_loss_1 = 0.0003, neg_loss_2 = 0.0000, ref_loss = 0.0118, div_loss = 0.1279, aux_loss = 0.0000, 0.229 seconds/batch
2026-05-06 16:49:08,268 - Epoch 16, Batch 150, lr = 0.00006, aux_scale = 1.000,  final_loss = 4.3030, nll_loss = 4.1870, ref_nll_loss = 4.4190, ivc_loss = 0.0395, neg_loss_1 = 0.0004, neg_loss_2 = 0.0002, ref_loss = 0.0128, div_loss = 0.1267, aux_loss = 0.0000, 0.228 seconds/batch
2026-05-06 16:49:19,534 - Epoch 16, Batch 200, lr = 0.00006, aux_scale = 1.000,  final_loss = 4.3341, nll_loss = 4.2206, ref_nll_loss = 4.4475, ivc_loss = 0.0424, neg_loss_1 = 0.0006, neg_loss_2 = 0.0001, ref_loss = 0.0142, div_loss = 0.1262, aux_loss = 0.0000, 0.227 seconds/batch
2026-05-06 16:49:30,803 - Epoch 16, Batch 250, lr = 0.00006, aux_scale = 1.000,  final_loss = 4.3455, nll_loss = 4.2306, ref_nll_loss = 4.4604, ivc_loss = 0.0360, neg_loss_1 = 0.0003, neg_loss_2 = 0.0001, ref_loss = 0.0114, div_loss = 0.1252, aux_loss = 0.0000, 0.227 seconds/batch
2026-05-06 16:49:42,154 - Epoch 16, Batch 300, lr = 0.00006, aux_scale = 1.000,  final_loss = 4.3168, nll_loss = 4.1966, ref_nll_loss = 4.4371, ivc_loss = 0.0356, neg_loss_1 = 0.0002, neg_loss_2 = 0.0000, ref_loss = 0.0113, div_loss = 0.1273, aux_loss = 0.0000, 0.227 seconds/batch
2026-05-06 16:49:53,578 - Epoch 16, Batch 350, lr = 0.00006, aux_scale = 1.000,  final_loss = 4.2999, nll_loss = 4.1809, ref_nll_loss = 4.4189, ivc_loss = 0.0346, neg_loss_1 = 0.0003, neg_loss_2 = 0.0000, ref_loss = 0.0106, div_loss = 0.1284, aux_loss = 0.0000, 0.227 seconds/batch
2026-05-06 16:50:04,904 - Epoch 16, Batch 400, lr = 0.00006, aux_scale = 1.000,  final_loss = 4.3356, nll_loss = 4.2167, ref_nll_loss = 4.4544, ivc_loss = 0.0350, neg_loss_1 = 0.0002, neg_loss_2 = 0.0003, ref_loss = 0.0106, div_loss = 0.1293, aux_loss = 0.0000, 0.227 seconds/batch
2026-05-06 16:50:16,253 - Epoch 16, Batch 450, lr = 0.00006, aux_scale = 1.000,  final_loss = 4.2761, nll_loss = 4.1587, ref_nll_loss = 4.3935, ivc_loss = 0.0363, neg_loss_1 = 0.0001, neg_loss_2 = 0.0001, ref_loss = 0.0117, div_loss = 0.1262, aux_loss = 0.0000, 0.227 seconds/batch
2026-05-06 16:50:27,616 - Epoch 16, Batch 500, lr = 0.00006, aux_scale = 1.000,  final_loss = 4.3377, nll_loss = 4.2194, ref_nll_loss = 4.4561, ivc_loss = 0.0372, neg_loss_1 = 0.0002, neg_loss_2 = 0.0000, ref_loss = 0.0122, div_loss = 0.1250, aux_loss = 0.0000, 0.227 seconds/batch
2026-05-06 16:50:38,940 - Epoch 16, Batch 550, lr = 0.00006, aux_scale = 1.000,  final_loss = 4.3621, nll_loss = 4.2459, ref_nll_loss = 4.4782, ivc_loss = 0.0391, neg_loss_1 = 0.0002, neg_loss_2 = 0.0002, ref_loss = 0.0129, div_loss = 0.1261, aux_loss = 0.0000, 0.227 seconds/batch
2026-05-06 16:50:50,278 - Epoch 16, Batch 600, lr = 0.00006, aux_scale = 1.000,  final_loss = 4.3222, nll_loss = 4.2089, ref_nll_loss = 4.4354, ivc_loss = 0.0403, neg_loss_1 = 0.0003, neg_loss_2 = 0.0000, ref_loss = 0.0135, div_loss = 0.1269, aux_loss = 0.0000, 0.227 seconds/batch
2026-05-06 16:51:01,644 - Epoch 16, Batch 650, lr = 0.00006, aux_scale = 1.000,  final_loss = 4.3336, nll_loss = 4.2197, ref_nll_loss = 4.4475, ivc_loss = 0.0405, neg_loss_1 = 0.0004, neg_loss_2 = 0.0002, ref_loss = 0.0135, div_loss = 0.1247, aux_loss = 0.0000, 0.227 seconds/batch
2026-05-06 16:51:13,174 - Epoch 16, Batch 700, lr = 0.00006, aux_scale = 1.000,  final_loss = 4.3502, nll_loss = 4.2322, ref_nll_loss = 4.4682, ivc_loss = 0.0366, neg_loss_1 = 0.0004, neg_loss_2 = 0.0002, ref_loss = 0.0117, div_loss = 0.1200, aux_loss = 0.0000, 0.227 seconds/batch
2026-05-06 16:51:24,660 - Epoch 16, Batch 750, lr = 0.00006, aux_scale = 1.000,  final_loss = 4.3463, nll_loss = 4.2306, ref_nll_loss = 4.4619, ivc_loss = 0.0358, neg_loss_1 = 0.0004, neg_loss_2 = 0.0001, ref_loss = 0.0114, div_loss = 0.1196, aux_loss = 0.0000, 0.227 seconds/batch
2026-05-06 16:51:36,073 - Epoch 16, Batch 800, lr = 0.00006, aux_scale = 1.000,  final_loss = 4.3280, nll_loss = 4.2097, ref_nll_loss = 4.4463, ivc_loss = 0.0361, neg_loss_1 = 0.0009, neg_loss_2 = 0.0001, ref_loss = 0.0108, div_loss = 0.1251, aux_loss = 0.0000, 0.227 seconds/batch
2026-05-06 16:51:47,415 - Epoch 16, Batch 850, lr = 0.00006, aux_scale = 1.000,  final_loss = 4.3694, nll_loss = 4.2538, ref_nll_loss = 4.4850, ivc_loss = 0.0425, neg_loss_1 = 0.0005, neg_loss_2 = 0.0002, ref_loss = 0.0144, div_loss = 0.1229, aux_loss = 0.0000, 0.227 seconds/batch
2026-05-06 16:51:58,759 - Epoch 16, Batch 900, lr = 0.00006, aux_scale = 1.000,  final_loss = 4.3695, nll_loss = 4.2537, ref_nll_loss = 4.4852, ivc_loss = 0.0383, neg_loss_1 = 0.0007, neg_loss_2 = 0.0000, ref_loss = 0.0123, div_loss = 0.1218, aux_loss = 0.0000, 0.227 seconds/batch
2026-05-06 16:52:10,084 - Epoch 16, Batch 950, lr = 0.00006, aux_scale = 1.000,  final_loss = 4.3534, nll_loss = 4.2375, ref_nll_loss = 4.4693, ivc_loss = 0.0383, neg_loss_1 = 0.0003, neg_loss_2 = 0.0001, ref_loss = 0.0126, div_loss = 0.1229, aux_loss = 0.0000, 0.227 seconds/batch
2026-05-06 16:52:21,376 - Epoch 16, Batch 1000, lr = 0.00006, aux_scale = 1.000,  final_loss = 4.3455, nll_loss = 4.2280, ref_nll_loss = 4.4629, ivc_loss = 0.0380, neg_loss_1 = 0.0001, neg_loss_2 = 0.0002, ref_loss = 0.0125, div_loss = 0.1229, aux_loss = 0.0000, 0.227 seconds/batch
2026-05-06 16:52:32,754 - Epoch 16, Batch 1050, lr = 0.00006, aux_scale = 1.000,  final_loss = 4.3481, nll_loss = 4.2289, ref_nll_loss = 4.4673, ivc_loss = 0.0353, neg_loss_1 = 0.0004, neg_loss_2 = 0.0000, ref_loss = 0.0112, div_loss = 0.1201, aux_loss = 0.0000, 0.227 seconds/batch
2026-05-06 16:52:44,111 - Epoch 16, Batch 1100, lr = 0.00006, aux_scale = 1.000,  final_loss = 4.3350, nll_loss = 4.2203, ref_nll_loss = 4.4497, ivc_loss = 0.0377, neg_loss_1 = 0.0004, neg_loss_2 = 0.0001, ref_loss = 0.0121, div_loss = 0.1244, aux_loss = 0.0000, 0.227 seconds/batch
2026-05-06 16:52:55,430 - Epoch 16, Batch 1150, lr = 0.00006, aux_scale = 1.000,  final_loss = 4.3081, nll_loss = 4.1937, ref_nll_loss = 4.4225, ivc_loss = 0.0402, neg_loss_1 = 0.0003, neg_loss_2 = 0.0001, ref_loss = 0.0136, div_loss = 0.1222, aux_loss = 0.0000, 0.227 seconds/batch
2026-05-06 16:52:59,893 - Epoch 16, Batch 1170, lr = 0.00006, aux_scale = 1.000,  final_loss = 4.2877, nll_loss = 4.1712, ref_nll_loss = 4.4042, ivc_loss = 0.0333, neg_loss_1 = 0.0007, neg_loss_2 = 0.0000, ref_loss = 0.0098, div_loss = 0.1224, aux_loss = 0.0000, 0.227 seconds/batch
2026-05-06 16:52:59,947 - save model to checkpoints/activitynet_moe_v3/moe_v3/model-16.pt, num_updates 18720.
2026-05-06 16:54:50,290 - | R@1,mIoU 0.3455 | R@1,IoU@0.1 0.8221 | R@1,IoU@0.3 0.5240 | R@1,IoU@0.5 0.2648 | R@1,IoU@0.7 0.0924 | R@1,IoU@0.9 0.0122 | R@5,mIoU 0.4035 | R@5,IoU@0.1 0.8565 | R@5,IoU@0.3 0.5933 | R@5,IoU@0.5 0.3658 | R@5,IoU@0.7 0.1626 | R@5,IoU@0.9 0.0341 |
2026-05-06 16:54:50,371 - Best results have been updated.
2026-05-06 16:54:50,371 - ============================================================
2026-05-06 16:54:50,371 - Start Epoch 17
2026-05-06 16:55:02,128 - Epoch 17, Batch 50, lr = 0.00006, aux_scale = 1.000,  final_loss = 4.3100, nll_loss = 4.1914, ref_nll_loss = 4.4286, ivc_loss = 0.0358, neg_loss_1 = 0.0004, neg_loss_2 = 0.0000, ref_loss = 0.0113, div_loss = 0.1238, aux_loss = 0.0000, 0.235 seconds/batch
2026-05-06 16:55:13,554 - Epoch 17, Batch 100, lr = 0.00006, aux_scale = 1.000,  final_loss = 4.2712, nll_loss = 4.1537, ref_nll_loss = 4.3887, ivc_loss = 0.0384, neg_loss_1 = 0.0003, neg_loss_2 = 0.0000, ref_loss = 0.0127, div_loss = 0.1252, aux_loss = 0.0000, 0.232 seconds/batch
2026-05-06 16:55:24,838 - Epoch 17, Batch 150, lr = 0.00006, aux_scale = 1.000,  final_loss = 4.3092, nll_loss = 4.1919, ref_nll_loss = 4.4265, ivc_loss = 0.0367, neg_loss_1 = 0.0004, neg_loss_2 = 0.0001, ref_loss = 0.0116, div_loss = 0.1254, aux_loss = 0.0000, 0.230 seconds/batch
2026-05-06 16:55:36,069 - Epoch 17, Batch 200, lr = 0.00006, aux_scale = 1.000,  final_loss = 4.3018, nll_loss = 4.1802, ref_nll_loss = 4.4235, ivc_loss = 0.0340, neg_loss_1 = 0.0004, neg_loss_2 = 0.0002, ref_loss = 0.0101, div_loss = 0.1243, aux_loss = 0.0000, 0.228 seconds/batch
2026-05-06 16:55:47,521 - Epoch 17, Batch 250, lr = 0.00006, aux_scale = 1.000,  final_loss = 4.2641, nll_loss = 4.1469, ref_nll_loss = 4.3813, ivc_loss = 0.0388, neg_loss_1 = 0.0000, neg_loss_2 = 0.0001, ref_loss = 0.0131, div_loss = 0.1230, aux_loss = 0.0000, 0.229 seconds/batch
2026-05-06 16:55:59,002 - Epoch 17, Batch 300, lr = 0.00006, aux_scale = 1.000,  final_loss = 4.2820, nll_loss = 4.1647, ref_nll_loss = 4.3994, ivc_loss = 0.0366, neg_loss_1 = 0.0003, neg_loss_2 = 0.0000, ref_loss = 0.0118, div_loss = 0.1257, aux_loss = 0.0000, 0.229 seconds/batch
2026-05-06 16:56:10,422 - Epoch 17, Batch 350, lr = 0.00006, aux_scale = 1.000,  final_loss = 4.3117, nll_loss = 4.1946, ref_nll_loss = 4.4289, ivc_loss = 0.0388, neg_loss_1 = 0.0002, neg_loss_2 = 0.0001, ref_loss = 0.0130, div_loss = 0.1208, aux_loss = 0.0000, 0.229 seconds/batch
2026-05-06 16:56:21,973 - Epoch 17, Batch 400, lr = 0.00006, aux_scale = 1.000,  final_loss = 4.3066, nll_loss = 4.1889, ref_nll_loss = 4.4243, ivc_loss = 0.0366, neg_loss_1 = 0.0002, neg_loss_2 = 0.0000, ref_loss = 0.0117, div_loss = 0.1264, aux_loss = 0.0000, 0.229 seconds/batch
2026-05-06 16:56:33,380 - Epoch 17, Batch 450, lr = 0.00006, aux_scale = 1.000,  final_loss = 4.3284, nll_loss = 4.2109, ref_nll_loss = 4.4458, ivc_loss = 0.0367, neg_loss_1 = 0.0004, neg_loss_2 = 0.0001, ref_loss = 0.0115, div_loss = 0.1264, aux_loss = 0.0000, 0.229 seconds/batch
2026-05-06 16:56:44,776 - Epoch 17, Batch 500, lr = 0.00006, aux_scale = 1.000,  final_loss = 4.2910, nll_loss = 4.1744, ref_nll_loss = 4.4075, ivc_loss = 0.0354, neg_loss_1 = 0.0001, neg_loss_2 = 0.0000, ref_loss = 0.0112, div_loss = 0.1271, aux_loss = 0.0000, 0.229 seconds/batch
2026-05-06 16:56:56,193 - Epoch 17, Batch 550, lr = 0.00006, aux_scale = 1.000,  final_loss = 4.3118, nll_loss = 4.1934, ref_nll_loss = 4.4303, ivc_loss = 0.0398, neg_loss_1 = 0.0004, neg_loss_2 = 0.0001, ref_loss = 0.0132, div_loss = 0.1251, aux_loss = 0.0000, 0.229 seconds/batch
2026-05-06 16:57:07,529 - Epoch 17, Batch 600, lr = 0.00006, aux_scale = 1.000,  final_loss = 4.3423, nll_loss = 4.2236, ref_nll_loss = 4.4609, ivc_loss = 0.0368, neg_loss_1 = 0.0005, neg_loss_2 = 0.0000, ref_loss = 0.0117, div_loss = 0.1227, aux_loss = 0.0000, 0.229 seconds/batch
2026-05-06 16:57:18,991 - Epoch 17, Batch 650, lr = 0.00006, aux_scale = 1.000,  final_loss = 4.3487, nll_loss = 4.2312, ref_nll_loss = 4.4663, ivc_loss = 0.0411, neg_loss_1 = 0.0004, neg_loss_2 = 0.0000, ref_loss = 0.0141, div_loss = 0.1200, aux_loss = 0.0000, 0.229 seconds/batch
2026-05-06 16:57:30,389 - Epoch 17, Batch 700, lr = 0.00006, aux_scale = 1.000,  final_loss = 4.3424, nll_loss = 4.2247, ref_nll_loss = 4.4601, ivc_loss = 0.0367, neg_loss_1 = 0.0002, neg_loss_2 = 0.0000, ref_loss = 0.0121, div_loss = 0.1205, aux_loss = 0.0000, 0.229 seconds/batch
2026-05-06 16:57:41,749 - Epoch 17, Batch 750, lr = 0.00006, aux_scale = 1.000,  final_loss = 4.2859, nll_loss = 4.1629, ref_nll_loss = 4.4090, ivc_loss = 0.0361, neg_loss_1 = 0.0004, neg_loss_2 = 0.0002, ref_loss = 0.0113, div_loss = 0.1229, aux_loss = 0.0000, 0.229 seconds/batch
2026-05-06 16:57:53,111 - Epoch 17, Batch 800, lr = 0.00006, aux_scale = 1.000,  final_loss = 4.3213, nll_loss = 4.2000, ref_nll_loss = 4.4427, ivc_loss = 0.0371, neg_loss_1 = 0.0006, neg_loss_2 = 0.0002, ref_loss = 0.0115, div_loss = 0.1255, aux_loss = 0.0000, 0.228 seconds/batch
2026-05-06 16:58:04,430 - Epoch 17, Batch 850, lr = 0.00006, aux_scale = 1.000,  final_loss = 4.3222, nll_loss = 4.1984, ref_nll_loss = 4.4460, ivc_loss = 0.0348, neg_loss_1 = 0.0002, neg_loss_2 = 0.0000, ref_loss = 0.0107, div_loss = 0.1280, aux_loss = 0.0000, 0.228 seconds/batch
2026-05-06 16:58:15,801 - Epoch 17, Batch 900, lr = 0.00006, aux_scale = 1.000,  final_loss = 4.3267, nll_loss = 4.2114, ref_nll_loss = 4.4420, ivc_loss = 0.0388, neg_loss_1 = 0.0005, neg_loss_2 = 0.0000, ref_loss = 0.0126, div_loss = 0.1255, aux_loss = 0.0000, 0.228 seconds/batch
2026-05-06 16:58:27,124 - Epoch 17, Batch 950, lr = 0.00006, aux_scale = 1.000,  final_loss = 4.2767, nll_loss = 4.1551, ref_nll_loss = 4.3983, ivc_loss = 0.0354, neg_loss_1 = 0.0005, neg_loss_2 = 0.0000, ref_loss = 0.0108, div_loss = 0.1270, aux_loss = 0.0000, 0.228 seconds/batch
2026-05-06 16:58:38,528 - Epoch 17, Batch 1000, lr = 0.00006, aux_scale = 1.000,  final_loss = 4.3121, nll_loss = 4.1959, ref_nll_loss = 4.4282, ivc_loss = 0.0400, neg_loss_1 = 0.0003, neg_loss_2 = 0.0001, ref_loss = 0.0131, div_loss = 0.1294, aux_loss = 0.0000, 0.228 seconds/batch
2026-05-06 16:58:50,039 - Epoch 17, Batch 1050, lr = 0.00006, aux_scale = 1.000,  final_loss = 4.3463, nll_loss = 4.2293, ref_nll_loss = 4.4634, ivc_loss = 0.0394, neg_loss_1 = 0.0005, neg_loss_2 = 0.0000, ref_loss = 0.0128, div_loss = 0.1276, aux_loss = 0.0000, 0.228 seconds/batch
2026-05-06 16:59:01,457 - Epoch 17, Batch 1100, lr = 0.00006, aux_scale = 1.000,  final_loss = 4.3025, nll_loss = 4.1807, ref_nll_loss = 4.4243, ivc_loss = 0.0365, neg_loss_1 = 0.0005, neg_loss_2 = 0.0000, ref_loss = 0.0114, div_loss = 0.1279, aux_loss = 0.0000, 0.228 seconds/batch
2026-05-06 16:59:12,862 - Epoch 17, Batch 1150, lr = 0.00006, aux_scale = 1.000,  final_loss = 4.3216, nll_loss = 4.2006, ref_nll_loss = 4.4426, ivc_loss = 0.0389, neg_loss_1 = 0.0006, neg_loss_2 = 0.0000, ref_loss = 0.0124, div_loss = 0.1279, aux_loss = 0.0000, 0.228 seconds/batch
2026-05-06 16:59:17,346 - Epoch 17, Batch 1170, lr = 0.00006, aux_scale = 1.000,  final_loss = 4.2807, nll_loss = 4.1625, ref_nll_loss = 4.3989, ivc_loss = 0.0356, neg_loss_1 = 0.0001, neg_loss_2 = 0.0003, ref_loss = 0.0108, div_loss = 0.1313, aux_loss = 0.0000, 0.228 seconds/batch
2026-05-06 16:59:17,408 - save model to checkpoints/activitynet_moe_v3/moe_v3/model-17.pt, num_updates 19890.
2026-05-06 17:01:07,881 - | R@1,mIoU 0.3419 | R@1,IoU@0.1 0.8172 | R@1,IoU@0.3 0.5189 | R@1,IoU@0.5 0.2598 | R@1,IoU@0.7 0.0958 | R@1,IoU@0.9 0.0112 | R@5,mIoU 0.4005 | R@5,IoU@0.1 0.8537 | R@5,IoU@0.3 0.5902 | R@5,IoU@0.5 0.3633 | R@5,IoU@0.7 0.1589 | R@5,IoU@0.9 0.0298 |
2026-05-06 17:01:07,881 - ============================================================
2026-05-06 17:01:07,881 - Start Epoch 18
2026-05-06 17:01:19,376 - Epoch 18, Batch 50, lr = 0.00006, aux_scale = 1.000,  final_loss = 4.2724, nll_loss = 4.1541, ref_nll_loss = 4.3907, ivc_loss = 0.0339, neg_loss_1 = 0.0001, neg_loss_2 = 0.0000, ref_loss = 0.0105, div_loss = 0.1251, aux_loss = 0.0000, 0.230 seconds/batch
2026-05-06 17:01:30,627 - Epoch 18, Batch 100, lr = 0.00006, aux_scale = 1.000,  final_loss = 4.2604, nll_loss = 4.1432, ref_nll_loss = 4.3776, ivc_loss = 0.0405, neg_loss_1 = 0.0005, neg_loss_2 = 0.0000, ref_loss = 0.0134, div_loss = 0.1265, aux_loss = 0.0000, 0.227 seconds/batch
2026-05-06 17:01:41,908 - Epoch 18, Batch 150, lr = 0.00006, aux_scale = 1.000,  final_loss = 4.2685, nll_loss = 4.1510, ref_nll_loss = 4.3860, ivc_loss = 0.0355, neg_loss_1 = 0.0004, neg_loss_2 = 0.0000, ref_loss = 0.0111, div_loss = 0.1231, aux_loss = 0.0000, 0.227 seconds/batch
2026-05-06 17:01:53,207 - Epoch 18, Batch 200, lr = 0.00006, aux_scale = 1.000,  final_loss = 4.2315, nll_loss = 4.1088, ref_nll_loss = 4.3542, ivc_loss = 0.0359, neg_loss_1 = 0.0004, neg_loss_2 = 0.0002, ref_loss = 0.0113, div_loss = 0.1220, aux_loss = 0.0000, 0.227 seconds/batch
2026-05-06 17:02:04,536 - Epoch 18, Batch 250, lr = 0.00006, aux_scale = 1.000,  final_loss = 4.2815, nll_loss = 4.1577, ref_nll_loss = 4.4054, ivc_loss = 0.0356, neg_loss_1 = 0.0003, neg_loss_2 = 0.0001, ref_loss = 0.0113, div_loss = 0.1223, aux_loss = 0.0000, 0.227 seconds/batch
2026-05-06 17:02:15,793 - Epoch 18, Batch 300, lr = 0.00006, aux_scale = 1.000,  final_loss = 4.3086, nll_loss = 4.1901, ref_nll_loss = 4.4271, ivc_loss = 0.0380, neg_loss_1 = 0.0003, neg_loss_2 = 0.0001, ref_loss = 0.0126, div_loss = 0.1207, aux_loss = 0.0000, 0.226 seconds/batch
2026-05-06 17:02:27,149 - Epoch 18, Batch 350, lr = 0.00006, aux_scale = 1.000,  final_loss = 4.2413, nll_loss = 4.1218, ref_nll_loss = 4.3608, ivc_loss = 0.0351, neg_loss_1 = 0.0004, neg_loss_2 = 0.0001, ref_loss = 0.0110, div_loss = 0.1200, aux_loss = 0.0000, 0.226 seconds/batch
2026-05-06 17:02:38,568 - Epoch 18, Batch 400, lr = 0.00006, aux_scale = 1.000,  final_loss = 4.2735, nll_loss = 4.1521, ref_nll_loss = 4.3950, ivc_loss = 0.0367, neg_loss_1 = 0.0005, neg_loss_2 = 0.0002, ref_loss = 0.0116, div_loss = 0.1210, aux_loss = 0.0000, 0.227 seconds/batch
2026-05-06 17:02:50,013 - Epoch 18, Batch 450, lr = 0.00006, aux_scale = 1.000,  final_loss = 4.2532, nll_loss = 4.1333, ref_nll_loss = 4.3730, ivc_loss = 0.0400, neg_loss_1 = 0.0002, neg_loss_2 = 0.0000, ref_loss = 0.0135, div_loss = 0.1250, aux_loss = 0.0000, 0.227 seconds/batch
2026-05-06 17:03:01,396 - Epoch 18, Batch 500, lr = 0.00006, aux_scale = 1.000,  final_loss = 4.2978, nll_loss = 4.1744, ref_nll_loss = 4.4211, ivc_loss = 0.0352, neg_loss_1 = 0.0001, neg_loss_2 = 0.0000, ref_loss = 0.0112, div_loss = 0.1244, aux_loss = 0.0000, 0.227 seconds/batch
2026-05-06 17:03:12,743 - Epoch 18, Batch 550, lr = 0.00006, aux_scale = 1.000,  final_loss = 4.3254, nll_loss = 4.2084, ref_nll_loss = 4.4423, ivc_loss = 0.0372, neg_loss_1 = 0.0003, neg_loss_2 = 0.0002, ref_loss = 0.0119, div_loss = 0.1224, aux_loss = 0.0000, 0.227 seconds/batch
2026-05-06 17:03:24,080 - Epoch 18, Batch 600, lr = 0.00006, aux_scale = 1.000,  final_loss = 4.2903, nll_loss = 4.1722, ref_nll_loss = 4.4084, ivc_loss = 0.0370, neg_loss_1 = 0.0000, neg_loss_2 = 0.0002, ref_loss = 0.0122, div_loss = 0.1222, aux_loss = 0.0000, 0.227 seconds/batch
2026-05-06 17:03:35,408 - Epoch 18, Batch 650, lr = 0.00006, aux_scale = 1.000,  final_loss = 4.3235, nll_loss = 4.2053, ref_nll_loss = 4.4417, ivc_loss = 0.0371, neg_loss_1 = 0.0004, neg_loss_2 = 0.0001, ref_loss = 0.0119, div_loss = 0.1217, aux_loss = 0.0000, 0.227 seconds/batch
2026-05-06 17:03:46,789 - Epoch 18, Batch 700, lr = 0.00006, aux_scale = 1.000,  final_loss = 4.3172, nll_loss = 4.1978, ref_nll_loss = 4.4366, ivc_loss = 0.0377, neg_loss_1 = 0.0003, neg_loss_2 = 0.0001, ref_loss = 0.0123, div_loss = 0.1229, aux_loss = 0.0000, 0.227 seconds/batch
2026-05-06 17:03:58,181 - Epoch 18, Batch 750, lr = 0.00006, aux_scale = 1.000,  final_loss = 4.2566, nll_loss = 4.1374, ref_nll_loss = 4.3757, ivc_loss = 0.0384, neg_loss_1 = 0.0003, neg_loss_2 = 0.0002, ref_loss = 0.0126, div_loss = 0.1225, aux_loss = 0.0000, 0.227 seconds/batch
2026-05-06 17:04:09,635 - Epoch 18, Batch 800, lr = 0.00006, aux_scale = 1.000,  final_loss = 4.2956, nll_loss = 4.1750, ref_nll_loss = 4.4161, ivc_loss = 0.0381, neg_loss_1 = 0.0007, neg_loss_2 = 0.0001, ref_loss = 0.0122, div_loss = 0.1194, aux_loss = 0.0000, 0.227 seconds/batch
2026-05-06 17:04:21,101 - Epoch 18, Batch 850, lr = 0.00006, aux_scale = 1.000,  final_loss = 4.2724, nll_loss = 4.1523, ref_nll_loss = 4.3925, ivc_loss = 0.0395, neg_loss_1 = 0.0004, neg_loss_2 = 0.0002, ref_loss = 0.0129, div_loss = 0.1239, aux_loss = 0.0000, 0.227 seconds/batch
2026-05-06 17:04:32,458 - Epoch 18, Batch 900, lr = 0.00006, aux_scale = 1.000,  final_loss = 4.2752, nll_loss = 4.1551, ref_nll_loss = 4.3952, ivc_loss = 0.0371, neg_loss_1 = 0.0007, neg_loss_2 = 0.0001, ref_loss = 0.0114, div_loss = 0.1272, aux_loss = 0.0000, 0.227 seconds/batch
2026-05-06 17:04:43,914 - Epoch 18, Batch 950, lr = 0.00006, aux_scale = 1.000,  final_loss = 4.3106, nll_loss = 4.1912, ref_nll_loss = 4.4300, ivc_loss = 0.0385, neg_loss_1 = 0.0002, neg_loss_2 = 0.0000, ref_loss = 0.0128, div_loss = 0.1244, aux_loss = 0.0000, 0.227 seconds/batch
2026-05-06 17:04:55,268 - Epoch 18, Batch 1000, lr = 0.00006, aux_scale = 1.000,  final_loss = 4.2737, nll_loss = 4.1551, ref_nll_loss = 4.3924, ivc_loss = 0.0408, neg_loss_1 = 0.0004, neg_loss_2 = 0.0001, ref_loss = 0.0136, div_loss = 0.1260, aux_loss = 0.0000, 0.227 seconds/batch
2026-05-06 17:05:06,669 - Epoch 18, Batch 1050, lr = 0.00006, aux_scale = 1.000,  final_loss = 4.3266, nll_loss = 4.2081, ref_nll_loss = 4.4452, ivc_loss = 0.0388, neg_loss_1 = 0.0006, neg_loss_2 = 0.0002, ref_loss = 0.0123, div_loss = 0.1270, aux_loss = 0.0000, 0.227 seconds/batch
2026-05-06 17:05:18,029 - Epoch 18, Batch 1100, lr = 0.00006, aux_scale = 1.000,  final_loss = 4.2913, nll_loss = 4.1740, ref_nll_loss = 4.4085, ivc_loss = 0.0398, neg_loss_1 = 0.0003, neg_loss_2 = 0.0001, ref_loss = 0.0134, div_loss = 0.1240, aux_loss = 0.0000, 0.227 seconds/batch
2026-05-06 17:05:29,375 - Epoch 18, Batch 1150, lr = 0.00006, aux_scale = 1.000,  final_loss = 4.2623, nll_loss = 4.1430, ref_nll_loss = 4.3816, ivc_loss = 0.0380, neg_loss_1 = 0.0001, neg_loss_2 = 0.0003, ref_loss = 0.0123, div_loss = 0.1248, aux_loss = 0.0000, 0.227 seconds/batch
2026-05-06 17:05:33,834 - Epoch 18, Batch 1170, lr = 0.00006, aux_scale = 1.000,  final_loss = 4.3034, nll_loss = 4.1831, ref_nll_loss = 4.4236, ivc_loss = 0.0331, neg_loss_1 = 0.0000, neg_loss_2 = 0.0001, ref_loss = 0.0102, div_loss = 0.1233, aux_loss = 0.0000, 0.227 seconds/batch
2026-05-06 17:05:33,890 - save model to checkpoints/activitynet_moe_v3/moe_v3/model-18.pt, num_updates 21060.
2026-05-06 17:07:24,997 - | R@1,mIoU 0.3437 | R@1,IoU@0.1 0.8186 | R@1,IoU@0.3 0.5177 | R@1,IoU@0.5 0.2603 | R@1,IoU@0.7 0.1042 | R@1,IoU@0.9 0.0118 | R@5,mIoU 0.4010 | R@5,IoU@0.1 0.8544 | R@5,IoU@0.3 0.5868 | R@5,IoU@0.5 0.3619 | R@5,IoU@0.7 0.1650 | R@5,IoU@0.9 0.0309 |
2026-05-06 17:07:24,997 - ============================================================
2026-05-06 17:07:24,997 - Start Epoch 19
2026-05-06 17:07:36,586 - Epoch 19, Batch 50, lr = 0.00006, aux_scale = 1.000,  final_loss = 4.2351, nll_loss = 4.1128, ref_nll_loss = 4.3574, ivc_loss = 0.0373, neg_loss_1 = 0.0002, neg_loss_2 = 0.0001, ref_loss = 0.0122, div_loss = 0.1235, aux_loss = 0.0000, 0.232 seconds/batch
2026-05-06 17:07:47,918 - Epoch 19, Batch 100, lr = 0.00005, aux_scale = 1.000,  final_loss = 4.2628, nll_loss = 4.1422, ref_nll_loss = 4.3834, ivc_loss = 0.0369, neg_loss_1 = 0.0003, neg_loss_2 = 0.0002, ref_loss = 0.0117, div_loss = 0.1234, aux_loss = 0.0000, 0.229 seconds/batch
2026-05-06 17:07:59,187 - Epoch 19, Batch 150, lr = 0.00005, aux_scale = 1.000,  final_loss = 4.2291, nll_loss = 4.1101, ref_nll_loss = 4.3480, ivc_loss = 0.0351, neg_loss_1 = 0.0003, neg_loss_2 = 0.0000, ref_loss = 0.0112, div_loss = 0.1216, aux_loss = 0.0000, 0.228 seconds/batch
2026-05-06 17:08:10,567 - Epoch 19, Batch 200, lr = 0.00005, aux_scale = 1.000,  final_loss = 4.2706, nll_loss = 4.1514, ref_nll_loss = 4.3897, ivc_loss = 0.0368, neg_loss_1 = 0.0002, neg_loss_2 = 0.0001, ref_loss = 0.0120, div_loss = 0.1216, aux_loss = 0.0000, 0.228 seconds/batch
2026-05-06 17:08:21,910 - Epoch 19, Batch 250, lr = 0.00005, aux_scale = 1.000,  final_loss = 4.2048, nll_loss = 4.0832, ref_nll_loss = 4.3265, ivc_loss = 0.0376, neg_loss_1 = 0.0002, neg_loss_2 = 0.0004, ref_loss = 0.0120, div_loss = 0.1229, aux_loss = 0.0000, 0.228 seconds/batch
2026-05-06 17:08:33,309 - Epoch 19, Batch 300, lr = 0.00005, aux_scale = 1.000,  final_loss = 4.2686, nll_loss = 4.1474, ref_nll_loss = 4.3897, ivc_loss = 0.0372, neg_loss_1 = 0.0003, neg_loss_2 = 0.0002, ref_loss = 0.0120, div_loss = 0.1243, aux_loss = 0.0000, 0.228 seconds/batch
2026-05-06 17:08:44,747 - Epoch 19, Batch 350, lr = 0.00005, aux_scale = 1.000,  final_loss = 4.2451, nll_loss = 4.1219, ref_nll_loss = 4.3683, ivc_loss = 0.0333, neg_loss_1 = 0.0005, neg_loss_2 = 0.0000, ref_loss = 0.0100, div_loss = 0.1243, aux_loss = 0.0000, 0.228 seconds/batch
2026-05-06 17:08:56,148 - Epoch 19, Batch 400, lr = 0.00005, aux_scale = 1.000,  final_loss = 4.2332, nll_loss = 4.1111, ref_nll_loss = 4.3553, ivc_loss = 0.0386, neg_loss_1 = 0.0001, neg_loss_2 = 0.0002, ref_loss = 0.0128, div_loss = 0.1249, aux_loss = 0.0000, 0.228 seconds/batch
2026-05-06 17:09:07,617 - Epoch 19, Batch 450, lr = 0.00005, aux_scale = 1.000,  final_loss = 4.2359, nll_loss = 4.1110, ref_nll_loss = 4.3608, ivc_loss = 0.0344, neg_loss_1 = 0.0001, neg_loss_2 = 0.0001, ref_loss = 0.0107, div_loss = 0.1267, aux_loss = 0.0000, 0.228 seconds/batch
2026-05-06 17:09:19,185 - Epoch 19, Batch 500, lr = 0.00005, aux_scale = 1.000,  final_loss = 4.2801, nll_loss = 4.1580, ref_nll_loss = 4.4022, ivc_loss = 0.0346, neg_loss_1 = 0.0003, neg_loss_2 = 0.0001, ref_loss = 0.0108, div_loss = 0.1226, aux_loss = 0.0000, 0.228 seconds/batch
2026-05-06 17:09:30,520 - Epoch 19, Batch 550, lr = 0.00005, aux_scale = 1.000,  final_loss = 4.2532, nll_loss = 4.1319, ref_nll_loss = 4.3746, ivc_loss = 0.0352, neg_loss_1 = 0.0001, neg_loss_2 = 0.0000, ref_loss = 0.0114, div_loss = 0.1223, aux_loss = 0.0000, 0.228 seconds/batch
2026-05-06 17:09:41,854 - Epoch 19, Batch 600, lr = 0.00005, aux_scale = 1.000,  final_loss = 4.2704, nll_loss = 4.1516, ref_nll_loss = 4.3892, ivc_loss = 0.0393, neg_loss_1 = 0.0003, neg_loss_2 = 0.0003, ref_loss = 0.0130, div_loss = 0.1208, aux_loss = 0.0000, 0.228 seconds/batch
2026-05-06 17:09:53,241 - Epoch 19, Batch 650, lr = 0.00005, aux_scale = 1.000,  final_loss = 4.2867, nll_loss = 4.1659, ref_nll_loss = 4.4075, ivc_loss = 0.0360, neg_loss_1 = 0.0004, neg_loss_2 = 0.0001, ref_loss = 0.0115, div_loss = 0.1206, aux_loss = 0.0000, 0.228 seconds/batch
2026-05-06 17:10:04,642 - Epoch 19, Batch 700, lr = 0.00005, aux_scale = 1.000,  final_loss = 4.2731, nll_loss = 4.1494, ref_nll_loss = 4.3968, ivc_loss = 0.0362, neg_loss_1 = 0.0001, neg_loss_2 = 0.0004, ref_loss = 0.0115, div_loss = 0.1219, aux_loss = 0.0000, 0.228 seconds/batch
2026-05-06 17:10:16,105 - Epoch 19, Batch 750, lr = 0.00005, aux_scale = 1.000,  final_loss = 4.2589, nll_loss = 4.1370, ref_nll_loss = 4.3808, ivc_loss = 0.0342, neg_loss_1 = 0.0005, neg_loss_2 = 0.0000, ref_loss = 0.0105, div_loss = 0.1202, aux_loss = 0.0000, 0.228 seconds/batch
2026-05-06 17:10:27,560 - Epoch 19, Batch 800, lr = 0.00005, aux_scale = 1.000,  final_loss = 4.2545, nll_loss = 4.1313, ref_nll_loss = 4.3777, ivc_loss = 0.0384, neg_loss_1 = 0.0006, neg_loss_2 = 0.0004, ref_loss = 0.0121, div_loss = 0.1220, aux_loss = 0.0000, 0.228 seconds/batch
2026-05-06 17:10:39,101 - Epoch 19, Batch 850, lr = 0.00005, aux_scale = 1.000,  final_loss = 4.2821, nll_loss = 4.1642, ref_nll_loss = 4.4000, ivc_loss = 0.0380, neg_loss_1 = 0.0003, neg_loss_2 = 0.0002, ref_loss = 0.0126, div_loss = 0.1201, aux_loss = 0.0000, 0.228 seconds/batch
2026-05-06 17:10:50,633 - Epoch 19, Batch 900, lr = 0.00005, aux_scale = 1.000,  final_loss = 4.2727, nll_loss = 4.1479, ref_nll_loss = 4.3975, ivc_loss = 0.0348, neg_loss_1 = 0.0000, neg_loss_2 = 0.0001, ref_loss = 0.0112, div_loss = 0.1224, aux_loss = 0.0000, 0.228 seconds/batch
2026-05-06 17:11:02,255 - Epoch 19, Batch 950, lr = 0.00005, aux_scale = 1.000,  final_loss = 4.3008, nll_loss = 4.1792, ref_nll_loss = 4.4224, ivc_loss = 0.0354, neg_loss_1 = 0.0003, neg_loss_2 = 0.0000, ref_loss = 0.0113, div_loss = 0.1201, aux_loss = 0.0000, 0.229 seconds/batch
2026-05-06 17:11:13,807 - Epoch 19, Batch 1000, lr = 0.00005, aux_scale = 1.000,  final_loss = 4.2873, nll_loss = 4.1643, ref_nll_loss = 4.4103, ivc_loss = 0.0377, neg_loss_1 = 0.0001, neg_loss_2 = 0.0002, ref_loss = 0.0125, div_loss = 0.1196, aux_loss = 0.0000, 0.229 seconds/batch
2026-05-06 17:11:25,466 - Epoch 19, Batch 1050, lr = 0.00005, aux_scale = 1.000,  final_loss = 4.2914, nll_loss = 4.1719, ref_nll_loss = 4.4110, ivc_loss = 0.0361, neg_loss_1 = 0.0001, neg_loss_2 = 0.0002, ref_loss = 0.0117, div_loss = 0.1195, aux_loss = 0.0000, 0.229 seconds/batch
2026-05-06 17:11:36,911 - Epoch 19, Batch 1100, lr = 0.00005, aux_scale = 1.000,  final_loss = 4.2875, nll_loss = 4.1667, ref_nll_loss = 4.4083, ivc_loss = 0.0393, neg_loss_1 = 0.0003, neg_loss_2 = 0.0001, ref_loss = 0.0133, div_loss = 0.1193, aux_loss = 0.0000, 0.229 seconds/batch
2026-05-06 17:11:48,281 - Epoch 19, Batch 1150, lr = 0.00005, aux_scale = 1.000,  final_loss = 4.2737, nll_loss = 4.1514, ref_nll_loss = 4.3960, ivc_loss = 0.0379, neg_loss_1 = 0.0006, neg_loss_2 = 0.0003, ref_loss = 0.0120, div_loss = 0.1211, aux_loss = 0.0000, 0.229 seconds/batch
2026-05-06 17:11:52,838 - Epoch 19, Batch 1170, lr = 0.00005, aux_scale = 1.000,  final_loss = 4.2854, nll_loss = 4.1606, ref_nll_loss = 4.4101, ivc_loss = 0.0358, neg_loss_1 = 0.0015, neg_loss_2 = 0.0004, ref_loss = 0.0101, div_loss = 0.1179, aux_loss = 0.0000, 0.229 seconds/batch
2026-05-06 17:11:52,899 - save model to checkpoints/activitynet_moe_v3/moe_v3/model-19.pt, num_updates 22230.
2026-05-06 17:13:43,931 - | R@1,mIoU 0.3467 | R@1,IoU@0.1 0.8256 | R@1,IoU@0.3 0.5218 | R@1,IoU@0.5 0.2610 | R@1,IoU@0.7 0.1035 | R@1,IoU@0.9 0.0130 | R@5,mIoU 0.4012 | R@5,IoU@0.1 0.8577 | R@5,IoU@0.3 0.5892 | R@5,IoU@0.5 0.3606 | R@5,IoU@0.7 0.1595 | R@5,IoU@0.9 0.0316 |
2026-05-06 17:13:44,016 - Best results have been updated.
2026-05-06 17:13:44,016 - ============================================================
2026-05-06 17:13:44,016 - Start Epoch 20
2026-05-06 17:13:55,703 - Epoch 20, Batch 50, lr = 0.00005, aux_scale = 1.000,  final_loss = 4.2267, nll_loss = 4.1077, ref_nll_loss = 4.3457, ivc_loss = 0.0363, neg_loss_1 = 0.0001, neg_loss_2 = 0.0003, ref_loss = 0.0116, div_loss = 0.1223, aux_loss = 0.0000, 0.234 seconds/batch
2026-05-06 17:14:06,985 - Epoch 20, Batch 100, lr = 0.00005, aux_scale = 1.000,  final_loss = 4.2255, nll_loss = 4.1062, ref_nll_loss = 4.3448, ivc_loss = 0.0378, neg_loss_1 = 0.0005, neg_loss_2 = 0.0003, ref_loss = 0.0120, div_loss = 0.1222, aux_loss = 0.0000, 0.230 seconds/batch
2026-05-06 17:14:18,349 - Epoch 20, Batch 150, lr = 0.00005, aux_scale = 1.000,  final_loss = 4.2184, nll_loss = 4.0959, ref_nll_loss = 4.3409, ivc_loss = 0.0324, neg_loss_1 = 0.0001, neg_loss_2 = 0.0000, ref_loss = 0.0099, div_loss = 0.1227, aux_loss = 0.0000, 0.229 seconds/batch
2026-05-06 17:14:29,728 - Epoch 20, Batch 200, lr = 0.00005, aux_scale = 1.000,  final_loss = 4.2229, nll_loss = 4.1026, ref_nll_loss = 4.3432, ivc_loss = 0.0379, neg_loss_1 = 0.0004, neg_loss_2 = 0.0001, ref_loss = 0.0123, div_loss = 0.1252, aux_loss = 0.0000, 0.229 seconds/batch
2026-05-06 17:14:41,105 - Epoch 20, Batch 250, lr = 0.00005, aux_scale = 1.000,  final_loss = 4.2413, nll_loss = 4.1191, ref_nll_loss = 4.3635, ivc_loss = 0.0341, neg_loss_1 = 0.0002, neg_loss_2 = 0.0001, ref_loss = 0.0105, div_loss = 0.1233, aux_loss = 0.0000, 0.228 seconds/batch
2026-05-06 17:14:52,374 - Epoch 20, Batch 300, lr = 0.00005, aux_scale = 1.000,  final_loss = 4.2281, nll_loss = 4.1105, ref_nll_loss = 4.3457, ivc_loss = 0.0382, neg_loss_1 = 0.0003, neg_loss_2 = 0.0000, ref_loss = 0.0127, div_loss = 0.1214, aux_loss = 0.0000, 0.228 seconds/batch
2026-05-06 17:15:03,725 - Epoch 20, Batch 350, lr = 0.00005, aux_scale = 1.000,  final_loss = 4.2512, nll_loss = 4.1294, ref_nll_loss = 4.3730, ivc_loss = 0.0375, neg_loss_1 = 0.0001, neg_loss_2 = 0.0003, ref_loss = 0.0123, div_loss = 0.1216, aux_loss = 0.0000, 0.228 seconds/batch
2026-05-06 17:15:15,127 - Epoch 20, Batch 400, lr = 0.00005, aux_scale = 1.000,  final_loss = 4.2422, nll_loss = 4.1205, ref_nll_loss = 4.3640, ivc_loss = 0.0352, neg_loss_1 = 0.0001, neg_loss_2 = 0.0003, ref_loss = 0.0109, div_loss = 0.1261, aux_loss = 0.0000, 0.228 seconds/batch
2026-05-06 17:15:26,479 - Epoch 20, Batch 450, lr = 0.00005, aux_scale = 1.000,  final_loss = 4.2427, nll_loss = 4.1202, ref_nll_loss = 4.3652, ivc_loss = 0.0346, neg_loss_1 = 0.0001, neg_loss_2 = 0.0000, ref_loss = 0.0108, div_loss = 0.1268, aux_loss = 0.0000, 0.228 seconds/batch
2026-05-06 17:15:37,832 - Epoch 20, Batch 500, lr = 0.00005, aux_scale = 1.000,  final_loss = 4.2393, nll_loss = 4.1188, ref_nll_loss = 4.3598, ivc_loss = 0.0378, neg_loss_1 = 0.0002, neg_loss_2 = 0.0000, ref_loss = 0.0123, div_loss = 0.1275, aux_loss = 0.0000, 0.228 seconds/batch
2026-05-06 17:15:49,200 - Epoch 20, Batch 550, lr = 0.00005, aux_scale = 1.000,  final_loss = 4.2323, nll_loss = 4.1061, ref_nll_loss = 4.3585, ivc_loss = 0.0319, neg_loss_1 = 0.0001, neg_loss_2 = 0.0000, ref_loss = 0.0095, div_loss = 0.1266, aux_loss = 0.0000, 0.228 seconds/batch
2026-05-06 17:16:00,602 - Epoch 20, Batch 600, lr = 0.00005, aux_scale = 1.000,  final_loss = 4.2319, nll_loss = 4.1092, ref_nll_loss = 4.3547, ivc_loss = 0.0393, neg_loss_1 = 0.0005, neg_loss_2 = 0.0001, ref_loss = 0.0129, div_loss = 0.1233, aux_loss = 0.0000, 0.228 seconds/batch
2026-05-06 17:16:11,980 - Epoch 20, Batch 650, lr = 0.00005, aux_scale = 1.000,  final_loss = 4.2377, nll_loss = 4.1156, ref_nll_loss = 4.3598, ivc_loss = 0.0407, neg_loss_1 = 0.0002, neg_loss_2 = 0.0002, ref_loss = 0.0137, div_loss = 0.1235, aux_loss = 0.0000, 0.228 seconds/batch
2026-05-06 17:16:23,377 - Epoch 20, Batch 700, lr = 0.00005, aux_scale = 1.000,  final_loss = 4.2059, nll_loss = 4.0836, ref_nll_loss = 4.3282, ivc_loss = 0.0359, neg_loss_1 = 0.0002, neg_loss_2 = 0.0001, ref_loss = 0.0113, div_loss = 0.1260, aux_loss = 0.0000, 0.228 seconds/batch
2026-05-06 17:16:34,811 - Epoch 20, Batch 750, lr = 0.00005, aux_scale = 1.000,  final_loss = 4.2421, nll_loss = 4.1180, ref_nll_loss = 4.3662, ivc_loss = 0.0363, neg_loss_1 = 0.0005, neg_loss_2 = 0.0001, ref_loss = 0.0111, div_loss = 0.1262, aux_loss = 0.0000, 0.228 seconds/batch
2026-05-06 17:16:46,299 - Epoch 20, Batch 800, lr = 0.00005, aux_scale = 1.000,  final_loss = 4.1958, nll_loss = 4.0723, ref_nll_loss = 4.3194, ivc_loss = 0.0369, neg_loss_1 = 0.0003, neg_loss_2 = 0.0001, ref_loss = 0.0117, div_loss = 0.1276, aux_loss = 0.0000, 0.228 seconds/batch
2026-05-06 17:16:57,853 - Epoch 20, Batch 850, lr = 0.00005, aux_scale = 1.000,  final_loss = 4.2688, nll_loss = 4.1435, ref_nll_loss = 4.3940, ivc_loss = 0.0365, neg_loss_1 = 0.0003, neg_loss_2 = 0.0000, ref_loss = 0.0117, div_loss = 0.1255, aux_loss = 0.0000, 0.228 seconds/batch
2026-05-06 17:17:09,367 - Epoch 20, Batch 900, lr = 0.00005, aux_scale = 1.000,  final_loss = 4.2667, nll_loss = 4.1430, ref_nll_loss = 4.3903, ivc_loss = 0.0366, neg_loss_1 = 0.0002, neg_loss_2 = 0.0000, ref_loss = 0.0119, div_loss = 0.1242, aux_loss = 0.0000, 0.228 seconds/batch
2026-05-06 17:17:20,756 - Epoch 20, Batch 950, lr = 0.00005, aux_scale = 1.000,  final_loss = 4.2471, nll_loss = 4.1218, ref_nll_loss = 4.3724, ivc_loss = 0.0380, neg_loss_1 = 0.0002, neg_loss_2 = 0.0001, ref_loss = 0.0125, div_loss = 0.1234, aux_loss = 0.0000, 0.228 seconds/batch
2026-05-06 17:17:32,212 - Epoch 20, Batch 1000, lr = 0.00005, aux_scale = 1.000,  final_loss = 4.2724, nll_loss = 4.1543, ref_nll_loss = 4.3905, ivc_loss = 0.0370, neg_loss_1 = 0.0002, neg_loss_2 = 0.0000, ref_loss = 0.0122, div_loss = 0.1230, aux_loss = 0.0000, 0.228 seconds/batch
2026-05-06 17:17:43,595 - Epoch 20, Batch 1050, lr = 0.00005, aux_scale = 1.000,  final_loss = 4.2123, nll_loss = 4.0887, ref_nll_loss = 4.3359, ivc_loss = 0.0356, neg_loss_1 = 0.0003, neg_loss_2 = 0.0000, ref_loss = 0.0113, div_loss = 0.1224, aux_loss = 0.0000, 0.228 seconds/batch
2026-05-06 17:17:55,000 - Epoch 20, Batch 1100, lr = 0.00005, aux_scale = 1.000,  final_loss = 4.2573, nll_loss = 4.1318, ref_nll_loss = 4.3828, ivc_loss = 0.0323, neg_loss_1 = 0.0005, neg_loss_2 = 0.0000, ref_loss = 0.0096, div_loss = 0.1219, aux_loss = 0.0000, 0.228 seconds/batch
2026-05-06 17:18:06,356 - Epoch 20, Batch 1150, lr = 0.00005, aux_scale = 1.000,  final_loss = 4.2686, nll_loss = 4.1436, ref_nll_loss = 4.3936, ivc_loss = 0.0366, neg_loss_1 = 0.0004, neg_loss_2 = 0.0000, ref_loss = 0.0117, div_loss = 0.1223, aux_loss = 0.0000, 0.228 seconds/batch
2026-05-06 17:18:10,855 - Epoch 20, Batch 1170, lr = 0.00005, aux_scale = 1.000,  final_loss = 4.2586, nll_loss = 4.1357, ref_nll_loss = 4.3816, ivc_loss = 0.0378, neg_loss_1 = 0.0004, neg_loss_2 = 0.0003, ref_loss = 0.0121, div_loss = 0.1205, aux_loss = 0.0000, 0.228 seconds/batch
2026-05-06 17:18:10,913 - save model to checkpoints/activitynet_moe_v3/moe_v3/model-20.pt, num_updates 23400.
2026-05-06 17:20:02,590 - | R@1,mIoU 0.3493 | R@1,IoU@0.1 0.8277 | R@1,IoU@0.3 0.5277 | R@1,IoU@0.5 0.2661 | R@1,IoU@0.7 0.1069 | R@1,IoU@0.9 0.0140 | R@5,mIoU 0.4022 | R@5,IoU@0.1 0.8560 | R@5,IoU@0.3 0.5887 | R@5,IoU@0.5 0.3627 | R@5,IoU@0.7 0.1626 | R@5,IoU@0.9 0.0331 |
2026-05-06 17:20:02,671 - Best results have been updated.
2026-05-06 17:20:02,671 - ============================================================
2026-05-06 17:20:02,672 - Start Epoch 21
2026-05-06 17:20:14,291 - Epoch 21, Batch 50, lr = 0.00005, aux_scale = 1.000,  final_loss = 4.2347, nll_loss = 4.1073, ref_nll_loss = 4.3622, ivc_loss = 0.0344, neg_loss_1 = 0.0003, neg_loss_2 = 0.0002, ref_loss = 0.0106, div_loss = 0.1212, aux_loss = 0.0000, 0.232 seconds/batch
2026-05-06 17:20:25,578 - Epoch 21, Batch 100, lr = 0.00005, aux_scale = 1.000,  final_loss = 4.1836, nll_loss = 4.0602, ref_nll_loss = 4.3070, ivc_loss = 0.0343, neg_loss_1 = 0.0003, neg_loss_2 = 0.0000, ref_loss = 0.0108, div_loss = 0.1213, aux_loss = 0.0000, 0.229 seconds/batch
2026-05-06 17:20:36,910 - Epoch 21, Batch 150, lr = 0.00005, aux_scale = 1.000,  final_loss = 4.2278, nll_loss = 4.1067, ref_nll_loss = 4.3489, ivc_loss = 0.0384, neg_loss_1 = 0.0003, neg_loss_2 = 0.0001, ref_loss = 0.0128, div_loss = 0.1186, aux_loss = 0.0000, 0.228 seconds/batch
2026-05-06 17:20:48,436 - Epoch 21, Batch 200, lr = 0.00005, aux_scale = 1.000,  final_loss = 4.1958, nll_loss = 4.0703, ref_nll_loss = 4.3213, ivc_loss = 0.0331, neg_loss_1 = 0.0002, neg_loss_2 = 0.0002, ref_loss = 0.0101, div_loss = 0.1197, aux_loss = 0.0000, 0.229 seconds/batch
2026-05-06 17:20:59,749 - Epoch 21, Batch 250, lr = 0.00005, aux_scale = 1.000,  final_loss = 4.1998, nll_loss = 4.0770, ref_nll_loss = 4.3225, ivc_loss = 0.0376, neg_loss_1 = 0.0013, neg_loss_2 = 0.0000, ref_loss = 0.0114, div_loss = 0.1222, aux_loss = 0.0000, 0.228 seconds/batch
2026-05-06 17:21:11,118 - Epoch 21, Batch 300, lr = 0.00005, aux_scale = 1.000,  final_loss = 4.2093, nll_loss = 4.0845, ref_nll_loss = 4.3341, ivc_loss = 0.0378, neg_loss_1 = 0.0003, neg_loss_2 = 0.0003, ref_loss = 0.0122, div_loss = 0.1210, aux_loss = 0.0000, 0.228 seconds/batch
2026-05-06 17:21:22,652 - Epoch 21, Batch 350, lr = 0.00005, aux_scale = 1.000,  final_loss = 4.2491, nll_loss = 4.1246, ref_nll_loss = 4.3736, ivc_loss = 0.0348, neg_loss_1 = 0.0004, neg_loss_2 = 0.0001, ref_loss = 0.0108, div_loss = 0.1223, aux_loss = 0.0000, 0.229 seconds/batch
2026-05-06 17:21:34,312 - Epoch 21, Batch 400, lr = 0.00005, aux_scale = 1.000,  final_loss = 4.2343, nll_loss = 4.1069, ref_nll_loss = 4.3618, ivc_loss = 0.0363, neg_loss_1 = 0.0004, neg_loss_2 = 0.0004, ref_loss = 0.0111, div_loss = 0.1243, aux_loss = 0.0000, 0.229 seconds/batch
2026-05-06 17:21:45,766 - Epoch 21, Batch 450, lr = 0.00005, aux_scale = 1.000,  final_loss = 4.2000, nll_loss = 4.0796, ref_nll_loss = 4.3205, ivc_loss = 0.0385, neg_loss_1 = 0.0003, neg_loss_2 = 0.0002, ref_loss = 0.0125, div_loss = 0.1252, aux_loss = 0.0000, 0.229 seconds/batch
2026-05-06 17:21:57,211 - Epoch 21, Batch 500, lr = 0.00005, aux_scale = 1.000,  final_loss = 4.1990, nll_loss = 4.0734, ref_nll_loss = 4.3247, ivc_loss = 0.0351, neg_loss_1 = 0.0006, neg_loss_2 = 0.0001, ref_loss = 0.0106, div_loss = 0.1260, aux_loss = 0.0000, 0.229 seconds/batch
2026-05-06 17:22:08,577 - Epoch 21, Batch 550, lr = 0.00005, aux_scale = 1.000,  final_loss = 4.2348, nll_loss = 4.1099, ref_nll_loss = 4.3596, ivc_loss = 0.0344, neg_loss_1 = 0.0004, neg_loss_2 = 0.0001, ref_loss = 0.0104, div_loss = 0.1262, aux_loss = 0.0000, 0.229 seconds/batch
2026-05-06 17:22:19,984 - Epoch 21, Batch 600, lr = 0.00005, aux_scale = 1.000,  final_loss = 4.2130, nll_loss = 4.0861, ref_nll_loss = 4.3398, ivc_loss = 0.0361, neg_loss_1 = 0.0004, neg_loss_2 = 0.0003, ref_loss = 0.0110, div_loss = 0.1271, aux_loss = 0.0000, 0.229 seconds/batch
2026-05-06 17:22:31,369 - Epoch 21, Batch 650, lr = 0.00005, aux_scale = 1.000,  final_loss = 4.2047, nll_loss = 4.0812, ref_nll_loss = 4.3283, ivc_loss = 0.0389, neg_loss_1 = 0.0001, neg_loss_2 = 0.0000, ref_loss = 0.0132, div_loss = 0.1234, aux_loss = 0.0000, 0.229 seconds/batch
2026-05-06 17:22:42,927 - Epoch 21, Batch 700, lr = 0.00005, aux_scale = 1.000,  final_loss = 4.1866, nll_loss = 4.0624, ref_nll_loss = 4.3108, ivc_loss = 0.0339, neg_loss_1 = 0.0003, neg_loss_2 = 0.0000, ref_loss = 0.0105, div_loss = 0.1234, aux_loss = 0.0000, 0.229 seconds/batch
2026-05-06 17:22:54,419 - Epoch 21, Batch 750, lr = 0.00005, aux_scale = 1.000,  final_loss = 4.2316, nll_loss = 4.1074, ref_nll_loss = 4.3558, ivc_loss = 0.0361, neg_loss_1 = 0.0001, neg_loss_2 = 0.0001, ref_loss = 0.0118, div_loss = 0.1213, aux_loss = 0.0000, 0.229 seconds/batch
2026-05-06 17:23:05,882 - Epoch 21, Batch 800, lr = 0.00005, aux_scale = 1.000,  final_loss = 4.1915, nll_loss = 4.0660, ref_nll_loss = 4.3169, ivc_loss = 0.0393, neg_loss_1 = 0.0005, neg_loss_2 = 0.0001, ref_loss = 0.0129, div_loss = 0.1224, aux_loss = 0.0000, 0.229 seconds/batch
2026-05-06 17:23:17,299 - Epoch 21, Batch 850, lr = 0.00005, aux_scale = 1.000,  final_loss = 4.2710, nll_loss = 4.1481, ref_nll_loss = 4.3939, ivc_loss = 0.0365, neg_loss_1 = 0.0004, neg_loss_2 = 0.0001, ref_loss = 0.0116, div_loss = 0.1237, aux_loss = 0.0000, 0.229 seconds/batch
2026-05-06 17:23:28,663 - Epoch 21, Batch 900, lr = 0.00005, aux_scale = 1.000,  final_loss = 4.2134, nll_loss = 4.0871, ref_nll_loss = 4.3397, ivc_loss = 0.0339, neg_loss_1 = 0.0002, neg_loss_2 = 0.0000, ref_loss = 0.0104, div_loss = 0.1258, aux_loss = 0.0000, 0.229 seconds/batch
2026-05-06 17:23:40,024 - Epoch 21, Batch 950, lr = 0.00005, aux_scale = 1.000,  final_loss = 4.2221, nll_loss = 4.0944, ref_nll_loss = 4.3498, ivc_loss = 0.0375, neg_loss_1 = 0.0007, neg_loss_2 = 0.0001, ref_loss = 0.0118, div_loss = 0.1250, aux_loss = 0.0000, 0.229 seconds/batch
2026-05-06 17:23:51,412 - Epoch 21, Batch 1000, lr = 0.00005, aux_scale = 1.000,  final_loss = 4.2292, nll_loss = 4.1019, ref_nll_loss = 4.3566, ivc_loss = 0.0345, neg_loss_1 = 0.0002, neg_loss_2 = 0.0002, ref_loss = 0.0107, div_loss = 0.1230, aux_loss = 0.0000, 0.229 seconds/batch
2026-05-06 17:24:02,787 - Epoch 21, Batch 1050, lr = 0.00005, aux_scale = 1.000,  final_loss = 4.2332, nll_loss = 4.1094, ref_nll_loss = 4.3571, ivc_loss = 0.0354, neg_loss_1 = 0.0001, neg_loss_2 = 0.0000, ref_loss = 0.0115, div_loss = 0.1210, aux_loss = 0.0000, 0.229 seconds/batch
2026-05-06 17:24:14,168 - Epoch 21, Batch 1100, lr = 0.00005, aux_scale = 1.000,  final_loss = 4.2293, nll_loss = 4.1046, ref_nll_loss = 4.3540, ivc_loss = 0.0336, neg_loss_1 = 0.0003, neg_loss_2 = 0.0001, ref_loss = 0.0102, div_loss = 0.1230, aux_loss = 0.0000, 0.229 seconds/batch
2026-05-06 17:24:25,533 - Epoch 21, Batch 1150, lr = 0.00005, aux_scale = 1.000,  final_loss = 4.2069, nll_loss = 4.0815, ref_nll_loss = 4.3324, ivc_loss = 0.0365, neg_loss_1 = 0.0002, neg_loss_2 = 0.0000, ref_loss = 0.0117, div_loss = 0.1270, aux_loss = 0.0000, 0.229 seconds/batch
2026-05-06 17:24:30,046 - Epoch 21, Batch 1170, lr = 0.00005, aux_scale = 1.000,  final_loss = 4.2352, nll_loss = 4.1117, ref_nll_loss = 4.3588, ivc_loss = 0.0365, neg_loss_1 = 0.0000, neg_loss_2 = 0.0000, ref_loss = 0.0117, div_loss = 0.1299, aux_loss = 0.0000, 0.229 seconds/batch
2026-05-06 17:24:30,103 - save model to checkpoints/activitynet_moe_v3/moe_v3/model-21.pt, num_updates 24570.
2026-05-06 17:26:22,080 - | R@1,mIoU 0.3416 | R@1,IoU@0.1 0.8153 | R@1,IoU@0.3 0.5134 | R@1,IoU@0.5 0.2618 | R@1,IoU@0.7 0.1009 | R@1,IoU@0.9 0.0099 | R@5,mIoU 0.3944 | R@5,IoU@0.1 0.8500 | R@5,IoU@0.3 0.5789 | R@5,IoU@0.5 0.3483 | R@5,IoU@0.7 0.1542 | R@5,IoU@0.9 0.0279 |
2026-05-06 17:26:22,080 - ============================================================
2026-05-06 17:26:22,080 - Start Epoch 22
2026-05-06 17:26:33,677 - Epoch 22, Batch 50, lr = 0.00005, aux_scale = 1.000,  final_loss = 4.1856, nll_loss = 4.0588, ref_nll_loss = 4.3123, ivc_loss = 0.0337, neg_loss_1 = 0.0001, neg_loss_2 = 0.0000, ref_loss = 0.0102, div_loss = 0.1299, aux_loss = 0.0000, 0.232 seconds/batch
2026-05-06 17:26:44,952 - Epoch 22, Batch 100, lr = 0.00005, aux_scale = 1.000,  final_loss = 4.2171, nll_loss = 4.0920, ref_nll_loss = 4.3421, ivc_loss = 0.0340, neg_loss_1 = 0.0001, neg_loss_2 = 0.0000, ref_loss = 0.0106, div_loss = 0.1256, aux_loss = 0.0000, 0.229 seconds/batch
2026-05-06 17:26:56,233 - Epoch 22, Batch 150, lr = 0.00005, aux_scale = 1.000,  final_loss = 4.2101, nll_loss = 4.0812, ref_nll_loss = 4.3391, ivc_loss = 0.0328, neg_loss_1 = 0.0001, neg_loss_2 = 0.0000, ref_loss = 0.0101, div_loss = 0.1247, aux_loss = 0.0000, 0.228 seconds/batch
2026-05-06 17:27:07,685 - Epoch 22, Batch 200, lr = 0.00005, aux_scale = 1.000,  final_loss = 4.1953, nll_loss = 4.0707, ref_nll_loss = 4.3199, ivc_loss = 0.0361, neg_loss_1 = 0.0004, neg_loss_2 = 0.0001, ref_loss = 0.0113, div_loss = 0.1263, aux_loss = 0.0000, 0.228 seconds/batch
2026-05-06 17:27:19,210 - Epoch 22, Batch 250, lr = 0.00005, aux_scale = 1.000,  final_loss = 4.1843, nll_loss = 4.0569, ref_nll_loss = 4.3117, ivc_loss = 0.0360, neg_loss_1 = 0.0004, neg_loss_2 = 0.0000, ref_loss = 0.0112, div_loss = 0.1276, aux_loss = 0.0000, 0.229 seconds/batch
2026-05-06 17:27:30,645 - Epoch 22, Batch 300, lr = 0.00005, aux_scale = 1.000,  final_loss = 4.1883, nll_loss = 4.0642, ref_nll_loss = 4.3124, ivc_loss = 0.0380, neg_loss_1 = 0.0003, neg_loss_2 = 0.0000, ref_loss = 0.0125, div_loss = 0.1244, aux_loss = 0.0000, 0.229 seconds/batch
2026-05-06 17:27:41,993 - Epoch 22, Batch 350, lr = 0.00005, aux_scale = 1.000,  final_loss = 4.2316, nll_loss = 4.1068, ref_nll_loss = 4.3564, ivc_loss = 0.0332, neg_loss_1 = 0.0001, neg_loss_2 = 0.0001, ref_loss = 0.0103, div_loss = 0.1243, aux_loss = 0.0000, 0.228 seconds/batch
2026-05-06 17:27:53,467 - Epoch 22, Batch 400, lr = 0.00005, aux_scale = 1.000,  final_loss = 4.1860, nll_loss = 4.0567, ref_nll_loss = 4.3153, ivc_loss = 0.0335, neg_loss_1 = 0.0004, neg_loss_2 = 0.0000, ref_loss = 0.0102, div_loss = 0.1226, aux_loss = 0.0000, 0.228 seconds/batch
2026-05-06 17:28:05,097 - Epoch 22, Batch 450, lr = 0.00005, aux_scale = 1.000,  final_loss = 4.2053, nll_loss = 4.0812, ref_nll_loss = 4.3295, ivc_loss = 0.0354, neg_loss_1 = 0.0002, neg_loss_2 = 0.0000, ref_loss = 0.0112, div_loss = 0.1260, aux_loss = 0.0000, 0.229 seconds/batch
2026-05-06 17:28:16,457 - Epoch 22, Batch 500, lr = 0.00005, aux_scale = 1.000,  final_loss = 4.2144, nll_loss = 4.0910, ref_nll_loss = 4.3379, ivc_loss = 0.0373, neg_loss_1 = 0.0002, neg_loss_2 = 0.0001, ref_loss = 0.0121, div_loss = 0.1253, aux_loss = 0.0000, 0.229 seconds/batch
2026-05-06 17:28:27,928 - Epoch 22, Batch 550, lr = 0.00005, aux_scale = 1.000,  final_loss = 4.2166, nll_loss = 4.0905, ref_nll_loss = 4.3428, ivc_loss = 0.0346, neg_loss_1 = 0.0001, neg_loss_2 = 0.0000, ref_loss = 0.0110, div_loss = 0.1250, aux_loss = 0.0000, 0.229 seconds/batch
2026-05-06 17:28:39,431 - Epoch 22, Batch 600, lr = 0.00005, aux_scale = 1.000,  final_loss = 4.1586, nll_loss = 4.0331, ref_nll_loss = 4.2842, ivc_loss = 0.0340, neg_loss_1 = 0.0004, neg_loss_2 = 0.0002, ref_loss = 0.0102, div_loss = 0.1252, aux_loss = 0.0000, 0.229 seconds/batch
2026-05-06 17:28:50,788 - Epoch 22, Batch 650, lr = 0.00005, aux_scale = 1.000,  final_loss = 4.1863, nll_loss = 4.0580, ref_nll_loss = 4.3146, ivc_loss = 0.0340, neg_loss_1 = 0.0003, neg_loss_2 = 0.0000, ref_loss = 0.0104, div_loss = 0.1252, aux_loss = 0.0000, 0.229 seconds/batch
2026-05-06 17:29:02,193 - Epoch 22, Batch 700, lr = 0.00005, aux_scale = 1.000,  final_loss = 4.1899, nll_loss = 4.0626, ref_nll_loss = 4.3171, ivc_loss = 0.0361, neg_loss_1 = 0.0003, neg_loss_2 = 0.0001, ref_loss = 0.0116, div_loss = 0.1226, aux_loss = 0.0000, 0.229 seconds/batch
2026-05-06 17:29:13,549 - Epoch 22, Batch 750, lr = 0.00005, aux_scale = 1.000,  final_loss = 4.1996, nll_loss = 4.0704, ref_nll_loss = 4.3288, ivc_loss = 0.0324, neg_loss_1 = 0.0001, neg_loss_2 = 0.0002, ref_loss = 0.0096, div_loss = 0.1240, aux_loss = 0.0000, 0.229 seconds/batch
2026-05-06 17:29:24,932 - Epoch 22, Batch 800, lr = 0.00005, aux_scale = 1.000,  final_loss = 4.1807, nll_loss = 4.0553, ref_nll_loss = 4.3061, ivc_loss = 0.0350, neg_loss_1 = 0.0004, neg_loss_2 = 0.0003, ref_loss = 0.0108, div_loss = 0.1210, aux_loss = 0.0000, 0.229 seconds/batch
2026-05-06 17:29:36,429 - Epoch 22, Batch 850, lr = 0.00005, aux_scale = 1.000,  final_loss = 4.2428, nll_loss = 4.1162, ref_nll_loss = 4.3694, ivc_loss = 0.0361, neg_loss_1 = 0.0002, neg_loss_2 = 0.0001, ref_loss = 0.0116, div_loss = 0.1227, aux_loss = 0.0000, 0.229 seconds/batch
2026-05-06 17:29:47,805 - Epoch 22, Batch 900, lr = 0.00005, aux_scale = 1.000,  final_loss = 4.1955, nll_loss = 4.0711, ref_nll_loss = 4.3200, ivc_loss = 0.0383, neg_loss_1 = 0.0005, neg_loss_2 = 0.0001, ref_loss = 0.0124, div_loss = 0.1231, aux_loss = 0.0000, 0.229 seconds/batch
2026-05-06 17:29:59,164 - Epoch 22, Batch 950, lr = 0.00005, aux_scale = 1.000,  final_loss = 4.1817, nll_loss = 4.0554, ref_nll_loss = 4.3080, ivc_loss = 0.0337, neg_loss_1 = 0.0005, neg_loss_2 = 0.0000, ref_loss = 0.0102, div_loss = 0.1235, aux_loss = 0.0000, 0.229 seconds/batch
2026-05-06 17:30:10,566 - Epoch 22, Batch 1000, lr = 0.00005, aux_scale = 1.000,  final_loss = 4.2409, nll_loss = 4.1134, ref_nll_loss = 4.3684, ivc_loss = 0.0367, neg_loss_1 = 0.0007, neg_loss_2 = 0.0001, ref_loss = 0.0113, div_loss = 0.1245, aux_loss = 0.0000, 0.228 seconds/batch
2026-05-06 17:30:22,034 - Epoch 22, Batch 1050, lr = 0.00005, aux_scale = 1.000,  final_loss = 4.1965, nll_loss = 4.0676, ref_nll_loss = 4.3254, ivc_loss = 0.0343, neg_loss_1 = 0.0002, neg_loss_2 = 0.0000, ref_loss = 0.0106, div_loss = 0.1259, aux_loss = 0.0000, 0.229 seconds/batch
2026-05-06 17:30:33,536 - Epoch 22, Batch 1100, lr = 0.00005, aux_scale = 1.000,  final_loss = 4.1967, nll_loss = 4.0697, ref_nll_loss = 4.3238, ivc_loss = 0.0350, neg_loss_1 = 0.0002, neg_loss_2 = 0.0000, ref_loss = 0.0109, div_loss = 0.1285, aux_loss = 0.0000, 0.229 seconds/batch
2026-05-06 17:30:44,931 - Epoch 22, Batch 1150, lr = 0.00005, aux_scale = 1.000,  final_loss = 4.2143, nll_loss = 4.0861, ref_nll_loss = 4.3424, ivc_loss = 0.0350, neg_loss_1 = 0.0002, neg_loss_2 = 0.0001, ref_loss = 0.0109, div_loss = 0.1271, aux_loss = 0.0000, 0.229 seconds/batch
2026-05-06 17:30:49,439 - Epoch 22, Batch 1170, lr = 0.00005, aux_scale = 1.000,  final_loss = 4.1890, nll_loss = 4.0638, ref_nll_loss = 4.3141, ivc_loss = 0.0366, neg_loss_1 = 0.0001, neg_loss_2 = 0.0000, ref_loss = 0.0118, div_loss = 0.1258, aux_loss = 0.0000, 0.229 seconds/batch
2026-05-06 17:30:49,497 - save model to checkpoints/activitynet_moe_v3/moe_v3/model-22.pt, num_updates 25740.
2026-05-06 17:32:41,592 - | R@1,mIoU 0.3467 | R@1,IoU@0.1 0.8250 | R@1,IoU@0.3 0.5232 | R@1,IoU@0.5 0.2628 | R@1,IoU@0.7 0.1029 | R@1,IoU@0.9 0.0128 | R@5,mIoU 0.3989 | R@5,IoU@0.1 0.8541 | R@5,IoU@0.3 0.5844 | R@5,IoU@0.5 0.3579 | R@5,IoU@0.7 0.1592 | R@5,IoU@0.9 0.0305 |
2026-05-06 17:32:41,592 - ============================================================
2026-05-06 17:32:41,592 - Start Epoch 23
2026-05-06 17:32:53,245 - Epoch 23, Batch 50, lr = 0.00005, aux_scale = 1.000,  final_loss = 4.1586, nll_loss = 4.0356, ref_nll_loss = 4.2815, ivc_loss = 0.0365, neg_loss_1 = 0.0001, neg_loss_2 = 0.0000, ref_loss = 0.0118, div_loss = 0.1253, aux_loss = 0.0000, 0.233 seconds/batch
2026-05-06 17:33:04,498 - Epoch 23, Batch 100, lr = 0.00005, aux_scale = 1.000,  final_loss = 4.1859, nll_loss = 4.0613, ref_nll_loss = 4.3104, ivc_loss = 0.0378, neg_loss_1 = 0.0004, neg_loss_2 = 0.0002, ref_loss = 0.0121, div_loss = 0.1257, aux_loss = 0.0000, 0.229 seconds/batch
2026-05-06 17:33:15,787 - Epoch 23, Batch 150, lr = 0.00005, aux_scale = 1.000,  final_loss = 4.1845, nll_loss = 4.0592, ref_nll_loss = 4.3098, ivc_loss = 0.0355, neg_loss_1 = 0.0002, neg_loss_2 = 0.0000, ref_loss = 0.0113, div_loss = 0.1262, aux_loss = 0.0000, 0.228 seconds/batch
2026-05-06 17:33:27,293 - Epoch 23, Batch 200, lr = 0.00005, aux_scale = 1.000,  final_loss = 4.1576, nll_loss = 4.0342, ref_nll_loss = 4.2811, ivc_loss = 0.0351, neg_loss_1 = 0.0005, neg_loss_2 = 0.0000, ref_loss = 0.0108, div_loss = 0.1244, aux_loss = 0.0000, 0.229 seconds/batch
2026-05-06 17:33:38,855 - Epoch 23, Batch 250, lr = 0.00005, aux_scale = 1.000,  final_loss = 4.2077, nll_loss = 4.0828, ref_nll_loss = 4.3327, ivc_loss = 0.0350, neg_loss_1 = 0.0002, neg_loss_2 = 0.0000, ref_loss = 0.0112, div_loss = 0.1228, aux_loss = 0.0000, 0.229 seconds/batch
2026-05-06 17:33:50,414 - Epoch 23, Batch 300, lr = 0.00005, aux_scale = 1.000,  final_loss = 4.1572, nll_loss = 4.0318, ref_nll_loss = 4.2827, ivc_loss = 0.0341, neg_loss_1 = 0.0000, neg_loss_2 = 0.0001, ref_loss = 0.0107, div_loss = 0.1248, aux_loss = 0.0000, 0.229 seconds/batch
2026-05-06 17:34:01,847 - Epoch 23, Batch 350, lr = 0.00005, aux_scale = 1.000,  final_loss = 4.1841, nll_loss = 4.0546, ref_nll_loss = 4.3135, ivc_loss = 0.0328, neg_loss_1 = 0.0002, neg_loss_2 = 0.0001, ref_loss = 0.0100, div_loss = 0.1229, aux_loss = 0.0000, 0.229 seconds/batch
2026-05-06 17:34:13,339 - Epoch 23, Batch 400, lr = 0.00005, aux_scale = 1.000,  final_loss = 4.1842, nll_loss = 4.0565, ref_nll_loss = 4.3119, ivc_loss = 0.0331, neg_loss_1 = 0.0004, neg_loss_2 = 0.0000, ref_loss = 0.0099, div_loss = 0.1245, aux_loss = 0.0000, 0.229 seconds/batch
2026-05-06 17:34:24,735 - Epoch 23, Batch 450, lr = 0.00005, aux_scale = 1.000,  final_loss = 4.1738, nll_loss = 4.0456, ref_nll_loss = 4.3019, ivc_loss = 0.0350, neg_loss_1 = 0.0001, neg_loss_2 = 0.0000, ref_loss = 0.0111, div_loss = 0.1241, aux_loss = 0.0000, 0.229 seconds/batch
2026-05-06 17:34:36,197 - Epoch 23, Batch 500, lr = 0.00005, aux_scale = 1.000,  final_loss = 4.1251, nll_loss = 3.9960, ref_nll_loss = 4.2542, ivc_loss = 0.0340, neg_loss_1 = 0.0003, neg_loss_2 = 0.0000, ref_loss = 0.0104, div_loss = 0.1251, aux_loss = 0.0000, 0.229 seconds/batch
2026-05-06 17:34:47,601 - Epoch 23, Batch 550, lr = 0.00005, aux_scale = 1.000,  final_loss = 4.1805, nll_loss = 4.0536, ref_nll_loss = 4.3074, ivc_loss = 0.0367, neg_loss_1 = 0.0003, neg_loss_2 = 0.0001, ref_loss = 0.0118, div_loss = 0.1233, aux_loss = 0.0000, 0.229 seconds/batch
2026-05-06 17:34:58,962 - Epoch 23, Batch 600, lr = 0.00005, aux_scale = 1.000,  final_loss = 4.1727, nll_loss = 4.0454, ref_nll_loss = 4.3001, ivc_loss = 0.0356, neg_loss_1 = 0.0006, neg_loss_2 = 0.0003, ref_loss = 0.0106, div_loss = 0.1248, aux_loss = 0.0000, 0.229 seconds/batch
2026-05-06 17:35:10,324 - Epoch 23, Batch 650, lr = 0.00005, aux_scale = 1.000,  final_loss = 4.2134, nll_loss = 4.0863, ref_nll_loss = 4.3405, ivc_loss = 0.0348, neg_loss_1 = 0.0005, neg_loss_2 = 0.0000, ref_loss = 0.0106, div_loss = 0.1250, aux_loss = 0.0000, 0.229 seconds/batch
2026-05-06 17:35:21,631 - Epoch 23, Batch 700, lr = 0.00005, aux_scale = 1.000,  final_loss = 4.1786, nll_loss = 4.0495, ref_nll_loss = 4.3076, ivc_loss = 0.0342, neg_loss_1 = 0.0004, neg_loss_2 = 0.0001, ref_loss = 0.0103, div_loss = 0.1262, aux_loss = 0.0000, 0.229 seconds/batch
2026-05-06 17:35:32,967 - Epoch 23, Batch 750, lr = 0.00005, aux_scale = 1.000,  final_loss = 4.1705, nll_loss = 4.0428, ref_nll_loss = 4.2982, ivc_loss = 0.0348, neg_loss_1 = 0.0006, neg_loss_2 = 0.0000, ref_loss = 0.0104, div_loss = 0.1268, aux_loss = 0.0000, 0.228 seconds/batch
2026-05-06 17:35:44,306 - Epoch 23, Batch 800, lr = 0.00005, aux_scale = 1.000,  final_loss = 4.1964, nll_loss = 4.0704, ref_nll_loss = 4.3224, ivc_loss = 0.0351, neg_loss_1 = 0.0000, neg_loss_2 = 0.0000, ref_loss = 0.0111, div_loss = 0.1261, aux_loss = 0.0000, 0.228 seconds/batch
2026-05-06 17:35:55,674 - Epoch 23, Batch 850, lr = 0.00005, aux_scale = 1.000,  final_loss = 4.1640, nll_loss = 4.0350, ref_nll_loss = 4.2930, ivc_loss = 0.0342, neg_loss_1 = 0.0004, neg_loss_2 = 0.0001, ref_loss = 0.0103, div_loss = 0.1257, aux_loss = 0.0000, 0.228 seconds/batch
2026-05-06 17:36:07,037 - Epoch 23, Batch 900, lr = 0.00005, aux_scale = 1.000,  final_loss = 4.1626, nll_loss = 4.0355, ref_nll_loss = 4.2897, ivc_loss = 0.0370, neg_loss_1 = 0.0003, neg_loss_2 = 0.0004, ref_loss = 0.0115, div_loss = 0.1244, aux_loss = 0.0000, 0.228 seconds/batch
2026-05-06 17:36:18,394 - Epoch 23, Batch 950, lr = 0.00005, aux_scale = 1.000,  final_loss = 4.1699, nll_loss = 4.0423, ref_nll_loss = 4.2975, ivc_loss = 0.0322, neg_loss_1 = 0.0004, neg_loss_2 = 0.0000, ref_loss = 0.0095, div_loss = 0.1244, aux_loss = 0.0000, 0.228 seconds/batch
2026-05-06 17:36:29,840 - Epoch 23, Batch 1000, lr = 0.00005, aux_scale = 1.000,  final_loss = 4.1998, nll_loss = 4.0721, ref_nll_loss = 4.3275, ivc_loss = 0.0337, neg_loss_1 = 0.0001, neg_loss_2 = 0.0000, ref_loss = 0.0106, div_loss = 0.1234, aux_loss = 0.0000, 0.228 seconds/batch
2026-05-06 17:36:41,222 - Epoch 23, Batch 1050, lr = 0.00005, aux_scale = 1.000,  final_loss = 4.1975, nll_loss = 4.0697, ref_nll_loss = 4.3254, ivc_loss = 0.0363, neg_loss_1 = 0.0003, neg_loss_2 = 0.0001, ref_loss = 0.0118, div_loss = 0.1204, aux_loss = 0.0000, 0.228 seconds/batch
2026-05-06 17:36:52,627 - Epoch 23, Batch 1100, lr = 0.00005, aux_scale = 1.000,  final_loss = 4.1786, nll_loss = 4.0515, ref_nll_loss = 4.3058, ivc_loss = 0.0363, neg_loss_1 = 0.0004, neg_loss_2 = 0.0003, ref_loss = 0.0114, div_loss = 0.1218, aux_loss = 0.0000, 0.228 seconds/batch
2026-05-06 17:37:04,041 - Epoch 23, Batch 1150, lr = 0.00005, aux_scale = 1.000,  final_loss = 4.2152, nll_loss = 4.0886, ref_nll_loss = 4.3419, ivc_loss = 0.0352, neg_loss_1 = 0.0002, neg_loss_2 = 0.0000, ref_loss = 0.0113, div_loss = 0.1217, aux_loss = 0.0000, 0.228 seconds/batch
2026-05-06 17:37:08,574 - Epoch 23, Batch 1170, lr = 0.00005, aux_scale = 1.000,  final_loss = 4.2347, nll_loss = 4.1086, ref_nll_loss = 4.3608, ivc_loss = 0.0343, neg_loss_1 = 0.0009, neg_loss_2 = 0.0002, ref_loss = 0.0101, div_loss = 0.1190, aux_loss = 0.0000, 0.228 seconds/batch
2026-05-06 17:37:08,637 - save model to checkpoints/activitynet_moe_v3/moe_v3/model-23.pt, num_updates 26910.
2026-05-06 17:38:59,803 - | R@1,mIoU 0.3477 | R@1,IoU@0.1 0.8260 | R@1,IoU@0.3 0.5239 | R@1,IoU@0.5 0.2630 | R@1,IoU@0.7 0.1029 | R@1,IoU@0.9 0.0137 | R@5,mIoU 0.4010 | R@5,IoU@0.1 0.8554 | R@5,IoU@0.3 0.5882 | R@5,IoU@0.5 0.3635 | R@5,IoU@0.7 0.1600 | R@5,IoU@0.9 0.0298 |
2026-05-06 17:38:59,803 - ============================================================
2026-05-06 17:38:59,803 - Start Epoch 24
2026-05-06 17:39:11,415 - Epoch 24, Batch 50, lr = 0.00005, aux_scale = 1.000,  final_loss = 4.1478, nll_loss = 4.0204, ref_nll_loss = 4.2753, ivc_loss = 0.0342, neg_loss_1 = 0.0001, neg_loss_2 = 0.0000, ref_loss = 0.0108, div_loss = 0.1240, aux_loss = 0.0000, 0.232 seconds/batch
2026-05-06 17:39:22,715 - Epoch 24, Batch 100, lr = 0.00005, aux_scale = 1.000,  final_loss = 4.1450, nll_loss = 4.0130, ref_nll_loss = 4.2770, ivc_loss = 0.0349, neg_loss_1 = 0.0005, neg_loss_2 = 0.0000, ref_loss = 0.0107, div_loss = 0.1243, aux_loss = 0.0000, 0.229 seconds/batch
2026-05-06 17:39:34,062 - Epoch 24, Batch 150, lr = 0.00005, aux_scale = 1.000,  final_loss = 4.1302, nll_loss = 4.0021, ref_nll_loss = 4.2582, ivc_loss = 0.0356, neg_loss_1 = 0.0009, neg_loss_2 = 0.0001, ref_loss = 0.0107, div_loss = 0.1224, aux_loss = 0.0000, 0.228 seconds/batch
2026-05-06 17:39:45,524 - Epoch 24, Batch 200, lr = 0.00005, aux_scale = 1.000,  final_loss = 4.1419, nll_loss = 4.0134, ref_nll_loss = 4.2705, ivc_loss = 0.0330, neg_loss_1 = 0.0003, neg_loss_2 = 0.0001, ref_loss = 0.0099, div_loss = 0.1238, aux_loss = 0.0000, 0.229 seconds/batch
2026-05-06 17:39:56,819 - Epoch 24, Batch 250, lr = 0.00005, aux_scale = 1.000,  final_loss = 4.1596, nll_loss = 4.0308, ref_nll_loss = 4.2883, ivc_loss = 0.0333, neg_loss_1 = 0.0001, neg_loss_2 = 0.0003, ref_loss = 0.0100, div_loss = 0.1263, aux_loss = 0.0000, 0.228 seconds/batch
2026-05-06 17:40:08,135 - Epoch 24, Batch 300, lr = 0.00005, aux_scale = 1.000,  final_loss = 4.1556, nll_loss = 4.0289, ref_nll_loss = 4.2824, ivc_loss = 0.0348, neg_loss_1 = 0.0004, neg_loss_2 = 0.0001, ref_loss = 0.0106, div_loss = 0.1261, aux_loss = 0.0000, 0.228 seconds/batch
2026-05-06 17:40:19,431 - Epoch 24, Batch 350, lr = 0.00005, aux_scale = 1.000,  final_loss = 4.0903, nll_loss = 3.9602, ref_nll_loss = 4.2204, ivc_loss = 0.0334, neg_loss_1 = 0.0004, neg_loss_2 = 0.0001, ref_loss = 0.0099, div_loss = 0.1253, aux_loss = 0.0000, 0.228 seconds/batch
2026-05-06 17:40:30,764 - Epoch 24, Batch 400, lr = 0.00005, aux_scale = 1.000,  final_loss = 4.1193, nll_loss = 3.9912, ref_nll_loss = 4.2474, ivc_loss = 0.0354, neg_loss_1 = 0.0003, neg_loss_2 = 0.0000, ref_loss = 0.0112, div_loss = 0.1217, aux_loss = 0.0000, 0.227 seconds/batch
2026-05-06 17:40:42,138 - Epoch 24, Batch 450, lr = 0.00005, aux_scale = 1.000,  final_loss = 4.1618, nll_loss = 4.0281, ref_nll_loss = 4.2954, ivc_loss = 0.0321, neg_loss_1 = 0.0004, neg_loss_2 = 0.0000, ref_loss = 0.0095, div_loss = 0.1221, aux_loss = 0.0000, 0.227 seconds/batch
2026-05-06 17:40:53,544 - Epoch 24, Batch 500, lr = 0.00005, aux_scale = 1.000,  final_loss = 4.1589, nll_loss = 4.0295, ref_nll_loss = 4.2883, ivc_loss = 0.0340, neg_loss_1 = 0.0004, neg_loss_2 = 0.0000, ref_loss = 0.0103, div_loss = 0.1235, aux_loss = 0.0000, 0.227 seconds/batch
2026-05-06 17:41:04,963 - Epoch 24, Batch 550, lr = 0.00005, aux_scale = 1.000,  final_loss = 4.1752, nll_loss = 4.0483, ref_nll_loss = 4.3022, ivc_loss = 0.0357, neg_loss_1 = 0.0001, neg_loss_2 = 0.0001, ref_loss = 0.0113, div_loss = 0.1276, aux_loss = 0.0000, 0.228 seconds/batch
2026-05-06 17:41:16,391 - Epoch 24, Batch 600, lr = 0.00005, aux_scale = 1.000,  final_loss = 4.2234, nll_loss = 4.0969, ref_nll_loss = 4.3499, ivc_loss = 0.0362, neg_loss_1 = 0.0001, neg_loss_2 = 0.0001, ref_loss = 0.0116, div_loss = 0.1268, aux_loss = 0.0000, 0.228 seconds/batch
2026-05-06 17:41:27,745 - Epoch 24, Batch 650, lr = 0.00005, aux_scale = 1.000,  final_loss = 4.1681, nll_loss = 4.0387, ref_nll_loss = 4.2975, ivc_loss = 0.0363, neg_loss_1 = 0.0003, neg_loss_2 = 0.0002, ref_loss = 0.0114, div_loss = 0.1254, aux_loss = 0.0000, 0.228 seconds/batch
2026-05-06 17:41:39,061 - Epoch 24, Batch 700, lr = 0.00005, aux_scale = 1.000,  final_loss = 4.1837, nll_loss = 4.0545, ref_nll_loss = 4.3130, ivc_loss = 0.0321, neg_loss_1 = 0.0002, neg_loss_2 = 0.0003, ref_loss = 0.0092, div_loss = 0.1251, aux_loss = 0.0000, 0.228 seconds/batch
2026-05-06 17:41:50,434 - Epoch 24, Batch 750, lr = 0.00005, aux_scale = 1.000,  final_loss = 4.1372, nll_loss = 4.0077, ref_nll_loss = 4.2668, ivc_loss = 0.0347, neg_loss_1 = 0.0003, neg_loss_2 = 0.0000, ref_loss = 0.0107, div_loss = 0.1259, aux_loss = 0.0000, 0.228 seconds/batch
2026-05-06 17:42:01,934 - Epoch 24, Batch 800, lr = 0.00005, aux_scale = 1.000,  final_loss = 4.1498, nll_loss = 4.0218, ref_nll_loss = 4.2777, ivc_loss = 0.0359, neg_loss_1 = 0.0004, neg_loss_2 = 0.0001, ref_loss = 0.0112, div_loss = 0.1237, aux_loss = 0.0000, 0.228 seconds/batch
2026-05-06 17:42:13,402 - Epoch 24, Batch 850, lr = 0.00005, aux_scale = 1.000,  final_loss = 4.1597, nll_loss = 4.0316, ref_nll_loss = 4.2877, ivc_loss = 0.0368, neg_loss_1 = 0.0004, neg_loss_2 = 0.0000, ref_loss = 0.0118, div_loss = 0.1241, aux_loss = 0.0000, 0.228 seconds/batch
2026-05-06 17:42:24,810 - Epoch 24, Batch 900, lr = 0.00005, aux_scale = 1.000,  final_loss = 4.1583, nll_loss = 4.0310, ref_nll_loss = 4.2855, ivc_loss = 0.0375, neg_loss_1 = 0.0002, neg_loss_2 = 0.0002, ref_loss = 0.0121, div_loss = 0.1263, aux_loss = 0.0000, 0.228 seconds/batch
2026-05-06 17:42:36,362 - Epoch 24, Batch 950, lr = 0.00005, aux_scale = 1.000,  final_loss = 4.1810, nll_loss = 4.0544, ref_nll_loss = 4.3077, ivc_loss = 0.0374, neg_loss_1 = 0.0002, neg_loss_2 = 0.0002, ref_loss = 0.0121, div_loss = 0.1248, aux_loss = 0.0000, 0.228 seconds/batch
2026-05-06 17:42:47,710 - Epoch 24, Batch 1000, lr = 0.00005, aux_scale = 1.000,  final_loss = 4.1772, nll_loss = 4.0503, ref_nll_loss = 4.3042, ivc_loss = 0.0399, neg_loss_1 = 0.0003, neg_loss_2 = 0.0002, ref_loss = 0.0135, div_loss = 0.1202, aux_loss = 0.0000, 0.228 seconds/batch
2026-05-06 17:42:59,108 - Epoch 24, Batch 1050, lr = 0.00005, aux_scale = 1.000,  final_loss = 4.1821, nll_loss = 4.0565, ref_nll_loss = 4.3076, ivc_loss = 0.0357, neg_loss_1 = 0.0005, neg_loss_2 = 0.0001, ref_loss = 0.0114, div_loss = 0.1184, aux_loss = 0.0000, 0.228 seconds/batch
2026-05-06 17:43:10,403 - Epoch 24, Batch 1100, lr = 0.00005, aux_scale = 1.000,  final_loss = 4.1688, nll_loss = 4.0444, ref_nll_loss = 4.2932, ivc_loss = 0.0349, neg_loss_1 = 0.0002, neg_loss_2 = 0.0001, ref_loss = 0.0109, div_loss = 0.1242, aux_loss = 0.0000, 0.228 seconds/batch
2026-05-06 17:43:21,764 - Epoch 24, Batch 1150, lr = 0.00005, aux_scale = 1.000,  final_loss = 4.1754, nll_loss = 4.0485, ref_nll_loss = 4.3024, ivc_loss = 0.0367, neg_loss_1 = 0.0005, neg_loss_2 = 0.0001, ref_loss = 0.0117, div_loss = 0.1238, aux_loss = 0.0000, 0.228 seconds/batch
2026-05-06 17:43:26,260 - Epoch 24, Batch 1170, lr = 0.00005, aux_scale = 1.000,  final_loss = 4.2062, nll_loss = 4.0753, ref_nll_loss = 4.3372, ivc_loss = 0.0375, neg_loss_1 = 0.0003, neg_loss_2 = 0.0002, ref_loss = 0.0121, div_loss = 0.1235, aux_loss = 0.0000, 0.228 seconds/batch
2026-05-06 17:43:26,375 - save model to checkpoints/activitynet_moe_v3/moe_v3/model-24.pt, num_updates 28080.
2026-05-06 17:45:17,300 - | R@1,mIoU 0.3456 | R@1,IoU@0.1 0.8244 | R@1,IoU@0.3 0.5181 | R@1,IoU@0.5 0.2595 | R@1,IoU@0.7 0.1056 | R@1,IoU@0.9 0.0136 | R@5,mIoU 0.3957 | R@5,IoU@0.1 0.8534 | R@5,IoU@0.3 0.5782 | R@5,IoU@0.5 0.3524 | R@5,IoU@0.7 0.1589 | R@5,IoU@0.9 0.0306 |
2026-05-06 17:45:17,301 - ============================================================
2026-05-06 17:45:17,301 - Start Epoch 25
2026-05-06 17:45:28,874 - Epoch 25, Batch 50, lr = 0.00005, aux_scale = 1.000,  final_loss = 4.1319, nll_loss = 4.0014, ref_nll_loss = 4.2624, ivc_loss = 0.0317, neg_loss_1 = 0.0003, neg_loss_2 = 0.0000, ref_loss = 0.0093, div_loss = 0.1230, aux_loss = 0.0000, 0.231 seconds/batch
2026-05-06 17:45:40,203 - Epoch 25, Batch 100, lr = 0.00005, aux_scale = 1.000,  final_loss = 4.1454, nll_loss = 4.0195, ref_nll_loss = 4.2714, ivc_loss = 0.0346, neg_loss_1 = 0.0005, neg_loss_2 = 0.0001, ref_loss = 0.0105, div_loss = 0.1237, aux_loss = 0.0000, 0.229 seconds/batch
2026-05-06 17:45:51,601 - Epoch 25, Batch 150, lr = 0.00005, aux_scale = 1.000,  final_loss = 4.1271, nll_loss = 3.9954, ref_nll_loss = 4.2589, ivc_loss = 0.0330, neg_loss_1 = 0.0004, neg_loss_2 = 0.0001, ref_loss = 0.0097, div_loss = 0.1260, aux_loss = 0.0000, 0.229 seconds/batch
2026-05-06 17:46:03,048 - Epoch 25, Batch 200, lr = 0.00005, aux_scale = 1.000,  final_loss = 4.1348, nll_loss = 4.0054, ref_nll_loss = 4.2641, ivc_loss = 0.0333, neg_loss_1 = 0.0002, neg_loss_2 = 0.0000, ref_loss = 0.0102, div_loss = 0.1255, aux_loss = 0.0000, 0.229 seconds/batch
2026-05-06 17:46:14,494 - Epoch 25, Batch 250, lr = 0.00005, aux_scale = 1.000,  final_loss = 4.1427, nll_loss = 4.0156, ref_nll_loss = 4.2698, ivc_loss = 0.0368, neg_loss_1 = 0.0001, neg_loss_2 = 0.0001, ref_loss = 0.0118, div_loss = 0.1273, aux_loss = 0.0000, 0.229 seconds/batch
2026-05-06 17:46:25,980 - Epoch 25, Batch 300, lr = 0.00005, aux_scale = 1.000,  final_loss = 4.1381, nll_loss = 4.0118, ref_nll_loss = 4.2643, ivc_loss = 0.0360, neg_loss_1 = 0.0001, neg_loss_2 = 0.0001, ref_loss = 0.0114, div_loss = 0.1282, aux_loss = 0.0000, 0.229 seconds/batch
2026-05-06 17:46:37,302 - Epoch 25, Batch 350, lr = 0.00005, aux_scale = 1.000,  final_loss = 4.1466, nll_loss = 4.0157, ref_nll_loss = 4.2776, ivc_loss = 0.0341, neg_loss_1 = 0.0003, neg_loss_2 = 0.0001, ref_loss = 0.0103, div_loss = 0.1276, aux_loss = 0.0000, 0.229 seconds/batch
2026-05-06 17:46:48,685 - Epoch 25, Batch 400, lr = 0.00005, aux_scale = 1.000,  final_loss = 4.1031, nll_loss = 3.9751, ref_nll_loss = 4.2311, ivc_loss = 0.0363, neg_loss_1 = 0.0002, neg_loss_2 = 0.0002, ref_loss = 0.0112, div_loss = 0.1288, aux_loss = 0.0000, 0.228 seconds/batch
2026-05-06 17:47:00,288 - Epoch 25, Batch 450, lr = 0.00005, aux_scale = 1.000,  final_loss = 4.1151, nll_loss = 3.9848, ref_nll_loss = 4.2454, ivc_loss = 0.0357, neg_loss_1 = 0.0002, neg_loss_2 = 0.0000, ref_loss = 0.0114, div_loss = 0.1258, aux_loss = 0.0000, 0.229 seconds/batch
2026-05-06 17:47:11,796 - Epoch 25, Batch 500, lr = 0.00005, aux_scale = 1.000,  final_loss = 4.1078, nll_loss = 3.9776, ref_nll_loss = 4.2380, ivc_loss = 0.0339, neg_loss_1 = 0.0008, neg_loss_2 = 0.0001, ref_loss = 0.0101, div_loss = 0.1199, aux_loss = 0.0000, 0.229 seconds/batch
2026-05-06 17:47:23,118 - Epoch 25, Batch 550, lr = 0.00005, aux_scale = 1.000,  final_loss = 4.1645, nll_loss = 4.0353, ref_nll_loss = 4.2937, ivc_loss = 0.0359, neg_loss_1 = 0.0003, neg_loss_2 = 0.0000, ref_loss = 0.0114, div_loss = 0.1265, aux_loss = 0.0000, 0.229 seconds/batch
2026-05-06 17:47:34,482 - Epoch 25, Batch 600, lr = 0.00005, aux_scale = 1.000,  final_loss = 4.1324, nll_loss = 4.0028, ref_nll_loss = 4.2620, ivc_loss = 0.0350, neg_loss_1 = 0.0002, neg_loss_2 = 0.0002, ref_loss = 0.0107, div_loss = 0.1262, aux_loss = 0.0000, 0.229 seconds/batch
2026-05-06 17:47:45,793 - Epoch 25, Batch 650, lr = 0.00005, aux_scale = 1.000,  final_loss = 4.1599, nll_loss = 4.0304, ref_nll_loss = 4.2893, ivc_loss = 0.0375, neg_loss_1 = 0.0003, neg_loss_2 = 0.0000, ref_loss = 0.0122, div_loss = 0.1257, aux_loss = 0.0000, 0.228 seconds/batch
2026-05-06 17:47:57,380 - Epoch 25, Batch 700, lr = 0.00005, aux_scale = 1.000,  final_loss = 4.1660, nll_loss = 4.0334, ref_nll_loss = 4.2986, ivc_loss = 0.0348, neg_loss_1 = 0.0008, neg_loss_2 = 0.0000, ref_loss = 0.0103, div_loss = 0.1257, aux_loss = 0.0000, 0.229 seconds/batch
2026-05-06 17:48:08,782 - Epoch 25, Batch 750, lr = 0.00005, aux_scale = 1.000,  final_loss = 4.1370, nll_loss = 4.0089, ref_nll_loss = 4.2652, ivc_loss = 0.0360, neg_loss_1 = 0.0000, neg_loss_2 = 0.0002, ref_loss = 0.0115, div_loss = 0.1267, aux_loss = 0.0000, 0.229 seconds/batch
2026-05-06 17:48:20,186 - Epoch 25, Batch 800, lr = 0.00005, aux_scale = 1.000,  final_loss = 4.1272, nll_loss = 3.9987, ref_nll_loss = 4.2557, ivc_loss = 0.0355, neg_loss_1 = 0.0001, neg_loss_2 = 0.0000, ref_loss = 0.0114, div_loss = 0.1248, aux_loss = 0.0000, 0.229 seconds/batch
2026-05-06 17:48:31,510 - Epoch 25, Batch 850, lr = 0.00005, aux_scale = 1.000,  final_loss = 4.1590, nll_loss = 4.0321, ref_nll_loss = 4.2859, ivc_loss = 0.0370, neg_loss_1 = 0.0001, neg_loss_2 = 0.0000, ref_loss = 0.0121, div_loss = 0.1247, aux_loss = 0.0000, 0.228 seconds/batch
2026-05-06 17:48:42,836 - Epoch 25, Batch 900, lr = 0.00005, aux_scale = 1.000,  final_loss = 4.1573, nll_loss = 4.0277, ref_nll_loss = 4.2870, ivc_loss = 0.0309, neg_loss_1 = 0.0002, neg_loss_2 = 0.0000, ref_loss = 0.0089, div_loss = 0.1263, aux_loss = 0.0000, 0.228 seconds/batch
2026-05-06 17:48:54,182 - Epoch 25, Batch 950, lr = 0.00005, aux_scale = 1.000,  final_loss = 4.1180, nll_loss = 3.9888, ref_nll_loss = 4.2471, ivc_loss = 0.0335, neg_loss_1 = 0.0001, neg_loss_2 = 0.0001, ref_loss = 0.0102, div_loss = 0.1267, aux_loss = 0.0000, 0.228 seconds/batch
2026-05-06 17:49:05,581 - Epoch 25, Batch 1000, lr = 0.00005, aux_scale = 1.000,  final_loss = 4.1280, nll_loss = 3.9962, ref_nll_loss = 4.2597, ivc_loss = 0.0346, neg_loss_1 = 0.0002, neg_loss_2 = 0.0001, ref_loss = 0.0106, div_loss = 0.1276, aux_loss = 0.0000, 0.228 seconds/batch
2026-05-06 17:49:16,922 - Epoch 25, Batch 1050, lr = 0.00005, aux_scale = 1.000,  final_loss = 4.1840, nll_loss = 4.0543, ref_nll_loss = 4.3137, ivc_loss = 0.0339, neg_loss_1 = 0.0000, neg_loss_2 = 0.0000, ref_loss = 0.0106, div_loss = 0.1267, aux_loss = 0.0000, 0.228 seconds/batch
2026-05-06 17:49:28,320 - Epoch 25, Batch 1100, lr = 0.00005, aux_scale = 1.000,  final_loss = 4.1638, nll_loss = 4.0348, ref_nll_loss = 4.2928, ivc_loss = 0.0355, neg_loss_1 = 0.0006, neg_loss_2 = 0.0000, ref_loss = 0.0107, div_loss = 0.1279, aux_loss = 0.0000, 0.228 seconds/batch
2026-05-06 17:49:39,680 - Epoch 25, Batch 1150, lr = 0.00005, aux_scale = 1.000,  final_loss = 4.1845, nll_loss = 4.0558, ref_nll_loss = 4.3132, ivc_loss = 0.0341, neg_loss_1 = 0.0002, neg_loss_2 = 0.0003, ref_loss = 0.0102, div_loss = 0.1276, aux_loss = 0.0000, 0.228 seconds/batch
2026-05-06 17:49:44,224 - Epoch 25, Batch 1170, lr = 0.00005, aux_scale = 1.000,  final_loss = 4.0990, nll_loss = 3.9641, ref_nll_loss = 4.2339, ivc_loss = 0.0340, neg_loss_1 = 0.0001, neg_loss_2 = 0.0003, ref_loss = 0.0101, div_loss = 0.1299, aux_loss = 0.0000, 0.228 seconds/batch
2026-05-06 17:49:44,285 - save model to checkpoints/activitynet_moe_v3/moe_v3/model-25.pt, num_updates 29250.
2026-05-06 17:51:35,218 - | R@1,mIoU 0.3483 | R@1,IoU@0.1 0.8260 | R@1,IoU@0.3 0.5257 | R@1,IoU@0.5 0.2619 | R@1,IoU@0.7 0.1036 | R@1,IoU@0.9 0.0145 | R@5,mIoU 0.4007 | R@5,IoU@0.1 0.8559 | R@5,IoU@0.3 0.5866 | R@5,IoU@0.5 0.3606 | R@5,IoU@0.7 0.1594 | R@5,IoU@0.9 0.0321 |
2026-05-06 17:51:35,218 - ============================================================
2026-05-06 17:51:35,219 - Start Epoch 26
2026-05-06 17:51:46,821 - Epoch 26, Batch 50, lr = 0.00005, aux_scale = 1.000,  final_loss = 4.1605, nll_loss = 4.0256, ref_nll_loss = 4.2954, ivc_loss = 0.0308, neg_loss_1 = 0.0001, neg_loss_2 = 0.0000, ref_loss = 0.0089, div_loss = 0.1266, aux_loss = 0.0000, 0.232 seconds/batch
2026-05-06 17:51:58,048 - Epoch 26, Batch 100, lr = 0.00005, aux_scale = 1.000,  final_loss = 4.0733, nll_loss = 3.9414, ref_nll_loss = 4.2052, ivc_loss = 0.0330, neg_loss_1 = 0.0003, neg_loss_2 = 0.0002, ref_loss = 0.0098, div_loss = 0.1260, aux_loss = 0.0000, 0.228 seconds/batch
2026-05-06 17:52:09,351 - Epoch 26, Batch 150, lr = 0.00005, aux_scale = 1.000,  final_loss = 4.1192, nll_loss = 3.9914, ref_nll_loss = 4.2470, ivc_loss = 0.0346, neg_loss_1 = 0.0004, neg_loss_2 = 0.0000, ref_loss = 0.0107, div_loss = 0.1243, aux_loss = 0.0000, 0.228 seconds/batch
2026-05-06 17:52:20,778 - Epoch 26, Batch 200, lr = 0.00005, aux_scale = 1.000,  final_loss = 4.1146, nll_loss = 3.9834, ref_nll_loss = 4.2458, ivc_loss = 0.0304, neg_loss_1 = 0.0001, neg_loss_2 = 0.0001, ref_loss = 0.0086, div_loss = 0.1277, aux_loss = 0.0000, 0.228 seconds/batch
2026-05-06 17:52:32,194 - Epoch 26, Batch 250, lr = 0.00005, aux_scale = 1.000,  final_loss = 4.0757, nll_loss = 3.9465, ref_nll_loss = 4.2050, ivc_loss = 0.0344, neg_loss_1 = 0.0001, neg_loss_2 = 0.0001, ref_loss = 0.0108, div_loss = 0.1257, aux_loss = 0.0000, 0.228 seconds/batch
2026-05-06 17:52:43,459 - Epoch 26, Batch 300, lr = 0.00005, aux_scale = 1.000,  final_loss = 4.1231, nll_loss = 3.9938, ref_nll_loss = 4.2524, ivc_loss = 0.0373, neg_loss_1 = 0.0004, neg_loss_2 = 0.0001, ref_loss = 0.0118, div_loss = 0.1284, aux_loss = 0.0000, 0.227 seconds/batch
2026-05-06 17:52:54,839 - Epoch 26, Batch 350, lr = 0.00005, aux_scale = 1.000,  final_loss = 4.1481, nll_loss = 4.0161, ref_nll_loss = 4.2800, ivc_loss = 0.0323, neg_loss_1 = 0.0000, neg_loss_2 = 0.0001, ref_loss = 0.0095, div_loss = 0.1300, aux_loss = 0.0000, 0.227 seconds/batch
2026-05-06 17:53:06,240 - Epoch 26, Batch 400, lr = 0.00005, aux_scale = 1.000,  final_loss = 4.0823, nll_loss = 3.9513, ref_nll_loss = 4.2133, ivc_loss = 0.0374, neg_loss_1 = 0.0001, neg_loss_2 = 0.0002, ref_loss = 0.0119, div_loss = 0.1302, aux_loss = 0.0000, 0.228 seconds/batch
2026-05-06 17:53:17,778 - Epoch 26, Batch 450, lr = 0.00005, aux_scale = 1.000,  final_loss = 4.1109, nll_loss = 3.9788, ref_nll_loss = 4.2430, ivc_loss = 0.0334, neg_loss_1 = 0.0005, neg_loss_2 = 0.0002, ref_loss = 0.0096, div_loss = 0.1281, aux_loss = 0.0000, 0.228 seconds/batch
2026-05-06 17:53:29,325 - Epoch 26, Batch 500, lr = 0.00005, aux_scale = 1.000,  final_loss = 4.1150, nll_loss = 3.9856, ref_nll_loss = 4.2445, ivc_loss = 0.0363, neg_loss_1 = 0.0000, neg_loss_2 = 0.0001, ref_loss = 0.0116, div_loss = 0.1293, aux_loss = 0.0000, 0.228 seconds/batch
2026-05-06 17:53:40,837 - Epoch 26, Batch 550, lr = 0.00005, aux_scale = 1.000,  final_loss = 4.1243, nll_loss = 3.9938, ref_nll_loss = 4.2548, ivc_loss = 0.0366, neg_loss_1 = 0.0001, neg_loss_2 = 0.0001, ref_loss = 0.0117, div_loss = 0.1285, aux_loss = 0.0000, 0.228 seconds/batch
2026-05-06 17:53:52,195 - Epoch 26, Batch 600, lr = 0.00005, aux_scale = 1.000,  final_loss = 4.1451, nll_loss = 4.0197, ref_nll_loss = 4.2704, ivc_loss = 0.0372, neg_loss_1 = 0.0001, neg_loss_2 = 0.0000, ref_loss = 0.0120, div_loss = 0.1301, aux_loss = 0.0000, 0.228 seconds/batch
2026-05-06 17:54:03,604 - Epoch 26, Batch 650, lr = 0.00005, aux_scale = 1.000,  final_loss = 4.1247, nll_loss = 3.9916, ref_nll_loss = 4.2579, ivc_loss = 0.0353, neg_loss_1 = 0.0001, neg_loss_2 = 0.0000, ref_loss = 0.0112, div_loss = 0.1260, aux_loss = 0.0000, 0.228 seconds/batch
2026-05-06 17:54:15,036 - Epoch 26, Batch 700, lr = 0.00005, aux_scale = 1.000,  final_loss = 4.1107, nll_loss = 3.9794, ref_nll_loss = 4.2419, ivc_loss = 0.0344, neg_loss_1 = 0.0004, neg_loss_2 = 0.0000, ref_loss = 0.0106, div_loss = 0.1245, aux_loss = 0.0000, 0.228 seconds/batch
2026-05-06 17:54:26,381 - Epoch 26, Batch 750, lr = 0.00005, aux_scale = 1.000,  final_loss = 4.1268, nll_loss = 3.9934, ref_nll_loss = 4.2601, ivc_loss = 0.0305, neg_loss_1 = 0.0003, neg_loss_2 = 0.0000, ref_loss = 0.0087, div_loss = 0.1250, aux_loss = 0.0000, 0.228 seconds/batch
2026-05-06 17:54:37,785 - Epoch 26, Batch 800, lr = 0.00005, aux_scale = 1.000,  final_loss = 4.1191, nll_loss = 3.9887, ref_nll_loss = 4.2495, ivc_loss = 0.0389, neg_loss_1 = 0.0008, neg_loss_2 = 0.0001, ref_loss = 0.0123, div_loss = 0.1254, aux_loss = 0.0000, 0.228 seconds/batch
2026-05-06 17:54:49,254 - Epoch 26, Batch 850, lr = 0.00005, aux_scale = 1.000,  final_loss = 4.1569, nll_loss = 4.0281, ref_nll_loss = 4.2856, ivc_loss = 0.0384, neg_loss_1 = 0.0005, neg_loss_2 = 0.0000, ref_loss = 0.0124, div_loss = 0.1267, aux_loss = 0.0000, 0.228 seconds/batch
2026-05-06 17:55:00,840 - Epoch 26, Batch 900, lr = 0.00005, aux_scale = 1.000,  final_loss = 4.1248, nll_loss = 3.9917, ref_nll_loss = 4.2580, ivc_loss = 0.0326, neg_loss_1 = 0.0004, neg_loss_2 = 0.0000, ref_loss = 0.0096, div_loss = 0.1271, aux_loss = 0.0000, 0.228 seconds/batch
2026-05-06 17:55:12,159 - Epoch 26, Batch 950, lr = 0.00005, aux_scale = 1.000,  final_loss = 4.1464, nll_loss = 4.0181, ref_nll_loss = 4.2746, ivc_loss = 0.0380, neg_loss_1 = 0.0001, neg_loss_2 = 0.0000, ref_loss = 0.0124, div_loss = 0.1296, aux_loss = 0.0000, 0.228 seconds/batch
2026-05-06 17:55:23,467 - Epoch 26, Batch 1000, lr = 0.00005, aux_scale = 1.000,  final_loss = 4.1352, nll_loss = 4.0028, ref_nll_loss = 4.2676, ivc_loss = 0.0338, neg_loss_1 = 0.0002, neg_loss_2 = 0.0000, ref_loss = 0.0102, div_loss = 0.1285, aux_loss = 0.0000, 0.228 seconds/batch
2026-05-06 17:55:34,823 - Epoch 26, Batch 1050, lr = 0.00005, aux_scale = 1.000,  final_loss = 4.1084, nll_loss = 3.9723, ref_nll_loss = 4.2444, ivc_loss = 0.0342, neg_loss_1 = 0.0004, neg_loss_2 = 0.0001, ref_loss = 0.0102, div_loss = 0.1282, aux_loss = 0.0000, 0.228 seconds/batch
2026-05-06 17:55:46,210 - Epoch 26, Batch 1100, lr = 0.00005, aux_scale = 1.000,  final_loss = 4.1336, nll_loss = 4.0044, ref_nll_loss = 4.2627, ivc_loss = 0.0347, neg_loss_1 = 0.0006, neg_loss_2 = 0.0000, ref_loss = 0.0104, div_loss = 0.1270, aux_loss = 0.0000, 0.228 seconds/batch
2026-05-06 17:55:57,623 - Epoch 26, Batch 1150, lr = 0.00005, aux_scale = 1.000,  final_loss = 4.1308, nll_loss = 3.9999, ref_nll_loss = 4.2617, ivc_loss = 0.0356, neg_loss_1 = 0.0001, neg_loss_2 = 0.0000, ref_loss = 0.0113, div_loss = 0.1271, aux_loss = 0.0000, 0.228 seconds/batch
2026-05-06 17:56:02,100 - Epoch 26, Batch 1170, lr = 0.00005, aux_scale = 1.000,  final_loss = 4.1360, nll_loss = 4.0035, ref_nll_loss = 4.2686, ivc_loss = 0.0316, neg_loss_1 = 0.0002, neg_loss_2 = 0.0000, ref_loss = 0.0091, div_loss = 0.1300, aux_loss = 0.0000, 0.228 seconds/batch
2026-05-06 17:56:02,160 - save model to checkpoints/activitynet_moe_v3/moe_v3/model-26.pt, num_updates 30420.
2026-05-06 17:57:53,463 - | R@1,mIoU 0.3456 | R@1,IoU@0.1 0.8203 | R@1,IoU@0.3 0.5191 | R@1,IoU@0.5 0.2639 | R@1,IoU@0.7 0.1057 | R@1,IoU@0.9 0.0120 | R@5,mIoU 0.3975 | R@5,IoU@0.1 0.8526 | R@5,IoU@0.3 0.5824 | R@5,IoU@0.5 0.3541 | R@5,IoU@0.7 0.1619 | R@5,IoU@0.9 0.0292 |
2026-05-06 17:57:53,463 - ============================================================
2026-05-06 17:57:53,463 - Start Epoch 27
2026-05-06 17:58:04,952 - Epoch 27, Batch 50, lr = 0.00005, aux_scale = 1.000,  final_loss = 4.0543, nll_loss = 3.9240, ref_nll_loss = 4.1846, ivc_loss = 0.0335, neg_loss_1 = 0.0003, neg_loss_2 = 0.0002, ref_loss = 0.0099, div_loss = 0.1270, aux_loss = 0.0000, 0.230 seconds/batch
2026-05-06 17:58:16,212 - Epoch 27, Batch 100, lr = 0.00005, aux_scale = 1.000,  final_loss = 4.0954, nll_loss = 3.9618, ref_nll_loss = 4.2289, ivc_loss = 0.0337, neg_loss_1 = 0.0004, neg_loss_2 = 0.0003, ref_loss = 0.0098, div_loss = 0.1272, aux_loss = 0.0000, 0.227 seconds/batch
2026-05-06 17:58:27,455 - Epoch 27, Batch 150, lr = 0.00005, aux_scale = 1.000,  final_loss = 4.1020, nll_loss = 3.9680, ref_nll_loss = 4.2360, ivc_loss = 0.0329, neg_loss_1 = 0.0003, neg_loss_2 = 0.0003, ref_loss = 0.0095, div_loss = 0.1273, aux_loss = 0.0000, 0.227 seconds/batch
2026-05-06 17:58:38,739 - Epoch 27, Batch 200, lr = 0.00005, aux_scale = 1.000,  final_loss = 4.0997, nll_loss = 3.9707, ref_nll_loss = 4.2287, ivc_loss = 0.0351, neg_loss_1 = 0.0002, neg_loss_2 = 0.0000, ref_loss = 0.0110, div_loss = 0.1264, aux_loss = 0.0000, 0.226 seconds/batch
2026-05-06 17:58:50,177 - Epoch 27, Batch 250, lr = 0.00005, aux_scale = 1.000,  final_loss = 4.1411, nll_loss = 4.0072, ref_nll_loss = 4.2750, ivc_loss = 0.0326, neg_loss_1 = 0.0003, neg_loss_2 = 0.0001, ref_loss = 0.0095, div_loss = 0.1286, aux_loss = 0.0000, 0.227 seconds/batch
2026-05-06 17:59:01,556 - Epoch 27, Batch 300, lr = 0.00005, aux_scale = 1.000,  final_loss = 4.1171, nll_loss = 3.9855, ref_nll_loss = 4.2487, ivc_loss = 0.0374, neg_loss_1 = 0.0001, neg_loss_2 = 0.0001, ref_loss = 0.0120, div_loss = 0.1289, aux_loss = 0.0000, 0.227 seconds/batch
2026-05-06 17:59:12,903 - Epoch 27, Batch 350, lr = 0.00005, aux_scale = 1.000,  final_loss = 4.1048, nll_loss = 3.9730, ref_nll_loss = 4.2366, ivc_loss = 0.0352, neg_loss_1 = 0.0002, neg_loss_2 = 0.0000, ref_loss = 0.0111, div_loss = 0.1269, aux_loss = 0.0000, 0.227 seconds/batch
2026-05-06 17:59:24,246 - Epoch 27, Batch 400, lr = 0.00005, aux_scale = 1.000,  final_loss = 4.0963, nll_loss = 3.9640, ref_nll_loss = 4.2286, ivc_loss = 0.0334, neg_loss_1 = 0.0004, neg_loss_2 = 0.0001, ref_loss = 0.0098, div_loss = 0.1289, aux_loss = 0.0000, 0.227 seconds/batch
2026-05-06 17:59:35,603 - Epoch 27, Batch 450, lr = 0.00005, aux_scale = 1.000,  final_loss = 4.1097, nll_loss = 3.9766, ref_nll_loss = 4.2428, ivc_loss = 0.0341, neg_loss_1 = 0.0005, neg_loss_2 = 0.0000, ref_loss = 0.0102, div_loss = 0.1270, aux_loss = 0.0000, 0.227 seconds/batch
2026-05-06 17:59:46,963 - Epoch 27, Batch 500, lr = 0.00005, aux_scale = 1.000,  final_loss = 4.0737, nll_loss = 3.9430, ref_nll_loss = 4.2044, ivc_loss = 0.0359, neg_loss_1 = 0.0002, neg_loss_2 = 0.0001, ref_loss = 0.0113, div_loss = 0.1287, aux_loss = 0.0000, 0.227 seconds/batch
2026-05-06 17:59:58,291 - Epoch 27, Batch 550, lr = 0.00005, aux_scale = 1.000,  final_loss = 4.1058, nll_loss = 3.9746, ref_nll_loss = 4.2369, ivc_loss = 0.0334, neg_loss_1 = 0.0004, neg_loss_2 = 0.0000, ref_loss = 0.0099, div_loss = 0.1282, aux_loss = 0.0000, 0.227 seconds/batch
2026-05-06 18:00:09,757 - Epoch 27, Batch 600, lr = 0.00005, aux_scale = 1.000,  final_loss = 4.1112, nll_loss = 3.9840, ref_nll_loss = 4.2384, ivc_loss = 0.0346, neg_loss_1 = 0.0003, neg_loss_2 = 0.0001, ref_loss = 0.0105, div_loss = 0.1273, aux_loss = 0.0000, 0.227 seconds/batch
2026-05-06 18:00:21,132 - Epoch 27, Batch 650, lr = 0.00005, aux_scale = 1.000,  final_loss = 4.1005, nll_loss = 3.9671, ref_nll_loss = 4.2339, ivc_loss = 0.0347, neg_loss_1 = 0.0000, neg_loss_2 = 0.0000, ref_loss = 0.0107, div_loss = 0.1307, aux_loss = 0.0000, 0.227 seconds/batch
2026-05-06 18:00:32,531 - Epoch 27, Batch 700, lr = 0.00005, aux_scale = 1.000,  final_loss = 4.1185, nll_loss = 3.9870, ref_nll_loss = 4.2499, ivc_loss = 0.0338, neg_loss_1 = 0.0006, neg_loss_2 = 0.0001, ref_loss = 0.0098, div_loss = 0.1290, aux_loss = 0.0000, 0.227 seconds/batch
2026-05-06 18:00:43,901 - Epoch 27, Batch 750, lr = 0.00005, aux_scale = 1.000,  final_loss = 4.0746, nll_loss = 3.9427, ref_nll_loss = 4.2066, ivc_loss = 0.0331, neg_loss_1 = 0.0002, neg_loss_2 = 0.0004, ref_loss = 0.0096, div_loss = 0.1262, aux_loss = 0.0000, 0.227 seconds/batch
2026-05-06 18:00:55,194 - Epoch 27, Batch 800, lr = 0.00005, aux_scale = 1.000,  final_loss = 4.0987, nll_loss = 3.9669, ref_nll_loss = 4.2304, ivc_loss = 0.0306, neg_loss_1 = 0.0002, neg_loss_2 = 0.0001, ref_loss = 0.0087, div_loss = 0.1258, aux_loss = 0.0000, 0.227 seconds/batch
2026-05-06 18:01:06,539 - Epoch 27, Batch 850, lr = 0.00005, aux_scale = 1.000,  final_loss = 4.1161, nll_loss = 3.9809, ref_nll_loss = 4.2513, ivc_loss = 0.0351, neg_loss_1 = 0.0002, neg_loss_2 = 0.0000, ref_loss = 0.0109, div_loss = 0.1289, aux_loss = 0.0000, 0.227 seconds/batch
2026-05-06 18:01:17,942 - Epoch 27, Batch 900, lr = 0.00005, aux_scale = 1.000,  final_loss = 4.0841, nll_loss = 3.9498, ref_nll_loss = 4.2185, ivc_loss = 0.0354, neg_loss_1 = 0.0004, neg_loss_2 = 0.0000, ref_loss = 0.0108, div_loss = 0.1292, aux_loss = 0.0000, 0.227 seconds/batch
2026-05-06 18:01:29,305 - Epoch 27, Batch 950, lr = 0.00005, aux_scale = 1.000,  final_loss = 4.1464, nll_loss = 4.0142, ref_nll_loss = 4.2786, ivc_loss = 0.0344, neg_loss_1 = 0.0002, neg_loss_2 = 0.0000, ref_loss = 0.0107, div_loss = 0.1251, aux_loss = 0.0000, 0.227 seconds/batch
2026-05-06 18:01:40,725 - Epoch 27, Batch 1000, lr = 0.00005, aux_scale = 1.000,  final_loss = 4.0947, nll_loss = 3.9630, ref_nll_loss = 4.2264, ivc_loss = 0.0327, neg_loss_1 = 0.0002, neg_loss_2 = 0.0001, ref_loss = 0.0097, div_loss = 0.1279, aux_loss = 0.0000, 0.227 seconds/batch
2026-05-06 18:01:52,108 - Epoch 27, Batch 1050, lr = 0.00005, aux_scale = 1.000,  final_loss = 4.1109, nll_loss = 3.9818, ref_nll_loss = 4.2399, ivc_loss = 0.0357, neg_loss_1 = 0.0001, neg_loss_2 = 0.0000, ref_loss = 0.0113, div_loss = 0.1296, aux_loss = 0.0000, 0.227 seconds/batch
2026-05-06 18:02:03,679 - Epoch 27, Batch 1100, lr = 0.00005, aux_scale = 1.000,  final_loss = 4.1330, nll_loss = 4.0055, ref_nll_loss = 4.2606, ivc_loss = 0.0383, neg_loss_1 = 0.0002, neg_loss_2 = 0.0000, ref_loss = 0.0125, div_loss = 0.1301, aux_loss = 0.0000, 0.227 seconds/batch
2026-05-06 18:02:15,139 - Epoch 27, Batch 1150, lr = 0.00005, aux_scale = 1.000,  final_loss = 4.1212, nll_loss = 3.9899, ref_nll_loss = 4.2526, ivc_loss = 0.0354, neg_loss_1 = 0.0001, neg_loss_2 = 0.0001, ref_loss = 0.0110, div_loss = 0.1287, aux_loss = 0.0000, 0.228 seconds/batch
2026-05-06 18:02:19,627 - Epoch 27, Batch 1170, lr = 0.00005, aux_scale = 1.000,  final_loss = 4.1501, nll_loss = 4.0116, ref_nll_loss = 4.2886, ivc_loss = 0.0341, neg_loss_1 = 0.0000, neg_loss_2 = 0.0002, ref_loss = 0.0104, div_loss = 0.1287, aux_loss = 0.0000, 0.227 seconds/batch
2026-05-06 18:02:19,686 - save model to checkpoints/activitynet_moe_v3/moe_v3/model-27.pt, num_updates 31590.
2026-05-06 18:04:10,385 - | R@1,mIoU 0.3457 | R@1,IoU@0.1 0.8197 | R@1,IoU@0.3 0.5199 | R@1,IoU@0.5 0.2652 | R@1,IoU@0.7 0.1055 | R@1,IoU@0.9 0.0116 | R@5,mIoU 0.3967 | R@5,IoU@0.1 0.8504 | R@5,IoU@0.3 0.5816 | R@5,IoU@0.5 0.3546 | R@5,IoU@0.7 0.1592 | R@5,IoU@0.9 0.0310 |
2026-05-06 18:04:10,386 - ============================================================
2026-05-06 18:04:10,386 - Start Epoch 28
2026-05-06 18:04:21,868 - Epoch 28, Batch 50, lr = 0.00004, aux_scale = 1.000,  final_loss = 4.0762, nll_loss = 3.9448, ref_nll_loss = 4.2076, ivc_loss = 0.0336, neg_loss_1 = 0.0001, neg_loss_2 = 0.0000, ref_loss = 0.0103, div_loss = 0.1275, aux_loss = 0.0000, 0.230 seconds/batch
2026-05-06 18:04:33,130 - Epoch 28, Batch 100, lr = 0.00004, aux_scale = 1.000,  final_loss = 4.0768, nll_loss = 3.9462, ref_nll_loss = 4.2075, ivc_loss = 0.0336, neg_loss_1 = 0.0001, neg_loss_2 = 0.0001, ref_loss = 0.0101, div_loss = 0.1298, aux_loss = 0.0000, 0.227 seconds/batch
2026-05-06 18:04:44,371 - Epoch 28, Batch 150, lr = 0.00004, aux_scale = 1.000,  final_loss = 4.0800, nll_loss = 3.9517, ref_nll_loss = 4.2083, ivc_loss = 0.0351, neg_loss_1 = 0.0004, neg_loss_2 = 0.0001, ref_loss = 0.0107, div_loss = 0.1255, aux_loss = 0.0000, 0.227 seconds/batch
2026-05-06 18:04:55,734 - Epoch 28, Batch 200, lr = 0.00004, aux_scale = 1.000,  final_loss = 4.0834, nll_loss = 3.9542, ref_nll_loss = 4.2126, ivc_loss = 0.0339, neg_loss_1 = 0.0000, neg_loss_2 = 0.0001, ref_loss = 0.0106, div_loss = 0.1249, aux_loss = 0.0000, 0.227 seconds/batch
2026-05-06 18:05:07,058 - Epoch 28, Batch 250, lr = 0.00004, aux_scale = 1.000,  final_loss = 4.0808, nll_loss = 3.9478, ref_nll_loss = 4.2138, ivc_loss = 0.0338, neg_loss_1 = 0.0001, neg_loss_2 = 0.0002, ref_loss = 0.0101, div_loss = 0.1298, aux_loss = 0.0000, 0.227 seconds/batch
2026-05-06 18:05:18,352 - Epoch 28, Batch 300, lr = 0.00004, aux_scale = 1.000,  final_loss = 4.0570, nll_loss = 3.9232, ref_nll_loss = 4.1908, ivc_loss = 0.0331, neg_loss_1 = 0.0002, neg_loss_2 = 0.0000, ref_loss = 0.0099, div_loss = 0.1291, aux_loss = 0.0000, 0.227 seconds/batch
2026-05-06 18:05:29,793 - Epoch 28, Batch 350, lr = 0.00004, aux_scale = 1.000,  final_loss = 4.0714, nll_loss = 3.9383, ref_nll_loss = 4.2044, ivc_loss = 0.0339, neg_loss_1 = 0.0001, neg_loss_2 = 0.0000, ref_loss = 0.0103, div_loss = 0.1292, aux_loss = 0.0000, 0.227 seconds/batch
2026-05-06 18:05:41,153 - Epoch 28, Batch 400, lr = 0.00004, aux_scale = 1.000,  final_loss = 4.0794, nll_loss = 3.9481, ref_nll_loss = 4.2107, ivc_loss = 0.0348, neg_loss_1 = 0.0003, neg_loss_2 = 0.0000, ref_loss = 0.0107, div_loss = 0.1277, aux_loss = 0.0000, 0.227 seconds/batch
2026-05-06 18:05:52,502 - Epoch 28, Batch 450, lr = 0.00004, aux_scale = 1.000,  final_loss = 4.1058, nll_loss = 3.9702, ref_nll_loss = 4.2414, ivc_loss = 0.0330, neg_loss_1 = 0.0005, neg_loss_2 = 0.0000, ref_loss = 0.0097, div_loss = 0.1255, aux_loss = 0.0000, 0.227 seconds/batch
2026-05-06 18:06:03,816 - Epoch 28, Batch 500, lr = 0.00004, aux_scale = 1.000,  final_loss = 4.0656, nll_loss = 3.9373, ref_nll_loss = 4.1939, ivc_loss = 0.0390, neg_loss_1 = 0.0003, neg_loss_2 = 0.0003, ref_loss = 0.0127, div_loss = 0.1246, aux_loss = 0.0000, 0.227 seconds/batch
2026-05-06 18:06:15,209 - Epoch 28, Batch 550, lr = 0.00004, aux_scale = 1.000,  final_loss = 4.0883, nll_loss = 3.9548, ref_nll_loss = 4.2219, ivc_loss = 0.0308, neg_loss_1 = 0.0005, neg_loss_2 = 0.0000, ref_loss = 0.0086, div_loss = 0.1279, aux_loss = 0.0000, 0.227 seconds/batch
2026-05-06 18:06:26,543 - Epoch 28, Batch 600, lr = 0.00004, aux_scale = 1.000,  final_loss = 4.0944, nll_loss = 3.9635, ref_nll_loss = 4.2254, ivc_loss = 0.0348, neg_loss_1 = 0.0003, neg_loss_2 = 0.0000, ref_loss = 0.0108, div_loss = 0.1271, aux_loss = 0.0000, 0.227 seconds/batch
2026-05-06 18:06:37,888 - Epoch 28, Batch 650, lr = 0.00004, aux_scale = 1.000,  final_loss = 4.0915, nll_loss = 3.9602, ref_nll_loss = 4.2228, ivc_loss = 0.0362, neg_loss_1 = 0.0003, neg_loss_2 = 0.0001, ref_loss = 0.0112, div_loss = 0.1287, aux_loss = 0.0000, 0.227 seconds/batch
2026-05-06 18:06:49,212 - Epoch 28, Batch 700, lr = 0.00004, aux_scale = 1.000,  final_loss = 4.0684, nll_loss = 3.9341, ref_nll_loss = 4.2027, ivc_loss = 0.0332, neg_loss_1 = 0.0001, neg_loss_2 = 0.0000, ref_loss = 0.0100, div_loss = 0.1288, aux_loss = 0.0000, 0.227 seconds/batch
2026-05-06 18:07:00,548 - Epoch 28, Batch 750, lr = 0.00004, aux_scale = 1.000,  final_loss = 4.1206, nll_loss = 3.9861, ref_nll_loss = 4.2552, ivc_loss = 0.0343, neg_loss_1 = 0.0002, neg_loss_2 = 0.0000, ref_loss = 0.0104, div_loss = 0.1292, aux_loss = 0.0000, 0.227 seconds/batch
2026-05-06 18:07:11,937 - Epoch 28, Batch 800, lr = 0.00004, aux_scale = 1.000,  final_loss = 4.1077, nll_loss = 3.9741, ref_nll_loss = 4.2413, ivc_loss = 0.0346, neg_loss_1 = 0.0002, neg_loss_2 = 0.0000, ref_loss = 0.0106, div_loss = 0.1293, aux_loss = 0.0000, 0.227 seconds/batch
2026-05-06 18:07:23,241 - Epoch 28, Batch 850, lr = 0.00004, aux_scale = 1.000,  final_loss = 4.1043, nll_loss = 3.9666, ref_nll_loss = 4.2420, ivc_loss = 0.0328, neg_loss_1 = 0.0006, neg_loss_2 = 0.0000, ref_loss = 0.0094, div_loss = 0.1281, aux_loss = 0.0000, 0.227 seconds/batch
2026-05-06 18:07:34,631 - Epoch 28, Batch 900, lr = 0.00004, aux_scale = 1.000,  final_loss = 4.0838, nll_loss = 3.9484, ref_nll_loss = 4.2192, ivc_loss = 0.0312, neg_loss_1 = 0.0002, neg_loss_2 = 0.0000, ref_loss = 0.0090, div_loss = 0.1276, aux_loss = 0.0000, 0.227 seconds/batch
2026-05-06 18:07:46,229 - Epoch 28, Batch 950, lr = 0.00004, aux_scale = 1.000,  final_loss = 4.1032, nll_loss = 3.9702, ref_nll_loss = 4.2361, ivc_loss = 0.0345, neg_loss_1 = 0.0003, neg_loss_2 = 0.0000, ref_loss = 0.0105, div_loss = 0.1283, aux_loss = 0.0000, 0.227 seconds/batch
2026-05-06 18:07:57,751 - Epoch 28, Batch 1000, lr = 0.00004, aux_scale = 1.000,  final_loss = 4.1103, nll_loss = 3.9778, ref_nll_loss = 4.2428, ivc_loss = 0.0332, neg_loss_1 = 0.0002, neg_loss_2 = 0.0002, ref_loss = 0.0099, div_loss = 0.1270, aux_loss = 0.0000, 0.227 seconds/batch
2026-05-06 18:08:09,143 - Epoch 28, Batch 1050, lr = 0.00004, aux_scale = 1.000,  final_loss = 4.0830, nll_loss = 3.9498, ref_nll_loss = 4.2162, ivc_loss = 0.0342, neg_loss_1 = 0.0000, neg_loss_2 = 0.0001, ref_loss = 0.0106, div_loss = 0.1275, aux_loss = 0.0000, 0.227 seconds/batch
2026-05-06 18:08:20,506 - Epoch 28, Batch 1100, lr = 0.00004, aux_scale = 1.000,  final_loss = 4.0944, nll_loss = 3.9601, ref_nll_loss = 4.2287, ivc_loss = 0.0345, neg_loss_1 = 0.0002, neg_loss_2 = 0.0001, ref_loss = 0.0106, div_loss = 0.1264, aux_loss = 0.0000, 0.227 seconds/batch
2026-05-06 18:08:31,925 - Epoch 28, Batch 1150, lr = 0.00004, aux_scale = 1.000,  final_loss = 4.0816, nll_loss = 3.9471, ref_nll_loss = 4.2161, ivc_loss = 0.0351, neg_loss_1 = 0.0005, neg_loss_2 = 0.0000, ref_loss = 0.0105, div_loss = 0.1286, aux_loss = 0.0000, 0.227 seconds/batch
2026-05-06 18:08:36,438 - Epoch 28, Batch 1170, lr = 0.00004, aux_scale = 1.000,  final_loss = 4.1335, nll_loss = 3.9988, ref_nll_loss = 4.2682, ivc_loss = 0.0333, neg_loss_1 = 0.0001, neg_loss_2 = 0.0000, ref_loss = 0.0103, div_loss = 0.1257, aux_loss = 0.0000, 0.227 seconds/batch
2026-05-06 18:08:36,491 - save model to checkpoints/activitynet_moe_v3/moe_v3/model-28.pt, num_updates 32760.
2026-05-06 18:10:27,251 - | R@1,mIoU 0.3491 | R@1,IoU@0.1 0.8253 | R@1,IoU@0.3 0.5237 | R@1,IoU@0.5 0.2649 | R@1,IoU@0.7 0.1104 | R@1,IoU@0.9 0.0142 | R@5,mIoU 0.3995 | R@5,IoU@0.1 0.8532 | R@5,IoU@0.3 0.5839 | R@5,IoU@0.5 0.3571 | R@5,IoU@0.7 0.1630 | R@5,IoU@0.9 0.0317 |
2026-05-06 18:10:27,252 - ============================================================
2026-05-06 18:10:27,252 - Start Epoch 29
2026-05-06 18:10:38,876 - Epoch 29, Batch 50, lr = 0.00004, aux_scale = 1.000,  final_loss = 4.0689, nll_loss = 3.9367, ref_nll_loss = 4.2011, ivc_loss = 0.0359, neg_loss_1 = 0.0001, neg_loss_2 = 0.0002, ref_loss = 0.0113, div_loss = 0.1264, aux_loss = 0.0000, 0.232 seconds/batch
2026-05-06 18:10:50,248 - Epoch 29, Batch 100, lr = 0.00004, aux_scale = 1.000,  final_loss = 4.0231, nll_loss = 3.8883, ref_nll_loss = 4.1580, ivc_loss = 0.0302, neg_loss_1 = 0.0000, neg_loss_2 = 0.0000, ref_loss = 0.0087, div_loss = 0.1269, aux_loss = 0.0000, 0.230 seconds/batch
2026-05-06 18:11:01,562 - Epoch 29, Batch 150, lr = 0.00004, aux_scale = 1.000,  final_loss = 4.0532, nll_loss = 3.9196, ref_nll_loss = 4.1867, ivc_loss = 0.0355, neg_loss_1 = 0.0003, neg_loss_2 = 0.0000, ref_loss = 0.0111, div_loss = 0.1288, aux_loss = 0.0000, 0.229 seconds/batch
2026-05-06 18:11:12,861 - Epoch 29, Batch 200, lr = 0.00004, aux_scale = 1.000,  final_loss = 4.0871, nll_loss = 3.9538, ref_nll_loss = 4.2204, ivc_loss = 0.0331, neg_loss_1 = 0.0001, neg_loss_2 = 0.0001, ref_loss = 0.0099, div_loss = 0.1292, aux_loss = 0.0000, 0.228 seconds/batch
2026-05-06 18:11:24,226 - Epoch 29, Batch 250, lr = 0.00004, aux_scale = 1.000,  final_loss = 4.0403, nll_loss = 3.9052, ref_nll_loss = 4.1754, ivc_loss = 0.0371, neg_loss_1 = 0.0008, neg_loss_2 = 0.0001, ref_loss = 0.0112, div_loss = 0.1280, aux_loss = 0.0000, 0.228 seconds/batch
2026-05-06 18:11:35,654 - Epoch 29, Batch 300, lr = 0.00004, aux_scale = 1.000,  final_loss = 4.0754, nll_loss = 3.9414, ref_nll_loss = 4.2094, ivc_loss = 0.0316, neg_loss_1 = 0.0003, neg_loss_2 = 0.0001, ref_loss = 0.0091, div_loss = 0.1264, aux_loss = 0.0000, 0.228 seconds/batch
2026-05-06 18:11:46,987 - Epoch 29, Batch 350, lr = 0.00004, aux_scale = 1.000,  final_loss = 4.0671, nll_loss = 3.9338, ref_nll_loss = 4.2004, ivc_loss = 0.0352, neg_loss_1 = 0.0001, neg_loss_2 = 0.0000, ref_loss = 0.0112, div_loss = 0.1255, aux_loss = 0.0000, 0.228 seconds/batch
2026-05-06 18:11:58,302 - Epoch 29, Batch 400, lr = 0.00004, aux_scale = 1.000,  final_loss = 4.0721, nll_loss = 3.9407, ref_nll_loss = 4.2035, ivc_loss = 0.0343, neg_loss_1 = 0.0001, neg_loss_2 = 0.0001, ref_loss = 0.0106, div_loss = 0.1278, aux_loss = 0.0000, 0.228 seconds/batch
2026-05-06 18:12:09,760 - Epoch 29, Batch 450, lr = 0.00004, aux_scale = 1.000,  final_loss = 4.0171, nll_loss = 3.8802, ref_nll_loss = 4.1540, ivc_loss = 0.0341, neg_loss_1 = 0.0006, neg_loss_2 = 0.0000, ref_loss = 0.0100, div_loss = 0.1285, aux_loss = 0.0000, 0.228 seconds/batch
2026-05-06 18:12:21,246 - Epoch 29, Batch 500, lr = 0.00004, aux_scale = 1.000,  final_loss = 4.1077, nll_loss = 3.9768, ref_nll_loss = 4.2387, ivc_loss = 0.0353, neg_loss_1 = 0.0000, neg_loss_2 = 0.0001, ref_loss = 0.0112, div_loss = 0.1275, aux_loss = 0.0000, 0.228 seconds/batch
2026-05-06 18:12:32,647 - Epoch 29, Batch 550, lr = 0.00004, aux_scale = 1.000,  final_loss = 4.0799, nll_loss = 3.9433, ref_nll_loss = 4.2165, ivc_loss = 0.0346, neg_loss_1 = 0.0003, neg_loss_2 = 0.0001, ref_loss = 0.0105, div_loss = 0.1282, aux_loss = 0.0000, 0.228 seconds/batch
2026-05-06 18:12:43,975 - Epoch 29, Batch 600, lr = 0.00004, aux_scale = 1.000,  final_loss = 4.1078, nll_loss = 3.9728, ref_nll_loss = 4.2428, ivc_loss = 0.0337, neg_loss_1 = 0.0002, neg_loss_2 = 0.0001, ref_loss = 0.0104, div_loss = 0.1241, aux_loss = 0.0000, 0.228 seconds/batch
2026-05-06 18:12:55,340 - Epoch 29, Batch 650, lr = 0.00004, aux_scale = 1.000,  final_loss = 4.1011, nll_loss = 3.9643, ref_nll_loss = 4.2380, ivc_loss = 0.0325, neg_loss_1 = 0.0004, neg_loss_2 = 0.0001, ref_loss = 0.0094, div_loss = 0.1258, aux_loss = 0.0000, 0.228 seconds/batch
2026-05-06 18:13:06,712 - Epoch 29, Batch 700, lr = 0.00004, aux_scale = 1.000,  final_loss = 4.0849, nll_loss = 3.9490, ref_nll_loss = 4.2209, ivc_loss = 0.0307, neg_loss_1 = 0.0004, neg_loss_2 = 0.0000, ref_loss = 0.0087, div_loss = 0.1256, aux_loss = 0.0000, 0.228 seconds/batch
2026-05-06 18:13:18,094 - Epoch 29, Batch 750, lr = 0.00004, aux_scale = 1.000,  final_loss = 4.0589, nll_loss = 3.9249, ref_nll_loss = 4.1928, ivc_loss = 0.0337, neg_loss_1 = 0.0003, neg_loss_2 = 0.0001, ref_loss = 0.0101, div_loss = 0.1272, aux_loss = 0.0000, 0.228 seconds/batch
2026-05-06 18:13:29,489 - Epoch 29, Batch 800, lr = 0.00004, aux_scale = 1.000,  final_loss = 4.0972, nll_loss = 3.9642, ref_nll_loss = 4.2303, ivc_loss = 0.0320, neg_loss_1 = 0.0000, neg_loss_2 = 0.0001, ref_loss = 0.0095, div_loss = 0.1289, aux_loss = 0.0000, 0.228 seconds/batch
2026-05-06 18:13:40,875 - Epoch 29, Batch 850, lr = 0.00004, aux_scale = 1.000,  final_loss = 4.0841, nll_loss = 3.9522, ref_nll_loss = 4.2160, ivc_loss = 0.0351, neg_loss_1 = 0.0005, neg_loss_2 = 0.0001, ref_loss = 0.0107, div_loss = 0.1239, aux_loss = 0.0000, 0.228 seconds/batch
2026-05-06 18:13:52,320 - Epoch 29, Batch 900, lr = 0.00004, aux_scale = 1.000,  final_loss = 4.0486, nll_loss = 3.9146, ref_nll_loss = 4.1826, ivc_loss = 0.0337, neg_loss_1 = 0.0002, neg_loss_2 = 0.0000, ref_loss = 0.0103, div_loss = 0.1262, aux_loss = 0.0000, 0.228 seconds/batch
2026-05-06 18:14:03,723 - Epoch 29, Batch 950, lr = 0.00004, aux_scale = 1.000,  final_loss = 4.0541, nll_loss = 3.9193, ref_nll_loss = 4.1890, ivc_loss = 0.0338, neg_loss_1 = 0.0002, neg_loss_2 = 0.0002, ref_loss = 0.0102, div_loss = 0.1276, aux_loss = 0.0000, 0.228 seconds/batch
2026-05-06 18:14:15,088 - Epoch 29, Batch 1000, lr = 0.00004, aux_scale = 1.000,  final_loss = 4.0988, nll_loss = 3.9662, ref_nll_loss = 4.2314, ivc_loss = 0.0343, neg_loss_1 = 0.0003, neg_loss_2 = 0.0000, ref_loss = 0.0105, div_loss = 0.1247, aux_loss = 0.0000, 0.228 seconds/batch
2026-05-06 18:14:26,592 - Epoch 29, Batch 1050, lr = 0.00004, aux_scale = 1.000,  final_loss = 4.1159, nll_loss = 3.9800, ref_nll_loss = 4.2518, ivc_loss = 0.0314, neg_loss_1 = 0.0002, neg_loss_2 = 0.0000, ref_loss = 0.0092, div_loss = 0.1271, aux_loss = 0.0000, 0.228 seconds/batch
2026-05-06 18:14:37,986 - Epoch 29, Batch 1100, lr = 0.00004, aux_scale = 1.000,  final_loss = 4.0834, nll_loss = 3.9518, ref_nll_loss = 4.2151, ivc_loss = 0.0354, neg_loss_1 = 0.0001, neg_loss_2 = 0.0000, ref_loss = 0.0112, div_loss = 0.1277, aux_loss = 0.0000, 0.228 seconds/batch
2026-05-06 18:14:49,414 - Epoch 29, Batch 1150, lr = 0.00004, aux_scale = 1.000,  final_loss = 4.0625, nll_loss = 3.9297, ref_nll_loss = 4.1953, ivc_loss = 0.0341, neg_loss_1 = 0.0004, neg_loss_2 = 0.0000, ref_loss = 0.0103, div_loss = 0.1261, aux_loss = 0.0000, 0.228 seconds/batch
2026-05-06 18:14:53,942 - Epoch 29, Batch 1170, lr = 0.00004, aux_scale = 1.000,  final_loss = 4.1001, nll_loss = 3.9699, ref_nll_loss = 4.2304, ivc_loss = 0.0356, neg_loss_1 = 0.0000, neg_loss_2 = 0.0001, ref_loss = 0.0115, div_loss = 0.1253, aux_loss = 0.0000, 0.228 seconds/batch
2026-05-06 18:14:54,011 - save model to checkpoints/activitynet_moe_v3/moe_v3/model-29.pt, num_updates 33930.
2026-05-06 18:16:44,963 - | R@1,mIoU 0.3472 | R@1,IoU@0.1 0.8251 | R@1,IoU@0.3 0.5215 | R@1,IoU@0.5 0.2625 | R@1,IoU@0.7 0.1066 | R@1,IoU@0.9 0.0137 | R@5,mIoU 0.3978 | R@5,IoU@0.1 0.8543 | R@5,IoU@0.3 0.5842 | R@5,IoU@0.5 0.3573 | R@5,IoU@0.7 0.1573 | R@5,IoU@0.9 0.0296 |
2026-05-06 18:16:44,963 - ============================================================
2026-05-06 18:16:44,963 - Start Epoch 30
2026-05-06 18:16:56,588 - Epoch 30, Batch 50, lr = 0.00004, aux_scale = 1.000,  final_loss = 4.0494, nll_loss = 3.9165, ref_nll_loss = 4.1822, ivc_loss = 0.0331, neg_loss_1 = 0.0002, neg_loss_2 = 0.0001, ref_loss = 0.0099, div_loss = 0.1262, aux_loss = 0.0000, 0.232 seconds/batch
2026-05-06 18:17:07,854 - Epoch 30, Batch 100, lr = 0.00004, aux_scale = 1.000,  final_loss = 4.0313, nll_loss = 3.8957, ref_nll_loss = 4.1668, ivc_loss = 0.0319, neg_loss_1 = 0.0001, neg_loss_2 = 0.0000, ref_loss = 0.0096, div_loss = 0.1251, aux_loss = 0.0000, 0.229 seconds/batch
2026-05-06 18:17:19,196 - Epoch 30, Batch 150, lr = 0.00004, aux_scale = 1.000,  final_loss = 4.0368, nll_loss = 3.9040, ref_nll_loss = 4.1696, ivc_loss = 0.0341, neg_loss_1 = 0.0001, neg_loss_2 = 0.0001, ref_loss = 0.0107, div_loss = 0.1236, aux_loss = 0.0000, 0.228 seconds/batch
2026-05-06 18:17:30,592 - Epoch 30, Batch 200, lr = 0.00004, aux_scale = 1.000,  final_loss = 4.0562, nll_loss = 3.9245, ref_nll_loss = 4.1879, ivc_loss = 0.0335, neg_loss_1 = 0.0001, neg_loss_2 = 0.0000, ref_loss = 0.0104, div_loss = 0.1244, aux_loss = 0.0000, 0.228 seconds/batch
2026-05-06 18:17:41,933 - Epoch 30, Batch 250, lr = 0.00004, aux_scale = 1.000,  final_loss = 4.0346, nll_loss = 3.9018, ref_nll_loss = 4.1675, ivc_loss = 0.0327, neg_loss_1 = 0.0001, neg_loss_2 = 0.0000, ref_loss = 0.0099, div_loss = 0.1260, aux_loss = 0.0000, 0.228 seconds/batch
2026-05-06 18:17:53,321 - Epoch 30, Batch 300, lr = 0.00004, aux_scale = 1.000,  final_loss = 4.0554, nll_loss = 3.9217, ref_nll_loss = 4.1891, ivc_loss = 0.0347, neg_loss_1 = 0.0003, neg_loss_2 = 0.0003, ref_loss = 0.0101, div_loss = 0.1310, aux_loss = 0.0000, 0.228 seconds/batch
2026-05-06 18:18:04,721 - Epoch 30, Batch 350, lr = 0.00004, aux_scale = 1.000,  final_loss = 4.0877, nll_loss = 3.9510, ref_nll_loss = 4.2244, ivc_loss = 0.0318, neg_loss_1 = 0.0001, neg_loss_2 = 0.0000, ref_loss = 0.0094, div_loss = 0.1285, aux_loss = 0.0000, 0.228 seconds/batch
2026-05-06 18:18:16,146 - Epoch 30, Batch 400, lr = 0.00004, aux_scale = 1.000,  final_loss = 4.0439, nll_loss = 3.9112, ref_nll_loss = 4.1767, ivc_loss = 0.0348, neg_loss_1 = 0.0002, neg_loss_2 = 0.0001, ref_loss = 0.0107, div_loss = 0.1293, aux_loss = 0.0000, 0.228 seconds/batch
2026-05-06 18:18:27,502 - Epoch 30, Batch 450, lr = 0.00004, aux_scale = 1.000,  final_loss = 4.0639, nll_loss = 3.9281, ref_nll_loss = 4.1997, ivc_loss = 0.0311, neg_loss_1 = 0.0000, neg_loss_2 = 0.0001, ref_loss = 0.0090, div_loss = 0.1289, aux_loss = 0.0000, 0.228 seconds/batch
2026-05-06 18:18:38,823 - Epoch 30, Batch 500, lr = 0.00004, aux_scale = 1.000,  final_loss = 4.0377, nll_loss = 3.9040, ref_nll_loss = 4.1715, ivc_loss = 0.0340, neg_loss_1 = 0.0001, neg_loss_2 = 0.0000, ref_loss = 0.0104, div_loss = 0.1289, aux_loss = 0.0000, 0.228 seconds/batch
2026-05-06 18:18:50,139 - Epoch 30, Batch 550, lr = 0.00004, aux_scale = 1.000,  final_loss = 4.0466, nll_loss = 3.9078, ref_nll_loss = 4.1854, ivc_loss = 0.0338, neg_loss_1 = 0.0002, neg_loss_2 = 0.0000, ref_loss = 0.0102, div_loss = 0.1303, aux_loss = 0.0000, 0.228 seconds/batch
2026-05-06 18:19:01,449 - Epoch 30, Batch 600, lr = 0.00004, aux_scale = 1.000,  final_loss = 4.0700, nll_loss = 3.9325, ref_nll_loss = 4.2074, ivc_loss = 0.0330, neg_loss_1 = 0.0002, neg_loss_2 = 0.0000, ref_loss = 0.0099, div_loss = 0.1292, aux_loss = 0.0000, 0.227 seconds/batch
2026-05-06 18:19:12,767 - Epoch 30, Batch 650, lr = 0.00004, aux_scale = 1.000,  final_loss = 4.0552, nll_loss = 3.9214, ref_nll_loss = 4.1891, ivc_loss = 0.0359, neg_loss_1 = 0.0002, neg_loss_2 = 0.0000, ref_loss = 0.0114, div_loss = 0.1279, aux_loss = 0.0000, 0.227 seconds/batch
2026-05-06 18:19:24,288 - Epoch 30, Batch 700, lr = 0.00004, aux_scale = 1.000,  final_loss = 4.0297, nll_loss = 3.8928, ref_nll_loss = 4.1666, ivc_loss = 0.0327, neg_loss_1 = 0.0003, neg_loss_2 = 0.0002, ref_loss = 0.0094, div_loss = 0.1290, aux_loss = 0.0000, 0.228 seconds/batch
2026-05-06 18:19:35,837 - Epoch 30, Batch 750, lr = 0.00004, aux_scale = 1.000,  final_loss = 4.0791, nll_loss = 3.9418, ref_nll_loss = 4.2164, ivc_loss = 0.0346, neg_loss_1 = 0.0006, neg_loss_2 = 0.0001, ref_loss = 0.0101, div_loss = 0.1288, aux_loss = 0.0000, 0.228 seconds/batch
2026-05-06 18:19:47,358 - Epoch 30, Batch 800, lr = 0.00004, aux_scale = 1.000,  final_loss = 4.0548, nll_loss = 3.9185, ref_nll_loss = 4.1911, ivc_loss = 0.0305, neg_loss_1 = 0.0000, neg_loss_2 = 0.0001, ref_loss = 0.0087, div_loss = 0.1290, aux_loss = 0.0000, 0.228 seconds/batch
2026-05-06 18:19:58,895 - Epoch 30, Batch 850, lr = 0.00004, aux_scale = 1.000,  final_loss = 4.0770, nll_loss = 3.9434, ref_nll_loss = 4.2106, ivc_loss = 0.0360, neg_loss_1 = 0.0002, neg_loss_2 = 0.0001, ref_loss = 0.0113, div_loss = 0.1272, aux_loss = 0.0000, 0.228 seconds/batch
2026-05-06 18:20:10,281 - Epoch 30, Batch 900, lr = 0.00004, aux_scale = 1.000,  final_loss = 4.0724, nll_loss = 3.9378, ref_nll_loss = 4.2070, ivc_loss = 0.0334, neg_loss_1 = 0.0001, neg_loss_2 = 0.0000, ref_loss = 0.0102, div_loss = 0.1271, aux_loss = 0.0000, 0.228 seconds/batch
2026-05-06 18:20:21,749 - Epoch 30, Batch 950, lr = 0.00004, aux_scale = 1.000,  final_loss = 4.0727, nll_loss = 3.9342, ref_nll_loss = 4.2111, ivc_loss = 0.0299, neg_loss_1 = 0.0001, neg_loss_2 = 0.0000, ref_loss = 0.0084, div_loss = 0.1271, aux_loss = 0.0000, 0.228 seconds/batch
2026-05-06 18:20:33,203 - Epoch 30, Batch 1000, lr = 0.00004, aux_scale = 1.000,  final_loss = 4.0554, nll_loss = 3.9216, ref_nll_loss = 4.1891, ivc_loss = 0.0319, neg_loss_1 = 0.0002, neg_loss_2 = 0.0002, ref_loss = 0.0092, div_loss = 0.1277, aux_loss = 0.0000, 0.228 seconds/batch
2026-05-06 18:20:44,547 - Epoch 30, Batch 1050, lr = 0.00004, aux_scale = 1.000,  final_loss = 4.0608, nll_loss = 3.9274, ref_nll_loss = 4.1943, ivc_loss = 0.0339, neg_loss_1 = 0.0002, neg_loss_2 = 0.0003, ref_loss = 0.0099, div_loss = 0.1295, aux_loss = 0.0000, 0.228 seconds/batch
2026-05-06 18:20:55,958 - Epoch 30, Batch 1100, lr = 0.00004, aux_scale = 1.000,  final_loss = 4.0857, nll_loss = 3.9557, ref_nll_loss = 4.2156, ivc_loss = 0.0387, neg_loss_1 = 0.0005, neg_loss_2 = 0.0001, ref_loss = 0.0124, div_loss = 0.1272, aux_loss = 0.0000, 0.228 seconds/batch
2026-05-06 18:21:07,298 - Epoch 30, Batch 1150, lr = 0.00004, aux_scale = 1.000,  final_loss = 4.0985, nll_loss = 3.9642, ref_nll_loss = 4.2328, ivc_loss = 0.0322, neg_loss_1 = 0.0001, neg_loss_2 = 0.0000, ref_loss = 0.0095, div_loss = 0.1282, aux_loss = 0.0000, 0.228 seconds/batch
2026-05-06 18:21:11,797 - Epoch 30, Batch 1170, lr = 0.00004, aux_scale = 1.000,  final_loss = 4.0869, nll_loss = 3.9478, ref_nll_loss = 4.2260, ivc_loss = 0.0336, neg_loss_1 = 0.0002, neg_loss_2 = 0.0003, ref_loss = 0.0098, div_loss = 0.1300, aux_loss = 0.0000, 0.228 seconds/batch
2026-05-06 18:21:11,856 - save model to checkpoints/activitynet_moe_v3/moe_v3/model-30.pt, num_updates 35100.
2026-05-06 18:23:02,474 - | R@1,mIoU 0.3462 | R@1,IoU@0.1 0.8230 | R@1,IoU@0.3 0.5204 | R@1,IoU@0.5 0.2621 | R@1,IoU@0.7 0.1064 | R@1,IoU@0.9 0.0126 | R@5,mIoU 0.3955 | R@5,IoU@0.1 0.8517 | R@5,IoU@0.3 0.5794 | R@5,IoU@0.5 0.3529 | R@5,IoU@0.7 0.1572 | R@5,IoU@0.9 0.0280 |
2026-05-06 18:23:02,474 - ============================================================
2026-05-06 18:23:02,474 - Best results:
2026-05-06 18:23:02,474 - | R@1,mIoU 0.3493 | R@1,IoU@0.1 0.8277 | R@1,IoU@0.3 0.5277 | R@1,IoU@0.5 0.2661 | R@1,IoU@0.7 0.1069 | R@1,IoU@0.9 0.0140 | R@5,mIoU 0.4022 | R@5,IoU@0.1 0.8560 | R@5,IoU@0.3 0.5887 | R@5,IoU@0.5 0.3627 | R@5,IoU@0.7 0.1626 | R@5,IoU@0.9 0.0331 |
