2026-04-19 23:09:12,432 - {'dataset': {'dataset': 'ActivityNet', 'feature_path': '/data/chenyuan/videogrounding/cpl-main/data/activitynet/sub_activitynet_v1-3.c3d.hdf5', 'vocab_size': 1111, 'word_dim': 300, 'frame_dim': 500, 'max_num_words': 40, 'max_num_frames': 200, 'target_stride': 1, 'train_data': 'data/activitynet/train_data.json', 'test_data': 'data/activitynet/test_data.json', 'val_data': 'data/activitynet/val_data.json', 'vocab_path': 'data/activitynet/glove.pkl'}, 'train': {'optimizer': {'lr': 0.0004, 'weight_decay': 0, 'warmup_updates': 400, 'warmup_init_lr': 1e-07}, 'batch_size': 32, 'max_num_epochs': 30, 'model_saved_path': 'checkpoints/activitynet_moe/cpl_moe'}, 'model': {'name': 'CPL_MoE', 'source': 'models', 'config': {'frames_input_size': 500, 'words_input_size': 300, 'hidden_size': 256, 'use_negative': True, 'num_props': 8, 'sigma': 9, 'gamma': 0.5, 'dropout': 0.1, 'DualTransformer': {'d_model': 256, 'num_heads': 4, 'num_decoder_layers1': 3, 'num_decoder_layers2': 3, 'dropout': 0.1}, 'MoE': {'use_moe': True, 'use_simple_moe': False, 'num_experts': 8, 'num_shared_experts': 2, 'top_k': 2, 'use_load_balance_loss': True, 'load_balance_weight': 0.01, 'use_2layer_gate': True}}}, 'loss': {'margin_1': 0.1, 'margin_2': 0.2, 'lambda': 0.115, 'alpha_1': 1, 'alpha_2': 5, 'use_width_reg': False, 'width_lambda': 0.05}, 'vote': True}
2026-04-19 23:09:12,765 - train: 37421 samples, test: 17031 samples
2026-04-19 23:09:13,425 - Start Epoch 1
2026-04-19 23:09:25,815 - Epoch 1, Batch 50, lr = 0.00005, final_loss = 6.8849, nll_loss = 6.8427, ref_nll_loss = 6.9271, ivc_loss = 1.3106, neg_loss_1 = 0.1101, neg_loss_2 = 0.1075, ref_loss = 0.0421, div_loss = 0.2102, 0.248 seconds/batch
2026-04-19 23:09:44,988 - Epoch 1, Batch 100, lr = 0.00010, final_loss = 6.0579, nll_loss = 6.0201, ref_nll_loss = 6.0957, ivc_loss = 0.3217, neg_loss_1 = 0.0660, neg_loss_2 = 0.0675, ref_loss = 0.0405, div_loss = 0.0295, 0.316 seconds/batch
2026-04-19 23:10:18,689 - Epoch 1, Batch 150, lr = 0.00015, final_loss = 5.6406, nll_loss = 5.5989, ref_nll_loss = 5.6823, ivc_loss = 0.2379, neg_loss_1 = 0.0673, neg_loss_2 = 0.0642, ref_loss = 0.0384, div_loss = 0.0136, 0.435 seconds/batch
2026-04-19 23:10:57,948 - Epoch 1, Batch 200, lr = 0.00020, final_loss = 5.4332, nll_loss = 5.3883, ref_nll_loss = 5.4781, ivc_loss = 0.2064, neg_loss_1 = 0.0637, neg_loss_2 = 0.0559, ref_loss = 0.0354, div_loss = 0.0103, 0.523 seconds/batch
2026-04-19 23:11:37,347 - Epoch 1, Batch 250, lr = 0.00025, final_loss = 5.3247, nll_loss = 5.2785, ref_nll_loss = 5.3709, ivc_loss = 0.1917, neg_loss_1 = 0.0557, neg_loss_2 = 0.0506, ref_loss = 0.0378, div_loss = 0.0095, 0.576 seconds/batch
2026-04-19 23:12:16,672 - Epoch 1, Batch 300, lr = 0.00030, final_loss = 5.2563, nll_loss = 5.2045, ref_nll_loss = 5.3081, ivc_loss = 0.1834, neg_loss_1 = 0.0512, neg_loss_2 = 0.0522, ref_loss = 0.0334, div_loss = 0.0093, 0.611 seconds/batch
2026-04-19 23:12:56,167 - Epoch 1, Batch 350, lr = 0.00035, final_loss = 5.1626, nll_loss = 5.1107, ref_nll_loss = 5.2145, ivc_loss = 0.1786, neg_loss_1 = 0.0496, neg_loss_2 = 0.0483, ref_loss = 0.0339, div_loss = 0.0094, 0.636 seconds/batch
2026-04-19 23:13:35,792 - Epoch 1, Batch 400, lr = 0.00040, final_loss = 5.0777, nll_loss = 5.0222, ref_nll_loss = 5.1333, ivc_loss = 0.1680, neg_loss_1 = 0.0475, neg_loss_2 = 0.0426, ref_loss = 0.0333, div_loss = 0.0089, 0.656 seconds/batch
2026-04-19 23:14:15,540 - Epoch 1, Batch 450, lr = 0.00038, final_loss = 5.0456, nll_loss = 4.9899, ref_nll_loss = 5.1012, ivc_loss = 0.1607, neg_loss_1 = 0.0423, neg_loss_2 = 0.0428, ref_loss = 0.0316, div_loss = 0.0088, 0.671 seconds/batch
2026-04-19 23:14:55,241 - Epoch 1, Batch 500, lr = 0.00036, final_loss = 4.9510, nll_loss = 4.8978, ref_nll_loss = 5.0041, ivc_loss = 0.1537, neg_loss_1 = 0.0358, neg_loss_2 = 0.0377, ref_loss = 0.0362, div_loss = 0.0088, 0.684 seconds/batch
2026-04-19 23:15:35,128 - Epoch 1, Batch 550, lr = 0.00034, final_loss = 4.8755, nll_loss = 4.8194, ref_nll_loss = 4.9317, ivc_loss = 0.1307, neg_loss_1 = 0.0276, neg_loss_2 = 0.0277, ref_loss = 0.0346, div_loss = 0.0081, 0.694 seconds/batch
2026-04-19 23:16:14,544 - Epoch 1, Batch 600, lr = 0.00033, final_loss = 4.8472, nll_loss = 4.7925, ref_nll_loss = 4.9020, ivc_loss = 0.1235, neg_loss_1 = 0.0228, neg_loss_2 = 0.0231, ref_loss = 0.0375, div_loss = 0.0080, 0.702 seconds/batch
2026-04-19 23:16:54,480 - Epoch 1, Batch 650, lr = 0.00031, final_loss = 4.8016, nll_loss = 4.7447, ref_nll_loss = 4.8585, ivc_loss = 0.1076, neg_loss_1 = 0.0153, neg_loss_2 = 0.0145, ref_loss = 0.0363, div_loss = 0.0083, 0.709 seconds/batch
2026-04-19 23:17:34,098 - Epoch 1, Batch 700, lr = 0.00030, final_loss = 4.7532, nll_loss = 4.6956, ref_nll_loss = 4.8108, ivc_loss = 0.1041, neg_loss_1 = 0.0143, neg_loss_2 = 0.0136, ref_loss = 0.0358, div_loss = 0.0081, 0.715 seconds/batch
2026-04-19 23:18:14,089 - Epoch 1, Batch 750, lr = 0.00029, final_loss = 4.7517, nll_loss = 4.6962, ref_nll_loss = 4.8072, ivc_loss = 0.0979, neg_loss_1 = 0.0108, neg_loss_2 = 0.0113, ref_loss = 0.0372, div_loss = 0.0077, 0.721 seconds/batch
2026-04-19 23:18:53,643 - Epoch 1, Batch 800, lr = 0.00028, final_loss = 4.6821, nll_loss = 4.6204, ref_nll_loss = 4.7437, ivc_loss = 0.0930, neg_loss_1 = 0.0088, neg_loss_2 = 0.0100, ref_loss = 0.0327, div_loss = 0.0083, 0.725 seconds/batch
2026-04-19 23:19:33,460 - Epoch 1, Batch 850, lr = 0.00027, final_loss = 4.6854, nll_loss = 4.6239, ref_nll_loss = 4.7469, ivc_loss = 0.0931, neg_loss_1 = 0.0096, neg_loss_2 = 0.0107, ref_loss = 0.0344, div_loss = 0.0077, 0.729 seconds/batch
2026-04-19 23:20:12,896 - Epoch 1, Batch 900, lr = 0.00027, final_loss = 4.6549, nll_loss = 4.5950, ref_nll_loss = 4.7148, ivc_loss = 0.0869, neg_loss_1 = 0.0066, neg_loss_2 = 0.0080, ref_loss = 0.0340, div_loss = 0.0077, 0.733 seconds/batch
2026-04-19 23:20:52,470 - Epoch 1, Batch 950, lr = 0.00026, final_loss = 4.6623, nll_loss = 4.5994, ref_nll_loss = 4.7253, ivc_loss = 0.0888, neg_loss_1 = 0.0064, neg_loss_2 = 0.0098, ref_loss = 0.0326, div_loss = 0.0080, 0.736 seconds/batch
2026-04-19 23:21:32,359 - Epoch 1, Batch 1000, lr = 0.00025, final_loss = 4.6235, nll_loss = 4.5599, ref_nll_loss = 4.6871, ivc_loss = 0.0861, neg_loss_1 = 0.0065, neg_loss_2 = 0.0077, ref_loss = 0.0319, div_loss = 0.0080, 0.739 seconds/batch
2026-04-19 23:22:12,034 - Epoch 1, Batch 1050, lr = 0.00025, final_loss = 4.6097, nll_loss = 4.5460, ref_nll_loss = 4.6734, ivc_loss = 0.0873, neg_loss_1 = 0.0070, neg_loss_2 = 0.0092, ref_loss = 0.0323, div_loss = 0.0078, 0.742 seconds/batch
2026-04-19 23:22:51,521 - Epoch 1, Batch 1100, lr = 0.00024, final_loss = 4.5621, nll_loss = 4.4991, ref_nll_loss = 4.6251, ivc_loss = 0.0907, neg_loss_1 = 0.0048, neg_loss_2 = 0.0085, ref_loss = 0.0329, div_loss = 0.0089, 0.744 seconds/batch
2026-04-19 23:23:31,002 - Epoch 1, Batch 1150, lr = 0.00024, final_loss = 4.5576, nll_loss = 4.4925, ref_nll_loss = 4.6228, ivc_loss = 0.0806, neg_loss_1 = 0.0066, neg_loss_2 = 0.0067, ref_loss = 0.0302, div_loss = 0.0074, 0.746 seconds/batch
2026-04-19 23:23:46,477 - Epoch 1, Batch 1170, lr = 0.00023, final_loss = 4.5345, nll_loss = 4.4768, ref_nll_loss = 4.5922, ivc_loss = 0.0842, neg_loss_1 = 0.0046, neg_loss_2 = 0.0073, ref_loss = 0.0365, div_loss = 0.0072, 0.746 seconds/batch
2026-04-19 23:23:46,550 - save model to checkpoints/activitynet_moe/cpl_moe/model-1.pt, num_updates 1170.
2026-04-19 23:27:01,654 - | R@1,mIoU 0.2347 | R@1,IoU@0.1 0.5457 | R@1,IoU@0.3 0.3967 | R@1,IoU@0.5 0.1597 | R@1,IoU@0.7 0.0459 | R@1,IoU@0.9 0.0045 | R@5,mIoU 0.5251 | R@5,IoU@0.1 0.9170 | R@5,IoU@0.3 0.7788 | R@5,IoU@0.5 0.5284 | R@5,IoU@0.7 0.3157 | R@5,IoU@0.9 0.0727 |
2026-04-19 23:27:01,742 - Best results have been updated.
2026-04-19 23:27:01,743 - ============================================================
2026-04-19 23:27:01,743 - Start Epoch 2
2026-04-19 23:27:23,758 - Epoch 2, Batch 50, lr = 0.00023, final_loss = 4.5132, nll_loss = 4.4491, ref_nll_loss = 4.5773, ivc_loss = 0.0889, neg_loss_1 = 0.0080, neg_loss_2 = 0.0110, ref_loss = 0.0327, div_loss = 0.0074, 0.440 seconds/batch
2026-04-19 23:27:50,389 - Epoch 2, Batch 100, lr = 0.00022, final_loss = 4.5138, nll_loss = 4.4534, ref_nll_loss = 4.5742, ivc_loss = 0.0889, neg_loss_1 = 0.0066, neg_loss_2 = 0.0100, ref_loss = 0.0341, div_loss = 0.0076, 0.486 seconds/batch
2026-04-19 23:28:25,743 - Epoch 2, Batch 150, lr = 0.00022, final_loss = 4.5266, nll_loss = 4.4648, ref_nll_loss = 4.5885, ivc_loss = 0.0853, neg_loss_1 = 0.0061, neg_loss_2 = 0.0082, ref_loss = 0.0329, div_loss = 0.0076, 0.560 seconds/batch
2026-04-19 23:29:05,215 - Epoch 2, Batch 200, lr = 0.00022, final_loss = 4.4787, nll_loss = 4.4167, ref_nll_loss = 4.5406, ivc_loss = 0.0870, neg_loss_1 = 0.0089, neg_loss_2 = 0.0068, ref_loss = 0.0339, div_loss = 0.0075, 0.617 seconds/batch
2026-04-19 23:29:45,019 - Epoch 2, Batch 250, lr = 0.00021, final_loss = 4.4819, nll_loss = 4.4168, ref_nll_loss = 4.5470, ivc_loss = 0.0893, neg_loss_1 = 0.0073, neg_loss_2 = 0.0111, ref_loss = 0.0314, div_loss = 0.0079, 0.653 seconds/batch
2026-04-19 23:30:24,664 - Epoch 2, Batch 300, lr = 0.00021, final_loss = 4.4692, nll_loss = 4.4045, ref_nll_loss = 4.5339, ivc_loss = 0.0864, neg_loss_1 = 0.0059, neg_loss_2 = 0.0077, ref_loss = 0.0347, div_loss = 0.0076, 0.676 seconds/batch
2026-04-19 23:31:04,385 - Epoch 2, Batch 350, lr = 0.00021, final_loss = 4.4882, nll_loss = 4.4273, ref_nll_loss = 4.5491, ivc_loss = 0.0857, neg_loss_1 = 0.0065, neg_loss_2 = 0.0079, ref_loss = 0.0337, div_loss = 0.0075, 0.693 seconds/batch
2026-04-19 23:31:43,955 - Epoch 2, Batch 400, lr = 0.00020, final_loss = 4.4624, nll_loss = 4.3959, ref_nll_loss = 4.5290, ivc_loss = 0.0810, neg_loss_1 = 0.0073, neg_loss_2 = 0.0053, ref_loss = 0.0308, div_loss = 0.0075, 0.706 seconds/batch
2026-04-19 23:32:23,746 - Epoch 2, Batch 450, lr = 0.00020, final_loss = 4.4329, nll_loss = 4.3682, ref_nll_loss = 4.4976, ivc_loss = 0.0835, neg_loss_1 = 0.0054, neg_loss_2 = 0.0093, ref_loss = 0.0322, div_loss = 0.0073, 0.716 seconds/batch
2026-04-19 23:33:03,646 - Epoch 2, Batch 500, lr = 0.00020, final_loss = 4.4325, nll_loss = 4.3707, ref_nll_loss = 4.4944, ivc_loss = 0.0835, neg_loss_1 = 0.0071, neg_loss_2 = 0.0053, ref_loss = 0.0324, div_loss = 0.0078, 0.724 seconds/batch
2026-04-19 23:33:43,250 - Epoch 2, Batch 550, lr = 0.00019, final_loss = 4.4177, nll_loss = 4.3497, ref_nll_loss = 4.4856, ivc_loss = 0.0825, neg_loss_1 = 0.0046, neg_loss_2 = 0.0085, ref_loss = 0.0311, div_loss = 0.0077, 0.730 seconds/batch
2026-04-19 23:34:22,920 - Epoch 2, Batch 600, lr = 0.00019, final_loss = 4.4165, nll_loss = 4.3504, ref_nll_loss = 4.4825, ivc_loss = 0.0817, neg_loss_1 = 0.0055, neg_loss_2 = 0.0067, ref_loss = 0.0311, div_loss = 0.0077, 0.735 seconds/batch
2026-04-19 23:35:02,735 - Epoch 2, Batch 650, lr = 0.00019, final_loss = 4.4094, nll_loss = 4.3473, ref_nll_loss = 4.4716, ivc_loss = 0.0793, neg_loss_1 = 0.0039, neg_loss_2 = 0.0045, ref_loss = 0.0341, div_loss = 0.0074, 0.740 seconds/batch
2026-04-19 23:35:42,468 - Epoch 2, Batch 700, lr = 0.00018, final_loss = 4.4029, nll_loss = 4.3405, ref_nll_loss = 4.4653, ivc_loss = 0.0853, neg_loss_1 = 0.0071, neg_loss_2 = 0.0073, ref_loss = 0.0324, div_loss = 0.0077, 0.744 seconds/batch
2026-04-19 23:36:22,272 - Epoch 2, Batch 750, lr = 0.00018, final_loss = 4.3773, nll_loss = 4.3116, ref_nll_loss = 4.4430, ivc_loss = 0.0833, neg_loss_1 = 0.0058, neg_loss_2 = 0.0065, ref_loss = 0.0311, div_loss = 0.0080, 0.747 seconds/batch
2026-04-19 23:37:02,085 - Epoch 2, Batch 800, lr = 0.00018, final_loss = 4.3762, nll_loss = 4.3097, ref_nll_loss = 4.4427, ivc_loss = 0.0853, neg_loss_1 = 0.0055, neg_loss_2 = 0.0077, ref_loss = 0.0324, div_loss = 0.0080, 0.750 seconds/batch
2026-04-19 23:37:42,138 - Epoch 2, Batch 850, lr = 0.00018, final_loss = 4.3950, nll_loss = 4.3326, ref_nll_loss = 4.4573, ivc_loss = 0.0808, neg_loss_1 = 0.0042, neg_loss_2 = 0.0054, ref_loss = 0.0333, div_loss = 0.0076, 0.753 seconds/batch
2026-04-19 23:38:21,790 - Epoch 2, Batch 900, lr = 0.00018, final_loss = 4.3794, nll_loss = 4.3123, ref_nll_loss = 4.4464, ivc_loss = 0.0768, neg_loss_1 = 0.0043, neg_loss_2 = 0.0048, ref_loss = 0.0297, div_loss = 0.0076, 0.756 seconds/batch
2026-04-19 23:39:01,709 - Epoch 2, Batch 950, lr = 0.00017, final_loss = 4.3764, nll_loss = 4.3105, ref_nll_loss = 4.4424, ivc_loss = 0.0745, neg_loss_1 = 0.0030, neg_loss_2 = 0.0039, ref_loss = 0.0308, div_loss = 0.0074, 0.758 seconds/batch
2026-04-19 23:39:41,679 - Epoch 2, Batch 1000, lr = 0.00017, final_loss = 4.3364, nll_loss = 4.2665, ref_nll_loss = 4.4062, ivc_loss = 0.0760, neg_loss_1 = 0.0053, neg_loss_2 = 0.0034, ref_loss = 0.0296, div_loss = 0.0075, 0.760 seconds/batch
2026-04-19 23:40:21,607 - Epoch 2, Batch 1050, lr = 0.00017, final_loss = 4.3722, nll_loss = 4.3071, ref_nll_loss = 4.4372, ivc_loss = 0.0762, neg_loss_1 = 0.0043, neg_loss_2 = 0.0032, ref_loss = 0.0308, div_loss = 0.0076, 0.762 seconds/batch
2026-04-19 23:41:01,344 - Epoch 2, Batch 1100, lr = 0.00017, final_loss = 4.3526, nll_loss = 4.2853, ref_nll_loss = 4.4199, ivc_loss = 0.0753, neg_loss_1 = 0.0028, neg_loss_2 = 0.0035, ref_loss = 0.0310, div_loss = 0.0076, 0.763 seconds/batch
2026-04-19 23:41:41,091 - Epoch 2, Batch 1150, lr = 0.00017, final_loss = 4.3379, nll_loss = 4.2720, ref_nll_loss = 4.4038, ivc_loss = 0.0773, neg_loss_1 = 0.0039, neg_loss_2 = 0.0034, ref_loss = 0.0307, div_loss = 0.0079, 0.765 seconds/batch
2026-04-19 23:41:56,588 - Epoch 2, Batch 1170, lr = 0.00017, final_loss = 4.3512, nll_loss = 4.2834, ref_nll_loss = 4.4191, ivc_loss = 0.0706, neg_loss_1 = 0.0015, neg_loss_2 = 0.0037, ref_loss = 0.0289, div_loss = 0.0073, 0.765 seconds/batch
2026-04-19 23:41:56,658 - save model to checkpoints/activitynet_moe/cpl_moe/model-2.pt, num_updates 2340.
2026-04-19 23:45:12,121 - | R@1,mIoU 0.2351 | R@1,IoU@0.1 0.5524 | R@1,IoU@0.3 0.4013 | R@1,IoU@0.5 0.1577 | R@1,IoU@0.7 0.0443 | R@1,IoU@0.9 0.0035 | R@5,mIoU 0.5260 | R@5,IoU@0.1 0.9252 | R@5,IoU@0.3 0.7811 | R@5,IoU@0.5 0.5318 | R@5,IoU@0.7 0.3146 | R@5,IoU@0.9 0.0708 |
2026-04-19 23:45:12,211 - Best results have been updated.
2026-04-19 23:45:12,211 - ============================================================
2026-04-19 23:45:12,211 - Start Epoch 3
2026-04-19 23:45:34,105 - Epoch 3, Batch 50, lr = 0.00016, final_loss = 4.3108, nll_loss = 4.2433, ref_nll_loss = 4.3783, ivc_loss = 0.0774, neg_loss_1 = 0.0047, neg_loss_2 = 0.0050, ref_loss = 0.0302, div_loss = 0.0075, 0.438 seconds/batch
2026-04-19 23:46:00,825 - Epoch 3, Batch 100, lr = 0.00016, final_loss = 4.3080, nll_loss = 4.2426, ref_nll_loss = 4.3734, ivc_loss = 0.0800, neg_loss_1 = 0.0040, neg_loss_2 = 0.0065, ref_loss = 0.0318, div_loss = 0.0075, 0.486 seconds/batch
2026-04-19 23:46:36,101 - Epoch 3, Batch 150, lr = 0.00016, final_loss = 4.3105, nll_loss = 4.2425, ref_nll_loss = 4.3786, ivc_loss = 0.0743, neg_loss_1 = 0.0037, neg_loss_2 = 0.0046, ref_loss = 0.0290, div_loss = 0.0074, 0.559 seconds/batch
2026-04-19 23:47:15,923 - Epoch 3, Batch 200, lr = 0.00016, final_loss = 4.2821, nll_loss = 4.2149, ref_nll_loss = 4.3492, ivc_loss = 0.0783, neg_loss_1 = 0.0037, neg_loss_2 = 0.0068, ref_loss = 0.0304, div_loss = 0.0075, 0.619 seconds/batch
2026-04-19 23:47:55,310 - Epoch 3, Batch 250, lr = 0.00016, final_loss = 4.2862, nll_loss = 4.2176, ref_nll_loss = 4.3547, ivc_loss = 0.0769, neg_loss_1 = 0.0038, neg_loss_2 = 0.0040, ref_loss = 0.0308, div_loss = 0.0077, 0.652 seconds/batch
2026-04-19 23:48:34,735 - Epoch 3, Batch 300, lr = 0.00016, final_loss = 4.3110, nll_loss = 4.2458, ref_nll_loss = 4.3762, ivc_loss = 0.0788, neg_loss_1 = 0.0036, neg_loss_2 = 0.0049, ref_loss = 0.0331, div_loss = 0.0075, 0.675 seconds/batch
2026-04-19 23:49:13,980 - Epoch 3, Batch 350, lr = 0.00015, final_loss = 4.3030, nll_loss = 4.2341, ref_nll_loss = 4.3719, ivc_loss = 0.0767, neg_loss_1 = 0.0027, neg_loss_2 = 0.0063, ref_loss = 0.0299, div_loss = 0.0076, 0.691 seconds/batch
2026-04-19 23:49:53,460 - Epoch 3, Batch 400, lr = 0.00015, final_loss = 4.2671, nll_loss = 4.1973, ref_nll_loss = 4.3369, ivc_loss = 0.0765, neg_loss_1 = 0.0030, neg_loss_2 = 0.0056, ref_loss = 0.0299, div_loss = 0.0076, 0.703 seconds/batch
2026-04-19 23:50:33,066 - Epoch 3, Batch 450, lr = 0.00015, final_loss = 4.2497, nll_loss = 4.1791, ref_nll_loss = 4.3202, ivc_loss = 0.0782, neg_loss_1 = 0.0053, neg_loss_2 = 0.0071, ref_loss = 0.0279, div_loss = 0.0076, 0.713 seconds/batch
2026-04-19 23:51:12,304 - Epoch 3, Batch 500, lr = 0.00015, final_loss = 4.3002, nll_loss = 4.2306, ref_nll_loss = 4.3697, ivc_loss = 0.0784, neg_loss_1 = 0.0048, neg_loss_2 = 0.0050, ref_loss = 0.0299, div_loss = 0.0078, 0.720 seconds/batch
2026-04-19 23:51:52,189 - Epoch 3, Batch 550, lr = 0.00015, final_loss = 4.3039, nll_loss = 4.2333, ref_nll_loss = 4.3745, ivc_loss = 0.0793, neg_loss_1 = 0.0042, neg_loss_2 = 0.0058, ref_loss = 0.0299, div_loss = 0.0079, 0.727 seconds/batch
2026-04-19 23:52:31,651 - Epoch 3, Batch 600, lr = 0.00015, final_loss = 4.2723, nll_loss = 4.2016, ref_nll_loss = 4.3430, ivc_loss = 0.0787, neg_loss_1 = 0.0038, neg_loss_2 = 0.0054, ref_loss = 0.0294, div_loss = 0.0080, 0.732 seconds/batch
2026-04-19 23:53:11,313 - Epoch 3, Batch 650, lr = 0.00015, final_loss = 4.2584, nll_loss = 4.1902, ref_nll_loss = 4.3266, ivc_loss = 0.0791, neg_loss_1 = 0.0037, neg_loss_2 = 0.0052, ref_loss = 0.0296, div_loss = 0.0081, 0.737 seconds/batch
2026-04-19 23:53:50,838 - Epoch 3, Batch 700, lr = 0.00015, final_loss = 4.2760, nll_loss = 4.2069, ref_nll_loss = 4.3450, ivc_loss = 0.0798, neg_loss_1 = 0.0043, neg_loss_2 = 0.0064, ref_loss = 0.0299, div_loss = 0.0078, 0.741 seconds/batch
2026-04-19 23:54:30,686 - Epoch 3, Batch 750, lr = 0.00014, final_loss = 4.3042, nll_loss = 4.2348, ref_nll_loss = 4.3737, ivc_loss = 0.0743, neg_loss_1 = 0.0031, neg_loss_2 = 0.0045, ref_loss = 0.0281, div_loss = 0.0077, 0.745 seconds/batch
2026-04-19 23:55:10,673 - Epoch 3, Batch 800, lr = 0.00014, final_loss = 4.2391, nll_loss = 4.1684, ref_nll_loss = 4.3099, ivc_loss = 0.0776, neg_loss_1 = 0.0033, neg_loss_2 = 0.0054, ref_loss = 0.0308, div_loss = 0.0076, 0.748 seconds/batch
2026-04-19 23:55:50,825 - Epoch 3, Batch 850, lr = 0.00014, final_loss = 4.2459, nll_loss = 4.1762, ref_nll_loss = 4.3156, ivc_loss = 0.0744, neg_loss_1 = 0.0039, neg_loss_2 = 0.0054, ref_loss = 0.0285, div_loss = 0.0073, 0.751 seconds/batch
2026-04-19 23:56:30,981 - Epoch 3, Batch 900, lr = 0.00014, final_loss = 4.2668, nll_loss = 4.1970, ref_nll_loss = 4.3366, ivc_loss = 0.0784, neg_loss_1 = 0.0037, neg_loss_2 = 0.0051, ref_loss = 0.0283, div_loss = 0.0083, 0.754 seconds/batch
2026-04-19 23:57:10,718 - Epoch 3, Batch 950, lr = 0.00014, final_loss = 4.2541, nll_loss = 4.1836, ref_nll_loss = 4.3245, ivc_loss = 0.0750, neg_loss_1 = 0.0032, neg_loss_2 = 0.0063, ref_loss = 0.0280, div_loss = 0.0075, 0.756 seconds/batch
2026-04-19 23:57:50,762 - Epoch 3, Batch 1000, lr = 0.00014, final_loss = 4.2333, nll_loss = 4.1664, ref_nll_loss = 4.3002, ivc_loss = 0.0779, neg_loss_1 = 0.0030, neg_loss_2 = 0.0066, ref_loss = 0.0310, div_loss = 0.0075, 0.759 seconds/batch
2026-04-19 23:58:30,680 - Epoch 3, Batch 1050, lr = 0.00014, final_loss = 4.2296, nll_loss = 4.1597, ref_nll_loss = 4.2995, ivc_loss = 0.0804, neg_loss_1 = 0.0052, neg_loss_2 = 0.0087, ref_loss = 0.0290, div_loss = 0.0075, 0.760 seconds/batch
2026-04-19 23:59:10,338 - Epoch 3, Batch 1100, lr = 0.00014, final_loss = 4.2430, nll_loss = 4.1738, ref_nll_loss = 4.3123, ivc_loss = 0.0766, neg_loss_1 = 0.0038, neg_loss_2 = 0.0040, ref_loss = 0.0305, div_loss = 0.0077, 0.762 seconds/batch
2026-04-19 23:59:50,111 - Epoch 3, Batch 1150, lr = 0.00014, final_loss = 4.2515, nll_loss = 4.1818, ref_nll_loss = 4.3212, ivc_loss = 0.0780, neg_loss_1 = 0.0040, neg_loss_2 = 0.0040, ref_loss = 0.0315, div_loss = 0.0077, 0.763 seconds/batch
2026-04-20 00:00:05,588 - Epoch 3, Batch 1170, lr = 0.00014, final_loss = 4.2233, nll_loss = 4.1525, ref_nll_loss = 4.2941, ivc_loss = 0.0748, neg_loss_1 = 0.0054, neg_loss_2 = 0.0047, ref_loss = 0.0258, div_loss = 0.0078, 0.764 seconds/batch
2026-04-20 00:00:05,659 - save model to checkpoints/activitynet_moe/cpl_moe/model-3.pt, num_updates 3510.
2026-04-20 00:03:20,858 - | R@1,mIoU 0.2315 | R@1,IoU@0.1 0.5340 | R@1,IoU@0.3 0.3894 | R@1,IoU@0.5 0.1629 | R@1,IoU@0.7 0.0477 | R@1,IoU@0.9 0.0043 | R@5,mIoU 0.5185 | R@5,IoU@0.1 0.9200 | R@5,IoU@0.3 0.7694 | R@5,IoU@0.5 0.5201 | R@5,IoU@0.7 0.3015 | R@5,IoU@0.9 0.0700 |
2026-04-20 00:03:20,858 - ============================================================
2026-04-20 00:03:20,858 - Start Epoch 4
2026-04-20 00:03:42,850 - Epoch 4, Batch 50, lr = 0.00013, final_loss = 4.1867, nll_loss = 4.1154, ref_nll_loss = 4.2580, ivc_loss = 0.0764, neg_loss_1 = 0.0050, neg_loss_2 = 0.0064, ref_loss = 0.0271, div_loss = 0.0076, 0.440 seconds/batch
2026-04-20 00:04:09,344 - Epoch 4, Batch 100, lr = 0.00013, final_loss = 4.1799, nll_loss = 4.1066, ref_nll_loss = 4.2531, ivc_loss = 0.0754, neg_loss_1 = 0.0038, neg_loss_2 = 0.0062, ref_loss = 0.0279, div_loss = 0.0075, 0.485 seconds/batch
2026-04-20 00:04:43,202 - Epoch 4, Batch 150, lr = 0.00013, final_loss = 4.2157, nll_loss = 4.1473, ref_nll_loss = 4.2840, ivc_loss = 0.0765, neg_loss_1 = 0.0048, neg_loss_2 = 0.0047, ref_loss = 0.0284, div_loss = 0.0077, 0.549 seconds/batch
2026-04-20 00:05:23,191 - Epoch 4, Batch 200, lr = 0.00013, final_loss = 4.2141, nll_loss = 4.1450, ref_nll_loss = 4.2832, ivc_loss = 0.0800, neg_loss_1 = 0.0042, neg_loss_2 = 0.0063, ref_loss = 0.0295, div_loss = 0.0080, 0.612 seconds/batch
2026-04-20 00:06:03,136 - Epoch 4, Batch 250, lr = 0.00013, final_loss = 4.1793, nll_loss = 4.1057, ref_nll_loss = 4.2529, ivc_loss = 0.0798, neg_loss_1 = 0.0054, neg_loss_2 = 0.0078, ref_loss = 0.0279, div_loss = 0.0077, 0.649 seconds/batch
2026-04-20 00:06:42,850 - Epoch 4, Batch 300, lr = 0.00013, final_loss = 4.2164, nll_loss = 4.1462, ref_nll_loss = 4.2866, ivc_loss = 0.0789, neg_loss_1 = 0.0052, neg_loss_2 = 0.0051, ref_loss = 0.0294, div_loss = 0.0079, 0.673 seconds/batch
2026-04-20 00:07:22,462 - Epoch 4, Batch 350, lr = 0.00013, final_loss = 4.2035, nll_loss = 4.1322, ref_nll_loss = 4.2748, ivc_loss = 0.0773, neg_loss_1 = 0.0040, neg_loss_2 = 0.0054, ref_loss = 0.0298, div_loss = 0.0076, 0.690 seconds/batch
2026-04-20 00:08:02,018 - Epoch 4, Batch 400, lr = 0.00013, final_loss = 4.1795, nll_loss = 4.1086, ref_nll_loss = 4.2503, ivc_loss = 0.0780, neg_loss_1 = 0.0061, neg_loss_2 = 0.0058, ref_loss = 0.0283, div_loss = 0.0076, 0.703 seconds/batch
2026-04-20 00:08:41,820 - Epoch 4, Batch 450, lr = 0.00013, final_loss = 4.1675, nll_loss = 4.0946, ref_nll_loss = 4.2404, ivc_loss = 0.0765, neg_loss_1 = 0.0042, neg_loss_2 = 0.0051, ref_loss = 0.0276, div_loss = 0.0079, 0.713 seconds/batch
2026-04-20 00:09:21,510 - Epoch 4, Batch 500, lr = 0.00013, final_loss = 4.1603, nll_loss = 4.0904, ref_nll_loss = 4.2302, ivc_loss = 0.0812, neg_loss_1 = 0.0060, neg_loss_2 = 0.0050, ref_loss = 0.0310, div_loss = 0.0078, 0.721 seconds/batch
2026-04-20 00:10:01,237 - Epoch 4, Batch 550, lr = 0.00013, final_loss = 4.2066, nll_loss = 4.1362, ref_nll_loss = 4.2770, ivc_loss = 0.0773, neg_loss_1 = 0.0035, neg_loss_2 = 0.0035, ref_loss = 0.0299, div_loss = 0.0081, 0.728 seconds/batch
2026-04-20 00:10:41,136 - Epoch 4, Batch 600, lr = 0.00012, final_loss = 4.1986, nll_loss = 4.1298, ref_nll_loss = 4.2674, ivc_loss = 0.0803, neg_loss_1 = 0.0037, neg_loss_2 = 0.0051, ref_loss = 0.0325, div_loss = 0.0078, 0.734 seconds/batch
2026-04-20 00:11:21,163 - Epoch 4, Batch 650, lr = 0.00012, final_loss = 4.2135, nll_loss = 4.1422, ref_nll_loss = 4.2848, ivc_loss = 0.0779, neg_loss_1 = 0.0045, neg_loss_2 = 0.0044, ref_loss = 0.0281, div_loss = 0.0082, 0.739 seconds/batch
2026-04-20 00:12:01,035 - Epoch 4, Batch 700, lr = 0.00012, final_loss = 4.1709, nll_loss = 4.0978, ref_nll_loss = 4.2440, ivc_loss = 0.0784, neg_loss_1 = 0.0060, neg_loss_2 = 0.0054, ref_loss = 0.0272, div_loss = 0.0080, 0.743 seconds/batch
2026-04-20 00:12:41,330 - Epoch 4, Batch 750, lr = 0.00012, final_loss = 4.1951, nll_loss = 4.1195, ref_nll_loss = 4.2708, ivc_loss = 0.0788, neg_loss_1 = 0.0040, neg_loss_2 = 0.0055, ref_loss = 0.0279, div_loss = 0.0083, 0.747 seconds/batch
2026-04-20 00:13:20,974 - Epoch 4, Batch 800, lr = 0.00012, final_loss = 4.1820, nll_loss = 4.1106, ref_nll_loss = 4.2534, ivc_loss = 0.0754, neg_loss_1 = 0.0035, neg_loss_2 = 0.0045, ref_loss = 0.0279, div_loss = 0.0079, 0.750 seconds/batch
2026-04-20 00:14:00,651 - Epoch 4, Batch 850, lr = 0.00012, final_loss = 4.1944, nll_loss = 4.1227, ref_nll_loss = 4.2661, ivc_loss = 0.0733, neg_loss_1 = 0.0030, neg_loss_2 = 0.0045, ref_loss = 0.0275, div_loss = 0.0077, 0.753 seconds/batch
2026-04-20 00:14:40,355 - Epoch 4, Batch 900, lr = 0.00012, final_loss = 4.1854, nll_loss = 4.1147, ref_nll_loss = 4.2561, ivc_loss = 0.0745, neg_loss_1 = 0.0033, neg_loss_2 = 0.0048, ref_loss = 0.0281, div_loss = 0.0077, 0.755 seconds/batch
2026-04-20 00:15:19,621 - Epoch 4, Batch 950, lr = 0.00012, final_loss = 4.1848, nll_loss = 4.1097, ref_nll_loss = 4.2599, ivc_loss = 0.0762, neg_loss_1 = 0.0036, neg_loss_2 = 0.0055, ref_loss = 0.0283, div_loss = 0.0078, 0.757 seconds/batch
2026-04-20 00:15:59,366 - Epoch 4, Batch 1000, lr = 0.00012, final_loss = 4.1941, nll_loss = 4.1219, ref_nll_loss = 4.2662, ivc_loss = 0.0780, neg_loss_1 = 0.0040, neg_loss_2 = 0.0076, ref_loss = 0.0278, div_loss = 0.0077, 0.759 seconds/batch
2026-04-20 00:16:39,171 - Epoch 4, Batch 1050, lr = 0.00012, final_loss = 4.1929, nll_loss = 4.1218, ref_nll_loss = 4.2639, ivc_loss = 0.0738, neg_loss_1 = 0.0042, neg_loss_2 = 0.0042, ref_loss = 0.0273, div_loss = 0.0076, 0.760 seconds/batch
2026-04-20 00:17:18,786 - Epoch 4, Batch 1100, lr = 0.00012, final_loss = 4.1774, nll_loss = 4.1046, ref_nll_loss = 4.2502, ivc_loss = 0.0760, neg_loss_1 = 0.0039, neg_loss_2 = 0.0048, ref_loss = 0.0294, div_loss = 0.0076, 0.762 seconds/batch
2026-04-20 00:17:58,305 - Epoch 4, Batch 1150, lr = 0.00012, final_loss = 4.1556, nll_loss = 4.0818, ref_nll_loss = 4.2293, ivc_loss = 0.0742, neg_loss_1 = 0.0039, neg_loss_2 = 0.0054, ref_loss = 0.0265, div_loss = 0.0077, 0.763 seconds/batch
2026-04-20 00:18:14,045 - Epoch 4, Batch 1170, lr = 0.00012, final_loss = 4.1836, nll_loss = 4.1111, ref_nll_loss = 4.2561, ivc_loss = 0.0735, neg_loss_1 = 0.0029, neg_loss_2 = 0.0041, ref_loss = 0.0285, div_loss = 0.0076, 0.763 seconds/batch
2026-04-20 00:18:14,117 - save model to checkpoints/activitynet_moe/cpl_moe/model-4.pt, num_updates 4680.
2026-04-20 00:21:32,901 - | R@1,mIoU 0.2647 | R@1,IoU@0.1 0.6180 | R@1,IoU@0.3 0.4426 | R@1,IoU@0.5 0.1879 | R@1,IoU@0.7 0.0531 | R@1,IoU@0.9 0.0035 | R@5,mIoU 0.5172 | R@5,IoU@0.1 0.9203 | R@5,IoU@0.3 0.7670 | R@5,IoU@0.5 0.5210 | R@5,IoU@0.7 0.3029 | R@5,IoU@0.9 0.0648 |
2026-04-20 00:21:32,990 - Best results have been updated.
2026-04-20 00:21:32,991 - ============================================================
2026-04-20 00:21:32,991 - Start Epoch 5
2026-04-20 00:21:54,890 - Epoch 5, Batch 50, lr = 0.00012, final_loss = 4.1297, nll_loss = 4.0535, ref_nll_loss = 4.2059, ivc_loss = 0.0792, neg_loss_1 = 0.0061, neg_loss_2 = 0.0078, ref_loss = 0.0252, div_loss = 0.0080, 0.438 seconds/batch
2026-04-20 00:22:20,980 - Epoch 5, Batch 100, lr = 0.00012, final_loss = 4.1241, nll_loss = 4.0538, ref_nll_loss = 4.1945, ivc_loss = 0.0795, neg_loss_1 = 0.0051, neg_loss_2 = 0.0059, ref_loss = 0.0286, div_loss = 0.0080, 0.480 seconds/batch
2026-04-20 00:22:53,985 - Epoch 5, Batch 150, lr = 0.00012, final_loss = 4.1222, nll_loss = 4.0469, ref_nll_loss = 4.1975, ivc_loss = 0.0775, neg_loss_1 = 0.0040, neg_loss_2 = 0.0063, ref_loss = 0.0272, div_loss = 0.0080, 0.540 seconds/batch
2026-04-20 00:23:34,317 - Epoch 5, Batch 200, lr = 0.00011, final_loss = 4.1315, nll_loss = 4.0586, ref_nll_loss = 4.2045, ivc_loss = 0.0792, neg_loss_1 = 0.0050, neg_loss_2 = 0.0063, ref_loss = 0.0286, div_loss = 0.0079, 0.607 seconds/batch
2026-04-20 00:24:14,211 - Epoch 5, Batch 250, lr = 0.00011, final_loss = 4.1299, nll_loss = 4.0557, ref_nll_loss = 4.2041, ivc_loss = 0.0801, neg_loss_1 = 0.0058, neg_loss_2 = 0.0069, ref_loss = 0.0281, div_loss = 0.0079, 0.645 seconds/batch
2026-04-20 00:24:53,885 - Epoch 5, Batch 300, lr = 0.00011, final_loss = 4.1373, nll_loss = 4.0657, ref_nll_loss = 4.2089, ivc_loss = 0.0797, neg_loss_1 = 0.0057, neg_loss_2 = 0.0052, ref_loss = 0.0287, div_loss = 0.0080, 0.670 seconds/batch
2026-04-20 00:25:33,589 - Epoch 5, Batch 350, lr = 0.00011, final_loss = 4.1653, nll_loss = 4.0913, ref_nll_loss = 4.2394, ivc_loss = 0.0771, neg_loss_1 = 0.0061, neg_loss_2 = 0.0064, ref_loss = 0.0260, div_loss = 0.0077, 0.687 seconds/batch
2026-04-20 00:26:13,190 - Epoch 5, Batch 400, lr = 0.00011, final_loss = 4.1296, nll_loss = 4.0538, ref_nll_loss = 4.2055, ivc_loss = 0.0761, neg_loss_1 = 0.0048, neg_loss_2 = 0.0074, ref_loss = 0.0249, div_loss = 0.0078, 0.700 seconds/batch
2026-04-20 00:26:52,935 - Epoch 5, Batch 450, lr = 0.00011, final_loss = 4.1417, nll_loss = 4.0659, ref_nll_loss = 4.2174, ivc_loss = 0.0787, neg_loss_1 = 0.0052, neg_loss_2 = 0.0067, ref_loss = 0.0267, div_loss = 0.0080, 0.711 seconds/batch
2026-04-20 00:27:32,408 - Epoch 5, Batch 500, lr = 0.00011, final_loss = 4.1125, nll_loss = 4.0373, ref_nll_loss = 4.1877, ivc_loss = 0.0800, neg_loss_1 = 0.0057, neg_loss_2 = 0.0053, ref_loss = 0.0274, div_loss = 0.0083, 0.719 seconds/batch
2026-04-20 00:28:12,130 - Epoch 5, Batch 550, lr = 0.00011, final_loss = 4.1326, nll_loss = 4.0577, ref_nll_loss = 4.2075, ivc_loss = 0.0841, neg_loss_1 = 0.0064, neg_loss_2 = 0.0080, ref_loss = 0.0265, div_loss = 0.0086, 0.726 seconds/batch
2026-04-20 00:28:51,916 - Epoch 5, Batch 600, lr = 0.00011, final_loss = 4.1472, nll_loss = 4.0715, ref_nll_loss = 4.2229, ivc_loss = 0.0808, neg_loss_1 = 0.0077, neg_loss_2 = 0.0064, ref_loss = 0.0266, div_loss = 0.0080, 0.732 seconds/batch
2026-04-20 00:29:31,969 - Epoch 5, Batch 650, lr = 0.00011, final_loss = 4.1445, nll_loss = 4.0697, ref_nll_loss = 4.2194, ivc_loss = 0.0806, neg_loss_1 = 0.0062, neg_loss_2 = 0.0071, ref_loss = 0.0279, div_loss = 0.0079, 0.737 seconds/batch
2026-04-20 00:30:12,076 - Epoch 5, Batch 700, lr = 0.00011, final_loss = 4.1417, nll_loss = 4.0679, ref_nll_loss = 4.2156, ivc_loss = 0.0817, neg_loss_1 = 0.0065, neg_loss_2 = 0.0089, ref_loss = 0.0269, div_loss = 0.0079, 0.742 seconds/batch
2026-04-20 00:30:51,944 - Epoch 5, Batch 750, lr = 0.00011, final_loss = 4.1045, nll_loss = 4.0266, ref_nll_loss = 4.1824, ivc_loss = 0.0803, neg_loss_1 = 0.0064, neg_loss_2 = 0.0095, ref_loss = 0.0249, div_loss = 0.0079, 0.745 seconds/batch
2026-04-20 00:31:31,924 - Epoch 5, Batch 800, lr = 0.00011, final_loss = 4.1342, nll_loss = 4.0587, ref_nll_loss = 4.2097, ivc_loss = 0.0818, neg_loss_1 = 0.0056, neg_loss_2 = 0.0099, ref_loss = 0.0279, div_loss = 0.0077, 0.749 seconds/batch
2026-04-20 00:32:11,721 - Epoch 5, Batch 850, lr = 0.00011, final_loss = 4.1285, nll_loss = 4.0547, ref_nll_loss = 4.2023, ivc_loss = 0.0786, neg_loss_1 = 0.0051, neg_loss_2 = 0.0067, ref_loss = 0.0281, div_loss = 0.0077, 0.751 seconds/batch
2026-04-20 00:32:51,430 - Epoch 5, Batch 900, lr = 0.00011, final_loss = 4.1178, nll_loss = 4.0434, ref_nll_loss = 4.1922, ivc_loss = 0.0793, neg_loss_1 = 0.0058, neg_loss_2 = 0.0055, ref_loss = 0.0286, div_loss = 0.0079, 0.754 seconds/batch
2026-04-20 00:33:30,806 - Epoch 5, Batch 950, lr = 0.00011, final_loss = 4.1031, nll_loss = 4.0278, ref_nll_loss = 4.1783, ivc_loss = 0.0768, neg_loss_1 = 0.0031, neg_loss_2 = 0.0057, ref_loss = 0.0277, div_loss = 0.0081, 0.756 seconds/batch
2026-04-20 00:34:10,279 - Epoch 5, Batch 1000, lr = 0.00011, final_loss = 4.1508, nll_loss = 4.0772, ref_nll_loss = 4.2243, ivc_loss = 0.0789, neg_loss_1 = 0.0056, neg_loss_2 = 0.0063, ref_loss = 0.0283, div_loss = 0.0077, 0.757 seconds/batch
2026-04-20 00:34:50,135 - Epoch 5, Batch 1050, lr = 0.00011, final_loss = 4.1361, nll_loss = 4.0628, ref_nll_loss = 4.2095, ivc_loss = 0.0793, neg_loss_1 = 0.0039, neg_loss_2 = 0.0072, ref_loss = 0.0296, div_loss = 0.0077, 0.759 seconds/batch
2026-04-20 00:35:29,968 - Epoch 5, Batch 1100, lr = 0.00011, final_loss = 4.1191, nll_loss = 4.0461, ref_nll_loss = 4.1921, ivc_loss = 0.0797, neg_loss_1 = 0.0056, neg_loss_2 = 0.0068, ref_loss = 0.0288, div_loss = 0.0077, 0.761 seconds/batch
2026-04-20 00:36:09,725 - Epoch 5, Batch 1150, lr = 0.00010, final_loss = 4.0979, nll_loss = 4.0263, ref_nll_loss = 4.1696, ivc_loss = 0.0805, neg_loss_1 = 0.0042, neg_loss_2 = 0.0078, ref_loss = 0.0296, div_loss = 0.0078, 0.762 seconds/batch
2026-04-20 00:36:25,612 - Epoch 5, Batch 1170, lr = 0.00010, final_loss = 4.1471, nll_loss = 4.0744, ref_nll_loss = 4.2198, ivc_loss = 0.0819, neg_loss_1 = 0.0077, neg_loss_2 = 0.0070, ref_loss = 0.0266, div_loss = 0.0081, 0.763 seconds/batch
2026-04-20 00:36:25,682 - save model to checkpoints/activitynet_moe/cpl_moe/model-5.pt, num_updates 5850.
2026-04-20 00:39:45,477 - | R@1,mIoU 0.2687 | R@1,IoU@0.1 0.6385 | R@1,IoU@0.3 0.4326 | R@1,IoU@0.5 0.2027 | R@1,IoU@0.7 0.0509 | R@1,IoU@0.9 0.0035 | R@5,mIoU 0.5218 | R@5,IoU@0.1 0.9207 | R@5,IoU@0.3 0.7698 | R@5,IoU@0.5 0.5240 | R@5,IoU@0.7 0.3096 | R@5,IoU@0.9 0.0732 |
2026-04-20 00:39:45,566 - Best results have been updated.
2026-04-20 00:39:45,566 - ============================================================
2026-04-20 00:39:45,566 - Start Epoch 6
2026-04-20 00:40:07,623 - Epoch 6, Batch 50, lr = 0.00010, final_loss = 4.0720, nll_loss = 3.9981, ref_nll_loss = 4.1458, ivc_loss = 0.0817, neg_loss_1 = 0.0062, neg_loss_2 = 0.0060, ref_loss = 0.0291, div_loss = 0.0081, 0.441 seconds/batch
2026-04-20 00:40:33,761 - Epoch 6, Batch 100, lr = 0.00010, final_loss = 4.0756, nll_loss = 4.0017, ref_nll_loss = 4.1495, ivc_loss = 0.0833, neg_loss_1 = 0.0073, neg_loss_2 = 0.0078, ref_loss = 0.0285, div_loss = 0.0080, 0.482 seconds/batch
2026-04-20 00:41:06,644 - Epoch 6, Batch 150, lr = 0.00010, final_loss = 4.0857, nll_loss = 4.0127, ref_nll_loss = 4.1587, ivc_loss = 0.0854, neg_loss_1 = 0.0072, neg_loss_2 = 0.0079, ref_loss = 0.0294, div_loss = 0.0082, 0.541 seconds/batch
2026-04-20 00:41:46,720 - Epoch 6, Batch 200, lr = 0.00010, final_loss = 4.0879, nll_loss = 4.0150, ref_nll_loss = 4.1609, ivc_loss = 0.0848, neg_loss_1 = 0.0082, neg_loss_2 = 0.0074, ref_loss = 0.0288, div_loss = 0.0081, 0.606 seconds/batch
2026-04-20 00:42:26,720 - Epoch 6, Batch 250, lr = 0.00010, final_loss = 4.0841, nll_loss = 4.0078, ref_nll_loss = 4.1603, ivc_loss = 0.0835, neg_loss_1 = 0.0067, neg_loss_2 = 0.0064, ref_loss = 0.0291, div_loss = 0.0083, 0.645 seconds/batch
2026-04-20 00:43:06,612 - Epoch 6, Batch 300, lr = 0.00010, final_loss = 4.1007, nll_loss = 4.0262, ref_nll_loss = 4.1752, ivc_loss = 0.0818, neg_loss_1 = 0.0057, neg_loss_2 = 0.0066, ref_loss = 0.0293, div_loss = 0.0081, 0.670 seconds/batch
2026-04-20 00:43:46,383 - Epoch 6, Batch 350, lr = 0.00010, final_loss = 4.0988, nll_loss = 4.0253, ref_nll_loss = 4.1722, ivc_loss = 0.0820, neg_loss_1 = 0.0059, neg_loss_2 = 0.0067, ref_loss = 0.0289, div_loss = 0.0081, 0.688 seconds/batch
2026-04-20 00:44:25,984 - Epoch 6, Batch 400, lr = 0.00010, final_loss = 4.0522, nll_loss = 3.9798, ref_nll_loss = 4.1246, ivc_loss = 0.0841, neg_loss_1 = 0.0071, neg_loss_2 = 0.0084, ref_loss = 0.0292, div_loss = 0.0079, 0.701 seconds/batch
2026-04-20 00:45:05,763 - Epoch 6, Batch 450, lr = 0.00010, final_loss = 4.0865, nll_loss = 4.0125, ref_nll_loss = 4.1604, ivc_loss = 0.0782, neg_loss_1 = 0.0056, neg_loss_2 = 0.0056, ref_loss = 0.0281, div_loss = 0.0078, 0.712 seconds/batch
2026-04-20 00:45:45,564 - Epoch 6, Batch 500, lr = 0.00010, final_loss = 4.1059, nll_loss = 4.0298, ref_nll_loss = 4.1820, ivc_loss = 0.0809, neg_loss_1 = 0.0068, neg_loss_2 = 0.0094, ref_loss = 0.0256, div_loss = 0.0078, 0.720 seconds/batch
2026-04-20 00:46:25,507 - Epoch 6, Batch 550, lr = 0.00010, final_loss = 4.0797, nll_loss = 4.0034, ref_nll_loss = 4.1559, ivc_loss = 0.0834, neg_loss_1 = 0.0086, neg_loss_2 = 0.0082, ref_loss = 0.0273, div_loss = 0.0079, 0.727 seconds/batch
2026-04-20 00:47:05,506 - Epoch 6, Batch 600, lr = 0.00010, final_loss = 4.0829, nll_loss = 4.0083, ref_nll_loss = 4.1576, ivc_loss = 0.0825, neg_loss_1 = 0.0060, neg_loss_2 = 0.0073, ref_loss = 0.0292, div_loss = 0.0080, 0.733 seconds/batch
2026-04-20 00:47:45,578 - Epoch 6, Batch 650, lr = 0.00010, final_loss = 4.0965, nll_loss = 4.0211, ref_nll_loss = 4.1719, ivc_loss = 0.0826, neg_loss_1 = 0.0072, neg_loss_2 = 0.0081, ref_loss = 0.0277, div_loss = 0.0079, 0.738 seconds/batch
2026-04-20 00:48:25,381 - Epoch 6, Batch 700, lr = 0.00010, final_loss = 4.0594, nll_loss = 3.9823, ref_nll_loss = 4.1366, ivc_loss = 0.0764, neg_loss_1 = 0.0052, neg_loss_2 = 0.0062, ref_loss = 0.0267, div_loss = 0.0077, 0.743 seconds/batch
2026-04-20 00:49:05,385 - Epoch 6, Batch 750, lr = 0.00010, final_loss = 4.0968, nll_loss = 4.0175, ref_nll_loss = 4.1762, ivc_loss = 0.0769, neg_loss_1 = 0.0052, neg_loss_2 = 0.0069, ref_loss = 0.0254, div_loss = 0.0079, 0.746 seconds/batch
2026-04-20 00:49:45,156 - Epoch 6, Batch 800, lr = 0.00010, final_loss = 4.0755, nll_loss = 4.0024, ref_nll_loss = 4.1486, ivc_loss = 0.0840, neg_loss_1 = 0.0068, neg_loss_2 = 0.0087, ref_loss = 0.0294, div_loss = 0.0078, 0.749 seconds/batch
2026-04-20 00:50:24,980 - Epoch 6, Batch 850, lr = 0.00010, final_loss = 4.0897, nll_loss = 4.0172, ref_nll_loss = 4.1622, ivc_loss = 0.0800, neg_loss_1 = 0.0053, neg_loss_2 = 0.0080, ref_loss = 0.0278, div_loss = 0.0078, 0.752 seconds/batch
2026-04-20 00:51:04,700 - Epoch 6, Batch 900, lr = 0.00010, final_loss = 4.0647, nll_loss = 3.9879, ref_nll_loss = 4.1416, ivc_loss = 0.0800, neg_loss_1 = 0.0061, neg_loss_2 = 0.0078, ref_loss = 0.0268, div_loss = 0.0078, 0.755 seconds/batch
2026-04-20 00:51:44,153 - Epoch 6, Batch 950, lr = 0.00010, final_loss = 4.0842, nll_loss = 4.0061, ref_nll_loss = 4.1623, ivc_loss = 0.0802, neg_loss_1 = 0.0051, neg_loss_2 = 0.0079, ref_loss = 0.0266, div_loss = 0.0081, 0.756 seconds/batch
2026-04-20 00:52:23,700 - Epoch 6, Batch 1000, lr = 0.00010, final_loss = 4.0833, nll_loss = 4.0038, ref_nll_loss = 4.1629, ivc_loss = 0.0777, neg_loss_1 = 0.0056, neg_loss_2 = 0.0064, ref_loss = 0.0257, div_loss = 0.0080, 0.758 seconds/batch
2026-04-20 00:53:03,029 - Epoch 6, Batch 1050, lr = 0.00010, final_loss = 4.0841, nll_loss = 4.0081, ref_nll_loss = 4.1601, ivc_loss = 0.0786, neg_loss_1 = 0.0053, neg_loss_2 = 0.0062, ref_loss = 0.0280, div_loss = 0.0078, 0.759 seconds/batch
2026-04-20 00:53:42,432 - Epoch 6, Batch 1100, lr = 0.00010, final_loss = 4.0715, nll_loss = 3.9935, ref_nll_loss = 4.1495, ivc_loss = 0.0769, neg_loss_1 = 0.0059, neg_loss_2 = 0.0067, ref_loss = 0.0249, div_loss = 0.0079, 0.761 seconds/batch
2026-04-20 00:54:22,216 - Epoch 6, Batch 1150, lr = 0.00010, final_loss = 4.0948, nll_loss = 4.0148, ref_nll_loss = 4.1748, ivc_loss = 0.0776, neg_loss_1 = 0.0062, neg_loss_2 = 0.0070, ref_loss = 0.0251, div_loss = 0.0078, 0.762 seconds/batch
2026-04-20 00:54:37,821 - Epoch 6, Batch 1170, lr = 0.00010, final_loss = 4.0715, nll_loss = 3.9967, ref_nll_loss = 4.1463, ivc_loss = 0.0831, neg_loss_1 = 0.0048, neg_loss_2 = 0.0079, ref_loss = 0.0300, div_loss = 0.0081, 0.763 seconds/batch
2026-04-20 00:54:37,893 - save model to checkpoints/activitynet_moe/cpl_moe/model-6.pt, num_updates 7020.
2026-04-20 00:57:58,658 - | R@1,mIoU 0.2837 | R@1,IoU@0.1 0.6794 | R@1,IoU@0.3 0.4784 | R@1,IoU@0.5 0.1910 | R@1,IoU@0.7 0.0527 | R@1,IoU@0.9 0.0031 | R@5,mIoU 0.5319 | R@5,IoU@0.1 0.9256 | R@5,IoU@0.3 0.7828 | R@5,IoU@0.5 0.5397 | R@5,IoU@0.7 0.3262 | R@5,IoU@0.9 0.0772 |
2026-04-20 00:57:58,742 - Best results have been updated.
2026-04-20 00:57:58,743 - ============================================================
2026-04-20 00:57:58,743 - Start Epoch 7
2026-04-20 00:58:20,775 - Epoch 7, Batch 50, lr = 0.00010, final_loss = 4.0460, nll_loss = 3.9689, ref_nll_loss = 4.1231, ivc_loss = 0.0829, neg_loss_1 = 0.0070, neg_loss_2 = 0.0098, ref_loss = 0.0255, div_loss = 0.0081, 0.441 seconds/batch
2026-04-20 00:58:46,623 - Epoch 7, Batch 100, lr = 0.00009, final_loss = 4.0296, nll_loss = 3.9506, ref_nll_loss = 4.1086, ivc_loss = 0.0800, neg_loss_1 = 0.0070, neg_loss_2 = 0.0080, ref_loss = 0.0261, div_loss = 0.0078, 0.479 seconds/batch
2026-04-20 00:59:18,463 - Epoch 7, Batch 150, lr = 0.00009, final_loss = 4.0599, nll_loss = 3.9833, ref_nll_loss = 4.1365, ivc_loss = 0.0843, neg_loss_1 = 0.0057, neg_loss_2 = 0.0098, ref_loss = 0.0303, div_loss = 0.0077, 0.531 seconds/batch
2026-04-20 00:59:58,455 - Epoch 7, Batch 200, lr = 0.00009, final_loss = 4.0278, nll_loss = 3.9530, ref_nll_loss = 4.1026, ivc_loss = 0.0816, neg_loss_1 = 0.0078, neg_loss_2 = 0.0076, ref_loss = 0.0270, div_loss = 0.0078, 0.599 seconds/batch
2026-04-20 01:00:37,981 - Epoch 7, Batch 250, lr = 0.00009, final_loss = 4.0585, nll_loss = 3.9808, ref_nll_loss = 4.1363, ivc_loss = 0.0848, neg_loss_1 = 0.0071, neg_loss_2 = 0.0105, ref_loss = 0.0271, div_loss = 0.0080, 0.637 seconds/batch
2026-04-20 01:01:17,669 - Epoch 7, Batch 300, lr = 0.00009, final_loss = 4.0277, nll_loss = 3.9494, ref_nll_loss = 4.1060, ivc_loss = 0.0844, neg_loss_1 = 0.0085, neg_loss_2 = 0.0076, ref_loss = 0.0282, div_loss = 0.0080, 0.663 seconds/batch
2026-04-20 01:01:57,056 - Epoch 7, Batch 350, lr = 0.00009, final_loss = 4.0509, nll_loss = 3.9765, ref_nll_loss = 4.1254, ivc_loss = 0.0839, neg_loss_1 = 0.0073, neg_loss_2 = 0.0081, ref_loss = 0.0284, div_loss = 0.0080, 0.681 seconds/batch
2026-04-20 01:02:37,150 - Epoch 7, Batch 400, lr = 0.00009, final_loss = 4.0753, nll_loss = 3.9991, ref_nll_loss = 4.1515, ivc_loss = 0.0827, neg_loss_1 = 0.0072, neg_loss_2 = 0.0087, ref_loss = 0.0272, div_loss = 0.0079, 0.696 seconds/batch
2026-04-20 01:03:16,696 - Epoch 7, Batch 450, lr = 0.00009, final_loss = 4.0504, nll_loss = 3.9749, ref_nll_loss = 4.1258, ivc_loss = 0.0836, neg_loss_1 = 0.0064, neg_loss_2 = 0.0086, ref_loss = 0.0282, div_loss = 0.0081, 0.707 seconds/batch
2026-04-20 01:03:56,804 - Epoch 7, Batch 500, lr = 0.00009, final_loss = 4.0373, nll_loss = 3.9623, ref_nll_loss = 4.1122, ivc_loss = 0.0889, neg_loss_1 = 0.0096, neg_loss_2 = 0.0094, ref_loss = 0.0287, div_loss = 0.0082, 0.716 seconds/batch
2026-04-20 01:04:36,947 - Epoch 7, Batch 550, lr = 0.00009, final_loss = 4.0596, nll_loss = 3.9854, ref_nll_loss = 4.1339, ivc_loss = 0.0841, neg_loss_1 = 0.0064, neg_loss_2 = 0.0082, ref_loss = 0.0285, div_loss = 0.0082, 0.724 seconds/batch
2026-04-20 01:05:16,736 - Epoch 7, Batch 600, lr = 0.00009, final_loss = 4.0629, nll_loss = 3.9832, ref_nll_loss = 4.1425, ivc_loss = 0.0820, neg_loss_1 = 0.0074, neg_loss_2 = 0.0100, ref_loss = 0.0243, div_loss = 0.0081, 0.730 seconds/batch
2026-04-20 01:05:57,012 - Epoch 7, Batch 650, lr = 0.00009, final_loss = 4.0696, nll_loss = 3.9914, ref_nll_loss = 4.1479, ivc_loss = 0.0808, neg_loss_1 = 0.0062, neg_loss_2 = 0.0094, ref_loss = 0.0258, div_loss = 0.0079, 0.736 seconds/batch
2026-04-20 01:06:37,071 - Epoch 7, Batch 700, lr = 0.00009, final_loss = 4.0472, nll_loss = 3.9690, ref_nll_loss = 4.1255, ivc_loss = 0.0802, neg_loss_1 = 0.0061, neg_loss_2 = 0.0093, ref_loss = 0.0252, div_loss = 0.0079, 0.740 seconds/batch
2026-04-20 01:07:17,152 - Epoch 7, Batch 750, lr = 0.00009, final_loss = 4.0652, nll_loss = 3.9869, ref_nll_loss = 4.1436, ivc_loss = 0.0820, neg_loss_1 = 0.0061, neg_loss_2 = 0.0083, ref_loss = 0.0275, div_loss = 0.0080, 0.745 seconds/batch
2026-04-20 01:07:56,877 - Epoch 7, Batch 800, lr = 0.00009, final_loss = 4.0422, nll_loss = 3.9635, ref_nll_loss = 4.1209, ivc_loss = 0.0821, neg_loss_1 = 0.0065, neg_loss_2 = 0.0066, ref_loss = 0.0281, div_loss = 0.0082, 0.748 seconds/batch
2026-04-20 01:08:36,844 - Epoch 7, Batch 850, lr = 0.00009, final_loss = 4.0617, nll_loss = 3.9863, ref_nll_loss = 4.1371, ivc_loss = 0.0858, neg_loss_1 = 0.0078, neg_loss_2 = 0.0087, ref_loss = 0.0287, div_loss = 0.0081, 0.751 seconds/batch
2026-04-20 01:09:16,809 - Epoch 7, Batch 900, lr = 0.00009, final_loss = 4.0498, nll_loss = 3.9713, ref_nll_loss = 4.1283, ivc_loss = 0.0827, neg_loss_1 = 0.0052, neg_loss_2 = 0.0061, ref_loss = 0.0294, div_loss = 0.0084, 0.753 seconds/batch
2026-04-20 01:09:56,873 - Epoch 7, Batch 950, lr = 0.00009, final_loss = 4.0555, nll_loss = 3.9758, ref_nll_loss = 4.1352, ivc_loss = 0.0833, neg_loss_1 = 0.0081, neg_loss_2 = 0.0089, ref_loss = 0.0253, div_loss = 0.0082, 0.756 seconds/batch
2026-04-20 01:10:36,808 - Epoch 7, Batch 1000, lr = 0.00009, final_loss = 4.0473, nll_loss = 3.9706, ref_nll_loss = 4.1240, ivc_loss = 0.0816, neg_loss_1 = 0.0067, neg_loss_2 = 0.0083, ref_loss = 0.0258, div_loss = 0.0082, 0.758 seconds/batch
2026-04-20 01:11:16,973 - Epoch 7, Batch 1050, lr = 0.00009, final_loss = 4.0120, nll_loss = 3.9357, ref_nll_loss = 4.0882, ivc_loss = 0.0830, neg_loss_1 = 0.0062, neg_loss_2 = 0.0091, ref_loss = 0.0278, div_loss = 0.0080, 0.760 seconds/batch
2026-04-20 01:11:57,082 - Epoch 7, Batch 1100, lr = 0.00009, final_loss = 4.0492, nll_loss = 3.9715, ref_nll_loss = 4.1269, ivc_loss = 0.0808, neg_loss_1 = 0.0072, neg_loss_2 = 0.0086, ref_loss = 0.0255, div_loss = 0.0079, 0.762 seconds/batch
2026-04-20 01:12:36,525 - Epoch 7, Batch 1150, lr = 0.00009, final_loss = 3.9853, nll_loss = 3.9084, ref_nll_loss = 4.0622, ivc_loss = 0.0798, neg_loss_1 = 0.0060, neg_loss_2 = 0.0063, ref_loss = 0.0274, div_loss = 0.0080, 0.763 seconds/batch
2026-04-20 01:12:52,400 - Epoch 7, Batch 1170, lr = 0.00009, final_loss = 4.0573, nll_loss = 3.9784, ref_nll_loss = 4.1363, ivc_loss = 0.0773, neg_loss_1 = 0.0044, neg_loss_2 = 0.0073, ref_loss = 0.0255, div_loss = 0.0080, 0.764 seconds/batch
2026-04-20 01:12:52,472 - save model to checkpoints/activitynet_moe/cpl_moe/model-7.pt, num_updates 8190.
2026-04-20 01:16:13,291 - | R@1,mIoU 0.3124 | R@1,IoU@0.1 0.7214 | R@1,IoU@0.3 0.5129 | R@1,IoU@0.5 0.2397 | R@1,IoU@0.7 0.0702 | R@1,IoU@0.9 0.0080 | R@5,mIoU 0.5207 | R@5,IoU@0.1 0.9220 | R@5,IoU@0.3 0.7704 | R@5,IoU@0.5 0.5223 | R@5,IoU@0.7 0.3069 | R@5,IoU@0.9 0.0707 |
2026-04-20 01:16:13,372 - Best results have been updated.
2026-04-20 01:16:13,372 - ============================================================
2026-04-20 01:16:13,372 - Start Epoch 8
2026-04-20 01:16:35,224 - Epoch 8, Batch 50, lr = 0.00009, final_loss = 4.0266, nll_loss = 3.9503, ref_nll_loss = 4.1029, ivc_loss = 0.0862, neg_loss_1 = 0.0068, neg_loss_2 = 0.0096, ref_loss = 0.0282, div_loss = 0.0083, 0.437 seconds/batch
2026-04-20 01:17:00,771 - Epoch 8, Batch 100, lr = 0.00009, final_loss = 4.0096, nll_loss = 3.9311, ref_nll_loss = 4.0881, ivc_loss = 0.0862, neg_loss_1 = 0.0091, neg_loss_2 = 0.0086, ref_loss = 0.0256, div_loss = 0.0086, 0.474 seconds/batch
2026-04-20 01:17:31,728 - Epoch 8, Batch 150, lr = 0.00009, final_loss = 4.0033, nll_loss = 3.9231, ref_nll_loss = 4.0835, ivc_loss = 0.0796, neg_loss_1 = 0.0059, neg_loss_2 = 0.0069, ref_loss = 0.0247, div_loss = 0.0084, 0.522 seconds/batch
2026-04-20 01:18:11,309 - Epoch 8, Batch 200, lr = 0.00009, final_loss = 4.0222, nll_loss = 3.9409, ref_nll_loss = 4.1036, ivc_loss = 0.0852, neg_loss_1 = 0.0074, neg_loss_2 = 0.0090, ref_loss = 0.0282, div_loss = 0.0081, 0.590 seconds/batch
2026-04-20 01:18:51,248 - Epoch 8, Batch 250, lr = 0.00009, final_loss = 4.0195, nll_loss = 3.9409, ref_nll_loss = 4.0981, ivc_loss = 0.0847, neg_loss_1 = 0.0087, neg_loss_2 = 0.0102, ref_loss = 0.0261, div_loss = 0.0079, 0.632 seconds/batch
2026-04-20 01:19:31,162 - Epoch 8, Batch 300, lr = 0.00009, final_loss = 4.0206, nll_loss = 3.9447, ref_nll_loss = 4.0965, ivc_loss = 0.0837, neg_loss_1 = 0.0066, neg_loss_2 = 0.0083, ref_loss = 0.0283, div_loss = 0.0081, 0.659 seconds/batch
2026-04-20 01:20:10,702 - Epoch 8, Batch 350, lr = 0.00009, final_loss = 4.0003, nll_loss = 3.9210, ref_nll_loss = 4.0797, ivc_loss = 0.0837, neg_loss_1 = 0.0074, neg_loss_2 = 0.0094, ref_loss = 0.0259, div_loss = 0.0082, 0.678 seconds/batch
2026-04-20 01:20:50,392 - Epoch 8, Batch 400, lr = 0.00009, final_loss = 4.0258, nll_loss = 3.9431, ref_nll_loss = 4.1084, ivc_loss = 0.0820, neg_loss_1 = 0.0094, neg_loss_2 = 0.0097, ref_loss = 0.0230, div_loss = 0.0080, 0.693 seconds/batch
2026-04-20 01:21:30,286 - Epoch 8, Batch 450, lr = 0.00009, final_loss = 3.9841, nll_loss = 3.9028, ref_nll_loss = 4.0653, ivc_loss = 0.0860, neg_loss_1 = 0.0097, neg_loss_2 = 0.0090, ref_loss = 0.0269, div_loss = 0.0081, 0.704 seconds/batch
2026-04-20 01:22:10,181 - Epoch 8, Batch 500, lr = 0.00009, final_loss = 4.0227, nll_loss = 3.9441, ref_nll_loss = 4.1013, ivc_loss = 0.0830, neg_loss_1 = 0.0074, neg_loss_2 = 0.0083, ref_loss = 0.0275, div_loss = 0.0080, 0.714 seconds/batch
2026-04-20 01:22:50,178 - Epoch 8, Batch 550, lr = 0.00009, final_loss = 4.0212, nll_loss = 3.9439, ref_nll_loss = 4.0986, ivc_loss = 0.0856, neg_loss_1 = 0.0069, neg_loss_2 = 0.0075, ref_loss = 0.0296, div_loss = 0.0083, 0.721 seconds/batch
2026-04-20 01:23:30,095 - Epoch 8, Batch 600, lr = 0.00009, final_loss = 4.0299, nll_loss = 3.9543, ref_nll_loss = 4.1054, ivc_loss = 0.0854, neg_loss_1 = 0.0073, neg_loss_2 = 0.0088, ref_loss = 0.0290, div_loss = 0.0081, 0.728 seconds/batch
2026-04-20 01:24:10,191 - Epoch 8, Batch 650, lr = 0.00009, final_loss = 4.0359, nll_loss = 3.9617, ref_nll_loss = 4.1101, ivc_loss = 0.1073, neg_loss_1 = 0.0071, neg_loss_2 = 0.0109, ref_loss = 0.0310, div_loss = 0.0117, 0.734 seconds/batch
2026-04-20 01:24:49,887 - Epoch 8, Batch 700, lr = 0.00008, final_loss = 4.0065, nll_loss = 3.9284, ref_nll_loss = 4.0846, ivc_loss = 0.0926, neg_loss_1 = 0.0083, neg_loss_2 = 0.0098, ref_loss = 0.0277, div_loss = 0.0094, 0.738 seconds/batch
2026-04-20 01:25:30,020 - Epoch 8, Batch 750, lr = 0.00008, final_loss = 4.0529, nll_loss = 3.9776, ref_nll_loss = 4.1282, ivc_loss = 0.0909, neg_loss_1 = 0.0071, neg_loss_2 = 0.0106, ref_loss = 0.0293, div_loss = 0.0088, 0.742 seconds/batch
2026-04-20 01:26:09,997 - Epoch 8, Batch 800, lr = 0.00008, final_loss = 4.0268, nll_loss = 3.9461, ref_nll_loss = 4.1075, ivc_loss = 0.0840, neg_loss_1 = 0.0080, neg_loss_2 = 0.0088, ref_loss = 0.0241, div_loss = 0.0086, 0.746 seconds/batch
2026-04-20 01:26:50,091 - Epoch 8, Batch 850, lr = 0.00008, final_loss = 3.9954, nll_loss = 3.9166, ref_nll_loss = 4.0743, ivc_loss = 0.0898, neg_loss_1 = 0.0085, neg_loss_2 = 0.0090, ref_loss = 0.0280, div_loss = 0.0089, 0.749 seconds/batch
2026-04-20 01:27:30,243 - Epoch 8, Batch 900, lr = 0.00008, final_loss = 3.9950, nll_loss = 3.9189, ref_nll_loss = 4.0711, ivc_loss = 0.0937, neg_loss_1 = 0.0095, neg_loss_2 = 0.0093, ref_loss = 0.0299, div_loss = 0.0090, 0.752 seconds/batch
2026-04-20 01:28:10,076 - Epoch 8, Batch 950, lr = 0.00008, final_loss = 4.0016, nll_loss = 3.9214, ref_nll_loss = 4.0817, ivc_loss = 0.0869, neg_loss_1 = 0.0080, neg_loss_2 = 0.0087, ref_loss = 0.0256, div_loss = 0.0089, 0.754 seconds/batch
2026-04-20 01:28:50,086 - Epoch 8, Batch 1000, lr = 0.00008, final_loss = 3.9977, nll_loss = 3.9155, ref_nll_loss = 4.0798, ivc_loss = 0.0900, neg_loss_1 = 0.0095, neg_loss_2 = 0.0106, ref_loss = 0.0251, div_loss = 0.0090, 0.757 seconds/batch
2026-04-20 01:29:30,146 - Epoch 8, Batch 1050, lr = 0.00008, final_loss = 4.0295, nll_loss = 3.9511, ref_nll_loss = 4.1080, ivc_loss = 0.0899, neg_loss_1 = 0.0100, neg_loss_2 = 0.0103, ref_loss = 0.0276, div_loss = 0.0084, 0.759 seconds/batch
2026-04-20 01:30:09,960 - Epoch 8, Batch 1100, lr = 0.00008, final_loss = 4.0055, nll_loss = 3.9252, ref_nll_loss = 4.0859, ivc_loss = 0.0821, neg_loss_1 = 0.0056, neg_loss_2 = 0.0076, ref_loss = 0.0267, div_loss = 0.0084, 0.761 seconds/batch
2026-04-20 01:30:49,882 - Epoch 8, Batch 1150, lr = 0.00008, final_loss = 4.0289, nll_loss = 3.9480, ref_nll_loss = 4.1097, ivc_loss = 0.0861, neg_loss_1 = 0.0091, neg_loss_2 = 0.0095, ref_loss = 0.0248, div_loss = 0.0085, 0.762 seconds/batch
2026-04-20 01:31:05,523 - Epoch 8, Batch 1170, lr = 0.00008, final_loss = 4.0167, nll_loss = 3.9376, ref_nll_loss = 4.0958, ivc_loss = 0.0900, neg_loss_1 = 0.0097, neg_loss_2 = 0.0095, ref_loss = 0.0266, div_loss = 0.0089, 0.763 seconds/batch
2026-04-20 01:31:05,594 - save model to checkpoints/activitynet_moe/cpl_moe/model-8.pt, num_updates 9360.
2026-04-20 01:34:28,033 - | R@1,mIoU 0.2808 | R@1,IoU@0.1 0.5854 | R@1,IoU@0.3 0.4208 | R@1,IoU@0.5 0.2378 | R@1,IoU@0.7 0.1224 | R@1,IoU@0.9 0.0222 | R@5,mIoU 0.5335 | R@5,IoU@0.1 0.9215 | R@5,IoU@0.3 0.7771 | R@5,IoU@0.5 0.5469 | R@5,IoU@0.7 0.3295 | R@5,IoU@0.9 0.0809 |
2026-04-20 01:34:28,034 - ============================================================
2026-04-20 01:34:28,034 - Start Epoch 9
2026-04-20 01:34:50,085 - Epoch 9, Batch 50, lr = 0.00008, final_loss = 3.9573, nll_loss = 3.8762, ref_nll_loss = 4.0383, ivc_loss = 0.0866, neg_loss_1 = 0.0105, neg_loss_2 = 0.0086, ref_loss = 0.0250, div_loss = 0.0085, 0.441 seconds/batch
2026-04-20 01:35:15,491 - Epoch 9, Batch 100, lr = 0.00008, final_loss = 3.9978, nll_loss = 3.9168, ref_nll_loss = 4.0788, ivc_loss = 0.0892, neg_loss_1 = 0.0120, neg_loss_2 = 0.0090, ref_loss = 0.0263, div_loss = 0.0084, 0.475 seconds/batch
2026-04-20 01:35:45,666 - Epoch 9, Batch 150, lr = 0.00008, final_loss = 3.9744, nll_loss = 3.8955, ref_nll_loss = 4.0534, ivc_loss = 0.0865, neg_loss_1 = 0.0094, neg_loss_2 = 0.0072, ref_loss = 0.0275, div_loss = 0.0085, 0.518 seconds/batch
2026-04-20 01:36:25,539 - Epoch 9, Batch 200, lr = 0.00008, final_loss = 3.9623, nll_loss = 3.8814, ref_nll_loss = 4.0432, ivc_loss = 0.0856, neg_loss_1 = 0.0088, neg_loss_2 = 0.0094, ref_loss = 0.0247, div_loss = 0.0085, 0.588 seconds/batch
2026-04-20 01:37:05,462 - Epoch 9, Batch 250, lr = 0.00008, final_loss = 3.9947, nll_loss = 3.9154, ref_nll_loss = 4.0741, ivc_loss = 0.0869, neg_loss_1 = 0.0073, neg_loss_2 = 0.0099, ref_loss = 0.0271, div_loss = 0.0085, 0.630 seconds/batch
2026-04-20 01:37:45,188 - Epoch 9, Batch 300, lr = 0.00008, final_loss = 3.9882, nll_loss = 3.9089, ref_nll_loss = 4.0675, ivc_loss = 0.0911, neg_loss_1 = 0.0093, neg_loss_2 = 0.0096, ref_loss = 0.0263, div_loss = 0.0092, 0.657 seconds/batch
2026-04-20 01:38:25,121 - Epoch 9, Batch 350, lr = 0.00008, final_loss = 3.9931, nll_loss = 3.9138, ref_nll_loss = 4.0725, ivc_loss = 0.0904, neg_loss_1 = 0.0114, neg_loss_2 = 0.0103, ref_loss = 0.0265, div_loss = 0.0085, 0.677 seconds/batch
2026-04-20 01:39:05,095 - Epoch 9, Batch 400, lr = 0.00008, final_loss = 3.9677, nll_loss = 3.8828, ref_nll_loss = 4.0525, ivc_loss = 0.0839, neg_loss_1 = 0.0088, neg_loss_2 = 0.0078, ref_loss = 0.0246, div_loss = 0.0085, 0.693 seconds/batch
2026-04-20 01:39:44,641 - Epoch 9, Batch 450, lr = 0.00008, final_loss = 3.9867, nll_loss = 3.9064, ref_nll_loss = 4.0671, ivc_loss = 0.0893, neg_loss_1 = 0.0087, neg_loss_2 = 0.0097, ref_loss = 0.0280, div_loss = 0.0086, 0.704 seconds/batch
2026-04-20 01:40:24,671 - Epoch 9, Batch 500, lr = 0.00008, final_loss = 4.0038, nll_loss = 3.9209, ref_nll_loss = 4.0868, ivc_loss = 0.0899, neg_loss_1 = 0.0094, neg_loss_2 = 0.0111, ref_loss = 0.0250, div_loss = 0.0089, 0.713 seconds/batch
2026-04-20 01:41:04,459 - Epoch 9, Batch 550, lr = 0.00008, final_loss = 3.9462, nll_loss = 3.8655, ref_nll_loss = 4.0268, ivc_loss = 0.0878, neg_loss_1 = 0.0097, neg_loss_2 = 0.0096, ref_loss = 0.0261, div_loss = 0.0085, 0.721 seconds/batch
2026-04-20 01:41:44,571 - Epoch 9, Batch 600, lr = 0.00008, final_loss = 4.0098, nll_loss = 3.9281, ref_nll_loss = 4.0915, ivc_loss = 0.0864, neg_loss_1 = 0.0088, neg_loss_2 = 0.0112, ref_loss = 0.0242, div_loss = 0.0085, 0.728 seconds/batch
2026-04-20 01:42:24,563 - Epoch 9, Batch 650, lr = 0.00008, final_loss = 3.9978, nll_loss = 3.9113, ref_nll_loss = 4.0843, ivc_loss = 0.0815, neg_loss_1 = 0.0085, neg_loss_2 = 0.0088, ref_loss = 0.0220, div_loss = 0.0084, 0.733 seconds/batch
2026-04-20 01:43:04,487 - Epoch 9, Batch 700, lr = 0.00008, final_loss = 4.0030, nll_loss = 3.9251, ref_nll_loss = 4.0809, ivc_loss = 0.0879, neg_loss_1 = 0.0078, neg_loss_2 = 0.0110, ref_loss = 0.0269, div_loss = 0.0084, 0.738 seconds/batch
2026-04-20 01:43:44,807 - Epoch 9, Batch 750, lr = 0.00008, final_loss = 4.0295, nll_loss = 3.9487, ref_nll_loss = 4.1102, ivc_loss = 0.0887, neg_loss_1 = 0.0089, neg_loss_2 = 0.0094, ref_loss = 0.0266, div_loss = 0.0088, 0.742 seconds/batch
2026-04-20 01:44:25,026 - Epoch 9, Batch 800, lr = 0.00008, final_loss = 3.9698, nll_loss = 3.8863, ref_nll_loss = 4.0533, ivc_loss = 0.0899, neg_loss_1 = 0.0088, neg_loss_2 = 0.0099, ref_loss = 0.0252, div_loss = 0.0092, 0.746 seconds/batch
2026-04-20 01:45:05,066 - Epoch 9, Batch 850, lr = 0.00008, final_loss = 3.9854, nll_loss = 3.9026, ref_nll_loss = 4.0681, ivc_loss = 0.0849, neg_loss_1 = 0.0091, neg_loss_2 = 0.0090, ref_loss = 0.0240, div_loss = 0.0086, 0.749 seconds/batch
2026-04-20 01:45:44,910 - Epoch 9, Batch 900, lr = 0.00008, final_loss = 3.9676, nll_loss = 3.8853, ref_nll_loss = 4.0498, ivc_loss = 0.0908, neg_loss_1 = 0.0103, neg_loss_2 = 0.0103, ref_loss = 0.0269, div_loss = 0.0086, 0.752 seconds/batch
2026-04-20 01:46:24,538 - Epoch 9, Batch 950, lr = 0.00008, final_loss = 3.9966, nll_loss = 3.9155, ref_nll_loss = 4.0777, ivc_loss = 0.0844, neg_loss_1 = 0.0088, neg_loss_2 = 0.0079, ref_loss = 0.0245, div_loss = 0.0087, 0.754 seconds/batch
2026-04-20 01:47:03,900 - Epoch 9, Batch 1000, lr = 0.00008, final_loss = 3.9815, nll_loss = 3.8982, ref_nll_loss = 4.0647, ivc_loss = 0.0859, neg_loss_1 = 0.0080, neg_loss_2 = 0.0100, ref_loss = 0.0249, div_loss = 0.0086, 0.756 seconds/batch
2026-04-20 01:47:43,626 - Epoch 9, Batch 1050, lr = 0.00008, final_loss = 3.9902, nll_loss = 3.9104, ref_nll_loss = 4.0699, ivc_loss = 0.0841, neg_loss_1 = 0.0062, neg_loss_2 = 0.0064, ref_loss = 0.0274, div_loss = 0.0088, 0.758 seconds/batch
2026-04-20 01:48:23,016 - Epoch 9, Batch 1100, lr = 0.00008, final_loss = 3.9935, nll_loss = 3.9114, ref_nll_loss = 4.0755, ivc_loss = 0.0845, neg_loss_1 = 0.0092, neg_loss_2 = 0.0083, ref_loss = 0.0258, div_loss = 0.0082, 0.759 seconds/batch
2026-04-20 01:49:02,831 - Epoch 9, Batch 1150, lr = 0.00008, final_loss = 3.9946, nll_loss = 3.9096, ref_nll_loss = 4.0795, ivc_loss = 0.0808, neg_loss_1 = 0.0076, neg_loss_2 = 0.0074, ref_loss = 0.0233, div_loss = 0.0085, 0.761 seconds/batch
2026-04-20 01:49:18,590 - Epoch 9, Batch 1170, lr = 0.00008, final_loss = 3.9584, nll_loss = 3.8754, ref_nll_loss = 4.0413, ivc_loss = 0.0898, neg_loss_1 = 0.0067, neg_loss_2 = 0.0118, ref_loss = 0.0266, div_loss = 0.0089, 0.761 seconds/batch
2026-04-20 01:49:18,662 - save model to checkpoints/activitynet_moe/cpl_moe/model-9.pt, num_updates 10530.
2026-04-20 01:52:42,145 - | R@1,mIoU 0.3242 | R@1,IoU@0.1 0.7368 | R@1,IoU@0.3 0.5246 | R@1,IoU@0.5 0.2605 | R@1,IoU@0.7 0.0846 | R@1,IoU@0.9 0.0121 | R@5,mIoU 0.5320 | R@5,IoU@0.1 0.9259 | R@5,IoU@0.3 0.7848 | R@5,IoU@0.5 0.5448 | R@5,IoU@0.7 0.3224 | R@5,IoU@0.9 0.0739 |
2026-04-20 01:52:42,233 - Best results have been updated.
2026-04-20 01:52:42,233 - ============================================================
2026-04-20 01:52:42,233 - Start Epoch 10
2026-04-20 01:53:03,957 - Epoch 10, Batch 50, lr = 0.00008, final_loss = 3.9356, nll_loss = 3.8530, ref_nll_loss = 4.0182, ivc_loss = 0.0880, neg_loss_1 = 0.0081, neg_loss_2 = 0.0099, ref_loss = 0.0265, div_loss = 0.0087, 0.434 seconds/batch
2026-04-20 01:53:29,237 - Epoch 10, Batch 100, lr = 0.00008, final_loss = 3.9653, nll_loss = 3.8805, ref_nll_loss = 4.0500, ivc_loss = 0.0899, neg_loss_1 = 0.0119, neg_loss_2 = 0.0091, ref_loss = 0.0235, div_loss = 0.0091, 0.470 seconds/batch
2026-04-20 01:53:59,197 - Epoch 10, Batch 150, lr = 0.00008, final_loss = 3.9430, nll_loss = 3.8615, ref_nll_loss = 4.0245, ivc_loss = 0.0915, neg_loss_1 = 0.0110, neg_loss_2 = 0.0099, ref_loss = 0.0267, div_loss = 0.0088, 0.513 seconds/batch
2026-04-20 01:54:38,766 - Epoch 10, Batch 200, lr = 0.00008, final_loss = 3.9829, nll_loss = 3.8985, ref_nll_loss = 4.0673, ivc_loss = 0.0854, neg_loss_1 = 0.0101, neg_loss_2 = 0.0081, ref_loss = 0.0231, div_loss = 0.0088, 0.583 seconds/batch
2026-04-20 01:55:18,951 - Epoch 10, Batch 250, lr = 0.00008, final_loss = 3.9672, nll_loss = 3.8830, ref_nll_loss = 4.0513, ivc_loss = 0.0861, neg_loss_1 = 0.0094, neg_loss_2 = 0.0066, ref_loss = 0.0247, div_loss = 0.0091, 0.627 seconds/batch
2026-04-20 01:55:58,829 - Epoch 10, Batch 300, lr = 0.00008, final_loss = 3.9510, nll_loss = 3.8683, ref_nll_loss = 4.0337, ivc_loss = 0.0880, neg_loss_1 = 0.0087, neg_loss_2 = 0.0085, ref_loss = 0.0259, div_loss = 0.0090, 0.655 seconds/batch
2026-04-20 01:56:38,656 - Epoch 10, Batch 350, lr = 0.00008, final_loss = 3.9648, nll_loss = 3.8784, ref_nll_loss = 4.0512, ivc_loss = 0.0841, neg_loss_1 = 0.0102, neg_loss_2 = 0.0095, ref_loss = 0.0223, div_loss = 0.0084, 0.675 seconds/batch
2026-04-20 01:57:18,554 - Epoch 10, Batch 400, lr = 0.00008, final_loss = 3.9764, nll_loss = 3.8933, ref_nll_loss = 4.0594, ivc_loss = 0.0881, neg_loss_1 = 0.0110, neg_loss_2 = 0.0091, ref_loss = 0.0251, div_loss = 0.0086, 0.691 seconds/batch
2026-04-20 01:57:58,413 - Epoch 10, Batch 450, lr = 0.00008, final_loss = 3.9560, nll_loss = 3.8710, ref_nll_loss = 4.0409, ivc_loss = 0.0860, neg_loss_1 = 0.0095, neg_loss_2 = 0.0086, ref_loss = 0.0240, div_loss = 0.0088, 0.703 seconds/batch
2026-04-20 01:58:38,202 - Epoch 10, Batch 500, lr = 0.00008, final_loss = 3.9499, nll_loss = 3.8669, ref_nll_loss = 4.0329, ivc_loss = 0.0873, neg_loss_1 = 0.0100, neg_loss_2 = 0.0084, ref_loss = 0.0262, div_loss = 0.0086, 0.712 seconds/batch
2026-04-20 01:59:17,953 - Epoch 10, Batch 550, lr = 0.00008, final_loss = 3.9851, nll_loss = 3.9011, ref_nll_loss = 4.0692, ivc_loss = 0.0870, neg_loss_1 = 0.0102, neg_loss_2 = 0.0086, ref_loss = 0.0246, div_loss = 0.0087, 0.719 seconds/batch
2026-04-20 01:59:57,883 - Epoch 10, Batch 600, lr = 0.00008, final_loss = 3.9797, nll_loss = 3.8973, ref_nll_loss = 4.0622, ivc_loss = 0.0909, neg_loss_1 = 0.0096, neg_loss_2 = 0.0104, ref_loss = 0.0271, div_loss = 0.0087, 0.726 seconds/batch
2026-04-20 02:00:37,805 - Epoch 10, Batch 650, lr = 0.00008, final_loss = 3.9723, nll_loss = 3.8907, ref_nll_loss = 4.0538, ivc_loss = 0.0887, neg_loss_1 = 0.0094, neg_loss_2 = 0.0091, ref_loss = 0.0268, div_loss = 0.0087, 0.732 seconds/batch
2026-04-20 02:01:17,217 - Epoch 10, Batch 700, lr = 0.00008, final_loss = 3.9272, nll_loss = 3.8450, ref_nll_loss = 4.0095, ivc_loss = 0.0870, neg_loss_1 = 0.0087, neg_loss_2 = 0.0079, ref_loss = 0.0259, div_loss = 0.0089, 0.736 seconds/batch
2026-04-20 02:01:56,985 - Epoch 10, Batch 750, lr = 0.00008, final_loss = 3.9586, nll_loss = 3.8783, ref_nll_loss = 4.0389, ivc_loss = 0.0868, neg_loss_1 = 0.0083, neg_loss_2 = 0.0079, ref_loss = 0.0265, div_loss = 0.0088, 0.740 seconds/batch
2026-04-20 02:02:36,541 - Epoch 10, Batch 800, lr = 0.00008, final_loss = 3.9732, nll_loss = 3.8899, ref_nll_loss = 4.0565, ivc_loss = 0.0879, neg_loss_1 = 0.0089, neg_loss_2 = 0.0095, ref_loss = 0.0256, div_loss = 0.0088, 0.743 seconds/batch
2026-04-20 02:03:16,306 - Epoch 10, Batch 850, lr = 0.00007, final_loss = 3.9380, nll_loss = 3.8558, ref_nll_loss = 4.0201, ivc_loss = 0.0878, neg_loss_1 = 0.0080, neg_loss_2 = 0.0093, ref_loss = 0.0267, div_loss = 0.0088, 0.746 seconds/batch
2026-04-20 02:03:56,372 - Epoch 10, Batch 900, lr = 0.00007, final_loss = 3.9515, nll_loss = 3.8681, ref_nll_loss = 4.0349, ivc_loss = 0.0844, neg_loss_1 = 0.0087, neg_loss_2 = 0.0066, ref_loss = 0.0257, div_loss = 0.0087, 0.749 seconds/batch
2026-04-20 02:04:36,312 - Epoch 10, Batch 950, lr = 0.00007, final_loss = 3.9784, nll_loss = 3.8938, ref_nll_loss = 4.0631, ivc_loss = 0.0856, neg_loss_1 = 0.0087, neg_loss_2 = 0.0080, ref_loss = 0.0254, div_loss = 0.0087, 0.752 seconds/batch
2026-04-20 02:05:16,102 - Epoch 10, Batch 1000, lr = 0.00007, final_loss = 3.9712, nll_loss = 3.8875, ref_nll_loss = 4.0549, ivc_loss = 0.0896, neg_loss_1 = 0.0102, neg_loss_2 = 0.0093, ref_loss = 0.0259, div_loss = 0.0088, 0.754 seconds/batch
2026-04-20 02:05:55,784 - Epoch 10, Batch 1050, lr = 0.00007, final_loss = 4.0017, nll_loss = 3.9162, ref_nll_loss = 4.0873, ivc_loss = 0.0878, neg_loss_1 = 0.0109, neg_loss_2 = 0.0076, ref_loss = 0.0225, div_loss = 0.0094, 0.756 seconds/batch
2026-04-20 02:06:35,757 - Epoch 10, Batch 1100, lr = 0.00007, final_loss = 3.9567, nll_loss = 3.8738, ref_nll_loss = 4.0395, ivc_loss = 0.0845, neg_loss_1 = 0.0087, neg_loss_2 = 0.0079, ref_loss = 0.0248, div_loss = 0.0086, 0.758 seconds/batch
2026-04-20 02:07:15,248 - Epoch 10, Batch 1150, lr = 0.00007, final_loss = 3.9897, nll_loss = 3.9062, ref_nll_loss = 4.0732, ivc_loss = 0.0863, neg_loss_1 = 0.0087, neg_loss_2 = 0.0094, ref_loss = 0.0238, div_loss = 0.0089, 0.759 seconds/batch
2026-04-20 02:07:31,235 - Epoch 10, Batch 1170, lr = 0.00007, final_loss = 3.9222, nll_loss = 3.8376, ref_nll_loss = 4.0068, ivc_loss = 0.0927, neg_loss_1 = 0.0097, neg_loss_2 = 0.0103, ref_loss = 0.0273, div_loss = 0.0091, 0.760 seconds/batch
2026-04-20 02:07:31,313 - save model to checkpoints/activitynet_moe/cpl_moe/model-10.pt, num_updates 11700.
2026-04-20 02:10:55,340 - | R@1,mIoU 0.3188 | R@1,IoU@0.1 0.7296 | R@1,IoU@0.3 0.5332 | R@1,IoU@0.5 0.2395 | R@1,IoU@0.7 0.0793 | R@1,IoU@0.9 0.0092 | R@5,mIoU 0.5294 | R@5,IoU@0.1 0.9237 | R@5,IoU@0.3 0.7851 | R@5,IoU@0.5 0.5388 | R@5,IoU@0.7 0.3245 | R@5,IoU@0.9 0.0711 |
2026-04-20 02:10:55,340 - ============================================================
2026-04-20 02:10:55,340 - Start Epoch 11
2026-04-20 02:11:17,368 - Epoch 11, Batch 50, lr = 0.00007, final_loss = 3.9252, nll_loss = 3.8396, ref_nll_loss = 4.0108, ivc_loss = 0.0879, neg_loss_1 = 0.0118, neg_loss_2 = 0.0103, ref_loss = 0.0216, div_loss = 0.0088, 0.441 seconds/batch
2026-04-20 02:11:42,579 - Epoch 11, Batch 100, lr = 0.00007, final_loss = 3.9292, nll_loss = 3.8476, ref_nll_loss = 4.0107, ivc_loss = 0.0939, neg_loss_1 = 0.0106, neg_loss_2 = 0.0096, ref_loss = 0.0264, div_loss = 0.0095, 0.472 seconds/batch
2026-04-20 02:12:11,122 - Epoch 11, Batch 150, lr = 0.00007, final_loss = 3.9805, nll_loss = 3.8937, ref_nll_loss = 4.0674, ivc_loss = 0.0892, neg_loss_1 = 0.0113, neg_loss_2 = 0.0094, ref_loss = 0.0230, div_loss = 0.0091, 0.505 seconds/batch
2026-04-20 02:12:50,909 - Epoch 11, Batch 200, lr = 0.00007, final_loss = 3.9353, nll_loss = 3.8489, ref_nll_loss = 4.0218, ivc_loss = 0.0844, neg_loss_1 = 0.0093, neg_loss_2 = 0.0080, ref_loss = 0.0226, div_loss = 0.0089, 0.578 seconds/batch
2026-04-20 02:13:31,209 - Epoch 11, Batch 250, lr = 0.00007, final_loss = 3.9464, nll_loss = 3.8630, ref_nll_loss = 4.0299, ivc_loss = 0.0904, neg_loss_1 = 0.0095, neg_loss_2 = 0.0123, ref_loss = 0.0241, div_loss = 0.0089, 0.623 seconds/batch
2026-04-20 02:14:11,134 - Epoch 11, Batch 300, lr = 0.00007, final_loss = 3.9501, nll_loss = 3.8669, ref_nll_loss = 4.0333, ivc_loss = 0.0945, neg_loss_1 = 0.0125, neg_loss_2 = 0.0114, ref_loss = 0.0263, div_loss = 0.0089, 0.653 seconds/batch
2026-04-20 02:14:51,297 - Epoch 11, Batch 350, lr = 0.00007, final_loss = 3.9254, nll_loss = 3.8388, ref_nll_loss = 4.0119, ivc_loss = 0.0930, neg_loss_1 = 0.0118, neg_loss_2 = 0.0103, ref_loss = 0.0246, div_loss = 0.0092, 0.674 seconds/batch
2026-04-20 02:15:31,300 - Epoch 11, Batch 400, lr = 0.00007, final_loss = 3.9296, nll_loss = 3.8470, ref_nll_loss = 4.0122, ivc_loss = 0.0906, neg_loss_1 = 0.0112, neg_loss_2 = 0.0081, ref_loss = 0.0270, div_loss = 0.0089, 0.690 seconds/batch
2026-04-20 02:16:11,168 - Epoch 11, Batch 450, lr = 0.00007, final_loss = 3.9350, nll_loss = 3.8505, ref_nll_loss = 4.0196, ivc_loss = 0.0883, neg_loss_1 = 0.0099, neg_loss_2 = 0.0082, ref_loss = 0.0247, div_loss = 0.0091, 0.702 seconds/batch
2026-04-20 02:16:51,077 - Epoch 11, Batch 500, lr = 0.00007, final_loss = 3.9357, nll_loss = 3.8508, ref_nll_loss = 4.0205, ivc_loss = 0.0872, neg_loss_1 = 0.0097, neg_loss_2 = 0.0093, ref_loss = 0.0234, div_loss = 0.0090, 0.711 seconds/batch
2026-04-20 02:17:30,832 - Epoch 11, Batch 550, lr = 0.00007, final_loss = 3.9564, nll_loss = 3.8715, ref_nll_loss = 4.0414, ivc_loss = 0.0859, neg_loss_1 = 0.0080, neg_loss_2 = 0.0089, ref_loss = 0.0245, div_loss = 0.0089, 0.719 seconds/batch
2026-04-20 02:18:10,593 - Epoch 11, Batch 600, lr = 0.00007, final_loss = 3.9227, nll_loss = 3.8394, ref_nll_loss = 4.0059, ivc_loss = 0.0872, neg_loss_1 = 0.0079, neg_loss_2 = 0.0084, ref_loss = 0.0255, div_loss = 0.0091, 0.725 seconds/batch
2026-04-20 02:18:50,402 - Epoch 11, Batch 650, lr = 0.00007, final_loss = 3.9260, nll_loss = 3.8384, ref_nll_loss = 4.0136, ivc_loss = 0.0868, neg_loss_1 = 0.0096, neg_loss_2 = 0.0072, ref_loss = 0.0246, div_loss = 0.0091, 0.731 seconds/batch
2026-04-20 02:19:30,176 - Epoch 11, Batch 700, lr = 0.00007, final_loss = 3.9658, nll_loss = 3.8833, ref_nll_loss = 4.0483, ivc_loss = 0.0917, neg_loss_1 = 0.0097, neg_loss_2 = 0.0103, ref_loss = 0.0260, div_loss = 0.0091, 0.735 seconds/batch
2026-04-20 02:20:10,025 - Epoch 11, Batch 750, lr = 0.00007, final_loss = 3.9709, nll_loss = 3.8834, ref_nll_loss = 4.0584, ivc_loss = 0.0890, neg_loss_1 = 0.0094, neg_loss_2 = 0.0094, ref_loss = 0.0237, div_loss = 0.0093, 0.740 seconds/batch
2026-04-20 02:20:49,854 - Epoch 11, Batch 800, lr = 0.00007, final_loss = 3.9246, nll_loss = 3.8419, ref_nll_loss = 4.0073, ivc_loss = 0.0913, neg_loss_1 = 0.0113, neg_loss_2 = 0.0085, ref_loss = 0.0263, div_loss = 0.0090, 0.743 seconds/batch
2026-04-20 02:21:29,848 - Epoch 11, Batch 850, lr = 0.00007, final_loss = 3.9616, nll_loss = 3.8746, ref_nll_loss = 4.0486, ivc_loss = 0.0847, neg_loss_1 = 0.0114, neg_loss_2 = 0.0058, ref_loss = 0.0224, div_loss = 0.0090, 0.746 seconds/batch
2026-04-20 02:22:09,606 - Epoch 11, Batch 900, lr = 0.00007, final_loss = 3.9623, nll_loss = 3.8774, ref_nll_loss = 4.0472, ivc_loss = 0.0914, neg_loss_1 = 0.0117, neg_loss_2 = 0.0101, ref_loss = 0.0252, div_loss = 0.0089, 0.749 seconds/batch
2026-04-20 02:22:49,546 - Epoch 11, Batch 950, lr = 0.00007, final_loss = 3.9141, nll_loss = 3.8257, ref_nll_loss = 4.0026, ivc_loss = 0.0851, neg_loss_1 = 0.0097, neg_loss_2 = 0.0070, ref_loss = 0.0235, div_loss = 0.0090, 0.752 seconds/batch
2026-04-20 02:23:29,394 - Epoch 11, Batch 1000, lr = 0.00007, final_loss = 3.9403, nll_loss = 3.8533, ref_nll_loss = 4.0273, ivc_loss = 0.0876, neg_loss_1 = 0.0104, neg_loss_2 = 0.0089, ref_loss = 0.0232, div_loss = 0.0090, 0.754 seconds/batch
2026-04-20 02:24:08,968 - Epoch 11, Batch 1050, lr = 0.00007, final_loss = 3.9187, nll_loss = 3.8314, ref_nll_loss = 4.0059, ivc_loss = 0.0922, neg_loss_1 = 0.0109, neg_loss_2 = 0.0097, ref_loss = 0.0258, div_loss = 0.0092, 0.756 seconds/batch
2026-04-20 02:24:48,727 - Epoch 11, Batch 1100, lr = 0.00007, final_loss = 3.9307, nll_loss = 3.8468, ref_nll_loss = 4.0146, ivc_loss = 0.0884, neg_loss_1 = 0.0098, neg_loss_2 = 0.0077, ref_loss = 0.0251, div_loss = 0.0092, 0.758 seconds/batch
2026-04-20 02:25:28,723 - Epoch 11, Batch 1150, lr = 0.00007, final_loss = 3.9642, nll_loss = 3.8791, ref_nll_loss = 4.0494, ivc_loss = 0.0869, neg_loss_1 = 0.0107, neg_loss_2 = 0.0079, ref_loss = 0.0229, div_loss = 0.0091, 0.759 seconds/batch
2026-04-20 02:25:44,272 - Epoch 11, Batch 1170, lr = 0.00007, final_loss = 3.9362, nll_loss = 3.8499, ref_nll_loss = 4.0226, ivc_loss = 0.0873, neg_loss_1 = 0.0076, neg_loss_2 = 0.0112, ref_loss = 0.0238, div_loss = 0.0090, 0.760 seconds/batch
2026-04-20 02:25:44,349 - save model to checkpoints/activitynet_moe/cpl_moe/model-11.pt, num_updates 12870.
2026-04-20 02:29:09,172 - | R@1,mIoU 0.2979 | R@1,IoU@0.1 0.7005 | R@1,IoU@0.3 0.5027 | R@1,IoU@0.5 0.2136 | R@1,IoU@0.7 0.0611 | R@1,IoU@0.9 0.0062 | R@5,mIoU 0.5302 | R@5,IoU@0.1 0.9207 | R@5,IoU@0.3 0.7845 | R@5,IoU@0.5 0.5437 | R@5,IoU@0.7 0.3207 | R@5,IoU@0.9 0.0725 |
2026-04-20 02:29:09,173 - ============================================================
2026-04-20 02:29:09,173 - Start Epoch 12
2026-04-20 02:29:31,096 - Epoch 12, Batch 50, lr = 0.00007, final_loss = 3.9028, nll_loss = 3.8146, ref_nll_loss = 3.9910, ivc_loss = 0.0866, neg_loss_1 = 0.0115, neg_loss_2 = 0.0073, ref_loss = 0.0237, div_loss = 0.0088, 0.438 seconds/batch
2026-04-20 02:29:56,172 - Epoch 12, Batch 100, lr = 0.00007, final_loss = 3.8830, nll_loss = 3.7973, ref_nll_loss = 3.9687, ivc_loss = 0.0888, neg_loss_1 = 0.0102, neg_loss_2 = 0.0073, ref_loss = 0.0254, div_loss = 0.0092, 0.470 seconds/batch
2026-04-20 02:30:24,913 - Epoch 12, Batch 150, lr = 0.00007, final_loss = 3.8882, nll_loss = 3.8059, ref_nll_loss = 3.9705, ivc_loss = 0.0922, neg_loss_1 = 0.0083, neg_loss_2 = 0.0099, ref_loss = 0.0267, div_loss = 0.0094, 0.505 seconds/batch
2026-04-20 02:31:04,526 - Epoch 12, Batch 200, lr = 0.00007, final_loss = 3.9126, nll_loss = 3.8300, ref_nll_loss = 3.9951, ivc_loss = 0.0915, neg_loss_1 = 0.0112, neg_loss_2 = 0.0086, ref_loss = 0.0261, div_loss = 0.0091, 0.577 seconds/batch
2026-04-20 02:31:44,608 - Epoch 12, Batch 250, lr = 0.00007, final_loss = 3.9127, nll_loss = 3.8244, ref_nll_loss = 4.0010, ivc_loss = 0.0864, neg_loss_1 = 0.0106, neg_loss_2 = 0.0076, ref_loss = 0.0225, div_loss = 0.0091, 0.622 seconds/batch
2026-04-20 02:32:24,634 - Epoch 12, Batch 300, lr = 0.00007, final_loss = 3.9236, nll_loss = 3.8367, ref_nll_loss = 4.0105, ivc_loss = 0.0846, neg_loss_1 = 0.0092, neg_loss_2 = 0.0081, ref_loss = 0.0227, div_loss = 0.0089, 0.652 seconds/batch
2026-04-20 02:33:04,110 - Epoch 12, Batch 350, lr = 0.00007, final_loss = 3.9142, nll_loss = 3.8292, ref_nll_loss = 3.9991, ivc_loss = 0.0904, neg_loss_1 = 0.0098, neg_loss_2 = 0.0086, ref_loss = 0.0263, div_loss = 0.0092, 0.671 seconds/batch
2026-04-20 02:33:43,761 - Epoch 12, Batch 400, lr = 0.00007, final_loss = 3.9214, nll_loss = 3.8301, ref_nll_loss = 4.0128, ivc_loss = 0.0870, neg_loss_1 = 0.0099, neg_loss_2 = 0.0085, ref_loss = 0.0221, div_loss = 0.0093, 0.686 seconds/batch
2026-04-20 02:34:23,404 - Epoch 12, Batch 450, lr = 0.00007, final_loss = 3.9341, nll_loss = 3.8464, ref_nll_loss = 4.0219, ivc_loss = 0.0870, neg_loss_1 = 0.0091, neg_loss_2 = 0.0090, ref_loss = 0.0224, div_loss = 0.0093, 0.698 seconds/batch
2026-04-20 02:35:02,969 - Epoch 12, Batch 500, lr = 0.00007, final_loss = 3.9109, nll_loss = 3.8230, ref_nll_loss = 3.9987, ivc_loss = 0.0893, neg_loss_1 = 0.0104, neg_loss_2 = 0.0107, ref_loss = 0.0238, div_loss = 0.0089, 0.708 seconds/batch
2026-04-20 02:35:42,876 - Epoch 12, Batch 550, lr = 0.00007, final_loss = 3.9261, nll_loss = 3.8396, ref_nll_loss = 4.0125, ivc_loss = 0.0891, neg_loss_1 = 0.0114, neg_loss_2 = 0.0087, ref_loss = 0.0247, div_loss = 0.0089, 0.716 seconds/batch
2026-04-20 02:36:22,837 - Epoch 12, Batch 600, lr = 0.00007, final_loss = 3.8955, nll_loss = 3.8080, ref_nll_loss = 3.9829, ivc_loss = 0.0885, neg_loss_1 = 0.0107, neg_loss_2 = 0.0079, ref_loss = 0.0241, div_loss = 0.0092, 0.723 seconds/batch
2026-04-20 02:37:02,904 - Epoch 12, Batch 650, lr = 0.00007, final_loss = 3.9256, nll_loss = 3.8379, ref_nll_loss = 4.0132, ivc_loss = 0.0894, neg_loss_1 = 0.0108, neg_loss_2 = 0.0100, ref_loss = 0.0230, div_loss = 0.0091, 0.729 seconds/batch
2026-04-20 02:37:42,479 - Epoch 12, Batch 700, lr = 0.00007, final_loss = 3.9296, nll_loss = 3.8421, ref_nll_loss = 4.0172, ivc_loss = 0.0878, neg_loss_1 = 0.0104, neg_loss_2 = 0.0095, ref_loss = 0.0241, div_loss = 0.0088, 0.733 seconds/batch
2026-04-20 02:38:22,069 - Epoch 12, Batch 750, lr = 0.00007, final_loss = 3.9380, nll_loss = 3.8513, ref_nll_loss = 4.0247, ivc_loss = 0.0873, neg_loss_1 = 0.0124, neg_loss_2 = 0.0079, ref_loss = 0.0217, div_loss = 0.0091, 0.737 seconds/batch
2026-04-20 02:39:02,052 - Epoch 12, Batch 800, lr = 0.00007, final_loss = 3.9722, nll_loss = 3.8863, ref_nll_loss = 4.0581, ivc_loss = 0.0878, neg_loss_1 = 0.0114, neg_loss_2 = 0.0077, ref_loss = 0.0237, div_loss = 0.0090, 0.741 seconds/batch
2026-04-20 02:39:41,426 - Epoch 12, Batch 850, lr = 0.00007, final_loss = 3.9112, nll_loss = 3.8247, ref_nll_loss = 3.9977, ivc_loss = 0.0888, neg_loss_1 = 0.0095, neg_loss_2 = 0.0078, ref_loss = 0.0254, div_loss = 0.0092, 0.744 seconds/batch
2026-04-20 02:40:21,097 - Epoch 12, Batch 900, lr = 0.00007, final_loss = 3.9147, nll_loss = 3.8317, ref_nll_loss = 3.9978, ivc_loss = 0.0928, neg_loss_1 = 0.0114, neg_loss_2 = 0.0074, ref_loss = 0.0268, div_loss = 0.0095, 0.747 seconds/batch
2026-04-20 02:41:00,808 - Epoch 12, Batch 950, lr = 0.00007, final_loss = 3.9388, nll_loss = 3.8501, ref_nll_loss = 4.0275, ivc_loss = 0.0887, neg_loss_1 = 0.0093, neg_loss_2 = 0.0093, ref_loss = 0.0234, div_loss = 0.0093, 0.749 seconds/batch
2026-04-20 02:41:40,933 - Epoch 12, Batch 1000, lr = 0.00007, final_loss = 3.9108, nll_loss = 3.8264, ref_nll_loss = 3.9953, ivc_loss = 0.0877, neg_loss_1 = 0.0095, neg_loss_2 = 0.0084, ref_loss = 0.0252, div_loss = 0.0089, 0.752 seconds/batch
2026-04-20 02:42:20,970 - Epoch 12, Batch 1050, lr = 0.00007, final_loss = 3.9241, nll_loss = 3.8388, ref_nll_loss = 4.0095, ivc_loss = 0.0862, neg_loss_1 = 0.0091, neg_loss_2 = 0.0062, ref_loss = 0.0251, div_loss = 0.0092, 0.754 seconds/batch
2026-04-20 02:43:00,709 - Epoch 12, Batch 1100, lr = 0.00007, final_loss = 3.9400, nll_loss = 3.8513, ref_nll_loss = 4.0286, ivc_loss = 0.0879, neg_loss_1 = 0.0115, neg_loss_2 = 0.0075, ref_loss = 0.0226, div_loss = 0.0093, 0.756 seconds/batch
2026-04-20 02:43:40,982 - Epoch 12, Batch 1150, lr = 0.00007, final_loss = 3.9043, nll_loss = 3.8168, ref_nll_loss = 3.9917, ivc_loss = 0.0881, neg_loss_1 = 0.0108, neg_loss_2 = 0.0080, ref_loss = 0.0240, div_loss = 0.0090, 0.758 seconds/batch
2026-04-20 02:43:56,607 - Epoch 12, Batch 1170, lr = 0.00007, final_loss = 3.9450, nll_loss = 3.8619, ref_nll_loss = 4.0281, ivc_loss = 0.0949, neg_loss_1 = 0.0127, neg_loss_2 = 0.0106, ref_loss = 0.0261, div_loss = 0.0091, 0.758 seconds/batch
2026-04-20 02:43:56,679 - save model to checkpoints/activitynet_moe/cpl_moe/model-12.pt, num_updates 14040.
2026-04-20 02:47:22,584 - | R@1,mIoU 0.3198 | R@1,IoU@0.1 0.7316 | R@1,IoU@0.3 0.5374 | R@1,IoU@0.5 0.2406 | R@1,IoU@0.7 0.0791 | R@1,IoU@0.9 0.0082 | R@5,mIoU 0.5315 | R@5,IoU@0.1 0.9211 | R@5,IoU@0.3 0.7872 | R@5,IoU@0.5 0.5418 | R@5,IoU@0.7 0.3284 | R@5,IoU@0.9 0.0753 |
2026-04-20 02:47:22,585 - ============================================================
2026-04-20 02:47:22,585 - Start Epoch 13
2026-04-20 02:47:44,597 - Epoch 13, Batch 50, lr = 0.00007, final_loss = 3.8897, nll_loss = 3.8010, ref_nll_loss = 3.9785, ivc_loss = 0.0902, neg_loss_1 = 0.0128, neg_loss_2 = 0.0093, ref_loss = 0.0227, div_loss = 0.0091, 0.440 seconds/batch
2026-04-20 02:48:08,922 - Epoch 13, Batch 100, lr = 0.00007, final_loss = 3.8759, nll_loss = 3.7893, ref_nll_loss = 3.9625, ivc_loss = 0.0946, neg_loss_1 = 0.0125, neg_loss_2 = 0.0097, ref_loss = 0.0254, div_loss = 0.0094, 0.463 seconds/batch
2026-04-20 02:48:36,867 - Epoch 13, Batch 150, lr = 0.00007, final_loss = 3.8897, nll_loss = 3.7989, ref_nll_loss = 3.9805, ivc_loss = 0.0897, neg_loss_1 = 0.0095, neg_loss_2 = 0.0072, ref_loss = 0.0227, div_loss = 0.0100, 0.495 seconds/batch
2026-04-20 02:49:15,940 - Epoch 13, Batch 200, lr = 0.00007, final_loss = 3.8908, nll_loss = 3.8027, ref_nll_loss = 3.9788, ivc_loss = 0.0912, neg_loss_1 = 0.0097, neg_loss_2 = 0.0103, ref_loss = 0.0233, div_loss = 0.0096, 0.567 seconds/batch
2026-04-20 02:49:55,875 - Epoch 13, Batch 250, lr = 0.00007, final_loss = 3.8831, nll_loss = 3.7930, ref_nll_loss = 3.9732, ivc_loss = 0.0871, neg_loss_1 = 0.0103, neg_loss_2 = 0.0066, ref_loss = 0.0244, div_loss = 0.0091, 0.613 seconds/batch
2026-04-20 02:50:35,564 - Epoch 13, Batch 300, lr = 0.00007, final_loss = 3.8804, nll_loss = 3.7911, ref_nll_loss = 3.9698, ivc_loss = 0.0921, neg_loss_1 = 0.0136, neg_loss_2 = 0.0086, ref_loss = 0.0241, div_loss = 0.0092, 0.643 seconds/batch
2026-04-20 02:51:15,549 - Epoch 13, Batch 350, lr = 0.00007, final_loss = 3.8936, nll_loss = 3.8040, ref_nll_loss = 3.9831, ivc_loss = 0.0877, neg_loss_1 = 0.0090, neg_loss_2 = 0.0081, ref_loss = 0.0229, div_loss = 0.0095, 0.666 seconds/batch
2026-04-20 02:51:55,317 - Epoch 13, Batch 400, lr = 0.00007, final_loss = 3.8826, nll_loss = 3.7954, ref_nll_loss = 3.9699, ivc_loss = 0.0893, neg_loss_1 = 0.0110, neg_loss_2 = 0.0081, ref_loss = 0.0229, div_loss = 0.0095, 0.682 seconds/batch
2026-04-20 02:52:35,169 - Epoch 13, Batch 450, lr = 0.00007, final_loss = 3.9013, nll_loss = 3.8148, ref_nll_loss = 3.9878, ivc_loss = 0.0855, neg_loss_1 = 0.0074, neg_loss_2 = 0.0088, ref_loss = 0.0222, div_loss = 0.0094, 0.695 seconds/batch
2026-04-20 02:53:14,518 - Epoch 13, Batch 500, lr = 0.00007, final_loss = 3.9222, nll_loss = 3.8319, ref_nll_loss = 4.0124, ivc_loss = 0.0856, neg_loss_1 = 0.0090, neg_loss_2 = 0.0067, ref_loss = 0.0244, div_loss = 0.0091, 0.704 seconds/batch
2026-04-20 02:53:54,228 - Epoch 13, Batch 550, lr = 0.00007, final_loss = 3.8969, nll_loss = 3.8086, ref_nll_loss = 3.9853, ivc_loss = 0.0903, neg_loss_1 = 0.0119, neg_loss_2 = 0.0072, ref_loss = 0.0237, div_loss = 0.0095, 0.712 seconds/batch
2026-04-20 02:54:34,103 - Epoch 13, Batch 600, lr = 0.00007, final_loss = 3.9357, nll_loss = 3.8484, ref_nll_loss = 4.0230, ivc_loss = 0.0890, neg_loss_1 = 0.0084, neg_loss_2 = 0.0096, ref_loss = 0.0235, div_loss = 0.0095, 0.719 seconds/batch
2026-04-20 02:55:14,054 - Epoch 13, Batch 650, lr = 0.00007, final_loss = 3.9323, nll_loss = 3.8463, ref_nll_loss = 4.0184, ivc_loss = 0.0878, neg_loss_1 = 0.0098, neg_loss_2 = 0.0093, ref_loss = 0.0230, div_loss = 0.0091, 0.725 seconds/batch
2026-04-20 02:55:53,466 - Epoch 13, Batch 700, lr = 0.00007, final_loss = 3.8713, nll_loss = 3.7830, ref_nll_loss = 3.9595, ivc_loss = 0.0918, neg_loss_1 = 0.0108, neg_loss_2 = 0.0082, ref_loss = 0.0243, div_loss = 0.0097, 0.730 seconds/batch
2026-04-20 02:56:33,622 - Epoch 13, Batch 750, lr = 0.00007, final_loss = 3.9006, nll_loss = 3.8120, ref_nll_loss = 3.9892, ivc_loss = 0.0886, neg_loss_1 = 0.0120, neg_loss_2 = 0.0063, ref_loss = 0.0241, div_loss = 0.0093, 0.735 seconds/batch
2026-04-20 02:57:13,500 - Epoch 13, Batch 800, lr = 0.00007, final_loss = 3.9022, nll_loss = 3.8167, ref_nll_loss = 3.9878, ivc_loss = 0.0901, neg_loss_1 = 0.0090, neg_loss_2 = 0.0093, ref_loss = 0.0269, div_loss = 0.0090, 0.739 seconds/batch
2026-04-20 02:57:53,442 - Epoch 13, Batch 850, lr = 0.00007, final_loss = 3.8796, nll_loss = 3.7915, ref_nll_loss = 3.9677, ivc_loss = 0.0879, neg_loss_1 = 0.0101, neg_loss_2 = 0.0092, ref_loss = 0.0228, div_loss = 0.0092, 0.742 seconds/batch
2026-04-20 02:58:33,346 - Epoch 13, Batch 900, lr = 0.00007, final_loss = 3.8929, nll_loss = 3.8044, ref_nll_loss = 3.9813, ivc_loss = 0.0924, neg_loss_1 = 0.0130, neg_loss_2 = 0.0088, ref_loss = 0.0234, div_loss = 0.0094, 0.745 seconds/batch
2026-04-20 02:59:13,340 - Epoch 13, Batch 950, lr = 0.00007, final_loss = 3.9183, nll_loss = 3.8292, ref_nll_loss = 4.0074, ivc_loss = 0.0938, neg_loss_1 = 0.0121, neg_loss_2 = 0.0089, ref_loss = 0.0260, div_loss = 0.0094, 0.748 seconds/batch
2026-04-20 02:59:53,354 - Epoch 13, Batch 1000, lr = 0.00007, final_loss = 3.8956, nll_loss = 3.8046, ref_nll_loss = 3.9865, ivc_loss = 0.0891, neg_loss_1 = 0.0108, neg_loss_2 = 0.0095, ref_loss = 0.0224, div_loss = 0.0093, 0.751 seconds/batch
2026-04-20 03:00:33,332 - Epoch 13, Batch 1050, lr = 0.00007, final_loss = 3.9105, nll_loss = 3.8200, ref_nll_loss = 4.0011, ivc_loss = 0.0896, neg_loss_1 = 0.0114, neg_loss_2 = 0.0080, ref_loss = 0.0231, div_loss = 0.0094, 0.753 seconds/batch
2026-04-20 03:01:13,458 - Epoch 13, Batch 1100, lr = 0.00007, final_loss = 3.9116, nll_loss = 3.8211, ref_nll_loss = 4.0021, ivc_loss = 0.0876, neg_loss_1 = 0.0100, neg_loss_2 = 0.0081, ref_loss = 0.0228, div_loss = 0.0093, 0.755 seconds/batch
2026-04-20 03:01:53,929 - Epoch 13, Batch 1150, lr = 0.00006, final_loss = 3.8799, nll_loss = 3.7906, ref_nll_loss = 3.9691, ivc_loss = 0.0888, neg_loss_1 = 0.0089, neg_loss_2 = 0.0098, ref_loss = 0.0228, div_loss = 0.0095, 0.758 seconds/batch
2026-04-20 03:02:09,484 - Epoch 13, Batch 1170, lr = 0.00006, final_loss = 3.9487, nll_loss = 3.8566, ref_nll_loss = 4.0407, ivc_loss = 0.0897, neg_loss_1 = 0.0112, neg_loss_2 = 0.0103, ref_loss = 0.0206, div_loss = 0.0095, 0.758 seconds/batch
2026-04-20 03:02:09,558 - save model to checkpoints/activitynet_moe/cpl_moe/model-13.pt, num_updates 15210.
2026-04-20 03:05:36,106 - | R@1,mIoU 0.3062 | R@1,IoU@0.1 0.7170 | R@1,IoU@0.3 0.5183 | R@1,IoU@0.5 0.2206 | R@1,IoU@0.7 0.0673 | R@1,IoU@0.9 0.0058 | R@5,mIoU 0.5282 | R@5,IoU@0.1 0.9197 | R@5,IoU@0.3 0.7851 | R@5,IoU@0.5 0.5414 | R@5,IoU@0.7 0.3180 | R@5,IoU@0.9 0.0708 |
2026-04-20 03:05:36,106 - ============================================================
2026-04-20 03:05:36,106 - Start Epoch 14
2026-04-20 03:05:58,079 - Epoch 14, Batch 50, lr = 0.00006, final_loss = 3.8569, nll_loss = 3.7645, ref_nll_loss = 3.9492, ivc_loss = 0.0891, neg_loss_1 = 0.0104, neg_loss_2 = 0.0100, ref_loss = 0.0212, div_loss = 0.0095, 0.439 seconds/batch
2026-04-20 03:06:22,161 - Epoch 14, Batch 100, lr = 0.00006, final_loss = 3.8688, nll_loss = 3.7810, ref_nll_loss = 3.9567, ivc_loss = 0.0916, neg_loss_1 = 0.0105, neg_loss_2 = 0.0087, ref_loss = 0.0242, div_loss = 0.0096, 0.461 seconds/batch
2026-04-20 03:06:49,798 - Epoch 14, Batch 150, lr = 0.00006, final_loss = 3.8800, nll_loss = 3.7886, ref_nll_loss = 3.9714, ivc_loss = 0.0909, neg_loss_1 = 0.0101, neg_loss_2 = 0.0110, ref_loss = 0.0209, div_loss = 0.0098, 0.491 seconds/batch
2026-04-20 03:07:27,712 - Epoch 14, Batch 200, lr = 0.00006, final_loss = 3.9007, nll_loss = 3.8088, ref_nll_loss = 3.9926, ivc_loss = 0.0906, neg_loss_1 = 0.0109, neg_loss_2 = 0.0091, ref_loss = 0.0235, div_loss = 0.0094, 0.558 seconds/batch
2026-04-20 03:08:07,951 - Epoch 14, Batch 250, lr = 0.00006, final_loss = 3.8843, nll_loss = 3.7936, ref_nll_loss = 3.9750, ivc_loss = 0.0922, neg_loss_1 = 0.0123, neg_loss_2 = 0.0095, ref_loss = 0.0227, div_loss = 0.0096, 0.607 seconds/batch
2026-04-20 03:08:47,550 - Epoch 14, Batch 300, lr = 0.00006, final_loss = 3.8666, nll_loss = 3.7800, ref_nll_loss = 3.9531, ivc_loss = 0.0917, neg_loss_1 = 0.0116, neg_loss_2 = 0.0097, ref_loss = 0.0252, div_loss = 0.0091, 0.638 seconds/batch
2026-04-20 03:09:27,501 - Epoch 14, Batch 350, lr = 0.00006, final_loss = 3.8548, nll_loss = 3.7615, ref_nll_loss = 3.9482, ivc_loss = 0.0866, neg_loss_1 = 0.0121, neg_loss_2 = 0.0075, ref_loss = 0.0211, div_loss = 0.0092, 0.661 seconds/batch
2026-04-20 03:10:07,019 - Epoch 14, Batch 400, lr = 0.00006, final_loss = 3.8851, nll_loss = 3.7994, ref_nll_loss = 3.9708, ivc_loss = 0.0912, neg_loss_1 = 0.0111, neg_loss_2 = 0.0100, ref_loss = 0.0240, div_loss = 0.0092, 0.677 seconds/batch
2026-04-20 03:10:46,977 - Epoch 14, Batch 450, lr = 0.00006, final_loss = 3.9073, nll_loss = 3.8193, ref_nll_loss = 3.9953, ivc_loss = 0.0872, neg_loss_1 = 0.0088, neg_loss_2 = 0.0089, ref_loss = 0.0237, div_loss = 0.0092, 0.691 seconds/batch
2026-04-20 03:11:26,555 - Epoch 14, Batch 500, lr = 0.00006, final_loss = 3.8694, nll_loss = 3.7795, ref_nll_loss = 3.9594, ivc_loss = 0.0905, neg_loss_1 = 0.0106, neg_loss_2 = 0.0083, ref_loss = 0.0235, div_loss = 0.0096, 0.701 seconds/batch
2026-04-20 03:12:06,382 - Epoch 14, Batch 550, lr = 0.00006, final_loss = 3.8803, nll_loss = 3.7902, ref_nll_loss = 3.9703, ivc_loss = 0.0908, neg_loss_1 = 0.0121, neg_loss_2 = 0.0087, ref_loss = 0.0227, div_loss = 0.0095, 0.710 seconds/batch
2026-04-20 03:12:46,202 - Epoch 14, Batch 600, lr = 0.00006, final_loss = 3.8871, nll_loss = 3.7975, ref_nll_loss = 3.9768, ivc_loss = 0.0931, neg_loss_1 = 0.0107, neg_loss_2 = 0.0077, ref_loss = 0.0258, div_loss = 0.0098, 0.717 seconds/batch
2026-04-20 03:13:26,468 - Epoch 14, Batch 650, lr = 0.00006, final_loss = 3.8982, nll_loss = 3.8049, ref_nll_loss = 3.9915, ivc_loss = 0.0892, neg_loss_1 = 0.0148, neg_loss_2 = 0.0081, ref_loss = 0.0205, div_loss = 0.0092, 0.724 seconds/batch
2026-04-20 03:14:06,241 - Epoch 14, Batch 700, lr = 0.00006, final_loss = 3.8481, nll_loss = 3.7546, ref_nll_loss = 3.9416, ivc_loss = 0.0915, neg_loss_1 = 0.0128, neg_loss_2 = 0.0083, ref_loss = 0.0235, div_loss = 0.0094, 0.729 seconds/batch
2026-04-20 03:14:46,190 - Epoch 14, Batch 750, lr = 0.00006, final_loss = 3.8691, nll_loss = 3.7810, ref_nll_loss = 3.9573, ivc_loss = 0.0930, neg_loss_1 = 0.0141, neg_loss_2 = 0.0091, ref_loss = 0.0235, div_loss = 0.0093, 0.733 seconds/batch
2026-04-20 03:15:25,964 - Epoch 14, Batch 800, lr = 0.00006, final_loss = 3.8710, nll_loss = 3.7816, ref_nll_loss = 3.9605, ivc_loss = 0.0878, neg_loss_1 = 0.0101, neg_loss_2 = 0.0088, ref_loss = 0.0225, div_loss = 0.0093, 0.737 seconds/batch
2026-04-20 03:16:05,739 - Epoch 14, Batch 850, lr = 0.00006, final_loss = 3.8707, nll_loss = 3.7800, ref_nll_loss = 3.9613, ivc_loss = 0.0933, neg_loss_1 = 0.0129, neg_loss_2 = 0.0098, ref_loss = 0.0233, div_loss = 0.0094, 0.741 seconds/batch
2026-04-20 03:16:45,314 - Epoch 14, Batch 900, lr = 0.00006, final_loss = 3.8667, nll_loss = 3.7730, ref_nll_loss = 3.9604, ivc_loss = 0.0884, neg_loss_1 = 0.0090, neg_loss_2 = 0.0094, ref_loss = 0.0230, div_loss = 0.0094, 0.744 seconds/batch
2026-04-20 03:17:24,977 - Epoch 14, Batch 950, lr = 0.00006, final_loss = 3.8806, nll_loss = 3.7892, ref_nll_loss = 3.9720, ivc_loss = 0.0891, neg_loss_1 = 0.0129, neg_loss_2 = 0.0088, ref_loss = 0.0222, div_loss = 0.0090, 0.746 seconds/batch
2026-04-20 03:18:04,632 - Epoch 14, Batch 1000, lr = 0.00006, final_loss = 3.8907, nll_loss = 3.8017, ref_nll_loss = 3.9797, ivc_loss = 0.0917, neg_loss_1 = 0.0125, neg_loss_2 = 0.0088, ref_loss = 0.0237, div_loss = 0.0093, 0.749 seconds/batch
2026-04-20 03:18:44,339 - Epoch 14, Batch 1050, lr = 0.00006, final_loss = 3.9110, nll_loss = 3.8216, ref_nll_loss = 4.0004, ivc_loss = 0.0942, neg_loss_1 = 0.0120, neg_loss_2 = 0.0104, ref_loss = 0.0249, div_loss = 0.0094, 0.751 seconds/batch
2026-04-20 03:19:24,140 - Epoch 14, Batch 1100, lr = 0.00006, final_loss = 3.9344, nll_loss = 3.8445, ref_nll_loss = 4.0243, ivc_loss = 0.0938, neg_loss_1 = 0.0122, neg_loss_2 = 0.0103, ref_loss = 0.0243, div_loss = 0.0094, 0.753 seconds/batch
2026-04-20 03:20:04,150 - Epoch 14, Batch 1150, lr = 0.00006, final_loss = 3.8839, nll_loss = 3.7933, ref_nll_loss = 3.9744, ivc_loss = 0.0907, neg_loss_1 = 0.0111, neg_loss_2 = 0.0094, ref_loss = 0.0226, div_loss = 0.0095, 0.755 seconds/batch
2026-04-20 03:20:19,924 - Epoch 14, Batch 1170, lr = 0.00006, final_loss = 3.9036, nll_loss = 3.8165, ref_nll_loss = 3.9907, ivc_loss = 0.0945, neg_loss_1 = 0.0133, neg_loss_2 = 0.0113, ref_loss = 0.0229, div_loss = 0.0094, 0.755 seconds/batch
2026-04-20 03:20:19,994 - save model to checkpoints/activitynet_moe/cpl_moe/model-14.pt, num_updates 16380.
2026-04-20 03:23:49,180 - | R@1,mIoU 0.2792 | R@1,IoU@0.1 0.6675 | R@1,IoU@0.3 0.4747 | R@1,IoU@0.5 0.1932 | R@1,IoU@0.7 0.0532 | R@1,IoU@0.9 0.0028 | R@5,mIoU 0.5284 | R@5,IoU@0.1 0.9172 | R@5,IoU@0.3 0.7810 | R@5,IoU@0.5 0.5411 | R@5,IoU@0.7 0.3214 | R@5,IoU@0.9 0.0756 |
2026-04-20 03:23:49,180 - ============================================================
2026-04-20 03:23:49,180 - Start Epoch 15
2026-04-20 03:24:11,343 - Epoch 15, Batch 50, lr = 0.00006, final_loss = 3.8539, nll_loss = 3.7634, ref_nll_loss = 3.9444, ivc_loss = 0.0893, neg_loss_1 = 0.0120, neg_loss_2 = 0.0087, ref_loss = 0.0223, div_loss = 0.0093, 0.443 seconds/batch
2026-04-20 03:24:35,513 - Epoch 15, Batch 100, lr = 0.00006, final_loss = 3.8547, nll_loss = 3.7673, ref_nll_loss = 3.9421, ivc_loss = 0.0904, neg_loss_1 = 0.0106, neg_loss_2 = 0.0079, ref_loss = 0.0243, div_loss = 0.0095, 0.463 seconds/batch
2026-04-20 03:25:03,034 - Epoch 15, Batch 150, lr = 0.00006, final_loss = 3.8478, nll_loss = 3.7574, ref_nll_loss = 3.9381, ivc_loss = 0.0938, neg_loss_1 = 0.0104, neg_loss_2 = 0.0095, ref_loss = 0.0255, div_loss = 0.0097, 0.492 seconds/batch
2026-04-20 03:25:40,636 - Epoch 15, Batch 200, lr = 0.00006, final_loss = 3.8429, nll_loss = 3.7525, ref_nll_loss = 3.9332, ivc_loss = 0.0926, neg_loss_1 = 0.0137, neg_loss_2 = 0.0079, ref_loss = 0.0241, div_loss = 0.0094, 0.557 seconds/batch
2026-04-20 03:26:20,567 - Epoch 15, Batch 250, lr = 0.00006, final_loss = 3.8463, nll_loss = 3.7573, ref_nll_loss = 3.9353, ivc_loss = 0.0919, neg_loss_1 = 0.0122, neg_loss_2 = 0.0086, ref_loss = 0.0229, div_loss = 0.0096, 0.606 seconds/batch
2026-04-20 03:27:00,334 - Epoch 15, Batch 300, lr = 0.00006, final_loss = 3.8705, nll_loss = 3.7781, ref_nll_loss = 3.9628, ivc_loss = 0.0938, neg_loss_1 = 0.0124, neg_loss_2 = 0.0093, ref_loss = 0.0239, div_loss = 0.0096, 0.637 seconds/batch
2026-04-20 03:27:40,178 - Epoch 15, Batch 350, lr = 0.00006, final_loss = 3.8428, nll_loss = 3.7522, ref_nll_loss = 3.9334, ivc_loss = 0.0936, neg_loss_1 = 0.0125, neg_loss_2 = 0.0091, ref_loss = 0.0229, div_loss = 0.0098, 0.660 seconds/batch
2026-04-20 03:28:20,476 - Epoch 15, Batch 400, lr = 0.00006, final_loss = 3.8639, nll_loss = 3.7739, ref_nll_loss = 3.9540, ivc_loss = 0.0939, neg_loss_1 = 0.0126, neg_loss_2 = 0.0086, ref_loss = 0.0253, div_loss = 0.0095, 0.678 seconds/batch
2026-04-20 03:29:00,545 - Epoch 15, Batch 450, lr = 0.00006, final_loss = 3.8815, nll_loss = 3.7911, ref_nll_loss = 3.9718, ivc_loss = 0.0939, neg_loss_1 = 0.0134, neg_loss_2 = 0.0081, ref_loss = 0.0243, div_loss = 0.0096, 0.692 seconds/batch
2026-04-20 03:29:40,412 - Epoch 15, Batch 500, lr = 0.00006, final_loss = 3.8784, nll_loss = 3.7884, ref_nll_loss = 3.9685, ivc_loss = 0.0911, neg_loss_1 = 0.0108, neg_loss_2 = 0.0077, ref_loss = 0.0242, div_loss = 0.0097, 0.702 seconds/batch
2026-04-20 03:30:20,036 - Epoch 15, Batch 550, lr = 0.00006, final_loss = 3.8740, nll_loss = 3.7860, ref_nll_loss = 3.9620, ivc_loss = 0.0875, neg_loss_1 = 0.0107, neg_loss_2 = 0.0061, ref_loss = 0.0221, div_loss = 0.0097, 0.711 seconds/batch
2026-04-20 03:31:00,216 - Epoch 15, Batch 600, lr = 0.00006, final_loss = 3.8895, nll_loss = 3.8005, ref_nll_loss = 3.9784, ivc_loss = 0.0940, neg_loss_1 = 0.0126, neg_loss_2 = 0.0098, ref_loss = 0.0240, div_loss = 0.0095, 0.718 seconds/batch
2026-04-20 03:31:40,035 - Epoch 15, Batch 650, lr = 0.00006, final_loss = 3.8605, nll_loss = 3.7675, ref_nll_loss = 3.9534, ivc_loss = 0.0926, neg_loss_1 = 0.0124, neg_loss_2 = 0.0081, ref_loss = 0.0242, div_loss = 0.0096, 0.724 seconds/batch
2026-04-20 03:32:19,738 - Epoch 15, Batch 700, lr = 0.00006, final_loss = 3.8730, nll_loss = 3.7793, ref_nll_loss = 3.9667, ivc_loss = 0.0863, neg_loss_1 = 0.0105, neg_loss_2 = 0.0071, ref_loss = 0.0225, div_loss = 0.0092, 0.729 seconds/batch
2026-04-20 03:32:59,772 - Epoch 15, Batch 750, lr = 0.00006, final_loss = 3.8546, nll_loss = 3.7632, ref_nll_loss = 3.9460, ivc_loss = 0.0936, neg_loss_1 = 0.0118, neg_loss_2 = 0.0097, ref_loss = 0.0238, div_loss = 0.0096, 0.734 seconds/batch
2026-04-20 03:33:39,757 - Epoch 15, Batch 800, lr = 0.00006, final_loss = 3.8585, nll_loss = 3.7711, ref_nll_loss = 3.9458, ivc_loss = 0.0943, neg_loss_1 = 0.0107, neg_loss_2 = 0.0082, ref_loss = 0.0267, div_loss = 0.0097, 0.738 seconds/batch
2026-04-20 03:34:19,814 - Epoch 15, Batch 850, lr = 0.00006, final_loss = 3.8632, nll_loss = 3.7723, ref_nll_loss = 3.9542, ivc_loss = 0.0913, neg_loss_1 = 0.0110, neg_loss_2 = 0.0091, ref_loss = 0.0227, div_loss = 0.0097, 0.742 seconds/batch
2026-04-20 03:34:59,429 - Epoch 15, Batch 900, lr = 0.00006, final_loss = 3.8512, nll_loss = 3.7610, ref_nll_loss = 3.9415, ivc_loss = 0.0907, neg_loss_1 = 0.0121, neg_loss_2 = 0.0081, ref_loss = 0.0228, div_loss = 0.0095, 0.745 seconds/batch
2026-04-20 03:35:39,400 - Epoch 15, Batch 950, lr = 0.00006, final_loss = 3.8761, nll_loss = 3.7839, ref_nll_loss = 3.9682, ivc_loss = 0.0882, neg_loss_1 = 0.0114, neg_loss_2 = 0.0079, ref_loss = 0.0221, div_loss = 0.0094, 0.748 seconds/batch
2026-04-20 03:36:19,088 - Epoch 15, Batch 1000, lr = 0.00006, final_loss = 3.8694, nll_loss = 3.7750, ref_nll_loss = 3.9638, ivc_loss = 0.0897, neg_loss_1 = 0.0104, neg_loss_2 = 0.0089, ref_loss = 0.0216, div_loss = 0.0097, 0.750 seconds/batch
2026-04-20 03:36:58,620 - Epoch 15, Batch 1050, lr = 0.00006, final_loss = 3.8908, nll_loss = 3.8011, ref_nll_loss = 3.9806, ivc_loss = 0.0936, neg_loss_1 = 0.0104, neg_loss_2 = 0.0092, ref_loss = 0.0247, div_loss = 0.0099, 0.752 seconds/batch
2026-04-20 03:37:38,378 - Epoch 15, Batch 1100, lr = 0.00006, final_loss = 3.8244, nll_loss = 3.7308, ref_nll_loss = 3.9179, ivc_loss = 0.0918, neg_loss_1 = 0.0133, neg_loss_2 = 0.0081, ref_loss = 0.0197, div_loss = 0.0101, 0.754 seconds/batch
2026-04-20 03:38:18,151 - Epoch 15, Batch 1150, lr = 0.00006, final_loss = 3.8921, nll_loss = 3.8020, ref_nll_loss = 3.9822, ivc_loss = 0.0936, neg_loss_1 = 0.0126, neg_loss_2 = 0.0090, ref_loss = 0.0239, div_loss = 0.0096, 0.756 seconds/batch
2026-04-20 03:38:33,730 - Epoch 15, Batch 1170, lr = 0.00006, final_loss = 3.8246, nll_loss = 3.7287, ref_nll_loss = 3.9205, ivc_loss = 0.0944, neg_loss_1 = 0.0156, neg_loss_2 = 0.0081, ref_loss = 0.0227, div_loss = 0.0096, 0.756 seconds/batch
2026-04-20 03:38:33,800 - save model to checkpoints/activitynet_moe/cpl_moe/model-15.pt, num_updates 17550.
2026-04-20 03:42:02,567 - | R@1,mIoU 0.3227 | R@1,IoU@0.1 0.7404 | R@1,IoU@0.3 0.5381 | R@1,IoU@0.5 0.2450 | R@1,IoU@0.7 0.0860 | R@1,IoU@0.9 0.0091 | R@5,mIoU 0.5285 | R@5,IoU@0.1 0.9170 | R@5,IoU@0.3 0.7813 | R@5,IoU@0.5 0.5429 | R@5,IoU@0.7 0.3256 | R@5,IoU@0.9 0.0724 |
2026-04-20 03:42:02,567 - ============================================================
2026-04-20 03:42:02,567 - Start Epoch 16
2026-04-20 03:42:24,598 - Epoch 16, Batch 50, lr = 0.00006, final_loss = 3.8607, nll_loss = 3.7730, ref_nll_loss = 3.9485, ivc_loss = 0.0940, neg_loss_1 = 0.0139, neg_loss_2 = 0.0093, ref_loss = 0.0223, div_loss = 0.0097, 0.441 seconds/batch
2026-04-20 03:42:48,406 - Epoch 16, Batch 100, lr = 0.00006, final_loss = 3.8402, nll_loss = 3.7476, ref_nll_loss = 3.9329, ivc_loss = 0.0908, neg_loss_1 = 0.0122, neg_loss_2 = 0.0092, ref_loss = 0.0212, div_loss = 0.0096, 0.458 seconds/batch
2026-04-20 03:43:16,084 - Epoch 16, Batch 150, lr = 0.00006, final_loss = 3.8438, nll_loss = 3.7503, ref_nll_loss = 3.9374, ivc_loss = 0.0889, neg_loss_1 = 0.0100, neg_loss_2 = 0.0077, ref_loss = 0.0221, div_loss = 0.0098, 0.490 seconds/batch
2026-04-20 03:43:52,882 - Epoch 16, Batch 200, lr = 0.00006, final_loss = 3.8239, nll_loss = 3.7305, ref_nll_loss = 3.9173, ivc_loss = 0.0901, neg_loss_1 = 0.0120, neg_loss_2 = 0.0088, ref_loss = 0.0226, div_loss = 0.0094, 0.552 seconds/batch
2026-04-20 03:44:33,090 - Epoch 16, Batch 250, lr = 0.00006, final_loss = 3.8666, nll_loss = 3.7755, ref_nll_loss = 3.9577, ivc_loss = 0.0919, neg_loss_1 = 0.0118, neg_loss_2 = 0.0091, ref_loss = 0.0231, div_loss = 0.0096, 0.602 seconds/batch
2026-04-20 03:45:13,024 - Epoch 16, Batch 300, lr = 0.00006, final_loss = 3.8792, nll_loss = 3.7884, ref_nll_loss = 3.9701, ivc_loss = 0.0873, neg_loss_1 = 0.0095, neg_loss_2 = 0.0078, ref_loss = 0.0228, div_loss = 0.0094, 0.635 seconds/batch
2026-04-20 03:45:53,303 - Epoch 16, Batch 350, lr = 0.00006, final_loss = 3.8299, nll_loss = 3.7400, ref_nll_loss = 3.9198, ivc_loss = 0.0926, neg_loss_1 = 0.0116, neg_loss_2 = 0.0086, ref_loss = 0.0239, div_loss = 0.0097, 0.659 seconds/batch
2026-04-20 03:46:33,426 - Epoch 16, Batch 400, lr = 0.00006, final_loss = 3.8231, nll_loss = 3.7292, ref_nll_loss = 3.9170, ivc_loss = 0.0898, neg_loss_1 = 0.0126, neg_loss_2 = 0.0093, ref_loss = 0.0211, div_loss = 0.0094, 0.677 seconds/batch
2026-04-20 03:47:13,289 - Epoch 16, Batch 450, lr = 0.00006, final_loss = 3.8495, nll_loss = 3.7558, ref_nll_loss = 3.9432, ivc_loss = 0.0912, neg_loss_1 = 0.0122, neg_loss_2 = 0.0084, ref_loss = 0.0218, div_loss = 0.0098, 0.690 seconds/batch
2026-04-20 03:47:52,900 - Epoch 16, Batch 500, lr = 0.00006, final_loss = 3.8215, nll_loss = 3.7281, ref_nll_loss = 3.9149, ivc_loss = 0.0943, neg_loss_1 = 0.0134, neg_loss_2 = 0.0084, ref_loss = 0.0239, div_loss = 0.0097, 0.701 seconds/batch
2026-04-20 03:48:32,654 - Epoch 16, Batch 550, lr = 0.00006, final_loss = 3.8595, nll_loss = 3.7680, ref_nll_loss = 3.9511, ivc_loss = 0.0935, neg_loss_1 = 0.0152, neg_loss_2 = 0.0075, ref_loss = 0.0229, div_loss = 0.0096, 0.709 seconds/batch
2026-04-20 03:49:12,426 - Epoch 16, Batch 600, lr = 0.00006, final_loss = 3.8470, nll_loss = 3.7514, ref_nll_loss = 3.9427, ivc_loss = 0.0891, neg_loss_1 = 0.0114, neg_loss_2 = 0.0090, ref_loss = 0.0217, div_loss = 0.0094, 0.716 seconds/batch
2026-04-20 03:49:51,974 - Epoch 16, Batch 650, lr = 0.00006, final_loss = 3.8703, nll_loss = 3.7796, ref_nll_loss = 3.9611, ivc_loss = 0.0907, neg_loss_1 = 0.0119, neg_loss_2 = 0.0088, ref_loss = 0.0230, div_loss = 0.0094, 0.722 seconds/batch
2026-04-20 03:50:31,592 - Epoch 16, Batch 700, lr = 0.00006, final_loss = 3.8295, nll_loss = 3.7384, ref_nll_loss = 3.9206, ivc_loss = 0.0952, neg_loss_1 = 0.0149, neg_loss_2 = 0.0082, ref_loss = 0.0233, div_loss = 0.0098, 0.727 seconds/batch
2026-04-20 03:51:11,781 - Epoch 16, Batch 750, lr = 0.00006, final_loss = 3.8234, nll_loss = 3.7337, ref_nll_loss = 3.9131, ivc_loss = 0.0950, neg_loss_1 = 0.0121, neg_loss_2 = 0.0106, ref_loss = 0.0240, div_loss = 0.0096, 0.732 seconds/batch
2026-04-20 03:51:51,836 - Epoch 16, Batch 800, lr = 0.00006, final_loss = 3.8543, nll_loss = 3.7627, ref_nll_loss = 3.9459, ivc_loss = 0.0935, neg_loss_1 = 0.0138, neg_loss_2 = 0.0083, ref_loss = 0.0233, div_loss = 0.0096, 0.737 seconds/batch
2026-04-20 03:52:31,681 - Epoch 16, Batch 850, lr = 0.00006, final_loss = 3.8302, nll_loss = 3.7373, ref_nll_loss = 3.9231, ivc_loss = 0.0885, neg_loss_1 = 0.0126, neg_loss_2 = 0.0076, ref_loss = 0.0206, div_loss = 0.0095, 0.740 seconds/batch
2026-04-20 03:53:11,776 - Epoch 16, Batch 900, lr = 0.00006, final_loss = 3.8461, nll_loss = 3.7538, ref_nll_loss = 3.9383, ivc_loss = 0.0932, neg_loss_1 = 0.0117, neg_loss_2 = 0.0086, ref_loss = 0.0236, div_loss = 0.0099, 0.744 seconds/batch
2026-04-20 03:53:51,406 - Epoch 16, Batch 950, lr = 0.00006, final_loss = 3.8620, nll_loss = 3.7678, ref_nll_loss = 3.9561, ivc_loss = 0.0897, neg_loss_1 = 0.0131, neg_loss_2 = 0.0086, ref_loss = 0.0205, div_loss = 0.0095, 0.746 seconds/batch
2026-04-20 03:54:30,990 - Epoch 16, Batch 1000, lr = 0.00006, final_loss = 3.8757, nll_loss = 3.7867, ref_nll_loss = 3.9647, ivc_loss = 0.0927, neg_loss_1 = 0.0119, neg_loss_2 = 0.0083, ref_loss = 0.0232, div_loss = 0.0099, 0.748 seconds/batch
2026-04-20 03:55:11,214 - Epoch 16, Batch 1050, lr = 0.00006, final_loss = 3.8559, nll_loss = 3.7640, ref_nll_loss = 3.9478, ivc_loss = 0.0930, neg_loss_1 = 0.0130, neg_loss_2 = 0.0079, ref_loss = 0.0228, div_loss = 0.0099, 0.751 seconds/batch
2026-04-20 03:55:51,042 - Epoch 16, Batch 1100, lr = 0.00006, final_loss = 3.8348, nll_loss = 3.7412, ref_nll_loss = 3.9284, ivc_loss = 0.0953, neg_loss_1 = 0.0130, neg_loss_2 = 0.0095, ref_loss = 0.0240, div_loss = 0.0098, 0.753 seconds/batch
2026-04-20 03:56:30,964 - Epoch 16, Batch 1150, lr = 0.00006, final_loss = 3.8467, nll_loss = 3.7519, ref_nll_loss = 3.9415, ivc_loss = 0.0881, neg_loss_1 = 0.0110, neg_loss_2 = 0.0073, ref_loss = 0.0219, div_loss = 0.0096, 0.755 seconds/batch
2026-04-20 03:56:46,752 - Epoch 16, Batch 1170, lr = 0.00006, final_loss = 3.8052, nll_loss = 3.7071, ref_nll_loss = 3.9034, ivc_loss = 0.0850, neg_loss_1 = 0.0099, neg_loss_2 = 0.0060, ref_loss = 0.0210, div_loss = 0.0096, 0.756 seconds/batch
2026-04-20 03:56:46,823 - save model to checkpoints/activitynet_moe/cpl_moe/model-16.pt, num_updates 18720.
2026-04-20 04:00:17,870 - | R@1,mIoU 0.2688 | R@1,IoU@0.1 0.5927 | R@1,IoU@0.3 0.4351 | R@1,IoU@0.5 0.2116 | R@1,IoU@0.7 0.0864 | R@1,IoU@0.9 0.0105 | R@5,mIoU 0.5239 | R@5,IoU@0.1 0.9183 | R@5,IoU@0.3 0.7763 | R@5,IoU@0.5 0.5341 | R@5,IoU@0.7 0.3158 | R@5,IoU@0.9 0.0719 |
2026-04-20 04:00:17,871 - ============================================================
2026-04-20 04:00:17,871 - Start Epoch 17
2026-04-20 04:00:40,060 - Epoch 17, Batch 50, lr = 0.00006, final_loss = 3.8207, nll_loss = 3.7294, ref_nll_loss = 3.9120, ivc_loss = 0.0903, neg_loss_1 = 0.0106, neg_loss_2 = 0.0085, ref_loss = 0.0217, div_loss = 0.0099, 0.444 seconds/batch
2026-04-20 04:01:03,749 - Epoch 17, Batch 100, lr = 0.00006, final_loss = 3.8516, nll_loss = 3.7628, ref_nll_loss = 3.9405, ivc_loss = 0.0917, neg_loss_1 = 0.0138, neg_loss_2 = 0.0072, ref_loss = 0.0234, div_loss = 0.0095, 0.459 seconds/batch
2026-04-20 04:01:31,471 - Epoch 17, Batch 150, lr = 0.00006, final_loss = 3.8051, nll_loss = 3.7148, ref_nll_loss = 3.8955, ivc_loss = 0.0910, neg_loss_1 = 0.0128, neg_loss_2 = 0.0075, ref_loss = 0.0228, div_loss = 0.0096, 0.491 seconds/batch
2026-04-20 04:02:07,866 - Epoch 17, Batch 200, lr = 0.00006, final_loss = 3.8469, nll_loss = 3.7571, ref_nll_loss = 3.9368, ivc_loss = 0.0925, neg_loss_1 = 0.0131, neg_loss_2 = 0.0078, ref_loss = 0.0248, div_loss = 0.0094, 0.550 seconds/batch
2026-04-20 04:02:47,631 - Epoch 17, Batch 250, lr = 0.00006, final_loss = 3.8101, nll_loss = 3.7177, ref_nll_loss = 3.9026, ivc_loss = 0.0939, neg_loss_1 = 0.0132, neg_loss_2 = 0.0090, ref_loss = 0.0238, div_loss = 0.0096, 0.599 seconds/batch
2026-04-20 04:03:27,471 - Epoch 17, Batch 300, lr = 0.00006, final_loss = 3.8464, nll_loss = 3.7575, ref_nll_loss = 3.9353, ivc_loss = 0.0958, neg_loss_1 = 0.0144, neg_loss_2 = 0.0083, ref_loss = 0.0247, div_loss = 0.0097, 0.632 seconds/batch
2026-04-20 04:04:07,130 - Epoch 17, Batch 350, lr = 0.00006, final_loss = 3.8427, nll_loss = 3.7481, ref_nll_loss = 3.9372, ivc_loss = 0.0881, neg_loss_1 = 0.0125, neg_loss_2 = 0.0071, ref_loss = 0.0208, div_loss = 0.0095, 0.655 seconds/batch
2026-04-20 04:04:46,887 - Epoch 17, Batch 400, lr = 0.00006, final_loss = 3.8597, nll_loss = 3.7704, ref_nll_loss = 3.9491, ivc_loss = 0.0921, neg_loss_1 = 0.0134, neg_loss_2 = 0.0088, ref_loss = 0.0226, div_loss = 0.0095, 0.673 seconds/batch
2026-04-20 04:05:26,576 - Epoch 17, Batch 450, lr = 0.00006, final_loss = 3.8204, nll_loss = 3.7289, ref_nll_loss = 3.9118, ivc_loss = 0.0961, neg_loss_1 = 0.0133, neg_loss_2 = 0.0097, ref_loss = 0.0232, div_loss = 0.0100, 0.686 seconds/batch
2026-04-20 04:06:06,366 - Epoch 17, Batch 500, lr = 0.00006, final_loss = 3.8179, nll_loss = 3.7221, ref_nll_loss = 3.9137, ivc_loss = 0.0912, neg_loss_1 = 0.0134, neg_loss_2 = 0.0090, ref_loss = 0.0196, div_loss = 0.0098, 0.697 seconds/batch
2026-04-20 04:06:46,176 - Epoch 17, Batch 550, lr = 0.00006, final_loss = 3.8511, nll_loss = 3.7583, ref_nll_loss = 3.9438, ivc_loss = 0.0945, neg_loss_1 = 0.0133, neg_loss_2 = 0.0101, ref_loss = 0.0224, div_loss = 0.0097, 0.706 seconds/batch
2026-04-20 04:07:26,070 - Epoch 17, Batch 600, lr = 0.00006, final_loss = 3.8252, nll_loss = 3.7323, ref_nll_loss = 3.9181, ivc_loss = 0.0910, neg_loss_1 = 0.0106, neg_loss_2 = 0.0087, ref_loss = 0.0232, div_loss = 0.0097, 0.714 seconds/batch
2026-04-20 04:08:05,805 - Epoch 17, Batch 650, lr = 0.00006, final_loss = 3.7896, nll_loss = 3.6980, ref_nll_loss = 3.8812, ivc_loss = 0.0970, neg_loss_1 = 0.0115, neg_loss_2 = 0.0095, ref_loss = 0.0229, div_loss = 0.0106, 0.720 seconds/batch
2026-04-20 04:08:45,558 - Epoch 17, Batch 700, lr = 0.00006, final_loss = 3.8094, nll_loss = 3.7140, ref_nll_loss = 3.9048, ivc_loss = 0.0924, neg_loss_1 = 0.0128, neg_loss_2 = 0.0086, ref_loss = 0.0206, div_loss = 0.0101, 0.725 seconds/batch
2026-04-20 04:09:25,478 - Epoch 17, Batch 750, lr = 0.00006, final_loss = 3.8175, nll_loss = 3.7212, ref_nll_loss = 3.9138, ivc_loss = 0.0912, neg_loss_1 = 0.0116, neg_loss_2 = 0.0088, ref_loss = 0.0213, div_loss = 0.0099, 0.730 seconds/batch
2026-04-20 04:10:05,095 - Epoch 17, Batch 800, lr = 0.00006, final_loss = 3.8217, nll_loss = 3.7283, ref_nll_loss = 3.9151, ivc_loss = 0.0964, neg_loss_1 = 0.0116, neg_loss_2 = 0.0093, ref_loss = 0.0251, div_loss = 0.0101, 0.734 seconds/batch
2026-04-20 04:10:44,653 - Epoch 17, Batch 850, lr = 0.00006, final_loss = 3.8346, nll_loss = 3.7408, ref_nll_loss = 3.9283, ivc_loss = 0.0956, neg_loss_1 = 0.0120, neg_loss_2 = 0.0086, ref_loss = 0.0238, div_loss = 0.0102, 0.737 seconds/batch
2026-04-20 04:11:24,466 - Epoch 17, Batch 900, lr = 0.00006, final_loss = 3.8585, nll_loss = 3.7664, ref_nll_loss = 3.9507, ivc_loss = 0.0962, neg_loss_1 = 0.0125, neg_loss_2 = 0.0087, ref_loss = 0.0248, div_loss = 0.0100, 0.741 seconds/batch
2026-04-20 04:12:03,989 - Epoch 17, Batch 950, lr = 0.00006, final_loss = 3.8514, nll_loss = 3.7571, ref_nll_loss = 3.9457, ivc_loss = 0.0934, neg_loss_1 = 0.0136, neg_loss_2 = 0.0082, ref_loss = 0.0226, div_loss = 0.0098, 0.743 seconds/batch
2026-04-20 04:12:43,643 - Epoch 17, Batch 1000, lr = 0.00006, final_loss = 3.8584, nll_loss = 3.7682, ref_nll_loss = 3.9487, ivc_loss = 0.0915, neg_loss_1 = 0.0139, neg_loss_2 = 0.0083, ref_loss = 0.0215, div_loss = 0.0096, 0.746 seconds/batch
2026-04-20 04:13:23,292 - Epoch 17, Batch 1050, lr = 0.00006, final_loss = 3.7921, nll_loss = 3.6991, ref_nll_loss = 3.8851, ivc_loss = 0.0925, neg_loss_1 = 0.0121, neg_loss_2 = 0.0086, ref_loss = 0.0229, div_loss = 0.0098, 0.748 seconds/batch
2026-04-20 04:14:02,933 - Epoch 17, Batch 1100, lr = 0.00006, final_loss = 3.8224, nll_loss = 3.7281, ref_nll_loss = 3.9167, ivc_loss = 0.0947, neg_loss_1 = 0.0126, neg_loss_2 = 0.0089, ref_loss = 0.0228, div_loss = 0.0101, 0.750 seconds/batch
2026-04-20 04:14:42,704 - Epoch 17, Batch 1150, lr = 0.00006, final_loss = 3.8412, nll_loss = 3.7462, ref_nll_loss = 3.9363, ivc_loss = 0.0922, neg_loss_1 = 0.0111, neg_loss_2 = 0.0088, ref_loss = 0.0220, div_loss = 0.0101, 0.752 seconds/batch
2026-04-20 04:14:58,326 - Epoch 17, Batch 1170, lr = 0.00006, final_loss = 3.8264, nll_loss = 3.7300, ref_nll_loss = 3.9229, ivc_loss = 0.0863, neg_loss_1 = 0.0089, neg_loss_2 = 0.0058, ref_loss = 0.0217, div_loss = 0.0100, 0.753 seconds/batch
2026-04-20 04:14:58,398 - save model to checkpoints/activitynet_moe/cpl_moe/model-17.pt, num_updates 19890.
2026-04-20 04:18:29,498 - | R@1,mIoU 0.3003 | R@1,IoU@0.1 0.7029 | R@1,IoU@0.3 0.5087 | R@1,IoU@0.5 0.2177 | R@1,IoU@0.7 0.0667 | R@1,IoU@0.9 0.0056 | R@5,mIoU 0.5222 | R@5,IoU@0.1 0.9180 | R@5,IoU@0.3 0.7786 | R@5,IoU@0.5 0.5335 | R@5,IoU@0.7 0.3106 | R@5,IoU@0.9 0.0711 |
2026-04-20 04:18:29,498 - ============================================================
2026-04-20 04:18:29,499 - Start Epoch 18
2026-04-20 04:18:51,166 - Epoch 18, Batch 50, lr = 0.00006, final_loss = 3.8095, nll_loss = 3.7173, ref_nll_loss = 3.9017, ivc_loss = 0.0924, neg_loss_1 = 0.0108, neg_loss_2 = 0.0093, ref_loss = 0.0238, div_loss = 0.0097, 0.433 seconds/batch
2026-04-20 04:19:14,125 - Epoch 18, Batch 100, lr = 0.00006, final_loss = 3.8105, nll_loss = 3.7188, ref_nll_loss = 3.9022, ivc_loss = 0.0942, neg_loss_1 = 0.0128, neg_loss_2 = 0.0085, ref_loss = 0.0223, div_loss = 0.0101, 0.446 seconds/batch
2026-04-20 04:19:41,635 - Epoch 18, Batch 150, lr = 0.00006, final_loss = 3.7996, nll_loss = 3.7053, ref_nll_loss = 3.8938, ivc_loss = 0.0943, neg_loss_1 = 0.0127, neg_loss_2 = 0.0093, ref_loss = 0.0220, div_loss = 0.0101, 0.481 seconds/batch
2026-04-20 04:20:16,129 - Epoch 18, Batch 200, lr = 0.00006, final_loss = 3.8025, nll_loss = 3.7079, ref_nll_loss = 3.8971, ivc_loss = 0.0895, neg_loss_1 = 0.0126, neg_loss_2 = 0.0065, ref_loss = 0.0218, div_loss = 0.0097, 0.533 seconds/batch
2026-04-20 04:20:55,956 - Epoch 18, Batch 250, lr = 0.00006, final_loss = 3.8108, nll_loss = 3.7150, ref_nll_loss = 3.9067, ivc_loss = 0.0924, neg_loss_1 = 0.0131, neg_loss_2 = 0.0065, ref_loss = 0.0216, div_loss = 0.0102, 0.586 seconds/batch
2026-04-20 04:21:35,692 - Epoch 18, Batch 300, lr = 0.00006, final_loss = 3.8013, nll_loss = 3.7081, ref_nll_loss = 3.8944, ivc_loss = 0.0915, neg_loss_1 = 0.0113, neg_loss_2 = 0.0090, ref_loss = 0.0219, div_loss = 0.0099, 0.621 seconds/batch
2026-04-20 04:22:15,577 - Epoch 18, Batch 350, lr = 0.00006, final_loss = 3.8254, nll_loss = 3.7273, ref_nll_loss = 3.9235, ivc_loss = 0.0901, neg_loss_1 = 0.0127, neg_loss_2 = 0.0074, ref_loss = 0.0210, div_loss = 0.0098, 0.646 seconds/batch
2026-04-20 04:22:55,275 - Epoch 18, Batch 400, lr = 0.00006, final_loss = 3.7914, nll_loss = 3.6967, ref_nll_loss = 3.8862, ivc_loss = 0.0931, neg_loss_1 = 0.0147, neg_loss_2 = 0.0071, ref_loss = 0.0204, div_loss = 0.0102, 0.664 seconds/batch
2026-04-20 04:23:35,140 - Epoch 18, Batch 450, lr = 0.00006, final_loss = 3.8291, nll_loss = 3.7360, ref_nll_loss = 3.9222, ivc_loss = 0.0987, neg_loss_1 = 0.0141, neg_loss_2 = 0.0099, ref_loss = 0.0249, div_loss = 0.0100, 0.679 seconds/batch
2026-04-20 04:24:15,528 - Epoch 18, Batch 500, lr = 0.00006, final_loss = 3.8120, nll_loss = 3.7166, ref_nll_loss = 3.9074, ivc_loss = 0.0927, neg_loss_1 = 0.0127, neg_loss_2 = 0.0091, ref_loss = 0.0223, div_loss = 0.0097, 0.692 seconds/batch
2026-04-20 04:24:55,265 - Epoch 18, Batch 550, lr = 0.00006, final_loss = 3.8063, nll_loss = 3.7119, ref_nll_loss = 3.9007, ivc_loss = 0.0918, neg_loss_1 = 0.0104, neg_loss_2 = 0.0079, ref_loss = 0.0229, div_loss = 0.0101, 0.701 seconds/batch
2026-04-20 04:25:34,724 - Epoch 18, Batch 600, lr = 0.00006, final_loss = 3.8097, nll_loss = 3.7187, ref_nll_loss = 3.9007, ivc_loss = 0.0960, neg_loss_1 = 0.0124, neg_loss_2 = 0.0084, ref_loss = 0.0238, div_loss = 0.0103, 0.709 seconds/batch
2026-04-20 04:26:14,474 - Epoch 18, Batch 650, lr = 0.00006, final_loss = 3.8173, nll_loss = 3.7186, ref_nll_loss = 3.9159, ivc_loss = 0.0899, neg_loss_1 = 0.0117, neg_loss_2 = 0.0100, ref_loss = 0.0210, div_loss = 0.0094, 0.715 seconds/batch
2026-04-20 04:26:54,342 - Epoch 18, Batch 700, lr = 0.00006, final_loss = 3.8213, nll_loss = 3.7278, ref_nll_loss = 3.9147, ivc_loss = 0.0961, neg_loss_1 = 0.0150, neg_loss_2 = 0.0089, ref_loss = 0.0242, div_loss = 0.0096, 0.721 seconds/batch
2026-04-20 04:27:34,142 - Epoch 18, Batch 750, lr = 0.00006, final_loss = 3.8355, nll_loss = 3.7435, ref_nll_loss = 3.9274, ivc_loss = 0.0955, neg_loss_1 = 0.0137, neg_loss_2 = 0.0097, ref_loss = 0.0236, div_loss = 0.0097, 0.726 seconds/batch
2026-04-20 04:28:13,845 - Epoch 18, Batch 800, lr = 0.00006, final_loss = 3.8372, nll_loss = 3.7437, ref_nll_loss = 3.9307, ivc_loss = 0.0943, neg_loss_1 = 0.0124, neg_loss_2 = 0.0087, ref_loss = 0.0234, div_loss = 0.0100, 0.730 seconds/batch
2026-04-20 04:28:53,983 - Epoch 18, Batch 850, lr = 0.00006, final_loss = 3.8275, nll_loss = 3.7344, ref_nll_loss = 3.9206, ivc_loss = 0.0929, neg_loss_1 = 0.0128, neg_loss_2 = 0.0093, ref_loss = 0.0214, div_loss = 0.0099, 0.735 seconds/batch
2026-04-20 04:29:34,029 - Epoch 18, Batch 900, lr = 0.00006, final_loss = 3.8481, nll_loss = 3.7507, ref_nll_loss = 3.9456, ivc_loss = 0.0933, neg_loss_1 = 0.0137, neg_loss_2 = 0.0102, ref_loss = 0.0204, div_loss = 0.0098, 0.738 seconds/batch
2026-04-20 04:30:13,694 - Epoch 18, Batch 950, lr = 0.00006, final_loss = 3.7908, nll_loss = 3.6964, ref_nll_loss = 3.8851, ivc_loss = 0.0934, neg_loss_1 = 0.0114, neg_loss_2 = 0.0070, ref_loss = 0.0239, div_loss = 0.0102, 0.741 seconds/batch
2026-04-20 04:30:53,848 - Epoch 18, Batch 1000, lr = 0.00006, final_loss = 3.8299, nll_loss = 3.7352, ref_nll_loss = 3.9245, ivc_loss = 0.0944, neg_loss_1 = 0.0146, neg_loss_2 = 0.0073, ref_loss = 0.0218, div_loss = 0.0101, 0.744 seconds/batch
2026-04-20 04:31:33,513 - Epoch 18, Batch 1050, lr = 0.00006, final_loss = 3.7939, nll_loss = 3.6989, ref_nll_loss = 3.8889, ivc_loss = 0.0983, neg_loss_1 = 0.0123, neg_loss_2 = 0.0091, ref_loss = 0.0242, div_loss = 0.0106, 0.747 seconds/batch
2026-04-20 04:32:13,413 - Epoch 18, Batch 1100, lr = 0.00006, final_loss = 3.8241, nll_loss = 3.7289, ref_nll_loss = 3.9193, ivc_loss = 0.0913, neg_loss_1 = 0.0118, neg_loss_2 = 0.0084, ref_loss = 0.0209, div_loss = 0.0100, 0.749 seconds/batch
2026-04-20 04:32:53,323 - Epoch 18, Batch 1150, lr = 0.00006, final_loss = 3.8399, nll_loss = 3.7445, ref_nll_loss = 3.9352, ivc_loss = 0.0912, neg_loss_1 = 0.0131, neg_loss_2 = 0.0080, ref_loss = 0.0214, div_loss = 0.0097, 0.751 seconds/batch
2026-04-20 04:33:09,299 - Epoch 18, Batch 1170, lr = 0.00006, final_loss = 3.8118, nll_loss = 3.7167, ref_nll_loss = 3.9069, ivc_loss = 0.0907, neg_loss_1 = 0.0104, neg_loss_2 = 0.0094, ref_loss = 0.0216, div_loss = 0.0099, 0.752 seconds/batch
2026-04-20 04:33:09,370 - save model to checkpoints/activitynet_moe/cpl_moe/model-18.pt, num_updates 21060.
2026-04-20 04:36:43,317 - | R@1,mIoU 0.2982 | R@1,IoU@0.1 0.6986 | R@1,IoU@0.3 0.5037 | R@1,IoU@0.5 0.2175 | R@1,IoU@0.7 0.0653 | R@1,IoU@0.9 0.0048 | R@5,mIoU 0.5256 | R@5,IoU@0.1 0.9193 | R@5,IoU@0.3 0.7811 | R@5,IoU@0.5 0.5398 | R@5,IoU@0.7 0.3172 | R@5,IoU@0.9 0.0716 |
2026-04-20 04:36:43,317 - ============================================================
2026-04-20 04:36:43,317 - Start Epoch 19
2026-04-20 04:37:05,085 - Epoch 19, Batch 50, lr = 0.00006, final_loss = 3.8064, nll_loss = 3.7116, ref_nll_loss = 3.9011, ivc_loss = 0.0922, neg_loss_1 = 0.0125, neg_loss_2 = 0.0087, ref_loss = 0.0225, div_loss = 0.0097, 0.435 seconds/batch
2026-04-20 04:37:27,373 - Epoch 19, Batch 100, lr = 0.00005, final_loss = 3.7947, nll_loss = 3.7007, ref_nll_loss = 3.8887, ivc_loss = 0.0926, neg_loss_1 = 0.0100, neg_loss_2 = 0.0099, ref_loss = 0.0227, div_loss = 0.0100, 0.441 seconds/batch
2026-04-20 04:37:54,911 - Epoch 19, Batch 150, lr = 0.00005, final_loss = 3.8050, nll_loss = 3.7100, ref_nll_loss = 3.9001, ivc_loss = 0.0918, neg_loss_1 = 0.0117, neg_loss_2 = 0.0067, ref_loss = 0.0226, div_loss = 0.0102, 0.477 seconds/batch
2026-04-20 04:38:28,514 - Epoch 19, Batch 200, lr = 0.00005, final_loss = 3.7822, nll_loss = 3.6869, ref_nll_loss = 3.8775, ivc_loss = 0.0963, neg_loss_1 = 0.0141, neg_loss_2 = 0.0091, ref_loss = 0.0221, div_loss = 0.0102, 0.526 seconds/batch
2026-04-20 04:39:08,048 - Epoch 19, Batch 250, lr = 0.00005, final_loss = 3.7892, nll_loss = 3.6987, ref_nll_loss = 3.8798, ivc_loss = 0.0950, neg_loss_1 = 0.0119, neg_loss_2 = 0.0084, ref_loss = 0.0240, div_loss = 0.0101, 0.579 seconds/batch
2026-04-20 04:39:47,763 - Epoch 19, Batch 300, lr = 0.00005, final_loss = 3.7898, nll_loss = 3.6924, ref_nll_loss = 3.8873, ivc_loss = 0.0923, neg_loss_1 = 0.0131, neg_loss_2 = 0.0069, ref_loss = 0.0226, div_loss = 0.0099, 0.615 seconds/batch
2026-04-20 04:40:27,391 - Epoch 19, Batch 350, lr = 0.00005, final_loss = 3.7796, nll_loss = 3.6853, ref_nll_loss = 3.8739, ivc_loss = 0.0948, neg_loss_1 = 0.0110, neg_loss_2 = 0.0077, ref_loss = 0.0237, div_loss = 0.0105, 0.640 seconds/batch
2026-04-20 04:41:07,212 - Epoch 19, Batch 400, lr = 0.00005, final_loss = 3.8331, nll_loss = 3.7405, ref_nll_loss = 3.9257, ivc_loss = 0.0957, neg_loss_1 = 0.0138, neg_loss_2 = 0.0098, ref_loss = 0.0230, div_loss = 0.0098, 0.660 seconds/batch
2026-04-20 04:41:46,872 - Epoch 19, Batch 450, lr = 0.00005, final_loss = 3.7893, nll_loss = 3.6962, ref_nll_loss = 3.8823, ivc_loss = 0.0946, neg_loss_1 = 0.0121, neg_loss_2 = 0.0099, ref_loss = 0.0215, div_loss = 0.0102, 0.675 seconds/batch
2026-04-20 04:42:26,554 - Epoch 19, Batch 500, lr = 0.00005, final_loss = 3.7870, nll_loss = 3.6953, ref_nll_loss = 3.8787, ivc_loss = 0.0938, neg_loss_1 = 0.0111, neg_loss_2 = 0.0083, ref_loss = 0.0237, div_loss = 0.0102, 0.686 seconds/batch
2026-04-20 04:43:06,565 - Epoch 19, Batch 550, lr = 0.00005, final_loss = 3.8016, nll_loss = 3.7035, ref_nll_loss = 3.8997, ivc_loss = 0.0933, neg_loss_1 = 0.0126, neg_loss_2 = 0.0088, ref_loss = 0.0209, div_loss = 0.0102, 0.697 seconds/batch
2026-04-20 04:43:46,281 - Epoch 19, Batch 600, lr = 0.00005, final_loss = 3.8108, nll_loss = 3.7170, ref_nll_loss = 3.9046, ivc_loss = 0.0934, neg_loss_1 = 0.0130, neg_loss_2 = 0.0096, ref_loss = 0.0219, div_loss = 0.0098, 0.705 seconds/batch
2026-04-20 04:44:26,090 - Epoch 19, Batch 650, lr = 0.00005, final_loss = 3.7945, nll_loss = 3.7032, ref_nll_loss = 3.8859, ivc_loss = 0.0990, neg_loss_1 = 0.0148, neg_loss_2 = 0.0094, ref_loss = 0.0259, div_loss = 0.0098, 0.712 seconds/batch
2026-04-20 04:45:05,713 - Epoch 19, Batch 700, lr = 0.00005, final_loss = 3.8101, nll_loss = 3.7166, ref_nll_loss = 3.9036, ivc_loss = 0.0957, neg_loss_1 = 0.0148, neg_loss_2 = 0.0089, ref_loss = 0.0216, div_loss = 0.0101, 0.718 seconds/batch
2026-04-20 04:45:45,626 - Epoch 19, Batch 750, lr = 0.00005, final_loss = 3.7862, nll_loss = 3.6912, ref_nll_loss = 3.8811, ivc_loss = 0.0921, neg_loss_1 = 0.0130, neg_loss_2 = 0.0079, ref_loss = 0.0209, div_loss = 0.0101, 0.723 seconds/batch
2026-04-20 04:46:25,431 - Epoch 19, Batch 800, lr = 0.00005, final_loss = 3.7906, nll_loss = 3.6956, ref_nll_loss = 3.8857, ivc_loss = 0.0960, neg_loss_1 = 0.0133, neg_loss_2 = 0.0098, ref_loss = 0.0224, div_loss = 0.0101, 0.728 seconds/batch
2026-04-20 04:47:05,488 - Epoch 19, Batch 850, lr = 0.00005, final_loss = 3.7998, nll_loss = 3.7032, ref_nll_loss = 3.8964, ivc_loss = 0.0918, neg_loss_1 = 0.0133, neg_loss_2 = 0.0077, ref_loss = 0.0229, div_loss = 0.0096, 0.732 seconds/batch
2026-04-20 04:47:45,385 - Epoch 19, Batch 900, lr = 0.00005, final_loss = 3.8016, nll_loss = 3.7076, ref_nll_loss = 3.8955, ivc_loss = 0.0918, neg_loss_1 = 0.0125, neg_loss_2 = 0.0078, ref_loss = 0.0210, div_loss = 0.0101, 0.736 seconds/batch
2026-04-20 04:48:25,710 - Epoch 19, Batch 950, lr = 0.00005, final_loss = 3.7924, nll_loss = 3.6975, ref_nll_loss = 3.8873, ivc_loss = 0.0921, neg_loss_1 = 0.0126, neg_loss_2 = 0.0099, ref_loss = 0.0204, div_loss = 0.0099, 0.739 seconds/batch
2026-04-20 04:49:05,772 - Epoch 19, Batch 1000, lr = 0.00005, final_loss = 3.8334, nll_loss = 3.7388, ref_nll_loss = 3.9281, ivc_loss = 0.0930, neg_loss_1 = 0.0109, neg_loss_2 = 0.0078, ref_loss = 0.0242, div_loss = 0.0100, 0.742 seconds/batch
2026-04-20 04:49:45,746 - Epoch 19, Batch 1050, lr = 0.00005, final_loss = 3.8433, nll_loss = 3.7494, ref_nll_loss = 3.9371, ivc_loss = 0.0942, neg_loss_1 = 0.0115, neg_loss_2 = 0.0092, ref_loss = 0.0229, div_loss = 0.0101, 0.745 seconds/batch
2026-04-20 04:50:25,585 - Epoch 19, Batch 1100, lr = 0.00005, final_loss = 3.8035, nll_loss = 3.7106, ref_nll_loss = 3.8964, ivc_loss = 0.0970, neg_loss_1 = 0.0140, neg_loss_2 = 0.0098, ref_loss = 0.0228, div_loss = 0.0101, 0.748 seconds/batch
2026-04-20 04:51:05,455 - Epoch 19, Batch 1150, lr = 0.00005, final_loss = 3.8074, nll_loss = 3.7100, ref_nll_loss = 3.9048, ivc_loss = 0.0914, neg_loss_1 = 0.0110, neg_loss_2 = 0.0104, ref_loss = 0.0202, div_loss = 0.0100, 0.750 seconds/batch
2026-04-20 04:51:21,146 - Epoch 19, Batch 1170, lr = 0.00005, final_loss = 3.8171, nll_loss = 3.7222, ref_nll_loss = 3.9120, ivc_loss = 0.0964, neg_loss_1 = 0.0150, neg_loss_2 = 0.0083, ref_loss = 0.0230, div_loss = 0.0100, 0.750 seconds/batch
2026-04-20 04:51:21,217 - save model to checkpoints/activitynet_moe/cpl_moe/model-19.pt, num_updates 22230.
2026-04-20 04:54:56,166 - | R@1,mIoU 0.2829 | R@1,IoU@0.1 0.6660 | R@1,IoU@0.3 0.4696 | R@1,IoU@0.5 0.2057 | R@1,IoU@0.7 0.0642 | R@1,IoU@0.9 0.0049 | R@5,mIoU 0.5260 | R@5,IoU@0.1 0.9167 | R@5,IoU@0.3 0.7786 | R@5,IoU@0.5 0.5389 | R@5,IoU@0.7 0.3224 | R@5,IoU@0.9 0.0738 |
2026-04-20 04:54:56,166 - ============================================================
2026-04-20 04:54:56,166 - Start Epoch 20
2026-04-20 04:55:18,026 - Epoch 20, Batch 50, lr = 0.00005, final_loss = 3.7728, nll_loss = 3.6759, ref_nll_loss = 3.8697, ivc_loss = 0.0930, neg_loss_1 = 0.0127, neg_loss_2 = 0.0093, ref_loss = 0.0209, div_loss = 0.0100, 0.437 seconds/batch
2026-04-20 04:55:40,130 - Epoch 20, Batch 100, lr = 0.00005, final_loss = 3.7955, nll_loss = 3.6965, ref_nll_loss = 3.8946, ivc_loss = 0.0886, neg_loss_1 = 0.0112, neg_loss_2 = 0.0087, ref_loss = 0.0191, div_loss = 0.0099, 0.440 seconds/batch
2026-04-20 04:56:07,623 - Epoch 20, Batch 150, lr = 0.00005, final_loss = 3.7728, nll_loss = 3.6794, ref_nll_loss = 3.8663, ivc_loss = 0.0958, neg_loss_1 = 0.0149, neg_loss_2 = 0.0091, ref_loss = 0.0220, div_loss = 0.0100, 0.476 seconds/batch
2026-04-20 04:56:39,831 - Epoch 20, Batch 200, lr = 0.00005, final_loss = 3.7633, nll_loss = 3.6682, ref_nll_loss = 3.8584, ivc_loss = 0.0941, neg_loss_1 = 0.0135, neg_loss_2 = 0.0086, ref_loss = 0.0214, div_loss = 0.0101, 0.518 seconds/batch
2026-04-20 04:57:19,462 - Epoch 20, Batch 250, lr = 0.00005, final_loss = 3.7764, nll_loss = 3.6827, ref_nll_loss = 3.8701, ivc_loss = 0.0975, neg_loss_1 = 0.0113, neg_loss_2 = 0.0096, ref_loss = 0.0242, div_loss = 0.0105, 0.573 seconds/batch
2026-04-20 04:57:59,125 - Epoch 20, Batch 300, lr = 0.00005, final_loss = 3.7946, nll_loss = 3.6962, ref_nll_loss = 3.8929, ivc_loss = 0.0932, neg_loss_1 = 0.0130, neg_loss_2 = 0.0103, ref_loss = 0.0196, div_loss = 0.0101, 0.610 seconds/batch
2026-04-20 04:58:38,750 - Epoch 20, Batch 350, lr = 0.00005, final_loss = 3.7945, nll_loss = 3.6990, ref_nll_loss = 3.8900, ivc_loss = 0.0924, neg_loss_1 = 0.0143, neg_loss_2 = 0.0062, ref_loss = 0.0207, div_loss = 0.0103, 0.636 seconds/batch
2026-04-20 04:59:18,290 - Epoch 20, Batch 400, lr = 0.00005, final_loss = 3.7976, nll_loss = 3.7032, ref_nll_loss = 3.8920, ivc_loss = 0.0947, neg_loss_1 = 0.0143, neg_loss_2 = 0.0087, ref_loss = 0.0208, div_loss = 0.0102, 0.655 seconds/batch
2026-04-20 04:59:58,106 - Epoch 20, Batch 450, lr = 0.00005, final_loss = 3.7899, nll_loss = 3.6948, ref_nll_loss = 3.8850, ivc_loss = 0.0959, neg_loss_1 = 0.0135, neg_loss_2 = 0.0084, ref_loss = 0.0213, div_loss = 0.0105, 0.671 seconds/batch
2026-04-20 05:00:37,725 - Epoch 20, Batch 500, lr = 0.00005, final_loss = 3.7854, nll_loss = 3.6870, ref_nll_loss = 3.8837, ivc_loss = 0.0949, neg_loss_1 = 0.0131, neg_loss_2 = 0.0091, ref_loss = 0.0208, div_loss = 0.0104, 0.683 seconds/batch
2026-04-20 05:01:17,519 - Epoch 20, Batch 550, lr = 0.00005, final_loss = 3.8165, nll_loss = 3.7176, ref_nll_loss = 3.9153, ivc_loss = 0.0948, neg_loss_1 = 0.0126, neg_loss_2 = 0.0096, ref_loss = 0.0212, div_loss = 0.0103, 0.693 seconds/batch
2026-04-20 05:01:57,305 - Epoch 20, Batch 600, lr = 0.00005, final_loss = 3.7927, nll_loss = 3.6952, ref_nll_loss = 3.8901, ivc_loss = 0.0937, neg_loss_1 = 0.0138, neg_loss_2 = 0.0093, ref_loss = 0.0204, div_loss = 0.0100, 0.702 seconds/batch
2026-04-20 05:02:37,300 - Epoch 20, Batch 650, lr = 0.00005, final_loss = 3.8061, nll_loss = 3.7062, ref_nll_loss = 3.9060, ivc_loss = 0.0923, neg_loss_1 = 0.0119, neg_loss_2 = 0.0105, ref_loss = 0.0193, div_loss = 0.0101, 0.709 seconds/batch
2026-04-20 05:03:17,178 - Epoch 20, Batch 700, lr = 0.00005, final_loss = 3.7911, nll_loss = 3.6919, ref_nll_loss = 3.8903, ivc_loss = 0.0954, neg_loss_1 = 0.0126, neg_loss_2 = 0.0086, ref_loss = 0.0219, div_loss = 0.0105, 0.716 seconds/batch
2026-04-20 05:03:57,391 - Epoch 20, Batch 750, lr = 0.00005, final_loss = 3.7828, nll_loss = 3.6835, ref_nll_loss = 3.8820, ivc_loss = 0.0961, neg_loss_1 = 0.0131, neg_loss_2 = 0.0088, ref_loss = 0.0210, div_loss = 0.0107, 0.722 seconds/batch
2026-04-20 05:04:37,292 - Epoch 20, Batch 800, lr = 0.00005, final_loss = 3.8016, nll_loss = 3.7026, ref_nll_loss = 3.9006, ivc_loss = 0.0922, neg_loss_1 = 0.0122, neg_loss_2 = 0.0067, ref_loss = 0.0194, div_loss = 0.0108, 0.726 seconds/batch
2026-04-20 05:05:17,202 - Epoch 20, Batch 850, lr = 0.00005, final_loss = 3.8052, nll_loss = 3.7058, ref_nll_loss = 3.9047, ivc_loss = 0.0886, neg_loss_1 = 0.0109, neg_loss_2 = 0.0080, ref_loss = 0.0188, div_loss = 0.0102, 0.731 seconds/batch
2026-04-20 05:05:57,022 - Epoch 20, Batch 900, lr = 0.00005, final_loss = 3.7702, nll_loss = 3.6707, ref_nll_loss = 3.8697, ivc_loss = 0.0934, neg_loss_1 = 0.0125, neg_loss_2 = 0.0088, ref_loss = 0.0220, div_loss = 0.0100, 0.734 seconds/batch
2026-04-20 05:06:36,861 - Epoch 20, Batch 950, lr = 0.00005, final_loss = 3.7859, nll_loss = 3.6904, ref_nll_loss = 3.8814, ivc_loss = 0.0935, neg_loss_1 = 0.0141, neg_loss_2 = 0.0056, ref_loss = 0.0216, div_loss = 0.0104, 0.738 seconds/batch
2026-04-20 05:07:16,768 - Epoch 20, Batch 1000, lr = 0.00005, final_loss = 3.7986, nll_loss = 3.7020, ref_nll_loss = 3.8952, ivc_loss = 0.0920, neg_loss_1 = 0.0131, neg_loss_2 = 0.0076, ref_loss = 0.0202, div_loss = 0.0102, 0.741 seconds/batch
2026-04-20 05:07:56,521 - Epoch 20, Batch 1050, lr = 0.00005, final_loss = 3.7521, nll_loss = 3.6544, ref_nll_loss = 3.8497, ivc_loss = 0.0941, neg_loss_1 = 0.0124, neg_loss_2 = 0.0078, ref_loss = 0.0222, div_loss = 0.0103, 0.743 seconds/batch
2026-04-20 05:08:36,223 - Epoch 20, Batch 1100, lr = 0.00005, final_loss = 3.7715, nll_loss = 3.6773, ref_nll_loss = 3.8658, ivc_loss = 0.0975, neg_loss_1 = 0.0132, neg_loss_2 = 0.0081, ref_loss = 0.0250, div_loss = 0.0102, 0.746 seconds/batch
2026-04-20 05:09:16,012 - Epoch 20, Batch 1150, lr = 0.00005, final_loss = 3.7917, nll_loss = 3.6938, ref_nll_loss = 3.8896, ivc_loss = 0.0929, neg_loss_1 = 0.0146, neg_loss_2 = 0.0086, ref_loss = 0.0206, div_loss = 0.0098, 0.748 seconds/batch
2026-04-20 05:09:31,570 - Epoch 20, Batch 1170, lr = 0.00005, final_loss = 3.8075, nll_loss = 3.7108, ref_nll_loss = 3.9042, ivc_loss = 0.0935, neg_loss_1 = 0.0117, neg_loss_2 = 0.0080, ref_loss = 0.0233, div_loss = 0.0101, 0.748 seconds/batch
2026-04-20 05:09:31,642 - save model to checkpoints/activitynet_moe/cpl_moe/model-20.pt, num_updates 23400.
2026-04-20 05:13:09,089 - | R@1,mIoU 0.2709 | R@1,IoU@0.1 0.6122 | R@1,IoU@0.3 0.4384 | R@1,IoU@0.5 0.2082 | R@1,IoU@0.7 0.0789 | R@1,IoU@0.9 0.0080 | R@5,mIoU 0.5275 | R@5,IoU@0.1 0.9180 | R@5,IoU@0.3 0.7772 | R@5,IoU@0.5 0.5399 | R@5,IoU@0.7 0.3251 | R@5,IoU@0.9 0.0731 |
2026-04-20 05:13:09,089 - ============================================================
2026-04-20 05:13:09,089 - Start Epoch 21
2026-04-20 05:13:30,965 - Epoch 21, Batch 50, lr = 0.00005, final_loss = 3.7527, nll_loss = 3.6559, ref_nll_loss = 3.8495, ivc_loss = 0.0930, neg_loss_1 = 0.0137, neg_loss_2 = 0.0072, ref_loss = 0.0210, div_loss = 0.0102, 0.438 seconds/batch
2026-04-20 05:13:52,457 - Epoch 21, Batch 100, lr = 0.00005, final_loss = 3.7836, nll_loss = 3.6844, ref_nll_loss = 3.8828, ivc_loss = 0.0927, neg_loss_1 = 0.0142, neg_loss_2 = 0.0080, ref_loss = 0.0207, div_loss = 0.0099, 0.434 seconds/batch
2026-04-20 05:14:19,635 - Epoch 21, Batch 150, lr = 0.00005, final_loss = 3.7623, nll_loss = 3.6613, ref_nll_loss = 3.8634, ivc_loss = 0.0947, neg_loss_1 = 0.0144, neg_loss_2 = 0.0081, ref_loss = 0.0204, div_loss = 0.0103, 0.470 seconds/batch
2026-04-20 05:14:51,316 - Epoch 21, Batch 200, lr = 0.00005, final_loss = 3.7954, nll_loss = 3.6986, ref_nll_loss = 3.8921, ivc_loss = 0.0965, neg_loss_1 = 0.0140, neg_loss_2 = 0.0092, ref_loss = 0.0224, div_loss = 0.0102, 0.511 seconds/batch
2026-04-20 05:15:29,932 - Epoch 21, Batch 250, lr = 0.00005, final_loss = 3.7603, nll_loss = 3.6606, ref_nll_loss = 3.8600, ivc_loss = 0.0926, neg_loss_1 = 0.0129, neg_loss_2 = 0.0077, ref_loss = 0.0223, div_loss = 0.0099, 0.563 seconds/batch
2026-04-20 05:16:09,534 - Epoch 21, Batch 300, lr = 0.00005, final_loss = 3.7896, nll_loss = 3.6963, ref_nll_loss = 3.8829, ivc_loss = 0.0990, neg_loss_1 = 0.0163, neg_loss_2 = 0.0093, ref_loss = 0.0231, div_loss = 0.0101, 0.601 seconds/batch
2026-04-20 05:16:48,993 - Epoch 21, Batch 350, lr = 0.00005, final_loss = 3.7677, nll_loss = 3.6685, ref_nll_loss = 3.8669, ivc_loss = 0.0953, neg_loss_1 = 0.0132, neg_loss_2 = 0.0081, ref_loss = 0.0216, div_loss = 0.0105, 0.628 seconds/batch
2026-04-20 05:17:29,094 - Epoch 21, Batch 400, lr = 0.00005, final_loss = 3.7654, nll_loss = 3.6688, ref_nll_loss = 3.8620, ivc_loss = 0.0955, neg_loss_1 = 0.0125, neg_loss_2 = 0.0093, ref_loss = 0.0219, div_loss = 0.0104, 0.650 seconds/batch
2026-04-20 05:18:08,916 - Epoch 21, Batch 450, lr = 0.00005, final_loss = 3.7644, nll_loss = 3.6656, ref_nll_loss = 3.8633, ivc_loss = 0.0897, neg_loss_1 = 0.0114, neg_loss_2 = 0.0087, ref_loss = 0.0208, div_loss = 0.0098, 0.666 seconds/batch
2026-04-20 05:18:48,795 - Epoch 21, Batch 500, lr = 0.00005, final_loss = 3.7419, nll_loss = 3.6450, ref_nll_loss = 3.8389, ivc_loss = 0.0925, neg_loss_1 = 0.0132, neg_loss_2 = 0.0083, ref_loss = 0.0215, div_loss = 0.0099, 0.679 seconds/batch
2026-04-20 05:19:28,742 - Epoch 21, Batch 550, lr = 0.00005, final_loss = 3.7713, nll_loss = 3.6746, ref_nll_loss = 3.8679, ivc_loss = 0.0922, neg_loss_1 = 0.0114, neg_loss_2 = 0.0087, ref_loss = 0.0212, div_loss = 0.0102, 0.690 seconds/batch
2026-04-20 05:20:08,730 - Epoch 21, Batch 600, lr = 0.00005, final_loss = 3.7827, nll_loss = 3.6841, ref_nll_loss = 3.8814, ivc_loss = 0.0944, neg_loss_1 = 0.0107, neg_loss_2 = 0.0086, ref_loss = 0.0228, div_loss = 0.0105, 0.699 seconds/batch
2026-04-20 05:20:48,443 - Epoch 21, Batch 650, lr = 0.00005, final_loss = 3.7571, nll_loss = 3.6596, ref_nll_loss = 3.8545, ivc_loss = 0.0954, neg_loss_1 = 0.0138, neg_loss_2 = 0.0095, ref_loss = 0.0218, div_loss = 0.0101, 0.707 seconds/batch
2026-04-20 05:21:28,334 - Epoch 21, Batch 700, lr = 0.00005, final_loss = 3.7816, nll_loss = 3.6860, ref_nll_loss = 3.8772, ivc_loss = 0.0974, neg_loss_1 = 0.0145, neg_loss_2 = 0.0095, ref_loss = 0.0228, div_loss = 0.0101, 0.713 seconds/batch
2026-04-20 05:22:08,106 - Epoch 21, Batch 750, lr = 0.00005, final_loss = 3.7942, nll_loss = 3.6959, ref_nll_loss = 3.8925, ivc_loss = 0.0934, neg_loss_1 = 0.0126, neg_loss_2 = 0.0081, ref_loss = 0.0211, div_loss = 0.0103, 0.719 seconds/batch
2026-04-20 05:22:48,397 - Epoch 21, Batch 800, lr = 0.00005, final_loss = 3.7749, nll_loss = 3.6783, ref_nll_loss = 3.8714, ivc_loss = 0.0946, neg_loss_1 = 0.0144, neg_loss_2 = 0.0085, ref_loss = 0.0210, div_loss = 0.0102, 0.724 seconds/batch
2026-04-20 05:23:28,414 - Epoch 21, Batch 850, lr = 0.00005, final_loss = 3.7610, nll_loss = 3.6667, ref_nll_loss = 3.8553, ivc_loss = 0.0973, neg_loss_1 = 0.0132, neg_loss_2 = 0.0098, ref_loss = 0.0232, div_loss = 0.0102, 0.729 seconds/batch
2026-04-20 05:24:08,736 - Epoch 21, Batch 900, lr = 0.00005, final_loss = 3.7792, nll_loss = 3.6825, ref_nll_loss = 3.8760, ivc_loss = 0.0985, neg_loss_1 = 0.0111, neg_loss_2 = 0.0109, ref_loss = 0.0231, div_loss = 0.0107, 0.733 seconds/batch
2026-04-20 05:24:48,490 - Epoch 21, Batch 950, lr = 0.00005, final_loss = 3.8193, nll_loss = 3.7233, ref_nll_loss = 3.9153, ivc_loss = 0.0988, neg_loss_1 = 0.0123, neg_loss_2 = 0.0109, ref_loss = 0.0235, div_loss = 0.0104, 0.736 seconds/batch
2026-04-20 05:25:28,652 - Epoch 21, Batch 1000, lr = 0.00005, final_loss = 3.7862, nll_loss = 3.6893, ref_nll_loss = 3.8831, ivc_loss = 0.0978, neg_loss_1 = 0.0124, neg_loss_2 = 0.0101, ref_loss = 0.0232, div_loss = 0.0104, 0.740 seconds/batch
2026-04-20 05:26:08,785 - Epoch 21, Batch 1050, lr = 0.00005, final_loss = 3.7714, nll_loss = 3.6732, ref_nll_loss = 3.8695, ivc_loss = 0.0965, neg_loss_1 = 0.0130, neg_loss_2 = 0.0097, ref_loss = 0.0223, div_loss = 0.0103, 0.743 seconds/batch
2026-04-20 05:26:49,062 - Epoch 21, Batch 1100, lr = 0.00005, final_loss = 3.7525, nll_loss = 3.6547, ref_nll_loss = 3.8502, ivc_loss = 0.0929, neg_loss_1 = 0.0118, neg_loss_2 = 0.0073, ref_loss = 0.0228, div_loss = 0.0102, 0.745 seconds/batch
2026-04-20 05:27:29,111 - Epoch 21, Batch 1150, lr = 0.00005, final_loss = 3.7834, nll_loss = 3.6828, ref_nll_loss = 3.8839, ivc_loss = 0.0917, neg_loss_1 = 0.0118, neg_loss_2 = 0.0081, ref_loss = 0.0202, div_loss = 0.0103, 0.748 seconds/batch
2026-04-20 05:27:44,712 - Epoch 21, Batch 1170, lr = 0.00005, final_loss = 3.7873, nll_loss = 3.6883, ref_nll_loss = 3.8863, ivc_loss = 0.0951, neg_loss_1 = 0.0167, neg_loss_2 = 0.0085, ref_loss = 0.0193, div_loss = 0.0101, 0.748 seconds/batch
2026-04-20 05:27:44,786 - save model to checkpoints/activitynet_moe/cpl_moe/model-21.pt, num_updates 24570.
2026-04-20 05:31:23,718 - | R@1,mIoU 0.3044 | R@1,IoU@0.1 0.6778 | R@1,IoU@0.3 0.5009 | R@1,IoU@0.5 0.2416 | R@1,IoU@0.7 0.0897 | R@1,IoU@0.9 0.0112 | R@5,mIoU 0.5246 | R@5,IoU@0.1 0.9162 | R@5,IoU@0.3 0.7756 | R@5,IoU@0.5 0.5370 | R@5,IoU@0.7 0.3219 | R@5,IoU@0.9 0.0716 |
2026-04-20 05:31:23,718 - ============================================================
2026-04-20 05:31:23,718 - Start Epoch 22
2026-04-20 05:31:45,598 - Epoch 22, Batch 50, lr = 0.00005, final_loss = 3.7548, nll_loss = 3.6590, ref_nll_loss = 3.8506, ivc_loss = 0.0948, neg_loss_1 = 0.0129, neg_loss_2 = 0.0092, ref_loss = 0.0202, div_loss = 0.0105, 0.438 seconds/batch
2026-04-20 05:32:07,146 - Epoch 22, Batch 100, lr = 0.00005, final_loss = 3.7601, nll_loss = 3.6612, ref_nll_loss = 3.8590, ivc_loss = 0.0915, neg_loss_1 = 0.0107, neg_loss_2 = 0.0078, ref_loss = 0.0199, div_loss = 0.0106, 0.434 seconds/batch
2026-04-20 05:32:34,559 - Epoch 22, Batch 150, lr = 0.00005, final_loss = 3.7664, nll_loss = 3.6623, ref_nll_loss = 3.8706, ivc_loss = 0.0903, neg_loss_1 = 0.0108, neg_loss_2 = 0.0091, ref_loss = 0.0191, div_loss = 0.0103, 0.472 seconds/batch
2026-04-20 05:33:06,152 - Epoch 22, Batch 200, lr = 0.00005, final_loss = 3.7707, nll_loss = 3.6707, ref_nll_loss = 3.8706, ivc_loss = 0.0949, neg_loss_1 = 0.0139, neg_loss_2 = 0.0075, ref_loss = 0.0195, div_loss = 0.0108, 0.512 seconds/batch
2026-04-20 05:33:44,251 - Epoch 22, Batch 250, lr = 0.00005, final_loss = 3.7765, nll_loss = 3.6805, ref_nll_loss = 3.8725, ivc_loss = 0.0961, neg_loss_1 = 0.0125, neg_loss_2 = 0.0076, ref_loss = 0.0222, div_loss = 0.0108, 0.562 seconds/batch
2026-04-20 05:34:23,934 - Epoch 22, Batch 300, lr = 0.00005, final_loss = 3.7535, nll_loss = 3.6563, ref_nll_loss = 3.8508, ivc_loss = 0.0946, neg_loss_1 = 0.0109, neg_loss_2 = 0.0072, ref_loss = 0.0226, div_loss = 0.0108, 0.601 seconds/batch
2026-04-20 05:35:03,632 - Epoch 22, Batch 350, lr = 0.00005, final_loss = 3.7579, nll_loss = 3.6552, ref_nll_loss = 3.8606, ivc_loss = 0.0967, neg_loss_1 = 0.0143, neg_loss_2 = 0.0091, ref_loss = 0.0198, div_loss = 0.0107, 0.628 seconds/batch
2026-04-20 05:35:43,264 - Epoch 22, Batch 400, lr = 0.00005, final_loss = 3.7355, nll_loss = 3.6389, ref_nll_loss = 3.8320, ivc_loss = 0.0964, neg_loss_1 = 0.0133, neg_loss_2 = 0.0091, ref_loss = 0.0226, div_loss = 0.0103, 0.649 seconds/batch
2026-04-20 05:36:22,796 - Epoch 22, Batch 450, lr = 0.00005, final_loss = 3.7739, nll_loss = 3.6746, ref_nll_loss = 3.8731, ivc_loss = 0.0972, neg_loss_1 = 0.0132, neg_loss_2 = 0.0108, ref_loss = 0.0219, div_loss = 0.0103, 0.665 seconds/batch
2026-04-20 05:37:02,360 - Epoch 22, Batch 500, lr = 0.00005, final_loss = 3.7562, nll_loss = 3.6547, ref_nll_loss = 3.8576, ivc_loss = 0.0929, neg_loss_1 = 0.0130, neg_loss_2 = 0.0081, ref_loss = 0.0200, div_loss = 0.0103, 0.677 seconds/batch
2026-04-20 05:37:42,203 - Epoch 22, Batch 550, lr = 0.00005, final_loss = 3.7676, nll_loss = 3.6682, ref_nll_loss = 3.8670, ivc_loss = 0.0939, neg_loss_1 = 0.0132, neg_loss_2 = 0.0083, ref_loss = 0.0206, div_loss = 0.0103, 0.688 seconds/batch
2026-04-20 05:38:21,687 - Epoch 22, Batch 600, lr = 0.00005, final_loss = 3.7480, nll_loss = 3.6490, ref_nll_loss = 3.8469, ivc_loss = 0.0997, neg_loss_1 = 0.0166, neg_loss_2 = 0.0105, ref_loss = 0.0224, div_loss = 0.0100, 0.697 seconds/batch
2026-04-20 05:39:01,693 - Epoch 22, Batch 650, lr = 0.00005, final_loss = 3.7607, nll_loss = 3.6626, ref_nll_loss = 3.8589, ivc_loss = 0.0945, neg_loss_1 = 0.0124, neg_loss_2 = 0.0093, ref_loss = 0.0215, div_loss = 0.0103, 0.705 seconds/batch
2026-04-20 05:39:41,574 - Epoch 22, Batch 700, lr = 0.00005, final_loss = 3.7739, nll_loss = 3.6776, ref_nll_loss = 3.8702, ivc_loss = 0.0953, neg_loss_1 = 0.0138, neg_loss_2 = 0.0094, ref_loss = 0.0218, div_loss = 0.0101, 0.711 seconds/batch
2026-04-20 05:40:21,505 - Epoch 22, Batch 750, lr = 0.00005, final_loss = 3.7313, nll_loss = 3.6325, ref_nll_loss = 3.8300, ivc_loss = 0.0944, neg_loss_1 = 0.0145, neg_loss_2 = 0.0083, ref_loss = 0.0200, div_loss = 0.0103, 0.717 seconds/batch
2026-04-20 05:41:01,464 - Epoch 22, Batch 800, lr = 0.00005, final_loss = 3.7757, nll_loss = 3.6798, ref_nll_loss = 3.8716, ivc_loss = 0.0971, neg_loss_1 = 0.0135, neg_loss_2 = 0.0092, ref_loss = 0.0231, div_loss = 0.0102, 0.722 seconds/batch
2026-04-20 05:41:41,319 - Epoch 22, Batch 850, lr = 0.00005, final_loss = 3.7790, nll_loss = 3.6791, ref_nll_loss = 3.8790, ivc_loss = 0.0937, neg_loss_1 = 0.0121, neg_loss_2 = 0.0086, ref_loss = 0.0225, div_loss = 0.0101, 0.727 seconds/batch
2026-04-20 05:42:21,149 - Epoch 22, Batch 900, lr = 0.00005, final_loss = 3.7585, nll_loss = 3.6578, ref_nll_loss = 3.8591, ivc_loss = 0.0925, neg_loss_1 = 0.0126, neg_loss_2 = 0.0088, ref_loss = 0.0207, div_loss = 0.0101, 0.730 seconds/batch
2026-04-20 05:43:01,121 - Epoch 22, Batch 950, lr = 0.00005, final_loss = 3.7848, nll_loss = 3.6850, ref_nll_loss = 3.8846, ivc_loss = 0.0892, neg_loss_1 = 0.0102, neg_loss_2 = 0.0087, ref_loss = 0.0190, div_loss = 0.0103, 0.734 seconds/batch
2026-04-20 05:43:41,035 - Epoch 22, Batch 1000, lr = 0.00005, final_loss = 3.7529, nll_loss = 3.6533, ref_nll_loss = 3.8524, ivc_loss = 0.0972, neg_loss_1 = 0.0142, neg_loss_2 = 0.0090, ref_loss = 0.0226, div_loss = 0.0103, 0.737 seconds/batch
2026-04-20 05:44:20,971 - Epoch 22, Batch 1050, lr = 0.00005, final_loss = 3.7520, nll_loss = 3.6532, ref_nll_loss = 3.8507, ivc_loss = 0.0949, neg_loss_1 = 0.0115, neg_loss_2 = 0.0093, ref_loss = 0.0218, div_loss = 0.0105, 0.740 seconds/batch
2026-04-20 05:45:00,963 - Epoch 22, Batch 1100, lr = 0.00005, final_loss = 3.7768, nll_loss = 3.6780, ref_nll_loss = 3.8757, ivc_loss = 0.0971, neg_loss_1 = 0.0130, neg_loss_2 = 0.0082, ref_loss = 0.0231, div_loss = 0.0106, 0.743 seconds/batch
2026-04-20 05:45:40,789 - Epoch 22, Batch 1150, lr = 0.00005, final_loss = 3.7912, nll_loss = 3.6917, ref_nll_loss = 3.8907, ivc_loss = 0.0920, neg_loss_1 = 0.0130, neg_loss_2 = 0.0078, ref_loss = 0.0203, div_loss = 0.0102, 0.745 seconds/batch
2026-04-20 05:45:56,640 - Epoch 22, Batch 1170, lr = 0.00005, final_loss = 3.8212, nll_loss = 3.7296, ref_nll_loss = 3.9129, ivc_loss = 0.0997, neg_loss_1 = 0.0151, neg_loss_2 = 0.0116, ref_loss = 0.0233, div_loss = 0.0100, 0.746 seconds/batch
2026-04-20 05:45:56,711 - save model to checkpoints/activitynet_moe/cpl_moe/model-22.pt, num_updates 25740.
2026-04-20 05:49:36,448 - | R@1,mIoU 0.3146 | R@1,IoU@0.1 0.7055 | R@1,IoU@0.3 0.5314 | R@1,IoU@0.5 0.2436 | R@1,IoU@0.7 0.0821 | R@1,IoU@0.9 0.0101 | R@5,mIoU 0.5266 | R@5,IoU@0.1 0.9173 | R@5,IoU@0.3 0.7799 | R@5,IoU@0.5 0.5405 | R@5,IoU@0.7 0.3217 | R@5,IoU@0.9 0.0753 |
2026-04-20 05:49:36,448 - ============================================================
2026-04-20 05:49:36,448 - Start Epoch 23
2026-04-20 05:49:58,171 - Epoch 23, Batch 50, lr = 0.00005, final_loss = 3.7366, nll_loss = 3.6362, ref_nll_loss = 3.8371, ivc_loss = 0.0956, neg_loss_1 = 0.0140, neg_loss_2 = 0.0083, ref_loss = 0.0217, div_loss = 0.0103, 0.434 seconds/batch
2026-04-20 05:50:20,149 - Epoch 23, Batch 100, lr = 0.00005, final_loss = 3.7525, nll_loss = 3.6510, ref_nll_loss = 3.8539, ivc_loss = 0.0909, neg_loss_1 = 0.0125, neg_loss_2 = 0.0085, ref_loss = 0.0190, div_loss = 0.0102, 0.437 seconds/batch
2026-04-20 05:50:47,227 - Epoch 23, Batch 150, lr = 0.00005, final_loss = 3.7395, nll_loss = 3.6378, ref_nll_loss = 3.8413, ivc_loss = 0.0940, neg_loss_1 = 0.0133, neg_loss_2 = 0.0086, ref_loss = 0.0206, div_loss = 0.0103, 0.472 seconds/batch
2026-04-20 05:51:18,938 - Epoch 23, Batch 200, lr = 0.00005, final_loss = 3.7608, nll_loss = 3.6632, ref_nll_loss = 3.8585, ivc_loss = 0.0954, neg_loss_1 = 0.0149, neg_loss_2 = 0.0091, ref_loss = 0.0208, div_loss = 0.0101, 0.512 seconds/batch
2026-04-20 05:51:56,771 - Epoch 23, Batch 250, lr = 0.00005, final_loss = 3.7383, nll_loss = 3.6378, ref_nll_loss = 3.8389, ivc_loss = 0.0938, neg_loss_1 = 0.0120, neg_loss_2 = 0.0089, ref_loss = 0.0203, div_loss = 0.0105, 0.561 seconds/batch
2026-04-20 05:52:36,471 - Epoch 23, Batch 300, lr = 0.00005, final_loss = 3.7541, nll_loss = 3.6572, ref_nll_loss = 3.8510, ivc_loss = 0.0997, neg_loss_1 = 0.0138, neg_loss_2 = 0.0106, ref_loss = 0.0223, div_loss = 0.0106, 0.600 seconds/batch
2026-04-20 05:53:16,643 - Epoch 23, Batch 350, lr = 0.00005, final_loss = 3.7467, nll_loss = 3.6475, ref_nll_loss = 3.8459, ivc_loss = 0.0925, neg_loss_1 = 0.0129, neg_loss_2 = 0.0078, ref_loss = 0.0195, div_loss = 0.0105, 0.629 seconds/batch
2026-04-20 05:53:56,787 - Epoch 23, Batch 400, lr = 0.00005, final_loss = 3.7358, nll_loss = 3.6366, ref_nll_loss = 3.8351, ivc_loss = 0.0936, neg_loss_1 = 0.0124, neg_loss_2 = 0.0095, ref_loss = 0.0206, div_loss = 0.0102, 0.651 seconds/batch
2026-04-20 05:54:36,883 - Epoch 23, Batch 450, lr = 0.00005, final_loss = 3.7099, nll_loss = 3.6086, ref_nll_loss = 3.8113, ivc_loss = 0.0933, neg_loss_1 = 0.0122, neg_loss_2 = 0.0088, ref_loss = 0.0202, div_loss = 0.0104, 0.668 seconds/batch
2026-04-20 05:55:17,030 - Epoch 23, Batch 500, lr = 0.00005, final_loss = 3.7560, nll_loss = 3.6561, ref_nll_loss = 3.8560, ivc_loss = 0.0943, neg_loss_1 = 0.0122, neg_loss_2 = 0.0091, ref_loss = 0.0214, div_loss = 0.0103, 0.681 seconds/batch
2026-04-20 05:55:56,956 - Epoch 23, Batch 550, lr = 0.00005, final_loss = 3.7682, nll_loss = 3.6672, ref_nll_loss = 3.8691, ivc_loss = 0.0939, neg_loss_1 = 0.0121, neg_loss_2 = 0.0088, ref_loss = 0.0212, div_loss = 0.0104, 0.692 seconds/batch
2026-04-20 05:56:36,708 - Epoch 23, Batch 600, lr = 0.00005, final_loss = 3.7457, nll_loss = 3.6467, ref_nll_loss = 3.8447, ivc_loss = 0.0954, neg_loss_1 = 0.0138, neg_loss_2 = 0.0092, ref_loss = 0.0203, div_loss = 0.0104, 0.700 seconds/batch
2026-04-20 05:57:16,575 - Epoch 23, Batch 650, lr = 0.00005, final_loss = 3.7715, nll_loss = 3.6713, ref_nll_loss = 3.8716, ivc_loss = 0.0937, neg_loss_1 = 0.0132, neg_loss_2 = 0.0087, ref_loss = 0.0211, div_loss = 0.0101, 0.708 seconds/batch
2026-04-20 05:57:56,047 - Epoch 23, Batch 700, lr = 0.00005, final_loss = 3.7619, nll_loss = 3.6631, ref_nll_loss = 3.8606, ivc_loss = 0.0961, neg_loss_1 = 0.0136, neg_loss_2 = 0.0096, ref_loss = 0.0228, div_loss = 0.0100, 0.714 seconds/batch
2026-04-20 05:58:35,638 - Epoch 23, Batch 750, lr = 0.00005, final_loss = 3.7702, nll_loss = 3.6707, ref_nll_loss = 3.8697, ivc_loss = 0.0993, neg_loss_1 = 0.0167, neg_loss_2 = 0.0080, ref_loss = 0.0231, div_loss = 0.0103, 0.719 seconds/batch
2026-04-20 05:59:15,285 - Epoch 23, Batch 800, lr = 0.00005, final_loss = 3.7666, nll_loss = 3.6643, ref_nll_loss = 3.8689, ivc_loss = 0.0938, neg_loss_1 = 0.0134, neg_loss_2 = 0.0079, ref_loss = 0.0196, div_loss = 0.0106, 0.724 seconds/batch
2026-04-20 05:59:54,840 - Epoch 23, Batch 850, lr = 0.00005, final_loss = 3.7465, nll_loss = 3.6493, ref_nll_loss = 3.8437, ivc_loss = 0.0973, neg_loss_1 = 0.0123, neg_loss_2 = 0.0092, ref_loss = 0.0221, div_loss = 0.0108, 0.728 seconds/batch
2026-04-20 06:00:34,721 - Epoch 23, Batch 900, lr = 0.00005, final_loss = 3.7282, nll_loss = 3.6326, ref_nll_loss = 3.8237, ivc_loss = 0.0967, neg_loss_1 = 0.0124, neg_loss_2 = 0.0087, ref_loss = 0.0233, div_loss = 0.0105, 0.731 seconds/batch
2026-04-20 06:01:14,791 - Epoch 23, Batch 950, lr = 0.00005, final_loss = 3.7583, nll_loss = 3.6591, ref_nll_loss = 3.8574, ivc_loss = 0.0949, neg_loss_1 = 0.0131, neg_loss_2 = 0.0088, ref_loss = 0.0227, div_loss = 0.0100, 0.735 seconds/batch
2026-04-20 06:01:54,785 - Epoch 23, Batch 1000, lr = 0.00005, final_loss = 3.7631, nll_loss = 3.6667, ref_nll_loss = 3.8594, ivc_loss = 0.0953, neg_loss_1 = 0.0155, neg_loss_2 = 0.0079, ref_loss = 0.0220, div_loss = 0.0100, 0.738 seconds/batch
2026-04-20 06:02:35,022 - Epoch 23, Batch 1050, lr = 0.00005, final_loss = 3.7691, nll_loss = 3.6679, ref_nll_loss = 3.8702, ivc_loss = 0.0933, neg_loss_1 = 0.0140, neg_loss_2 = 0.0076, ref_loss = 0.0215, div_loss = 0.0100, 0.741 seconds/batch
2026-04-20 06:03:14,799 - Epoch 23, Batch 1100, lr = 0.00005, final_loss = 3.7390, nll_loss = 3.6402, ref_nll_loss = 3.8379, ivc_loss = 0.0929, neg_loss_1 = 0.0136, neg_loss_2 = 0.0090, ref_loss = 0.0187, div_loss = 0.0103, 0.744 seconds/batch
2026-04-20 06:03:54,766 - Epoch 23, Batch 1150, lr = 0.00005, final_loss = 3.7455, nll_loss = 3.6429, ref_nll_loss = 3.8480, ivc_loss = 0.0923, neg_loss_1 = 0.0115, neg_loss_2 = 0.0078, ref_loss = 0.0199, div_loss = 0.0106, 0.746 seconds/batch
2026-04-20 06:04:10,338 - Epoch 23, Batch 1170, lr = 0.00005, final_loss = 3.7580, nll_loss = 3.6563, ref_nll_loss = 3.8597, ivc_loss = 0.0979, neg_loss_1 = 0.0165, neg_loss_2 = 0.0090, ref_loss = 0.0203, div_loss = 0.0104, 0.747 seconds/batch
2026-04-20 06:04:10,410 - save model to checkpoints/activitynet_moe/cpl_moe/model-23.pt, num_updates 26910.
2026-04-20 06:07:50,002 - | R@1,mIoU 0.2986 | R@1,IoU@0.1 0.6782 | R@1,IoU@0.3 0.4951 | R@1,IoU@0.5 0.2313 | R@1,IoU@0.7 0.0761 | R@1,IoU@0.9 0.0076 | R@5,mIoU 0.5237 | R@5,IoU@0.1 0.9168 | R@5,IoU@0.3 0.7732 | R@5,IoU@0.5 0.5346 | R@5,IoU@0.7 0.3223 | R@5,IoU@0.9 0.0719 |
2026-04-20 06:07:50,002 - ============================================================
2026-04-20 06:07:50,002 - Start Epoch 24
2026-04-20 06:08:11,854 - Epoch 24, Batch 50, lr = 0.00005, final_loss = 3.7368, nll_loss = 3.6368, ref_nll_loss = 3.8368, ivc_loss = 0.0973, neg_loss_1 = 0.0128, neg_loss_2 = 0.0091, ref_loss = 0.0220, div_loss = 0.0107, 0.437 seconds/batch
2026-04-20 06:08:33,764 - Epoch 24, Batch 100, lr = 0.00005, final_loss = 3.7162, nll_loss = 3.6146, ref_nll_loss = 3.8178, ivc_loss = 0.0914, neg_loss_1 = 0.0128, neg_loss_2 = 0.0078, ref_loss = 0.0188, div_loss = 0.0104, 0.438 seconds/batch
2026-04-20 06:09:00,802 - Epoch 24, Batch 150, lr = 0.00005, final_loss = 3.7484, nll_loss = 3.6495, ref_nll_loss = 3.8473, ivc_loss = 0.0911, neg_loss_1 = 0.0142, neg_loss_2 = 0.0073, ref_loss = 0.0183, div_loss = 0.0103, 0.472 seconds/batch
2026-04-20 06:09:32,636 - Epoch 24, Batch 200, lr = 0.00005, final_loss = 3.7299, nll_loss = 3.6322, ref_nll_loss = 3.8275, ivc_loss = 0.0951, neg_loss_1 = 0.0128, neg_loss_2 = 0.0082, ref_loss = 0.0219, div_loss = 0.0104, 0.513 seconds/batch
2026-04-20 06:10:09,606 - Epoch 24, Batch 250, lr = 0.00005, final_loss = 3.7265, nll_loss = 3.6274, ref_nll_loss = 3.8256, ivc_loss = 0.0987, neg_loss_1 = 0.0151, neg_loss_2 = 0.0086, ref_loss = 0.0213, div_loss = 0.0107, 0.558 seconds/batch
2026-04-20 06:10:49,674 - Epoch 24, Batch 300, lr = 0.00005, final_loss = 3.7371, nll_loss = 3.6350, ref_nll_loss = 3.8392, ivc_loss = 0.0955, neg_loss_1 = 0.0124, neg_loss_2 = 0.0092, ref_loss = 0.0214, div_loss = 0.0105, 0.599 seconds/batch
2026-04-20 06:11:29,586 - Epoch 24, Batch 350, lr = 0.00005, final_loss = 3.7527, nll_loss = 3.6520, ref_nll_loss = 3.8535, ivc_loss = 0.0890, neg_loss_1 = 0.0103, neg_loss_2 = 0.0070, ref_loss = 0.0203, div_loss = 0.0103, 0.627 seconds/batch
2026-04-20 06:12:09,432 - Epoch 24, Batch 400, lr = 0.00005, final_loss = 3.7212, nll_loss = 3.6167, ref_nll_loss = 3.8257, ivc_loss = 0.0931, neg_loss_1 = 0.0120, neg_loss_2 = 0.0096, ref_loss = 0.0202, div_loss = 0.0103, 0.649 seconds/batch
2026-04-20 06:12:49,472 - Epoch 24, Batch 450, lr = 0.00005, final_loss = 3.7641, nll_loss = 3.6656, ref_nll_loss = 3.8626, ivc_loss = 0.0946, neg_loss_1 = 0.0121, neg_loss_2 = 0.0083, ref_loss = 0.0227, div_loss = 0.0103, 0.665 seconds/batch
2026-04-20 06:13:29,012 - Epoch 24, Batch 500, lr = 0.00005, final_loss = 3.7145, nll_loss = 3.6161, ref_nll_loss = 3.8128, ivc_loss = 0.0965, neg_loss_1 = 0.0133, neg_loss_2 = 0.0084, ref_loss = 0.0227, div_loss = 0.0104, 0.678 seconds/batch
2026-04-20 06:14:08,941 - Epoch 24, Batch 550, lr = 0.00005, final_loss = 3.7244, nll_loss = 3.6216, ref_nll_loss = 3.8272, ivc_loss = 0.0934, neg_loss_1 = 0.0124, neg_loss_2 = 0.0076, ref_loss = 0.0208, div_loss = 0.0105, 0.689 seconds/batch
2026-04-20 06:14:48,632 - Epoch 24, Batch 600, lr = 0.00005, final_loss = 3.7637, nll_loss = 3.6659, ref_nll_loss = 3.8614, ivc_loss = 0.0957, neg_loss_1 = 0.0108, neg_loss_2 = 0.0092, ref_loss = 0.0215, div_loss = 0.0108, 0.698 seconds/batch
2026-04-20 06:15:28,694 - Epoch 24, Batch 650, lr = 0.00005, final_loss = 3.7539, nll_loss = 3.6508, ref_nll_loss = 3.8569, ivc_loss = 0.0940, neg_loss_1 = 0.0121, neg_loss_2 = 0.0072, ref_loss = 0.0202, div_loss = 0.0109, 0.706 seconds/batch
2026-04-20 06:16:08,496 - Epoch 24, Batch 700, lr = 0.00005, final_loss = 3.7677, nll_loss = 3.6661, ref_nll_loss = 3.8692, ivc_loss = 0.0952, neg_loss_1 = 0.0138, neg_loss_2 = 0.0076, ref_loss = 0.0201, div_loss = 0.0107, 0.712 seconds/batch
2026-04-20 06:16:48,243 - Epoch 24, Batch 750, lr = 0.00005, final_loss = 3.7142, nll_loss = 3.6129, ref_nll_loss = 3.8155, ivc_loss = 0.0954, neg_loss_1 = 0.0130, neg_loss_2 = 0.0096, ref_loss = 0.0212, div_loss = 0.0103, 0.718 seconds/batch
2026-04-20 06:17:28,098 - Epoch 24, Batch 800, lr = 0.00005, final_loss = 3.7422, nll_loss = 3.6420, ref_nll_loss = 3.8424, ivc_loss = 0.0953, neg_loss_1 = 0.0139, neg_loss_2 = 0.0103, ref_loss = 0.0210, div_loss = 0.0100, 0.723 seconds/batch
2026-04-20 06:18:07,837 - Epoch 24, Batch 850, lr = 0.00005, final_loss = 3.7342, nll_loss = 3.6331, ref_nll_loss = 3.8354, ivc_loss = 0.0936, neg_loss_1 = 0.0123, neg_loss_2 = 0.0094, ref_loss = 0.0197, div_loss = 0.0104, 0.727 seconds/batch
2026-04-20 06:18:47,711 - Epoch 24, Batch 900, lr = 0.00005, final_loss = 3.7494, nll_loss = 3.6456, ref_nll_loss = 3.8531, ivc_loss = 0.0921, neg_loss_1 = 0.0120, neg_loss_2 = 0.0086, ref_loss = 0.0195, div_loss = 0.0104, 0.731 seconds/batch
2026-04-20 06:19:27,486 - Epoch 24, Batch 950, lr = 0.00005, final_loss = 3.7352, nll_loss = 3.6360, ref_nll_loss = 3.8345, ivc_loss = 0.0950, neg_loss_1 = 0.0155, neg_loss_2 = 0.0088, ref_loss = 0.0213, div_loss = 0.0099, 0.734 seconds/batch
2026-04-20 06:20:07,091 - Epoch 24, Batch 1000, lr = 0.00005, final_loss = 3.7399, nll_loss = 3.6383, ref_nll_loss = 3.8415, ivc_loss = 0.0952, neg_loss_1 = 0.0115, neg_loss_2 = 0.0096, ref_loss = 0.0205, div_loss = 0.0107, 0.737 seconds/batch
2026-04-20 06:20:46,895 - Epoch 24, Batch 1050, lr = 0.00005, final_loss = 3.7209, nll_loss = 3.6198, ref_nll_loss = 3.8220, ivc_loss = 0.0916, neg_loss_1 = 0.0107, neg_loss_2 = 0.0071, ref_loss = 0.0204, div_loss = 0.0107, 0.740 seconds/batch
2026-04-20 06:21:26,716 - Epoch 24, Batch 1100, lr = 0.00005, final_loss = 3.7877, nll_loss = 3.6881, ref_nll_loss = 3.8874, ivc_loss = 0.0932, neg_loss_1 = 0.0122, neg_loss_2 = 0.0075, ref_loss = 0.0198, div_loss = 0.0107, 0.742 seconds/batch
2026-04-20 06:22:06,337 - Epoch 24, Batch 1150, lr = 0.00005, final_loss = 3.7580, nll_loss = 3.6576, ref_nll_loss = 3.8584, ivc_loss = 0.0940, neg_loss_1 = 0.0123, neg_loss_2 = 0.0082, ref_loss = 0.0209, div_loss = 0.0105, 0.745 seconds/batch
2026-04-20 06:22:21,921 - Epoch 24, Batch 1170, lr = 0.00005, final_loss = 3.7464, nll_loss = 3.6459, ref_nll_loss = 3.8469, ivc_loss = 0.0923, neg_loss_1 = 0.0125, neg_loss_2 = 0.0081, ref_loss = 0.0202, div_loss = 0.0103, 0.745 seconds/batch
2026-04-20 06:22:21,992 - save model to checkpoints/activitynet_moe/cpl_moe/model-24.pt, num_updates 28080.
2026-04-20 06:26:03,470 - | R@1,mIoU 0.2743 | R@1,IoU@0.1 0.6289 | R@1,IoU@0.3 0.4612 | R@1,IoU@0.5 0.2055 | R@1,IoU@0.7 0.0646 | R@1,IoU@0.9 0.0053 | R@5,mIoU 0.5253 | R@5,IoU@0.1 0.9162 | R@5,IoU@0.3 0.7739 | R@5,IoU@0.5 0.5355 | R@5,IoU@0.7 0.3246 | R@5,IoU@0.9 0.0755 |
2026-04-20 06:26:03,470 - ============================================================
2026-04-20 06:26:03,470 - Start Epoch 25
2026-04-20 06:26:25,438 - Epoch 25, Batch 50, lr = 0.00005, final_loss = 3.7231, nll_loss = 3.6210, ref_nll_loss = 3.8251, ivc_loss = 0.0893, neg_loss_1 = 0.0119, neg_loss_2 = 0.0080, ref_loss = 0.0180, div_loss = 0.0103, 0.439 seconds/batch
2026-04-20 06:26:47,331 - Epoch 25, Batch 100, lr = 0.00005, final_loss = 3.7191, nll_loss = 3.6132, ref_nll_loss = 3.8249, ivc_loss = 0.0925, neg_loss_1 = 0.0120, neg_loss_2 = 0.0095, ref_loss = 0.0189, div_loss = 0.0104, 0.439 seconds/batch
2026-04-20 06:27:14,417 - Epoch 25, Batch 150, lr = 0.00005, final_loss = 3.7160, nll_loss = 3.6146, ref_nll_loss = 3.8175, ivc_loss = 0.0918, neg_loss_1 = 0.0101, neg_loss_2 = 0.0081, ref_loss = 0.0200, div_loss = 0.0107, 0.473 seconds/batch
2026-04-20 06:27:46,159 - Epoch 25, Batch 200, lr = 0.00005, final_loss = 3.7332, nll_loss = 3.6359, ref_nll_loss = 3.8305, ivc_loss = 0.0962, neg_loss_1 = 0.0123, neg_loss_2 = 0.0093, ref_loss = 0.0220, div_loss = 0.0105, 0.513 seconds/batch
2026-04-20 06:28:23,004 - Epoch 25, Batch 250, lr = 0.00005, final_loss = 3.7253, nll_loss = 3.6264, ref_nll_loss = 3.8241, ivc_loss = 0.0963, neg_loss_1 = 0.0137, neg_loss_2 = 0.0073, ref_loss = 0.0212, div_loss = 0.0108, 0.558 seconds/batch
2026-04-20 06:29:02,745 - Epoch 25, Batch 300, lr = 0.00005, final_loss = 3.7420, nll_loss = 3.6396, ref_nll_loss = 3.8444, ivc_loss = 0.0886, neg_loss_1 = 0.0125, neg_loss_2 = 0.0060, ref_loss = 0.0200, div_loss = 0.0100, 0.598 seconds/batch
2026-04-20 06:29:42,283 - Epoch 25, Batch 350, lr = 0.00005, final_loss = 3.7042, nll_loss = 3.6067, ref_nll_loss = 3.8017, ivc_loss = 0.0931, neg_loss_1 = 0.0148, neg_loss_2 = 0.0081, ref_loss = 0.0203, div_loss = 0.0100, 0.625 seconds/batch
2026-04-20 06:30:21,807 - Epoch 25, Batch 400, lr = 0.00005, final_loss = 3.7179, nll_loss = 3.6191, ref_nll_loss = 3.8167, ivc_loss = 0.0942, neg_loss_1 = 0.0124, neg_loss_2 = 0.0081, ref_loss = 0.0208, div_loss = 0.0106, 0.646 seconds/batch
2026-04-20 06:31:01,386 - Epoch 25, Batch 450, lr = 0.00005, final_loss = 3.7396, nll_loss = 3.6406, ref_nll_loss = 3.8385, ivc_loss = 0.0959, neg_loss_1 = 0.0132, neg_loss_2 = 0.0083, ref_loss = 0.0224, div_loss = 0.0104, 0.662 seconds/batch
2026-04-20 06:31:41,208 - Epoch 25, Batch 500, lr = 0.00005, final_loss = 3.7373, nll_loss = 3.6390, ref_nll_loss = 3.8355, ivc_loss = 0.0955, neg_loss_1 = 0.0135, neg_loss_2 = 0.0087, ref_loss = 0.0214, div_loss = 0.0104, 0.675 seconds/batch
2026-04-20 06:32:20,462 - Epoch 25, Batch 550, lr = 0.00005, final_loss = 3.7221, nll_loss = 3.6235, ref_nll_loss = 3.8207, ivc_loss = 0.0966, neg_loss_1 = 0.0135, neg_loss_2 = 0.0087, ref_loss = 0.0216, div_loss = 0.0105, 0.685 seconds/batch
2026-04-20 06:32:59,877 - Epoch 25, Batch 600, lr = 0.00005, final_loss = 3.7352, nll_loss = 3.6318, ref_nll_loss = 3.8386, ivc_loss = 0.0909, neg_loss_1 = 0.0136, neg_loss_2 = 0.0069, ref_loss = 0.0196, div_loss = 0.0101, 0.694 seconds/batch
2026-04-20 06:33:39,323 - Epoch 25, Batch 650, lr = 0.00005, final_loss = 3.7248, nll_loss = 3.6253, ref_nll_loss = 3.8243, ivc_loss = 0.0935, neg_loss_1 = 0.0129, neg_loss_2 = 0.0090, ref_loss = 0.0210, div_loss = 0.0101, 0.701 seconds/batch
2026-04-20 06:34:18,840 - Epoch 25, Batch 700, lr = 0.00005, final_loss = 3.7152, nll_loss = 3.6109, ref_nll_loss = 3.8196, ivc_loss = 0.0896, neg_loss_1 = 0.0121, neg_loss_2 = 0.0072, ref_loss = 0.0194, div_loss = 0.0102, 0.708 seconds/batch
2026-04-20 06:34:58,302 - Epoch 25, Batch 750, lr = 0.00005, final_loss = 3.7173, nll_loss = 3.6147, ref_nll_loss = 3.8198, ivc_loss = 0.0922, neg_loss_1 = 0.0102, neg_loss_2 = 0.0100, ref_loss = 0.0195, div_loss = 0.0105, 0.713 seconds/batch
2026-04-20 06:35:38,207 - Epoch 25, Batch 800, lr = 0.00005, final_loss = 3.7228, nll_loss = 3.6221, ref_nll_loss = 3.8235, ivc_loss = 0.0975, neg_loss_1 = 0.0131, neg_loss_2 = 0.0096, ref_loss = 0.0220, div_loss = 0.0106, 0.718 seconds/batch
2026-04-20 06:36:18,178 - Epoch 25, Batch 850, lr = 0.00005, final_loss = 3.7280, nll_loss = 3.6266, ref_nll_loss = 3.8293, ivc_loss = 0.0990, neg_loss_1 = 0.0137, neg_loss_2 = 0.0098, ref_loss = 0.0209, div_loss = 0.0109, 0.723 seconds/batch
2026-04-20 06:36:58,344 - Epoch 25, Batch 900, lr = 0.00005, final_loss = 3.7125, nll_loss = 3.6125, ref_nll_loss = 3.8126, ivc_loss = 0.0957, neg_loss_1 = 0.0133, neg_loss_2 = 0.0077, ref_loss = 0.0207, div_loss = 0.0108, 0.728 seconds/batch
2026-04-20 06:37:38,551 - Epoch 25, Batch 950, lr = 0.00005, final_loss = 3.7401, nll_loss = 3.6385, ref_nll_loss = 3.8417, ivc_loss = 0.0927, neg_loss_1 = 0.0118, neg_loss_2 = 0.0081, ref_loss = 0.0199, div_loss = 0.0106, 0.732 seconds/batch
2026-04-20 06:38:18,595 - Epoch 25, Batch 1000, lr = 0.00005, final_loss = 3.7501, nll_loss = 3.6462, ref_nll_loss = 3.8539, ivc_loss = 0.0915, neg_loss_1 = 0.0119, neg_loss_2 = 0.0084, ref_loss = 0.0187, div_loss = 0.0105, 0.735 seconds/batch
2026-04-20 06:38:58,366 - Epoch 25, Batch 1050, lr = 0.00005, final_loss = 3.7208, nll_loss = 3.6222, ref_nll_loss = 3.8193, ivc_loss = 0.0953, neg_loss_1 = 0.0142, neg_loss_2 = 0.0085, ref_loss = 0.0224, div_loss = 0.0101, 0.738 seconds/batch
2026-04-20 06:39:38,279 - Epoch 25, Batch 1100, lr = 0.00005, final_loss = 3.7399, nll_loss = 3.6392, ref_nll_loss = 3.8406, ivc_loss = 0.0960, neg_loss_1 = 0.0142, neg_loss_2 = 0.0083, ref_loss = 0.0209, div_loss = 0.0105, 0.741 seconds/batch
2026-04-20 06:40:18,282 - Epoch 25, Batch 1150, lr = 0.00005, final_loss = 3.7490, nll_loss = 3.6479, ref_nll_loss = 3.8502, ivc_loss = 0.0955, neg_loss_1 = 0.0128, neg_loss_2 = 0.0067, ref_loss = 0.0202, div_loss = 0.0111, 0.743 seconds/batch
2026-04-20 06:40:34,238 - Epoch 25, Batch 1170, lr = 0.00005, final_loss = 3.7105, nll_loss = 3.6091, ref_nll_loss = 3.8120, ivc_loss = 0.0972, neg_loss_1 = 0.0112, neg_loss_2 = 0.0108, ref_loss = 0.0194, div_loss = 0.0112, 0.744 seconds/batch
2026-04-20 06:40:34,311 - save model to checkpoints/activitynet_moe/cpl_moe/model-25.pt, num_updates 29250.
2026-04-20 06:44:15,700 - | R@1,mIoU 0.3042 | R@1,IoU@0.1 0.6835 | R@1,IoU@0.3 0.5017 | R@1,IoU@0.5 0.2368 | R@1,IoU@0.7 0.0892 | R@1,IoU@0.9 0.0103 | R@5,mIoU 0.5240 | R@5,IoU@0.1 0.9185 | R@5,IoU@0.3 0.7752 | R@5,IoU@0.5 0.5346 | R@5,IoU@0.7 0.3221 | R@5,IoU@0.9 0.0727 |
2026-04-20 06:44:15,700 - ============================================================
2026-04-20 06:44:15,700 - Start Epoch 26
2026-04-20 06:44:38,026 - Epoch 26, Batch 50, lr = 0.00005, final_loss = 3.7140, nll_loss = 3.6143, ref_nll_loss = 3.8136, ivc_loss = 0.0959, neg_loss_1 = 0.0120, neg_loss_2 = 0.0083, ref_loss = 0.0210, div_loss = 0.0109, 0.446 seconds/batch
2026-04-20 06:44:59,637 - Epoch 26, Batch 100, lr = 0.00005, final_loss = 3.7292, nll_loss = 3.6237, ref_nll_loss = 3.8346, ivc_loss = 0.0934, neg_loss_1 = 0.0117, neg_loss_2 = 0.0073, ref_loss = 0.0194, div_loss = 0.0110, 0.439 seconds/batch
2026-04-20 06:45:26,805 - Epoch 26, Batch 150, lr = 0.00005, final_loss = 3.6832, nll_loss = 3.5799, ref_nll_loss = 3.7866, ivc_loss = 0.0943, neg_loss_1 = 0.0130, neg_loss_2 = 0.0082, ref_loss = 0.0194, div_loss = 0.0107, 0.474 seconds/batch
2026-04-20 06:45:58,576 - Epoch 26, Batch 200, lr = 0.00005, final_loss = 3.6933, nll_loss = 3.5918, ref_nll_loss = 3.7948, ivc_loss = 0.0937, neg_loss_1 = 0.0123, neg_loss_2 = 0.0077, ref_loss = 0.0198, div_loss = 0.0108, 0.514 seconds/batch
2026-04-20 06:46:35,001 - Epoch 26, Batch 250, lr = 0.00005, final_loss = 3.7051, nll_loss = 3.6036, ref_nll_loss = 3.8066, ivc_loss = 0.0946, neg_loss_1 = 0.0122, neg_loss_2 = 0.0070, ref_loss = 0.0209, div_loss = 0.0109, 0.557 seconds/batch
2026-04-20 06:47:14,740 - Epoch 26, Batch 300, lr = 0.00005, final_loss = 3.7177, nll_loss = 3.6163, ref_nll_loss = 3.8190, ivc_loss = 0.0939, neg_loss_1 = 0.0136, neg_loss_2 = 0.0068, ref_loss = 0.0195, div_loss = 0.0108, 0.597 seconds/batch
2026-04-20 06:47:54,362 - Epoch 26, Batch 350, lr = 0.00005, final_loss = 3.7257, nll_loss = 3.6202, ref_nll_loss = 3.8312, ivc_loss = 0.0890, neg_loss_1 = 0.0103, neg_loss_2 = 0.0071, ref_loss = 0.0172, div_loss = 0.0109, 0.625 seconds/batch
2026-04-20 06:48:34,116 - Epoch 26, Batch 400, lr = 0.00005, final_loss = 3.7093, nll_loss = 3.6084, ref_nll_loss = 3.8102, ivc_loss = 0.0945, neg_loss_1 = 0.0113, neg_loss_2 = 0.0077, ref_loss = 0.0223, div_loss = 0.0106, 0.646 seconds/batch
2026-04-20 06:49:13,945 - Epoch 26, Batch 450, lr = 0.00005, final_loss = 3.6741, nll_loss = 3.5714, ref_nll_loss = 3.7769, ivc_loss = 0.0959, neg_loss_1 = 0.0132, neg_loss_2 = 0.0089, ref_loss = 0.0209, div_loss = 0.0106, 0.663 seconds/batch
2026-04-20 06:49:53,724 - Epoch 26, Batch 500, lr = 0.00005, final_loss = 3.7103, nll_loss = 3.6097, ref_nll_loss = 3.8109, ivc_loss = 0.0965, neg_loss_1 = 0.0109, neg_loss_2 = 0.0083, ref_loss = 0.0233, div_loss = 0.0108, 0.676 seconds/batch
2026-04-20 06:50:33,093 - Epoch 26, Batch 550, lr = 0.00005, final_loss = 3.7323, nll_loss = 3.6304, ref_nll_loss = 3.8342, ivc_loss = 0.0948, neg_loss_1 = 0.0124, neg_loss_2 = 0.0073, ref_loss = 0.0216, div_loss = 0.0107, 0.686 seconds/batch
2026-04-20 06:51:12,867 - Epoch 26, Batch 600, lr = 0.00005, final_loss = 3.7267, nll_loss = 3.6260, ref_nll_loss = 3.8273, ivc_loss = 0.0941, neg_loss_1 = 0.0135, neg_loss_2 = 0.0070, ref_loss = 0.0212, div_loss = 0.0105, 0.695 seconds/batch
2026-04-20 06:51:52,425 - Epoch 26, Batch 650, lr = 0.00005, final_loss = 3.7239, nll_loss = 3.6239, ref_nll_loss = 3.8239, ivc_loss = 0.0932, neg_loss_1 = 0.0123, neg_loss_2 = 0.0087, ref_loss = 0.0203, div_loss = 0.0104, 0.703 seconds/batch
2026-04-20 06:52:32,063 - Epoch 26, Batch 700, lr = 0.00005, final_loss = 3.7237, nll_loss = 3.6210, ref_nll_loss = 3.8265, ivc_loss = 0.0930, neg_loss_1 = 0.0129, neg_loss_2 = 0.0090, ref_loss = 0.0201, div_loss = 0.0102, 0.709 seconds/batch
2026-04-20 06:53:11,419 - Epoch 26, Batch 750, lr = 0.00005, final_loss = 3.7455, nll_loss = 3.6465, ref_nll_loss = 3.8446, ivc_loss = 0.0974, neg_loss_1 = 0.0134, neg_loss_2 = 0.0090, ref_loss = 0.0217, div_loss = 0.0107, 0.714 seconds/batch
2026-04-20 06:53:51,228 - Epoch 26, Batch 800, lr = 0.00005, final_loss = 3.7219, nll_loss = 3.6205, ref_nll_loss = 3.8234, ivc_loss = 0.0953, neg_loss_1 = 0.0138, neg_loss_2 = 0.0088, ref_loss = 0.0205, div_loss = 0.0104, 0.719 seconds/batch
2026-04-20 06:54:30,986 - Epoch 26, Batch 850, lr = 0.00005, final_loss = 3.6963, nll_loss = 3.5906, ref_nll_loss = 3.8020, ivc_loss = 0.0959, neg_loss_1 = 0.0122, neg_loss_2 = 0.0073, ref_loss = 0.0212, div_loss = 0.0110, 0.724 seconds/batch
2026-04-20 06:55:10,647 - Epoch 26, Batch 900, lr = 0.00005, final_loss = 3.7286, nll_loss = 3.6248, ref_nll_loss = 3.8323, ivc_loss = 0.0920, neg_loss_1 = 0.0116, neg_loss_2 = 0.0074, ref_loss = 0.0194, div_loss = 0.0107, 0.728 seconds/batch
2026-04-20 06:55:50,699 - Epoch 26, Batch 950, lr = 0.00005, final_loss = 3.7325, nll_loss = 3.6321, ref_nll_loss = 3.8329, ivc_loss = 0.0952, neg_loss_1 = 0.0139, neg_loss_2 = 0.0076, ref_loss = 0.0206, div_loss = 0.0106, 0.732 seconds/batch
2026-04-20 06:56:30,502 - Epoch 26, Batch 1000, lr = 0.00005, final_loss = 3.7175, nll_loss = 3.6162, ref_nll_loss = 3.8188, ivc_loss = 0.0968, neg_loss_1 = 0.0123, neg_loss_2 = 0.0067, ref_loss = 0.0232, div_loss = 0.0109, 0.735 seconds/batch
2026-04-20 06:57:10,660 - Epoch 26, Batch 1050, lr = 0.00005, final_loss = 3.7406, nll_loss = 3.6371, ref_nll_loss = 3.8442, ivc_loss = 0.0894, neg_loss_1 = 0.0104, neg_loss_2 = 0.0077, ref_loss = 0.0196, div_loss = 0.0104, 0.738 seconds/batch
2026-04-20 06:57:50,534 - Epoch 26, Batch 1100, lr = 0.00005, final_loss = 3.7241, nll_loss = 3.6225, ref_nll_loss = 3.8258, ivc_loss = 0.0945, neg_loss_1 = 0.0126, neg_loss_2 = 0.0078, ref_loss = 0.0209, div_loss = 0.0106, 0.741 seconds/batch
2026-04-20 06:58:30,767 - Epoch 26, Batch 1150, lr = 0.00005, final_loss = 3.6995, nll_loss = 3.5947, ref_nll_loss = 3.8044, ivc_loss = 0.0927, neg_loss_1 = 0.0118, neg_loss_2 = 0.0056, ref_loss = 0.0194, div_loss = 0.0112, 0.744 seconds/batch
2026-04-20 06:58:46,219 - Epoch 26, Batch 1170, lr = 0.00005, final_loss = 3.7240, nll_loss = 3.6228, ref_nll_loss = 3.8253, ivc_loss = 0.0913, neg_loss_1 = 0.0096, neg_loss_2 = 0.0072, ref_loss = 0.0191, div_loss = 0.0111, 0.744 seconds/batch
2026-04-20 06:58:46,293 - save model to checkpoints/activitynet_moe/cpl_moe/model-26.pt, num_updates 30420.
2026-04-20 07:02:28,258 - | R@1,mIoU 0.3310 | R@1,IoU@0.1 0.7445 | R@1,IoU@0.3 0.5445 | R@1,IoU@0.5 0.2597 | R@1,IoU@0.7 0.0958 | R@1,IoU@0.9 0.0111 | R@5,mIoU 0.5266 | R@5,IoU@0.1 0.9159 | R@5,IoU@0.3 0.7761 | R@5,IoU@0.5 0.5366 | R@5,IoU@0.7 0.3296 | R@5,IoU@0.9 0.0752 |
2026-04-20 07:02:28,344 - Best results have been updated.
2026-04-20 07:02:28,344 - ============================================================
2026-04-20 07:02:28,344 - Start Epoch 27
2026-04-20 07:02:50,188 - Epoch 27, Batch 50, lr = 0.00005, final_loss = 3.6843, nll_loss = 3.5788, ref_nll_loss = 3.7899, ivc_loss = 0.0896, neg_loss_1 = 0.0103, neg_loss_2 = 0.0069, ref_loss = 0.0189, div_loss = 0.0107, 0.437 seconds/batch
2026-04-20 07:03:11,944 - Epoch 27, Batch 100, lr = 0.00005, final_loss = 3.7025, nll_loss = 3.5982, ref_nll_loss = 3.8068, ivc_loss = 0.0908, neg_loss_1 = 0.0124, neg_loss_2 = 0.0076, ref_loss = 0.0194, div_loss = 0.0103, 0.436 seconds/batch
2026-04-20 07:03:38,916 - Epoch 27, Batch 150, lr = 0.00005, final_loss = 3.6903, nll_loss = 3.5904, ref_nll_loss = 3.7902, ivc_loss = 0.0961, neg_loss_1 = 0.0126, neg_loss_2 = 0.0074, ref_loss = 0.0223, div_loss = 0.0108, 0.470 seconds/batch
2026-04-20 07:04:09,868 - Epoch 27, Batch 200, lr = 0.00005, final_loss = 3.6670, nll_loss = 3.5618, ref_nll_loss = 3.7723, ivc_loss = 0.0904, neg_loss_1 = 0.0101, neg_loss_2 = 0.0077, ref_loss = 0.0187, div_loss = 0.0108, 0.508 seconds/batch
2026-04-20 07:04:45,449 - Epoch 27, Batch 250, lr = 0.00005, final_loss = 3.7059, nll_loss = 3.6065, ref_nll_loss = 3.8054, ivc_loss = 0.0944, neg_loss_1 = 0.0128, neg_loss_2 = 0.0079, ref_loss = 0.0207, div_loss = 0.0106, 0.548 seconds/batch
2026-04-20 07:05:25,233 - Epoch 27, Batch 300, lr = 0.00005, final_loss = 3.7071, nll_loss = 3.6070, ref_nll_loss = 3.8071, ivc_loss = 0.0957, neg_loss_1 = 0.0114, neg_loss_2 = 0.0082, ref_loss = 0.0218, div_loss = 0.0109, 0.590 seconds/batch
2026-04-20 07:06:05,030 - Epoch 27, Batch 350, lr = 0.00005, final_loss = 3.7252, nll_loss = 3.6246, ref_nll_loss = 3.8258, ivc_loss = 0.0995, neg_loss_1 = 0.0151, neg_loss_2 = 0.0086, ref_loss = 0.0227, div_loss = 0.0106, 0.619 seconds/batch
2026-04-20 07:06:44,818 - Epoch 27, Batch 400, lr = 0.00005, final_loss = 3.7257, nll_loss = 3.6243, ref_nll_loss = 3.8272, ivc_loss = 0.0959, neg_loss_1 = 0.0127, neg_loss_2 = 0.0095, ref_loss = 0.0214, div_loss = 0.0105, 0.641 seconds/batch
2026-04-20 07:07:24,762 - Epoch 27, Batch 450, lr = 0.00005, final_loss = 3.7190, nll_loss = 3.6165, ref_nll_loss = 3.8215, ivc_loss = 0.0951, neg_loss_1 = 0.0115, neg_loss_2 = 0.0078, ref_loss = 0.0215, div_loss = 0.0109, 0.659 seconds/batch
2026-04-20 07:08:04,659 - Epoch 27, Batch 500, lr = 0.00005, final_loss = 3.6977, nll_loss = 3.5971, ref_nll_loss = 3.7984, ivc_loss = 0.0984, neg_loss_1 = 0.0139, neg_loss_2 = 0.0076, ref_loss = 0.0213, div_loss = 0.0111, 0.673 seconds/batch
2026-04-20 07:08:44,335 - Epoch 27, Batch 550, lr = 0.00005, final_loss = 3.7059, nll_loss = 3.6021, ref_nll_loss = 3.8097, ivc_loss = 0.0926, neg_loss_1 = 0.0114, neg_loss_2 = 0.0084, ref_loss = 0.0190, div_loss = 0.0108, 0.684 seconds/batch
2026-04-20 07:09:24,261 - Epoch 27, Batch 600, lr = 0.00005, final_loss = 3.7020, nll_loss = 3.6023, ref_nll_loss = 3.8017, ivc_loss = 0.0955, neg_loss_1 = 0.0122, neg_loss_2 = 0.0077, ref_loss = 0.0200, div_loss = 0.0111, 0.693 seconds/batch
2026-04-20 07:10:04,087 - Epoch 27, Batch 650, lr = 0.00005, final_loss = 3.6905, nll_loss = 3.5869, ref_nll_loss = 3.7940, ivc_loss = 0.0943, neg_loss_1 = 0.0119, neg_loss_2 = 0.0076, ref_loss = 0.0212, div_loss = 0.0107, 0.701 seconds/batch
2026-04-20 07:10:43,404 - Epoch 27, Batch 700, lr = 0.00005, final_loss = 3.7223, nll_loss = 3.6205, ref_nll_loss = 3.8241, ivc_loss = 0.0952, neg_loss_1 = 0.0142, neg_loss_2 = 0.0069, ref_loss = 0.0215, div_loss = 0.0105, 0.707 seconds/batch
2026-04-20 07:11:23,045 - Epoch 27, Batch 750, lr = 0.00005, final_loss = 3.7444, nll_loss = 3.6411, ref_nll_loss = 3.8476, ivc_loss = 0.0951, neg_loss_1 = 0.0126, neg_loss_2 = 0.0100, ref_loss = 0.0188, div_loss = 0.0108, 0.713 seconds/batch
2026-04-20 07:12:02,790 - Epoch 27, Batch 800, lr = 0.00005, final_loss = 3.7228, nll_loss = 3.6199, ref_nll_loss = 3.8257, ivc_loss = 0.0924, neg_loss_1 = 0.0121, neg_loss_2 = 0.0082, ref_loss = 0.0197, div_loss = 0.0105, 0.718 seconds/batch
2026-04-20 07:12:42,276 - Epoch 27, Batch 850, lr = 0.00005, final_loss = 3.6990, nll_loss = 3.5973, ref_nll_loss = 3.8008, ivc_loss = 0.0939, neg_loss_1 = 0.0104, neg_loss_2 = 0.0090, ref_loss = 0.0205, div_loss = 0.0108, 0.722 seconds/batch
2026-04-20 07:13:22,131 - Epoch 27, Batch 900, lr = 0.00005, final_loss = 3.7074, nll_loss = 3.6077, ref_nll_loss = 3.8070, ivc_loss = 0.0974, neg_loss_1 = 0.0138, neg_loss_2 = 0.0074, ref_loss = 0.0225, div_loss = 0.0107, 0.726 seconds/batch
2026-04-20 07:14:01,774 - Epoch 27, Batch 950, lr = 0.00005, final_loss = 3.7061, nll_loss = 3.6026, ref_nll_loss = 3.8096, ivc_loss = 0.0923, neg_loss_1 = 0.0110, neg_loss_2 = 0.0076, ref_loss = 0.0190, div_loss = 0.0110, 0.730 seconds/batch
2026-04-20 07:14:41,611 - Epoch 27, Batch 1000, lr = 0.00005, final_loss = 3.7176, nll_loss = 3.6164, ref_nll_loss = 3.8188, ivc_loss = 0.0936, neg_loss_1 = 0.0117, neg_loss_2 = 0.0070, ref_loss = 0.0206, div_loss = 0.0109, 0.733 seconds/batch
2026-04-20 07:15:21,538 - Epoch 27, Batch 1050, lr = 0.00005, final_loss = 3.7178, nll_loss = 3.6146, ref_nll_loss = 3.8210, ivc_loss = 0.0971, neg_loss_1 = 0.0118, neg_loss_2 = 0.0095, ref_loss = 0.0205, div_loss = 0.0111, 0.736 seconds/batch
2026-04-20 07:16:01,247 - Epoch 27, Batch 1100, lr = 0.00005, final_loss = 3.6908, nll_loss = 3.5889, ref_nll_loss = 3.7927, ivc_loss = 0.0923, neg_loss_1 = 0.0115, neg_loss_2 = 0.0077, ref_loss = 0.0205, div_loss = 0.0105, 0.739 seconds/batch
2026-04-20 07:16:41,021 - Epoch 27, Batch 1150, lr = 0.00005, final_loss = 3.7105, nll_loss = 3.6048, ref_nll_loss = 3.8161, ivc_loss = 0.0933, neg_loss_1 = 0.0111, neg_loss_2 = 0.0069, ref_loss = 0.0206, div_loss = 0.0109, 0.741 seconds/batch
2026-04-20 07:16:56,931 - Epoch 27, Batch 1170, lr = 0.00005, final_loss = 3.7599, nll_loss = 3.6590, ref_nll_loss = 3.8608, ivc_loss = 0.0943, neg_loss_1 = 0.0130, neg_loss_2 = 0.0058, ref_loss = 0.0200, div_loss = 0.0111, 0.742 seconds/batch
2026-04-20 07:16:57,003 - save model to checkpoints/activitynet_moe/cpl_moe/model-27.pt, num_updates 31590.
2026-04-20 07:20:40,574 - | R@1,mIoU 0.3417 | R@1,IoU@0.1 0.7613 | R@1,IoU@0.3 0.5661 | R@1,IoU@0.5 0.2684 | R@1,IoU@0.7 0.0987 | R@1,IoU@0.9 0.0168 | R@5,mIoU 0.5252 | R@5,IoU@0.1 0.9189 | R@5,IoU@0.3 0.7803 | R@5,IoU@0.5 0.5399 | R@5,IoU@0.7 0.3191 | R@5,IoU@0.9 0.0746 |
2026-04-20 07:20:40,663 - Best results have been updated.
2026-04-20 07:20:40,664 - ============================================================
2026-04-20 07:20:40,664 - Start Epoch 28
2026-04-20 07:21:02,553 - Epoch 28, Batch 50, lr = 0.00004, final_loss = 3.6772, nll_loss = 3.5730, ref_nll_loss = 3.7814, ivc_loss = 0.0929, neg_loss_1 = 0.0100, neg_loss_2 = 0.0077, ref_loss = 0.0203, div_loss = 0.0110, 0.438 seconds/batch
2026-04-20 07:21:24,497 - Epoch 28, Batch 100, lr = 0.00004, final_loss = 3.6903, nll_loss = 3.5840, ref_nll_loss = 3.7966, ivc_loss = 0.0976, neg_loss_1 = 0.0138, neg_loss_2 = 0.0087, ref_loss = 0.0192, div_loss = 0.0112, 0.438 seconds/batch
2026-04-20 07:21:50,975 - Epoch 28, Batch 150, lr = 0.00004, final_loss = 3.6712, nll_loss = 3.5673, ref_nll_loss = 3.7752, ivc_loss = 0.0938, neg_loss_1 = 0.0127, neg_loss_2 = 0.0074, ref_loss = 0.0186, div_loss = 0.0110, 0.469 seconds/batch
2026-04-20 07:22:21,824 - Epoch 28, Batch 200, lr = 0.00004, final_loss = 3.6830, nll_loss = 3.5809, ref_nll_loss = 3.7852, ivc_loss = 0.0928, neg_loss_1 = 0.0125, neg_loss_2 = 0.0071, ref_loss = 0.0200, div_loss = 0.0107, 0.506 seconds/batch
2026-04-20 07:22:57,045 - Epoch 28, Batch 250, lr = 0.00004, final_loss = 3.6900, nll_loss = 3.5875, ref_nll_loss = 3.7924, ivc_loss = 0.0962, neg_loss_1 = 0.0134, neg_loss_2 = 0.0096, ref_loss = 0.0207, div_loss = 0.0105, 0.546 seconds/batch
2026-04-20 07:23:36,753 - Epoch 28, Batch 300, lr = 0.00004, final_loss = 3.6702, nll_loss = 3.5678, ref_nll_loss = 3.7727, ivc_loss = 0.0955, neg_loss_1 = 0.0115, neg_loss_2 = 0.0081, ref_loss = 0.0216, div_loss = 0.0109, 0.587 seconds/batch
2026-04-20 07:24:16,708 - Epoch 28, Batch 350, lr = 0.00004, final_loss = 3.7009, nll_loss = 3.5967, ref_nll_loss = 3.8050, ivc_loss = 0.0934, neg_loss_1 = 0.0125, neg_loss_2 = 0.0079, ref_loss = 0.0186, div_loss = 0.0109, 0.617 seconds/batch
2026-04-20 07:24:56,674 - Epoch 28, Batch 400, lr = 0.00004, final_loss = 3.6786, nll_loss = 3.5754, ref_nll_loss = 3.7819, ivc_loss = 0.0897, neg_loss_1 = 0.0122, neg_loss_2 = 0.0072, ref_loss = 0.0188, div_loss = 0.0103, 0.640 seconds/batch
2026-04-20 07:25:36,561 - Epoch 28, Batch 450, lr = 0.00004, final_loss = 3.7066, nll_loss = 3.6021, ref_nll_loss = 3.8111, ivc_loss = 0.0959, neg_loss_1 = 0.0151, neg_loss_2 = 0.0075, ref_loss = 0.0201, div_loss = 0.0106, 0.658 seconds/batch
2026-04-20 07:26:16,404 - Epoch 28, Batch 500, lr = 0.00004, final_loss = 3.6906, nll_loss = 3.5900, ref_nll_loss = 3.7913, ivc_loss = 0.0964, neg_loss_1 = 0.0119, neg_loss_2 = 0.0074, ref_loss = 0.0228, div_loss = 0.0109, 0.671 seconds/batch
2026-04-20 07:26:56,086 - Epoch 28, Batch 550, lr = 0.00004, final_loss = 3.6983, nll_loss = 3.5975, ref_nll_loss = 3.7992, ivc_loss = 0.0921, neg_loss_1 = 0.0115, neg_loss_2 = 0.0074, ref_loss = 0.0207, div_loss = 0.0105, 0.683 seconds/batch
2026-04-20 07:27:35,836 - Epoch 28, Batch 600, lr = 0.00004, final_loss = 3.7311, nll_loss = 3.6296, ref_nll_loss = 3.8326, ivc_loss = 0.0973, neg_loss_1 = 0.0136, neg_loss_2 = 0.0093, ref_loss = 0.0218, div_loss = 0.0105, 0.692 seconds/batch
2026-04-20 07:28:15,547 - Epoch 28, Batch 650, lr = 0.00004, final_loss = 3.6970, nll_loss = 3.5947, ref_nll_loss = 3.7994, ivc_loss = 0.0915, neg_loss_1 = 0.0098, neg_loss_2 = 0.0089, ref_loss = 0.0195, div_loss = 0.0106, 0.700 seconds/batch
2026-04-20 07:28:55,416 - Epoch 28, Batch 700, lr = 0.00004, final_loss = 3.7108, nll_loss = 3.6097, ref_nll_loss = 3.8119, ivc_loss = 0.0916, neg_loss_1 = 0.0112, neg_loss_2 = 0.0072, ref_loss = 0.0206, div_loss = 0.0105, 0.707 seconds/batch
2026-04-20 07:29:35,255 - Epoch 28, Batch 750, lr = 0.00004, final_loss = 3.7446, nll_loss = 3.6454, ref_nll_loss = 3.8437, ivc_loss = 0.0978, neg_loss_1 = 0.0148, neg_loss_2 = 0.0094, ref_loss = 0.0209, div_loss = 0.0105, 0.713 seconds/batch
2026-04-20 07:30:14,951 - Epoch 28, Batch 800, lr = 0.00004, final_loss = 3.6851, nll_loss = 3.5803, ref_nll_loss = 3.7899, ivc_loss = 0.0968, neg_loss_1 = 0.0113, neg_loss_2 = 0.0096, ref_loss = 0.0201, div_loss = 0.0111, 0.718 seconds/batch
2026-04-20 07:30:54,821 - Epoch 28, Batch 850, lr = 0.00004, final_loss = 3.7065, nll_loss = 3.6044, ref_nll_loss = 3.8086, ivc_loss = 0.0932, neg_loss_1 = 0.0095, neg_loss_2 = 0.0090, ref_loss = 0.0206, div_loss = 0.0108, 0.723 seconds/batch
2026-04-20 07:31:34,530 - Epoch 28, Batch 900, lr = 0.00004, final_loss = 3.7069, nll_loss = 3.6066, ref_nll_loss = 3.8072, ivc_loss = 0.0974, neg_loss_1 = 0.0141, neg_loss_2 = 0.0067, ref_loss = 0.0224, div_loss = 0.0108, 0.727 seconds/batch
2026-04-20 07:32:14,281 - Epoch 28, Batch 950, lr = 0.00004, final_loss = 3.7011, nll_loss = 3.5948, ref_nll_loss = 3.8074, ivc_loss = 0.0924, neg_loss_1 = 0.0109, neg_loss_2 = 0.0088, ref_loss = 0.0197, div_loss = 0.0106, 0.730 seconds/batch
2026-04-20 07:32:54,350 - Epoch 28, Batch 1000, lr = 0.00004, final_loss = 3.6856, nll_loss = 3.5867, ref_nll_loss = 3.7845, ivc_loss = 0.0954, neg_loss_1 = 0.0118, neg_loss_2 = 0.0068, ref_loss = 0.0228, div_loss = 0.0108, 0.734 seconds/batch
2026-04-20 07:33:33,909 - Epoch 28, Batch 1050, lr = 0.00004, final_loss = 3.7076, nll_loss = 3.6040, ref_nll_loss = 3.8112, ivc_loss = 0.0933, neg_loss_1 = 0.0146, neg_loss_2 = 0.0075, ref_loss = 0.0184, div_loss = 0.0105, 0.736 seconds/batch
2026-04-20 07:34:13,809 - Epoch 28, Batch 1100, lr = 0.00004, final_loss = 3.7102, nll_loss = 3.6084, ref_nll_loss = 3.8121, ivc_loss = 0.0951, neg_loss_1 = 0.0117, neg_loss_2 = 0.0071, ref_loss = 0.0213, div_loss = 0.0110, 0.739 seconds/batch
2026-04-20 07:34:53,266 - Epoch 28, Batch 1150, lr = 0.00004, final_loss = 3.6926, nll_loss = 3.5861, ref_nll_loss = 3.7991, ivc_loss = 0.0911, neg_loss_1 = 0.0112, neg_loss_2 = 0.0057, ref_loss = 0.0201, div_loss = 0.0108, 0.741 seconds/batch
2026-04-20 07:35:08,977 - Epoch 28, Batch 1170, lr = 0.00004, final_loss = 3.7114, nll_loss = 3.6093, ref_nll_loss = 3.8135, ivc_loss = 0.0942, neg_loss_1 = 0.0102, neg_loss_2 = 0.0079, ref_loss = 0.0217, div_loss = 0.0109, 0.742 seconds/batch
2026-04-20 07:35:09,048 - save model to checkpoints/activitynet_moe/cpl_moe/model-28.pt, num_updates 32760.
2026-04-20 07:38:53,917 - | R@1,mIoU 0.3002 | R@1,IoU@0.1 0.6636 | R@1,IoU@0.3 0.4892 | R@1,IoU@0.5 0.2393 | R@1,IoU@0.7 0.0942 | R@1,IoU@0.9 0.0117 | R@5,mIoU 0.5246 | R@5,IoU@0.1 0.9152 | R@5,IoU@0.3 0.7742 | R@5,IoU@0.5 0.5354 | R@5,IoU@0.7 0.3259 | R@5,IoU@0.9 0.0735 |
2026-04-20 07:38:53,917 - ============================================================
2026-04-20 07:38:53,917 - Start Epoch 29
2026-04-20 07:39:15,765 - Epoch 29, Batch 50, lr = 0.00004, final_loss = 3.7056, nll_loss = 3.6008, ref_nll_loss = 3.8104, ivc_loss = 0.0932, neg_loss_1 = 0.0128, neg_loss_2 = 0.0071, ref_loss = 0.0195, div_loss = 0.0108, 0.437 seconds/batch
2026-04-20 07:39:37,517 - Epoch 29, Batch 100, lr = 0.00004, final_loss = 3.6824, nll_loss = 3.5803, ref_nll_loss = 3.7846, ivc_loss = 0.0948, neg_loss_1 = 0.0116, neg_loss_2 = 0.0092, ref_loss = 0.0206, div_loss = 0.0107, 0.436 seconds/batch
2026-04-20 07:40:03,580 - Epoch 29, Batch 150, lr = 0.00004, final_loss = 3.6804, nll_loss = 3.5796, ref_nll_loss = 3.7812, ivc_loss = 0.0929, neg_loss_1 = 0.0117, neg_loss_2 = 0.0077, ref_loss = 0.0196, div_loss = 0.0108, 0.464 seconds/batch
2026-04-20 07:40:33,594 - Epoch 29, Batch 200, lr = 0.00004, final_loss = 3.6992, nll_loss = 3.5970, ref_nll_loss = 3.8014, ivc_loss = 0.0964, neg_loss_1 = 0.0145, neg_loss_2 = 0.0071, ref_loss = 0.0214, div_loss = 0.0107, 0.498 seconds/batch
2026-04-20 07:41:08,092 - Epoch 29, Batch 250, lr = 0.00004, final_loss = 3.6574, nll_loss = 3.5585, ref_nll_loss = 3.7562, ivc_loss = 0.0943, neg_loss_1 = 0.0116, neg_loss_2 = 0.0071, ref_loss = 0.0225, div_loss = 0.0106, 0.537 seconds/batch
2026-04-20 07:41:48,104 - Epoch 29, Batch 300, lr = 0.00004, final_loss = 3.6720, nll_loss = 3.5674, ref_nll_loss = 3.7767, ivc_loss = 0.0939, neg_loss_1 = 0.0130, neg_loss_2 = 0.0084, ref_loss = 0.0197, div_loss = 0.0106, 0.581 seconds/batch
2026-04-20 07:42:28,026 - Epoch 29, Batch 350, lr = 0.00004, final_loss = 3.7001, nll_loss = 3.5972, ref_nll_loss = 3.8030, ivc_loss = 0.0986, neg_loss_1 = 0.0135, neg_loss_2 = 0.0093, ref_loss = 0.0202, div_loss = 0.0111, 0.612 seconds/batch
2026-04-20 07:43:07,565 - Epoch 29, Batch 400, lr = 0.00004, final_loss = 3.6562, nll_loss = 3.5539, ref_nll_loss = 3.7586, ivc_loss = 0.0953, neg_loss_1 = 0.0121, neg_loss_2 = 0.0082, ref_loss = 0.0198, div_loss = 0.0110, 0.634 seconds/batch
2026-04-20 07:43:47,249 - Epoch 29, Batch 450, lr = 0.00004, final_loss = 3.6931, nll_loss = 3.5885, ref_nll_loss = 3.7977, ivc_loss = 0.0964, neg_loss_1 = 0.0113, neg_loss_2 = 0.0091, ref_loss = 0.0209, div_loss = 0.0110, 0.652 seconds/batch
2026-04-20 07:44:27,124 - Epoch 29, Batch 500, lr = 0.00004, final_loss = 3.6862, nll_loss = 3.5858, ref_nll_loss = 3.7866, ivc_loss = 0.0933, neg_loss_1 = 0.0122, neg_loss_2 = 0.0078, ref_loss = 0.0205, div_loss = 0.0106, 0.666 seconds/batch
2026-04-20 07:45:06,815 - Epoch 29, Batch 550, lr = 0.00004, final_loss = 3.6707, nll_loss = 3.5661, ref_nll_loss = 3.7753, ivc_loss = 0.0929, neg_loss_1 = 0.0106, neg_loss_2 = 0.0093, ref_loss = 0.0202, div_loss = 0.0106, 0.678 seconds/batch
2026-04-20 07:45:46,483 - Epoch 29, Batch 600, lr = 0.00004, final_loss = 3.6718, nll_loss = 3.5696, ref_nll_loss = 3.7739, ivc_loss = 0.0967, neg_loss_1 = 0.0134, neg_loss_2 = 0.0069, ref_loss = 0.0211, div_loss = 0.0111, 0.688 seconds/batch
2026-04-20 07:46:26,137 - Epoch 29, Batch 650, lr = 0.00004, final_loss = 3.6720, nll_loss = 3.5666, ref_nll_loss = 3.7773, ivc_loss = 0.0938, neg_loss_1 = 0.0126, neg_loss_2 = 0.0079, ref_loss = 0.0198, div_loss = 0.0107, 0.696 seconds/batch
2026-04-20 07:47:06,126 - Epoch 29, Batch 700, lr = 0.00004, final_loss = 3.6877, nll_loss = 3.5861, ref_nll_loss = 3.7893, ivc_loss = 0.0924, neg_loss_1 = 0.0127, neg_loss_2 = 0.0083, ref_loss = 0.0189, div_loss = 0.0105, 0.703 seconds/batch
2026-04-20 07:47:45,821 - Epoch 29, Batch 750, lr = 0.00004, final_loss = 3.6834, nll_loss = 3.5806, ref_nll_loss = 3.7862, ivc_loss = 0.0978, neg_loss_1 = 0.0155, neg_loss_2 = 0.0083, ref_loss = 0.0210, div_loss = 0.0106, 0.709 seconds/batch
2026-04-20 07:48:25,492 - Epoch 29, Batch 800, lr = 0.00004, final_loss = 3.7018, nll_loss = 3.5999, ref_nll_loss = 3.8036, ivc_loss = 0.0997, neg_loss_1 = 0.0145, neg_loss_2 = 0.0086, ref_loss = 0.0211, div_loss = 0.0111, 0.714 seconds/batch
2026-04-20 07:49:05,267 - Epoch 29, Batch 850, lr = 0.00004, final_loss = 3.7025, nll_loss = 3.6033, ref_nll_loss = 3.8016, ivc_loss = 0.0986, neg_loss_1 = 0.0127, neg_loss_2 = 0.0098, ref_loss = 0.0217, div_loss = 0.0109, 0.719 seconds/batch
2026-04-20 07:49:44,828 - Epoch 29, Batch 900, lr = 0.00004, final_loss = 3.6696, nll_loss = 3.5690, ref_nll_loss = 3.7701, ivc_loss = 0.0965, neg_loss_1 = 0.0112, neg_loss_2 = 0.0080, ref_loss = 0.0218, div_loss = 0.0111, 0.723 seconds/batch
2026-04-20 07:50:24,660 - Epoch 29, Batch 950, lr = 0.00004, final_loss = 3.7222, nll_loss = 3.6163, ref_nll_loss = 3.8281, ivc_loss = 0.0964, neg_loss_1 = 0.0113, neg_loss_2 = 0.0082, ref_loss = 0.0207, div_loss = 0.0112, 0.727 seconds/batch
2026-04-20 07:51:04,274 - Epoch 29, Batch 1000, lr = 0.00004, final_loss = 3.6723, nll_loss = 3.5697, ref_nll_loss = 3.7750, ivc_loss = 0.0965, neg_loss_1 = 0.0136, neg_loss_2 = 0.0080, ref_loss = 0.0208, div_loss = 0.0108, 0.730 seconds/batch
2026-04-20 07:51:44,024 - Epoch 29, Batch 1050, lr = 0.00004, final_loss = 3.6912, nll_loss = 3.5845, ref_nll_loss = 3.7978, ivc_loss = 0.0919, neg_loss_1 = 0.0119, neg_loss_2 = 0.0086, ref_loss = 0.0181, div_loss = 0.0106, 0.733 seconds/batch
2026-04-20 07:52:23,962 - Epoch 29, Batch 1100, lr = 0.00004, final_loss = 3.7309, nll_loss = 3.6272, ref_nll_loss = 3.8346, ivc_loss = 0.0964, neg_loss_1 = 0.0122, neg_loss_2 = 0.0106, ref_loss = 0.0201, div_loss = 0.0107, 0.736 seconds/batch
2026-04-20 07:53:03,792 - Epoch 29, Batch 1150, lr = 0.00004, final_loss = 3.7006, nll_loss = 3.5949, ref_nll_loss = 3.8063, ivc_loss = 0.0954, neg_loss_1 = 0.0134, neg_loss_2 = 0.0090, ref_loss = 0.0192, div_loss = 0.0107, 0.739 seconds/batch
2026-04-20 07:53:19,495 - Epoch 29, Batch 1170, lr = 0.00004, final_loss = 3.7005, nll_loss = 3.5932, ref_nll_loss = 3.8079, ivc_loss = 0.0973, neg_loss_1 = 0.0134, neg_loss_2 = 0.0063, ref_loss = 0.0213, div_loss = 0.0113, 0.740 seconds/batch
2026-04-20 07:53:19,567 - save model to checkpoints/activitynet_moe/cpl_moe/model-29.pt, num_updates 33930.
2026-04-20 07:57:06,997 - | R@1,mIoU 0.2740 | R@1,IoU@0.1 0.6174 | R@1,IoU@0.3 0.4491 | R@1,IoU@0.5 0.2115 | R@1,IoU@0.7 0.0796 | R@1,IoU@0.9 0.0092 | R@5,mIoU 0.5266 | R@5,IoU@0.1 0.9180 | R@5,IoU@0.3 0.7774 | R@5,IoU@0.5 0.5364 | R@5,IoU@0.7 0.3259 | R@5,IoU@0.9 0.0760 |
2026-04-20 07:57:06,997 - ============================================================
2026-04-20 07:57:06,997 - Start Epoch 30
2026-04-20 07:57:28,895 - Epoch 30, Batch 50, lr = 0.00004, final_loss = 3.6420, nll_loss = 3.5413, ref_nll_loss = 3.7427, ivc_loss = 0.0973, neg_loss_1 = 0.0141, neg_loss_2 = 0.0105, ref_loss = 0.0200, div_loss = 0.0105, 0.438 seconds/batch
2026-04-20 07:57:50,672 - Epoch 30, Batch 100, lr = 0.00004, final_loss = 3.6469, nll_loss = 3.5435, ref_nll_loss = 3.7502, ivc_loss = 0.0931, neg_loss_1 = 0.0122, neg_loss_2 = 0.0076, ref_loss = 0.0199, div_loss = 0.0107, 0.437 seconds/batch
2026-04-20 07:58:16,149 - Epoch 30, Batch 150, lr = 0.00004, final_loss = 3.6707, nll_loss = 3.5675, ref_nll_loss = 3.7739, ivc_loss = 0.0975, neg_loss_1 = 0.0128, neg_loss_2 = 0.0084, ref_loss = 0.0212, div_loss = 0.0110, 0.461 seconds/batch
2026-04-20 07:58:46,000 - Epoch 30, Batch 200, lr = 0.00004, final_loss = 3.6634, nll_loss = 3.5565, ref_nll_loss = 3.7704, ivc_loss = 0.0956, neg_loss_1 = 0.0128, neg_loss_2 = 0.0068, ref_loss = 0.0193, div_loss = 0.0113, 0.495 seconds/batch
2026-04-20 07:59:19,998 - Epoch 30, Batch 250, lr = 0.00004, final_loss = 3.6846, nll_loss = 3.5809, ref_nll_loss = 3.7882, ivc_loss = 0.0943, neg_loss_1 = 0.0107, neg_loss_2 = 0.0070, ref_loss = 0.0204, div_loss = 0.0112, 0.532 seconds/batch
2026-04-20 07:59:59,362 - Epoch 30, Batch 300, lr = 0.00004, final_loss = 3.6660, nll_loss = 3.5614, ref_nll_loss = 3.7706, ivc_loss = 0.0970, neg_loss_1 = 0.0117, neg_loss_2 = 0.0082, ref_loss = 0.0224, div_loss = 0.0110, 0.575 seconds/batch
2026-04-20 08:00:39,289 - Epoch 30, Batch 350, lr = 0.00004, final_loss = 3.6636, nll_loss = 3.5617, ref_nll_loss = 3.7656, ivc_loss = 0.0962, neg_loss_1 = 0.0112, neg_loss_2 = 0.0073, ref_loss = 0.0221, div_loss = 0.0111, 0.607 seconds/batch
2026-04-20 08:01:19,190 - Epoch 30, Batch 400, lr = 0.00004, final_loss = 3.7061, nll_loss = 3.6033, ref_nll_loss = 3.8089, ivc_loss = 0.0946, neg_loss_1 = 0.0130, neg_loss_2 = 0.0070, ref_loss = 0.0199, div_loss = 0.0109, 0.630 seconds/batch
2026-04-20 08:01:59,067 - Epoch 30, Batch 450, lr = 0.00004, final_loss = 3.6681, nll_loss = 3.5639, ref_nll_loss = 3.7723, ivc_loss = 0.0960, neg_loss_1 = 0.0120, neg_loss_2 = 0.0082, ref_loss = 0.0202, div_loss = 0.0111, 0.649 seconds/batch
2026-04-20 08:02:39,106 - Epoch 30, Batch 500, lr = 0.00004, final_loss = 3.6882, nll_loss = 3.5837, ref_nll_loss = 3.7926, ivc_loss = 0.0954, neg_loss_1 = 0.0124, neg_loss_2 = 0.0071, ref_loss = 0.0209, div_loss = 0.0110, 0.664 seconds/batch
2026-04-20 08:03:18,730 - Epoch 30, Batch 550, lr = 0.00004, final_loss = 3.6775, nll_loss = 3.5716, ref_nll_loss = 3.7834, ivc_loss = 0.1000, neg_loss_1 = 0.0141, neg_loss_2 = 0.0089, ref_loss = 0.0203, div_loss = 0.0113, 0.676 seconds/batch
2026-04-20 08:03:58,604 - Epoch 30, Batch 600, lr = 0.00004, final_loss = 3.6887, nll_loss = 3.5820, ref_nll_loss = 3.7953, ivc_loss = 0.0936, neg_loss_1 = 0.0119, neg_loss_2 = 0.0075, ref_loss = 0.0191, div_loss = 0.0110, 0.686 seconds/batch
2026-04-20 08:04:37,945 - Epoch 30, Batch 650, lr = 0.00004, final_loss = 3.6657, nll_loss = 3.5661, ref_nll_loss = 3.7653, ivc_loss = 0.0958, neg_loss_1 = 0.0131, neg_loss_2 = 0.0077, ref_loss = 0.0220, div_loss = 0.0106, 0.694 seconds/batch
2026-04-20 08:05:17,605 - Epoch 30, Batch 700, lr = 0.00004, final_loss = 3.6633, nll_loss = 3.5631, ref_nll_loss = 3.7634, ivc_loss = 0.0975, neg_loss_1 = 0.0139, neg_loss_2 = 0.0078, ref_loss = 0.0217, div_loss = 0.0108, 0.701 seconds/batch
2026-04-20 08:05:57,418 - Epoch 30, Batch 750, lr = 0.00004, final_loss = 3.6821, nll_loss = 3.5831, ref_nll_loss = 3.7812, ivc_loss = 0.0963, neg_loss_1 = 0.0134, neg_loss_2 = 0.0069, ref_loss = 0.0217, div_loss = 0.0109, 0.707 seconds/batch
2026-04-20 08:06:36,890 - Epoch 30, Batch 800, lr = 0.00004, final_loss = 3.6902, nll_loss = 3.5864, ref_nll_loss = 3.7940, ivc_loss = 0.0934, neg_loss_1 = 0.0111, neg_loss_2 = 0.0080, ref_loss = 0.0201, div_loss = 0.0108, 0.712 seconds/batch
2026-04-20 08:07:16,458 - Epoch 30, Batch 850, lr = 0.00004, final_loss = 3.6941, nll_loss = 3.5851, ref_nll_loss = 3.8032, ivc_loss = 0.0914, neg_loss_1 = 0.0130, neg_loss_2 = 0.0070, ref_loss = 0.0182, div_loss = 0.0106, 0.717 seconds/batch
2026-04-20 08:07:56,511 - Epoch 30, Batch 900, lr = 0.00004, final_loss = 3.7009, nll_loss = 3.5959, ref_nll_loss = 3.8060, ivc_loss = 0.0939, neg_loss_1 = 0.0122, neg_loss_2 = 0.0079, ref_loss = 0.0198, div_loss = 0.0108, 0.722 seconds/batch
2026-04-20 08:08:36,356 - Epoch 30, Batch 950, lr = 0.00004, final_loss = 3.7031, nll_loss = 3.6021, ref_nll_loss = 3.8042, ivc_loss = 0.0960, neg_loss_1 = 0.0121, neg_loss_2 = 0.0082, ref_loss = 0.0211, div_loss = 0.0109, 0.726 seconds/batch
2026-04-20 08:09:16,373 - Epoch 30, Batch 1000, lr = 0.00004, final_loss = 3.7030, nll_loss = 3.5994, ref_nll_loss = 3.8066, ivc_loss = 0.1027, neg_loss_1 = 0.0164, neg_loss_2 = 0.0104, ref_loss = 0.0214, div_loss = 0.0109, 0.729 seconds/batch
2026-04-20 08:09:56,278 - Epoch 30, Batch 1050, lr = 0.00004, final_loss = 3.7141, nll_loss = 3.6095, ref_nll_loss = 3.8186, ivc_loss = 0.0982, neg_loss_1 = 0.0128, neg_loss_2 = 0.0089, ref_loss = 0.0211, div_loss = 0.0111, 0.733 seconds/batch
2026-04-20 08:10:36,297 - Epoch 30, Batch 1100, lr = 0.00004, final_loss = 3.6653, nll_loss = 3.5621, ref_nll_loss = 3.7686, ivc_loss = 0.0928, neg_loss_1 = 0.0115, neg_loss_2 = 0.0074, ref_loss = 0.0202, div_loss = 0.0107, 0.736 seconds/batch
2026-04-20 08:11:16,256 - Epoch 30, Batch 1150, lr = 0.00004, final_loss = 3.6953, nll_loss = 3.5904, ref_nll_loss = 3.8002, ivc_loss = 0.0930, neg_loss_1 = 0.0131, neg_loss_2 = 0.0076, ref_loss = 0.0190, div_loss = 0.0107, 0.738 seconds/batch
2026-04-20 08:11:32,012 - Epoch 30, Batch 1170, lr = 0.00004, final_loss = 3.6739, nll_loss = 3.5697, ref_nll_loss = 3.7782, ivc_loss = 0.0952, neg_loss_1 = 0.0122, neg_loss_2 = 0.0088, ref_loss = 0.0215, div_loss = 0.0105, 0.739 seconds/batch
2026-04-20 08:11:32,086 - save model to checkpoints/activitynet_moe/cpl_moe/model-30.pt, num_updates 35100.
2026-04-20 08:15:21,193 - | R@1,mIoU 0.3120 | R@1,IoU@0.1 0.6770 | R@1,IoU@0.3 0.5042 | R@1,IoU@0.5 0.2499 | R@1,IoU@0.7 0.1068 | R@1,IoU@0.9 0.0171 | R@5,mIoU 0.5258 | R@5,IoU@0.1 0.9166 | R@5,IoU@0.3 0.7752 | R@5,IoU@0.5 0.5371 | R@5,IoU@0.7 0.3230 | R@5,IoU@0.9 0.0763 |
2026-04-20 08:15:21,193 - ============================================================
2026-04-20 08:15:21,193 - Best results:
2026-04-20 08:15:21,193 - | R@1,mIoU 0.3417 | R@1,IoU@0.1 0.7613 | R@1,IoU@0.3 0.5661 | R@1,IoU@0.5 0.2684 | R@1,IoU@0.7 0.0987 | R@1,IoU@0.9 0.0168 | R@5,mIoU 0.5252 | R@5,IoU@0.1 0.9189 | R@5,IoU@0.3 0.7803 | R@5,IoU@0.5 0.5399 | R@5,IoU@0.7 0.3191 | R@5,IoU@0.9 0.0746 |
