2026-04-19 11:38:42,358 - {'dataset': {'dataset': 'ActivityNet', 'feature_path': '/data/chenyuan/videogrounding/cpl-main/data/activitynet/sub_activitynet_v1-3.c3d.hdf5', 'vocab_size': 1111, 'word_dim': 300, 'frame_dim': 500, 'max_num_words': 40, 'max_num_frames': 200, 'target_stride': 1, 'train_data': 'data/activitynet/train_data.json', 'test_data': 'data/activitynet/test_data.json', 'val_data': 'data/activitynet/val_data.json', 'vocab_path': 'data/activitynet/glove.pkl'}, 'train': {'optimizer': {'lr': 0.0004, 'weight_decay': 0, 'warmup_updates': 400, 'warmup_init_lr': 1e-07}, 'batch_size': 32, 'max_num_epochs': 30, 'model_saved_path': 'checkpoints/activitynet_moe/cpl_moe'}, 'model': {'name': 'CPL_MoE', 'source': 'models', 'config': {'frames_input_size': 500, 'words_input_size': 300, 'hidden_size': 256, 'use_negative': True, 'num_props': 8, 'sigma': 9, 'gamma': 0.5, 'dropout': 0.1, 'DualTransformer': {'d_model': 256, 'num_heads': 4, 'num_decoder_layers1': 3, 'num_decoder_layers2': 3, 'dropout': 0.1}, 'MoE': {'use_moe': True, 'use_simple_moe': False, 'num_experts': 8, 'num_shared_experts': 2, 'top_k': 2, 'use_load_balance_loss': True, 'load_balance_weight': 0.01, 'use_2layer_gate': True}}}, 'loss': {'margin_1': 0.1, 'margin_2': 0.2, 'lambda': 0.119, 'alpha_1': 1, 'alpha_2': 5, 'use_width_reg': False, 'width_lambda': 0.05}, 'vote': True}
2026-04-19 11:38:42,688 - train: 37421 samples, test: 17031 samples
2026-04-19 11:38:43,353 - Start Epoch 1
2026-04-19 11:38:55,656 - Epoch 1, Batch 50, lr = 0.00005, final_loss = 6.8850, nll_loss = 6.8428, ref_nll_loss = 6.9272, ivc_loss = 1.3146, neg_loss_1 = 0.1102, neg_loss_2 = 0.1074, ref_loss = 0.0421, div_loss = 0.2110, 0.246 seconds/batch
2026-04-19 11:39:06,978 - Epoch 1, Batch 100, lr = 0.00010, final_loss = 6.0575, nll_loss = 6.0189, ref_nll_loss = 6.0962, ivc_loss = 0.3220, neg_loss_1 = 0.0677, neg_loss_2 = 0.0676, ref_loss = 0.0403, div_loss = 0.0293, 0.236 seconds/batch
2026-04-19 11:39:18,838 - Epoch 1, Batch 150, lr = 0.00015, final_loss = 5.6441, nll_loss = 5.6039, ref_nll_loss = 5.6844, ivc_loss = 0.2360, neg_loss_1 = 0.0692, neg_loss_2 = 0.0628, ref_loss = 0.0400, div_loss = 0.0128, 0.237 seconds/batch
2026-04-19 11:39:38,938 - Epoch 1, Batch 200, lr = 0.00020, final_loss = 5.4299, nll_loss = 5.3874, ref_nll_loss = 5.4724, ivc_loss = 0.2016, neg_loss_1 = 0.0607, neg_loss_2 = 0.0599, ref_loss = 0.0381, div_loss = 0.0086, 0.278 seconds/batch
2026-04-19 11:40:09,533 - Epoch 1, Batch 250, lr = 0.00025, final_loss = 5.3294, nll_loss = 5.2824, ref_nll_loss = 5.3763, ivc_loss = 0.1927, neg_loss_1 = 0.0601, neg_loss_2 = 0.0530, ref_loss = 0.0356, div_loss = 0.0088, 0.345 seconds/batch
2026-04-19 11:40:48,866 - Epoch 1, Batch 300, lr = 0.00030, final_loss = 5.2620, nll_loss = 5.2103, ref_nll_loss = 5.3137, ivc_loss = 0.1797, neg_loss_1 = 0.0519, neg_loss_2 = 0.0505, ref_loss = 0.0347, div_loss = 0.0085, 0.418 seconds/batch
2026-04-19 11:41:28,307 - Epoch 1, Batch 350, lr = 0.00035, final_loss = 5.1687, nll_loss = 5.1171, ref_nll_loss = 5.2203, ivc_loss = 0.1793, neg_loss_1 = 0.0538, neg_loss_2 = 0.0518, ref_loss = 0.0335, div_loss = 0.0081, 0.471 seconds/batch
2026-04-19 11:42:07,854 - Epoch 1, Batch 400, lr = 0.00040, final_loss = 5.0840, nll_loss = 5.0288, ref_nll_loss = 5.1393, ivc_loss = 0.1660, neg_loss_1 = 0.0439, neg_loss_2 = 0.0441, ref_loss = 0.0324, div_loss = 0.0091, 0.511 seconds/batch
2026-04-19 11:42:47,492 - Epoch 1, Batch 450, lr = 0.00038, final_loss = 5.0608, nll_loss = 5.0068, ref_nll_loss = 5.1148, ivc_loss = 0.1623, neg_loss_1 = 0.0434, neg_loss_2 = 0.0431, ref_loss = 0.0343, div_loss = 0.0083, 0.543 seconds/batch
2026-04-19 11:43:26,701 - Epoch 1, Batch 500, lr = 0.00036, final_loss = 4.9570, nll_loss = 4.9033, ref_nll_loss = 5.0107, ivc_loss = 0.1495, neg_loss_1 = 0.0380, neg_loss_2 = 0.0389, ref_loss = 0.0363, div_loss = 0.0072, 0.567 seconds/batch
2026-04-19 11:44:06,575 - Epoch 1, Batch 550, lr = 0.00034, final_loss = 4.8759, nll_loss = 4.8201, ref_nll_loss = 4.9318, ivc_loss = 0.1384, neg_loss_1 = 0.0319, neg_loss_2 = 0.0341, ref_loss = 0.0341, div_loss = 0.0077, 0.588 seconds/batch
2026-04-19 11:44:46,254 - Epoch 1, Batch 600, lr = 0.00033, final_loss = 4.8532, nll_loss = 4.7970, ref_nll_loss = 4.9093, ivc_loss = 0.1303, neg_loss_1 = 0.0280, neg_loss_2 = 0.0312, ref_loss = 0.0351, div_loss = 0.0072, 0.605 seconds/batch
2026-04-19 11:45:26,040 - Epoch 1, Batch 650, lr = 0.00031, final_loss = 4.8106, nll_loss = 4.7528, ref_nll_loss = 4.8684, ivc_loss = 0.1157, neg_loss_1 = 0.0209, neg_loss_2 = 0.0208, ref_loss = 0.0382, div_loss = 0.0072, 0.620 seconds/batch
2026-04-19 11:46:05,710 - Epoch 1, Batch 700, lr = 0.00030, final_loss = 4.7583, nll_loss = 4.6983, ref_nll_loss = 4.8182, ivc_loss = 0.1009, neg_loss_1 = 0.0154, neg_loss_2 = 0.0164, ref_loss = 0.0342, div_loss = 0.0070, 0.632 seconds/batch
2026-04-19 11:46:45,616 - Epoch 1, Batch 750, lr = 0.00029, final_loss = 4.7571, nll_loss = 4.7021, ref_nll_loss = 4.8121, ivc_loss = 0.1065, neg_loss_1 = 0.0156, neg_loss_2 = 0.0185, ref_loss = 0.0374, div_loss = 0.0070, 0.643 seconds/batch
2026-04-19 11:47:25,305 - Epoch 1, Batch 800, lr = 0.00028, final_loss = 4.6946, nll_loss = 4.6373, ref_nll_loss = 4.7520, ivc_loss = 0.0967, neg_loss_1 = 0.0113, neg_loss_2 = 0.0143, ref_loss = 0.0356, div_loss = 0.0071, 0.652 seconds/batch
2026-04-19 11:48:05,175 - Epoch 1, Batch 850, lr = 0.00027, final_loss = 4.7007, nll_loss = 4.6441, ref_nll_loss = 4.7572, ivc_loss = 0.0937, neg_loss_1 = 0.0100, neg_loss_2 = 0.0121, ref_loss = 0.0362, div_loss = 0.0071, 0.661 seconds/batch
2026-04-19 11:48:44,908 - Epoch 1, Batch 900, lr = 0.00027, final_loss = 4.6689, nll_loss = 4.6096, ref_nll_loss = 4.7281, ivc_loss = 0.0871, neg_loss_1 = 0.0081, neg_loss_2 = 0.0094, ref_loss = 0.0361, div_loss = 0.0067, 0.668 seconds/batch
2026-04-19 11:49:24,855 - Epoch 1, Batch 950, lr = 0.00026, final_loss = 4.6644, nll_loss = 4.6056, ref_nll_loss = 4.7232, ivc_loss = 0.0907, neg_loss_1 = 0.0072, neg_loss_2 = 0.0116, ref_loss = 0.0348, div_loss = 0.0074, 0.675 seconds/batch
2026-04-19 11:50:04,486 - Epoch 1, Batch 1000, lr = 0.00025, final_loss = 4.6283, nll_loss = 4.5681, ref_nll_loss = 4.6884, ivc_loss = 0.0844, neg_loss_1 = 0.0071, neg_loss_2 = 0.0094, ref_loss = 0.0346, div_loss = 0.0067, 0.681 seconds/batch
2026-04-19 11:50:43,817 - Epoch 1, Batch 1050, lr = 0.00025, final_loss = 4.6221, nll_loss = 4.5610, ref_nll_loss = 4.6832, ivc_loss = 0.0753, neg_loss_1 = 0.0049, neg_loss_2 = 0.0051, ref_loss = 0.0322, div_loss = 0.0066, 0.686 seconds/batch
2026-04-19 11:51:23,525 - Epoch 1, Batch 1100, lr = 0.00024, final_loss = 4.5658, nll_loss = 4.5042, ref_nll_loss = 4.6274, ivc_loss = 0.0774, neg_loss_1 = 0.0053, neg_loss_2 = 0.0058, ref_loss = 0.0328, div_loss = 0.0067, 0.691 seconds/batch
2026-04-19 11:52:03,266 - Epoch 1, Batch 1150, lr = 0.00024, final_loss = 4.5587, nll_loss = 4.4974, ref_nll_loss = 4.6201, ivc_loss = 0.0772, neg_loss_1 = 0.0046, neg_loss_2 = 0.0069, ref_loss = 0.0333, div_loss = 0.0065, 0.696 seconds/batch
2026-04-19 11:52:19,067 - Epoch 1, Batch 1170, lr = 0.00023, final_loss = 4.5348, nll_loss = 4.4767, ref_nll_loss = 4.5929, ivc_loss = 0.0829, neg_loss_1 = 0.0041, neg_loss_2 = 0.0085, ref_loss = 0.0377, div_loss = 0.0065, 0.697 seconds/batch
2026-04-19 11:52:19,140 - save model to checkpoints/activitynet_moe/cpl_moe/model-1.pt, num_updates 1170.
2026-04-19 11:56:11,113 - | R@1,mIoU 0.2310 | R@1,IoU@0.1 0.5412 | R@1,IoU@0.3 0.3928 | R@1,IoU@0.5 0.1548 | R@1,IoU@0.7 0.0442 | R@1,IoU@0.9 0.0042 | R@5,mIoU 0.5216 | R@5,IoU@0.1 0.9183 | R@5,IoU@0.3 0.7806 | R@5,IoU@0.5 0.5272 | R@5,IoU@0.7 0.3083 | R@5,IoU@0.9 0.0694 |
2026-04-19 11:56:11,197 - Best results have been updated.
2026-04-19 11:56:11,198 - ============================================================
2026-04-19 11:56:11,198 - Start Epoch 2
2026-04-19 11:56:33,080 - Epoch 2, Batch 50, lr = 0.00023, final_loss = 4.5184, nll_loss = 4.4592, ref_nll_loss = 4.5776, ivc_loss = 0.0900, neg_loss_1 = 0.0097, neg_loss_2 = 0.0103, ref_loss = 0.0354, div_loss = 0.0069, 0.438 seconds/batch
2026-04-19 11:56:54,603 - Epoch 2, Batch 100, lr = 0.00022, final_loss = 4.5223, nll_loss = 4.4601, ref_nll_loss = 4.5844, ivc_loss = 0.0814, neg_loss_1 = 0.0067, neg_loss_2 = 0.0094, ref_loss = 0.0326, div_loss = 0.0065, 0.434 seconds/batch
2026-04-19 11:57:16,488 - Epoch 2, Batch 150, lr = 0.00022, final_loss = 4.5367, nll_loss = 4.4754, ref_nll_loss = 4.5981, ivc_loss = 0.0827, neg_loss_1 = 0.0082, neg_loss_2 = 0.0084, ref_loss = 0.0332, div_loss = 0.0066, 0.435 seconds/batch
2026-04-19 11:57:43,128 - Epoch 2, Batch 200, lr = 0.00022, final_loss = 4.4888, nll_loss = 4.4277, ref_nll_loss = 4.5499, ivc_loss = 0.0835, neg_loss_1 = 0.0060, neg_loss_2 = 0.0083, ref_loss = 0.0346, div_loss = 0.0069, 0.460 seconds/batch
2026-04-19 11:58:16,114 - Epoch 2, Batch 250, lr = 0.00021, final_loss = 4.4900, nll_loss = 4.4259, ref_nll_loss = 4.5541, ivc_loss = 0.0801, neg_loss_1 = 0.0059, neg_loss_2 = 0.0082, ref_loss = 0.0326, div_loss = 0.0067, 0.500 seconds/batch
2026-04-19 11:58:55,689 - Epoch 2, Batch 300, lr = 0.00021, final_loss = 4.4783, nll_loss = 4.4153, ref_nll_loss = 4.5412, ivc_loss = 0.0795, neg_loss_1 = 0.0068, neg_loss_2 = 0.0069, ref_loss = 0.0320, div_loss = 0.0068, 0.548 seconds/batch
2026-04-19 11:59:35,498 - Epoch 2, Batch 350, lr = 0.00021, final_loss = 4.4993, nll_loss = 4.4381, ref_nll_loss = 4.5605, ivc_loss = 0.0787, neg_loss_1 = 0.0061, neg_loss_2 = 0.0049, ref_loss = 0.0334, div_loss = 0.0069, 0.584 seconds/batch
2026-04-19 12:00:15,247 - Epoch 2, Batch 400, lr = 0.00020, final_loss = 4.4753, nll_loss = 4.4127, ref_nll_loss = 4.5379, ivc_loss = 0.0772, neg_loss_1 = 0.0055, neg_loss_2 = 0.0063, ref_loss = 0.0328, div_loss = 0.0065, 0.610 seconds/batch
2026-04-19 12:00:54,754 - Epoch 2, Batch 450, lr = 0.00020, final_loss = 4.4430, nll_loss = 4.3768, ref_nll_loss = 4.5091, ivc_loss = 0.0741, neg_loss_1 = 0.0056, neg_loss_2 = 0.0073, ref_loss = 0.0294, div_loss = 0.0064, 0.630 seconds/batch
2026-04-19 12:01:34,598 - Epoch 2, Batch 500, lr = 0.00020, final_loss = 4.4359, nll_loss = 4.3731, ref_nll_loss = 4.4987, ivc_loss = 0.0766, neg_loss_1 = 0.0063, neg_loss_2 = 0.0069, ref_loss = 0.0315, div_loss = 0.0064, 0.647 seconds/batch
2026-04-19 12:02:14,622 - Epoch 2, Batch 550, lr = 0.00019, final_loss = 4.4195, nll_loss = 4.3545, ref_nll_loss = 4.4846, ivc_loss = 0.0764, neg_loss_1 = 0.0056, neg_loss_2 = 0.0066, ref_loss = 0.0304, div_loss = 0.0068, 0.661 seconds/batch
2026-04-19 12:02:54,409 - Epoch 2, Batch 600, lr = 0.00019, final_loss = 4.4257, nll_loss = 4.3598, ref_nll_loss = 4.4917, ivc_loss = 0.0701, neg_loss_1 = 0.0031, neg_loss_2 = 0.0047, ref_loss = 0.0300, div_loss = 0.0065, 0.672 seconds/batch
2026-04-19 12:03:34,202 - Epoch 2, Batch 650, lr = 0.00019, final_loss = 4.4172, nll_loss = 4.3559, ref_nll_loss = 4.4784, ivc_loss = 0.0805, neg_loss_1 = 0.0072, neg_loss_2 = 0.0064, ref_loss = 0.0345, div_loss = 0.0065, 0.682 seconds/batch
2026-04-19 12:04:13,998 - Epoch 2, Batch 700, lr = 0.00018, final_loss = 4.4061, nll_loss = 4.3406, ref_nll_loss = 4.4716, ivc_loss = 0.0714, neg_loss_1 = 0.0045, neg_loss_2 = 0.0047, ref_loss = 0.0302, div_loss = 0.0064, 0.690 seconds/batch
2026-04-19 12:04:54,233 - Epoch 2, Batch 750, lr = 0.00018, final_loss = 4.3870, nll_loss = 4.3236, ref_nll_loss = 4.4504, ivc_loss = 0.0757, neg_loss_1 = 0.0051, neg_loss_2 = 0.0067, ref_loss = 0.0313, div_loss = 0.0065, 0.697 seconds/batch
2026-04-19 12:05:34,004 - Epoch 2, Batch 800, lr = 0.00018, final_loss = 4.3763, nll_loss = 4.3095, ref_nll_loss = 4.4432, ivc_loss = 0.0683, neg_loss_1 = 0.0041, neg_loss_2 = 0.0041, ref_loss = 0.0287, div_loss = 0.0063, 0.704 seconds/batch
2026-04-19 12:06:13,881 - Epoch 2, Batch 850, lr = 0.00018, final_loss = 4.3981, nll_loss = 4.3327, ref_nll_loss = 4.4636, ivc_loss = 0.0703, neg_loss_1 = 0.0029, neg_loss_2 = 0.0060, ref_loss = 0.0289, div_loss = 0.0065, 0.709 seconds/batch
2026-04-19 12:06:53,839 - Epoch 2, Batch 900, lr = 0.00018, final_loss = 4.3851, nll_loss = 4.3190, ref_nll_loss = 4.4512, ivc_loss = 0.0726, neg_loss_1 = 0.0050, neg_loss_2 = 0.0049, ref_loss = 0.0307, div_loss = 0.0064, 0.714 seconds/batch
2026-04-19 12:07:33,892 - Epoch 2, Batch 950, lr = 0.00017, final_loss = 4.3803, nll_loss = 4.3163, ref_nll_loss = 4.4444, ivc_loss = 0.0768, neg_loss_1 = 0.0062, neg_loss_2 = 0.0064, ref_loss = 0.0307, div_loss = 0.0067, 0.719 seconds/batch
2026-04-19 12:08:13,871 - Epoch 2, Batch 1000, lr = 0.00017, final_loss = 4.3466, nll_loss = 4.2782, ref_nll_loss = 4.4150, ivc_loss = 0.0702, neg_loss_1 = 0.0053, neg_loss_2 = 0.0039, ref_loss = 0.0283, div_loss = 0.0065, 0.723 seconds/batch
2026-04-19 12:08:53,699 - Epoch 2, Batch 1050, lr = 0.00017, final_loss = 4.3896, nll_loss = 4.3232, ref_nll_loss = 4.4560, ivc_loss = 0.0695, neg_loss_1 = 0.0038, neg_loss_2 = 0.0050, ref_loss = 0.0285, div_loss = 0.0064, 0.726 seconds/batch
2026-04-19 12:09:33,831 - Epoch 2, Batch 1100, lr = 0.00017, final_loss = 4.3536, nll_loss = 4.2882, ref_nll_loss = 4.4190, ivc_loss = 0.0704, neg_loss_1 = 0.0031, neg_loss_2 = 0.0055, ref_loss = 0.0288, div_loss = 0.0066, 0.730 seconds/batch
2026-04-19 12:10:13,691 - Epoch 2, Batch 1150, lr = 0.00017, final_loss = 4.3489, nll_loss = 4.2836, ref_nll_loss = 4.4143, ivc_loss = 0.0721, neg_loss_1 = 0.0037, neg_loss_2 = 0.0056, ref_loss = 0.0309, div_loss = 0.0064, 0.733 seconds/batch
2026-04-19 12:10:29,390 - Epoch 2, Batch 1170, lr = 0.00017, final_loss = 4.3655, nll_loss = 4.2988, ref_nll_loss = 4.4321, ivc_loss = 0.0715, neg_loss_1 = 0.0045, neg_loss_2 = 0.0028, ref_loss = 0.0317, div_loss = 0.0065, 0.733 seconds/batch
2026-04-19 12:10:29,461 - save model to checkpoints/activitynet_moe/cpl_moe/model-2.pt, num_updates 2340.
2026-04-19 12:14:24,064 - | R@1,mIoU 0.2417 | R@1,IoU@0.1 0.5664 | R@1,IoU@0.3 0.4058 | R@1,IoU@0.5 0.1659 | R@1,IoU@0.7 0.0470 | R@1,IoU@0.9 0.0052 | R@5,mIoU 0.5237 | R@5,IoU@0.1 0.9203 | R@5,IoU@0.3 0.7803 | R@5,IoU@0.5 0.5262 | R@5,IoU@0.7 0.3134 | R@5,IoU@0.9 0.0714 |
2026-04-19 12:14:24,154 - Best results have been updated.
2026-04-19 12:14:24,155 - ============================================================
2026-04-19 12:14:24,155 - Start Epoch 3
2026-04-19 12:14:45,964 - Epoch 3, Batch 50, lr = 0.00016, final_loss = 4.3104, nll_loss = 4.2437, ref_nll_loss = 4.3771, ivc_loss = 0.0759, neg_loss_1 = 0.0061, neg_loss_2 = 0.0069, ref_loss = 0.0314, div_loss = 0.0063, 0.436 seconds/batch
2026-04-19 12:15:07,725 - Epoch 3, Batch 100, lr = 0.00016, final_loss = 4.3177, nll_loss = 4.2550, ref_nll_loss = 4.3804, ivc_loss = 0.0777, neg_loss_1 = 0.0057, neg_loss_2 = 0.0068, ref_loss = 0.0312, div_loss = 0.0068, 0.436 seconds/batch
2026-04-19 12:15:29,445 - Epoch 3, Batch 150, lr = 0.00016, final_loss = 4.3224, nll_loss = 4.2583, ref_nll_loss = 4.3864, ivc_loss = 0.0775, neg_loss_1 = 0.0067, neg_loss_2 = 0.0080, ref_loss = 0.0316, div_loss = 0.0063, 0.435 seconds/batch
2026-04-19 12:15:54,880 - Epoch 3, Batch 200, lr = 0.00016, final_loss = 4.2922, nll_loss = 4.2260, ref_nll_loss = 4.3585, ivc_loss = 0.0787, neg_loss_1 = 0.0065, neg_loss_2 = 0.0072, ref_loss = 0.0313, div_loss = 0.0067, 0.454 seconds/batch
2026-04-19 12:16:27,021 - Epoch 3, Batch 250, lr = 0.00016, final_loss = 4.3048, nll_loss = 4.2339, ref_nll_loss = 4.3758, ivc_loss = 0.0716, neg_loss_1 = 0.0050, neg_loss_2 = 0.0059, ref_loss = 0.0283, div_loss = 0.0065, 0.491 seconds/batch
2026-04-19 12:17:06,900 - Epoch 3, Batch 300, lr = 0.00016, final_loss = 4.3161, nll_loss = 4.2503, ref_nll_loss = 4.3820, ivc_loss = 0.0784, neg_loss_1 = 0.0059, neg_loss_2 = 0.0064, ref_loss = 0.0316, div_loss = 0.0069, 0.542 seconds/batch
2026-04-19 12:17:46,443 - Epoch 3, Batch 350, lr = 0.00015, final_loss = 4.3130, nll_loss = 4.2462, ref_nll_loss = 4.3798, ivc_loss = 0.0744, neg_loss_1 = 0.0054, neg_loss_2 = 0.0049, ref_loss = 0.0307, div_loss = 0.0067, 0.578 seconds/batch
2026-04-19 12:18:25,532 - Epoch 3, Batch 400, lr = 0.00015, final_loss = 4.2688, nll_loss = 4.2029, ref_nll_loss = 4.3348, ivc_loss = 0.0766, neg_loss_1 = 0.0051, neg_loss_2 = 0.0072, ref_loss = 0.0312, div_loss = 0.0066, 0.603 seconds/batch
2026-04-19 12:19:05,241 - Epoch 3, Batch 450, lr = 0.00015, final_loss = 4.2602, nll_loss = 4.1922, ref_nll_loss = 4.3283, ivc_loss = 0.0775, neg_loss_1 = 0.0078, neg_loss_2 = 0.0079, ref_loss = 0.0294, div_loss = 0.0065, 0.625 seconds/batch
2026-04-19 12:19:44,979 - Epoch 3, Batch 500, lr = 0.00015, final_loss = 4.3016, nll_loss = 4.2328, ref_nll_loss = 4.3703, ivc_loss = 0.0732, neg_loss_1 = 0.0056, neg_loss_2 = 0.0062, ref_loss = 0.0287, div_loss = 0.0065, 0.642 seconds/batch
2026-04-19 12:20:24,680 - Epoch 3, Batch 550, lr = 0.00015, final_loss = 4.3104, nll_loss = 4.2425, ref_nll_loss = 4.3783, ivc_loss = 0.0730, neg_loss_1 = 0.0055, neg_loss_2 = 0.0048, ref_loss = 0.0297, div_loss = 0.0066, 0.655 seconds/batch
2026-04-19 12:21:04,365 - Epoch 3, Batch 600, lr = 0.00015, final_loss = 4.2806, nll_loss = 4.2135, ref_nll_loss = 4.3476, ivc_loss = 0.0771, neg_loss_1 = 0.0063, neg_loss_2 = 0.0052, ref_loss = 0.0322, div_loss = 0.0067, 0.667 seconds/batch
2026-04-19 12:21:43,727 - Epoch 3, Batch 650, lr = 0.00015, final_loss = 4.2633, nll_loss = 4.1978, ref_nll_loss = 4.3288, ivc_loss = 0.0800, neg_loss_1 = 0.0060, neg_loss_2 = 0.0076, ref_loss = 0.0325, div_loss = 0.0068, 0.676 seconds/batch
2026-04-19 12:22:23,689 - Epoch 3, Batch 700, lr = 0.00015, final_loss = 4.2798, nll_loss = 4.2082, ref_nll_loss = 4.3513, ivc_loss = 0.0738, neg_loss_1 = 0.0058, neg_loss_2 = 0.0070, ref_loss = 0.0278, div_loss = 0.0066, 0.685 seconds/batch
2026-04-19 12:23:03,694 - Epoch 3, Batch 750, lr = 0.00014, final_loss = 4.3036, nll_loss = 4.2335, ref_nll_loss = 4.3736, ivc_loss = 0.0742, neg_loss_1 = 0.0050, neg_loss_2 = 0.0079, ref_loss = 0.0283, div_loss = 0.0066, 0.693 seconds/batch
2026-04-19 12:23:43,532 - Epoch 3, Batch 800, lr = 0.00014, final_loss = 4.2492, nll_loss = 4.1802, ref_nll_loss = 4.3182, ivc_loss = 0.0765, neg_loss_1 = 0.0058, neg_loss_2 = 0.0063, ref_loss = 0.0315, div_loss = 0.0066, 0.699 seconds/batch
2026-04-19 12:24:23,372 - Epoch 3, Batch 850, lr = 0.00014, final_loss = 4.2486, nll_loss = 4.1789, ref_nll_loss = 4.3183, ivc_loss = 0.0752, neg_loss_1 = 0.0062, neg_loss_2 = 0.0077, ref_loss = 0.0284, div_loss = 0.0066, 0.705 seconds/batch
2026-04-19 12:25:03,561 - Epoch 3, Batch 900, lr = 0.00014, final_loss = 4.2720, nll_loss = 4.2034, ref_nll_loss = 4.3406, ivc_loss = 0.0722, neg_loss_1 = 0.0042, neg_loss_2 = 0.0051, ref_loss = 0.0290, div_loss = 0.0068, 0.710 seconds/batch
2026-04-19 12:25:43,572 - Epoch 3, Batch 950, lr = 0.00014, final_loss = 4.2653, nll_loss = 4.1981, ref_nll_loss = 4.3325, ivc_loss = 0.0750, neg_loss_1 = 0.0051, neg_loss_2 = 0.0069, ref_loss = 0.0304, div_loss = 0.0065, 0.715 seconds/batch
2026-04-19 12:26:23,631 - Epoch 3, Batch 1000, lr = 0.00014, final_loss = 4.2367, nll_loss = 4.1711, ref_nll_loss = 4.3023, ivc_loss = 0.0790, neg_loss_1 = 0.0061, neg_loss_2 = 0.0061, ref_loss = 0.0324, div_loss = 0.0069, 0.719 seconds/batch
2026-04-19 12:27:03,619 - Epoch 3, Batch 1050, lr = 0.00014, final_loss = 4.2337, nll_loss = 4.1664, ref_nll_loss = 4.3011, ivc_loss = 0.0757, neg_loss_1 = 0.0044, neg_loss_2 = 0.0068, ref_loss = 0.0310, div_loss = 0.0067, 0.723 seconds/batch
2026-04-19 12:27:43,813 - Epoch 3, Batch 1100, lr = 0.00014, final_loss = 4.2469, nll_loss = 4.1773, ref_nll_loss = 4.3164, ivc_loss = 0.0721, neg_loss_1 = 0.0036, neg_loss_2 = 0.0048, ref_loss = 0.0299, div_loss = 0.0068, 0.727 seconds/batch
2026-04-19 12:28:23,505 - Epoch 3, Batch 1150, lr = 0.00014, final_loss = 4.2533, nll_loss = 4.1832, ref_nll_loss = 4.3234, ivc_loss = 0.0723, neg_loss_1 = 0.0044, neg_loss_2 = 0.0056, ref_loss = 0.0293, div_loss = 0.0066, 0.730 seconds/batch
2026-04-19 12:28:39,348 - Epoch 3, Batch 1170, lr = 0.00014, final_loss = 4.2420, nll_loss = 4.1726, ref_nll_loss = 4.3114, ivc_loss = 0.0735, neg_loss_1 = 0.0031, neg_loss_2 = 0.0071, ref_loss = 0.0315, div_loss = 0.0064, 0.731 seconds/batch
2026-04-19 12:28:39,418 - save model to checkpoints/activitynet_moe/cpl_moe/model-3.pt, num_updates 3510.
2026-04-19 12:32:35,740 - | R@1,mIoU 0.2569 | R@1,IoU@0.1 0.6215 | R@1,IoU@0.3 0.4374 | R@1,IoU@0.5 0.1652 | R@1,IoU@0.7 0.0440 | R@1,IoU@0.9 0.0022 | R@5,mIoU 0.5256 | R@5,IoU@0.1 0.9224 | R@5,IoU@0.3 0.7818 | R@5,IoU@0.5 0.5298 | R@5,IoU@0.7 0.3182 | R@5,IoU@0.9 0.0732 |
2026-04-19 12:32:35,830 - Best results have been updated.
2026-04-19 12:32:35,830 - ============================================================
2026-04-19 12:32:35,830 - Start Epoch 4
2026-04-19 12:32:57,991 - Epoch 4, Batch 50, lr = 0.00013, final_loss = 4.1924, nll_loss = 4.1230, ref_nll_loss = 4.2618, ivc_loss = 0.0826, neg_loss_1 = 0.0079, neg_loss_2 = 0.0129, ref_loss = 0.0282, div_loss = 0.0067, 0.443 seconds/batch
2026-04-19 12:33:19,796 - Epoch 4, Batch 100, lr = 0.00013, final_loss = 4.1863, nll_loss = 4.1156, ref_nll_loss = 4.2570, ivc_loss = 0.0849, neg_loss_1 = 0.0081, neg_loss_2 = 0.0126, ref_loss = 0.0305, div_loss = 0.0067, 0.440 seconds/batch
2026-04-19 12:33:41,866 - Epoch 4, Batch 150, lr = 0.00013, final_loss = 4.2226, nll_loss = 4.1527, ref_nll_loss = 4.2924, ivc_loss = 0.0784, neg_loss_1 = 0.0084, neg_loss_2 = 0.0080, ref_loss = 0.0282, div_loss = 0.0068, 0.440 seconds/batch
2026-04-19 12:34:06,722 - Epoch 4, Batch 200, lr = 0.00013, final_loss = 4.2240, nll_loss = 4.1581, ref_nll_loss = 4.2900, ivc_loss = 0.0862, neg_loss_1 = 0.0094, neg_loss_2 = 0.0110, ref_loss = 0.0325, div_loss = 0.0067, 0.454 seconds/batch
2026-04-19 12:34:38,584 - Epoch 4, Batch 250, lr = 0.00013, final_loss = 4.1837, nll_loss = 4.1136, ref_nll_loss = 4.2539, ivc_loss = 0.0802, neg_loss_1 = 0.0087, neg_loss_2 = 0.0094, ref_loss = 0.0297, div_loss = 0.0065, 0.491 seconds/batch
2026-04-19 12:35:18,530 - Epoch 4, Batch 300, lr = 0.00013, final_loss = 4.2218, nll_loss = 4.1553, ref_nll_loss = 4.2883, ivc_loss = 0.0810, neg_loss_1 = 0.0081, neg_loss_2 = 0.0075, ref_loss = 0.0322, div_loss = 0.0067, 0.542 seconds/batch
2026-04-19 12:35:58,709 - Epoch 4, Batch 350, lr = 0.00013, final_loss = 4.2132, nll_loss = 4.1452, ref_nll_loss = 4.2813, ivc_loss = 0.0791, neg_loss_1 = 0.0075, neg_loss_2 = 0.0090, ref_loss = 0.0293, div_loss = 0.0066, 0.580 seconds/batch
2026-04-19 12:36:38,664 - Epoch 4, Batch 400, lr = 0.00013, final_loss = 4.1905, nll_loss = 4.1225, ref_nll_loss = 4.2585, ivc_loss = 0.0753, neg_loss_1 = 0.0061, neg_loss_2 = 0.0062, ref_loss = 0.0311, div_loss = 0.0064, 0.607 seconds/batch
2026-04-19 12:37:18,288 - Epoch 4, Batch 450, lr = 0.00013, final_loss = 4.1687, nll_loss = 4.0963, ref_nll_loss = 4.2411, ivc_loss = 0.0764, neg_loss_1 = 0.0056, neg_loss_2 = 0.0086, ref_loss = 0.0284, div_loss = 0.0067, 0.628 seconds/batch
2026-04-19 12:37:57,827 - Epoch 4, Batch 500, lr = 0.00013, final_loss = 4.1717, nll_loss = 4.1001, ref_nll_loss = 4.2432, ivc_loss = 0.0766, neg_loss_1 = 0.0064, neg_loss_2 = 0.0089, ref_loss = 0.0292, div_loss = 0.0064, 0.644 seconds/batch
2026-04-19 12:38:37,606 - Epoch 4, Batch 550, lr = 0.00013, final_loss = 4.2174, nll_loss = 4.1479, ref_nll_loss = 4.2870, ivc_loss = 0.0770, neg_loss_1 = 0.0070, neg_loss_2 = 0.0079, ref_loss = 0.0299, div_loss = 0.0064, 0.658 seconds/batch
2026-04-19 12:39:17,396 - Epoch 4, Batch 600, lr = 0.00012, final_loss = 4.2038, nll_loss = 4.1353, ref_nll_loss = 4.2723, ivc_loss = 0.0788, neg_loss_1 = 0.0070, neg_loss_2 = 0.0085, ref_loss = 0.0303, div_loss = 0.0066, 0.669 seconds/batch
2026-04-19 12:39:57,305 - Epoch 4, Batch 650, lr = 0.00012, final_loss = 4.2155, nll_loss = 4.1468, ref_nll_loss = 4.2843, ivc_loss = 0.0747, neg_loss_1 = 0.0053, neg_loss_2 = 0.0061, ref_loss = 0.0308, div_loss = 0.0065, 0.679 seconds/batch
2026-04-19 12:40:36,827 - Epoch 4, Batch 700, lr = 0.00012, final_loss = 4.1736, nll_loss = 4.1061, ref_nll_loss = 4.2412, ivc_loss = 0.0762, neg_loss_1 = 0.0060, neg_loss_2 = 0.0059, ref_loss = 0.0316, div_loss = 0.0065, 0.687 seconds/batch
2026-04-19 12:41:16,784 - Epoch 4, Batch 750, lr = 0.00012, final_loss = 4.2010, nll_loss = 4.1282, ref_nll_loss = 4.2737, ivc_loss = 0.0743, neg_loss_1 = 0.0064, neg_loss_2 = 0.0062, ref_loss = 0.0289, div_loss = 0.0065, 0.695 seconds/batch
2026-04-19 12:41:56,564 - Epoch 4, Batch 800, lr = 0.00012, final_loss = 4.1910, nll_loss = 4.1168, ref_nll_loss = 4.2651, ivc_loss = 0.0744, neg_loss_1 = 0.0062, neg_loss_2 = 0.0095, ref_loss = 0.0259, div_loss = 0.0066, 0.701 seconds/batch
2026-04-19 12:42:36,504 - Epoch 4, Batch 850, lr = 0.00012, final_loss = 4.2022, nll_loss = 4.1354, ref_nll_loss = 4.2690, ivc_loss = 0.0818, neg_loss_1 = 0.0086, neg_loss_2 = 0.0095, ref_loss = 0.0311, div_loss = 0.0065, 0.707 seconds/batch
2026-04-19 12:43:16,280 - Epoch 4, Batch 900, lr = 0.00012, final_loss = 4.1912, nll_loss = 4.1214, ref_nll_loss = 4.2609, ivc_loss = 0.0750, neg_loss_1 = 0.0057, neg_loss_2 = 0.0071, ref_loss = 0.0298, div_loss = 0.0065, 0.712 seconds/batch
2026-04-19 12:43:56,365 - Epoch 4, Batch 950, lr = 0.00012, final_loss = 4.1929, nll_loss = 4.1183, ref_nll_loss = 4.2675, ivc_loss = 0.0705, neg_loss_1 = 0.0041, neg_loss_2 = 0.0053, ref_loss = 0.0278, div_loss = 0.0067, 0.716 seconds/batch
2026-04-19 12:44:35,743 - Epoch 4, Batch 1000, lr = 0.00012, final_loss = 4.2031, nll_loss = 4.1341, ref_nll_loss = 4.2721, ivc_loss = 0.0752, neg_loss_1 = 0.0049, neg_loss_2 = 0.0064, ref_loss = 0.0296, div_loss = 0.0069, 0.720 seconds/batch
2026-04-19 12:45:15,273 - Epoch 4, Batch 1050, lr = 0.00012, final_loss = 4.2030, nll_loss = 4.1310, ref_nll_loss = 4.2750, ivc_loss = 0.0757, neg_loss_1 = 0.0061, neg_loss_2 = 0.0065, ref_loss = 0.0280, div_loss = 0.0070, 0.723 seconds/batch
2026-04-19 12:45:54,936 - Epoch 4, Batch 1100, lr = 0.00012, final_loss = 4.1876, nll_loss = 4.1161, ref_nll_loss = 4.2591, ivc_loss = 0.0749, neg_loss_1 = 0.0058, neg_loss_2 = 0.0045, ref_loss = 0.0289, div_loss = 0.0071, 0.726 seconds/batch
2026-04-19 12:46:34,524 - Epoch 4, Batch 1150, lr = 0.00012, final_loss = 4.1686, nll_loss = 4.0964, ref_nll_loss = 4.2407, ivc_loss = 0.0761, neg_loss_1 = 0.0069, neg_loss_2 = 0.0056, ref_loss = 0.0299, div_loss = 0.0067, 0.729 seconds/batch
2026-04-19 12:46:50,369 - Epoch 4, Batch 1170, lr = 0.00012, final_loss = 4.1889, nll_loss = 4.1154, ref_nll_loss = 4.2625, ivc_loss = 0.0707, neg_loss_1 = 0.0057, neg_loss_2 = 0.0042, ref_loss = 0.0273, div_loss = 0.0067, 0.730 seconds/batch
2026-04-19 12:46:50,448 - save model to checkpoints/activitynet_moe/cpl_moe/model-4.pt, num_updates 4680.
2026-04-19 12:50:48,534 - | R@1,mIoU 0.2642 | R@1,IoU@0.1 0.6306 | R@1,IoU@0.3 0.4343 | R@1,IoU@0.5 0.1869 | R@1,IoU@0.7 0.0529 | R@1,IoU@0.9 0.0041 | R@5,mIoU 0.5233 | R@5,IoU@0.1 0.9207 | R@5,IoU@0.3 0.7745 | R@5,IoU@0.5 0.5283 | R@5,IoU@0.7 0.3157 | R@5,IoU@0.9 0.0725 |
2026-04-19 12:50:48,614 - Best results have been updated.
2026-04-19 12:50:48,614 - ============================================================
2026-04-19 12:50:48,614 - Start Epoch 5
2026-04-19 12:51:10,546 - Epoch 5, Batch 50, lr = 0.00012, final_loss = 4.1376, nll_loss = 4.0651, ref_nll_loss = 4.2102, ivc_loss = 0.0766, neg_loss_1 = 0.0062, neg_loss_2 = 0.0071, ref_loss = 0.0276, div_loss = 0.0071, 0.439 seconds/batch
2026-04-19 12:51:32,425 - Epoch 5, Batch 100, lr = 0.00012, final_loss = 4.1290, nll_loss = 4.0579, ref_nll_loss = 4.2001, ivc_loss = 0.0762, neg_loss_1 = 0.0059, neg_loss_2 = 0.0080, ref_loss = 0.0283, div_loss = 0.0068, 0.438 seconds/batch
2026-04-19 12:51:54,573 - Epoch 5, Batch 150, lr = 0.00012, final_loss = 4.1314, nll_loss = 4.0589, ref_nll_loss = 4.2040, ivc_loss = 0.1149, neg_loss_1 = 0.0085, neg_loss_2 = 0.0086, ref_loss = 0.0294, div_loss = 0.0137, 0.440 seconds/batch
2026-04-19 12:52:18,360 - Epoch 5, Batch 200, lr = 0.00011, final_loss = 4.1425, nll_loss = 4.0735, ref_nll_loss = 4.2115, ivc_loss = 0.0829, neg_loss_1 = 0.0070, neg_loss_2 = 0.0095, ref_loss = 0.0303, div_loss = 0.0072, 0.449 seconds/batch
2026-04-19 12:52:50,069 - Epoch 5, Batch 250, lr = 0.00011, final_loss = 4.1449, nll_loss = 4.0702, ref_nll_loss = 4.2195, ivc_loss = 0.0794, neg_loss_1 = 0.0061, neg_loss_2 = 0.0082, ref_loss = 0.0278, div_loss = 0.0075, 0.486 seconds/batch
2026-04-19 12:53:30,052 - Epoch 5, Batch 300, lr = 0.00011, final_loss = 4.1517, nll_loss = 4.0846, ref_nll_loss = 4.2187, ivc_loss = 0.0778, neg_loss_1 = 0.0051, neg_loss_2 = 0.0069, ref_loss = 0.0310, div_loss = 0.0070, 0.538 seconds/batch
2026-04-19 12:54:09,883 - Epoch 5, Batch 350, lr = 0.00011, final_loss = 4.1772, nll_loss = 4.1079, ref_nll_loss = 4.2465, ivc_loss = 0.0806, neg_loss_1 = 0.0074, neg_loss_2 = 0.0074, ref_loss = 0.0309, div_loss = 0.0070, 0.575 seconds/batch
2026-04-19 12:54:49,965 - Epoch 5, Batch 400, lr = 0.00011, final_loss = 4.1467, nll_loss = 4.0755, ref_nll_loss = 4.2178, ivc_loss = 0.0808, neg_loss_1 = 0.0049, neg_loss_2 = 0.0075, ref_loss = 0.0300, div_loss = 0.0077, 0.603 seconds/batch
2026-04-19 12:55:29,682 - Epoch 5, Batch 450, lr = 0.00011, final_loss = 4.1479, nll_loss = 4.0770, ref_nll_loss = 4.2188, ivc_loss = 0.0803, neg_loss_1 = 0.0066, neg_loss_2 = 0.0079, ref_loss = 0.0295, div_loss = 0.0073, 0.625 seconds/batch
2026-04-19 12:56:09,309 - Epoch 5, Batch 500, lr = 0.00011, final_loss = 4.1235, nll_loss = 4.0515, ref_nll_loss = 4.1954, ivc_loss = 0.0814, neg_loss_1 = 0.0072, neg_loss_2 = 0.0079, ref_loss = 0.0308, div_loss = 0.0071, 0.641 seconds/batch
2026-04-19 12:56:49,262 - Epoch 5, Batch 550, lr = 0.00011, final_loss = 4.1439, nll_loss = 4.0737, ref_nll_loss = 4.2141, ivc_loss = 0.0815, neg_loss_1 = 0.0061, neg_loss_2 = 0.0083, ref_loss = 0.0298, div_loss = 0.0075, 0.656 seconds/batch
2026-04-19 12:57:28,786 - Epoch 5, Batch 600, lr = 0.00011, final_loss = 4.1629, nll_loss = 4.0891, ref_nll_loss = 4.2367, ivc_loss = 0.0850, neg_loss_1 = 0.0089, neg_loss_2 = 0.0102, ref_loss = 0.0273, div_loss = 0.0077, 0.667 seconds/batch
2026-04-19 12:58:08,509 - Epoch 5, Batch 650, lr = 0.00011, final_loss = 4.1563, nll_loss = 4.0810, ref_nll_loss = 4.2317, ivc_loss = 0.0827, neg_loss_1 = 0.0085, neg_loss_2 = 0.0095, ref_loss = 0.0277, div_loss = 0.0074, 0.677 seconds/batch
2026-04-19 12:58:48,705 - Epoch 5, Batch 700, lr = 0.00011, final_loss = 4.1479, nll_loss = 4.0735, ref_nll_loss = 4.2224, ivc_loss = 0.0771, neg_loss_1 = 0.0056, neg_loss_2 = 0.0069, ref_loss = 0.0290, div_loss = 0.0071, 0.686 seconds/batch
2026-04-19 12:59:28,468 - Epoch 5, Batch 750, lr = 0.00011, final_loss = 4.1075, nll_loss = 4.0346, ref_nll_loss = 4.1804, ivc_loss = 0.0781, neg_loss_1 = 0.0061, neg_loss_2 = 0.0061, ref_loss = 0.0297, div_loss = 0.0072, 0.693 seconds/batch
2026-04-19 13:00:08,120 - Epoch 5, Batch 800, lr = 0.00011, final_loss = 4.1366, nll_loss = 4.0599, ref_nll_loss = 4.2134, ivc_loss = 0.0798, neg_loss_1 = 0.0075, neg_loss_2 = 0.0111, ref_loss = 0.0242, div_loss = 0.0074, 0.699 seconds/batch
2026-04-19 13:00:48,068 - Epoch 5, Batch 850, lr = 0.00011, final_loss = 4.1405, nll_loss = 4.0671, ref_nll_loss = 4.2138, ivc_loss = 0.0757, neg_loss_1 = 0.0060, neg_loss_2 = 0.0066, ref_loss = 0.0284, div_loss = 0.0069, 0.705 seconds/batch
2026-04-19 13:01:28,079 - Epoch 5, Batch 900, lr = 0.00011, final_loss = 4.1272, nll_loss = 4.0543, ref_nll_loss = 4.2002, ivc_loss = 0.0781, neg_loss_1 = 0.0062, neg_loss_2 = 0.0071, ref_loss = 0.0305, div_loss = 0.0069, 0.711 seconds/batch
2026-04-19 13:02:08,177 - Epoch 5, Batch 950, lr = 0.00011, final_loss = 4.1102, nll_loss = 4.0342, ref_nll_loss = 4.1862, ivc_loss = 0.0829, neg_loss_1 = 0.0077, neg_loss_2 = 0.0110, ref_loss = 0.0277, div_loss = 0.0073, 0.715 seconds/batch
2026-04-19 13:02:47,907 - Epoch 5, Batch 1000, lr = 0.00011, final_loss = 4.1576, nll_loss = 4.0860, ref_nll_loss = 4.2292, ivc_loss = 0.0831, neg_loss_1 = 0.0063, neg_loss_2 = 0.0097, ref_loss = 0.0298, div_loss = 0.0075, 0.719 seconds/batch
2026-04-19 13:03:27,636 - Epoch 5, Batch 1050, lr = 0.00011, final_loss = 4.1466, nll_loss = 4.0737, ref_nll_loss = 4.2196, ivc_loss = 0.0767, neg_loss_1 = 0.0070, neg_loss_2 = 0.0079, ref_loss = 0.0271, div_loss = 0.0069, 0.723 seconds/batch
2026-04-19 13:04:07,112 - Epoch 5, Batch 1100, lr = 0.00011, final_loss = 4.1323, nll_loss = 4.0574, ref_nll_loss = 4.2072, ivc_loss = 0.0753, neg_loss_1 = 0.0063, neg_loss_2 = 0.0057, ref_loss = 0.0263, div_loss = 0.0074, 0.726 seconds/batch
2026-04-19 13:04:46,709 - Epoch 5, Batch 1150, lr = 0.00010, final_loss = 4.1064, nll_loss = 4.0351, ref_nll_loss = 4.1776, ivc_loss = 0.0817, neg_loss_1 = 0.0079, neg_loss_2 = 0.0077, ref_loss = 0.0286, div_loss = 0.0075, 0.729 seconds/batch
2026-04-19 13:05:02,589 - Epoch 5, Batch 1170, lr = 0.00010, final_loss = 4.1471, nll_loss = 4.0805, ref_nll_loss = 4.2136, ivc_loss = 0.0887, neg_loss_1 = 0.0097, neg_loss_2 = 0.0059, ref_loss = 0.0357, div_loss = 0.0075, 0.730 seconds/batch
2026-04-19 13:05:02,665 - save model to checkpoints/activitynet_moe/cpl_moe/model-5.pt, num_updates 5850.
2026-04-19 13:09:02,108 - | R@1,mIoU 0.2443 | R@1,IoU@0.1 0.5789 | R@1,IoU@0.3 0.4089 | R@1,IoU@0.5 0.1797 | R@1,IoU@0.7 0.0523 | R@1,IoU@0.9 0.0034 | R@5,mIoU 0.5225 | R@5,IoU@0.1 0.9247 | R@5,IoU@0.3 0.7792 | R@5,IoU@0.5 0.5296 | R@5,IoU@0.7 0.3080 | R@5,IoU@0.9 0.0666 |
2026-04-19 13:09:02,108 - ============================================================
2026-04-19 13:09:02,109 - Start Epoch 6
2026-04-19 13:09:24,263 - Epoch 6, Batch 50, lr = 0.00010, final_loss = 4.0823, nll_loss = 4.0102, ref_nll_loss = 4.1545, ivc_loss = 0.0818, neg_loss_1 = 0.0071, neg_loss_2 = 0.0077, ref_loss = 0.0293, div_loss = 0.0075, 0.443 seconds/batch
2026-04-19 13:09:45,915 - Epoch 6, Batch 100, lr = 0.00010, final_loss = 4.0857, nll_loss = 4.0126, ref_nll_loss = 4.1588, ivc_loss = 0.0863, neg_loss_1 = 0.0101, neg_loss_2 = 0.0089, ref_loss = 0.0275, div_loss = 0.0080, 0.438 seconds/batch
2026-04-19 13:10:07,644 - Epoch 6, Batch 150, lr = 0.00010, final_loss = 4.0937, nll_loss = 4.0196, ref_nll_loss = 4.1679, ivc_loss = 0.0846, neg_loss_1 = 0.0073, neg_loss_2 = 0.0108, ref_loss = 0.0296, div_loss = 0.0074, 0.437 seconds/batch
2026-04-19 13:10:30,429 - Epoch 6, Batch 200, lr = 0.00010, final_loss = 4.0991, nll_loss = 4.0233, ref_nll_loss = 4.1748, ivc_loss = 0.0858, neg_loss_1 = 0.0090, neg_loss_2 = 0.0119, ref_loss = 0.0292, div_loss = 0.0071, 0.442 seconds/batch
2026-04-19 13:11:01,120 - Epoch 6, Batch 250, lr = 0.00010, final_loss = 4.0896, nll_loss = 4.0140, ref_nll_loss = 4.1652, ivc_loss = 0.0816, neg_loss_1 = 0.0085, neg_loss_2 = 0.0082, ref_loss = 0.0274, div_loss = 0.0075, 0.476 seconds/batch
2026-04-19 13:11:40,752 - Epoch 6, Batch 300, lr = 0.00010, final_loss = 4.1056, nll_loss = 4.0327, ref_nll_loss = 4.1785, ivc_loss = 0.0835, neg_loss_1 = 0.0074, neg_loss_2 = 0.0083, ref_loss = 0.0303, div_loss = 0.0075, 0.529 seconds/batch
2026-04-19 13:12:20,741 - Epoch 6, Batch 350, lr = 0.00010, final_loss = 4.1050, nll_loss = 4.0312, ref_nll_loss = 4.1788, ivc_loss = 0.0842, neg_loss_1 = 0.0083, neg_loss_2 = 0.0107, ref_loss = 0.0285, div_loss = 0.0073, 0.568 seconds/batch
2026-04-19 13:13:00,678 - Epoch 6, Batch 400, lr = 0.00010, final_loss = 4.0630, nll_loss = 3.9917, ref_nll_loss = 4.1343, ivc_loss = 0.0836, neg_loss_1 = 0.0071, neg_loss_2 = 0.0083, ref_loss = 0.0333, div_loss = 0.0070, 0.596 seconds/batch
2026-04-19 13:13:40,436 - Epoch 6, Batch 450, lr = 0.00010, final_loss = 4.0923, nll_loss = 4.0173, ref_nll_loss = 4.1673, ivc_loss = 0.0877, neg_loss_1 = 0.0085, neg_loss_2 = 0.0092, ref_loss = 0.0286, div_loss = 0.0083, 0.619 seconds/batch
2026-04-19 13:14:20,443 - Epoch 6, Batch 500, lr = 0.00010, final_loss = 4.1141, nll_loss = 4.0390, ref_nll_loss = 4.1893, ivc_loss = 0.0799, neg_loss_1 = 0.0065, neg_loss_2 = 0.0088, ref_loss = 0.0278, div_loss = 0.0074, 0.637 seconds/batch
2026-04-19 13:15:00,077 - Epoch 6, Batch 550, lr = 0.00010, final_loss = 4.0773, nll_loss = 4.0021, ref_nll_loss = 4.1525, ivc_loss = 0.0778, neg_loss_1 = 0.0067, neg_loss_2 = 0.0081, ref_loss = 0.0281, div_loss = 0.0070, 0.651 seconds/batch
2026-04-19 13:15:40,008 - Epoch 6, Batch 600, lr = 0.00010, final_loss = 4.0880, nll_loss = 4.0103, ref_nll_loss = 4.1657, ivc_loss = 0.0748, neg_loss_1 = 0.0058, neg_loss_2 = 0.0075, ref_loss = 0.0273, div_loss = 0.0069, 0.663 seconds/batch
2026-04-19 13:16:19,733 - Epoch 6, Batch 650, lr = 0.00010, final_loss = 4.1118, nll_loss = 4.0361, ref_nll_loss = 4.1875, ivc_loss = 0.0801, neg_loss_1 = 0.0075, neg_loss_2 = 0.0087, ref_loss = 0.0284, div_loss = 0.0071, 0.673 seconds/batch
2026-04-19 13:16:59,675 - Epoch 6, Batch 700, lr = 0.00010, final_loss = 4.0630, nll_loss = 3.9857, ref_nll_loss = 4.1404, ivc_loss = 0.0795, neg_loss_1 = 0.0073, neg_loss_2 = 0.0104, ref_loss = 0.0265, div_loss = 0.0071, 0.682 seconds/batch
2026-04-19 13:17:39,728 - Epoch 6, Batch 750, lr = 0.00010, final_loss = 4.1037, nll_loss = 4.0285, ref_nll_loss = 4.1789, ivc_loss = 0.0783, neg_loss_1 = 0.0070, neg_loss_2 = 0.0085, ref_loss = 0.0274, div_loss = 0.0071, 0.690 seconds/batch
2026-04-19 13:18:19,770 - Epoch 6, Batch 800, lr = 0.00010, final_loss = 4.0820, nll_loss = 4.0075, ref_nll_loss = 4.1565, ivc_loss = 0.0833, neg_loss_1 = 0.0087, neg_loss_2 = 0.0078, ref_loss = 0.0307, div_loss = 0.0072, 0.697 seconds/batch
2026-04-19 13:18:59,308 - Epoch 6, Batch 850, lr = 0.00010, final_loss = 4.0988, nll_loss = 4.0271, ref_nll_loss = 4.1705, ivc_loss = 0.0823, neg_loss_1 = 0.0050, neg_loss_2 = 0.0106, ref_loss = 0.0313, div_loss = 0.0071, 0.703 seconds/batch
2026-04-19 13:19:39,076 - Epoch 6, Batch 900, lr = 0.00010, final_loss = 4.0781, nll_loss = 4.0045, ref_nll_loss = 4.1517, ivc_loss = 0.0791, neg_loss_1 = 0.0058, neg_loss_2 = 0.0069, ref_loss = 0.0302, div_loss = 0.0073, 0.708 seconds/batch
2026-04-19 13:20:18,598 - Epoch 6, Batch 950, lr = 0.00010, final_loss = 4.0900, nll_loss = 4.0180, ref_nll_loss = 4.1620, ivc_loss = 0.0847, neg_loss_1 = 0.0075, neg_loss_2 = 0.0103, ref_loss = 0.0298, div_loss = 0.0074, 0.712 seconds/batch
2026-04-19 13:20:58,483 - Epoch 6, Batch 1000, lr = 0.00010, final_loss = 4.0996, nll_loss = 4.0234, ref_nll_loss = 4.1757, ivc_loss = 0.0803, neg_loss_1 = 0.0085, neg_loss_2 = 0.0070, ref_loss = 0.0285, div_loss = 0.0073, 0.716 seconds/batch
2026-04-19 13:21:38,187 - Epoch 6, Batch 1050, lr = 0.00010, final_loss = 4.0913, nll_loss = 4.0163, ref_nll_loss = 4.1663, ivc_loss = 0.0812, neg_loss_1 = 0.0072, neg_loss_2 = 0.0084, ref_loss = 0.0297, div_loss = 0.0072, 0.720 seconds/batch
2026-04-19 13:22:17,657 - Epoch 6, Batch 1100, lr = 0.00010, final_loss = 4.0842, nll_loss = 4.0051, ref_nll_loss = 4.1633, ivc_loss = 0.0822, neg_loss_1 = 0.0108, neg_loss_2 = 0.0096, ref_loss = 0.0266, div_loss = 0.0070, 0.723 seconds/batch
2026-04-19 13:22:57,059 - Epoch 6, Batch 1150, lr = 0.00010, final_loss = 4.1096, nll_loss = 4.0315, ref_nll_loss = 4.1878, ivc_loss = 0.0835, neg_loss_1 = 0.0109, neg_loss_2 = 0.0110, ref_loss = 0.0273, div_loss = 0.0069, 0.726 seconds/batch
2026-04-19 13:23:12,654 - Epoch 6, Batch 1170, lr = 0.00010, final_loss = 4.0748, nll_loss = 3.9975, ref_nll_loss = 4.1522, ivc_loss = 0.0811, neg_loss_1 = 0.0095, neg_loss_2 = 0.0087, ref_loss = 0.0284, div_loss = 0.0069, 0.727 seconds/batch
2026-04-19 13:23:12,728 - save model to checkpoints/activitynet_moe/cpl_moe/model-6.pt, num_updates 7020.
2026-04-19 13:27:14,625 - | R@1,mIoU 0.2570 | R@1,IoU@0.1 0.6341 | R@1,IoU@0.3 0.4333 | R@1,IoU@0.5 0.1682 | R@1,IoU@0.7 0.0429 | R@1,IoU@0.9 0.0029 | R@5,mIoU 0.5267 | R@5,IoU@0.1 0.9233 | R@5,IoU@0.3 0.7841 | R@5,IoU@0.5 0.5290 | R@5,IoU@0.7 0.3161 | R@5,IoU@0.9 0.0760 |
2026-04-19 13:27:14,625 - ============================================================
2026-04-19 13:27:14,625 - Start Epoch 7
2026-04-19 13:27:36,811 - Epoch 7, Batch 50, lr = 0.00010, final_loss = 4.0547, nll_loss = 3.9807, ref_nll_loss = 4.1287, ivc_loss = 0.0842, neg_loss_1 = 0.0108, neg_loss_2 = 0.0091, ref_loss = 0.0293, div_loss = 0.0070, 0.444 seconds/batch
2026-04-19 13:27:58,295 - Epoch 7, Batch 100, lr = 0.00009, final_loss = 4.0440, nll_loss = 3.9678, ref_nll_loss = 4.1201, ivc_loss = 0.0815, neg_loss_1 = 0.0081, neg_loss_2 = 0.0091, ref_loss = 0.0292, div_loss = 0.0070, 0.437 seconds/batch
2026-04-19 13:28:20,095 - Epoch 7, Batch 150, lr = 0.00009, final_loss = 4.0640, nll_loss = 3.9871, ref_nll_loss = 4.1408, ivc_loss = 0.0821, neg_loss_1 = 0.0085, neg_loss_2 = 0.0109, ref_loss = 0.0270, div_loss = 0.0071, 0.436 seconds/batch
2026-04-19 13:28:41,826 - Epoch 7, Batch 200, lr = 0.00009, final_loss = 4.0340, nll_loss = 3.9588, ref_nll_loss = 4.1092, ivc_loss = 0.0823, neg_loss_1 = 0.0080, neg_loss_2 = 0.0093, ref_loss = 0.0291, div_loss = 0.0072, 0.436 seconds/batch
2026-04-19 13:29:11,405 - Epoch 7, Batch 250, lr = 0.00009, final_loss = 4.0700, nll_loss = 3.9975, ref_nll_loss = 4.1425, ivc_loss = 0.0866, neg_loss_1 = 0.0094, neg_loss_2 = 0.0095, ref_loss = 0.0316, div_loss = 0.0072, 0.467 seconds/batch
2026-04-19 13:29:50,326 - Epoch 7, Batch 300, lr = 0.00009, final_loss = 4.0446, nll_loss = 3.9652, ref_nll_loss = 4.1239, ivc_loss = 0.0810, neg_loss_1 = 0.0092, neg_loss_2 = 0.0088, ref_loss = 0.0262, div_loss = 0.0074, 0.519 seconds/batch
2026-04-19 13:30:30,351 - Epoch 7, Batch 350, lr = 0.00009, final_loss = 4.0597, nll_loss = 3.9874, ref_nll_loss = 4.1320, ivc_loss = 0.0841, neg_loss_1 = 0.0088, neg_loss_2 = 0.0091, ref_loss = 0.0298, div_loss = 0.0073, 0.559 seconds/batch
2026-04-19 13:31:10,190 - Epoch 7, Batch 400, lr = 0.00009, final_loss = 4.0903, nll_loss = 4.0181, ref_nll_loss = 4.1625, ivc_loss = 0.0855, neg_loss_1 = 0.0082, neg_loss_2 = 0.0085, ref_loss = 0.0307, div_loss = 0.0076, 0.589 seconds/batch
2026-04-19 13:31:49,478 - Epoch 7, Batch 450, lr = 0.00009, final_loss = 4.0527, nll_loss = 3.9791, ref_nll_loss = 4.1263, ivc_loss = 0.0811, neg_loss_1 = 0.0078, neg_loss_2 = 0.0101, ref_loss = 0.0275, div_loss = 0.0071, 0.611 seconds/batch
2026-04-19 13:32:29,255 - Epoch 7, Batch 500, lr = 0.00009, final_loss = 4.0457, nll_loss = 3.9698, ref_nll_loss = 4.1217, ivc_loss = 0.0808, neg_loss_1 = 0.0091, neg_loss_2 = 0.0072, ref_loss = 0.0290, div_loss = 0.0071, 0.629 seconds/batch
2026-04-19 13:33:08,912 - Epoch 7, Batch 550, lr = 0.00009, final_loss = 4.0708, nll_loss = 3.9950, ref_nll_loss = 4.1465, ivc_loss = 0.0800, neg_loss_1 = 0.0076, neg_loss_2 = 0.0098, ref_loss = 0.0278, div_loss = 0.0070, 0.644 seconds/batch
2026-04-19 13:33:48,967 - Epoch 7, Batch 600, lr = 0.00009, final_loss = 4.0750, nll_loss = 3.9955, ref_nll_loss = 4.1545, ivc_loss = 0.0805, neg_loss_1 = 0.0094, neg_loss_2 = 0.0088, ref_loss = 0.0260, div_loss = 0.0073, 0.657 seconds/batch
2026-04-19 13:34:28,845 - Epoch 7, Batch 650, lr = 0.00009, final_loss = 4.0757, nll_loss = 3.9978, ref_nll_loss = 4.1535, ivc_loss = 0.0803, neg_loss_1 = 0.0091, neg_loss_2 = 0.0095, ref_loss = 0.0265, div_loss = 0.0071, 0.668 seconds/batch
2026-04-19 13:35:08,695 - Epoch 7, Batch 700, lr = 0.00009, final_loss = 4.0532, nll_loss = 3.9744, ref_nll_loss = 4.1320, ivc_loss = 0.0813, neg_loss_1 = 0.0093, neg_loss_2 = 0.0094, ref_loss = 0.0267, div_loss = 0.0072, 0.677 seconds/batch
2026-04-19 13:35:48,667 - Epoch 7, Batch 750, lr = 0.00009, final_loss = 4.0813, nll_loss = 4.0029, ref_nll_loss = 4.1596, ivc_loss = 0.0826, neg_loss_1 = 0.0087, neg_loss_2 = 0.0110, ref_loss = 0.0278, div_loss = 0.0070, 0.685 seconds/batch
2026-04-19 13:36:28,570 - Epoch 7, Batch 800, lr = 0.00009, final_loss = 4.0505, nll_loss = 3.9715, ref_nll_loss = 4.1296, ivc_loss = 0.0801, neg_loss_1 = 0.0091, neg_loss_2 = 0.0102, ref_loss = 0.0264, div_loss = 0.0069, 0.692 seconds/batch
2026-04-19 13:37:08,724 - Epoch 7, Batch 850, lr = 0.00009, final_loss = 4.0695, nll_loss = 3.9929, ref_nll_loss = 4.1462, ivc_loss = 0.0829, neg_loss_1 = 0.0097, neg_loss_2 = 0.0115, ref_loss = 0.0261, div_loss = 0.0071, 0.699 seconds/batch
2026-04-19 13:37:48,451 - Epoch 7, Batch 900, lr = 0.00009, final_loss = 4.0549, nll_loss = 3.9759, ref_nll_loss = 4.1340, ivc_loss = 0.0811, neg_loss_1 = 0.0078, neg_loss_2 = 0.0085, ref_loss = 0.0286, div_loss = 0.0072, 0.704 seconds/batch
2026-04-19 13:38:28,466 - Epoch 7, Batch 950, lr = 0.00009, final_loss = 4.0704, nll_loss = 3.9880, ref_nll_loss = 4.1527, ivc_loss = 0.0773, neg_loss_1 = 0.0072, neg_loss_2 = 0.0117, ref_loss = 0.0232, div_loss = 0.0070, 0.709 seconds/batch
2026-04-19 13:39:08,121 - Epoch 7, Batch 1000, lr = 0.00009, final_loss = 4.0623, nll_loss = 3.9881, ref_nll_loss = 4.1366, ivc_loss = 0.0817, neg_loss_1 = 0.0066, neg_loss_2 = 0.0100, ref_loss = 0.0285, div_loss = 0.0073, 0.713 seconds/batch
2026-04-19 13:39:48,030 - Epoch 7, Batch 1050, lr = 0.00009, final_loss = 4.0242, nll_loss = 3.9480, ref_nll_loss = 4.1004, ivc_loss = 0.0794, neg_loss_1 = 0.0073, neg_loss_2 = 0.0080, ref_loss = 0.0284, div_loss = 0.0071, 0.718 seconds/batch
2026-04-19 13:40:27,869 - Epoch 7, Batch 1100, lr = 0.00009, final_loss = 4.0600, nll_loss = 3.9812, ref_nll_loss = 4.1389, ivc_loss = 0.0819, neg_loss_1 = 0.0091, neg_loss_2 = 0.0090, ref_loss = 0.0281, div_loss = 0.0071, 0.721 seconds/batch
2026-04-19 13:41:07,803 - Epoch 7, Batch 1150, lr = 0.00009, final_loss = 3.9940, nll_loss = 3.9166, ref_nll_loss = 4.0714, ivc_loss = 0.0809, neg_loss_1 = 0.0081, neg_loss_2 = 0.0112, ref_loss = 0.0264, div_loss = 0.0071, 0.725 seconds/batch
2026-04-19 13:41:23,744 - Epoch 7, Batch 1170, lr = 0.00009, final_loss = 4.0689, nll_loss = 3.9926, ref_nll_loss = 4.1452, ivc_loss = 0.0810, neg_loss_1 = 0.0084, neg_loss_2 = 0.0088, ref_loss = 0.0258, div_loss = 0.0076, 0.726 seconds/batch
2026-04-19 13:41:23,817 - save model to checkpoints/activitynet_moe/cpl_moe/model-7.pt, num_updates 8190.
2026-04-19 13:45:28,324 - | R@1,mIoU 0.2786 | R@1,IoU@0.1 0.6638 | R@1,IoU@0.3 0.4792 | R@1,IoU@0.5 0.1883 | R@1,IoU@0.7 0.0537 | R@1,IoU@0.9 0.0051 | R@5,mIoU 0.5252 | R@5,IoU@0.1 0.9216 | R@5,IoU@0.3 0.7822 | R@5,IoU@0.5 0.5291 | R@5,IoU@0.7 0.3168 | R@5,IoU@0.9 0.0737 |
2026-04-19 13:45:28,416 - Best results have been updated.
2026-04-19 13:45:28,417 - ============================================================
2026-04-19 13:45:28,417 - Start Epoch 8
2026-04-19 13:45:50,277 - Epoch 8, Batch 50, lr = 0.00009, final_loss = 4.0345, nll_loss = 3.9584, ref_nll_loss = 4.1107, ivc_loss = 0.0868, neg_loss_1 = 0.0107, neg_loss_2 = 0.0101, ref_loss = 0.0289, div_loss = 0.0074, 0.437 seconds/batch
2026-04-19 13:46:11,892 - Epoch 8, Batch 100, lr = 0.00009, final_loss = 4.0194, nll_loss = 3.9393, ref_nll_loss = 4.0994, ivc_loss = 0.0820, neg_loss_1 = 0.0076, neg_loss_2 = 0.0123, ref_loss = 0.0258, div_loss = 0.0072, 0.435 seconds/batch
2026-04-19 13:46:33,809 - Epoch 8, Batch 150, lr = 0.00009, final_loss = 4.0208, nll_loss = 3.9397, ref_nll_loss = 4.1020, ivc_loss = 0.0835, neg_loss_1 = 0.0109, neg_loss_2 = 0.0106, ref_loss = 0.0266, div_loss = 0.0071, 0.436 seconds/batch
2026-04-19 13:46:55,496 - Epoch 8, Batch 200, lr = 0.00009, final_loss = 4.0290, nll_loss = 3.9527, ref_nll_loss = 4.1054, ivc_loss = 0.0856, neg_loss_1 = 0.0095, neg_loss_2 = 0.0094, ref_loss = 0.0291, div_loss = 0.0075, 0.435 seconds/batch
2026-04-19 13:47:22,850 - Epoch 8, Batch 250, lr = 0.00009, final_loss = 4.0325, nll_loss = 3.9562, ref_nll_loss = 4.1087, ivc_loss = 0.0871, neg_loss_1 = 0.0116, neg_loss_2 = 0.0114, ref_loss = 0.0277, div_loss = 0.0073, 0.458 seconds/batch
2026-04-19 13:48:00,704 - Epoch 8, Batch 300, lr = 0.00009, final_loss = 4.0305, nll_loss = 3.9522, ref_nll_loss = 4.1088, ivc_loss = 0.0819, neg_loss_1 = 0.0092, neg_loss_2 = 0.0092, ref_loss = 0.0277, div_loss = 0.0071, 0.508 seconds/batch
2026-04-19 13:48:40,629 - Epoch 8, Batch 350, lr = 0.00009, final_loss = 4.0076, nll_loss = 3.9278, ref_nll_loss = 4.0873, ivc_loss = 0.0876, neg_loss_1 = 0.0121, neg_loss_2 = 0.0134, ref_loss = 0.0259, div_loss = 0.0073, 0.549 seconds/batch
2026-04-19 13:49:20,424 - Epoch 8, Batch 400, lr = 0.00009, final_loss = 4.0348, nll_loss = 3.9517, ref_nll_loss = 4.1178, ivc_loss = 0.0773, neg_loss_1 = 0.0077, neg_loss_2 = 0.0104, ref_loss = 0.0238, div_loss = 0.0071, 0.580 seconds/batch
2026-04-19 13:49:59,914 - Epoch 8, Batch 450, lr = 0.00009, final_loss = 3.9985, nll_loss = 3.9208, ref_nll_loss = 4.0763, ivc_loss = 0.0849, neg_loss_1 = 0.0090, neg_loss_2 = 0.0130, ref_loss = 0.0280, div_loss = 0.0070, 0.603 seconds/batch
2026-04-19 13:50:39,957 - Epoch 8, Batch 500, lr = 0.00009, final_loss = 4.0389, nll_loss = 3.9608, ref_nll_loss = 4.1170, ivc_loss = 0.0816, neg_loss_1 = 0.0097, neg_loss_2 = 0.0104, ref_loss = 0.0248, div_loss = 0.0074, 0.623 seconds/batch
2026-04-19 13:51:19,738 - Epoch 8, Batch 550, lr = 0.00009, final_loss = 4.0349, nll_loss = 3.9588, ref_nll_loss = 4.1110, ivc_loss = 0.0860, neg_loss_1 = 0.0117, neg_loss_2 = 0.0101, ref_loss = 0.0282, div_loss = 0.0072, 0.639 seconds/batch
2026-04-19 13:51:59,135 - Epoch 8, Batch 600, lr = 0.00009, final_loss = 4.0390, nll_loss = 3.9609, ref_nll_loss = 4.1171, ivc_loss = 0.0838, neg_loss_1 = 0.0102, neg_loss_2 = 0.0095, ref_loss = 0.0280, div_loss = 0.0072, 0.651 seconds/batch
2026-04-19 13:52:39,219 - Epoch 8, Batch 650, lr = 0.00009, final_loss = 4.0445, nll_loss = 3.9665, ref_nll_loss = 4.1225, ivc_loss = 0.0822, neg_loss_1 = 0.0075, neg_loss_2 = 0.0091, ref_loss = 0.0281, div_loss = 0.0075, 0.663 seconds/batch
2026-04-19 13:53:19,102 - Epoch 8, Batch 700, lr = 0.00008, final_loss = 4.0168, nll_loss = 3.9332, ref_nll_loss = 4.1003, ivc_loss = 0.0865, neg_loss_1 = 0.0126, neg_loss_2 = 0.0125, ref_loss = 0.0240, div_loss = 0.0075, 0.672 seconds/batch
2026-04-19 13:53:59,257 - Epoch 8, Batch 750, lr = 0.00008, final_loss = 4.0621, nll_loss = 3.9850, ref_nll_loss = 4.1392, ivc_loss = 0.0833, neg_loss_1 = 0.0091, neg_loss_2 = 0.0099, ref_loss = 0.0279, div_loss = 0.0073, 0.681 seconds/batch
2026-04-19 13:54:38,943 - Epoch 8, Batch 800, lr = 0.00008, final_loss = 4.0282, nll_loss = 3.9527, ref_nll_loss = 4.1038, ivc_loss = 0.0877, neg_loss_1 = 0.0091, neg_loss_2 = 0.0102, ref_loss = 0.0323, div_loss = 0.0072, 0.688 seconds/batch
2026-04-19 13:55:18,972 - Epoch 8, Batch 850, lr = 0.00008, final_loss = 4.0038, nll_loss = 3.9246, ref_nll_loss = 4.0830, ivc_loss = 0.0805, neg_loss_1 = 0.0069, neg_loss_2 = 0.0108, ref_loss = 0.0262, div_loss = 0.0073, 0.695 seconds/batch
2026-04-19 13:55:59,104 - Epoch 8, Batch 900, lr = 0.00008, final_loss = 4.0054, nll_loss = 3.9287, ref_nll_loss = 4.0820, ivc_loss = 0.0851, neg_loss_1 = 0.0112, neg_loss_2 = 0.0101, ref_loss = 0.0274, div_loss = 0.0073, 0.701 seconds/batch
2026-04-19 13:56:38,650 - Epoch 8, Batch 950, lr = 0.00008, final_loss = 4.0075, nll_loss = 3.9296, ref_nll_loss = 4.0853, ivc_loss = 0.0821, neg_loss_1 = 0.0105, neg_loss_2 = 0.0109, ref_loss = 0.0248, div_loss = 0.0072, 0.706 seconds/batch
2026-04-19 13:57:18,761 - Epoch 8, Batch 1000, lr = 0.00008, final_loss = 4.0087, nll_loss = 3.9294, ref_nll_loss = 4.0880, ivc_loss = 0.0836, neg_loss_1 = 0.0082, neg_loss_2 = 0.0113, ref_loss = 0.0280, div_loss = 0.0072, 0.710 seconds/batch
2026-04-19 13:57:58,868 - Epoch 8, Batch 1050, lr = 0.00008, final_loss = 4.0434, nll_loss = 3.9636, ref_nll_loss = 4.1233, ivc_loss = 0.0826, neg_loss_1 = 0.0092, neg_loss_2 = 0.0098, ref_loss = 0.0274, div_loss = 0.0072, 0.715 seconds/batch
2026-04-19 13:58:38,809 - Epoch 8, Batch 1100, lr = 0.00008, final_loss = 4.0194, nll_loss = 3.9411, ref_nll_loss = 4.0976, ivc_loss = 0.0819, neg_loss_1 = 0.0078, neg_loss_2 = 0.0093, ref_loss = 0.0287, div_loss = 0.0072, 0.719 seconds/batch
2026-04-19 13:59:18,477 - Epoch 8, Batch 1150, lr = 0.00008, final_loss = 4.0379, nll_loss = 3.9594, ref_nll_loss = 4.1163, ivc_loss = 0.0837, neg_loss_1 = 0.0086, neg_loss_2 = 0.0114, ref_loss = 0.0259, div_loss = 0.0076, 0.722 seconds/batch
2026-04-19 13:59:34,167 - Epoch 8, Batch 1170, lr = 0.00008, final_loss = 4.0388, nll_loss = 3.9591, ref_nll_loss = 4.1185, ivc_loss = 0.0824, neg_loss_1 = 0.0087, neg_loss_2 = 0.0110, ref_loss = 0.0269, div_loss = 0.0072, 0.723 seconds/batch
2026-04-19 13:59:34,246 - save model to checkpoints/activitynet_moe/cpl_moe/model-8.pt, num_updates 9360.
2026-04-19 14:03:41,160 - | R@1,mIoU 0.2967 | R@1,IoU@0.1 0.7005 | R@1,IoU@0.3 0.5053 | R@1,IoU@0.5 0.2096 | R@1,IoU@0.7 0.0604 | R@1,IoU@0.9 0.0049 | R@5,mIoU 0.5325 | R@5,IoU@0.1 0.9233 | R@5,IoU@0.3 0.7884 | R@5,IoU@0.5 0.5417 | R@5,IoU@0.7 0.3270 | R@5,IoU@0.9 0.0766 |
2026-04-19 14:03:41,254 - Best results have been updated.
2026-04-19 14:03:41,254 - ============================================================
2026-04-19 14:03:41,254 - Start Epoch 9
2026-04-19 14:04:03,155 - Epoch 9, Batch 50, lr = 0.00008, final_loss = 3.9672, nll_loss = 3.8902, ref_nll_loss = 4.0443, ivc_loss = 0.0853, neg_loss_1 = 0.0104, neg_loss_2 = 0.0103, ref_loss = 0.0289, div_loss = 0.0071, 0.438 seconds/batch
2026-04-19 14:04:24,800 - Epoch 9, Batch 100, lr = 0.00008, final_loss = 4.0092, nll_loss = 3.9304, ref_nll_loss = 4.0880, ivc_loss = 0.0842, neg_loss_1 = 0.0110, neg_loss_2 = 0.0094, ref_loss = 0.0270, div_loss = 0.0074, 0.435 seconds/batch
2026-04-19 14:04:46,241 - Epoch 9, Batch 150, lr = 0.00008, final_loss = 3.9797, nll_loss = 3.9009, ref_nll_loss = 4.0586, ivc_loss = 0.0855, neg_loss_1 = 0.0102, neg_loss_2 = 0.0109, ref_loss = 0.0283, div_loss = 0.0072, 0.433 seconds/batch
2026-04-19 14:05:08,260 - Epoch 9, Batch 200, lr = 0.00008, final_loss = 3.9789, nll_loss = 3.8993, ref_nll_loss = 4.0584, ivc_loss = 0.0819, neg_loss_1 = 0.0100, neg_loss_2 = 0.0101, ref_loss = 0.0258, div_loss = 0.0072, 0.435 seconds/batch
2026-04-19 14:05:33,656 - Epoch 9, Batch 250, lr = 0.00008, final_loss = 4.0045, nll_loss = 3.9247, ref_nll_loss = 4.0842, ivc_loss = 0.0812, neg_loss_1 = 0.0100, neg_loss_2 = 0.0089, ref_loss = 0.0258, div_loss = 0.0073, 0.450 seconds/batch
2026-04-19 14:06:10,709 - Epoch 9, Batch 300, lr = 0.00008, final_loss = 3.9944, nll_loss = 3.9154, ref_nll_loss = 4.0734, ivc_loss = 0.0839, neg_loss_1 = 0.0088, neg_loss_2 = 0.0096, ref_loss = 0.0273, div_loss = 0.0076, 0.498 seconds/batch
2026-04-19 14:06:50,442 - Epoch 9, Batch 350, lr = 0.00008, final_loss = 4.0030, nll_loss = 3.9243, ref_nll_loss = 4.0817, ivc_loss = 0.0845, neg_loss_1 = 0.0103, neg_loss_2 = 0.0097, ref_loss = 0.0269, div_loss = 0.0075, 0.541 seconds/batch
2026-04-19 14:07:29,962 - Epoch 9, Batch 400, lr = 0.00008, final_loss = 3.9827, nll_loss = 3.9016, ref_nll_loss = 4.0637, ivc_loss = 0.0843, neg_loss_1 = 0.0097, neg_loss_2 = 0.0094, ref_loss = 0.0279, div_loss = 0.0074, 0.572 seconds/batch
2026-04-19 14:08:10,072 - Epoch 9, Batch 450, lr = 0.00008, final_loss = 3.9957, nll_loss = 3.9131, ref_nll_loss = 4.0784, ivc_loss = 0.0821, neg_loss_1 = 0.0089, neg_loss_2 = 0.0107, ref_loss = 0.0244, div_loss = 0.0076, 0.597 seconds/batch
2026-04-19 14:08:50,070 - Epoch 9, Batch 500, lr = 0.00008, final_loss = 4.0148, nll_loss = 3.9324, ref_nll_loss = 4.0971, ivc_loss = 0.0854, neg_loss_1 = 0.0115, neg_loss_2 = 0.0111, ref_loss = 0.0255, div_loss = 0.0075, 0.618 seconds/batch
2026-04-19 14:09:29,308 - Epoch 9, Batch 550, lr = 0.00008, final_loss = 3.9536, nll_loss = 3.8739, ref_nll_loss = 4.0334, ivc_loss = 0.0865, neg_loss_1 = 0.0109, neg_loss_2 = 0.0110, ref_loss = 0.0273, div_loss = 0.0075, 0.633 seconds/batch
2026-04-19 14:10:09,345 - Epoch 9, Batch 600, lr = 0.00008, final_loss = 4.0211, nll_loss = 3.9400, ref_nll_loss = 4.1023, ivc_loss = 0.0786, neg_loss_1 = 0.0094, neg_loss_2 = 0.0086, ref_loss = 0.0237, div_loss = 0.0074, 0.647 seconds/batch
2026-04-19 14:10:49,545 - Epoch 9, Batch 650, lr = 0.00008, final_loss = 4.0076, nll_loss = 3.9266, ref_nll_loss = 4.0886, ivc_loss = 0.0854, neg_loss_1 = 0.0091, neg_loss_2 = 0.0106, ref_loss = 0.0276, div_loss = 0.0076, 0.659 seconds/batch
2026-04-19 14:11:29,561 - Epoch 9, Batch 700, lr = 0.00008, final_loss = 4.0140, nll_loss = 3.9316, ref_nll_loss = 4.0965, ivc_loss = 0.0829, neg_loss_1 = 0.0082, neg_loss_2 = 0.0116, ref_loss = 0.0258, div_loss = 0.0075, 0.669 seconds/batch
2026-04-19 14:12:09,446 - Epoch 9, Batch 750, lr = 0.00008, final_loss = 4.0389, nll_loss = 3.9559, ref_nll_loss = 4.1219, ivc_loss = 0.0864, neg_loss_1 = 0.0105, neg_loss_2 = 0.0115, ref_loss = 0.0259, div_loss = 0.0077, 0.678 seconds/batch
2026-04-19 14:12:49,369 - Epoch 9, Batch 800, lr = 0.00008, final_loss = 3.9816, nll_loss = 3.8989, ref_nll_loss = 4.0643, ivc_loss = 0.0828, neg_loss_1 = 0.0077, neg_loss_2 = 0.0097, ref_loss = 0.0263, div_loss = 0.0078, 0.685 seconds/batch
2026-04-19 14:13:29,495 - Epoch 9, Batch 850, lr = 0.00008, final_loss = 3.9955, nll_loss = 3.9168, ref_nll_loss = 4.0743, ivc_loss = 0.0852, neg_loss_1 = 0.0108, neg_loss_2 = 0.0100, ref_loss = 0.0275, div_loss = 0.0074, 0.692 seconds/batch
2026-04-19 14:14:09,530 - Epoch 9, Batch 900, lr = 0.00008, final_loss = 3.9769, nll_loss = 3.8944, ref_nll_loss = 4.0594, ivc_loss = 0.0859, neg_loss_1 = 0.0085, neg_loss_2 = 0.0114, ref_loss = 0.0270, div_loss = 0.0078, 0.698 seconds/batch
2026-04-19 14:14:49,535 - Epoch 9, Batch 950, lr = 0.00008, final_loss = 4.0077, nll_loss = 3.9296, ref_nll_loss = 4.0858, ivc_loss = 0.0861, neg_loss_1 = 0.0089, neg_loss_2 = 0.0107, ref_loss = 0.0273, div_loss = 0.0078, 0.703 seconds/batch
2026-04-19 14:15:29,486 - Epoch 9, Batch 1000, lr = 0.00008, final_loss = 3.9922, nll_loss = 3.9116, ref_nll_loss = 4.0728, ivc_loss = 0.0823, neg_loss_1 = 0.0099, neg_loss_2 = 0.0098, ref_loss = 0.0251, div_loss = 0.0075, 0.708 seconds/batch
2026-04-19 14:16:09,431 - Epoch 9, Batch 1050, lr = 0.00008, final_loss = 4.0037, nll_loss = 3.9236, ref_nll_loss = 4.0837, ivc_loss = 0.0880, neg_loss_1 = 0.0114, neg_loss_2 = 0.0110, ref_loss = 0.0266, div_loss = 0.0078, 0.713 seconds/batch
2026-04-19 14:16:49,179 - Epoch 9, Batch 1100, lr = 0.00008, final_loss = 4.0037, nll_loss = 3.9234, ref_nll_loss = 4.0840, ivc_loss = 0.0887, neg_loss_1 = 0.0111, neg_loss_2 = 0.0115, ref_loss = 0.0287, div_loss = 0.0075, 0.716 seconds/batch
2026-04-19 14:17:28,820 - Epoch 9, Batch 1150, lr = 0.00008, final_loss = 4.0029, nll_loss = 3.9229, ref_nll_loss = 4.0828, ivc_loss = 0.0837, neg_loss_1 = 0.0102, neg_loss_2 = 0.0086, ref_loss = 0.0276, div_loss = 0.0075, 0.720 seconds/batch
2026-04-19 14:17:44,033 - Epoch 9, Batch 1170, lr = 0.00008, final_loss = 3.9645, nll_loss = 3.8808, ref_nll_loss = 4.0483, ivc_loss = 0.0866, neg_loss_1 = 0.0105, neg_loss_2 = 0.0117, ref_loss = 0.0279, div_loss = 0.0073, 0.720 seconds/batch
2026-04-19 14:17:44,116 - save model to checkpoints/activitynet_moe/cpl_moe/model-9.pt, num_updates 10530.
2026-04-19 14:21:54,201 - | R@1,mIoU 0.2549 | R@1,IoU@0.1 0.6058 | R@1,IoU@0.3 0.4378 | R@1,IoU@0.5 0.1751 | R@1,IoU@0.7 0.0520 | R@1,IoU@0.9 0.0041 | R@5,mIoU 0.5265 | R@5,IoU@0.1 0.9255 | R@5,IoU@0.3 0.7855 | R@5,IoU@0.5 0.5323 | R@5,IoU@0.7 0.3150 | R@5,IoU@0.9 0.0713 |
2026-04-19 14:21:54,202 - ============================================================
2026-04-19 14:21:54,202 - Start Epoch 10
2026-04-19 14:22:15,995 - Epoch 10, Batch 50, lr = 0.00008, final_loss = 3.9417, nll_loss = 3.8551, ref_nll_loss = 4.0284, ivc_loss = 0.0825, neg_loss_1 = 0.0098, neg_loss_2 = 0.0132, ref_loss = 0.0235, div_loss = 0.0072, 0.436 seconds/batch
2026-04-19 14:22:37,723 - Epoch 10, Batch 100, lr = 0.00008, final_loss = 3.9776, nll_loss = 3.8961, ref_nll_loss = 4.0592, ivc_loss = 0.0894, neg_loss_1 = 0.0123, neg_loss_2 = 0.0109, ref_loss = 0.0286, div_loss = 0.0075, 0.435 seconds/batch
2026-04-19 14:22:59,682 - Epoch 10, Batch 150, lr = 0.00008, final_loss = 3.9571, nll_loss = 3.8746, ref_nll_loss = 4.0396, ivc_loss = 0.0874, neg_loss_1 = 0.0124, neg_loss_2 = 0.0108, ref_loss = 0.0264, div_loss = 0.0075, 0.437 seconds/batch
2026-04-19 14:23:21,476 - Epoch 10, Batch 200, lr = 0.00008, final_loss = 3.9941, nll_loss = 3.9113, ref_nll_loss = 4.0769, ivc_loss = 0.0840, neg_loss_1 = 0.0120, neg_loss_2 = 0.0091, ref_loss = 0.0250, div_loss = 0.0076, 0.436 seconds/batch
2026-04-19 14:23:44,509 - Epoch 10, Batch 250, lr = 0.00008, final_loss = 3.9753, nll_loss = 3.8928, ref_nll_loss = 4.0578, ivc_loss = 0.0860, neg_loss_1 = 0.0124, neg_loss_2 = 0.0123, ref_loss = 0.0233, div_loss = 0.0076, 0.441 seconds/batch
2026-04-19 14:24:20,762 - Epoch 10, Batch 300, lr = 0.00008, final_loss = 3.9633, nll_loss = 3.8807, ref_nll_loss = 4.0458, ivc_loss = 0.0833, neg_loss_1 = 0.0113, neg_loss_2 = 0.0088, ref_loss = 0.0256, div_loss = 0.0075, 0.489 seconds/batch
2026-04-19 14:25:00,804 - Epoch 10, Batch 350, lr = 0.00008, final_loss = 3.9792, nll_loss = 3.8966, ref_nll_loss = 4.0618, ivc_loss = 0.0846, neg_loss_1 = 0.0107, neg_loss_2 = 0.0094, ref_loss = 0.0272, div_loss = 0.0075, 0.533 seconds/batch
2026-04-19 14:25:40,623 - Epoch 10, Batch 400, lr = 0.00008, final_loss = 3.9846, nll_loss = 3.9021, ref_nll_loss = 4.0671, ivc_loss = 0.0816, neg_loss_1 = 0.0103, neg_loss_2 = 0.0085, ref_loss = 0.0266, div_loss = 0.0072, 0.566 seconds/batch
2026-04-19 14:26:20,562 - Epoch 10, Batch 450, lr = 0.00008, final_loss = 3.9684, nll_loss = 3.8845, ref_nll_loss = 4.0523, ivc_loss = 0.0823, neg_loss_1 = 0.0096, neg_loss_2 = 0.0099, ref_loss = 0.0256, div_loss = 0.0074, 0.592 seconds/batch
2026-04-19 14:27:00,328 - Epoch 10, Batch 500, lr = 0.00008, final_loss = 3.9601, nll_loss = 3.8774, ref_nll_loss = 4.0429, ivc_loss = 0.0809, neg_loss_1 = 0.0097, neg_loss_2 = 0.0104, ref_loss = 0.0236, div_loss = 0.0074, 0.612 seconds/batch
2026-04-19 14:27:40,227 - Epoch 10, Batch 550, lr = 0.00008, final_loss = 3.9910, nll_loss = 3.9112, ref_nll_loss = 4.0708, ivc_loss = 0.0817, neg_loss_1 = 0.0095, neg_loss_2 = 0.0077, ref_loss = 0.0266, div_loss = 0.0076, 0.629 seconds/batch
2026-04-19 14:28:20,151 - Epoch 10, Batch 600, lr = 0.00008, final_loss = 3.9964, nll_loss = 3.9126, ref_nll_loss = 4.0801, ivc_loss = 0.0852, neg_loss_1 = 0.0112, neg_loss_2 = 0.0104, ref_loss = 0.0246, div_loss = 0.0078, 0.643 seconds/batch
2026-04-19 14:28:59,795 - Epoch 10, Batch 650, lr = 0.00008, final_loss = 3.9824, nll_loss = 3.9016, ref_nll_loss = 4.0631, ivc_loss = 0.0883, neg_loss_1 = 0.0131, neg_loss_2 = 0.0093, ref_loss = 0.0285, div_loss = 0.0075, 0.655 seconds/batch
2026-04-19 14:29:39,541 - Epoch 10, Batch 700, lr = 0.00008, final_loss = 3.9404, nll_loss = 3.8560, ref_nll_loss = 4.0249, ivc_loss = 0.0852, neg_loss_1 = 0.0107, neg_loss_2 = 0.0107, ref_loss = 0.0241, div_loss = 0.0079, 0.665 seconds/batch
2026-04-19 14:30:19,500 - Epoch 10, Batch 750, lr = 0.00008, final_loss = 3.9683, nll_loss = 3.8874, ref_nll_loss = 4.0491, ivc_loss = 0.0866, neg_loss_1 = 0.0107, neg_loss_2 = 0.0097, ref_loss = 0.0273, div_loss = 0.0078, 0.674 seconds/batch
2026-04-19 14:30:59,314 - Epoch 10, Batch 800, lr = 0.00008, final_loss = 3.9822, nll_loss = 3.9012, ref_nll_loss = 4.0632, ivc_loss = 0.0877, neg_loss_1 = 0.0098, neg_loss_2 = 0.0094, ref_loss = 0.0288, div_loss = 0.0079, 0.681 seconds/batch
2026-04-19 14:31:39,424 - Epoch 10, Batch 850, lr = 0.00007, final_loss = 3.9467, nll_loss = 3.8658, ref_nll_loss = 4.0277, ivc_loss = 0.0884, neg_loss_1 = 0.0102, neg_loss_2 = 0.0113, ref_loss = 0.0279, div_loss = 0.0078, 0.688 seconds/batch
2026-04-19 14:32:19,181 - Epoch 10, Batch 900, lr = 0.00007, final_loss = 3.9643, nll_loss = 3.8781, ref_nll_loss = 4.0504, ivc_loss = 0.0820, neg_loss_1 = 0.0095, neg_loss_2 = 0.0091, ref_loss = 0.0239, div_loss = 0.0079, 0.694 seconds/batch
2026-04-19 14:32:58,545 - Epoch 10, Batch 950, lr = 0.00007, final_loss = 3.9900, nll_loss = 3.9063, ref_nll_loss = 4.0738, ivc_loss = 0.0833, neg_loss_1 = 0.0104, neg_loss_2 = 0.0108, ref_loss = 0.0250, div_loss = 0.0074, 0.699 seconds/batch
2026-04-19 14:33:38,156 - Epoch 10, Batch 1000, lr = 0.00007, final_loss = 3.9796, nll_loss = 3.8964, ref_nll_loss = 4.0628, ivc_loss = 0.0822, neg_loss_1 = 0.0111, neg_loss_2 = 0.0103, ref_loss = 0.0241, div_loss = 0.0073, 0.704 seconds/batch
2026-04-19 14:34:18,276 - Epoch 10, Batch 1050, lr = 0.00007, final_loss = 4.0128, nll_loss = 3.9337, ref_nll_loss = 4.0919, ivc_loss = 0.0868, neg_loss_1 = 0.0115, neg_loss_2 = 0.0103, ref_loss = 0.0270, div_loss = 0.0076, 0.709 seconds/batch
2026-04-19 14:34:58,688 - Epoch 10, Batch 1100, lr = 0.00007, final_loss = 3.9716, nll_loss = 3.8896, ref_nll_loss = 4.0537, ivc_loss = 0.0867, neg_loss_1 = 0.0105, neg_loss_2 = 0.0104, ref_loss = 0.0272, div_loss = 0.0077, 0.713 seconds/batch
2026-04-19 14:35:38,606 - Epoch 10, Batch 1150, lr = 0.00007, final_loss = 4.0047, nll_loss = 3.9228, ref_nll_loss = 4.0867, ivc_loss = 0.0831, neg_loss_1 = 0.0104, neg_loss_2 = 0.0096, ref_loss = 0.0253, div_loss = 0.0076, 0.717 seconds/batch
2026-04-19 14:35:54,389 - Epoch 10, Batch 1170, lr = 0.00007, final_loss = 3.9296, nll_loss = 3.8447, ref_nll_loss = 4.0145, ivc_loss = 0.0851, neg_loss_1 = 0.0132, neg_loss_2 = 0.0085, ref_loss = 0.0257, div_loss = 0.0075, 0.718 seconds/batch
2026-04-19 14:35:54,461 - save model to checkpoints/activitynet_moe/cpl_moe/model-10.pt, num_updates 11700.
2026-04-19 14:40:07,914 - | R@1,mIoU 0.2552 | R@1,IoU@0.1 0.5974 | R@1,IoU@0.3 0.4361 | R@1,IoU@0.5 0.1865 | R@1,IoU@0.7 0.0491 | R@1,IoU@0.9 0.0024 | R@5,mIoU 0.5262 | R@5,IoU@0.1 0.9238 | R@5,IoU@0.3 0.7842 | R@5,IoU@0.5 0.5333 | R@5,IoU@0.7 0.3134 | R@5,IoU@0.9 0.0697 |
2026-04-19 14:40:07,914 - ============================================================
2026-04-19 14:40:07,914 - Start Epoch 11
2026-04-19 14:40:29,907 - Epoch 11, Batch 50, lr = 0.00007, final_loss = 3.9313, nll_loss = 3.8475, ref_nll_loss = 4.0150, ivc_loss = 0.0867, neg_loss_1 = 0.0117, neg_loss_2 = 0.0098, ref_loss = 0.0259, div_loss = 0.0079, 0.440 seconds/batch
2026-04-19 14:40:51,796 - Epoch 11, Batch 100, lr = 0.00007, final_loss = 3.9379, nll_loss = 3.8544, ref_nll_loss = 4.0215, ivc_loss = 0.0863, neg_loss_1 = 0.0119, neg_loss_2 = 0.0078, ref_loss = 0.0267, div_loss = 0.0080, 0.439 seconds/batch
2026-04-19 14:41:13,514 - Epoch 11, Batch 150, lr = 0.00007, final_loss = 3.9852, nll_loss = 3.9034, ref_nll_loss = 4.0670, ivc_loss = 0.0860, neg_loss_1 = 0.0120, neg_loss_2 = 0.0090, ref_loss = 0.0260, div_loss = 0.0078, 0.437 seconds/batch
2026-04-19 14:41:35,526 - Epoch 11, Batch 200, lr = 0.00007, final_loss = 3.9453, nll_loss = 3.8624, ref_nll_loss = 4.0282, ivc_loss = 0.0849, neg_loss_1 = 0.0098, neg_loss_2 = 0.0094, ref_loss = 0.0258, div_loss = 0.0080, 0.438 seconds/batch
2026-04-19 14:41:57,243 - Epoch 11, Batch 250, lr = 0.00007, final_loss = 3.9594, nll_loss = 3.8749, ref_nll_loss = 4.0440, ivc_loss = 0.0868, neg_loss_1 = 0.0107, neg_loss_2 = 0.0104, ref_loss = 0.0261, div_loss = 0.0079, 0.437 seconds/batch
2026-04-19 14:42:32,178 - Epoch 11, Batch 300, lr = 0.00007, final_loss = 3.9632, nll_loss = 3.8797, ref_nll_loss = 4.0468, ivc_loss = 0.0879, neg_loss_1 = 0.0115, neg_loss_2 = 0.0118, ref_loss = 0.0254, div_loss = 0.0078, 0.481 seconds/batch
2026-04-19 14:43:12,310 - Epoch 11, Batch 350, lr = 0.00007, final_loss = 3.9445, nll_loss = 3.8624, ref_nll_loss = 4.0265, ivc_loss = 0.0856, neg_loss_1 = 0.0120, neg_loss_2 = 0.0089, ref_loss = 0.0260, div_loss = 0.0077, 0.527 seconds/batch
2026-04-19 14:43:52,121 - Epoch 11, Batch 400, lr = 0.00007, final_loss = 3.9424, nll_loss = 3.8603, ref_nll_loss = 4.0246, ivc_loss = 0.0898, neg_loss_1 = 0.0134, neg_loss_2 = 0.0104, ref_loss = 0.0279, div_loss = 0.0076, 0.561 seconds/batch
2026-04-19 14:44:32,361 - Epoch 11, Batch 450, lr = 0.00007, final_loss = 3.9505, nll_loss = 3.8663, ref_nll_loss = 4.0347, ivc_loss = 0.0860, neg_loss_1 = 0.0111, neg_loss_2 = 0.0112, ref_loss = 0.0247, div_loss = 0.0078, 0.588 seconds/batch
2026-04-19 14:45:12,383 - Epoch 11, Batch 500, lr = 0.00007, final_loss = 3.9509, nll_loss = 3.8691, ref_nll_loss = 4.0327, ivc_loss = 0.0878, neg_loss_1 = 0.0119, neg_loss_2 = 0.0092, ref_loss = 0.0259, div_loss = 0.0082, 0.609 seconds/batch
2026-04-19 14:45:52,298 - Epoch 11, Batch 550, lr = 0.00007, final_loss = 3.9721, nll_loss = 3.8866, ref_nll_loss = 4.0575, ivc_loss = 0.0845, neg_loss_1 = 0.0108, neg_loss_2 = 0.0109, ref_loss = 0.0228, div_loss = 0.0080, 0.626 seconds/batch
2026-04-19 14:46:32,117 - Epoch 11, Batch 600, lr = 0.00007, final_loss = 3.9286, nll_loss = 3.8437, ref_nll_loss = 4.0136, ivc_loss = 0.0850, neg_loss_1 = 0.0094, neg_loss_2 = 0.0103, ref_loss = 0.0256, div_loss = 0.0079, 0.640 seconds/batch
2026-04-19 14:47:11,958 - Epoch 11, Batch 650, lr = 0.00007, final_loss = 3.9368, nll_loss = 3.8498, ref_nll_loss = 4.0238, ivc_loss = 0.0870, neg_loss_1 = 0.0109, neg_loss_2 = 0.0110, ref_loss = 0.0256, div_loss = 0.0079, 0.652 seconds/batch
2026-04-19 14:47:51,875 - Epoch 11, Batch 700, lr = 0.00007, final_loss = 3.9735, nll_loss = 3.8923, ref_nll_loss = 4.0547, ivc_loss = 0.0877, neg_loss_1 = 0.0098, neg_loss_2 = 0.0098, ref_loss = 0.0278, div_loss = 0.0081, 0.663 seconds/batch
2026-04-19 14:48:31,725 - Epoch 11, Batch 750, lr = 0.00007, final_loss = 3.9840, nll_loss = 3.9008, ref_nll_loss = 4.0671, ivc_loss = 0.0901, neg_loss_1 = 0.0122, neg_loss_2 = 0.0127, ref_loss = 0.0267, div_loss = 0.0077, 0.672 seconds/batch
2026-04-19 14:49:11,489 - Epoch 11, Batch 800, lr = 0.00007, final_loss = 3.9409, nll_loss = 3.8606, ref_nll_loss = 4.0212, ivc_loss = 0.0884, neg_loss_1 = 0.0101, neg_loss_2 = 0.0110, ref_loss = 0.0278, div_loss = 0.0079, 0.679 seconds/batch
2026-04-19 14:49:51,128 - Epoch 11, Batch 850, lr = 0.00007, final_loss = 3.9738, nll_loss = 3.8880, ref_nll_loss = 4.0596, ivc_loss = 0.0871, neg_loss_1 = 0.0123, neg_loss_2 = 0.0094, ref_loss = 0.0244, div_loss = 0.0082, 0.686 seconds/batch
2026-04-19 14:50:31,058 - Epoch 11, Batch 900, lr = 0.00007, final_loss = 3.9768, nll_loss = 3.8945, ref_nll_loss = 4.0591, ivc_loss = 0.0876, neg_loss_1 = 0.0120, neg_loss_2 = 0.0111, ref_loss = 0.0257, div_loss = 0.0077, 0.692 seconds/batch
2026-04-19 14:51:11,078 - Epoch 11, Batch 950, lr = 0.00007, final_loss = 3.9292, nll_loss = 3.8466, ref_nll_loss = 4.0118, ivc_loss = 0.0897, neg_loss_1 = 0.0110, neg_loss_2 = 0.0108, ref_loss = 0.0276, div_loss = 0.0081, 0.698 seconds/batch
2026-04-19 14:51:50,975 - Epoch 11, Batch 1000, lr = 0.00007, final_loss = 3.9552, nll_loss = 3.8734, ref_nll_loss = 4.0370, ivc_loss = 0.0888, neg_loss_1 = 0.0118, neg_loss_2 = 0.0104, ref_loss = 0.0279, div_loss = 0.0077, 0.703 seconds/batch
2026-04-19 14:52:30,786 - Epoch 11, Batch 1050, lr = 0.00007, final_loss = 3.9304, nll_loss = 3.8459, ref_nll_loss = 4.0148, ivc_loss = 0.0892, neg_loss_1 = 0.0119, neg_loss_2 = 0.0118, ref_loss = 0.0262, div_loss = 0.0078, 0.707 seconds/batch
2026-04-19 14:53:10,816 - Epoch 11, Batch 1100, lr = 0.00007, final_loss = 3.9452, nll_loss = 3.8642, ref_nll_loss = 4.0261, ivc_loss = 0.0864, neg_loss_1 = 0.0119, neg_loss_2 = 0.0095, ref_loss = 0.0259, div_loss = 0.0078, 0.712 seconds/batch
2026-04-19 14:53:50,717 - Epoch 11, Batch 1150, lr = 0.00007, final_loss = 3.9830, nll_loss = 3.9018, ref_nll_loss = 4.0642, ivc_loss = 0.0884, neg_loss_1 = 0.0120, neg_loss_2 = 0.0101, ref_loss = 0.0266, div_loss = 0.0079, 0.715 seconds/batch
2026-04-19 14:54:06,301 - Epoch 11, Batch 1170, lr = 0.00007, final_loss = 3.9532, nll_loss = 3.8687, ref_nll_loss = 4.0377, ivc_loss = 0.0834, neg_loss_1 = 0.0111, neg_loss_2 = 0.0088, ref_loss = 0.0268, div_loss = 0.0073, 0.717 seconds/batch
2026-04-19 14:54:06,372 - save model to checkpoints/activitynet_moe/cpl_moe/model-11.pt, num_updates 12870.
2026-04-19 14:58:22,140 - | R@1,mIoU 0.2518 | R@1,IoU@0.1 0.6022 | R@1,IoU@0.3 0.4227 | R@1,IoU@0.5 0.1690 | R@1,IoU@0.7 0.0544 | R@1,IoU@0.9 0.0059 | R@5,mIoU 0.5301 | R@5,IoU@0.1 0.9248 | R@5,IoU@0.3 0.7880 | R@5,IoU@0.5 0.5385 | R@5,IoU@0.7 0.3218 | R@5,IoU@0.9 0.0759 |
2026-04-19 14:58:22,141 - ============================================================
2026-04-19 14:58:22,141 - Start Epoch 12
2026-04-19 14:58:44,115 - Epoch 12, Batch 50, lr = 0.00007, final_loss = 3.9210, nll_loss = 3.8389, ref_nll_loss = 4.0032, ivc_loss = 0.0858, neg_loss_1 = 0.0126, neg_loss_2 = 0.0105, ref_loss = 0.0254, div_loss = 0.0075, 0.439 seconds/batch
2026-04-19 14:59:06,037 - Epoch 12, Batch 100, lr = 0.00007, final_loss = 3.8964, nll_loss = 3.8143, ref_nll_loss = 3.9785, ivc_loss = 0.0904, neg_loss_1 = 0.0122, neg_loss_2 = 0.0105, ref_loss = 0.0257, div_loss = 0.0084, 0.439 seconds/batch
2026-04-19 14:59:27,929 - Epoch 12, Batch 150, lr = 0.00007, final_loss = 3.9101, nll_loss = 3.8269, ref_nll_loss = 3.9933, ivc_loss = 0.0850, neg_loss_1 = 0.0102, neg_loss_2 = 0.0093, ref_loss = 0.0261, div_loss = 0.0079, 0.439 seconds/batch
2026-04-19 14:59:49,822 - Epoch 12, Batch 200, lr = 0.00007, final_loss = 3.9214, nll_loss = 3.8387, ref_nll_loss = 4.0041, ivc_loss = 0.0864, neg_loss_1 = 0.0120, neg_loss_2 = 0.0102, ref_loss = 0.0257, div_loss = 0.0077, 0.438 seconds/batch
2026-04-19 15:00:11,410 - Epoch 12, Batch 250, lr = 0.00007, final_loss = 3.9315, nll_loss = 3.8458, ref_nll_loss = 4.0172, ivc_loss = 0.0866, neg_loss_1 = 0.0128, neg_loss_2 = 0.0102, ref_loss = 0.0247, div_loss = 0.0078, 0.437 seconds/batch
2026-04-19 15:00:43,238 - Epoch 12, Batch 300, lr = 0.00007, final_loss = 3.9400, nll_loss = 3.8546, ref_nll_loss = 4.0255, ivc_loss = 0.0876, neg_loss_1 = 0.0130, neg_loss_2 = 0.0113, ref_loss = 0.0252, div_loss = 0.0076, 0.470 seconds/batch
2026-04-19 15:01:23,287 - Epoch 12, Batch 350, lr = 0.00007, final_loss = 3.9329, nll_loss = 3.8470, ref_nll_loss = 4.0189, ivc_loss = 0.0867, neg_loss_1 = 0.0125, neg_loss_2 = 0.0090, ref_loss = 0.0260, div_loss = 0.0079, 0.518 seconds/batch
2026-04-19 15:02:03,789 - Epoch 12, Batch 400, lr = 0.00007, final_loss = 3.9378, nll_loss = 3.8507, ref_nll_loss = 4.0249, ivc_loss = 0.0857, neg_loss_1 = 0.0118, neg_loss_2 = 0.0097, ref_loss = 0.0236, div_loss = 0.0081, 0.554 seconds/batch
2026-04-19 15:02:43,819 - Epoch 12, Batch 450, lr = 0.00007, final_loss = 3.9457, nll_loss = 3.8649, ref_nll_loss = 4.0266, ivc_loss = 0.0915, neg_loss_1 = 0.0128, neg_loss_2 = 0.0101, ref_loss = 0.0281, div_loss = 0.0081, 0.582 seconds/batch
2026-04-19 15:03:23,594 - Epoch 12, Batch 500, lr = 0.00007, final_loss = 3.9220, nll_loss = 3.8366, ref_nll_loss = 4.0073, ivc_loss = 0.0848, neg_loss_1 = 0.0103, neg_loss_2 = 0.0100, ref_loss = 0.0240, div_loss = 0.0081, 0.603 seconds/batch
2026-04-19 15:04:03,323 - Epoch 12, Batch 550, lr = 0.00007, final_loss = 3.9381, nll_loss = 3.8537, ref_nll_loss = 4.0225, ivc_loss = 0.0863, neg_loss_1 = 0.0125, neg_loss_2 = 0.0087, ref_loss = 0.0257, div_loss = 0.0079, 0.620 seconds/batch
2026-04-19 15:04:42,418 - Epoch 12, Batch 600, lr = 0.00007, final_loss = 3.9049, nll_loss = 3.8185, ref_nll_loss = 3.9912, ivc_loss = 0.0864, neg_loss_1 = 0.0127, neg_loss_2 = 0.0094, ref_loss = 0.0250, div_loss = 0.0079, 0.634 seconds/batch
2026-04-19 15:05:22,216 - Epoch 12, Batch 650, lr = 0.00007, final_loss = 3.9353, nll_loss = 3.8498, ref_nll_loss = 4.0209, ivc_loss = 0.0865, neg_loss_1 = 0.0117, neg_loss_2 = 0.0096, ref_loss = 0.0258, div_loss = 0.0079, 0.646 seconds/batch
2026-04-19 15:06:01,755 - Epoch 12, Batch 700, lr = 0.00007, final_loss = 3.9452, nll_loss = 3.8589, ref_nll_loss = 4.0315, ivc_loss = 0.0867, neg_loss_1 = 0.0131, neg_loss_2 = 0.0099, ref_loss = 0.0255, div_loss = 0.0076, 0.657 seconds/batch
2026-04-19 15:06:41,659 - Epoch 12, Batch 750, lr = 0.00007, final_loss = 3.9479, nll_loss = 3.8642, ref_nll_loss = 4.0315, ivc_loss = 0.0859, neg_loss_1 = 0.0114, neg_loss_2 = 0.0100, ref_loss = 0.0256, div_loss = 0.0078, 0.666 seconds/batch
2026-04-19 15:07:21,716 - Epoch 12, Batch 800, lr = 0.00007, final_loss = 3.9840, nll_loss = 3.9011, ref_nll_loss = 4.0669, ivc_loss = 0.0864, neg_loss_1 = 0.0110, neg_loss_2 = 0.0106, ref_loss = 0.0258, div_loss = 0.0078, 0.674 seconds/batch
2026-04-19 15:08:01,481 - Epoch 12, Batch 850, lr = 0.00007, final_loss = 3.9240, nll_loss = 3.8391, ref_nll_loss = 4.0089, ivc_loss = 0.0857, neg_loss_1 = 0.0113, neg_loss_2 = 0.0089, ref_loss = 0.0254, div_loss = 0.0080, 0.682 seconds/batch
2026-04-19 15:08:41,189 - Epoch 12, Batch 900, lr = 0.00007, final_loss = 3.9266, nll_loss = 3.8414, ref_nll_loss = 4.0118, ivc_loss = 0.0879, neg_loss_1 = 0.0132, neg_loss_2 = 0.0103, ref_loss = 0.0253, div_loss = 0.0078, 0.688 seconds/batch
2026-04-19 15:09:21,286 - Epoch 12, Batch 950, lr = 0.00007, final_loss = 3.9474, nll_loss = 3.8584, ref_nll_loss = 4.0364, ivc_loss = 0.0840, neg_loss_1 = 0.0123, neg_loss_2 = 0.0080, ref_loss = 0.0235, div_loss = 0.0080, 0.694 seconds/batch
2026-04-19 15:10:00,749 - Epoch 12, Batch 1000, lr = 0.00007, final_loss = 3.9222, nll_loss = 3.8366, ref_nll_loss = 4.0078, ivc_loss = 0.0855, neg_loss_1 = 0.0113, neg_loss_2 = 0.0102, ref_loss = 0.0239, div_loss = 0.0080, 0.699 seconds/batch
2026-04-19 15:10:40,379 - Epoch 12, Batch 1050, lr = 0.00007, final_loss = 3.9410, nll_loss = 3.8581, ref_nll_loss = 4.0239, ivc_loss = 0.0845, neg_loss_1 = 0.0100, neg_loss_2 = 0.0098, ref_loss = 0.0249, div_loss = 0.0079, 0.703 seconds/batch
2026-04-19 15:11:20,419 - Epoch 12, Batch 1100, lr = 0.00007, final_loss = 3.9513, nll_loss = 3.8667, ref_nll_loss = 4.0358, ivc_loss = 0.0835, neg_loss_1 = 0.0107, neg_loss_2 = 0.0083, ref_loss = 0.0248, div_loss = 0.0079, 0.708 seconds/batch
2026-04-19 15:12:00,289 - Epoch 12, Batch 1150, lr = 0.00007, final_loss = 3.9274, nll_loss = 3.8400, ref_nll_loss = 4.0147, ivc_loss = 0.0885, neg_loss_1 = 0.0136, neg_loss_2 = 0.0104, ref_loss = 0.0248, div_loss = 0.0079, 0.711 seconds/batch
2026-04-19 15:12:16,133 - Epoch 12, Batch 1170, lr = 0.00007, final_loss = 3.9502, nll_loss = 3.8660, ref_nll_loss = 4.0344, ivc_loss = 0.0935, neg_loss_1 = 0.0139, neg_loss_2 = 0.0092, ref_loss = 0.0287, div_loss = 0.0083, 0.713 seconds/batch
2026-04-19 15:12:16,207 - save model to checkpoints/activitynet_moe/cpl_moe/model-12.pt, num_updates 14040.
2026-04-19 15:16:35,482 - | R@1,mIoU 0.2817 | R@1,IoU@0.1 0.6510 | R@1,IoU@0.3 0.4785 | R@1,IoU@0.5 0.2049 | R@1,IoU@0.7 0.0663 | R@1,IoU@0.9 0.0067 | R@5,mIoU 0.5305 | R@5,IoU@0.1 0.9245 | R@5,IoU@0.3 0.7896 | R@5,IoU@0.5 0.5408 | R@5,IoU@0.7 0.3234 | R@5,IoU@0.9 0.0759 |
2026-04-19 15:16:35,483 - ============================================================
2026-04-19 15:16:35,483 - Start Epoch 13
2026-04-19 15:16:57,580 - Epoch 13, Batch 50, lr = 0.00007, final_loss = 3.8988, nll_loss = 3.8107, ref_nll_loss = 3.9870, ivc_loss = 0.0883, neg_loss_1 = 0.0136, neg_loss_2 = 0.0117, ref_loss = 0.0238, div_loss = 0.0078, 0.442 seconds/batch
2026-04-19 15:17:19,419 - Epoch 13, Batch 100, lr = 0.00007, final_loss = 3.8951, nll_loss = 3.8079, ref_nll_loss = 3.9823, ivc_loss = 0.0903, neg_loss_1 = 0.0129, neg_loss_2 = 0.0122, ref_loss = 0.0248, div_loss = 0.0081, 0.439 seconds/batch
2026-04-19 15:17:41,054 - Epoch 13, Batch 150, lr = 0.00007, final_loss = 3.9088, nll_loss = 3.8258, ref_nll_loss = 3.9918, ivc_loss = 0.0903, neg_loss_1 = 0.0142, neg_loss_2 = 0.0094, ref_loss = 0.0262, div_loss = 0.0081, 0.437 seconds/batch
2026-04-19 15:18:02,718 - Epoch 13, Batch 200, lr = 0.00007, final_loss = 3.9073, nll_loss = 3.8269, ref_nll_loss = 3.9877, ivc_loss = 0.0920, neg_loss_1 = 0.0133, neg_loss_2 = 0.0128, ref_loss = 0.0265, div_loss = 0.0079, 0.436 seconds/batch
2026-04-19 15:18:24,847 - Epoch 13, Batch 250, lr = 0.00007, final_loss = 3.8910, nll_loss = 3.8018, ref_nll_loss = 3.9802, ivc_loss = 0.0900, neg_loss_1 = 0.0139, neg_loss_2 = 0.0119, ref_loss = 0.0240, div_loss = 0.0080, 0.437 seconds/batch
2026-04-19 15:18:54,285 - Epoch 13, Batch 300, lr = 0.00007, final_loss = 3.8905, nll_loss = 3.8039, ref_nll_loss = 3.9771, ivc_loss = 0.0885, neg_loss_1 = 0.0131, neg_loss_2 = 0.0110, ref_loss = 0.0247, div_loss = 0.0080, 0.463 seconds/batch
2026-04-19 15:19:33,701 - Epoch 13, Batch 350, lr = 0.00007, final_loss = 3.9116, nll_loss = 3.8247, ref_nll_loss = 3.9985, ivc_loss = 0.0867, neg_loss_1 = 0.0122, neg_loss_2 = 0.0110, ref_loss = 0.0229, div_loss = 0.0081, 0.509 seconds/batch
2026-04-19 15:20:13,451 - Epoch 13, Batch 400, lr = 0.00007, final_loss = 3.8948, nll_loss = 3.8049, ref_nll_loss = 3.9846, ivc_loss = 0.0891, neg_loss_1 = 0.0133, neg_loss_2 = 0.0119, ref_loss = 0.0240, div_loss = 0.0080, 0.545 seconds/batch
2026-04-19 15:20:52,945 - Epoch 13, Batch 450, lr = 0.00007, final_loss = 3.9265, nll_loss = 3.8414, ref_nll_loss = 4.0116, ivc_loss = 0.0880, neg_loss_1 = 0.0120, neg_loss_2 = 0.0092, ref_loss = 0.0273, div_loss = 0.0079, 0.572 seconds/batch
2026-04-19 15:21:33,186 - Epoch 13, Batch 500, lr = 0.00007, final_loss = 3.9334, nll_loss = 3.8456, ref_nll_loss = 4.0213, ivc_loss = 0.0847, neg_loss_1 = 0.0122, neg_loss_2 = 0.0090, ref_loss = 0.0240, div_loss = 0.0079, 0.595 seconds/batch
2026-04-19 15:22:13,074 - Epoch 13, Batch 550, lr = 0.00007, final_loss = 3.9172, nll_loss = 3.8311, ref_nll_loss = 4.0033, ivc_loss = 0.0871, neg_loss_1 = 0.0135, neg_loss_2 = 0.0078, ref_loss = 0.0252, div_loss = 0.0081, 0.614 seconds/batch
2026-04-19 15:22:52,591 - Epoch 13, Batch 600, lr = 0.00007, final_loss = 3.9571, nll_loss = 3.8713, ref_nll_loss = 4.0429, ivc_loss = 0.0893, neg_loss_1 = 0.0114, neg_loss_2 = 0.0107, ref_loss = 0.0256, div_loss = 0.0083, 0.629 seconds/batch
2026-04-19 15:23:32,063 - Epoch 13, Batch 650, lr = 0.00007, final_loss = 3.9414, nll_loss = 3.8584, ref_nll_loss = 4.0245, ivc_loss = 0.0905, neg_loss_1 = 0.0131, neg_loss_2 = 0.0106, ref_loss = 0.0268, div_loss = 0.0080, 0.641 seconds/batch
2026-04-19 15:24:11,948 - Epoch 13, Batch 700, lr = 0.00007, final_loss = 3.8866, nll_loss = 3.8004, ref_nll_loss = 3.9729, ivc_loss = 0.0881, neg_loss_1 = 0.0119, neg_loss_2 = 0.0112, ref_loss = 0.0250, div_loss = 0.0080, 0.652 seconds/batch
2026-04-19 15:24:52,061 - Epoch 13, Batch 750, lr = 0.00007, final_loss = 3.9155, nll_loss = 3.8281, ref_nll_loss = 4.0028, ivc_loss = 0.0893, neg_loss_1 = 0.0127, neg_loss_2 = 0.0100, ref_loss = 0.0250, div_loss = 0.0083, 0.662 seconds/batch
2026-04-19 15:25:31,391 - Epoch 13, Batch 800, lr = 0.00007, final_loss = 3.9237, nll_loss = 3.8374, ref_nll_loss = 4.0101, ivc_loss = 0.0891, neg_loss_1 = 0.0117, neg_loss_2 = 0.0101, ref_loss = 0.0262, div_loss = 0.0082, 0.670 seconds/batch
2026-04-19 15:26:11,033 - Epoch 13, Batch 850, lr = 0.00007, final_loss = 3.8943, nll_loss = 3.8055, ref_nll_loss = 3.9830, ivc_loss = 0.0843, neg_loss_1 = 0.0100, neg_loss_2 = 0.0110, ref_loss = 0.0241, div_loss = 0.0078, 0.677 seconds/batch
2026-04-19 15:26:51,151 - Epoch 13, Batch 900, lr = 0.00007, final_loss = 3.9023, nll_loss = 3.8190, ref_nll_loss = 3.9856, ivc_loss = 0.0882, neg_loss_1 = 0.0129, neg_loss_2 = 0.0102, ref_loss = 0.0255, div_loss = 0.0079, 0.684 seconds/batch
2026-04-19 15:27:31,065 - Epoch 13, Batch 950, lr = 0.00007, final_loss = 3.9282, nll_loss = 3.8423, ref_nll_loss = 4.0141, ivc_loss = 0.0883, neg_loss_1 = 0.0104, neg_loss_2 = 0.0101, ref_loss = 0.0259, div_loss = 0.0084, 0.690 seconds/batch
2026-04-19 15:28:10,953 - Epoch 13, Batch 1000, lr = 0.00007, final_loss = 3.9052, nll_loss = 3.8181, ref_nll_loss = 3.9923, ivc_loss = 0.0854, neg_loss_1 = 0.0094, neg_loss_2 = 0.0080, ref_loss = 0.0254, div_loss = 0.0085, 0.695 seconds/batch
2026-04-19 15:28:51,026 - Epoch 13, Batch 1050, lr = 0.00007, final_loss = 3.9272, nll_loss = 3.8385, ref_nll_loss = 4.0159, ivc_loss = 0.0880, neg_loss_1 = 0.0119, neg_loss_2 = 0.0112, ref_loss = 0.0233, div_loss = 0.0083, 0.701 seconds/batch
2026-04-19 15:29:30,624 - Epoch 13, Batch 1100, lr = 0.00007, final_loss = 3.9226, nll_loss = 3.8339, ref_nll_loss = 4.0113, ivc_loss = 0.0881, neg_loss_1 = 0.0119, neg_loss_2 = 0.0120, ref_loss = 0.0244, div_loss = 0.0080, 0.705 seconds/batch
2026-04-19 15:30:10,375 - Epoch 13, Batch 1150, lr = 0.00006, final_loss = 3.8906, nll_loss = 3.8014, ref_nll_loss = 3.9797, ivc_loss = 0.0870, neg_loss_1 = 0.0125, neg_loss_2 = 0.0105, ref_loss = 0.0234, div_loss = 0.0081, 0.709 seconds/batch
2026-04-19 15:30:26,058 - Epoch 13, Batch 1170, lr = 0.00006, final_loss = 3.9540, nll_loss = 3.8629, ref_nll_loss = 4.0452, ivc_loss = 0.0837, neg_loss_1 = 0.0126, neg_loss_2 = 0.0082, ref_loss = 0.0222, div_loss = 0.0081, 0.710 seconds/batch
2026-04-19 15:30:26,213 - save model to checkpoints/activitynet_moe/cpl_moe/model-13.pt, num_updates 15210.
2026-04-19 15:34:48,011 - | R@1,mIoU 0.3308 | R@1,IoU@0.1 0.7512 | R@1,IoU@0.3 0.5613 | R@1,IoU@0.5 0.2501 | R@1,IoU@0.7 0.0847 | R@1,IoU@0.9 0.0120 | R@5,mIoU 0.5294 | R@5,IoU@0.1 0.9233 | R@5,IoU@0.3 0.7919 | R@5,IoU@0.5 0.5411 | R@5,IoU@0.7 0.3231 | R@5,IoU@0.9 0.0724 |
2026-04-19 15:34:48,093 - Best results have been updated.
2026-04-19 15:34:48,094 - ============================================================
2026-04-19 15:34:48,094 - Start Epoch 14
2026-04-19 15:35:10,253 - Epoch 14, Batch 50, lr = 0.00006, final_loss = 3.8713, nll_loss = 3.7790, ref_nll_loss = 3.9637, ivc_loss = 0.0837, neg_loss_1 = 0.0107, neg_loss_2 = 0.0092, ref_loss = 0.0217, div_loss = 0.0084, 0.443 seconds/batch
2026-04-19 15:35:32,230 - Epoch 14, Batch 100, lr = 0.00006, final_loss = 3.8775, nll_loss = 3.7900, ref_nll_loss = 3.9650, ivc_loss = 0.0870, neg_loss_1 = 0.0123, neg_loss_2 = 0.0099, ref_loss = 0.0229, div_loss = 0.0084, 0.441 seconds/batch
2026-04-19 15:35:53,634 - Epoch 14, Batch 150, lr = 0.00006, final_loss = 3.9029, nll_loss = 3.8127, ref_nll_loss = 3.9932, ivc_loss = 0.0887, neg_loss_1 = 0.0139, neg_loss_2 = 0.0097, ref_loss = 0.0229, div_loss = 0.0084, 0.437 seconds/batch
2026-04-19 15:36:15,372 - Epoch 14, Batch 200, lr = 0.00006, final_loss = 3.9180, nll_loss = 3.8275, ref_nll_loss = 4.0085, ivc_loss = 0.0897, neg_loss_1 = 0.0144, neg_loss_2 = 0.0102, ref_loss = 0.0233, div_loss = 0.0084, 0.436 seconds/batch
2026-04-19 15:36:37,232 - Epoch 14, Batch 250, lr = 0.00006, final_loss = 3.9021, nll_loss = 3.8149, ref_nll_loss = 3.9892, ivc_loss = 0.0845, neg_loss_1 = 0.0106, neg_loss_2 = 0.0087, ref_loss = 0.0250, div_loss = 0.0080, 0.437 seconds/batch
2026-04-19 15:37:03,224 - Epoch 14, Batch 300, lr = 0.00006, final_loss = 3.8817, nll_loss = 3.7929, ref_nll_loss = 3.9706, ivc_loss = 0.0867, neg_loss_1 = 0.0107, neg_loss_2 = 0.0098, ref_loss = 0.0239, div_loss = 0.0085, 0.450 seconds/batch
2026-04-19 15:37:42,833 - Epoch 14, Batch 350, lr = 0.00006, final_loss = 3.8688, nll_loss = 3.7777, ref_nll_loss = 3.9600, ivc_loss = 0.0877, neg_loss_1 = 0.0121, neg_loss_2 = 0.0089, ref_loss = 0.0244, div_loss = 0.0085, 0.499 seconds/batch
2026-04-19 15:38:22,483 - Epoch 14, Batch 400, lr = 0.00006, final_loss = 3.9001, nll_loss = 3.8094, ref_nll_loss = 3.9908, ivc_loss = 0.0881, neg_loss_1 = 0.0122, neg_loss_2 = 0.0094, ref_loss = 0.0237, div_loss = 0.0086, 0.536 seconds/batch
2026-04-19 15:39:02,098 - Epoch 14, Batch 450, lr = 0.00006, final_loss = 3.9236, nll_loss = 3.8355, ref_nll_loss = 4.0118, ivc_loss = 0.0859, neg_loss_1 = 0.0125, neg_loss_2 = 0.0100, ref_loss = 0.0227, div_loss = 0.0081, 0.564 seconds/batch
2026-04-19 15:39:41,890 - Epoch 14, Batch 500, lr = 0.00006, final_loss = 3.8827, nll_loss = 3.7934, ref_nll_loss = 3.9719, ivc_loss = 0.0862, neg_loss_1 = 0.0136, neg_loss_2 = 0.0090, ref_loss = 0.0228, div_loss = 0.0082, 0.588 seconds/batch
2026-04-19 15:40:22,004 - Epoch 14, Batch 550, lr = 0.00006, final_loss = 3.9043, nll_loss = 3.8145, ref_nll_loss = 3.9940, ivc_loss = 0.0849, neg_loss_1 = 0.0122, neg_loss_2 = 0.0098, ref_loss = 0.0232, div_loss = 0.0079, 0.607 seconds/batch
2026-04-19 15:41:01,893 - Epoch 14, Batch 600, lr = 0.00006, final_loss = 3.9101, nll_loss = 3.8221, ref_nll_loss = 3.9981, ivc_loss = 0.0889, neg_loss_1 = 0.0127, neg_loss_2 = 0.0100, ref_loss = 0.0257, div_loss = 0.0081, 0.623 seconds/batch
2026-04-19 15:41:41,509 - Epoch 14, Batch 650, lr = 0.00006, final_loss = 3.9153, nll_loss = 3.8243, ref_nll_loss = 4.0062, ivc_loss = 0.0847, neg_loss_1 = 0.0118, neg_loss_2 = 0.0101, ref_loss = 0.0224, div_loss = 0.0081, 0.636 seconds/batch
2026-04-19 15:42:20,930 - Epoch 14, Batch 700, lr = 0.00006, final_loss = 3.8573, nll_loss = 3.7669, ref_nll_loss = 3.9477, ivc_loss = 0.0841, neg_loss_1 = 0.0112, neg_loss_2 = 0.0090, ref_loss = 0.0233, div_loss = 0.0081, 0.647 seconds/batch
2026-04-19 15:43:01,127 - Epoch 14, Batch 750, lr = 0.00006, final_loss = 3.8778, nll_loss = 3.7892, ref_nll_loss = 3.9663, ivc_loss = 0.0888, neg_loss_1 = 0.0121, neg_loss_2 = 0.0123, ref_loss = 0.0239, div_loss = 0.0081, 0.657 seconds/batch
2026-04-19 15:43:40,819 - Epoch 14, Batch 800, lr = 0.00006, final_loss = 3.8877, nll_loss = 3.8034, ref_nll_loss = 3.9720, ivc_loss = 0.0862, neg_loss_1 = 0.0108, neg_loss_2 = 0.0093, ref_loss = 0.0256, div_loss = 0.0081, 0.666 seconds/batch
2026-04-19 15:44:20,895 - Epoch 14, Batch 850, lr = 0.00006, final_loss = 3.8846, nll_loss = 3.7965, ref_nll_loss = 3.9727, ivc_loss = 0.0869, neg_loss_1 = 0.0115, neg_loss_2 = 0.0084, ref_loss = 0.0254, div_loss = 0.0083, 0.674 seconds/batch
2026-04-19 15:45:00,756 - Epoch 14, Batch 900, lr = 0.00006, final_loss = 3.8853, nll_loss = 3.7947, ref_nll_loss = 3.9759, ivc_loss = 0.0881, neg_loss_1 = 0.0116, neg_loss_2 = 0.0111, ref_loss = 0.0231, div_loss = 0.0085, 0.681 seconds/batch
2026-04-19 15:45:40,451 - Epoch 14, Batch 950, lr = 0.00006, final_loss = 3.8950, nll_loss = 3.8061, ref_nll_loss = 3.9839, ivc_loss = 0.0888, neg_loss_1 = 0.0128, neg_loss_2 = 0.0100, ref_loss = 0.0244, div_loss = 0.0083, 0.687 seconds/batch
2026-04-19 15:46:20,472 - Epoch 14, Batch 1000, lr = 0.00006, final_loss = 3.9049, nll_loss = 3.8176, ref_nll_loss = 3.9921, ivc_loss = 0.0885, neg_loss_1 = 0.0145, neg_loss_2 = 0.0097, ref_loss = 0.0241, div_loss = 0.0080, 0.692 seconds/batch
2026-04-19 15:46:59,976 - Epoch 14, Batch 1050, lr = 0.00006, final_loss = 3.9294, nll_loss = 3.8434, ref_nll_loss = 4.0154, ivc_loss = 0.0880, neg_loss_1 = 0.0125, neg_loss_2 = 0.0101, ref_loss = 0.0254, div_loss = 0.0080, 0.697 seconds/batch
2026-04-19 15:47:40,060 - Epoch 14, Batch 1100, lr = 0.00006, final_loss = 3.9428, nll_loss = 3.8539, ref_nll_loss = 4.0317, ivc_loss = 0.0852, neg_loss_1 = 0.0120, neg_loss_2 = 0.0105, ref_loss = 0.0228, div_loss = 0.0080, 0.702 seconds/batch
2026-04-19 15:48:19,418 - Epoch 14, Batch 1150, lr = 0.00006, final_loss = 3.8970, nll_loss = 3.8044, ref_nll_loss = 3.9896, ivc_loss = 0.0878, neg_loss_1 = 0.0141, neg_loss_2 = 0.0097, ref_loss = 0.0228, div_loss = 0.0082, 0.705 seconds/batch
2026-04-19 15:48:35,076 - Epoch 14, Batch 1170, lr = 0.00006, final_loss = 3.9227, nll_loss = 3.8323, ref_nll_loss = 4.0130, ivc_loss = 0.0914, neg_loss_1 = 0.0154, neg_loss_2 = 0.0108, ref_loss = 0.0233, div_loss = 0.0084, 0.707 seconds/batch
2026-04-19 15:48:35,151 - save model to checkpoints/activitynet_moe/cpl_moe/model-14.pt, num_updates 16380.
2026-04-19 15:53:00,677 - | R@1,mIoU 0.2366 | R@1,IoU@0.1 0.5612 | R@1,IoU@0.3 0.4141 | R@1,IoU@0.5 0.1624 | R@1,IoU@0.7 0.0455 | R@1,IoU@0.9 0.0026 | R@5,mIoU 0.5259 | R@5,IoU@0.1 0.9166 | R@5,IoU@0.3 0.7813 | R@5,IoU@0.5 0.5353 | R@5,IoU@0.7 0.3215 | R@5,IoU@0.9 0.0739 |
2026-04-19 15:53:00,677 - ============================================================
2026-04-19 15:53:00,677 - Start Epoch 15
2026-04-19 15:53:22,517 - Epoch 15, Batch 50, lr = 0.00006, final_loss = 3.8722, nll_loss = 3.7839, ref_nll_loss = 3.9606, ivc_loss = 0.0925, neg_loss_1 = 0.0154, neg_loss_2 = 0.0117, ref_loss = 0.0236, div_loss = 0.0084, 0.437 seconds/batch
2026-04-19 15:53:44,288 - Epoch 15, Batch 100, lr = 0.00006, final_loss = 3.8759, nll_loss = 3.7873, ref_nll_loss = 3.9645, ivc_loss = 0.0919, neg_loss_1 = 0.0175, neg_loss_2 = 0.0116, ref_loss = 0.0226, div_loss = 0.0080, 0.436 seconds/batch
2026-04-19 15:54:06,014 - Epoch 15, Batch 150, lr = 0.00006, final_loss = 3.8624, nll_loss = 3.7726, ref_nll_loss = 3.9521, ivc_loss = 0.0871, neg_loss_1 = 0.0150, neg_loss_2 = 0.0086, ref_loss = 0.0230, div_loss = 0.0081, 0.436 seconds/batch
2026-04-19 15:54:27,954 - Epoch 15, Batch 200, lr = 0.00006, final_loss = 3.8605, nll_loss = 3.7707, ref_nll_loss = 3.9503, ivc_loss = 0.0875, neg_loss_1 = 0.0127, neg_loss_2 = 0.0099, ref_loss = 0.0240, div_loss = 0.0082, 0.436 seconds/batch
2026-04-19 15:54:49,890 - Epoch 15, Batch 250, lr = 0.00006, final_loss = 3.8708, nll_loss = 3.7843, ref_nll_loss = 3.9573, ivc_loss = 0.0874, neg_loss_1 = 0.0130, neg_loss_2 = 0.0089, ref_loss = 0.0245, div_loss = 0.0082, 0.437 seconds/batch
2026-04-19 15:55:12,460 - Epoch 15, Batch 300, lr = 0.00006, final_loss = 3.8898, nll_loss = 3.8003, ref_nll_loss = 3.9794, ivc_loss = 0.0898, neg_loss_1 = 0.0132, neg_loss_2 = 0.0086, ref_loss = 0.0242, div_loss = 0.0088, 0.439 seconds/batch
2026-04-19 15:55:50,081 - Epoch 15, Batch 350, lr = 0.00006, final_loss = 3.8567, nll_loss = 3.7679, ref_nll_loss = 3.9455, ivc_loss = 0.0873, neg_loss_1 = 0.0131, neg_loss_2 = 0.0097, ref_loss = 0.0235, div_loss = 0.0082, 0.484 seconds/batch
2026-04-19 15:56:29,873 - Epoch 15, Batch 400, lr = 0.00006, final_loss = 3.8810, nll_loss = 3.7902, ref_nll_loss = 3.9718, ivc_loss = 0.0894, neg_loss_1 = 0.0144, neg_loss_2 = 0.0114, ref_loss = 0.0214, div_loss = 0.0084, 0.523 seconds/batch
2026-04-19 15:57:09,580 - Epoch 15, Batch 450, lr = 0.00006, final_loss = 3.8949, nll_loss = 3.8064, ref_nll_loss = 3.9834, ivc_loss = 0.0883, neg_loss_1 = 0.0143, neg_loss_2 = 0.0077, ref_loss = 0.0258, div_loss = 0.0081, 0.553 seconds/batch
2026-04-19 15:57:49,411 - Epoch 15, Batch 500, lr = 0.00006, final_loss = 3.8941, nll_loss = 3.8042, ref_nll_loss = 3.9839, ivc_loss = 0.0881, neg_loss_1 = 0.0129, neg_loss_2 = 0.0087, ref_loss = 0.0237, div_loss = 0.0086, 0.577 seconds/batch
2026-04-19 15:58:29,449 - Epoch 15, Batch 550, lr = 0.00006, final_loss = 3.8831, nll_loss = 3.7966, ref_nll_loss = 3.9696, ivc_loss = 0.0905, neg_loss_1 = 0.0137, neg_loss_2 = 0.0096, ref_loss = 0.0258, div_loss = 0.0083, 0.598 seconds/batch
2026-04-19 15:59:09,679 - Epoch 15, Batch 600, lr = 0.00006, final_loss = 3.9011, nll_loss = 3.8116, ref_nll_loss = 3.9905, ivc_loss = 0.0885, neg_loss_1 = 0.0130, neg_loss_2 = 0.0115, ref_loss = 0.0237, div_loss = 0.0080, 0.615 seconds/batch
2026-04-19 15:59:49,552 - Epoch 15, Batch 650, lr = 0.00006, final_loss = 3.8745, nll_loss = 3.7861, ref_nll_loss = 3.9630, ivc_loss = 0.0867, neg_loss_1 = 0.0125, neg_loss_2 = 0.0081, ref_loss = 0.0253, div_loss = 0.0082, 0.629 seconds/batch
2026-04-19 16:00:29,484 - Epoch 15, Batch 700, lr = 0.00006, final_loss = 3.8926, nll_loss = 3.8022, ref_nll_loss = 3.9831, ivc_loss = 0.0866, neg_loss_1 = 0.0127, neg_loss_2 = 0.0090, ref_loss = 0.0241, div_loss = 0.0082, 0.641 seconds/batch
2026-04-19 16:01:09,695 - Epoch 15, Batch 750, lr = 0.00006, final_loss = 3.8750, nll_loss = 3.7856, ref_nll_loss = 3.9644, ivc_loss = 0.0919, neg_loss_1 = 0.0154, neg_loss_2 = 0.0106, ref_loss = 0.0245, div_loss = 0.0083, 0.652 seconds/batch
2026-04-19 16:01:49,364 - Epoch 15, Batch 800, lr = 0.00006, final_loss = 3.8799, nll_loss = 3.7916, ref_nll_loss = 3.9683, ivc_loss = 0.0873, neg_loss_1 = 0.0120, neg_loss_2 = 0.0074, ref_loss = 0.0240, div_loss = 0.0088, 0.661 seconds/batch
2026-04-19 16:02:29,168 - Epoch 15, Batch 850, lr = 0.00006, final_loss = 3.8798, nll_loss = 3.7886, ref_nll_loss = 3.9710, ivc_loss = 0.0873, neg_loss_1 = 0.0131, neg_loss_2 = 0.0092, ref_loss = 0.0229, div_loss = 0.0084, 0.669 seconds/batch
2026-04-19 16:03:09,102 - Epoch 15, Batch 900, lr = 0.00006, final_loss = 3.8666, nll_loss = 3.7772, ref_nll_loss = 3.9560, ivc_loss = 0.0903, neg_loss_1 = 0.0134, neg_loss_2 = 0.0095, ref_loss = 0.0234, div_loss = 0.0088, 0.676 seconds/batch
2026-04-19 16:03:49,169 - Epoch 15, Batch 950, lr = 0.00006, final_loss = 3.8961, nll_loss = 3.8083, ref_nll_loss = 3.9839, ivc_loss = 0.0911, neg_loss_1 = 0.0131, neg_loss_2 = 0.0094, ref_loss = 0.0252, div_loss = 0.0087, 0.683 seconds/batch
2026-04-19 16:04:29,425 - Epoch 15, Batch 1000, lr = 0.00006, final_loss = 3.8849, nll_loss = 3.7951, ref_nll_loss = 3.9748, ivc_loss = 0.0917, neg_loss_1 = 0.0132, neg_loss_2 = 0.0100, ref_loss = 0.0238, div_loss = 0.0090, 0.689 seconds/batch
2026-04-19 16:05:09,316 - Epoch 15, Batch 1050, lr = 0.00006, final_loss = 3.9063, nll_loss = 3.8181, ref_nll_loss = 3.9945, ivc_loss = 0.0880, neg_loss_1 = 0.0144, neg_loss_2 = 0.0066, ref_loss = 0.0241, div_loss = 0.0086, 0.694 seconds/batch
2026-04-19 16:05:49,129 - Epoch 15, Batch 1100, lr = 0.00006, final_loss = 3.8437, nll_loss = 3.7527, ref_nll_loss = 3.9348, ivc_loss = 0.0869, neg_loss_1 = 0.0135, neg_loss_2 = 0.0099, ref_loss = 0.0225, div_loss = 0.0082, 0.699 seconds/batch
2026-04-19 16:06:28,878 - Epoch 15, Batch 1150, lr = 0.00006, final_loss = 3.9079, nll_loss = 3.8159, ref_nll_loss = 3.9999, ivc_loss = 0.0899, neg_loss_1 = 0.0150, neg_loss_2 = 0.0088, ref_loss = 0.0239, div_loss = 0.0084, 0.703 seconds/batch
2026-04-19 16:06:44,486 - Epoch 15, Batch 1170, lr = 0.00006, final_loss = 3.8299, nll_loss = 3.7361, ref_nll_loss = 3.9238, ivc_loss = 0.0883, neg_loss_1 = 0.0122, neg_loss_2 = 0.0112, ref_loss = 0.0225, div_loss = 0.0085, 0.704 seconds/batch
2026-04-19 16:06:44,561 - save model to checkpoints/activitynet_moe/cpl_moe/model-15.pt, num_updates 17550.
2026-04-19 16:11:14,248 - | R@1,mIoU 0.2730 | R@1,IoU@0.1 0.6543 | R@1,IoU@0.3 0.4639 | R@1,IoU@0.5 0.1881 | R@1,IoU@0.7 0.0526 | R@1,IoU@0.9 0.0035 | R@5,mIoU 0.5279 | R@5,IoU@0.1 0.9189 | R@5,IoU@0.3 0.7873 | R@5,IoU@0.5 0.5393 | R@5,IoU@0.7 0.3185 | R@5,IoU@0.9 0.0746 |
2026-04-19 16:11:14,248 - ============================================================
2026-04-19 16:11:14,248 - Start Epoch 16
2026-04-19 16:11:36,220 - Epoch 16, Batch 50, lr = 0.00006, final_loss = 3.8813, nll_loss = 3.7924, ref_nll_loss = 3.9702, ivc_loss = 0.0904, neg_loss_1 = 0.0137, neg_loss_2 = 0.0082, ref_loss = 0.0252, div_loss = 0.0087, 0.439 seconds/batch
2026-04-19 16:11:58,220 - Epoch 16, Batch 100, lr = 0.00006, final_loss = 3.8562, nll_loss = 3.7649, ref_nll_loss = 3.9476, ivc_loss = 0.0898, neg_loss_1 = 0.0135, neg_loss_2 = 0.0105, ref_loss = 0.0237, div_loss = 0.0084, 0.440 seconds/batch
2026-04-19 16:12:20,089 - Epoch 16, Batch 150, lr = 0.00006, final_loss = 3.8573, nll_loss = 3.7654, ref_nll_loss = 3.9493, ivc_loss = 0.0885, neg_loss_1 = 0.0117, neg_loss_2 = 0.0091, ref_loss = 0.0234, div_loss = 0.0089, 0.439 seconds/batch
2026-04-19 16:12:41,914 - Epoch 16, Batch 200, lr = 0.00006, final_loss = 3.8428, nll_loss = 3.7518, ref_nll_loss = 3.9337, ivc_loss = 0.0908, neg_loss_1 = 0.0142, neg_loss_2 = 0.0089, ref_loss = 0.0237, div_loss = 0.0088, 0.438 seconds/batch
2026-04-19 16:13:03,733 - Epoch 16, Batch 250, lr = 0.00006, final_loss = 3.8883, nll_loss = 3.7997, ref_nll_loss = 3.9770, ivc_loss = 0.0885, neg_loss_1 = 0.0137, neg_loss_2 = 0.0098, ref_loss = 0.0241, div_loss = 0.0082, 0.438 seconds/batch
2026-04-19 16:13:25,534 - Epoch 16, Batch 300, lr = 0.00006, final_loss = 3.8932, nll_loss = 3.7988, ref_nll_loss = 3.9876, ivc_loss = 0.0879, neg_loss_1 = 0.0146, neg_loss_2 = 0.0087, ref_loss = 0.0215, div_loss = 0.0086, 0.438 seconds/batch
2026-04-19 16:13:59,773 - Epoch 16, Batch 350, lr = 0.00006, final_loss = 3.8475, nll_loss = 3.7568, ref_nll_loss = 3.9382, ivc_loss = 0.0921, neg_loss_1 = 0.0150, neg_loss_2 = 0.0097, ref_loss = 0.0225, div_loss = 0.0090, 0.473 seconds/batch
2026-04-19 16:14:39,719 - Epoch 16, Batch 400, lr = 0.00006, final_loss = 3.8371, nll_loss = 3.7473, ref_nll_loss = 3.9269, ivc_loss = 0.0914, neg_loss_1 = 0.0131, neg_loss_2 = 0.0090, ref_loss = 0.0253, div_loss = 0.0088, 0.514 seconds/batch
2026-04-19 16:15:19,937 - Epoch 16, Batch 450, lr = 0.00006, final_loss = 3.8671, nll_loss = 3.7749, ref_nll_loss = 3.9594, ivc_loss = 0.0885, neg_loss_1 = 0.0126, neg_loss_2 = 0.0095, ref_loss = 0.0228, div_loss = 0.0087, 0.546 seconds/batch
2026-04-19 16:15:59,989 - Epoch 16, Batch 500, lr = 0.00006, final_loss = 3.8475, nll_loss = 3.7559, ref_nll_loss = 3.9391, ivc_loss = 0.0873, neg_loss_1 = 0.0117, neg_loss_2 = 0.0087, ref_loss = 0.0239, div_loss = 0.0086, 0.571 seconds/batch
2026-04-19 16:16:39,901 - Epoch 16, Batch 550, lr = 0.00006, final_loss = 3.8783, nll_loss = 3.7860, ref_nll_loss = 3.9705, ivc_loss = 0.0857, neg_loss_1 = 0.0113, neg_loss_2 = 0.0086, ref_loss = 0.0227, div_loss = 0.0086, 0.592 seconds/batch
2026-04-19 16:17:20,307 - Epoch 16, Batch 600, lr = 0.00006, final_loss = 3.8669, nll_loss = 3.7774, ref_nll_loss = 3.9565, ivc_loss = 0.0906, neg_loss_1 = 0.0149, neg_loss_2 = 0.0099, ref_loss = 0.0240, div_loss = 0.0083, 0.610 seconds/batch
2026-04-19 16:18:00,388 - Epoch 16, Batch 650, lr = 0.00006, final_loss = 3.8963, nll_loss = 3.8083, ref_nll_loss = 3.9842, ivc_loss = 0.0919, neg_loss_1 = 0.0121, neg_loss_2 = 0.0095, ref_loss = 0.0272, div_loss = 0.0086, 0.625 seconds/batch
2026-04-19 16:18:40,556 - Epoch 16, Batch 700, lr = 0.00006, final_loss = 3.8481, nll_loss = 3.7566, ref_nll_loss = 3.9396, ivc_loss = 0.0881, neg_loss_1 = 0.0108, neg_loss_2 = 0.0101, ref_loss = 0.0233, div_loss = 0.0088, 0.638 seconds/batch
2026-04-19 16:19:20,323 - Epoch 16, Batch 750, lr = 0.00006, final_loss = 3.8404, nll_loss = 3.7505, ref_nll_loss = 3.9303, ivc_loss = 0.0902, neg_loss_1 = 0.0144, neg_loss_2 = 0.0093, ref_loss = 0.0228, div_loss = 0.0088, 0.648 seconds/batch
2026-04-19 16:19:59,563 - Epoch 16, Batch 800, lr = 0.00006, final_loss = 3.8700, nll_loss = 3.7796, ref_nll_loss = 3.9604, ivc_loss = 0.0838, neg_loss_1 = 0.0103, neg_loss_2 = 0.0067, ref_loss = 0.0230, div_loss = 0.0088, 0.657 seconds/batch
2026-04-19 16:20:38,842 - Epoch 16, Batch 850, lr = 0.00006, final_loss = 3.8490, nll_loss = 3.7575, ref_nll_loss = 3.9405, ivc_loss = 0.0900, neg_loss_1 = 0.0138, neg_loss_2 = 0.0096, ref_loss = 0.0222, div_loss = 0.0089, 0.664 seconds/batch
2026-04-19 16:21:19,104 - Epoch 16, Batch 900, lr = 0.00006, final_loss = 3.8597, nll_loss = 3.7691, ref_nll_loss = 3.9503, ivc_loss = 0.0886, neg_loss_1 = 0.0120, neg_loss_2 = 0.0080, ref_loss = 0.0237, div_loss = 0.0090, 0.672 seconds/batch
2026-04-19 16:21:59,475 - Epoch 16, Batch 950, lr = 0.00006, final_loss = 3.8797, nll_loss = 3.7903, ref_nll_loss = 3.9690, ivc_loss = 0.0934, neg_loss_1 = 0.0147, neg_loss_2 = 0.0110, ref_loss = 0.0239, div_loss = 0.0088, 0.679 seconds/batch
2026-04-19 16:22:39,591 - Epoch 16, Batch 1000, lr = 0.00006, final_loss = 3.8909, nll_loss = 3.8011, ref_nll_loss = 3.9806, ivc_loss = 0.0904, neg_loss_1 = 0.0141, neg_loss_2 = 0.0097, ref_loss = 0.0229, div_loss = 0.0087, 0.685 seconds/batch
2026-04-19 16:23:19,607 - Epoch 16, Batch 1050, lr = 0.00006, final_loss = 3.8712, nll_loss = 3.7777, ref_nll_loss = 3.9648, ivc_loss = 0.0901, neg_loss_1 = 0.0151, neg_loss_2 = 0.0092, ref_loss = 0.0208, div_loss = 0.0090, 0.691 seconds/batch
2026-04-19 16:23:59,512 - Epoch 16, Batch 1100, lr = 0.00006, final_loss = 3.8505, nll_loss = 3.7621, ref_nll_loss = 3.9389, ivc_loss = 0.0898, neg_loss_1 = 0.0126, neg_loss_2 = 0.0104, ref_loss = 0.0245, div_loss = 0.0085, 0.696 seconds/batch
2026-04-19 16:24:38,782 - Epoch 16, Batch 1150, lr = 0.00006, final_loss = 3.8677, nll_loss = 3.7762, ref_nll_loss = 3.9592, ivc_loss = 0.0899, neg_loss_1 = 0.0152, neg_loss_2 = 0.0095, ref_loss = 0.0237, div_loss = 0.0083, 0.700 seconds/batch
2026-04-19 16:24:54,358 - Epoch 16, Batch 1170, lr = 0.00006, final_loss = 3.8217, nll_loss = 3.7316, ref_nll_loss = 3.9117, ivc_loss = 0.0909, neg_loss_1 = 0.0163, neg_loss_2 = 0.0107, ref_loss = 0.0226, div_loss = 0.0082, 0.701 seconds/batch
2026-04-19 16:24:54,429 - save model to checkpoints/activitynet_moe/cpl_moe/model-16.pt, num_updates 18720.
2026-04-19 16:29:28,660 - | R@1,mIoU 0.3192 | R@1,IoU@0.1 0.7336 | R@1,IoU@0.3 0.5431 | R@1,IoU@0.5 0.2339 | R@1,IoU@0.7 0.0752 | R@1,IoU@0.9 0.0093 | R@5,mIoU 0.5293 | R@5,IoU@0.1 0.9214 | R@5,IoU@0.3 0.7920 | R@5,IoU@0.5 0.5437 | R@5,IoU@0.7 0.3195 | R@5,IoU@0.9 0.0749 |
2026-04-19 16:29:28,660 - ============================================================
2026-04-19 16:29:28,660 - Start Epoch 17
2026-04-19 16:29:50,870 - Epoch 17, Batch 50, lr = 0.00006, final_loss = 3.8400, nll_loss = 3.7476, ref_nll_loss = 3.9323, ivc_loss = 0.0906, neg_loss_1 = 0.0151, neg_loss_2 = 0.0092, ref_loss = 0.0240, div_loss = 0.0085, 0.444 seconds/batch
2026-04-19 16:30:12,585 - Epoch 17, Batch 100, lr = 0.00006, final_loss = 3.8756, nll_loss = 3.7849, ref_nll_loss = 3.9664, ivc_loss = 0.0920, neg_loss_1 = 0.0154, neg_loss_2 = 0.0087, ref_loss = 0.0233, div_loss = 0.0089, 0.439 seconds/batch
2026-04-19 16:30:34,330 - Epoch 17, Batch 150, lr = 0.00006, final_loss = 3.8147, nll_loss = 3.7222, ref_nll_loss = 3.9072, ivc_loss = 0.0905, neg_loss_1 = 0.0157, neg_loss_2 = 0.0069, ref_loss = 0.0216, div_loss = 0.0092, 0.438 seconds/batch
2026-04-19 16:30:56,199 - Epoch 17, Batch 200, lr = 0.00006, final_loss = 3.8609, nll_loss = 3.7709, ref_nll_loss = 3.9510, ivc_loss = 0.0896, neg_loss_1 = 0.0146, neg_loss_2 = 0.0083, ref_loss = 0.0228, div_loss = 0.0088, 0.438 seconds/batch
2026-04-19 16:31:17,914 - Epoch 17, Batch 250, lr = 0.00006, final_loss = 3.8299, nll_loss = 3.7365, ref_nll_loss = 3.9233, ivc_loss = 0.0888, neg_loss_1 = 0.0136, neg_loss_2 = 0.0091, ref_loss = 0.0225, div_loss = 0.0087, 0.437 seconds/batch
2026-04-19 16:31:39,509 - Epoch 17, Batch 300, lr = 0.00006, final_loss = 3.8645, nll_loss = 3.7754, ref_nll_loss = 3.9536, ivc_loss = 0.0919, neg_loss_1 = 0.0168, neg_loss_2 = 0.0081, ref_loss = 0.0249, div_loss = 0.0084, 0.436 seconds/batch
2026-04-19 16:32:08,127 - Epoch 17, Batch 350, lr = 0.00006, final_loss = 3.8615, nll_loss = 3.7706, ref_nll_loss = 3.9524, ivc_loss = 0.0876, neg_loss_1 = 0.0106, neg_loss_2 = 0.0082, ref_loss = 0.0235, div_loss = 0.0091, 0.456 seconds/batch
2026-04-19 16:32:47,984 - Epoch 17, Batch 400, lr = 0.00006, final_loss = 3.8737, nll_loss = 3.7823, ref_nll_loss = 3.9651, ivc_loss = 0.0883, neg_loss_1 = 0.0134, neg_loss_2 = 0.0086, ref_loss = 0.0222, div_loss = 0.0088, 0.498 seconds/batch
2026-04-19 16:33:28,252 - Epoch 17, Batch 450, lr = 0.00006, final_loss = 3.8318, nll_loss = 3.7409, ref_nll_loss = 3.9228, ivc_loss = 0.0898, neg_loss_1 = 0.0136, neg_loss_2 = 0.0099, ref_loss = 0.0236, div_loss = 0.0085, 0.532 seconds/batch
2026-04-19 16:34:08,213 - Epoch 17, Batch 500, lr = 0.00006, final_loss = 3.8414, nll_loss = 3.7491, ref_nll_loss = 3.9337, ivc_loss = 0.0923, neg_loss_1 = 0.0151, neg_loss_2 = 0.0101, ref_loss = 0.0222, div_loss = 0.0090, 0.559 seconds/batch
2026-04-19 16:34:48,229 - Epoch 17, Batch 550, lr = 0.00006, final_loss = 3.8649, nll_loss = 3.7694, ref_nll_loss = 3.9604, ivc_loss = 0.0911, neg_loss_1 = 0.0130, neg_loss_2 = 0.0102, ref_loss = 0.0222, div_loss = 0.0091, 0.581 seconds/batch
2026-04-19 16:35:27,786 - Epoch 17, Batch 600, lr = 0.00006, final_loss = 3.8448, nll_loss = 3.7522, ref_nll_loss = 3.9375, ivc_loss = 0.0922, neg_loss_1 = 0.0163, neg_loss_2 = 0.0093, ref_loss = 0.0220, div_loss = 0.0089, 0.599 seconds/batch
2026-04-19 16:36:07,459 - Epoch 17, Batch 650, lr = 0.00006, final_loss = 3.8090, nll_loss = 3.7158, ref_nll_loss = 3.9022, ivc_loss = 0.0869, neg_loss_1 = 0.0140, neg_loss_2 = 0.0082, ref_loss = 0.0222, div_loss = 0.0085, 0.614 seconds/batch
2026-04-19 16:36:47,320 - Epoch 17, Batch 700, lr = 0.00006, final_loss = 3.8298, nll_loss = 3.7355, ref_nll_loss = 3.9242, ivc_loss = 0.0897, neg_loss_1 = 0.0154, neg_loss_2 = 0.0101, ref_loss = 0.0226, div_loss = 0.0083, 0.627 seconds/batch
2026-04-19 16:37:27,388 - Epoch 17, Batch 750, lr = 0.00006, final_loss = 3.8355, nll_loss = 3.7428, ref_nll_loss = 3.9281, ivc_loss = 0.0905, neg_loss_1 = 0.0156, neg_loss_2 = 0.0091, ref_loss = 0.0226, div_loss = 0.0086, 0.638 seconds/batch
2026-04-19 16:38:07,186 - Epoch 17, Batch 800, lr = 0.00006, final_loss = 3.8345, nll_loss = 3.7434, ref_nll_loss = 3.9256, ivc_loss = 0.0928, neg_loss_1 = 0.0134, neg_loss_2 = 0.0107, ref_loss = 0.0243, div_loss = 0.0089, 0.648 seconds/batch
2026-04-19 16:38:46,913 - Epoch 17, Batch 850, lr = 0.00006, final_loss = 3.8525, nll_loss = 3.7597, ref_nll_loss = 3.9453, ivc_loss = 0.0896, neg_loss_1 = 0.0133, neg_loss_2 = 0.0086, ref_loss = 0.0230, div_loss = 0.0089, 0.657 seconds/batch
2026-04-19 16:39:26,882 - Epoch 17, Batch 900, lr = 0.00006, final_loss = 3.8717, nll_loss = 3.7768, ref_nll_loss = 3.9665, ivc_loss = 0.0841, neg_loss_1 = 0.0129, neg_loss_2 = 0.0086, ref_loss = 0.0203, div_loss = 0.0085, 0.665 seconds/batch
2026-04-19 16:40:06,835 - Epoch 17, Batch 950, lr = 0.00006, final_loss = 3.8697, nll_loss = 3.7754, ref_nll_loss = 3.9640, ivc_loss = 0.0911, neg_loss_1 = 0.0164, neg_loss_2 = 0.0086, ref_loss = 0.0224, div_loss = 0.0088, 0.672 seconds/batch
2026-04-19 16:40:46,341 - Epoch 17, Batch 1000, lr = 0.00006, final_loss = 3.8728, nll_loss = 3.7811, ref_nll_loss = 3.9645, ivc_loss = 0.0903, neg_loss_1 = 0.0138, neg_loss_2 = 0.0085, ref_loss = 0.0231, div_loss = 0.0090, 0.678 seconds/batch
2026-04-19 16:41:25,921 - Epoch 17, Batch 1050, lr = 0.00006, final_loss = 3.8143, nll_loss = 3.7229, ref_nll_loss = 3.9058, ivc_loss = 0.0938, neg_loss_1 = 0.0152, neg_loss_2 = 0.0113, ref_loss = 0.0233, div_loss = 0.0088, 0.683 seconds/batch
2026-04-19 16:42:05,494 - Epoch 17, Batch 1100, lr = 0.00006, final_loss = 3.8398, nll_loss = 3.7447, ref_nll_loss = 3.9349, ivc_loss = 0.0904, neg_loss_1 = 0.0166, neg_loss_2 = 0.0100, ref_loss = 0.0210, div_loss = 0.0086, 0.688 seconds/batch
2026-04-19 16:42:45,366 - Epoch 17, Batch 1150, lr = 0.00006, final_loss = 3.8653, nll_loss = 3.7715, ref_nll_loss = 3.9591, ivc_loss = 0.0885, neg_loss_1 = 0.0153, neg_loss_2 = 0.0096, ref_loss = 0.0204, div_loss = 0.0086, 0.693 seconds/batch
2026-04-19 16:43:01,024 - Epoch 17, Batch 1170, lr = 0.00006, final_loss = 3.8476, nll_loss = 3.7509, ref_nll_loss = 3.9443, ivc_loss = 0.0854, neg_loss_1 = 0.0124, neg_loss_2 = 0.0087, ref_loss = 0.0207, div_loss = 0.0087, 0.694 seconds/batch
2026-04-19 16:43:01,100 - save model to checkpoints/activitynet_moe/cpl_moe/model-17.pt, num_updates 19890.
2026-04-19 16:47:41,712 - | R@1,mIoU 0.3284 | R@1,IoU@0.1 0.7382 | R@1,IoU@0.3 0.5567 | R@1,IoU@0.5 0.2562 | R@1,IoU@0.7 0.0858 | R@1,IoU@0.9 0.0086 | R@5,mIoU 0.5288 | R@5,IoU@0.1 0.9228 | R@5,IoU@0.3 0.7907 | R@5,IoU@0.5 0.5438 | R@5,IoU@0.7 0.3179 | R@5,IoU@0.9 0.0704 |
2026-04-19 16:47:41,712 - ============================================================
2026-04-19 16:47:41,712 - Start Epoch 18
2026-04-19 16:48:03,846 - Epoch 18, Batch 50, lr = 0.00006, final_loss = 3.8304, nll_loss = 3.7382, ref_nll_loss = 3.9227, ivc_loss = 0.0909, neg_loss_1 = 0.0148, neg_loss_2 = 0.0101, ref_loss = 0.0227, div_loss = 0.0087, 0.443 seconds/batch
2026-04-19 16:48:25,477 - Epoch 18, Batch 100, lr = 0.00006, final_loss = 3.8351, nll_loss = 3.7463, ref_nll_loss = 3.9238, ivc_loss = 0.0957, neg_loss_1 = 0.0154, neg_loss_2 = 0.0123, ref_loss = 0.0242, div_loss = 0.0087, 0.438 seconds/batch
2026-04-19 16:48:47,172 - Epoch 18, Batch 150, lr = 0.00006, final_loss = 3.8192, nll_loss = 3.7278, ref_nll_loss = 3.9107, ivc_loss = 0.0907, neg_loss_1 = 0.0144, neg_loss_2 = 0.0094, ref_loss = 0.0226, div_loss = 0.0089, 0.436 seconds/batch
2026-04-19 16:49:08,646 - Epoch 18, Batch 200, lr = 0.00006, final_loss = 3.8204, nll_loss = 3.7281, ref_nll_loss = 3.9127, ivc_loss = 0.0909, neg_loss_1 = 0.0164, neg_loss_2 = 0.0086, ref_loss = 0.0235, div_loss = 0.0085, 0.435 seconds/batch
2026-04-19 16:49:30,529 - Epoch 18, Batch 250, lr = 0.00006, final_loss = 3.8321, nll_loss = 3.7373, ref_nll_loss = 3.9269, ivc_loss = 0.0884, neg_loss_1 = 0.0142, neg_loss_2 = 0.0107, ref_loss = 0.0226, div_loss = 0.0082, 0.435 seconds/batch
2026-04-19 16:49:52,287 - Epoch 18, Batch 300, lr = 0.00006, final_loss = 3.8201, nll_loss = 3.7304, ref_nll_loss = 3.9099, ivc_loss = 0.0929, neg_loss_1 = 0.0151, neg_loss_2 = 0.0113, ref_loss = 0.0234, div_loss = 0.0086, 0.435 seconds/batch
2026-04-19 16:50:17,187 - Epoch 18, Batch 350, lr = 0.00006, final_loss = 3.8348, nll_loss = 3.7396, ref_nll_loss = 3.9300, ivc_loss = 0.0870, neg_loss_1 = 0.0121, neg_loss_2 = 0.0089, ref_loss = 0.0210, div_loss = 0.0090, 0.444 seconds/batch
2026-04-19 16:50:56,597 - Epoch 18, Batch 400, lr = 0.00006, final_loss = 3.8097, nll_loss = 3.7152, ref_nll_loss = 3.9042, ivc_loss = 0.0904, neg_loss_1 = 0.0131, neg_loss_2 = 0.0108, ref_loss = 0.0217, div_loss = 0.0090, 0.487 seconds/batch
2026-04-19 16:51:36,202 - Epoch 18, Batch 450, lr = 0.00006, final_loss = 3.8474, nll_loss = 3.7485, ref_nll_loss = 3.9462, ivc_loss = 0.0896, neg_loss_1 = 0.0128, neg_loss_2 = 0.0123, ref_loss = 0.0200, div_loss = 0.0089, 0.521 seconds/batch
2026-04-19 16:52:16,087 - Epoch 18, Batch 500, lr = 0.00006, final_loss = 3.8283, nll_loss = 3.7357, ref_nll_loss = 3.9210, ivc_loss = 0.0925, neg_loss_1 = 0.0177, neg_loss_2 = 0.0091, ref_loss = 0.0232, div_loss = 0.0085, 0.549 seconds/batch
2026-04-19 16:52:55,338 - Epoch 18, Batch 550, lr = 0.00006, final_loss = 3.8193, nll_loss = 3.7222, ref_nll_loss = 3.9164, ivc_loss = 0.0881, neg_loss_1 = 0.0122, neg_loss_2 = 0.0096, ref_loss = 0.0208, div_loss = 0.0091, 0.570 seconds/batch
2026-04-19 16:53:35,384 - Epoch 18, Batch 600, lr = 0.00006, final_loss = 3.8333, nll_loss = 3.7409, ref_nll_loss = 3.9258, ivc_loss = 0.0895, neg_loss_1 = 0.0128, neg_loss_2 = 0.0080, ref_loss = 0.0234, div_loss = 0.0091, 0.589 seconds/batch
2026-04-19 16:54:15,386 - Epoch 18, Batch 650, lr = 0.00006, final_loss = 3.8283, nll_loss = 3.7388, ref_nll_loss = 3.9179, ivc_loss = 0.0954, neg_loss_1 = 0.0153, neg_loss_2 = 0.0115, ref_loss = 0.0251, div_loss = 0.0087, 0.606 seconds/batch
2026-04-19 16:54:55,611 - Epoch 18, Batch 700, lr = 0.00006, final_loss = 3.8365, nll_loss = 3.7417, ref_nll_loss = 3.9312, ivc_loss = 0.0889, neg_loss_1 = 0.0132, neg_loss_2 = 0.0093, ref_loss = 0.0227, div_loss = 0.0087, 0.620 seconds/batch
2026-04-19 16:55:35,675 - Epoch 18, Batch 750, lr = 0.00006, final_loss = 3.8523, nll_loss = 3.7583, ref_nll_loss = 3.9463, ivc_loss = 0.0927, neg_loss_1 = 0.0133, neg_loss_2 = 0.0094, ref_loss = 0.0238, div_loss = 0.0092, 0.632 seconds/batch
2026-04-19 16:56:15,006 - Epoch 18, Batch 800, lr = 0.00006, final_loss = 3.8529, nll_loss = 3.7561, ref_nll_loss = 3.9497, ivc_loss = 0.0887, neg_loss_1 = 0.0122, neg_loss_2 = 0.0094, ref_loss = 0.0217, div_loss = 0.0091, 0.642 seconds/batch
2026-04-19 16:56:55,122 - Epoch 18, Batch 850, lr = 0.00006, final_loss = 3.8393, nll_loss = 3.7493, ref_nll_loss = 3.9292, ivc_loss = 0.0957, neg_loss_1 = 0.0168, neg_loss_2 = 0.0100, ref_loss = 0.0237, div_loss = 0.0090, 0.651 seconds/batch
2026-04-19 16:57:34,493 - Epoch 18, Batch 900, lr = 0.00006, final_loss = 3.8623, nll_loss = 3.7677, ref_nll_loss = 3.9568, ivc_loss = 0.0908, neg_loss_1 = 0.0174, neg_loss_2 = 0.0082, ref_loss = 0.0212, div_loss = 0.0088, 0.659 seconds/batch
2026-04-19 16:58:13,801 - Epoch 18, Batch 950, lr = 0.00006, final_loss = 3.8104, nll_loss = 3.7168, ref_nll_loss = 3.9041, ivc_loss = 0.0902, neg_loss_1 = 0.0129, neg_loss_2 = 0.0098, ref_loss = 0.0226, div_loss = 0.0090, 0.665 seconds/batch
2026-04-19 16:58:53,808 - Epoch 18, Batch 1000, lr = 0.00006, final_loss = 3.8493, nll_loss = 3.7555, ref_nll_loss = 3.9431, ivc_loss = 0.0934, neg_loss_1 = 0.0159, neg_loss_2 = 0.0097, ref_loss = 0.0236, div_loss = 0.0089, 0.672 seconds/batch
2026-04-19 16:59:34,167 - Epoch 18, Batch 1050, lr = 0.00006, final_loss = 3.8037, nll_loss = 3.7091, ref_nll_loss = 3.8984, ivc_loss = 0.0865, neg_loss_1 = 0.0117, neg_loss_2 = 0.0091, ref_loss = 0.0206, div_loss = 0.0090, 0.679 seconds/batch
2026-04-19 17:00:13,967 - Epoch 18, Batch 1100, lr = 0.00006, final_loss = 3.8390, nll_loss = 3.7469, ref_nll_loss = 3.9311, ivc_loss = 0.0928, neg_loss_1 = 0.0144, neg_loss_2 = 0.0094, ref_loss = 0.0242, div_loss = 0.0090, 0.684 seconds/batch
2026-04-19 17:00:53,794 - Epoch 18, Batch 1150, lr = 0.00006, final_loss = 3.8541, nll_loss = 3.7578, ref_nll_loss = 3.9504, ivc_loss = 0.0879, neg_loss_1 = 0.0131, neg_loss_2 = 0.0086, ref_loss = 0.0219, div_loss = 0.0089, 0.689 seconds/batch
2026-04-19 17:01:09,446 - Epoch 18, Batch 1170, lr = 0.00006, final_loss = 3.8353, nll_loss = 3.7440, ref_nll_loss = 3.9265, ivc_loss = 0.0933, neg_loss_1 = 0.0134, neg_loss_2 = 0.0134, ref_loss = 0.0237, div_loss = 0.0086, 0.690 seconds/batch
2026-04-19 17:01:09,518 - save model to checkpoints/activitynet_moe/cpl_moe/model-18.pt, num_updates 21060.
2026-04-19 17:05:54,817 - | R@1,mIoU 0.2860 | R@1,IoU@0.1 0.6637 | R@1,IoU@0.3 0.4851 | R@1,IoU@0.5 0.2084 | R@1,IoU@0.7 0.0672 | R@1,IoU@0.9 0.0065 | R@5,mIoU 0.5261 | R@5,IoU@0.1 0.9194 | R@5,IoU@0.3 0.7861 | R@5,IoU@0.5 0.5394 | R@5,IoU@0.7 0.3155 | R@5,IoU@0.9 0.0737 |
2026-04-19 17:05:54,817 - ============================================================
2026-04-19 17:05:54,817 - Start Epoch 19
2026-04-19 17:06:16,919 - Epoch 19, Batch 50, lr = 0.00006, final_loss = 3.8178, nll_loss = 3.7225, ref_nll_loss = 3.9130, ivc_loss = 0.0967, neg_loss_1 = 0.0179, neg_loss_2 = 0.0093, ref_loss = 0.0247, div_loss = 0.0090, 0.442 seconds/batch
2026-04-19 17:06:38,758 - Epoch 19, Batch 100, lr = 0.00005, final_loss = 3.8161, nll_loss = 3.7248, ref_nll_loss = 3.9073, ivc_loss = 0.0909, neg_loss_1 = 0.0125, neg_loss_2 = 0.0114, ref_loss = 0.0231, div_loss = 0.0088, 0.439 seconds/batch
2026-04-19 17:07:00,553 - Epoch 19, Batch 150, lr = 0.00005, final_loss = 3.8208, nll_loss = 3.7238, ref_nll_loss = 3.9179, ivc_loss = 0.0914, neg_loss_1 = 0.0174, neg_loss_2 = 0.0100, ref_loss = 0.0206, div_loss = 0.0087, 0.438 seconds/batch
2026-04-19 17:07:22,111 - Epoch 19, Batch 200, lr = 0.00005, final_loss = 3.8031, nll_loss = 3.7091, ref_nll_loss = 3.8971, ivc_loss = 0.0928, neg_loss_1 = 0.0162, neg_loss_2 = 0.0112, ref_loss = 0.0226, div_loss = 0.0086, 0.436 seconds/batch
2026-04-19 17:07:43,527 - Epoch 19, Batch 250, lr = 0.00005, final_loss = 3.8074, nll_loss = 3.7162, ref_nll_loss = 3.8986, ivc_loss = 0.0907, neg_loss_1 = 0.0145, neg_loss_2 = 0.0096, ref_loss = 0.0232, div_loss = 0.0087, 0.435 seconds/batch
2026-04-19 17:08:05,294 - Epoch 19, Batch 300, lr = 0.00005, final_loss = 3.8060, nll_loss = 3.7109, ref_nll_loss = 3.9011, ivc_loss = 0.0887, neg_loss_1 = 0.0143, neg_loss_2 = 0.0085, ref_loss = 0.0227, div_loss = 0.0087, 0.435 seconds/batch
2026-04-19 17:08:28,474 - Epoch 19, Batch 350, lr = 0.00005, final_loss = 3.8063, nll_loss = 3.7159, ref_nll_loss = 3.8966, ivc_loss = 0.0929, neg_loss_1 = 0.0150, neg_loss_2 = 0.0086, ref_loss = 0.0238, div_loss = 0.0091, 0.439 seconds/batch
2026-04-19 17:09:05,408 - Epoch 19, Batch 400, lr = 0.00005, final_loss = 3.8455, nll_loss = 3.7521, ref_nll_loss = 3.9389, ivc_loss = 0.0904, neg_loss_1 = 0.0150, neg_loss_2 = 0.0091, ref_loss = 0.0206, div_loss = 0.0091, 0.476 seconds/batch
2026-04-19 17:09:45,224 - Epoch 19, Batch 450, lr = 0.00005, final_loss = 3.8047, nll_loss = 3.7103, ref_nll_loss = 3.8990, ivc_loss = 0.0932, neg_loss_1 = 0.0147, neg_loss_2 = 0.0095, ref_loss = 0.0237, div_loss = 0.0091, 0.512 seconds/batch
2026-04-19 17:10:25,019 - Epoch 19, Batch 500, lr = 0.00005, final_loss = 3.8054, nll_loss = 3.7116, ref_nll_loss = 3.8991, ivc_loss = 0.0946, neg_loss_1 = 0.0167, neg_loss_2 = 0.0101, ref_loss = 0.0234, div_loss = 0.0089, 0.540 seconds/batch
2026-04-19 17:11:04,526 - Epoch 19, Batch 550, lr = 0.00005, final_loss = 3.8151, nll_loss = 3.7214, ref_nll_loss = 3.9088, ivc_loss = 0.0897, neg_loss_1 = 0.0147, neg_loss_2 = 0.0084, ref_loss = 0.0215, div_loss = 0.0090, 0.563 seconds/batch
2026-04-19 17:11:44,059 - Epoch 19, Batch 600, lr = 0.00005, final_loss = 3.8335, nll_loss = 3.7404, ref_nll_loss = 3.9266, ivc_loss = 0.0923, neg_loss_1 = 0.0140, neg_loss_2 = 0.0113, ref_loss = 0.0225, div_loss = 0.0089, 0.582 seconds/batch
2026-04-19 17:12:23,717 - Epoch 19, Batch 650, lr = 0.00005, final_loss = 3.8166, nll_loss = 3.7223, ref_nll_loss = 3.9110, ivc_loss = 0.0919, neg_loss_1 = 0.0162, neg_loss_2 = 0.0094, ref_loss = 0.0223, div_loss = 0.0088, 0.598 seconds/batch
2026-04-19 17:13:03,566 - Epoch 19, Batch 700, lr = 0.00005, final_loss = 3.8247, nll_loss = 3.7287, ref_nll_loss = 3.9207, ivc_loss = 0.0897, neg_loss_1 = 0.0130, neg_loss_2 = 0.0089, ref_loss = 0.0212, div_loss = 0.0093, 0.612 seconds/batch
2026-04-19 17:13:43,881 - Epoch 19, Batch 750, lr = 0.00005, final_loss = 3.8015, nll_loss = 3.7083, ref_nll_loss = 3.8948, ivc_loss = 0.0926, neg_loss_1 = 0.0146, neg_loss_2 = 0.0075, ref_loss = 0.0237, div_loss = 0.0094, 0.625 seconds/batch
2026-04-19 17:14:23,566 - Epoch 19, Batch 800, lr = 0.00005, final_loss = 3.8114, nll_loss = 3.7157, ref_nll_loss = 3.9070, ivc_loss = 0.0917, neg_loss_1 = 0.0141, neg_loss_2 = 0.0093, ref_loss = 0.0223, div_loss = 0.0092, 0.636 seconds/batch
2026-04-19 17:15:03,576 - Epoch 19, Batch 850, lr = 0.00005, final_loss = 3.8150, nll_loss = 3.7209, ref_nll_loss = 3.9092, ivc_loss = 0.0906, neg_loss_1 = 0.0123, neg_loss_2 = 0.0090, ref_loss = 0.0238, div_loss = 0.0091, 0.646 seconds/batch
2026-04-19 17:15:43,441 - Epoch 19, Batch 900, lr = 0.00005, final_loss = 3.8153, nll_loss = 3.7247, ref_nll_loss = 3.9059, ivc_loss = 0.0919, neg_loss_1 = 0.0135, neg_loss_2 = 0.0101, ref_loss = 0.0239, div_loss = 0.0089, 0.654 seconds/batch
2026-04-19 17:16:23,134 - Epoch 19, Batch 950, lr = 0.00005, final_loss = 3.8069, nll_loss = 3.7116, ref_nll_loss = 3.9022, ivc_loss = 0.0877, neg_loss_1 = 0.0140, neg_loss_2 = 0.0078, ref_loss = 0.0217, div_loss = 0.0088, 0.661 seconds/batch
2026-04-19 17:17:02,977 - Epoch 19, Batch 1000, lr = 0.00005, final_loss = 3.8565, nll_loss = 3.7615, ref_nll_loss = 3.9515, ivc_loss = 0.0916, neg_loss_1 = 0.0136, neg_loss_2 = 0.0108, ref_loss = 0.0220, div_loss = 0.0091, 0.668 seconds/batch
2026-04-19 17:17:42,517 - Epoch 19, Batch 1050, lr = 0.00005, final_loss = 3.8606, nll_loss = 3.7620, ref_nll_loss = 3.9593, ivc_loss = 0.0897, neg_loss_1 = 0.0123, neg_loss_2 = 0.0093, ref_loss = 0.0215, div_loss = 0.0093, 0.674 seconds/batch
2026-04-19 17:18:22,528 - Epoch 19, Batch 1100, lr = 0.00005, final_loss = 3.8131, nll_loss = 3.7197, ref_nll_loss = 3.9066, ivc_loss = 0.0895, neg_loss_1 = 0.0130, neg_loss_2 = 0.0095, ref_loss = 0.0233, div_loss = 0.0088, 0.680 seconds/batch
2026-04-19 17:19:02,697 - Epoch 19, Batch 1150, lr = 0.00005, final_loss = 3.8346, nll_loss = 3.7406, ref_nll_loss = 3.9286, ivc_loss = 0.0882, neg_loss_1 = 0.0125, neg_loss_2 = 0.0091, ref_loss = 0.0221, div_loss = 0.0089, 0.685 seconds/batch
2026-04-19 17:19:18,386 - Epoch 19, Batch 1170, lr = 0.00005, final_loss = 3.8436, nll_loss = 3.7520, ref_nll_loss = 3.9353, ivc_loss = 0.0950, neg_loss_1 = 0.0150, neg_loss_2 = 0.0100, ref_loss = 0.0257, div_loss = 0.0089, 0.687 seconds/batch
2026-04-19 17:19:18,463 - save model to checkpoints/activitynet_moe/cpl_moe/model-19.pt, num_updates 22230.
2026-04-19 17:24:07,026 - | R@1,mIoU 0.3167 | R@1,IoU@0.1 0.7232 | R@1,IoU@0.3 0.5388 | R@1,IoU@0.5 0.2379 | R@1,IoU@0.7 0.0727 | R@1,IoU@0.9 0.0065 | R@5,mIoU 0.5268 | R@5,IoU@0.1 0.9203 | R@5,IoU@0.3 0.7861 | R@5,IoU@0.5 0.5415 | R@5,IoU@0.7 0.3149 | R@5,IoU@0.9 0.0728 |
2026-04-19 17:24:07,027 - ============================================================
2026-04-19 17:24:07,027 - Start Epoch 20
2026-04-19 17:24:28,925 - Epoch 20, Batch 50, lr = 0.00005, final_loss = 3.7898, nll_loss = 3.6951, ref_nll_loss = 3.8846, ivc_loss = 0.0896, neg_loss_1 = 0.0138, neg_loss_2 = 0.0103, ref_loss = 0.0211, div_loss = 0.0089, 0.438 seconds/batch
2026-04-19 17:24:50,951 - Epoch 20, Batch 100, lr = 0.00005, final_loss = 3.8150, nll_loss = 3.7191, ref_nll_loss = 3.9109, ivc_loss = 0.0907, neg_loss_1 = 0.0141, neg_loss_2 = 0.0105, ref_loss = 0.0228, div_loss = 0.0086, 0.439 seconds/batch
2026-04-19 17:25:12,822 - Epoch 20, Batch 150, lr = 0.00005, final_loss = 3.7889, nll_loss = 3.6934, ref_nll_loss = 3.8843, ivc_loss = 0.0894, neg_loss_1 = 0.0131, neg_loss_2 = 0.0094, ref_loss = 0.0217, div_loss = 0.0090, 0.439 seconds/batch
2026-04-19 17:25:34,446 - Epoch 20, Batch 200, lr = 0.00005, final_loss = 3.7778, nll_loss = 3.6851, ref_nll_loss = 3.8705, ivc_loss = 0.0945, neg_loss_1 = 0.0153, neg_loss_2 = 0.0104, ref_loss = 0.0226, div_loss = 0.0092, 0.437 seconds/batch
2026-04-19 17:25:56,122 - Epoch 20, Batch 250, lr = 0.00005, final_loss = 3.7963, nll_loss = 3.7017, ref_nll_loss = 3.8908, ivc_loss = 0.0904, neg_loss_1 = 0.0149, neg_loss_2 = 0.0088, ref_loss = 0.0219, div_loss = 0.0090, 0.436 seconds/batch
2026-04-19 17:26:17,800 - Epoch 20, Batch 300, lr = 0.00005, final_loss = 3.8120, nll_loss = 3.7134, ref_nll_loss = 3.9105, ivc_loss = 0.0900, neg_loss_1 = 0.0147, neg_loss_2 = 0.0098, ref_loss = 0.0198, div_loss = 0.0091, 0.436 seconds/batch
2026-04-19 17:26:39,542 - Epoch 20, Batch 350, lr = 0.00005, final_loss = 3.8213, nll_loss = 3.7271, ref_nll_loss = 3.9154, ivc_loss = 0.0915, neg_loss_1 = 0.0129, neg_loss_2 = 0.0088, ref_loss = 0.0241, div_loss = 0.0091, 0.436 seconds/batch
2026-04-19 17:27:12,372 - Epoch 20, Batch 400, lr = 0.00005, final_loss = 3.8138, nll_loss = 3.7176, ref_nll_loss = 3.9099, ivc_loss = 0.0928, neg_loss_1 = 0.0136, neg_loss_2 = 0.0100, ref_loss = 0.0218, div_loss = 0.0095, 0.463 seconds/batch
2026-04-19 17:27:52,181 - Epoch 20, Batch 450, lr = 0.00005, final_loss = 3.8107, nll_loss = 3.7166, ref_nll_loss = 3.9049, ivc_loss = 0.0923, neg_loss_1 = 0.0170, neg_loss_2 = 0.0100, ref_loss = 0.0207, div_loss = 0.0089, 0.500 seconds/batch
2026-04-19 17:28:32,082 - Epoch 20, Batch 500, lr = 0.00005, final_loss = 3.8027, nll_loss = 3.7026, ref_nll_loss = 3.9028, ivc_loss = 0.0889, neg_loss_1 = 0.0139, neg_loss_2 = 0.0083, ref_loss = 0.0216, div_loss = 0.0090, 0.530 seconds/batch
2026-04-19 17:29:11,719 - Epoch 20, Batch 550, lr = 0.00005, final_loss = 3.8327, nll_loss = 3.7387, ref_nll_loss = 3.9267, ivc_loss = 0.0884, neg_loss_1 = 0.0119, neg_loss_2 = 0.0081, ref_loss = 0.0239, div_loss = 0.0089, 0.554 seconds/batch
2026-04-19 17:29:51,455 - Epoch 20, Batch 600, lr = 0.00005, final_loss = 3.8059, nll_loss = 3.7100, ref_nll_loss = 3.9018, ivc_loss = 0.0905, neg_loss_1 = 0.0162, neg_loss_2 = 0.0087, ref_loss = 0.0219, div_loss = 0.0087, 0.574 seconds/batch
2026-04-19 17:30:31,042 - Epoch 20, Batch 650, lr = 0.00005, final_loss = 3.8250, nll_loss = 3.7279, ref_nll_loss = 3.9220, ivc_loss = 0.0935, neg_loss_1 = 0.0151, neg_loss_2 = 0.0095, ref_loss = 0.0234, div_loss = 0.0091, 0.591 seconds/batch
2026-04-19 17:31:10,986 - Epoch 20, Batch 700, lr = 0.00005, final_loss = 3.8161, nll_loss = 3.7176, ref_nll_loss = 3.9146, ivc_loss = 0.0905, neg_loss_1 = 0.0138, neg_loss_2 = 0.0095, ref_loss = 0.0227, div_loss = 0.0089, 0.606 seconds/batch
2026-04-19 17:31:50,345 - Epoch 20, Batch 750, lr = 0.00005, final_loss = 3.7980, nll_loss = 3.7004, ref_nll_loss = 3.8956, ivc_loss = 0.0905, neg_loss_1 = 0.0152, neg_loss_2 = 0.0100, ref_loss = 0.0221, div_loss = 0.0086, 0.618 seconds/batch
2026-04-19 17:32:30,290 - Epoch 20, Batch 800, lr = 0.00005, final_loss = 3.8140, nll_loss = 3.7201, ref_nll_loss = 3.9079, ivc_loss = 0.0900, neg_loss_1 = 0.0121, neg_loss_2 = 0.0087, ref_loss = 0.0238, div_loss = 0.0091, 0.629 seconds/batch
2026-04-19 17:33:09,928 - Epoch 20, Batch 850, lr = 0.00005, final_loss = 3.8251, nll_loss = 3.7306, ref_nll_loss = 3.9196, ivc_loss = 0.0919, neg_loss_1 = 0.0147, neg_loss_2 = 0.0104, ref_loss = 0.0241, div_loss = 0.0085, 0.639 seconds/batch
2026-04-19 17:33:50,013 - Epoch 20, Batch 900, lr = 0.00005, final_loss = 3.7945, nll_loss = 3.6995, ref_nll_loss = 3.8894, ivc_loss = 0.0923, neg_loss_1 = 0.0154, neg_loss_2 = 0.0091, ref_loss = 0.0232, div_loss = 0.0089, 0.648 seconds/batch
2026-04-19 17:34:30,107 - Epoch 20, Batch 950, lr = 0.00005, final_loss = 3.8040, nll_loss = 3.7083, ref_nll_loss = 3.8997, ivc_loss = 0.0918, neg_loss_1 = 0.0158, neg_loss_2 = 0.0084, ref_loss = 0.0214, div_loss = 0.0092, 0.656 seconds/batch
2026-04-19 17:35:10,057 - Epoch 20, Batch 1000, lr = 0.00005, final_loss = 3.8215, nll_loss = 3.7284, ref_nll_loss = 3.9145, ivc_loss = 0.0928, neg_loss_1 = 0.0140, neg_loss_2 = 0.0101, ref_loss = 0.0240, div_loss = 0.0089, 0.663 seconds/batch
2026-04-19 17:35:49,832 - Epoch 20, Batch 1050, lr = 0.00005, final_loss = 3.7744, nll_loss = 3.6786, ref_nll_loss = 3.8702, ivc_loss = 0.0902, neg_loss_1 = 0.0137, neg_loss_2 = 0.0087, ref_loss = 0.0228, div_loss = 0.0090, 0.669 seconds/batch
2026-04-19 17:36:29,589 - Epoch 20, Batch 1100, lr = 0.00005, final_loss = 3.7940, nll_loss = 3.6975, ref_nll_loss = 3.8904, ivc_loss = 0.0904, neg_loss_1 = 0.0154, neg_loss_2 = 0.0096, ref_loss = 0.0216, div_loss = 0.0088, 0.675 seconds/batch
2026-04-19 17:37:09,362 - Epoch 20, Batch 1150, lr = 0.00005, final_loss = 3.8105, nll_loss = 3.7155, ref_nll_loss = 3.9055, ivc_loss = 0.0921, neg_loss_1 = 0.0150, neg_loss_2 = 0.0110, ref_loss = 0.0213, div_loss = 0.0089, 0.680 seconds/batch
2026-04-19 17:37:24,961 - Epoch 20, Batch 1170, lr = 0.00005, final_loss = 3.8248, nll_loss = 3.7271, ref_nll_loss = 3.9225, ivc_loss = 0.0914, neg_loss_1 = 0.0130, neg_loss_2 = 0.0070, ref_loss = 0.0239, div_loss = 0.0095, 0.682 seconds/batch
2026-04-19 17:37:25,040 - save model to checkpoints/activitynet_moe/cpl_moe/model-20.pt, num_updates 23400.
2026-04-19 17:42:18,859 - | R@1,mIoU 0.3278 | R@1,IoU@0.1 0.7362 | R@1,IoU@0.3 0.5502 | R@1,IoU@0.5 0.2572 | R@1,IoU@0.7 0.0871 | R@1,IoU@0.9 0.0103 | R@5,mIoU 0.5244 | R@5,IoU@0.1 0.9188 | R@5,IoU@0.3 0.7836 | R@5,IoU@0.5 0.5378 | R@5,IoU@0.7 0.3118 | R@5,IoU@0.9 0.0719 |
2026-04-19 17:42:18,859 - ============================================================
2026-04-19 17:42:18,859 - Start Epoch 21
2026-04-19 17:42:40,960 - Epoch 21, Batch 50, lr = 0.00005, final_loss = 3.7718, nll_loss = 3.6753, ref_nll_loss = 3.8683, ivc_loss = 0.0921, neg_loss_1 = 0.0153, neg_loss_2 = 0.0104, ref_loss = 0.0206, div_loss = 0.0091, 0.442 seconds/batch
2026-04-19 17:43:02,574 - Epoch 21, Batch 100, lr = 0.00005, final_loss = 3.8017, nll_loss = 3.7046, ref_nll_loss = 3.8988, ivc_loss = 0.0922, neg_loss_1 = 0.0129, neg_loss_2 = 0.0110, ref_loss = 0.0211, div_loss = 0.0094, 0.437 seconds/batch
2026-04-19 17:43:24,167 - Epoch 21, Batch 150, lr = 0.00005, final_loss = 3.7763, nll_loss = 3.6745, ref_nll_loss = 3.8780, ivc_loss = 0.0895, neg_loss_1 = 0.0151, neg_loss_2 = 0.0098, ref_loss = 0.0188, div_loss = 0.0092, 0.435 seconds/batch
2026-04-19 17:43:45,972 - Epoch 21, Batch 200, lr = 0.00005, final_loss = 3.8108, nll_loss = 3.7170, ref_nll_loss = 3.9046, ivc_loss = 0.0938, neg_loss_1 = 0.0154, neg_loss_2 = 0.0087, ref_loss = 0.0249, div_loss = 0.0089, 0.436 seconds/batch
2026-04-19 17:44:07,547 - Epoch 21, Batch 250, lr = 0.00005, final_loss = 3.7820, nll_loss = 3.6829, ref_nll_loss = 3.8810, ivc_loss = 0.0858, neg_loss_1 = 0.0141, neg_loss_2 = 0.0087, ref_loss = 0.0185, div_loss = 0.0089, 0.435 seconds/batch
2026-04-19 17:44:29,434 - Epoch 21, Batch 300, lr = 0.00005, final_loss = 3.8033, nll_loss = 3.7098, ref_nll_loss = 3.8968, ivc_loss = 0.0919, neg_loss_1 = 0.0132, neg_loss_2 = 0.0093, ref_loss = 0.0237, div_loss = 0.0091, 0.435 seconds/batch
2026-04-19 17:44:51,245 - Epoch 21, Batch 350, lr = 0.00005, final_loss = 3.7856, nll_loss = 3.6852, ref_nll_loss = 3.8860, ivc_loss = 0.0879, neg_loss_1 = 0.0126, neg_loss_2 = 0.0073, ref_loss = 0.0219, div_loss = 0.0092, 0.435 seconds/batch
2026-04-19 17:45:19,182 - Epoch 21, Batch 400, lr = 0.00005, final_loss = 3.7823, nll_loss = 3.6854, ref_nll_loss = 3.8791, ivc_loss = 0.0890, neg_loss_1 = 0.0135, neg_loss_2 = 0.0090, ref_loss = 0.0211, div_loss = 0.0091, 0.451 seconds/batch
2026-04-19 17:45:58,303 - Epoch 21, Batch 450, lr = 0.00005, final_loss = 3.7848, nll_loss = 3.6867, ref_nll_loss = 3.8828, ivc_loss = 0.0924, neg_loss_1 = 0.0155, neg_loss_2 = 0.0094, ref_loss = 0.0205, div_loss = 0.0094, 0.488 seconds/batch
2026-04-19 17:46:37,525 - Epoch 21, Batch 500, lr = 0.00005, final_loss = 3.7578, nll_loss = 3.6612, ref_nll_loss = 3.8545, ivc_loss = 0.0911, neg_loss_1 = 0.0139, neg_loss_2 = 0.0084, ref_loss = 0.0221, div_loss = 0.0093, 0.517 seconds/batch
2026-04-19 17:47:16,976 - Epoch 21, Batch 550, lr = 0.00005, final_loss = 3.7861, nll_loss = 3.6917, ref_nll_loss = 3.8805, ivc_loss = 0.0913, neg_loss_1 = 0.0137, neg_loss_2 = 0.0103, ref_loss = 0.0228, div_loss = 0.0089, 0.542 seconds/batch
2026-04-19 17:47:57,109 - Epoch 21, Batch 600, lr = 0.00005, final_loss = 3.7974, nll_loss = 3.6961, ref_nll_loss = 3.8986, ivc_loss = 0.0885, neg_loss_1 = 0.0146, neg_loss_2 = 0.0088, ref_loss = 0.0205, div_loss = 0.0089, 0.564 seconds/batch
2026-04-19 17:48:36,723 - Epoch 21, Batch 650, lr = 0.00005, final_loss = 3.7732, nll_loss = 3.6749, ref_nll_loss = 3.8716, ivc_loss = 0.0886, neg_loss_1 = 0.0128, neg_loss_2 = 0.0082, ref_loss = 0.0209, div_loss = 0.0093, 0.581 seconds/batch
2026-04-19 17:49:17,101 - Epoch 21, Batch 700, lr = 0.00005, final_loss = 3.7949, nll_loss = 3.6974, ref_nll_loss = 3.8925, ivc_loss = 0.0915, neg_loss_1 = 0.0143, neg_loss_2 = 0.0094, ref_loss = 0.0212, div_loss = 0.0093, 0.597 seconds/batch
2026-04-19 17:49:56,707 - Epoch 21, Batch 750, lr = 0.00005, final_loss = 3.8056, nll_loss = 3.7067, ref_nll_loss = 3.9045, ivc_loss = 0.0925, neg_loss_1 = 0.0154, neg_loss_2 = 0.0078, ref_loss = 0.0212, div_loss = 0.0096, 0.610 seconds/batch
2026-04-19 17:50:36,631 - Epoch 21, Batch 800, lr = 0.00005, final_loss = 3.7976, nll_loss = 3.6961, ref_nll_loss = 3.8990, ivc_loss = 0.0888, neg_loss_1 = 0.0132, neg_loss_2 = 0.0083, ref_loss = 0.0202, div_loss = 0.0094, 0.622 seconds/batch
2026-04-19 17:51:16,367 - Epoch 21, Batch 850, lr = 0.00005, final_loss = 3.7729, nll_loss = 3.6748, ref_nll_loss = 3.8711, ivc_loss = 0.0950, neg_loss_1 = 0.0147, neg_loss_2 = 0.0108, ref_loss = 0.0210, div_loss = 0.0097, 0.632 seconds/batch
2026-04-19 17:51:56,553 - Epoch 21, Batch 900, lr = 0.00005, final_loss = 3.7953, nll_loss = 3.6991, ref_nll_loss = 3.8915, ivc_loss = 0.0948, neg_loss_1 = 0.0148, neg_loss_2 = 0.0080, ref_loss = 0.0222, div_loss = 0.0100, 0.642 seconds/batch
2026-04-19 17:52:36,647 - Epoch 21, Batch 950, lr = 0.00005, final_loss = 3.8476, nll_loss = 3.7487, ref_nll_loss = 3.9465, ivc_loss = 0.0934, neg_loss_1 = 0.0142, neg_loss_2 = 0.0089, ref_loss = 0.0223, div_loss = 0.0096, 0.650 seconds/batch
2026-04-19 17:53:16,427 - Epoch 21, Batch 1000, lr = 0.00005, final_loss = 3.8082, nll_loss = 3.7108, ref_nll_loss = 3.9055, ivc_loss = 0.0918, neg_loss_1 = 0.0137, neg_loss_2 = 0.0082, ref_loss = 0.0215, div_loss = 0.0097, 0.658 seconds/batch
2026-04-19 17:53:56,083 - Epoch 21, Batch 1050, lr = 0.00005, final_loss = 3.7902, nll_loss = 3.6930, ref_nll_loss = 3.8874, ivc_loss = 0.0890, neg_loss_1 = 0.0140, neg_loss_2 = 0.0080, ref_loss = 0.0212, div_loss = 0.0092, 0.664 seconds/batch
2026-04-19 17:54:36,243 - Epoch 21, Batch 1100, lr = 0.00005, final_loss = 3.7704, nll_loss = 3.6729, ref_nll_loss = 3.8679, ivc_loss = 0.0897, neg_loss_1 = 0.0152, neg_loss_2 = 0.0089, ref_loss = 0.0201, div_loss = 0.0091, 0.670 seconds/batch
2026-04-19 17:55:16,035 - Epoch 21, Batch 1150, lr = 0.00005, final_loss = 3.8062, nll_loss = 3.7115, ref_nll_loss = 3.9010, ivc_loss = 0.0925, neg_loss_1 = 0.0151, neg_loss_2 = 0.0075, ref_loss = 0.0236, div_loss = 0.0093, 0.676 seconds/batch
2026-04-19 17:55:31,538 - Epoch 21, Batch 1170, lr = 0.00005, final_loss = 3.8130, nll_loss = 3.7140, ref_nll_loss = 3.9120, ivc_loss = 0.0958, neg_loss_1 = 0.0152, neg_loss_2 = 0.0083, ref_loss = 0.0220, div_loss = 0.0101, 0.678 seconds/batch
2026-04-19 17:55:31,612 - save model to checkpoints/activitynet_moe/cpl_moe/model-21.pt, num_updates 24570.
2026-04-19 18:00:32,225 - | R@1,mIoU 0.3072 | R@1,IoU@0.1 0.7089 | R@1,IoU@0.3 0.5198 | R@1,IoU@0.5 0.2323 | R@1,IoU@0.7 0.0695 | R@1,IoU@0.9 0.0058 | R@5,mIoU 0.5277 | R@5,IoU@0.1 0.9194 | R@5,IoU@0.3 0.7818 | R@5,IoU@0.5 0.5421 | R@5,IoU@0.7 0.3201 | R@5,IoU@0.9 0.0760 |
2026-04-19 18:00:32,225 - ============================================================
2026-04-19 18:00:32,225 - Start Epoch 22
2026-04-19 18:00:54,149 - Epoch 22, Batch 50, lr = 0.00005, final_loss = 3.7775, nll_loss = 3.6828, ref_nll_loss = 3.8723, ivc_loss = 0.0910, neg_loss_1 = 0.0133, neg_loss_2 = 0.0073, ref_loss = 0.0218, div_loss = 0.0097, 0.438 seconds/batch
2026-04-19 18:01:15,783 - Epoch 22, Batch 100, lr = 0.00005, final_loss = 3.7815, nll_loss = 3.6807, ref_nll_loss = 3.8824, ivc_loss = 0.0882, neg_loss_1 = 0.0143, neg_loss_2 = 0.0075, ref_loss = 0.0197, div_loss = 0.0094, 0.436 seconds/batch
2026-04-19 18:01:37,346 - Epoch 22, Batch 150, lr = 0.00005, final_loss = 3.7868, nll_loss = 3.6850, ref_nll_loss = 3.8885, ivc_loss = 0.0902, neg_loss_1 = 0.0142, neg_loss_2 = 0.0083, ref_loss = 0.0210, div_loss = 0.0093, 0.434 seconds/batch
2026-04-19 18:01:59,070 - Epoch 22, Batch 200, lr = 0.00005, final_loss = 3.7823, nll_loss = 3.6840, ref_nll_loss = 3.8806, ivc_loss = 0.0916, neg_loss_1 = 0.0129, neg_loss_2 = 0.0098, ref_loss = 0.0209, div_loss = 0.0096, 0.434 seconds/batch
2026-04-19 18:02:20,705 - Epoch 22, Batch 250, lr = 0.00005, final_loss = 3.7953, nll_loss = 3.6976, ref_nll_loss = 3.8931, ivc_loss = 0.0936, neg_loss_1 = 0.0159, neg_loss_2 = 0.0085, ref_loss = 0.0217, div_loss = 0.0095, 0.434 seconds/batch
2026-04-19 18:02:42,311 - Epoch 22, Batch 300, lr = 0.00005, final_loss = 3.7768, nll_loss = 3.6759, ref_nll_loss = 3.8778, ivc_loss = 0.0907, neg_loss_1 = 0.0165, neg_loss_2 = 0.0072, ref_loss = 0.0193, div_loss = 0.0095, 0.434 seconds/batch
2026-04-19 18:03:04,053 - Epoch 22, Batch 350, lr = 0.00005, final_loss = 3.7718, nll_loss = 3.6716, ref_nll_loss = 3.8720, ivc_loss = 0.0908, neg_loss_1 = 0.0141, neg_loss_2 = 0.0090, ref_loss = 0.0192, div_loss = 0.0097, 0.434 seconds/batch
2026-04-19 18:03:28,069 - Epoch 22, Batch 400, lr = 0.00005, final_loss = 3.7481, nll_loss = 3.6469, ref_nll_loss = 3.8494, ivc_loss = 0.0923, neg_loss_1 = 0.0137, neg_loss_2 = 0.0082, ref_loss = 0.0212, div_loss = 0.0098, 0.440 seconds/batch
2026-04-19 18:04:04,651 - Epoch 22, Batch 450, lr = 0.00005, final_loss = 3.7924, nll_loss = 3.6942, ref_nll_loss = 3.8907, ivc_loss = 0.0941, neg_loss_1 = 0.0136, neg_loss_2 = 0.0088, ref_loss = 0.0225, div_loss = 0.0098, 0.472 seconds/batch
2026-04-19 18:04:44,377 - Epoch 22, Batch 500, lr = 0.00005, final_loss = 3.7731, nll_loss = 3.6718, ref_nll_loss = 3.8745, ivc_loss = 0.0887, neg_loss_1 = 0.0124, neg_loss_2 = 0.0086, ref_loss = 0.0193, div_loss = 0.0097, 0.504 seconds/batch
2026-04-19 18:05:24,012 - Epoch 22, Batch 550, lr = 0.00005, final_loss = 3.7818, nll_loss = 3.6832, ref_nll_loss = 3.8803, ivc_loss = 0.0884, neg_loss_1 = 0.0139, neg_loss_2 = 0.0074, ref_loss = 0.0197, div_loss = 0.0095, 0.531 seconds/batch
2026-04-19 18:06:03,820 - Epoch 22, Batch 600, lr = 0.00005, final_loss = 3.7645, nll_loss = 3.6661, ref_nll_loss = 3.8628, ivc_loss = 0.0958, neg_loss_1 = 0.0159, neg_loss_2 = 0.0104, ref_loss = 0.0228, div_loss = 0.0093, 0.553 seconds/batch
2026-04-19 18:06:43,653 - Epoch 22, Batch 650, lr = 0.00005, final_loss = 3.7844, nll_loss = 3.6871, ref_nll_loss = 3.8817, ivc_loss = 0.0909, neg_loss_1 = 0.0154, neg_loss_2 = 0.0097, ref_loss = 0.0196, div_loss = 0.0092, 0.571 seconds/batch
2026-04-19 18:07:23,308 - Epoch 22, Batch 700, lr = 0.00005, final_loss = 3.7851, nll_loss = 3.6863, ref_nll_loss = 3.8839, ivc_loss = 0.0919, neg_loss_1 = 0.0141, neg_loss_2 = 0.0090, ref_loss = 0.0198, div_loss = 0.0098, 0.587 seconds/batch
2026-04-19 18:08:02,966 - Epoch 22, Batch 750, lr = 0.00005, final_loss = 3.7575, nll_loss = 3.6609, ref_nll_loss = 3.8541, ivc_loss = 0.0922, neg_loss_1 = 0.0133, neg_loss_2 = 0.0089, ref_loss = 0.0210, div_loss = 0.0098, 0.601 seconds/batch
2026-04-19 18:08:42,530 - Epoch 22, Batch 800, lr = 0.00005, final_loss = 3.7842, nll_loss = 3.6889, ref_nll_loss = 3.8795, ivc_loss = 0.0932, neg_loss_1 = 0.0155, neg_loss_2 = 0.0077, ref_loss = 0.0210, div_loss = 0.0098, 0.613 seconds/batch
2026-04-19 18:09:22,151 - Epoch 22, Batch 850, lr = 0.00005, final_loss = 3.7904, nll_loss = 3.6939, ref_nll_loss = 3.8869, ivc_loss = 0.0961, neg_loss_1 = 0.0135, neg_loss_2 = 0.0098, ref_loss = 0.0231, div_loss = 0.0099, 0.623 seconds/batch
2026-04-19 18:10:02,061 - Epoch 22, Batch 900, lr = 0.00005, final_loss = 3.7747, nll_loss = 3.6784, ref_nll_loss = 3.8711, ivc_loss = 0.0935, neg_loss_1 = 0.0130, neg_loss_2 = 0.0092, ref_loss = 0.0217, div_loss = 0.0099, 0.633 seconds/batch
2026-04-19 18:10:41,964 - Epoch 22, Batch 950, lr = 0.00005, final_loss = 3.7992, nll_loss = 3.7016, ref_nll_loss = 3.8967, ivc_loss = 0.0947, neg_loss_1 = 0.0153, neg_loss_2 = 0.0076, ref_loss = 0.0216, div_loss = 0.0100, 0.642 seconds/batch
2026-04-19 18:11:21,718 - Epoch 22, Batch 1000, lr = 0.00005, final_loss = 3.7714, nll_loss = 3.6735, ref_nll_loss = 3.8693, ivc_loss = 0.0901, neg_loss_1 = 0.0135, neg_loss_2 = 0.0089, ref_loss = 0.0194, div_loss = 0.0097, 0.649 seconds/batch
2026-04-19 18:12:01,829 - Epoch 22, Batch 1050, lr = 0.00005, final_loss = 3.7742, nll_loss = 3.6791, ref_nll_loss = 3.8694, ivc_loss = 0.0931, neg_loss_1 = 0.0132, neg_loss_2 = 0.0087, ref_loss = 0.0231, div_loss = 0.0096, 0.657 seconds/batch
2026-04-19 18:12:41,696 - Epoch 22, Batch 1100, lr = 0.00005, final_loss = 3.7973, nll_loss = 3.6976, ref_nll_loss = 3.8971, ivc_loss = 0.0914, neg_loss_1 = 0.0111, neg_loss_2 = 0.0100, ref_loss = 0.0223, div_loss = 0.0096, 0.663 seconds/batch
2026-04-19 18:13:21,488 - Epoch 22, Batch 1150, lr = 0.00005, final_loss = 3.8177, nll_loss = 3.7182, ref_nll_loss = 3.9171, ivc_loss = 0.0939, neg_loss_1 = 0.0139, neg_loss_2 = 0.0099, ref_loss = 0.0212, div_loss = 0.0098, 0.669 seconds/batch
2026-04-19 18:13:37,201 - Epoch 22, Batch 1170, lr = 0.00005, final_loss = 3.8489, nll_loss = 3.7486, ref_nll_loss = 3.9492, ivc_loss = 0.0856, neg_loss_1 = 0.0127, neg_loss_2 = 0.0077, ref_loss = 0.0177, div_loss = 0.0095, 0.671 seconds/batch
2026-04-19 18:13:37,279 - save model to checkpoints/activitynet_moe/cpl_moe/model-22.pt, num_updates 25740.
2026-04-19 18:18:43,538 - | R@1,mIoU 0.3063 | R@1,IoU@0.1 0.7022 | R@1,IoU@0.3 0.5226 | R@1,IoU@0.5 0.2302 | R@1,IoU@0.7 0.0699 | R@1,IoU@0.9 0.0051 | R@5,mIoU 0.5254 | R@5,IoU@0.1 0.9196 | R@5,IoU@0.3 0.7818 | R@5,IoU@0.5 0.5390 | R@5,IoU@0.7 0.3201 | R@5,IoU@0.9 0.0727 |
2026-04-19 18:18:43,538 - ============================================================
2026-04-19 18:18:43,538 - Start Epoch 23
2026-04-19 18:19:05,450 - Epoch 23, Batch 50, lr = 0.00005, final_loss = 3.7530, nll_loss = 3.6533, ref_nll_loss = 3.8526, ivc_loss = 0.0911, neg_loss_1 = 0.0133, neg_loss_2 = 0.0085, ref_loss = 0.0217, div_loss = 0.0095, 0.438 seconds/batch
2026-04-19 18:19:27,445 - Epoch 23, Batch 100, lr = 0.00005, final_loss = 3.7736, nll_loss = 3.6746, ref_nll_loss = 3.8727, ivc_loss = 0.0907, neg_loss_1 = 0.0113, neg_loss_2 = 0.0086, ref_loss = 0.0214, div_loss = 0.0099, 0.439 seconds/batch
2026-04-19 18:19:49,085 - Epoch 23, Batch 150, lr = 0.00005, final_loss = 3.7634, nll_loss = 3.6660, ref_nll_loss = 3.8609, ivc_loss = 0.0930, neg_loss_1 = 0.0134, neg_loss_2 = 0.0102, ref_loss = 0.0212, div_loss = 0.0097, 0.437 seconds/batch
2026-04-19 18:20:10,980 - Epoch 23, Batch 200, lr = 0.00005, final_loss = 3.7752, nll_loss = 3.6766, ref_nll_loss = 3.8738, ivc_loss = 0.0949, neg_loss_1 = 0.0165, neg_loss_2 = 0.0097, ref_loss = 0.0199, div_loss = 0.0098, 0.437 seconds/batch
2026-04-19 18:20:32,674 - Epoch 23, Batch 250, lr = 0.00005, final_loss = 3.7567, nll_loss = 3.6584, ref_nll_loss = 3.8550, ivc_loss = 0.0930, neg_loss_1 = 0.0149, neg_loss_2 = 0.0088, ref_loss = 0.0219, div_loss = 0.0095, 0.437 seconds/batch
2026-04-19 18:20:54,165 - Epoch 23, Batch 300, lr = 0.00005, final_loss = 3.7728, nll_loss = 3.6738, ref_nll_loss = 3.8717, ivc_loss = 0.0905, neg_loss_1 = 0.0131, neg_loss_2 = 0.0092, ref_loss = 0.0215, div_loss = 0.0093, 0.435 seconds/batch
2026-04-19 18:21:16,071 - Epoch 23, Batch 350, lr = 0.00005, final_loss = 3.7648, nll_loss = 3.6681, ref_nll_loss = 3.8615, ivc_loss = 0.0936, neg_loss_1 = 0.0148, neg_loss_2 = 0.0101, ref_loss = 0.0218, div_loss = 0.0094, 0.436 seconds/batch
2026-04-19 18:21:38,742 - Epoch 23, Batch 400, lr = 0.00005, final_loss = 3.7508, nll_loss = 3.6490, ref_nll_loss = 3.8526, ivc_loss = 0.0888, neg_loss_1 = 0.0141, neg_loss_2 = 0.0076, ref_loss = 0.0198, div_loss = 0.0094, 0.438 seconds/batch
2026-04-19 18:22:11,943 - Epoch 23, Batch 450, lr = 0.00005, final_loss = 3.7264, nll_loss = 3.6256, ref_nll_loss = 3.8272, ivc_loss = 0.0916, neg_loss_1 = 0.0125, neg_loss_2 = 0.0094, ref_loss = 0.0211, div_loss = 0.0097, 0.463 seconds/batch
2026-04-19 18:22:51,563 - Epoch 23, Batch 500, lr = 0.00005, final_loss = 3.7711, nll_loss = 3.6718, ref_nll_loss = 3.8703, ivc_loss = 0.0890, neg_loss_1 = 0.0141, neg_loss_2 = 0.0081, ref_loss = 0.0209, div_loss = 0.0092, 0.496 seconds/batch
2026-04-19 18:23:31,241 - Epoch 23, Batch 550, lr = 0.00005, final_loss = 3.7867, nll_loss = 3.6871, ref_nll_loss = 3.8862, ivc_loss = 0.0907, neg_loss_1 = 0.0129, neg_loss_2 = 0.0094, ref_loss = 0.0213, div_loss = 0.0094, 0.523 seconds/batch
2026-04-19 18:24:11,010 - Epoch 23, Batch 600, lr = 0.00005, final_loss = 3.7625, nll_loss = 3.6641, ref_nll_loss = 3.8608, ivc_loss = 0.0868, neg_loss_1 = 0.0126, neg_loss_2 = 0.0065, ref_loss = 0.0205, div_loss = 0.0094, 0.546 seconds/batch
2026-04-19 18:24:51,114 - Epoch 23, Batch 650, lr = 0.00005, final_loss = 3.7857, nll_loss = 3.6887, ref_nll_loss = 3.8826, ivc_loss = 0.0895, neg_loss_1 = 0.0138, neg_loss_2 = 0.0083, ref_loss = 0.0215, div_loss = 0.0092, 0.565 seconds/batch
2026-04-19 18:25:30,898 - Epoch 23, Batch 700, lr = 0.00005, final_loss = 3.7808, nll_loss = 3.6811, ref_nll_loss = 3.8805, ivc_loss = 0.0881, neg_loss_1 = 0.0135, neg_loss_2 = 0.0075, ref_loss = 0.0218, div_loss = 0.0091, 0.582 seconds/batch
2026-04-19 18:26:10,858 - Epoch 23, Batch 750, lr = 0.00005, final_loss = 3.7905, nll_loss = 3.6900, ref_nll_loss = 3.8910, ivc_loss = 0.0847, neg_loss_1 = 0.0121, neg_loss_2 = 0.0078, ref_loss = 0.0200, div_loss = 0.0089, 0.596 seconds/batch
2026-04-19 18:26:51,165 - Epoch 23, Batch 800, lr = 0.00005, final_loss = 3.7872, nll_loss = 3.6896, ref_nll_loss = 3.8848, ivc_loss = 0.0942, neg_loss_1 = 0.0159, neg_loss_2 = 0.0108, ref_loss = 0.0238, div_loss = 0.0087, 0.610 seconds/batch
2026-04-19 18:27:31,378 - Epoch 23, Batch 850, lr = 0.00005, final_loss = 3.7666, nll_loss = 3.6693, ref_nll_loss = 3.8639, ivc_loss = 0.0902, neg_loss_1 = 0.0141, neg_loss_2 = 0.0082, ref_loss = 0.0215, div_loss = 0.0093, 0.621 seconds/batch
2026-04-19 18:28:11,151 - Epoch 23, Batch 900, lr = 0.00005, final_loss = 3.7475, nll_loss = 3.6494, ref_nll_loss = 3.8455, ivc_loss = 0.0926, neg_loss_1 = 0.0129, neg_loss_2 = 0.0097, ref_loss = 0.0236, div_loss = 0.0093, 0.631 seconds/batch
2026-04-19 18:28:50,805 - Epoch 23, Batch 950, lr = 0.00005, final_loss = 3.7789, nll_loss = 3.6811, ref_nll_loss = 3.8767, ivc_loss = 0.0902, neg_loss_1 = 0.0122, neg_loss_2 = 0.0094, ref_loss = 0.0220, div_loss = 0.0093, 0.639 seconds/batch
2026-04-19 18:29:30,274 - Epoch 23, Batch 1000, lr = 0.00005, final_loss = 3.7779, nll_loss = 3.6782, ref_nll_loss = 3.8777, ivc_loss = 0.0923, neg_loss_1 = 0.0110, neg_loss_2 = 0.0086, ref_loss = 0.0212, div_loss = 0.0103, 0.647 seconds/batch
2026-04-19 18:30:10,507 - Epoch 23, Batch 1050, lr = 0.00005, final_loss = 3.7865, nll_loss = 3.6878, ref_nll_loss = 3.8853, ivc_loss = 0.0913, neg_loss_1 = 0.0118, neg_loss_2 = 0.0089, ref_loss = 0.0222, div_loss = 0.0097, 0.654 seconds/batch
2026-04-19 18:30:49,808 - Epoch 23, Batch 1100, lr = 0.00005, final_loss = 3.7545, nll_loss = 3.6573, ref_nll_loss = 3.8517, ivc_loss = 0.0927, neg_loss_1 = 0.0127, neg_loss_2 = 0.0098, ref_loss = 0.0216, div_loss = 0.0097, 0.660 seconds/batch
2026-04-19 18:31:29,647 - Epoch 23, Batch 1150, lr = 0.00005, final_loss = 3.7616, nll_loss = 3.6621, ref_nll_loss = 3.8612, ivc_loss = 0.0906, neg_loss_1 = 0.0134, neg_loss_2 = 0.0081, ref_loss = 0.0202, div_loss = 0.0098, 0.666 seconds/batch
2026-04-19 18:31:45,408 - Epoch 23, Batch 1170, lr = 0.00005, final_loss = 3.7797, nll_loss = 3.6749, ref_nll_loss = 3.8845, ivc_loss = 0.0851, neg_loss_1 = 0.0129, neg_loss_2 = 0.0100, ref_loss = 0.0169, div_loss = 0.0091, 0.668 seconds/batch
2026-04-19 18:31:45,478 - save model to checkpoints/activitynet_moe/cpl_moe/model-23.pt, num_updates 26910.
2026-04-19 18:36:56,669 - | R@1,mIoU 0.2789 | R@1,IoU@0.1 0.6486 | R@1,IoU@0.3 0.4809 | R@1,IoU@0.5 0.2016 | R@1,IoU@0.7 0.0592 | R@1,IoU@0.9 0.0050 | R@5,mIoU 0.5275 | R@5,IoU@0.1 0.9208 | R@5,IoU@0.3 0.7856 | R@5,IoU@0.5 0.5427 | R@5,IoU@0.7 0.3200 | R@5,IoU@0.9 0.0755 |
2026-04-19 18:36:56,669 - ============================================================
2026-04-19 18:36:56,669 - Start Epoch 24
2026-04-19 18:37:18,715 - Epoch 24, Batch 50, lr = 0.00005, final_loss = 3.7542, nll_loss = 3.6573, ref_nll_loss = 3.8512, ivc_loss = 0.0891, neg_loss_1 = 0.0140, neg_loss_2 = 0.0080, ref_loss = 0.0213, div_loss = 0.0092, 0.441 seconds/batch
2026-04-19 18:37:40,865 - Epoch 24, Batch 100, lr = 0.00005, final_loss = 3.7366, nll_loss = 3.6377, ref_nll_loss = 3.8355, ivc_loss = 0.0920, neg_loss_1 = 0.0142, neg_loss_2 = 0.0104, ref_loss = 0.0220, div_loss = 0.0091, 0.442 seconds/batch
2026-04-19 18:38:02,758 - Epoch 24, Batch 150, lr = 0.00005, final_loss = 3.7672, nll_loss = 3.6697, ref_nll_loss = 3.8648, ivc_loss = 0.0906, neg_loss_1 = 0.0150, neg_loss_2 = 0.0081, ref_loss = 0.0226, div_loss = 0.0090, 0.441 seconds/batch
2026-04-19 18:38:24,886 - Epoch 24, Batch 200, lr = 0.00005, final_loss = 3.7435, nll_loss = 3.6419, ref_nll_loss = 3.8452, ivc_loss = 0.0911, neg_loss_1 = 0.0147, neg_loss_2 = 0.0086, ref_loss = 0.0202, div_loss = 0.0095, 0.441 seconds/batch
2026-04-19 18:38:46,573 - Epoch 24, Batch 250, lr = 0.00005, final_loss = 3.7374, nll_loss = 3.6378, ref_nll_loss = 3.8370, ivc_loss = 0.0930, neg_loss_1 = 0.0153, neg_loss_2 = 0.0095, ref_loss = 0.0206, div_loss = 0.0095, 0.440 seconds/batch
2026-04-19 18:39:08,216 - Epoch 24, Batch 300, lr = 0.00005, final_loss = 3.7521, nll_loss = 3.6501, ref_nll_loss = 3.8540, ivc_loss = 0.0885, neg_loss_1 = 0.0138, neg_loss_2 = 0.0069, ref_loss = 0.0202, div_loss = 0.0095, 0.438 seconds/batch
2026-04-19 18:39:30,029 - Epoch 24, Batch 350, lr = 0.00005, final_loss = 3.7717, nll_loss = 3.6696, ref_nll_loss = 3.8738, ivc_loss = 0.0926, neg_loss_1 = 0.0140, neg_loss_2 = 0.0115, ref_loss = 0.0206, div_loss = 0.0093, 0.438 seconds/batch
2026-04-19 18:39:52,125 - Epoch 24, Batch 400, lr = 0.00005, final_loss = 3.7399, nll_loss = 3.6358, ref_nll_loss = 3.8439, ivc_loss = 0.0872, neg_loss_1 = 0.0121, neg_loss_2 = 0.0079, ref_loss = 0.0194, div_loss = 0.0096, 0.439 seconds/batch
2026-04-19 18:40:22,750 - Epoch 24, Batch 450, lr = 0.00005, final_loss = 3.7856, nll_loss = 3.6878, ref_nll_loss = 3.8834, ivc_loss = 0.0894, neg_loss_1 = 0.0115, neg_loss_2 = 0.0082, ref_loss = 0.0225, div_loss = 0.0094, 0.458 seconds/batch
2026-04-19 18:41:02,032 - Epoch 24, Batch 500, lr = 0.00005, final_loss = 3.7302, nll_loss = 3.6297, ref_nll_loss = 3.8307, ivc_loss = 0.0878, neg_loss_1 = 0.0105, neg_loss_2 = 0.0082, ref_loss = 0.0216, div_loss = 0.0095, 0.491 seconds/batch
2026-04-19 18:41:42,166 - Epoch 24, Batch 550, lr = 0.00005, final_loss = 3.7419, nll_loss = 3.6412, ref_nll_loss = 3.8427, ivc_loss = 0.0886, neg_loss_1 = 0.0127, neg_loss_2 = 0.0076, ref_loss = 0.0190, div_loss = 0.0099, 0.519 seconds/batch
2026-04-19 18:42:22,121 - Epoch 24, Batch 600, lr = 0.00005, final_loss = 3.7794, nll_loss = 3.6792, ref_nll_loss = 3.8797, ivc_loss = 0.0921, neg_loss_1 = 0.0126, neg_loss_2 = 0.0105, ref_loss = 0.0228, div_loss = 0.0092, 0.542 seconds/batch
2026-04-19 18:43:01,892 - Epoch 24, Batch 650, lr = 0.00005, final_loss = 3.7738, nll_loss = 3.6735, ref_nll_loss = 3.8740, ivc_loss = 0.0931, neg_loss_1 = 0.0137, neg_loss_2 = 0.0091, ref_loss = 0.0213, div_loss = 0.0098, 0.562 seconds/batch
2026-04-19 18:43:41,667 - Epoch 24, Batch 700, lr = 0.00005, final_loss = 3.7861, nll_loss = 3.6885, ref_nll_loss = 3.8838, ivc_loss = 0.0912, neg_loss_1 = 0.0105, neg_loss_2 = 0.0087, ref_loss = 0.0229, div_loss = 0.0098, 0.579 seconds/batch
2026-04-19 18:44:21,365 - Epoch 24, Batch 750, lr = 0.00005, final_loss = 3.7304, nll_loss = 3.6260, ref_nll_loss = 3.8347, ivc_loss = 0.0896, neg_loss_1 = 0.0143, neg_loss_2 = 0.0067, ref_loss = 0.0194, div_loss = 0.0099, 0.593 seconds/batch
2026-04-19 18:45:01,329 - Epoch 24, Batch 800, lr = 0.00005, final_loss = 3.7548, nll_loss = 3.6540, ref_nll_loss = 3.8555, ivc_loss = 0.0922, neg_loss_1 = 0.0134, neg_loss_2 = 0.0104, ref_loss = 0.0209, div_loss = 0.0095, 0.606 seconds/batch
2026-04-19 18:45:41,439 - Epoch 24, Batch 850, lr = 0.00005, final_loss = 3.7519, nll_loss = 3.6485, ref_nll_loss = 3.8553, ivc_loss = 0.0896, neg_loss_1 = 0.0134, neg_loss_2 = 0.0068, ref_loss = 0.0213, div_loss = 0.0096, 0.617 seconds/batch
2026-04-19 18:46:21,087 - Epoch 24, Batch 900, lr = 0.00005, final_loss = 3.7690, nll_loss = 3.6671, ref_nll_loss = 3.8710, ivc_loss = 0.0930, neg_loss_1 = 0.0141, neg_loss_2 = 0.0093, ref_loss = 0.0218, div_loss = 0.0096, 0.627 seconds/batch
2026-04-19 18:47:00,563 - Epoch 24, Batch 950, lr = 0.00005, final_loss = 3.7540, nll_loss = 3.6557, ref_nll_loss = 3.8523, ivc_loss = 0.0884, neg_loss_1 = 0.0126, neg_loss_2 = 0.0089, ref_loss = 0.0213, div_loss = 0.0091, 0.636 seconds/batch
2026-04-19 18:47:40,385 - Epoch 24, Batch 1000, lr = 0.00005, final_loss = 3.7543, nll_loss = 3.6500, ref_nll_loss = 3.8587, ivc_loss = 0.0877, neg_loss_1 = 0.0143, neg_loss_2 = 0.0086, ref_loss = 0.0191, div_loss = 0.0091, 0.644 seconds/batch
2026-04-19 18:48:20,231 - Epoch 24, Batch 1050, lr = 0.00005, final_loss = 3.7400, nll_loss = 3.6399, ref_nll_loss = 3.8401, ivc_loss = 0.0910, neg_loss_1 = 0.0141, neg_loss_2 = 0.0071, ref_loss = 0.0227, div_loss = 0.0094, 0.651 seconds/batch
2026-04-19 18:49:00,231 - Epoch 24, Batch 1100, lr = 0.00005, final_loss = 3.7955, nll_loss = 3.6964, ref_nll_loss = 3.8947, ivc_loss = 0.0906, neg_loss_1 = 0.0135, neg_loss_2 = 0.0084, ref_loss = 0.0213, div_loss = 0.0095, 0.658 seconds/batch
2026-04-19 18:49:40,018 - Epoch 24, Batch 1150, lr = 0.00005, final_loss = 3.7755, nll_loss = 3.6757, ref_nll_loss = 3.8752, ivc_loss = 0.0920, neg_loss_1 = 0.0138, neg_loss_2 = 0.0109, ref_loss = 0.0223, div_loss = 0.0090, 0.664 seconds/batch
2026-04-19 18:49:55,523 - Epoch 24, Batch 1170, lr = 0.00005, final_loss = 3.7608, nll_loss = 3.6619, ref_nll_loss = 3.8598, ivc_loss = 0.0882, neg_loss_1 = 0.0138, neg_loss_2 = 0.0066, ref_loss = 0.0218, div_loss = 0.0092, 0.666 seconds/batch
2026-04-19 18:49:55,602 - save model to checkpoints/activitynet_moe/cpl_moe/model-24.pt, num_updates 28080.
2026-04-19 18:55:09,823 - | R@1,mIoU 0.3274 | R@1,IoU@0.1 0.7390 | R@1,IoU@0.3 0.5431 | R@1,IoU@0.5 0.2599 | R@1,IoU@0.7 0.0908 | R@1,IoU@0.9 0.0098 | R@5,mIoU 0.5237 | R@5,IoU@0.1 0.9207 | R@5,IoU@0.3 0.7833 | R@5,IoU@0.5 0.5363 | R@5,IoU@0.7 0.3180 | R@5,IoU@0.9 0.0703 |
2026-04-19 18:55:09,824 - ============================================================
2026-04-19 18:55:09,824 - Start Epoch 25
2026-04-19 18:55:31,738 - Epoch 25, Batch 50, lr = 0.00005, final_loss = 3.7415, nll_loss = 3.6425, ref_nll_loss = 3.8406, ivc_loss = 0.0915, neg_loss_1 = 0.0145, neg_loss_2 = 0.0085, ref_loss = 0.0215, div_loss = 0.0094, 0.438 seconds/batch
2026-04-19 18:55:53,584 - Epoch 25, Batch 100, lr = 0.00005, final_loss = 3.7392, nll_loss = 3.6361, ref_nll_loss = 3.8423, ivc_loss = 0.0893, neg_loss_1 = 0.0125, neg_loss_2 = 0.0089, ref_loss = 0.0217, div_loss = 0.0093, 0.438 seconds/batch
2026-04-19 18:56:15,042 - Epoch 25, Batch 150, lr = 0.00005, final_loss = 3.7382, nll_loss = 3.6374, ref_nll_loss = 3.8389, ivc_loss = 0.0913, neg_loss_1 = 0.0148, neg_loss_2 = 0.0079, ref_loss = 0.0203, div_loss = 0.0097, 0.435 seconds/batch
2026-04-19 18:56:36,685 - Epoch 25, Batch 200, lr = 0.00005, final_loss = 3.7448, nll_loss = 3.6468, ref_nll_loss = 3.8428, ivc_loss = 0.0942, neg_loss_1 = 0.0138, neg_loss_2 = 0.0087, ref_loss = 0.0219, div_loss = 0.0100, 0.434 seconds/batch
2026-04-19 18:56:58,447 - Epoch 25, Batch 250, lr = 0.00005, final_loss = 3.7414, nll_loss = 3.6405, ref_nll_loss = 3.8422, ivc_loss = 0.0921, neg_loss_1 = 0.0130, neg_loss_2 = 0.0094, ref_loss = 0.0209, div_loss = 0.0098, 0.434 seconds/batch
2026-04-19 18:57:20,151 - Epoch 25, Batch 300, lr = 0.00005, final_loss = 3.7571, nll_loss = 3.6578, ref_nll_loss = 3.8563, ivc_loss = 0.0921, neg_loss_1 = 0.0151, neg_loss_2 = 0.0084, ref_loss = 0.0217, div_loss = 0.0094, 0.434 seconds/batch
2026-04-19 18:57:41,751 - Epoch 25, Batch 350, lr = 0.00005, final_loss = 3.7248, nll_loss = 3.6259, ref_nll_loss = 3.8237, ivc_loss = 0.0932, neg_loss_1 = 0.0148, neg_loss_2 = 0.0095, ref_loss = 0.0204, div_loss = 0.0097, 0.434 seconds/batch
2026-04-19 18:58:03,471 - Epoch 25, Batch 400, lr = 0.00005, final_loss = 3.7325, nll_loss = 3.6331, ref_nll_loss = 3.8319, ivc_loss = 0.0957, neg_loss_1 = 0.0145, neg_loss_2 = 0.0095, ref_loss = 0.0215, div_loss = 0.0100, 0.434 seconds/batch
2026-04-19 18:58:30,516 - Epoch 25, Batch 450, lr = 0.00005, final_loss = 3.7487, nll_loss = 3.6471, ref_nll_loss = 3.8503, ivc_loss = 0.0898, neg_loss_1 = 0.0116, neg_loss_2 = 0.0085, ref_loss = 0.0210, div_loss = 0.0097, 0.446 seconds/batch
2026-04-19 18:59:07,895 - Epoch 25, Batch 500, lr = 0.00005, final_loss = 3.7558, nll_loss = 3.6557, ref_nll_loss = 3.8560, ivc_loss = 0.0902, neg_loss_1 = 0.0124, neg_loss_2 = 0.0090, ref_loss = 0.0216, div_loss = 0.0094, 0.476 seconds/batch
2026-04-19 18:59:47,225 - Epoch 25, Batch 550, lr = 0.00005, final_loss = 3.7315, nll_loss = 3.6328, ref_nll_loss = 3.8301, ivc_loss = 0.0920, neg_loss_1 = 0.0146, neg_loss_2 = 0.0092, ref_loss = 0.0218, div_loss = 0.0093, 0.504 seconds/batch
2026-04-19 19:00:26,663 - Epoch 25, Batch 600, lr = 0.00005, final_loss = 3.7540, nll_loss = 3.6527, ref_nll_loss = 3.8552, ivc_loss = 0.0887, neg_loss_1 = 0.0131, neg_loss_2 = 0.0088, ref_loss = 0.0200, div_loss = 0.0094, 0.528 seconds/batch
2026-04-19 19:01:06,378 - Epoch 25, Batch 650, lr = 0.00005, final_loss = 3.7444, nll_loss = 3.6441, ref_nll_loss = 3.8447, ivc_loss = 0.0945, neg_loss_1 = 0.0140, neg_loss_2 = 0.0106, ref_loss = 0.0221, div_loss = 0.0096, 0.549 seconds/batch
2026-04-19 19:01:46,318 - Epoch 25, Batch 700, lr = 0.00005, final_loss = 3.7315, nll_loss = 3.6310, ref_nll_loss = 3.8320, ivc_loss = 0.0922, neg_loss_1 = 0.0138, neg_loss_2 = 0.0082, ref_loss = 0.0214, div_loss = 0.0098, 0.566 seconds/batch
2026-04-19 19:02:26,233 - Epoch 25, Batch 750, lr = 0.00005, final_loss = 3.7273, nll_loss = 3.6283, ref_nll_loss = 3.8263, ivc_loss = 0.0936, neg_loss_1 = 0.0158, neg_loss_2 = 0.0081, ref_loss = 0.0212, div_loss = 0.0097, 0.582 seconds/batch
2026-04-19 19:03:05,971 - Epoch 25, Batch 800, lr = 0.00005, final_loss = 3.7382, nll_loss = 3.6338, ref_nll_loss = 3.8426, ivc_loss = 0.0893, neg_loss_1 = 0.0115, neg_loss_2 = 0.0090, ref_loss = 0.0196, div_loss = 0.0098, 0.595 seconds/batch
2026-04-19 19:03:45,387 - Epoch 25, Batch 850, lr = 0.00005, final_loss = 3.7454, nll_loss = 3.6429, ref_nll_loss = 3.8478, ivc_loss = 0.0933, neg_loss_1 = 0.0131, neg_loss_2 = 0.0074, ref_loss = 0.0214, div_loss = 0.0103, 0.607 seconds/batch
2026-04-19 19:04:24,781 - Epoch 25, Batch 900, lr = 0.00005, final_loss = 3.7209, nll_loss = 3.6196, ref_nll_loss = 3.8222, ivc_loss = 0.0927, neg_loss_1 = 0.0138, neg_loss_2 = 0.0077, ref_loss = 0.0207, div_loss = 0.0101, 0.617 seconds/batch
2026-04-19 19:05:04,259 - Epoch 25, Batch 950, lr = 0.00005, final_loss = 3.7590, nll_loss = 3.6564, ref_nll_loss = 3.8617, ivc_loss = 0.0952, neg_loss_1 = 0.0139, neg_loss_2 = 0.0086, ref_loss = 0.0210, div_loss = 0.0104, 0.626 seconds/batch
2026-04-19 19:05:43,535 - Epoch 25, Batch 1000, lr = 0.00005, final_loss = 3.7677, nll_loss = 3.6659, ref_nll_loss = 3.8695, ivc_loss = 0.0907, neg_loss_1 = 0.0135, neg_loss_2 = 0.0072, ref_loss = 0.0198, div_loss = 0.0101, 0.634 seconds/batch
2026-04-19 19:06:23,278 - Epoch 25, Batch 1050, lr = 0.00005, final_loss = 3.7372, nll_loss = 3.6364, ref_nll_loss = 3.8380, ivc_loss = 0.0930, neg_loss_1 = 0.0138, neg_loss_2 = 0.0088, ref_loss = 0.0223, div_loss = 0.0096, 0.641 seconds/batch
2026-04-19 19:07:03,146 - Epoch 25, Batch 1100, lr = 0.00005, final_loss = 3.7635, nll_loss = 3.6622, ref_nll_loss = 3.8647, ivc_loss = 0.0939, neg_loss_1 = 0.0142, neg_loss_2 = 0.0091, ref_loss = 0.0221, div_loss = 0.0097, 0.648 seconds/batch
2026-04-19 19:07:43,481 - Epoch 25, Batch 1150, lr = 0.00005, final_loss = 3.7667, nll_loss = 3.6624, ref_nll_loss = 3.8709, ivc_loss = 0.0930, neg_loss_1 = 0.0134, neg_loss_2 = 0.0099, ref_loss = 0.0194, div_loss = 0.0101, 0.655 seconds/batch
2026-04-19 19:07:59,227 - Epoch 25, Batch 1170, lr = 0.00005, final_loss = 3.7280, nll_loss = 3.6236, ref_nll_loss = 3.8323, ivc_loss = 0.0882, neg_loss_1 = 0.0127, neg_loss_2 = 0.0058, ref_loss = 0.0185, div_loss = 0.0102, 0.658 seconds/batch
2026-04-19 19:07:59,303 - save model to checkpoints/activitynet_moe/cpl_moe/model-25.pt, num_updates 29250.
2026-04-19 19:13:20,672 - | R@1,mIoU 0.3027 | R@1,IoU@0.1 0.7128 | R@1,IoU@0.3 0.5133 | R@1,IoU@0.5 0.2170 | R@1,IoU@0.7 0.0640 | R@1,IoU@0.9 0.0064 | R@5,mIoU 0.5234 | R@5,IoU@0.1 0.9174 | R@5,IoU@0.3 0.7776 | R@5,IoU@0.5 0.5359 | R@5,IoU@0.7 0.3152 | R@5,IoU@0.9 0.0741 |
2026-04-19 19:13:20,673 - ============================================================
2026-04-19 19:13:20,673 - Start Epoch 26
2026-04-19 19:13:42,939 - Epoch 26, Batch 50, lr = 0.00005, final_loss = 3.7273, nll_loss = 3.6234, ref_nll_loss = 3.8312, ivc_loss = 0.0934, neg_loss_1 = 0.0136, neg_loss_2 = 0.0085, ref_loss = 0.0206, div_loss = 0.0101, 0.445 seconds/batch
2026-04-19 19:14:04,706 - Epoch 26, Batch 100, lr = 0.00005, final_loss = 3.7450, nll_loss = 3.6390, ref_nll_loss = 3.8510, ivc_loss = 0.0902, neg_loss_1 = 0.0142, neg_loss_2 = 0.0084, ref_loss = 0.0178, div_loss = 0.0100, 0.440 seconds/batch
2026-04-19 19:14:26,293 - Epoch 26, Batch 150, lr = 0.00005, final_loss = 3.7069, nll_loss = 3.6044, ref_nll_loss = 3.8095, ivc_loss = 0.0929, neg_loss_1 = 0.0158, neg_loss_2 = 0.0083, ref_loss = 0.0210, div_loss = 0.0096, 0.437 seconds/batch
2026-04-19 19:14:48,316 - Epoch 26, Batch 200, lr = 0.00005, final_loss = 3.7139, nll_loss = 3.6139, ref_nll_loss = 3.8140, ivc_loss = 0.0950, neg_loss_1 = 0.0146, neg_loss_2 = 0.0097, ref_loss = 0.0228, div_loss = 0.0096, 0.438 seconds/batch
2026-04-19 19:15:10,095 - Epoch 26, Batch 250, lr = 0.00005, final_loss = 3.7255, nll_loss = 3.6222, ref_nll_loss = 3.8289, ivc_loss = 0.0903, neg_loss_1 = 0.0145, neg_loss_2 = 0.0092, ref_loss = 0.0186, div_loss = 0.0096, 0.438 seconds/batch
2026-04-19 19:15:31,930 - Epoch 26, Batch 300, lr = 0.00005, final_loss = 3.7344, nll_loss = 3.6333, ref_nll_loss = 3.8355, ivc_loss = 0.0927, neg_loss_1 = 0.0138, neg_loss_2 = 0.0082, ref_loss = 0.0215, div_loss = 0.0098, 0.438 seconds/batch
2026-04-19 19:15:53,576 - Epoch 26, Batch 350, lr = 0.00005, final_loss = 3.7531, nll_loss = 3.6496, ref_nll_loss = 3.8567, ivc_loss = 0.0886, neg_loss_1 = 0.0124, neg_loss_2 = 0.0081, ref_loss = 0.0197, div_loss = 0.0097, 0.437 seconds/batch
2026-04-19 19:16:15,317 - Epoch 26, Batch 400, lr = 0.00005, final_loss = 3.7218, nll_loss = 3.6244, ref_nll_loss = 3.8191, ivc_loss = 0.0948, neg_loss_1 = 0.0145, neg_loss_2 = 0.0097, ref_loss = 0.0234, div_loss = 0.0094, 0.437 seconds/batch
2026-04-19 19:16:40,144 - Epoch 26, Batch 450, lr = 0.00005, final_loss = 3.6918, nll_loss = 3.5895, ref_nll_loss = 3.7942, ivc_loss = 0.0917, neg_loss_1 = 0.0148, neg_loss_2 = 0.0091, ref_loss = 0.0206, div_loss = 0.0094, 0.443 seconds/batch
2026-04-19 19:17:15,614 - Epoch 26, Batch 500, lr = 0.00005, final_loss = 3.7342, nll_loss = 3.6336, ref_nll_loss = 3.8347, ivc_loss = 0.0901, neg_loss_1 = 0.0144, neg_loss_2 = 0.0086, ref_loss = 0.0203, div_loss = 0.0094, 0.470 seconds/batch
2026-04-19 19:17:54,848 - Epoch 26, Batch 550, lr = 0.00005, final_loss = 3.7449, nll_loss = 3.6442, ref_nll_loss = 3.8456, ivc_loss = 0.0916, neg_loss_1 = 0.0137, neg_loss_2 = 0.0086, ref_loss = 0.0217, div_loss = 0.0095, 0.498 seconds/batch
2026-04-19 19:18:34,447 - Epoch 26, Batch 600, lr = 0.00005, final_loss = 3.7415, nll_loss = 3.6403, ref_nll_loss = 3.8426, ivc_loss = 0.0919, neg_loss_1 = 0.0143, neg_loss_2 = 0.0084, ref_loss = 0.0210, div_loss = 0.0097, 0.523 seconds/batch
2026-04-19 19:19:14,050 - Epoch 26, Batch 650, lr = 0.00005, final_loss = 3.7440, nll_loss = 3.6426, ref_nll_loss = 3.8453, ivc_loss = 0.0909, neg_loss_1 = 0.0133, neg_loss_2 = 0.0078, ref_loss = 0.0217, div_loss = 0.0096, 0.544 seconds/batch
2026-04-19 19:19:53,689 - Epoch 26, Batch 700, lr = 0.00005, final_loss = 3.7418, nll_loss = 3.6425, ref_nll_loss = 3.8411, ivc_loss = 0.0878, neg_loss_1 = 0.0118, neg_loss_2 = 0.0077, ref_loss = 0.0212, div_loss = 0.0094, 0.561 seconds/batch
2026-04-19 19:20:33,492 - Epoch 26, Batch 750, lr = 0.00005, final_loss = 3.7649, nll_loss = 3.6598, ref_nll_loss = 3.8699, ivc_loss = 0.0928, neg_loss_1 = 0.0143, neg_loss_2 = 0.0089, ref_loss = 0.0201, div_loss = 0.0099, 0.577 seconds/batch
2026-04-19 19:21:13,365 - Epoch 26, Batch 800, lr = 0.00005, final_loss = 3.7387, nll_loss = 3.6358, ref_nll_loss = 3.8417, ivc_loss = 0.0898, neg_loss_1 = 0.0144, neg_loss_2 = 0.0071, ref_loss = 0.0196, div_loss = 0.0097, 0.591 seconds/batch
2026-04-19 19:21:53,152 - Epoch 26, Batch 850, lr = 0.00005, final_loss = 3.7117, nll_loss = 3.6060, ref_nll_loss = 3.8174, ivc_loss = 0.0930, neg_loss_1 = 0.0122, neg_loss_2 = 0.0094, ref_loss = 0.0198, div_loss = 0.0103, 0.603 seconds/batch
2026-04-19 19:22:33,049 - Epoch 26, Batch 900, lr = 0.00005, final_loss = 3.7476, nll_loss = 3.6485, ref_nll_loss = 3.8467, ivc_loss = 0.0921, neg_loss_1 = 0.0138, neg_loss_2 = 0.0076, ref_loss = 0.0214, div_loss = 0.0099, 0.614 seconds/batch
2026-04-19 19:23:12,798 - Epoch 26, Batch 950, lr = 0.00005, final_loss = 3.7465, nll_loss = 3.6471, ref_nll_loss = 3.8458, ivc_loss = 0.0910, neg_loss_1 = 0.0156, neg_loss_2 = 0.0073, ref_loss = 0.0207, div_loss = 0.0095, 0.623 seconds/batch
2026-04-19 19:23:52,235 - Epoch 26, Batch 1000, lr = 0.00005, final_loss = 3.7354, nll_loss = 3.6373, ref_nll_loss = 3.8335, ivc_loss = 0.0939, neg_loss_1 = 0.0144, neg_loss_2 = 0.0068, ref_loss = 0.0235, div_loss = 0.0098, 0.632 seconds/batch
2026-04-19 19:24:31,955 - Epoch 26, Batch 1050, lr = 0.00005, final_loss = 3.7594, nll_loss = 3.6559, ref_nll_loss = 3.8629, ivc_loss = 0.0938, neg_loss_1 = 0.0143, neg_loss_2 = 0.0090, ref_loss = 0.0215, div_loss = 0.0098, 0.639 seconds/batch
2026-04-19 19:25:11,384 - Epoch 26, Batch 1100, lr = 0.00005, final_loss = 3.7459, nll_loss = 3.6418, ref_nll_loss = 3.8499, ivc_loss = 0.0892, neg_loss_1 = 0.0131, neg_loss_2 = 0.0087, ref_loss = 0.0190, div_loss = 0.0097, 0.646 seconds/batch
2026-04-19 19:25:51,320 - Epoch 26, Batch 1150, lr = 0.00005, final_loss = 3.7141, nll_loss = 3.6115, ref_nll_loss = 3.8166, ivc_loss = 0.0904, neg_loss_1 = 0.0110, neg_loss_2 = 0.0081, ref_loss = 0.0202, div_loss = 0.0102, 0.653 seconds/batch
2026-04-19 19:26:06,923 - Epoch 26, Batch 1170, lr = 0.00005, final_loss = 3.7340, nll_loss = 3.6336, ref_nll_loss = 3.8344, ivc_loss = 0.0915, neg_loss_1 = 0.0116, neg_loss_2 = 0.0084, ref_loss = 0.0218, div_loss = 0.0099, 0.655 seconds/batch
2026-04-19 19:26:06,997 - save model to checkpoints/activitynet_moe/cpl_moe/model-26.pt, num_updates 30420.
2026-04-19 19:31:32,444 - | R@1,mIoU 0.3149 | R@1,IoU@0.1 0.6941 | R@1,IoU@0.3 0.5070 | R@1,IoU@0.5 0.2562 | R@1,IoU@0.7 0.0998 | R@1,IoU@0.9 0.0143 | R@5,mIoU 0.5282 | R@5,IoU@0.1 0.9186 | R@5,IoU@0.3 0.7806 | R@5,IoU@0.5 0.5435 | R@5,IoU@0.7 0.3263 | R@5,IoU@0.9 0.0737 |
2026-04-19 19:31:32,444 - ============================================================
2026-04-19 19:31:32,444 - Start Epoch 27
2026-04-19 19:31:54,389 - Epoch 27, Batch 50, lr = 0.00005, final_loss = 3.7086, nll_loss = 3.6086, ref_nll_loss = 3.8087, ivc_loss = 0.0953, neg_loss_1 = 0.0122, neg_loss_2 = 0.0089, ref_loss = 0.0247, div_loss = 0.0099, 0.439 seconds/batch
2026-04-19 19:32:16,046 - Epoch 27, Batch 100, lr = 0.00005, final_loss = 3.7251, nll_loss = 3.6225, ref_nll_loss = 3.8278, ivc_loss = 0.0918, neg_loss_1 = 0.0119, neg_loss_2 = 0.0084, ref_loss = 0.0221, div_loss = 0.0099, 0.436 seconds/batch
2026-04-19 19:32:38,019 - Epoch 27, Batch 150, lr = 0.00005, final_loss = 3.7096, nll_loss = 3.6067, ref_nll_loss = 3.8124, ivc_loss = 0.0895, neg_loss_1 = 0.0127, neg_loss_2 = 0.0071, ref_loss = 0.0201, div_loss = 0.0099, 0.437 seconds/batch
2026-04-19 19:32:59,766 - Epoch 27, Batch 200, lr = 0.00005, final_loss = 3.6935, nll_loss = 3.5897, ref_nll_loss = 3.7974, ivc_loss = 0.0912, neg_loss_1 = 0.0139, neg_loss_2 = 0.0077, ref_loss = 0.0206, div_loss = 0.0098, 0.437 seconds/batch
2026-04-19 19:33:21,704 - Epoch 27, Batch 250, lr = 0.00005, final_loss = 3.7170, nll_loss = 3.6162, ref_nll_loss = 3.8179, ivc_loss = 0.0923, neg_loss_1 = 0.0136, neg_loss_2 = 0.0082, ref_loss = 0.0222, div_loss = 0.0097, 0.437 seconds/batch
2026-04-19 19:33:43,473 - Epoch 27, Batch 300, lr = 0.00005, final_loss = 3.7355, nll_loss = 3.6337, ref_nll_loss = 3.8373, ivc_loss = 0.0906, neg_loss_1 = 0.0117, neg_loss_2 = 0.0081, ref_loss = 0.0213, div_loss = 0.0099, 0.437 seconds/batch
2026-04-19 19:34:05,254 - Epoch 27, Batch 350, lr = 0.00005, final_loss = 3.7434, nll_loss = 3.6399, ref_nll_loss = 3.8468, ivc_loss = 0.0894, neg_loss_1 = 0.0129, neg_loss_2 = 0.0083, ref_loss = 0.0192, div_loss = 0.0098, 0.437 seconds/batch
2026-04-19 19:34:26,858 - Epoch 27, Batch 400, lr = 0.00005, final_loss = 3.7422, nll_loss = 3.6431, ref_nll_loss = 3.8412, ivc_loss = 0.0901, neg_loss_1 = 0.0126, neg_loss_2 = 0.0074, ref_loss = 0.0222, div_loss = 0.0096, 0.436 seconds/batch
2026-04-19 19:34:49,624 - Epoch 27, Batch 450, lr = 0.00005, final_loss = 3.7398, nll_loss = 3.6354, ref_nll_loss = 3.8441, ivc_loss = 0.0887, neg_loss_1 = 0.0120, neg_loss_2 = 0.0071, ref_loss = 0.0204, div_loss = 0.0098, 0.438 seconds/batch
2026-04-19 19:35:21,775 - Epoch 27, Batch 500, lr = 0.00005, final_loss = 3.7134, nll_loss = 3.6142, ref_nll_loss = 3.8127, ivc_loss = 0.0919, neg_loss_1 = 0.0134, neg_loss_2 = 0.0074, ref_loss = 0.0211, div_loss = 0.0100, 0.459 seconds/batch
2026-04-19 19:36:00,237 - Epoch 27, Batch 550, lr = 0.00005, final_loss = 3.7204, nll_loss = 3.6182, ref_nll_loss = 3.8227, ivc_loss = 0.0903, neg_loss_1 = 0.0125, neg_loss_2 = 0.0093, ref_loss = 0.0199, div_loss = 0.0097, 0.487 seconds/batch
2026-04-19 19:36:39,749 - Epoch 27, Batch 600, lr = 0.00005, final_loss = 3.7147, nll_loss = 3.6096, ref_nll_loss = 3.8198, ivc_loss = 0.0879, neg_loss_1 = 0.0134, neg_loss_2 = 0.0064, ref_loss = 0.0183, div_loss = 0.0100, 0.512 seconds/batch
2026-04-19 19:37:19,724 - Epoch 27, Batch 650, lr = 0.00005, final_loss = 3.7072, nll_loss = 3.6005, ref_nll_loss = 3.8139, ivc_loss = 0.0905, neg_loss_1 = 0.0123, neg_loss_2 = 0.0094, ref_loss = 0.0199, div_loss = 0.0098, 0.534 seconds/batch
2026-04-19 19:37:59,429 - Epoch 27, Batch 700, lr = 0.00005, final_loss = 3.7376, nll_loss = 3.6326, ref_nll_loss = 3.8426, ivc_loss = 0.0887, neg_loss_1 = 0.0134, neg_loss_2 = 0.0069, ref_loss = 0.0195, div_loss = 0.0098, 0.553 seconds/batch
2026-04-19 19:38:39,306 - Epoch 27, Batch 750, lr = 0.00005, final_loss = 3.7554, nll_loss = 3.6534, ref_nll_loss = 3.8574, ivc_loss = 0.0961, neg_loss_1 = 0.0141, neg_loss_2 = 0.0091, ref_loss = 0.0213, div_loss = 0.0103, 0.569 seconds/batch
2026-04-19 19:39:19,137 - Epoch 27, Batch 800, lr = 0.00005, final_loss = 3.7407, nll_loss = 3.6396, ref_nll_loss = 3.8418, ivc_loss = 0.0937, neg_loss_1 = 0.0140, neg_loss_2 = 0.0091, ref_loss = 0.0209, div_loss = 0.0099, 0.583 seconds/batch
2026-04-19 19:39:58,930 - Epoch 27, Batch 850, lr = 0.00005, final_loss = 3.7159, nll_loss = 3.6150, ref_nll_loss = 3.8168, ivc_loss = 0.0944, neg_loss_1 = 0.0136, neg_loss_2 = 0.0100, ref_loss = 0.0214, div_loss = 0.0099, 0.596 seconds/batch
2026-04-19 19:40:38,643 - Epoch 27, Batch 900, lr = 0.00005, final_loss = 3.7244, nll_loss = 3.6180, ref_nll_loss = 3.8309, ivc_loss = 0.0905, neg_loss_1 = 0.0142, neg_loss_2 = 0.0075, ref_loss = 0.0198, div_loss = 0.0098, 0.607 seconds/batch
2026-04-19 19:41:18,525 - Epoch 27, Batch 950, lr = 0.00005, final_loss = 3.7263, nll_loss = 3.6260, ref_nll_loss = 3.8265, ivc_loss = 0.0936, neg_loss_1 = 0.0132, neg_loss_2 = 0.0083, ref_loss = 0.0221, div_loss = 0.0100, 0.617 seconds/batch
2026-04-19 19:41:58,358 - Epoch 27, Batch 1000, lr = 0.00005, final_loss = 3.7270, nll_loss = 3.6227, ref_nll_loss = 3.8312, ivc_loss = 0.0888, neg_loss_1 = 0.0097, neg_loss_2 = 0.0103, ref_loss = 0.0191, div_loss = 0.0099, 0.626 seconds/batch
2026-04-19 19:42:37,683 - Epoch 27, Batch 1050, lr = 0.00005, final_loss = 3.7356, nll_loss = 3.6317, ref_nll_loss = 3.8395, ivc_loss = 0.0911, neg_loss_1 = 0.0132, neg_loss_2 = 0.0081, ref_loss = 0.0200, div_loss = 0.0100, 0.634 seconds/batch
2026-04-19 19:43:16,962 - Epoch 27, Batch 1100, lr = 0.00005, final_loss = 3.7117, nll_loss = 3.6076, ref_nll_loss = 3.8158, ivc_loss = 0.0886, neg_loss_1 = 0.0123, neg_loss_2 = 0.0078, ref_loss = 0.0198, div_loss = 0.0097, 0.640 seconds/batch
2026-04-19 19:43:56,596 - Epoch 27, Batch 1150, lr = 0.00005, final_loss = 3.7254, nll_loss = 3.6209, ref_nll_loss = 3.8298, ivc_loss = 0.0912, neg_loss_1 = 0.0130, neg_loss_2 = 0.0097, ref_loss = 0.0194, div_loss = 0.0098, 0.647 seconds/batch
2026-04-19 19:44:12,190 - Epoch 27, Batch 1170, lr = 0.00005, final_loss = 3.7560, nll_loss = 3.6540, ref_nll_loss = 3.8580, ivc_loss = 0.0927, neg_loss_1 = 0.0126, neg_loss_2 = 0.0074, ref_loss = 0.0224, div_loss = 0.0101, 0.649 seconds/batch
2026-04-19 19:44:12,268 - save model to checkpoints/activitynet_moe/cpl_moe/model-27.pt, num_updates 31590.
2026-04-19 19:49:43,817 - | R@1,mIoU 0.3417 | R@1,IoU@0.1 0.7515 | R@1,IoU@0.3 0.5748 | R@1,IoU@0.5 0.2757 | R@1,IoU@0.7 0.0979 | R@1,IoU@0.9 0.0150 | R@5,mIoU 0.5273 | R@5,IoU@0.1 0.9194 | R@5,IoU@0.3 0.7846 | R@5,IoU@0.5 0.5428 | R@5,IoU@0.7 0.3201 | R@5,IoU@0.9 0.0783 |
2026-04-19 19:49:43,901 - Best results have been updated.
2026-04-19 19:49:43,902 - ============================================================
2026-04-19 19:49:43,902 - Start Epoch 28
2026-04-19 19:50:06,084 - Epoch 28, Batch 50, lr = 0.00004, final_loss = 3.6941, nll_loss = 3.5941, ref_nll_loss = 3.7940, ivc_loss = 0.0884, neg_loss_1 = 0.0133, neg_loss_2 = 0.0060, ref_loss = 0.0205, div_loss = 0.0097, 0.444 seconds/batch
2026-04-19 19:50:27,916 - Epoch 28, Batch 100, lr = 0.00004, final_loss = 3.7090, nll_loss = 3.6050, ref_nll_loss = 3.8129, ivc_loss = 0.0922, neg_loss_1 = 0.0139, neg_loss_2 = 0.0096, ref_loss = 0.0206, div_loss = 0.0096, 0.440 seconds/batch
2026-04-19 19:50:49,955 - Epoch 28, Batch 150, lr = 0.00004, final_loss = 3.6914, nll_loss = 3.5887, ref_nll_loss = 3.7941, ivc_loss = 0.0918, neg_loss_1 = 0.0144, neg_loss_2 = 0.0073, ref_loss = 0.0207, div_loss = 0.0099, 0.440 seconds/batch
2026-04-19 19:51:11,669 - Epoch 28, Batch 200, lr = 0.00004, final_loss = 3.6961, nll_loss = 3.5934, ref_nll_loss = 3.7989, ivc_loss = 0.0925, neg_loss_1 = 0.0127, neg_loss_2 = 0.0088, ref_loss = 0.0210, div_loss = 0.0100, 0.439 seconds/batch
2026-04-19 19:51:33,693 - Epoch 28, Batch 250, lr = 0.00004, final_loss = 3.7115, nll_loss = 3.6082, ref_nll_loss = 3.8148, ivc_loss = 0.0909, neg_loss_1 = 0.0137, neg_loss_2 = 0.0078, ref_loss = 0.0198, div_loss = 0.0099, 0.439 seconds/batch
2026-04-19 19:51:55,556 - Epoch 28, Batch 300, lr = 0.00004, final_loss = 3.6879, nll_loss = 3.5829, ref_nll_loss = 3.7929, ivc_loss = 0.0903, neg_loss_1 = 0.0144, neg_loss_2 = 0.0085, ref_loss = 0.0196, div_loss = 0.0096, 0.439 seconds/batch
2026-04-19 19:52:17,318 - Epoch 28, Batch 350, lr = 0.00004, final_loss = 3.7188, nll_loss = 3.6162, ref_nll_loss = 3.8214, ivc_loss = 0.0909, neg_loss_1 = 0.0130, neg_loss_2 = 0.0078, ref_loss = 0.0219, div_loss = 0.0096, 0.438 seconds/batch
2026-04-19 19:52:39,230 - Epoch 28, Batch 400, lr = 0.00004, final_loss = 3.6987, nll_loss = 3.5967, ref_nll_loss = 3.8007, ivc_loss = 0.0922, neg_loss_1 = 0.0138, neg_loss_2 = 0.0098, ref_loss = 0.0208, div_loss = 0.0096, 0.438 seconds/batch
2026-04-19 19:53:00,973 - Epoch 28, Batch 450, lr = 0.00004, final_loss = 3.7267, nll_loss = 3.6238, ref_nll_loss = 3.8296, ivc_loss = 0.0941, neg_loss_1 = 0.0146, neg_loss_2 = 0.0077, ref_loss = 0.0235, div_loss = 0.0097, 0.438 seconds/batch
2026-04-19 19:53:32,095 - Epoch 28, Batch 500, lr = 0.00004, final_loss = 3.7076, nll_loss = 3.6075, ref_nll_loss = 3.8076, ivc_loss = 0.0934, neg_loss_1 = 0.0146, neg_loss_2 = 0.0082, ref_loss = 0.0217, div_loss = 0.0098, 0.456 seconds/batch
2026-04-19 19:54:08,963 - Epoch 28, Batch 550, lr = 0.00004, final_loss = 3.7218, nll_loss = 3.6194, ref_nll_loss = 3.8241, ivc_loss = 0.0925, neg_loss_1 = 0.0139, neg_loss_2 = 0.0087, ref_loss = 0.0225, div_loss = 0.0095, 0.482 seconds/batch
2026-04-19 19:54:48,914 - Epoch 28, Batch 600, lr = 0.00004, final_loss = 3.7441, nll_loss = 3.6442, ref_nll_loss = 3.8440, ivc_loss = 0.0928, neg_loss_1 = 0.0152, neg_loss_2 = 0.0088, ref_loss = 0.0223, div_loss = 0.0093, 0.508 seconds/batch
2026-04-19 19:55:28,527 - Epoch 28, Batch 650, lr = 0.00004, final_loss = 3.7154, nll_loss = 3.6116, ref_nll_loss = 3.8193, ivc_loss = 0.0894, neg_loss_1 = 0.0129, neg_loss_2 = 0.0085, ref_loss = 0.0212, div_loss = 0.0094, 0.530 seconds/batch
2026-04-19 19:56:08,764 - Epoch 28, Batch 700, lr = 0.00004, final_loss = 3.7257, nll_loss = 3.6263, ref_nll_loss = 3.8252, ivc_loss = 0.0907, neg_loss_1 = 0.0128, neg_loss_2 = 0.0080, ref_loss = 0.0208, div_loss = 0.0098, 0.550 seconds/batch
2026-04-19 19:56:48,733 - Epoch 28, Batch 750, lr = 0.00004, final_loss = 3.7581, nll_loss = 3.6577, ref_nll_loss = 3.8585, ivc_loss = 0.0880, neg_loss_1 = 0.0110, neg_loss_2 = 0.0071, ref_loss = 0.0215, div_loss = 0.0097, 0.566 seconds/batch
2026-04-19 19:57:28,619 - Epoch 28, Batch 800, lr = 0.00004, final_loss = 3.7037, nll_loss = 3.6004, ref_nll_loss = 3.8070, ivc_loss = 0.0903, neg_loss_1 = 0.0130, neg_loss_2 = 0.0077, ref_loss = 0.0203, div_loss = 0.0098, 0.581 seconds/batch
2026-04-19 19:58:08,444 - Epoch 28, Batch 850, lr = 0.00004, final_loss = 3.7280, nll_loss = 3.6249, ref_nll_loss = 3.8311, ivc_loss = 0.0913, neg_loss_1 = 0.0145, neg_loss_2 = 0.0079, ref_loss = 0.0193, div_loss = 0.0099, 0.594 seconds/batch
2026-04-19 19:58:47,910 - Epoch 28, Batch 900, lr = 0.00004, final_loss = 3.7281, nll_loss = 3.6275, ref_nll_loss = 3.8288, ivc_loss = 0.0934, neg_loss_1 = 0.0128, neg_loss_2 = 0.0088, ref_loss = 0.0213, div_loss = 0.0101, 0.604 seconds/batch
2026-04-19 19:59:27,720 - Epoch 28, Batch 950, lr = 0.00004, final_loss = 3.7093, nll_loss = 3.6036, ref_nll_loss = 3.8150, ivc_loss = 0.0870, neg_loss_1 = 0.0126, neg_loss_2 = 0.0076, ref_loss = 0.0175, div_loss = 0.0098, 0.615 seconds/batch
2026-04-19 20:00:07,497 - Epoch 28, Batch 1000, lr = 0.00004, final_loss = 3.7081, nll_loss = 3.6064, ref_nll_loss = 3.8098, ivc_loss = 0.0937, neg_loss_1 = 0.0122, neg_loss_2 = 0.0087, ref_loss = 0.0208, div_loss = 0.0104, 0.624 seconds/batch
2026-04-19 20:00:47,104 - Epoch 28, Batch 1050, lr = 0.00004, final_loss = 3.7225, nll_loss = 3.6173, ref_nll_loss = 3.8276, ivc_loss = 0.0910, neg_loss_1 = 0.0132, neg_loss_2 = 0.0075, ref_loss = 0.0204, div_loss = 0.0100, 0.632 seconds/batch
2026-04-19 20:01:26,829 - Epoch 28, Batch 1100, lr = 0.00004, final_loss = 3.7284, nll_loss = 3.6244, ref_nll_loss = 3.8324, ivc_loss = 0.0888, neg_loss_1 = 0.0131, neg_loss_2 = 0.0075, ref_loss = 0.0197, div_loss = 0.0097, 0.639 seconds/batch
2026-04-19 20:02:06,695 - Epoch 28, Batch 1150, lr = 0.00004, final_loss = 3.7072, nll_loss = 3.6048, ref_nll_loss = 3.8096, ivc_loss = 0.0905, neg_loss_1 = 0.0125, neg_loss_2 = 0.0083, ref_loss = 0.0212, div_loss = 0.0097, 0.646 seconds/batch
2026-04-19 20:02:22,165 - Epoch 28, Batch 1170, lr = 0.00004, final_loss = 3.7297, nll_loss = 3.6292, ref_nll_loss = 3.8302, ivc_loss = 0.0932, neg_loss_1 = 0.0124, neg_loss_2 = 0.0098, ref_loss = 0.0209, div_loss = 0.0100, 0.648 seconds/batch
2026-04-19 20:02:22,237 - save model to checkpoints/activitynet_moe/cpl_moe/model-28.pt, num_updates 32760.
2026-04-19 20:07:54,151 - | R@1,mIoU 0.3170 | R@1,IoU@0.1 0.7009 | R@1,IoU@0.3 0.5346 | R@1,IoU@0.5 0.2518 | R@1,IoU@0.7 0.0874 | R@1,IoU@0.9 0.0103 | R@5,mIoU 0.5258 | R@5,IoU@0.1 0.9197 | R@5,IoU@0.3 0.7799 | R@5,IoU@0.5 0.5385 | R@5,IoU@0.7 0.3215 | R@5,IoU@0.9 0.0760 |
2026-04-19 20:07:54,151 - ============================================================
2026-04-19 20:07:54,151 - Start Epoch 29
2026-04-19 20:08:18,842 - Epoch 29, Batch 50, lr = 0.00004, final_loss = 3.7246, nll_loss = 3.6234, ref_nll_loss = 3.8258, ivc_loss = 0.0904, neg_loss_1 = 0.0117, neg_loss_2 = 0.0088, ref_loss = 0.0206, div_loss = 0.0098, 0.494 seconds/batch
2026-04-19 20:08:40,651 - Epoch 29, Batch 100, lr = 0.00004, final_loss = 3.6950, nll_loss = 3.5933, ref_nll_loss = 3.7966, ivc_loss = 0.0907, neg_loss_1 = 0.0114, neg_loss_2 = 0.0075, ref_loss = 0.0189, div_loss = 0.0106, 0.465 seconds/batch
2026-04-19 20:09:02,706 - Epoch 29, Batch 150, lr = 0.00004, final_loss = 3.6993, nll_loss = 3.5957, ref_nll_loss = 3.8029, ivc_loss = 0.0906, neg_loss_1 = 0.0117, neg_loss_2 = 0.0077, ref_loss = 0.0200, div_loss = 0.0102, 0.457 seconds/batch
2026-04-19 20:09:24,497 - Epoch 29, Batch 200, lr = 0.00004, final_loss = 3.7093, nll_loss = 3.6095, ref_nll_loss = 3.8091, ivc_loss = 0.0916, neg_loss_1 = 0.0151, neg_loss_2 = 0.0072, ref_loss = 0.0206, div_loss = 0.0098, 0.452 seconds/batch
2026-04-19 20:09:46,349 - Epoch 29, Batch 250, lr = 0.00004, final_loss = 3.6812, nll_loss = 3.5802, ref_nll_loss = 3.7822, ivc_loss = 0.0905, neg_loss_1 = 0.0114, neg_loss_2 = 0.0082, ref_loss = 0.0224, div_loss = 0.0097, 0.449 seconds/batch
2026-04-19 20:10:08,404 - Epoch 29, Batch 300, lr = 0.00004, final_loss = 3.6961, nll_loss = 3.5917, ref_nll_loss = 3.8005, ivc_loss = 0.0892, neg_loss_1 = 0.0119, neg_loss_2 = 0.0082, ref_loss = 0.0199, div_loss = 0.0098, 0.448 seconds/batch
2026-04-19 20:10:30,254 - Epoch 29, Batch 350, lr = 0.00004, final_loss = 3.7154, nll_loss = 3.6115, ref_nll_loss = 3.8193, ivc_loss = 0.0920, neg_loss_1 = 0.0137, neg_loss_2 = 0.0061, ref_loss = 0.0199, div_loss = 0.0105, 0.446 seconds/batch
2026-04-19 20:10:51,999 - Epoch 29, Batch 400, lr = 0.00004, final_loss = 3.6792, nll_loss = 3.5762, ref_nll_loss = 3.7823, ivc_loss = 0.0916, neg_loss_1 = 0.0117, neg_loss_2 = 0.0084, ref_loss = 0.0212, div_loss = 0.0101, 0.445 seconds/batch
2026-04-19 20:11:13,804 - Epoch 29, Batch 450, lr = 0.00004, final_loss = 3.7144, nll_loss = 3.6135, ref_nll_loss = 3.8153, ivc_loss = 0.0894, neg_loss_1 = 0.0123, neg_loss_2 = 0.0066, ref_loss = 0.0207, div_loss = 0.0100, 0.444 seconds/batch
2026-04-19 20:11:43,039 - Epoch 29, Batch 500, lr = 0.00004, final_loss = 3.6990, nll_loss = 3.5958, ref_nll_loss = 3.8022, ivc_loss = 0.0868, neg_loss_1 = 0.0122, neg_loss_2 = 0.0059, ref_loss = 0.0203, div_loss = 0.0097, 0.458 seconds/batch
2026-04-19 20:12:17,137 - Epoch 29, Batch 550, lr = 0.00004, final_loss = 3.6846, nll_loss = 3.5781, ref_nll_loss = 3.7911, ivc_loss = 0.0872, neg_loss_1 = 0.0108, neg_loss_2 = 0.0076, ref_loss = 0.0192, div_loss = 0.0099, 0.478 seconds/batch
2026-04-19 20:12:57,144 - Epoch 29, Batch 600, lr = 0.00004, final_loss = 3.6953, nll_loss = 3.5892, ref_nll_loss = 3.8015, ivc_loss = 0.0885, neg_loss_1 = 0.0138, neg_loss_2 = 0.0074, ref_loss = 0.0178, div_loss = 0.0099, 0.505 seconds/batch
2026-04-19 20:13:37,250 - Epoch 29, Batch 650, lr = 0.00004, final_loss = 3.6958, nll_loss = 3.5937, ref_nll_loss = 3.7979, ivc_loss = 0.0964, neg_loss_1 = 0.0133, neg_loss_2 = 0.0080, ref_loss = 0.0242, div_loss = 0.0102, 0.528 seconds/batch
2026-04-19 20:14:16,829 - Epoch 29, Batch 700, lr = 0.00004, final_loss = 3.7011, nll_loss = 3.5990, ref_nll_loss = 3.8033, ivc_loss = 0.0932, neg_loss_1 = 0.0132, neg_loss_2 = 0.0074, ref_loss = 0.0203, div_loss = 0.0105, 0.547 seconds/batch
2026-04-19 20:14:56,361 - Epoch 29, Batch 750, lr = 0.00004, final_loss = 3.7038, nll_loss = 3.6024, ref_nll_loss = 3.8052, ivc_loss = 0.0964, neg_loss_1 = 0.0156, neg_loss_2 = 0.0097, ref_loss = 0.0223, div_loss = 0.0098, 0.563 seconds/batch
2026-04-19 20:15:36,133 - Epoch 29, Batch 800, lr = 0.00004, final_loss = 3.7137, nll_loss = 3.6098, ref_nll_loss = 3.8176, ivc_loss = 0.0895, neg_loss_1 = 0.0126, neg_loss_2 = 0.0069, ref_loss = 0.0207, div_loss = 0.0098, 0.577 seconds/batch
2026-04-19 20:16:15,919 - Epoch 29, Batch 850, lr = 0.00004, final_loss = 3.7182, nll_loss = 3.6175, ref_nll_loss = 3.8189, ivc_loss = 0.0954, neg_loss_1 = 0.0157, neg_loss_2 = 0.0074, ref_loss = 0.0216, div_loss = 0.0102, 0.590 seconds/batch
2026-04-19 20:16:55,654 - Epoch 29, Batch 900, lr = 0.00004, final_loss = 3.6927, nll_loss = 3.5882, ref_nll_loss = 3.7972, ivc_loss = 0.0911, neg_loss_1 = 0.0127, neg_loss_2 = 0.0080, ref_loss = 0.0192, div_loss = 0.0102, 0.602 seconds/batch
2026-04-19 20:17:35,120 - Epoch 29, Batch 950, lr = 0.00004, final_loss = 3.7334, nll_loss = 3.6254, ref_nll_loss = 3.8414, ivc_loss = 0.0915, neg_loss_1 = 0.0129, neg_loss_2 = 0.0079, ref_loss = 0.0184, div_loss = 0.0105, 0.612 seconds/batch
2026-04-19 20:18:14,883 - Epoch 29, Batch 1000, lr = 0.00004, final_loss = 3.6867, nll_loss = 3.5822, ref_nll_loss = 3.7912, ivc_loss = 0.0899, neg_loss_1 = 0.0105, neg_loss_2 = 0.0084, ref_loss = 0.0202, div_loss = 0.0102, 0.621 seconds/batch
2026-04-19 20:18:55,039 - Epoch 29, Batch 1050, lr = 0.00004, final_loss = 3.7082, nll_loss = 3.6056, ref_nll_loss = 3.8108, ivc_loss = 0.0921, neg_loss_1 = 0.0134, neg_loss_2 = 0.0072, ref_loss = 0.0219, div_loss = 0.0099, 0.629 seconds/batch
2026-04-19 20:19:35,108 - Epoch 29, Batch 1100, lr = 0.00004, final_loss = 3.7552, nll_loss = 3.6499, ref_nll_loss = 3.8605, ivc_loss = 0.0925, neg_loss_1 = 0.0146, neg_loss_2 = 0.0081, ref_loss = 0.0213, div_loss = 0.0097, 0.637 seconds/batch
2026-04-19 20:20:15,177 - Epoch 29, Batch 1150, lr = 0.00004, final_loss = 3.7218, nll_loss = 3.6184, ref_nll_loss = 3.8253, ivc_loss = 0.0917, neg_loss_1 = 0.0142, neg_loss_2 = 0.0078, ref_loss = 0.0201, div_loss = 0.0099, 0.644 seconds/batch
2026-04-19 20:20:30,687 - Epoch 29, Batch 1170, lr = 0.00004, final_loss = 3.7127, nll_loss = 3.6007, ref_nll_loss = 3.8247, ivc_loss = 0.0903, neg_loss_1 = 0.0131, neg_loss_2 = 0.0061, ref_loss = 0.0194, div_loss = 0.0103, 0.647 seconds/batch
2026-04-19 20:20:30,759 - save model to checkpoints/activitynet_moe/cpl_moe/model-29.pt, num_updates 33930.
2026-04-19 20:26:06,203 - | R@1,mIoU 0.2922 | R@1,IoU@0.1 0.6540 | R@1,IoU@0.3 0.4933 | R@1,IoU@0.5 0.2259 | R@1,IoU@0.7 0.0786 | R@1,IoU@0.9 0.0087 | R@5,mIoU 0.5247 | R@5,IoU@0.1 0.9182 | R@5,IoU@0.3 0.7805 | R@5,IoU@0.5 0.5367 | R@5,IoU@0.7 0.3214 | R@5,IoU@0.9 0.0720 |
2026-04-19 20:26:06,203 - ============================================================
2026-04-19 20:26:06,203 - Start Epoch 30
2026-04-19 20:26:32,422 - Epoch 30, Batch 50, lr = 0.00004, final_loss = 3.6567, nll_loss = 3.5545, ref_nll_loss = 3.7589, ivc_loss = 0.0892, neg_loss_1 = 0.0127, neg_loss_2 = 0.0083, ref_loss = 0.0198, div_loss = 0.0097, 0.524 seconds/batch
2026-04-19 20:26:54,149 - Epoch 30, Batch 100, lr = 0.00004, final_loss = 3.6599, nll_loss = 3.5543, ref_nll_loss = 3.7655, ivc_loss = 0.0912, neg_loss_1 = 0.0141, neg_loss_2 = 0.0083, ref_loss = 0.0203, div_loss = 0.0097, 0.479 seconds/batch
2026-04-19 20:27:15,976 - Epoch 30, Batch 150, lr = 0.00004, final_loss = 3.6934, nll_loss = 3.5875, ref_nll_loss = 3.7993, ivc_loss = 0.0921, neg_loss_1 = 0.0145, neg_loss_2 = 0.0083, ref_loss = 0.0187, div_loss = 0.0101, 0.465 seconds/batch
2026-04-19 20:27:37,707 - Epoch 30, Batch 200, lr = 0.00004, final_loss = 3.6840, nll_loss = 3.5766, ref_nll_loss = 3.7913, ivc_loss = 0.0886, neg_loss_1 = 0.0112, neg_loss_2 = 0.0068, ref_loss = 0.0184, div_loss = 0.0104, 0.458 seconds/batch
2026-04-19 20:27:59,564 - Epoch 30, Batch 250, lr = 0.00004, final_loss = 3.7053, nll_loss = 3.6008, ref_nll_loss = 3.8098, ivc_loss = 0.0895, neg_loss_1 = 0.0112, neg_loss_2 = 0.0065, ref_loss = 0.0209, div_loss = 0.0102, 0.453 seconds/batch
2026-04-19 20:28:21,279 - Epoch 30, Batch 300, lr = 0.00004, final_loss = 3.6764, nll_loss = 3.5741, ref_nll_loss = 3.7787, ivc_loss = 0.0915, neg_loss_1 = 0.0115, neg_loss_2 = 0.0079, ref_loss = 0.0203, div_loss = 0.0104, 0.450 seconds/batch
2026-04-19 20:28:42,892 - Epoch 30, Batch 350, lr = 0.00004, final_loss = 3.6780, nll_loss = 3.5748, ref_nll_loss = 3.7811, ivc_loss = 0.0935, neg_loss_1 = 0.0127, neg_loss_2 = 0.0072, ref_loss = 0.0224, div_loss = 0.0102, 0.448 seconds/batch
2026-04-19 20:29:04,432 - Epoch 30, Batch 400, lr = 0.00004, final_loss = 3.7259, nll_loss = 3.6252, ref_nll_loss = 3.8265, ivc_loss = 0.0966, neg_loss_1 = 0.0131, neg_loss_2 = 0.0104, ref_loss = 0.0244, div_loss = 0.0097, 0.446 seconds/batch
2026-04-19 20:29:26,002 - Epoch 30, Batch 450, lr = 0.00004, final_loss = 3.6843, nll_loss = 3.5781, ref_nll_loss = 3.7904, ivc_loss = 0.0930, neg_loss_1 = 0.0128, neg_loss_2 = 0.0087, ref_loss = 0.0201, div_loss = 0.0103, 0.444 seconds/batch
2026-04-19 20:29:50,267 - Epoch 30, Batch 500, lr = 0.00004, final_loss = 3.7091, nll_loss = 3.6040, ref_nll_loss = 3.8141, ivc_loss = 0.0886, neg_loss_1 = 0.0129, neg_loss_2 = 0.0068, ref_loss = 0.0189, div_loss = 0.0100, 0.448 seconds/batch
2026-04-19 20:30:23,888 - Epoch 30, Batch 550, lr = 0.00004, final_loss = 3.6969, nll_loss = 3.5895, ref_nll_loss = 3.8042, ivc_loss = 0.0930, neg_loss_1 = 0.0143, neg_loss_2 = 0.0074, ref_loss = 0.0204, div_loss = 0.0102, 0.469 seconds/batch
2026-04-19 20:31:01,659 - Epoch 30, Batch 600, lr = 0.00004, final_loss = 3.7088, nll_loss = 3.6067, ref_nll_loss = 3.8110, ivc_loss = 0.0908, neg_loss_1 = 0.0140, neg_loss_2 = 0.0081, ref_loss = 0.0190, div_loss = 0.0099, 0.492 seconds/batch
2026-04-19 20:31:41,512 - Epoch 30, Batch 650, lr = 0.00004, final_loss = 3.6810, nll_loss = 3.5765, ref_nll_loss = 3.7854, ivc_loss = 0.0922, neg_loss_1 = 0.0123, neg_loss_2 = 0.0078, ref_loss = 0.0208, div_loss = 0.0102, 0.516 seconds/batch
2026-04-19 20:32:21,012 - Epoch 30, Batch 700, lr = 0.00004, final_loss = 3.6808, nll_loss = 3.5805, ref_nll_loss = 3.7812, ivc_loss = 0.0945, neg_loss_1 = 0.0118, neg_loss_2 = 0.0082, ref_loss = 0.0223, div_loss = 0.0104, 0.535 seconds/batch
2026-04-19 20:33:01,164 - Epoch 30, Batch 750, lr = 0.00004, final_loss = 3.7051, nll_loss = 3.6019, ref_nll_loss = 3.8083, ivc_loss = 0.0884, neg_loss_1 = 0.0124, neg_loss_2 = 0.0067, ref_loss = 0.0212, div_loss = 0.0096, 0.553 seconds/batch
2026-04-19 20:33:41,311 - Epoch 30, Batch 800, lr = 0.00004, final_loss = 3.7105, nll_loss = 3.6103, ref_nll_loss = 3.8108, ivc_loss = 0.0938, neg_loss_1 = 0.0134, neg_loss_2 = 0.0065, ref_loss = 0.0234, div_loss = 0.0101, 0.569 seconds/batch
2026-04-19 20:34:21,270 - Epoch 30, Batch 850, lr = 0.00004, final_loss = 3.7093, nll_loss = 3.6010, ref_nll_loss = 3.8176, ivc_loss = 0.0915, neg_loss_1 = 0.0118, neg_loss_2 = 0.0073, ref_loss = 0.0196, div_loss = 0.0106, 0.582 seconds/batch
2026-04-19 20:35:00,920 - Epoch 30, Batch 900, lr = 0.00004, final_loss = 3.7163, nll_loss = 3.6120, ref_nll_loss = 3.8207, ivc_loss = 0.0907, neg_loss_1 = 0.0107, neg_loss_2 = 0.0087, ref_loss = 0.0209, div_loss = 0.0101, 0.594 seconds/batch
2026-04-19 20:35:40,322 - Epoch 30, Batch 950, lr = 0.00004, final_loss = 3.7201, nll_loss = 3.6203, ref_nll_loss = 3.8199, ivc_loss = 0.0904, neg_loss_1 = 0.0132, neg_loss_2 = 0.0067, ref_loss = 0.0199, div_loss = 0.0101, 0.604 seconds/batch
2026-04-19 20:36:19,914 - Epoch 30, Batch 1000, lr = 0.00004, final_loss = 3.7166, nll_loss = 3.6092, ref_nll_loss = 3.8240, ivc_loss = 0.0947, neg_loss_1 = 0.0157, neg_loss_2 = 0.0086, ref_loss = 0.0196, div_loss = 0.0102, 0.614 seconds/batch
2026-04-19 20:36:59,675 - Epoch 30, Batch 1050, lr = 0.00004, final_loss = 3.7306, nll_loss = 3.6285, ref_nll_loss = 3.8326, ivc_loss = 0.0925, neg_loss_1 = 0.0114, neg_loss_2 = 0.0077, ref_loss = 0.0202, div_loss = 0.0106, 0.622 seconds/batch
2026-04-19 20:37:39,220 - Epoch 30, Batch 1100, lr = 0.00004, final_loss = 3.6846, nll_loss = 3.5792, ref_nll_loss = 3.7899, ivc_loss = 0.0895, neg_loss_1 = 0.0117, neg_loss_2 = 0.0074, ref_loss = 0.0179, div_loss = 0.0105, 0.630 seconds/batch
2026-04-19 20:38:18,812 - Epoch 30, Batch 1150, lr = 0.00004, final_loss = 3.7076, nll_loss = 3.6013, ref_nll_loss = 3.8138, ivc_loss = 0.0914, neg_loss_1 = 0.0134, neg_loss_2 = 0.0074, ref_loss = 0.0189, div_loss = 0.0103, 0.637 seconds/batch
2026-04-19 20:38:34,475 - Epoch 30, Batch 1170, lr = 0.00004, final_loss = 3.6841, nll_loss = 3.5777, ref_nll_loss = 3.7906, ivc_loss = 0.0879, neg_loss_1 = 0.0140, neg_loss_2 = 0.0058, ref_loss = 0.0189, div_loss = 0.0098, 0.640 seconds/batch
2026-04-19 20:38:34,551 - save model to checkpoints/activitynet_moe/cpl_moe/model-30.pt, num_updates 35100.
2026-04-19 20:44:15,011 - | R@1,mIoU 0.3371 | R@1,IoU@0.1 0.7507 | R@1,IoU@0.3 0.5666 | R@1,IoU@0.5 0.2666 | R@1,IoU@0.7 0.0904 | R@1,IoU@0.9 0.0107 | R@5,mIoU 0.5238 | R@5,IoU@0.1 0.9185 | R@5,IoU@0.3 0.7754 | R@5,IoU@0.5 0.5335 | R@5,IoU@0.7 0.3195 | R@5,IoU@0.9 0.0744 |
2026-04-19 20:44:15,011 - ============================================================
2026-04-19 20:44:15,012 - Best results:
2026-04-19 20:44:15,012 - | R@1,mIoU 0.3417 | R@1,IoU@0.1 0.7515 | R@1,IoU@0.3 0.5748 | R@1,IoU@0.5 0.2757 | R@1,IoU@0.7 0.0979 | R@1,IoU@0.9 0.0150 | R@5,mIoU 0.5273 | R@5,IoU@0.1 0.9194 | R@5,IoU@0.3 0.7846 | R@5,IoU@0.5 0.5428 | R@5,IoU@0.7 0.3201 | R@5,IoU@0.9 0.0783 |
