2026-05-06 20:33:31,930 - {'dataset': {'dataset': 'ActivityNet', 'feature_path': '/data/chenyuan/videogrounding/cpl-main/data/activitynet/sub_activitynet_v1-3.c3d.hdf5', 'vocab_size': 8000, 'word_dim': 300, 'frame_dim': 500, 'max_num_words': 20, 'max_num_frames': 200, 'target_stride': 1, 'train_data': 'data/activitynet/train_data.json', 'test_data': 'data/activitynet/test_data.json', 'val_data': 'data/activitynet/val_data.json', 'vocab_path': 'data/activitynet/glove.pkl'}, 'train': {'optimizer': {'lr': 0.0004, 'weight_decay': 0, 'warmup_updates': 400, 'warmup_init_lr': 1e-07}, 'batch_size': 32, 'max_num_epochs': 30, 'model_saved_path': 'checkpoints/activitynet_moe_v4/moe_v4'}, 'model': {'name': 'CPL_MoEv4', 'source': 'models_v4', 'config': {'frames_input_size': 500, 'words_input_size': 300, 'hidden_size': 256, 'use_negative': True, 'num_props': 8, 'sigma': 9, 'gamma': 0, 'dropout': 0.1, 'masked_words_ratio': 3, 'pred_gamma': 0.0, 'DualTransformer': {'d_model': 256, 'num_heads': 4, 'num_decoder_layers1': 3, 'num_decoder_layers2': 3, 'dropout': 0.1}, 'MoEv4': {'num_heads': 4, 'num_sub_gauss': 3, 'dropout': 0.1}}}, 'loss': {'margin_hneg': 0.1, 'margin_eneg': 0.15, 'alpha_ivc': 1.0, 'lambda_inter_push': 0.15, 'lambda_intra_push': 0.15, 'alpha_inter_push': 0.2, 'alpha_intra_push': 0.005, 'alpha_pull': 0.2, 'aux_loss_scale_schedule': [[5, 0.1], [15, 0.5], [30, 1.0]]}, '_comment': 'CPL_MoEv4: Gaussian Mixture Proposals + Multi-Head MoE. Separate DualTransformers for generation vs reconstruction. Pull-push loss adapted from PPS (AAAI 2024). Hyperparameters aligned with CPL baseline.', 'vote': True}
2026-05-06 20:33:32,304 - train: 37421 samples, test: 17031 samples
2026-05-06 20:33:33,084 - Start Epoch 1
2026-05-06 20:33:46,143 - Epoch 1, Batch 50, lr = 0.00005, aux_scale = 0.100,  rec_loss = 8.7080, hneg_loss = 0.0520, neg_loss = 0.0822, ivc_loss = 0.1342, nll_loss = 8.7080, push_inter = 0.2342, push_intra = 0.0592, pull_loss = 0.0119, aux_loss = 0.0022, final_loss = 8.8920, 0.261 seconds/batch
2026-05-06 20:33:57,917 - Epoch 1, Batch 100, lr = 0.00010, aux_scale = 0.100,  rec_loss = 7.6028, hneg_loss = 0.0527, neg_loss = 0.0720, ivc_loss = 0.1246, nll_loss = 7.6028, push_inter = 0.1466, push_intra = 0.0523, pull_loss = 0.0317, aux_loss = 0.0014, final_loss = 7.7634, 0.248 seconds/batch
2026-05-06 20:34:09,820 - Epoch 1, Batch 150, lr = 0.00015, aux_scale = 0.100,  rec_loss = 6.7869, hneg_loss = 0.0435, neg_loss = 0.0724, ivc_loss = 0.1159, nll_loss = 6.7869, push_inter = 0.1269, push_intra = 0.0549, pull_loss = 0.0355, aux_loss = 0.0006, final_loss = 6.9356, 0.245 seconds/batch
2026-05-06 20:34:21,751 - Epoch 1, Batch 200, lr = 0.00020, aux_scale = 0.100,  rec_loss = 6.3502, hneg_loss = 0.0325, neg_loss = 0.0617, ivc_loss = 0.0942, nll_loss = 6.3502, push_inter = 0.1172, push_intra = 0.0567, pull_loss = 0.0396, aux_loss = 0.0004, final_loss = 6.4761, 0.243 seconds/batch
2026-05-06 20:34:33,680 - Epoch 1, Batch 250, lr = 0.00025, aux_scale = 0.100,  rec_loss = 6.1547, hneg_loss = 0.0269, neg_loss = 0.0510, ivc_loss = 0.0779, nll_loss = 6.1547, push_inter = 0.1171, push_intra = 0.0562, pull_loss = 0.0372, aux_loss = 0.0008, final_loss = 6.2638, 0.242 seconds/batch
2026-05-06 20:34:45,465 - Epoch 1, Batch 300, lr = 0.00030, aux_scale = 0.100,  rec_loss = 6.0026, hneg_loss = 0.0262, neg_loss = 0.0541, ivc_loss = 0.0803, nll_loss = 6.0026, push_inter = 0.1246, push_intra = 0.0552, pull_loss = 0.0288, aux_loss = 0.0005, final_loss = 6.1139, 0.241 seconds/batch
2026-05-06 20:34:57,283 - Epoch 1, Batch 350, lr = 0.00035, aux_scale = 0.100,  rec_loss = 5.9036, hneg_loss = 0.0262, neg_loss = 0.0523, ivc_loss = 0.0785, nll_loss = 5.9036, push_inter = 0.1139, push_intra = 0.0590, pull_loss = 0.0310, aux_loss = 0.0002, final_loss = 6.0114, 0.241 seconds/batch
2026-05-06 20:35:09,158 - Epoch 1, Batch 400, lr = 0.00040, aux_scale = 0.100,  rec_loss = 5.8229, hneg_loss = 0.0246, neg_loss = 0.0498, ivc_loss = 0.0744, nll_loss = 5.8229, push_inter = 0.1058, push_intra = 0.0604, pull_loss = 0.0352, aux_loss = 0.0002, final_loss = 5.9258, 0.240 seconds/batch
2026-05-06 20:35:21,111 - Epoch 1, Batch 450, lr = 0.00038, aux_scale = 0.100,  rec_loss = 5.7236, hneg_loss = 0.0240, neg_loss = 0.0462, ivc_loss = 0.0702, nll_loss = 5.7236, push_inter = 0.1062, push_intra = 0.0658, pull_loss = 0.0430, aux_loss = 0.0009, final_loss = 5.8240, 0.240 seconds/batch
2026-05-06 20:35:33,059 - Epoch 1, Batch 500, lr = 0.00036, aux_scale = 0.100,  rec_loss = 5.6728, hneg_loss = 0.0242, neg_loss = 0.0487, ivc_loss = 0.0729, nll_loss = 5.6728, push_inter = 0.1108, push_intra = 0.0745, pull_loss = 0.0528, aux_loss = 0.0002, final_loss = 5.7789, 0.240 seconds/batch
2026-05-06 20:35:44,961 - Epoch 1, Batch 550, lr = 0.00034, aux_scale = 0.100,  rec_loss = 5.6433, hneg_loss = 0.0231, neg_loss = 0.0450, ivc_loss = 0.0681, nll_loss = 5.6433, push_inter = 0.0988, push_intra = 0.0969, pull_loss = 0.0485, aux_loss = 0.0003, final_loss = 5.7414, 0.240 seconds/batch
2026-05-06 20:35:56,955 - Epoch 1, Batch 600, lr = 0.00033, aux_scale = 0.100,  rec_loss = 5.6076, hneg_loss = 0.0232, neg_loss = 0.0438, ivc_loss = 0.0670, nll_loss = 5.6076, push_inter = 0.0971, push_intra = 0.1133, pull_loss = 0.0443, aux_loss = 0.0005, final_loss = 5.7035, 0.240 seconds/batch
2026-05-06 20:36:08,832 - Epoch 1, Batch 650, lr = 0.00031, aux_scale = 0.100,  rec_loss = 5.4920, hneg_loss = 0.0233, neg_loss = 0.0406, ivc_loss = 0.0639, nll_loss = 5.4920, push_inter = 0.0942, push_intra = 0.1141, pull_loss = 0.0391, aux_loss = 0.0008, final_loss = 5.5832, 0.240 seconds/batch
2026-05-06 20:36:20,730 - Epoch 1, Batch 700, lr = 0.00030, aux_scale = 0.100,  rec_loss = 5.4715, hneg_loss = 0.0214, neg_loss = 0.0397, ivc_loss = 0.0611, nll_loss = 5.4715, push_inter = 0.0935, push_intra = 0.1116, pull_loss = 0.0334, aux_loss = 0.0008, final_loss = 5.5587, 0.239 seconds/batch
2026-05-06 20:36:32,674 - Epoch 1, Batch 750, lr = 0.00029, aux_scale = 0.100,  rec_loss = 5.4281, hneg_loss = 0.0213, neg_loss = 0.0344, ivc_loss = 0.0556, nll_loss = 5.4281, push_inter = 0.0951, push_intra = 0.1146, pull_loss = 0.0310, aux_loss = 0.0005, final_loss = 5.5096, 0.239 seconds/batch
2026-05-06 20:36:44,724 - Epoch 1, Batch 800, lr = 0.00028, aux_scale = 0.100,  rec_loss = 5.4172, hneg_loss = 0.0216, neg_loss = 0.0395, ivc_loss = 0.0611, nll_loss = 5.4172, push_inter = 0.0921, push_intra = 0.1297, pull_loss = 0.0475, aux_loss = 0.0002, final_loss = 5.5069, 0.240 seconds/batch
2026-05-06 20:36:56,734 - Epoch 1, Batch 850, lr = 0.00027, aux_scale = 0.100,  rec_loss = 5.3841, hneg_loss = 0.0212, neg_loss = 0.0342, ivc_loss = 0.0553, nll_loss = 5.3841, push_inter = 0.0865, push_intra = 0.1360, pull_loss = 0.0393, aux_loss = 0.0001, final_loss = 5.4653, 0.240 seconds/batch
2026-05-06 20:37:08,976 - Epoch 1, Batch 900, lr = 0.00027, aux_scale = 0.100,  rec_loss = 5.3753, hneg_loss = 0.0193, neg_loss = 0.0338, ivc_loss = 0.0531, nll_loss = 5.3753, push_inter = 0.0845, push_intra = 0.1352, pull_loss = 0.0292, aux_loss = 0.0001, final_loss = 5.4519, 0.240 seconds/batch
2026-05-06 20:37:20,897 - Epoch 1, Batch 950, lr = 0.00026, aux_scale = 0.100,  rec_loss = 5.3179, hneg_loss = 0.0213, neg_loss = 0.0329, ivc_loss = 0.0543, nll_loss = 5.3179, push_inter = 0.0767, push_intra = 0.1418, pull_loss = 0.0318, aux_loss = 0.0003, final_loss = 5.3947, 0.240 seconds/batch
2026-05-06 20:37:32,959 - Epoch 1, Batch 1000, lr = 0.00025, aux_scale = 0.100,  rec_loss = 5.3134, hneg_loss = 0.0205, neg_loss = 0.0351, ivc_loss = 0.0557, nll_loss = 5.3134, push_inter = 0.0749, push_intra = 0.1459, pull_loss = 0.0357, aux_loss = 0.0001, final_loss = 5.3919, 0.240 seconds/batch
2026-05-06 20:37:44,940 - Epoch 1, Batch 1050, lr = 0.00025, aux_scale = 0.100,  rec_loss = 5.2710, hneg_loss = 0.0190, neg_loss = 0.0330, ivc_loss = 0.0520, nll_loss = 5.2710, push_inter = 0.0700, push_intra = 0.1473, pull_loss = 0.0290, aux_loss = 0.0002, final_loss = 5.3436, 0.240 seconds/batch
2026-05-06 20:37:56,939 - Epoch 1, Batch 1100, lr = 0.00024, aux_scale = 0.100,  rec_loss = 5.2869, hneg_loss = 0.0210, neg_loss = 0.0324, ivc_loss = 0.0534, nll_loss = 5.2869, push_inter = 0.0706, push_intra = 0.1419, pull_loss = 0.0342, aux_loss = 0.0001, final_loss = 5.3619, 0.240 seconds/batch
2026-05-06 20:38:08,903 - Epoch 1, Batch 1150, lr = 0.00024, aux_scale = 0.100,  rec_loss = 5.2437, hneg_loss = 0.0212, neg_loss = 0.0344, ivc_loss = 0.0556, nll_loss = 5.2437, push_inter = 0.0692, push_intra = 0.1501, pull_loss = 0.0342, aux_loss = 0.0001, final_loss = 5.3208, 0.240 seconds/batch
2026-05-06 20:38:13,779 - Epoch 1, Batch 1170, lr = 0.00023, aux_scale = 0.100,  rec_loss = 5.2270, hneg_loss = 0.0182, neg_loss = 0.0332, ivc_loss = 0.0514, nll_loss = 5.2270, push_inter = 0.0680, push_intra = 0.1508, pull_loss = 0.0277, aux_loss = 0.0002, final_loss = 5.2983, 0.240 seconds/batch
2026-05-06 20:38:13,870 - save model to checkpoints/activitynet_moe_v4/moe_v4/model-1.pt, num_updates 1170.
2026-05-06 20:40:02,533 - | R@1,mIoU 0.1588 | R@1,IoU@0.1 0.4232 | R@1,IoU@0.3 0.2434 | R@1,IoU@0.5 0.0937 | R@1,IoU@0.7 0.0106 | R@1,IoU@0.9 0.0009 | R@5,mIoU 0.3121 | R@5,IoU@0.1 0.6728 | R@5,IoU@0.3 0.4589 | R@5,IoU@0.5 0.2867 | R@5,IoU@0.7 0.1316 | R@5,IoU@0.9 0.0086 |
2026-05-06 20:40:02,625 - Best results have been updated.
2026-05-06 20:40:02,625 - ============================================================
2026-05-06 20:40:02,625 - Start Epoch 2
2026-05-06 20:40:14,773 - Epoch 2, Batch 50, lr = 0.00023, aux_scale = 0.100,  rec_loss = 5.1721, hneg_loss = 0.0192, neg_loss = 0.0296, ivc_loss = 0.0488, nll_loss = 5.1721, push_inter = 0.0718, push_intra = 0.1530, pull_loss = 0.0251, aux_loss = 0.0006, final_loss = 5.2411, 0.243 seconds/batch
2026-05-06 20:40:26,699 - Epoch 2, Batch 100, lr = 0.00022, aux_scale = 0.100,  rec_loss = 5.1426, hneg_loss = 0.0209, neg_loss = 0.0295, ivc_loss = 0.0504, nll_loss = 5.1426, push_inter = 0.0664, push_intra = 0.1622, pull_loss = 0.0339, aux_loss = 0.0002, final_loss = 5.2138, 0.241 seconds/batch
2026-05-06 20:40:38,795 - Epoch 2, Batch 150, lr = 0.00022, aux_scale = 0.100,  rec_loss = 5.1649, hneg_loss = 0.0191, neg_loss = 0.0309, ivc_loss = 0.0499, nll_loss = 5.1649, push_inter = 0.0659, push_intra = 0.1648, pull_loss = 0.0422, aux_loss = 0.0003, final_loss = 5.2374, 0.241 seconds/batch
2026-05-06 20:40:50,772 - Epoch 2, Batch 200, lr = 0.00022, aux_scale = 0.100,  rec_loss = 5.1554, hneg_loss = 0.0200, neg_loss = 0.0294, ivc_loss = 0.0495, nll_loss = 5.1554, push_inter = 0.0705, push_intra = 0.1652, pull_loss = 0.0412, aux_loss = 0.0003, final_loss = 5.2281, 0.241 seconds/batch
2026-05-06 20:41:02,718 - Epoch 2, Batch 250, lr = 0.00021, aux_scale = 0.100,  rec_loss = 5.1268, hneg_loss = 0.0179, neg_loss = 0.0304, ivc_loss = 0.0482, nll_loss = 5.1268, push_inter = 0.0781, push_intra = 0.1535, pull_loss = 0.0344, aux_loss = 0.0001, final_loss = 5.1983, 0.240 seconds/batch
2026-05-06 20:41:14,658 - Epoch 2, Batch 300, lr = 0.00021, aux_scale = 0.100,  rec_loss = 5.1472, hneg_loss = 0.0202, neg_loss = 0.0323, ivc_loss = 0.0525, nll_loss = 5.1472, push_inter = 0.0824, push_intra = 0.1388, pull_loss = 0.0295, aux_loss = 0.0003, final_loss = 5.2228, 0.240 seconds/batch
2026-05-06 20:41:26,590 - Epoch 2, Batch 350, lr = 0.00021, aux_scale = 0.100,  rec_loss = 5.0906, hneg_loss = 0.0173, neg_loss = 0.0320, ivc_loss = 0.0493, nll_loss = 5.0906, push_inter = 0.0773, push_intra = 0.1518, pull_loss = 0.0307, aux_loss = 0.0005, final_loss = 5.1624, 0.240 seconds/batch
2026-05-06 20:41:38,467 - Epoch 2, Batch 400, lr = 0.00020, aux_scale = 0.100,  rec_loss = 5.1030, hneg_loss = 0.0185, neg_loss = 0.0321, ivc_loss = 0.0506, nll_loss = 5.1030, push_inter = 0.0694, push_intra = 0.1599, pull_loss = 0.0314, aux_loss = 0.0008, final_loss = 5.1746, 0.240 seconds/batch
2026-05-06 20:41:50,366 - Epoch 2, Batch 450, lr = 0.00020, aux_scale = 0.100,  rec_loss = 5.0793, hneg_loss = 0.0195, neg_loss = 0.0278, ivc_loss = 0.0473, nll_loss = 5.0793, push_inter = 0.0664, push_intra = 0.1707, pull_loss = 0.0291, aux_loss = 0.0003, final_loss = 5.1466, 0.239 seconds/batch
2026-05-06 20:42:02,259 - Epoch 2, Batch 500, lr = 0.00020, aux_scale = 0.100,  rec_loss = 5.0839, hneg_loss = 0.0186, neg_loss = 0.0282, ivc_loss = 0.0468, nll_loss = 5.0839, push_inter = 0.0685, push_intra = 0.1660, pull_loss = 0.0263, aux_loss = 0.0004, final_loss = 5.1506, 0.239 seconds/batch
2026-05-06 20:42:14,168 - Epoch 2, Batch 550, lr = 0.00019, aux_scale = 0.100,  rec_loss = 5.0778, hneg_loss = 0.0187, neg_loss = 0.0279, ivc_loss = 0.0466, nll_loss = 5.0778, push_inter = 0.0646, push_intra = 0.1735, pull_loss = 0.0295, aux_loss = 0.0011, final_loss = 5.1442, 0.239 seconds/batch
2026-05-06 20:42:26,215 - Epoch 2, Batch 600, lr = 0.00019, aux_scale = 0.100,  rec_loss = 5.0293, hneg_loss = 0.0199, neg_loss = 0.0280, ivc_loss = 0.0479, nll_loss = 5.0293, push_inter = 0.0641, push_intra = 0.1784, pull_loss = 0.0277, aux_loss = 0.0002, final_loss = 5.0965, 0.239 seconds/batch
2026-05-06 20:42:38,169 - Epoch 2, Batch 650, lr = 0.00019, aux_scale = 0.100,  rec_loss = 5.0579, hneg_loss = 0.0217, neg_loss = 0.0308, ivc_loss = 0.0526, nll_loss = 5.0579, push_inter = 0.0679, push_intra = 0.1798, pull_loss = 0.0288, aux_loss = 0.0003, final_loss = 5.1308, 0.239 seconds/batch
2026-05-06 20:42:50,125 - Epoch 2, Batch 700, lr = 0.00018, aux_scale = 0.100,  rec_loss = 5.0508, hneg_loss = 0.0191, neg_loss = 0.0274, ivc_loss = 0.0465, nll_loss = 5.0508, push_inter = 0.0676, push_intra = 0.1797, pull_loss = 0.0298, aux_loss = 0.0002, final_loss = 5.1178, 0.239 seconds/batch
2026-05-06 20:43:02,105 - Epoch 2, Batch 750, lr = 0.00018, aux_scale = 0.100,  rec_loss = 5.0629, hneg_loss = 0.0177, neg_loss = 0.0314, ivc_loss = 0.0492, nll_loss = 5.0629, push_inter = 0.0675, push_intra = 0.1849, pull_loss = 0.0284, aux_loss = 0.0002, final_loss = 5.1322, 0.239 seconds/batch
2026-05-06 20:43:14,036 - Epoch 2, Batch 800, lr = 0.00018, aux_scale = 0.100,  rec_loss = 5.0288, hneg_loss = 0.0172, neg_loss = 0.0280, ivc_loss = 0.0452, nll_loss = 5.0288, push_inter = 0.0658, push_intra = 0.1949, pull_loss = 0.0261, aux_loss = 0.0002, final_loss = 5.0934, 0.239 seconds/batch
2026-05-06 20:43:25,987 - Epoch 2, Batch 850, lr = 0.00018, aux_scale = 0.100,  rec_loss = 5.0557, hneg_loss = 0.0178, neg_loss = 0.0288, ivc_loss = 0.0466, nll_loss = 5.0557, push_inter = 0.0681, push_intra = 0.1905, pull_loss = 0.0241, aux_loss = 0.0001, final_loss = 5.1217, 0.239 seconds/batch
2026-05-06 20:43:38,085 - Epoch 2, Batch 900, lr = 0.00018, aux_scale = 0.100,  rec_loss = 4.9941, hneg_loss = 0.0201, neg_loss = 0.0301, ivc_loss = 0.0502, nll_loss = 4.9941, push_inter = 0.0673, push_intra = 0.1982, pull_loss = 0.0227, aux_loss = 0.0004, final_loss = 5.0634, 0.239 seconds/batch
2026-05-06 20:43:50,238 - Epoch 2, Batch 950, lr = 0.00017, aux_scale = 0.100,  rec_loss = 5.0102, hneg_loss = 0.0204, neg_loss = 0.0332, ivc_loss = 0.0536, nll_loss = 5.0102, push_inter = 0.0667, push_intra = 0.2055, pull_loss = 0.0297, aux_loss = 0.0006, final_loss = 5.0842, 0.240 seconds/batch
2026-05-06 20:44:02,241 - Epoch 2, Batch 1000, lr = 0.00017, aux_scale = 0.100,  rec_loss = 4.9960, hneg_loss = 0.0179, neg_loss = 0.0260, ivc_loss = 0.0439, nll_loss = 4.9960, push_inter = 0.0654, push_intra = 0.2079, pull_loss = 0.0312, aux_loss = 0.0005, final_loss = 5.0603, 0.240 seconds/batch
2026-05-06 20:44:14,312 - Epoch 2, Batch 1050, lr = 0.00017, aux_scale = 0.100,  rec_loss = 4.9735, hneg_loss = 0.0198, neg_loss = 0.0276, ivc_loss = 0.0473, nll_loss = 4.9735, push_inter = 0.0672, push_intra = 0.2118, pull_loss = 0.0315, aux_loss = 0.0005, final_loss = 5.0417, 0.240 seconds/batch
2026-05-06 20:44:26,320 - Epoch 2, Batch 1100, lr = 0.00017, aux_scale = 0.100,  rec_loss = 4.9732, hneg_loss = 0.0200, neg_loss = 0.0309, ivc_loss = 0.0509, nll_loss = 4.9732, push_inter = 0.0667, push_intra = 0.2077, pull_loss = 0.0314, aux_loss = 0.0004, final_loss = 5.0449, 0.240 seconds/batch
2026-05-06 20:44:38,305 - Epoch 2, Batch 1150, lr = 0.00017, aux_scale = 0.100,  rec_loss = 4.9580, hneg_loss = 0.0190, neg_loss = 0.0307, ivc_loss = 0.0497, nll_loss = 4.9580, push_inter = 0.0689, push_intra = 0.1904, pull_loss = 0.0294, aux_loss = 0.0001, final_loss = 5.0283, 0.240 seconds/batch
2026-05-06 20:44:43,063 - Epoch 2, Batch 1170, lr = 0.00017, aux_scale = 0.100,  rec_loss = 4.9770, hneg_loss = 0.0205, neg_loss = 0.0312, ivc_loss = 0.0517, nll_loss = 4.9770, push_inter = 0.0665, push_intra = 0.1902, pull_loss = 0.0279, aux_loss = 0.0000, final_loss = 5.0485, 0.240 seconds/batch
2026-05-06 20:44:43,155 - save model to checkpoints/activitynet_moe_v4/moe_v4/model-2.pt, num_updates 2340.
2026-05-06 20:46:33,196 - | R@1,mIoU 0.1700 | R@1,IoU@0.1 0.4768 | R@1,IoU@0.3 0.2642 | R@1,IoU@0.5 0.0710 | R@1,IoU@0.7 0.0114 | R@1,IoU@0.9 0.0013 | R@5,mIoU 0.3181 | R@5,IoU@0.1 0.6894 | R@5,IoU@0.3 0.4619 | R@5,IoU@0.5 0.2855 | R@5,IoU@0.7 0.1222 | R@5,IoU@0.9 0.0114 |
2026-05-06 20:46:33,296 - Best results have been updated.
2026-05-06 20:46:33,297 - ============================================================
2026-05-06 20:46:33,297 - Start Epoch 3
2026-05-06 20:46:45,508 - Epoch 3, Batch 50, lr = 0.00016, aux_scale = 0.100,  rec_loss = 4.9016, hneg_loss = 0.0165, neg_loss = 0.0268, ivc_loss = 0.0433, nll_loss = 4.9016, push_inter = 0.0631, push_intra = 0.1984, pull_loss = 0.0319, aux_loss = 0.0001, final_loss = 4.9649, 0.244 seconds/batch
2026-05-06 20:46:57,391 - Epoch 3, Batch 100, lr = 0.00016, aux_scale = 0.100,  rec_loss = 4.8896, hneg_loss = 0.0169, neg_loss = 0.0276, ivc_loss = 0.0445, nll_loss = 4.8896, push_inter = 0.0663, push_intra = 0.1928, pull_loss = 0.0297, aux_loss = 0.0001, final_loss = 4.9543, 0.241 seconds/batch
2026-05-06 20:47:09,341 - Epoch 3, Batch 150, lr = 0.00016, aux_scale = 0.100,  rec_loss = 4.8597, hneg_loss = 0.0162, neg_loss = 0.0256, ivc_loss = 0.0418, nll_loss = 4.8597, push_inter = 0.0665, push_intra = 0.1966, pull_loss = 0.0262, aux_loss = 0.0002, final_loss = 4.9210, 0.240 seconds/batch
2026-05-06 20:47:21,249 - Epoch 3, Batch 200, lr = 0.00016, aux_scale = 0.100,  rec_loss = 4.8870, hneg_loss = 0.0174, neg_loss = 0.0269, ivc_loss = 0.0443, nll_loss = 4.8870, push_inter = 0.0650, push_intra = 0.2024, pull_loss = 0.0250, aux_loss = 0.0004, final_loss = 4.9504, 0.240 seconds/batch
2026-05-06 20:47:33,168 - Epoch 3, Batch 250, lr = 0.00016, aux_scale = 0.100,  rec_loss = 4.9149, hneg_loss = 0.0189, neg_loss = 0.0242, ivc_loss = 0.0431, nll_loss = 4.9149, push_inter = 0.0680, push_intra = 0.1954, pull_loss = 0.0227, aux_loss = 0.0001, final_loss = 4.9771, 0.239 seconds/batch
2026-05-06 20:47:45,093 - Epoch 3, Batch 300, lr = 0.00016, aux_scale = 0.100,  rec_loss = 4.8806, hneg_loss = 0.0182, neg_loss = 0.0239, ivc_loss = 0.0420, nll_loss = 4.8806, push_inter = 0.0678, push_intra = 0.1952, pull_loss = 0.0249, aux_loss = 0.0001, final_loss = 4.9422, 0.239 seconds/batch
2026-05-06 20:47:56,963 - Epoch 3, Batch 350, lr = 0.00015, aux_scale = 0.100,  rec_loss = 4.8642, hneg_loss = 0.0174, neg_loss = 0.0244, ivc_loss = 0.0418, nll_loss = 4.8642, push_inter = 0.0638, push_intra = 0.2021, pull_loss = 0.0268, aux_loss = 0.0003, final_loss = 4.9252, 0.239 seconds/batch
2026-05-06 20:48:08,825 - Epoch 3, Batch 400, lr = 0.00015, aux_scale = 0.100,  rec_loss = 4.9128, hneg_loss = 0.0169, neg_loss = 0.0267, ivc_loss = 0.0436, nll_loss = 4.9128, push_inter = 0.0642, push_intra = 0.2032, pull_loss = 0.0294, aux_loss = 0.0002, final_loss = 4.9762, 0.239 seconds/batch
2026-05-06 20:48:20,787 - Epoch 3, Batch 450, lr = 0.00015, aux_scale = 0.100,  rec_loss = 4.8759, hneg_loss = 0.0181, neg_loss = 0.0263, ivc_loss = 0.0444, nll_loss = 4.8759, push_inter = 0.0637, push_intra = 0.2108, pull_loss = 0.0303, aux_loss = 0.0002, final_loss = 4.9401, 0.239 seconds/batch
2026-05-06 20:48:32,726 - Epoch 3, Batch 500, lr = 0.00015, aux_scale = 0.100,  rec_loss = 4.8681, hneg_loss = 0.0186, neg_loss = 0.0283, ivc_loss = 0.0469, nll_loss = 4.8681, push_inter = 0.0636, push_intra = 0.2056, pull_loss = 0.0279, aux_loss = 0.0005, final_loss = 4.9344, 0.239 seconds/batch
2026-05-06 20:48:44,699 - Epoch 3, Batch 550, lr = 0.00015, aux_scale = 0.100,  rec_loss = 4.8405, hneg_loss = 0.0170, neg_loss = 0.0268, ivc_loss = 0.0438, nll_loss = 4.8405, push_inter = 0.0717, push_intra = 0.1851, pull_loss = 0.0270, aux_loss = 0.0008, final_loss = 4.9051, 0.239 seconds/batch
2026-05-06 20:48:56,604 - Epoch 3, Batch 600, lr = 0.00015, aux_scale = 0.100,  rec_loss = 4.8540, hneg_loss = 0.0210, neg_loss = 0.0278, ivc_loss = 0.0488, nll_loss = 4.8540, push_inter = 0.0731, push_intra = 0.1851, pull_loss = 0.0264, aux_loss = 0.0005, final_loss = 4.9237, 0.239 seconds/batch
2026-05-06 20:49:08,662 - Epoch 3, Batch 650, lr = 0.00015, aux_scale = 0.100,  rec_loss = 4.9025, hneg_loss = 0.0183, neg_loss = 0.0251, ivc_loss = 0.0433, nll_loss = 4.9025, push_inter = 0.0714, push_intra = 0.1783, pull_loss = 0.0288, aux_loss = 0.0005, final_loss = 4.9668, 0.239 seconds/batch
2026-05-06 20:49:20,675 - Epoch 3, Batch 700, lr = 0.00015, aux_scale = 0.100,  rec_loss = 4.8728, hneg_loss = 0.0189, neg_loss = 0.0265, ivc_loss = 0.0454, nll_loss = 4.8728, push_inter = 0.0658, push_intra = 0.1878, pull_loss = 0.0287, aux_loss = 0.0002, final_loss = 4.9380, 0.239 seconds/batch
2026-05-06 20:49:32,745 - Epoch 3, Batch 750, lr = 0.00014, aux_scale = 0.100,  rec_loss = 4.8517, hneg_loss = 0.0185, neg_loss = 0.0270, ivc_loss = 0.0456, nll_loss = 4.8517, push_inter = 0.0597, push_intra = 0.2001, pull_loss = 0.0317, aux_loss = 0.0002, final_loss = 4.9165, 0.239 seconds/batch
2026-05-06 20:49:44,741 - Epoch 3, Batch 800, lr = 0.00014, aux_scale = 0.100,  rec_loss = 4.8871, hneg_loss = 0.0199, neg_loss = 0.0270, ivc_loss = 0.0470, nll_loss = 4.8871, push_inter = 0.0597, push_intra = 0.2005, pull_loss = 0.0266, aux_loss = 0.0003, final_loss = 4.9524, 0.239 seconds/batch
2026-05-06 20:49:56,718 - Epoch 3, Batch 850, lr = 0.00014, aux_scale = 0.100,  rec_loss = 4.8495, hneg_loss = 0.0204, neg_loss = 0.0285, ivc_loss = 0.0489, nll_loss = 4.8495, push_inter = 0.0606, push_intra = 0.2059, pull_loss = 0.0223, aux_loss = 0.0002, final_loss = 4.9161, 0.239 seconds/batch
2026-05-06 20:50:08,596 - Epoch 3, Batch 900, lr = 0.00014, aux_scale = 0.100,  rec_loss = 4.8556, hneg_loss = 0.0190, neg_loss = 0.0289, ivc_loss = 0.0480, nll_loss = 4.8556, push_inter = 0.0624, push_intra = 0.2016, pull_loss = 0.0231, aux_loss = 0.0001, final_loss = 4.9217, 0.239 seconds/batch
2026-05-06 20:50:20,539 - Epoch 3, Batch 950, lr = 0.00014, aux_scale = 0.100,  rec_loss = 4.8424, hneg_loss = 0.0217, neg_loss = 0.0276, ivc_loss = 0.0492, nll_loss = 4.8424, push_inter = 0.0641, push_intra = 0.1899, pull_loss = 0.0244, aux_loss = 0.0003, final_loss = 4.9103, 0.239 seconds/batch
2026-05-06 20:50:32,524 - Epoch 3, Batch 1000, lr = 0.00014, aux_scale = 0.100,  rec_loss = 4.8204, hneg_loss = 0.0194, neg_loss = 0.0255, ivc_loss = 0.0449, nll_loss = 4.8204, push_inter = 0.0620, push_intra = 0.1901, pull_loss = 0.0263, aux_loss = 0.0002, final_loss = 4.8839, 0.239 seconds/batch
2026-05-06 20:50:44,764 - Epoch 3, Batch 1050, lr = 0.00014, aux_scale = 0.100,  rec_loss = 4.8512, hneg_loss = 0.0184, neg_loss = 0.0275, ivc_loss = 0.0459, nll_loss = 4.8512, push_inter = 0.0609, push_intra = 0.2001, pull_loss = 0.0270, aux_loss = 0.0003, final_loss = 4.9157, 0.239 seconds/batch
2026-05-06 20:50:56,697 - Epoch 3, Batch 1100, lr = 0.00014, aux_scale = 0.100,  rec_loss = 4.8246, hneg_loss = 0.0192, neg_loss = 0.0273, ivc_loss = 0.0466, nll_loss = 4.8246, push_inter = 0.0614, push_intra = 0.2055, pull_loss = 0.0247, aux_loss = 0.0001, final_loss = 4.8895, 0.239 seconds/batch
2026-05-06 20:51:08,648 - Epoch 3, Batch 1150, lr = 0.00014, aux_scale = 0.100,  rec_loss = 4.8239, hneg_loss = 0.0188, neg_loss = 0.0256, ivc_loss = 0.0444, nll_loss = 4.8239, push_inter = 0.0608, push_intra = 0.2049, pull_loss = 0.0267, aux_loss = 0.0002, final_loss = 4.8868, 0.239 seconds/batch
2026-05-06 20:51:13,372 - Epoch 3, Batch 1170, lr = 0.00014, aux_scale = 0.100,  rec_loss = 4.8441, hneg_loss = 0.0166, neg_loss = 0.0323, ivc_loss = 0.0489, nll_loss = 4.8441, push_inter = 0.0598, push_intra = 0.2057, pull_loss = 0.0274, aux_loss = 0.0001, final_loss = 4.9115, 0.239 seconds/batch
2026-05-06 20:51:13,468 - save model to checkpoints/activitynet_moe_v4/moe_v4/model-3.pt, num_updates 3510.
2026-05-06 20:53:01,829 - | R@1,mIoU 0.2032 | R@1,IoU@0.1 0.5063 | R@1,IoU@0.3 0.3637 | R@1,IoU@0.5 0.1319 | R@1,IoU@0.7 0.0248 | R@1,IoU@0.9 0.0011 | R@5,mIoU 0.3316 | R@5,IoU@0.1 0.7139 | R@5,IoU@0.3 0.4896 | R@5,IoU@0.5 0.3053 | R@5,IoU@0.7 0.1251 | R@5,IoU@0.9 0.0144 |
2026-05-06 20:53:01,931 - Best results have been updated.
2026-05-06 20:53:01,931 - ============================================================
2026-05-06 20:53:01,932 - Start Epoch 4
2026-05-06 20:53:14,195 - Epoch 4, Batch 50, lr = 0.00013, aux_scale = 0.100,  rec_loss = 4.7774, hneg_loss = 0.0192, neg_loss = 0.0247, ivc_loss = 0.0439, nll_loss = 4.7774, push_inter = 0.0607, push_intra = 0.2060, pull_loss = 0.0246, aux_loss = 0.0002, final_loss = 4.8394, 0.245 seconds/batch
2026-05-06 20:53:26,264 - Epoch 4, Batch 100, lr = 0.00013, aux_scale = 0.100,  rec_loss = 4.7858, hneg_loss = 0.0151, neg_loss = 0.0267, ivc_loss = 0.0418, nll_loss = 4.7858, push_inter = 0.0609, push_intra = 0.2068, pull_loss = 0.0199, aux_loss = 0.0002, final_loss = 4.8448, 0.243 seconds/batch
2026-05-06 20:53:38,353 - Epoch 4, Batch 150, lr = 0.00013, aux_scale = 0.100,  rec_loss = 4.7732, hneg_loss = 0.0174, neg_loss = 0.0244, ivc_loss = 0.0418, nll_loss = 4.7732, push_inter = 0.0619, push_intra = 0.2084, pull_loss = 0.0200, aux_loss = 0.0004, final_loss = 4.8325, 0.243 seconds/batch
2026-05-06 20:53:50,486 - Epoch 4, Batch 200, lr = 0.00013, aux_scale = 0.100,  rec_loss = 4.7569, hneg_loss = 0.0166, neg_loss = 0.0236, ivc_loss = 0.0402, nll_loss = 4.7569, push_inter = 0.0619, push_intra = 0.2054, pull_loss = 0.0272, aux_loss = 0.0002, final_loss = 4.8160, 0.243 seconds/batch
2026-05-06 20:54:02,412 - Epoch 4, Batch 250, lr = 0.00013, aux_scale = 0.100,  rec_loss = 4.7243, hneg_loss = 0.0183, neg_loss = 0.0232, ivc_loss = 0.0415, nll_loss = 4.7243, push_inter = 0.0619, push_intra = 0.2040, pull_loss = 0.0308, aux_loss = 0.0002, final_loss = 4.7853, 0.242 seconds/batch
2026-05-06 20:54:14,320 - Epoch 4, Batch 300, lr = 0.00013, aux_scale = 0.100,  rec_loss = 4.7532, hneg_loss = 0.0181, neg_loss = 0.0246, ivc_loss = 0.0426, nll_loss = 4.7532, push_inter = 0.0599, push_intra = 0.2052, pull_loss = 0.0306, aux_loss = 0.0005, final_loss = 4.8150, 0.241 seconds/batch
2026-05-06 20:54:26,547 - Epoch 4, Batch 350, lr = 0.00013, aux_scale = 0.100,  rec_loss = 4.7492, hneg_loss = 0.0160, neg_loss = 0.0232, ivc_loss = 0.0392, nll_loss = 4.7492, push_inter = 0.0599, push_intra = 0.2071, pull_loss = 0.0290, aux_loss = 0.0002, final_loss = 4.8072, 0.242 seconds/batch
2026-05-06 20:54:38,562 - Epoch 4, Batch 400, lr = 0.00013, aux_scale = 0.100,  rec_loss = 4.7601, hneg_loss = 0.0168, neg_loss = 0.0248, ivc_loss = 0.0416, nll_loss = 4.7601, push_inter = 0.0616, push_intra = 0.2058, pull_loss = 0.0283, aux_loss = 0.0003, final_loss = 4.8207, 0.242 seconds/batch
2026-05-06 20:54:50,517 - Epoch 4, Batch 450, lr = 0.00013, aux_scale = 0.100,  rec_loss = 4.7450, hneg_loss = 0.0164, neg_loss = 0.0241, ivc_loss = 0.0405, nll_loss = 4.7450, push_inter = 0.0612, push_intra = 0.2046, pull_loss = 0.0302, aux_loss = 0.0004, final_loss = 4.8049, 0.241 seconds/batch
2026-05-06 20:55:02,399 - Epoch 4, Batch 500, lr = 0.00013, aux_scale = 0.100,  rec_loss = 4.7608, hneg_loss = 0.0178, neg_loss = 0.0238, ivc_loss = 0.0416, nll_loss = 4.7608, push_inter = 0.0601, push_intra = 0.2038, pull_loss = 0.0323, aux_loss = 0.0004, final_loss = 4.8219, 0.241 seconds/batch
2026-05-06 20:55:14,316 - Epoch 4, Batch 550, lr = 0.00013, aux_scale = 0.100,  rec_loss = 4.7413, hneg_loss = 0.0160, neg_loss = 0.0270, ivc_loss = 0.0430, nll_loss = 4.7413, push_inter = 0.0601, push_intra = 0.2007, pull_loss = 0.0391, aux_loss = 0.0002, final_loss = 4.8052, 0.241 seconds/batch
2026-05-06 20:55:26,309 - Epoch 4, Batch 600, lr = 0.00012, aux_scale = 0.100,  rec_loss = 4.7449, hneg_loss = 0.0174, neg_loss = 0.0264, ivc_loss = 0.0438, nll_loss = 4.7449, push_inter = 0.0608, push_intra = 0.1985, pull_loss = 0.0496, aux_loss = 0.0005, final_loss = 4.8118, 0.241 seconds/batch
2026-05-06 20:55:38,347 - Epoch 4, Batch 650, lr = 0.00012, aux_scale = 0.100,  rec_loss = 4.7297, hneg_loss = 0.0177, neg_loss = 0.0244, ivc_loss = 0.0421, nll_loss = 4.7297, push_inter = 0.0610, push_intra = 0.2008, pull_loss = 0.0430, aux_loss = 0.0007, final_loss = 4.7936, 0.241 seconds/batch
2026-05-06 20:55:50,328 - Epoch 4, Batch 700, lr = 0.00012, aux_scale = 0.100,  rec_loss = 4.7486, hneg_loss = 0.0188, neg_loss = 0.0248, ivc_loss = 0.0436, nll_loss = 4.7486, push_inter = 0.0623, push_intra = 0.1973, pull_loss = 0.0383, aux_loss = 0.0006, final_loss = 4.8134, 0.241 seconds/batch
2026-05-06 20:56:02,341 - Epoch 4, Batch 750, lr = 0.00012, aux_scale = 0.100,  rec_loss = 4.7328, hneg_loss = 0.0181, neg_loss = 0.0236, ivc_loss = 0.0417, nll_loss = 4.7328, push_inter = 0.0595, push_intra = 0.2065, pull_loss = 0.0363, aux_loss = 0.0001, final_loss = 4.7947, 0.241 seconds/batch
2026-05-06 20:56:14,307 - Epoch 4, Batch 800, lr = 0.00012, aux_scale = 0.100,  rec_loss = 4.7489, hneg_loss = 0.0197, neg_loss = 0.0276, ivc_loss = 0.0473, nll_loss = 4.7489, push_inter = 0.0596, push_intra = 0.2033, pull_loss = 0.0362, aux_loss = 0.0001, final_loss = 4.8164, 0.240 seconds/batch
2026-05-06 20:56:26,320 - Epoch 4, Batch 850, lr = 0.00012, aux_scale = 0.100,  rec_loss = 4.7249, hneg_loss = 0.0183, neg_loss = 0.0245, ivc_loss = 0.0428, nll_loss = 4.7249, push_inter = 0.0610, push_intra = 0.1997, pull_loss = 0.0360, aux_loss = 0.0002, final_loss = 4.7881, 0.240 seconds/batch
2026-05-06 20:56:38,312 - Epoch 4, Batch 900, lr = 0.00012, aux_scale = 0.100,  rec_loss = 4.7730, hneg_loss = 0.0184, neg_loss = 0.0246, ivc_loss = 0.0431, nll_loss = 4.7730, push_inter = 0.0638, push_intra = 0.1938, pull_loss = 0.0379, aux_loss = 0.0002, final_loss = 4.8374, 0.240 seconds/batch
2026-05-06 20:56:50,294 - Epoch 4, Batch 950, lr = 0.00012, aux_scale = 0.100,  rec_loss = 4.7494, hneg_loss = 0.0179, neg_loss = 0.0272, ivc_loss = 0.0451, nll_loss = 4.7494, push_inter = 0.0742, push_intra = 0.1635, pull_loss = 0.0410, aux_loss = 0.0005, final_loss = 4.8184, 0.240 seconds/batch
2026-05-06 20:57:02,285 - Epoch 4, Batch 1000, lr = 0.00012, aux_scale = 0.100,  rec_loss = 4.7628, hneg_loss = 0.0167, neg_loss = 0.0247, ivc_loss = 0.0414, nll_loss = 4.7628, push_inter = 0.0614, push_intra = 0.1970, pull_loss = 0.0382, aux_loss = 0.0002, final_loss = 4.8252, 0.240 seconds/batch
2026-05-06 20:57:14,259 - Epoch 4, Batch 1050, lr = 0.00012, aux_scale = 0.100,  rec_loss = 4.7097, hneg_loss = 0.0193, neg_loss = 0.0266, ivc_loss = 0.0459, nll_loss = 4.7097, push_inter = 0.0622, push_intra = 0.2004, pull_loss = 0.0367, aux_loss = 0.0003, final_loss = 4.7765, 0.240 seconds/batch
2026-05-06 20:57:26,204 - Epoch 4, Batch 1100, lr = 0.00012, aux_scale = 0.100,  rec_loss = 4.7381, hneg_loss = 0.0172, neg_loss = 0.0238, ivc_loss = 0.0409, nll_loss = 4.7381, push_inter = 0.0617, push_intra = 0.2044, pull_loss = 0.0359, aux_loss = 0.0007, final_loss = 4.7996, 0.240 seconds/batch
2026-05-06 20:57:38,158 - Epoch 4, Batch 1150, lr = 0.00012, aux_scale = 0.100,  rec_loss = 4.7332, hneg_loss = 0.0168, neg_loss = 0.0232, ivc_loss = 0.0400, nll_loss = 4.7332, push_inter = 0.0586, push_intra = 0.2215, pull_loss = 0.0302, aux_loss = 0.0003, final_loss = 4.7921, 0.240 seconds/batch
2026-05-06 20:57:42,878 - Epoch 4, Batch 1170, lr = 0.00012, aux_scale = 0.100,  rec_loss = 4.7022, hneg_loss = 0.0179, neg_loss = 0.0234, ivc_loss = 0.0414, nll_loss = 4.7022, push_inter = 0.0576, push_intra = 0.2255, pull_loss = 0.0340, aux_loss = 0.0004, final_loss = 4.7630, 0.240 seconds/batch
2026-05-06 20:57:42,967 - save model to checkpoints/activitynet_moe_v4/moe_v4/model-4.pt, num_updates 4680.
2026-05-06 20:59:32,568 - | R@1,mIoU 0.1670 | R@1,IoU@0.1 0.4499 | R@1,IoU@0.3 0.2584 | R@1,IoU@0.5 0.0886 | R@1,IoU@0.7 0.0120 | R@1,IoU@0.9 0.0010 | R@5,mIoU 0.3292 | R@5,IoU@0.1 0.7063 | R@5,IoU@0.3 0.4865 | R@5,IoU@0.5 0.3024 | R@5,IoU@0.7 0.1205 | R@5,IoU@0.9 0.0456 |
2026-05-06 20:59:32,568 - ============================================================
2026-05-06 20:59:32,568 - Start Epoch 5
2026-05-06 20:59:44,981 - Epoch 5, Batch 50, lr = 0.00012, aux_scale = 0.100,  rec_loss = 4.6629, hneg_loss = 0.0163, neg_loss = 0.0227, ivc_loss = 0.0390, nll_loss = 4.6629, push_inter = 0.0565, push_intra = 0.2231, pull_loss = 0.0341, aux_loss = 0.0002, final_loss = 4.7211, 0.248 seconds/batch
2026-05-06 20:59:56,979 - Epoch 5, Batch 100, lr = 0.00012, aux_scale = 0.100,  rec_loss = 4.6499, hneg_loss = 0.0182, neg_loss = 0.0237, ivc_loss = 0.0419, nll_loss = 4.6499, push_inter = 0.0561, push_intra = 0.2258, pull_loss = 0.0356, aux_loss = 0.0002, final_loss = 4.7112, 0.244 seconds/batch
2026-05-06 21:00:09,013 - Epoch 5, Batch 150, lr = 0.00012, aux_scale = 0.100,  rec_loss = 4.6878, hneg_loss = 0.0179, neg_loss = 0.0251, ivc_loss = 0.0431, nll_loss = 4.6878, push_inter = 0.0580, push_intra = 0.2269, pull_loss = 0.0311, aux_loss = 0.0001, final_loss = 4.7498, 0.243 seconds/batch
2026-05-06 21:00:21,177 - Epoch 5, Batch 200, lr = 0.00011, aux_scale = 0.100,  rec_loss = 4.6780, hneg_loss = 0.0194, neg_loss = 0.0233, ivc_loss = 0.0426, nll_loss = 4.6780, push_inter = 0.0571, push_intra = 0.2239, pull_loss = 0.0340, aux_loss = 0.0002, final_loss = 4.7400, 0.243 seconds/batch
2026-05-06 21:00:33,303 - Epoch 5, Batch 250, lr = 0.00011, aux_scale = 0.100,  rec_loss = 4.6620, hneg_loss = 0.0157, neg_loss = 0.0241, ivc_loss = 0.0398, nll_loss = 4.6620, push_inter = 0.0563, push_intra = 0.2330, pull_loss = 0.0371, aux_loss = 0.0003, final_loss = 4.7217, 0.243 seconds/batch
2026-05-06 21:00:45,423 - Epoch 5, Batch 300, lr = 0.00011, aux_scale = 0.100,  rec_loss = 4.6981, hneg_loss = 0.0173, neg_loss = 0.0259, ivc_loss = 0.0433, nll_loss = 4.6981, push_inter = 0.0552, push_intra = 0.2354, pull_loss = 0.0324, aux_loss = 0.0003, final_loss = 4.7601, 0.243 seconds/batch
2026-05-06 21:00:57,534 - Epoch 5, Batch 350, lr = 0.00011, aux_scale = 0.100,  rec_loss = 4.6433, hneg_loss = 0.0175, neg_loss = 0.0199, ivc_loss = 0.0374, nll_loss = 4.6433, push_inter = 0.0562, push_intra = 0.2363, pull_loss = 0.0334, aux_loss = 0.0001, final_loss = 4.6998, 0.243 seconds/batch
2026-05-06 21:01:09,644 - Epoch 5, Batch 400, lr = 0.00011, aux_scale = 0.100,  rec_loss = 4.6580, hneg_loss = 0.0183, neg_loss = 0.0222, ivc_loss = 0.0405, nll_loss = 4.6580, push_inter = 0.0578, push_intra = 0.2408, pull_loss = 0.0375, aux_loss = 0.0004, final_loss = 4.7188, 0.243 seconds/batch
2026-05-06 21:01:21,869 - Epoch 5, Batch 450, lr = 0.00011, aux_scale = 0.100,  rec_loss = 4.6935, hneg_loss = 0.0159, neg_loss = 0.0225, ivc_loss = 0.0384, nll_loss = 4.6935, push_inter = 0.0576, push_intra = 0.2380, pull_loss = 0.0334, aux_loss = 0.0004, final_loss = 4.7513, 0.243 seconds/batch
2026-05-06 21:01:33,896 - Epoch 5, Batch 500, lr = 0.00011, aux_scale = 0.100,  rec_loss = 4.6612, hneg_loss = 0.0149, neg_loss = 0.0221, ivc_loss = 0.0369, nll_loss = 4.6612, push_inter = 0.0594, push_intra = 0.2335, pull_loss = 0.0313, aux_loss = 0.0002, final_loss = 4.7175, 0.243 seconds/batch
2026-05-06 21:01:45,774 - Epoch 5, Batch 550, lr = 0.00011, aux_scale = 0.100,  rec_loss = 4.6613, hneg_loss = 0.0163, neg_loss = 0.0223, ivc_loss = 0.0386, nll_loss = 4.6613, push_inter = 0.0610, push_intra = 0.2306, pull_loss = 0.0324, aux_loss = 0.0001, final_loss = 4.7198, 0.242 seconds/batch
2026-05-06 21:01:57,719 - Epoch 5, Batch 600, lr = 0.00011, aux_scale = 0.100,  rec_loss = 4.6894, hneg_loss = 0.0160, neg_loss = 0.0220, ivc_loss = 0.0380, nll_loss = 4.6894, push_inter = 0.0604, push_intra = 0.2317, pull_loss = 0.0317, aux_loss = 0.0001, final_loss = 4.7470, 0.242 seconds/batch
2026-05-06 21:02:09,684 - Epoch 5, Batch 650, lr = 0.00011, aux_scale = 0.100,  rec_loss = 4.6766, hneg_loss = 0.0178, neg_loss = 0.0231, ivc_loss = 0.0409, nll_loss = 4.6766, push_inter = 0.0612, push_intra = 0.2292, pull_loss = 0.0240, aux_loss = 0.0001, final_loss = 4.7357, 0.242 seconds/batch
2026-05-06 21:02:21,759 - Epoch 5, Batch 700, lr = 0.00011, aux_scale = 0.100,  rec_loss = 4.6399, hneg_loss = 0.0165, neg_loss = 0.0260, ivc_loss = 0.0426, nll_loss = 4.6399, push_inter = 0.0601, push_intra = 0.2311, pull_loss = 0.0226, aux_loss = 0.0001, final_loss = 4.7001, 0.242 seconds/batch
2026-05-06 21:02:33,671 - Epoch 5, Batch 750, lr = 0.00011, aux_scale = 0.100,  rec_loss = 4.6683, hneg_loss = 0.0158, neg_loss = 0.0231, ivc_loss = 0.0389, nll_loss = 4.6683, push_inter = 0.0623, push_intra = 0.2317, pull_loss = 0.0210, aux_loss = 0.0001, final_loss = 4.7250, 0.241 seconds/batch
2026-05-06 21:02:45,727 - Epoch 5, Batch 800, lr = 0.00011, aux_scale = 0.100,  rec_loss = 4.7076, hneg_loss = 0.0182, neg_loss = 0.0239, ivc_loss = 0.0421, nll_loss = 4.7076, push_inter = 0.0614, push_intra = 0.2283, pull_loss = 0.0233, aux_loss = 0.0001, final_loss = 4.7678, 0.241 seconds/batch
2026-05-06 21:02:57,859 - Epoch 5, Batch 850, lr = 0.00011, aux_scale = 0.100,  rec_loss = 4.6481, hneg_loss = 0.0184, neg_loss = 0.0252, ivc_loss = 0.0436, nll_loss = 4.6481, push_inter = 0.0611, push_intra = 0.2244, pull_loss = 0.0240, aux_loss = 0.0002, final_loss = 4.7098, 0.242 seconds/batch
2026-05-06 21:03:09,907 - Epoch 5, Batch 900, lr = 0.00011, aux_scale = 0.100,  rec_loss = 4.6781, hneg_loss = 0.0152, neg_loss = 0.0213, ivc_loss = 0.0365, nll_loss = 4.6781, push_inter = 0.0582, push_intra = 0.2310, pull_loss = 0.0210, aux_loss = 0.0002, final_loss = 4.7316, 0.241 seconds/batch
2026-05-06 21:03:22,004 - Epoch 5, Batch 950, lr = 0.00011, aux_scale = 0.100,  rec_loss = 4.6583, hneg_loss = 0.0152, neg_loss = 0.0220, ivc_loss = 0.0371, nll_loss = 4.6583, push_inter = 0.0580, push_intra = 0.2279, pull_loss = 0.0203, aux_loss = 0.0003, final_loss = 4.7122, 0.242 seconds/batch
2026-05-06 21:03:33,987 - Epoch 5, Batch 1000, lr = 0.00011, aux_scale = 0.100,  rec_loss = 4.6694, hneg_loss = 0.0184, neg_loss = 0.0248, ivc_loss = 0.0432, nll_loss = 4.6694, push_inter = 0.0594, push_intra = 0.2225, pull_loss = 0.0194, aux_loss = 0.0002, final_loss = 4.7295, 0.241 seconds/batch
2026-05-06 21:03:45,933 - Epoch 5, Batch 1050, lr = 0.00011, aux_scale = 0.100,  rec_loss = 4.6291, hneg_loss = 0.0178, neg_loss = 0.0239, ivc_loss = 0.0417, nll_loss = 4.6291, push_inter = 0.0599, push_intra = 0.2188, pull_loss = 0.0201, aux_loss = 0.0003, final_loss = 4.6880, 0.241 seconds/batch
2026-05-06 21:03:57,898 - Epoch 5, Batch 1100, lr = 0.00011, aux_scale = 0.100,  rec_loss = 4.6324, hneg_loss = 0.0194, neg_loss = 0.0259, ivc_loss = 0.0454, nll_loss = 4.6324, push_inter = 0.0585, push_intra = 0.2177, pull_loss = 0.0193, aux_loss = 0.0005, final_loss = 4.6945, 0.241 seconds/batch
2026-05-06 21:04:09,953 - Epoch 5, Batch 1150, lr = 0.00010, aux_scale = 0.100,  rec_loss = 4.6594, hneg_loss = 0.0164, neg_loss = 0.0242, ivc_loss = 0.0405, nll_loss = 4.6594, push_inter = 0.0573, push_intra = 0.2218, pull_loss = 0.0190, aux_loss = 0.0003, final_loss = 4.7163, 0.241 seconds/batch
2026-05-06 21:04:14,776 - Epoch 5, Batch 1170, lr = 0.00010, aux_scale = 0.100,  rec_loss = 4.6487, hneg_loss = 0.0180, neg_loss = 0.0226, ivc_loss = 0.0406, nll_loss = 4.6487, push_inter = 0.0577, push_intra = 0.2220, pull_loss = 0.0187, aux_loss = 0.0001, final_loss = 4.7057, 0.241 seconds/batch
2026-05-06 21:04:14,866 - save model to checkpoints/activitynet_moe_v4/moe_v4/model-5.pt, num_updates 5850.
2026-05-06 21:06:03,670 - | R@1,mIoU 0.2187 | R@1,IoU@0.1 0.5368 | R@1,IoU@0.3 0.3886 | R@1,IoU@0.5 0.1382 | R@1,IoU@0.7 0.0195 | R@1,IoU@0.9 0.0012 | R@5,mIoU 0.3519 | R@5,IoU@0.1 0.7304 | R@5,IoU@0.3 0.5041 | R@5,IoU@0.5 0.3172 | R@5,IoU@0.7 0.1456 | R@5,IoU@0.9 0.0502 |
2026-05-06 21:06:03,772 - Best results have been updated.
2026-05-06 21:06:03,773 - ============================================================
2026-05-06 21:06:03,773 - Start Epoch 6
2026-05-06 21:06:15,897 - Epoch 6, Batch 50, lr = 0.00010, aux_scale = 0.500,  rec_loss = 4.5915, hneg_loss = 0.0169, neg_loss = 0.0218, ivc_loss = 0.0387, nll_loss = 4.5915, push_inter = 0.0579, push_intra = 0.2197, pull_loss = 0.0196, aux_loss = 0.0001, final_loss = 4.6469, 0.242 seconds/batch
2026-05-06 21:06:27,810 - Epoch 6, Batch 100, lr = 0.00010, aux_scale = 0.500,  rec_loss = 4.5955, hneg_loss = 0.0158, neg_loss = 0.0218, ivc_loss = 0.0376, nll_loss = 4.5955, push_inter = 0.0576, push_intra = 0.2208, pull_loss = 0.0209, aux_loss = 0.0001, final_loss = 4.6500, 0.240 seconds/batch
2026-05-06 21:06:39,700 - Epoch 6, Batch 150, lr = 0.00010, aux_scale = 0.500,  rec_loss = 4.5731, hneg_loss = 0.0161, neg_loss = 0.0192, ivc_loss = 0.0353, nll_loss = 4.5731, push_inter = 0.0574, push_intra = 0.2178, pull_loss = 0.0204, aux_loss = 0.0001, final_loss = 4.6250, 0.239 seconds/batch
2026-05-06 21:06:51,605 - Epoch 6, Batch 200, lr = 0.00010, aux_scale = 0.500,  rec_loss = 4.5987, hneg_loss = 0.0150, neg_loss = 0.0199, ivc_loss = 0.0348, nll_loss = 4.5987, push_inter = 0.0572, push_intra = 0.2156, pull_loss = 0.0212, aux_loss = 0.0001, final_loss = 4.6503, 0.239 seconds/batch
2026-05-06 21:07:03,479 - Epoch 6, Batch 250, lr = 0.00010, aux_scale = 0.500,  rec_loss = 4.6165, hneg_loss = 0.0156, neg_loss = 0.0238, ivc_loss = 0.0393, nll_loss = 4.6165, push_inter = 0.0553, push_intra = 0.2165, pull_loss = 0.0222, aux_loss = 0.0000, final_loss = 4.6724, 0.239 seconds/batch
2026-05-06 21:07:15,411 - Epoch 6, Batch 300, lr = 0.00010, aux_scale = 0.500,  rec_loss = 4.6092, hneg_loss = 0.0167, neg_loss = 0.0214, ivc_loss = 0.0382, nll_loss = 4.6092, push_inter = 0.0553, push_intra = 0.2167, pull_loss = 0.0224, aux_loss = 0.0000, final_loss = 4.6640, 0.239 seconds/batch
2026-05-06 21:07:27,331 - Epoch 6, Batch 350, lr = 0.00010, aux_scale = 0.500,  rec_loss = 4.6258, hneg_loss = 0.0174, neg_loss = 0.0221, ivc_loss = 0.0396, nll_loss = 4.6258, push_inter = 0.0567, push_intra = 0.2144, pull_loss = 0.0211, aux_loss = 0.0000, final_loss = 4.6820, 0.239 seconds/batch
2026-05-06 21:07:39,298 - Epoch 6, Batch 400, lr = 0.00010, aux_scale = 0.500,  rec_loss = 4.5792, hneg_loss = 0.0175, neg_loss = 0.0227, ivc_loss = 0.0402, nll_loss = 4.5792, push_inter = 0.0573, push_intra = 0.2104, pull_loss = 0.0215, aux_loss = 0.0000, final_loss = 4.6362, 0.239 seconds/batch
2026-05-06 21:07:51,288 - Epoch 6, Batch 450, lr = 0.00010, aux_scale = 0.500,  rec_loss = 4.6096, hneg_loss = 0.0163, neg_loss = 0.0210, ivc_loss = 0.0373, nll_loss = 4.6096, push_inter = 0.0565, push_intra = 0.2101, pull_loss = 0.0224, aux_loss = 0.0000, final_loss = 4.6637, 0.239 seconds/batch
2026-05-06 21:08:03,215 - Epoch 6, Batch 500, lr = 0.00010, aux_scale = 0.500,  rec_loss = 4.5697, hneg_loss = 0.0170, neg_loss = 0.0217, ivc_loss = 0.0387, nll_loss = 4.5697, push_inter = 0.0561, push_intra = 0.2157, pull_loss = 0.0226, aux_loss = 0.0000, final_loss = 4.6252, 0.239 seconds/batch
2026-05-06 21:08:15,211 - Epoch 6, Batch 550, lr = 0.00010, aux_scale = 0.500,  rec_loss = 4.6152, hneg_loss = 0.0173, neg_loss = 0.0213, ivc_loss = 0.0386, nll_loss = 4.6152, push_inter = 0.0581, push_intra = 0.2130, pull_loss = 0.0216, aux_loss = 0.0000, final_loss = 4.6708, 0.239 seconds/batch
2026-05-06 21:08:27,147 - Epoch 6, Batch 600, lr = 0.00010, aux_scale = 0.500,  rec_loss = 4.5978, hneg_loss = 0.0186, neg_loss = 0.0219, ivc_loss = 0.0405, nll_loss = 4.5978, push_inter = 0.0573, push_intra = 0.2119, pull_loss = 0.0218, aux_loss = 0.0000, final_loss = 4.6552, 0.239 seconds/batch
2026-05-06 21:08:39,070 - Epoch 6, Batch 650, lr = 0.00010, aux_scale = 0.500,  rec_loss = 4.6108, hneg_loss = 0.0146, neg_loss = 0.0222, ivc_loss = 0.0368, nll_loss = 4.6108, push_inter = 0.0576, push_intra = 0.2105, pull_loss = 0.0214, aux_loss = 0.0000, final_loss = 4.6645, 0.239 seconds/batch
2026-05-06 21:08:51,016 - Epoch 6, Batch 700, lr = 0.00010, aux_scale = 0.500,  rec_loss = 4.5986, hneg_loss = 0.0162, neg_loss = 0.0215, ivc_loss = 0.0377, nll_loss = 4.5986, push_inter = 0.0569, push_intra = 0.2099, pull_loss = 0.0220, aux_loss = 0.0000, final_loss = 4.6532, 0.239 seconds/batch
2026-05-06 21:09:03,047 - Epoch 6, Batch 750, lr = 0.00010, aux_scale = 0.500,  rec_loss = 4.5610, hneg_loss = 0.0150, neg_loss = 0.0220, ivc_loss = 0.0370, nll_loss = 4.5610, push_inter = 0.0575, push_intra = 0.2076, pull_loss = 0.0232, aux_loss = 0.0000, final_loss = 4.6152, 0.239 seconds/batch
2026-05-06 21:09:14,979 - Epoch 6, Batch 800, lr = 0.00010, aux_scale = 0.500,  rec_loss = 4.5964, hneg_loss = 0.0175, neg_loss = 0.0236, ivc_loss = 0.0411, nll_loss = 4.5964, push_inter = 0.0574, push_intra = 0.2087, pull_loss = 0.0232, aux_loss = 0.0000, final_loss = 4.6547, 0.239 seconds/batch
2026-05-06 21:09:26,928 - Epoch 6, Batch 850, lr = 0.00010, aux_scale = 0.500,  rec_loss = 4.5996, hneg_loss = 0.0170, neg_loss = 0.0220, ivc_loss = 0.0390, nll_loss = 4.5996, push_inter = 0.0576, push_intra = 0.2079, pull_loss = 0.0234, aux_loss = 0.0000, final_loss = 4.6558, 0.239 seconds/batch
2026-05-06 21:09:38,897 - Epoch 6, Batch 900, lr = 0.00010, aux_scale = 0.500,  rec_loss = 4.5956, hneg_loss = 0.0157, neg_loss = 0.0213, ivc_loss = 0.0370, nll_loss = 4.5956, push_inter = 0.0576, push_intra = 0.2117, pull_loss = 0.0222, aux_loss = 0.0000, final_loss = 4.6496, 0.239 seconds/batch
2026-05-06 21:09:50,870 - Epoch 6, Batch 950, lr = 0.00010, aux_scale = 0.500,  rec_loss = 4.5905, hneg_loss = 0.0162, neg_loss = 0.0199, ivc_loss = 0.0361, nll_loss = 4.5905, push_inter = 0.0569, push_intra = 0.2108, pull_loss = 0.0261, aux_loss = 0.0000, final_loss = 4.6442, 0.239 seconds/batch
2026-05-06 21:10:02,883 - Epoch 6, Batch 1000, lr = 0.00010, aux_scale = 0.500,  rec_loss = 4.5901, hneg_loss = 0.0171, neg_loss = 0.0235, ivc_loss = 0.0406, nll_loss = 4.5901, push_inter = 0.0573, push_intra = 0.2121, pull_loss = 0.0260, aux_loss = 0.0000, final_loss = 4.6484, 0.239 seconds/batch
2026-05-06 21:10:14,814 - Epoch 6, Batch 1050, lr = 0.00010, aux_scale = 0.500,  rec_loss = 4.6164, hneg_loss = 0.0155, neg_loss = 0.0229, ivc_loss = 0.0384, nll_loss = 4.6164, push_inter = 0.0567, push_intra = 0.2160, pull_loss = 0.0254, aux_loss = 0.0000, final_loss = 4.6723, 0.239 seconds/batch
2026-05-06 21:10:26,742 - Epoch 6, Batch 1100, lr = 0.00010, aux_scale = 0.500,  rec_loss = 4.6023, hneg_loss = 0.0162, neg_loss = 0.0209, ivc_loss = 0.0371, nll_loss = 4.6023, push_inter = 0.0561, push_intra = 0.2160, pull_loss = 0.0246, aux_loss = 0.0000, final_loss = 4.6566, 0.239 seconds/batch
2026-05-06 21:10:38,706 - Epoch 6, Batch 1150, lr = 0.00010, aux_scale = 0.500,  rec_loss = 4.5933, hneg_loss = 0.0152, neg_loss = 0.0209, ivc_loss = 0.0361, nll_loss = 4.5933, push_inter = 0.0572, push_intra = 0.2124, pull_loss = 0.0243, aux_loss = 0.0000, final_loss = 4.6468, 0.239 seconds/batch
2026-05-06 21:10:43,471 - Epoch 6, Batch 1170, lr = 0.00010, aux_scale = 0.500,  rec_loss = 4.6482, hneg_loss = 0.0164, neg_loss = 0.0257, ivc_loss = 0.0422, nll_loss = 4.6482, push_inter = 0.0561, push_intra = 0.2139, pull_loss = 0.0246, aux_loss = 0.0000, final_loss = 4.7075, 0.239 seconds/batch
2026-05-06 21:10:43,572 - save model to checkpoints/activitynet_moe_v4/moe_v4/model-6.pt, num_updates 7020.
2026-05-06 21:12:32,675 - | R@1,mIoU 0.2181 | R@1,IoU@0.1 0.5385 | R@1,IoU@0.3 0.3892 | R@1,IoU@0.5 0.1327 | R@1,IoU@0.7 0.0183 | R@1,IoU@0.9 0.0016 | R@5,mIoU 0.3386 | R@5,IoU@0.1 0.7159 | R@5,IoU@0.3 0.4968 | R@5,IoU@0.5 0.3065 | R@5,IoU@0.7 0.1301 | R@5,IoU@0.9 0.0495 |
2026-05-06 21:12:32,675 - ============================================================
2026-05-06 21:12:32,675 - Start Epoch 7
2026-05-06 21:12:44,950 - Epoch 7, Batch 50, lr = 0.00010, aux_scale = 0.500,  rec_loss = 4.5549, hneg_loss = 0.0156, neg_loss = 0.0229, ivc_loss = 0.0385, nll_loss = 4.5549, push_inter = 0.0568, push_intra = 0.2146, pull_loss = 0.0225, aux_loss = 0.0001, final_loss = 4.6103, 0.245 seconds/batch
2026-05-06 21:12:56,865 - Epoch 7, Batch 100, lr = 0.00009, aux_scale = 0.500,  rec_loss = 4.5657, hneg_loss = 0.0161, neg_loss = 0.0211, ivc_loss = 0.0372, nll_loss = 4.5657, push_inter = 0.0572, push_intra = 0.2194, pull_loss = 0.0221, aux_loss = 0.0000, final_loss = 4.6199, 0.242 seconds/batch
2026-05-06 21:13:08,761 - Epoch 7, Batch 150, lr = 0.00009, aux_scale = 0.500,  rec_loss = 4.5495, hneg_loss = 0.0176, neg_loss = 0.0191, ivc_loss = 0.0366, nll_loss = 4.5495, push_inter = 0.0573, push_intra = 0.2213, pull_loss = 0.0220, aux_loss = 0.0000, final_loss = 4.6031, 0.241 seconds/batch
2026-05-06 21:13:20,588 - Epoch 7, Batch 200, lr = 0.00009, aux_scale = 0.500,  rec_loss = 4.5397, hneg_loss = 0.0169, neg_loss = 0.0208, ivc_loss = 0.0378, nll_loss = 4.5397, push_inter = 0.0558, push_intra = 0.2219, pull_loss = 0.0219, aux_loss = 0.0000, final_loss = 4.5941, 0.240 seconds/batch
2026-05-06 21:13:32,668 - Epoch 7, Batch 250, lr = 0.00009, aux_scale = 0.500,  rec_loss = 4.5370, hneg_loss = 0.0172, neg_loss = 0.0215, ivc_loss = 0.0387, nll_loss = 4.5370, push_inter = 0.0553, push_intra = 0.2181, pull_loss = 0.0215, aux_loss = 0.0000, final_loss = 4.5922, 0.240 seconds/batch
2026-05-06 21:13:44,520 - Epoch 7, Batch 300, lr = 0.00009, aux_scale = 0.500,  rec_loss = 4.5386, hneg_loss = 0.0167, neg_loss = 0.0206, ivc_loss = 0.0374, nll_loss = 4.5386, push_inter = 0.0553, push_intra = 0.2147, pull_loss = 0.0206, aux_loss = 0.0000, final_loss = 4.5923, 0.239 seconds/batch
2026-05-06 21:13:56,512 - Epoch 7, Batch 350, lr = 0.00009, aux_scale = 0.500,  rec_loss = 4.5484, hneg_loss = 0.0153, neg_loss = 0.0213, ivc_loss = 0.0366, nll_loss = 4.5484, push_inter = 0.0559, push_intra = 0.2157, pull_loss = 0.0202, aux_loss = 0.0000, final_loss = 4.6014, 0.240 seconds/batch
2026-05-06 21:14:08,616 - Epoch 7, Batch 400, lr = 0.00009, aux_scale = 0.500,  rec_loss = 4.5620, hneg_loss = 0.0152, neg_loss = 0.0210, ivc_loss = 0.0362, nll_loss = 4.5620, push_inter = 0.0566, push_intra = 0.2146, pull_loss = 0.0222, aux_loss = 0.0001, final_loss = 4.6151, 0.240 seconds/batch
2026-05-06 21:14:20,688 - Epoch 7, Batch 450, lr = 0.00009, aux_scale = 0.500,  rec_loss = 4.5546, hneg_loss = 0.0157, neg_loss = 0.0197, ivc_loss = 0.0354, nll_loss = 4.5546, push_inter = 0.0566, push_intra = 0.2154, pull_loss = 0.0258, aux_loss = 0.0000, final_loss = 4.6075, 0.240 seconds/batch
2026-05-06 21:14:32,597 - Epoch 7, Batch 500, lr = 0.00009, aux_scale = 0.500,  rec_loss = 4.5243, hneg_loss = 0.0158, neg_loss = 0.0225, ivc_loss = 0.0383, nll_loss = 4.5243, push_inter = 0.0571, push_intra = 0.2143, pull_loss = 0.0269, aux_loss = 0.0000, final_loss = 4.5805, 0.240 seconds/batch
2026-05-06 21:14:44,497 - Epoch 7, Batch 550, lr = 0.00009, aux_scale = 0.500,  rec_loss = 4.5427, hneg_loss = 0.0160, neg_loss = 0.0196, ivc_loss = 0.0356, nll_loss = 4.5427, push_inter = 0.0585, push_intra = 0.2109, pull_loss = 0.0212, aux_loss = 0.0000, final_loss = 4.5954, 0.240 seconds/batch
2026-05-06 21:14:56,373 - Epoch 7, Batch 600, lr = 0.00009, aux_scale = 0.500,  rec_loss = 4.5247, hneg_loss = 0.0144, neg_loss = 0.0209, ivc_loss = 0.0353, nll_loss = 4.5247, push_inter = 0.0584, push_intra = 0.2124, pull_loss = 0.0209, aux_loss = 0.0000, final_loss = 4.5769, 0.239 seconds/batch
2026-05-06 21:15:08,373 - Epoch 7, Batch 650, lr = 0.00009, aux_scale = 0.500,  rec_loss = 4.5583, hneg_loss = 0.0169, neg_loss = 0.0197, ivc_loss = 0.0366, nll_loss = 4.5583, push_inter = 0.0579, push_intra = 0.2144, pull_loss = 0.0203, aux_loss = 0.0000, final_loss = 4.6117, 0.240 seconds/batch
2026-05-06 21:15:20,344 - Epoch 7, Batch 700, lr = 0.00009, aux_scale = 0.500,  rec_loss = 4.5380, hneg_loss = 0.0157, neg_loss = 0.0205, ivc_loss = 0.0362, nll_loss = 4.5380, push_inter = 0.0564, push_intra = 0.2163, pull_loss = 0.0199, aux_loss = 0.0000, final_loss = 4.5905, 0.240 seconds/batch
2026-05-06 21:15:32,301 - Epoch 7, Batch 750, lr = 0.00009, aux_scale = 0.500,  rec_loss = 4.5618, hneg_loss = 0.0167, neg_loss = 0.0217, ivc_loss = 0.0384, nll_loss = 4.5618, push_inter = 0.0559, push_intra = 0.2175, pull_loss = 0.0209, aux_loss = 0.0000, final_loss = 4.6167, 0.240 seconds/batch
2026-05-06 21:15:44,185 - Epoch 7, Batch 800, lr = 0.00009, aux_scale = 0.500,  rec_loss = 4.5236, hneg_loss = 0.0177, neg_loss = 0.0217, ivc_loss = 0.0394, nll_loss = 4.5236, push_inter = 0.0566, push_intra = 0.2197, pull_loss = 0.0213, aux_loss = 0.0000, final_loss = 4.5797, 0.239 seconds/batch
2026-05-06 21:15:56,108 - Epoch 7, Batch 850, lr = 0.00009, aux_scale = 0.500,  rec_loss = 4.5815, hneg_loss = 0.0163, neg_loss = 0.0212, ivc_loss = 0.0375, nll_loss = 4.5815, push_inter = 0.0554, push_intra = 0.2233, pull_loss = 0.0223, aux_loss = 0.0000, final_loss = 4.6357, 0.239 seconds/batch
2026-05-06 21:16:08,101 - Epoch 7, Batch 900, lr = 0.00009, aux_scale = 0.500,  rec_loss = 4.5111, hneg_loss = 0.0159, neg_loss = 0.0193, ivc_loss = 0.0352, nll_loss = 4.5111, push_inter = 0.0571, push_intra = 0.2187, pull_loss = 0.0209, aux_loss = 0.0000, final_loss = 4.5630, 0.239 seconds/batch
2026-05-06 21:16:20,043 - Epoch 7, Batch 950, lr = 0.00009, aux_scale = 0.500,  rec_loss = 4.5339, hneg_loss = 0.0155, neg_loss = 0.0215, ivc_loss = 0.0370, nll_loss = 4.5339, push_inter = 0.0566, push_intra = 0.2180, pull_loss = 0.0201, aux_loss = 0.0000, final_loss = 4.5873, 0.239 seconds/batch
2026-05-06 21:16:31,970 - Epoch 7, Batch 1000, lr = 0.00009, aux_scale = 0.500,  rec_loss = 4.5645, hneg_loss = 0.0172, neg_loss = 0.0212, ivc_loss = 0.0384, nll_loss = 4.5645, push_inter = 0.0563, push_intra = 0.2186, pull_loss = 0.0211, aux_loss = 0.0000, final_loss = 4.6195, 0.239 seconds/batch
2026-05-06 21:16:43,920 - Epoch 7, Batch 1050, lr = 0.00009, aux_scale = 0.500,  rec_loss = 4.5346, hneg_loss = 0.0150, neg_loss = 0.0213, ivc_loss = 0.0363, nll_loss = 4.5346, push_inter = 0.0556, push_intra = 0.2163, pull_loss = 0.0236, aux_loss = 0.0000, final_loss = 4.5878, 0.239 seconds/batch
2026-05-06 21:16:55,889 - Epoch 7, Batch 1100, lr = 0.00009, aux_scale = 0.500,  rec_loss = 4.5329, hneg_loss = 0.0169, neg_loss = 0.0224, ivc_loss = 0.0392, nll_loss = 4.5329, push_inter = 0.0562, push_intra = 0.2143, pull_loss = 0.0251, aux_loss = 0.0000, final_loss = 4.5895, 0.239 seconds/batch
2026-05-06 21:17:07,784 - Epoch 7, Batch 1150, lr = 0.00009, aux_scale = 0.500,  rec_loss = 4.5392, hneg_loss = 0.0167, neg_loss = 0.0219, ivc_loss = 0.0386, nll_loss = 4.5392, push_inter = 0.0570, push_intra = 0.2140, pull_loss = 0.0236, aux_loss = 0.0000, final_loss = 4.5951, 0.239 seconds/batch
2026-05-06 21:17:12,493 - Epoch 7, Batch 1170, lr = 0.00009, aux_scale = 0.500,  rec_loss = 4.4831, hneg_loss = 0.0153, neg_loss = 0.0177, ivc_loss = 0.0330, nll_loss = 4.4831, push_inter = 0.0567, push_intra = 0.2145, pull_loss = 0.0217, aux_loss = 0.0000, final_loss = 4.5328, 0.239 seconds/batch
2026-05-06 21:17:12,593 - save model to checkpoints/activitynet_moe_v4/moe_v4/model-7.pt, num_updates 8190.
2026-05-06 21:19:01,660 - | R@1,mIoU 0.2058 | R@1,IoU@0.1 0.5162 | R@1,IoU@0.3 0.3703 | R@1,IoU@0.5 0.1276 | R@1,IoU@0.7 0.0193 | R@1,IoU@0.9 0.0013 | R@5,mIoU 0.3435 | R@5,IoU@0.1 0.7217 | R@5,IoU@0.3 0.5031 | R@5,IoU@0.5 0.3101 | R@5,IoU@0.7 0.1365 | R@5,IoU@0.9 0.0512 |
2026-05-06 21:19:01,660 - ============================================================
2026-05-06 21:19:01,660 - Start Epoch 8
2026-05-06 21:19:13,814 - Epoch 8, Batch 50, lr = 0.00009, aux_scale = 0.500,  rec_loss = 4.4991, hneg_loss = 0.0169, neg_loss = 0.0203, ivc_loss = 0.0372, nll_loss = 4.4991, push_inter = 0.0563, push_intra = 0.2146, pull_loss = 0.0213, aux_loss = 0.0000, final_loss = 4.5529, 0.243 seconds/batch
2026-05-06 21:19:25,727 - Epoch 8, Batch 100, lr = 0.00009, aux_scale = 0.500,  rec_loss = 4.4757, hneg_loss = 0.0171, neg_loss = 0.0178, ivc_loss = 0.0349, nll_loss = 4.4757, push_inter = 0.0561, push_intra = 0.2132, pull_loss = 0.0214, aux_loss = 0.0000, final_loss = 4.5271, 0.241 seconds/batch
2026-05-06 21:19:37,663 - Epoch 8, Batch 150, lr = 0.00009, aux_scale = 0.500,  rec_loss = 4.5226, hneg_loss = 0.0159, neg_loss = 0.0228, ivc_loss = 0.0386, nll_loss = 4.5226, push_inter = 0.0574, push_intra = 0.2118, pull_loss = 0.0202, aux_loss = 0.0000, final_loss = 4.5778, 0.240 seconds/batch
2026-05-06 21:19:49,473 - Epoch 8, Batch 200, lr = 0.00009, aux_scale = 0.500,  rec_loss = 4.5321, hneg_loss = 0.0173, neg_loss = 0.0221, ivc_loss = 0.0394, nll_loss = 4.5321, push_inter = 0.0577, push_intra = 0.2095, pull_loss = 0.0199, aux_loss = 0.0000, final_loss = 4.5881, 0.239 seconds/batch
2026-05-06 21:20:01,362 - Epoch 8, Batch 250, lr = 0.00009, aux_scale = 0.500,  rec_loss = 4.4670, hneg_loss = 0.0164, neg_loss = 0.0209, ivc_loss = 0.0372, nll_loss = 4.4670, push_inter = 0.0570, push_intra = 0.2108, pull_loss = 0.0208, aux_loss = 0.0000, final_loss = 4.5208, 0.239 seconds/batch
2026-05-06 21:20:13,295 - Epoch 8, Batch 300, lr = 0.00009, aux_scale = 0.500,  rec_loss = 4.4790, hneg_loss = 0.0140, neg_loss = 0.0189, ivc_loss = 0.0329, nll_loss = 4.4790, push_inter = 0.0576, push_intra = 0.2112, pull_loss = 0.0187, aux_loss = 0.0000, final_loss = 4.5283, 0.239 seconds/batch
2026-05-06 21:20:25,267 - Epoch 8, Batch 350, lr = 0.00009, aux_scale = 0.500,  rec_loss = 4.4991, hneg_loss = 0.0188, neg_loss = 0.0208, ivc_loss = 0.0396, nll_loss = 4.4991, push_inter = 0.0582, push_intra = 0.2102, pull_loss = 0.0190, aux_loss = 0.0001, final_loss = 4.5552, 0.239 seconds/batch
2026-05-06 21:20:37,228 - Epoch 8, Batch 400, lr = 0.00009, aux_scale = 0.500,  rec_loss = 4.5108, hneg_loss = 0.0149, neg_loss = 0.0192, ivc_loss = 0.0340, nll_loss = 4.5108, push_inter = 0.0583, push_intra = 0.2141, pull_loss = 0.0183, aux_loss = 0.0000, final_loss = 4.5613, 0.239 seconds/batch
2026-05-06 21:20:49,211 - Epoch 8, Batch 450, lr = 0.00009, aux_scale = 0.500,  rec_loss = 4.5229, hneg_loss = 0.0152, neg_loss = 0.0214, ivc_loss = 0.0366, nll_loss = 4.5229, push_inter = 0.0604, push_intra = 0.2139, pull_loss = 0.0172, aux_loss = 0.0000, final_loss = 4.5761, 0.239 seconds/batch
2026-05-06 21:21:01,187 - Epoch 8, Batch 500, lr = 0.00009, aux_scale = 0.500,  rec_loss = 4.4928, hneg_loss = 0.0155, neg_loss = 0.0215, ivc_loss = 0.0370, nll_loss = 4.4928, push_inter = 0.0612, push_intra = 0.2152, pull_loss = 0.0173, aux_loss = 0.0000, final_loss = 4.5466, 0.239 seconds/batch
2026-05-06 21:21:13,225 - Epoch 8, Batch 550, lr = 0.00009, aux_scale = 0.500,  rec_loss = 4.4851, hneg_loss = 0.0156, neg_loss = 0.0201, ivc_loss = 0.0358, nll_loss = 4.4851, push_inter = 0.0618, push_intra = 0.2170, pull_loss = 0.0196, aux_loss = 0.0000, final_loss = 4.5382, 0.239 seconds/batch
2026-05-06 21:21:25,237 - Epoch 8, Batch 600, lr = 0.00009, aux_scale = 0.500,  rec_loss = 4.4831, hneg_loss = 0.0144, neg_loss = 0.0177, ivc_loss = 0.0320, nll_loss = 4.4831, push_inter = 0.0627, push_intra = 0.2187, pull_loss = 0.0203, aux_loss = 0.0000, final_loss = 4.5329, 0.239 seconds/batch
2026-05-06 21:21:37,418 - Epoch 8, Batch 650, lr = 0.00009, aux_scale = 0.500,  rec_loss = 4.5090, hneg_loss = 0.0151, neg_loss = 0.0210, ivc_loss = 0.0360, nll_loss = 4.5090, push_inter = 0.0657, push_intra = 0.2151, pull_loss = 0.0189, aux_loss = 0.0000, final_loss = 4.5631, 0.240 seconds/batch
2026-05-06 21:21:49,582 - Epoch 8, Batch 700, lr = 0.00008, aux_scale = 0.500,  rec_loss = 4.4987, hneg_loss = 0.0164, neg_loss = 0.0199, ivc_loss = 0.0362, nll_loss = 4.4987, push_inter = 0.0625, push_intra = 0.2163, pull_loss = 0.0207, aux_loss = 0.0001, final_loss = 4.5527, 0.240 seconds/batch
2026-05-06 21:22:01,519 - Epoch 8, Batch 750, lr = 0.00008, aux_scale = 0.500,  rec_loss = 4.5118, hneg_loss = 0.0151, neg_loss = 0.0189, ivc_loss = 0.0340, nll_loss = 4.5118, push_inter = 0.0610, push_intra = 0.2174, pull_loss = 0.0210, aux_loss = 0.0000, final_loss = 4.5633, 0.240 seconds/batch
2026-05-06 21:22:13,507 - Epoch 8, Batch 800, lr = 0.00008, aux_scale = 0.500,  rec_loss = 4.4720, hneg_loss = 0.0144, neg_loss = 0.0200, ivc_loss = 0.0345, nll_loss = 4.4720, push_inter = 0.0609, push_intra = 0.2174, pull_loss = 0.0205, aux_loss = 0.0000, final_loss = 4.5238, 0.240 seconds/batch
2026-05-06 21:22:25,465 - Epoch 8, Batch 850, lr = 0.00008, aux_scale = 0.500,  rec_loss = 4.5028, hneg_loss = 0.0138, neg_loss = 0.0191, ivc_loss = 0.0330, nll_loss = 4.5028, push_inter = 0.0610, push_intra = 0.2174, pull_loss = 0.0201, aux_loss = 0.0000, final_loss = 4.5531, 0.240 seconds/batch
2026-05-06 21:22:37,489 - Epoch 8, Batch 900, lr = 0.00008, aux_scale = 0.500,  rec_loss = 4.5098, hneg_loss = 0.0148, neg_loss = 0.0189, ivc_loss = 0.0337, nll_loss = 4.5098, push_inter = 0.0595, push_intra = 0.2218, pull_loss = 0.0191, aux_loss = 0.0000, final_loss = 4.5604, 0.240 seconds/batch
2026-05-06 21:22:49,470 - Epoch 8, Batch 950, lr = 0.00008, aux_scale = 0.500,  rec_loss = 4.4727, hneg_loss = 0.0163, neg_loss = 0.0213, ivc_loss = 0.0376, nll_loss = 4.4727, push_inter = 0.0590, push_intra = 0.2203, pull_loss = 0.0174, aux_loss = 0.0000, final_loss = 4.5267, 0.240 seconds/batch
2026-05-06 21:23:01,431 - Epoch 8, Batch 1000, lr = 0.00008, aux_scale = 0.500,  rec_loss = 4.4974, hneg_loss = 0.0157, neg_loss = 0.0210, ivc_loss = 0.0368, nll_loss = 4.4974, push_inter = 0.0589, push_intra = 0.2184, pull_loss = 0.0180, aux_loss = 0.0000, final_loss = 4.5507, 0.240 seconds/batch
2026-05-06 21:23:13,444 - Epoch 8, Batch 1050, lr = 0.00008, aux_scale = 0.500,  rec_loss = 4.5012, hneg_loss = 0.0150, neg_loss = 0.0193, ivc_loss = 0.0343, nll_loss = 4.5012, push_inter = 0.0586, push_intra = 0.2180, pull_loss = 0.0168, aux_loss = 0.0000, final_loss = 4.5517, 0.240 seconds/batch
2026-05-06 21:23:25,494 - Epoch 8, Batch 1100, lr = 0.00008, aux_scale = 0.500,  rec_loss = 4.4834, hneg_loss = 0.0159, neg_loss = 0.0217, ivc_loss = 0.0375, nll_loss = 4.4834, push_inter = 0.0586, push_intra = 0.2192, pull_loss = 0.0181, aux_loss = 0.0000, final_loss = 4.5374, 0.240 seconds/batch
2026-05-06 21:23:37,417 - Epoch 8, Batch 1150, lr = 0.00008, aux_scale = 0.500,  rec_loss = 4.4990, hneg_loss = 0.0170, neg_loss = 0.0207, ivc_loss = 0.0378, nll_loss = 4.4990, push_inter = 0.0586, push_intra = 0.2230, pull_loss = 0.0181, aux_loss = 0.0000, final_loss = 4.5533, 0.240 seconds/batch
2026-05-06 21:23:42,143 - Epoch 8, Batch 1170, lr = 0.00008, aux_scale = 0.500,  rec_loss = 4.4913, hneg_loss = 0.0156, neg_loss = 0.0196, ivc_loss = 0.0352, nll_loss = 4.4913, push_inter = 0.0594, push_intra = 0.2249, pull_loss = 0.0173, aux_loss = 0.0000, final_loss = 4.5430, 0.240 seconds/batch
2026-05-06 21:23:42,242 - save model to checkpoints/activitynet_moe_v4/moe_v4/model-8.pt, num_updates 9360.
2026-05-06 21:25:31,865 - | R@1,mIoU 0.2144 | R@1,IoU@0.1 0.5219 | R@1,IoU@0.3 0.3740 | R@1,IoU@0.5 0.1449 | R@1,IoU@0.7 0.0242 | R@1,IoU@0.9 0.0016 | R@5,mIoU 0.3346 | R@5,IoU@0.1 0.7121 | R@5,IoU@0.3 0.4920 | R@5,IoU@0.5 0.3037 | R@5,IoU@0.7 0.1273 | R@5,IoU@0.9 0.0447 |
2026-05-06 21:25:31,865 - ============================================================
2026-05-06 21:25:31,866 - Start Epoch 9
2026-05-06 21:25:44,037 - Epoch 9, Batch 50, lr = 0.00008, aux_scale = 0.500,  rec_loss = 4.4507, hneg_loss = 0.0176, neg_loss = 0.0219, ivc_loss = 0.0396, nll_loss = 4.4507, push_inter = 0.0595, push_intra = 0.2245, pull_loss = 0.0172, aux_loss = 0.0000, final_loss = 4.5067, 0.243 seconds/batch
2026-05-06 21:25:55,977 - Epoch 9, Batch 100, lr = 0.00008, aux_scale = 0.500,  rec_loss = 4.4180, hneg_loss = 0.0157, neg_loss = 0.0219, ivc_loss = 0.0376, nll_loss = 4.4180, push_inter = 0.0603, push_intra = 0.2223, pull_loss = 0.0162, aux_loss = 0.0000, final_loss = 4.4720, 0.241 seconds/batch
2026-05-06 21:26:07,966 - Epoch 9, Batch 150, lr = 0.00008, aux_scale = 0.500,  rec_loss = 4.4524, hneg_loss = 0.0155, neg_loss = 0.0185, ivc_loss = 0.0341, nll_loss = 4.4524, push_inter = 0.0587, push_intra = 0.2200, pull_loss = 0.0166, aux_loss = 0.0000, final_loss = 4.5027, 0.241 seconds/batch
2026-05-06 21:26:19,866 - Epoch 9, Batch 200, lr = 0.00008, aux_scale = 0.500,  rec_loss = 4.4666, hneg_loss = 0.0144, neg_loss = 0.0161, ivc_loss = 0.0305, nll_loss = 4.4666, push_inter = 0.0582, push_intra = 0.2204, pull_loss = 0.0174, aux_loss = 0.0000, final_loss = 4.5134, 0.240 seconds/batch
2026-05-06 21:26:31,795 - Epoch 9, Batch 250, lr = 0.00008, aux_scale = 0.500,  rec_loss = 4.4977, hneg_loss = 0.0172, neg_loss = 0.0187, ivc_loss = 0.0358, nll_loss = 4.4977, push_inter = 0.0577, push_intra = 0.2228, pull_loss = 0.0164, aux_loss = 0.0000, final_loss = 4.5494, 0.240 seconds/batch
2026-05-06 21:26:43,685 - Epoch 9, Batch 300, lr = 0.00008, aux_scale = 0.500,  rec_loss = 4.4573, hneg_loss = 0.0144, neg_loss = 0.0177, ivc_loss = 0.0321, nll_loss = 4.4573, push_inter = 0.0582, push_intra = 0.2237, pull_loss = 0.0162, aux_loss = 0.0000, final_loss = 4.5053, 0.239 seconds/batch
2026-05-06 21:26:55,570 - Epoch 9, Batch 350, lr = 0.00008, aux_scale = 0.500,  rec_loss = 4.4512, hneg_loss = 0.0151, neg_loss = 0.0162, ivc_loss = 0.0314, nll_loss = 4.4512, push_inter = 0.0587, push_intra = 0.2200, pull_loss = 0.0166, aux_loss = 0.0000, final_loss = 4.4988, 0.239 seconds/batch
2026-05-06 21:27:07,629 - Epoch 9, Batch 400, lr = 0.00008, aux_scale = 0.500,  rec_loss = 4.4304, hneg_loss = 0.0141, neg_loss = 0.0186, ivc_loss = 0.0327, nll_loss = 4.4304, push_inter = 0.0584, push_intra = 0.2211, pull_loss = 0.0178, aux_loss = 0.0000, final_loss = 4.4794, 0.239 seconds/batch
2026-05-06 21:27:19,785 - Epoch 9, Batch 450, lr = 0.00008, aux_scale = 0.500,  rec_loss = 4.4150, hneg_loss = 0.0150, neg_loss = 0.0194, ivc_loss = 0.0344, nll_loss = 4.4150, push_inter = 0.0585, push_intra = 0.2221, pull_loss = 0.0177, aux_loss = 0.0000, final_loss = 4.4658, 0.240 seconds/batch
2026-05-06 21:27:31,785 - Epoch 9, Batch 500, lr = 0.00008, aux_scale = 0.500,  rec_loss = 4.4562, hneg_loss = 0.0158, neg_loss = 0.0195, ivc_loss = 0.0353, nll_loss = 4.4562, push_inter = 0.0580, push_intra = 0.2266, pull_loss = 0.0182, aux_loss = 0.0000, final_loss = 4.5079, 0.240 seconds/batch
2026-05-06 21:27:43,892 - Epoch 9, Batch 550, lr = 0.00008, aux_scale = 0.500,  rec_loss = 4.4383, hneg_loss = 0.0158, neg_loss = 0.0190, ivc_loss = 0.0348, nll_loss = 4.4383, push_inter = 0.0580, push_intra = 0.2264, pull_loss = 0.0179, aux_loss = 0.0000, final_loss = 4.4894, 0.240 seconds/batch
2026-05-06 21:27:55,885 - Epoch 9, Batch 600, lr = 0.00008, aux_scale = 0.500,  rec_loss = 4.4755, hneg_loss = 0.0154, neg_loss = 0.0181, ivc_loss = 0.0336, nll_loss = 4.4755, push_inter = 0.0585, push_intra = 0.2229, pull_loss = 0.0151, aux_loss = 0.0000, final_loss = 4.5250, 0.240 seconds/batch
2026-05-06 21:28:07,997 - Epoch 9, Batch 650, lr = 0.00008, aux_scale = 0.500,  rec_loss = 4.4521, hneg_loss = 0.0134, neg_loss = 0.0204, ivc_loss = 0.0338, nll_loss = 4.4521, push_inter = 0.0593, push_intra = 0.2211, pull_loss = 0.0156, aux_loss = 0.0000, final_loss = 4.5020, 0.240 seconds/batch
2026-05-06 21:28:20,072 - Epoch 9, Batch 700, lr = 0.00008, aux_scale = 0.500,  rec_loss = 4.4611, hneg_loss = 0.0152, neg_loss = 0.0167, ivc_loss = 0.0319, nll_loss = 4.4611, push_inter = 0.0575, push_intra = 0.2225, pull_loss = 0.0159, aux_loss = 0.0000, final_loss = 4.5089, 0.240 seconds/batch
2026-05-06 21:28:32,086 - Epoch 9, Batch 750, lr = 0.00008, aux_scale = 0.500,  rec_loss = 4.4100, hneg_loss = 0.0140, neg_loss = 0.0190, ivc_loss = 0.0330, nll_loss = 4.4100, push_inter = 0.0559, push_intra = 0.2226, pull_loss = 0.0153, aux_loss = 0.0000, final_loss = 4.4584, 0.240 seconds/batch
2026-05-06 21:28:44,171 - Epoch 9, Batch 800, lr = 0.00008, aux_scale = 0.500,  rec_loss = 4.5235, hneg_loss = 0.0169, neg_loss = 0.0177, ivc_loss = 0.0346, nll_loss = 4.5235, push_inter = 0.0563, push_intra = 0.2228, pull_loss = 0.0152, aux_loss = 0.0000, final_loss = 4.5735, 0.240 seconds/batch
2026-05-06 21:28:56,054 - Epoch 9, Batch 850, lr = 0.00008, aux_scale = 0.500,  rec_loss = 4.4798, hneg_loss = 0.0159, neg_loss = 0.0191, ivc_loss = 0.0350, nll_loss = 4.4798, push_inter = 0.0557, push_intra = 0.2213, pull_loss = 0.0168, aux_loss = 0.0000, final_loss = 4.5304, 0.240 seconds/batch
2026-05-06 21:29:08,036 - Epoch 9, Batch 900, lr = 0.00008, aux_scale = 0.500,  rec_loss = 4.4790, hneg_loss = 0.0157, neg_loss = 0.0191, ivc_loss = 0.0347, nll_loss = 4.4790, push_inter = 0.0569, push_intra = 0.2172, pull_loss = 0.0158, aux_loss = 0.0000, final_loss = 4.5293, 0.240 seconds/batch
2026-05-06 21:29:20,027 - Epoch 9, Batch 950, lr = 0.00008, aux_scale = 0.500,  rec_loss = 4.4758, hneg_loss = 0.0136, neg_loss = 0.0171, ivc_loss = 0.0306, nll_loss = 4.4758, push_inter = 0.0567, push_intra = 0.2168, pull_loss = 0.0160, aux_loss = 0.0000, final_loss = 4.5221, 0.240 seconds/batch
2026-05-06 21:29:32,044 - Epoch 9, Batch 1000, lr = 0.00008, aux_scale = 0.500,  rec_loss = 4.4190, hneg_loss = 0.0151, neg_loss = 0.0180, ivc_loss = 0.0331, nll_loss = 4.4190, push_inter = 0.0559, push_intra = 0.2205, pull_loss = 0.0160, aux_loss = 0.0000, final_loss = 4.4677, 0.240 seconds/batch
2026-05-06 21:29:44,001 - Epoch 9, Batch 1050, lr = 0.00008, aux_scale = 0.500,  rec_loss = 4.4297, hneg_loss = 0.0136, neg_loss = 0.0170, ivc_loss = 0.0306, nll_loss = 4.4297, push_inter = 0.0568, push_intra = 0.2198, pull_loss = 0.0136, aux_loss = 0.0000, final_loss = 4.4755, 0.240 seconds/batch
2026-05-06 21:29:56,053 - Epoch 9, Batch 1100, lr = 0.00008, aux_scale = 0.500,  rec_loss = 4.4394, hneg_loss = 0.0135, neg_loss = 0.0182, ivc_loss = 0.0317, nll_loss = 4.4394, push_inter = 0.0568, push_intra = 0.2211, pull_loss = 0.0136, aux_loss = 0.0000, final_loss = 4.4864, 0.240 seconds/batch
2026-05-06 21:30:08,135 - Epoch 9, Batch 1150, lr = 0.00008, aux_scale = 0.500,  rec_loss = 4.4482, hneg_loss = 0.0144, neg_loss = 0.0175, ivc_loss = 0.0319, nll_loss = 4.4482, push_inter = 0.0568, push_intra = 0.2193, pull_loss = 0.0137, aux_loss = 0.0000, final_loss = 4.4953, 0.240 seconds/batch
2026-05-06 21:30:12,871 - Epoch 9, Batch 1170, lr = 0.00008, aux_scale = 0.500,  rec_loss = 4.4966, hneg_loss = 0.0148, neg_loss = 0.0170, ivc_loss = 0.0318, nll_loss = 4.4966, push_inter = 0.0558, push_intra = 0.2207, pull_loss = 0.0144, aux_loss = 0.0000, final_loss = 4.5435, 0.240 seconds/batch
2026-05-06 21:30:12,963 - save model to checkpoints/activitynet_moe_v4/moe_v4/model-9.pt, num_updates 10530.
2026-05-06 21:32:02,085 - | R@1,mIoU 0.2144 | R@1,IoU@0.1 0.5226 | R@1,IoU@0.3 0.3731 | R@1,IoU@0.5 0.1473 | R@1,IoU@0.7 0.0262 | R@1,IoU@0.9 0.0017 | R@5,mIoU 0.3392 | R@5,IoU@0.1 0.7158 | R@5,IoU@0.3 0.4902 | R@5,IoU@0.5 0.3108 | R@5,IoU@0.7 0.1372 | R@5,IoU@0.9 0.0475 |
2026-05-06 21:32:02,085 - ============================================================
2026-05-06 21:32:02,086 - Start Epoch 10
2026-05-06 21:32:14,226 - Epoch 10, Batch 50, lr = 0.00008, aux_scale = 0.500,  rec_loss = 4.4287, hneg_loss = 0.0161, neg_loss = 0.0207, ivc_loss = 0.0368, nll_loss = 4.4287, push_inter = 0.0558, push_intra = 0.2179, pull_loss = 0.0142, aux_loss = 0.0000, final_loss = 4.4807, 0.243 seconds/batch
2026-05-06 21:32:26,173 - Epoch 10, Batch 100, lr = 0.00008, aux_scale = 0.500,  rec_loss = 4.3895, hneg_loss = 0.0146, neg_loss = 0.0180, ivc_loss = 0.0326, nll_loss = 4.3895, push_inter = 0.0548, push_intra = 0.2220, pull_loss = 0.0141, aux_loss = 0.0000, final_loss = 4.4369, 0.241 seconds/batch
2026-05-06 21:32:38,164 - Epoch 10, Batch 150, lr = 0.00008, aux_scale = 0.500,  rec_loss = 4.4186, hneg_loss = 0.0153, neg_loss = 0.0190, ivc_loss = 0.0343, nll_loss = 4.4186, push_inter = 0.0548, push_intra = 0.2242, pull_loss = 0.0137, aux_loss = 0.0000, final_loss = 4.4678, 0.241 seconds/batch
2026-05-06 21:32:50,160 - Epoch 10, Batch 200, lr = 0.00008, aux_scale = 0.500,  rec_loss = 4.4087, hneg_loss = 0.0161, neg_loss = 0.0164, ivc_loss = 0.0325, nll_loss = 4.4087, push_inter = 0.0547, push_intra = 0.2249, pull_loss = 0.0127, aux_loss = 0.0000, final_loss = 4.4558, 0.240 seconds/batch
2026-05-06 21:33:02,133 - Epoch 10, Batch 250, lr = 0.00008, aux_scale = 0.500,  rec_loss = 4.4195, hneg_loss = 0.0165, neg_loss = 0.0189, ivc_loss = 0.0354, nll_loss = 4.4195, push_inter = 0.0539, push_intra = 0.2271, pull_loss = 0.0132, aux_loss = 0.0000, final_loss = 4.4695, 0.240 seconds/batch
2026-05-06 21:33:14,080 - Epoch 10, Batch 300, lr = 0.00008, aux_scale = 0.500,  rec_loss = 4.3940, hneg_loss = 0.0149, neg_loss = 0.0202, ivc_loss = 0.0351, nll_loss = 4.3940, push_inter = 0.0560, push_intra = 0.2261, pull_loss = 0.0125, aux_loss = 0.0000, final_loss = 4.4439, 0.240 seconds/batch
2026-05-06 21:33:25,995 - Epoch 10, Batch 350, lr = 0.00008, aux_scale = 0.500,  rec_loss = 4.4272, hneg_loss = 0.0149, neg_loss = 0.0169, ivc_loss = 0.0318, nll_loss = 4.4272, push_inter = 0.0561, push_intra = 0.2231, pull_loss = 0.0129, aux_loss = 0.0000, final_loss = 4.4740, 0.240 seconds/batch
2026-05-06 21:33:37,975 - Epoch 10, Batch 400, lr = 0.00008, aux_scale = 0.500,  rec_loss = 4.4217, hneg_loss = 0.0152, neg_loss = 0.0179, ivc_loss = 0.0331, nll_loss = 4.4217, push_inter = 0.0559, push_intra = 0.2192, pull_loss = 0.0136, aux_loss = 0.0000, final_loss = 4.4698, 0.240 seconds/batch
2026-05-06 21:33:49,940 - Epoch 10, Batch 450, lr = 0.00008, aux_scale = 0.500,  rec_loss = 4.3878, hneg_loss = 0.0133, neg_loss = 0.0188, ivc_loss = 0.0320, nll_loss = 4.3878, push_inter = 0.0554, push_intra = 0.2182, pull_loss = 0.0138, aux_loss = 0.0000, final_loss = 4.4348, 0.240 seconds/batch
2026-05-06 21:34:02,000 - Epoch 10, Batch 500, lr = 0.00008, aux_scale = 0.500,  rec_loss = 4.4212, hneg_loss = 0.0136, neg_loss = 0.0174, ivc_loss = 0.0310, nll_loss = 4.4212, push_inter = 0.0555, push_intra = 0.2194, pull_loss = 0.0132, aux_loss = 0.0000, final_loss = 4.4671, 0.240 seconds/batch
2026-05-06 21:34:13,959 - Epoch 10, Batch 550, lr = 0.00008, aux_scale = 0.500,  rec_loss = 4.4062, hneg_loss = 0.0143, neg_loss = 0.0167, ivc_loss = 0.0309, nll_loss = 4.4062, push_inter = 0.0560, push_intra = 0.2210, pull_loss = 0.0132, aux_loss = 0.0000, final_loss = 4.4521, 0.240 seconds/batch
2026-05-06 21:34:25,930 - Epoch 10, Batch 600, lr = 0.00008, aux_scale = 0.500,  rec_loss = 4.4231, hneg_loss = 0.0145, neg_loss = 0.0190, ivc_loss = 0.0335, nll_loss = 4.4231, push_inter = 0.0560, push_intra = 0.2197, pull_loss = 0.0135, aux_loss = 0.0000, final_loss = 4.4717, 0.240 seconds/batch
2026-05-06 21:34:37,919 - Epoch 10, Batch 650, lr = 0.00008, aux_scale = 0.500,  rec_loss = 4.4097, hneg_loss = 0.0150, neg_loss = 0.0162, ivc_loss = 0.0312, nll_loss = 4.4097, push_inter = 0.0563, push_intra = 0.2214, pull_loss = 0.0131, aux_loss = 0.0000, final_loss = 4.4559, 0.240 seconds/batch
2026-05-06 21:34:49,810 - Epoch 10, Batch 700, lr = 0.00008, aux_scale = 0.500,  rec_loss = 4.4331, hneg_loss = 0.0164, neg_loss = 0.0203, ivc_loss = 0.0367, nll_loss = 4.4331, push_inter = 0.0567, push_intra = 0.2226, pull_loss = 0.0135, aux_loss = 0.0000, final_loss = 4.4850, 0.240 seconds/batch
2026-05-06 21:35:01,777 - Epoch 10, Batch 750, lr = 0.00008, aux_scale = 0.500,  rec_loss = 4.4055, hneg_loss = 0.0152, neg_loss = 0.0160, ivc_loss = 0.0311, nll_loss = 4.4055, push_inter = 0.0579, push_intra = 0.2213, pull_loss = 0.0136, aux_loss = 0.0000, final_loss = 4.4521, 0.240 seconds/batch
2026-05-06 21:35:13,848 - Epoch 10, Batch 800, lr = 0.00008, aux_scale = 0.500,  rec_loss = 4.4190, hneg_loss = 0.0124, neg_loss = 0.0177, ivc_loss = 0.0300, nll_loss = 4.4190, push_inter = 0.0579, push_intra = 0.2188, pull_loss = 0.0137, aux_loss = 0.0000, final_loss = 4.4645, 0.240 seconds/batch
2026-05-06 21:35:25,855 - Epoch 10, Batch 850, lr = 0.00007, aux_scale = 0.500,  rec_loss = 4.4269, hneg_loss = 0.0151, neg_loss = 0.0184, ivc_loss = 0.0335, nll_loss = 4.4269, push_inter = 0.0567, push_intra = 0.2189, pull_loss = 0.0138, aux_loss = 0.0000, final_loss = 4.4756, 0.240 seconds/batch
2026-05-06 21:35:37,769 - Epoch 10, Batch 900, lr = 0.00007, aux_scale = 0.500,  rec_loss = 4.4371, hneg_loss = 0.0162, neg_loss = 0.0195, ivc_loss = 0.0357, nll_loss = 4.4371, push_inter = 0.0558, push_intra = 0.2194, pull_loss = 0.0137, aux_loss = 0.0000, final_loss = 4.4878, 0.240 seconds/batch
2026-05-06 21:35:49,752 - Epoch 10, Batch 950, lr = 0.00007, aux_scale = 0.500,  rec_loss = 4.4162, hneg_loss = 0.0145, neg_loss = 0.0161, ivc_loss = 0.0306, nll_loss = 4.4162, push_inter = 0.0561, push_intra = 0.2188, pull_loss = 0.0131, aux_loss = 0.0000, final_loss = 4.4618, 0.240 seconds/batch
2026-05-06 21:36:01,742 - Epoch 10, Batch 1000, lr = 0.00007, aux_scale = 0.500,  rec_loss = 4.4156, hneg_loss = 0.0155, neg_loss = 0.0168, ivc_loss = 0.0323, nll_loss = 4.4156, push_inter = 0.0564, push_intra = 0.2190, pull_loss = 0.0127, aux_loss = 0.0000, final_loss = 4.4629, 0.240 seconds/batch
2026-05-06 21:36:13,620 - Epoch 10, Batch 1050, lr = 0.00007, aux_scale = 0.500,  rec_loss = 4.4188, hneg_loss = 0.0141, neg_loss = 0.0179, ivc_loss = 0.0320, nll_loss = 4.4188, push_inter = 0.0568, push_intra = 0.2160, pull_loss = 0.0123, aux_loss = 0.0000, final_loss = 4.4657, 0.240 seconds/batch
2026-05-06 21:36:25,494 - Epoch 10, Batch 1100, lr = 0.00007, aux_scale = 0.500,  rec_loss = 4.4375, hneg_loss = 0.0155, neg_loss = 0.0203, ivc_loss = 0.0357, nll_loss = 4.4375, push_inter = 0.0558, push_intra = 0.2149, pull_loss = 0.0124, aux_loss = 0.0000, final_loss = 4.4880, 0.239 seconds/batch
2026-05-06 21:36:37,406 - Epoch 10, Batch 1150, lr = 0.00007, aux_scale = 0.500,  rec_loss = 4.4209, hneg_loss = 0.0157, neg_loss = 0.0188, ivc_loss = 0.0345, nll_loss = 4.4209, push_inter = 0.0543, push_intra = 0.2194, pull_loss = 0.0142, aux_loss = 0.0000, final_loss = 4.4702, 0.239 seconds/batch
2026-05-06 21:36:42,145 - Epoch 10, Batch 1170, lr = 0.00007, aux_scale = 0.500,  rec_loss = 4.4239, hneg_loss = 0.0127, neg_loss = 0.0170, ivc_loss = 0.0297, nll_loss = 4.4239, push_inter = 0.0545, push_intra = 0.2183, pull_loss = 0.0148, aux_loss = 0.0000, final_loss = 4.4685, 0.239 seconds/batch
2026-05-06 21:36:42,235 - save model to checkpoints/activitynet_moe_v4/moe_v4/model-10.pt, num_updates 11700.
2026-05-06 21:38:31,151 - | R@1,mIoU 0.2145 | R@1,IoU@0.1 0.5281 | R@1,IoU@0.3 0.3795 | R@1,IoU@0.5 0.1382 | R@1,IoU@0.7 0.0211 | R@1,IoU@0.9 0.0012 | R@5,mIoU 0.3320 | R@5,IoU@0.1 0.7076 | R@5,IoU@0.3 0.4734 | R@5,IoU@0.5 0.3050 | R@5,IoU@0.7 0.1336 | R@5,IoU@0.9 0.0464 |
2026-05-06 21:38:31,151 - ============================================================
2026-05-06 21:38:31,152 - Start Epoch 11
2026-05-06 21:38:43,241 - Epoch 11, Batch 50, lr = 0.00007, aux_scale = 0.500,  rec_loss = 4.3461, hneg_loss = 0.0147, neg_loss = 0.0200, ivc_loss = 0.0347, nll_loss = 4.3461, push_inter = 0.0545, push_intra = 0.2196, pull_loss = 0.0149, aux_loss = 0.0000, final_loss = 4.3959, 0.242 seconds/batch
2026-05-06 21:38:55,165 - Epoch 11, Batch 100, lr = 0.00007, aux_scale = 0.500,  rec_loss = 4.3638, hneg_loss = 0.0137, neg_loss = 0.0177, ivc_loss = 0.0314, nll_loss = 4.3638, push_inter = 0.0549, push_intra = 0.2197, pull_loss = 0.0143, aux_loss = 0.0000, final_loss = 4.4102, 0.240 seconds/batch
2026-05-06 21:39:07,162 - Epoch 11, Batch 150, lr = 0.00007, aux_scale = 0.500,  rec_loss = 4.3577, hneg_loss = 0.0156, neg_loss = 0.0167, ivc_loss = 0.0322, nll_loss = 4.3577, push_inter = 0.0548, push_intra = 0.2189, pull_loss = 0.0129, aux_loss = 0.0000, final_loss = 4.4046, 0.240 seconds/batch
2026-05-06 21:39:19,283 - Epoch 11, Batch 200, lr = 0.00007, aux_scale = 0.500,  rec_loss = 4.3850, hneg_loss = 0.0154, neg_loss = 0.0161, ivc_loss = 0.0315, nll_loss = 4.3850, push_inter = 0.0554, push_intra = 0.2170, pull_loss = 0.0143, aux_loss = 0.0000, final_loss = 4.4316, 0.241 seconds/batch
2026-05-06 21:39:31,202 - Epoch 11, Batch 250, lr = 0.00007, aux_scale = 0.500,  rec_loss = 4.3997, hneg_loss = 0.0141, neg_loss = 0.0198, ivc_loss = 0.0339, nll_loss = 4.3997, push_inter = 0.0550, push_intra = 0.2175, pull_loss = 0.0142, aux_loss = 0.0000, final_loss = 4.4485, 0.240 seconds/batch
2026-05-06 21:39:43,112 - Epoch 11, Batch 300, lr = 0.00007, aux_scale = 0.500,  rec_loss = 4.3968, hneg_loss = 0.0125, neg_loss = 0.0160, ivc_loss = 0.0285, nll_loss = 4.3968, push_inter = 0.0553, push_intra = 0.2151, pull_loss = 0.0122, aux_loss = 0.0000, final_loss = 4.4399, 0.240 seconds/batch
2026-05-06 21:39:55,035 - Epoch 11, Batch 350, lr = 0.00007, aux_scale = 0.500,  rec_loss = 4.3737, hneg_loss = 0.0143, neg_loss = 0.0183, ivc_loss = 0.0326, nll_loss = 4.3737, push_inter = 0.0559, push_intra = 0.2126, pull_loss = 0.0120, aux_loss = 0.0000, final_loss = 4.4209, 0.240 seconds/batch
2026-05-06 21:40:07,057 - Epoch 11, Batch 400, lr = 0.00007, aux_scale = 0.500,  rec_loss = 4.3846, hneg_loss = 0.0149, neg_loss = 0.0175, ivc_loss = 0.0324, nll_loss = 4.3846, push_inter = 0.0563, push_intra = 0.2140, pull_loss = 0.0132, aux_loss = 0.0000, final_loss = 4.4319, 0.240 seconds/batch
2026-05-06 21:40:19,041 - Epoch 11, Batch 450, lr = 0.00007, aux_scale = 0.500,  rec_loss = 4.3845, hneg_loss = 0.0141, neg_loss = 0.0173, ivc_loss = 0.0314, nll_loss = 4.3845, push_inter = 0.0565, push_intra = 0.2144, pull_loss = 0.0133, aux_loss = 0.0000, final_loss = 4.4309, 0.240 seconds/batch
2026-05-06 21:40:31,096 - Epoch 11, Batch 500, lr = 0.00007, aux_scale = 0.500,  rec_loss = 4.3712, hneg_loss = 0.0150, neg_loss = 0.0193, ivc_loss = 0.0343, nll_loss = 4.3712, push_inter = 0.0568, push_intra = 0.2152, pull_loss = 0.0127, aux_loss = 0.0000, final_loss = 4.4204, 0.240 seconds/batch
2026-05-06 21:40:43,063 - Epoch 11, Batch 550, lr = 0.00007, aux_scale = 0.500,  rec_loss = 4.4056, hneg_loss = 0.0165, neg_loss = 0.0178, ivc_loss = 0.0343, nll_loss = 4.4056, push_inter = 0.0570, push_intra = 0.2152, pull_loss = 0.0115, aux_loss = 0.0000, final_loss = 4.4546, 0.240 seconds/batch
2026-05-06 21:40:55,104 - Epoch 11, Batch 600, lr = 0.00007, aux_scale = 0.500,  rec_loss = 4.4096, hneg_loss = 0.0128, neg_loss = 0.0168, ivc_loss = 0.0296, nll_loss = 4.4096, push_inter = 0.0573, push_intra = 0.2139, pull_loss = 0.0114, aux_loss = 0.0000, final_loss = 4.4540, 0.240 seconds/batch
2026-05-06 21:41:07,093 - Epoch 11, Batch 650, lr = 0.00007, aux_scale = 0.500,  rec_loss = 4.3920, hneg_loss = 0.0143, neg_loss = 0.0157, ivc_loss = 0.0300, nll_loss = 4.3920, push_inter = 0.0572, push_intra = 0.2158, pull_loss = 0.0117, aux_loss = 0.0000, final_loss = 4.4369, 0.240 seconds/batch
2026-05-06 21:41:19,010 - Epoch 11, Batch 700, lr = 0.00007, aux_scale = 0.500,  rec_loss = 4.3839, hneg_loss = 0.0138, neg_loss = 0.0170, ivc_loss = 0.0308, nll_loss = 4.3839, push_inter = 0.0576, push_intra = 0.2149, pull_loss = 0.0124, aux_loss = 0.0000, final_loss = 4.4298, 0.240 seconds/batch
2026-05-06 21:41:30,969 - Epoch 11, Batch 750, lr = 0.00007, aux_scale = 0.500,  rec_loss = 4.3797, hneg_loss = 0.0154, neg_loss = 0.0176, ivc_loss = 0.0330, nll_loss = 4.3797, push_inter = 0.0571, push_intra = 0.2153, pull_loss = 0.0136, aux_loss = 0.0000, final_loss = 4.4279, 0.240 seconds/batch
2026-05-06 21:41:42,997 - Epoch 11, Batch 800, lr = 0.00007, aux_scale = 0.500,  rec_loss = 4.3774, hneg_loss = 0.0140, neg_loss = 0.0183, ivc_loss = 0.0323, nll_loss = 4.3774, push_inter = 0.0564, push_intra = 0.2164, pull_loss = 0.0142, aux_loss = 0.0000, final_loss = 4.4249, 0.240 seconds/batch
2026-05-06 21:41:55,041 - Epoch 11, Batch 850, lr = 0.00007, aux_scale = 0.500,  rec_loss = 4.3871, hneg_loss = 0.0140, neg_loss = 0.0177, ivc_loss = 0.0316, nll_loss = 4.3871, push_inter = 0.0555, push_intra = 0.2192, pull_loss = 0.0153, aux_loss = 0.0000, final_loss = 4.4340, 0.240 seconds/batch
2026-05-06 21:42:07,000 - Epoch 11, Batch 900, lr = 0.00007, aux_scale = 0.500,  rec_loss = 4.3844, hneg_loss = 0.0157, neg_loss = 0.0174, ivc_loss = 0.0332, nll_loss = 4.3844, push_inter = 0.0561, push_intra = 0.2203, pull_loss = 0.0140, aux_loss = 0.0000, final_loss = 4.4327, 0.240 seconds/batch
2026-05-06 21:42:18,961 - Epoch 11, Batch 950, lr = 0.00007, aux_scale = 0.500,  rec_loss = 4.3859, hneg_loss = 0.0148, neg_loss = 0.0166, ivc_loss = 0.0314, nll_loss = 4.3859, push_inter = 0.0568, push_intra = 0.2191, pull_loss = 0.0126, aux_loss = 0.0000, final_loss = 4.4323, 0.240 seconds/batch
2026-05-06 21:42:30,883 - Epoch 11, Batch 1000, lr = 0.00007, aux_scale = 0.500,  rec_loss = 4.4213, hneg_loss = 0.0131, neg_loss = 0.0167, ivc_loss = 0.0298, nll_loss = 4.4213, push_inter = 0.0582, push_intra = 0.2170, pull_loss = 0.0125, aux_loss = 0.0000, final_loss = 4.4663, 0.240 seconds/batch
2026-05-06 21:42:42,787 - Epoch 11, Batch 1050, lr = 0.00007, aux_scale = 0.500,  rec_loss = 4.3454, hneg_loss = 0.0147, neg_loss = 0.0140, ivc_loss = 0.0287, nll_loss = 4.3454, push_inter = 0.0579, push_intra = 0.2168, pull_loss = 0.0129, aux_loss = 0.0000, final_loss = 4.3894, 0.240 seconds/batch
2026-05-06 21:42:54,859 - Epoch 11, Batch 1100, lr = 0.00007, aux_scale = 0.500,  rec_loss = 4.3951, hneg_loss = 0.0147, neg_loss = 0.0185, ivc_loss = 0.0332, nll_loss = 4.3951, push_inter = 0.0564, push_intra = 0.2197, pull_loss = 0.0127, aux_loss = 0.0000, final_loss = 4.4432, 0.240 seconds/batch
2026-05-06 21:43:06,906 - Epoch 11, Batch 1150, lr = 0.00007, aux_scale = 0.500,  rec_loss = 4.3894, hneg_loss = 0.0134, neg_loss = 0.0190, ivc_loss = 0.0324, nll_loss = 4.3894, push_inter = 0.0565, push_intra = 0.2207, pull_loss = 0.0123, aux_loss = 0.0000, final_loss = 4.4367, 0.240 seconds/batch
2026-05-06 21:43:11,621 - Epoch 11, Batch 1170, lr = 0.00007, aux_scale = 0.500,  rec_loss = 4.3694, hneg_loss = 0.0159, neg_loss = 0.0204, ivc_loss = 0.0364, nll_loss = 4.3694, push_inter = 0.0574, push_intra = 0.2191, pull_loss = 0.0130, aux_loss = 0.0000, final_loss = 4.4209, 0.240 seconds/batch
2026-05-06 21:43:11,712 - save model to checkpoints/activitynet_moe_v4/moe_v4/model-11.pt, num_updates 12870.
2026-05-06 21:45:00,906 - | R@1,mIoU 0.2135 | R@1,IoU@0.1 0.5171 | R@1,IoU@0.3 0.3710 | R@1,IoU@0.5 0.1471 | R@1,IoU@0.7 0.0301 | R@1,IoU@0.9 0.0018 | R@5,mIoU 0.3425 | R@5,IoU@0.1 0.7173 | R@5,IoU@0.3 0.4824 | R@5,IoU@0.5 0.3115 | R@5,IoU@0.7 0.1493 | R@5,IoU@0.9 0.0503 |
2026-05-06 21:45:00,906 - ============================================================
2026-05-06 21:45:00,906 - Start Epoch 12
2026-05-06 21:45:13,342 - Epoch 12, Batch 50, lr = 0.00007, aux_scale = 0.500,  rec_loss = 4.3022, hneg_loss = 0.0174, neg_loss = 0.0173, ivc_loss = 0.0347, nll_loss = 4.3022, push_inter = 0.0587, push_intra = 0.2175, pull_loss = 0.0127, aux_loss = 0.0000, final_loss = 4.3523, 0.249 seconds/batch
2026-05-06 21:45:25,250 - Epoch 12, Batch 100, lr = 0.00007, aux_scale = 0.500,  rec_loss = 4.3628, hneg_loss = 0.0153, neg_loss = 0.0171, ivc_loss = 0.0324, nll_loss = 4.3628, push_inter = 0.0601, push_intra = 0.2131, pull_loss = 0.0132, aux_loss = 0.0000, final_loss = 4.4110, 0.243 seconds/batch
2026-05-06 21:45:37,196 - Epoch 12, Batch 150, lr = 0.00007, aux_scale = 0.500,  rec_loss = 4.3527, hneg_loss = 0.0153, neg_loss = 0.0179, ivc_loss = 0.0332, nll_loss = 4.3527, push_inter = 0.0609, push_intra = 0.2125, pull_loss = 0.0136, aux_loss = 0.0000, final_loss = 4.4019, 0.242 seconds/batch
2026-05-06 21:45:49,100 - Epoch 12, Batch 200, lr = 0.00007, aux_scale = 0.500,  rec_loss = 4.3177, hneg_loss = 0.0138, neg_loss = 0.0185, ivc_loss = 0.0323, nll_loss = 4.3177, push_inter = 0.0608, push_intra = 0.2115, pull_loss = 0.0135, aux_loss = 0.0000, final_loss = 4.3659, 0.241 seconds/batch
2026-05-06 21:46:01,085 - Epoch 12, Batch 250, lr = 0.00007, aux_scale = 0.500,  rec_loss = 4.3386, hneg_loss = 0.0140, neg_loss = 0.0170, ivc_loss = 0.0310, nll_loss = 4.3386, push_inter = 0.0595, push_intra = 0.2138, pull_loss = 0.0144, aux_loss = 0.0000, final_loss = 4.3855, 0.241 seconds/batch
2026-05-06 21:46:12,998 - Epoch 12, Batch 300, lr = 0.00007, aux_scale = 0.500,  rec_loss = 4.3675, hneg_loss = 0.0143, neg_loss = 0.0164, ivc_loss = 0.0306, nll_loss = 4.3675, push_inter = 0.0585, push_intra = 0.2131, pull_loss = 0.0152, aux_loss = 0.0000, final_loss = 4.4139, 0.240 seconds/batch
2026-05-06 21:46:24,868 - Epoch 12, Batch 350, lr = 0.00007, aux_scale = 0.500,  rec_loss = 4.3513, hneg_loss = 0.0141, neg_loss = 0.0176, ivc_loss = 0.0318, nll_loss = 4.3513, push_inter = 0.0590, push_intra = 0.2133, pull_loss = 0.0151, aux_loss = 0.0000, final_loss = 4.3990, 0.240 seconds/batch
2026-05-06 21:46:36,853 - Epoch 12, Batch 400, lr = 0.00007, aux_scale = 0.500,  rec_loss = 4.3570, hneg_loss = 0.0144, neg_loss = 0.0184, ivc_loss = 0.0328, nll_loss = 4.3570, push_inter = 0.0605, push_intra = 0.2112, pull_loss = 0.0152, aux_loss = 0.0000, final_loss = 4.4060, 0.240 seconds/batch
2026-05-06 21:46:48,913 - Epoch 12, Batch 450, lr = 0.00007, aux_scale = 0.500,  rec_loss = 4.3610, hneg_loss = 0.0141, neg_loss = 0.0160, ivc_loss = 0.0301, nll_loss = 4.3610, push_inter = 0.0604, push_intra = 0.2130, pull_loss = 0.0162, aux_loss = 0.0000, final_loss = 4.4075, 0.240 seconds/batch
2026-05-06 21:47:00,889 - Epoch 12, Batch 500, lr = 0.00007, aux_scale = 0.500,  rec_loss = 4.3479, hneg_loss = 0.0128, neg_loss = 0.0150, ivc_loss = 0.0277, nll_loss = 4.3479, push_inter = 0.0593, push_intra = 0.2144, pull_loss = 0.0156, aux_loss = 0.0000, final_loss = 4.3917, 0.240 seconds/batch
2026-05-06 21:47:12,852 - Epoch 12, Batch 550, lr = 0.00007, aux_scale = 0.500,  rec_loss = 4.3699, hneg_loss = 0.0172, neg_loss = 0.0180, ivc_loss = 0.0352, nll_loss = 4.3699, push_inter = 0.0584, push_intra = 0.2161, pull_loss = 0.0146, aux_loss = 0.0000, final_loss = 4.4208, 0.240 seconds/batch
2026-05-06 21:47:24,837 - Epoch 12, Batch 600, lr = 0.00007, aux_scale = 0.500,  rec_loss = 4.3280, hneg_loss = 0.0139, neg_loss = 0.0181, ivc_loss = 0.0320, nll_loss = 4.3280, push_inter = 0.0584, push_intra = 0.2208, pull_loss = 0.0141, aux_loss = 0.0000, final_loss = 4.3756, 0.240 seconds/batch
2026-05-06 21:47:36,771 - Epoch 12, Batch 650, lr = 0.00007, aux_scale = 0.500,  rec_loss = 4.3338, hneg_loss = 0.0155, neg_loss = 0.0176, ivc_loss = 0.0330, nll_loss = 4.3338, push_inter = 0.0595, push_intra = 0.2210, pull_loss = 0.0138, aux_loss = 0.0000, final_loss = 4.3826, 0.240 seconds/batch
2026-05-06 21:47:48,688 - Epoch 12, Batch 700, lr = 0.00007, aux_scale = 0.500,  rec_loss = 4.3753, hneg_loss = 0.0152, neg_loss = 0.0170, ivc_loss = 0.0322, nll_loss = 4.3753, push_inter = 0.0605, push_intra = 0.2209, pull_loss = 0.0131, aux_loss = 0.0000, final_loss = 4.4234, 0.240 seconds/batch
2026-05-06 21:48:00,608 - Epoch 12, Batch 750, lr = 0.00007, aux_scale = 0.500,  rec_loss = 4.3358, hneg_loss = 0.0148, neg_loss = 0.0172, ivc_loss = 0.0320, nll_loss = 4.3358, push_inter = 0.0602, push_intra = 0.2210, pull_loss = 0.0137, aux_loss = 0.0000, final_loss = 4.3837, 0.240 seconds/batch
2026-05-06 21:48:12,519 - Epoch 12, Batch 800, lr = 0.00007, aux_scale = 0.500,  rec_loss = 4.3357, hneg_loss = 0.0136, neg_loss = 0.0155, ivc_loss = 0.0291, nll_loss = 4.3357, push_inter = 0.0605, push_intra = 0.2185, pull_loss = 0.0136, aux_loss = 0.0000, final_loss = 4.3807, 0.240 seconds/batch
2026-05-06 21:48:24,522 - Epoch 12, Batch 850, lr = 0.00007, aux_scale = 0.500,  rec_loss = 4.3753, hneg_loss = 0.0142, neg_loss = 0.0161, ivc_loss = 0.0303, nll_loss = 4.3753, push_inter = 0.0605, push_intra = 0.2153, pull_loss = 0.0136, aux_loss = 0.0000, final_loss = 4.4215, 0.240 seconds/batch
2026-05-06 21:48:36,491 - Epoch 12, Batch 900, lr = 0.00007, aux_scale = 0.500,  rec_loss = 4.3593, hneg_loss = 0.0121, neg_loss = 0.0190, ivc_loss = 0.0311, nll_loss = 4.3593, push_inter = 0.0605, push_intra = 0.2134, pull_loss = 0.0135, aux_loss = 0.0000, final_loss = 4.4063, 0.240 seconds/batch
2026-05-06 21:48:48,452 - Epoch 12, Batch 950, lr = 0.00007, aux_scale = 0.500,  rec_loss = 4.3761, hneg_loss = 0.0120, neg_loss = 0.0172, ivc_loss = 0.0292, nll_loss = 4.3761, push_inter = 0.0609, push_intra = 0.2114, pull_loss = 0.0162, aux_loss = 0.0000, final_loss = 4.4218, 0.240 seconds/batch
2026-05-06 21:49:00,363 - Epoch 12, Batch 1000, lr = 0.00007, aux_scale = 0.500,  rec_loss = 4.3452, hneg_loss = 0.0154, neg_loss = 0.0160, ivc_loss = 0.0313, nll_loss = 4.3452, push_inter = 0.0622, push_intra = 0.2093, pull_loss = 0.0178, aux_loss = 0.0000, final_loss = 4.3936, 0.239 seconds/batch
2026-05-06 21:49:12,302 - Epoch 12, Batch 1050, lr = 0.00007, aux_scale = 0.500,  rec_loss = 4.3612, hneg_loss = 0.0146, neg_loss = 0.0185, ivc_loss = 0.0331, nll_loss = 4.3612, push_inter = 0.0619, push_intra = 0.2087, pull_loss = 0.0176, aux_loss = 0.0000, final_loss = 4.4113, 0.239 seconds/batch
2026-05-06 21:49:24,241 - Epoch 12, Batch 1100, lr = 0.00007, aux_scale = 0.500,  rec_loss = 4.3568, hneg_loss = 0.0137, neg_loss = 0.0167, ivc_loss = 0.0304, nll_loss = 4.3568, push_inter = 0.0608, push_intra = 0.2118, pull_loss = 0.0202, aux_loss = 0.0000, final_loss = 4.4045, 0.239 seconds/batch
2026-05-06 21:49:36,274 - Epoch 12, Batch 1150, lr = 0.00007, aux_scale = 0.500,  rec_loss = 4.3727, hneg_loss = 0.0144, neg_loss = 0.0183, ivc_loss = 0.0327, nll_loss = 4.3727, push_inter = 0.0590, push_intra = 0.2175, pull_loss = 0.0212, aux_loss = 0.0000, final_loss = 4.4225, 0.239 seconds/batch
2026-05-06 21:49:40,948 - Epoch 12, Batch 1170, lr = 0.00007, aux_scale = 0.500,  rec_loss = 4.3657, hneg_loss = 0.0143, neg_loss = 0.0135, ivc_loss = 0.0278, nll_loss = 4.3657, push_inter = 0.0580, push_intra = 0.2189, pull_loss = 0.0206, aux_loss = 0.0000, final_loss = 4.4104, 0.239 seconds/batch
2026-05-06 21:49:41,038 - save model to checkpoints/activitynet_moe_v4/moe_v4/model-12.pt, num_updates 14040.
2026-05-06 21:51:30,255 - | R@1,mIoU 0.2066 | R@1,IoU@0.1 0.5163 | R@1,IoU@0.3 0.3699 | R@1,IoU@0.5 0.1313 | R@1,IoU@0.7 0.0207 | R@1,IoU@0.9 0.0014 | R@5,mIoU 0.3459 | R@5,IoU@0.1 0.7227 | R@5,IoU@0.3 0.4889 | R@5,IoU@0.5 0.3107 | R@5,IoU@0.7 0.1502 | R@5,IoU@0.9 0.0555 |
2026-05-06 21:51:30,255 - ============================================================
2026-05-06 21:51:30,255 - Start Epoch 13
2026-05-06 21:51:42,475 - Epoch 13, Batch 50, lr = 0.00007, aux_scale = 0.500,  rec_loss = 4.3151, hneg_loss = 0.0147, neg_loss = 0.0171, ivc_loss = 0.0318, nll_loss = 4.3151, push_inter = 0.0588, push_intra = 0.2156, pull_loss = 0.0186, aux_loss = 0.0000, final_loss = 4.3635, 0.244 seconds/batch
2026-05-06 21:51:54,373 - Epoch 13, Batch 100, lr = 0.00007, aux_scale = 0.500,  rec_loss = 4.3104, hneg_loss = 0.0135, neg_loss = 0.0156, ivc_loss = 0.0292, nll_loss = 4.3104, push_inter = 0.0602, push_intra = 0.2096, pull_loss = 0.0177, aux_loss = 0.0000, final_loss = 4.3562, 0.241 seconds/batch
2026-05-06 21:52:06,274 - Epoch 13, Batch 150, lr = 0.00007, aux_scale = 0.500,  rec_loss = 4.3112, hneg_loss = 0.0154, neg_loss = 0.0180, ivc_loss = 0.0334, nll_loss = 4.3112, push_inter = 0.0604, push_intra = 0.2073, pull_loss = 0.0202, aux_loss = 0.0000, final_loss = 4.3617, 0.240 seconds/batch
2026-05-06 21:52:18,144 - Epoch 13, Batch 200, lr = 0.00007, aux_scale = 0.500,  rec_loss = 4.2922, hneg_loss = 0.0143, neg_loss = 0.0136, ivc_loss = 0.0279, nll_loss = 4.2922, push_inter = 0.0611, push_intra = 0.2027, pull_loss = 0.0217, aux_loss = 0.0000, final_loss = 4.3376, 0.239 seconds/batch
2026-05-06 21:52:29,991 - Epoch 13, Batch 250, lr = 0.00007, aux_scale = 0.500,  rec_loss = 4.3487, hneg_loss = 0.0127, neg_loss = 0.0188, ivc_loss = 0.0315, nll_loss = 4.3487, push_inter = 0.0630, push_intra = 0.1943, pull_loss = 0.0223, aux_loss = 0.0000, final_loss = 4.3982, 0.239 seconds/batch
2026-05-06 21:52:41,909 - Epoch 13, Batch 300, lr = 0.00007, aux_scale = 0.500,  rec_loss = 4.3481, hneg_loss = 0.0141, neg_loss = 0.0167, ivc_loss = 0.0308, nll_loss = 4.3481, push_inter = 0.0620, push_intra = 0.1957, pull_loss = 0.0231, aux_loss = 0.0000, final_loss = 4.3969, 0.239 seconds/batch
2026-05-06 21:52:53,798 - Epoch 13, Batch 350, lr = 0.00007, aux_scale = 0.500,  rec_loss = 4.2964, hneg_loss = 0.0142, neg_loss = 0.0139, ivc_loss = 0.0282, nll_loss = 4.2964, push_inter = 0.0609, push_intra = 0.1977, pull_loss = 0.0232, aux_loss = 0.0000, final_loss = 4.3424, 0.239 seconds/batch
2026-05-06 21:53:05,737 - Epoch 13, Batch 400, lr = 0.00007, aux_scale = 0.500,  rec_loss = 4.2995, hneg_loss = 0.0146, neg_loss = 0.0169, ivc_loss = 0.0315, nll_loss = 4.2995, push_inter = 0.0608, push_intra = 0.1977, pull_loss = 0.0228, aux_loss = 0.0000, final_loss = 4.3487, 0.239 seconds/batch
2026-05-06 21:53:17,658 - Epoch 13, Batch 450, lr = 0.00007, aux_scale = 0.500,  rec_loss = 4.3095, hneg_loss = 0.0157, neg_loss = 0.0170, ivc_loss = 0.0327, nll_loss = 4.3095, push_inter = 0.0595, push_intra = 0.2010, pull_loss = 0.0224, aux_loss = 0.0000, final_loss = 4.3596, 0.239 seconds/batch
2026-05-06 21:53:29,675 - Epoch 13, Batch 500, lr = 0.00007, aux_scale = 0.500,  rec_loss = 4.3212, hneg_loss = 0.0131, neg_loss = 0.0154, ivc_loss = 0.0284, nll_loss = 4.3212, push_inter = 0.0596, push_intra = 0.2011, pull_loss = 0.0239, aux_loss = 0.0000, final_loss = 4.3673, 0.239 seconds/batch
2026-05-06 21:53:41,554 - Epoch 13, Batch 550, lr = 0.00007, aux_scale = 0.500,  rec_loss = 4.3021, hneg_loss = 0.0151, neg_loss = 0.0162, ivc_loss = 0.0313, nll_loss = 4.3021, push_inter = 0.0604, push_intra = 0.1983, pull_loss = 0.0232, aux_loss = 0.0000, final_loss = 4.3511, 0.239 seconds/batch
2026-05-06 21:53:53,450 - Epoch 13, Batch 600, lr = 0.00007, aux_scale = 0.500,  rec_loss = 4.3051, hneg_loss = 0.0152, neg_loss = 0.0171, ivc_loss = 0.0322, nll_loss = 4.3051, push_inter = 0.0606, push_intra = 0.1971, pull_loss = 0.0234, aux_loss = 0.0000, final_loss = 4.3551, 0.239 seconds/batch
2026-05-06 21:54:05,357 - Epoch 13, Batch 650, lr = 0.00007, aux_scale = 0.500,  rec_loss = 4.3419, hneg_loss = 0.0155, neg_loss = 0.0162, ivc_loss = 0.0317, nll_loss = 4.3419, push_inter = 0.0624, push_intra = 0.1913, pull_loss = 0.0242, aux_loss = 0.0000, final_loss = 4.3919, 0.239 seconds/batch
2026-05-06 21:54:17,328 - Epoch 13, Batch 700, lr = 0.00007, aux_scale = 0.500,  rec_loss = 4.3332, hneg_loss = 0.0150, neg_loss = 0.0174, ivc_loss = 0.0325, nll_loss = 4.3332, push_inter = 0.0642, push_intra = 0.1887, pull_loss = 0.0232, aux_loss = 0.0000, final_loss = 4.3841, 0.239 seconds/batch
2026-05-06 21:54:29,185 - Epoch 13, Batch 750, lr = 0.00007, aux_scale = 0.500,  rec_loss = 4.3032, hneg_loss = 0.0154, neg_loss = 0.0183, ivc_loss = 0.0338, nll_loss = 4.3032, push_inter = 0.0624, push_intra = 0.1924, pull_loss = 0.0230, aux_loss = 0.0000, final_loss = 4.3550, 0.239 seconds/batch
2026-05-06 21:54:41,183 - Epoch 13, Batch 800, lr = 0.00007, aux_scale = 0.500,  rec_loss = 4.3325, hneg_loss = 0.0150, neg_loss = 0.0178, ivc_loss = 0.0329, nll_loss = 4.3325, push_inter = 0.0629, push_intra = 0.1901, pull_loss = 0.0229, aux_loss = 0.0000, final_loss = 4.3835, 0.239 seconds/batch
2026-05-06 21:54:53,090 - Epoch 13, Batch 850, lr = 0.00007, aux_scale = 0.500,  rec_loss = 4.3285, hneg_loss = 0.0144, neg_loss = 0.0167, ivc_loss = 0.0311, nll_loss = 4.3285, push_inter = 0.0620, push_intra = 0.1920, pull_loss = 0.0204, aux_loss = 0.0000, final_loss = 4.3770, 0.239 seconds/batch
2026-05-06 21:55:05,040 - Epoch 13, Batch 900, lr = 0.00007, aux_scale = 0.500,  rec_loss = 4.3524, hneg_loss = 0.0158, neg_loss = 0.0174, ivc_loss = 0.0331, nll_loss = 4.3524, push_inter = 0.0617, push_intra = 0.1925, pull_loss = 0.0195, aux_loss = 0.0000, final_loss = 4.4027, 0.239 seconds/batch
2026-05-06 21:55:17,002 - Epoch 13, Batch 950, lr = 0.00007, aux_scale = 0.500,  rec_loss = 4.3454, hneg_loss = 0.0147, neg_loss = 0.0173, ivc_loss = 0.0320, nll_loss = 4.3454, push_inter = 0.0624, push_intra = 0.1900, pull_loss = 0.0201, aux_loss = 0.0000, final_loss = 4.3948, 0.239 seconds/batch
2026-05-06 21:55:28,916 - Epoch 13, Batch 1000, lr = 0.00007, aux_scale = 0.500,  rec_loss = 4.3310, hneg_loss = 0.0146, neg_loss = 0.0146, ivc_loss = 0.0292, nll_loss = 4.3310, push_inter = 0.0626, push_intra = 0.1927, pull_loss = 0.0219, aux_loss = 0.0000, final_loss = 4.3781, 0.239 seconds/batch
2026-05-06 21:55:40,828 - Epoch 13, Batch 1050, lr = 0.00007, aux_scale = 0.500,  rec_loss = 4.3289, hneg_loss = 0.0121, neg_loss = 0.0173, ivc_loss = 0.0294, nll_loss = 4.3289, push_inter = 0.0623, push_intra = 0.1923, pull_loss = 0.0218, aux_loss = 0.0000, final_loss = 4.3762, 0.239 seconds/batch
2026-05-06 21:55:52,718 - Epoch 13, Batch 1100, lr = 0.00007, aux_scale = 0.500,  rec_loss = 4.3263, hneg_loss = 0.0136, neg_loss = 0.0180, ivc_loss = 0.0316, nll_loss = 4.3263, push_inter = 0.0620, push_intra = 0.1921, pull_loss = 0.0206, aux_loss = 0.0000, final_loss = 4.3754, 0.239 seconds/batch
2026-05-06 21:56:04,645 - Epoch 13, Batch 1150, lr = 0.00006, aux_scale = 0.500,  rec_loss = 4.3135, hneg_loss = 0.0128, neg_loss = 0.0142, ivc_loss = 0.0270, nll_loss = 4.3135, push_inter = 0.0632, push_intra = 0.1900, pull_loss = 0.0206, aux_loss = 0.0000, final_loss = 4.3583, 0.239 seconds/batch
2026-05-06 21:56:09,336 - Epoch 13, Batch 1170, lr = 0.00006, aux_scale = 0.500,  rec_loss = 4.3319, hneg_loss = 0.0109, neg_loss = 0.0175, ivc_loss = 0.0284, nll_loss = 4.3319, push_inter = 0.0642, push_intra = 0.1877, pull_loss = 0.0215, aux_loss = 0.0000, final_loss = 4.3784, 0.239 seconds/batch
2026-05-06 21:56:09,426 - save model to checkpoints/activitynet_moe_v4/moe_v4/model-13.pt, num_updates 15210.
2026-05-06 21:57:58,446 - | R@1,mIoU 0.2154 | R@1,IoU@0.1 0.5220 | R@1,IoU@0.3 0.3744 | R@1,IoU@0.5 0.1498 | R@1,IoU@0.7 0.0274 | R@1,IoU@0.9 0.0015 | R@5,mIoU 0.3318 | R@5,IoU@0.1 0.7044 | R@5,IoU@0.3 0.4652 | R@5,IoU@0.5 0.3108 | R@5,IoU@0.7 0.1417 | R@5,IoU@0.9 0.0456 |
2026-05-06 21:57:58,447 - ============================================================
2026-05-06 21:57:58,447 - Start Epoch 14
2026-05-06 21:58:10,620 - Epoch 14, Batch 50, lr = 0.00006, aux_scale = 0.500,  rec_loss = 4.2911, hneg_loss = 0.0144, neg_loss = 0.0189, ivc_loss = 0.0332, nll_loss = 4.2911, push_inter = 0.0632, push_intra = 0.1883, pull_loss = 0.0234, aux_loss = 0.0000, final_loss = 4.3426, 0.243 seconds/batch
2026-05-06 21:58:22,352 - Epoch 14, Batch 100, lr = 0.00006, aux_scale = 0.500,  rec_loss = 4.2940, hneg_loss = 0.0115, neg_loss = 0.0136, ivc_loss = 0.0251, nll_loss = 4.2940, push_inter = 0.0620, push_intra = 0.1885, pull_loss = 0.0222, aux_loss = 0.0000, final_loss = 4.3369, 0.239 seconds/batch
2026-05-06 21:58:34,294 - Epoch 14, Batch 150, lr = 0.00006, aux_scale = 0.500,  rec_loss = 4.2691, hneg_loss = 0.0139, neg_loss = 0.0148, ivc_loss = 0.0286, nll_loss = 4.2691, push_inter = 0.0624, push_intra = 0.1883, pull_loss = 0.0219, aux_loss = 0.0000, final_loss = 4.3156, 0.239 seconds/batch
2026-05-06 21:58:46,112 - Epoch 14, Batch 200, lr = 0.00006, aux_scale = 0.500,  rec_loss = 4.2770, hneg_loss = 0.0124, neg_loss = 0.0161, ivc_loss = 0.0285, nll_loss = 4.2770, push_inter = 0.0627, push_intra = 0.1869, pull_loss = 0.0209, aux_loss = 0.0000, final_loss = 4.3232, 0.238 seconds/batch
2026-05-06 21:58:57,949 - Epoch 14, Batch 250, lr = 0.00006, aux_scale = 0.500,  rec_loss = 4.2633, hneg_loss = 0.0130, neg_loss = 0.0164, ivc_loss = 0.0294, nll_loss = 4.2633, push_inter = 0.0618, push_intra = 0.1890, pull_loss = 0.0198, aux_loss = 0.0000, final_loss = 4.3100, 0.238 seconds/batch
2026-05-06 21:59:09,937 - Epoch 14, Batch 300, lr = 0.00006, aux_scale = 0.500,  rec_loss = 4.2985, hneg_loss = 0.0135, neg_loss = 0.0165, ivc_loss = 0.0301, nll_loss = 4.2985, push_inter = 0.0596, push_intra = 0.1928, pull_loss = 0.0186, aux_loss = 0.0000, final_loss = 4.3452, 0.238 seconds/batch
2026-05-06 21:59:22,071 - Epoch 14, Batch 350, lr = 0.00006, aux_scale = 0.500,  rec_loss = 4.2610, hneg_loss = 0.0146, neg_loss = 0.0167, ivc_loss = 0.0313, nll_loss = 4.2610, push_inter = 0.0598, push_intra = 0.1904, pull_loss = 0.0204, aux_loss = 0.0000, final_loss = 4.3093, 0.239 seconds/batch
2026-05-06 21:59:34,175 - Epoch 14, Batch 400, lr = 0.00006, aux_scale = 0.500,  rec_loss = 4.2888, hneg_loss = 0.0149, neg_loss = 0.0153, ivc_loss = 0.0302, nll_loss = 4.2888, push_inter = 0.0602, push_intra = 0.1892, pull_loss = 0.0196, aux_loss = 0.0000, final_loss = 4.3359, 0.239 seconds/batch
2026-05-06 21:59:46,172 - Epoch 14, Batch 450, lr = 0.00006, aux_scale = 0.500,  rec_loss = 4.3006, hneg_loss = 0.0133, neg_loss = 0.0148, ivc_loss = 0.0281, nll_loss = 4.3006, push_inter = 0.0593, push_intra = 0.1949, pull_loss = 0.0164, aux_loss = 0.0000, final_loss = 4.3448, 0.239 seconds/batch
2026-05-06 21:59:58,044 - Epoch 14, Batch 500, lr = 0.00006, aux_scale = 0.500,  rec_loss = 4.3136, hneg_loss = 0.0147, neg_loss = 0.0151, ivc_loss = 0.0298, nll_loss = 4.3136, push_inter = 0.0597, push_intra = 0.1960, pull_loss = 0.0174, aux_loss = 0.0000, final_loss = 4.3599, 0.239 seconds/batch
2026-05-06 22:00:09,972 - Epoch 14, Batch 550, lr = 0.00006, aux_scale = 0.500,  rec_loss = 4.3094, hneg_loss = 0.0144, neg_loss = 0.0143, ivc_loss = 0.0287, nll_loss = 4.3094, push_inter = 0.0591, push_intra = 0.1976, pull_loss = 0.0160, aux_loss = 0.0000, final_loss = 4.3542, 0.239 seconds/batch
2026-05-06 22:00:21,944 - Epoch 14, Batch 600, lr = 0.00006, aux_scale = 0.500,  rec_loss = 4.2867, hneg_loss = 0.0136, neg_loss = 0.0154, ivc_loss = 0.0290, nll_loss = 4.2867, push_inter = 0.0587, push_intra = 0.1989, pull_loss = 0.0151, aux_loss = 0.0000, final_loss = 4.3315, 0.239 seconds/batch
2026-05-06 22:00:33,843 - Epoch 14, Batch 650, lr = 0.00006, aux_scale = 0.500,  rec_loss = 4.2601, hneg_loss = 0.0157, neg_loss = 0.0163, ivc_loss = 0.0320, nll_loss = 4.2601, push_inter = 0.0594, push_intra = 0.1968, pull_loss = 0.0162, aux_loss = 0.0000, final_loss = 4.3082, 0.239 seconds/batch
2026-05-06 22:00:45,750 - Epoch 14, Batch 700, lr = 0.00006, aux_scale = 0.500,  rec_loss = 4.3319, hneg_loss = 0.0144, neg_loss = 0.0164, ivc_loss = 0.0308, nll_loss = 4.3319, push_inter = 0.0600, push_intra = 0.1952, pull_loss = 0.0185, aux_loss = 0.0000, final_loss = 4.3793, 0.239 seconds/batch
2026-05-06 22:00:57,671 - Epoch 14, Batch 750, lr = 0.00006, aux_scale = 0.500,  rec_loss = 4.2667, hneg_loss = 0.0144, neg_loss = 0.0158, ivc_loss = 0.0302, nll_loss = 4.2667, push_inter = 0.0607, push_intra = 0.1941, pull_loss = 0.0192, aux_loss = 0.0000, final_loss = 4.3139, 0.239 seconds/batch
2026-05-06 22:01:09,557 - Epoch 14, Batch 800, lr = 0.00006, aux_scale = 0.500,  rec_loss = 4.2716, hneg_loss = 0.0156, neg_loss = 0.0162, ivc_loss = 0.0317, nll_loss = 4.2716, push_inter = 0.0620, push_intra = 0.1888, pull_loss = 0.0171, aux_loss = 0.0000, final_loss = 4.3201, 0.239 seconds/batch
2026-05-06 22:01:21,531 - Epoch 14, Batch 850, lr = 0.00006, aux_scale = 0.500,  rec_loss = 4.3129, hneg_loss = 0.0127, neg_loss = 0.0138, ivc_loss = 0.0266, nll_loss = 4.3129, push_inter = 0.0628, push_intra = 0.1884, pull_loss = 0.0155, aux_loss = 0.0000, final_loss = 4.3560, 0.239 seconds/batch
2026-05-06 22:01:33,471 - Epoch 14, Batch 900, lr = 0.00006, aux_scale = 0.500,  rec_loss = 4.2869, hneg_loss = 0.0157, neg_loss = 0.0167, ivc_loss = 0.0324, nll_loss = 4.2869, push_inter = 0.0622, push_intra = 0.1907, pull_loss = 0.0164, aux_loss = 0.0000, final_loss = 4.3359, 0.239 seconds/batch
2026-05-06 22:01:45,417 - Epoch 14, Batch 950, lr = 0.00006, aux_scale = 0.500,  rec_loss = 4.3007, hneg_loss = 0.0148, neg_loss = 0.0165, ivc_loss = 0.0313, nll_loss = 4.3007, push_inter = 0.0618, push_intra = 0.1937, pull_loss = 0.0144, aux_loss = 0.0000, final_loss = 4.3482, 0.239 seconds/batch
2026-05-06 22:01:57,442 - Epoch 14, Batch 1000, lr = 0.00006, aux_scale = 0.500,  rec_loss = 4.2837, hneg_loss = 0.0132, neg_loss = 0.0148, ivc_loss = 0.0280, nll_loss = 4.2837, push_inter = 0.0603, push_intra = 0.1972, pull_loss = 0.0146, aux_loss = 0.0000, final_loss = 4.3276, 0.239 seconds/batch
2026-05-06 22:02:09,315 - Epoch 14, Batch 1050, lr = 0.00006, aux_scale = 0.500,  rec_loss = 4.3053, hneg_loss = 0.0134, neg_loss = 0.0149, ivc_loss = 0.0283, nll_loss = 4.3053, push_inter = 0.0602, push_intra = 0.1974, pull_loss = 0.0149, aux_loss = 0.0000, final_loss = 4.3496, 0.239 seconds/batch
2026-05-06 22:02:21,214 - Epoch 14, Batch 1100, lr = 0.00006, aux_scale = 0.500,  rec_loss = 4.3034, hneg_loss = 0.0155, neg_loss = 0.0154, ivc_loss = 0.0309, nll_loss = 4.3034, push_inter = 0.0610, push_intra = 0.1943, pull_loss = 0.0137, aux_loss = 0.0000, final_loss = 4.3502, 0.239 seconds/batch
2026-05-06 22:02:33,149 - Epoch 14, Batch 1150, lr = 0.00006, aux_scale = 0.500,  rec_loss = 4.3064, hneg_loss = 0.0148, neg_loss = 0.0166, ivc_loss = 0.0314, nll_loss = 4.3064, push_inter = 0.0606, push_intra = 0.1967, pull_loss = 0.0142, aux_loss = 0.0000, final_loss = 4.3537, 0.239 seconds/batch
2026-05-06 22:02:37,853 - Epoch 14, Batch 1170, lr = 0.00006, aux_scale = 0.500,  rec_loss = 4.3109, hneg_loss = 0.0139, neg_loss = 0.0119, ivc_loss = 0.0259, nll_loss = 4.3109, push_inter = 0.0604, push_intra = 0.1987, pull_loss = 0.0134, aux_loss = 0.0000, final_loss = 4.3525, 0.239 seconds/batch
2026-05-06 22:02:37,970 - save model to checkpoints/activitynet_moe_v4/moe_v4/model-14.pt, num_updates 16380.
2026-05-06 22:04:26,339 - | R@1,mIoU 0.2167 | R@1,IoU@0.1 0.5246 | R@1,IoU@0.3 0.3756 | R@1,IoU@0.5 0.1508 | R@1,IoU@0.7 0.0278 | R@1,IoU@0.9 0.0015 | R@5,mIoU 0.3359 | R@5,IoU@0.1 0.7094 | R@5,IoU@0.3 0.4788 | R@5,IoU@0.5 0.3061 | R@5,IoU@0.7 0.1363 | R@5,IoU@0.9 0.0493 |
2026-05-06 22:04:26,339 - ============================================================
2026-05-06 22:04:26,339 - Start Epoch 15
2026-05-06 22:04:38,635 - Epoch 15, Batch 50, lr = 0.00006, aux_scale = 0.500,  rec_loss = 4.2811, hneg_loss = 0.0127, neg_loss = 0.0119, ivc_loss = 0.0246, nll_loss = 4.2811, push_inter = 0.0587, push_intra = 0.2034, pull_loss = 0.0143, aux_loss = 0.0000, final_loss = 4.3213, 0.246 seconds/batch
2026-05-06 22:04:50,447 - Epoch 15, Batch 100, lr = 0.00006, aux_scale = 0.500,  rec_loss = 4.2080, hneg_loss = 0.0151, neg_loss = 0.0177, ivc_loss = 0.0329, nll_loss = 4.2080, push_inter = 0.0577, push_intra = 0.2074, pull_loss = 0.0133, aux_loss = 0.0000, final_loss = 4.2561, 0.241 seconds/batch
2026-05-06 22:05:02,359 - Epoch 15, Batch 150, lr = 0.00006, aux_scale = 0.500,  rec_loss = 4.2451, hneg_loss = 0.0137, neg_loss = 0.0140, ivc_loss = 0.0277, nll_loss = 4.2451, push_inter = 0.0590, push_intra = 0.2030, pull_loss = 0.0132, aux_loss = 0.0000, final_loss = 4.2883, 0.240 seconds/batch
2026-05-06 22:05:14,307 - Epoch 15, Batch 200, lr = 0.00006, aux_scale = 0.500,  rec_loss = 4.2467, hneg_loss = 0.0127, neg_loss = 0.0156, ivc_loss = 0.0283, nll_loss = 4.2467, push_inter = 0.0585, push_intra = 0.2025, pull_loss = 0.0140, aux_loss = 0.0000, final_loss = 4.2905, 0.240 seconds/batch
2026-05-06 22:05:26,266 - Epoch 15, Batch 250, lr = 0.00006, aux_scale = 0.500,  rec_loss = 4.3012, hneg_loss = 0.0125, neg_loss = 0.0151, ivc_loss = 0.0276, nll_loss = 4.3012, push_inter = 0.0584, push_intra = 0.2005, pull_loss = 0.0142, aux_loss = 0.0000, final_loss = 4.3443, 0.240 seconds/batch
2026-05-06 22:05:38,127 - Epoch 15, Batch 300, lr = 0.00006, aux_scale = 0.500,  rec_loss = 4.2653, hneg_loss = 0.0138, neg_loss = 0.0151, ivc_loss = 0.0289, nll_loss = 4.2653, push_inter = 0.0605, push_intra = 0.1948, pull_loss = 0.0137, aux_loss = 0.0000, final_loss = 4.3100, 0.239 seconds/batch
2026-05-06 22:05:49,990 - Epoch 15, Batch 350, lr = 0.00006, aux_scale = 0.500,  rec_loss = 4.3031, hneg_loss = 0.0128, neg_loss = 0.0150, ivc_loss = 0.0278, nll_loss = 4.3031, push_inter = 0.0609, push_intra = 0.1938, pull_loss = 0.0143, aux_loss = 0.0000, final_loss = 4.3468, 0.239 seconds/batch
2026-05-06 22:06:01,834 - Epoch 15, Batch 400, lr = 0.00006, aux_scale = 0.500,  rec_loss = 4.2613, hneg_loss = 0.0113, neg_loss = 0.0156, ivc_loss = 0.0269, nll_loss = 4.2613, push_inter = 0.0606, push_intra = 0.1929, pull_loss = 0.0135, aux_loss = 0.0000, final_loss = 4.3040, 0.239 seconds/batch
2026-05-06 22:06:13,759 - Epoch 15, Batch 450, lr = 0.00006, aux_scale = 0.500,  rec_loss = 4.2666, hneg_loss = 0.0148, neg_loss = 0.0156, ivc_loss = 0.0304, nll_loss = 4.2666, push_inter = 0.0608, push_intra = 0.1937, pull_loss = 0.0135, aux_loss = 0.0000, final_loss = 4.3128, 0.239 seconds/batch
2026-05-06 22:06:25,738 - Epoch 15, Batch 500, lr = 0.00006, aux_scale = 0.500,  rec_loss = 4.2733, hneg_loss = 0.0159, neg_loss = 0.0182, ivc_loss = 0.0342, nll_loss = 4.2733, push_inter = 0.0608, push_intra = 0.1967, pull_loss = 0.0137, aux_loss = 0.0000, final_loss = 4.3234, 0.239 seconds/batch
2026-05-06 22:06:37,794 - Epoch 15, Batch 550, lr = 0.00006, aux_scale = 0.500,  rec_loss = 4.2643, hneg_loss = 0.0156, neg_loss = 0.0162, ivc_loss = 0.0319, nll_loss = 4.2643, push_inter = 0.0612, push_intra = 0.1972, pull_loss = 0.0131, aux_loss = 0.0000, final_loss = 4.3121, 0.239 seconds/batch
2026-05-06 22:06:49,986 - Epoch 15, Batch 600, lr = 0.00006, aux_scale = 0.500,  rec_loss = 4.2515, hneg_loss = 0.0126, neg_loss = 0.0149, ivc_loss = 0.0275, nll_loss = 4.2515, push_inter = 0.0593, push_intra = 0.2036, pull_loss = 0.0131, aux_loss = 0.0000, final_loss = 4.2945, 0.239 seconds/batch
2026-05-06 22:07:01,923 - Epoch 15, Batch 650, lr = 0.00006, aux_scale = 0.500,  rec_loss = 4.2674, hneg_loss = 0.0134, neg_loss = 0.0139, ivc_loss = 0.0273, nll_loss = 4.2674, push_inter = 0.0584, push_intra = 0.2054, pull_loss = 0.0135, aux_loss = 0.0000, final_loss = 4.3101, 0.239 seconds/batch
2026-05-06 22:07:13,959 - Epoch 15, Batch 700, lr = 0.00006, aux_scale = 0.500,  rec_loss = 4.2283, hneg_loss = 0.0147, neg_loss = 0.0149, ivc_loss = 0.0296, nll_loss = 4.2283, push_inter = 0.0579, push_intra = 0.2098, pull_loss = 0.0130, aux_loss = 0.0000, final_loss = 4.2731, 0.239 seconds/batch
2026-05-06 22:07:25,839 - Epoch 15, Batch 750, lr = 0.00006, aux_scale = 0.500,  rec_loss = 4.2716, hneg_loss = 0.0131, neg_loss = 0.0175, ivc_loss = 0.0307, nll_loss = 4.2716, push_inter = 0.0580, push_intra = 0.2118, pull_loss = 0.0130, aux_loss = 0.0000, final_loss = 4.3175, 0.239 seconds/batch
2026-05-06 22:07:37,753 - Epoch 15, Batch 800, lr = 0.00006, aux_scale = 0.500,  rec_loss = 4.3326, hneg_loss = 0.0120, neg_loss = 0.0137, ivc_loss = 0.0257, nll_loss = 4.3326, push_inter = 0.0580, push_intra = 0.2112, pull_loss = 0.0136, aux_loss = 0.0000, final_loss = 4.3737, 0.239 seconds/batch
2026-05-06 22:07:49,668 - Epoch 15, Batch 850, lr = 0.00006, aux_scale = 0.500,  rec_loss = 4.2500, hneg_loss = 0.0139, neg_loss = 0.0133, ivc_loss = 0.0273, nll_loss = 4.2500, push_inter = 0.0575, push_intra = 0.2104, pull_loss = 0.0152, aux_loss = 0.0000, final_loss = 4.2929, 0.239 seconds/batch
2026-05-06 22:08:01,507 - Epoch 15, Batch 900, lr = 0.00006, aux_scale = 0.500,  rec_loss = 4.2675, hneg_loss = 0.0142, neg_loss = 0.0152, ivc_loss = 0.0294, nll_loss = 4.2675, push_inter = 0.0576, push_intra = 0.2077, pull_loss = 0.0141, aux_loss = 0.0000, final_loss = 4.3123, 0.239 seconds/batch
2026-05-06 22:08:13,393 - Epoch 15, Batch 950, lr = 0.00006, aux_scale = 0.500,  rec_loss = 4.2892, hneg_loss = 0.0150, neg_loss = 0.0142, ivc_loss = 0.0292, nll_loss = 4.2892, push_inter = 0.0584, push_intra = 0.2068, pull_loss = 0.0133, aux_loss = 0.0000, final_loss = 4.3339, 0.239 seconds/batch
2026-05-06 22:08:25,257 - Epoch 15, Batch 1000, lr = 0.00006, aux_scale = 0.500,  rec_loss = 4.2833, hneg_loss = 0.0137, neg_loss = 0.0168, ivc_loss = 0.0305, nll_loss = 4.2833, push_inter = 0.0583, push_intra = 0.2074, pull_loss = 0.0130, aux_loss = 0.0000, final_loss = 4.3291, 0.239 seconds/batch
2026-05-06 22:08:37,151 - Epoch 15, Batch 1050, lr = 0.00006, aux_scale = 0.500,  rec_loss = 4.2516, hneg_loss = 0.0156, neg_loss = 0.0167, ivc_loss = 0.0323, nll_loss = 4.2516, push_inter = 0.0589, push_intra = 0.2054, pull_loss = 0.0123, aux_loss = 0.0000, final_loss = 4.2992, 0.239 seconds/batch
2026-05-06 22:08:49,097 - Epoch 15, Batch 1100, lr = 0.00006, aux_scale = 0.500,  rec_loss = 4.2682, hneg_loss = 0.0140, neg_loss = 0.0171, ivc_loss = 0.0311, nll_loss = 4.2682, push_inter = 0.0603, push_intra = 0.2036, pull_loss = 0.0116, aux_loss = 0.0000, final_loss = 4.3147, 0.239 seconds/batch
2026-05-06 22:09:01,021 - Epoch 15, Batch 1150, lr = 0.00006, aux_scale = 0.500,  rec_loss = 4.2786, hneg_loss = 0.0161, neg_loss = 0.0184, ivc_loss = 0.0344, nll_loss = 4.2786, push_inter = 0.0589, push_intra = 0.2047, pull_loss = 0.0125, aux_loss = 0.0000, final_loss = 4.3283, 0.239 seconds/batch
2026-05-06 22:09:05,781 - Epoch 15, Batch 1170, lr = 0.00006, aux_scale = 0.500,  rec_loss = 4.2547, hneg_loss = 0.0132, neg_loss = 0.0198, ivc_loss = 0.0331, nll_loss = 4.2547, push_inter = 0.0593, push_intra = 0.2034, pull_loss = 0.0127, aux_loss = 0.0001, final_loss = 4.3033, 0.239 seconds/batch
2026-05-06 22:09:05,877 - save model to checkpoints/activitynet_moe_v4/moe_v4/model-15.pt, num_updates 17550.
2026-05-06 22:10:55,702 - | R@1,mIoU 0.2207 | R@1,IoU@0.1 0.5279 | R@1,IoU@0.3 0.3774 | R@1,IoU@0.5 0.1584 | R@1,IoU@0.7 0.0321 | R@1,IoU@0.9 0.0015 | R@5,mIoU 0.3512 | R@5,IoU@0.1 0.7259 | R@5,IoU@0.3 0.5024 | R@5,IoU@0.5 0.3145 | R@5,IoU@0.7 0.1510 | R@5,IoU@0.9 0.0569 |
2026-05-06 22:10:55,805 - Best results have been updated.
2026-05-06 22:10:55,805 - ============================================================
2026-05-06 22:10:55,805 - Start Epoch 16
2026-05-06 22:11:07,962 - Epoch 16, Batch 50, lr = 0.00006, aux_scale = 1.000,  rec_loss = 4.2271, hneg_loss = 0.0147, neg_loss = 0.0150, ivc_loss = 0.0297, nll_loss = 4.2271, push_inter = 0.0596, push_intra = 0.2017, pull_loss = 0.0118, aux_loss = 0.0000, final_loss = 4.2722, 0.243 seconds/batch
2026-05-06 22:11:19,758 - Epoch 16, Batch 100, lr = 0.00006, aux_scale = 1.000,  rec_loss = 4.2335, hneg_loss = 0.0144, neg_loss = 0.0161, ivc_loss = 0.0306, nll_loss = 4.2335, push_inter = 0.0611, push_intra = 0.1999, pull_loss = 0.0114, aux_loss = 0.0000, final_loss = 4.2796, 0.240 seconds/batch
2026-05-06 22:11:31,667 - Epoch 16, Batch 150, lr = 0.00006, aux_scale = 1.000,  rec_loss = 4.2483, hneg_loss = 0.0154, neg_loss = 0.0148, ivc_loss = 0.0302, nll_loss = 4.2483, push_inter = 0.0618, push_intra = 0.1983, pull_loss = 0.0107, aux_loss = 0.0000, final_loss = 4.2941, 0.239 seconds/batch
2026-05-06 22:11:43,546 - Epoch 16, Batch 200, lr = 0.00006, aux_scale = 1.000,  rec_loss = 4.2083, hneg_loss = 0.0152, neg_loss = 0.0159, ivc_loss = 0.0311, nll_loss = 4.2083, push_inter = 0.0621, push_intra = 0.1980, pull_loss = 0.0115, aux_loss = 0.0000, final_loss = 4.2551, 0.239 seconds/batch
2026-05-06 22:11:55,487 - Epoch 16, Batch 250, lr = 0.00006, aux_scale = 1.000,  rec_loss = 4.2350, hneg_loss = 0.0144, neg_loss = 0.0149, ivc_loss = 0.0293, nll_loss = 4.2350, push_inter = 0.0618, push_intra = 0.1957, pull_loss = 0.0130, aux_loss = 0.0000, final_loss = 4.2803, 0.239 seconds/batch
2026-05-06 22:12:07,328 - Epoch 16, Batch 300, lr = 0.00006, aux_scale = 1.000,  rec_loss = 4.2182, hneg_loss = 0.0138, neg_loss = 0.0153, ivc_loss = 0.0291, nll_loss = 4.2182, push_inter = 0.0624, push_intra = 0.1966, pull_loss = 0.0119, aux_loss = 0.0000, final_loss = 4.2632, 0.238 seconds/batch
2026-05-06 22:12:19,212 - Epoch 16, Batch 350, lr = 0.00006, aux_scale = 1.000,  rec_loss = 4.2300, hneg_loss = 0.0145, neg_loss = 0.0135, ivc_loss = 0.0280, nll_loss = 4.2300, push_inter = 0.0631, push_intra = 0.1978, pull_loss = 0.0115, aux_loss = 0.0000, final_loss = 4.2739, 0.238 seconds/batch
2026-05-06 22:12:31,058 - Epoch 16, Batch 400, lr = 0.00006, aux_scale = 1.000,  rec_loss = 4.2310, hneg_loss = 0.0135, neg_loss = 0.0139, ivc_loss = 0.0274, nll_loss = 4.2310, push_inter = 0.0634, push_intra = 0.1979, pull_loss = 0.0122, aux_loss = 0.0000, final_loss = 4.2745, 0.238 seconds/batch
2026-05-06 22:12:42,972 - Epoch 16, Batch 450, lr = 0.00006, aux_scale = 1.000,  rec_loss = 4.2570, hneg_loss = 0.0146, neg_loss = 0.0150, ivc_loss = 0.0296, nll_loss = 4.2570, push_inter = 0.0626, push_intra = 0.1993, pull_loss = 0.0121, aux_loss = 0.0000, final_loss = 4.3026, 0.238 seconds/batch
2026-05-06 22:12:54,819 - Epoch 16, Batch 500, lr = 0.00006, aux_scale = 1.000,  rec_loss = 4.2637, hneg_loss = 0.0133, neg_loss = 0.0157, ivc_loss = 0.0290, nll_loss = 4.2637, push_inter = 0.0632, push_intra = 0.1976, pull_loss = 0.0111, aux_loss = 0.0000, final_loss = 4.3085, 0.238 seconds/batch
2026-05-06 22:13:06,684 - Epoch 16, Batch 550, lr = 0.00006, aux_scale = 1.000,  rec_loss = 4.2274, hneg_loss = 0.0126, neg_loss = 0.0157, ivc_loss = 0.0283, nll_loss = 4.2274, push_inter = 0.0626, push_intra = 0.1965, pull_loss = 0.0117, aux_loss = 0.0000, final_loss = 4.2716, 0.238 seconds/batch
2026-05-06 22:13:18,554 - Epoch 16, Batch 600, lr = 0.00006, aux_scale = 1.000,  rec_loss = 4.2414, hneg_loss = 0.0119, neg_loss = 0.0135, ivc_loss = 0.0253, nll_loss = 4.2414, push_inter = 0.0644, push_intra = 0.1929, pull_loss = 0.0116, aux_loss = 0.0000, final_loss = 4.2829, 0.238 seconds/batch
2026-05-06 22:13:30,506 - Epoch 16, Batch 650, lr = 0.00006, aux_scale = 1.000,  rec_loss = 4.2406, hneg_loss = 0.0138, neg_loss = 0.0162, ivc_loss = 0.0300, nll_loss = 4.2406, push_inter = 0.0648, push_intra = 0.1925, pull_loss = 0.0121, aux_loss = 0.0000, final_loss = 4.2869, 0.238 seconds/batch
2026-05-06 22:13:42,427 - Epoch 16, Batch 700, lr = 0.00006, aux_scale = 1.000,  rec_loss = 4.2437, hneg_loss = 0.0138, neg_loss = 0.0149, ivc_loss = 0.0288, nll_loss = 4.2437, push_inter = 0.0651, push_intra = 0.1911, pull_loss = 0.0128, aux_loss = 0.0000, final_loss = 4.2889, 0.238 seconds/batch
2026-05-06 22:13:54,336 - Epoch 16, Batch 750, lr = 0.00006, aux_scale = 1.000,  rec_loss = 4.2680, hneg_loss = 0.0124, neg_loss = 0.0145, ivc_loss = 0.0269, nll_loss = 4.2680, push_inter = 0.0653, push_intra = 0.1917, pull_loss = 0.0131, aux_loss = 0.0000, final_loss = 4.3116, 0.238 seconds/batch
2026-05-06 22:14:06,264 - Epoch 16, Batch 800, lr = 0.00006, aux_scale = 1.000,  rec_loss = 4.2561, hneg_loss = 0.0155, neg_loss = 0.0157, ivc_loss = 0.0312, nll_loss = 4.2561, push_inter = 0.0653, push_intra = 0.1920, pull_loss = 0.0141, aux_loss = 0.0000, final_loss = 4.3042, 0.238 seconds/batch
2026-05-06 22:14:18,152 - Epoch 16, Batch 850, lr = 0.00006, aux_scale = 1.000,  rec_loss = 4.2396, hneg_loss = 0.0137, neg_loss = 0.0158, ivc_loss = 0.0294, nll_loss = 4.2396, push_inter = 0.0652, push_intra = 0.1915, pull_loss = 0.0149, aux_loss = 0.0000, final_loss = 4.2860, 0.238 seconds/batch
2026-05-06 22:14:30,048 - Epoch 16, Batch 900, lr = 0.00006, aux_scale = 1.000,  rec_loss = 4.2652, hneg_loss = 0.0136, neg_loss = 0.0126, ivc_loss = 0.0262, nll_loss = 4.2652, push_inter = 0.0654, push_intra = 0.1918, pull_loss = 0.0156, aux_loss = 0.0000, final_loss = 4.3086, 0.238 seconds/batch
2026-05-06 22:14:41,946 - Epoch 16, Batch 950, lr = 0.00006, aux_scale = 1.000,  rec_loss = 4.2478, hneg_loss = 0.0164, neg_loss = 0.0145, ivc_loss = 0.0309, nll_loss = 4.2478, push_inter = 0.0659, push_intra = 0.1895, pull_loss = 0.0145, aux_loss = 0.0000, final_loss = 4.2958, 0.238 seconds/batch
2026-05-06 22:14:53,841 - Epoch 16, Batch 1000, lr = 0.00006, aux_scale = 1.000,  rec_loss = 4.2517, hneg_loss = 0.0122, neg_loss = 0.0154, ivc_loss = 0.0277, nll_loss = 4.2517, push_inter = 0.0660, push_intra = 0.1888, pull_loss = 0.0147, aux_loss = 0.0000, final_loss = 4.2964, 0.238 seconds/batch
2026-05-06 22:15:05,785 - Epoch 16, Batch 1050, lr = 0.00006, aux_scale = 1.000,  rec_loss = 4.2745, hneg_loss = 0.0137, neg_loss = 0.0160, ivc_loss = 0.0297, nll_loss = 4.2745, push_inter = 0.0658, push_intra = 0.1899, pull_loss = 0.0142, aux_loss = 0.0000, final_loss = 4.3211, 0.238 seconds/batch
2026-05-06 22:15:17,749 - Epoch 16, Batch 1100, lr = 0.00006, aux_scale = 1.000,  rec_loss = 4.2370, hneg_loss = 0.0135, neg_loss = 0.0168, ivc_loss = 0.0302, nll_loss = 4.2370, push_inter = 0.0663, push_intra = 0.1909, pull_loss = 0.0150, aux_loss = 0.0000, final_loss = 4.2845, 0.238 seconds/batch
2026-05-06 22:15:29,706 - Epoch 16, Batch 1150, lr = 0.00006, aux_scale = 1.000,  rec_loss = 4.2385, hneg_loss = 0.0143, neg_loss = 0.0162, ivc_loss = 0.0305, nll_loss = 4.2385, push_inter = 0.0665, push_intra = 0.1885, pull_loss = 0.0152, aux_loss = 0.0000, final_loss = 4.2863, 0.238 seconds/batch
2026-05-06 22:15:34,442 - Epoch 16, Batch 1170, lr = 0.00006, aux_scale = 1.000,  rec_loss = 4.1835, hneg_loss = 0.0142, neg_loss = 0.0141, ivc_loss = 0.0283, nll_loss = 4.1835, push_inter = 0.0664, push_intra = 0.1884, pull_loss = 0.0141, aux_loss = 0.0000, final_loss = 4.2289, 0.238 seconds/batch
2026-05-06 22:15:34,533 - save model to checkpoints/activitynet_moe_v4/moe_v4/model-16.pt, num_updates 18720.
2026-05-06 22:17:23,283 - | R@1,mIoU 0.2255 | R@1,IoU@0.1 0.5360 | R@1,IoU@0.3 0.3848 | R@1,IoU@0.5 0.1612 | R@1,IoU@0.7 0.0281 | R@1,IoU@0.9 0.0016 | R@5,mIoU 0.3471 | R@5,IoU@0.1 0.7254 | R@5,IoU@0.3 0.4970 | R@5,IoU@0.5 0.3101 | R@5,IoU@0.7 0.1445 | R@5,IoU@0.9 0.0564 |
2026-05-06 22:17:23,390 - Best results have been updated.
2026-05-06 22:17:23,390 - ============================================================
2026-05-06 22:17:23,391 - Start Epoch 17
2026-05-06 22:17:35,540 - Epoch 17, Batch 50, lr = 0.00006, aux_scale = 1.000,  rec_loss = 4.2004, hneg_loss = 0.0114, neg_loss = 0.0140, ivc_loss = 0.0255, nll_loss = 4.2004, push_inter = 0.0668, push_intra = 0.1873, pull_loss = 0.0132, aux_loss = 0.0000, final_loss = 4.2429, 0.243 seconds/batch
2026-05-06 22:17:47,499 - Epoch 17, Batch 100, lr = 0.00006, aux_scale = 1.000,  rec_loss = 4.1999, hneg_loss = 0.0133, neg_loss = 0.0154, ivc_loss = 0.0287, nll_loss = 4.1999, push_inter = 0.0659, push_intra = 0.1893, pull_loss = 0.0132, aux_loss = 0.0000, final_loss = 4.2454, 0.241 seconds/batch
2026-05-06 22:17:59,498 - Epoch 17, Batch 150, lr = 0.00006, aux_scale = 1.000,  rec_loss = 4.2087, hneg_loss = 0.0150, neg_loss = 0.0173, ivc_loss = 0.0323, nll_loss = 4.2087, push_inter = 0.0662, push_intra = 0.1887, pull_loss = 0.0131, aux_loss = 0.0000, final_loss = 4.2578, 0.241 seconds/batch
2026-05-06 22:18:11,380 - Epoch 17, Batch 200, lr = 0.00006, aux_scale = 1.000,  rec_loss = 4.2040, hneg_loss = 0.0146, neg_loss = 0.0171, ivc_loss = 0.0317, nll_loss = 4.2040, push_inter = 0.0668, push_intra = 0.1867, pull_loss = 0.0134, aux_loss = 0.0000, final_loss = 4.2528, 0.240 seconds/batch
2026-05-06 22:18:23,282 - Epoch 17, Batch 250, lr = 0.00006, aux_scale = 1.000,  rec_loss = 4.2059, hneg_loss = 0.0141, neg_loss = 0.0175, ivc_loss = 0.0316, nll_loss = 4.2059, push_inter = 0.0677, push_intra = 0.1846, pull_loss = 0.0134, aux_loss = 0.0000, final_loss = 4.2546, 0.240 seconds/batch
2026-05-06 22:18:35,130 - Epoch 17, Batch 300, lr = 0.00006, aux_scale = 1.000,  rec_loss = 4.2183, hneg_loss = 0.0139, neg_loss = 0.0162, ivc_loss = 0.0301, nll_loss = 4.2183, push_inter = 0.0669, push_intra = 0.1865, pull_loss = 0.0143, aux_loss = 0.0000, final_loss = 4.2655, 0.239 seconds/batch
2026-05-06 22:18:47,003 - Epoch 17, Batch 350, lr = 0.00006, aux_scale = 1.000,  rec_loss = 4.2393, hneg_loss = 0.0133, neg_loss = 0.0145, ivc_loss = 0.0278, nll_loss = 4.2393, push_inter = 0.0657, push_intra = 0.1886, pull_loss = 0.0154, aux_loss = 0.0000, final_loss = 4.2842, 0.239 seconds/batch
2026-05-06 22:18:58,918 - Epoch 17, Batch 400, lr = 0.00006, aux_scale = 1.000,  rec_loss = 4.2261, hneg_loss = 0.0146, neg_loss = 0.0157, ivc_loss = 0.0303, nll_loss = 4.2261, push_inter = 0.0660, push_intra = 0.1885, pull_loss = 0.0157, aux_loss = 0.0000, final_loss = 4.2737, 0.239 seconds/batch
2026-05-06 22:19:10,896 - Epoch 17, Batch 450, lr = 0.00006, aux_scale = 1.000,  rec_loss = 4.2030, hneg_loss = 0.0132, neg_loss = 0.0146, ivc_loss = 0.0278, nll_loss = 4.2030, push_inter = 0.0664, push_intra = 0.1870, pull_loss = 0.0157, aux_loss = 0.0000, final_loss = 4.2481, 0.239 seconds/batch
2026-05-06 22:19:22,840 - Epoch 17, Batch 500, lr = 0.00006, aux_scale = 1.000,  rec_loss = 4.1895, hneg_loss = 0.0119, neg_loss = 0.0156, ivc_loss = 0.0275, nll_loss = 4.1895, push_inter = 0.0665, push_intra = 0.1848, pull_loss = 0.0160, aux_loss = 0.0000, final_loss = 4.2344, 0.239 seconds/batch
2026-05-06 22:19:34,817 - Epoch 17, Batch 550, lr = 0.00006, aux_scale = 1.000,  rec_loss = 4.2043, hneg_loss = 0.0142, neg_loss = 0.0151, ivc_loss = 0.0292, nll_loss = 4.2043, push_inter = 0.0669, push_intra = 0.1849, pull_loss = 0.0150, aux_loss = 0.0000, final_loss = 4.2509, 0.239 seconds/batch
2026-05-06 22:19:46,758 - Epoch 17, Batch 600, lr = 0.00006, aux_scale = 1.000,  rec_loss = 4.1879, hneg_loss = 0.0129, neg_loss = 0.0119, ivc_loss = 0.0248, nll_loss = 4.1879, push_inter = 0.0675, push_intra = 0.1832, pull_loss = 0.0133, aux_loss = 0.0001, final_loss = 4.2298, 0.239 seconds/batch
2026-05-06 22:19:58,718 - Epoch 17, Batch 650, lr = 0.00006, aux_scale = 1.000,  rec_loss = 4.2341, hneg_loss = 0.0136, neg_loss = 0.0148, ivc_loss = 0.0284, nll_loss = 4.2341, push_inter = 0.0675, push_intra = 0.1838, pull_loss = 0.0129, aux_loss = 0.0000, final_loss = 4.2795, 0.239 seconds/batch
2026-05-06 22:20:10,621 - Epoch 17, Batch 700, lr = 0.00006, aux_scale = 1.000,  rec_loss = 4.2153, hneg_loss = 0.0153, neg_loss = 0.0153, ivc_loss = 0.0306, nll_loss = 4.2153, push_inter = 0.0672, push_intra = 0.1834, pull_loss = 0.0140, aux_loss = 0.0001, final_loss = 4.2631, 0.239 seconds/batch
2026-05-06 22:20:22,671 - Epoch 17, Batch 750, lr = 0.00006, aux_scale = 1.000,  rec_loss = 4.2158, hneg_loss = 0.0132, neg_loss = 0.0142, ivc_loss = 0.0273, nll_loss = 4.2158, push_inter = 0.0668, push_intra = 0.1842, pull_loss = 0.0147, aux_loss = 0.0000, final_loss = 4.2605, 0.239 seconds/batch
2026-05-06 22:20:34,547 - Epoch 17, Batch 800, lr = 0.00006, aux_scale = 1.000,  rec_loss = 4.2125, hneg_loss = 0.0165, neg_loss = 0.0148, ivc_loss = 0.0313, nll_loss = 4.2125, push_inter = 0.0659, push_intra = 0.1872, pull_loss = 0.0145, aux_loss = 0.0000, final_loss = 4.2609, 0.239 seconds/batch
2026-05-06 22:20:46,392 - Epoch 17, Batch 850, lr = 0.00006, aux_scale = 1.000,  rec_loss = 4.2370, hneg_loss = 0.0157, neg_loss = 0.0153, ivc_loss = 0.0310, nll_loss = 4.2370, push_inter = 0.0660, push_intra = 0.1880, pull_loss = 0.0144, aux_loss = 0.0000, final_loss = 4.2850, 0.239 seconds/batch
2026-05-06 22:20:58,280 - Epoch 17, Batch 900, lr = 0.00006, aux_scale = 1.000,  rec_loss = 4.2178, hneg_loss = 0.0138, neg_loss = 0.0158, ivc_loss = 0.0296, nll_loss = 4.2178, push_inter = 0.0665, push_intra = 0.1880, pull_loss = 0.0138, aux_loss = 0.0000, final_loss = 4.2644, 0.239 seconds/batch
2026-05-06 22:21:10,165 - Epoch 17, Batch 950, lr = 0.00006, aux_scale = 1.000,  rec_loss = 4.1853, hneg_loss = 0.0143, neg_loss = 0.0143, ivc_loss = 0.0286, nll_loss = 4.1853, push_inter = 0.0665, push_intra = 0.1859, pull_loss = 0.0137, aux_loss = 0.0000, final_loss = 4.2309, 0.239 seconds/batch
2026-05-06 22:21:22,057 - Epoch 17, Batch 1000, lr = 0.00006, aux_scale = 1.000,  rec_loss = 4.2238, hneg_loss = 0.0139, neg_loss = 0.0135, ivc_loss = 0.0274, nll_loss = 4.2238, push_inter = 0.0662, push_intra = 0.1848, pull_loss = 0.0136, aux_loss = 0.0000, final_loss = 4.2681, 0.239 seconds/batch
2026-05-06 22:21:33,935 - Epoch 17, Batch 1050, lr = 0.00006, aux_scale = 1.000,  rec_loss = 4.2308, hneg_loss = 0.0131, neg_loss = 0.0152, ivc_loss = 0.0283, nll_loss = 4.2308, push_inter = 0.0674, push_intra = 0.1842, pull_loss = 0.0136, aux_loss = 0.0000, final_loss = 4.2762, 0.239 seconds/batch
2026-05-06 22:21:45,941 - Epoch 17, Batch 1100, lr = 0.00006, aux_scale = 1.000,  rec_loss = 4.2530, hneg_loss = 0.0128, neg_loss = 0.0152, ivc_loss = 0.0280, nll_loss = 4.2530, push_inter = 0.0674, push_intra = 0.1846, pull_loss = 0.0128, aux_loss = 0.0000, final_loss = 4.2979, 0.239 seconds/batch
2026-05-06 22:21:57,833 - Epoch 17, Batch 1150, lr = 0.00006, aux_scale = 1.000,  rec_loss = 4.2206, hneg_loss = 0.0143, neg_loss = 0.0145, ivc_loss = 0.0288, nll_loss = 4.2206, push_inter = 0.0672, push_intra = 0.1846, pull_loss = 0.0134, aux_loss = 0.0000, final_loss = 4.2665, 0.239 seconds/batch
2026-05-06 22:22:02,563 - Epoch 17, Batch 1170, lr = 0.00006, aux_scale = 1.000,  rec_loss = 4.2209, hneg_loss = 0.0127, neg_loss = 0.0141, ivc_loss = 0.0268, nll_loss = 4.2209, push_inter = 0.0668, push_intra = 0.1853, pull_loss = 0.0137, aux_loss = 0.0000, final_loss = 4.2648, 0.239 seconds/batch
2026-05-06 22:22:02,658 - save model to checkpoints/activitynet_moe_v4/moe_v4/model-17.pt, num_updates 19890.
2026-05-06 22:23:52,110 - | R@1,mIoU 0.2358 | R@1,IoU@0.1 0.5458 | R@1,IoU@0.3 0.3941 | R@1,IoU@0.5 0.1805 | R@1,IoU@0.7 0.0362 | R@1,IoU@0.9 0.0017 | R@5,mIoU 0.3436 | R@5,IoU@0.1 0.7163 | R@5,IoU@0.3 0.4900 | R@5,IoU@0.5 0.3084 | R@5,IoU@0.7 0.1447 | R@5,IoU@0.9 0.0552 |
2026-05-06 22:23:52,213 - Best results have been updated.
2026-05-06 22:23:52,213 - ============================================================
2026-05-06 22:23:52,214 - Start Epoch 18
2026-05-06 22:24:04,429 - Epoch 18, Batch 50, lr = 0.00006, aux_scale = 1.000,  rec_loss = 4.1525, hneg_loss = 0.0130, neg_loss = 0.0130, ivc_loss = 0.0260, nll_loss = 4.1525, push_inter = 0.0665, push_intra = 0.1850, pull_loss = 0.0142, aux_loss = 0.0000, final_loss = 4.1956, 0.244 seconds/batch
2026-05-06 22:24:16,248 - Epoch 18, Batch 100, lr = 0.00006, aux_scale = 1.000,  rec_loss = 4.1724, hneg_loss = 0.0137, neg_loss = 0.0140, ivc_loss = 0.0277, nll_loss = 4.1724, push_inter = 0.0670, push_intra = 0.1833, pull_loss = 0.0140, aux_loss = 0.0000, final_loss = 4.2173, 0.240 seconds/batch
2026-05-06 22:24:28,068 - Epoch 18, Batch 150, lr = 0.00006, aux_scale = 1.000,  rec_loss = 4.1699, hneg_loss = 0.0139, neg_loss = 0.0132, ivc_loss = 0.0271, nll_loss = 4.1699, push_inter = 0.0669, push_intra = 0.1821, pull_loss = 0.0138, aux_loss = 0.0000, final_loss = 4.2140, 0.239 seconds/batch
2026-05-06 22:24:39,930 - Epoch 18, Batch 200, lr = 0.00006, aux_scale = 1.000,  rec_loss = 4.1906, hneg_loss = 0.0125, neg_loss = 0.0156, ivc_loss = 0.0281, nll_loss = 4.1906, push_inter = 0.0673, push_intra = 0.1803, pull_loss = 0.0136, aux_loss = 0.0000, final_loss = 4.2358, 0.239 seconds/batch
2026-05-06 22:24:51,797 - Epoch 18, Batch 250, lr = 0.00006, aux_scale = 1.000,  rec_loss = 4.1452, hneg_loss = 0.0136, neg_loss = 0.0141, ivc_loss = 0.0277, nll_loss = 4.1452, push_inter = 0.0669, push_intra = 0.1809, pull_loss = 0.0141, aux_loss = 0.0000, final_loss = 4.1900, 0.238 seconds/batch
2026-05-06 22:25:03,620 - Epoch 18, Batch 300, lr = 0.00006, aux_scale = 1.000,  rec_loss = 4.1903, hneg_loss = 0.0138, neg_loss = 0.0135, ivc_loss = 0.0273, nll_loss = 4.1903, push_inter = 0.0675, push_intra = 0.1818, pull_loss = 0.0149, aux_loss = 0.0000, final_loss = 4.2350, 0.238 seconds/batch
2026-05-06 22:25:15,513 - Epoch 18, Batch 350, lr = 0.00006, aux_scale = 1.000,  rec_loss = 4.1966, hneg_loss = 0.0131, neg_loss = 0.0150, ivc_loss = 0.0280, nll_loss = 4.1966, push_inter = 0.0668, push_intra = 0.1844, pull_loss = 0.0156, aux_loss = 0.0000, final_loss = 4.2421, 0.238 seconds/batch
2026-05-06 22:25:27,453 - Epoch 18, Batch 400, lr = 0.00006, aux_scale = 1.000,  rec_loss = 4.2025, hneg_loss = 0.0124, neg_loss = 0.0139, ivc_loss = 0.0263, nll_loss = 4.2025, push_inter = 0.0676, push_intra = 0.1817, pull_loss = 0.0166, aux_loss = 0.0000, final_loss = 4.2466, 0.238 seconds/batch
2026-05-06 22:25:39,298 - Epoch 18, Batch 450, lr = 0.00006, aux_scale = 1.000,  rec_loss = 4.2373, hneg_loss = 0.0143, neg_loss = 0.0147, ivc_loss = 0.0290, nll_loss = 4.2373, push_inter = 0.0670, push_intra = 0.1837, pull_loss = 0.0161, aux_loss = 0.0000, final_loss = 4.2838, 0.238 seconds/batch
2026-05-06 22:25:51,191 - Epoch 18, Batch 500, lr = 0.00006, aux_scale = 1.000,  rec_loss = 4.1881, hneg_loss = 0.0116, neg_loss = 0.0139, ivc_loss = 0.0255, nll_loss = 4.1881, push_inter = 0.0669, push_intra = 0.1841, pull_loss = 0.0153, aux_loss = 0.0000, final_loss = 4.2310, 0.238 seconds/batch
2026-05-06 22:26:03,091 - Epoch 18, Batch 550, lr = 0.00006, aux_scale = 1.000,  rec_loss = 4.1477, hneg_loss = 0.0132, neg_loss = 0.0138, ivc_loss = 0.0271, nll_loss = 4.1477, push_inter = 0.0663, push_intra = 0.1842, pull_loss = 0.0144, aux_loss = 0.0000, final_loss = 4.1919, 0.238 seconds/batch
2026-05-06 22:26:14,983 - Epoch 18, Batch 600, lr = 0.00006, aux_scale = 1.000,  rec_loss = 4.1651, hneg_loss = 0.0132, neg_loss = 0.0146, ivc_loss = 0.0279, nll_loss = 4.1651, push_inter = 0.0669, push_intra = 0.1848, pull_loss = 0.0136, aux_loss = 0.0000, final_loss = 4.2100, 0.238 seconds/batch
2026-05-06 22:26:26,979 - Epoch 18, Batch 650, lr = 0.00006, aux_scale = 1.000,  rec_loss = 4.1999, hneg_loss = 0.0131, neg_loss = 0.0147, ivc_loss = 0.0278, nll_loss = 4.1999, push_inter = 0.0671, push_intra = 0.1844, pull_loss = 0.0146, aux_loss = 0.0000, final_loss = 4.2450, 0.238 seconds/batch
2026-05-06 22:26:38,897 - Epoch 18, Batch 700, lr = 0.00006, aux_scale = 1.000,  rec_loss = 4.1806, hneg_loss = 0.0153, neg_loss = 0.0165, ivc_loss = 0.0319, nll_loss = 4.1806, push_inter = 0.0666, push_intra = 0.1859, pull_loss = 0.0154, aux_loss = 0.0000, final_loss = 4.2298, 0.238 seconds/batch
2026-05-06 22:26:50,803 - Epoch 18, Batch 750, lr = 0.00006, aux_scale = 1.000,  rec_loss = 4.2046, hneg_loss = 0.0124, neg_loss = 0.0152, ivc_loss = 0.0276, nll_loss = 4.2046, push_inter = 0.0656, push_intra = 0.1879, pull_loss = 0.0162, aux_loss = 0.0000, final_loss = 4.2496, 0.238 seconds/batch
2026-05-06 22:27:02,743 - Epoch 18, Batch 800, lr = 0.00006, aux_scale = 1.000,  rec_loss = 4.1947, hneg_loss = 0.0124, neg_loss = 0.0199, ivc_loss = 0.0323, nll_loss = 4.1947, push_inter = 0.0655, push_intra = 0.1866, pull_loss = 0.0157, aux_loss = 0.0000, final_loss = 4.2442, 0.238 seconds/batch
2026-05-06 22:27:14,866 - Epoch 18, Batch 850, lr = 0.00006, aux_scale = 1.000,  rec_loss = 4.2264, hneg_loss = 0.0139, neg_loss = 0.0153, ivc_loss = 0.0291, nll_loss = 4.2264, push_inter = 0.0664, push_intra = 0.1838, pull_loss = 0.0150, aux_loss = 0.0000, final_loss = 4.2727, 0.238 seconds/batch
2026-05-06 22:27:26,792 - Epoch 18, Batch 900, lr = 0.00006, aux_scale = 1.000,  rec_loss = 4.2101, hneg_loss = 0.0131, neg_loss = 0.0135, ivc_loss = 0.0266, nll_loss = 4.2101, push_inter = 0.0669, push_intra = 0.1824, pull_loss = 0.0152, aux_loss = 0.0000, final_loss = 4.2541, 0.238 seconds/batch
2026-05-06 22:27:38,701 - Epoch 18, Batch 950, lr = 0.00006, aux_scale = 1.000,  rec_loss = 4.2151, hneg_loss = 0.0120, neg_loss = 0.0127, ivc_loss = 0.0247, nll_loss = 4.2151, push_inter = 0.0674, push_intra = 0.1791, pull_loss = 0.0140, aux_loss = 0.0000, final_loss = 4.2570, 0.238 seconds/batch
2026-05-06 22:27:50,594 - Epoch 18, Batch 1000, lr = 0.00006, aux_scale = 1.000,  rec_loss = 4.1692, hneg_loss = 0.0130, neg_loss = 0.0143, ivc_loss = 0.0273, nll_loss = 4.1692, push_inter = 0.0677, push_intra = 0.1786, pull_loss = 0.0137, aux_loss = 0.0000, final_loss = 4.2137, 0.238 seconds/batch
2026-05-06 22:28:02,522 - Epoch 18, Batch 1050, lr = 0.00006, aux_scale = 1.000,  rec_loss = 4.2034, hneg_loss = 0.0145, neg_loss = 0.0169, ivc_loss = 0.0314, nll_loss = 4.2034, push_inter = 0.0682, push_intra = 0.1769, pull_loss = 0.0138, aux_loss = 0.0000, final_loss = 4.2521, 0.238 seconds/batch
2026-05-06 22:28:14,463 - Epoch 18, Batch 1100, lr = 0.00006, aux_scale = 1.000,  rec_loss = 4.2190, hneg_loss = 0.0127, neg_loss = 0.0150, ivc_loss = 0.0277, nll_loss = 4.2190, push_inter = 0.0684, push_intra = 0.1767, pull_loss = 0.0133, aux_loss = 0.0000, final_loss = 4.2639, 0.238 seconds/batch
2026-05-06 22:28:26,337 - Epoch 18, Batch 1150, lr = 0.00006, aux_scale = 1.000,  rec_loss = 4.2118, hneg_loss = 0.0139, neg_loss = 0.0145, ivc_loss = 0.0284, nll_loss = 4.2118, push_inter = 0.0685, push_intra = 0.1770, pull_loss = 0.0136, aux_loss = 0.0000, final_loss = 4.2576, 0.238 seconds/batch
2026-05-06 22:28:31,051 - Epoch 18, Batch 1170, lr = 0.00006, aux_scale = 1.000,  rec_loss = 4.2637, hneg_loss = 0.0156, neg_loss = 0.0113, ivc_loss = 0.0269, nll_loss = 4.2637, push_inter = 0.0689, push_intra = 0.1754, pull_loss = 0.0145, aux_loss = 0.0000, final_loss = 4.3081, 0.238 seconds/batch
2026-05-06 22:28:31,140 - save model to checkpoints/activitynet_moe_v4/moe_v4/model-18.pt, num_updates 21060.
2026-05-06 22:30:21,189 - | R@1,mIoU 0.2460 | R@1,IoU@0.1 0.5586 | R@1,IoU@0.3 0.4028 | R@1,IoU@0.5 0.1994 | R@1,IoU@0.7 0.0403 | R@1,IoU@0.9 0.0020 | R@5,mIoU 0.3474 | R@5,IoU@0.1 0.7123 | R@5,IoU@0.3 0.4981 | R@5,IoU@0.5 0.3150 | R@5,IoU@0.7 0.1500 | R@5,IoU@0.9 0.0584 |
2026-05-06 22:30:21,294 - Best results have been updated.
2026-05-06 22:30:21,295 - ============================================================
2026-05-06 22:30:21,295 - Start Epoch 19
2026-05-06 22:30:33,702 - Epoch 19, Batch 50, lr = 0.00006, aux_scale = 1.000,  rec_loss = 4.1433, hneg_loss = 0.0126, neg_loss = 0.0127, ivc_loss = 0.0252, nll_loss = 4.1433, push_inter = 0.0688, push_intra = 0.1759, pull_loss = 0.0141, aux_loss = 0.0000, final_loss = 4.1861, 0.248 seconds/batch
2026-05-06 22:30:45,654 - Epoch 19, Batch 100, lr = 0.00005, aux_scale = 1.000,  rec_loss = 4.1088, hneg_loss = 0.0141, neg_loss = 0.0151, ivc_loss = 0.0292, nll_loss = 4.1088, push_inter = 0.0699, push_intra = 0.1746, pull_loss = 0.0144, aux_loss = 0.0000, final_loss = 4.1557, 0.244 seconds/batch
2026-05-06 22:30:57,595 - Epoch 19, Batch 150, lr = 0.00005, aux_scale = 1.000,  rec_loss = 4.1695, hneg_loss = 0.0123, neg_loss = 0.0125, ivc_loss = 0.0249, nll_loss = 4.1695, push_inter = 0.0705, push_intra = 0.1733, pull_loss = 0.0142, aux_loss = 0.0000, final_loss = 4.2122, 0.242 seconds/batch
2026-05-06 22:31:09,500 - Epoch 19, Batch 200, lr = 0.00005, aux_scale = 1.000,  rec_loss = 4.1711, hneg_loss = 0.0130, neg_loss = 0.0147, ivc_loss = 0.0277, nll_loss = 4.1711, push_inter = 0.0716, push_intra = 0.1692, pull_loss = 0.0144, aux_loss = 0.0000, final_loss = 4.2169, 0.241 seconds/batch
2026-05-06 22:31:21,444 - Epoch 19, Batch 250, lr = 0.00005, aux_scale = 1.000,  rec_loss = 4.2036, hneg_loss = 0.0160, neg_loss = 0.0145, ivc_loss = 0.0305, nll_loss = 4.2036, push_inter = 0.0704, push_intra = 0.1720, pull_loss = 0.0138, aux_loss = 0.0000, final_loss = 4.2518, 0.241 seconds/batch
2026-05-06 22:31:33,354 - Epoch 19, Batch 300, lr = 0.00005, aux_scale = 1.000,  rec_loss = 4.1323, hneg_loss = 0.0134, neg_loss = 0.0133, ivc_loss = 0.0267, nll_loss = 4.1323, push_inter = 0.0688, push_intra = 0.1769, pull_loss = 0.0136, aux_loss = 0.0000, final_loss = 4.1764, 0.240 seconds/batch
2026-05-06 22:31:45,452 - Epoch 19, Batch 350, lr = 0.00005, aux_scale = 1.000,  rec_loss = 4.1598, hneg_loss = 0.0130, neg_loss = 0.0134, ivc_loss = 0.0264, nll_loss = 4.1598, push_inter = 0.0692, push_intra = 0.1770, pull_loss = 0.0136, aux_loss = 0.0000, final_loss = 4.2036, 0.240 seconds/batch
2026-05-06 22:31:57,416 - Epoch 19, Batch 400, lr = 0.00005, aux_scale = 1.000,  rec_loss = 4.1595, hneg_loss = 0.0152, neg_loss = 0.0115, ivc_loss = 0.0267, nll_loss = 4.1595, push_inter = 0.0701, push_intra = 0.1772, pull_loss = 0.0127, aux_loss = 0.0000, final_loss = 4.2036, 0.240 seconds/batch
2026-05-06 22:32:09,436 - Epoch 19, Batch 450, lr = 0.00005, aux_scale = 1.000,  rec_loss = 4.1837, hneg_loss = 0.0131, neg_loss = 0.0142, ivc_loss = 0.0273, nll_loss = 4.1837, push_inter = 0.0710, push_intra = 0.1765, pull_loss = 0.0132, aux_loss = 0.0000, final_loss = 4.2287, 0.240 seconds/batch
2026-05-06 22:32:21,350 - Epoch 19, Batch 500, lr = 0.00005, aux_scale = 1.000,  rec_loss = 4.1678, hneg_loss = 0.0137, neg_loss = 0.0129, ivc_loss = 0.0267, nll_loss = 4.1678, push_inter = 0.0709, push_intra = 0.1754, pull_loss = 0.0134, aux_loss = 0.0000, final_loss = 4.2122, 0.240 seconds/batch
2026-05-06 22:32:33,365 - Epoch 19, Batch 550, lr = 0.00005, aux_scale = 1.000,  rec_loss = 4.2133, hneg_loss = 0.0136, neg_loss = 0.0149, ivc_loss = 0.0285, nll_loss = 4.2133, push_inter = 0.0694, push_intra = 0.1765, pull_loss = 0.0147, aux_loss = 0.0000, final_loss = 4.2595, 0.240 seconds/batch
2026-05-06 22:32:45,242 - Epoch 19, Batch 600, lr = 0.00005, aux_scale = 1.000,  rec_loss = 4.1840, hneg_loss = 0.0126, neg_loss = 0.0134, ivc_loss = 0.0260, nll_loss = 4.1840, push_inter = 0.0683, push_intra = 0.1759, pull_loss = 0.0155, aux_loss = 0.0000, final_loss = 4.2276, 0.240 seconds/batch
2026-05-06 22:32:57,182 - Epoch 19, Batch 650, lr = 0.00005, aux_scale = 1.000,  rec_loss = 4.2159, hneg_loss = 0.0123, neg_loss = 0.0129, ivc_loss = 0.0252, nll_loss = 4.2159, push_inter = 0.0684, push_intra = 0.1773, pull_loss = 0.0161, aux_loss = 0.0000, final_loss = 4.2589, 0.240 seconds/batch
2026-05-06 22:33:09,036 - Epoch 19, Batch 700, lr = 0.00005, aux_scale = 1.000,  rec_loss = 4.1476, hneg_loss = 0.0134, neg_loss = 0.0126, ivc_loss = 0.0260, nll_loss = 4.1476, push_inter = 0.0688, push_intra = 0.1775, pull_loss = 0.0153, aux_loss = 0.0000, final_loss = 4.1914, 0.240 seconds/batch
2026-05-06 22:33:21,002 - Epoch 19, Batch 750, lr = 0.00005, aux_scale = 1.000,  rec_loss = 4.1628, hneg_loss = 0.0114, neg_loss = 0.0149, ivc_loss = 0.0264, nll_loss = 4.1628, push_inter = 0.0685, push_intra = 0.1772, pull_loss = 0.0149, aux_loss = 0.0000, final_loss = 4.2068, 0.240 seconds/batch
2026-05-06 22:33:32,943 - Epoch 19, Batch 800, lr = 0.00005, aux_scale = 1.000,  rec_loss = 4.1717, hneg_loss = 0.0136, neg_loss = 0.0154, ivc_loss = 0.0291, nll_loss = 4.1717, push_inter = 0.0680, push_intra = 0.1788, pull_loss = 0.0145, aux_loss = 0.0000, final_loss = 4.2182, 0.240 seconds/batch
2026-05-06 22:33:44,924 - Epoch 19, Batch 850, lr = 0.00005, aux_scale = 1.000,  rec_loss = 4.1298, hneg_loss = 0.0152, neg_loss = 0.0142, ivc_loss = 0.0294, nll_loss = 4.1298, push_inter = 0.0689, push_intra = 0.1763, pull_loss = 0.0142, aux_loss = 0.0000, final_loss = 4.1767, 0.240 seconds/batch
2026-05-06 22:33:56,882 - Epoch 19, Batch 900, lr = 0.00005, aux_scale = 1.000,  rec_loss = 4.1935, hneg_loss = 0.0130, neg_loss = 0.0141, ivc_loss = 0.0270, nll_loss = 4.1935, push_inter = 0.0696, push_intra = 0.1746, pull_loss = 0.0136, aux_loss = 0.0000, final_loss = 4.2381, 0.240 seconds/batch
2026-05-06 22:34:08,785 - Epoch 19, Batch 950, lr = 0.00005, aux_scale = 1.000,  rec_loss = 4.1695, hneg_loss = 0.0129, neg_loss = 0.0135, ivc_loss = 0.0264, nll_loss = 4.1695, push_inter = 0.0698, push_intra = 0.1745, pull_loss = 0.0144, aux_loss = 0.0000, final_loss = 4.2137, 0.239 seconds/batch
2026-05-06 22:34:20,648 - Epoch 19, Batch 1000, lr = 0.00005, aux_scale = 1.000,  rec_loss = 4.1829, hneg_loss = 0.0153, neg_loss = 0.0172, ivc_loss = 0.0325, nll_loss = 4.1829, push_inter = 0.0703, push_intra = 0.1726, pull_loss = 0.0148, aux_loss = 0.0000, final_loss = 4.2333, 0.239 seconds/batch
2026-05-06 22:34:32,518 - Epoch 19, Batch 1050, lr = 0.00005, aux_scale = 1.000,  rec_loss = 4.1771, hneg_loss = 0.0151, neg_loss = 0.0130, ivc_loss = 0.0281, nll_loss = 4.1771, push_inter = 0.0702, push_intra = 0.1726, pull_loss = 0.0142, aux_loss = 0.0000, final_loss = 4.2230, 0.239 seconds/batch
2026-05-06 22:34:44,643 - Epoch 19, Batch 1100, lr = 0.00005, aux_scale = 1.000,  rec_loss = 4.1802, hneg_loss = 0.0129, neg_loss = 0.0123, ivc_loss = 0.0252, nll_loss = 4.1802, push_inter = 0.0702, push_intra = 0.1719, pull_loss = 0.0139, aux_loss = 0.0000, final_loss = 4.2231, 0.239 seconds/batch
2026-05-06 22:34:56,789 - Epoch 19, Batch 1150, lr = 0.00005, aux_scale = 1.000,  rec_loss = 4.1901, hneg_loss = 0.0139, neg_loss = 0.0139, ivc_loss = 0.0278, nll_loss = 4.1901, push_inter = 0.0702, push_intra = 0.1720, pull_loss = 0.0135, aux_loss = 0.0000, final_loss = 4.2355, 0.240 seconds/batch
2026-05-06 22:35:01,602 - Epoch 19, Batch 1170, lr = 0.00005, aux_scale = 1.000,  rec_loss = 4.1653, hneg_loss = 0.0106, neg_loss = 0.0127, ivc_loss = 0.0234, nll_loss = 4.1653, push_inter = 0.0707, push_intra = 0.1706, pull_loss = 0.0148, aux_loss = 0.0000, final_loss = 4.2066, 0.240 seconds/batch
2026-05-06 22:35:01,697 - save model to checkpoints/activitynet_moe_v4/moe_v4/model-19.pt, num_updates 22230.
2026-05-06 22:36:51,054 - | R@1,mIoU 0.2509 | R@1,IoU@0.1 0.5611 | R@1,IoU@0.3 0.4019 | R@1,IoU@0.5 0.2133 | R@1,IoU@0.7 0.0481 | R@1,IoU@0.9 0.0023 | R@5,mIoU 0.3532 | R@5,IoU@0.1 0.7159 | R@5,IoU@0.3 0.5025 | R@5,IoU@0.5 0.3243 | R@5,IoU@0.7 0.1631 | R@5,IoU@0.9 0.0626 |
2026-05-06 22:36:51,160 - Best results have been updated.
2026-05-06 22:36:51,160 - ============================================================
2026-05-06 22:36:51,160 - Start Epoch 20
2026-05-06 22:37:03,345 - Epoch 20, Batch 50, lr = 0.00005, aux_scale = 1.000,  rec_loss = 4.1112, hneg_loss = 0.0143, neg_loss = 0.0161, ivc_loss = 0.0304, nll_loss = 4.1112, push_inter = 0.0700, push_intra = 0.1713, pull_loss = 0.0161, aux_loss = 0.0000, final_loss = 4.1597, 0.244 seconds/batch
2026-05-06 22:37:15,279 - Epoch 20, Batch 100, lr = 0.00005, aux_scale = 1.000,  rec_loss = 4.1118, hneg_loss = 0.0130, neg_loss = 0.0145, ivc_loss = 0.0275, nll_loss = 4.1118, push_inter = 0.0698, push_intra = 0.1728, pull_loss = 0.0161, aux_loss = 0.0000, final_loss = 4.1574, 0.241 seconds/batch
2026-05-06 22:37:27,193 - Epoch 20, Batch 150, lr = 0.00005, aux_scale = 1.000,  rec_loss = 4.1375, hneg_loss = 0.0109, neg_loss = 0.0132, ivc_loss = 0.0242, nll_loss = 4.1375, push_inter = 0.0694, push_intra = 0.1737, pull_loss = 0.0167, aux_loss = 0.0000, final_loss = 4.1797, 0.240 seconds/batch
2026-05-06 22:37:39,131 - Epoch 20, Batch 200, lr = 0.00005, aux_scale = 1.000,  rec_loss = 4.1679, hneg_loss = 0.0117, neg_loss = 0.0138, ivc_loss = 0.0255, nll_loss = 4.1679, push_inter = 0.0693, push_intra = 0.1745, pull_loss = 0.0164, aux_loss = 0.0000, final_loss = 4.2114, 0.240 seconds/batch
2026-05-06 22:37:51,112 - Epoch 20, Batch 250, lr = 0.00005, aux_scale = 1.000,  rec_loss = 4.1389, hneg_loss = 0.0132, neg_loss = 0.0139, ivc_loss = 0.0271, nll_loss = 4.1389, push_inter = 0.0695, push_intra = 0.1748, pull_loss = 0.0156, aux_loss = 0.0000, final_loss = 4.1839, 0.240 seconds/batch
2026-05-06 22:38:03,044 - Epoch 20, Batch 300, lr = 0.00005, aux_scale = 1.000,  rec_loss = 4.1469, hneg_loss = 0.0121, neg_loss = 0.0141, ivc_loss = 0.0262, nll_loss = 4.1469, push_inter = 0.0685, push_intra = 0.1778, pull_loss = 0.0146, aux_loss = 0.0000, final_loss = 4.1906, 0.240 seconds/batch
2026-05-06 22:38:14,907 - Epoch 20, Batch 350, lr = 0.00005, aux_scale = 1.000,  rec_loss = 4.1486, hneg_loss = 0.0131, neg_loss = 0.0145, ivc_loss = 0.0276, nll_loss = 4.1486, push_inter = 0.0694, push_intra = 0.1773, pull_loss = 0.0131, aux_loss = 0.0000, final_loss = 4.1936, 0.239 seconds/batch
2026-05-06 22:38:26,826 - Epoch 20, Batch 400, lr = 0.00005, aux_scale = 1.000,  rec_loss = 4.1481, hneg_loss = 0.0143, neg_loss = 0.0141, ivc_loss = 0.0284, nll_loss = 4.1481, push_inter = 0.0696, push_intra = 0.1782, pull_loss = 0.0130, aux_loss = 0.0000, final_loss = 4.1940, 0.239 seconds/batch
2026-05-06 22:38:38,775 - Epoch 20, Batch 450, lr = 0.00005, aux_scale = 1.000,  rec_loss = 4.1516, hneg_loss = 0.0138, neg_loss = 0.0128, ivc_loss = 0.0266, nll_loss = 4.1516, push_inter = 0.0705, push_intra = 0.1772, pull_loss = 0.0124, aux_loss = 0.0000, final_loss = 4.1957, 0.239 seconds/batch
2026-05-06 22:38:50,747 - Epoch 20, Batch 500, lr = 0.00005, aux_scale = 1.000,  rec_loss = 4.1487, hneg_loss = 0.0128, neg_loss = 0.0130, ivc_loss = 0.0259, nll_loss = 4.1487, push_inter = 0.0702, push_intra = 0.1773, pull_loss = 0.0136, aux_loss = 0.0000, final_loss = 4.1923, 0.239 seconds/batch
2026-05-06 22:39:02,631 - Epoch 20, Batch 550, lr = 0.00005, aux_scale = 1.000,  rec_loss = 4.1538, hneg_loss = 0.0112, neg_loss = 0.0115, ivc_loss = 0.0227, nll_loss = 4.1538, push_inter = 0.0695, push_intra = 0.1803, pull_loss = 0.0144, aux_loss = 0.0000, final_loss = 4.1943, 0.239 seconds/batch
2026-05-06 22:39:14,592 - Epoch 20, Batch 600, lr = 0.00005, aux_scale = 1.000,  rec_loss = 4.0928, hneg_loss = 0.0134, neg_loss = 0.0119, ivc_loss = 0.0253, nll_loss = 4.0928, push_inter = 0.0694, push_intra = 0.1792, pull_loss = 0.0150, aux_loss = 0.0000, final_loss = 4.1359, 0.239 seconds/batch
2026-05-06 22:39:26,539 - Epoch 20, Batch 650, lr = 0.00005, aux_scale = 1.000,  rec_loss = 4.1879, hneg_loss = 0.0128, neg_loss = 0.0126, ivc_loss = 0.0254, nll_loss = 4.1879, push_inter = 0.0691, push_intra = 0.1791, pull_loss = 0.0139, aux_loss = 0.0000, final_loss = 4.2308, 0.239 seconds/batch
2026-05-06 22:39:38,420 - Epoch 20, Batch 700, lr = 0.00005, aux_scale = 1.000,  rec_loss = 4.1561, hneg_loss = 0.0140, neg_loss = 0.0142, ivc_loss = 0.0282, nll_loss = 4.1561, push_inter = 0.0682, push_intra = 0.1808, pull_loss = 0.0134, aux_loss = 0.0000, final_loss = 4.2016, 0.239 seconds/batch
2026-05-06 22:39:50,378 - Epoch 20, Batch 750, lr = 0.00005, aux_scale = 1.000,  rec_loss = 4.1602, hneg_loss = 0.0122, neg_loss = 0.0150, ivc_loss = 0.0272, nll_loss = 4.1602, push_inter = 0.0688, push_intra = 0.1780, pull_loss = 0.0135, aux_loss = 0.0000, final_loss = 4.2048, 0.239 seconds/batch
2026-05-06 22:40:02,354 - Epoch 20, Batch 800, lr = 0.00005, aux_scale = 1.000,  rec_loss = 4.1401, hneg_loss = 0.0136, neg_loss = 0.0121, ivc_loss = 0.0256, nll_loss = 4.1401, push_inter = 0.0694, push_intra = 0.1757, pull_loss = 0.0133, aux_loss = 0.0000, final_loss = 4.1831, 0.239 seconds/batch
2026-05-06 22:40:14,289 - Epoch 20, Batch 850, lr = 0.00005, aux_scale = 1.000,  rec_loss = 4.1287, hneg_loss = 0.0136, neg_loss = 0.0146, ivc_loss = 0.0283, nll_loss = 4.1287, push_inter = 0.0689, push_intra = 0.1774, pull_loss = 0.0130, aux_loss = 0.0000, final_loss = 4.1743, 0.239 seconds/batch
2026-05-06 22:40:26,187 - Epoch 20, Batch 900, lr = 0.00005, aux_scale = 1.000,  rec_loss = 4.1605, hneg_loss = 0.0128, neg_loss = 0.0130, ivc_loss = 0.0258, nll_loss = 4.1605, push_inter = 0.0687, push_intra = 0.1800, pull_loss = 0.0128, aux_loss = 0.0000, final_loss = 4.2035, 0.239 seconds/batch
2026-05-06 22:40:38,079 - Epoch 20, Batch 950, lr = 0.00005, aux_scale = 1.000,  rec_loss = 4.1354, hneg_loss = 0.0136, neg_loss = 0.0152, ivc_loss = 0.0289, nll_loss = 4.1354, push_inter = 0.0694, push_intra = 0.1799, pull_loss = 0.0133, aux_loss = 0.0000, final_loss = 4.1817, 0.239 seconds/batch
2026-05-06 22:40:50,044 - Epoch 20, Batch 1000, lr = 0.00005, aux_scale = 1.000,  rec_loss = 4.1361, hneg_loss = 0.0143, neg_loss = 0.0151, ivc_loss = 0.0293, nll_loss = 4.1361, push_inter = 0.0699, push_intra = 0.1773, pull_loss = 0.0133, aux_loss = 0.0000, final_loss = 4.1830, 0.239 seconds/batch
2026-05-06 22:41:02,011 - Epoch 20, Batch 1050, lr = 0.00005, aux_scale = 1.000,  rec_loss = 4.1659, hneg_loss = 0.0113, neg_loss = 0.0135, ivc_loss = 0.0248, nll_loss = 4.1659, push_inter = 0.0696, push_intra = 0.1788, pull_loss = 0.0131, aux_loss = 0.0000, final_loss = 4.2082, 0.239 seconds/batch
2026-05-06 22:41:13,928 - Epoch 20, Batch 1100, lr = 0.00005, aux_scale = 1.000,  rec_loss = 4.1491, hneg_loss = 0.0131, neg_loss = 0.0136, ivc_loss = 0.0267, nll_loss = 4.1491, push_inter = 0.0692, push_intra = 0.1807, pull_loss = 0.0130, aux_loss = 0.0000, final_loss = 4.1931, 0.239 seconds/batch
2026-05-06 22:41:25,966 - Epoch 20, Batch 1150, lr = 0.00005, aux_scale = 1.000,  rec_loss = 4.1835, hneg_loss = 0.0118, neg_loss = 0.0130, ivc_loss = 0.0248, nll_loss = 4.1835, push_inter = 0.0700, push_intra = 0.1805, pull_loss = 0.0135, aux_loss = 0.0000, final_loss = 4.2260, 0.239 seconds/batch
2026-05-06 22:41:30,728 - Epoch 20, Batch 1170, lr = 0.00005, aux_scale = 1.000,  rec_loss = 4.2073, hneg_loss = 0.0146, neg_loss = 0.0130, ivc_loss = 0.0276, nll_loss = 4.2073, push_inter = 0.0699, push_intra = 0.1808, pull_loss = 0.0135, aux_loss = 0.0000, final_loss = 4.2525, 0.239 seconds/batch
2026-05-06 22:41:30,832 - save model to checkpoints/activitynet_moe_v4/moe_v4/model-20.pt, num_updates 23400.
2026-05-06 22:43:20,144 - | R@1,mIoU 0.2525 | R@1,IoU@0.1 0.5641 | R@1,IoU@0.3 0.4047 | R@1,IoU@0.5 0.2154 | R@1,IoU@0.7 0.0480 | R@1,IoU@0.9 0.0024 | R@5,mIoU 0.3537 | R@5,IoU@0.1 0.7133 | R@5,IoU@0.3 0.5074 | R@5,IoU@0.5 0.3222 | R@5,IoU@0.7 0.1636 | R@5,IoU@0.9 0.0324 |
2026-05-06 22:43:20,246 - Best results have been updated.
2026-05-06 22:43:20,247 - ============================================================
2026-05-06 22:43:20,247 - Start Epoch 21
2026-05-06 22:43:32,452 - Epoch 21, Batch 50, lr = 0.00005, aux_scale = 1.000,  rec_loss = 4.1396, hneg_loss = 0.0128, neg_loss = 0.0144, ivc_loss = 0.0272, nll_loss = 4.1396, push_inter = 0.0704, push_intra = 0.1802, pull_loss = 0.0134, aux_loss = 0.0000, final_loss = 4.1845, 0.244 seconds/batch
2026-05-06 22:43:44,291 - Epoch 21, Batch 100, lr = 0.00005, aux_scale = 1.000,  rec_loss = 4.0976, hneg_loss = 0.0131, neg_loss = 0.0125, ivc_loss = 0.0256, nll_loss = 4.0976, push_inter = 0.0708, push_intra = 0.1800, pull_loss = 0.0134, aux_loss = 0.0000, final_loss = 4.1410, 0.240 seconds/batch
2026-05-06 22:43:56,167 - Epoch 21, Batch 150, lr = 0.00005, aux_scale = 1.000,  rec_loss = 4.1233, hneg_loss = 0.0121, neg_loss = 0.0117, ivc_loss = 0.0238, nll_loss = 4.1233, push_inter = 0.0703, push_intra = 0.1823, pull_loss = 0.0131, aux_loss = 0.0000, final_loss = 4.1647, 0.239 seconds/batch
2026-05-06 22:44:08,026 - Epoch 21, Batch 200, lr = 0.00005, aux_scale = 1.000,  rec_loss = 4.0940, hneg_loss = 0.0125, neg_loss = 0.0113, ivc_loss = 0.0238, nll_loss = 4.0940, push_inter = 0.0700, push_intra = 0.1833, pull_loss = 0.0127, aux_loss = 0.0000, final_loss = 4.1353, 0.239 seconds/batch
2026-05-06 22:44:19,896 - Epoch 21, Batch 250, lr = 0.00005, aux_scale = 1.000,  rec_loss = 4.1109, hneg_loss = 0.0143, neg_loss = 0.0145, ivc_loss = 0.0287, nll_loss = 4.1109, push_inter = 0.0698, push_intra = 0.1836, pull_loss = 0.0129, aux_loss = 0.0000, final_loss = 4.1571, 0.239 seconds/batch
2026-05-06 22:44:31,778 - Epoch 21, Batch 300, lr = 0.00005, aux_scale = 1.000,  rec_loss = 4.1034, hneg_loss = 0.0121, neg_loss = 0.0144, ivc_loss = 0.0265, nll_loss = 4.1034, push_inter = 0.0687, push_intra = 0.1849, pull_loss = 0.0134, aux_loss = 0.0001, final_loss = 4.1473, 0.238 seconds/batch
2026-05-06 22:44:43,645 - Epoch 21, Batch 350, lr = 0.00005, aux_scale = 1.000,  rec_loss = 4.1133, hneg_loss = 0.0125, neg_loss = 0.0133, ivc_loss = 0.0258, nll_loss = 4.1133, push_inter = 0.0692, push_intra = 0.1824, pull_loss = 0.0134, aux_loss = 0.0000, final_loss = 4.1566, 0.238 seconds/batch
2026-05-06 22:44:55,641 - Epoch 21, Batch 400, lr = 0.00005, aux_scale = 1.000,  rec_loss = 4.1287, hneg_loss = 0.0107, neg_loss = 0.0121, ivc_loss = 0.0227, nll_loss = 4.1287, push_inter = 0.0702, push_intra = 0.1799, pull_loss = 0.0127, aux_loss = 0.0000, final_loss = 4.1689, 0.238 seconds/batch
2026-05-06 22:45:07,604 - Epoch 21, Batch 450, lr = 0.00005, aux_scale = 1.000,  rec_loss = 4.1386, hneg_loss = 0.0143, neg_loss = 0.0131, ivc_loss = 0.0274, nll_loss = 4.1386, push_inter = 0.0700, push_intra = 0.1814, pull_loss = 0.0137, aux_loss = 0.0001, final_loss = 4.1837, 0.239 seconds/batch
2026-05-06 22:45:19,529 - Epoch 21, Batch 500, lr = 0.00005, aux_scale = 1.000,  rec_loss = 4.1225, hneg_loss = 0.0150, neg_loss = 0.0142, ivc_loss = 0.0292, nll_loss = 4.1225, push_inter = 0.0715, push_intra = 0.1795, pull_loss = 0.0132, aux_loss = 0.0001, final_loss = 4.1696, 0.239 seconds/batch
2026-05-06 22:45:31,448 - Epoch 21, Batch 550, lr = 0.00005, aux_scale = 1.000,  rec_loss = 4.1206, hneg_loss = 0.0098, neg_loss = 0.0132, ivc_loss = 0.0230, nll_loss = 4.1206, push_inter = 0.0715, push_intra = 0.1804, pull_loss = 0.0136, aux_loss = 0.0000, final_loss = 4.1616, 0.239 seconds/batch
2026-05-06 22:45:43,359 - Epoch 21, Batch 600, lr = 0.00005, aux_scale = 1.000,  rec_loss = 4.1419, hneg_loss = 0.0134, neg_loss = 0.0132, ivc_loss = 0.0266, nll_loss = 4.1419, push_inter = 0.0719, push_intra = 0.1800, pull_loss = 0.0131, aux_loss = 0.0000, final_loss = 4.1865, 0.239 seconds/batch
2026-05-06 22:45:55,303 - Epoch 21, Batch 650, lr = 0.00005, aux_scale = 1.000,  rec_loss = 4.1447, hneg_loss = 0.0128, neg_loss = 0.0163, ivc_loss = 0.0291, nll_loss = 4.1447, push_inter = 0.0723, push_intra = 0.1782, pull_loss = 0.0132, aux_loss = 0.0000, final_loss = 4.1919, 0.239 seconds/batch
2026-05-06 22:46:07,183 - Epoch 21, Batch 700, lr = 0.00005, aux_scale = 1.000,  rec_loss = 4.0963, hneg_loss = 0.0131, neg_loss = 0.0138, ivc_loss = 0.0270, nll_loss = 4.0963, push_inter = 0.0729, push_intra = 0.1757, pull_loss = 0.0130, aux_loss = 0.0001, final_loss = 4.1414, 0.238 seconds/batch
2026-05-06 22:46:19,043 - Epoch 21, Batch 750, lr = 0.00005, aux_scale = 1.000,  rec_loss = 4.1373, hneg_loss = 0.0145, neg_loss = 0.0122, ivc_loss = 0.0267, nll_loss = 4.1373, push_inter = 0.0727, push_intra = 0.1754, pull_loss = 0.0134, aux_loss = 0.0000, final_loss = 4.1821, 0.238 seconds/batch
2026-05-06 22:46:30,897 - Epoch 21, Batch 800, lr = 0.00005, aux_scale = 1.000,  rec_loss = 4.1361, hneg_loss = 0.0115, neg_loss = 0.0129, ivc_loss = 0.0243, nll_loss = 4.1361, push_inter = 0.0720, push_intra = 0.1770, pull_loss = 0.0134, aux_loss = 0.0000, final_loss = 4.1784, 0.238 seconds/batch
2026-05-06 22:46:42,755 - Epoch 21, Batch 850, lr = 0.00005, aux_scale = 1.000,  rec_loss = 4.1319, hneg_loss = 0.0140, neg_loss = 0.0117, ivc_loss = 0.0258, nll_loss = 4.1319, push_inter = 0.0728, push_intra = 0.1750, pull_loss = 0.0128, aux_loss = 0.0000, final_loss = 4.1757, 0.238 seconds/batch
2026-05-06 22:46:54,644 - Epoch 21, Batch 900, lr = 0.00005, aux_scale = 1.000,  rec_loss = 4.1513, hneg_loss = 0.0123, neg_loss = 0.0096, ivc_loss = 0.0219, nll_loss = 4.1513, push_inter = 0.0734, push_intra = 0.1748, pull_loss = 0.0130, aux_loss = 0.0000, final_loss = 4.1914, 0.238 seconds/batch
2026-05-06 22:47:06,561 - Epoch 21, Batch 950, lr = 0.00005, aux_scale = 1.000,  rec_loss = 4.1139, hneg_loss = 0.0117, neg_loss = 0.0126, ivc_loss = 0.0242, nll_loss = 4.1139, push_inter = 0.0725, push_intra = 0.1754, pull_loss = 0.0137, aux_loss = 0.0000, final_loss = 4.1563, 0.238 seconds/batch
2026-05-06 22:47:18,578 - Epoch 21, Batch 1000, lr = 0.00005, aux_scale = 1.000,  rec_loss = 4.1190, hneg_loss = 0.0149, neg_loss = 0.0127, ivc_loss = 0.0276, nll_loss = 4.1190, push_inter = 0.0726, push_intra = 0.1748, pull_loss = 0.0132, aux_loss = 0.0000, final_loss = 4.1646, 0.238 seconds/batch
2026-05-06 22:47:30,459 - Epoch 21, Batch 1050, lr = 0.00005, aux_scale = 1.000,  rec_loss = 4.1407, hneg_loss = 0.0129, neg_loss = 0.0115, ivc_loss = 0.0244, nll_loss = 4.1407, push_inter = 0.0727, push_intra = 0.1744, pull_loss = 0.0131, aux_loss = 0.0000, final_loss = 4.1832, 0.238 seconds/batch
2026-05-06 22:47:42,350 - Epoch 21, Batch 1100, lr = 0.00005, aux_scale = 1.000,  rec_loss = 4.1356, hneg_loss = 0.0128, neg_loss = 0.0134, ivc_loss = 0.0263, nll_loss = 4.1356, push_inter = 0.0717, push_intra = 0.1755, pull_loss = 0.0124, aux_loss = 0.0000, final_loss = 4.1796, 0.238 seconds/batch
2026-05-06 22:47:54,261 - Epoch 21, Batch 1150, lr = 0.00005, aux_scale = 1.000,  rec_loss = 4.1384, hneg_loss = 0.0122, neg_loss = 0.0128, ivc_loss = 0.0249, nll_loss = 4.1384, push_inter = 0.0715, push_intra = 0.1751, pull_loss = 0.0124, aux_loss = 0.0000, final_loss = 4.1810, 0.238 seconds/batch
2026-05-06 22:47:59,000 - Epoch 21, Batch 1170, lr = 0.00005, aux_scale = 1.000,  rec_loss = 4.1262, hneg_loss = 0.0120, neg_loss = 0.0151, ivc_loss = 0.0270, nll_loss = 4.1262, push_inter = 0.0719, push_intra = 0.1738, pull_loss = 0.0124, aux_loss = 0.0000, final_loss = 4.1710, 0.238 seconds/batch
2026-05-06 22:47:59,088 - save model to checkpoints/activitynet_moe_v4/moe_v4/model-21.pt, num_updates 24570.
2026-05-06 22:49:48,161 - | R@1,mIoU 0.2460 | R@1,IoU@0.1 0.5572 | R@1,IoU@0.3 0.4002 | R@1,IoU@0.5 0.2035 | R@1,IoU@0.7 0.0430 | R@1,IoU@0.9 0.0023 | R@5,mIoU 0.3513 | R@5,IoU@0.1 0.7067 | R@5,IoU@0.3 0.5066 | R@5,IoU@0.5 0.3271 | R@5,IoU@0.7 0.1592 | R@5,IoU@0.9 0.0258 |
2026-05-06 22:49:48,161 - ============================================================
2026-05-06 22:49:48,161 - Start Epoch 22
2026-05-06 22:50:00,249 - Epoch 22, Batch 50, lr = 0.00005, aux_scale = 1.000,  rec_loss = 4.0919, hneg_loss = 0.0130, neg_loss = 0.0138, ivc_loss = 0.0268, nll_loss = 4.0919, push_inter = 0.0722, push_intra = 0.1732, pull_loss = 0.0126, aux_loss = 0.0000, final_loss = 4.1366, 0.242 seconds/batch
2026-05-06 22:50:12,026 - Epoch 22, Batch 100, lr = 0.00005, aux_scale = 1.000,  rec_loss = 4.0916, hneg_loss = 0.0108, neg_loss = 0.0119, ivc_loss = 0.0226, nll_loss = 4.0916, push_inter = 0.0729, push_intra = 0.1721, pull_loss = 0.0127, aux_loss = 0.0000, final_loss = 4.1323, 0.239 seconds/batch
2026-05-06 22:50:23,821 - Epoch 22, Batch 150, lr = 0.00005, aux_scale = 1.000,  rec_loss = 4.0907, hneg_loss = 0.0136, neg_loss = 0.0131, ivc_loss = 0.0268, nll_loss = 4.0907, push_inter = 0.0728, push_intra = 0.1708, pull_loss = 0.0141, aux_loss = 0.0000, final_loss = 4.1358, 0.238 seconds/batch
2026-05-06 22:50:35,794 - Epoch 22, Batch 200, lr = 0.00005, aux_scale = 1.000,  rec_loss = 4.1175, hneg_loss = 0.0102, neg_loss = 0.0115, ivc_loss = 0.0217, nll_loss = 4.1175, push_inter = 0.0725, push_intra = 0.1717, pull_loss = 0.0142, aux_loss = 0.0000, final_loss = 4.1574, 0.238 seconds/batch
2026-05-06 22:50:47,762 - Epoch 22, Batch 250, lr = 0.00005, aux_scale = 1.000,  rec_loss = 4.1014, hneg_loss = 0.0155, neg_loss = 0.0133, ivc_loss = 0.0288, nll_loss = 4.1014, push_inter = 0.0741, push_intra = 0.1684, pull_loss = 0.0127, aux_loss = 0.0000, final_loss = 4.1484, 0.238 seconds/batch
2026-05-06 22:50:59,677 - Epoch 22, Batch 300, lr = 0.00005, aux_scale = 1.000,  rec_loss = 4.1114, hneg_loss = 0.0139, neg_loss = 0.0140, ivc_loss = 0.0279, nll_loss = 4.1114, push_inter = 0.0733, push_intra = 0.1688, pull_loss = 0.0122, aux_loss = 0.0000, final_loss = 4.1572, 0.238 seconds/batch
2026-05-06 22:51:11,750 - Epoch 22, Batch 350, lr = 0.00005, aux_scale = 1.000,  rec_loss = 4.1123, hneg_loss = 0.0115, neg_loss = 0.0132, ivc_loss = 0.0247, nll_loss = 4.1123, push_inter = 0.0730, push_intra = 0.1695, pull_loss = 0.0121, aux_loss = 0.0000, final_loss = 4.1548, 0.239 seconds/batch
2026-05-06 22:51:23,627 - Epoch 22, Batch 400, lr = 0.00005, aux_scale = 1.000,  rec_loss = 4.0938, hneg_loss = 0.0136, neg_loss = 0.0137, ivc_loss = 0.0273, nll_loss = 4.0938, push_inter = 0.0733, push_intra = 0.1694, pull_loss = 0.0118, aux_loss = 0.0000, final_loss = 4.1390, 0.239 seconds/batch
2026-05-06 22:51:35,574 - Epoch 22, Batch 450, lr = 0.00005, aux_scale = 1.000,  rec_loss = 4.0946, hneg_loss = 0.0125, neg_loss = 0.0157, ivc_loss = 0.0281, nll_loss = 4.0946, push_inter = 0.0727, push_intra = 0.1707, pull_loss = 0.0119, aux_loss = 0.0000, final_loss = 4.1405, 0.239 seconds/batch
2026-05-06 22:51:47,516 - Epoch 22, Batch 500, lr = 0.00005, aux_scale = 1.000,  rec_loss = 4.0980, hneg_loss = 0.0142, neg_loss = 0.0120, ivc_loss = 0.0262, nll_loss = 4.0980, push_inter = 0.0728, push_intra = 0.1704, pull_loss = 0.0130, aux_loss = 0.0000, final_loss = 4.1423, 0.239 seconds/batch
2026-05-06 22:51:59,409 - Epoch 22, Batch 550, lr = 0.00005, aux_scale = 1.000,  rec_loss = 4.0961, hneg_loss = 0.0115, neg_loss = 0.0118, ivc_loss = 0.0233, nll_loss = 4.0961, push_inter = 0.0729, push_intra = 0.1695, pull_loss = 0.0128, aux_loss = 0.0000, final_loss = 4.1374, 0.239 seconds/batch
2026-05-06 22:52:11,338 - Epoch 22, Batch 600, lr = 0.00005, aux_scale = 1.000,  rec_loss = 4.1147, hneg_loss = 0.0126, neg_loss = 0.0123, ivc_loss = 0.0249, nll_loss = 4.1147, push_inter = 0.0724, push_intra = 0.1684, pull_loss = 0.0137, aux_loss = 0.0000, final_loss = 4.1577, 0.239 seconds/batch
2026-05-06 22:52:23,381 - Epoch 22, Batch 650, lr = 0.00005, aux_scale = 1.000,  rec_loss = 4.0918, hneg_loss = 0.0126, neg_loss = 0.0127, ivc_loss = 0.0252, nll_loss = 4.0918, push_inter = 0.0736, push_intra = 0.1666, pull_loss = 0.0128, aux_loss = 0.0000, final_loss = 4.1352, 0.239 seconds/batch
2026-05-06 22:52:35,365 - Epoch 22, Batch 700, lr = 0.00005, aux_scale = 1.000,  rec_loss = 4.1229, hneg_loss = 0.0116, neg_loss = 0.0118, ivc_loss = 0.0235, nll_loss = 4.1229, push_inter = 0.0739, push_intra = 0.1652, pull_loss = 0.0134, aux_loss = 0.0000, final_loss = 4.1647, 0.239 seconds/batch
2026-05-06 22:52:47,275 - Epoch 22, Batch 750, lr = 0.00005, aux_scale = 1.000,  rec_loss = 4.1151, hneg_loss = 0.0127, neg_loss = 0.0140, ivc_loss = 0.0266, nll_loss = 4.1151, push_inter = 0.0739, push_intra = 0.1636, pull_loss = 0.0133, aux_loss = 0.0000, final_loss = 4.1601, 0.239 seconds/batch
2026-05-06 22:52:59,190 - Epoch 22, Batch 800, lr = 0.00005, aux_scale = 1.000,  rec_loss = 4.1193, hneg_loss = 0.0116, neg_loss = 0.0135, ivc_loss = 0.0251, nll_loss = 4.1193, push_inter = 0.0731, push_intra = 0.1652, pull_loss = 0.0133, aux_loss = 0.0000, final_loss = 4.1625, 0.239 seconds/batch
2026-05-06 22:53:11,170 - Epoch 22, Batch 850, lr = 0.00005, aux_scale = 1.000,  rec_loss = 4.0854, hneg_loss = 0.0138, neg_loss = 0.0147, ivc_loss = 0.0285, nll_loss = 4.0854, push_inter = 0.0736, push_intra = 0.1652, pull_loss = 0.0124, aux_loss = 0.0000, final_loss = 4.1319, 0.239 seconds/batch
2026-05-06 22:53:23,099 - Epoch 22, Batch 900, lr = 0.00005, aux_scale = 1.000,  rec_loss = 4.0946, hneg_loss = 0.0125, neg_loss = 0.0126, ivc_loss = 0.0251, nll_loss = 4.0946, push_inter = 0.0735, push_intra = 0.1672, pull_loss = 0.0127, aux_loss = 0.0000, final_loss = 4.1378, 0.239 seconds/batch
2026-05-06 22:53:35,033 - Epoch 22, Batch 950, lr = 0.00005, aux_scale = 1.000,  rec_loss = 4.1380, hneg_loss = 0.0132, neg_loss = 0.0123, ivc_loss = 0.0254, nll_loss = 4.1380, push_inter = 0.0728, push_intra = 0.1702, pull_loss = 0.0129, aux_loss = 0.0000, final_loss = 4.1814, 0.239 seconds/batch
2026-05-06 22:53:47,060 - Epoch 22, Batch 1000, lr = 0.00005, aux_scale = 1.000,  rec_loss = 4.1160, hneg_loss = 0.0123, neg_loss = 0.0141, ivc_loss = 0.0264, nll_loss = 4.1160, push_inter = 0.0721, push_intra = 0.1721, pull_loss = 0.0123, aux_loss = 0.0000, final_loss = 4.1602, 0.239 seconds/batch
2026-05-06 22:53:58,950 - Epoch 22, Batch 1050, lr = 0.00005, aux_scale = 1.000,  rec_loss = 4.1139, hneg_loss = 0.0130, neg_loss = 0.0144, ivc_loss = 0.0274, nll_loss = 4.1139, push_inter = 0.0719, push_intra = 0.1722, pull_loss = 0.0121, aux_loss = 0.0000, final_loss = 4.1589, 0.239 seconds/batch
2026-05-06 22:54:10,841 - Epoch 22, Batch 1100, lr = 0.00005, aux_scale = 1.000,  rec_loss = 4.1201, hneg_loss = 0.0134, neg_loss = 0.0125, ivc_loss = 0.0258, nll_loss = 4.1201, push_inter = 0.0717, push_intra = 0.1740, pull_loss = 0.0125, aux_loss = 0.0000, final_loss = 4.1637, 0.239 seconds/batch
2026-05-06 22:54:22,708 - Epoch 22, Batch 1150, lr = 0.00005, aux_scale = 1.000,  rec_loss = 4.1079, hneg_loss = 0.0135, neg_loss = 0.0127, ivc_loss = 0.0262, nll_loss = 4.1079, push_inter = 0.0732, push_intra = 0.1729, pull_loss = 0.0111, aux_loss = 0.0000, final_loss = 4.1518, 0.239 seconds/batch
2026-05-06 22:54:27,415 - Epoch 22, Batch 1170, lr = 0.00005, aux_scale = 1.000,  rec_loss = 4.1183, hneg_loss = 0.0120, neg_loss = 0.0110, ivc_loss = 0.0230, nll_loss = 4.1183, push_inter = 0.0726, push_intra = 0.1754, pull_loss = 0.0115, aux_loss = 0.0000, final_loss = 4.1589, 0.239 seconds/batch
2026-05-06 22:54:27,510 - save model to checkpoints/activitynet_moe_v4/moe_v4/model-22.pt, num_updates 25740.
2026-05-06 22:56:17,699 - | R@1,mIoU 0.2483 | R@1,IoU@0.1 0.5590 | R@1,IoU@0.3 0.4019 | R@1,IoU@0.5 0.2063 | R@1,IoU@0.7 0.0444 | R@1,IoU@0.9 0.0022 | R@5,mIoU 0.3517 | R@5,IoU@0.1 0.7041 | R@5,IoU@0.3 0.5072 | R@5,IoU@0.5 0.3296 | R@5,IoU@0.7 0.1658 | R@5,IoU@0.9 0.0257 |
2026-05-06 22:56:17,699 - ============================================================
2026-05-06 22:56:17,699 - Start Epoch 23
2026-05-06 22:56:29,850 - Epoch 23, Batch 50, lr = 0.00005, aux_scale = 1.000,  rec_loss = 4.0558, hneg_loss = 0.0123, neg_loss = 0.0119, ivc_loss = 0.0242, nll_loss = 4.0558, push_inter = 0.0720, push_intra = 0.1763, pull_loss = 0.0116, aux_loss = 0.0000, final_loss = 4.0977, 0.243 seconds/batch
2026-05-06 22:56:41,680 - Epoch 23, Batch 100, lr = 0.00005, aux_scale = 1.000,  rec_loss = 4.0630, hneg_loss = 0.0128, neg_loss = 0.0118, ivc_loss = 0.0246, nll_loss = 4.0630, push_inter = 0.0725, push_intra = 0.1771, pull_loss = 0.0118, aux_loss = 0.0000, final_loss = 4.1054, 0.240 seconds/batch
2026-05-06 22:56:53,554 - Epoch 23, Batch 150, lr = 0.00005, aux_scale = 1.000,  rec_loss = 4.0569, hneg_loss = 0.0113, neg_loss = 0.0120, ivc_loss = 0.0233, nll_loss = 4.0569, push_inter = 0.0726, push_intra = 0.1753, pull_loss = 0.0113, aux_loss = 0.0000, final_loss = 4.0979, 0.239 seconds/batch
2026-05-06 22:57:05,475 - Epoch 23, Batch 200, lr = 0.00005, aux_scale = 1.000,  rec_loss = 4.0688, hneg_loss = 0.0112, neg_loss = 0.0122, ivc_loss = 0.0234, nll_loss = 4.0688, push_inter = 0.0722, push_intra = 0.1785, pull_loss = 0.0113, aux_loss = 0.0000, final_loss = 4.1097, 0.239 seconds/batch
2026-05-06 22:57:17,408 - Epoch 23, Batch 250, lr = 0.00005, aux_scale = 1.000,  rec_loss = 4.0876, hneg_loss = 0.0135, neg_loss = 0.0127, ivc_loss = 0.0262, nll_loss = 4.0876, push_inter = 0.0719, push_intra = 0.1801, pull_loss = 0.0113, aux_loss = 0.0000, final_loss = 4.1314, 0.239 seconds/batch
2026-05-06 22:57:29,343 - Epoch 23, Batch 300, lr = 0.00005, aux_scale = 1.000,  rec_loss = 4.0648, hneg_loss = 0.0127, neg_loss = 0.0110, ivc_loss = 0.0237, nll_loss = 4.0648, push_inter = 0.0712, push_intra = 0.1813, pull_loss = 0.0113, aux_loss = 0.0000, final_loss = 4.1059, 0.239 seconds/batch
2026-05-06 22:57:41,185 - Epoch 23, Batch 350, lr = 0.00005, aux_scale = 1.000,  rec_loss = 4.1014, hneg_loss = 0.0138, neg_loss = 0.0111, ivc_loss = 0.0249, nll_loss = 4.1014, push_inter = 0.0717, push_intra = 0.1806, pull_loss = 0.0107, aux_loss = 0.0000, final_loss = 4.1437, 0.239 seconds/batch
2026-05-06 22:57:53,043 - Epoch 23, Batch 400, lr = 0.00005, aux_scale = 1.000,  rec_loss = 4.0996, hneg_loss = 0.0120, neg_loss = 0.0129, ivc_loss = 0.0248, nll_loss = 4.0996, push_inter = 0.0712, push_intra = 0.1807, pull_loss = 0.0109, aux_loss = 0.0000, final_loss = 4.1418, 0.238 seconds/batch
2026-05-06 22:58:04,961 - Epoch 23, Batch 450, lr = 0.00005, aux_scale = 1.000,  rec_loss = 4.0783, hneg_loss = 0.0125, neg_loss = 0.0133, ivc_loss = 0.0258, nll_loss = 4.0783, push_inter = 0.0723, push_intra = 0.1782, pull_loss = 0.0106, aux_loss = 0.0000, final_loss = 4.1215, 0.238 seconds/batch
2026-05-06 22:58:16,930 - Epoch 23, Batch 500, lr = 0.00005, aux_scale = 1.000,  rec_loss = 4.1095, hneg_loss = 0.0115, neg_loss = 0.0129, ivc_loss = 0.0244, nll_loss = 4.1095, push_inter = 0.0735, push_intra = 0.1744, pull_loss = 0.0105, aux_loss = 0.0000, final_loss = 4.1516, 0.238 seconds/batch
2026-05-06 22:58:28,854 - Epoch 23, Batch 550, lr = 0.00005, aux_scale = 1.000,  rec_loss = 4.0750, hneg_loss = 0.0127, neg_loss = 0.0117, ivc_loss = 0.0244, nll_loss = 4.0750, push_inter = 0.0732, push_intra = 0.1738, pull_loss = 0.0109, aux_loss = 0.0000, final_loss = 4.1171, 0.238 seconds/batch
2026-05-06 22:58:40,729 - Epoch 23, Batch 600, lr = 0.00005, aux_scale = 1.000,  rec_loss = 4.0778, hneg_loss = 0.0111, neg_loss = 0.0126, ivc_loss = 0.0237, nll_loss = 4.0778, push_inter = 0.0725, push_intra = 0.1756, pull_loss = 0.0111, aux_loss = 0.0000, final_loss = 4.1191, 0.238 seconds/batch
2026-05-06 22:58:52,647 - Epoch 23, Batch 650, lr = 0.00005, aux_scale = 1.000,  rec_loss = 4.0969, hneg_loss = 0.0127, neg_loss = 0.0115, ivc_loss = 0.0242, nll_loss = 4.0969, push_inter = 0.0726, push_intra = 0.1752, pull_loss = 0.0109, aux_loss = 0.0000, final_loss = 4.1387, 0.238 seconds/batch
2026-05-06 22:59:04,709 - Epoch 23, Batch 700, lr = 0.00005, aux_scale = 1.000,  rec_loss = 4.1041, hneg_loss = 0.0100, neg_loss = 0.0095, ivc_loss = 0.0195, nll_loss = 4.1041, push_inter = 0.0724, push_intra = 0.1728, pull_loss = 0.0111, aux_loss = 0.0000, final_loss = 4.1412, 0.239 seconds/batch
2026-05-06 22:59:16,621 - Epoch 23, Batch 750, lr = 0.00005, aux_scale = 1.000,  rec_loss = 4.0942, hneg_loss = 0.0123, neg_loss = 0.0134, ivc_loss = 0.0257, nll_loss = 4.0942, push_inter = 0.0720, push_intra = 0.1728, pull_loss = 0.0111, aux_loss = 0.0000, final_loss = 4.1375, 0.239 seconds/batch
2026-05-06 22:59:28,510 - Epoch 23, Batch 800, lr = 0.00005, aux_scale = 1.000,  rec_loss = 4.0958, hneg_loss = 0.0124, neg_loss = 0.0110, ivc_loss = 0.0234, nll_loss = 4.0958, push_inter = 0.0729, push_intra = 0.1702, pull_loss = 0.0107, aux_loss = 0.0000, final_loss = 4.1368, 0.239 seconds/batch
2026-05-06 22:59:40,394 - Epoch 23, Batch 850, lr = 0.00005, aux_scale = 1.000,  rec_loss = 4.0987, hneg_loss = 0.0134, neg_loss = 0.0135, ivc_loss = 0.0269, nll_loss = 4.0987, push_inter = 0.0729, push_intra = 0.1713, pull_loss = 0.0108, aux_loss = 0.0000, final_loss = 4.1431, 0.238 seconds/batch
2026-05-06 22:59:52,334 - Epoch 23, Batch 900, lr = 0.00005, aux_scale = 1.000,  rec_loss = 4.0541, hneg_loss = 0.0104, neg_loss = 0.0106, ivc_loss = 0.0210, nll_loss = 4.0541, push_inter = 0.0722, push_intra = 0.1720, pull_loss = 0.0114, aux_loss = 0.0000, final_loss = 4.0927, 0.238 seconds/batch
2026-05-06 23:00:04,174 - Epoch 23, Batch 950, lr = 0.00005, aux_scale = 1.000,  rec_loss = 4.0628, hneg_loss = 0.0162, neg_loss = 0.0113, ivc_loss = 0.0275, nll_loss = 4.0628, push_inter = 0.0720, push_intra = 0.1719, pull_loss = 0.0125, aux_loss = 0.0000, final_loss = 4.1080, 0.238 seconds/batch
2026-05-06 23:00:16,055 - Epoch 23, Batch 1000, lr = 0.00005, aux_scale = 1.000,  rec_loss = 4.1102, hneg_loss = 0.0118, neg_loss = 0.0144, ivc_loss = 0.0262, nll_loss = 4.1102, push_inter = 0.0728, push_intra = 0.1690, pull_loss = 0.0117, aux_loss = 0.0000, final_loss = 4.1541, 0.238 seconds/batch
2026-05-06 23:00:28,046 - Epoch 23, Batch 1050, lr = 0.00005, aux_scale = 1.000,  rec_loss = 4.1222, hneg_loss = 0.0123, neg_loss = 0.0118, ivc_loss = 0.0241, nll_loss = 4.1222, push_inter = 0.0731, push_intra = 0.1677, pull_loss = 0.0116, aux_loss = 0.0000, final_loss = 4.1641, 0.238 seconds/batch
2026-05-06 23:00:39,987 - Epoch 23, Batch 1100, lr = 0.00005, aux_scale = 1.000,  rec_loss = 4.0841, hneg_loss = 0.0104, neg_loss = 0.0130, ivc_loss = 0.0235, nll_loss = 4.0841, push_inter = 0.0735, push_intra = 0.1665, pull_loss = 0.0106, aux_loss = 0.0000, final_loss = 4.1252, 0.238 seconds/batch
2026-05-06 23:00:52,021 - Epoch 23, Batch 1150, lr = 0.00005, aux_scale = 1.000,  rec_loss = 4.1094, hneg_loss = 0.0118, neg_loss = 0.0108, ivc_loss = 0.0226, nll_loss = 4.1094, push_inter = 0.0734, push_intra = 0.1669, pull_loss = 0.0105, aux_loss = 0.0000, final_loss = 4.1496, 0.239 seconds/batch
2026-05-06 23:00:56,766 - Epoch 23, Batch 1170, lr = 0.00005, aux_scale = 1.000,  rec_loss = 4.0610, hneg_loss = 0.0131, neg_loss = 0.0147, ivc_loss = 0.0278, nll_loss = 4.0610, push_inter = 0.0735, push_intra = 0.1676, pull_loss = 0.0108, aux_loss = 0.0000, final_loss = 4.1065, 0.239 seconds/batch
2026-05-06 23:00:56,862 - save model to checkpoints/activitynet_moe_v4/moe_v4/model-23.pt, num_updates 26910.
2026-05-06 23:02:46,382 - | R@1,mIoU 0.2539 | R@1,IoU@0.1 0.5601 | R@1,IoU@0.3 0.3972 | R@1,IoU@0.5 0.2237 | R@1,IoU@0.7 0.0619 | R@1,IoU@0.9 0.0034 | R@5,mIoU 0.3497 | R@5,IoU@0.1 0.6907 | R@5,IoU@0.3 0.5073 | R@5,IoU@0.5 0.3341 | R@5,IoU@0.7 0.1697 | R@5,IoU@0.9 0.0226 |
2026-05-06 23:02:46,484 - Best results have been updated.
2026-05-06 23:02:46,485 - ============================================================
2026-05-06 23:02:46,485 - Start Epoch 24
2026-05-06 23:02:58,659 - Epoch 24, Batch 50, lr = 0.00005, aux_scale = 1.000,  rec_loss = 4.0400, hneg_loss = 0.0117, neg_loss = 0.0101, ivc_loss = 0.0218, nll_loss = 4.0400, push_inter = 0.0737, push_intra = 0.1664, pull_loss = 0.0102, aux_loss = 0.0000, final_loss = 4.0795, 0.243 seconds/batch
2026-05-06 23:03:10,437 - Epoch 24, Batch 100, lr = 0.00005, aux_scale = 1.000,  rec_loss = 4.0428, hneg_loss = 0.0118, neg_loss = 0.0111, ivc_loss = 0.0230, nll_loss = 4.0428, push_inter = 0.0741, push_intra = 0.1649, pull_loss = 0.0111, aux_loss = 0.0000, final_loss = 4.0836, 0.240 seconds/batch
2026-05-06 23:03:22,271 - Epoch 24, Batch 150, lr = 0.00005, aux_scale = 1.000,  rec_loss = 4.0614, hneg_loss = 0.0115, neg_loss = 0.0119, ivc_loss = 0.0234, nll_loss = 4.0614, push_inter = 0.0733, push_intra = 0.1670, pull_loss = 0.0114, aux_loss = 0.0000, final_loss = 4.1026, 0.239 seconds/batch
2026-05-06 23:03:34,185 - Epoch 24, Batch 200, lr = 0.00005, aux_scale = 1.000,  rec_loss = 4.0327, hneg_loss = 0.0131, neg_loss = 0.0113, ivc_loss = 0.0244, nll_loss = 4.0327, push_inter = 0.0732, push_intra = 0.1665, pull_loss = 0.0112, aux_loss = 0.0000, final_loss = 4.0749, 0.238 seconds/batch
2026-05-06 23:03:46,101 - Epoch 24, Batch 250, lr = 0.00005, aux_scale = 1.000,  rec_loss = 4.0560, hneg_loss = 0.0131, neg_loss = 0.0128, ivc_loss = 0.0259, nll_loss = 4.0560, push_inter = 0.0723, push_intra = 0.1662, pull_loss = 0.0119, aux_loss = 0.0000, final_loss = 4.0996, 0.238 seconds/batch
2026-05-06 23:03:58,069 - Epoch 24, Batch 300, lr = 0.00005, aux_scale = 1.000,  rec_loss = 4.0813, hneg_loss = 0.0131, neg_loss = 0.0104, ivc_loss = 0.0235, nll_loss = 4.0813, push_inter = 0.0723, push_intra = 0.1652, pull_loss = 0.0118, aux_loss = 0.0000, final_loss = 4.1225, 0.239 seconds/batch
2026-05-06 23:04:10,113 - Epoch 24, Batch 350, lr = 0.00005, aux_scale = 1.000,  rec_loss = 4.0558, hneg_loss = 0.0116, neg_loss = 0.0131, ivc_loss = 0.0247, nll_loss = 4.0558, push_inter = 0.0724, push_intra = 0.1655, pull_loss = 0.0114, aux_loss = 0.0000, final_loss = 4.0981, 0.239 seconds/batch
2026-05-06 23:04:22,074 - Epoch 24, Batch 400, lr = 0.00005, aux_scale = 1.000,  rec_loss = 4.0543, hneg_loss = 0.0119, neg_loss = 0.0144, ivc_loss = 0.0263, nll_loss = 4.0543, push_inter = 0.0727, push_intra = 0.1645, pull_loss = 0.0115, aux_loss = 0.0000, final_loss = 4.0982, 0.239 seconds/batch
2026-05-06 23:04:34,005 - Epoch 24, Batch 450, lr = 0.00005, aux_scale = 1.000,  rec_loss = 4.0762, hneg_loss = 0.0134, neg_loss = 0.0126, ivc_loss = 0.0259, nll_loss = 4.0762, push_inter = 0.0726, push_intra = 0.1645, pull_loss = 0.0121, aux_loss = 0.0000, final_loss = 4.1199, 0.239 seconds/batch
2026-05-06 23:04:46,117 - Epoch 24, Batch 500, lr = 0.00005, aux_scale = 1.000,  rec_loss = 4.0729, hneg_loss = 0.0116, neg_loss = 0.0129, ivc_loss = 0.0245, nll_loss = 4.0729, push_inter = 0.0726, push_intra = 0.1655, pull_loss = 0.0123, aux_loss = 0.0000, final_loss = 4.1152, 0.239 seconds/batch
2026-05-06 23:04:58,040 - Epoch 24, Batch 550, lr = 0.00005, aux_scale = 1.000,  rec_loss = 4.0901, hneg_loss = 0.0117, neg_loss = 0.0111, ivc_loss = 0.0228, nll_loss = 4.0901, push_inter = 0.0723, push_intra = 0.1671, pull_loss = 0.0115, aux_loss = 0.0000, final_loss = 4.1305, 0.239 seconds/batch
2026-05-06 23:05:09,993 - Epoch 24, Batch 600, lr = 0.00005, aux_scale = 1.000,  rec_loss = 4.0639, hneg_loss = 0.0130, neg_loss = 0.0119, ivc_loss = 0.0249, nll_loss = 4.0639, push_inter = 0.0720, push_intra = 0.1681, pull_loss = 0.0116, aux_loss = 0.0000, final_loss = 4.1064, 0.239 seconds/batch
2026-05-06 23:05:22,342 - Epoch 24, Batch 650, lr = 0.00005, aux_scale = 1.000,  rec_loss = 4.0891, hneg_loss = 0.0106, neg_loss = 0.0111, ivc_loss = 0.0217, nll_loss = 4.0891, push_inter = 0.0722, push_intra = 0.1687, pull_loss = 0.0112, aux_loss = 0.0000, final_loss = 4.1284, 0.240 seconds/batch
2026-05-06 23:05:34,377 - Epoch 24, Batch 700, lr = 0.00005, aux_scale = 1.000,  rec_loss = 4.0889, hneg_loss = 0.0121, neg_loss = 0.0117, ivc_loss = 0.0238, nll_loss = 4.0889, push_inter = 0.0724, push_intra = 0.1654, pull_loss = 0.0108, aux_loss = 0.0000, final_loss = 4.1302, 0.240 seconds/batch
2026-05-06 23:05:46,332 - Epoch 24, Batch 750, lr = 0.00005, aux_scale = 1.000,  rec_loss = 4.0609, hneg_loss = 0.0108, neg_loss = 0.0123, ivc_loss = 0.0231, nll_loss = 4.0609, push_inter = 0.0730, push_intra = 0.1628, pull_loss = 0.0114, aux_loss = 0.0000, final_loss = 4.1018, 0.240 seconds/batch
2026-05-06 23:05:58,212 - Epoch 24, Batch 800, lr = 0.00005, aux_scale = 1.000,  rec_loss = 4.0987, hneg_loss = 0.0136, neg_loss = 0.0115, ivc_loss = 0.0251, nll_loss = 4.0987, push_inter = 0.0721, push_intra = 0.1632, pull_loss = 0.0119, aux_loss = 0.0000, final_loss = 4.1415, 0.240 seconds/batch
2026-05-06 23:06:10,591 - Epoch 24, Batch 850, lr = 0.00005, aux_scale = 1.000,  rec_loss = 4.0580, hneg_loss = 0.0100, neg_loss = 0.0116, ivc_loss = 0.0216, nll_loss = 4.0580, push_inter = 0.0722, push_intra = 0.1626, pull_loss = 0.0118, aux_loss = 0.0000, final_loss = 4.0972, 0.240 seconds/batch
2026-05-06 23:06:22,573 - Epoch 24, Batch 900, lr = 0.00005, aux_scale = 1.000,  rec_loss = 4.0768, hneg_loss = 0.0137, neg_loss = 0.0152, ivc_loss = 0.0289, nll_loss = 4.0768, push_inter = 0.0733, push_intra = 0.1614, pull_loss = 0.0117, aux_loss = 0.0000, final_loss = 4.1235, 0.240 seconds/batch
2026-05-06 23:06:34,461 - Epoch 24, Batch 950, lr = 0.00005, aux_scale = 1.000,  rec_loss = 4.0670, hneg_loss = 0.0118, neg_loss = 0.0099, ivc_loss = 0.0217, nll_loss = 4.0670, push_inter = 0.0746, push_intra = 0.1579, pull_loss = 0.0121, aux_loss = 0.0000, final_loss = 4.1068, 0.240 seconds/batch
2026-05-06 23:06:46,457 - Epoch 24, Batch 1000, lr = 0.00005, aux_scale = 1.000,  rec_loss = 4.0959, hneg_loss = 0.0111, neg_loss = 0.0109, ivc_loss = 0.0220, nll_loss = 4.0959, push_inter = 0.0744, push_intra = 0.1591, pull_loss = 0.0115, aux_loss = 0.0000, final_loss = 4.1358, 0.240 seconds/batch
2026-05-06 23:06:58,626 - Epoch 24, Batch 1050, lr = 0.00005, aux_scale = 1.000,  rec_loss = 4.0490, hneg_loss = 0.0135, neg_loss = 0.0124, ivc_loss = 0.0259, nll_loss = 4.0490, push_inter = 0.0734, push_intra = 0.1611, pull_loss = 0.0117, aux_loss = 0.0000, final_loss = 4.0928, 0.240 seconds/batch
2026-05-06 23:07:10,509 - Epoch 24, Batch 1100, lr = 0.00005, aux_scale = 1.000,  rec_loss = 4.0567, hneg_loss = 0.0119, neg_loss = 0.0101, ivc_loss = 0.0220, nll_loss = 4.0567, push_inter = 0.0734, push_intra = 0.1605, pull_loss = 0.0110, aux_loss = 0.0000, final_loss = 4.0964, 0.240 seconds/batch
2026-05-06 23:07:22,437 - Epoch 24, Batch 1150, lr = 0.00005, aux_scale = 1.000,  rec_loss = 4.0554, hneg_loss = 0.0125, neg_loss = 0.0114, ivc_loss = 0.0239, nll_loss = 4.0554, push_inter = 0.0730, push_intra = 0.1605, pull_loss = 0.0112, aux_loss = 0.0000, final_loss = 4.0970, 0.240 seconds/batch
2026-05-06 23:07:27,141 - Epoch 24, Batch 1170, lr = 0.00005, aux_scale = 1.000,  rec_loss = 4.0809, hneg_loss = 0.0129, neg_loss = 0.0158, ivc_loss = 0.0287, nll_loss = 4.0809, push_inter = 0.0729, push_intra = 0.1597, pull_loss = 0.0112, aux_loss = 0.0000, final_loss = 4.1272, 0.240 seconds/batch
2026-05-06 23:07:27,236 - save model to checkpoints/activitynet_moe_v4/moe_v4/model-24.pt, num_updates 28080.
2026-05-06 23:09:16,760 - | R@1,mIoU 0.2462 | R@1,IoU@0.1 0.5523 | R@1,IoU@0.3 0.3929 | R@1,IoU@0.5 0.2050 | R@1,IoU@0.7 0.0526 | R@1,IoU@0.9 0.0024 | R@5,mIoU 0.3496 | R@5,IoU@0.1 0.6870 | R@5,IoU@0.3 0.5075 | R@5,IoU@0.5 0.3400 | R@5,IoU@0.7 0.1726 | R@5,IoU@0.9 0.0206 |
2026-05-06 23:09:16,760 - ============================================================
2026-05-06 23:09:16,760 - Start Epoch 25
2026-05-06 23:09:28,877 - Epoch 25, Batch 50, lr = 0.00005, aux_scale = 1.000,  rec_loss = 4.0379, hneg_loss = 0.0097, neg_loss = 0.0100, ivc_loss = 0.0198, nll_loss = 4.0379, push_inter = 0.0736, push_intra = 0.1591, pull_loss = 0.0111, aux_loss = 0.0000, final_loss = 4.0754, 0.242 seconds/batch
2026-05-06 23:09:40,700 - Epoch 25, Batch 100, lr = 0.00005, aux_scale = 1.000,  rec_loss = 4.0121, hneg_loss = 0.0134, neg_loss = 0.0099, ivc_loss = 0.0233, nll_loss = 4.0121, push_inter = 0.0737, push_intra = 0.1603, pull_loss = 0.0112, aux_loss = 0.0000, final_loss = 4.0532, 0.239 seconds/batch
2026-05-06 23:09:52,554 - Epoch 25, Batch 150, lr = 0.00005, aux_scale = 1.000,  rec_loss = 4.0372, hneg_loss = 0.0112, neg_loss = 0.0120, ivc_loss = 0.0232, nll_loss = 4.0372, push_inter = 0.0736, push_intra = 0.1614, pull_loss = 0.0109, aux_loss = 0.0000, final_loss = 4.0781, 0.239 seconds/batch
2026-05-06 23:10:04,413 - Epoch 25, Batch 200, lr = 0.00005, aux_scale = 1.000,  rec_loss = 4.0491, hneg_loss = 0.0122, neg_loss = 0.0125, ivc_loss = 0.0247, nll_loss = 4.0491, push_inter = 0.0727, push_intra = 0.1638, pull_loss = 0.0108, aux_loss = 0.0000, final_loss = 4.0913, 0.238 seconds/batch
2026-05-06 23:10:16,309 - Epoch 25, Batch 250, lr = 0.00005, aux_scale = 1.000,  rec_loss = 4.0226, hneg_loss = 0.0126, neg_loss = 0.0099, ivc_loss = 0.0225, nll_loss = 4.0226, push_inter = 0.0733, push_intra = 0.1636, pull_loss = 0.0101, aux_loss = 0.0000, final_loss = 4.0626, 0.238 seconds/batch
2026-05-06 23:10:28,232 - Epoch 25, Batch 300, lr = 0.00005, aux_scale = 1.000,  rec_loss = 4.0715, hneg_loss = 0.0101, neg_loss = 0.0099, ivc_loss = 0.0200, nll_loss = 4.0715, push_inter = 0.0732, push_intra = 0.1647, pull_loss = 0.0100, aux_loss = 0.0000, final_loss = 4.1090, 0.238 seconds/batch
2026-05-06 23:10:40,115 - Epoch 25, Batch 350, lr = 0.00005, aux_scale = 1.000,  rec_loss = 4.0584, hneg_loss = 0.0130, neg_loss = 0.0117, ivc_loss = 0.0247, nll_loss = 4.0584, push_inter = 0.0737, push_intra = 0.1642, pull_loss = 0.0098, aux_loss = 0.0000, final_loss = 4.1006, 0.238 seconds/batch
2026-05-06 23:10:52,046 - Epoch 25, Batch 400, lr = 0.00005, aux_scale = 1.000,  rec_loss = 4.0171, hneg_loss = 0.0127, neg_loss = 0.0109, ivc_loss = 0.0236, nll_loss = 4.0171, push_inter = 0.0736, push_intra = 0.1635, pull_loss = 0.0101, aux_loss = 0.0000, final_loss = 4.0582, 0.238 seconds/batch
2026-05-06 23:11:03,945 - Epoch 25, Batch 450, lr = 0.00005, aux_scale = 1.000,  rec_loss = 4.0338, hneg_loss = 0.0133, neg_loss = 0.0135, ivc_loss = 0.0269, nll_loss = 4.0338, push_inter = 0.0734, push_intra = 0.1637, pull_loss = 0.0105, aux_loss = 0.0000, final_loss = 4.0783, 0.238 seconds/batch
2026-05-06 23:11:15,977 - Epoch 25, Batch 500, lr = 0.00005, aux_scale = 1.000,  rec_loss = 4.0363, hneg_loss = 0.0117, neg_loss = 0.0118, ivc_loss = 0.0235, nll_loss = 4.0363, push_inter = 0.0738, push_intra = 0.1630, pull_loss = 0.0099, aux_loss = 0.0000, final_loss = 4.0774, 0.238 seconds/batch
2026-05-06 23:11:27,940 - Epoch 25, Batch 550, lr = 0.00005, aux_scale = 1.000,  rec_loss = 4.0440, hneg_loss = 0.0112, neg_loss = 0.0107, ivc_loss = 0.0220, nll_loss = 4.0440, push_inter = 0.0739, push_intra = 0.1640, pull_loss = 0.0100, aux_loss = 0.0000, final_loss = 4.0835, 0.239 seconds/batch
2026-05-06 23:11:39,823 - Epoch 25, Batch 600, lr = 0.00005, aux_scale = 1.000,  rec_loss = 4.0354, hneg_loss = 0.0124, neg_loss = 0.0121, ivc_loss = 0.0246, nll_loss = 4.0354, push_inter = 0.0742, push_intra = 0.1636, pull_loss = 0.0099, aux_loss = 0.0000, final_loss = 4.0776, 0.238 seconds/batch
2026-05-06 23:11:51,668 - Epoch 25, Batch 650, lr = 0.00005, aux_scale = 1.000,  rec_loss = 4.0806, hneg_loss = 0.0116, neg_loss = 0.0117, ivc_loss = 0.0233, nll_loss = 4.0806, push_inter = 0.0741, push_intra = 0.1622, pull_loss = 0.0099, aux_loss = 0.0000, final_loss = 4.1215, 0.238 seconds/batch
2026-05-06 23:12:03,541 - Epoch 25, Batch 700, lr = 0.00005, aux_scale = 1.000,  rec_loss = 4.0564, hneg_loss = 0.0109, neg_loss = 0.0117, ivc_loss = 0.0226, nll_loss = 4.0564, push_inter = 0.0739, push_intra = 0.1606, pull_loss = 0.0108, aux_loss = 0.0000, final_loss = 4.0968, 0.238 seconds/batch
2026-05-06 23:12:15,461 - Epoch 25, Batch 750, lr = 0.00005, aux_scale = 1.000,  rec_loss = 4.0579, hneg_loss = 0.0110, neg_loss = 0.0103, ivc_loss = 0.0212, nll_loss = 4.0579, push_inter = 0.0736, push_intra = 0.1598, pull_loss = 0.0109, aux_loss = 0.0000, final_loss = 4.0968, 0.238 seconds/batch
2026-05-06 23:12:27,368 - Epoch 25, Batch 800, lr = 0.00005, aux_scale = 1.000,  rec_loss = 4.0467, hneg_loss = 0.0112, neg_loss = 0.0134, ivc_loss = 0.0246, nll_loss = 4.0467, push_inter = 0.0735, push_intra = 0.1614, pull_loss = 0.0107, aux_loss = 0.0000, final_loss = 4.0890, 0.238 seconds/batch
2026-05-06 23:12:39,268 - Epoch 25, Batch 850, lr = 0.00005, aux_scale = 1.000,  rec_loss = 4.0517, hneg_loss = 0.0118, neg_loss = 0.0096, ivc_loss = 0.0214, nll_loss = 4.0517, push_inter = 0.0730, push_intra = 0.1637, pull_loss = 0.0107, aux_loss = 0.0000, final_loss = 4.0907, 0.238 seconds/batch
2026-05-06 23:12:51,148 - Epoch 25, Batch 900, lr = 0.00005, aux_scale = 1.000,  rec_loss = 4.0667, hneg_loss = 0.0104, neg_loss = 0.0114, ivc_loss = 0.0218, nll_loss = 4.0667, push_inter = 0.0724, push_intra = 0.1645, pull_loss = 0.0109, aux_loss = 0.0000, final_loss = 4.1060, 0.238 seconds/batch
2026-05-06 23:13:03,041 - Epoch 25, Batch 950, lr = 0.00005, aux_scale = 1.000,  rec_loss = 4.0648, hneg_loss = 0.0138, neg_loss = 0.0111, ivc_loss = 0.0248, nll_loss = 4.0648, push_inter = 0.0729, push_intra = 0.1637, pull_loss = 0.0103, aux_loss = 0.0000, final_loss = 4.1071, 0.238 seconds/batch
2026-05-06 23:13:14,989 - Epoch 25, Batch 1000, lr = 0.00005, aux_scale = 1.000,  rec_loss = 4.0465, hneg_loss = 0.0134, neg_loss = 0.0106, ivc_loss = 0.0239, nll_loss = 4.0465, push_inter = 0.0724, push_intra = 0.1640, pull_loss = 0.0098, aux_loss = 0.0000, final_loss = 4.0877, 0.238 seconds/batch
2026-05-06 23:13:26,846 - Epoch 25, Batch 1050, lr = 0.00005, aux_scale = 1.000,  rec_loss = 4.0630, hneg_loss = 0.0122, neg_loss = 0.0128, ivc_loss = 0.0250, nll_loss = 4.0630, push_inter = 0.0739, push_intra = 0.1628, pull_loss = 0.0103, aux_loss = 0.0000, final_loss = 4.1056, 0.238 seconds/batch
2026-05-06 23:13:38,764 - Epoch 25, Batch 1100, lr = 0.00005, aux_scale = 1.000,  rec_loss = 4.0152, hneg_loss = 0.0113, neg_loss = 0.0116, ivc_loss = 0.0229, nll_loss = 4.0152, push_inter = 0.0740, push_intra = 0.1631, pull_loss = 0.0100, aux_loss = 0.0000, final_loss = 4.0557, 0.238 seconds/batch
2026-05-06 23:13:50,719 - Epoch 25, Batch 1150, lr = 0.00005, aux_scale = 1.000,  rec_loss = 4.0717, hneg_loss = 0.0116, neg_loss = 0.0100, ivc_loss = 0.0215, nll_loss = 4.0717, push_inter = 0.0743, push_intra = 0.1639, pull_loss = 0.0097, aux_loss = 0.0000, final_loss = 4.1108, 0.238 seconds/batch
2026-05-06 23:13:55,429 - Epoch 25, Batch 1170, lr = 0.00005, aux_scale = 1.000,  rec_loss = 4.1304, hneg_loss = 0.0114, neg_loss = 0.0129, ivc_loss = 0.0243, nll_loss = 4.1304, push_inter = 0.0740, push_intra = 0.1658, pull_loss = 0.0095, aux_loss = 0.0000, final_loss = 4.1723, 0.238 seconds/batch
2026-05-06 23:13:55,517 - save model to checkpoints/activitynet_moe_v4/moe_v4/model-25.pt, num_updates 29250.
2026-05-06 23:15:45,015 - | R@1,mIoU 0.2446 | R@1,IoU@0.1 0.5481 | R@1,IoU@0.3 0.3891 | R@1,IoU@0.5 0.2053 | R@1,IoU@0.7 0.0545 | R@1,IoU@0.9 0.0028 | R@5,mIoU 0.3452 | R@5,IoU@0.1 0.6806 | R@5,IoU@0.3 0.5015 | R@5,IoU@0.5 0.3309 | R@5,IoU@0.7 0.1730 | R@5,IoU@0.9 0.0200 |
2026-05-06 23:15:45,015 - ============================================================
2026-05-06 23:15:45,015 - Start Epoch 26
2026-05-06 23:15:57,189 - Epoch 26, Batch 50, lr = 0.00005, aux_scale = 1.000,  rec_loss = 3.9909, hneg_loss = 0.0124, neg_loss = 0.0109, ivc_loss = 0.0233, nll_loss = 3.9909, push_inter = 0.0738, push_intra = 0.1647, pull_loss = 0.0090, aux_loss = 0.0000, final_loss = 4.0316, 0.243 seconds/batch
2026-05-06 23:16:09,055 - Epoch 26, Batch 100, lr = 0.00005, aux_scale = 1.000,  rec_loss = 3.9756, hneg_loss = 0.0102, neg_loss = 0.0119, ivc_loss = 0.0221, nll_loss = 3.9756, push_inter = 0.0738, push_intra = 0.1643, pull_loss = 0.0091, aux_loss = 0.0000, final_loss = 4.0152, 0.240 seconds/batch
2026-05-06 23:16:20,992 - Epoch 26, Batch 150, lr = 0.00005, aux_scale = 1.000,  rec_loss = 4.0463, hneg_loss = 0.0121, neg_loss = 0.0107, ivc_loss = 0.0228, nll_loss = 4.0463, push_inter = 0.0737, push_intra = 0.1640, pull_loss = 0.0093, aux_loss = 0.0000, final_loss = 4.0866, 0.240 seconds/batch
2026-05-06 23:16:32,855 - Epoch 26, Batch 200, lr = 0.00005, aux_scale = 1.000,  rec_loss = 4.0601, hneg_loss = 0.0115, neg_loss = 0.0111, ivc_loss = 0.0226, nll_loss = 4.0601, push_inter = 0.0743, push_intra = 0.1633, pull_loss = 0.0090, aux_loss = 0.0000, final_loss = 4.1002, 0.239 seconds/batch
2026-05-06 23:16:44,724 - Epoch 26, Batch 250, lr = 0.00005, aux_scale = 1.000,  rec_loss = 4.0285, hneg_loss = 0.0089, neg_loss = 0.0103, ivc_loss = 0.0192, nll_loss = 4.0285, push_inter = 0.0743, push_intra = 0.1652, pull_loss = 0.0090, aux_loss = 0.0000, final_loss = 4.0652, 0.239 seconds/batch
2026-05-06 23:16:56,610 - Epoch 26, Batch 300, lr = 0.00005, aux_scale = 1.000,  rec_loss = 4.0133, hneg_loss = 0.0115, neg_loss = 0.0114, ivc_loss = 0.0229, nll_loss = 4.0133, push_inter = 0.0740, push_intra = 0.1666, pull_loss = 0.0094, aux_loss = 0.0000, final_loss = 4.0537, 0.239 seconds/batch
2026-05-06 23:17:08,457 - Epoch 26, Batch 350, lr = 0.00005, aux_scale = 1.000,  rec_loss = 3.9749, hneg_loss = 0.0127, neg_loss = 0.0126, ivc_loss = 0.0253, nll_loss = 3.9749, push_inter = 0.0741, push_intra = 0.1656, pull_loss = 0.0096, aux_loss = 0.0000, final_loss = 4.0178, 0.238 seconds/batch
2026-05-06 23:17:20,343 - Epoch 26, Batch 400, lr = 0.00005, aux_scale = 1.000,  rec_loss = 4.0121, hneg_loss = 0.0110, neg_loss = 0.0112, ivc_loss = 0.0222, nll_loss = 4.0121, push_inter = 0.0746, push_intra = 0.1633, pull_loss = 0.0092, aux_loss = 0.0000, final_loss = 4.0519, 0.238 seconds/batch
2026-05-06 23:17:32,254 - Epoch 26, Batch 450, lr = 0.00005, aux_scale = 1.000,  rec_loss = 4.0419, hneg_loss = 0.0129, neg_loss = 0.0107, ivc_loss = 0.0236, nll_loss = 4.0419, push_inter = 0.0741, push_intra = 0.1649, pull_loss = 0.0091, aux_loss = 0.0000, final_loss = 4.0830, 0.238 seconds/batch
2026-05-06 23:17:44,142 - Epoch 26, Batch 500, lr = 0.00005, aux_scale = 1.000,  rec_loss = 4.0397, hneg_loss = 0.0125, neg_loss = 0.0110, ivc_loss = 0.0235, nll_loss = 4.0397, push_inter = 0.0738, push_intra = 0.1661, pull_loss = 0.0089, aux_loss = 0.0000, final_loss = 4.0806, 0.238 seconds/batch
2026-05-06 23:17:56,075 - Epoch 26, Batch 550, lr = 0.00005, aux_scale = 1.000,  rec_loss = 4.0383, hneg_loss = 0.0105, neg_loss = 0.0100, ivc_loss = 0.0205, nll_loss = 4.0383, push_inter = 0.0742, push_intra = 0.1657, pull_loss = 0.0090, aux_loss = 0.0000, final_loss = 4.0763, 0.238 seconds/batch
2026-05-06 23:18:08,035 - Epoch 26, Batch 600, lr = 0.00005, aux_scale = 1.000,  rec_loss = 4.0560, hneg_loss = 0.0123, neg_loss = 0.0098, ivc_loss = 0.0221, nll_loss = 4.0560, push_inter = 0.0742, push_intra = 0.1666, pull_loss = 0.0093, aux_loss = 0.0000, final_loss = 4.0957, 0.238 seconds/batch
2026-05-06 23:18:19,952 - Epoch 26, Batch 650, lr = 0.00005, aux_scale = 1.000,  rec_loss = 3.9889, hneg_loss = 0.0102, neg_loss = 0.0127, ivc_loss = 0.0230, nll_loss = 3.9889, push_inter = 0.0743, push_intra = 0.1670, pull_loss = 0.0094, aux_loss = 0.0000, final_loss = 4.0295, 0.238 seconds/batch
2026-05-06 23:18:31,820 - Epoch 26, Batch 700, lr = 0.00005, aux_scale = 1.000,  rec_loss = 4.0324, hneg_loss = 0.0116, neg_loss = 0.0098, ivc_loss = 0.0214, nll_loss = 4.0324, push_inter = 0.0741, push_intra = 0.1683, pull_loss = 0.0092, aux_loss = 0.0000, final_loss = 4.0713, 0.238 seconds/batch
2026-05-06 23:18:43,722 - Epoch 26, Batch 750, lr = 0.00005, aux_scale = 1.000,  rec_loss = 4.0123, hneg_loss = 0.0119, neg_loss = 0.0113, ivc_loss = 0.0232, nll_loss = 4.0123, push_inter = 0.0740, push_intra = 0.1696, pull_loss = 0.0092, aux_loss = 0.0000, final_loss = 4.0530, 0.238 seconds/batch
2026-05-06 23:18:55,601 - Epoch 26, Batch 800, lr = 0.00005, aux_scale = 1.000,  rec_loss = 4.0275, hneg_loss = 0.0112, neg_loss = 0.0104, ivc_loss = 0.0216, nll_loss = 4.0275, push_inter = 0.0736, push_intra = 0.1695, pull_loss = 0.0091, aux_loss = 0.0000, final_loss = 4.0666, 0.238 seconds/batch
2026-05-06 23:19:07,617 - Epoch 26, Batch 850, lr = 0.00005, aux_scale = 1.000,  rec_loss = 4.0696, hneg_loss = 0.0132, neg_loss = 0.0106, ivc_loss = 0.0238, nll_loss = 4.0696, push_inter = 0.0737, push_intra = 0.1681, pull_loss = 0.0098, aux_loss = 0.0000, final_loss = 4.1110, 0.238 seconds/batch
2026-05-06 23:19:19,644 - Epoch 26, Batch 900, lr = 0.00005, aux_scale = 1.000,  rec_loss = 4.0234, hneg_loss = 0.0121, neg_loss = 0.0117, ivc_loss = 0.0239, nll_loss = 4.0234, push_inter = 0.0743, push_intra = 0.1665, pull_loss = 0.0100, aux_loss = 0.0000, final_loss = 4.0650, 0.238 seconds/batch
2026-05-06 23:19:31,450 - Epoch 26, Batch 950, lr = 0.00005, aux_scale = 1.000,  rec_loss = 4.0342, hneg_loss = 0.0117, neg_loss = 0.0105, ivc_loss = 0.0223, nll_loss = 4.0342, push_inter = 0.0744, push_intra = 0.1661, pull_loss = 0.0092, aux_loss = 0.0000, final_loss = 4.0740, 0.238 seconds/batch
2026-05-06 23:19:43,339 - Epoch 26, Batch 1000, lr = 0.00005, aux_scale = 1.000,  rec_loss = 4.0537, hneg_loss = 0.0088, neg_loss = 0.0103, ivc_loss = 0.0191, nll_loss = 4.0537, push_inter = 0.0733, push_intra = 0.1671, pull_loss = 0.0099, aux_loss = 0.0000, final_loss = 4.0904, 0.238 seconds/batch
2026-05-06 23:19:55,224 - Epoch 26, Batch 1050, lr = 0.00005, aux_scale = 1.000,  rec_loss = 4.0766, hneg_loss = 0.0126, neg_loss = 0.0112, ivc_loss = 0.0238, nll_loss = 4.0766, push_inter = 0.0724, push_intra = 0.1678, pull_loss = 0.0101, aux_loss = 0.0000, final_loss = 4.1178, 0.238 seconds/batch
2026-05-06 23:20:07,160 - Epoch 26, Batch 1100, lr = 0.00005, aux_scale = 1.000,  rec_loss = 4.0391, hneg_loss = 0.0112, neg_loss = 0.0114, ivc_loss = 0.0226, nll_loss = 4.0391, push_inter = 0.0722, push_intra = 0.1689, pull_loss = 0.0097, aux_loss = 0.0000, final_loss = 4.0789, 0.238 seconds/batch
2026-05-06 23:20:19,073 - Epoch 26, Batch 1150, lr = 0.00005, aux_scale = 1.000,  rec_loss = 4.0073, hneg_loss = 0.0113, neg_loss = 0.0112, ivc_loss = 0.0225, nll_loss = 4.0073, push_inter = 0.0730, push_intra = 0.1684, pull_loss = 0.0097, aux_loss = 0.0000, final_loss = 4.0472, 0.238 seconds/batch
2026-05-06 23:20:23,770 - Epoch 26, Batch 1170, lr = 0.00005, aux_scale = 1.000,  rec_loss = 4.0028, hneg_loss = 0.0127, neg_loss = 0.0101, ivc_loss = 0.0228, nll_loss = 4.0028, push_inter = 0.0728, push_intra = 0.1688, pull_loss = 0.0101, aux_loss = 0.0000, final_loss = 4.0430, 0.238 seconds/batch
2026-05-06 23:20:23,864 - save model to checkpoints/activitynet_moe_v4/moe_v4/model-26.pt, num_updates 30420.
2026-05-06 23:22:12,683 - | R@1,mIoU 0.2463 | R@1,IoU@0.1 0.5515 | R@1,IoU@0.3 0.3949 | R@1,IoU@0.5 0.2064 | R@1,IoU@0.7 0.0514 | R@1,IoU@0.9 0.0025 | R@5,mIoU 0.3455 | R@5,IoU@0.1 0.6771 | R@5,IoU@0.3 0.5025 | R@5,IoU@0.5 0.3360 | R@5,IoU@0.7 0.1747 | R@5,IoU@0.9 0.0200 |
2026-05-06 23:22:12,683 - ============================================================
2026-05-06 23:22:12,683 - Start Epoch 27
2026-05-06 23:22:24,757 - Epoch 27, Batch 50, lr = 0.00005, aux_scale = 1.000,  rec_loss = 3.9517, hneg_loss = 0.0113, neg_loss = 0.0098, ivc_loss = 0.0211, nll_loss = 3.9517, push_inter = 0.0724, push_intra = 0.1705, pull_loss = 0.0106, aux_loss = 0.0000, final_loss = 3.9903, 0.241 seconds/batch
2026-05-06 23:22:36,518 - Epoch 27, Batch 100, lr = 0.00005, aux_scale = 1.000,  rec_loss = 3.9897, hneg_loss = 0.0099, neg_loss = 0.0098, ivc_loss = 0.0197, nll_loss = 3.9897, push_inter = 0.0723, push_intra = 0.1692, pull_loss = 0.0103, aux_loss = 0.0000, final_loss = 4.0268, 0.238 seconds/batch
2026-05-06 23:22:48,409 - Epoch 27, Batch 150, lr = 0.00005, aux_scale = 1.000,  rec_loss = 3.9668, hneg_loss = 0.0122, neg_loss = 0.0107, ivc_loss = 0.0228, nll_loss = 3.9668, push_inter = 0.0737, push_intra = 0.1672, pull_loss = 0.0098, aux_loss = 0.0000, final_loss = 4.0072, 0.238 seconds/batch
2026-05-06 23:23:00,253 - Epoch 27, Batch 200, lr = 0.00005, aux_scale = 1.000,  rec_loss = 4.0122, hneg_loss = 0.0122, neg_loss = 0.0109, ivc_loss = 0.0232, nll_loss = 4.0122, push_inter = 0.0739, push_intra = 0.1661, pull_loss = 0.0092, aux_loss = 0.0000, final_loss = 4.0528, 0.238 seconds/batch
2026-05-06 23:23:12,077 - Epoch 27, Batch 250, lr = 0.00005, aux_scale = 1.000,  rec_loss = 4.0316, hneg_loss = 0.0106, neg_loss = 0.0107, ivc_loss = 0.0213, nll_loss = 4.0316, push_inter = 0.0735, push_intra = 0.1651, pull_loss = 0.0090, aux_loss = 0.0000, final_loss = 4.0703, 0.238 seconds/batch
2026-05-06 23:23:23,924 - Epoch 27, Batch 300, lr = 0.00005, aux_scale = 1.000,  rec_loss = 4.0025, hneg_loss = 0.0119, neg_loss = 0.0106, ivc_loss = 0.0225, nll_loss = 4.0025, push_inter = 0.0734, push_intra = 0.1665, pull_loss = 0.0090, aux_loss = 0.0000, final_loss = 4.0423, 0.237 seconds/batch
2026-05-06 23:23:35,861 - Epoch 27, Batch 350, lr = 0.00005, aux_scale = 1.000,  rec_loss = 4.0364, hneg_loss = 0.0122, neg_loss = 0.0092, ivc_loss = 0.0214, nll_loss = 4.0364, push_inter = 0.0738, push_intra = 0.1664, pull_loss = 0.0093, aux_loss = 0.0000, final_loss = 4.0752, 0.238 seconds/batch
2026-05-06 23:23:47,682 - Epoch 27, Batch 400, lr = 0.00005, aux_scale = 1.000,  rec_loss = 3.9836, hneg_loss = 0.0101, neg_loss = 0.0105, ivc_loss = 0.0206, nll_loss = 3.9836, push_inter = 0.0734, push_intra = 0.1657, pull_loss = 0.0094, aux_loss = 0.0000, final_loss = 4.0216, 0.237 seconds/batch
2026-05-06 23:23:59,602 - Epoch 27, Batch 450, lr = 0.00005, aux_scale = 1.000,  rec_loss = 4.0289, hneg_loss = 0.0135, neg_loss = 0.0116, ivc_loss = 0.0251, nll_loss = 4.0289, push_inter = 0.0728, push_intra = 0.1661, pull_loss = 0.0095, aux_loss = 0.0000, final_loss = 4.0713, 0.238 seconds/batch
2026-05-06 23:24:11,547 - Epoch 27, Batch 500, lr = 0.00005, aux_scale = 1.000,  rec_loss = 4.0176, hneg_loss = 0.0118, neg_loss = 0.0106, ivc_loss = 0.0225, nll_loss = 4.0176, push_inter = 0.0730, push_intra = 0.1672, pull_loss = 0.0091, aux_loss = 0.0000, final_loss = 4.0573, 0.238 seconds/batch
2026-05-06 23:24:23,603 - Epoch 27, Batch 550, lr = 0.00005, aux_scale = 1.000,  rec_loss = 4.0181, hneg_loss = 0.0120, neg_loss = 0.0117, ivc_loss = 0.0237, nll_loss = 4.0181, push_inter = 0.0736, push_intra = 0.1641, pull_loss = 0.0091, aux_loss = 0.0000, final_loss = 4.0592, 0.238 seconds/batch
2026-05-06 23:24:35,512 - Epoch 27, Batch 600, lr = 0.00005, aux_scale = 1.000,  rec_loss = 4.0515, hneg_loss = 0.0128, neg_loss = 0.0106, ivc_loss = 0.0234, nll_loss = 4.0515, push_inter = 0.0726, push_intra = 0.1636, pull_loss = 0.0094, aux_loss = 0.0000, final_loss = 4.0921, 0.238 seconds/batch
2026-05-06 23:24:47,414 - Epoch 27, Batch 650, lr = 0.00005, aux_scale = 1.000,  rec_loss = 4.0114, hneg_loss = 0.0100, neg_loss = 0.0096, ivc_loss = 0.0196, nll_loss = 4.0114, push_inter = 0.0725, push_intra = 0.1643, pull_loss = 0.0094, aux_loss = 0.0000, final_loss = 4.0482, 0.238 seconds/batch
2026-05-06 23:24:59,259 - Epoch 27, Batch 700, lr = 0.00005, aux_scale = 1.000,  rec_loss = 3.9903, hneg_loss = 0.0138, neg_loss = 0.0132, ivc_loss = 0.0270, nll_loss = 3.9903, push_inter = 0.0733, push_intra = 0.1643, pull_loss = 0.0101, aux_loss = 0.0000, final_loss = 4.0348, 0.238 seconds/batch
2026-05-06 23:25:11,213 - Epoch 27, Batch 750, lr = 0.00005, aux_scale = 1.000,  rec_loss = 3.9979, hneg_loss = 0.0115, neg_loss = 0.0098, ivc_loss = 0.0213, nll_loss = 3.9979, push_inter = 0.0732, push_intra = 0.1645, pull_loss = 0.0106, aux_loss = 0.0000, final_loss = 4.0368, 0.238 seconds/batch
2026-05-06 23:25:23,196 - Epoch 27, Batch 800, lr = 0.00005, aux_scale = 1.000,  rec_loss = 4.0348, hneg_loss = 0.0112, neg_loss = 0.0106, ivc_loss = 0.0217, nll_loss = 4.0348, push_inter = 0.0736, push_intra = 0.1640, pull_loss = 0.0110, aux_loss = 0.0000, final_loss = 4.0743, 0.238 seconds/batch
2026-05-06 23:25:35,139 - Epoch 27, Batch 850, lr = 0.00005, aux_scale = 1.000,  rec_loss = 4.0514, hneg_loss = 0.0126, neg_loss = 0.0148, ivc_loss = 0.0274, nll_loss = 4.0514, push_inter = 0.0739, push_intra = 0.1644, pull_loss = 0.0120, aux_loss = 0.0000, final_loss = 4.0968, 0.238 seconds/batch
2026-05-06 23:25:47,162 - Epoch 27, Batch 900, lr = 0.00005, aux_scale = 1.000,  rec_loss = 4.0039, hneg_loss = 0.0132, neg_loss = 0.0108, ivc_loss = 0.0239, nll_loss = 4.0039, push_inter = 0.0730, push_intra = 0.1660, pull_loss = 0.0119, aux_loss = 0.0000, final_loss = 4.0456, 0.238 seconds/batch
2026-05-06 23:25:59,216 - Epoch 27, Batch 950, lr = 0.00005, aux_scale = 1.000,  rec_loss = 4.0064, hneg_loss = 0.0121, neg_loss = 0.0099, ivc_loss = 0.0219, nll_loss = 4.0064, push_inter = 0.0732, push_intra = 0.1653, pull_loss = 0.0122, aux_loss = 0.0000, final_loss = 4.0462, 0.238 seconds/batch
2026-05-06 23:26:11,086 - Epoch 27, Batch 1000, lr = 0.00005, aux_scale = 1.000,  rec_loss = 4.0317, hneg_loss = 0.0119, neg_loss = 0.0111, ivc_loss = 0.0230, nll_loss = 4.0317, push_inter = 0.0741, push_intra = 0.1639, pull_loss = 0.0114, aux_loss = 0.0000, final_loss = 4.0726, 0.238 seconds/batch
2026-05-06 23:26:23,088 - Epoch 27, Batch 1050, lr = 0.00005, aux_scale = 1.000,  rec_loss = 4.0059, hneg_loss = 0.0114, neg_loss = 0.0105, ivc_loss = 0.0218, nll_loss = 4.0059, push_inter = 0.0745, push_intra = 0.1627, pull_loss = 0.0107, aux_loss = 0.0000, final_loss = 4.0456, 0.238 seconds/batch
2026-05-06 23:26:35,053 - Epoch 27, Batch 1100, lr = 0.00005, aux_scale = 1.000,  rec_loss = 4.0208, hneg_loss = 0.0115, neg_loss = 0.0089, ivc_loss = 0.0204, nll_loss = 4.0208, push_inter = 0.0746, push_intra = 0.1609, pull_loss = 0.0105, aux_loss = 0.0000, final_loss = 4.0590, 0.239 seconds/batch
2026-05-06 23:26:47,122 - Epoch 27, Batch 1150, lr = 0.00005, aux_scale = 1.000,  rec_loss = 4.0150, hneg_loss = 0.0124, neg_loss = 0.0101, ivc_loss = 0.0224, nll_loss = 4.0150, push_inter = 0.0740, push_intra = 0.1629, pull_loss = 0.0105, aux_loss = 0.0000, final_loss = 4.0552, 0.239 seconds/batch
2026-05-06 23:26:51,849 - Epoch 27, Batch 1170, lr = 0.00005, aux_scale = 1.000,  rec_loss = 3.9839, hneg_loss = 0.0117, neg_loss = 0.0078, ivc_loss = 0.0195, nll_loss = 3.9839, push_inter = 0.0744, push_intra = 0.1625, pull_loss = 0.0102, aux_loss = 0.0000, final_loss = 4.0211, 0.239 seconds/batch
2026-05-06 23:26:51,943 - save model to checkpoints/activitynet_moe_v4/moe_v4/model-27.pt, num_updates 31590.
2026-05-06 23:28:41,585 - | R@1,mIoU 0.2476 | R@1,IoU@0.1 0.5549 | R@1,IoU@0.3 0.3955 | R@1,IoU@0.5 0.2088 | R@1,IoU@0.7 0.0517 | R@1,IoU@0.9 0.0024 | R@5,mIoU 0.3494 | R@5,IoU@0.1 0.6789 | R@5,IoU@0.3 0.5060 | R@5,IoU@0.5 0.3408 | R@5,IoU@0.7 0.1838 | R@5,IoU@0.9 0.0191 |
2026-05-06 23:28:41,585 - ============================================================
2026-05-06 23:28:41,585 - Start Epoch 28
2026-05-06 23:28:53,709 - Epoch 28, Batch 50, lr = 0.00004, aux_scale = 1.000,  rec_loss = 4.0045, hneg_loss = 0.0122, neg_loss = 0.0093, ivc_loss = 0.0215, nll_loss = 4.0045, push_inter = 0.0735, push_intra = 0.1635, pull_loss = 0.0107, aux_loss = 0.0000, final_loss = 4.0436, 0.242 seconds/batch
2026-05-06 23:29:05,569 - Epoch 28, Batch 100, lr = 0.00004, aux_scale = 1.000,  rec_loss = 3.9912, hneg_loss = 0.0119, neg_loss = 0.0093, ivc_loss = 0.0212, nll_loss = 3.9912, push_inter = 0.0731, push_intra = 0.1635, pull_loss = 0.0107, aux_loss = 0.0000, final_loss = 4.0300, 0.240 seconds/batch
2026-05-06 23:29:17,587 - Epoch 28, Batch 150, lr = 0.00004, aux_scale = 1.000,  rec_loss = 3.9384, hneg_loss = 0.0116, neg_loss = 0.0114, ivc_loss = 0.0230, nll_loss = 3.9384, push_inter = 0.0734, push_intra = 0.1628, pull_loss = 0.0106, aux_loss = 0.0000, final_loss = 3.9790, 0.240 seconds/batch
2026-05-06 23:29:29,627 - Epoch 28, Batch 200, lr = 0.00004, aux_scale = 1.000,  rec_loss = 3.9590, hneg_loss = 0.0095, neg_loss = 0.0097, ivc_loss = 0.0192, nll_loss = 3.9590, push_inter = 0.0733, push_intra = 0.1625, pull_loss = 0.0109, aux_loss = 0.0000, final_loss = 3.9958, 0.240 seconds/batch
2026-05-06 23:29:41,605 - Epoch 28, Batch 250, lr = 0.00004, aux_scale = 1.000,  rec_loss = 3.9633, hneg_loss = 0.0110, neg_loss = 0.0100, ivc_loss = 0.0210, nll_loss = 3.9633, push_inter = 0.0741, push_intra = 0.1621, pull_loss = 0.0109, aux_loss = 0.0000, final_loss = 4.0021, 0.240 seconds/batch
2026-05-06 23:29:53,605 - Epoch 28, Batch 300, lr = 0.00004, aux_scale = 1.000,  rec_loss = 4.0224, hneg_loss = 0.0118, neg_loss = 0.0096, ivc_loss = 0.0214, nll_loss = 4.0224, push_inter = 0.0740, push_intra = 0.1633, pull_loss = 0.0107, aux_loss = 0.0000, final_loss = 4.0616, 0.240 seconds/batch
2026-05-06 23:30:05,618 - Epoch 28, Batch 350, lr = 0.00004, aux_scale = 1.000,  rec_loss = 4.0055, hneg_loss = 0.0113, neg_loss = 0.0102, ivc_loss = 0.0215, nll_loss = 4.0055, push_inter = 0.0743, push_intra = 0.1630, pull_loss = 0.0102, aux_loss = 0.0000, final_loss = 4.0446, 0.240 seconds/batch
2026-05-06 23:30:17,713 - Epoch 28, Batch 400, lr = 0.00004, aux_scale = 1.000,  rec_loss = 3.9856, hneg_loss = 0.0120, neg_loss = 0.0090, ivc_loss = 0.0210, nll_loss = 3.9856, push_inter = 0.0746, push_intra = 0.1638, pull_loss = 0.0103, aux_loss = 0.0000, final_loss = 4.0243, 0.240 seconds/batch
2026-05-06 23:30:29,872 - Epoch 28, Batch 450, lr = 0.00004, aux_scale = 1.000,  rec_loss = 3.9948, hneg_loss = 0.0113, neg_loss = 0.0085, ivc_loss = 0.0198, nll_loss = 3.9948, push_inter = 0.0748, push_intra = 0.1631, pull_loss = 0.0102, aux_loss = 0.0000, final_loss = 4.0324, 0.241 seconds/batch
2026-05-06 23:30:41,757 - Epoch 28, Batch 500, lr = 0.00004, aux_scale = 1.000,  rec_loss = 3.9943, hneg_loss = 0.0114, neg_loss = 0.0093, ivc_loss = 0.0207, nll_loss = 3.9943, push_inter = 0.0748, push_intra = 0.1625, pull_loss = 0.0100, aux_loss = 0.0000, final_loss = 4.0328, 0.240 seconds/batch
2026-05-06 23:30:53,642 - Epoch 28, Batch 550, lr = 0.00004, aux_scale = 1.000,  rec_loss = 3.9932, hneg_loss = 0.0121, neg_loss = 0.0091, ivc_loss = 0.0213, nll_loss = 3.9932, push_inter = 0.0752, push_intra = 0.1613, pull_loss = 0.0095, aux_loss = 0.0000, final_loss = 4.0323, 0.240 seconds/batch
2026-05-06 23:31:05,546 - Epoch 28, Batch 600, lr = 0.00004, aux_scale = 1.000,  rec_loss = 4.0296, hneg_loss = 0.0113, neg_loss = 0.0081, ivc_loss = 0.0194, nll_loss = 4.0296, push_inter = 0.0749, push_intra = 0.1628, pull_loss = 0.0102, aux_loss = 0.0000, final_loss = 4.0669, 0.240 seconds/batch
2026-05-06 23:31:17,434 - Epoch 28, Batch 650, lr = 0.00004, aux_scale = 1.000,  rec_loss = 3.9519, hneg_loss = 0.0116, neg_loss = 0.0103, ivc_loss = 0.0219, nll_loss = 3.9519, push_inter = 0.0745, push_intra = 0.1632, pull_loss = 0.0106, aux_loss = 0.0000, final_loss = 3.9916, 0.240 seconds/batch
2026-05-06 23:31:29,318 - Epoch 28, Batch 700, lr = 0.00004, aux_scale = 1.000,  rec_loss = 4.0179, hneg_loss = 0.0129, neg_loss = 0.0097, ivc_loss = 0.0226, nll_loss = 4.0179, push_inter = 0.0745, push_intra = 0.1635, pull_loss = 0.0107, aux_loss = 0.0000, final_loss = 4.0584, 0.240 seconds/batch
2026-05-06 23:31:41,185 - Epoch 28, Batch 750, lr = 0.00004, aux_scale = 1.000,  rec_loss = 3.9786, hneg_loss = 0.0100, neg_loss = 0.0100, ivc_loss = 0.0200, nll_loss = 3.9786, push_inter = 0.0750, push_intra = 0.1636, pull_loss = 0.0108, aux_loss = 0.0000, final_loss = 4.0165, 0.239 seconds/batch
2026-05-06 23:31:53,132 - Epoch 28, Batch 800, lr = 0.00004, aux_scale = 1.000,  rec_loss = 4.0353, hneg_loss = 0.0118, neg_loss = 0.0113, ivc_loss = 0.0231, nll_loss = 4.0353, push_inter = 0.0754, push_intra = 0.1638, pull_loss = 0.0108, aux_loss = 0.0000, final_loss = 4.0765, 0.239 seconds/batch
2026-05-06 23:32:05,118 - Epoch 28, Batch 850, lr = 0.00004, aux_scale = 1.000,  rec_loss = 3.9839, hneg_loss = 0.0103, neg_loss = 0.0109, ivc_loss = 0.0212, nll_loss = 3.9839, push_inter = 0.0758, push_intra = 0.1633, pull_loss = 0.0113, aux_loss = 0.0000, final_loss = 4.0234, 0.239 seconds/batch
2026-05-06 23:32:17,101 - Epoch 28, Batch 900, lr = 0.00004, aux_scale = 1.000,  rec_loss = 4.0135, hneg_loss = 0.0122, neg_loss = 0.0123, ivc_loss = 0.0245, nll_loss = 4.0135, push_inter = 0.0766, push_intra = 0.1624, pull_loss = 0.0115, aux_loss = 0.0000, final_loss = 4.0565, 0.239 seconds/batch
2026-05-06 23:32:29,197 - Epoch 28, Batch 950, lr = 0.00004, aux_scale = 1.000,  rec_loss = 3.9614, hneg_loss = 0.0129, neg_loss = 0.0099, ivc_loss = 0.0228, nll_loss = 3.9614, push_inter = 0.0762, push_intra = 0.1626, pull_loss = 0.0106, aux_loss = 0.0000, final_loss = 4.0024, 0.240 seconds/batch
2026-05-06 23:32:41,173 - Epoch 28, Batch 1000, lr = 0.00004, aux_scale = 1.000,  rec_loss = 3.9982, hneg_loss = 0.0125, neg_loss = 0.0099, ivc_loss = 0.0223, nll_loss = 3.9982, push_inter = 0.0761, push_intra = 0.1629, pull_loss = 0.0111, aux_loss = 0.0000, final_loss = 4.0388, 0.240 seconds/batch
2026-05-06 23:32:53,063 - Epoch 28, Batch 1050, lr = 0.00004, aux_scale = 1.000,  rec_loss = 3.9889, hneg_loss = 0.0124, neg_loss = 0.0104, ivc_loss = 0.0228, nll_loss = 3.9889, push_inter = 0.0758, push_intra = 0.1629, pull_loss = 0.0111, aux_loss = 0.0000, final_loss = 4.0299, 0.240 seconds/batch
2026-05-06 23:33:04,986 - Epoch 28, Batch 1100, lr = 0.00004, aux_scale = 1.000,  rec_loss = 3.9958, hneg_loss = 0.0116, neg_loss = 0.0100, ivc_loss = 0.0216, nll_loss = 3.9958, push_inter = 0.0757, push_intra = 0.1629, pull_loss = 0.0105, aux_loss = 0.0000, final_loss = 4.0355, 0.239 seconds/batch
2026-05-06 23:33:16,933 - Epoch 28, Batch 1150, lr = 0.00004, aux_scale = 1.000,  rec_loss = 4.0128, hneg_loss = 0.0131, neg_loss = 0.0110, ivc_loss = 0.0240, nll_loss = 4.0128, push_inter = 0.0755, push_intra = 0.1635, pull_loss = 0.0105, aux_loss = 0.0000, final_loss = 4.0549, 0.239 seconds/batch
2026-05-06 23:33:21,611 - Epoch 28, Batch 1170, lr = 0.00004, aux_scale = 1.000,  rec_loss = 4.0051, hneg_loss = 0.0103, neg_loss = 0.0099, ivc_loss = 0.0201, nll_loss = 4.0051, push_inter = 0.0765, push_intra = 0.1628, pull_loss = 0.0106, aux_loss = 0.0000, final_loss = 4.0435, 0.239 seconds/batch
2026-05-06 23:33:21,700 - save model to checkpoints/activitynet_moe_v4/moe_v4/model-28.pt, num_updates 32760.
2026-05-06 23:35:11,411 - | R@1,mIoU 0.2452 | R@1,IoU@0.1 0.5515 | R@1,IoU@0.3 0.3942 | R@1,IoU@0.5 0.2040 | R@1,IoU@0.7 0.0487 | R@1,IoU@0.9 0.0023 | R@5,mIoU 0.3481 | R@5,IoU@0.1 0.6753 | R@5,IoU@0.3 0.5034 | R@5,IoU@0.5 0.3370 | R@5,IoU@0.7 0.1847 | R@5,IoU@0.9 0.0202 |
2026-05-06 23:35:11,411 - ============================================================
2026-05-06 23:35:11,411 - Start Epoch 29
2026-05-06 23:35:23,600 - Epoch 29, Batch 50, lr = 0.00004, aux_scale = 1.000,  rec_loss = 3.9355, hneg_loss = 0.0116, neg_loss = 0.0087, ivc_loss = 0.0203, nll_loss = 3.9355, push_inter = 0.0764, push_intra = 0.1636, pull_loss = 0.0105, aux_loss = 0.0000, final_loss = 3.9739, 0.244 seconds/batch
2026-05-06 23:35:35,436 - Epoch 29, Batch 100, lr = 0.00004, aux_scale = 1.000,  rec_loss = 3.9505, hneg_loss = 0.0110, neg_loss = 0.0105, ivc_loss = 0.0215, nll_loss = 3.9505, push_inter = 0.0764, push_intra = 0.1626, pull_loss = 0.0098, aux_loss = 0.0000, final_loss = 3.9901, 0.240 seconds/batch
2026-05-06 23:35:47,312 - Epoch 29, Batch 150, lr = 0.00004, aux_scale = 1.000,  rec_loss = 3.9969, hneg_loss = 0.0122, neg_loss = 0.0082, ivc_loss = 0.0204, nll_loss = 3.9969, push_inter = 0.0756, push_intra = 0.1619, pull_loss = 0.0101, aux_loss = 0.0000, final_loss = 4.0353, 0.239 seconds/batch
2026-05-06 23:35:59,219 - Epoch 29, Batch 200, lr = 0.00004, aux_scale = 1.000,  rec_loss = 3.9673, hneg_loss = 0.0113, neg_loss = 0.0086, ivc_loss = 0.0199, nll_loss = 3.9673, push_inter = 0.0760, push_intra = 0.1605, pull_loss = 0.0105, aux_loss = 0.0000, final_loss = 4.0054, 0.239 seconds/batch
2026-05-06 23:36:11,077 - Epoch 29, Batch 250, lr = 0.00004, aux_scale = 1.000,  rec_loss = 3.9505, hneg_loss = 0.0107, neg_loss = 0.0077, ivc_loss = 0.0184, nll_loss = 3.9505, push_inter = 0.0769, push_intra = 0.1590, pull_loss = 0.0108, aux_loss = 0.0000, final_loss = 3.9873, 0.239 seconds/batch
2026-05-06 23:36:22,922 - Epoch 29, Batch 300, lr = 0.00004, aux_scale = 1.000,  rec_loss = 3.9716, hneg_loss = 0.0111, neg_loss = 0.0090, ivc_loss = 0.0201, nll_loss = 3.9716, push_inter = 0.0771, push_intra = 0.1584, pull_loss = 0.0111, aux_loss = 0.0000, final_loss = 4.0101, 0.238 seconds/batch
2026-05-06 23:36:34,844 - Epoch 29, Batch 350, lr = 0.00004, aux_scale = 1.000,  rec_loss = 4.0026, hneg_loss = 0.0123, neg_loss = 0.0099, ivc_loss = 0.0221, nll_loss = 4.0026, push_inter = 0.0778, push_intra = 0.1574, pull_loss = 0.0108, aux_loss = 0.0000, final_loss = 4.0433, 0.238 seconds/batch
2026-05-06 23:36:46,699 - Epoch 29, Batch 400, lr = 0.00004, aux_scale = 1.000,  rec_loss = 3.9723, hneg_loss = 0.0110, neg_loss = 0.0090, ivc_loss = 0.0199, nll_loss = 3.9723, push_inter = 0.0782, push_intra = 0.1578, pull_loss = 0.0107, aux_loss = 0.0000, final_loss = 4.0108, 0.238 seconds/batch
2026-05-06 23:36:58,812 - Epoch 29, Batch 450, lr = 0.00004, aux_scale = 1.000,  rec_loss = 3.9823, hneg_loss = 0.0096, neg_loss = 0.0092, ivc_loss = 0.0188, nll_loss = 3.9823, push_inter = 0.0793, push_intra = 0.1565, pull_loss = 0.0118, aux_loss = 0.0000, final_loss = 4.0201, 0.239 seconds/batch
2026-05-06 23:37:10,767 - Epoch 29, Batch 500, lr = 0.00004, aux_scale = 1.000,  rec_loss = 3.9462, hneg_loss = 0.0121, neg_loss = 0.0084, ivc_loss = 0.0206, nll_loss = 3.9462, push_inter = 0.0791, push_intra = 0.1566, pull_loss = 0.0118, aux_loss = 0.0000, final_loss = 3.9858, 0.239 seconds/batch
2026-05-06 23:37:22,790 - Epoch 29, Batch 550, lr = 0.00004, aux_scale = 1.000,  rec_loss = 3.9603, hneg_loss = 0.0117, neg_loss = 0.0088, ivc_loss = 0.0206, nll_loss = 3.9603, push_inter = 0.0785, push_intra = 0.1595, pull_loss = 0.0118, aux_loss = 0.0000, final_loss = 3.9998, 0.239 seconds/batch
2026-05-06 23:37:34,680 - Epoch 29, Batch 600, lr = 0.00004, aux_scale = 1.000,  rec_loss = 3.9702, hneg_loss = 0.0126, neg_loss = 0.0099, ivc_loss = 0.0225, nll_loss = 3.9702, push_inter = 0.0781, push_intra = 0.1597, pull_loss = 0.0116, aux_loss = 0.0000, final_loss = 4.0115, 0.239 seconds/batch
2026-05-06 23:37:46,655 - Epoch 29, Batch 650, lr = 0.00004, aux_scale = 1.000,  rec_loss = 3.9901, hneg_loss = 0.0109, neg_loss = 0.0095, ivc_loss = 0.0204, nll_loss = 3.9901, push_inter = 0.0783, push_intra = 0.1599, pull_loss = 0.0115, aux_loss = 0.0000, final_loss = 4.0293, 0.239 seconds/batch
2026-05-06 23:37:58,583 - Epoch 29, Batch 700, lr = 0.00004, aux_scale = 1.000,  rec_loss = 3.9715, hneg_loss = 0.0123, neg_loss = 0.0100, ivc_loss = 0.0224, nll_loss = 3.9715, push_inter = 0.0785, push_intra = 0.1600, pull_loss = 0.0112, aux_loss = 0.0000, final_loss = 4.0126, 0.239 seconds/batch
2026-05-06 23:38:10,516 - Epoch 29, Batch 750, lr = 0.00004, aux_scale = 1.000,  rec_loss = 4.0063, hneg_loss = 0.0126, neg_loss = 0.0101, ivc_loss = 0.0227, nll_loss = 4.0063, push_inter = 0.0784, push_intra = 0.1587, pull_loss = 0.0112, aux_loss = 0.0000, final_loss = 4.0478, 0.239 seconds/batch
2026-05-06 23:38:22,410 - Epoch 29, Batch 800, lr = 0.00004, aux_scale = 1.000,  rec_loss = 3.9702, hneg_loss = 0.0100, neg_loss = 0.0106, ivc_loss = 0.0206, nll_loss = 3.9702, push_inter = 0.0779, push_intra = 0.1595, pull_loss = 0.0117, aux_loss = 0.0000, final_loss = 4.0095, 0.239 seconds/batch
2026-05-06 23:38:34,290 - Epoch 29, Batch 850, lr = 0.00004, aux_scale = 1.000,  rec_loss = 3.9786, hneg_loss = 0.0111, neg_loss = 0.0096, ivc_loss = 0.0206, nll_loss = 3.9786, push_inter = 0.0772, push_intra = 0.1599, pull_loss = 0.0116, aux_loss = 0.0000, final_loss = 4.0178, 0.239 seconds/batch
2026-05-06 23:38:46,232 - Epoch 29, Batch 900, lr = 0.00004, aux_scale = 1.000,  rec_loss = 3.9747, hneg_loss = 0.0114, neg_loss = 0.0098, ivc_loss = 0.0211, nll_loss = 3.9747, push_inter = 0.0775, push_intra = 0.1583, pull_loss = 0.0118, aux_loss = 0.0000, final_loss = 4.0145, 0.239 seconds/batch
2026-05-06 23:38:58,144 - Epoch 29, Batch 950, lr = 0.00004, aux_scale = 1.000,  rec_loss = 3.9740, hneg_loss = 0.0089, neg_loss = 0.0108, ivc_loss = 0.0198, nll_loss = 3.9740, push_inter = 0.0781, push_intra = 0.1573, pull_loss = 0.0121, aux_loss = 0.0000, final_loss = 4.0126, 0.239 seconds/batch
2026-05-06 23:39:10,096 - Epoch 29, Batch 1000, lr = 0.00004, aux_scale = 1.000,  rec_loss = 3.9704, hneg_loss = 0.0124, neg_loss = 0.0093, ivc_loss = 0.0217, nll_loss = 3.9704, push_inter = 0.0784, push_intra = 0.1579, pull_loss = 0.0118, aux_loss = 0.0000, final_loss = 4.0110, 0.239 seconds/batch
2026-05-06 23:39:22,008 - Epoch 29, Batch 1050, lr = 0.00004, aux_scale = 1.000,  rec_loss = 4.0109, hneg_loss = 0.0130, neg_loss = 0.0097, ivc_loss = 0.0227, nll_loss = 4.0109, push_inter = 0.0784, push_intra = 0.1568, pull_loss = 0.0111, aux_loss = 0.0000, final_loss = 4.0523, 0.239 seconds/batch
2026-05-06 23:39:33,879 - Epoch 29, Batch 1100, lr = 0.00004, aux_scale = 1.000,  rec_loss = 3.9975, hneg_loss = 0.0112, neg_loss = 0.0080, ivc_loss = 0.0192, nll_loss = 3.9975, push_inter = 0.0789, push_intra = 0.1549, pull_loss = 0.0115, aux_loss = 0.0000, final_loss = 4.0355, 0.239 seconds/batch
2026-05-06 23:39:45,781 - Epoch 29, Batch 1150, lr = 0.00004, aux_scale = 1.000,  rec_loss = 3.9845, hneg_loss = 0.0103, neg_loss = 0.0089, ivc_loss = 0.0192, nll_loss = 3.9845, push_inter = 0.0799, push_intra = 0.1518, pull_loss = 0.0118, aux_loss = 0.0000, final_loss = 4.0228, 0.239 seconds/batch
2026-05-06 23:39:50,499 - Epoch 29, Batch 1170, lr = 0.00004, aux_scale = 1.000,  rec_loss = 3.9984, hneg_loss = 0.0133, neg_loss = 0.0115, ivc_loss = 0.0248, nll_loss = 3.9984, push_inter = 0.0791, push_intra = 0.1526, pull_loss = 0.0123, aux_loss = 0.0000, final_loss = 4.0423, 0.239 seconds/batch
2026-05-06 23:39:50,599 - save model to checkpoints/activitynet_moe_v4/moe_v4/model-29.pt, num_updates 33930.
2026-05-06 23:41:39,781 - | R@1,mIoU 0.2481 | R@1,IoU@0.1 0.5540 | R@1,IoU@0.3 0.3936 | R@1,IoU@0.5 0.2118 | R@1,IoU@0.7 0.0554 | R@1,IoU@0.9 0.0025 | R@5,mIoU 0.3498 | R@5,IoU@0.1 0.6748 | R@5,IoU@0.3 0.5041 | R@5,IoU@0.5 0.3415 | R@5,IoU@0.7 0.1931 | R@5,IoU@0.9 0.0181 |
2026-05-06 23:41:39,781 - ============================================================
2026-05-06 23:41:39,781 - Start Epoch 30
2026-05-06 23:41:52,029 - Epoch 30, Batch 50, lr = 0.00004, aux_scale = 1.000,  rec_loss = 3.9211, hneg_loss = 0.0098, neg_loss = 0.0100, ivc_loss = 0.0198, nll_loss = 3.9211, push_inter = 0.0788, push_intra = 0.1542, pull_loss = 0.0130, aux_loss = 0.0000, final_loss = 3.9601, 0.245 seconds/batch
2026-05-06 23:42:03,882 - Epoch 30, Batch 100, lr = 0.00004, aux_scale = 1.000,  rec_loss = 3.9253, hneg_loss = 0.0087, neg_loss = 0.0095, ivc_loss = 0.0182, nll_loss = 3.9253, push_inter = 0.0786, push_intra = 0.1560, pull_loss = 0.0124, aux_loss = 0.0000, final_loss = 3.9625, 0.241 seconds/batch
2026-05-06 23:42:15,722 - Epoch 30, Batch 150, lr = 0.00004, aux_scale = 1.000,  rec_loss = 3.9466, hneg_loss = 0.0111, neg_loss = 0.0089, ivc_loss = 0.0199, nll_loss = 3.9466, push_inter = 0.0790, push_intra = 0.1543, pull_loss = 0.0129, aux_loss = 0.0000, final_loss = 3.9857, 0.240 seconds/batch
2026-05-06 23:42:27,663 - Epoch 30, Batch 200, lr = 0.00004, aux_scale = 1.000,  rec_loss = 3.9427, hneg_loss = 0.0106, neg_loss = 0.0091, ivc_loss = 0.0197, nll_loss = 3.9427, push_inter = 0.0797, push_intra = 0.1515, pull_loss = 0.0124, aux_loss = 0.0000, final_loss = 3.9816, 0.239 seconds/batch
2026-05-06 23:42:39,584 - Epoch 30, Batch 250, lr = 0.00004, aux_scale = 1.000,  rec_loss = 3.9626, hneg_loss = 0.0091, neg_loss = 0.0070, ivc_loss = 0.0161, nll_loss = 3.9626, push_inter = 0.0797, push_intra = 0.1508, pull_loss = 0.0124, aux_loss = 0.0000, final_loss = 3.9979, 0.239 seconds/batch
2026-05-06 23:42:51,523 - Epoch 30, Batch 300, lr = 0.00004, aux_scale = 1.000,  rec_loss = 3.9522, hneg_loss = 0.0119, neg_loss = 0.0082, ivc_loss = 0.0200, nll_loss = 3.9522, push_inter = 0.0795, push_intra = 0.1515, pull_loss = 0.0135, aux_loss = 0.0000, final_loss = 3.9915, 0.239 seconds/batch
2026-05-06 23:43:03,384 - Epoch 30, Batch 350, lr = 0.00004, aux_scale = 1.000,  rec_loss = 3.9558, hneg_loss = 0.0105, neg_loss = 0.0107, ivc_loss = 0.0212, nll_loss = 3.9558, push_inter = 0.0800, push_intra = 0.1515, pull_loss = 0.0139, aux_loss = 0.0000, final_loss = 3.9965, 0.239 seconds/batch
2026-05-06 23:43:15,243 - Epoch 30, Batch 400, lr = 0.00004, aux_scale = 1.000,  rec_loss = 3.9607, hneg_loss = 0.0091, neg_loss = 0.0098, ivc_loss = 0.0189, nll_loss = 3.9607, push_inter = 0.0810, push_intra = 0.1519, pull_loss = 0.0149, aux_loss = 0.0000, final_loss = 3.9995, 0.239 seconds/batch
2026-05-06 23:43:27,129 - Epoch 30, Batch 450, lr = 0.00004, aux_scale = 1.000,  rec_loss = 3.9263, hneg_loss = 0.0097, neg_loss = 0.0076, ivc_loss = 0.0173, nll_loss = 3.9263, push_inter = 0.0811, push_intra = 0.1525, pull_loss = 0.0153, aux_loss = 0.0000, final_loss = 3.9636, 0.239 seconds/batch
2026-05-06 23:43:39,030 - Epoch 30, Batch 500, lr = 0.00004, aux_scale = 1.000,  rec_loss = 3.9339, hneg_loss = 0.0107, neg_loss = 0.0085, ivc_loss = 0.0192, nll_loss = 3.9339, push_inter = 0.0810, push_intra = 0.1534, pull_loss = 0.0156, aux_loss = 0.0000, final_loss = 3.9732, 0.238 seconds/batch
2026-05-06 23:43:50,933 - Epoch 30, Batch 550, lr = 0.00004, aux_scale = 1.000,  rec_loss = 3.9945, hneg_loss = 0.0121, neg_loss = 0.0096, ivc_loss = 0.0217, nll_loss = 3.9945, push_inter = 0.0804, push_intra = 0.1533, pull_loss = 0.0155, aux_loss = 0.0000, final_loss = 4.0362, 0.238 seconds/batch
2026-05-06 23:44:02,786 - Epoch 30, Batch 600, lr = 0.00004, aux_scale = 1.000,  rec_loss = 3.9476, hneg_loss = 0.0113, neg_loss = 0.0083, ivc_loss = 0.0196, nll_loss = 3.9476, push_inter = 0.0810, push_intra = 0.1517, pull_loss = 0.0145, aux_loss = 0.0000, final_loss = 3.9871, 0.238 seconds/batch
2026-05-06 23:44:14,745 - Epoch 30, Batch 650, lr = 0.00004, aux_scale = 1.000,  rec_loss = 3.9648, hneg_loss = 0.0100, neg_loss = 0.0089, ivc_loss = 0.0189, nll_loss = 3.9648, push_inter = 0.0818, push_intra = 0.1491, pull_loss = 0.0149, aux_loss = 0.0000, final_loss = 4.0038, 0.238 seconds/batch
2026-05-06 23:44:26,688 - Epoch 30, Batch 700, lr = 0.00004, aux_scale = 1.000,  rec_loss = 3.9933, hneg_loss = 0.0115, neg_loss = 0.0090, ivc_loss = 0.0204, nll_loss = 3.9933, push_inter = 0.0817, push_intra = 0.1479, pull_loss = 0.0156, aux_loss = 0.0000, final_loss = 4.0339, 0.238 seconds/batch
2026-05-06 23:44:38,583 - Epoch 30, Batch 750, lr = 0.00004, aux_scale = 1.000,  rec_loss = 3.9215, hneg_loss = 0.0106, neg_loss = 0.0075, ivc_loss = 0.0181, nll_loss = 3.9215, push_inter = 0.0816, push_intra = 0.1470, pull_loss = 0.0158, aux_loss = 0.0000, final_loss = 3.9598, 0.238 seconds/batch
2026-05-06 23:44:50,551 - Epoch 30, Batch 800, lr = 0.00004, aux_scale = 1.000,  rec_loss = 3.9838, hneg_loss = 0.0117, neg_loss = 0.0092, ivc_loss = 0.0209, nll_loss = 3.9838, push_inter = 0.0808, push_intra = 0.1482, pull_loss = 0.0152, aux_loss = 0.0000, final_loss = 4.0246, 0.238 seconds/batch
2026-05-06 23:45:02,598 - Epoch 30, Batch 850, lr = 0.00004, aux_scale = 1.000,  rec_loss = 4.0013, hneg_loss = 0.0108, neg_loss = 0.0094, ivc_loss = 0.0202, nll_loss = 4.0013, push_inter = 0.0812, push_intra = 0.1477, pull_loss = 0.0151, aux_loss = 0.0000, final_loss = 4.0415, 0.239 seconds/batch
2026-05-06 23:45:14,447 - Epoch 30, Batch 900, lr = 0.00004, aux_scale = 1.000,  rec_loss = 3.9659, hneg_loss = 0.0105, neg_loss = 0.0102, ivc_loss = 0.0207, nll_loss = 3.9659, push_inter = 0.0816, push_intra = 0.1468, pull_loss = 0.0144, aux_loss = 0.0000, final_loss = 4.0066, 0.239 seconds/batch
2026-05-06 23:45:26,337 - Epoch 30, Batch 950, lr = 0.00004, aux_scale = 1.000,  rec_loss = 3.9540, hneg_loss = 0.0107, neg_loss = 0.0098, ivc_loss = 0.0205, nll_loss = 3.9540, push_inter = 0.0818, push_intra = 0.1475, pull_loss = 0.0135, aux_loss = 0.0000, final_loss = 3.9944, 0.238 seconds/batch
2026-05-06 23:45:38,222 - Epoch 30, Batch 1000, lr = 0.00004, aux_scale = 1.000,  rec_loss = 3.9816, hneg_loss = 0.0101, neg_loss = 0.0089, ivc_loss = 0.0191, nll_loss = 3.9816, push_inter = 0.0814, push_intra = 0.1463, pull_loss = 0.0137, aux_loss = 0.0000, final_loss = 4.0205, 0.238 seconds/batch
2026-05-06 23:45:50,091 - Epoch 30, Batch 1050, lr = 0.00004, aux_scale = 1.000,  rec_loss = 3.9519, hneg_loss = 0.0087, neg_loss = 0.0098, ivc_loss = 0.0185, nll_loss = 3.9519, push_inter = 0.0814, push_intra = 0.1458, pull_loss = 0.0127, aux_loss = 0.0000, final_loss = 3.9900, 0.238 seconds/batch
2026-05-06 23:46:02,065 - Epoch 30, Batch 1100, lr = 0.00004, aux_scale = 1.000,  rec_loss = 3.9791, hneg_loss = 0.0104, neg_loss = 0.0084, ivc_loss = 0.0187, nll_loss = 3.9791, push_inter = 0.0815, push_intra = 0.1446, pull_loss = 0.0131, aux_loss = 0.0000, final_loss = 4.0174, 0.238 seconds/batch
2026-05-06 23:46:13,975 - Epoch 30, Batch 1150, lr = 0.00004, aux_scale = 1.000,  rec_loss = 3.9658, hneg_loss = 0.0104, neg_loss = 0.0088, ivc_loss = 0.0192, nll_loss = 3.9658, push_inter = 0.0807, push_intra = 0.1441, pull_loss = 0.0134, aux_loss = 0.0000, final_loss = 4.0045, 0.238 seconds/batch
2026-05-06 23:46:18,684 - Epoch 30, Batch 1170, lr = 0.00004, aux_scale = 1.000,  rec_loss = 3.9621, hneg_loss = 0.0096, neg_loss = 0.0115, ivc_loss = 0.0211, nll_loss = 3.9621, push_inter = 0.0808, push_intra = 0.1438, pull_loss = 0.0137, aux_loss = 0.0000, final_loss = 4.0028, 0.238 seconds/batch
2026-05-06 23:46:18,779 - save model to checkpoints/activitynet_moe_v4/moe_v4/model-30.pt, num_updates 35100.
2026-05-06 23:48:09,023 - | R@1,mIoU 0.2469 | R@1,IoU@0.1 0.5516 | R@1,IoU@0.3 0.3930 | R@1,IoU@0.5 0.2087 | R@1,IoU@0.7 0.0537 | R@1,IoU@0.9 0.0025 | R@5,mIoU 0.3499 | R@5,IoU@0.1 0.6766 | R@5,IoU@0.3 0.4986 | R@5,IoU@0.5 0.3421 | R@5,IoU@0.7 0.2003 | R@5,IoU@0.9 0.0189 |
2026-05-06 23:48:09,023 - ============================================================
2026-05-06 23:48:09,023 - Best results:
2026-05-06 23:48:09,023 - | R@1,mIoU 0.2539 | R@1,IoU@0.1 0.5601 | R@1,IoU@0.3 0.3972 | R@1,IoU@0.5 0.2237 | R@1,IoU@0.7 0.0619 | R@1,IoU@0.9 0.0034 | R@5,mIoU 0.3497 | R@5,IoU@0.1 0.6907 | R@5,IoU@0.3 0.5073 | R@5,IoU@0.5 0.3341 | R@5,IoU@0.7 0.1697 | R@5,IoU@0.9 0.0226 |
