2026-04-21 13:59:15,932 - {'dataset': {'dataset': 'ActivityNet', 'feature_path': '/data/chenyuan/videogrounding/cpl-main/data/activitynet/sub_activitynet_v1-3.c3d.hdf5', 'vocab_size': 8000, 'word_dim': 300, 'frame_dim': 500, 'max_num_words': 20, 'max_num_frames': 200, 'target_stride': 1, 'train_data': 'data/activitynet/train_data.json', 'test_data': 'data/activitynet/test_data.json', 'val_data': 'data/activitynet/val_data.json', 'vocab_path': 'data/activitynet/glove.pkl'}, 'train': {'optimizer': {'lr': 0.0004, 'weight_decay': 0, 'warmup_updates': 400, 'warmup_init_lr': 1e-07}, 'batch_size': 32, 'max_num_epochs': 30, 'model_saved_path': 'checkpoints/activitynet_moe_v2_shared_gate/moe_v2_shared_gate'}, 'model': {'name': 'CPL_MoE_v2', 'source': 'models_v2', 'config': {'frames_input_size': 500, 'words_input_size': 300, 'hidden_size': 256, 'use_negative': True, 'num_props': 8, 'sigma': 9, 'gamma': 0, 'dropout': 0.1, 'DualTransformer': {'d_model': 256, 'num_heads': 4, 'num_decoder_layers1': 3, 'num_decoder_layers2': 3, 'dropout': 0.1}, 'MoE': {'use_moe': True, 'use_simple_moe': False, 'num_experts': 8, 'num_shared_experts': 2, 'top_k': 2, 'use_load_balance_loss': True, 'load_balance_weight': 0.01, 'use_2layer_gate': True}}}, 'loss': {'margin_1': 0.1, 'margin_2': 0.15, 'lambda': 0.115, 'alpha_1': 2, 'alpha_2': 1.0, 'alpha_2_schedule': [[4, 1.0], [10, 0.5], [30, 0.2]], 'aux_loss_scale_schedule': [[4, 0.1], [10, 0.5], [30, 1.0]]}, 'tradeoff_r5_weight': 0.35, '_comment': 'CPL_MoE_v2 (query-conditioned shared gates) + staged alpha_2 + staged aux_loss. Run with train_moe_v2.py.', 'vote': True}
2026-04-21 13:59:16,312 - train: 37421 samples, test: 17031 samples
2026-04-21 13:59:17,732 - Start Epoch 1
2026-04-21 13:59:51,889 - Epoch 1, Batch 50, lr = 0.00005, alpha_2 = 1.000, aux_scale = 0.100,  final_loss = 8.8728, nll_loss = 8.8355, ref_nll_loss = 8.9102, ivc_loss = 0.7004, neg_loss_1 = 0.0775, neg_loss_2 = 0.0794, ref_loss = 0.0462, div_loss = 0.2944, aux_loss = 0.0231, aux_loss_eff = 0.0023, 0.683 seconds/batch
2026-04-21 14:00:24,795 - Epoch 1, Batch 100, lr = 0.00010, alpha_2 = 1.000, aux_scale = 0.100,  final_loss = 7.9712, nll_loss = 7.9337, ref_nll_loss = 8.0088, ivc_loss = 0.3395, neg_loss_1 = 0.0555, neg_loss_2 = 0.0507, ref_loss = 0.0422, div_loss = 0.0428, aux_loss = 0.0347, aux_loss_eff = 0.0035, 0.671 seconds/batch
2026-04-21 14:00:57,747 - Epoch 1, Batch 150, lr = 0.00015, alpha_2 = 1.000, aux_scale = 0.100,  final_loss = 7.1750, nll_loss = 7.1363, ref_nll_loss = 7.2136, ivc_loss = 0.3258, neg_loss_1 = 0.0542, neg_loss_2 = 0.0487, ref_loss = 0.0419, div_loss = 0.0362, aux_loss = 0.0434, aux_loss_eff = 0.0043, 0.667 seconds/batch
2026-04-21 14:01:30,527 - Epoch 1, Batch 200, lr = 0.00020, alpha_2 = 1.000, aux_scale = 0.100,  final_loss = 6.6395, nll_loss = 6.5941, ref_nll_loss = 6.6850, ivc_loss = 0.3138, neg_loss_1 = 0.0580, neg_loss_2 = 0.0469, ref_loss = 0.0350, div_loss = 0.0340, aux_loss = 0.0407, aux_loss_eff = 0.0041, 0.664 seconds/batch
2026-04-21 14:02:03,296 - Epoch 1, Batch 250, lr = 0.00025, alpha_2 = 1.000, aux_scale = 0.100,  final_loss = 6.3475, nll_loss = 6.2970, ref_nll_loss = 6.3980, ivc_loss = 0.3005, neg_loss_1 = 0.0539, neg_loss_2 = 0.0473, ref_loss = 0.0322, div_loss = 0.0337, aux_loss = 0.0391, aux_loss_eff = 0.0039, 0.662 seconds/batch
2026-04-21 14:02:36,181 - Epoch 1, Batch 300, lr = 0.00030, alpha_2 = 1.000, aux_scale = 0.100,  final_loss = 6.2597, nll_loss = 6.2060, ref_nll_loss = 6.3134, ivc_loss = 0.2841, neg_loss_1 = 0.0485, neg_loss_2 = 0.0461, ref_loss = 0.0316, div_loss = 0.0317, aux_loss = 0.0387, aux_loss_eff = 0.0039, 0.661 seconds/batch
2026-04-21 14:03:09,068 - Epoch 1, Batch 350, lr = 0.00035, alpha_2 = 1.000, aux_scale = 0.100,  final_loss = 6.1445, nll_loss = 6.0918, ref_nll_loss = 6.1972, ivc_loss = 0.2664, neg_loss_1 = 0.0428, neg_loss_2 = 0.0409, ref_loss = 0.0312, div_loss = 0.0366, aux_loss = 0.0351, aux_loss_eff = 0.0035, 0.661 seconds/batch
2026-04-21 14:03:41,946 - Epoch 1, Batch 400, lr = 0.00040, alpha_2 = 1.000, aux_scale = 0.100,  final_loss = 6.0734, nll_loss = 6.0197, ref_nll_loss = 6.1270, ivc_loss = 0.2802, neg_loss_1 = 0.0428, neg_loss_2 = 0.0423, ref_loss = 0.0320, div_loss = 0.0461, aux_loss = 0.0499, aux_loss_eff = 0.0050, 0.661 seconds/batch
2026-04-21 14:04:14,821 - Epoch 1, Batch 450, lr = 0.00038, alpha_2 = 1.000, aux_scale = 0.100,  final_loss = 6.0174, nll_loss = 5.9594, ref_nll_loss = 6.0754, ivc_loss = 0.2669, neg_loss_1 = 0.0474, neg_loss_2 = 0.0356, ref_loss = 0.0309, div_loss = 0.0392, aux_loss = 0.0443, aux_loss_eff = 0.0044, 0.660 seconds/batch
2026-04-21 14:04:47,721 - Epoch 1, Batch 500, lr = 0.00036, alpha_2 = 1.000, aux_scale = 0.100,  final_loss = 5.9607, nll_loss = 5.9040, ref_nll_loss = 6.0173, ivc_loss = 0.2627, neg_loss_1 = 0.0431, neg_loss_2 = 0.0369, ref_loss = 0.0332, div_loss = 0.0365, aux_loss = 0.0458, aux_loss_eff = 0.0046, 0.660 seconds/batch
2026-04-21 14:05:20,634 - Epoch 1, Batch 550, lr = 0.00034, alpha_2 = 1.000, aux_scale = 0.100,  final_loss = 5.9043, nll_loss = 5.8427, ref_nll_loss = 5.9659, ivc_loss = 0.2579, neg_loss_1 = 0.0405, neg_loss_2 = 0.0377, ref_loss = 0.0310, div_loss = 0.0398, aux_loss = 0.0373, aux_loss_eff = 0.0037, 0.660 seconds/batch
2026-04-21 14:05:53,360 - Epoch 1, Batch 600, lr = 0.00033, alpha_2 = 1.000, aux_scale = 0.100,  final_loss = 5.8423, nll_loss = 5.7815, ref_nll_loss = 5.9032, ivc_loss = 0.2401, neg_loss_1 = 0.0394, neg_loss_2 = 0.0377, ref_loss = 0.0294, div_loss = 0.0272, aux_loss = 0.0356, aux_loss_eff = 0.0036, 0.659 seconds/batch
2026-04-21 14:06:26,278 - Epoch 1, Batch 650, lr = 0.00031, alpha_2 = 1.000, aux_scale = 0.100,  final_loss = 5.8125, nll_loss = 5.7431, ref_nll_loss = 5.8820, ivc_loss = 0.2360, neg_loss_1 = 0.0416, neg_loss_2 = 0.0362, ref_loss = 0.0286, div_loss = 0.0232, aux_loss = 0.0325, aux_loss_eff = 0.0032, 0.659 seconds/batch
2026-04-21 14:06:59,124 - Epoch 1, Batch 700, lr = 0.00030, alpha_2 = 1.000, aux_scale = 0.100,  final_loss = 5.7745, nll_loss = 5.7050, ref_nll_loss = 5.8440, ivc_loss = 0.2288, neg_loss_1 = 0.0407, neg_loss_2 = 0.0344, ref_loss = 0.0280, div_loss = 0.0228, aux_loss = 0.0319, aux_loss_eff = 0.0032, 0.659 seconds/batch
2026-04-21 14:07:31,747 - Epoch 1, Batch 750, lr = 0.00029, alpha_2 = 1.000, aux_scale = 0.100,  final_loss = 5.6990, nll_loss = 5.6264, ref_nll_loss = 5.7717, ivc_loss = 0.2065, neg_loss_1 = 0.0377, neg_loss_2 = 0.0328, ref_loss = 0.0250, div_loss = 0.0156, aux_loss = 0.0306, aux_loss_eff = 0.0031, 0.659 seconds/batch
2026-04-21 14:08:04,484 - Epoch 1, Batch 800, lr = 0.00028, alpha_2 = 1.000, aux_scale = 0.100,  final_loss = 5.6897, nll_loss = 5.6202, ref_nll_loss = 5.7593, ivc_loss = 0.2076, neg_loss_1 = 0.0349, neg_loss_2 = 0.0327, ref_loss = 0.0282, div_loss = 0.0159, aux_loss = 0.0284, aux_loss_eff = 0.0028, 0.658 seconds/batch
2026-04-21 14:08:37,345 - Epoch 1, Batch 850, lr = 0.00027, alpha_2 = 1.000, aux_scale = 0.100,  final_loss = 5.6491, nll_loss = 5.5776, ref_nll_loss = 5.7205, ivc_loss = 0.2033, neg_loss_1 = 0.0334, neg_loss_2 = 0.0335, ref_loss = 0.0259, div_loss = 0.0177, aux_loss = 0.0275, aux_loss_eff = 0.0027, 0.658 seconds/batch
2026-04-21 14:09:10,174 - Epoch 1, Batch 900, lr = 0.00027, alpha_2 = 1.000, aux_scale = 0.100,  final_loss = 5.6421, nll_loss = 5.5692, ref_nll_loss = 5.7150, ivc_loss = 0.2028, neg_loss_1 = 0.0307, neg_loss_2 = 0.0343, ref_loss = 0.0265, div_loss = 0.0199, aux_loss = 0.0293, aux_loss_eff = 0.0029, 0.658 seconds/batch
2026-04-21 14:09:43,020 - Epoch 1, Batch 950, lr = 0.00026, alpha_2 = 1.000, aux_scale = 0.100,  final_loss = 5.6238, nll_loss = 5.5516, ref_nll_loss = 5.6961, ivc_loss = 0.2049, neg_loss_1 = 0.0330, neg_loss_2 = 0.0332, ref_loss = 0.0279, div_loss = 0.0168, aux_loss = 0.0279, aux_loss_eff = 0.0028, 0.658 seconds/batch
2026-04-21 14:10:15,860 - Epoch 1, Batch 1000, lr = 0.00025, alpha_2 = 1.000, aux_scale = 0.100,  final_loss = 5.6077, nll_loss = 5.5376, ref_nll_loss = 5.6778, ivc_loss = 0.1965, neg_loss_1 = 0.0325, neg_loss_2 = 0.0304, ref_loss = 0.0276, div_loss = 0.0156, aux_loss = 0.0266, aux_loss_eff = 0.0027, 0.658 seconds/batch
2026-04-21 14:10:48,738 - Epoch 1, Batch 1050, lr = 0.00025, alpha_2 = 1.000, aux_scale = 0.100,  final_loss = 5.5706, nll_loss = 5.5012, ref_nll_loss = 5.6400, ivc_loss = 0.2054, neg_loss_1 = 0.0317, neg_loss_2 = 0.0316, ref_loss = 0.0278, div_loss = 0.0233, aux_loss = 0.0265, aux_loss_eff = 0.0026, 0.658 seconds/batch
2026-04-21 14:11:21,606 - Epoch 1, Batch 1100, lr = 0.00024, alpha_2 = 1.000, aux_scale = 0.100,  final_loss = 5.5020, nll_loss = 5.4301, ref_nll_loss = 5.5740, ivc_loss = 0.1886, neg_loss_1 = 0.0294, neg_loss_2 = 0.0268, ref_loss = 0.0265, div_loss = 0.0232, aux_loss = 0.0277, aux_loss_eff = 0.0028, 0.658 seconds/batch
2026-04-21 14:11:50,016 - Epoch 1, Batch 1150, lr = 0.00024, alpha_2 = 1.000, aux_scale = 0.100,  final_loss = 5.5641, nll_loss = 5.4914, ref_nll_loss = 5.6369, ivc_loss = 0.2000, neg_loss_1 = 0.0260, neg_loss_2 = 0.0316, ref_loss = 0.0286, div_loss = 0.0277, aux_loss = 0.0252, aux_loss_eff = 0.0025, 0.654 seconds/batch
2026-04-21 14:11:58,757 - Epoch 1, Batch 1170, lr = 0.00023, alpha_2 = 1.000, aux_scale = 0.100,  final_loss = 5.5328, nll_loss = 5.4584, ref_nll_loss = 5.6073, ivc_loss = 0.1825, neg_loss_1 = 0.0259, neg_loss_2 = 0.0285, ref_loss = 0.0272, div_loss = 0.0193, aux_loss = 0.0253, aux_loss_eff = 0.0025, 0.650 seconds/batch
2026-04-21 14:11:58,844 - save model to checkpoints/activitynet_moe_v2_shared_gate/moe_v2_shared_gate/model-1.pt, num_updates 1170.
2026-04-21 14:14:12,798 - | R@1,mIoU 0.2868 | R@1,IoU@0.1 0.6599 | R@1,IoU@0.3 0.4485 | R@1,IoU@0.5 0.2692 | R@1,IoU@0.7 0.0406 | R@1,IoU@0.9 0.0038 | R@5,mIoU 0.5445 | R@5,IoU@0.1 0.9079 | R@5,IoU@0.3 0.7659 | R@5,IoU@0.5 0.6129 | R@5,IoU@0.7 0.3416 | R@5,IoU@0.9 0.0895 |
2026-04-21 14:14:12,882 - Best R@1 updated: 0.2868
2026-04-21 14:14:12,967 - Best R@5 updated: 0.5445
2026-04-21 14:14:13,169 - Best tradeoff updated: 0.4774  (R@1=0.2868, R@5=0.5445)
2026-04-21 14:14:13,170 - ============================================================
2026-04-21 14:14:13,170 - Start Epoch 2
2026-04-21 14:14:46,239 - Epoch 2, Batch 50, lr = 0.00023, alpha_2 = 1.000, aux_scale = 0.100,  final_loss = 5.4881, nll_loss = 5.4149, ref_nll_loss = 5.5613, ivc_loss = 0.1878, neg_loss_1 = 0.0282, neg_loss_2 = 0.0291, ref_loss = 0.0265, div_loss = 0.0202, aux_loss = 0.0254, aux_loss_eff = 0.0025, 0.661 seconds/batch
2026-04-21 14:15:19,172 - Epoch 2, Batch 100, lr = 0.00022, alpha_2 = 1.000, aux_scale = 0.100,  final_loss = 5.4743, nll_loss = 5.3992, ref_nll_loss = 5.5494, ivc_loss = 0.1753, neg_loss_1 = 0.0261, neg_loss_2 = 0.0254, ref_loss = 0.0270, div_loss = 0.0183, aux_loss = 0.0246, aux_loss_eff = 0.0025, 0.660 seconds/batch
2026-04-21 14:15:52,138 - Epoch 2, Batch 150, lr = 0.00022, alpha_2 = 1.000, aux_scale = 0.100,  final_loss = 5.4382, nll_loss = 5.3671, ref_nll_loss = 5.5094, ivc_loss = 0.1854, neg_loss_1 = 0.0246, neg_loss_2 = 0.0276, ref_loss = 0.0298, div_loss = 0.0213, aux_loss = 0.0245, aux_loss_eff = 0.0024, 0.660 seconds/batch
2026-04-21 14:16:25,087 - Epoch 2, Batch 200, lr = 0.00022, alpha_2 = 1.000, aux_scale = 0.100,  final_loss = 5.4502, nll_loss = 5.3784, ref_nll_loss = 5.5221, ivc_loss = 0.1793, neg_loss_1 = 0.0244, neg_loss_2 = 0.0275, ref_loss = 0.0284, div_loss = 0.0186, aux_loss = 0.0247, aux_loss_eff = 0.0025, 0.660 seconds/batch
2026-04-21 14:16:57,851 - Epoch 2, Batch 250, lr = 0.00021, alpha_2 = 1.000, aux_scale = 0.100,  final_loss = 5.3939, nll_loss = 5.3229, ref_nll_loss = 5.4649, ivc_loss = 0.1812, neg_loss_1 = 0.0233, neg_loss_2 = 0.0256, ref_loss = 0.0306, div_loss = 0.0220, aux_loss = 0.0237, aux_loss_eff = 0.0024, 0.659 seconds/batch
2026-04-21 14:17:30,645 - Epoch 2, Batch 300, lr = 0.00021, alpha_2 = 1.000, aux_scale = 0.100,  final_loss = 5.4252, nll_loss = 5.3522, ref_nll_loss = 5.4982, ivc_loss = 0.1813, neg_loss_1 = 0.0253, neg_loss_2 = 0.0264, ref_loss = 0.0267, div_loss = 0.0245, aux_loss = 0.0237, aux_loss_eff = 0.0024, 0.658 seconds/batch
2026-04-21 14:18:03,538 - Epoch 2, Batch 350, lr = 0.00021, alpha_2 = 1.000, aux_scale = 0.100,  final_loss = 5.3896, nll_loss = 5.3143, ref_nll_loss = 5.4649, ivc_loss = 0.1619, neg_loss_1 = 0.0235, neg_loss_2 = 0.0232, ref_loss = 0.0249, div_loss = 0.0186, aux_loss = 0.0244, aux_loss_eff = 0.0024, 0.658 seconds/batch
2026-04-21 14:18:36,499 - Epoch 2, Batch 400, lr = 0.00020, alpha_2 = 1.000, aux_scale = 0.100,  final_loss = 5.4332, nll_loss = 5.3589, ref_nll_loss = 5.5075, ivc_loss = 0.1671, neg_loss_1 = 0.0254, neg_loss_2 = 0.0225, ref_loss = 0.0277, div_loss = 0.0160, aux_loss = 0.0247, aux_loss_eff = 0.0025, 0.658 seconds/batch
2026-04-21 14:19:09,469 - Epoch 2, Batch 450, lr = 0.00020, alpha_2 = 1.000, aux_scale = 0.100,  final_loss = 5.4050, nll_loss = 5.3285, ref_nll_loss = 5.4814, ivc_loss = 0.1680, neg_loss_1 = 0.0252, neg_loss_2 = 0.0205, ref_loss = 0.0271, div_loss = 0.0225, aux_loss = 0.0252, aux_loss_eff = 0.0025, 0.658 seconds/batch
2026-04-21 14:19:42,234 - Epoch 2, Batch 500, lr = 0.00020, alpha_2 = 1.000, aux_scale = 0.100,  final_loss = 5.3904, nll_loss = 5.3144, ref_nll_loss = 5.4663, ivc_loss = 0.1572, neg_loss_1 = 0.0206, neg_loss_2 = 0.0181, ref_loss = 0.0274, div_loss = 0.0250, aux_loss = 0.0266, aux_loss_eff = 0.0027, 0.658 seconds/batch
2026-04-21 14:20:15,054 - Epoch 2, Batch 550, lr = 0.00019, alpha_2 = 1.000, aux_scale = 0.100,  final_loss = 5.3662, nll_loss = 5.2893, ref_nll_loss = 5.4432, ivc_loss = 0.1559, neg_loss_1 = 0.0210, neg_loss_2 = 0.0194, ref_loss = 0.0257, div_loss = 0.0238, aux_loss = 0.0246, aux_loss_eff = 0.0025, 0.658 seconds/batch
2026-04-21 14:20:48,019 - Epoch 2, Batch 600, lr = 0.00019, alpha_2 = 1.000, aux_scale = 0.100,  final_loss = 5.3077, nll_loss = 5.2338, ref_nll_loss = 5.3815, ivc_loss = 0.1593, neg_loss_1 = 0.0205, neg_loss_2 = 0.0194, ref_loss = 0.0276, div_loss = 0.0243, aux_loss = 0.0245, aux_loss_eff = 0.0025, 0.658 seconds/batch
2026-04-21 14:21:20,989 - Epoch 2, Batch 650, lr = 0.00019, alpha_2 = 1.000, aux_scale = 0.100,  final_loss = 5.3743, nll_loss = 5.2934, ref_nll_loss = 5.4551, ivc_loss = 0.1422, neg_loss_1 = 0.0174, neg_loss_2 = 0.0177, ref_loss = 0.0240, div_loss = 0.0239, aux_loss = 0.0245, aux_loss_eff = 0.0025, 0.658 seconds/batch
2026-04-21 14:21:53,715 - Epoch 2, Batch 700, lr = 0.00018, alpha_2 = 1.000, aux_scale = 0.100,  final_loss = 5.2869, nll_loss = 5.2094, ref_nll_loss = 5.3645, ivc_loss = 0.1540, neg_loss_1 = 0.0196, neg_loss_2 = 0.0194, ref_loss = 0.0267, div_loss = 0.0227, aux_loss = 0.0260, aux_loss_eff = 0.0026, 0.658 seconds/batch
2026-04-21 14:22:26,654 - Epoch 2, Batch 750, lr = 0.00018, alpha_2 = 1.000, aux_scale = 0.100,  final_loss = 5.3178, nll_loss = 5.2368, ref_nll_loss = 5.3989, ivc_loss = 0.1412, neg_loss_1 = 0.0180, neg_loss_2 = 0.0153, ref_loss = 0.0252, div_loss = 0.0241, aux_loss = 0.0246, aux_loss_eff = 0.0025, 0.658 seconds/batch
2026-04-21 14:22:59,626 - Epoch 2, Batch 800, lr = 0.00018, alpha_2 = 1.000, aux_scale = 0.100,  final_loss = 5.2672, nll_loss = 5.1883, ref_nll_loss = 5.3461, ivc_loss = 0.1357, neg_loss_1 = 0.0162, neg_loss_2 = 0.0162, ref_loss = 0.0248, div_loss = 0.0213, aux_loss = 0.0242, aux_loss_eff = 0.0024, 0.658 seconds/batch
2026-04-21 14:23:32,597 - Epoch 2, Batch 850, lr = 0.00018, alpha_2 = 1.000, aux_scale = 0.100,  final_loss = 5.3193, nll_loss = 5.2372, ref_nll_loss = 5.4013, ivc_loss = 0.1377, neg_loss_1 = 0.0170, neg_loss_2 = 0.0166, ref_loss = 0.0247, div_loss = 0.0212, aux_loss = 0.0251, aux_loss_eff = 0.0025, 0.658 seconds/batch
2026-04-21 14:24:05,509 - Epoch 2, Batch 900, lr = 0.00018, alpha_2 = 1.000, aux_scale = 0.100,  final_loss = 5.3119, nll_loss = 5.2285, ref_nll_loss = 5.3953, ivc_loss = 0.1229, neg_loss_1 = 0.0125, neg_loss_2 = 0.0166, ref_loss = 0.0236, div_loss = 0.0176, aux_loss = 0.0259, aux_loss_eff = 0.0026, 0.658 seconds/batch
2026-04-21 14:24:38,475 - Epoch 2, Batch 950, lr = 0.00017, alpha_2 = 1.000, aux_scale = 0.100,  final_loss = 5.2816, nll_loss = 5.1985, ref_nll_loss = 5.3648, ivc_loss = 0.1225, neg_loss_1 = 0.0126, neg_loss_2 = 0.0167, ref_loss = 0.0214, div_loss = 0.0211, aux_loss = 0.0260, aux_loss_eff = 0.0026, 0.658 seconds/batch
2026-04-21 14:25:11,450 - Epoch 2, Batch 1000, lr = 0.00017, alpha_2 = 1.000, aux_scale = 0.100,  final_loss = 5.2426, nll_loss = 5.1610, ref_nll_loss = 5.3242, ivc_loss = 0.1381, neg_loss_1 = 0.0155, neg_loss_2 = 0.0177, ref_loss = 0.0246, div_loss = 0.0225, aux_loss = 0.0261, aux_loss_eff = 0.0026, 0.658 seconds/batch
2026-04-21 14:25:44,400 - Epoch 2, Batch 1050, lr = 0.00017, alpha_2 = 1.000, aux_scale = 0.100,  final_loss = 5.2726, nll_loss = 5.1854, ref_nll_loss = 5.3597, ivc_loss = 0.1227, neg_loss_1 = 0.0130, neg_loss_2 = 0.0152, ref_loss = 0.0227, div_loss = 0.0208, aux_loss = 0.0252, aux_loss_eff = 0.0025, 0.658 seconds/batch
2026-04-21 14:26:17,359 - Epoch 2, Batch 1100, lr = 0.00017, alpha_2 = 1.000, aux_scale = 0.100,  final_loss = 5.2643, nll_loss = 5.1832, ref_nll_loss = 5.3454, ivc_loss = 0.1586, neg_loss_1 = 0.0122, neg_loss_2 = 0.0260, ref_loss = 0.0246, div_loss = 0.0330, aux_loss = 0.0244, aux_loss_eff = 0.0024, 0.658 seconds/batch
2026-04-21 14:26:45,950 - Epoch 2, Batch 1150, lr = 0.00017, alpha_2 = 1.000, aux_scale = 0.100,  final_loss = 5.2781, nll_loss = 5.1971, ref_nll_loss = 5.3590, ivc_loss = 0.1372, neg_loss_1 = 0.0135, neg_loss_2 = 0.0180, ref_loss = 0.0234, div_loss = 0.0275, aux_loss = 0.0244, aux_loss_eff = 0.0024, 0.655 seconds/batch
2026-04-21 14:26:54,910 - Epoch 2, Batch 1170, lr = 0.00017, alpha_2 = 1.000, aux_scale = 0.100,  final_loss = 5.2504, nll_loss = 5.1687, ref_nll_loss = 5.3320, ivc_loss = 0.1244, neg_loss_1 = 0.0126, neg_loss_2 = 0.0134, ref_loss = 0.0242, div_loss = 0.0241, aux_loss = 0.0259, aux_loss_eff = 0.0026, 0.651 seconds/batch
2026-04-21 14:26:55,074 - save model to checkpoints/activitynet_moe_v2_shared_gate/moe_v2_shared_gate/model-2.pt, num_updates 2340.
2026-04-21 14:29:09,333 - | R@1,mIoU 0.3200 | R@1,IoU@0.1 0.6559 | R@1,IoU@0.3 0.4993 | R@1,IoU@0.5 0.2977 | R@1,IoU@0.7 0.1384 | R@1,IoU@0.9 0.0148 | R@5,mIoU 0.5371 | R@5,IoU@0.1 0.9161 | R@5,IoU@0.3 0.7513 | R@5,IoU@0.5 0.5818 | R@5,IoU@0.7 0.3606 | R@5,IoU@0.9 0.0809 |
2026-04-21 14:29:09,413 - Best R@1 updated: 0.3200
2026-04-21 14:29:09,566 - Best tradeoff updated: 0.5080  (R@1=0.3200, R@5=0.5371)
2026-04-21 14:29:09,567 - ============================================================
2026-04-21 14:29:09,567 - Start Epoch 3
2026-04-21 14:29:42,799 - Epoch 3, Batch 50, lr = 0.00016, alpha_2 = 1.000, aux_scale = 0.100,  final_loss = 5.1950, nll_loss = 5.1139, ref_nll_loss = 5.2762, ivc_loss = 0.1216, neg_loss_1 = 0.0126, neg_loss_2 = 0.0124, ref_loss = 0.0236, div_loss = 0.0243, aux_loss = 0.0274, aux_loss_eff = 0.0027, 0.665 seconds/batch
2026-04-21 14:30:15,706 - Epoch 3, Batch 100, lr = 0.00016, alpha_2 = 1.000, aux_scale = 0.100,  final_loss = 5.1726, nll_loss = 5.0917, ref_nll_loss = 5.2535, ivc_loss = 0.1129, neg_loss_1 = 0.0094, neg_loss_2 = 0.0140, ref_loss = 0.0230, div_loss = 0.0200, aux_loss = 0.0276, aux_loss_eff = 0.0028, 0.661 seconds/batch
2026-04-21 14:30:48,654 - Epoch 3, Batch 150, lr = 0.00016, alpha_2 = 1.000, aux_scale = 0.100,  final_loss = 5.1907, nll_loss = 5.1094, ref_nll_loss = 5.2719, ivc_loss = 0.1198, neg_loss_1 = 0.0097, neg_loss_2 = 0.0140, ref_loss = 0.0243, div_loss = 0.0238, aux_loss = 0.0285, aux_loss_eff = 0.0029, 0.661 seconds/batch
2026-04-21 14:31:21,647 - Epoch 3, Batch 200, lr = 0.00016, alpha_2 = 1.000, aux_scale = 0.100,  final_loss = 5.1584, nll_loss = 5.0746, ref_nll_loss = 5.2423, ivc_loss = 0.1195, neg_loss_1 = 0.0104, neg_loss_2 = 0.0145, ref_loss = 0.0227, div_loss = 0.0244, aux_loss = 0.0282, aux_loss_eff = 0.0028, 0.660 seconds/batch
2026-04-21 14:31:54,603 - Epoch 3, Batch 250, lr = 0.00016, alpha_2 = 1.000, aux_scale = 0.100,  final_loss = 5.1637, nll_loss = 5.0785, ref_nll_loss = 5.2488, ivc_loss = 0.1162, neg_loss_1 = 0.0094, neg_loss_2 = 0.0157, ref_loss = 0.0213, div_loss = 0.0234, aux_loss = 0.0285, aux_loss_eff = 0.0028, 0.660 seconds/batch
2026-04-21 14:32:27,502 - Epoch 3, Batch 300, lr = 0.00016, alpha_2 = 1.000, aux_scale = 0.100,  final_loss = 5.1743, nll_loss = 5.0931, ref_nll_loss = 5.2556, ivc_loss = 0.1125, neg_loss_1 = 0.0097, neg_loss_2 = 0.0140, ref_loss = 0.0229, div_loss = 0.0193, aux_loss = 0.0291, aux_loss_eff = 0.0029, 0.660 seconds/batch
2026-04-21 14:33:00,654 - Epoch 3, Batch 350, lr = 0.00015, alpha_2 = 1.000, aux_scale = 0.100,  final_loss = 5.1814, nll_loss = 5.0998, ref_nll_loss = 5.2629, ivc_loss = 0.1219, neg_loss_1 = 0.0087, neg_loss_2 = 0.0149, ref_loss = 0.0258, div_loss = 0.0230, aux_loss = 0.0282, aux_loss_eff = 0.0028, 0.660 seconds/batch
2026-04-21 14:33:33,613 - Epoch 3, Batch 400, lr = 0.00015, alpha_2 = 1.000, aux_scale = 0.100,  final_loss = 5.1635, nll_loss = 5.0804, ref_nll_loss = 5.2467, ivc_loss = 0.1245, neg_loss_1 = 0.0120, neg_loss_2 = 0.0173, ref_loss = 0.0215, div_loss = 0.0227, aux_loss = 0.0268, aux_loss_eff = 0.0027, 0.660 seconds/batch
2026-04-21 14:34:06,566 - Epoch 3, Batch 450, lr = 0.00015, alpha_2 = 1.000, aux_scale = 0.100,  final_loss = 5.1997, nll_loss = 5.1157, ref_nll_loss = 5.2837, ivc_loss = 0.1099, neg_loss_1 = 0.0079, neg_loss_2 = 0.0118, ref_loss = 0.0228, div_loss = 0.0250, aux_loss = 0.0263, aux_loss_eff = 0.0026, 0.660 seconds/batch
2026-04-21 14:34:39,519 - Epoch 3, Batch 500, lr = 0.00015, alpha_2 = 1.000, aux_scale = 0.100,  final_loss = 5.1893, nll_loss = 5.1084, ref_nll_loss = 5.2702, ivc_loss = 0.1278, neg_loss_1 = 0.0101, neg_loss_2 = 0.0179, ref_loss = 0.0218, div_loss = 0.0281, aux_loss = 0.0262, aux_loss_eff = 0.0026, 0.660 seconds/batch
2026-04-21 14:35:12,488 - Epoch 3, Batch 550, lr = 0.00015, alpha_2 = 1.000, aux_scale = 0.100,  final_loss = 5.1682, nll_loss = 5.0863, ref_nll_loss = 5.2500, ivc_loss = 0.1160, neg_loss_1 = 0.0089, neg_loss_2 = 0.0156, ref_loss = 0.0224, div_loss = 0.0222, aux_loss = 0.0259, aux_loss_eff = 0.0026, 0.660 seconds/batch
2026-04-21 14:35:45,442 - Epoch 3, Batch 600, lr = 0.00015, alpha_2 = 1.000, aux_scale = 0.100,  final_loss = 5.1164, nll_loss = 5.0360, ref_nll_loss = 5.1968, ivc_loss = 0.1195, neg_loss_1 = 0.0093, neg_loss_2 = 0.0154, ref_loss = 0.0243, div_loss = 0.0214, aux_loss = 0.0256, aux_loss_eff = 0.0026, 0.660 seconds/batch
2026-04-21 14:36:18,418 - Epoch 3, Batch 650, lr = 0.00015, alpha_2 = 1.000, aux_scale = 0.100,  final_loss = 5.1929, nll_loss = 5.1171, ref_nll_loss = 5.2688, ivc_loss = 0.1304, neg_loss_1 = 0.0127, neg_loss_2 = 0.0149, ref_loss = 0.0265, div_loss = 0.0222, aux_loss = 0.0256, aux_loss_eff = 0.0026, 0.660 seconds/batch
2026-04-21 14:36:51,443 - Epoch 3, Batch 700, lr = 0.00015, alpha_2 = 1.000, aux_scale = 0.100,  final_loss = 5.1440, nll_loss = 5.0581, ref_nll_loss = 5.2300, ivc_loss = 0.1191, neg_loss_1 = 0.0116, neg_loss_2 = 0.0149, ref_loss = 0.0204, div_loss = 0.0254, aux_loss = 0.0252, aux_loss_eff = 0.0025, 0.660 seconds/batch
2026-04-21 14:37:24,382 - Epoch 3, Batch 750, lr = 0.00014, alpha_2 = 1.000, aux_scale = 0.100,  final_loss = 5.1195, nll_loss = 5.0431, ref_nll_loss = 5.1960, ivc_loss = 0.1322, neg_loss_1 = 0.0136, neg_loss_2 = 0.0146, ref_loss = 0.0262, div_loss = 0.0233, aux_loss = 0.0260, aux_loss_eff = 0.0026, 0.660 seconds/batch
2026-04-21 14:37:57,303 - Epoch 3, Batch 800, lr = 0.00014, alpha_2 = 1.000, aux_scale = 0.100,  final_loss = 5.1045, nll_loss = 5.0259, ref_nll_loss = 5.1832, ivc_loss = 0.1236, neg_loss_1 = 0.0114, neg_loss_2 = 0.0159, ref_loss = 0.0245, div_loss = 0.0201, aux_loss = 0.0259, aux_loss_eff = 0.0026, 0.660 seconds/batch
2026-04-21 14:38:30,218 - Epoch 3, Batch 850, lr = 0.00014, alpha_2 = 1.000, aux_scale = 0.100,  final_loss = 5.1055, nll_loss = 5.0223, ref_nll_loss = 5.1887, ivc_loss = 0.1157, neg_loss_1 = 0.0099, neg_loss_2 = 0.0162, ref_loss = 0.0219, div_loss = 0.0196, aux_loss = 0.0252, aux_loss_eff = 0.0025, 0.660 seconds/batch
2026-04-21 14:39:03,175 - Epoch 3, Batch 900, lr = 0.00014, alpha_2 = 1.000, aux_scale = 0.100,  final_loss = 5.0393, nll_loss = 4.9580, ref_nll_loss = 5.1206, ivc_loss = 0.1201, neg_loss_1 = 0.0091, neg_loss_2 = 0.0157, ref_loss = 0.0237, div_loss = 0.0230, aux_loss = 0.0246, aux_loss_eff = 0.0025, 0.660 seconds/batch
2026-04-21 14:39:36,200 - Epoch 3, Batch 950, lr = 0.00014, alpha_2 = 1.000, aux_scale = 0.100,  final_loss = 5.0347, nll_loss = 4.9529, ref_nll_loss = 5.1165, ivc_loss = 0.1171, neg_loss_1 = 0.0085, neg_loss_2 = 0.0156, ref_loss = 0.0238, div_loss = 0.0214, aux_loss = 0.0246, aux_loss_eff = 0.0025, 0.660 seconds/batch
2026-04-21 14:40:09,154 - Epoch 3, Batch 1000, lr = 0.00014, alpha_2 = 1.000, aux_scale = 0.100,  final_loss = 5.0808, nll_loss = 4.9974, ref_nll_loss = 5.1642, ivc_loss = 0.1172, neg_loss_1 = 0.0102, neg_loss_2 = 0.0149, ref_loss = 0.0234, div_loss = 0.0201, aux_loss = 0.0258, aux_loss_eff = 0.0026, 0.660 seconds/batch
2026-04-21 14:40:42,089 - Epoch 3, Batch 1050, lr = 0.00014, alpha_2 = 1.000, aux_scale = 0.100,  final_loss = 5.0864, nll_loss = 5.0033, ref_nll_loss = 5.1695, ivc_loss = 0.1169, neg_loss_1 = 0.0083, neg_loss_2 = 0.0159, ref_loss = 0.0234, div_loss = 0.0218, aux_loss = 0.0263, aux_loss_eff = 0.0026, 0.660 seconds/batch
2026-04-21 14:41:15,057 - Epoch 3, Batch 1100, lr = 0.00014, alpha_2 = 1.000, aux_scale = 0.100,  final_loss = 5.1048, nll_loss = 5.0200, ref_nll_loss = 5.1895, ivc_loss = 0.1077, neg_loss_1 = 0.0074, neg_loss_2 = 0.0150, ref_loss = 0.0221, div_loss = 0.0190, aux_loss = 0.0271, aux_loss_eff = 0.0027, 0.660 seconds/batch
2026-04-21 14:41:43,383 - Epoch 3, Batch 1150, lr = 0.00014, alpha_2 = 1.000, aux_scale = 0.100,  final_loss = 5.0875, nll_loss = 5.0048, ref_nll_loss = 5.1703, ivc_loss = 0.1128, neg_loss_1 = 0.0081, neg_loss_2 = 0.0151, ref_loss = 0.0228, div_loss = 0.0207, aux_loss = 0.0277, aux_loss_eff = 0.0028, 0.655 seconds/batch
2026-04-21 14:41:52,350 - Epoch 3, Batch 1170, lr = 0.00014, alpha_2 = 1.000, aux_scale = 0.100,  final_loss = 5.1364, nll_loss = 5.0551, ref_nll_loss = 5.2177, ivc_loss = 0.1250, neg_loss_1 = 0.0113, neg_loss_2 = 0.0165, ref_loss = 0.0238, div_loss = 0.0218, aux_loss = 0.0268, aux_loss_eff = 0.0027, 0.652 seconds/batch
2026-04-21 14:41:52,496 - save model to checkpoints/activitynet_moe_v2_shared_gate/moe_v2_shared_gate/model-3.pt, num_updates 3510.
2026-04-21 14:44:06,799 - | R@1,mIoU 0.3337 | R@1,IoU@0.1 0.6998 | R@1,IoU@0.3 0.4959 | R@1,IoU@0.5 0.2857 | R@1,IoU@0.7 0.1416 | R@1,IoU@0.9 0.0199 | R@5,mIoU 0.5454 | R@5,IoU@0.1 0.8898 | R@5,IoU@0.3 0.7347 | R@5,IoU@0.5 0.5882 | R@5,IoU@0.7 0.4040 | R@5,IoU@0.9 0.0975 |
2026-04-21 14:44:06,927 - Best R@1 updated: 0.3337
2026-04-21 14:44:07,020 - Best R@5 updated: 0.5454
2026-04-21 14:44:07,097 - Best tradeoff updated: 0.5246  (R@1=0.3337, R@5=0.5454)
2026-04-21 14:44:07,097 - ============================================================
2026-04-21 14:44:07,097 - Start Epoch 4
2026-04-21 14:44:40,301 - Epoch 4, Batch 50, lr = 0.00013, alpha_2 = 1.000, aux_scale = 0.100,  final_loss = 5.0460, nll_loss = 4.9628, ref_nll_loss = 5.1292, ivc_loss = 0.1171, neg_loss_1 = 0.0080, neg_loss_2 = 0.0171, ref_loss = 0.0230, div_loss = 0.0210, aux_loss = 0.0271, aux_loss_eff = 0.0027, 0.664 seconds/batch
2026-04-21 14:45:13,338 - Epoch 4, Batch 100, lr = 0.00013, alpha_2 = 1.000, aux_scale = 0.100,  final_loss = 5.0601, nll_loss = 4.9758, ref_nll_loss = 5.1445, ivc_loss = 0.1204, neg_loss_1 = 0.0082, neg_loss_2 = 0.0187, ref_loss = 0.0236, div_loss = 0.0194, aux_loss = 0.0268, aux_loss_eff = 0.0027, 0.662 seconds/batch
2026-04-21 14:45:46,208 - Epoch 4, Batch 150, lr = 0.00013, alpha_2 = 1.000, aux_scale = 0.100,  final_loss = 5.0193, nll_loss = 4.9387, ref_nll_loss = 5.0999, ivc_loss = 0.1270, neg_loss_1 = 0.0099, neg_loss_2 = 0.0181, ref_loss = 0.0246, div_loss = 0.0218, aux_loss = 0.0270, aux_loss_eff = 0.0027, 0.661 seconds/batch
2026-04-21 14:46:19,175 - Epoch 4, Batch 200, lr = 0.00013, alpha_2 = 1.000, aux_scale = 0.100,  final_loss = 5.0427, nll_loss = 4.9617, ref_nll_loss = 5.1237, ivc_loss = 0.1124, neg_loss_1 = 0.0081, neg_loss_2 = 0.0155, ref_loss = 0.0214, div_loss = 0.0224, aux_loss = 0.0263, aux_loss_eff = 0.0026, 0.660 seconds/batch
2026-04-21 14:46:52,121 - Epoch 4, Batch 250, lr = 0.00013, alpha_2 = 1.000, aux_scale = 0.100,  final_loss = 5.0058, nll_loss = 4.9236, ref_nll_loss = 5.0880, ivc_loss = 0.1199, neg_loss_1 = 0.0084, neg_loss_2 = 0.0175, ref_loss = 0.0216, div_loss = 0.0249, aux_loss = 0.0265, aux_loss_eff = 0.0027, 0.660 seconds/batch
2026-04-21 14:47:25,074 - Epoch 4, Batch 300, lr = 0.00013, alpha_2 = 1.000, aux_scale = 0.100,  final_loss = 5.0434, nll_loss = 4.9598, ref_nll_loss = 5.1271, ivc_loss = 0.1230, neg_loss_1 = 0.0086, neg_loss_2 = 0.0200, ref_loss = 0.0217, div_loss = 0.0224, aux_loss = 0.0262, aux_loss_eff = 0.0026, 0.660 seconds/batch
2026-04-21 14:47:58,025 - Epoch 4, Batch 350, lr = 0.00013, alpha_2 = 1.000, aux_scale = 0.100,  final_loss = 5.0309, nll_loss = 4.9520, ref_nll_loss = 5.1099, ivc_loss = 0.1262, neg_loss_1 = 0.0092, neg_loss_2 = 0.0181, ref_loss = 0.0242, div_loss = 0.0233, aux_loss = 0.0257, aux_loss_eff = 0.0026, 0.660 seconds/batch
2026-04-21 14:48:30,999 - Epoch 4, Batch 400, lr = 0.00013, alpha_2 = 1.000, aux_scale = 0.100,  final_loss = 5.0235, nll_loss = 4.9396, ref_nll_loss = 5.1074, ivc_loss = 0.1193, neg_loss_1 = 0.0073, neg_loss_2 = 0.0188, ref_loss = 0.0203, div_loss = 0.0266, aux_loss = 0.0257, aux_loss_eff = 0.0026, 0.660 seconds/batch
2026-04-21 14:49:03,965 - Epoch 4, Batch 450, lr = 0.00013, alpha_2 = 1.000, aux_scale = 0.100,  final_loss = 5.0377, nll_loss = 4.9581, ref_nll_loss = 5.1173, ivc_loss = 0.1219, neg_loss_1 = 0.0068, neg_loss_2 = 0.0166, ref_loss = 0.0236, div_loss = 0.0278, aux_loss = 0.0249, aux_loss_eff = 0.0025, 0.660 seconds/batch
2026-04-21 14:49:36,957 - Epoch 4, Batch 500, lr = 0.00013, alpha_2 = 1.000, aux_scale = 0.100,  final_loss = 4.9729, nll_loss = 4.8879, ref_nll_loss = 5.0579, ivc_loss = 0.1156, neg_loss_1 = 0.0068, neg_loss_2 = 0.0160, ref_loss = 0.0202, div_loss = 0.0295, aux_loss = 0.0253, aux_loss_eff = 0.0025, 0.660 seconds/batch
2026-04-21 14:50:09,955 - Epoch 4, Batch 550, lr = 0.00013, alpha_2 = 1.000, aux_scale = 0.100,  final_loss = 5.0119, nll_loss = 4.9269, ref_nll_loss = 5.0970, ivc_loss = 0.1220, neg_loss_1 = 0.0066, neg_loss_2 = 0.0174, ref_loss = 0.0240, div_loss = 0.0260, aux_loss = 0.0262, aux_loss_eff = 0.0026, 0.660 seconds/batch
2026-04-21 14:50:42,829 - Epoch 4, Batch 600, lr = 0.00012, alpha_2 = 1.000, aux_scale = 0.100,  final_loss = 4.9926, nll_loss = 4.9071, ref_nll_loss = 5.0781, ivc_loss = 0.1095, neg_loss_1 = 0.0060, neg_loss_2 = 0.0140, ref_loss = 0.0238, div_loss = 0.0220, aux_loss = 0.0265, aux_loss_eff = 0.0026, 0.660 seconds/batch
2026-04-21 14:51:15,835 - Epoch 4, Batch 650, lr = 0.00012, alpha_2 = 1.000, aux_scale = 0.100,  final_loss = 5.0799, nll_loss = 4.9974, ref_nll_loss = 5.1624, ivc_loss = 0.1087, neg_loss_1 = 0.0060, neg_loss_2 = 0.0140, ref_loss = 0.0233, div_loss = 0.0220, aux_loss = 0.0269, aux_loss_eff = 0.0027, 0.660 seconds/batch
2026-04-21 14:51:48,774 - Epoch 4, Batch 700, lr = 0.00012, alpha_2 = 1.000, aux_scale = 0.100,  final_loss = 4.9766, nll_loss = 4.8916, ref_nll_loss = 5.0616, ivc_loss = 0.1117, neg_loss_1 = 0.0067, neg_loss_2 = 0.0142, ref_loss = 0.0227, div_loss = 0.0247, aux_loss = 0.0273, aux_loss_eff = 0.0027, 0.660 seconds/batch
2026-04-21 14:52:21,707 - Epoch 4, Batch 750, lr = 0.00012, alpha_2 = 1.000, aux_scale = 0.100,  final_loss = 4.9607, nll_loss = 4.8761, ref_nll_loss = 5.0452, ivc_loss = 0.1081, neg_loss_1 = 0.0061, neg_loss_2 = 0.0151, ref_loss = 0.0209, div_loss = 0.0238, aux_loss = 0.0268, aux_loss_eff = 0.0027, 0.659 seconds/batch
2026-04-21 14:52:54,630 - Epoch 4, Batch 800, lr = 0.00012, alpha_2 = 1.000, aux_scale = 0.100,  final_loss = 5.0005, nll_loss = 4.9187, ref_nll_loss = 5.0823, ivc_loss = 0.1051, neg_loss_1 = 0.0068, neg_loss_2 = 0.0127, ref_loss = 0.0218, div_loss = 0.0226, aux_loss = 0.0262, aux_loss_eff = 0.0026, 0.659 seconds/batch
2026-04-21 14:53:27,545 - Epoch 4, Batch 850, lr = 0.00012, alpha_2 = 1.000, aux_scale = 0.100,  final_loss = 5.0112, nll_loss = 4.9295, ref_nll_loss = 5.0928, ivc_loss = 0.1101, neg_loss_1 = 0.0051, neg_loss_2 = 0.0149, ref_loss = 0.0230, div_loss = 0.0240, aux_loss = 0.0257, aux_loss_eff = 0.0026, 0.659 seconds/batch
2026-04-21 14:54:00,525 - Epoch 4, Batch 900, lr = 0.00012, alpha_2 = 1.000, aux_scale = 0.100,  final_loss = 5.0002, nll_loss = 4.9128, ref_nll_loss = 5.0877, ivc_loss = 0.1117, neg_loss_1 = 0.0070, neg_loss_2 = 0.0154, ref_loss = 0.0191, div_loss = 0.0286, aux_loss = 0.0249, aux_loss_eff = 0.0025, 0.659 seconds/batch
2026-04-21 14:54:33,528 - Epoch 4, Batch 950, lr = 0.00012, alpha_2 = 1.000, aux_scale = 0.100,  final_loss = 4.9783, nll_loss = 4.8976, ref_nll_loss = 5.0590, ivc_loss = 0.1151, neg_loss_1 = 0.0068, neg_loss_2 = 0.0158, ref_loss = 0.0223, div_loss = 0.0254, aux_loss = 0.0267, aux_loss_eff = 0.0027, 0.659 seconds/batch
2026-04-21 14:55:06,510 - Epoch 4, Batch 1000, lr = 0.00012, alpha_2 = 1.000, aux_scale = 0.100,  final_loss = 4.9552, nll_loss = 4.8691, ref_nll_loss = 5.0412, ivc_loss = 0.1192, neg_loss_1 = 0.0073, neg_loss_2 = 0.0179, ref_loss = 0.0225, div_loss = 0.0238, aux_loss = 0.0260, aux_loss_eff = 0.0026, 0.659 seconds/batch
2026-04-21 14:55:39,436 - Epoch 4, Batch 1050, lr = 0.00012, alpha_2 = 1.000, aux_scale = 0.100,  final_loss = 4.9772, nll_loss = 4.8901, ref_nll_loss = 5.0642, ivc_loss = 0.1042, neg_loss_1 = 0.0052, neg_loss_2 = 0.0152, ref_loss = 0.0205, div_loss = 0.0222, aux_loss = 0.0260, aux_loss_eff = 0.0026, 0.659 seconds/batch
2026-04-21 14:56:12,475 - Epoch 4, Batch 1100, lr = 0.00012, alpha_2 = 1.000, aux_scale = 0.100,  final_loss = 4.9843, nll_loss = 4.9066, ref_nll_loss = 5.0619, ivc_loss = 0.1223, neg_loss_1 = 0.0065, neg_loss_2 = 0.0164, ref_loss = 0.0257, div_loss = 0.0253, aux_loss = 0.0258, aux_loss_eff = 0.0026, 0.659 seconds/batch
2026-04-21 14:56:40,734 - Epoch 4, Batch 1150, lr = 0.00012, alpha_2 = 1.000, aux_scale = 0.100,  final_loss = 4.9403, nll_loss = 4.8592, ref_nll_loss = 5.0214, ivc_loss = 0.1085, neg_loss_1 = 0.0059, neg_loss_2 = 0.0145, ref_loss = 0.0222, div_loss = 0.0233, aux_loss = 0.0256, aux_loss_eff = 0.0026, 0.655 seconds/batch
2026-04-21 14:56:49,694 - Epoch 4, Batch 1170, lr = 0.00012, alpha_2 = 1.000, aux_scale = 0.100,  final_loss = 4.9026, nll_loss = 4.8157, ref_nll_loss = 4.9895, ivc_loss = 0.0970, neg_loss_1 = 0.0053, neg_loss_2 = 0.0142, ref_loss = 0.0178, div_loss = 0.0225, aux_loss = 0.0258, aux_loss_eff = 0.0026, 0.652 seconds/batch
2026-04-21 14:56:49,804 - save model to checkpoints/activitynet_moe_v2_shared_gate/moe_v2_shared_gate/model-4.pt, num_updates 4680.
2026-04-21 14:59:04,306 - | R@1,mIoU 0.3396 | R@1,IoU@0.1 0.7098 | R@1,IoU@0.3 0.4994 | R@1,IoU@0.5 0.2929 | R@1,IoU@0.7 0.1438 | R@1,IoU@0.9 0.0278 | R@5,mIoU 0.5537 | R@5,IoU@0.1 0.9114 | R@5,IoU@0.3 0.7577 | R@5,IoU@0.5 0.5969 | R@5,IoU@0.7 0.3985 | R@5,IoU@0.9 0.0998 |
2026-04-21 14:59:04,382 - Best R@1 updated: 0.3396
2026-04-21 14:59:04,552 - Best R@5 updated: 0.5537
2026-04-21 14:59:04,637 - Best tradeoff updated: 0.5334  (R@1=0.3396, R@5=0.5537)
2026-04-21 14:59:04,638 - ============================================================
2026-04-21 14:59:04,638 - Start Epoch 5
2026-04-21 14:59:37,682 - Epoch 5, Batch 50, lr = 0.00012, alpha_2 = 0.500, aux_scale = 0.500,  final_loss = 4.9653, nll_loss = 4.8794, ref_nll_loss = 5.0512, ivc_loss = 0.1034, neg_loss_1 = 0.0063, neg_loss_2 = 0.0166, ref_loss = 0.0229, div_loss = 0.0233, aux_loss = 0.0264, aux_loss_eff = 0.0132, 0.661 seconds/batch
2026-04-21 15:00:10,472 - Epoch 5, Batch 100, lr = 0.00012, alpha_2 = 0.500, aux_scale = 0.500,  final_loss = 4.9468, nll_loss = 4.8601, ref_nll_loss = 5.0336, ivc_loss = 0.0971, neg_loss_1 = 0.0060, neg_loss_2 = 0.0148, ref_loss = 0.0211, div_loss = 0.0266, aux_loss = 0.0253, aux_loss_eff = 0.0127, 0.658 seconds/batch
2026-04-21 15:00:43,463 - Epoch 5, Batch 150, lr = 0.00012, alpha_2 = 0.500, aux_scale = 0.500,  final_loss = 4.8952, nll_loss = 4.8098, ref_nll_loss = 4.9805, ivc_loss = 0.0976, neg_loss_1 = 0.0060, neg_loss_2 = 0.0153, ref_loss = 0.0213, div_loss = 0.0250, aux_loss = 0.0239, aux_loss_eff = 0.0120, 0.659 seconds/batch
2026-04-21 15:01:16,456 - Epoch 5, Batch 200, lr = 0.00011, alpha_2 = 0.500, aux_scale = 0.500,  final_loss = 4.9136, nll_loss = 4.8314, ref_nll_loss = 4.9959, ivc_loss = 0.1026, neg_loss_1 = 0.0064, neg_loss_2 = 0.0175, ref_loss = 0.0215, div_loss = 0.0238, aux_loss = 0.0229, aux_loss_eff = 0.0114, 0.659 seconds/batch
2026-04-21 15:01:49,422 - Epoch 5, Batch 250, lr = 0.00011, alpha_2 = 0.500, aux_scale = 0.500,  final_loss = 4.9020, nll_loss = 4.8150, ref_nll_loss = 4.9890, ivc_loss = 0.1096, neg_loss_1 = 0.0069, neg_loss_2 = 0.0183, ref_loss = 0.0226, div_loss = 0.0285, aux_loss = 0.0226, aux_loss_eff = 0.0113, 0.659 seconds/batch
2026-04-21 15:02:22,378 - Epoch 5, Batch 300, lr = 0.00011, alpha_2 = 0.500, aux_scale = 0.500,  final_loss = 4.9081, nll_loss = 4.8268, ref_nll_loss = 4.9895, ivc_loss = 0.1050, neg_loss_1 = 0.0053, neg_loss_2 = 0.0164, ref_loss = 0.0230, div_loss = 0.0308, aux_loss = 0.0219, aux_loss_eff = 0.0109, 0.659 seconds/batch
2026-04-21 15:02:55,361 - Epoch 5, Batch 350, lr = 0.00011, alpha_2 = 0.500, aux_scale = 0.500,  final_loss = 4.9305, nll_loss = 4.8485, ref_nll_loss = 5.0126, ivc_loss = 0.1062, neg_loss_1 = 0.0066, neg_loss_2 = 0.0161, ref_loss = 0.0232, div_loss = 0.0288, aux_loss = 0.0213, aux_loss_eff = 0.0107, 0.659 seconds/batch
2026-04-21 15:03:28,378 - Epoch 5, Batch 400, lr = 0.00011, alpha_2 = 0.500, aux_scale = 0.500,  final_loss = 4.9473, nll_loss = 4.8594, ref_nll_loss = 5.0352, ivc_loss = 0.0926, neg_loss_1 = 0.0062, neg_loss_2 = 0.0128, ref_loss = 0.0206, div_loss = 0.0266, aux_loss = 0.0207, aux_loss_eff = 0.0104, 0.659 seconds/batch
2026-04-21 15:04:01,370 - Epoch 5, Batch 450, lr = 0.00011, alpha_2 = 0.500, aux_scale = 0.500,  final_loss = 4.8978, nll_loss = 4.8165, ref_nll_loss = 4.9790, ivc_loss = 0.0970, neg_loss_1 = 0.0044, neg_loss_2 = 0.0137, ref_loss = 0.0232, div_loss = 0.0288, aux_loss = 0.0208, aux_loss_eff = 0.0104, 0.659 seconds/batch
2026-04-21 15:04:34,340 - Epoch 5, Batch 500, lr = 0.00011, alpha_2 = 0.500, aux_scale = 0.500,  final_loss = 4.9379, nll_loss = 4.8567, ref_nll_loss = 5.0191, ivc_loss = 0.1026, neg_loss_1 = 0.0045, neg_loss_2 = 0.0162, ref_loss = 0.0238, div_loss = 0.0273, aux_loss = 0.0212, aux_loss_eff = 0.0106, 0.659 seconds/batch
2026-04-21 15:05:07,343 - Epoch 5, Batch 550, lr = 0.00011, alpha_2 = 0.500, aux_scale = 0.500,  final_loss = 4.8864, nll_loss = 4.8035, ref_nll_loss = 4.9692, ivc_loss = 0.1002, neg_loss_1 = 0.0067, neg_loss_2 = 0.0151, ref_loss = 0.0213, div_loss = 0.0283, aux_loss = 0.0206, aux_loss_eff = 0.0103, 0.659 seconds/batch
2026-04-21 15:05:40,385 - Epoch 5, Batch 600, lr = 0.00011, alpha_2 = 0.500, aux_scale = 0.500,  final_loss = 4.9099, nll_loss = 4.8252, ref_nll_loss = 4.9946, ivc_loss = 0.1001, neg_loss_1 = 0.0060, neg_loss_2 = 0.0138, ref_loss = 0.0229, div_loss = 0.0296, aux_loss = 0.0205, aux_loss_eff = 0.0102, 0.660 seconds/batch
2026-04-21 15:06:13,414 - Epoch 5, Batch 650, lr = 0.00011, alpha_2 = 0.500, aux_scale = 0.500,  final_loss = 4.8908, nll_loss = 4.8072, ref_nll_loss = 4.9744, ivc_loss = 0.0988, neg_loss_1 = 0.0051, neg_loss_2 = 0.0136, ref_loss = 0.0225, div_loss = 0.0326, aux_loss = 0.0206, aux_loss_eff = 0.0103, 0.660 seconds/batch
2026-04-21 15:06:46,431 - Epoch 5, Batch 700, lr = 0.00011, alpha_2 = 0.500, aux_scale = 0.500,  final_loss = 4.9047, nll_loss = 4.8221, ref_nll_loss = 4.9872, ivc_loss = 0.1081, neg_loss_1 = 0.0064, neg_loss_2 = 0.0144, ref_loss = 0.0245, div_loss = 0.0347, aux_loss = 0.0205, aux_loss_eff = 0.0103, 0.660 seconds/batch
2026-04-21 15:07:19,461 - Epoch 5, Batch 750, lr = 0.00011, alpha_2 = 0.500, aux_scale = 0.500,  final_loss = 4.8714, nll_loss = 4.7885, ref_nll_loss = 4.9544, ivc_loss = 0.0955, neg_loss_1 = 0.0051, neg_loss_2 = 0.0137, ref_loss = 0.0214, div_loss = 0.0305, aux_loss = 0.0203, aux_loss_eff = 0.0101, 0.660 seconds/batch
2026-04-21 15:07:52,457 - Epoch 5, Batch 800, lr = 0.00011, alpha_2 = 0.500, aux_scale = 0.500,  final_loss = 4.8882, nll_loss = 4.8018, ref_nll_loss = 4.9745, ivc_loss = 0.0994, neg_loss_1 = 0.0055, neg_loss_2 = 0.0164, ref_loss = 0.0197, div_loss = 0.0327, aux_loss = 0.0206, aux_loss_eff = 0.0103, 0.660 seconds/batch
2026-04-21 15:08:25,472 - Epoch 5, Batch 850, lr = 0.00011, alpha_2 = 0.500, aux_scale = 0.500,  final_loss = 4.9113, nll_loss = 4.8298, ref_nll_loss = 4.9927, ivc_loss = 0.1087, neg_loss_1 = 0.0039, neg_loss_2 = 0.0165, ref_loss = 0.0254, div_loss = 0.0341, aux_loss = 0.0206, aux_loss_eff = 0.0103, 0.660 seconds/batch
2026-04-21 15:08:58,446 - Epoch 5, Batch 900, lr = 0.00011, alpha_2 = 0.500, aux_scale = 0.500,  final_loss = 4.8400, nll_loss = 4.7583, ref_nll_loss = 4.9217, ivc_loss = 0.1035, neg_loss_1 = 0.0051, neg_loss_2 = 0.0124, ref_loss = 0.0240, div_loss = 0.0412, aux_loss = 0.0208, aux_loss_eff = 0.0104, 0.660 seconds/batch
2026-04-21 15:09:31,413 - Epoch 5, Batch 950, lr = 0.00011, alpha_2 = 0.500, aux_scale = 0.500,  final_loss = 4.8769, nll_loss = 4.7930, ref_nll_loss = 4.9608, ivc_loss = 0.0956, neg_loss_1 = 0.0040, neg_loss_2 = 0.0115, ref_loss = 0.0217, div_loss = 0.0421, aux_loss = 0.0211, aux_loss_eff = 0.0106, 0.660 seconds/batch
2026-04-21 15:10:04,381 - Epoch 5, Batch 1000, lr = 0.00011, alpha_2 = 0.500, aux_scale = 0.500,  final_loss = 4.8943, nll_loss = 4.8047, ref_nll_loss = 4.9839, ivc_loss = 0.0926, neg_loss_1 = 0.0043, neg_loss_2 = 0.0145, ref_loss = 0.0197, div_loss = 0.0313, aux_loss = 0.0203, aux_loss_eff = 0.0101, 0.660 seconds/batch
2026-04-21 15:10:37,306 - Epoch 5, Batch 1050, lr = 0.00011, alpha_2 = 0.500, aux_scale = 0.500,  final_loss = 4.8847, nll_loss = 4.7960, ref_nll_loss = 4.9735, ivc_loss = 0.0862, neg_loss_1 = 0.0045, neg_loss_2 = 0.0109, ref_loss = 0.0197, div_loss = 0.0322, aux_loss = 0.0204, aux_loss_eff = 0.0102, 0.660 seconds/batch
2026-04-21 15:11:10,268 - Epoch 5, Batch 1100, lr = 0.00011, alpha_2 = 0.500, aux_scale = 0.500,  final_loss = 4.8865, nll_loss = 4.7995, ref_nll_loss = 4.9735, ivc_loss = 0.0931, neg_loss_1 = 0.0043, neg_loss_2 = 0.0129, ref_loss = 0.0218, div_loss = 0.0301, aux_loss = 0.0203, aux_loss_eff = 0.0101, 0.660 seconds/batch
2026-04-21 15:11:38,484 - Epoch 5, Batch 1150, lr = 0.00010, alpha_2 = 0.500, aux_scale = 0.500,  final_loss = 4.9122, nll_loss = 4.8266, ref_nll_loss = 4.9978, ivc_loss = 0.0929, neg_loss_1 = 0.0044, neg_loss_2 = 0.0115, ref_loss = 0.0224, div_loss = 0.0327, aux_loss = 0.0203, aux_loss_eff = 0.0101, 0.656 seconds/batch
2026-04-21 15:11:47,454 - Epoch 5, Batch 1170, lr = 0.00010, alpha_2 = 0.500, aux_scale = 0.500,  final_loss = 4.9145, nll_loss = 4.8284, ref_nll_loss = 5.0007, ivc_loss = 0.0916, neg_loss_1 = 0.0058, neg_loss_2 = 0.0123, ref_loss = 0.0201, div_loss = 0.0305, aux_loss = 0.0201, aux_loss_eff = 0.0101, 0.652 seconds/batch
2026-04-21 15:11:47,538 - save model to checkpoints/activitynet_moe_v2_shared_gate/moe_v2_shared_gate/model-5.pt, num_updates 5850.
2026-04-21 15:14:03,183 - | R@1,mIoU 0.3346 | R@1,IoU@0.1 0.6915 | R@1,IoU@0.3 0.5027 | R@1,IoU@0.5 0.2991 | R@1,IoU@0.7 0.1430 | R@1,IoU@0.9 0.0188 | R@5,mIoU 0.5491 | R@5,IoU@0.1 0.9164 | R@5,IoU@0.3 0.7561 | R@5,IoU@0.5 0.5917 | R@5,IoU@0.7 0.3958 | R@5,IoU@0.9 0.0769 |
2026-04-21 15:14:03,184 - ============================================================
2026-04-21 15:14:03,184 - Start Epoch 6
2026-04-21 15:14:36,508 - Epoch 6, Batch 50, lr = 0.00010, alpha_2 = 0.500, aux_scale = 0.500,  final_loss = 4.8403, nll_loss = 4.7565, ref_nll_loss = 4.9241, ivc_loss = 0.0927, neg_loss_1 = 0.0049, neg_loss_2 = 0.0119, ref_loss = 0.0214, div_loss = 0.0324, aux_loss = 0.0202, aux_loss_eff = 0.0101, 0.666 seconds/batch
2026-04-21 15:15:09,506 - Epoch 6, Batch 100, lr = 0.00010, alpha_2 = 0.500, aux_scale = 0.500,  final_loss = 4.8417, nll_loss = 4.7499, ref_nll_loss = 4.9335, ivc_loss = 0.0800, neg_loss_1 = 0.0028, neg_loss_2 = 0.0122, ref_loss = 0.0175, div_loss = 0.0302, aux_loss = 0.0201, aux_loss_eff = 0.0101, 0.663 seconds/batch
2026-04-21 15:15:42,492 - Epoch 6, Batch 150, lr = 0.00010, alpha_2 = 0.500, aux_scale = 0.500,  final_loss = 4.8494, nll_loss = 4.7634, ref_nll_loss = 4.9354, ivc_loss = 0.0940, neg_loss_1 = 0.0051, neg_loss_2 = 0.0118, ref_loss = 0.0218, div_loss = 0.0330, aux_loss = 0.0204, aux_loss_eff = 0.0102, 0.662 seconds/batch
2026-04-21 15:16:15,484 - Epoch 6, Batch 200, lr = 0.00010, alpha_2 = 0.500, aux_scale = 0.500,  final_loss = 4.8482, nll_loss = 4.7595, ref_nll_loss = 4.9369, ivc_loss = 0.0888, neg_loss_1 = 0.0037, neg_loss_2 = 0.0102, ref_loss = 0.0217, div_loss = 0.0349, aux_loss = 0.0207, aux_loss_eff = 0.0104, 0.662 seconds/batch
2026-04-21 15:16:48,449 - Epoch 6, Batch 250, lr = 0.00010, alpha_2 = 0.500, aux_scale = 0.500,  final_loss = 4.8468, nll_loss = 4.7621, ref_nll_loss = 4.9315, ivc_loss = 0.0945, neg_loss_1 = 0.0049, neg_loss_2 = 0.0113, ref_loss = 0.0217, div_loss = 0.0374, aux_loss = 0.0209, aux_loss_eff = 0.0104, 0.661 seconds/batch
2026-04-21 15:17:21,460 - Epoch 6, Batch 300, lr = 0.00010, alpha_2 = 0.500, aux_scale = 0.500,  final_loss = 4.8250, nll_loss = 4.7412, ref_nll_loss = 4.9088, ivc_loss = 0.0909, neg_loss_1 = 0.0036, neg_loss_2 = 0.0127, ref_loss = 0.0216, div_loss = 0.0300, aux_loss = 0.0204, aux_loss_eff = 0.0102, 0.661 seconds/batch
2026-04-21 15:17:54,485 - Epoch 6, Batch 350, lr = 0.00010, alpha_2 = 0.500, aux_scale = 0.500,  final_loss = 4.8128, nll_loss = 4.7242, ref_nll_loss = 4.9014, ivc_loss = 0.0877, neg_loss_1 = 0.0033, neg_loss_2 = 0.0130, ref_loss = 0.0197, div_loss = 0.0309, aux_loss = 0.0204, aux_loss_eff = 0.0102, 0.661 seconds/batch
2026-04-21 15:18:27,508 - Epoch 6, Batch 400, lr = 0.00010, alpha_2 = 0.500, aux_scale = 0.500,  final_loss = 4.8081, nll_loss = 4.7197, ref_nll_loss = 4.8965, ivc_loss = 0.0871, neg_loss_1 = 0.0034, neg_loss_2 = 0.0108, ref_loss = 0.0206, div_loss = 0.0351, aux_loss = 0.0203, aux_loss_eff = 0.0101, 0.661 seconds/batch
2026-04-21 15:19:00,509 - Epoch 6, Batch 450, lr = 0.00010, alpha_2 = 0.500, aux_scale = 0.500,  final_loss = 4.8128, nll_loss = 4.7220, ref_nll_loss = 4.9037, ivc_loss = 0.0814, neg_loss_1 = 0.0024, neg_loss_2 = 0.0107, ref_loss = 0.0195, div_loss = 0.0324, aux_loss = 0.0203, aux_loss_eff = 0.0101, 0.661 seconds/batch
2026-04-21 15:19:33,512 - Epoch 6, Batch 500, lr = 0.00010, alpha_2 = 0.500, aux_scale = 0.500,  final_loss = 4.8179, nll_loss = 4.7298, ref_nll_loss = 4.9059, ivc_loss = 0.0869, neg_loss_1 = 0.0044, neg_loss_2 = 0.0115, ref_loss = 0.0195, div_loss = 0.0322, aux_loss = 0.0202, aux_loss_eff = 0.0101, 0.661 seconds/batch
2026-04-21 15:20:06,534 - Epoch 6, Batch 550, lr = 0.00010, alpha_2 = 0.500, aux_scale = 0.500,  final_loss = 4.8547, nll_loss = 4.7663, ref_nll_loss = 4.9430, ivc_loss = 0.0868, neg_loss_1 = 0.0038, neg_loss_2 = 0.0111, ref_loss = 0.0214, div_loss = 0.0284, aux_loss = 0.0204, aux_loss_eff = 0.0102, 0.661 seconds/batch
2026-04-21 15:20:39,560 - Epoch 6, Batch 600, lr = 0.00010, alpha_2 = 0.500, aux_scale = 0.500,  final_loss = 4.8543, nll_loss = 4.7649, ref_nll_loss = 4.9438, ivc_loss = 0.0883, neg_loss_1 = 0.0045, neg_loss_2 = 0.0122, ref_loss = 0.0203, div_loss = 0.0287, aux_loss = 0.0204, aux_loss_eff = 0.0102, 0.661 seconds/batch
2026-04-21 15:21:12,575 - Epoch 6, Batch 650, lr = 0.00010, alpha_2 = 0.500, aux_scale = 0.500,  final_loss = 4.8516, nll_loss = 4.7637, ref_nll_loss = 4.9395, ivc_loss = 0.0910, neg_loss_1 = 0.0033, neg_loss_2 = 0.0126, ref_loss = 0.0221, div_loss = 0.0304, aux_loss = 0.0203, aux_loss_eff = 0.0102, 0.661 seconds/batch
2026-04-21 15:21:45,591 - Epoch 6, Batch 700, lr = 0.00010, alpha_2 = 0.500, aux_scale = 0.500,  final_loss = 4.8086, nll_loss = 4.7183, ref_nll_loss = 4.8989, ivc_loss = 0.0755, neg_loss_1 = 0.0022, neg_loss_2 = 0.0095, ref_loss = 0.0186, div_loss = 0.0299, aux_loss = 0.0202, aux_loss_eff = 0.0101, 0.661 seconds/batch
2026-04-21 15:22:18,470 - Epoch 6, Batch 750, lr = 0.00010, alpha_2 = 0.500, aux_scale = 0.500,  final_loss = 4.8333, nll_loss = 4.7436, ref_nll_loss = 4.9231, ivc_loss = 0.0834, neg_loss_1 = 0.0039, neg_loss_2 = 0.0099, ref_loss = 0.0204, div_loss = 0.0302, aux_loss = 0.0202, aux_loss_eff = 0.0101, 0.660 seconds/batch
2026-04-21 15:22:51,455 - Epoch 6, Batch 800, lr = 0.00010, alpha_2 = 0.500, aux_scale = 0.500,  final_loss = 4.7968, nll_loss = 4.7071, ref_nll_loss = 4.8865, ivc_loss = 0.0777, neg_loss_1 = 0.0034, neg_loss_2 = 0.0093, ref_loss = 0.0184, div_loss = 0.0312, aux_loss = 0.0204, aux_loss_eff = 0.0102, 0.660 seconds/batch
2026-04-21 15:23:24,465 - Epoch 6, Batch 850, lr = 0.00010, alpha_2 = 0.500, aux_scale = 0.500,  final_loss = 4.8188, nll_loss = 4.7267, ref_nll_loss = 4.9109, ivc_loss = 0.0794, neg_loss_1 = 0.0026, neg_loss_2 = 0.0107, ref_loss = 0.0186, div_loss = 0.0311, aux_loss = 0.0202, aux_loss_eff = 0.0101, 0.660 seconds/batch
2026-04-21 15:23:57,470 - Epoch 6, Batch 900, lr = 0.00010, alpha_2 = 0.500, aux_scale = 0.500,  final_loss = 4.8167, nll_loss = 4.7225, ref_nll_loss = 4.9109, ivc_loss = 0.0760, neg_loss_1 = 0.0026, neg_loss_2 = 0.0100, ref_loss = 0.0173, div_loss = 0.0325, aux_loss = 0.0206, aux_loss_eff = 0.0103, 0.660 seconds/batch
2026-04-21 15:24:30,459 - Epoch 6, Batch 950, lr = 0.00010, alpha_2 = 0.500, aux_scale = 0.500,  final_loss = 4.7872, nll_loss = 4.6983, ref_nll_loss = 4.8762, ivc_loss = 0.0890, neg_loss_1 = 0.0031, neg_loss_2 = 0.0115, ref_loss = 0.0218, div_loss = 0.0324, aux_loss = 0.0210, aux_loss_eff = 0.0105, 0.660 seconds/batch
2026-04-21 15:25:03,415 - Epoch 6, Batch 1000, lr = 0.00010, alpha_2 = 0.500, aux_scale = 0.500,  final_loss = 4.8153, nll_loss = 4.7249, ref_nll_loss = 4.9056, ivc_loss = 0.0822, neg_loss_1 = 0.0032, neg_loss_2 = 0.0109, ref_loss = 0.0188, div_loss = 0.0329, aux_loss = 0.0202, aux_loss_eff = 0.0101, 0.660 seconds/batch
2026-04-21 15:25:36,456 - Epoch 6, Batch 1050, lr = 0.00010, alpha_2 = 0.500, aux_scale = 0.500,  final_loss = 4.8125, nll_loss = 4.7220, ref_nll_loss = 4.9030, ivc_loss = 0.0797, neg_loss_1 = 0.0029, neg_loss_2 = 0.0106, ref_loss = 0.0193, div_loss = 0.0285, aux_loss = 0.0207, aux_loss_eff = 0.0104, 0.660 seconds/batch
2026-04-21 15:26:09,444 - Epoch 6, Batch 1100, lr = 0.00010, alpha_2 = 0.500, aux_scale = 0.500,  final_loss = 4.7936, nll_loss = 4.7032, ref_nll_loss = 4.8839, ivc_loss = 0.0771, neg_loss_1 = 0.0023, neg_loss_2 = 0.0094, ref_loss = 0.0196, div_loss = 0.0292, aux_loss = 0.0204, aux_loss_eff = 0.0102, 0.660 seconds/batch
2026-04-21 15:26:37,521 - Epoch 6, Batch 1150, lr = 0.00010, alpha_2 = 0.500, aux_scale = 0.500,  final_loss = 4.8044, nll_loss = 4.7175, ref_nll_loss = 4.8913, ivc_loss = 0.0865, neg_loss_1 = 0.0037, neg_loss_2 = 0.0099, ref_loss = 0.0202, div_loss = 0.0377, aux_loss = 0.0204, aux_loss_eff = 0.0102, 0.656 seconds/batch
2026-04-21 15:26:46,482 - Epoch 6, Batch 1170, lr = 0.00010, alpha_2 = 0.500, aux_scale = 0.500,  final_loss = 4.8424, nll_loss = 4.7558, ref_nll_loss = 4.9289, ivc_loss = 0.0793, neg_loss_1 = 0.0025, neg_loss_2 = 0.0079, ref_loss = 0.0193, div_loss = 0.0397, aux_loss = 0.0203, aux_loss_eff = 0.0102, 0.652 seconds/batch
2026-04-21 15:26:46,564 - save model to checkpoints/activitynet_moe_v2_shared_gate/moe_v2_shared_gate/model-6.pt, num_updates 7020.
2026-04-21 15:29:02,265 - | R@1,mIoU 0.3410 | R@1,IoU@0.1 0.7362 | R@1,IoU@0.3 0.4936 | R@1,IoU@0.5 0.2831 | R@1,IoU@0.7 0.1384 | R@1,IoU@0.9 0.0501 | R@5,mIoU 0.5361 | R@5,IoU@0.1 0.9176 | R@5,IoU@0.3 0.7558 | R@5,IoU@0.5 0.5727 | R@5,IoU@0.7 0.3350 | R@5,IoU@0.9 0.1033 |
2026-04-21 15:29:02,469 - Best R@1 updated: 0.3410
2026-04-21 15:29:02,470 - ============================================================
2026-04-21 15:29:02,470 - Start Epoch 7
2026-04-21 15:29:35,674 - Epoch 7, Batch 50, lr = 0.00010, alpha_2 = 0.500, aux_scale = 0.500,  final_loss = 4.7778, nll_loss = 4.6844, ref_nll_loss = 4.8711, ivc_loss = 0.0765, neg_loss_1 = 0.0022, neg_loss_2 = 0.0091, ref_loss = 0.0176, div_loss = 0.0376, aux_loss = 0.0204, aux_loss_eff = 0.0102, 0.664 seconds/batch
2026-04-21 15:30:08,665 - Epoch 7, Batch 100, lr = 0.00009, alpha_2 = 0.500, aux_scale = 0.500,  final_loss = 4.7406, nll_loss = 4.6489, ref_nll_loss = 4.8324, ivc_loss = 0.0827, neg_loss_1 = 0.0029, neg_loss_2 = 0.0097, ref_loss = 0.0195, div_loss = 0.0372, aux_loss = 0.0201, aux_loss_eff = 0.0100, 0.662 seconds/batch
2026-04-21 15:30:41,674 - Epoch 7, Batch 150, lr = 0.00009, alpha_2 = 0.500, aux_scale = 0.500,  final_loss = 4.7499, nll_loss = 4.6563, ref_nll_loss = 4.8435, ivc_loss = 0.0735, neg_loss_1 = 0.0028, neg_loss_2 = 0.0079, ref_loss = 0.0180, div_loss = 0.0322, aux_loss = 0.0202, aux_loss_eff = 0.0101, 0.661 seconds/batch
2026-04-21 15:31:14,684 - Epoch 7, Batch 200, lr = 0.00009, alpha_2 = 0.500, aux_scale = 0.500,  final_loss = 4.7684, nll_loss = 4.6811, ref_nll_loss = 4.8558, ivc_loss = 0.0785, neg_loss_1 = 0.0023, neg_loss_2 = 0.0082, ref_loss = 0.0202, div_loss = 0.0343, aux_loss = 0.0203, aux_loss_eff = 0.0101, 0.661 seconds/batch
2026-04-21 15:31:47,677 - Epoch 7, Batch 250, lr = 0.00009, alpha_2 = 0.500, aux_scale = 0.500,  final_loss = 4.7657, nll_loss = 4.6727, ref_nll_loss = 4.8587, ivc_loss = 0.0751, neg_loss_1 = 0.0020, neg_loss_2 = 0.0092, ref_loss = 0.0179, div_loss = 0.0335, aux_loss = 0.0202, aux_loss_eff = 0.0101, 0.661 seconds/batch
2026-04-21 15:32:20,676 - Epoch 7, Batch 300, lr = 0.00009, alpha_2 = 0.500, aux_scale = 0.500,  final_loss = 4.7735, nll_loss = 4.6832, ref_nll_loss = 4.8637, ivc_loss = 0.0826, neg_loss_1 = 0.0031, neg_loss_2 = 0.0099, ref_loss = 0.0198, div_loss = 0.0344, aux_loss = 0.0203, aux_loss_eff = 0.0101, 0.661 seconds/batch
2026-04-21 15:32:53,679 - Epoch 7, Batch 350, lr = 0.00009, alpha_2 = 0.500, aux_scale = 0.500,  final_loss = 4.7816, nll_loss = 4.6914, ref_nll_loss = 4.8718, ivc_loss = 0.0714, neg_loss_1 = 0.0020, neg_loss_2 = 0.0075, ref_loss = 0.0174, div_loss = 0.0351, aux_loss = 0.0201, aux_loss_eff = 0.0101, 0.661 seconds/batch
2026-04-21 15:33:26,642 - Epoch 7, Batch 400, lr = 0.00009, alpha_2 = 0.500, aux_scale = 0.500,  final_loss = 4.7705, nll_loss = 4.6796, ref_nll_loss = 4.8614, ivc_loss = 0.0748, neg_loss_1 = 0.0022, neg_loss_2 = 0.0082, ref_loss = 0.0188, div_loss = 0.0328, aux_loss = 0.0201, aux_loss_eff = 0.0101, 0.660 seconds/batch
2026-04-21 15:33:59,632 - Epoch 7, Batch 450, lr = 0.00009, alpha_2 = 0.500, aux_scale = 0.500,  final_loss = 4.7441, nll_loss = 4.6525, ref_nll_loss = 4.8358, ivc_loss = 0.0779, neg_loss_1 = 0.0024, neg_loss_2 = 0.0095, ref_loss = 0.0188, div_loss = 0.0333, aux_loss = 0.0204, aux_loss_eff = 0.0102, 0.660 seconds/batch
2026-04-21 15:34:32,683 - Epoch 7, Batch 500, lr = 0.00009, alpha_2 = 0.500, aux_scale = 0.500,  final_loss = 4.7809, nll_loss = 4.6900, ref_nll_loss = 4.8717, ivc_loss = 0.0740, neg_loss_1 = 0.0023, neg_loss_2 = 0.0074, ref_loss = 0.0186, div_loss = 0.0348, aux_loss = 0.0202, aux_loss_eff = 0.0101, 0.660 seconds/batch
2026-04-21 15:35:05,573 - Epoch 7, Batch 550, lr = 0.00009, alpha_2 = 0.500, aux_scale = 0.500,  final_loss = 4.7632, nll_loss = 4.6696, ref_nll_loss = 4.8567, ivc_loss = 0.0760, neg_loss_1 = 0.0019, neg_loss_2 = 0.0078, ref_loss = 0.0199, div_loss = 0.0335, aux_loss = 0.0202, aux_loss_eff = 0.0101, 0.660 seconds/batch
2026-04-21 15:35:38,582 - Epoch 7, Batch 600, lr = 0.00009, alpha_2 = 0.500, aux_scale = 0.500,  final_loss = 4.7718, nll_loss = 4.6779, ref_nll_loss = 4.8657, ivc_loss = 0.0734, neg_loss_1 = 0.0022, neg_loss_2 = 0.0063, ref_loss = 0.0198, div_loss = 0.0334, aux_loss = 0.0202, aux_loss_eff = 0.0101, 0.660 seconds/batch
2026-04-21 15:36:11,611 - Epoch 7, Batch 650, lr = 0.00009, alpha_2 = 0.500, aux_scale = 0.500,  final_loss = 4.7590, nll_loss = 4.6646, ref_nll_loss = 4.8533, ivc_loss = 0.0772, neg_loss_1 = 0.0037, neg_loss_2 = 0.0079, ref_loss = 0.0186, div_loss = 0.0336, aux_loss = 0.0201, aux_loss_eff = 0.0100, 0.660 seconds/batch
2026-04-21 15:36:44,644 - Epoch 7, Batch 700, lr = 0.00009, alpha_2 = 0.500, aux_scale = 0.500,  final_loss = 4.7604, nll_loss = 4.6688, ref_nll_loss = 4.8520, ivc_loss = 0.0776, neg_loss_1 = 0.0034, neg_loss_2 = 0.0079, ref_loss = 0.0194, div_loss = 0.0323, aux_loss = 0.0204, aux_loss_eff = 0.0102, 0.660 seconds/batch
2026-04-21 15:37:17,671 - Epoch 7, Batch 750, lr = 0.00009, alpha_2 = 0.500, aux_scale = 0.500,  final_loss = 4.7717, nll_loss = 4.6829, ref_nll_loss = 4.8604, ivc_loss = 0.0841, neg_loss_1 = 0.0023, neg_loss_2 = 0.0126, ref_loss = 0.0192, div_loss = 0.0318, aux_loss = 0.0203, aux_loss_eff = 0.0102, 0.660 seconds/batch
2026-04-21 15:37:50,674 - Epoch 7, Batch 800, lr = 0.00009, alpha_2 = 0.500, aux_scale = 0.500,  final_loss = 4.7874, nll_loss = 4.6974, ref_nll_loss = 4.8773, ivc_loss = 0.0748, neg_loss_1 = 0.0016, neg_loss_2 = 0.0089, ref_loss = 0.0190, div_loss = 0.0315, aux_loss = 0.0202, aux_loss_eff = 0.0101, 0.660 seconds/batch
2026-04-21 15:38:23,686 - Epoch 7, Batch 850, lr = 0.00009, alpha_2 = 0.500, aux_scale = 0.500,  final_loss = 4.7612, nll_loss = 4.6664, ref_nll_loss = 4.8559, ivc_loss = 0.0677, neg_loss_1 = 0.0025, neg_loss_2 = 0.0070, ref_loss = 0.0156, div_loss = 0.0351, aux_loss = 0.0204, aux_loss_eff = 0.0102, 0.660 seconds/batch
2026-04-21 15:38:56,716 - Epoch 7, Batch 900, lr = 0.00009, alpha_2 = 0.500, aux_scale = 0.500,  final_loss = 4.7546, nll_loss = 4.6626, ref_nll_loss = 4.8466, ivc_loss = 0.0773, neg_loss_1 = 0.0033, neg_loss_2 = 0.0090, ref_loss = 0.0178, div_loss = 0.0342, aux_loss = 0.0204, aux_loss_eff = 0.0102, 0.660 seconds/batch
2026-04-21 15:39:29,738 - Epoch 7, Batch 950, lr = 0.00009, alpha_2 = 0.500, aux_scale = 0.500,  final_loss = 4.7724, nll_loss = 4.6818, ref_nll_loss = 4.8630, ivc_loss = 0.0800, neg_loss_1 = 0.0020, neg_loss_2 = 0.0092, ref_loss = 0.0194, div_loss = 0.0375, aux_loss = 0.0205, aux_loss_eff = 0.0103, 0.660 seconds/batch
2026-04-21 15:40:02,714 - Epoch 7, Batch 1000, lr = 0.00009, alpha_2 = 0.500, aux_scale = 0.500,  final_loss = 4.7561, nll_loss = 4.6605, ref_nll_loss = 4.8517, ivc_loss = 0.0706, neg_loss_1 = 0.0029, neg_loss_2 = 0.0065, ref_loss = 0.0163, div_loss = 0.0382, aux_loss = 0.0208, aux_loss_eff = 0.0104, 0.660 seconds/batch
2026-04-21 15:40:35,740 - Epoch 7, Batch 1050, lr = 0.00009, alpha_2 = 0.500, aux_scale = 0.500,  final_loss = 4.7437, nll_loss = 4.6542, ref_nll_loss = 4.8332, ivc_loss = 0.0801, neg_loss_1 = 0.0026, neg_loss_2 = 0.0086, ref_loss = 0.0197, div_loss = 0.0367, aux_loss = 0.0203, aux_loss_eff = 0.0102, 0.660 seconds/batch
2026-04-21 15:41:08,779 - Epoch 7, Batch 1100, lr = 0.00009, alpha_2 = 0.500, aux_scale = 0.500,  final_loss = 4.7287, nll_loss = 4.6316, ref_nll_loss = 4.8257, ivc_loss = 0.0759, neg_loss_1 = 0.0022, neg_loss_2 = 0.0084, ref_loss = 0.0189, div_loss = 0.0340, aux_loss = 0.0202, aux_loss_eff = 0.0101, 0.660 seconds/batch
2026-04-21 15:41:36,798 - Epoch 7, Batch 1150, lr = 0.00009, alpha_2 = 0.500, aux_scale = 0.500,  final_loss = 4.7091, nll_loss = 4.6168, ref_nll_loss = 4.8014, ivc_loss = 0.0767, neg_loss_1 = 0.0025, neg_loss_2 = 0.0106, ref_loss = 0.0175, div_loss = 0.0311, aux_loss = 0.0202, aux_loss_eff = 0.0101, 0.656 seconds/batch
2026-04-21 15:41:45,628 - Epoch 7, Batch 1170, lr = 0.00009, alpha_2 = 0.500, aux_scale = 0.500,  final_loss = 4.7617, nll_loss = 4.6635, ref_nll_loss = 4.8599, ivc_loss = 0.0788, neg_loss_1 = 0.0033, neg_loss_2 = 0.0081, ref_loss = 0.0189, div_loss = 0.0364, aux_loss = 0.0204, aux_loss_eff = 0.0102, 0.652 seconds/batch
2026-04-21 15:41:45,795 - save model to checkpoints/activitynet_moe_v2_shared_gate/moe_v2_shared_gate/model-7.pt, num_updates 8190.
2026-04-21 15:44:01,866 - | R@1,mIoU 0.3444 | R@1,IoU@0.1 0.7527 | R@1,IoU@0.3 0.4934 | R@1,IoU@0.5 0.2747 | R@1,IoU@0.7 0.1404 | R@1,IoU@0.9 0.0528 | R@5,mIoU 0.5273 | R@5,IoU@0.1 0.9157 | R@5,IoU@0.3 0.7443 | R@5,IoU@0.5 0.5532 | R@5,IoU@0.7 0.3224 | R@5,IoU@0.9 0.1032 |
2026-04-21 15:44:01,949 - Best R@1 updated: 0.3444
2026-04-21 15:44:01,950 - ============================================================
2026-04-21 15:44:01,950 - Start Epoch 8
2026-04-21 15:44:35,179 - Epoch 8, Batch 50, lr = 0.00009, alpha_2 = 0.500, aux_scale = 0.500,  final_loss = 4.6961, nll_loss = 4.6031, ref_nll_loss = 4.7890, ivc_loss = 0.0768, neg_loss_1 = 0.0028, neg_loss_2 = 0.0083, ref_loss = 0.0190, div_loss = 0.0332, aux_loss = 0.0203, aux_loss_eff = 0.0102, 0.665 seconds/batch
2026-04-21 15:45:08,168 - Epoch 8, Batch 100, lr = 0.00009, alpha_2 = 0.500, aux_scale = 0.500,  final_loss = 4.7047, nll_loss = 4.6155, ref_nll_loss = 4.7940, ivc_loss = 0.0757, neg_loss_1 = 0.0025, neg_loss_2 = 0.0072, ref_loss = 0.0204, div_loss = 0.0311, aux_loss = 0.0203, aux_loss_eff = 0.0102, 0.662 seconds/batch
2026-04-21 15:45:41,092 - Epoch 8, Batch 150, lr = 0.00009, alpha_2 = 0.500, aux_scale = 0.500,  final_loss = 4.7295, nll_loss = 4.6362, ref_nll_loss = 4.8228, ivc_loss = 0.0676, neg_loss_1 = 0.0021, neg_loss_2 = 0.0063, ref_loss = 0.0175, div_loss = 0.0319, aux_loss = 0.0203, aux_loss_eff = 0.0102, 0.661 seconds/batch
2026-04-21 15:46:14,119 - Epoch 8, Batch 200, lr = 0.00009, alpha_2 = 0.500, aux_scale = 0.500,  final_loss = 4.7461, nll_loss = 4.6543, ref_nll_loss = 4.8380, ivc_loss = 0.0718, neg_loss_1 = 0.0036, neg_loss_2 = 0.0056, ref_loss = 0.0184, div_loss = 0.0331, aux_loss = 0.0202, aux_loss_eff = 0.0101, 0.661 seconds/batch
2026-04-21 15:46:47,146 - Epoch 8, Batch 250, lr = 0.00009, alpha_2 = 0.500, aux_scale = 0.500,  final_loss = 4.6886, nll_loss = 4.5930, ref_nll_loss = 4.7843, ivc_loss = 0.0668, neg_loss_1 = 0.0020, neg_loss_2 = 0.0074, ref_loss = 0.0161, div_loss = 0.0317, aux_loss = 0.0203, aux_loss_eff = 0.0101, 0.661 seconds/batch
2026-04-21 15:47:20,085 - Epoch 8, Batch 300, lr = 0.00009, alpha_2 = 0.500, aux_scale = 0.500,  final_loss = 4.7180, nll_loss = 4.6241, ref_nll_loss = 4.8119, ivc_loss = 0.0730, neg_loss_1 = 0.0022, neg_loss_2 = 0.0089, ref_loss = 0.0173, div_loss = 0.0323, aux_loss = 0.0202, aux_loss_eff = 0.0101, 0.660 seconds/batch
2026-04-21 15:47:53,316 - Epoch 8, Batch 350, lr = 0.00009, alpha_2 = 0.500, aux_scale = 0.500,  final_loss = 4.7330, nll_loss = 4.6392, ref_nll_loss = 4.8269, ivc_loss = 0.0732, neg_loss_1 = 0.0027, neg_loss_2 = 0.0083, ref_loss = 0.0171, div_loss = 0.0338, aux_loss = 0.0201, aux_loss_eff = 0.0101, 0.661 seconds/batch
2026-04-21 15:48:26,289 - Epoch 8, Batch 400, lr = 0.00009, alpha_2 = 0.500, aux_scale = 0.500,  final_loss = 4.7590, nll_loss = 4.6670, ref_nll_loss = 4.8511, ivc_loss = 0.0721, neg_loss_1 = 0.0023, neg_loss_2 = 0.0067, ref_loss = 0.0182, div_loss = 0.0355, aux_loss = 0.0204, aux_loss_eff = 0.0102, 0.661 seconds/batch
2026-04-21 15:48:59,295 - Epoch 8, Batch 450, lr = 0.00009, alpha_2 = 0.500, aux_scale = 0.500,  final_loss = 4.6721, nll_loss = 4.5818, ref_nll_loss = 4.7625, ivc_loss = 0.0804, neg_loss_1 = 0.0032, neg_loss_2 = 0.0097, ref_loss = 0.0191, div_loss = 0.0325, aux_loss = 0.0203, aux_loss_eff = 0.0102, 0.661 seconds/batch
2026-04-21 15:49:32,288 - Epoch 8, Batch 500, lr = 0.00009, alpha_2 = 0.500, aux_scale = 0.500,  final_loss = 4.7423, nll_loss = 4.6474, ref_nll_loss = 4.8371, ivc_loss = 0.0723, neg_loss_1 = 0.0021, neg_loss_2 = 0.0091, ref_loss = 0.0172, div_loss = 0.0310, aux_loss = 0.0206, aux_loss_eff = 0.0103, 0.661 seconds/batch
2026-04-21 15:50:05,316 - Epoch 8, Batch 550, lr = 0.00009, alpha_2 = 0.500, aux_scale = 0.500,  final_loss = 4.7090, nll_loss = 4.6110, ref_nll_loss = 4.8069, ivc_loss = 0.0636, neg_loss_1 = 0.0015, neg_loss_2 = 0.0073, ref_loss = 0.0151, div_loss = 0.0317, aux_loss = 0.0203, aux_loss_eff = 0.0101, 0.661 seconds/batch
2026-04-21 15:50:38,315 - Epoch 8, Batch 600, lr = 0.00009, alpha_2 = 0.500, aux_scale = 0.500,  final_loss = 4.7357, nll_loss = 4.6384, ref_nll_loss = 4.8330, ivc_loss = 0.0652, neg_loss_1 = 0.0016, neg_loss_2 = 0.0063, ref_loss = 0.0159, div_loss = 0.0353, aux_loss = 0.0204, aux_loss_eff = 0.0102, 0.661 seconds/batch
2026-04-21 15:51:11,320 - Epoch 8, Batch 650, lr = 0.00009, alpha_2 = 0.500, aux_scale = 0.500,  final_loss = 4.7469, nll_loss = 4.6502, ref_nll_loss = 4.8435, ivc_loss = 0.0702, neg_loss_1 = 0.0028, neg_loss_2 = 0.0081, ref_loss = 0.0159, div_loss = 0.0332, aux_loss = 0.0202, aux_loss_eff = 0.0101, 0.661 seconds/batch
2026-04-21 15:51:44,330 - Epoch 8, Batch 700, lr = 0.00008, alpha_2 = 0.500, aux_scale = 0.500,  final_loss = 4.6865, nll_loss = 4.5883, ref_nll_loss = 4.7846, ivc_loss = 0.0672, neg_loss_1 = 0.0022, neg_loss_2 = 0.0074, ref_loss = 0.0159, div_loss = 0.0326, aux_loss = 0.0206, aux_loss_eff = 0.0103, 0.661 seconds/batch
2026-04-21 15:52:17,305 - Epoch 8, Batch 750, lr = 0.00008, alpha_2 = 0.500, aux_scale = 0.500,  final_loss = 4.6936, nll_loss = 4.6022, ref_nll_loss = 4.7850, ivc_loss = 0.0776, neg_loss_1 = 0.0019, neg_loss_2 = 0.0087, ref_loss = 0.0200, div_loss = 0.0330, aux_loss = 0.0204, aux_loss_eff = 0.0102, 0.660 seconds/batch
2026-04-21 15:52:50,310 - Epoch 8, Batch 800, lr = 0.00008, alpha_2 = 0.500, aux_scale = 0.500,  final_loss = 4.7184, nll_loss = 4.6202, ref_nll_loss = 4.8166, ivc_loss = 0.0740, neg_loss_1 = 0.0030, neg_loss_2 = 0.0079, ref_loss = 0.0180, div_loss = 0.0322, aux_loss = 0.0201, aux_loss_eff = 0.0101, 0.660 seconds/batch
2026-04-21 15:53:23,304 - Epoch 8, Batch 850, lr = 0.00008, alpha_2 = 0.500, aux_scale = 0.500,  final_loss = 4.6801, nll_loss = 4.5846, ref_nll_loss = 4.7756, ivc_loss = 0.0636, neg_loss_1 = 0.0019, neg_loss_2 = 0.0064, ref_loss = 0.0156, div_loss = 0.0317, aux_loss = 0.0200, aux_loss_eff = 0.0100, 0.660 seconds/batch
2026-04-21 15:53:56,312 - Epoch 8, Batch 900, lr = 0.00008, alpha_2 = 0.500, aux_scale = 0.500,  final_loss = 4.6768, nll_loss = 4.5821, ref_nll_loss = 4.7714, ivc_loss = 0.0683, neg_loss_1 = 0.0031, neg_loss_2 = 0.0076, ref_loss = 0.0156, div_loss = 0.0312, aux_loss = 0.0205, aux_loss_eff = 0.0103, 0.660 seconds/batch
2026-04-21 15:54:29,317 - Epoch 8, Batch 950, lr = 0.00008, alpha_2 = 0.500, aux_scale = 0.500,  final_loss = 4.6921, nll_loss = 4.5960, ref_nll_loss = 4.7881, ivc_loss = 0.0701, neg_loss_1 = 0.0025, neg_loss_2 = 0.0073, ref_loss = 0.0175, div_loss = 0.0314, aux_loss = 0.0204, aux_loss_eff = 0.0102, 0.660 seconds/batch
2026-04-21 15:55:02,305 - Epoch 8, Batch 1000, lr = 0.00008, alpha_2 = 0.500, aux_scale = 0.500,  final_loss = 4.7024, nll_loss = 4.6096, ref_nll_loss = 4.7953, ivc_loss = 0.0753, neg_loss_1 = 0.0020, neg_loss_2 = 0.0082, ref_loss = 0.0184, div_loss = 0.0366, aux_loss = 0.0203, aux_loss_eff = 0.0102, 0.660 seconds/batch
2026-04-21 15:55:35,314 - Epoch 8, Batch 1050, lr = 0.00008, alpha_2 = 0.500, aux_scale = 0.500,  final_loss = 4.7093, nll_loss = 4.6153, ref_nll_loss = 4.8034, ivc_loss = 0.0746, neg_loss_1 = 0.0027, neg_loss_2 = 0.0078, ref_loss = 0.0179, div_loss = 0.0356, aux_loss = 0.0201, aux_loss_eff = 0.0101, 0.660 seconds/batch
2026-04-21 15:56:08,325 - Epoch 8, Batch 1100, lr = 0.00008, alpha_2 = 0.500, aux_scale = 0.500,  final_loss = 4.7015, nll_loss = 4.6050, ref_nll_loss = 4.7980, ivc_loss = 0.0680, neg_loss_1 = 0.0021, neg_loss_2 = 0.0071, ref_loss = 0.0167, div_loss = 0.0324, aux_loss = 0.0202, aux_loss_eff = 0.0101, 0.660 seconds/batch
2026-04-21 15:56:35,997 - Epoch 8, Batch 1150, lr = 0.00008, alpha_2 = 0.500, aux_scale = 0.500,  final_loss = 4.6736, nll_loss = 4.5741, ref_nll_loss = 4.7731, ivc_loss = 0.0674, neg_loss_1 = 0.0022, neg_loss_2 = 0.0067, ref_loss = 0.0164, div_loss = 0.0337, aux_loss = 0.0201, aux_loss_eff = 0.0101, 0.656 seconds/batch
2026-04-21 15:56:44,870 - Epoch 8, Batch 1170, lr = 0.00008, alpha_2 = 0.500, aux_scale = 0.500,  final_loss = 4.6326, nll_loss = 4.5363, ref_nll_loss = 4.7288, ivc_loss = 0.0673, neg_loss_1 = 0.0014, neg_loss_2 = 0.0058, ref_loss = 0.0180, div_loss = 0.0336, aux_loss = 0.0201, aux_loss_eff = 0.0101, 0.652 seconds/batch
2026-04-21 15:56:44,954 - save model to checkpoints/activitynet_moe_v2_shared_gate/moe_v2_shared_gate/model-8.pt, num_updates 9360.
2026-04-21 15:59:01,531 - | R@1,mIoU 0.3462 | R@1,IoU@0.1 0.7846 | R@1,IoU@0.3 0.4892 | R@1,IoU@0.5 0.2669 | R@1,IoU@0.7 0.1375 | R@1,IoU@0.9 0.0406 | R@5,mIoU 0.5346 | R@5,IoU@0.1 0.9221 | R@5,IoU@0.3 0.7596 | R@5,IoU@0.5 0.5661 | R@5,IoU@0.7 0.3243 | R@5,IoU@0.9 0.0999 |
2026-04-21 15:59:01,605 - Best R@1 updated: 0.3462
2026-04-21 15:59:01,606 - ============================================================
2026-04-21 15:59:01,606 - Start Epoch 9
2026-04-21 15:59:34,768 - Epoch 9, Batch 50, lr = 0.00008, alpha_2 = 0.500, aux_scale = 0.500,  final_loss = 4.6822, nll_loss = 4.5881, ref_nll_loss = 4.7763, ivc_loss = 0.0697, neg_loss_1 = 0.0019, neg_loss_2 = 0.0066, ref_loss = 0.0181, div_loss = 0.0333, aux_loss = 0.0201, aux_loss_eff = 0.0100, 0.663 seconds/batch
2026-04-21 16:00:07,765 - Epoch 9, Batch 100, lr = 0.00008, alpha_2 = 0.500, aux_scale = 0.500,  final_loss = 4.6281, nll_loss = 4.5314, ref_nll_loss = 4.7247, ivc_loss = 0.0624, neg_loss_1 = 0.0017, neg_loss_2 = 0.0059, ref_loss = 0.0151, div_loss = 0.0342, aux_loss = 0.0201, aux_loss_eff = 0.0100, 0.662 seconds/batch
2026-04-21 16:00:40,956 - Epoch 9, Batch 150, lr = 0.00008, alpha_2 = 0.500, aux_scale = 0.500,  final_loss = 4.6573, nll_loss = 4.5562, ref_nll_loss = 4.7584, ivc_loss = 0.0666, neg_loss_1 = 0.0022, neg_loss_2 = 0.0071, ref_loss = 0.0156, div_loss = 0.0335, aux_loss = 0.0200, aux_loss_eff = 0.0100, 0.662 seconds/batch
2026-04-21 16:01:13,980 - Epoch 9, Batch 200, lr = 0.00008, alpha_2 = 0.500, aux_scale = 0.500,  final_loss = 4.6840, nll_loss = 4.5864, ref_nll_loss = 4.7817, ivc_loss = 0.0666, neg_loss_1 = 0.0020, neg_loss_2 = 0.0073, ref_loss = 0.0157, div_loss = 0.0327, aux_loss = 0.0202, aux_loss_eff = 0.0101, 0.662 seconds/batch
2026-04-21 16:01:46,989 - Epoch 9, Batch 250, lr = 0.00008, alpha_2 = 0.500, aux_scale = 0.500,  final_loss = 4.6769, nll_loss = 4.5806, ref_nll_loss = 4.7732, ivc_loss = 0.0668, neg_loss_1 = 0.0011, neg_loss_2 = 0.0070, ref_loss = 0.0166, div_loss = 0.0343, aux_loss = 0.0201, aux_loss_eff = 0.0101, 0.662 seconds/batch
2026-04-21 16:02:20,007 - Epoch 9, Batch 300, lr = 0.00008, alpha_2 = 0.500, aux_scale = 0.500,  final_loss = 4.6533, nll_loss = 4.5564, ref_nll_loss = 4.7501, ivc_loss = 0.0670, neg_loss_1 = 0.0016, neg_loss_2 = 0.0071, ref_loss = 0.0168, div_loss = 0.0319, aux_loss = 0.0201, aux_loss_eff = 0.0100, 0.661 seconds/batch
2026-04-21 16:02:53,004 - Epoch 9, Batch 350, lr = 0.00008, alpha_2 = 0.500, aux_scale = 0.500,  final_loss = 4.6548, nll_loss = 4.5572, ref_nll_loss = 4.7524, ivc_loss = 0.0642, neg_loss_1 = 0.0019, neg_loss_2 = 0.0062, ref_loss = 0.0162, div_loss = 0.0313, aux_loss = 0.0201, aux_loss_eff = 0.0101, 0.661 seconds/batch
2026-04-21 16:03:26,002 - Epoch 9, Batch 400, lr = 0.00008, alpha_2 = 0.500, aux_scale = 0.500,  final_loss = 4.6299, nll_loss = 4.5311, ref_nll_loss = 4.7286, ivc_loss = 0.0709, neg_loss_1 = 0.0031, neg_loss_2 = 0.0072, ref_loss = 0.0168, div_loss = 0.0335, aux_loss = 0.0201, aux_loss_eff = 0.0101, 0.661 seconds/batch
2026-04-21 16:03:59,017 - Epoch 9, Batch 450, lr = 0.00008, alpha_2 = 0.500, aux_scale = 0.500,  final_loss = 4.6383, nll_loss = 4.5407, ref_nll_loss = 4.7359, ivc_loss = 0.0657, neg_loss_1 = 0.0018, neg_loss_2 = 0.0050, ref_loss = 0.0167, div_loss = 0.0372, aux_loss = 0.0202, aux_loss_eff = 0.0101, 0.661 seconds/batch
2026-04-21 16:04:32,038 - Epoch 9, Batch 500, lr = 0.00008, alpha_2 = 0.500, aux_scale = 0.500,  final_loss = 4.6462, nll_loss = 4.5464, ref_nll_loss = 4.7460, ivc_loss = 0.0617, neg_loss_1 = 0.0013, neg_loss_2 = 0.0071, ref_loss = 0.0144, div_loss = 0.0324, aux_loss = 0.0203, aux_loss_eff = 0.0101, 0.661 seconds/batch
2026-04-21 16:05:05,058 - Epoch 9, Batch 550, lr = 0.00008, alpha_2 = 0.500, aux_scale = 0.500,  final_loss = 4.6701, nll_loss = 4.5747, ref_nll_loss = 4.7655, ivc_loss = 0.0705, neg_loss_1 = 0.0023, neg_loss_2 = 0.0088, ref_loss = 0.0166, div_loss = 0.0306, aux_loss = 0.0205, aux_loss_eff = 0.0102, 0.661 seconds/batch
2026-04-21 16:05:38,066 - Epoch 9, Batch 600, lr = 0.00008, alpha_2 = 0.500, aux_scale = 0.500,  final_loss = 4.6857, nll_loss = 4.5839, ref_nll_loss = 4.7874, ivc_loss = 0.0630, neg_loss_1 = 0.0018, neg_loss_2 = 0.0066, ref_loss = 0.0149, div_loss = 0.0328, aux_loss = 0.0202, aux_loss_eff = 0.0101, 0.661 seconds/batch
2026-04-21 16:06:11,102 - Epoch 9, Batch 650, lr = 0.00008, alpha_2 = 0.500, aux_scale = 0.500,  final_loss = 4.6603, nll_loss = 4.5599, ref_nll_loss = 4.7608, ivc_loss = 0.0676, neg_loss_1 = 0.0021, neg_loss_2 = 0.0071, ref_loss = 0.0166, div_loss = 0.0321, aux_loss = 0.0203, aux_loss_eff = 0.0101, 0.661 seconds/batch
2026-04-21 16:06:44,073 - Epoch 9, Batch 700, lr = 0.00008, alpha_2 = 0.500, aux_scale = 0.500,  final_loss = 4.6552, nll_loss = 4.5579, ref_nll_loss = 4.7524, ivc_loss = 0.0666, neg_loss_1 = 0.0014, neg_loss_2 = 0.0061, ref_loss = 0.0175, div_loss = 0.0332, aux_loss = 0.0203, aux_loss_eff = 0.0101, 0.661 seconds/batch
2026-04-21 16:07:17,084 - Epoch 9, Batch 750, lr = 0.00008, alpha_2 = 0.500, aux_scale = 0.500,  final_loss = 4.6591, nll_loss = 4.5605, ref_nll_loss = 4.7576, ivc_loss = 0.0653, neg_loss_1 = 0.0014, neg_loss_2 = 0.0077, ref_loss = 0.0154, div_loss = 0.0325, aux_loss = 0.0201, aux_loss_eff = 0.0100, 0.661 seconds/batch
2026-04-21 16:07:50,072 - Epoch 9, Batch 800, lr = 0.00008, alpha_2 = 0.500, aux_scale = 0.500,  final_loss = 4.6426, nll_loss = 4.5451, ref_nll_loss = 4.7402, ivc_loss = 0.0645, neg_loss_1 = 0.0015, neg_loss_2 = 0.0070, ref_loss = 0.0160, div_loss = 0.0312, aux_loss = 0.0203, aux_loss_eff = 0.0102, 0.661 seconds/batch
2026-04-21 16:08:23,087 - Epoch 9, Batch 850, lr = 0.00008, alpha_2 = 0.500, aux_scale = 0.500,  final_loss = 4.6653, nll_loss = 4.5663, ref_nll_loss = 4.7642, ivc_loss = 0.0624, neg_loss_1 = 0.0016, neg_loss_2 = 0.0065, ref_loss = 0.0158, div_loss = 0.0294, aux_loss = 0.0202, aux_loss_eff = 0.0101, 0.661 seconds/batch
2026-04-21 16:08:56,091 - Epoch 9, Batch 900, lr = 0.00008, alpha_2 = 0.500, aux_scale = 0.500,  final_loss = 4.6908, nll_loss = 4.5918, ref_nll_loss = 4.7898, ivc_loss = 0.0610, neg_loss_1 = 0.0016, neg_loss_2 = 0.0067, ref_loss = 0.0148, div_loss = 0.0299, aux_loss = 0.0204, aux_loss_eff = 0.0102, 0.661 seconds/batch
2026-04-21 16:09:29,106 - Epoch 9, Batch 950, lr = 0.00008, alpha_2 = 0.500, aux_scale = 0.500,  final_loss = 4.6669, nll_loss = 4.5692, ref_nll_loss = 4.7646, ivc_loss = 0.0664, neg_loss_1 = 0.0018, neg_loss_2 = 0.0075, ref_loss = 0.0163, div_loss = 0.0304, aux_loss = 0.0201, aux_loss_eff = 0.0101, 0.661 seconds/batch
2026-04-21 16:10:02,118 - Epoch 9, Batch 1000, lr = 0.00008, alpha_2 = 0.500, aux_scale = 0.500,  final_loss = 4.6646, nll_loss = 4.5684, ref_nll_loss = 4.7609, ivc_loss = 0.0665, neg_loss_1 = 0.0021, neg_loss_2 = 0.0069, ref_loss = 0.0167, div_loss = 0.0305, aux_loss = 0.0201, aux_loss_eff = 0.0101, 0.661 seconds/batch
2026-04-21 16:10:35,104 - Epoch 9, Batch 1050, lr = 0.00008, alpha_2 = 0.500, aux_scale = 0.500,  final_loss = 4.6240, nll_loss = 4.5220, ref_nll_loss = 4.7260, ivc_loss = 0.0606, neg_loss_1 = 0.0014, neg_loss_2 = 0.0065, ref_loss = 0.0149, div_loss = 0.0301, aux_loss = 0.0201, aux_loss_eff = 0.0100, 0.660 seconds/batch
2026-04-21 16:11:08,048 - Epoch 9, Batch 1100, lr = 0.00008, alpha_2 = 0.500, aux_scale = 0.500,  final_loss = 4.6726, nll_loss = 4.5737, ref_nll_loss = 4.7714, ivc_loss = 0.0604, neg_loss_1 = 0.0014, neg_loss_2 = 0.0048, ref_loss = 0.0165, div_loss = 0.0301, aux_loss = 0.0201, aux_loss_eff = 0.0101, 0.660 seconds/batch
2026-04-21 16:11:35,596 - Epoch 9, Batch 1150, lr = 0.00008, alpha_2 = 0.500, aux_scale = 0.500,  final_loss = 4.6580, nll_loss = 4.5614, ref_nll_loss = 4.7547, ivc_loss = 0.0627, neg_loss_1 = 0.0012, neg_loss_2 = 0.0063, ref_loss = 0.0165, div_loss = 0.0295, aux_loss = 0.0201, aux_loss_eff = 0.0100, 0.656 seconds/batch
2026-04-21 16:11:44,439 - Epoch 9, Batch 1170, lr = 0.00008, alpha_2 = 0.500, aux_scale = 0.500,  final_loss = 4.6580, nll_loss = 4.5591, ref_nll_loss = 4.7568, ivc_loss = 0.0591, neg_loss_1 = 0.0008, neg_loss_2 = 0.0059, ref_loss = 0.0152, div_loss = 0.0311, aux_loss = 0.0201, aux_loss_eff = 0.0101, 0.652 seconds/batch
2026-04-21 16:11:44,523 - save model to checkpoints/activitynet_moe_v2_shared_gate/moe_v2_shared_gate/model-9.pt, num_updates 10530.
2026-04-21 16:14:01,192 - | R@1,mIoU 0.3432 | R@1,IoU@0.1 0.7800 | R@1,IoU@0.3 0.4835 | R@1,IoU@0.5 0.2665 | R@1,IoU@0.7 0.1362 | R@1,IoU@0.9 0.0382 | R@5,mIoU 0.5411 | R@5,IoU@0.1 0.9194 | R@5,IoU@0.3 0.7667 | R@5,IoU@0.5 0.5788 | R@5,IoU@0.7 0.3370 | R@5,IoU@0.9 0.0998 |
2026-04-21 16:14:01,192 - ============================================================
2026-04-21 16:14:01,193 - Start Epoch 10
2026-04-21 16:14:34,243 - Epoch 10, Batch 50, lr = 0.00008, alpha_2 = 0.500, aux_scale = 0.500,  final_loss = 4.6263, nll_loss = 4.5233, ref_nll_loss = 4.7292, ivc_loss = 0.0623, neg_loss_1 = 0.0012, neg_loss_2 = 0.0055, ref_loss = 0.0154, div_loss = 0.0362, aux_loss = 0.0203, aux_loss_eff = 0.0101, 0.661 seconds/batch
2026-04-21 16:15:07,187 - Epoch 10, Batch 100, lr = 0.00008, alpha_2 = 0.500, aux_scale = 0.500,  final_loss = 4.5828, nll_loss = 4.4832, ref_nll_loss = 4.6825, ivc_loss = 0.0639, neg_loss_1 = 0.0012, neg_loss_2 = 0.0060, ref_loss = 0.0161, div_loss = 0.0346, aux_loss = 0.0201, aux_loss_eff = 0.0101, 0.660 seconds/batch
2026-04-21 16:15:40,147 - Epoch 10, Batch 150, lr = 0.00008, alpha_2 = 0.500, aux_scale = 0.500,  final_loss = 4.6404, nll_loss = 4.5401, ref_nll_loss = 4.7408, ivc_loss = 0.0573, neg_loss_1 = 0.0017, neg_loss_2 = 0.0047, ref_loss = 0.0142, div_loss = 0.0326, aux_loss = 0.0201, aux_loss_eff = 0.0100, 0.660 seconds/batch
2026-04-21 16:16:13,144 - Epoch 10, Batch 200, lr = 0.00008, alpha_2 = 0.500, aux_scale = 0.500,  final_loss = 4.6034, nll_loss = 4.5023, ref_nll_loss = 4.7044, ivc_loss = 0.0592, neg_loss_1 = 0.0011, neg_loss_2 = 0.0056, ref_loss = 0.0149, div_loss = 0.0319, aux_loss = 0.0200, aux_loss_eff = 0.0100, 0.660 seconds/batch
2026-04-21 16:16:46,121 - Epoch 10, Batch 250, lr = 0.00008, alpha_2 = 0.500, aux_scale = 0.500,  final_loss = 4.6376, nll_loss = 4.5390, ref_nll_loss = 4.7363, ivc_loss = 0.0603, neg_loss_1 = 0.0012, neg_loss_2 = 0.0055, ref_loss = 0.0153, div_loss = 0.0328, aux_loss = 0.0201, aux_loss_eff = 0.0100, 0.660 seconds/batch
2026-04-21 16:17:19,127 - Epoch 10, Batch 300, lr = 0.00008, alpha_2 = 0.500, aux_scale = 0.500,  final_loss = 4.6113, nll_loss = 4.5101, ref_nll_loss = 4.7125, ivc_loss = 0.0583, neg_loss_1 = 0.0010, neg_loss_2 = 0.0047, ref_loss = 0.0148, div_loss = 0.0344, aux_loss = 0.0202, aux_loss_eff = 0.0101, 0.660 seconds/batch
2026-04-21 16:17:52,137 - Epoch 10, Batch 350, lr = 0.00008, alpha_2 = 0.500, aux_scale = 0.500,  final_loss = 4.6164, nll_loss = 4.5172, ref_nll_loss = 4.7156, ivc_loss = 0.0622, neg_loss_1 = 0.0013, neg_loss_2 = 0.0053, ref_loss = 0.0159, div_loss = 0.0344, aux_loss = 0.0201, aux_loss_eff = 0.0100, 0.660 seconds/batch
2026-04-21 16:18:25,133 - Epoch 10, Batch 400, lr = 0.00008, alpha_2 = 0.500, aux_scale = 0.500,  final_loss = 4.6157, nll_loss = 4.5143, ref_nll_loss = 4.7171, ivc_loss = 0.0639, neg_loss_1 = 0.0014, neg_loss_2 = 0.0060, ref_loss = 0.0155, div_loss = 0.0362, aux_loss = 0.0201, aux_loss_eff = 0.0100, 0.660 seconds/batch
2026-04-21 16:18:58,151 - Epoch 10, Batch 450, lr = 0.00008, alpha_2 = 0.500, aux_scale = 0.500,  final_loss = 4.6069, nll_loss = 4.5055, ref_nll_loss = 4.7083, ivc_loss = 0.0600, neg_loss_1 = 0.0014, neg_loss_2 = 0.0048, ref_loss = 0.0153, div_loss = 0.0342, aux_loss = 0.0200, aux_loss_eff = 0.0100, 0.660 seconds/batch
2026-04-21 16:19:31,157 - Epoch 10, Batch 500, lr = 0.00008, alpha_2 = 0.500, aux_scale = 0.500,  final_loss = 4.6344, nll_loss = 4.5346, ref_nll_loss = 4.7342, ivc_loss = 0.0617, neg_loss_1 = 0.0017, neg_loss_2 = 0.0053, ref_loss = 0.0157, div_loss = 0.0327, aux_loss = 0.0201, aux_loss_eff = 0.0100, 0.660 seconds/batch
2026-04-21 16:20:04,160 - Epoch 10, Batch 550, lr = 0.00008, alpha_2 = 0.500, aux_scale = 0.500,  final_loss = 4.6303, nll_loss = 4.5306, ref_nll_loss = 4.7301, ivc_loss = 0.0592, neg_loss_1 = 0.0018, neg_loss_2 = 0.0046, ref_loss = 0.0149, div_loss = 0.0333, aux_loss = 0.0201, aux_loss_eff = 0.0101, 0.660 seconds/batch
2026-04-21 16:20:37,189 - Epoch 10, Batch 600, lr = 0.00008, alpha_2 = 0.500, aux_scale = 0.500,  final_loss = 4.6157, nll_loss = 4.5136, ref_nll_loss = 4.7177, ivc_loss = 0.0572, neg_loss_1 = 0.0009, neg_loss_2 = 0.0043, ref_loss = 0.0146, div_loss = 0.0353, aux_loss = 0.0202, aux_loss_eff = 0.0101, 0.660 seconds/batch
2026-04-21 16:21:10,218 - Epoch 10, Batch 650, lr = 0.00008, alpha_2 = 0.500, aux_scale = 0.500,  final_loss = 4.6546, nll_loss = 4.5538, ref_nll_loss = 4.7555, ivc_loss = 0.0645, neg_loss_1 = 0.0025, neg_loss_2 = 0.0062, ref_loss = 0.0156, div_loss = 0.0320, aux_loss = 0.0202, aux_loss_eff = 0.0101, 0.660 seconds/batch
2026-04-21 16:21:43,223 - Epoch 10, Batch 700, lr = 0.00008, alpha_2 = 0.500, aux_scale = 0.500,  final_loss = 4.5968, nll_loss = 4.4942, ref_nll_loss = 4.6994, ivc_loss = 0.0574, neg_loss_1 = 0.0014, neg_loss_2 = 0.0049, ref_loss = 0.0142, div_loss = 0.0330, aux_loss = 0.0201, aux_loss_eff = 0.0101, 0.660 seconds/batch
2026-04-21 16:22:16,235 - Epoch 10, Batch 750, lr = 0.00008, alpha_2 = 0.500, aux_scale = 0.500,  final_loss = 4.6458, nll_loss = 4.5430, ref_nll_loss = 4.7486, ivc_loss = 0.0626, neg_loss_1 = 0.0013, neg_loss_2 = 0.0065, ref_loss = 0.0155, div_loss = 0.0318, aux_loss = 0.0201, aux_loss_eff = 0.0100, 0.660 seconds/batch
2026-04-21 16:22:49,230 - Epoch 10, Batch 800, lr = 0.00008, alpha_2 = 0.500, aux_scale = 0.500,  final_loss = 4.5971, nll_loss = 4.4953, ref_nll_loss = 4.6989, ivc_loss = 0.0637, neg_loss_1 = 0.0020, neg_loss_2 = 0.0053, ref_loss = 0.0162, div_loss = 0.0335, aux_loss = 0.0200, aux_loss_eff = 0.0100, 0.660 seconds/batch
2026-04-21 16:23:22,221 - Epoch 10, Batch 850, lr = 0.00007, alpha_2 = 0.500, aux_scale = 0.500,  final_loss = 4.6211, nll_loss = 4.5186, ref_nll_loss = 4.7237, ivc_loss = 0.0595, neg_loss_1 = 0.0012, neg_loss_2 = 0.0042, ref_loss = 0.0163, div_loss = 0.0324, aux_loss = 0.0200, aux_loss_eff = 0.0100, 0.660 seconds/batch
2026-04-21 16:23:55,304 - Epoch 10, Batch 900, lr = 0.00007, alpha_2 = 0.500, aux_scale = 0.500,  final_loss = 4.6183, nll_loss = 4.5164, ref_nll_loss = 4.7203, ivc_loss = 0.0600, neg_loss_1 = 0.0025, neg_loss_2 = 0.0053, ref_loss = 0.0141, div_loss = 0.0325, aux_loss = 0.0201, aux_loss_eff = 0.0100, 0.660 seconds/batch
2026-04-21 16:24:28,268 - Epoch 10, Batch 950, lr = 0.00007, alpha_2 = 0.500, aux_scale = 0.500,  final_loss = 4.5990, nll_loss = 4.4999, ref_nll_loss = 4.6982, ivc_loss = 0.0615, neg_loss_1 = 0.0014, neg_loss_2 = 0.0053, ref_loss = 0.0159, div_loss = 0.0323, aux_loss = 0.0201, aux_loss_eff = 0.0100, 0.660 seconds/batch
2026-04-21 16:25:01,247 - Epoch 10, Batch 1000, lr = 0.00007, alpha_2 = 0.500, aux_scale = 0.500,  final_loss = 4.5811, nll_loss = 4.4769, ref_nll_loss = 4.6853, ivc_loss = 0.0587, neg_loss_1 = 0.0009, neg_loss_2 = 0.0039, ref_loss = 0.0157, div_loss = 0.0355, aux_loss = 0.0201, aux_loss_eff = 0.0100, 0.660 seconds/batch
2026-04-21 16:25:34,243 - Epoch 10, Batch 1050, lr = 0.00007, alpha_2 = 0.500, aux_scale = 0.500,  final_loss = 4.6371, nll_loss = 4.5343, ref_nll_loss = 4.7400, ivc_loss = 0.0586, neg_loss_1 = 0.0011, neg_loss_2 = 0.0047, ref_loss = 0.0143, div_loss = 0.0369, aux_loss = 0.0201, aux_loss_eff = 0.0101, 0.660 seconds/batch
2026-04-21 16:26:07,261 - Epoch 10, Batch 1100, lr = 0.00007, alpha_2 = 0.500, aux_scale = 0.500,  final_loss = 4.5886, nll_loss = 4.4849, ref_nll_loss = 4.6923, ivc_loss = 0.0569, neg_loss_1 = 0.0009, neg_loss_2 = 0.0054, ref_loss = 0.0134, div_loss = 0.0349, aux_loss = 0.0201, aux_loss_eff = 0.0100, 0.660 seconds/batch
2026-04-21 16:26:34,866 - Epoch 10, Batch 1150, lr = 0.00007, alpha_2 = 0.500, aux_scale = 0.500,  final_loss = 4.6039, nll_loss = 4.5031, ref_nll_loss = 4.7046, ivc_loss = 0.0607, neg_loss_1 = 0.0013, neg_loss_2 = 0.0048, ref_loss = 0.0158, div_loss = 0.0338, aux_loss = 0.0200, aux_loss_eff = 0.0100, 0.655 seconds/batch
2026-04-21 16:26:43,545 - Epoch 10, Batch 1170, lr = 0.00007, alpha_2 = 0.500, aux_scale = 0.500,  final_loss = 4.6773, nll_loss = 4.5745, ref_nll_loss = 4.7802, ivc_loss = 0.0564, neg_loss_1 = 0.0019, neg_loss_2 = 0.0043, ref_loss = 0.0135, div_loss = 0.0340, aux_loss = 0.0202, aux_loss_eff = 0.0101, 0.652 seconds/batch
2026-04-21 16:26:43,631 - save model to checkpoints/activitynet_moe_v2_shared_gate/moe_v2_shared_gate/model-10.pt, num_updates 11700.
2026-04-21 16:29:00,537 - | R@1,mIoU 0.3423 | R@1,IoU@0.1 0.8013 | R@1,IoU@0.3 0.4759 | R@1,IoU@0.5 0.2566 | R@1,IoU@0.7 0.1330 | R@1,IoU@0.9 0.0346 | R@5,mIoU 0.5380 | R@5,IoU@0.1 0.9190 | R@5,IoU@0.3 0.7660 | R@5,IoU@0.5 0.5793 | R@5,IoU@0.7 0.3313 | R@5,IoU@0.9 0.0884 |
2026-04-21 16:29:00,537 - ============================================================
2026-04-21 16:29:00,537 - Start Epoch 11
2026-04-21 16:29:33,797 - Epoch 11, Batch 50, lr = 0.00007, alpha_2 = 0.200, aux_scale = 1.000,  final_loss = 4.5775, nll_loss = 4.4735, ref_nll_loss = 4.6815, ivc_loss = 0.0457, neg_loss_1 = 0.0011, neg_loss_2 = 0.0046, ref_loss = 0.0136, div_loss = 0.0359, aux_loss = 0.0201, aux_loss_eff = 0.0201, 0.665 seconds/batch
2026-04-21 16:30:06,777 - Epoch 11, Batch 100, lr = 0.00007, alpha_2 = 0.200, aux_scale = 1.000,  final_loss = 4.5480, nll_loss = 4.4450, ref_nll_loss = 4.6510, ivc_loss = 0.0490, neg_loss_1 = 0.0013, neg_loss_2 = 0.0053, ref_loss = 0.0142, div_loss = 0.0363, aux_loss = 0.0201, aux_loss_eff = 0.0201, 0.662 seconds/batch
2026-04-21 16:30:39,737 - Epoch 11, Batch 150, lr = 0.00007, alpha_2 = 0.200, aux_scale = 1.000,  final_loss = 4.5744, nll_loss = 4.4721, ref_nll_loss = 4.6767, ivc_loss = 0.0458, neg_loss_1 = 0.0008, neg_loss_2 = 0.0044, ref_loss = 0.0142, div_loss = 0.0348, aux_loss = 0.0201, aux_loss_eff = 0.0201, 0.661 seconds/batch
2026-04-21 16:31:12,693 - Epoch 11, Batch 200, lr = 0.00007, alpha_2 = 0.200, aux_scale = 1.000,  final_loss = 4.5520, nll_loss = 4.4511, ref_nll_loss = 4.6528, ivc_loss = 0.0470, neg_loss_1 = 0.0015, neg_loss_2 = 0.0038, ref_loss = 0.0147, div_loss = 0.0345, aux_loss = 0.0201, aux_loss_eff = 0.0201, 0.661 seconds/batch
2026-04-21 16:31:45,692 - Epoch 11, Batch 250, lr = 0.00007, alpha_2 = 0.200, aux_scale = 1.000,  final_loss = 4.6059, nll_loss = 4.5046, ref_nll_loss = 4.7072, ivc_loss = 0.0466, neg_loss_1 = 0.0009, neg_loss_2 = 0.0041, ref_loss = 0.0147, div_loss = 0.0354, aux_loss = 0.0201, aux_loss_eff = 0.0201, 0.661 seconds/batch
2026-04-21 16:32:18,723 - Epoch 11, Batch 300, lr = 0.00007, alpha_2 = 0.200, aux_scale = 1.000,  final_loss = 4.5802, nll_loss = 4.4766, ref_nll_loss = 4.6837, ivc_loss = 0.0466, neg_loss_1 = 0.0012, neg_loss_2 = 0.0042, ref_loss = 0.0146, div_loss = 0.0341, aux_loss = 0.0201, aux_loss_eff = 0.0201, 0.661 seconds/batch
2026-04-21 16:32:51,730 - Epoch 11, Batch 350, lr = 0.00007, alpha_2 = 0.200, aux_scale = 1.000,  final_loss = 4.5863, nll_loss = 4.4804, ref_nll_loss = 4.6923, ivc_loss = 0.0436, neg_loss_1 = 0.0008, neg_loss_2 = 0.0042, ref_loss = 0.0133, div_loss = 0.0353, aux_loss = 0.0200, aux_loss_eff = 0.0200, 0.661 seconds/batch
2026-04-21 16:33:24,708 - Epoch 11, Batch 400, lr = 0.00007, alpha_2 = 0.200, aux_scale = 1.000,  final_loss = 4.5727, nll_loss = 4.4665, ref_nll_loss = 4.6789, ivc_loss = 0.0455, neg_loss_1 = 0.0015, neg_loss_2 = 0.0043, ref_loss = 0.0132, div_loss = 0.0368, aux_loss = 0.0200, aux_loss_eff = 0.0200, 0.660 seconds/batch
2026-04-21 16:33:57,712 - Epoch 11, Batch 450, lr = 0.00007, alpha_2 = 0.200, aux_scale = 1.000,  final_loss = 4.5531, nll_loss = 4.4442, ref_nll_loss = 4.6621, ivc_loss = 0.0419, neg_loss_1 = 0.0008, neg_loss_2 = 0.0037, ref_loss = 0.0127, div_loss = 0.0379, aux_loss = 0.0201, aux_loss_eff = 0.0201, 0.660 seconds/batch
2026-04-21 16:34:30,732 - Epoch 11, Batch 500, lr = 0.00007, alpha_2 = 0.200, aux_scale = 1.000,  final_loss = 4.5860, nll_loss = 4.4802, ref_nll_loss = 4.6918, ivc_loss = 0.0431, neg_loss_1 = 0.0012, neg_loss_2 = 0.0036, ref_loss = 0.0131, div_loss = 0.0363, aux_loss = 0.0201, aux_loss_eff = 0.0201, 0.660 seconds/batch
2026-04-21 16:35:03,759 - Epoch 11, Batch 550, lr = 0.00007, alpha_2 = 0.200, aux_scale = 1.000,  final_loss = 4.5671, nll_loss = 4.4600, ref_nll_loss = 4.6743, ivc_loss = 0.0447, neg_loss_1 = 0.0006, neg_loss_2 = 0.0043, ref_loss = 0.0139, div_loss = 0.0356, aux_loss = 0.0201, aux_loss_eff = 0.0201, 0.660 seconds/batch
2026-04-21 16:35:36,731 - Epoch 11, Batch 600, lr = 0.00007, alpha_2 = 0.200, aux_scale = 1.000,  final_loss = 4.5866, nll_loss = 4.4816, ref_nll_loss = 4.6916, ivc_loss = 0.0449, neg_loss_1 = 0.0014, neg_loss_2 = 0.0046, ref_loss = 0.0130, div_loss = 0.0345, aux_loss = 0.0200, aux_loss_eff = 0.0200, 0.660 seconds/batch
2026-04-21 16:36:09,770 - Epoch 11, Batch 650, lr = 0.00007, alpha_2 = 0.200, aux_scale = 1.000,  final_loss = 4.5934, nll_loss = 4.4874, ref_nll_loss = 4.6993, ivc_loss = 0.0446, neg_loss_1 = 0.0009, neg_loss_2 = 0.0041, ref_loss = 0.0137, div_loss = 0.0358, aux_loss = 0.0200, aux_loss_eff = 0.0200, 0.660 seconds/batch
2026-04-21 16:36:42,799 - Epoch 11, Batch 700, lr = 0.00007, alpha_2 = 0.200, aux_scale = 1.000,  final_loss = 4.5669, nll_loss = 4.4637, ref_nll_loss = 4.6700, ivc_loss = 0.0491, neg_loss_1 = 0.0015, neg_loss_2 = 0.0050, ref_loss = 0.0146, div_loss = 0.0349, aux_loss = 0.0201, aux_loss_eff = 0.0201, 0.660 seconds/batch
2026-04-21 16:37:16,040 - Epoch 11, Batch 750, lr = 0.00007, alpha_2 = 0.200, aux_scale = 1.000,  final_loss = 4.5778, nll_loss = 4.4716, ref_nll_loss = 4.6839, ivc_loss = 0.0414, neg_loss_1 = 0.0012, neg_loss_2 = 0.0040, ref_loss = 0.0120, div_loss = 0.0353, aux_loss = 0.0200, aux_loss_eff = 0.0200, 0.661 seconds/batch
2026-04-21 16:37:49,063 - Epoch 11, Batch 800, lr = 0.00007, alpha_2 = 0.200, aux_scale = 1.000,  final_loss = 4.5563, nll_loss = 4.4515, ref_nll_loss = 4.6610, ivc_loss = 0.0435, neg_loss_1 = 0.0012, neg_loss_2 = 0.0041, ref_loss = 0.0132, div_loss = 0.0334, aux_loss = 0.0201, aux_loss_eff = 0.0201, 0.661 seconds/batch
2026-04-21 16:38:22,072 - Epoch 11, Batch 850, lr = 0.00007, alpha_2 = 0.200, aux_scale = 1.000,  final_loss = 4.6085, nll_loss = 4.5034, ref_nll_loss = 4.7137, ivc_loss = 0.0445, neg_loss_1 = 0.0008, neg_loss_2 = 0.0044, ref_loss = 0.0136, div_loss = 0.0342, aux_loss = 0.0201, aux_loss_eff = 0.0201, 0.661 seconds/batch
2026-04-21 16:38:55,098 - Epoch 11, Batch 900, lr = 0.00007, alpha_2 = 0.200, aux_scale = 1.000,  final_loss = 4.6177, nll_loss = 4.5177, ref_nll_loss = 4.7176, ivc_loss = 0.0487, neg_loss_1 = 0.0015, neg_loss_2 = 0.0041, ref_loss = 0.0154, div_loss = 0.0337, aux_loss = 0.0200, aux_loss_eff = 0.0200, 0.661 seconds/batch
2026-04-21 16:39:28,130 - Epoch 11, Batch 950, lr = 0.00007, alpha_2 = 0.200, aux_scale = 1.000,  final_loss = 4.6050, nll_loss = 4.5048, ref_nll_loss = 4.7051, ivc_loss = 0.0462, neg_loss_1 = 0.0009, neg_loss_2 = 0.0049, ref_loss = 0.0139, div_loss = 0.0338, aux_loss = 0.0200, aux_loss_eff = 0.0200, 0.661 seconds/batch
2026-04-21 16:40:01,152 - Epoch 11, Batch 1000, lr = 0.00007, alpha_2 = 0.200, aux_scale = 1.000,  final_loss = 4.5845, nll_loss = 4.4819, ref_nll_loss = 4.6870, ivc_loss = 0.0471, neg_loss_1 = 0.0017, neg_loss_2 = 0.0045, ref_loss = 0.0140, div_loss = 0.0339, aux_loss = 0.0202, aux_loss_eff = 0.0202, 0.661 seconds/batch
2026-04-21 16:40:34,167 - Epoch 11, Batch 1050, lr = 0.00007, alpha_2 = 0.200, aux_scale = 1.000,  final_loss = 4.5790, nll_loss = 4.4743, ref_nll_loss = 4.6838, ivc_loss = 0.0462, neg_loss_1 = 0.0010, neg_loss_2 = 0.0041, ref_loss = 0.0146, div_loss = 0.0348, aux_loss = 0.0203, aux_loss_eff = 0.0203, 0.661 seconds/batch
2026-04-21 16:41:07,205 - Epoch 11, Batch 1100, lr = 0.00007, alpha_2 = 0.200, aux_scale = 1.000,  final_loss = 4.5724, nll_loss = 4.4671, ref_nll_loss = 4.6778, ivc_loss = 0.0422, neg_loss_1 = 0.0008, neg_loss_2 = 0.0040, ref_loss = 0.0129, div_loss = 0.0345, aux_loss = 0.0203, aux_loss_eff = 0.0203, 0.661 seconds/batch
2026-04-21 16:41:34,497 - Epoch 11, Batch 1150, lr = 0.00007, alpha_2 = 0.200, aux_scale = 1.000,  final_loss = 4.5466, nll_loss = 4.4425, ref_nll_loss = 4.6507, ivc_loss = 0.0421, neg_loss_1 = 0.0006, neg_loss_2 = 0.0047, ref_loss = 0.0124, div_loss = 0.0337, aux_loss = 0.0201, aux_loss_eff = 0.0201, 0.656 seconds/batch
2026-04-21 16:41:43,190 - Epoch 11, Batch 1170, lr = 0.00007, alpha_2 = 0.200, aux_scale = 1.000,  final_loss = 4.5809, nll_loss = 4.4770, ref_nll_loss = 4.6848, ivc_loss = 0.0474, neg_loss_1 = 0.0011, neg_loss_2 = 0.0059, ref_loss = 0.0133, div_loss = 0.0343, aux_loss = 0.0200, aux_loss_eff = 0.0200, 0.652 seconds/batch
2026-04-21 16:41:43,276 - save model to checkpoints/activitynet_moe_v2_shared_gate/moe_v2_shared_gate/model-11.pt, num_updates 12870.
2026-04-21 16:44:00,252 - | R@1,mIoU 0.3399 | R@1,IoU@0.1 0.7827 | R@1,IoU@0.3 0.4727 | R@1,IoU@0.5 0.2632 | R@1,IoU@0.7 0.1343 | R@1,IoU@0.9 0.0355 | R@5,mIoU 0.5380 | R@5,IoU@0.1 0.9175 | R@5,IoU@0.3 0.7623 | R@5,IoU@0.5 0.5789 | R@5,IoU@0.7 0.3371 | R@5,IoU@0.9 0.0895 |
2026-04-21 16:44:00,253 - ============================================================
2026-04-21 16:44:00,254 - Start Epoch 12
2026-04-21 16:44:33,576 - Epoch 12, Batch 50, lr = 0.00007, alpha_2 = 0.200, aux_scale = 1.000,  final_loss = 4.5746, nll_loss = 4.4688, ref_nll_loss = 4.6803, ivc_loss = 0.0413, neg_loss_1 = 0.0012, neg_loss_2 = 0.0034, ref_loss = 0.0126, div_loss = 0.0340, aux_loss = 0.0204, aux_loss_eff = 0.0204, 0.666 seconds/batch
2026-04-21 16:45:06,592 - Epoch 12, Batch 100, lr = 0.00007, alpha_2 = 0.200, aux_scale = 1.000,  final_loss = 4.5516, nll_loss = 4.4458, ref_nll_loss = 4.6573, ivc_loss = 0.0412, neg_loss_1 = 0.0007, neg_loss_2 = 0.0041, ref_loss = 0.0124, div_loss = 0.0349, aux_loss = 0.0201, aux_loss_eff = 0.0201, 0.663 seconds/batch
2026-04-21 16:45:39,620 - Epoch 12, Batch 150, lr = 0.00007, alpha_2 = 0.200, aux_scale = 1.000,  final_loss = 4.5328, nll_loss = 4.4264, ref_nll_loss = 4.6393, ivc_loss = 0.0449, neg_loss_1 = 0.0015, neg_loss_2 = 0.0045, ref_loss = 0.0129, div_loss = 0.0360, aux_loss = 0.0201, aux_loss_eff = 0.0201, 0.662 seconds/batch
2026-04-21 16:46:12,644 - Epoch 12, Batch 200, lr = 0.00007, alpha_2 = 0.200, aux_scale = 1.000,  final_loss = 4.5506, nll_loss = 4.4436, ref_nll_loss = 4.6575, ivc_loss = 0.0456, neg_loss_1 = 0.0012, neg_loss_2 = 0.0052, ref_loss = 0.0129, div_loss = 0.0360, aux_loss = 0.0201, aux_loss_eff = 0.0201, 0.662 seconds/batch
2026-04-21 16:46:45,665 - Epoch 12, Batch 250, lr = 0.00007, alpha_2 = 0.200, aux_scale = 1.000,  final_loss = 4.5189, nll_loss = 4.4137, ref_nll_loss = 4.6241, ivc_loss = 0.0453, neg_loss_1 = 0.0009, neg_loss_2 = 0.0038, ref_loss = 0.0144, div_loss = 0.0351, aux_loss = 0.0201, aux_loss_eff = 0.0201, 0.662 seconds/batch
2026-04-21 16:47:18,683 - Epoch 12, Batch 300, lr = 0.00007, alpha_2 = 0.200, aux_scale = 1.000,  final_loss = 4.5574, nll_loss = 4.4532, ref_nll_loss = 4.6615, ivc_loss = 0.0428, neg_loss_1 = 0.0010, neg_loss_2 = 0.0040, ref_loss = 0.0130, div_loss = 0.0346, aux_loss = 0.0201, aux_loss_eff = 0.0201, 0.661 seconds/batch
2026-04-21 16:47:51,585 - Epoch 12, Batch 350, lr = 0.00007, alpha_2 = 0.200, aux_scale = 1.000,  final_loss = 4.5239, nll_loss = 4.4167, ref_nll_loss = 4.6312, ivc_loss = 0.0427, neg_loss_1 = 0.0013, neg_loss_2 = 0.0038, ref_loss = 0.0126, div_loss = 0.0355, aux_loss = 0.0201, aux_loss_eff = 0.0201, 0.661 seconds/batch
2026-04-21 16:48:24,477 - Epoch 12, Batch 400, lr = 0.00007, alpha_2 = 0.200, aux_scale = 1.000,  final_loss = 4.5393, nll_loss = 4.4348, ref_nll_loss = 4.6438, ivc_loss = 0.0463, neg_loss_1 = 0.0005, neg_loss_2 = 0.0040, ref_loss = 0.0150, div_loss = 0.0363, aux_loss = 0.0201, aux_loss_eff = 0.0201, 0.661 seconds/batch
2026-04-21 16:48:57,457 - Epoch 12, Batch 450, lr = 0.00007, alpha_2 = 0.200, aux_scale = 1.000,  final_loss = 4.5211, nll_loss = 4.4122, ref_nll_loss = 4.6299, ivc_loss = 0.0415, neg_loss_1 = 0.0009, neg_loss_2 = 0.0036, ref_loss = 0.0127, div_loss = 0.0361, aux_loss = 0.0200, aux_loss_eff = 0.0200, 0.660 seconds/batch
2026-04-21 16:49:30,576 - Epoch 12, Batch 500, lr = 0.00007, alpha_2 = 0.200, aux_scale = 1.000,  final_loss = 4.5377, nll_loss = 4.4318, ref_nll_loss = 4.6436, ivc_loss = 0.0445, neg_loss_1 = 0.0007, neg_loss_2 = 0.0039, ref_loss = 0.0139, div_loss = 0.0368, aux_loss = 0.0200, aux_loss_eff = 0.0200, 0.661 seconds/batch
2026-04-21 16:50:03,769 - Epoch 12, Batch 550, lr = 0.00007, alpha_2 = 0.200, aux_scale = 1.000,  final_loss = 4.5340, nll_loss = 4.4283, ref_nll_loss = 4.6397, ivc_loss = 0.0442, neg_loss_1 = 0.0011, neg_loss_2 = 0.0042, ref_loss = 0.0133, div_loss = 0.0346, aux_loss = 0.0202, aux_loss_eff = 0.0202, 0.661 seconds/batch
2026-04-21 16:50:36,773 - Epoch 12, Batch 600, lr = 0.00007, alpha_2 = 0.200, aux_scale = 1.000,  final_loss = 4.5140, nll_loss = 4.4081, ref_nll_loss = 4.6199, ivc_loss = 0.0465, neg_loss_1 = 0.0010, neg_loss_2 = 0.0059, ref_loss = 0.0130, div_loss = 0.0331, aux_loss = 0.0201, aux_loss_eff = 0.0201, 0.661 seconds/batch
2026-04-21 16:51:09,802 - Epoch 12, Batch 650, lr = 0.00007, alpha_2 = 0.200, aux_scale = 1.000,  final_loss = 4.5552, nll_loss = 4.4486, ref_nll_loss = 4.6617, ivc_loss = 0.0413, neg_loss_1 = 0.0004, neg_loss_2 = 0.0045, ref_loss = 0.0123, div_loss = 0.0336, aux_loss = 0.0201, aux_loss_eff = 0.0201, 0.661 seconds/batch
2026-04-21 16:51:42,836 - Epoch 12, Batch 700, lr = 0.00007, alpha_2 = 0.200, aux_scale = 1.000,  final_loss = 4.5720, nll_loss = 4.4666, ref_nll_loss = 4.6774, ivc_loss = 0.0425, neg_loss_1 = 0.0012, neg_loss_2 = 0.0042, ref_loss = 0.0126, div_loss = 0.0335, aux_loss = 0.0201, aux_loss_eff = 0.0201, 0.661 seconds/batch
2026-04-21 16:52:15,846 - Epoch 12, Batch 750, lr = 0.00007, alpha_2 = 0.200, aux_scale = 1.000,  final_loss = 4.5581, nll_loss = 4.4521, ref_nll_loss = 4.6640, ivc_loss = 0.0409, neg_loss_1 = 0.0006, neg_loss_2 = 0.0040, ref_loss = 0.0125, div_loss = 0.0335, aux_loss = 0.0201, aux_loss_eff = 0.0201, 0.661 seconds/batch
2026-04-21 16:52:48,847 - Epoch 12, Batch 800, lr = 0.00007, alpha_2 = 0.200, aux_scale = 1.000,  final_loss = 4.5373, nll_loss = 4.4308, ref_nll_loss = 4.6438, ivc_loss = 0.0454, neg_loss_1 = 0.0016, neg_loss_2 = 0.0045, ref_loss = 0.0132, div_loss = 0.0346, aux_loss = 0.0201, aux_loss_eff = 0.0201, 0.661 seconds/batch
2026-04-21 16:53:21,840 - Epoch 12, Batch 850, lr = 0.00007, alpha_2 = 0.200, aux_scale = 1.000,  final_loss = 4.5306, nll_loss = 4.4242, ref_nll_loss = 4.6370, ivc_loss = 0.0435, neg_loss_1 = 0.0012, neg_loss_2 = 0.0037, ref_loss = 0.0135, div_loss = 0.0348, aux_loss = 0.0201, aux_loss_eff = 0.0201, 0.661 seconds/batch
2026-04-21 16:53:54,831 - Epoch 12, Batch 900, lr = 0.00007, alpha_2 = 0.200, aux_scale = 1.000,  final_loss = 4.5454, nll_loss = 4.4390, ref_nll_loss = 4.6517, ivc_loss = 0.0443, neg_loss_1 = 0.0009, neg_loss_2 = 0.0042, ref_loss = 0.0135, div_loss = 0.0353, aux_loss = 0.0200, aux_loss_eff = 0.0200, 0.661 seconds/batch
2026-04-21 16:54:27,814 - Epoch 12, Batch 950, lr = 0.00007, alpha_2 = 0.200, aux_scale = 1.000,  final_loss = 4.5485, nll_loss = 4.4400, ref_nll_loss = 4.6570, ivc_loss = 0.0434, neg_loss_1 = 0.0013, neg_loss_2 = 0.0046, ref_loss = 0.0122, div_loss = 0.0366, aux_loss = 0.0201, aux_loss_eff = 0.0201, 0.661 seconds/batch
2026-04-21 16:55:00,809 - Epoch 12, Batch 1000, lr = 0.00007, alpha_2 = 0.200, aux_scale = 1.000,  final_loss = 4.5524, nll_loss = 4.4451, ref_nll_loss = 4.6597, ivc_loss = 0.0431, neg_loss_1 = 0.0011, neg_loss_2 = 0.0038, ref_loss = 0.0130, div_loss = 0.0370, aux_loss = 0.0201, aux_loss_eff = 0.0201, 0.661 seconds/batch
2026-04-21 16:55:33,803 - Epoch 12, Batch 1050, lr = 0.00007, alpha_2 = 0.200, aux_scale = 1.000,  final_loss = 4.5734, nll_loss = 4.4645, ref_nll_loss = 4.6823, ivc_loss = 0.0423, neg_loss_1 = 0.0011, neg_loss_2 = 0.0041, ref_loss = 0.0123, div_loss = 0.0363, aux_loss = 0.0200, aux_loss_eff = 0.0200, 0.661 seconds/batch
2026-04-21 16:56:06,787 - Epoch 12, Batch 1100, lr = 0.00007, alpha_2 = 0.200, aux_scale = 1.000,  final_loss = 4.5457, nll_loss = 4.4350, ref_nll_loss = 4.6565, ivc_loss = 0.0415, neg_loss_1 = 0.0009, neg_loss_2 = 0.0042, ref_loss = 0.0121, div_loss = 0.0360, aux_loss = 0.0201, aux_loss_eff = 0.0201, 0.660 seconds/batch
2026-04-21 16:56:33,831 - Epoch 12, Batch 1150, lr = 0.00007, alpha_2 = 0.200, aux_scale = 1.000,  final_loss = 4.5441, nll_loss = 4.4388, ref_nll_loss = 4.6493, ivc_loss = 0.0467, neg_loss_1 = 0.0006, neg_loss_2 = 0.0041, ref_loss = 0.0151, div_loss = 0.0364, aux_loss = 0.0203, aux_loss_eff = 0.0203, 0.655 seconds/batch
2026-04-21 16:56:42,540 - Epoch 12, Batch 1170, lr = 0.00007, alpha_2 = 0.200, aux_scale = 1.000,  final_loss = 4.5516, nll_loss = 4.4425, ref_nll_loss = 4.6607, ivc_loss = 0.0431, neg_loss_1 = 0.0006, neg_loss_2 = 0.0055, ref_loss = 0.0117, div_loss = 0.0379, aux_loss = 0.0201, aux_loss_eff = 0.0201, 0.652 seconds/batch
2026-04-21 16:56:42,615 - save model to checkpoints/activitynet_moe_v2_shared_gate/moe_v2_shared_gate/model-12.pt, num_updates 14040.
2026-04-21 16:58:59,413 - | R@1,mIoU 0.3400 | R@1,IoU@0.1 0.7859 | R@1,IoU@0.3 0.4748 | R@1,IoU@0.5 0.2615 | R@1,IoU@0.7 0.1346 | R@1,IoU@0.9 0.0351 | R@5,mIoU 0.5335 | R@5,IoU@0.1 0.9178 | R@5,IoU@0.3 0.7619 | R@5,IoU@0.5 0.5773 | R@5,IoU@0.7 0.3246 | R@5,IoU@0.9 0.0830 |
2026-04-21 16:58:59,413 - ============================================================
2026-04-21 16:58:59,413 - Start Epoch 13
2026-04-21 16:59:32,487 - Epoch 13, Batch 50, lr = 0.00007, alpha_2 = 0.200, aux_scale = 1.000,  final_loss = 4.4998, nll_loss = 4.3903, ref_nll_loss = 4.6092, ivc_loss = 0.0421, neg_loss_1 = 0.0011, neg_loss_2 = 0.0045, ref_loss = 0.0119, div_loss = 0.0353, aux_loss = 0.0201, aux_loss_eff = 0.0201, 0.661 seconds/batch
2026-04-21 17:00:05,378 - Epoch 13, Batch 100, lr = 0.00007, alpha_2 = 0.200, aux_scale = 1.000,  final_loss = 4.5204, nll_loss = 4.4129, ref_nll_loss = 4.6280, ivc_loss = 0.0439, neg_loss_1 = 0.0008, neg_loss_2 = 0.0039, ref_loss = 0.0139, div_loss = 0.0335, aux_loss = 0.0202, aux_loss_eff = 0.0202, 0.660 seconds/batch
2026-04-21 17:00:38,358 - Epoch 13, Batch 150, lr = 0.00007, alpha_2 = 0.200, aux_scale = 1.000,  final_loss = 4.5586, nll_loss = 4.4515, ref_nll_loss = 4.6656, ivc_loss = 0.0444, neg_loss_1 = 0.0007, neg_loss_2 = 0.0046, ref_loss = 0.0132, div_loss = 0.0363, aux_loss = 0.0202, aux_loss_eff = 0.0202, 0.660 seconds/batch
2026-04-21 17:01:11,379 - Epoch 13, Batch 200, lr = 0.00007, alpha_2 = 0.200, aux_scale = 1.000,  final_loss = 4.5049, nll_loss = 4.3978, ref_nll_loss = 4.6121, ivc_loss = 0.0436, neg_loss_1 = 0.0012, neg_loss_2 = 0.0040, ref_loss = 0.0127, div_loss = 0.0391, aux_loss = 0.0202, aux_loss_eff = 0.0202, 0.660 seconds/batch
2026-04-21 17:01:44,346 - Epoch 13, Batch 250, lr = 0.00007, alpha_2 = 0.200, aux_scale = 1.000,  final_loss = 4.4949, nll_loss = 4.3874, ref_nll_loss = 4.6024, ivc_loss = 0.0416, neg_loss_1 = 0.0007, neg_loss_2 = 0.0041, ref_loss = 0.0124, div_loss = 0.0372, aux_loss = 0.0201, aux_loss_eff = 0.0201, 0.660 seconds/batch
2026-04-21 17:02:17,292 - Epoch 13, Batch 300, lr = 0.00007, alpha_2 = 0.200, aux_scale = 1.000,  final_loss = 4.5475, nll_loss = 4.4423, ref_nll_loss = 4.6526, ivc_loss = 0.0455, neg_loss_1 = 0.0015, neg_loss_2 = 0.0044, ref_loss = 0.0134, div_loss = 0.0348, aux_loss = 0.0201, aux_loss_eff = 0.0201, 0.660 seconds/batch
2026-04-21 17:02:50,315 - Epoch 13, Batch 350, lr = 0.00007, alpha_2 = 0.200, aux_scale = 1.000,  final_loss = 4.5222, nll_loss = 4.4131, ref_nll_loss = 4.6314, ivc_loss = 0.0405, neg_loss_1 = 0.0002, neg_loss_2 = 0.0045, ref_loss = 0.0120, div_loss = 0.0346, aux_loss = 0.0200, aux_loss_eff = 0.0200, 0.660 seconds/batch
2026-04-21 17:03:23,346 - Epoch 13, Batch 400, lr = 0.00007, alpha_2 = 0.200, aux_scale = 1.000,  final_loss = 4.5126, nll_loss = 4.4079, ref_nll_loss = 4.6173, ivc_loss = 0.0434, neg_loss_1 = 0.0009, neg_loss_2 = 0.0042, ref_loss = 0.0128, div_loss = 0.0372, aux_loss = 0.0201, aux_loss_eff = 0.0201, 0.660 seconds/batch
2026-04-21 17:03:56,324 - Epoch 13, Batch 450, lr = 0.00007, alpha_2 = 0.200, aux_scale = 1.000,  final_loss = 4.5197, nll_loss = 4.4118, ref_nll_loss = 4.6276, ivc_loss = 0.0417, neg_loss_1 = 0.0008, neg_loss_2 = 0.0034, ref_loss = 0.0130, div_loss = 0.0367, aux_loss = 0.0201, aux_loss_eff = 0.0201, 0.660 seconds/batch
2026-04-21 17:04:29,351 - Epoch 13, Batch 500, lr = 0.00007, alpha_2 = 0.200, aux_scale = 1.000,  final_loss = 4.5469, nll_loss = 4.4379, ref_nll_loss = 4.6559, ivc_loss = 0.0396, neg_loss_1 = 0.0008, neg_loss_2 = 0.0039, ref_loss = 0.0115, div_loss = 0.0362, aux_loss = 0.0200, aux_loss_eff = 0.0200, 0.660 seconds/batch
2026-04-21 17:05:02,297 - Epoch 13, Batch 550, lr = 0.00007, alpha_2 = 0.200, aux_scale = 1.000,  final_loss = 4.5089, nll_loss = 4.3997, ref_nll_loss = 4.6180, ivc_loss = 0.0396, neg_loss_1 = 0.0006, neg_loss_2 = 0.0030, ref_loss = 0.0124, div_loss = 0.0380, aux_loss = 0.0201, aux_loss_eff = 0.0201, 0.660 seconds/batch
2026-04-21 17:05:35,295 - Epoch 13, Batch 600, lr = 0.00007, alpha_2 = 0.200, aux_scale = 1.000,  final_loss = 4.4690, nll_loss = 4.3596, ref_nll_loss = 4.5783, ivc_loss = 0.0390, neg_loss_1 = 0.0013, neg_loss_2 = 0.0033, ref_loss = 0.0114, div_loss = 0.0356, aux_loss = 0.0201, aux_loss_eff = 0.0201, 0.660 seconds/batch
2026-04-21 17:06:08,256 - Epoch 13, Batch 650, lr = 0.00007, alpha_2 = 0.200, aux_scale = 1.000,  final_loss = 4.5198, nll_loss = 4.4116, ref_nll_loss = 4.6281, ivc_loss = 0.0370, neg_loss_1 = 0.0008, neg_loss_2 = 0.0027, ref_loss = 0.0116, div_loss = 0.0344, aux_loss = 0.0200, aux_loss_eff = 0.0200, 0.660 seconds/batch
2026-04-21 17:06:41,245 - Epoch 13, Batch 700, lr = 0.00007, alpha_2 = 0.200, aux_scale = 1.000,  final_loss = 4.5164, nll_loss = 4.4058, ref_nll_loss = 4.6271, ivc_loss = 0.0431, neg_loss_1 = 0.0011, neg_loss_2 = 0.0041, ref_loss = 0.0129, div_loss = 0.0350, aux_loss = 0.0201, aux_loss_eff = 0.0201, 0.660 seconds/batch
2026-04-21 17:07:14,281 - Epoch 13, Batch 750, lr = 0.00007, alpha_2 = 0.200, aux_scale = 1.000,  final_loss = 4.4988, nll_loss = 4.3908, ref_nll_loss = 4.6068, ivc_loss = 0.0431, neg_loss_1 = 0.0007, neg_loss_2 = 0.0047, ref_loss = 0.0129, div_loss = 0.0334, aux_loss = 0.0202, aux_loss_eff = 0.0202, 0.660 seconds/batch
2026-04-21 17:07:47,225 - Epoch 13, Batch 800, lr = 0.00007, alpha_2 = 0.200, aux_scale = 1.000,  final_loss = 4.4929, nll_loss = 4.3812, ref_nll_loss = 4.6046, ivc_loss = 0.0427, neg_loss_1 = 0.0007, neg_loss_2 = 0.0053, ref_loss = 0.0119, div_loss = 0.0352, aux_loss = 0.0201, aux_loss_eff = 0.0201, 0.660 seconds/batch
2026-04-21 17:08:20,209 - Epoch 13, Batch 850, lr = 0.00007, alpha_2 = 0.200, aux_scale = 1.000,  final_loss = 4.4971, nll_loss = 4.3849, ref_nll_loss = 4.6093, ivc_loss = 0.0418, neg_loss_1 = 0.0007, neg_loss_2 = 0.0049, ref_loss = 0.0119, div_loss = 0.0348, aux_loss = 0.0201, aux_loss_eff = 0.0201, 0.660 seconds/batch
2026-04-21 17:08:53,203 - Epoch 13, Batch 900, lr = 0.00007, alpha_2 = 0.200, aux_scale = 1.000,  final_loss = 4.4778, nll_loss = 4.3664, ref_nll_loss = 4.5892, ivc_loss = 0.0434, neg_loss_1 = 0.0012, neg_loss_2 = 0.0047, ref_loss = 0.0124, div_loss = 0.0347, aux_loss = 0.0201, aux_loss_eff = 0.0201, 0.660 seconds/batch
2026-04-21 17:09:26,261 - Epoch 13, Batch 950, lr = 0.00007, alpha_2 = 0.200, aux_scale = 1.000,  final_loss = 4.4931, nll_loss = 4.3837, ref_nll_loss = 4.6025, ivc_loss = 0.0447, neg_loss_1 = 0.0009, neg_loss_2 = 0.0045, ref_loss = 0.0133, div_loss = 0.0369, aux_loss = 0.0202, aux_loss_eff = 0.0202, 0.660 seconds/batch
2026-04-21 17:09:59,264 - Epoch 13, Batch 1000, lr = 0.00007, alpha_2 = 0.200, aux_scale = 1.000,  final_loss = 4.4947, nll_loss = 4.3872, ref_nll_loss = 4.6022, ivc_loss = 0.0420, neg_loss_1 = 0.0008, neg_loss_2 = 0.0037, ref_loss = 0.0127, div_loss = 0.0374, aux_loss = 0.0201, aux_loss_eff = 0.0201, 0.660 seconds/batch
2026-04-21 17:10:32,272 - Epoch 13, Batch 1050, lr = 0.00007, alpha_2 = 0.200, aux_scale = 1.000,  final_loss = 4.5107, nll_loss = 4.4024, ref_nll_loss = 4.6191, ivc_loss = 0.0435, neg_loss_1 = 0.0005, neg_loss_2 = 0.0055, ref_loss = 0.0122, div_loss = 0.0354, aux_loss = 0.0201, aux_loss_eff = 0.0201, 0.660 seconds/batch
2026-04-21 17:11:05,272 - Epoch 13, Batch 1100, lr = 0.00007, alpha_2 = 0.200, aux_scale = 1.000,  final_loss = 4.5140, nll_loss = 4.4081, ref_nll_loss = 4.6199, ivc_loss = 0.0432, neg_loss_1 = 0.0007, neg_loss_2 = 0.0030, ref_loss = 0.0142, div_loss = 0.0372, aux_loss = 0.0201, aux_loss_eff = 0.0201, 0.660 seconds/batch
2026-04-21 17:11:32,188 - Epoch 13, Batch 1150, lr = 0.00006, alpha_2 = 0.200, aux_scale = 1.000,  final_loss = 4.5430, nll_loss = 4.4314, ref_nll_loss = 4.6546, ivc_loss = 0.0420, neg_loss_1 = 0.0007, neg_loss_2 = 0.0039, ref_loss = 0.0127, div_loss = 0.0372, aux_loss = 0.0200, aux_loss_eff = 0.0200, 0.655 seconds/batch
2026-04-21 17:11:41,027 - Epoch 13, Batch 1170, lr = 0.00006, alpha_2 = 0.200, aux_scale = 1.000,  final_loss = 4.4748, nll_loss = 4.3603, ref_nll_loss = 4.5893, ivc_loss = 0.0329, neg_loss_1 = 0.0003, neg_loss_2 = 0.0027, ref_loss = 0.0098, div_loss = 0.0357, aux_loss = 0.0201, aux_loss_eff = 0.0201, 0.651 seconds/batch
2026-04-21 17:11:41,103 - save model to checkpoints/activitynet_moe_v2_shared_gate/moe_v2_shared_gate/model-13.pt, num_updates 15210.
2026-04-21 17:13:58,082 - | R@1,mIoU 0.3407 | R@1,IoU@0.1 0.7890 | R@1,IoU@0.3 0.4735 | R@1,IoU@0.5 0.2557 | R@1,IoU@0.7 0.1343 | R@1,IoU@0.9 0.0457 | R@5,mIoU 0.5318 | R@5,IoU@0.1 0.9167 | R@5,IoU@0.3 0.7580 | R@5,IoU@0.5 0.5673 | R@5,IoU@0.7 0.3240 | R@5,IoU@0.9 0.0910 |
2026-04-21 17:13:58,082 - ============================================================
2026-04-21 17:13:58,082 - Start Epoch 14
2026-04-21 17:14:31,309 - Epoch 14, Batch 50, lr = 0.00006, alpha_2 = 0.200, aux_scale = 1.000,  final_loss = 4.4523, nll_loss = 4.3456, ref_nll_loss = 4.5590, ivc_loss = 0.0430, neg_loss_1 = 0.0002, neg_loss_2 = 0.0036, ref_loss = 0.0142, div_loss = 0.0354, aux_loss = 0.0201, aux_loss_eff = 0.0201, 0.665 seconds/batch
2026-04-21 17:15:04,309 - Epoch 14, Batch 100, lr = 0.00006, alpha_2 = 0.200, aux_scale = 1.000,  final_loss = 4.5015, nll_loss = 4.3942, ref_nll_loss = 4.6087, ivc_loss = 0.0409, neg_loss_1 = 0.0010, neg_loss_2 = 0.0036, ref_loss = 0.0123, div_loss = 0.0354, aux_loss = 0.0201, aux_loss_eff = 0.0201, 0.662 seconds/batch
2026-04-21 17:15:37,247 - Epoch 14, Batch 150, lr = 0.00006, alpha_2 = 0.200, aux_scale = 1.000,  final_loss = 4.4654, nll_loss = 4.3527, ref_nll_loss = 4.5782, ivc_loss = 0.0378, neg_loss_1 = 0.0009, neg_loss_2 = 0.0031, ref_loss = 0.0111, div_loss = 0.0373, aux_loss = 0.0200, aux_loss_eff = 0.0200, 0.661 seconds/batch
2026-04-21 17:16:10,213 - Epoch 14, Batch 200, lr = 0.00006, alpha_2 = 0.200, aux_scale = 1.000,  final_loss = 4.4701, nll_loss = 4.3614, ref_nll_loss = 4.5788, ivc_loss = 0.0400, neg_loss_1 = 0.0009, neg_loss_2 = 0.0038, ref_loss = 0.0117, div_loss = 0.0357, aux_loss = 0.0201, aux_loss_eff = 0.0201, 0.661 seconds/batch
2026-04-21 17:16:43,215 - Epoch 14, Batch 250, lr = 0.00006, alpha_2 = 0.200, aux_scale = 1.000,  final_loss = 4.4729, nll_loss = 4.3593, ref_nll_loss = 4.5866, ivc_loss = 0.0411, neg_loss_1 = 0.0014, neg_loss_2 = 0.0030, ref_loss = 0.0126, div_loss = 0.0357, aux_loss = 0.0201, aux_loss_eff = 0.0201, 0.661 seconds/batch
2026-04-21 17:17:16,235 - Epoch 14, Batch 300, lr = 0.00006, alpha_2 = 0.200, aux_scale = 1.000,  final_loss = 4.4667, nll_loss = 4.3586, ref_nll_loss = 4.5747, ivc_loss = 0.0402, neg_loss_1 = 0.0005, neg_loss_2 = 0.0029, ref_loss = 0.0129, div_loss = 0.0374, aux_loss = 0.0200, aux_loss_eff = 0.0200, 0.661 seconds/batch
2026-04-21 17:17:49,223 - Epoch 14, Batch 350, lr = 0.00006, alpha_2 = 0.200, aux_scale = 1.000,  final_loss = 4.4996, nll_loss = 4.3884, ref_nll_loss = 4.6108, ivc_loss = 0.0370, neg_loss_1 = 0.0009, neg_loss_2 = 0.0026, ref_loss = 0.0114, div_loss = 0.0365, aux_loss = 0.0200, aux_loss_eff = 0.0200, 0.660 seconds/batch
2026-04-21 17:18:22,216 - Epoch 14, Batch 400, lr = 0.00006, alpha_2 = 0.200, aux_scale = 1.000,  final_loss = 4.4691, nll_loss = 4.3574, ref_nll_loss = 4.5807, ivc_loss = 0.0399, neg_loss_1 = 0.0007, neg_loss_2 = 0.0042, ref_loss = 0.0115, div_loss = 0.0357, aux_loss = 0.0200, aux_loss_eff = 0.0200, 0.660 seconds/batch
2026-04-21 17:18:55,198 - Epoch 14, Batch 450, lr = 0.00006, alpha_2 = 0.200, aux_scale = 1.000,  final_loss = 4.4900, nll_loss = 4.3811, ref_nll_loss = 4.5990, ivc_loss = 0.0449, neg_loss_1 = 0.0005, neg_loss_2 = 0.0042, ref_loss = 0.0141, div_loss = 0.0354, aux_loss = 0.0200, aux_loss_eff = 0.0200, 0.660 seconds/batch
2026-04-21 17:19:28,199 - Epoch 14, Batch 500, lr = 0.00006, alpha_2 = 0.200, aux_scale = 1.000,  final_loss = 4.5052, nll_loss = 4.3955, ref_nll_loss = 4.6150, ivc_loss = 0.0397, neg_loss_1 = 0.0003, neg_loss_2 = 0.0034, ref_loss = 0.0126, div_loss = 0.0362, aux_loss = 0.0201, aux_loss_eff = 0.0201, 0.660 seconds/batch
2026-04-21 17:20:01,164 - Epoch 14, Batch 550, lr = 0.00006, alpha_2 = 0.200, aux_scale = 1.000,  final_loss = 4.4541, nll_loss = 4.3408, ref_nll_loss = 4.5673, ivc_loss = 0.0381, neg_loss_1 = 0.0008, neg_loss_2 = 0.0033, ref_loss = 0.0116, div_loss = 0.0343, aux_loss = 0.0200, aux_loss_eff = 0.0200, 0.660 seconds/batch
2026-04-21 17:20:34,166 - Epoch 14, Batch 600, lr = 0.00006, alpha_2 = 0.200, aux_scale = 1.000,  final_loss = 4.4973, nll_loss = 4.3837, ref_nll_loss = 4.6108, ivc_loss = 0.0364, neg_loss_1 = 0.0005, neg_loss_2 = 0.0032, ref_loss = 0.0109, div_loss = 0.0354, aux_loss = 0.0201, aux_loss_eff = 0.0201, 0.660 seconds/batch
2026-04-21 17:21:07,184 - Epoch 14, Batch 650, lr = 0.00006, alpha_2 = 0.200, aux_scale = 1.000,  final_loss = 4.4559, nll_loss = 4.3457, ref_nll_loss = 4.5662, ivc_loss = 0.0419, neg_loss_1 = 0.0017, neg_loss_2 = 0.0032, ref_loss = 0.0123, div_loss = 0.0373, aux_loss = 0.0200, aux_loss_eff = 0.0200, 0.660 seconds/batch
2026-04-21 17:21:40,157 - Epoch 14, Batch 700, lr = 0.00006, alpha_2 = 0.200, aux_scale = 1.000,  final_loss = 4.4763, nll_loss = 4.3671, ref_nll_loss = 4.5855, ivc_loss = 0.0402, neg_loss_1 = 0.0009, neg_loss_2 = 0.0029, ref_loss = 0.0126, div_loss = 0.0361, aux_loss = 0.0201, aux_loss_eff = 0.0201, 0.660 seconds/batch
2026-04-21 17:22:13,141 - Epoch 14, Batch 750, lr = 0.00006, alpha_2 = 0.200, aux_scale = 1.000,  final_loss = 4.4750, nll_loss = 4.3646, ref_nll_loss = 4.5854, ivc_loss = 0.0415, neg_loss_1 = 0.0011, neg_loss_2 = 0.0035, ref_loss = 0.0126, div_loss = 0.0361, aux_loss = 0.0200, aux_loss_eff = 0.0200, 0.660 seconds/batch
2026-04-21 17:22:46,146 - Epoch 14, Batch 800, lr = 0.00006, alpha_2 = 0.200, aux_scale = 1.000,  final_loss = 4.4638, nll_loss = 4.3520, ref_nll_loss = 4.5756, ivc_loss = 0.0421, neg_loss_1 = 0.0010, neg_loss_2 = 0.0040, ref_loss = 0.0124, div_loss = 0.0364, aux_loss = 0.0200, aux_loss_eff = 0.0200, 0.660 seconds/batch
2026-04-21 17:23:19,151 - Epoch 14, Batch 850, lr = 0.00006, alpha_2 = 0.200, aux_scale = 1.000,  final_loss = 4.4908, nll_loss = 4.3765, ref_nll_loss = 4.6051, ivc_loss = 0.0385, neg_loss_1 = 0.0002, neg_loss_2 = 0.0045, ref_loss = 0.0109, div_loss = 0.0368, aux_loss = 0.0202, aux_loss_eff = 0.0202, 0.660 seconds/batch
2026-04-21 17:23:52,175 - Epoch 14, Batch 900, lr = 0.00006, alpha_2 = 0.200, aux_scale = 1.000,  final_loss = 4.5017, nll_loss = 4.3918, ref_nll_loss = 4.6115, ivc_loss = 0.0442, neg_loss_1 = 0.0007, neg_loss_2 = 0.0041, ref_loss = 0.0136, div_loss = 0.0366, aux_loss = 0.0201, aux_loss_eff = 0.0201, 0.660 seconds/batch
2026-04-21 17:24:25,179 - Epoch 14, Batch 950, lr = 0.00006, alpha_2 = 0.200, aux_scale = 1.000,  final_loss = 4.4756, nll_loss = 4.3682, ref_nll_loss = 4.5831, ivc_loss = 0.0425, neg_loss_1 = 0.0014, neg_loss_2 = 0.0032, ref_loss = 0.0129, div_loss = 0.0368, aux_loss = 0.0201, aux_loss_eff = 0.0201, 0.660 seconds/batch
2026-04-21 17:24:58,191 - Epoch 14, Batch 1000, lr = 0.00006, alpha_2 = 0.200, aux_scale = 1.000,  final_loss = 4.5028, nll_loss = 4.3888, ref_nll_loss = 4.6168, ivc_loss = 0.0381, neg_loss_1 = 0.0010, neg_loss_2 = 0.0038, ref_loss = 0.0106, div_loss = 0.0367, aux_loss = 0.0201, aux_loss_eff = 0.0201, 0.660 seconds/batch
2026-04-21 17:25:31,143 - Epoch 14, Batch 1050, lr = 0.00006, alpha_2 = 0.200, aux_scale = 1.000,  final_loss = 4.5489, nll_loss = 4.4401, ref_nll_loss = 4.6576, ivc_loss = 0.0383, neg_loss_1 = 0.0006, neg_loss_2 = 0.0035, ref_loss = 0.0113, div_loss = 0.0364, aux_loss = 0.0201, aux_loss_eff = 0.0201, 0.660 seconds/batch
2026-04-21 17:26:04,001 - Epoch 14, Batch 1100, lr = 0.00006, alpha_2 = 0.200, aux_scale = 1.000,  final_loss = 4.4947, nll_loss = 4.3868, ref_nll_loss = 4.6026, ivc_loss = 0.0388, neg_loss_1 = 0.0005, neg_loss_2 = 0.0032, ref_loss = 0.0122, div_loss = 0.0354, aux_loss = 0.0201, aux_loss_eff = 0.0201, 0.660 seconds/batch
2026-04-21 17:26:31,072 - Epoch 14, Batch 1150, lr = 0.00006, alpha_2 = 0.200, aux_scale = 1.000,  final_loss = 4.4281, nll_loss = 4.3202, ref_nll_loss = 4.5361, ivc_loss = 0.0417, neg_loss_1 = 0.0006, neg_loss_2 = 0.0033, ref_loss = 0.0135, div_loss = 0.0350, aux_loss = 0.0201, aux_loss_eff = 0.0201, 0.655 seconds/batch
2026-04-21 17:26:39,908 - Epoch 14, Batch 1170, lr = 0.00006, alpha_2 = 0.200, aux_scale = 1.000,  final_loss = 4.4728, nll_loss = 4.3702, ref_nll_loss = 4.5753, ivc_loss = 0.0415, neg_loss_1 = 0.0009, neg_loss_2 = 0.0040, ref_loss = 0.0122, div_loss = 0.0363, aux_loss = 0.0201, aux_loss_eff = 0.0201, 0.651 seconds/batch
2026-04-21 17:26:39,986 - save model to checkpoints/activitynet_moe_v2_shared_gate/moe_v2_shared_gate/model-14.pt, num_updates 16380.
2026-04-21 17:28:57,469 - | R@1,mIoU 0.3392 | R@1,IoU@0.1 0.7964 | R@1,IoU@0.3 0.4688 | R@1,IoU@0.5 0.2493 | R@1,IoU@0.7 0.1323 | R@1,IoU@0.9 0.0403 | R@5,mIoU 0.5315 | R@5,IoU@0.1 0.9205 | R@5,IoU@0.3 0.7617 | R@5,IoU@0.5 0.5690 | R@5,IoU@0.7 0.3173 | R@5,IoU@0.9 0.0894 |
2026-04-21 17:28:57,470 - ============================================================
2026-04-21 17:28:57,470 - Start Epoch 15
2026-04-21 17:29:30,610 - Epoch 15, Batch 50, lr = 0.00006, alpha_2 = 0.200, aux_scale = 1.000,  final_loss = 4.4695, nll_loss = 4.3551, ref_nll_loss = 4.5838, ivc_loss = 0.0380, neg_loss_1 = 0.0005, neg_loss_2 = 0.0035, ref_loss = 0.0115, div_loss = 0.0350, aux_loss = 0.0201, aux_loss_eff = 0.0201, 0.663 seconds/batch
2026-04-21 17:30:03,649 - Epoch 15, Batch 100, lr = 0.00006, alpha_2 = 0.200, aux_scale = 1.000,  final_loss = 4.4448, nll_loss = 4.3343, ref_nll_loss = 4.5554, ivc_loss = 0.0408, neg_loss_1 = 0.0008, neg_loss_2 = 0.0031, ref_loss = 0.0130, div_loss = 0.0351, aux_loss = 0.0200, aux_loss_eff = 0.0200, 0.662 seconds/batch
2026-04-21 17:30:36,619 - Epoch 15, Batch 150, lr = 0.00006, alpha_2 = 0.200, aux_scale = 1.000,  final_loss = 4.4577, nll_loss = 4.3468, ref_nll_loss = 4.5687, ivc_loss = 0.0391, neg_loss_1 = 0.0003, neg_loss_2 = 0.0034, ref_loss = 0.0123, div_loss = 0.0348, aux_loss = 0.0201, aux_loss_eff = 0.0201, 0.661 seconds/batch
2026-04-21 17:31:09,637 - Epoch 15, Batch 200, lr = 0.00006, alpha_2 = 0.200, aux_scale = 1.000,  final_loss = 4.4448, nll_loss = 4.3354, ref_nll_loss = 4.5541, ivc_loss = 0.0408, neg_loss_1 = 0.0004, neg_loss_2 = 0.0037, ref_loss = 0.0128, div_loss = 0.0344, aux_loss = 0.0200, aux_loss_eff = 0.0200, 0.661 seconds/batch
2026-04-21 17:31:42,672 - Epoch 15, Batch 250, lr = 0.00006, alpha_2 = 0.200, aux_scale = 1.000,  final_loss = 4.4317, nll_loss = 4.3180, ref_nll_loss = 4.5454, ivc_loss = 0.0372, neg_loss_1 = 0.0006, neg_loss_2 = 0.0025, ref_loss = 0.0117, div_loss = 0.0370, aux_loss = 0.0202, aux_loss_eff = 0.0202, 0.661 seconds/batch
2026-04-21 17:32:15,710 - Epoch 15, Batch 300, lr = 0.00006, alpha_2 = 0.200, aux_scale = 1.000,  final_loss = 4.4405, nll_loss = 4.3281, ref_nll_loss = 4.5530, ivc_loss = 0.0419, neg_loss_1 = 0.0008, neg_loss_2 = 0.0034, ref_loss = 0.0129, div_loss = 0.0380, aux_loss = 0.0200, aux_loss_eff = 0.0200, 0.661 seconds/batch
2026-04-21 17:32:48,587 - Epoch 15, Batch 350, lr = 0.00006, alpha_2 = 0.200, aux_scale = 1.000,  final_loss = 4.4604, nll_loss = 4.3464, ref_nll_loss = 4.5743, ivc_loss = 0.0415, neg_loss_1 = 0.0006, neg_loss_2 = 0.0038, ref_loss = 0.0126, div_loss = 0.0376, aux_loss = 0.0200, aux_loss_eff = 0.0200, 0.660 seconds/batch
2026-04-21 17:33:21,574 - Epoch 15, Batch 400, lr = 0.00006, alpha_2 = 0.200, aux_scale = 1.000,  final_loss = 4.4633, nll_loss = 4.3506, ref_nll_loss = 4.5761, ivc_loss = 0.0397, neg_loss_1 = 0.0007, neg_loss_2 = 0.0045, ref_loss = 0.0109, div_loss = 0.0367, aux_loss = 0.0200, aux_loss_eff = 0.0200, 0.660 seconds/batch
2026-04-21 17:33:54,543 - Epoch 15, Batch 450, lr = 0.00006, alpha_2 = 0.200, aux_scale = 1.000,  final_loss = 4.4538, nll_loss = 4.3408, ref_nll_loss = 4.5669, ivc_loss = 0.0389, neg_loss_1 = 0.0013, neg_loss_2 = 0.0034, ref_loss = 0.0112, div_loss = 0.0353, aux_loss = 0.0200, aux_loss_eff = 0.0200, 0.660 seconds/batch
2026-04-21 17:34:27,556 - Epoch 15, Batch 500, lr = 0.00006, alpha_2 = 0.200, aux_scale = 1.000,  final_loss = 4.4641, nll_loss = 4.3540, ref_nll_loss = 4.5741, ivc_loss = 0.0419, neg_loss_1 = 0.0007, neg_loss_2 = 0.0030, ref_loss = 0.0137, div_loss = 0.0359, aux_loss = 0.0200, aux_loss_eff = 0.0200, 0.660 seconds/batch
2026-04-21 17:35:00,549 - Epoch 15, Batch 550, lr = 0.00006, alpha_2 = 0.200, aux_scale = 1.000,  final_loss = 4.4462, nll_loss = 4.3335, ref_nll_loss = 4.5589, ivc_loss = 0.0392, neg_loss_1 = 0.0005, neg_loss_2 = 0.0035, ref_loss = 0.0119, div_loss = 0.0365, aux_loss = 0.0201, aux_loss_eff = 0.0201, 0.660 seconds/batch
2026-04-21 17:35:33,544 - Epoch 15, Batch 600, lr = 0.00006, alpha_2 = 0.200, aux_scale = 1.000,  final_loss = 4.4498, nll_loss = 4.3349, ref_nll_loss = 4.5646, ivc_loss = 0.0390, neg_loss_1 = 0.0005, neg_loss_2 = 0.0029, ref_loss = 0.0124, div_loss = 0.0376, aux_loss = 0.0201, aux_loss_eff = 0.0201, 0.660 seconds/batch
2026-04-21 17:36:06,566 - Epoch 15, Batch 650, lr = 0.00006, alpha_2 = 0.200, aux_scale = 1.000,  final_loss = 4.4820, nll_loss = 4.3681, ref_nll_loss = 4.5960, ivc_loss = 0.0401, neg_loss_1 = 0.0005, neg_loss_2 = 0.0037, ref_loss = 0.0121, div_loss = 0.0378, aux_loss = 0.0200, aux_loss_eff = 0.0200, 0.660 seconds/batch
2026-04-21 17:36:39,574 - Epoch 15, Batch 700, lr = 0.00006, alpha_2 = 0.200, aux_scale = 1.000,  final_loss = 4.4630, nll_loss = 4.3490, ref_nll_loss = 4.5770, ivc_loss = 0.0368, neg_loss_1 = 0.0002, neg_loss_2 = 0.0030, ref_loss = 0.0115, div_loss = 0.0364, aux_loss = 0.0201, aux_loss_eff = 0.0201, 0.660 seconds/batch
2026-04-21 17:37:12,557 - Epoch 15, Batch 750, lr = 0.00006, alpha_2 = 0.200, aux_scale = 1.000,  final_loss = 4.4050, nll_loss = 4.2909, ref_nll_loss = 4.5191, ivc_loss = 0.0380, neg_loss_1 = 0.0007, neg_loss_2 = 0.0028, ref_loss = 0.0118, div_loss = 0.0364, aux_loss = 0.0200, aux_loss_eff = 0.0200, 0.660 seconds/batch
2026-04-21 17:37:45,531 - Epoch 15, Batch 800, lr = 0.00006, alpha_2 = 0.200, aux_scale = 1.000,  final_loss = 4.4460, nll_loss = 4.3294, ref_nll_loss = 4.5626, ivc_loss = 0.0378, neg_loss_1 = 0.0010, neg_loss_2 = 0.0039, ref_loss = 0.0103, div_loss = 0.0371, aux_loss = 0.0200, aux_loss_eff = 0.0200, 0.660 seconds/batch
2026-04-21 17:38:18,529 - Epoch 15, Batch 850, lr = 0.00006, alpha_2 = 0.200, aux_scale = 1.000,  final_loss = 4.4661, nll_loss = 4.3503, ref_nll_loss = 4.5820, ivc_loss = 0.0370, neg_loss_1 = 0.0005, neg_loss_2 = 0.0029, ref_loss = 0.0114, div_loss = 0.0367, aux_loss = 0.0200, aux_loss_eff = 0.0200, 0.660 seconds/batch
2026-04-21 17:38:51,552 - Epoch 15, Batch 900, lr = 0.00006, alpha_2 = 0.200, aux_scale = 1.000,  final_loss = 4.4653, nll_loss = 4.3556, ref_nll_loss = 4.5751, ivc_loss = 0.0402, neg_loss_1 = 0.0008, neg_loss_2 = 0.0040, ref_loss = 0.0116, div_loss = 0.0368, aux_loss = 0.0200, aux_loss_eff = 0.0200, 0.660 seconds/batch
2026-04-21 17:39:24,817 - Epoch 15, Batch 950, lr = 0.00006, alpha_2 = 0.200, aux_scale = 1.000,  final_loss = 4.4523, nll_loss = 4.3415, ref_nll_loss = 4.5632, ivc_loss = 0.0366, neg_loss_1 = 0.0009, neg_loss_2 = 0.0031, ref_loss = 0.0108, div_loss = 0.0360, aux_loss = 0.0200, aux_loss_eff = 0.0200, 0.660 seconds/batch
2026-04-21 17:39:57,847 - Epoch 15, Batch 1000, lr = 0.00006, alpha_2 = 0.200, aux_scale = 1.000,  final_loss = 4.4683, nll_loss = 4.3591, ref_nll_loss = 4.5775, ivc_loss = 0.0394, neg_loss_1 = 0.0005, neg_loss_2 = 0.0030, ref_loss = 0.0125, div_loss = 0.0373, aux_loss = 0.0200, aux_loss_eff = 0.0200, 0.660 seconds/batch
2026-04-21 17:40:30,873 - Epoch 15, Batch 1050, lr = 0.00006, alpha_2 = 0.200, aux_scale = 1.000,  final_loss = 4.4511, nll_loss = 4.3416, ref_nll_loss = 4.5606, ivc_loss = 0.0415, neg_loss_1 = 0.0007, neg_loss_2 = 0.0024, ref_loss = 0.0139, div_loss = 0.0366, aux_loss = 0.0201, aux_loss_eff = 0.0201, 0.660 seconds/batch
2026-04-21 17:41:03,849 - Epoch 15, Batch 1100, lr = 0.00006, alpha_2 = 0.200, aux_scale = 1.000,  final_loss = 4.4413, nll_loss = 4.3278, ref_nll_loss = 4.5549, ivc_loss = 0.0372, neg_loss_1 = 0.0009, neg_loss_2 = 0.0032, ref_loss = 0.0109, div_loss = 0.0368, aux_loss = 0.0200, aux_loss_eff = 0.0200, 0.660 seconds/batch
2026-04-21 17:41:30,433 - Epoch 15, Batch 1150, lr = 0.00006, alpha_2 = 0.200, aux_scale = 1.000,  final_loss = 4.4602, nll_loss = 4.3455, ref_nll_loss = 4.5749, ivc_loss = 0.0389, neg_loss_1 = 0.0008, neg_loss_2 = 0.0029, ref_loss = 0.0121, div_loss = 0.0366, aux_loss = 0.0200, aux_loss_eff = 0.0200, 0.655 seconds/batch
2026-04-21 17:41:39,414 - Epoch 15, Batch 1170, lr = 0.00006, alpha_2 = 0.200, aux_scale = 1.000,  final_loss = 4.4880, nll_loss = 4.3740, ref_nll_loss = 4.6021, ivc_loss = 0.0326, neg_loss_1 = 0.0005, neg_loss_2 = 0.0020, ref_loss = 0.0102, div_loss = 0.0360, aux_loss = 0.0200, aux_loss_eff = 0.0200, 0.651 seconds/batch
2026-04-21 17:41:39,497 - save model to checkpoints/activitynet_moe_v2_shared_gate/moe_v2_shared_gate/model-15.pt, num_updates 17550.
2026-04-21 17:43:57,491 - | R@1,mIoU 0.3410 | R@1,IoU@0.1 0.7918 | R@1,IoU@0.3 0.4764 | R@1,IoU@0.5 0.2502 | R@1,IoU@0.7 0.1335 | R@1,IoU@0.9 0.0471 | R@5,mIoU 0.5356 | R@5,IoU@0.1 0.9201 | R@5,IoU@0.3 0.7655 | R@5,IoU@0.5 0.5757 | R@5,IoU@0.7 0.3224 | R@5,IoU@0.9 0.0908 |
2026-04-21 17:43:57,491 - ============================================================
2026-04-21 17:43:57,491 - Start Epoch 16
2026-04-21 17:44:30,657 - Epoch 16, Batch 50, lr = 0.00006, alpha_2 = 0.200, aux_scale = 1.000,  final_loss = 4.3971, nll_loss = 4.2849, ref_nll_loss = 4.5092, ivc_loss = 0.0370, neg_loss_1 = 0.0007, neg_loss_2 = 0.0025, ref_loss = 0.0117, div_loss = 0.0352, aux_loss = 0.0200, aux_loss_eff = 0.0200, 0.663 seconds/batch
2026-04-21 17:45:03,666 - Epoch 16, Batch 100, lr = 0.00006, alpha_2 = 0.200, aux_scale = 1.000,  final_loss = 4.4294, nll_loss = 4.3199, ref_nll_loss = 4.5389, ivc_loss = 0.0352, neg_loss_1 = 0.0005, neg_loss_2 = 0.0030, ref_loss = 0.0105, div_loss = 0.0354, aux_loss = 0.0200, aux_loss_eff = 0.0200, 0.662 seconds/batch
2026-04-21 17:45:36,671 - Epoch 16, Batch 150, lr = 0.00006, alpha_2 = 0.200, aux_scale = 1.000,  final_loss = 4.4481, nll_loss = 4.3344, ref_nll_loss = 4.5619, ivc_loss = 0.0340, neg_loss_1 = 0.0005, neg_loss_2 = 0.0027, ref_loss = 0.0102, div_loss = 0.0356, aux_loss = 0.0201, aux_loss_eff = 0.0201, 0.661 seconds/batch
2026-04-21 17:46:09,676 - Epoch 16, Batch 200, lr = 0.00006, alpha_2 = 0.200, aux_scale = 1.000,  final_loss = 4.3996, nll_loss = 4.2893, ref_nll_loss = 4.5099, ivc_loss = 0.0399, neg_loss_1 = 0.0008, neg_loss_2 = 0.0022, ref_loss = 0.0132, div_loss = 0.0371, aux_loss = 0.0200, aux_loss_eff = 0.0200, 0.661 seconds/batch
2026-04-21 17:46:42,674 - Epoch 16, Batch 250, lr = 0.00006, alpha_2 = 0.200, aux_scale = 1.000,  final_loss = 4.4375, nll_loss = 4.3242, ref_nll_loss = 4.5507, ivc_loss = 0.0368, neg_loss_1 = 0.0007, neg_loss_2 = 0.0038, ref_loss = 0.0102, div_loss = 0.0367, aux_loss = 0.0201, aux_loss_eff = 0.0201, 0.661 seconds/batch
2026-04-21 17:47:15,696 - Epoch 16, Batch 300, lr = 0.00006, alpha_2 = 0.200, aux_scale = 1.000,  final_loss = 4.4273, nll_loss = 4.3165, ref_nll_loss = 4.5380, ivc_loss = 0.0407, neg_loss_1 = 0.0007, neg_loss_2 = 0.0035, ref_loss = 0.0124, div_loss = 0.0380, aux_loss = 0.0201, aux_loss_eff = 0.0201, 0.661 seconds/batch
2026-04-21 17:47:48,685 - Epoch 16, Batch 350, lr = 0.00006, alpha_2 = 0.200, aux_scale = 1.000,  final_loss = 4.4258, nll_loss = 4.3112, ref_nll_loss = 4.5403, ivc_loss = 0.0378, neg_loss_1 = 0.0004, neg_loss_2 = 0.0030, ref_loss = 0.0114, div_loss = 0.0407, aux_loss = 0.0201, aux_loss_eff = 0.0201, 0.661 seconds/batch
2026-04-21 17:48:21,708 - Epoch 16, Batch 400, lr = 0.00006, alpha_2 = 0.200, aux_scale = 1.000,  final_loss = 4.4391, nll_loss = 4.3246, ref_nll_loss = 4.5537, ivc_loss = 0.0371, neg_loss_1 = 0.0006, neg_loss_2 = 0.0032, ref_loss = 0.0108, div_loss = 0.0399, aux_loss = 0.0201, aux_loss_eff = 0.0201, 0.661 seconds/batch
2026-04-21 17:48:54,721 - Epoch 16, Batch 450, lr = 0.00006, alpha_2 = 0.200, aux_scale = 1.000,  final_loss = 4.4564, nll_loss = 4.3415, ref_nll_loss = 4.5712, ivc_loss = 0.0362, neg_loss_1 = 0.0010, neg_loss_2 = 0.0018, ref_loss = 0.0115, div_loss = 0.0379, aux_loss = 0.0200, aux_loss_eff = 0.0200, 0.661 seconds/batch
2026-04-21 17:49:27,759 - Epoch 16, Batch 500, lr = 0.00006, alpha_2 = 0.200, aux_scale = 1.000,  final_loss = 4.4301, nll_loss = 4.3180, ref_nll_loss = 4.5422, ivc_loss = 0.0404, neg_loss_1 = 0.0011, neg_loss_2 = 0.0031, ref_loss = 0.0123, div_loss = 0.0382, aux_loss = 0.0200, aux_loss_eff = 0.0200, 0.661 seconds/batch
2026-04-21 17:50:00,625 - Epoch 16, Batch 550, lr = 0.00006, alpha_2 = 0.200, aux_scale = 1.000,  final_loss = 4.4352, nll_loss = 4.3223, ref_nll_loss = 4.5480, ivc_loss = 0.0392, neg_loss_1 = 0.0003, neg_loss_2 = 0.0035, ref_loss = 0.0119, div_loss = 0.0382, aux_loss = 0.0200, aux_loss_eff = 0.0200, 0.660 seconds/batch
2026-04-21 17:50:33,609 - Epoch 16, Batch 600, lr = 0.00006, alpha_2 = 0.200, aux_scale = 1.000,  final_loss = 4.4418, nll_loss = 4.3276, ref_nll_loss = 4.5560, ivc_loss = 0.0374, neg_loss_1 = 0.0006, neg_loss_2 = 0.0031, ref_loss = 0.0111, div_loss = 0.0386, aux_loss = 0.0200, aux_loss_eff = 0.0200, 0.660 seconds/batch
2026-04-21 17:51:06,599 - Epoch 16, Batch 650, lr = 0.00006, alpha_2 = 0.200, aux_scale = 1.000,  final_loss = 4.3948, nll_loss = 4.2764, ref_nll_loss = 4.5133, ivc_loss = 0.0329, neg_loss_1 = 0.0000, neg_loss_2 = 0.0027, ref_loss = 0.0098, div_loss = 0.0384, aux_loss = 0.0201, aux_loss_eff = 0.0201, 0.660 seconds/batch
2026-04-21 17:51:39,593 - Epoch 16, Batch 700, lr = 0.00006, alpha_2 = 0.200, aux_scale = 1.000,  final_loss = 4.4628, nll_loss = 4.3483, ref_nll_loss = 4.5773, ivc_loss = 0.0352, neg_loss_1 = 0.0008, neg_loss_2 = 0.0023, ref_loss = 0.0106, div_loss = 0.0395, aux_loss = 0.0201, aux_loss_eff = 0.0201, 0.660 seconds/batch
2026-04-21 17:52:12,481 - Epoch 16, Batch 750, lr = 0.00006, alpha_2 = 0.200, aux_scale = 1.000,  final_loss = 4.4039, nll_loss = 4.2912, ref_nll_loss = 4.5167, ivc_loss = 0.0378, neg_loss_1 = 0.0006, neg_loss_2 = 0.0023, ref_loss = 0.0121, div_loss = 0.0390, aux_loss = 0.0201, aux_loss_eff = 0.0201, 0.660 seconds/batch
2026-04-21 17:52:45,445 - Epoch 16, Batch 800, lr = 0.00006, alpha_2 = 0.200, aux_scale = 1.000,  final_loss = 4.4398, nll_loss = 4.3274, ref_nll_loss = 4.5522, ivc_loss = 0.0358, neg_loss_1 = 0.0007, neg_loss_2 = 0.0025, ref_loss = 0.0111, div_loss = 0.0366, aux_loss = 0.0200, aux_loss_eff = 0.0200, 0.660 seconds/batch
2026-04-21 17:53:18,437 - Epoch 16, Batch 850, lr = 0.00006, alpha_2 = 0.200, aux_scale = 1.000,  final_loss = 4.4707, nll_loss = 4.3538, ref_nll_loss = 4.5877, ivc_loss = 0.0338, neg_loss_1 = 0.0011, neg_loss_2 = 0.0027, ref_loss = 0.0095, div_loss = 0.0364, aux_loss = 0.0200, aux_loss_eff = 0.0200, 0.660 seconds/batch
2026-04-21 17:53:51,426 - Epoch 16, Batch 900, lr = 0.00006, alpha_2 = 0.200, aux_scale = 1.000,  final_loss = 4.4341, nll_loss = 4.3201, ref_nll_loss = 4.5481, ivc_loss = 0.0405, neg_loss_1 = 0.0006, neg_loss_2 = 0.0030, ref_loss = 0.0129, div_loss = 0.0374, aux_loss = 0.0200, aux_loss_eff = 0.0200, 0.660 seconds/batch
2026-04-21 17:54:24,441 - Epoch 16, Batch 950, lr = 0.00006, alpha_2 = 0.200, aux_scale = 1.000,  final_loss = 4.4165, nll_loss = 4.3017, ref_nll_loss = 4.5314, ivc_loss = 0.0325, neg_loss_1 = 0.0008, neg_loss_2 = 0.0024, ref_loss = 0.0094, div_loss = 0.0370, aux_loss = 0.0200, aux_loss_eff = 0.0200, 0.660 seconds/batch
2026-04-21 17:54:57,414 - Epoch 16, Batch 1000, lr = 0.00006, alpha_2 = 0.200, aux_scale = 1.000,  final_loss = 4.3903, nll_loss = 4.2731, ref_nll_loss = 4.5075, ivc_loss = 0.0345, neg_loss_1 = 0.0010, neg_loss_2 = 0.0023, ref_loss = 0.0102, div_loss = 0.0370, aux_loss = 0.0200, aux_loss_eff = 0.0200, 0.660 seconds/batch
2026-04-21 17:55:30,415 - Epoch 16, Batch 1050, lr = 0.00006, alpha_2 = 0.200, aux_scale = 1.000,  final_loss = 4.4340, nll_loss = 4.3165, ref_nll_loss = 4.5515, ivc_loss = 0.0362, neg_loss_1 = 0.0004, neg_loss_2 = 0.0032, ref_loss = 0.0107, div_loss = 0.0376, aux_loss = 0.0200, aux_loss_eff = 0.0200, 0.660 seconds/batch
2026-04-21 17:56:03,368 - Epoch 16, Batch 1100, lr = 0.00006, alpha_2 = 0.200, aux_scale = 1.000,  final_loss = 4.4271, nll_loss = 4.3137, ref_nll_loss = 4.5406, ivc_loss = 0.0363, neg_loss_1 = 0.0011, neg_loss_2 = 0.0027, ref_loss = 0.0107, div_loss = 0.0364, aux_loss = 0.0200, aux_loss_eff = 0.0200, 0.660 seconds/batch
2026-04-21 17:56:29,838 - Epoch 16, Batch 1150, lr = 0.00006, alpha_2 = 0.200, aux_scale = 1.000,  final_loss = 4.3867, nll_loss = 4.2702, ref_nll_loss = 4.5031, ivc_loss = 0.0352, neg_loss_1 = 0.0003, neg_loss_2 = 0.0028, ref_loss = 0.0107, div_loss = 0.0368, aux_loss = 0.0200, aux_loss_eff = 0.0200, 0.654 seconds/batch
2026-04-21 17:56:38,816 - Epoch 16, Batch 1170, lr = 0.00006, alpha_2 = 0.200, aux_scale = 1.000,  final_loss = 4.4669, nll_loss = 4.3572, ref_nll_loss = 4.5766, ivc_loss = 0.0426, neg_loss_1 = 0.0009, neg_loss_2 = 0.0036, ref_loss = 0.0132, div_loss = 0.0367, aux_loss = 0.0200, aux_loss_eff = 0.0200, 0.651 seconds/batch
2026-04-21 17:56:38,891 - save model to checkpoints/activitynet_moe_v2_shared_gate/moe_v2_shared_gate/model-16.pt, num_updates 18720.
2026-04-21 17:58:56,301 - | R@1,mIoU 0.3399 | R@1,IoU@0.1 0.7921 | R@1,IoU@0.3 0.4738 | R@1,IoU@0.5 0.2510 | R@1,IoU@0.7 0.1325 | R@1,IoU@0.9 0.0429 | R@5,mIoU 0.5311 | R@5,IoU@0.1 0.9153 | R@5,IoU@0.3 0.7591 | R@5,IoU@0.5 0.5700 | R@5,IoU@0.7 0.3217 | R@5,IoU@0.9 0.0888 |
2026-04-21 17:58:56,301 - ============================================================
2026-04-21 17:58:56,301 - Start Epoch 17
2026-04-21 17:59:29,551 - Epoch 17, Batch 50, lr = 0.00006, alpha_2 = 0.200, aux_scale = 1.000,  final_loss = 4.3481, nll_loss = 4.2338, ref_nll_loss = 4.4623, ivc_loss = 0.0382, neg_loss_1 = 0.0007, neg_loss_2 = 0.0028, ref_loss = 0.0119, div_loss = 0.0371, aux_loss = 0.0201, aux_loss_eff = 0.0201, 0.665 seconds/batch
2026-04-21 18:00:02,533 - Epoch 17, Batch 100, lr = 0.00006, alpha_2 = 0.200, aux_scale = 1.000,  final_loss = 4.4082, nll_loss = 4.2957, ref_nll_loss = 4.5206, ivc_loss = 0.0376, neg_loss_1 = 0.0006, neg_loss_2 = 0.0026, ref_loss = 0.0121, div_loss = 0.0354, aux_loss = 0.0200, aux_loss_eff = 0.0200, 0.662 seconds/batch
2026-04-21 18:00:35,529 - Epoch 17, Batch 150, lr = 0.00006, alpha_2 = 0.200, aux_scale = 1.000,  final_loss = 4.3958, nll_loss = 4.2812, ref_nll_loss = 4.5105, ivc_loss = 0.0363, neg_loss_1 = 0.0007, neg_loss_2 = 0.0020, ref_loss = 0.0119, div_loss = 0.0353, aux_loss = 0.0200, aux_loss_eff = 0.0200, 0.662 seconds/batch
2026-04-21 18:01:08,502 - Epoch 17, Batch 200, lr = 0.00006, alpha_2 = 0.200, aux_scale = 1.000,  final_loss = 4.3468, nll_loss = 4.2329, ref_nll_loss = 4.4606, ivc_loss = 0.0387, neg_loss_1 = 0.0013, neg_loss_2 = 0.0029, ref_loss = 0.0116, div_loss = 0.0358, aux_loss = 0.0200, aux_loss_eff = 0.0200, 0.661 seconds/batch
2026-04-21 18:01:41,461 - Epoch 17, Batch 250, lr = 0.00006, alpha_2 = 0.200, aux_scale = 1.000,  final_loss = 4.3794, nll_loss = 4.2671, ref_nll_loss = 4.4918, ivc_loss = 0.0394, neg_loss_1 = 0.0006, neg_loss_2 = 0.0028, ref_loss = 0.0127, div_loss = 0.0357, aux_loss = 0.0200, aux_loss_eff = 0.0200, 0.661 seconds/batch
2026-04-21 18:02:14,453 - Epoch 17, Batch 300, lr = 0.00006, alpha_2 = 0.200, aux_scale = 1.000,  final_loss = 4.3932, nll_loss = 4.2778, ref_nll_loss = 4.5087, ivc_loss = 0.0334, neg_loss_1 = 0.0003, neg_loss_2 = 0.0028, ref_loss = 0.0100, div_loss = 0.0366, aux_loss = 0.0201, aux_loss_eff = 0.0201, 0.661 seconds/batch
2026-04-21 18:02:47,450 - Epoch 17, Batch 350, lr = 0.00006, alpha_2 = 0.200, aux_scale = 1.000,  final_loss = 4.3921, nll_loss = 4.2729, ref_nll_loss = 4.5113, ivc_loss = 0.0360, neg_loss_1 = 0.0010, neg_loss_2 = 0.0018, ref_loss = 0.0114, div_loss = 0.0372, aux_loss = 0.0200, aux_loss_eff = 0.0200, 0.660 seconds/batch
2026-04-21 18:03:20,476 - Epoch 17, Batch 400, lr = 0.00006, alpha_2 = 0.200, aux_scale = 1.000,  final_loss = 4.4016, nll_loss = 4.2902, ref_nll_loss = 4.5130, ivc_loss = 0.0403, neg_loss_1 = 0.0006, neg_loss_2 = 0.0030, ref_loss = 0.0128, div_loss = 0.0365, aux_loss = 0.0200, aux_loss_eff = 0.0200, 0.660 seconds/batch
2026-04-21 18:03:53,507 - Epoch 17, Batch 450, lr = 0.00006, alpha_2 = 0.200, aux_scale = 1.000,  final_loss = 4.4303, nll_loss = 4.3171, ref_nll_loss = 4.5436, ivc_loss = 0.0411, neg_loss_1 = 0.0002, neg_loss_2 = 0.0035, ref_loss = 0.0131, div_loss = 0.0374, aux_loss = 0.0200, aux_loss_eff = 0.0200, 0.660 seconds/batch
2026-04-21 18:04:26,515 - Epoch 17, Batch 500, lr = 0.00006, alpha_2 = 0.200, aux_scale = 1.000,  final_loss = 4.3898, nll_loss = 4.2760, ref_nll_loss = 4.5037, ivc_loss = 0.0393, neg_loss_1 = 0.0007, neg_loss_2 = 0.0032, ref_loss = 0.0121, div_loss = 0.0358, aux_loss = 0.0201, aux_loss_eff = 0.0201, 0.660 seconds/batch
2026-04-21 18:04:59,765 - Epoch 17, Batch 550, lr = 0.00006, alpha_2 = 0.200, aux_scale = 1.000,  final_loss = 4.3943, nll_loss = 4.2806, ref_nll_loss = 4.5080, ivc_loss = 0.0387, neg_loss_1 = 0.0005, neg_loss_2 = 0.0021, ref_loss = 0.0131, div_loss = 0.0365, aux_loss = 0.0200, aux_loss_eff = 0.0200, 0.661 seconds/batch
2026-04-21 18:05:32,770 - Epoch 17, Batch 600, lr = 0.00006, alpha_2 = 0.200, aux_scale = 1.000,  final_loss = 4.4164, nll_loss = 4.3030, ref_nll_loss = 4.5298, ivc_loss = 0.0389, neg_loss_1 = 0.0005, neg_loss_2 = 0.0033, ref_loss = 0.0120, div_loss = 0.0370, aux_loss = 0.0200, aux_loss_eff = 0.0200, 0.661 seconds/batch
2026-04-21 18:06:05,727 - Epoch 17, Batch 650, lr = 0.00006, alpha_2 = 0.200, aux_scale = 1.000,  final_loss = 4.4226, nll_loss = 4.3054, ref_nll_loss = 4.5398, ivc_loss = 0.0352, neg_loss_1 = 0.0006, neg_loss_2 = 0.0022, ref_loss = 0.0110, div_loss = 0.0372, aux_loss = 0.0200, aux_loss_eff = 0.0200, 0.661 seconds/batch
2026-04-21 18:06:38,718 - Epoch 17, Batch 700, lr = 0.00006, alpha_2 = 0.200, aux_scale = 1.000,  final_loss = 4.4078, nll_loss = 4.2923, ref_nll_loss = 4.5232, ivc_loss = 0.0354, neg_loss_1 = 0.0006, neg_loss_2 = 0.0025, ref_loss = 0.0109, div_loss = 0.0364, aux_loss = 0.0200, aux_loss_eff = 0.0200, 0.661 seconds/batch
2026-04-21 18:07:11,716 - Epoch 17, Batch 750, lr = 0.00006, alpha_2 = 0.200, aux_scale = 1.000,  final_loss = 4.4083, nll_loss = 4.2946, ref_nll_loss = 4.5220, ivc_loss = 0.0380, neg_loss_1 = 0.0006, neg_loss_2 = 0.0033, ref_loss = 0.0112, div_loss = 0.0380, aux_loss = 0.0200, aux_loss_eff = 0.0200, 0.661 seconds/batch
2026-04-21 18:07:44,740 - Epoch 17, Batch 800, lr = 0.00006, alpha_2 = 0.200, aux_scale = 1.000,  final_loss = 4.3980, nll_loss = 4.2846, ref_nll_loss = 4.5115, ivc_loss = 0.0363, neg_loss_1 = 0.0006, neg_loss_2 = 0.0033, ref_loss = 0.0106, div_loss = 0.0368, aux_loss = 0.0200, aux_loss_eff = 0.0200, 0.661 seconds/batch
2026-04-21 18:08:17,746 - Epoch 17, Batch 850, lr = 0.00006, alpha_2 = 0.200, aux_scale = 1.000,  final_loss = 4.4472, nll_loss = 4.3314, ref_nll_loss = 4.5629, ivc_loss = 0.0383, neg_loss_1 = 0.0008, neg_loss_2 = 0.0030, ref_loss = 0.0118, div_loss = 0.0358, aux_loss = 0.0200, aux_loss_eff = 0.0200, 0.661 seconds/batch
2026-04-21 18:08:50,755 - Epoch 17, Batch 900, lr = 0.00006, alpha_2 = 0.200, aux_scale = 1.000,  final_loss = 4.4403, nll_loss = 4.3274, ref_nll_loss = 4.5532, ivc_loss = 0.0359, neg_loss_1 = 0.0004, neg_loss_2 = 0.0023, ref_loss = 0.0116, div_loss = 0.0357, aux_loss = 0.0200, aux_loss_eff = 0.0200, 0.661 seconds/batch
2026-04-21 18:09:23,775 - Epoch 17, Batch 950, lr = 0.00006, alpha_2 = 0.200, aux_scale = 1.000,  final_loss = 4.3895, nll_loss = 4.2764, ref_nll_loss = 4.5026, ivc_loss = 0.0387, neg_loss_1 = 0.0007, neg_loss_2 = 0.0029, ref_loss = 0.0122, div_loss = 0.0355, aux_loss = 0.0200, aux_loss_eff = 0.0200, 0.660 seconds/batch
2026-04-21 18:09:56,799 - Epoch 17, Batch 1000, lr = 0.00006, alpha_2 = 0.200, aux_scale = 1.000,  final_loss = 4.4377, nll_loss = 4.3265, ref_nll_loss = 4.5490, ivc_loss = 0.0377, neg_loss_1 = 0.0005, neg_loss_2 = 0.0035, ref_loss = 0.0112, div_loss = 0.0362, aux_loss = 0.0201, aux_loss_eff = 0.0201, 0.660 seconds/batch
2026-04-21 18:10:29,779 - Epoch 17, Batch 1050, lr = 0.00006, alpha_2 = 0.200, aux_scale = 1.000,  final_loss = 4.4287, nll_loss = 4.3153, ref_nll_loss = 4.5421, ivc_loss = 0.0370, neg_loss_1 = 0.0006, neg_loss_2 = 0.0025, ref_loss = 0.0116, div_loss = 0.0377, aux_loss = 0.0200, aux_loss_eff = 0.0200, 0.660 seconds/batch
2026-04-21 18:11:02,803 - Epoch 17, Batch 1100, lr = 0.00006, alpha_2 = 0.200, aux_scale = 1.000,  final_loss = 4.4003, nll_loss = 4.2826, ref_nll_loss = 4.5180, ivc_loss = 0.0327, neg_loss_1 = 0.0008, neg_loss_2 = 0.0025, ref_loss = 0.0093, div_loss = 0.0372, aux_loss = 0.0200, aux_loss_eff = 0.0200, 0.660 seconds/batch
2026-04-21 18:11:28,927 - Epoch 17, Batch 1150, lr = 0.00006, alpha_2 = 0.200, aux_scale = 1.000,  final_loss = 4.3944, nll_loss = 4.2768, ref_nll_loss = 4.5121, ivc_loss = 0.0364, neg_loss_1 = 0.0005, neg_loss_2 = 0.0033, ref_loss = 0.0108, div_loss = 0.0363, aux_loss = 0.0200, aux_loss_eff = 0.0200, 0.654 seconds/batch
2026-04-21 18:11:37,886 - Epoch 17, Batch 1170, lr = 0.00006, alpha_2 = 0.200, aux_scale = 1.000,  final_loss = 4.4260, nll_loss = 4.3073, ref_nll_loss = 4.5448, ivc_loss = 0.0384, neg_loss_1 = 0.0005, neg_loss_2 = 0.0029, ref_loss = 0.0119, div_loss = 0.0376, aux_loss = 0.0200, aux_loss_eff = 0.0200, 0.651 seconds/batch
2026-04-21 18:11:37,966 - save model to checkpoints/activitynet_moe_v2_shared_gate/moe_v2_shared_gate/model-17.pt, num_updates 19890.
2026-04-21 18:13:55,937 - | R@1,mIoU 0.3400 | R@1,IoU@0.1 0.7921 | R@1,IoU@0.3 0.4735 | R@1,IoU@0.5 0.2517 | R@1,IoU@0.7 0.1321 | R@1,IoU@0.9 0.0452 | R@5,mIoU 0.5295 | R@5,IoU@0.1 0.9177 | R@5,IoU@0.3 0.7577 | R@5,IoU@0.5 0.5662 | R@5,IoU@0.7 0.3128 | R@5,IoU@0.9 0.0906 |
2026-04-21 18:13:55,937 - ============================================================
2026-04-21 18:13:55,937 - Start Epoch 18
2026-04-21 18:14:29,233 - Epoch 18, Batch 50, lr = 0.00006, alpha_2 = 0.200, aux_scale = 1.000,  final_loss = 4.3703, nll_loss = 4.2581, ref_nll_loss = 4.4825, ivc_loss = 0.0385, neg_loss_1 = 0.0004, neg_loss_2 = 0.0028, ref_loss = 0.0123, div_loss = 0.0372, aux_loss = 0.0200, aux_loss_eff = 0.0200, 0.666 seconds/batch
2026-04-21 18:15:02,233 - Epoch 18, Batch 100, lr = 0.00006, alpha_2 = 0.200, aux_scale = 1.000,  final_loss = 4.3592, nll_loss = 4.2442, ref_nll_loss = 4.4743, ivc_loss = 0.0355, neg_loss_1 = 0.0009, neg_loss_2 = 0.0030, ref_loss = 0.0101, div_loss = 0.0373, aux_loss = 0.0200, aux_loss_eff = 0.0200, 0.663 seconds/batch
2026-04-21 18:15:35,239 - Epoch 18, Batch 150, lr = 0.00006, alpha_2 = 0.200, aux_scale = 1.000,  final_loss = 4.4060, nll_loss = 4.2901, ref_nll_loss = 4.5219, ivc_loss = 0.0392, neg_loss_1 = 0.0002, neg_loss_2 = 0.0040, ref_loss = 0.0116, div_loss = 0.0384, aux_loss = 0.0200, aux_loss_eff = 0.0200, 0.662 seconds/batch
2026-04-21 18:16:08,221 - Epoch 18, Batch 200, lr = 0.00006, alpha_2 = 0.200, aux_scale = 1.000,  final_loss = 4.4187, nll_loss = 4.3033, ref_nll_loss = 4.5341, ivc_loss = 0.0348, neg_loss_1 = 0.0004, neg_loss_2 = 0.0024, ref_loss = 0.0109, div_loss = 0.0368, aux_loss = 0.0200, aux_loss_eff = 0.0200, 0.661 seconds/batch
2026-04-21 18:16:41,233 - Epoch 18, Batch 250, lr = 0.00006, alpha_2 = 0.200, aux_scale = 1.000,  final_loss = 4.3680, nll_loss = 4.2504, ref_nll_loss = 4.4856, ivc_loss = 0.0336, neg_loss_1 = 0.0004, neg_loss_2 = 0.0026, ref_loss = 0.0103, div_loss = 0.0346, aux_loss = 0.0201, aux_loss_eff = 0.0201, 0.661 seconds/batch
2026-04-21 18:17:14,298 - Epoch 18, Batch 300, lr = 0.00006, alpha_2 = 0.200, aux_scale = 1.000,  final_loss = 4.3657, nll_loss = 4.2499, ref_nll_loss = 4.4816, ivc_loss = 0.0344, neg_loss_1 = 0.0005, neg_loss_2 = 0.0021, ref_loss = 0.0111, div_loss = 0.0346, aux_loss = 0.0200, aux_loss_eff = 0.0200, 0.661 seconds/batch
2026-04-21 18:17:47,382 - Epoch 18, Batch 350, lr = 0.00006, alpha_2 = 0.200, aux_scale = 1.000,  final_loss = 4.3411, nll_loss = 4.2235, ref_nll_loss = 4.4588, ivc_loss = 0.0315, neg_loss_1 = 0.0007, neg_loss_2 = 0.0019, ref_loss = 0.0096, div_loss = 0.0360, aux_loss = 0.0200, aux_loss_eff = 0.0200, 0.661 seconds/batch
2026-04-21 18:18:20,387 - Epoch 18, Batch 400, lr = 0.00006, alpha_2 = 0.200, aux_scale = 1.000,  final_loss = 4.3720, nll_loss = 4.2553, ref_nll_loss = 4.4887, ivc_loss = 0.0363, neg_loss_1 = 0.0008, neg_loss_2 = 0.0029, ref_loss = 0.0108, div_loss = 0.0361, aux_loss = 0.0200, aux_loss_eff = 0.0200, 0.661 seconds/batch
2026-04-21 18:18:53,389 - Epoch 18, Batch 450, lr = 0.00006, alpha_2 = 0.200, aux_scale = 1.000,  final_loss = 4.4064, nll_loss = 4.2920, ref_nll_loss = 4.5208, ivc_loss = 0.0351, neg_loss_1 = 0.0007, neg_loss_2 = 0.0020, ref_loss = 0.0111, div_loss = 0.0368, aux_loss = 0.0200, aux_loss_eff = 0.0200, 0.661 seconds/batch
2026-04-21 18:19:26,367 - Epoch 18, Batch 500, lr = 0.00006, alpha_2 = 0.200, aux_scale = 1.000,  final_loss = 4.3991, nll_loss = 4.2835, ref_nll_loss = 4.5147, ivc_loss = 0.0357, neg_loss_1 = 0.0005, neg_loss_2 = 0.0024, ref_loss = 0.0114, div_loss = 0.0357, aux_loss = 0.0200, aux_loss_eff = 0.0200, 0.661 seconds/batch
2026-04-21 18:19:59,380 - Epoch 18, Batch 550, lr = 0.00006, alpha_2 = 0.200, aux_scale = 1.000,  final_loss = 4.3927, nll_loss = 4.2779, ref_nll_loss = 4.5074, ivc_loss = 0.0336, neg_loss_1 = 0.0003, neg_loss_2 = 0.0023, ref_loss = 0.0107, div_loss = 0.0358, aux_loss = 0.0201, aux_loss_eff = 0.0201, 0.661 seconds/batch
2026-04-21 18:20:32,396 - Epoch 18, Batch 600, lr = 0.00006, alpha_2 = 0.200, aux_scale = 1.000,  final_loss = 4.3977, nll_loss = 4.2799, ref_nll_loss = 4.5154, ivc_loss = 0.0364, neg_loss_1 = 0.0008, neg_loss_2 = 0.0025, ref_loss = 0.0112, div_loss = 0.0368, aux_loss = 0.0200, aux_loss_eff = 0.0200, 0.661 seconds/batch
2026-04-21 18:21:05,406 - Epoch 18, Batch 650, lr = 0.00006, alpha_2 = 0.200, aux_scale = 1.000,  final_loss = 4.3706, nll_loss = 4.2509, ref_nll_loss = 4.4904, ivc_loss = 0.0316, neg_loss_1 = 0.0005, neg_loss_2 = 0.0023, ref_loss = 0.0094, div_loss = 0.0364, aux_loss = 0.0201, aux_loss_eff = 0.0201, 0.661 seconds/batch
2026-04-21 18:21:38,417 - Epoch 18, Batch 700, lr = 0.00006, alpha_2 = 0.200, aux_scale = 1.000,  final_loss = 4.3734, nll_loss = 4.2577, ref_nll_loss = 4.4892, ivc_loss = 0.0373, neg_loss_1 = 0.0010, neg_loss_2 = 0.0027, ref_loss = 0.0113, div_loss = 0.0369, aux_loss = 0.0201, aux_loss_eff = 0.0201, 0.661 seconds/batch
2026-04-21 18:22:11,379 - Epoch 18, Batch 750, lr = 0.00006, alpha_2 = 0.200, aux_scale = 1.000,  final_loss = 4.3757, nll_loss = 4.2589, ref_nll_loss = 4.4926, ivc_loss = 0.0340, neg_loss_1 = 0.0002, neg_loss_2 = 0.0021, ref_loss = 0.0112, div_loss = 0.0354, aux_loss = 0.0200, aux_loss_eff = 0.0200, 0.661 seconds/batch
2026-04-21 18:22:44,355 - Epoch 18, Batch 800, lr = 0.00006, alpha_2 = 0.200, aux_scale = 1.000,  final_loss = 4.3994, nll_loss = 4.2813, ref_nll_loss = 4.5174, ivc_loss = 0.0345, neg_loss_1 = 0.0003, neg_loss_2 = 0.0027, ref_loss = 0.0107, div_loss = 0.0350, aux_loss = 0.0200, aux_loss_eff = 0.0200, 0.661 seconds/batch
2026-04-21 18:23:17,372 - Epoch 18, Batch 850, lr = 0.00006, alpha_2 = 0.200, aux_scale = 1.000,  final_loss = 4.3600, nll_loss = 4.2422, ref_nll_loss = 4.4777, ivc_loss = 0.0337, neg_loss_1 = 0.0008, neg_loss_2 = 0.0028, ref_loss = 0.0096, div_loss = 0.0360, aux_loss = 0.0200, aux_loss_eff = 0.0200, 0.661 seconds/batch
2026-04-21 18:23:50,359 - Epoch 18, Batch 900, lr = 0.00006, alpha_2 = 0.200, aux_scale = 1.000,  final_loss = 4.3800, nll_loss = 4.2671, ref_nll_loss = 4.4930, ivc_loss = 0.0379, neg_loss_1 = 0.0007, neg_loss_2 = 0.0030, ref_loss = 0.0115, div_loss = 0.0373, aux_loss = 0.0200, aux_loss_eff = 0.0200, 0.660 seconds/batch
2026-04-21 18:24:23,371 - Epoch 18, Batch 950, lr = 0.00006, alpha_2 = 0.200, aux_scale = 1.000,  final_loss = 4.4178, nll_loss = 4.2990, ref_nll_loss = 4.5365, ivc_loss = 0.0356, neg_loss_1 = 0.0007, neg_loss_2 = 0.0017, ref_loss = 0.0117, div_loss = 0.0368, aux_loss = 0.0200, aux_loss_eff = 0.0200, 0.660 seconds/batch
2026-04-21 18:24:56,317 - Epoch 18, Batch 1000, lr = 0.00006, alpha_2 = 0.200, aux_scale = 1.000,  final_loss = 4.3199, nll_loss = 4.2004, ref_nll_loss = 4.4393, ivc_loss = 0.0312, neg_loss_1 = 0.0003, neg_loss_2 = 0.0022, ref_loss = 0.0095, div_loss = 0.0371, aux_loss = 0.0200, aux_loss_eff = 0.0200, 0.660 seconds/batch
2026-04-21 18:25:29,243 - Epoch 18, Batch 1050, lr = 0.00006, alpha_2 = 0.200, aux_scale = 1.000,  final_loss = 4.4036, nll_loss = 4.2883, ref_nll_loss = 4.5188, ivc_loss = 0.0375, neg_loss_1 = 0.0004, neg_loss_2 = 0.0030, ref_loss = 0.0116, div_loss = 0.0375, aux_loss = 0.0200, aux_loss_eff = 0.0200, 0.660 seconds/batch
2026-04-21 18:26:01,925 - Epoch 18, Batch 1100, lr = 0.00006, alpha_2 = 0.200, aux_scale = 1.000,  final_loss = 4.3796, nll_loss = 4.2634, ref_nll_loss = 4.4957, ivc_loss = 0.0357, neg_loss_1 = 0.0002, neg_loss_2 = 0.0028, ref_loss = 0.0112, div_loss = 0.0364, aux_loss = 0.0200, aux_loss_eff = 0.0200, 0.660 seconds/batch
2026-04-21 18:26:28,087 - Epoch 18, Batch 1150, lr = 0.00006, alpha_2 = 0.200, aux_scale = 1.000,  final_loss = 4.3496, nll_loss = 4.2322, ref_nll_loss = 4.4670, ivc_loss = 0.0365, neg_loss_1 = 0.0010, neg_loss_2 = 0.0034, ref_loss = 0.0103, div_loss = 0.0355, aux_loss = 0.0201, aux_loss_eff = 0.0201, 0.654 seconds/batch
2026-04-21 18:26:37,042 - Epoch 18, Batch 1170, lr = 0.00006, alpha_2 = 0.200, aux_scale = 1.000,  final_loss = 4.3999, nll_loss = 4.2897, ref_nll_loss = 4.5101, ivc_loss = 0.0386, neg_loss_1 = 0.0013, neg_loss_2 = 0.0016, ref_loss = 0.0130, div_loss = 0.0349, aux_loss = 0.0201, aux_loss_eff = 0.0201, 0.651 seconds/batch
2026-04-21 18:26:37,118 - save model to checkpoints/activitynet_moe_v2_shared_gate/moe_v2_shared_gate/model-18.pt, num_updates 21060.
2026-04-21 18:28:54,896 - | R@1,mIoU 0.3401 | R@1,IoU@0.1 0.7938 | R@1,IoU@0.3 0.4728 | R@1,IoU@0.5 0.2494 | R@1,IoU@0.7 0.1327 | R@1,IoU@0.9 0.0472 | R@5,mIoU 0.5314 | R@5,IoU@0.1 0.9178 | R@5,IoU@0.3 0.7570 | R@5,IoU@0.5 0.5644 | R@5,IoU@0.7 0.3197 | R@5,IoU@0.9 0.0952 |
2026-04-21 18:28:54,896 - ============================================================
2026-04-21 18:28:54,897 - Start Epoch 19
2026-04-21 18:29:28,174 - Epoch 19, Batch 50, lr = 0.00006, alpha_2 = 0.200, aux_scale = 1.000,  final_loss = 4.3326, nll_loss = 4.2147, ref_nll_loss = 4.4505, ivc_loss = 0.0346, neg_loss_1 = 0.0002, neg_loss_2 = 0.0026, ref_loss = 0.0110, div_loss = 0.0350, aux_loss = 0.0201, aux_loss_eff = 0.0201, 0.666 seconds/batch
2026-04-21 18:30:01,245 - Epoch 19, Batch 100, lr = 0.00005, alpha_2 = 0.200, aux_scale = 1.000,  final_loss = 4.3832, nll_loss = 4.2649, ref_nll_loss = 4.5015, ivc_loss = 0.0353, neg_loss_1 = 0.0003, neg_loss_2 = 0.0024, ref_loss = 0.0114, div_loss = 0.0351, aux_loss = 0.0200, aux_loss_eff = 0.0200, 0.663 seconds/batch
2026-04-21 18:30:34,259 - Epoch 19, Batch 150, lr = 0.00005, alpha_2 = 0.200, aux_scale = 1.000,  final_loss = 4.3450, nll_loss = 4.2280, ref_nll_loss = 4.4620, ivc_loss = 0.0364, neg_loss_1 = 0.0007, neg_loss_2 = 0.0029, ref_loss = 0.0110, div_loss = 0.0365, aux_loss = 0.0201, aux_loss_eff = 0.0201, 0.662 seconds/batch
2026-04-21 18:31:07,235 - Epoch 19, Batch 200, lr = 0.00005, alpha_2 = 0.200, aux_scale = 1.000,  final_loss = 4.3483, nll_loss = 4.2343, ref_nll_loss = 4.4623, ivc_loss = 0.0375, neg_loss_1 = 0.0004, neg_loss_2 = 0.0024, ref_loss = 0.0122, div_loss = 0.0367, aux_loss = 0.0200, aux_loss_eff = 0.0200, 0.662 seconds/batch
2026-04-21 18:31:40,241 - Epoch 19, Batch 250, lr = 0.00005, alpha_2 = 0.200, aux_scale = 1.000,  final_loss = 4.3541, nll_loss = 4.2380, ref_nll_loss = 4.4702, ivc_loss = 0.0368, neg_loss_1 = 0.0007, neg_loss_2 = 0.0027, ref_loss = 0.0114, div_loss = 0.0363, aux_loss = 0.0200, aux_loss_eff = 0.0200, 0.661 seconds/batch
2026-04-21 18:32:13,228 - Epoch 19, Batch 300, lr = 0.00005, alpha_2 = 0.200, aux_scale = 1.000,  final_loss = 4.3514, nll_loss = 4.2338, ref_nll_loss = 4.4689, ivc_loss = 0.0322, neg_loss_1 = 0.0009, neg_loss_2 = 0.0018, ref_loss = 0.0095, div_loss = 0.0385, aux_loss = 0.0201, aux_loss_eff = 0.0201, 0.661 seconds/batch
2026-04-21 18:32:46,214 - Epoch 19, Batch 350, lr = 0.00005, alpha_2 = 0.200, aux_scale = 1.000,  final_loss = 4.3564, nll_loss = 4.2420, ref_nll_loss = 4.4709, ivc_loss = 0.0386, neg_loss_1 = 0.0005, neg_loss_2 = 0.0031, ref_loss = 0.0120, div_loss = 0.0370, aux_loss = 0.0200, aux_loss_eff = 0.0200, 0.661 seconds/batch
2026-04-21 18:33:19,225 - Epoch 19, Batch 400, lr = 0.00005, alpha_2 = 0.200, aux_scale = 1.000,  final_loss = 4.3446, nll_loss = 4.2253, ref_nll_loss = 4.4638, ivc_loss = 0.0332, neg_loss_1 = 0.0002, neg_loss_2 = 0.0033, ref_loss = 0.0096, div_loss = 0.0356, aux_loss = 0.0201, aux_loss_eff = 0.0201, 0.661 seconds/batch
2026-04-21 18:33:52,216 - Epoch 19, Batch 450, lr = 0.00005, alpha_2 = 0.200, aux_scale = 1.000,  final_loss = 4.3276, nll_loss = 4.2098, ref_nll_loss = 4.4455, ivc_loss = 0.0370, neg_loss_1 = 0.0004, neg_loss_2 = 0.0029, ref_loss = 0.0117, div_loss = 0.0351, aux_loss = 0.0201, aux_loss_eff = 0.0201, 0.661 seconds/batch
2026-04-21 18:34:25,210 - Epoch 19, Batch 500, lr = 0.00005, alpha_2 = 0.200, aux_scale = 1.000,  final_loss = 4.3422, nll_loss = 4.2251, ref_nll_loss = 4.4593, ivc_loss = 0.0343, neg_loss_1 = 0.0005, neg_loss_2 = 0.0025, ref_loss = 0.0105, div_loss = 0.0358, aux_loss = 0.0201, aux_loss_eff = 0.0201, 0.661 seconds/batch
2026-04-21 18:34:58,218 - Epoch 19, Batch 550, lr = 0.00005, alpha_2 = 0.200, aux_scale = 1.000,  final_loss = 4.3843, nll_loss = 4.2672, ref_nll_loss = 4.5015, ivc_loss = 0.0315, neg_loss_1 = 0.0005, neg_loss_2 = 0.0025, ref_loss = 0.0091, div_loss = 0.0363, aux_loss = 0.0200, aux_loss_eff = 0.0200, 0.661 seconds/batch
2026-04-21 18:35:31,221 - Epoch 19, Batch 600, lr = 0.00005, alpha_2 = 0.200, aux_scale = 1.000,  final_loss = 4.3607, nll_loss = 4.2425, ref_nll_loss = 4.4788, ivc_loss = 0.0351, neg_loss_1 = 0.0002, neg_loss_2 = 0.0029, ref_loss = 0.0109, div_loss = 0.0367, aux_loss = 0.0200, aux_loss_eff = 0.0200, 0.661 seconds/batch
2026-04-21 18:36:04,205 - Epoch 19, Batch 650, lr = 0.00005, alpha_2 = 0.200, aux_scale = 1.000,  final_loss = 4.3401, nll_loss = 4.2200, ref_nll_loss = 4.4602, ivc_loss = 0.0370, neg_loss_1 = 0.0004, neg_loss_2 = 0.0031, ref_loss = 0.0113, div_loss = 0.0368, aux_loss = 0.0200, aux_loss_eff = 0.0200, 0.660 seconds/batch
2026-04-21 18:36:37,165 - Epoch 19, Batch 700, lr = 0.00005, alpha_2 = 0.200, aux_scale = 1.000,  final_loss = 4.3594, nll_loss = 4.2386, ref_nll_loss = 4.4803, ivc_loss = 0.0328, neg_loss_1 = 0.0004, neg_loss_2 = 0.0029, ref_loss = 0.0095, div_loss = 0.0370, aux_loss = 0.0200, aux_loss_eff = 0.0200, 0.660 seconds/batch
2026-04-21 18:37:10,152 - Epoch 19, Batch 750, lr = 0.00005, alpha_2 = 0.200, aux_scale = 1.000,  final_loss = 4.3731, nll_loss = 4.2537, ref_nll_loss = 4.4924, ivc_loss = 0.0339, neg_loss_1 = 0.0002, neg_loss_2 = 0.0027, ref_loss = 0.0103, div_loss = 0.0365, aux_loss = 0.0200, aux_loss_eff = 0.0200, 0.660 seconds/batch
2026-04-21 18:37:43,120 - Epoch 19, Batch 800, lr = 0.00005, alpha_2 = 0.200, aux_scale = 1.000,  final_loss = 4.3514, nll_loss = 4.2341, ref_nll_loss = 4.4687, ivc_loss = 0.0324, neg_loss_1 = 0.0007, neg_loss_2 = 0.0024, ref_loss = 0.0095, div_loss = 0.0355, aux_loss = 0.0200, aux_loss_eff = 0.0200, 0.660 seconds/batch
2026-04-21 18:38:16,058 - Epoch 19, Batch 850, lr = 0.00005, alpha_2 = 0.200, aux_scale = 1.000,  final_loss = 4.3639, nll_loss = 4.2449, ref_nll_loss = 4.4830, ivc_loss = 0.0367, neg_loss_1 = 0.0007, neg_loss_2 = 0.0036, ref_loss = 0.0107, div_loss = 0.0347, aux_loss = 0.0201, aux_loss_eff = 0.0201, 0.660 seconds/batch
2026-04-21 18:38:49,067 - Epoch 19, Batch 900, lr = 0.00005, alpha_2 = 0.200, aux_scale = 1.000,  final_loss = 4.3448, nll_loss = 4.2249, ref_nll_loss = 4.4646, ivc_loss = 0.0334, neg_loss_1 = 0.0003, neg_loss_2 = 0.0025, ref_loss = 0.0104, div_loss = 0.0352, aux_loss = 0.0200, aux_loss_eff = 0.0200, 0.660 seconds/batch
2026-04-21 18:39:22,062 - Epoch 19, Batch 950, lr = 0.00005, alpha_2 = 0.200, aux_scale = 1.000,  final_loss = 4.3805, nll_loss = 4.2614, ref_nll_loss = 4.4995, ivc_loss = 0.0331, neg_loss_1 = 0.0003, neg_loss_2 = 0.0024, ref_loss = 0.0104, div_loss = 0.0354, aux_loss = 0.0201, aux_loss_eff = 0.0201, 0.660 seconds/batch
2026-04-21 18:39:55,041 - Epoch 19, Batch 1000, lr = 0.00005, alpha_2 = 0.200, aux_scale = 1.000,  final_loss = 4.3724, nll_loss = 4.2529, ref_nll_loss = 4.4919, ivc_loss = 0.0376, neg_loss_1 = 0.0009, neg_loss_2 = 0.0026, ref_loss = 0.0118, div_loss = 0.0355, aux_loss = 0.0200, aux_loss_eff = 0.0200, 0.660 seconds/batch
2026-04-21 18:40:28,027 - Epoch 19, Batch 1050, lr = 0.00005, alpha_2 = 0.200, aux_scale = 1.000,  final_loss = 4.3857, nll_loss = 4.2713, ref_nll_loss = 4.5000, ivc_loss = 0.0424, neg_loss_1 = 0.0002, neg_loss_2 = 0.0038, ref_loss = 0.0135, div_loss = 0.0371, aux_loss = 0.0201, aux_loss_eff = 0.0201, 0.660 seconds/batch
2026-04-21 18:41:00,698 - Epoch 19, Batch 1100, lr = 0.00005, alpha_2 = 0.200, aux_scale = 1.000,  final_loss = 4.3470, nll_loss = 4.2262, ref_nll_loss = 4.4679, ivc_loss = 0.0341, neg_loss_1 = 0.0003, neg_loss_2 = 0.0021, ref_loss = 0.0110, div_loss = 0.0368, aux_loss = 0.0202, aux_loss_eff = 0.0202, 0.660 seconds/batch
2026-04-21 18:41:26,928 - Epoch 19, Batch 1150, lr = 0.00005, alpha_2 = 0.200, aux_scale = 1.000,  final_loss = 4.3600, nll_loss = 4.2463, ref_nll_loss = 4.4736, ivc_loss = 0.0383, neg_loss_1 = 0.0001, neg_loss_2 = 0.0026, ref_loss = 0.0128, div_loss = 0.0362, aux_loss = 0.0201, aux_loss_eff = 0.0201, 0.654 seconds/batch
2026-04-21 18:41:36,027 - Epoch 19, Batch 1170, lr = 0.00005, alpha_2 = 0.200, aux_scale = 1.000,  final_loss = 4.3191, nll_loss = 4.2004, ref_nll_loss = 4.4378, ivc_loss = 0.0359, neg_loss_1 = 0.0000, neg_loss_2 = 0.0034, ref_loss = 0.0109, div_loss = 0.0359, aux_loss = 0.0201, aux_loss_eff = 0.0201, 0.651 seconds/batch
2026-04-21 18:41:36,103 - save model to checkpoints/activitynet_moe_v2_shared_gate/moe_v2_shared_gate/model-19.pt, num_updates 22230.
2026-04-21 18:43:53,624 - | R@1,mIoU 0.3389 | R@1,IoU@0.1 0.7982 | R@1,IoU@0.3 0.4684 | R@1,IoU@0.5 0.2490 | R@1,IoU@0.7 0.1316 | R@1,IoU@0.9 0.0391 | R@5,mIoU 0.5312 | R@5,IoU@0.1 0.9170 | R@5,IoU@0.3 0.7589 | R@5,IoU@0.5 0.5715 | R@5,IoU@0.7 0.3199 | R@5,IoU@0.9 0.0888 |
2026-04-21 18:43:53,624 - ============================================================
2026-04-21 18:43:53,624 - Start Epoch 20
2026-04-21 18:44:26,870 - Epoch 20, Batch 50, lr = 0.00005, alpha_2 = 0.200, aux_scale = 1.000,  final_loss = 4.3353, nll_loss = 4.2164, ref_nll_loss = 4.4542, ivc_loss = 0.0324, neg_loss_1 = 0.0004, neg_loss_2 = 0.0026, ref_loss = 0.0097, div_loss = 0.0361, aux_loss = 0.0200, aux_loss_eff = 0.0200, 0.665 seconds/batch
2026-04-21 18:44:59,840 - Epoch 20, Batch 100, lr = 0.00005, alpha_2 = 0.200, aux_scale = 1.000,  final_loss = 4.3219, nll_loss = 4.2031, ref_nll_loss = 4.4408, ivc_loss = 0.0357, neg_loss_1 = 0.0002, neg_loss_2 = 0.0021, ref_loss = 0.0118, div_loss = 0.0366, aux_loss = 0.0201, aux_loss_eff = 0.0201, 0.662 seconds/batch
2026-04-21 18:45:32,865 - Epoch 20, Batch 150, lr = 0.00005, alpha_2 = 0.200, aux_scale = 1.000,  final_loss = 4.3226, nll_loss = 4.2009, ref_nll_loss = 4.4443, ivc_loss = 0.0325, neg_loss_1 = 0.0004, neg_loss_2 = 0.0028, ref_loss = 0.0094, div_loss = 0.0364, aux_loss = 0.0200, aux_loss_eff = 0.0200, 0.662 seconds/batch
2026-04-21 18:46:05,855 - Epoch 20, Batch 200, lr = 0.00005, alpha_2 = 0.200, aux_scale = 1.000,  final_loss = 4.2963, nll_loss = 4.1745, ref_nll_loss = 4.4181, ivc_loss = 0.0325, neg_loss_1 = 0.0009, neg_loss_2 = 0.0020, ref_loss = 0.0098, div_loss = 0.0362, aux_loss = 0.0200, aux_loss_eff = 0.0200, 0.661 seconds/batch
2026-04-21 18:46:38,842 - Epoch 20, Batch 250, lr = 0.00005, alpha_2 = 0.200, aux_scale = 1.000,  final_loss = 4.3628, nll_loss = 4.2422, ref_nll_loss = 4.4833, ivc_loss = 0.0344, neg_loss_1 = 0.0006, neg_loss_2 = 0.0024, ref_loss = 0.0104, div_loss = 0.0373, aux_loss = 0.0200, aux_loss_eff = 0.0200, 0.661 seconds/batch
2026-04-21 18:47:11,821 - Epoch 20, Batch 300, lr = 0.00005, alpha_2 = 0.200, aux_scale = 1.000,  final_loss = 4.3244, nll_loss = 4.2057, ref_nll_loss = 4.4430, ivc_loss = 0.0365, neg_loss_1 = 0.0009, neg_loss_2 = 0.0028, ref_loss = 0.0109, div_loss = 0.0373, aux_loss = 0.0200, aux_loss_eff = 0.0200, 0.661 seconds/batch
2026-04-21 18:47:44,795 - Epoch 20, Batch 350, lr = 0.00005, alpha_2 = 0.200, aux_scale = 1.000,  final_loss = 4.3495, nll_loss = 4.2278, ref_nll_loss = 4.4712, ivc_loss = 0.0318, neg_loss_1 = 0.0005, neg_loss_2 = 0.0028, ref_loss = 0.0089, div_loss = 0.0368, aux_loss = 0.0201, aux_loss_eff = 0.0201, 0.660 seconds/batch
2026-04-21 18:48:17,831 - Epoch 20, Batch 400, lr = 0.00005, alpha_2 = 0.200, aux_scale = 1.000,  final_loss = 4.3050, nll_loss = 4.1860, ref_nll_loss = 4.4239, ivc_loss = 0.0339, neg_loss_1 = 0.0002, neg_loss_2 = 0.0021, ref_loss = 0.0109, div_loss = 0.0367, aux_loss = 0.0200, aux_loss_eff = 0.0200, 0.661 seconds/batch
2026-04-21 18:48:50,845 - Epoch 20, Batch 450, lr = 0.00005, alpha_2 = 0.200, aux_scale = 1.000,  final_loss = 4.3455, nll_loss = 4.2265, ref_nll_loss = 4.4644, ivc_loss = 0.0326, neg_loss_1 = 0.0007, neg_loss_2 = 0.0025, ref_loss = 0.0095, div_loss = 0.0361, aux_loss = 0.0200, aux_loss_eff = 0.0200, 0.660 seconds/batch
2026-04-21 18:49:23,835 - Epoch 20, Batch 500, lr = 0.00005, alpha_2 = 0.200, aux_scale = 1.000,  final_loss = 4.3267, nll_loss = 4.2110, ref_nll_loss = 4.4425, ivc_loss = 0.0369, neg_loss_1 = 0.0008, neg_loss_2 = 0.0019, ref_loss = 0.0121, div_loss = 0.0366, aux_loss = 0.0200, aux_loss_eff = 0.0200, 0.660 seconds/batch
2026-04-21 18:49:56,828 - Epoch 20, Batch 550, lr = 0.00005, alpha_2 = 0.200, aux_scale = 1.000,  final_loss = 4.3562, nll_loss = 4.2384, ref_nll_loss = 4.4741, ivc_loss = 0.0324, neg_loss_1 = 0.0001, neg_loss_2 = 0.0022, ref_loss = 0.0101, div_loss = 0.0374, aux_loss = 0.0201, aux_loss_eff = 0.0201, 0.660 seconds/batch
2026-04-21 18:50:29,810 - Epoch 20, Batch 600, lr = 0.00005, alpha_2 = 0.200, aux_scale = 1.000,  final_loss = 4.3342, nll_loss = 4.2128, ref_nll_loss = 4.4556, ivc_loss = 0.0360, neg_loss_1 = 0.0003, neg_loss_2 = 0.0034, ref_loss = 0.0105, div_loss = 0.0379, aux_loss = 0.0200, aux_loss_eff = 0.0200, 0.660 seconds/batch
2026-04-21 18:51:02,808 - Epoch 20, Batch 650, lr = 0.00005, alpha_2 = 0.200, aux_scale = 1.000,  final_loss = 4.3294, nll_loss = 4.2092, ref_nll_loss = 4.4496, ivc_loss = 0.0354, neg_loss_1 = 0.0006, neg_loss_2 = 0.0031, ref_loss = 0.0103, div_loss = 0.0374, aux_loss = 0.0200, aux_loss_eff = 0.0200, 0.660 seconds/batch
2026-04-21 18:51:35,802 - Epoch 20, Batch 700, lr = 0.00005, alpha_2 = 0.200, aux_scale = 1.000,  final_loss = 4.3482, nll_loss = 4.2277, ref_nll_loss = 4.4686, ivc_loss = 0.0353, neg_loss_1 = 0.0004, neg_loss_2 = 0.0028, ref_loss = 0.0107, div_loss = 0.0372, aux_loss = 0.0200, aux_loss_eff = 0.0200, 0.660 seconds/batch
2026-04-21 18:52:08,801 - Epoch 20, Batch 750, lr = 0.00005, alpha_2 = 0.200, aux_scale = 1.000,  final_loss = 4.3478, nll_loss = 4.2316, ref_nll_loss = 4.4639, ivc_loss = 0.0370, neg_loss_1 = 0.0006, neg_loss_2 = 0.0028, ref_loss = 0.0114, div_loss = 0.0374, aux_loss = 0.0200, aux_loss_eff = 0.0200, 0.660 seconds/batch
2026-04-21 18:52:41,824 - Epoch 20, Batch 800, lr = 0.00005, alpha_2 = 0.200, aux_scale = 1.000,  final_loss = 4.3344, nll_loss = 4.2182, ref_nll_loss = 4.4505, ivc_loss = 0.0349, neg_loss_1 = 0.0004, neg_loss_2 = 0.0020, ref_loss = 0.0113, div_loss = 0.0371, aux_loss = 0.0200, aux_loss_eff = 0.0200, 0.660 seconds/batch
2026-04-21 18:53:14,823 - Epoch 20, Batch 850, lr = 0.00005, alpha_2 = 0.200, aux_scale = 1.000,  final_loss = 4.3299, nll_loss = 4.2146, ref_nll_loss = 4.4451, ivc_loss = 0.0426, neg_loss_1 = 0.0004, neg_loss_2 = 0.0035, ref_loss = 0.0137, div_loss = 0.0374, aux_loss = 0.0200, aux_loss_eff = 0.0200, 0.660 seconds/batch
2026-04-21 18:53:47,894 - Epoch 20, Batch 900, lr = 0.00005, alpha_2 = 0.200, aux_scale = 1.000,  final_loss = 4.3339, nll_loss = 4.2139, ref_nll_loss = 4.4539, ivc_loss = 0.0320, neg_loss_1 = 0.0004, neg_loss_2 = 0.0018, ref_loss = 0.0099, div_loss = 0.0379, aux_loss = 0.0200, aux_loss_eff = 0.0200, 0.660 seconds/batch
2026-04-21 18:54:21,079 - Epoch 20, Batch 950, lr = 0.00005, alpha_2 = 0.200, aux_scale = 1.000,  final_loss = 4.3395, nll_loss = 4.2200, ref_nll_loss = 4.4590, ivc_loss = 0.0334, neg_loss_1 = 0.0004, neg_loss_2 = 0.0022, ref_loss = 0.0103, div_loss = 0.0373, aux_loss = 0.0200, aux_loss_eff = 0.0200, 0.660 seconds/batch
2026-04-21 18:54:54,028 - Epoch 20, Batch 1000, lr = 0.00005, alpha_2 = 0.200, aux_scale = 1.000,  final_loss = 4.3497, nll_loss = 4.2307, ref_nll_loss = 4.4687, ivc_loss = 0.0351, neg_loss_1 = 0.0007, neg_loss_2 = 0.0028, ref_loss = 0.0104, div_loss = 0.0363, aux_loss = 0.0201, aux_loss_eff = 0.0201, 0.660 seconds/batch
2026-04-21 18:55:27,028 - Epoch 20, Batch 1050, lr = 0.00005, alpha_2 = 0.200, aux_scale = 1.000,  final_loss = 4.3559, nll_loss = 4.2368, ref_nll_loss = 4.4749, ivc_loss = 0.0343, neg_loss_1 = 0.0007, neg_loss_2 = 0.0026, ref_loss = 0.0102, div_loss = 0.0363, aux_loss = 0.0201, aux_loss_eff = 0.0201, 0.660 seconds/batch
2026-04-21 18:55:59,497 - Epoch 20, Batch 1100, lr = 0.00005, alpha_2 = 0.200, aux_scale = 1.000,  final_loss = 4.3306, nll_loss = 4.2085, ref_nll_loss = 4.4527, ivc_loss = 0.0323, neg_loss_1 = 0.0008, neg_loss_2 = 0.0019, ref_loss = 0.0098, div_loss = 0.0361, aux_loss = 0.0200, aux_loss_eff = 0.0200, 0.660 seconds/batch
2026-04-21 18:56:25,656 - Epoch 20, Batch 1150, lr = 0.00005, alpha_2 = 0.200, aux_scale = 1.000,  final_loss = 4.3409, nll_loss = 4.2217, ref_nll_loss = 4.4601, ivc_loss = 0.0324, neg_loss_1 = 0.0003, neg_loss_2 = 0.0023, ref_loss = 0.0100, div_loss = 0.0360, aux_loss = 0.0200, aux_loss_eff = 0.0200, 0.654 seconds/batch
2026-04-21 18:56:34,920 - Epoch 20, Batch 1170, lr = 0.00005, alpha_2 = 0.200, aux_scale = 1.000,  final_loss = 4.3366, nll_loss = 4.2179, ref_nll_loss = 4.4554, ivc_loss = 0.0339, neg_loss_1 = 0.0001, neg_loss_2 = 0.0034, ref_loss = 0.0099, div_loss = 0.0353, aux_loss = 0.0201, aux_loss_eff = 0.0201, 0.651 seconds/batch
2026-04-21 18:56:34,996 - save model to checkpoints/activitynet_moe_v2_shared_gate/moe_v2_shared_gate/model-20.pt, num_updates 23400.
2026-04-21 18:58:53,124 - | R@1,mIoU 0.3400 | R@1,IoU@0.1 0.7980 | R@1,IoU@0.3 0.4724 | R@1,IoU@0.5 0.2471 | R@1,IoU@0.7 0.1314 | R@1,IoU@0.9 0.0433 | R@5,mIoU 0.5263 | R@5,IoU@0.1 0.9153 | R@5,IoU@0.3 0.7576 | R@5,IoU@0.5 0.5592 | R@5,IoU@0.7 0.3086 | R@5,IoU@0.9 0.0879 |
2026-04-21 18:58:53,124 - ============================================================
2026-04-21 18:58:53,124 - Start Epoch 21
2026-04-21 18:59:25,913 - Epoch 21, Batch 50, lr = 0.00005, alpha_2 = 0.200, aux_scale = 1.000,  final_loss = 4.3362, nll_loss = 4.2189, ref_nll_loss = 4.4534, ivc_loss = 0.0339, neg_loss_1 = 0.0003, neg_loss_2 = 0.0023, ref_loss = 0.0107, div_loss = 0.0361, aux_loss = 0.0200, aux_loss_eff = 0.0200, 0.656 seconds/batch
2026-04-21 18:59:58,850 - Epoch 21, Batch 100, lr = 0.00005, alpha_2 = 0.200, aux_scale = 1.000,  final_loss = 4.3232, nll_loss = 4.2056, ref_nll_loss = 4.4407, ivc_loss = 0.0346, neg_loss_1 = 0.0005, neg_loss_2 = 0.0022, ref_loss = 0.0109, div_loss = 0.0361, aux_loss = 0.0200, aux_loss_eff = 0.0200, 0.657 seconds/batch
2026-04-21 19:00:31,831 - Epoch 21, Batch 150, lr = 0.00005, alpha_2 = 0.200, aux_scale = 1.000,  final_loss = 4.3240, nll_loss = 4.2053, ref_nll_loss = 4.4426, ivc_loss = 0.0335, neg_loss_1 = 0.0005, neg_loss_2 = 0.0025, ref_loss = 0.0100, div_loss = 0.0368, aux_loss = 0.0200, aux_loss_eff = 0.0200, 0.658 seconds/batch
2026-04-21 19:01:04,807 - Epoch 21, Batch 200, lr = 0.00005, alpha_2 = 0.200, aux_scale = 1.000,  final_loss = 4.3242, nll_loss = 4.2038, ref_nll_loss = 4.4445, ivc_loss = 0.0345, neg_loss_1 = 0.0002, neg_loss_2 = 0.0025, ref_loss = 0.0109, div_loss = 0.0370, aux_loss = 0.0200, aux_loss_eff = 0.0200, 0.658 seconds/batch
2026-04-21 19:01:37,808 - Epoch 21, Batch 250, lr = 0.00005, alpha_2 = 0.200, aux_scale = 1.000,  final_loss = 4.3010, nll_loss = 4.1782, ref_nll_loss = 4.4239, ivc_loss = 0.0333, neg_loss_1 = 0.0003, neg_loss_2 = 0.0025, ref_loss = 0.0102, div_loss = 0.0369, aux_loss = 0.0200, aux_loss_eff = 0.0200, 0.659 seconds/batch
2026-04-21 19:02:10,774 - Epoch 21, Batch 300, lr = 0.00005, alpha_2 = 0.200, aux_scale = 1.000,  final_loss = 4.3067, nll_loss = 4.1902, ref_nll_loss = 4.4232, ivc_loss = 0.0337, neg_loss_1 = 0.0003, neg_loss_2 = 0.0023, ref_loss = 0.0105, div_loss = 0.0367, aux_loss = 0.0200, aux_loss_eff = 0.0200, 0.659 seconds/batch
2026-04-21 19:02:43,775 - Epoch 21, Batch 350, lr = 0.00005, alpha_2 = 0.200, aux_scale = 1.000,  final_loss = 4.3069, nll_loss = 4.1886, ref_nll_loss = 4.4252, ivc_loss = 0.0330, neg_loss_1 = 0.0007, neg_loss_2 = 0.0024, ref_loss = 0.0098, div_loss = 0.0366, aux_loss = 0.0200, aux_loss_eff = 0.0200, 0.659 seconds/batch
2026-04-21 19:03:16,744 - Epoch 21, Batch 400, lr = 0.00005, alpha_2 = 0.200, aux_scale = 1.000,  final_loss = 4.3172, nll_loss = 4.1974, ref_nll_loss = 4.4370, ivc_loss = 0.0318, neg_loss_1 = 0.0003, neg_loss_2 = 0.0017, ref_loss = 0.0103, div_loss = 0.0364, aux_loss = 0.0200, aux_loss_eff = 0.0200, 0.659 seconds/batch
2026-04-21 19:03:49,732 - Epoch 21, Batch 450, lr = 0.00005, alpha_2 = 0.200, aux_scale = 1.000,  final_loss = 4.3233, nll_loss = 4.2006, ref_nll_loss = 4.4461, ivc_loss = 0.0358, neg_loss_1 = 0.0003, neg_loss_2 = 0.0027, ref_loss = 0.0112, div_loss = 0.0364, aux_loss = 0.0201, aux_loss_eff = 0.0201, 0.659 seconds/batch
2026-04-21 19:04:22,700 - Epoch 21, Batch 500, lr = 0.00005, alpha_2 = 0.200, aux_scale = 1.000,  final_loss = 4.3031, nll_loss = 4.1827, ref_nll_loss = 4.4234, ivc_loss = 0.0333, neg_loss_1 = 0.0004, neg_loss_2 = 0.0015, ref_loss = 0.0110, div_loss = 0.0369, aux_loss = 0.0200, aux_loss_eff = 0.0200, 0.659 seconds/batch
2026-04-21 19:04:55,655 - Epoch 21, Batch 550, lr = 0.00005, alpha_2 = 0.200, aux_scale = 1.000,  final_loss = 4.3251, nll_loss = 4.2058, ref_nll_loss = 4.4443, ivc_loss = 0.0349, neg_loss_1 = 0.0003, neg_loss_2 = 0.0027, ref_loss = 0.0107, div_loss = 0.0374, aux_loss = 0.0201, aux_loss_eff = 0.0201, 0.659 seconds/batch
2026-04-21 19:05:28,627 - Epoch 21, Batch 600, lr = 0.00005, alpha_2 = 0.200, aux_scale = 1.000,  final_loss = 4.3379, nll_loss = 4.2183, ref_nll_loss = 4.4574, ivc_loss = 0.0329, neg_loss_1 = 0.0005, neg_loss_2 = 0.0020, ref_loss = 0.0101, div_loss = 0.0388, aux_loss = 0.0201, aux_loss_eff = 0.0201, 0.659 seconds/batch
2026-04-21 19:06:01,559 - Epoch 21, Batch 650, lr = 0.00005, alpha_2 = 0.200, aux_scale = 1.000,  final_loss = 4.2936, nll_loss = 4.1727, ref_nll_loss = 4.4146, ivc_loss = 0.0310, neg_loss_1 = 0.0008, neg_loss_2 = 0.0015, ref_loss = 0.0095, div_loss = 0.0373, aux_loss = 0.0200, aux_loss_eff = 0.0200, 0.659 seconds/batch
2026-04-21 19:06:34,554 - Epoch 21, Batch 700, lr = 0.00005, alpha_2 = 0.200, aux_scale = 1.000,  final_loss = 4.3391, nll_loss = 4.2190, ref_nll_loss = 4.4593, ivc_loss = 0.0330, neg_loss_1 = 0.0005, neg_loss_2 = 0.0020, ref_loss = 0.0102, div_loss = 0.0375, aux_loss = 0.0200, aux_loss_eff = 0.0200, 0.659 seconds/batch
2026-04-21 19:07:07,548 - Epoch 21, Batch 750, lr = 0.00005, alpha_2 = 0.200, aux_scale = 1.000,  final_loss = 4.3173, nll_loss = 4.1977, ref_nll_loss = 4.4368, ivc_loss = 0.0342, neg_loss_1 = 0.0002, neg_loss_2 = 0.0020, ref_loss = 0.0112, div_loss = 0.0364, aux_loss = 0.0200, aux_loss_eff = 0.0200, 0.659 seconds/batch
2026-04-21 19:07:40,532 - Epoch 21, Batch 800, lr = 0.00005, alpha_2 = 0.200, aux_scale = 1.000,  final_loss = 4.2868, nll_loss = 4.1622, ref_nll_loss = 4.4114, ivc_loss = 0.0307, neg_loss_1 = 0.0002, neg_loss_2 = 0.0024, ref_loss = 0.0091, div_loss = 0.0372, aux_loss = 0.0201, aux_loss_eff = 0.0201, 0.659 seconds/batch
2026-04-21 19:08:13,531 - Epoch 21, Batch 850, lr = 0.00005, alpha_2 = 0.200, aux_scale = 1.000,  final_loss = 4.3018, nll_loss = 4.1806, ref_nll_loss = 4.4231, ivc_loss = 0.0306, neg_loss_1 = 0.0004, neg_loss_2 = 0.0018, ref_loss = 0.0093, div_loss = 0.0372, aux_loss = 0.0200, aux_loss_eff = 0.0200, 0.659 seconds/batch
2026-04-21 19:08:46,525 - Epoch 21, Batch 900, lr = 0.00005, alpha_2 = 0.200, aux_scale = 1.000,  final_loss = 4.3369, nll_loss = 4.2181, ref_nll_loss = 4.4557, ivc_loss = 0.0336, neg_loss_1 = 0.0005, neg_loss_2 = 0.0017, ref_loss = 0.0108, div_loss = 0.0384, aux_loss = 0.0201, aux_loss_eff = 0.0201, 0.659 seconds/batch
2026-04-21 19:09:19,519 - Epoch 21, Batch 950, lr = 0.00005, alpha_2 = 0.200, aux_scale = 1.000,  final_loss = 4.3035, nll_loss = 4.1795, ref_nll_loss = 4.4274, ivc_loss = 0.0295, neg_loss_1 = 0.0002, neg_loss_2 = 0.0020, ref_loss = 0.0088, div_loss = 0.0370, aux_loss = 0.0201, aux_loss_eff = 0.0201, 0.659 seconds/batch
2026-04-21 19:09:52,480 - Epoch 21, Batch 1000, lr = 0.00005, alpha_2 = 0.200, aux_scale = 1.000,  final_loss = 4.3145, nll_loss = 4.1937, ref_nll_loss = 4.4353, ivc_loss = 0.0326, neg_loss_1 = 0.0013, neg_loss_2 = 0.0018, ref_loss = 0.0096, div_loss = 0.0365, aux_loss = 0.0200, aux_loss_eff = 0.0200, 0.659 seconds/batch
2026-04-21 19:10:25,448 - Epoch 21, Batch 1050, lr = 0.00005, alpha_2 = 0.200, aux_scale = 1.000,  final_loss = 4.3079, nll_loss = 4.1869, ref_nll_loss = 4.4288, ivc_loss = 0.0330, neg_loss_1 = 0.0002, neg_loss_2 = 0.0024, ref_loss = 0.0103, div_loss = 0.0367, aux_loss = 0.0200, aux_loss_eff = 0.0200, 0.659 seconds/batch
2026-04-21 19:10:57,923 - Epoch 21, Batch 1100, lr = 0.00005, alpha_2 = 0.200, aux_scale = 1.000,  final_loss = 4.3375, nll_loss = 4.2215, ref_nll_loss = 4.4535, ivc_loss = 0.0372, neg_loss_1 = 0.0006, neg_loss_2 = 0.0026, ref_loss = 0.0118, div_loss = 0.0359, aux_loss = 0.0200, aux_loss_eff = 0.0200, 0.659 seconds/batch
2026-04-21 19:11:24,143 - Epoch 21, Batch 1150, lr = 0.00005, alpha_2 = 0.200, aux_scale = 1.000,  final_loss = 4.3364, nll_loss = 4.2157, ref_nll_loss = 4.4570, ivc_loss = 0.0351, neg_loss_1 = 0.0010, neg_loss_2 = 0.0027, ref_loss = 0.0102, div_loss = 0.0361, aux_loss = 0.0200, aux_loss_eff = 0.0200, 0.653 seconds/batch
2026-04-21 19:11:33,414 - Epoch 21, Batch 1170, lr = 0.00005, alpha_2 = 0.200, aux_scale = 1.000,  final_loss = 4.3164, nll_loss = 4.1915, ref_nll_loss = 4.4414, ivc_loss = 0.0316, neg_loss_1 = 0.0004, neg_loss_2 = 0.0025, ref_loss = 0.0093, div_loss = 0.0356, aux_loss = 0.0200, aux_loss_eff = 0.0200, 0.650 seconds/batch
2026-04-21 19:11:33,489 - save model to checkpoints/activitynet_moe_v2_shared_gate/moe_v2_shared_gate/model-21.pt, num_updates 24570.
2026-04-21 19:13:51,651 - | R@1,mIoU 0.3399 | R@1,IoU@0.1 0.7969 | R@1,IoU@0.3 0.4707 | R@1,IoU@0.5 0.2480 | R@1,IoU@0.7 0.1323 | R@1,IoU@0.9 0.0450 | R@5,mIoU 0.5284 | R@5,IoU@0.1 0.9166 | R@5,IoU@0.3 0.7558 | R@5,IoU@0.5 0.5631 | R@5,IoU@0.7 0.3138 | R@5,IoU@0.9 0.0891 |
2026-04-21 19:13:51,652 - ============================================================
2026-04-21 19:13:51,652 - Start Epoch 22
2026-04-21 19:14:24,491 - Epoch 22, Batch 50, lr = 0.00005, alpha_2 = 0.200, aux_scale = 1.000,  final_loss = 4.3027, nll_loss = 4.1793, ref_nll_loss = 4.4261, ivc_loss = 0.0318, neg_loss_1 = 0.0003, neg_loss_2 = 0.0026, ref_loss = 0.0094, div_loss = 0.0360, aux_loss = 0.0200, aux_loss_eff = 0.0200, 0.657 seconds/batch
2026-04-21 19:14:57,464 - Epoch 22, Batch 100, lr = 0.00005, alpha_2 = 0.200, aux_scale = 1.000,  final_loss = 4.2856, nll_loss = 4.1673, ref_nll_loss = 4.4038, ivc_loss = 0.0322, neg_loss_1 = 0.0003, neg_loss_2 = 0.0022, ref_loss = 0.0099, div_loss = 0.0362, aux_loss = 0.0201, aux_loss_eff = 0.0201, 0.658 seconds/batch
2026-04-21 19:15:30,481 - Epoch 22, Batch 150, lr = 0.00005, alpha_2 = 0.200, aux_scale = 1.000,  final_loss = 4.2952, nll_loss = 4.1743, ref_nll_loss = 4.4160, ivc_loss = 0.0347, neg_loss_1 = 0.0006, neg_loss_2 = 0.0017, ref_loss = 0.0113, div_loss = 0.0367, aux_loss = 0.0200, aux_loss_eff = 0.0200, 0.659 seconds/batch
2026-04-21 19:16:03,367 - Epoch 22, Batch 200, lr = 0.00005, alpha_2 = 0.200, aux_scale = 1.000,  final_loss = 4.2958, nll_loss = 4.1770, ref_nll_loss = 4.4145, ivc_loss = 0.0340, neg_loss_1 = 0.0004, neg_loss_2 = 0.0021, ref_loss = 0.0108, div_loss = 0.0372, aux_loss = 0.0201, aux_loss_eff = 0.0201, 0.659 seconds/batch
2026-04-21 19:16:36,252 - Epoch 22, Batch 250, lr = 0.00005, alpha_2 = 0.200, aux_scale = 1.000,  final_loss = 4.2667, nll_loss = 4.1454, ref_nll_loss = 4.3879, ivc_loss = 0.0343, neg_loss_1 = 0.0002, neg_loss_2 = 0.0017, ref_loss = 0.0115, div_loss = 0.0371, aux_loss = 0.0200, aux_loss_eff = 0.0200, 0.658 seconds/batch
2026-04-21 19:17:09,141 - Epoch 22, Batch 300, lr = 0.00005, alpha_2 = 0.200, aux_scale = 1.000,  final_loss = 4.2829, nll_loss = 4.1656, ref_nll_loss = 4.4002, ivc_loss = 0.0319, neg_loss_1 = 0.0002, neg_loss_2 = 0.0024, ref_loss = 0.0097, div_loss = 0.0364, aux_loss = 0.0200, aux_loss_eff = 0.0200, 0.658 seconds/batch
2026-04-21 19:17:42,092 - Epoch 22, Batch 350, lr = 0.00005, alpha_2 = 0.200, aux_scale = 1.000,  final_loss = 4.3185, nll_loss = 4.1986, ref_nll_loss = 4.4385, ivc_loss = 0.0352, neg_loss_1 = 0.0003, neg_loss_2 = 0.0029, ref_loss = 0.0108, div_loss = 0.0361, aux_loss = 0.0200, aux_loss_eff = 0.0200, 0.658 seconds/batch
2026-04-21 19:18:15,075 - Epoch 22, Batch 400, lr = 0.00005, alpha_2 = 0.200, aux_scale = 1.000,  final_loss = 4.2943, nll_loss = 4.1723, ref_nll_loss = 4.4163, ivc_loss = 0.0341, neg_loss_1 = 0.0005, neg_loss_2 = 0.0021, ref_loss = 0.0109, div_loss = 0.0357, aux_loss = 0.0201, aux_loss_eff = 0.0201, 0.659 seconds/batch
2026-04-21 19:18:48,074 - Epoch 22, Batch 450, lr = 0.00005, alpha_2 = 0.200, aux_scale = 1.000,  final_loss = 4.2993, nll_loss = 4.1815, ref_nll_loss = 4.4171, ivc_loss = 0.0350, neg_loss_1 = 0.0002, neg_loss_2 = 0.0024, ref_loss = 0.0112, div_loss = 0.0367, aux_loss = 0.0202, aux_loss_eff = 0.0202, 0.659 seconds/batch
2026-04-21 19:19:21,058 - Epoch 22, Batch 500, lr = 0.00005, alpha_2 = 0.200, aux_scale = 1.000,  final_loss = 4.2839, nll_loss = 4.1677, ref_nll_loss = 4.4001, ivc_loss = 0.0373, neg_loss_1 = 0.0005, neg_loss_2 = 0.0021, ref_loss = 0.0122, div_loss = 0.0379, aux_loss = 0.0200, aux_loss_eff = 0.0200, 0.659 seconds/batch
2026-04-21 19:19:54,114 - Epoch 22, Batch 550, lr = 0.00005, alpha_2 = 0.200, aux_scale = 1.000,  final_loss = 4.2653, nll_loss = 4.1440, ref_nll_loss = 4.3866, ivc_loss = 0.0308, neg_loss_1 = 0.0002, neg_loss_2 = 0.0016, ref_loss = 0.0098, div_loss = 0.0378, aux_loss = 0.0201, aux_loss_eff = 0.0201, 0.659 seconds/batch
2026-04-21 19:20:27,116 - Epoch 22, Batch 600, lr = 0.00005, alpha_2 = 0.200, aux_scale = 1.000,  final_loss = 4.3065, nll_loss = 4.1864, ref_nll_loss = 4.4265, ivc_loss = 0.0360, neg_loss_1 = 0.0003, neg_loss_2 = 0.0025, ref_loss = 0.0115, div_loss = 0.0378, aux_loss = 0.0200, aux_loss_eff = 0.0200, 0.659 seconds/batch
2026-04-21 19:21:00,106 - Epoch 22, Batch 650, lr = 0.00005, alpha_2 = 0.200, aux_scale = 1.000,  final_loss = 4.2991, nll_loss = 4.1822, ref_nll_loss = 4.4161, ivc_loss = 0.0363, neg_loss_1 = 0.0009, neg_loss_2 = 0.0017, ref_loss = 0.0119, div_loss = 0.0366, aux_loss = 0.0200, aux_loss_eff = 0.0200, 0.659 seconds/batch
2026-04-21 19:21:33,104 - Epoch 22, Batch 700, lr = 0.00005, alpha_2 = 0.200, aux_scale = 1.000,  final_loss = 4.2944, nll_loss = 4.1704, ref_nll_loss = 4.4185, ivc_loss = 0.0307, neg_loss_1 = 0.0001, neg_loss_2 = 0.0013, ref_loss = 0.0103, div_loss = 0.0365, aux_loss = 0.0200, aux_loss_eff = 0.0200, 0.659 seconds/batch
2026-04-21 19:22:06,126 - Epoch 22, Batch 750, lr = 0.00005, alpha_2 = 0.200, aux_scale = 1.000,  final_loss = 4.3199, nll_loss = 4.2008, ref_nll_loss = 4.4389, ivc_loss = 0.0318, neg_loss_1 = 0.0002, neg_loss_2 = 0.0017, ref_loss = 0.0104, div_loss = 0.0365, aux_loss = 0.0200, aux_loss_eff = 0.0200, 0.659 seconds/batch
2026-04-21 19:22:39,148 - Epoch 22, Batch 800, lr = 0.00005, alpha_2 = 0.200, aux_scale = 1.000,  final_loss = 4.3303, nll_loss = 4.2069, ref_nll_loss = 4.4537, ivc_loss = 0.0308, neg_loss_1 = 0.0003, neg_loss_2 = 0.0019, ref_loss = 0.0096, div_loss = 0.0366, aux_loss = 0.0200, aux_loss_eff = 0.0200, 0.659 seconds/batch
2026-04-21 19:23:12,149 - Epoch 22, Batch 850, lr = 0.00005, alpha_2 = 0.200, aux_scale = 1.000,  final_loss = 4.3028, nll_loss = 4.1798, ref_nll_loss = 4.4257, ivc_loss = 0.0334, neg_loss_1 = 0.0001, neg_loss_2 = 0.0019, ref_loss = 0.0110, div_loss = 0.0368, aux_loss = 0.0200, aux_loss_eff = 0.0200, 0.659 seconds/batch
2026-04-21 19:23:45,125 - Epoch 22, Batch 900, lr = 0.00005, alpha_2 = 0.200, aux_scale = 1.000,  final_loss = 4.3133, nll_loss = 4.1878, ref_nll_loss = 4.4388, ivc_loss = 0.0316, neg_loss_1 = 0.0005, neg_loss_2 = 0.0021, ref_loss = 0.0096, div_loss = 0.0357, aux_loss = 0.0200, aux_loss_eff = 0.0200, 0.659 seconds/batch
2026-04-21 19:24:18,118 - Epoch 22, Batch 950, lr = 0.00005, alpha_2 = 0.200, aux_scale = 1.000,  final_loss = 4.2723, nll_loss = 4.1504, ref_nll_loss = 4.3942, ivc_loss = 0.0309, neg_loss_1 = 0.0001, neg_loss_2 = 0.0018, ref_loss = 0.0098, div_loss = 0.0366, aux_loss = 0.0200, aux_loss_eff = 0.0200, 0.659 seconds/batch
2026-04-21 19:24:51,082 - Epoch 22, Batch 1000, lr = 0.00005, alpha_2 = 0.200, aux_scale = 1.000,  final_loss = 4.2902, nll_loss = 4.1664, ref_nll_loss = 4.4140, ivc_loss = 0.0296, neg_loss_1 = 0.0003, neg_loss_2 = 0.0018, ref_loss = 0.0090, div_loss = 0.0367, aux_loss = 0.0200, aux_loss_eff = 0.0200, 0.659 seconds/batch
2026-04-21 19:25:24,041 - Epoch 22, Batch 1050, lr = 0.00005, alpha_2 = 0.200, aux_scale = 1.000,  final_loss = 4.3299, nll_loss = 4.2050, ref_nll_loss = 4.4549, ivc_loss = 0.0345, neg_loss_1 = 0.0009, neg_loss_2 = 0.0021, ref_loss = 0.0106, div_loss = 0.0368, aux_loss = 0.0201, aux_loss_eff = 0.0201, 0.659 seconds/batch
2026-04-21 19:25:56,505 - Epoch 22, Batch 1100, lr = 0.00005, alpha_2 = 0.200, aux_scale = 1.000,  final_loss = 4.3174, nll_loss = 4.1956, ref_nll_loss = 4.4392, ivc_loss = 0.0339, neg_loss_1 = 0.0005, neg_loss_2 = 0.0024, ref_loss = 0.0104, div_loss = 0.0370, aux_loss = 0.0200, aux_loss_eff = 0.0200, 0.659 seconds/batch
2026-04-21 19:26:22,649 - Epoch 22, Batch 1150, lr = 0.00005, alpha_2 = 0.200, aux_scale = 1.000,  final_loss = 4.2965, nll_loss = 4.1731, ref_nll_loss = 4.4199, ivc_loss = 0.0319, neg_loss_1 = 0.0005, neg_loss_2 = 0.0021, ref_loss = 0.0095, div_loss = 0.0377, aux_loss = 0.0201, aux_loss_eff = 0.0201, 0.653 seconds/batch
2026-04-21 19:26:31,889 - Epoch 22, Batch 1170, lr = 0.00005, alpha_2 = 0.200, aux_scale = 1.000,  final_loss = 4.2879, nll_loss = 4.1711, ref_nll_loss = 4.4048, ivc_loss = 0.0325, neg_loss_1 = 0.0001, neg_loss_2 = 0.0016, ref_loss = 0.0108, div_loss = 0.0378, aux_loss = 0.0200, aux_loss_eff = 0.0200, 0.650 seconds/batch
2026-04-21 19:26:31,972 - save model to checkpoints/activitynet_moe_v2_shared_gate/moe_v2_shared_gate/model-22.pt, num_updates 25740.
2026-04-21 19:28:49,530 - | R@1,mIoU 0.3400 | R@1,IoU@0.1 0.7968 | R@1,IoU@0.3 0.4720 | R@1,IoU@0.5 0.2470 | R@1,IoU@0.7 0.1320 | R@1,IoU@0.9 0.0463 | R@5,mIoU 0.5279 | R@5,IoU@0.1 0.9153 | R@5,IoU@0.3 0.7573 | R@5,IoU@0.5 0.5610 | R@5,IoU@0.7 0.3133 | R@5,IoU@0.9 0.0907 |
2026-04-21 19:28:49,530 - ============================================================
2026-04-21 19:28:49,530 - Start Epoch 23
2026-04-21 19:29:22,586 - Epoch 23, Batch 50, lr = 0.00005, alpha_2 = 0.200, aux_scale = 1.000,  final_loss = 4.2529, nll_loss = 4.1331, ref_nll_loss = 4.3728, ivc_loss = 0.0346, neg_loss_1 = 0.0003, neg_loss_2 = 0.0020, ref_loss = 0.0113, div_loss = 0.0370, aux_loss = 0.0201, aux_loss_eff = 0.0201, 0.661 seconds/batch
2026-04-21 19:29:55,573 - Epoch 23, Batch 100, lr = 0.00005, alpha_2 = 0.200, aux_scale = 1.000,  final_loss = 4.2426, nll_loss = 4.1212, ref_nll_loss = 4.3641, ivc_loss = 0.0321, neg_loss_1 = 0.0005, neg_loss_2 = 0.0019, ref_loss = 0.0100, div_loss = 0.0370, aux_loss = 0.0200, aux_loss_eff = 0.0200, 0.660 seconds/batch
2026-04-21 19:30:28,521 - Epoch 23, Batch 150, lr = 0.00005, alpha_2 = 0.200, aux_scale = 1.000,  final_loss = 4.2817, nll_loss = 4.1626, ref_nll_loss = 4.4008, ivc_loss = 0.0355, neg_loss_1 = 0.0005, neg_loss_2 = 0.0021, ref_loss = 0.0115, div_loss = 0.0360, aux_loss = 0.0200, aux_loss_eff = 0.0200, 0.660 seconds/batch
2026-04-21 19:31:01,514 - Epoch 23, Batch 200, lr = 0.00005, alpha_2 = 0.200, aux_scale = 1.000,  final_loss = 4.3029, nll_loss = 4.1825, ref_nll_loss = 4.4232, ivc_loss = 0.0348, neg_loss_1 = 0.0004, neg_loss_2 = 0.0025, ref_loss = 0.0109, div_loss = 0.0365, aux_loss = 0.0200, aux_loss_eff = 0.0200, 0.660 seconds/batch
2026-04-21 19:31:34,453 - Epoch 23, Batch 250, lr = 0.00005, alpha_2 = 0.200, aux_scale = 1.000,  final_loss = 4.2978, nll_loss = 4.1793, ref_nll_loss = 4.4164, ivc_loss = 0.0323, neg_loss_1 = 0.0003, neg_loss_2 = 0.0022, ref_loss = 0.0100, div_loss = 0.0361, aux_loss = 0.0201, aux_loss_eff = 0.0201, 0.660 seconds/batch
2026-04-21 19:32:07,409 - Epoch 23, Batch 300, lr = 0.00005, alpha_2 = 0.200, aux_scale = 1.000,  final_loss = 4.2561, nll_loss = 4.1351, ref_nll_loss = 4.3772, ivc_loss = 0.0326, neg_loss_1 = 0.0006, neg_loss_2 = 0.0024, ref_loss = 0.0096, div_loss = 0.0369, aux_loss = 0.0200, aux_loss_eff = 0.0200, 0.660 seconds/batch
2026-04-21 19:32:40,373 - Epoch 23, Batch 350, lr = 0.00005, alpha_2 = 0.200, aux_scale = 1.000,  final_loss = 4.2840, nll_loss = 4.1650, ref_nll_loss = 4.4030, ivc_loss = 0.0347, neg_loss_1 = 0.0003, neg_loss_2 = 0.0021, ref_loss = 0.0112, div_loss = 0.0375, aux_loss = 0.0201, aux_loss_eff = 0.0201, 0.660 seconds/batch
2026-04-21 19:33:13,365 - Epoch 23, Batch 400, lr = 0.00005, alpha_2 = 0.200, aux_scale = 1.000,  final_loss = 4.2741, nll_loss = 4.1483, ref_nll_loss = 4.3999, ivc_loss = 0.0278, neg_loss_1 = 0.0006, neg_loss_2 = 0.0020, ref_loss = 0.0076, div_loss = 0.0371, aux_loss = 0.0201, aux_loss_eff = 0.0201, 0.660 seconds/batch
2026-04-21 19:33:46,362 - Epoch 23, Batch 450, lr = 0.00005, alpha_2 = 0.200, aux_scale = 1.000,  final_loss = 4.2929, nll_loss = 4.1669, ref_nll_loss = 4.4190, ivc_loss = 0.0306, neg_loss_1 = 0.0001, neg_loss_2 = 0.0018, ref_loss = 0.0096, div_loss = 0.0371, aux_loss = 0.0200, aux_loss_eff = 0.0200, 0.660 seconds/batch
2026-04-21 19:34:19,342 - Epoch 23, Batch 500, lr = 0.00005, alpha_2 = 0.200, aux_scale = 1.000,  final_loss = 4.2513, nll_loss = 4.1265, ref_nll_loss = 4.3761, ivc_loss = 0.0303, neg_loss_1 = 0.0003, neg_loss_2 = 0.0020, ref_loss = 0.0091, div_loss = 0.0379, aux_loss = 0.0200, aux_loss_eff = 0.0200, 0.660 seconds/batch
2026-04-21 19:34:52,344 - Epoch 23, Batch 550, lr = 0.00005, alpha_2 = 0.200, aux_scale = 1.000,  final_loss = 4.2910, nll_loss = 4.1692, ref_nll_loss = 4.4128, ivc_loss = 0.0316, neg_loss_1 = 0.0003, neg_loss_2 = 0.0021, ref_loss = 0.0097, div_loss = 0.0366, aux_loss = 0.0201, aux_loss_eff = 0.0201, 0.660 seconds/batch
2026-04-21 19:35:25,319 - Epoch 23, Batch 600, lr = 0.00005, alpha_2 = 0.200, aux_scale = 1.000,  final_loss = 4.3057, nll_loss = 4.1854, ref_nll_loss = 4.4260, ivc_loss = 0.0347, neg_loss_1 = 0.0005, neg_loss_2 = 0.0019, ref_loss = 0.0113, div_loss = 0.0371, aux_loss = 0.0200, aux_loss_eff = 0.0200, 0.660 seconds/batch
2026-04-21 19:35:58,310 - Epoch 23, Batch 650, lr = 0.00005, alpha_2 = 0.200, aux_scale = 1.000,  final_loss = 4.2718, nll_loss = 4.1487, ref_nll_loss = 4.3950, ivc_loss = 0.0307, neg_loss_1 = 0.0002, neg_loss_2 = 0.0014, ref_loss = 0.0101, div_loss = 0.0370, aux_loss = 0.0200, aux_loss_eff = 0.0200, 0.660 seconds/batch
2026-04-21 19:36:31,272 - Epoch 23, Batch 700, lr = 0.00005, alpha_2 = 0.200, aux_scale = 1.000,  final_loss = 4.3006, nll_loss = 4.1767, ref_nll_loss = 4.4245, ivc_loss = 0.0344, neg_loss_1 = 0.0003, neg_loss_2 = 0.0030, ref_loss = 0.0102, div_loss = 0.0369, aux_loss = 0.0200, aux_loss_eff = 0.0200, 0.660 seconds/batch
2026-04-21 19:37:04,216 - Epoch 23, Batch 750, lr = 0.00005, alpha_2 = 0.200, aux_scale = 1.000,  final_loss = 4.2760, nll_loss = 4.1527, ref_nll_loss = 4.3993, ivc_loss = 0.0323, neg_loss_1 = 0.0007, neg_loss_2 = 0.0022, ref_loss = 0.0096, div_loss = 0.0366, aux_loss = 0.0201, aux_loss_eff = 0.0201, 0.660 seconds/batch
2026-04-21 19:37:37,185 - Epoch 23, Batch 800, lr = 0.00005, alpha_2 = 0.200, aux_scale = 1.000,  final_loss = 4.2852, nll_loss = 4.1615, ref_nll_loss = 4.4089, ivc_loss = 0.0322, neg_loss_1 = 0.0003, neg_loss_2 = 0.0019, ref_loss = 0.0101, div_loss = 0.0371, aux_loss = 0.0200, aux_loss_eff = 0.0200, 0.660 seconds/batch
2026-04-21 19:38:10,144 - Epoch 23, Batch 850, lr = 0.00005, alpha_2 = 0.200, aux_scale = 1.000,  final_loss = 4.2382, nll_loss = 4.1162, ref_nll_loss = 4.3602, ivc_loss = 0.0349, neg_loss_1 = 0.0001, neg_loss_2 = 0.0022, ref_loss = 0.0115, div_loss = 0.0373, aux_loss = 0.0201, aux_loss_eff = 0.0201, 0.660 seconds/batch
2026-04-21 19:38:43,144 - Epoch 23, Batch 900, lr = 0.00005, alpha_2 = 0.200, aux_scale = 1.000,  final_loss = 4.2848, nll_loss = 4.1648, ref_nll_loss = 4.4048, ivc_loss = 0.0315, neg_loss_1 = 0.0004, neg_loss_2 = 0.0012, ref_loss = 0.0105, div_loss = 0.0366, aux_loss = 0.0201, aux_loss_eff = 0.0201, 0.660 seconds/batch
2026-04-21 19:39:16,093 - Epoch 23, Batch 950, lr = 0.00005, alpha_2 = 0.200, aux_scale = 1.000,  final_loss = 4.2689, nll_loss = 4.1463, ref_nll_loss = 4.3915, ivc_loss = 0.0323, neg_loss_1 = 0.0006, neg_loss_2 = 0.0025, ref_loss = 0.0094, div_loss = 0.0368, aux_loss = 0.0201, aux_loss_eff = 0.0201, 0.660 seconds/batch
2026-04-21 19:39:49,093 - Epoch 23, Batch 1000, lr = 0.00005, alpha_2 = 0.200, aux_scale = 1.000,  final_loss = 4.2769, nll_loss = 4.1522, ref_nll_loss = 4.4016, ivc_loss = 0.0286, neg_loss_1 = 0.0005, neg_loss_2 = 0.0020, ref_loss = 0.0081, div_loss = 0.0375, aux_loss = 0.0201, aux_loss_eff = 0.0201, 0.660 seconds/batch
2026-04-21 19:40:22,058 - Epoch 23, Batch 1050, lr = 0.00005, alpha_2 = 0.200, aux_scale = 1.000,  final_loss = 4.2730, nll_loss = 4.1504, ref_nll_loss = 4.3955, ivc_loss = 0.0329, neg_loss_1 = 0.0006, neg_loss_2 = 0.0016, ref_loss = 0.0106, div_loss = 0.0368, aux_loss = 0.0200, aux_loss_eff = 0.0200, 0.660 seconds/batch
2026-04-21 19:40:54,679 - Epoch 23, Batch 1100, lr = 0.00005, alpha_2 = 0.200, aux_scale = 1.000,  final_loss = 4.2944, nll_loss = 4.1675, ref_nll_loss = 4.4212, ivc_loss = 0.0318, neg_loss_1 = 0.0003, neg_loss_2 = 0.0017, ref_loss = 0.0101, div_loss = 0.0379, aux_loss = 0.0201, aux_loss_eff = 0.0201, 0.659 seconds/batch
2026-04-21 19:41:20,852 - Epoch 23, Batch 1150, lr = 0.00005, alpha_2 = 0.200, aux_scale = 1.000,  final_loss = 4.2917, nll_loss = 4.1694, ref_nll_loss = 4.4140, ivc_loss = 0.0333, neg_loss_1 = 0.0002, neg_loss_2 = 0.0021, ref_loss = 0.0106, div_loss = 0.0376, aux_loss = 0.0200, aux_loss_eff = 0.0200, 0.653 seconds/batch
2026-04-21 19:41:30,237 - Epoch 23, Batch 1170, lr = 0.00005, alpha_2 = 0.200, aux_scale = 1.000,  final_loss = 4.2928, nll_loss = 4.1690, ref_nll_loss = 4.4166, ivc_loss = 0.0314, neg_loss_1 = 0.0001, neg_loss_2 = 0.0013, ref_loss = 0.0106, div_loss = 0.0377, aux_loss = 0.0200, aux_loss_eff = 0.0200, 0.650 seconds/batch
2026-04-21 19:41:30,315 - save model to checkpoints/activitynet_moe_v2_shared_gate/moe_v2_shared_gate/model-23.pt, num_updates 26910.
2026-04-21 19:43:47,673 - | R@1,mIoU 0.3391 | R@1,IoU@0.1 0.7984 | R@1,IoU@0.3 0.4701 | R@1,IoU@0.5 0.2458 | R@1,IoU@0.7 0.1311 | R@1,IoU@0.9 0.0431 | R@5,mIoU 0.5279 | R@5,IoU@0.1 0.9167 | R@5,IoU@0.3 0.7567 | R@5,IoU@0.5 0.5602 | R@5,IoU@0.7 0.3150 | R@5,IoU@0.9 0.0895 |
2026-04-21 19:43:47,673 - ============================================================
2026-04-21 19:43:47,673 - Start Epoch 24
2026-04-21 19:44:20,855 - Epoch 24, Batch 50, lr = 0.00005, alpha_2 = 0.200, aux_scale = 1.000,  final_loss = 4.2756, nll_loss = 4.1525, ref_nll_loss = 4.3988, ivc_loss = 0.0296, neg_loss_1 = 0.0001, neg_loss_2 = 0.0013, ref_loss = 0.0096, div_loss = 0.0369, aux_loss = 0.0200, aux_loss_eff = 0.0200, 0.664 seconds/batch
2026-04-21 19:44:53,809 - Epoch 24, Batch 100, lr = 0.00005, alpha_2 = 0.200, aux_scale = 1.000,  final_loss = 4.2508, nll_loss = 4.1270, ref_nll_loss = 4.3745, ivc_loss = 0.0332, neg_loss_1 = 0.0004, neg_loss_2 = 0.0023, ref_loss = 0.0103, div_loss = 0.0368, aux_loss = 0.0200, aux_loss_eff = 0.0200, 0.661 seconds/batch
2026-04-21 19:45:26,812 - Epoch 24, Batch 150, lr = 0.00005, alpha_2 = 0.200, aux_scale = 1.000,  final_loss = 4.2892, nll_loss = 4.1666, ref_nll_loss = 4.4118, ivc_loss = 0.0309, neg_loss_1 = 0.0004, neg_loss_2 = 0.0019, ref_loss = 0.0093, div_loss = 0.0375, aux_loss = 0.0200, aux_loss_eff = 0.0200, 0.661 seconds/batch
2026-04-21 19:45:59,810 - Epoch 24, Batch 200, lr = 0.00005, alpha_2 = 0.200, aux_scale = 1.000,  final_loss = 4.2228, nll_loss = 4.1014, ref_nll_loss = 4.3442, ivc_loss = 0.0324, neg_loss_1 = 0.0002, neg_loss_2 = 0.0011, ref_loss = 0.0112, div_loss = 0.0375, aux_loss = 0.0200, aux_loss_eff = 0.0200, 0.661 seconds/batch
2026-04-21 19:46:32,780 - Epoch 24, Batch 250, lr = 0.00005, alpha_2 = 0.200, aux_scale = 1.000,  final_loss = 4.2373, nll_loss = 4.1122, ref_nll_loss = 4.3624, ivc_loss = 0.0293, neg_loss_1 = 0.0003, neg_loss_2 = 0.0016, ref_loss = 0.0089, div_loss = 0.0379, aux_loss = 0.0201, aux_loss_eff = 0.0201, 0.660 seconds/batch
2026-04-21 19:47:05,782 - Epoch 24, Batch 300, lr = 0.00005, alpha_2 = 0.200, aux_scale = 1.000,  final_loss = 4.2446, nll_loss = 4.1209, ref_nll_loss = 4.3684, ivc_loss = 0.0307, neg_loss_1 = 0.0003, neg_loss_2 = 0.0019, ref_loss = 0.0095, div_loss = 0.0371, aux_loss = 0.0200, aux_loss_eff = 0.0200, 0.660 seconds/batch
2026-04-21 19:47:38,763 - Epoch 24, Batch 350, lr = 0.00005, alpha_2 = 0.200, aux_scale = 1.000,  final_loss = 4.2164, nll_loss = 4.0933, ref_nll_loss = 4.3396, ivc_loss = 0.0295, neg_loss_1 = 0.0003, neg_loss_2 = 0.0013, ref_loss = 0.0096, div_loss = 0.0366, aux_loss = 0.0200, aux_loss_eff = 0.0200, 0.660 seconds/batch
2026-04-21 19:48:11,759 - Epoch 24, Batch 400, lr = 0.00005, alpha_2 = 0.200, aux_scale = 1.000,  final_loss = 4.2772, nll_loss = 4.1523, ref_nll_loss = 4.4021, ivc_loss = 0.0309, neg_loss_1 = 0.0009, neg_loss_2 = 0.0012, ref_loss = 0.0096, div_loss = 0.0368, aux_loss = 0.0200, aux_loss_eff = 0.0200, 0.660 seconds/batch
2026-04-21 19:48:44,761 - Epoch 24, Batch 450, lr = 0.00005, alpha_2 = 0.200, aux_scale = 1.000,  final_loss = 4.2389, nll_loss = 4.1147, ref_nll_loss = 4.3631, ivc_loss = 0.0362, neg_loss_1 = 0.0009, neg_loss_2 = 0.0025, ref_loss = 0.0109, div_loss = 0.0374, aux_loss = 0.0200, aux_loss_eff = 0.0200, 0.660 seconds/batch
2026-04-21 19:49:17,734 - Epoch 24, Batch 500, lr = 0.00005, alpha_2 = 0.200, aux_scale = 1.000,  final_loss = 4.2668, nll_loss = 4.1427, ref_nll_loss = 4.3910, ivc_loss = 0.0286, neg_loss_1 = 0.0006, neg_loss_2 = 0.0017, ref_loss = 0.0083, div_loss = 0.0374, aux_loss = 0.0200, aux_loss_eff = 0.0200, 0.660 seconds/batch
2026-04-21 19:49:50,761 - Epoch 24, Batch 550, lr = 0.00005, alpha_2 = 0.200, aux_scale = 1.000,  final_loss = 4.2495, nll_loss = 4.1287, ref_nll_loss = 4.3703, ivc_loss = 0.0333, neg_loss_1 = 0.0005, neg_loss_2 = 0.0019, ref_loss = 0.0105, div_loss = 0.0370, aux_loss = 0.0200, aux_loss_eff = 0.0200, 0.660 seconds/batch
2026-04-21 19:50:23,783 - Epoch 24, Batch 600, lr = 0.00005, alpha_2 = 0.200, aux_scale = 1.000,  final_loss = 4.2586, nll_loss = 4.1357, ref_nll_loss = 4.3815, ivc_loss = 0.0331, neg_loss_1 = 0.0003, neg_loss_2 = 0.0021, ref_loss = 0.0104, div_loss = 0.0371, aux_loss = 0.0201, aux_loss_eff = 0.0201, 0.660 seconds/batch
2026-04-21 19:50:56,832 - Epoch 24, Batch 650, lr = 0.00005, alpha_2 = 0.200, aux_scale = 1.000,  final_loss = 4.2627, nll_loss = 4.1379, ref_nll_loss = 4.3874, ivc_loss = 0.0313, neg_loss_1 = 0.0006, neg_loss_2 = 0.0018, ref_loss = 0.0095, div_loss = 0.0368, aux_loss = 0.0200, aux_loss_eff = 0.0200, 0.660 seconds/batch
2026-04-21 19:51:29,822 - Epoch 24, Batch 700, lr = 0.00005, alpha_2 = 0.200, aux_scale = 1.000,  final_loss = 4.2835, nll_loss = 4.1614, ref_nll_loss = 4.4056, ivc_loss = 0.0305, neg_loss_1 = 0.0002, neg_loss_2 = 0.0014, ref_loss = 0.0099, div_loss = 0.0370, aux_loss = 0.0201, aux_loss_eff = 0.0201, 0.660 seconds/batch
2026-04-21 19:52:02,866 - Epoch 24, Batch 750, lr = 0.00005, alpha_2 = 0.200, aux_scale = 1.000,  final_loss = 4.2467, nll_loss = 4.1250, ref_nll_loss = 4.3683, ivc_loss = 0.0329, neg_loss_1 = 0.0003, neg_loss_2 = 0.0018, ref_loss = 0.0106, div_loss = 0.0366, aux_loss = 0.0201, aux_loss_eff = 0.0201, 0.660 seconds/batch
2026-04-21 19:52:35,847 - Epoch 24, Batch 800, lr = 0.00005, alpha_2 = 0.200, aux_scale = 1.000,  final_loss = 4.2437, nll_loss = 4.1196, ref_nll_loss = 4.3679, ivc_loss = 0.0319, neg_loss_1 = 0.0004, neg_loss_2 = 0.0023, ref_loss = 0.0096, div_loss = 0.0364, aux_loss = 0.0201, aux_loss_eff = 0.0201, 0.660 seconds/batch
2026-04-21 19:53:08,854 - Epoch 24, Batch 850, lr = 0.00005, alpha_2 = 0.200, aux_scale = 1.000,  final_loss = 4.2419, nll_loss = 4.1181, ref_nll_loss = 4.3657, ivc_loss = 0.0302, neg_loss_1 = 0.0002, neg_loss_2 = 0.0023, ref_loss = 0.0089, div_loss = 0.0367, aux_loss = 0.0201, aux_loss_eff = 0.0201, 0.660 seconds/batch
2026-04-21 19:53:41,779 - Epoch 24, Batch 900, lr = 0.00005, alpha_2 = 0.200, aux_scale = 1.000,  final_loss = 4.2397, nll_loss = 4.1138, ref_nll_loss = 4.3656, ivc_loss = 0.0301, neg_loss_1 = 0.0002, neg_loss_2 = 0.0013, ref_loss = 0.0100, div_loss = 0.0356, aux_loss = 0.0200, aux_loss_eff = 0.0200, 0.660 seconds/batch
2026-04-21 19:54:14,777 - Epoch 24, Batch 950, lr = 0.00005, alpha_2 = 0.200, aux_scale = 1.000,  final_loss = 4.2488, nll_loss = 4.1240, ref_nll_loss = 4.3736, ivc_loss = 0.0336, neg_loss_1 = 0.0001, neg_loss_2 = 0.0018, ref_loss = 0.0112, div_loss = 0.0364, aux_loss = 0.0201, aux_loss_eff = 0.0201, 0.660 seconds/batch
2026-04-21 19:54:47,738 - Epoch 24, Batch 1000, lr = 0.00005, alpha_2 = 0.200, aux_scale = 1.000,  final_loss = 4.3025, nll_loss = 4.1792, ref_nll_loss = 4.4257, ivc_loss = 0.0358, neg_loss_1 = 0.0007, neg_loss_2 = 0.0019, ref_loss = 0.0117, div_loss = 0.0366, aux_loss = 0.0202, aux_loss_eff = 0.0202, 0.660 seconds/batch
2026-04-21 19:55:20,760 - Epoch 24, Batch 1050, lr = 0.00005, alpha_2 = 0.200, aux_scale = 1.000,  final_loss = 4.2898, nll_loss = 4.1677, ref_nll_loss = 4.4119, ivc_loss = 0.0326, neg_loss_1 = 0.0004, neg_loss_2 = 0.0023, ref_loss = 0.0101, div_loss = 0.0361, aux_loss = 0.0201, aux_loss_eff = 0.0201, 0.660 seconds/batch
2026-04-21 19:55:53,310 - Epoch 24, Batch 1100, lr = 0.00005, alpha_2 = 0.200, aux_scale = 1.000,  final_loss = 4.2688, nll_loss = 4.1477, ref_nll_loss = 4.3899, ivc_loss = 0.0331, neg_loss_1 = 0.0002, neg_loss_2 = 0.0021, ref_loss = 0.0106, div_loss = 0.0359, aux_loss = 0.0201, aux_loss_eff = 0.0201, 0.660 seconds/batch
2026-04-21 19:56:19,469 - Epoch 24, Batch 1150, lr = 0.00005, alpha_2 = 0.200, aux_scale = 1.000,  final_loss = 4.2968, nll_loss = 4.1719, ref_nll_loss = 4.4217, ivc_loss = 0.0324, neg_loss_1 = 0.0001, neg_loss_2 = 0.0028, ref_loss = 0.0096, div_loss = 0.0374, aux_loss = 0.0202, aux_loss_eff = 0.0202, 0.654 seconds/batch
2026-04-21 19:56:29,033 - Epoch 24, Batch 1170, lr = 0.00005, alpha_2 = 0.200, aux_scale = 1.000,  final_loss = 4.2764, nll_loss = 4.1485, ref_nll_loss = 4.4043, ivc_loss = 0.0358, neg_loss_1 = 0.0004, neg_loss_2 = 0.0020, ref_loss = 0.0118, div_loss = 0.0374, aux_loss = 0.0201, aux_loss_eff = 0.0201, 0.651 seconds/batch
2026-04-21 19:56:29,108 - save model to checkpoints/activitynet_moe_v2_shared_gate/moe_v2_shared_gate/model-24.pt, num_updates 28080.
2026-04-21 19:58:46,312 - | R@1,mIoU 0.3388 | R@1,IoU@0.1 0.7995 | R@1,IoU@0.3 0.4694 | R@1,IoU@0.5 0.2446 | R@1,IoU@0.7 0.1306 | R@1,IoU@0.9 0.0423 | R@5,mIoU 0.5245 | R@5,IoU@0.1 0.9166 | R@5,IoU@0.3 0.7554 | R@5,IoU@0.5 0.5569 | R@5,IoU@0.7 0.3079 | R@5,IoU@0.9 0.0848 |
2026-04-21 19:58:46,312 - ============================================================
2026-04-21 19:58:46,312 - Start Epoch 25
2026-04-21 19:59:19,651 - Epoch 25, Batch 50, lr = 0.00005, alpha_2 = 0.200, aux_scale = 1.000,  final_loss = 4.2327, nll_loss = 4.1064, ref_nll_loss = 4.3591, ivc_loss = 0.0276, neg_loss_1 = 0.0006, neg_loss_2 = 0.0021, ref_loss = 0.0074, div_loss = 0.0369, aux_loss = 0.0200, aux_loss_eff = 0.0200, 0.667 seconds/batch
2026-04-21 19:59:52,653 - Epoch 25, Batch 100, lr = 0.00005, alpha_2 = 0.200, aux_scale = 1.000,  final_loss = 4.2478, nll_loss = 4.1243, ref_nll_loss = 4.3713, ivc_loss = 0.0344, neg_loss_1 = 0.0004, neg_loss_2 = 0.0018, ref_loss = 0.0113, div_loss = 0.0371, aux_loss = 0.0200, aux_loss_eff = 0.0200, 0.663 seconds/batch
2026-04-21 20:00:25,644 - Epoch 25, Batch 150, lr = 0.00005, alpha_2 = 0.200, aux_scale = 1.000,  final_loss = 4.2155, nll_loss = 4.0898, ref_nll_loss = 4.3411, ivc_loss = 0.0303, neg_loss_1 = 0.0004, neg_loss_2 = 0.0022, ref_loss = 0.0088, div_loss = 0.0370, aux_loss = 0.0201, aux_loss_eff = 0.0201, 0.662 seconds/batch
2026-04-21 20:00:58,648 - Epoch 25, Batch 200, lr = 0.00005, alpha_2 = 0.200, aux_scale = 1.000,  final_loss = 4.2255, nll_loss = 4.0996, ref_nll_loss = 4.3514, ivc_loss = 0.0300, neg_loss_1 = 0.0004, neg_loss_2 = 0.0018, ref_loss = 0.0092, div_loss = 0.0365, aux_loss = 0.0200, aux_loss_eff = 0.0200, 0.662 seconds/batch
2026-04-21 20:01:31,654 - Epoch 25, Batch 250, lr = 0.00005, alpha_2 = 0.200, aux_scale = 1.000,  final_loss = 4.2416, nll_loss = 4.1175, ref_nll_loss = 4.3657, ivc_loss = 0.0324, neg_loss_1 = 0.0006, neg_loss_2 = 0.0021, ref_loss = 0.0098, div_loss = 0.0366, aux_loss = 0.0200, aux_loss_eff = 0.0200, 0.661 seconds/batch
2026-04-21 20:02:04,670 - Epoch 25, Batch 300, lr = 0.00005, alpha_2 = 0.200, aux_scale = 1.000,  final_loss = 4.2040, nll_loss = 4.0812, ref_nll_loss = 4.3267, ivc_loss = 0.0329, neg_loss_1 = 0.0006, neg_loss_2 = 0.0020, ref_loss = 0.0102, div_loss = 0.0361, aux_loss = 0.0200, aux_loss_eff = 0.0200, 0.661 seconds/batch
2026-04-21 20:02:37,660 - Epoch 25, Batch 350, lr = 0.00005, alpha_2 = 0.200, aux_scale = 1.000,  final_loss = 4.2494, nll_loss = 4.1280, ref_nll_loss = 4.3708, ivc_loss = 0.0345, neg_loss_1 = 0.0008, neg_loss_2 = 0.0023, ref_loss = 0.0105, div_loss = 0.0363, aux_loss = 0.0201, aux_loss_eff = 0.0201, 0.661 seconds/batch
2026-04-21 20:03:10,675 - Epoch 25, Batch 400, lr = 0.00005, alpha_2 = 0.200, aux_scale = 1.000,  final_loss = 4.2239, nll_loss = 4.1015, ref_nll_loss = 4.3463, ivc_loss = 0.0306, neg_loss_1 = 0.0005, neg_loss_2 = 0.0022, ref_loss = 0.0090, div_loss = 0.0357, aux_loss = 0.0200, aux_loss_eff = 0.0200, 0.661 seconds/batch
2026-04-21 20:03:43,696 - Epoch 25, Batch 450, lr = 0.00005, alpha_2 = 0.200, aux_scale = 1.000,  final_loss = 4.2484, nll_loss = 4.1207, ref_nll_loss = 4.3761, ivc_loss = 0.0299, neg_loss_1 = 0.0003, neg_loss_2 = 0.0017, ref_loss = 0.0093, div_loss = 0.0366, aux_loss = 0.0200, aux_loss_eff = 0.0200, 0.661 seconds/batch
2026-04-21 20:04:16,699 - Epoch 25, Batch 500, lr = 0.00005, alpha_2 = 0.200, aux_scale = 1.000,  final_loss = 4.2509, nll_loss = 4.1247, ref_nll_loss = 4.3771, ivc_loss = 0.0297, neg_loss_1 = 0.0003, neg_loss_2 = 0.0019, ref_loss = 0.0090, div_loss = 0.0361, aux_loss = 0.0201, aux_loss_eff = 0.0201, 0.661 seconds/batch
2026-04-21 20:04:49,709 - Epoch 25, Batch 550, lr = 0.00005, alpha_2 = 0.200, aux_scale = 1.000,  final_loss = 4.2594, nll_loss = 4.1354, ref_nll_loss = 4.3833, ivc_loss = 0.0320, neg_loss_1 = 0.0001, neg_loss_2 = 0.0019, ref_loss = 0.0104, div_loss = 0.0360, aux_loss = 0.0200, aux_loss_eff = 0.0200, 0.661 seconds/batch
2026-04-21 20:05:22,732 - Epoch 25, Batch 600, lr = 0.00005, alpha_2 = 0.200, aux_scale = 1.000,  final_loss = 4.2582, nll_loss = 4.1358, ref_nll_loss = 4.3807, ivc_loss = 0.0345, neg_loss_1 = 0.0002, neg_loss_2 = 0.0015, ref_loss = 0.0120, div_loss = 0.0359, aux_loss = 0.0200, aux_loss_eff = 0.0200, 0.661 seconds/batch
2026-04-21 20:05:55,740 - Epoch 25, Batch 650, lr = 0.00005, alpha_2 = 0.200, aux_scale = 1.000,  final_loss = 4.2481, nll_loss = 4.1189, ref_nll_loss = 4.3773, ivc_loss = 0.0311, neg_loss_1 = 0.0006, neg_loss_2 = 0.0023, ref_loss = 0.0090, div_loss = 0.0366, aux_loss = 0.0200, aux_loss_eff = 0.0200, 0.661 seconds/batch
2026-04-21 20:06:28,767 - Epoch 25, Batch 700, lr = 0.00005, alpha_2 = 0.200, aux_scale = 1.000,  final_loss = 4.2088, nll_loss = 4.0871, ref_nll_loss = 4.3306, ivc_loss = 0.0334, neg_loss_1 = 0.0001, neg_loss_2 = 0.0019, ref_loss = 0.0111, div_loss = 0.0363, aux_loss = 0.0201, aux_loss_eff = 0.0201, 0.661 seconds/batch
2026-04-21 20:07:01,747 - Epoch 25, Batch 750, lr = 0.00005, alpha_2 = 0.200, aux_scale = 1.000,  final_loss = 4.2298, nll_loss = 4.1015, ref_nll_loss = 4.3582, ivc_loss = 0.0303, neg_loss_1 = 0.0006, neg_loss_2 = 0.0016, ref_loss = 0.0092, div_loss = 0.0374, aux_loss = 0.0201, aux_loss_eff = 0.0201, 0.661 seconds/batch
2026-04-21 20:07:34,718 - Epoch 25, Batch 800, lr = 0.00005, alpha_2 = 0.200, aux_scale = 1.000,  final_loss = 4.2572, nll_loss = 4.1326, ref_nll_loss = 4.3817, ivc_loss = 0.0330, neg_loss_1 = 0.0003, neg_loss_2 = 0.0020, ref_loss = 0.0105, div_loss = 0.0369, aux_loss = 0.0200, aux_loss_eff = 0.0200, 0.661 seconds/batch
2026-04-21 20:08:07,706 - Epoch 25, Batch 850, lr = 0.00005, alpha_2 = 0.200, aux_scale = 1.000,  final_loss = 4.2222, nll_loss = 4.0984, ref_nll_loss = 4.3460, ivc_loss = 0.0318, neg_loss_1 = 0.0002, neg_loss_2 = 0.0021, ref_loss = 0.0099, div_loss = 0.0371, aux_loss = 0.0200, aux_loss_eff = 0.0200, 0.660 seconds/batch
2026-04-21 20:08:40,761 - Epoch 25, Batch 900, lr = 0.00005, alpha_2 = 0.200, aux_scale = 1.000,  final_loss = 4.2917, nll_loss = 4.1671, ref_nll_loss = 4.4164, ivc_loss = 0.0313, neg_loss_1 = 0.0001, neg_loss_2 = 0.0016, ref_loss = 0.0102, div_loss = 0.0367, aux_loss = 0.0200, aux_loss_eff = 0.0200, 0.660 seconds/batch
2026-04-21 20:09:13,752 - Epoch 25, Batch 950, lr = 0.00005, alpha_2 = 0.200, aux_scale = 1.000,  final_loss = 4.2338, nll_loss = 4.1110, ref_nll_loss = 4.3566, ivc_loss = 0.0336, neg_loss_1 = 0.0006, neg_loss_2 = 0.0021, ref_loss = 0.0104, div_loss = 0.0369, aux_loss = 0.0200, aux_loss_eff = 0.0200, 0.660 seconds/batch
2026-04-21 20:09:46,720 - Epoch 25, Batch 1000, lr = 0.00005, alpha_2 = 0.200, aux_scale = 1.000,  final_loss = 4.2540, nll_loss = 4.1300, ref_nll_loss = 4.3780, ivc_loss = 0.0312, neg_loss_1 = 0.0003, neg_loss_2 = 0.0017, ref_loss = 0.0098, div_loss = 0.0370, aux_loss = 0.0200, aux_loss_eff = 0.0200, 0.660 seconds/batch
2026-04-21 20:10:19,732 - Epoch 25, Batch 1050, lr = 0.00005, alpha_2 = 0.200, aux_scale = 1.000,  final_loss = 4.2430, nll_loss = 4.1168, ref_nll_loss = 4.3692, ivc_loss = 0.0296, neg_loss_1 = 0.0001, neg_loss_2 = 0.0020, ref_loss = 0.0091, div_loss = 0.0358, aux_loss = 0.0201, aux_loss_eff = 0.0201, 0.660 seconds/batch
2026-04-21 20:10:52,300 - Epoch 25, Batch 1100, lr = 0.00005, alpha_2 = 0.200, aux_scale = 1.000,  final_loss = 4.2504, nll_loss = 4.1272, ref_nll_loss = 4.3736, ivc_loss = 0.0339, neg_loss_1 = 0.0005, neg_loss_2 = 0.0015, ref_loss = 0.0114, div_loss = 0.0358, aux_loss = 0.0200, aux_loss_eff = 0.0200, 0.660 seconds/batch
2026-04-21 20:11:18,498 - Epoch 25, Batch 1150, lr = 0.00005, alpha_2 = 0.200, aux_scale = 1.000,  final_loss = 4.2744, nll_loss = 4.1546, ref_nll_loss = 4.3942, ivc_loss = 0.0358, neg_loss_1 = 0.0004, neg_loss_2 = 0.0018, ref_loss = 0.0121, div_loss = 0.0363, aux_loss = 0.0201, aux_loss_eff = 0.0201, 0.654 seconds/batch
2026-04-21 20:11:28,177 - Epoch 25, Batch 1170, lr = 0.00005, alpha_2 = 0.200, aux_scale = 1.000,  final_loss = 4.2383, nll_loss = 4.1165, ref_nll_loss = 4.3601, ivc_loss = 0.0313, neg_loss_1 = 0.0004, neg_loss_2 = 0.0018, ref_loss = 0.0097, div_loss = 0.0365, aux_loss = 0.0200, aux_loss_eff = 0.0200, 0.651 seconds/batch
2026-04-21 20:11:28,256 - save model to checkpoints/activitynet_moe_v2_shared_gate/moe_v2_shared_gate/model-25.pt, num_updates 29250.
2026-04-21 20:13:45,846 - | R@1,mIoU 0.3391 | R@1,IoU@0.1 0.7995 | R@1,IoU@0.3 0.4707 | R@1,IoU@0.5 0.2457 | R@1,IoU@0.7 0.1313 | R@1,IoU@0.9 0.0399 | R@5,mIoU 0.5196 | R@5,IoU@0.1 0.9137 | R@5,IoU@0.3 0.7499 | R@5,IoU@0.5 0.5491 | R@5,IoU@0.7 0.3000 | R@5,IoU@0.9 0.0823 |
2026-04-21 20:13:45,847 - ============================================================
2026-04-21 20:13:45,847 - Start Epoch 26
2026-04-21 20:14:18,935 - Epoch 26, Batch 50, lr = 0.00005, alpha_2 = 0.200, aux_scale = 1.000,  final_loss = 4.2054, nll_loss = 4.0821, ref_nll_loss = 4.3287, ivc_loss = 0.0340, neg_loss_1 = 0.0004, neg_loss_2 = 0.0023, ref_loss = 0.0105, div_loss = 0.0374, aux_loss = 0.0200, aux_loss_eff = 0.0200, 0.662 seconds/batch
2026-04-21 20:14:51,780 - Epoch 26, Batch 100, lr = 0.00005, alpha_2 = 0.200, aux_scale = 1.000,  final_loss = 4.2102, nll_loss = 4.0858, ref_nll_loss = 4.3346, ivc_loss = 0.0289, neg_loss_1 = 0.0001, neg_loss_2 = 0.0020, ref_loss = 0.0086, div_loss = 0.0372, aux_loss = 0.0200, aux_loss_eff = 0.0200, 0.659 seconds/batch
2026-04-21 20:15:24,626 - Epoch 26, Batch 150, lr = 0.00005, alpha_2 = 0.200, aux_scale = 1.000,  final_loss = 4.2339, nll_loss = 4.1061, ref_nll_loss = 4.3617, ivc_loss = 0.0264, neg_loss_1 = 0.0004, neg_loss_2 = 0.0012, ref_loss = 0.0079, div_loss = 0.0370, aux_loss = 0.0200, aux_loss_eff = 0.0200, 0.659 seconds/batch
2026-04-21 20:15:57,593 - Epoch 26, Batch 200, lr = 0.00005, alpha_2 = 0.200, aux_scale = 1.000,  final_loss = 4.2286, nll_loss = 4.1066, ref_nll_loss = 4.3507, ivc_loss = 0.0295, neg_loss_1 = 0.0002, neg_loss_2 = 0.0022, ref_loss = 0.0087, div_loss = 0.0363, aux_loss = 0.0201, aux_loss_eff = 0.0201, 0.659 seconds/batch
2026-04-21 20:16:30,609 - Epoch 26, Batch 250, lr = 0.00005, alpha_2 = 0.200, aux_scale = 1.000,  final_loss = 4.1986, nll_loss = 4.0741, ref_nll_loss = 4.3230, ivc_loss = 0.0298, neg_loss_1 = 0.0006, neg_loss_2 = 0.0012, ref_loss = 0.0095, div_loss = 0.0362, aux_loss = 0.0200, aux_loss_eff = 0.0200, 0.659 seconds/batch
2026-04-21 20:17:03,568 - Epoch 26, Batch 300, lr = 0.00005, alpha_2 = 0.200, aux_scale = 1.000,  final_loss = 4.2383, nll_loss = 4.1148, ref_nll_loss = 4.3619, ivc_loss = 0.0308, neg_loss_1 = 0.0004, neg_loss_2 = 0.0014, ref_loss = 0.0100, div_loss = 0.0363, aux_loss = 0.0200, aux_loss_eff = 0.0200, 0.659 seconds/batch
2026-04-21 20:17:36,609 - Epoch 26, Batch 350, lr = 0.00005, alpha_2 = 0.200, aux_scale = 1.000,  final_loss = 4.2186, nll_loss = 4.0944, ref_nll_loss = 4.3427, ivc_loss = 0.0350, neg_loss_1 = 0.0004, neg_loss_2 = 0.0023, ref_loss = 0.0111, div_loss = 0.0367, aux_loss = 0.0200, aux_loss_eff = 0.0200, 0.659 seconds/batch
2026-04-21 20:18:09,622 - Epoch 26, Batch 400, lr = 0.00005, alpha_2 = 0.200, aux_scale = 1.000,  final_loss = 4.2456, nll_loss = 4.1204, ref_nll_loss = 4.3707, ivc_loss = 0.0290, neg_loss_1 = 0.0002, neg_loss_2 = 0.0011, ref_loss = 0.0095, div_loss = 0.0371, aux_loss = 0.0200, aux_loss_eff = 0.0200, 0.659 seconds/batch
2026-04-21 20:18:42,621 - Epoch 26, Batch 450, lr = 0.00005, alpha_2 = 0.200, aux_scale = 1.000,  final_loss = 4.2224, nll_loss = 4.0953, ref_nll_loss = 4.3494, ivc_loss = 0.0273, neg_loss_1 = 0.0000, neg_loss_2 = 0.0013, ref_loss = 0.0087, div_loss = 0.0358, aux_loss = 0.0200, aux_loss_eff = 0.0200, 0.659 seconds/batch
2026-04-21 20:19:15,611 - Epoch 26, Batch 500, lr = 0.00005, alpha_2 = 0.200, aux_scale = 1.000,  final_loss = 4.2048, nll_loss = 4.0797, ref_nll_loss = 4.3298, ivc_loss = 0.0306, neg_loss_1 = 0.0001, neg_loss_2 = 0.0019, ref_loss = 0.0097, div_loss = 0.0356, aux_loss = 0.0200, aux_loss_eff = 0.0200, 0.660 seconds/batch
2026-04-21 20:19:48,562 - Epoch 26, Batch 550, lr = 0.00005, alpha_2 = 0.200, aux_scale = 1.000,  final_loss = 4.2093, nll_loss = 4.0866, ref_nll_loss = 4.3319, ivc_loss = 0.0339, neg_loss_1 = 0.0004, neg_loss_2 = 0.0021, ref_loss = 0.0109, div_loss = 0.0363, aux_loss = 0.0200, aux_loss_eff = 0.0200, 0.659 seconds/batch
2026-04-21 20:20:21,561 - Epoch 26, Batch 600, lr = 0.00005, alpha_2 = 0.200, aux_scale = 1.000,  final_loss = 4.1989, nll_loss = 4.0701, ref_nll_loss = 4.3278, ivc_loss = 0.0266, neg_loss_1 = 0.0002, neg_loss_2 = 0.0010, ref_loss = 0.0085, div_loss = 0.0362, aux_loss = 0.0200, aux_loss_eff = 0.0200, 0.660 seconds/batch
2026-04-21 20:20:54,548 - Epoch 26, Batch 650, lr = 0.00005, alpha_2 = 0.200, aux_scale = 1.000,  final_loss = 4.2290, nll_loss = 4.0994, ref_nll_loss = 4.3586, ivc_loss = 0.0290, neg_loss_1 = 0.0004, neg_loss_2 = 0.0017, ref_loss = 0.0088, div_loss = 0.0366, aux_loss = 0.0201, aux_loss_eff = 0.0201, 0.660 seconds/batch
2026-04-21 20:21:27,468 - Epoch 26, Batch 700, lr = 0.00005, alpha_2 = 0.200, aux_scale = 1.000,  final_loss = 4.2633, nll_loss = 4.1413, ref_nll_loss = 4.3852, ivc_loss = 0.0381, neg_loss_1 = 0.0004, neg_loss_2 = 0.0027, ref_loss = 0.0123, div_loss = 0.0366, aux_loss = 0.0200, aux_loss_eff = 0.0200, 0.659 seconds/batch
2026-04-21 20:22:00,258 - Epoch 26, Batch 750, lr = 0.00005, alpha_2 = 0.200, aux_scale = 1.000,  final_loss = 4.2362, nll_loss = 4.1096, ref_nll_loss = 4.3627, ivc_loss = 0.0284, neg_loss_1 = 0.0002, neg_loss_2 = 0.0018, ref_loss = 0.0086, div_loss = 0.0368, aux_loss = 0.0200, aux_loss_eff = 0.0200, 0.659 seconds/batch
2026-04-21 20:22:33,183 - Epoch 26, Batch 800, lr = 0.00005, alpha_2 = 0.200, aux_scale = 1.000,  final_loss = 4.2754, nll_loss = 4.1512, ref_nll_loss = 4.3996, ivc_loss = 0.0335, neg_loss_1 = 0.0004, neg_loss_2 = 0.0021, ref_loss = 0.0104, div_loss = 0.0383, aux_loss = 0.0203, aux_loss_eff = 0.0203, 0.659 seconds/batch
2026-04-21 20:23:06,128 - Epoch 26, Batch 850, lr = 0.00005, alpha_2 = 0.200, aux_scale = 1.000,  final_loss = 4.2465, nll_loss = 4.1236, ref_nll_loss = 4.3694, ivc_loss = 0.0369, neg_loss_1 = 0.0004, neg_loss_2 = 0.0026, ref_loss = 0.0117, div_loss = 0.0383, aux_loss = 0.0200, aux_loss_eff = 0.0200, 0.659 seconds/batch
2026-04-21 20:23:39,116 - Epoch 26, Batch 900, lr = 0.00005, alpha_2 = 0.200, aux_scale = 1.000,  final_loss = 4.1952, nll_loss = 4.0686, ref_nll_loss = 4.3219, ivc_loss = 0.0309, neg_loss_1 = 0.0005, neg_loss_2 = 0.0014, ref_loss = 0.0098, div_loss = 0.0382, aux_loss = 0.0200, aux_loss_eff = 0.0200, 0.659 seconds/batch
2026-04-21 20:24:12,082 - Epoch 26, Batch 950, lr = 0.00005, alpha_2 = 0.200, aux_scale = 1.000,  final_loss = 4.2488, nll_loss = 4.1221, ref_nll_loss = 4.3756, ivc_loss = 0.0298, neg_loss_1 = 0.0001, neg_loss_2 = 0.0015, ref_loss = 0.0095, div_loss = 0.0380, aux_loss = 0.0200, aux_loss_eff = 0.0200, 0.659 seconds/batch
2026-04-21 20:24:45,106 - Epoch 26, Batch 1000, lr = 0.00005, alpha_2 = 0.200, aux_scale = 1.000,  final_loss = 4.2291, nll_loss = 4.1064, ref_nll_loss = 4.3518, ivc_loss = 0.0319, neg_loss_1 = 0.0001, neg_loss_2 = 0.0014, ref_loss = 0.0107, div_loss = 0.0372, aux_loss = 0.0200, aux_loss_eff = 0.0200, 0.659 seconds/batch
2026-04-21 20:25:18,114 - Epoch 26, Batch 1050, lr = 0.00005, alpha_2 = 0.200, aux_scale = 1.000,  final_loss = 4.2298, nll_loss = 4.1086, ref_nll_loss = 4.3510, ivc_loss = 0.0359, neg_loss_1 = 0.0004, neg_loss_2 = 0.0022, ref_loss = 0.0115, div_loss = 0.0381, aux_loss = 0.0200, aux_loss_eff = 0.0200, 0.659 seconds/batch
2026-04-21 20:25:50,766 - Epoch 26, Batch 1100, lr = 0.00005, alpha_2 = 0.200, aux_scale = 1.000,  final_loss = 4.1981, nll_loss = 4.0723, ref_nll_loss = 4.3239, ivc_loss = 0.0332, neg_loss_1 = 0.0004, neg_loss_2 = 0.0016, ref_loss = 0.0108, div_loss = 0.0378, aux_loss = 0.0200, aux_loss_eff = 0.0200, 0.659 seconds/batch
2026-04-21 20:26:16,942 - Epoch 26, Batch 1150, lr = 0.00005, alpha_2 = 0.200, aux_scale = 1.000,  final_loss = 4.2445, nll_loss = 4.1212, ref_nll_loss = 4.3678, ivc_loss = 0.0324, neg_loss_1 = 0.0003, neg_loss_2 = 0.0012, ref_loss = 0.0110, div_loss = 0.0376, aux_loss = 0.0200, aux_loss_eff = 0.0200, 0.653 seconds/batch
2026-04-21 20:26:26,646 - Epoch 26, Batch 1170, lr = 0.00005, alpha_2 = 0.200, aux_scale = 1.000,  final_loss = 4.2753, nll_loss = 4.1547, ref_nll_loss = 4.3959, ivc_loss = 0.0366, neg_loss_1 = 0.0009, neg_loss_2 = 0.0022, ref_loss = 0.0115, div_loss = 0.0367, aux_loss = 0.0200, aux_loss_eff = 0.0200, 0.650 seconds/batch
2026-04-21 20:26:26,722 - save model to checkpoints/activitynet_moe_v2_shared_gate/moe_v2_shared_gate/model-26.pt, num_updates 30420.
2026-04-21 20:28:44,670 - | R@1,mIoU 0.3392 | R@1,IoU@0.1 0.7985 | R@1,IoU@0.3 0.4697 | R@1,IoU@0.5 0.2457 | R@1,IoU@0.7 0.1315 | R@1,IoU@0.9 0.0422 | R@5,mIoU 0.5222 | R@5,IoU@0.1 0.9136 | R@5,IoU@0.3 0.7483 | R@5,IoU@0.5 0.5512 | R@5,IoU@0.7 0.3074 | R@5,IoU@0.9 0.0865 |
2026-04-21 20:28:44,670 - ============================================================
2026-04-21 20:28:44,670 - Start Epoch 27
2026-04-21 20:29:17,973 - Epoch 27, Batch 50, lr = 0.00005, alpha_2 = 0.200, aux_scale = 1.000,  final_loss = 4.1722, nll_loss = 4.0447, ref_nll_loss = 4.2997, ivc_loss = 0.0271, neg_loss_1 = 0.0006, neg_loss_2 = 0.0015, ref_loss = 0.0078, div_loss = 0.0371, aux_loss = 0.0200, aux_loss_eff = 0.0200, 0.666 seconds/batch
2026-04-21 20:29:50,950 - Epoch 27, Batch 100, lr = 0.00005, alpha_2 = 0.200, aux_scale = 1.000,  final_loss = 4.2184, nll_loss = 4.0957, ref_nll_loss = 4.3410, ivc_loss = 0.0326, neg_loss_1 = 0.0003, neg_loss_2 = 0.0023, ref_loss = 0.0100, div_loss = 0.0362, aux_loss = 0.0201, aux_loss_eff = 0.0201, 0.663 seconds/batch
2026-04-21 20:30:23,941 - Epoch 27, Batch 150, lr = 0.00005, alpha_2 = 0.200, aux_scale = 1.000,  final_loss = 4.2118, nll_loss = 4.0849, ref_nll_loss = 4.3388, ivc_loss = 0.0260, neg_loss_1 = 0.0003, neg_loss_2 = 0.0015, ref_loss = 0.0075, div_loss = 0.0371, aux_loss = 0.0201, aux_loss_eff = 0.0201, 0.662 seconds/batch
2026-04-21 20:30:56,952 - Epoch 27, Batch 200, lr = 0.00005, alpha_2 = 0.200, aux_scale = 1.000,  final_loss = 4.1651, nll_loss = 4.0413, ref_nll_loss = 4.2888, ivc_loss = 0.0316, neg_loss_1 = 0.0005, neg_loss_2 = 0.0016, ref_loss = 0.0100, div_loss = 0.0367, aux_loss = 0.0200, aux_loss_eff = 0.0200, 0.661 seconds/batch
2026-04-21 20:31:29,977 - Epoch 27, Batch 250, lr = 0.00005, alpha_2 = 0.200, aux_scale = 1.000,  final_loss = 4.2442, nll_loss = 4.1173, ref_nll_loss = 4.3712, ivc_loss = 0.0285, neg_loss_1 = 0.0002, neg_loss_2 = 0.0013, ref_loss = 0.0091, div_loss = 0.0366, aux_loss = 0.0200, aux_loss_eff = 0.0200, 0.661 seconds/batch
2026-04-21 20:32:02,980 - Epoch 27, Batch 300, lr = 0.00005, alpha_2 = 0.200, aux_scale = 1.000,  final_loss = 4.1744, nll_loss = 4.0480, ref_nll_loss = 4.3007, ivc_loss = 0.0320, neg_loss_1 = 0.0007, neg_loss_2 = 0.0020, ref_loss = 0.0097, div_loss = 0.0366, aux_loss = 0.0200, aux_loss_eff = 0.0200, 0.661 seconds/batch
2026-04-21 20:32:35,984 - Epoch 27, Batch 350, lr = 0.00005, alpha_2 = 0.200, aux_scale = 1.000,  final_loss = 4.2388, nll_loss = 4.1125, ref_nll_loss = 4.3652, ivc_loss = 0.0319, neg_loss_1 = 0.0003, neg_loss_2 = 0.0018, ref_loss = 0.0102, div_loss = 0.0365, aux_loss = 0.0200, aux_loss_eff = 0.0200, 0.661 seconds/batch
2026-04-21 20:33:08,992 - Epoch 27, Batch 400, lr = 0.00005, alpha_2 = 0.200, aux_scale = 1.000,  final_loss = 4.1782, nll_loss = 4.0538, ref_nll_loss = 4.3027, ivc_loss = 0.0319, neg_loss_1 = 0.0002, neg_loss_2 = 0.0017, ref_loss = 0.0106, div_loss = 0.0357, aux_loss = 0.0200, aux_loss_eff = 0.0200, 0.661 seconds/batch
2026-04-21 20:33:41,997 - Epoch 27, Batch 450, lr = 0.00005, alpha_2 = 0.200, aux_scale = 1.000,  final_loss = 4.1891, nll_loss = 4.0610, ref_nll_loss = 4.3172, ivc_loss = 0.0305, neg_loss_1 = 0.0002, neg_loss_2 = 0.0020, ref_loss = 0.0094, div_loss = 0.0364, aux_loss = 0.0200, aux_loss_eff = 0.0200, 0.661 seconds/batch
2026-04-21 20:34:14,995 - Epoch 27, Batch 500, lr = 0.00005, alpha_2 = 0.200, aux_scale = 1.000,  final_loss = 4.2230, nll_loss = 4.0978, ref_nll_loss = 4.3482, ivc_loss = 0.0317, neg_loss_1 = 0.0006, neg_loss_2 = 0.0014, ref_loss = 0.0101, div_loss = 0.0364, aux_loss = 0.0200, aux_loss_eff = 0.0200, 0.661 seconds/batch
2026-04-21 20:34:48,081 - Epoch 27, Batch 550, lr = 0.00005, alpha_2 = 0.200, aux_scale = 1.000,  final_loss = 4.2436, nll_loss = 4.1184, ref_nll_loss = 4.3689, ivc_loss = 0.0301, neg_loss_1 = 0.0006, neg_loss_2 = 0.0017, ref_loss = 0.0091, div_loss = 0.0359, aux_loss = 0.0200, aux_loss_eff = 0.0200, 0.661 seconds/batch
2026-04-21 20:35:21,052 - Epoch 27, Batch 600, lr = 0.00005, alpha_2 = 0.200, aux_scale = 1.000,  final_loss = 4.2549, nll_loss = 4.1299, ref_nll_loss = 4.3800, ivc_loss = 0.0339, neg_loss_1 = 0.0004, neg_loss_2 = 0.0023, ref_loss = 0.0106, div_loss = 0.0362, aux_loss = 0.0201, aux_loss_eff = 0.0201, 0.661 seconds/batch
2026-04-21 20:35:54,034 - Epoch 27, Batch 650, lr = 0.00005, alpha_2 = 0.200, aux_scale = 1.000,  final_loss = 4.2155, nll_loss = 4.0935, ref_nll_loss = 4.3376, ivc_loss = 0.0334, neg_loss_1 = 0.0001, neg_loss_2 = 0.0021, ref_loss = 0.0108, div_loss = 0.0360, aux_loss = 0.0200, aux_loss_eff = 0.0200, 0.661 seconds/batch
2026-04-21 20:36:27,054 - Epoch 27, Batch 700, lr = 0.00005, alpha_2 = 0.200, aux_scale = 1.000,  final_loss = 4.1634, nll_loss = 4.0411, ref_nll_loss = 4.2857, ivc_loss = 0.0357, neg_loss_1 = 0.0006, neg_loss_2 = 0.0029, ref_loss = 0.0108, div_loss = 0.0357, aux_loss = 0.0200, aux_loss_eff = 0.0200, 0.661 seconds/batch
2026-04-21 20:37:00,070 - Epoch 27, Batch 750, lr = 0.00005, alpha_2 = 0.200, aux_scale = 1.000,  final_loss = 4.2159, nll_loss = 4.0904, ref_nll_loss = 4.3414, ivc_loss = 0.0298, neg_loss_1 = 0.0002, neg_loss_2 = 0.0016, ref_loss = 0.0095, div_loss = 0.0361, aux_loss = 0.0201, aux_loss_eff = 0.0201, 0.661 seconds/batch
2026-04-21 20:37:33,063 - Epoch 27, Batch 800, lr = 0.00005, alpha_2 = 0.200, aux_scale = 1.000,  final_loss = 4.2206, nll_loss = 4.0957, ref_nll_loss = 4.3455, ivc_loss = 0.0288, neg_loss_1 = 0.0004, neg_loss_2 = 0.0012, ref_loss = 0.0093, div_loss = 0.0358, aux_loss = 0.0200, aux_loss_eff = 0.0200, 0.660 seconds/batch
2026-04-21 20:38:06,113 - Epoch 27, Batch 850, lr = 0.00005, alpha_2 = 0.200, aux_scale = 1.000,  final_loss = 4.2389, nll_loss = 4.1127, ref_nll_loss = 4.3650, ivc_loss = 0.0317, neg_loss_1 = 0.0001, neg_loss_2 = 0.0015, ref_loss = 0.0107, div_loss = 0.0365, aux_loss = 0.0201, aux_loss_eff = 0.0201, 0.661 seconds/batch
2026-04-21 20:38:39,151 - Epoch 27, Batch 900, lr = 0.00005, alpha_2 = 0.200, aux_scale = 1.000,  final_loss = 4.2246, nll_loss = 4.1001, ref_nll_loss = 4.3490, ivc_loss = 0.0329, neg_loss_1 = 0.0005, neg_loss_2 = 0.0011, ref_loss = 0.0112, div_loss = 0.0371, aux_loss = 0.0200, aux_loss_eff = 0.0200, 0.661 seconds/batch
2026-04-21 20:39:12,140 - Epoch 27, Batch 950, lr = 0.00005, alpha_2 = 0.200, aux_scale = 1.000,  final_loss = 4.2267, nll_loss = 4.0983, ref_nll_loss = 4.3551, ivc_loss = 0.0327, neg_loss_1 = 0.0001, neg_loss_2 = 0.0019, ref_loss = 0.0106, div_loss = 0.0370, aux_loss = 0.0200, aux_loss_eff = 0.0200, 0.660 seconds/batch
2026-04-21 20:39:45,105 - Epoch 27, Batch 1000, lr = 0.00005, alpha_2 = 0.200, aux_scale = 1.000,  final_loss = 4.2224, nll_loss = 4.0946, ref_nll_loss = 4.3503, ivc_loss = 0.0282, neg_loss_1 = 0.0003, neg_loss_2 = 0.0016, ref_loss = 0.0085, div_loss = 0.0369, aux_loss = 0.0200, aux_loss_eff = 0.0200, 0.660 seconds/batch
2026-04-21 20:40:18,112 - Epoch 27, Batch 1050, lr = 0.00005, alpha_2 = 0.200, aux_scale = 1.000,  final_loss = 4.2304, nll_loss = 4.1026, ref_nll_loss = 4.3582, ivc_loss = 0.0290, neg_loss_1 = 0.0001, neg_loss_2 = 0.0011, ref_loss = 0.0096, div_loss = 0.0366, aux_loss = 0.0200, aux_loss_eff = 0.0200, 0.660 seconds/batch
2026-04-21 20:40:50,632 - Epoch 27, Batch 1100, lr = 0.00005, alpha_2 = 0.200, aux_scale = 1.000,  final_loss = 4.2032, nll_loss = 4.0756, ref_nll_loss = 4.3309, ivc_loss = 0.0305, neg_loss_1 = 0.0003, neg_loss_2 = 0.0018, ref_loss = 0.0095, div_loss = 0.0365, aux_loss = 0.0200, aux_loss_eff = 0.0200, 0.660 seconds/batch
2026-04-21 20:41:16,799 - Epoch 27, Batch 1150, lr = 0.00005, alpha_2 = 0.200, aux_scale = 1.000,  final_loss = 4.1718, nll_loss = 4.0460, ref_nll_loss = 4.2977, ivc_loss = 0.0279, neg_loss_1 = 0.0001, neg_loss_2 = 0.0015, ref_loss = 0.0088, div_loss = 0.0363, aux_loss = 0.0200, aux_loss_eff = 0.0200, 0.654 seconds/batch
2026-04-21 20:41:26,488 - Epoch 27, Batch 1170, lr = 0.00005, alpha_2 = 0.200, aux_scale = 1.000,  final_loss = 4.2066, nll_loss = 4.0784, ref_nll_loss = 4.3349, ivc_loss = 0.0265, neg_loss_1 = 0.0001, neg_loss_2 = 0.0011, ref_loss = 0.0082, div_loss = 0.0377, aux_loss = 0.0201, aux_loss_eff = 0.0201, 0.651 seconds/batch
2026-04-21 20:41:26,572 - save model to checkpoints/activitynet_moe_v2_shared_gate/moe_v2_shared_gate/model-27.pt, num_updates 31590.
2026-04-21 20:43:45,553 - | R@1,mIoU 0.3404 | R@1,IoU@0.1 0.8008 | R@1,IoU@0.3 0.4726 | R@1,IoU@0.5 0.2450 | R@1,IoU@0.7 0.1315 | R@1,IoU@0.9 0.0453 | R@5,mIoU 0.5273 | R@5,IoU@0.1 0.9163 | R@5,IoU@0.3 0.7550 | R@5,IoU@0.5 0.5582 | R@5,IoU@0.7 0.3138 | R@5,IoU@0.9 0.0902 |
2026-04-21 20:43:45,553 - ============================================================
2026-04-21 20:43:45,553 - Start Epoch 28
2026-04-21 20:44:18,800 - Epoch 28, Batch 50, lr = 0.00004, alpha_2 = 0.200, aux_scale = 1.000,  final_loss = 4.1701, nll_loss = 4.0427, ref_nll_loss = 4.2975, ivc_loss = 0.0295, neg_loss_1 = 0.0004, neg_loss_2 = 0.0012, ref_loss = 0.0095, div_loss = 0.0366, aux_loss = 0.0200, aux_loss_eff = 0.0200, 0.665 seconds/batch
2026-04-21 20:44:51,764 - Epoch 28, Batch 100, lr = 0.00004, alpha_2 = 0.200, aux_scale = 1.000,  final_loss = 4.1753, nll_loss = 4.0478, ref_nll_loss = 4.3028, ivc_loss = 0.0275, neg_loss_1 = 0.0001, neg_loss_2 = 0.0013, ref_loss = 0.0088, div_loss = 0.0359, aux_loss = 0.0202, aux_loss_eff = 0.0202, 0.662 seconds/batch
2026-04-21 20:45:24,779 - Epoch 28, Batch 150, lr = 0.00004, alpha_2 = 0.200, aux_scale = 1.000,  final_loss = 4.1808, nll_loss = 4.0531, ref_nll_loss = 4.3085, ivc_loss = 0.0307, neg_loss_1 = 0.0003, neg_loss_2 = 0.0018, ref_loss = 0.0095, div_loss = 0.0373, aux_loss = 0.0200, aux_loss_eff = 0.0200, 0.661 seconds/batch
2026-04-21 20:45:57,778 - Epoch 28, Batch 200, lr = 0.00004, alpha_2 = 0.200, aux_scale = 1.000,  final_loss = 4.1707, nll_loss = 4.0420, ref_nll_loss = 4.2995, ivc_loss = 0.0289, neg_loss_1 = 0.0002, neg_loss_2 = 0.0011, ref_loss = 0.0094, div_loss = 0.0372, aux_loss = 0.0200, aux_loss_eff = 0.0200, 0.661 seconds/batch
2026-04-21 20:46:30,755 - Epoch 28, Batch 250, lr = 0.00004, alpha_2 = 0.200, aux_scale = 1.000,  final_loss = 4.1888, nll_loss = 4.0630, ref_nll_loss = 4.3145, ivc_loss = 0.0343, neg_loss_1 = 0.0005, neg_loss_2 = 0.0023, ref_loss = 0.0106, div_loss = 0.0377, aux_loss = 0.0200, aux_loss_eff = 0.0200, 0.661 seconds/batch
2026-04-21 20:47:03,776 - Epoch 28, Batch 300, lr = 0.00004, alpha_2 = 0.200, aux_scale = 1.000,  final_loss = 4.2058, nll_loss = 4.0792, ref_nll_loss = 4.3324, ivc_loss = 0.0302, neg_loss_1 = 0.0003, neg_loss_2 = 0.0019, ref_loss = 0.0093, div_loss = 0.0366, aux_loss = 0.0201, aux_loss_eff = 0.0201, 0.661 seconds/batch
2026-04-21 20:47:36,982 - Epoch 28, Batch 350, lr = 0.00004, alpha_2 = 0.200, aux_scale = 1.000,  final_loss = 4.1619, nll_loss = 4.0342, ref_nll_loss = 4.2896, ivc_loss = 0.0313, neg_loss_1 = 0.0003, neg_loss_2 = 0.0016, ref_loss = 0.0101, div_loss = 0.0365, aux_loss = 0.0200, aux_loss_eff = 0.0200, 0.661 seconds/batch
2026-04-21 20:48:09,998 - Epoch 28, Batch 400, lr = 0.00004, alpha_2 = 0.200, aux_scale = 1.000,  final_loss = 4.1891, nll_loss = 4.0613, ref_nll_loss = 4.3169, ivc_loss = 0.0286, neg_loss_1 = 0.0003, neg_loss_2 = 0.0011, ref_loss = 0.0091, div_loss = 0.0367, aux_loss = 0.0200, aux_loss_eff = 0.0200, 0.661 seconds/batch
2026-04-21 20:48:42,996 - Epoch 28, Batch 450, lr = 0.00004, alpha_2 = 0.200, aux_scale = 1.000,  final_loss = 4.2071, nll_loss = 4.0818, ref_nll_loss = 4.3324, ivc_loss = 0.0288, neg_loss_1 = 0.0002, neg_loss_2 = 0.0012, ref_loss = 0.0092, div_loss = 0.0374, aux_loss = 0.0200, aux_loss_eff = 0.0200, 0.661 seconds/batch
2026-04-21 20:49:15,986 - Epoch 28, Batch 500, lr = 0.00004, alpha_2 = 0.200, aux_scale = 1.000,  final_loss = 4.2080, nll_loss = 4.0834, ref_nll_loss = 4.3326, ivc_loss = 0.0317, neg_loss_1 = 0.0003, neg_loss_2 = 0.0025, ref_loss = 0.0093, div_loss = 0.0377, aux_loss = 0.0200, aux_loss_eff = 0.0200, 0.661 seconds/batch
2026-04-21 20:49:48,970 - Epoch 28, Batch 550, lr = 0.00004, alpha_2 = 0.200, aux_scale = 1.000,  final_loss = 4.2226, nll_loss = 4.0960, ref_nll_loss = 4.3491, ivc_loss = 0.0314, neg_loss_1 = 0.0001, neg_loss_2 = 0.0011, ref_loss = 0.0107, div_loss = 0.0380, aux_loss = 0.0200, aux_loss_eff = 0.0200, 0.661 seconds/batch
2026-04-21 20:50:21,972 - Epoch 28, Batch 600, lr = 0.00004, alpha_2 = 0.200, aux_scale = 1.000,  final_loss = 4.1856, nll_loss = 4.0620, ref_nll_loss = 4.3093, ivc_loss = 0.0341, neg_loss_1 = 0.0004, neg_loss_2 = 0.0021, ref_loss = 0.0109, div_loss = 0.0373, aux_loss = 0.0200, aux_loss_eff = 0.0200, 0.661 seconds/batch
2026-04-21 20:50:54,946 - Epoch 28, Batch 650, lr = 0.00004, alpha_2 = 0.200, aux_scale = 1.000,  final_loss = 4.2157, nll_loss = 4.0874, ref_nll_loss = 4.3441, ivc_loss = 0.0316, neg_loss_1 = 0.0004, neg_loss_2 = 0.0015, ref_loss = 0.0101, div_loss = 0.0372, aux_loss = 0.0200, aux_loss_eff = 0.0200, 0.661 seconds/batch
2026-04-21 20:51:27,940 - Epoch 28, Batch 700, lr = 0.00004, alpha_2 = 0.200, aux_scale = 1.000,  final_loss = 4.1969, nll_loss = 4.0711, ref_nll_loss = 4.3227, ivc_loss = 0.0314, neg_loss_1 = 0.0005, neg_loss_2 = 0.0016, ref_loss = 0.0099, div_loss = 0.0376, aux_loss = 0.0200, aux_loss_eff = 0.0200, 0.661 seconds/batch
2026-04-21 20:52:00,925 - Epoch 28, Batch 750, lr = 0.00004, alpha_2 = 0.200, aux_scale = 1.000,  final_loss = 4.1941, nll_loss = 4.0687, ref_nll_loss = 4.3196, ivc_loss = 0.0308, neg_loss_1 = 0.0002, neg_loss_2 = 0.0014, ref_loss = 0.0100, div_loss = 0.0377, aux_loss = 0.0201, aux_loss_eff = 0.0201, 0.660 seconds/batch
2026-04-21 20:52:33,893 - Epoch 28, Batch 800, lr = 0.00004, alpha_2 = 0.200, aux_scale = 1.000,  final_loss = 4.2039, nll_loss = 4.0777, ref_nll_loss = 4.3302, ivc_loss = 0.0303, neg_loss_1 = 0.0003, neg_loss_2 = 0.0011, ref_loss = 0.0101, div_loss = 0.0364, aux_loss = 0.0200, aux_loss_eff = 0.0200, 0.660 seconds/batch
2026-04-21 20:53:06,898 - Epoch 28, Batch 850, lr = 0.00004, alpha_2 = 0.200, aux_scale = 1.000,  final_loss = 4.1936, nll_loss = 4.0676, ref_nll_loss = 4.3196, ivc_loss = 0.0316, neg_loss_1 = 0.0002, neg_loss_2 = 0.0017, ref_loss = 0.0102, div_loss = 0.0368, aux_loss = 0.0200, aux_loss_eff = 0.0200, 0.660 seconds/batch
2026-04-21 20:53:39,868 - Epoch 28, Batch 900, lr = 0.00004, alpha_2 = 0.200, aux_scale = 1.000,  final_loss = 4.1671, nll_loss = 4.0432, ref_nll_loss = 4.2910, ivc_loss = 0.0338, neg_loss_1 = 0.0003, neg_loss_2 = 0.0021, ref_loss = 0.0109, div_loss = 0.0362, aux_loss = 0.0200, aux_loss_eff = 0.0200, 0.660 seconds/batch
2026-04-21 20:54:12,861 - Epoch 28, Batch 950, lr = 0.00004, alpha_2 = 0.200, aux_scale = 1.000,  final_loss = 4.1936, nll_loss = 4.0661, ref_nll_loss = 4.3212, ivc_loss = 0.0294, neg_loss_1 = 0.0008, neg_loss_2 = 0.0013, ref_loss = 0.0090, div_loss = 0.0357, aux_loss = 0.0201, aux_loss_eff = 0.0201, 0.660 seconds/batch
2026-04-21 20:54:45,855 - Epoch 28, Batch 1000, lr = 0.00004, alpha_2 = 0.200, aux_scale = 1.000,  final_loss = 4.1720, nll_loss = 4.0454, ref_nll_loss = 4.2986, ivc_loss = 0.0302, neg_loss_1 = 0.0003, neg_loss_2 = 0.0013, ref_loss = 0.0099, div_loss = 0.0358, aux_loss = 0.0200, aux_loss_eff = 0.0200, 0.660 seconds/batch
2026-04-21 20:55:18,867 - Epoch 28, Batch 1050, lr = 0.00004, alpha_2 = 0.200, aux_scale = 1.000,  final_loss = 4.1946, nll_loss = 4.0678, ref_nll_loss = 4.3215, ivc_loss = 0.0313, neg_loss_1 = 0.0002, neg_loss_2 = 0.0024, ref_loss = 0.0093, div_loss = 0.0374, aux_loss = 0.0203, aux_loss_eff = 0.0203, 0.660 seconds/batch
2026-04-21 20:55:50,948 - Epoch 28, Batch 1100, lr = 0.00004, alpha_2 = 0.200, aux_scale = 1.000,  final_loss = 4.1981, nll_loss = 4.0705, ref_nll_loss = 4.3257, ivc_loss = 0.0280, neg_loss_1 = 0.0001, neg_loss_2 = 0.0016, ref_loss = 0.0086, div_loss = 0.0376, aux_loss = 0.0201, aux_loss_eff = 0.0201, 0.659 seconds/batch
2026-04-21 20:56:17,063 - Epoch 28, Batch 1150, lr = 0.00004, alpha_2 = 0.200, aux_scale = 1.000,  final_loss = 4.2405, nll_loss = 4.1120, ref_nll_loss = 4.3690, ivc_loss = 0.0317, neg_loss_1 = 0.0001, neg_loss_2 = 0.0010, ref_loss = 0.0110, div_loss = 0.0370, aux_loss = 0.0200, aux_loss_eff = 0.0200, 0.653 seconds/batch
2026-04-21 20:56:26,750 - Epoch 28, Batch 1170, lr = 0.00004, alpha_2 = 0.200, aux_scale = 1.000,  final_loss = 4.1967, nll_loss = 4.0715, ref_nll_loss = 4.3219, ivc_loss = 0.0322, neg_loss_1 = 0.0010, neg_loss_2 = 0.0012, ref_loss = 0.0103, div_loss = 0.0362, aux_loss = 0.0200, aux_loss_eff = 0.0200, 0.651 seconds/batch
2026-04-21 20:56:26,825 - save model to checkpoints/activitynet_moe_v2_shared_gate/moe_v2_shared_gate/model-28.pt, num_updates 32760.
2026-04-21 20:58:45,285 - | R@1,mIoU 0.3397 | R@1,IoU@0.1 0.7997 | R@1,IoU@0.3 0.4721 | R@1,IoU@0.5 0.2440 | R@1,IoU@0.7 0.1314 | R@1,IoU@0.9 0.0451 | R@5,mIoU 0.5242 | R@5,IoU@0.1 0.9143 | R@5,IoU@0.3 0.7499 | R@5,IoU@0.5 0.5569 | R@5,IoU@0.7 0.3107 | R@5,IoU@0.9 0.0867 |
2026-04-21 20:58:45,285 - ============================================================
2026-04-21 20:58:45,285 - Start Epoch 29
2026-04-21 20:59:18,453 - Epoch 29, Batch 50, lr = 0.00004, alpha_2 = 0.200, aux_scale = 1.000,  final_loss = 4.1634, nll_loss = 4.0384, ref_nll_loss = 4.2884, ivc_loss = 0.0329, neg_loss_1 = 0.0002, neg_loss_2 = 0.0014, ref_loss = 0.0113, div_loss = 0.0366, aux_loss = 0.0200, aux_loss_eff = 0.0200, 0.663 seconds/batch
2026-04-21 20:59:51,467 - Epoch 29, Batch 100, lr = 0.00004, alpha_2 = 0.200, aux_scale = 1.000,  final_loss = 4.1462, nll_loss = 4.0173, ref_nll_loss = 4.2751, ivc_loss = 0.0287, neg_loss_1 = 0.0004, neg_loss_2 = 0.0009, ref_loss = 0.0095, div_loss = 0.0363, aux_loss = 0.0200, aux_loss_eff = 0.0200, 0.662 seconds/batch
2026-04-21 21:00:24,414 - Epoch 29, Batch 150, lr = 0.00004, alpha_2 = 0.200, aux_scale = 1.000,  final_loss = 4.1511, nll_loss = 4.0233, ref_nll_loss = 4.2789, ivc_loss = 0.0274, neg_loss_1 = 0.0003, neg_loss_2 = 0.0014, ref_loss = 0.0084, div_loss = 0.0361, aux_loss = 0.0200, aux_loss_eff = 0.0200, 0.661 seconds/batch
2026-04-21 21:00:57,431 - Epoch 29, Batch 200, lr = 0.00004, alpha_2 = 0.200, aux_scale = 1.000,  final_loss = 4.1746, nll_loss = 4.0470, ref_nll_loss = 4.3023, ivc_loss = 0.0322, neg_loss_1 = 0.0002, neg_loss_2 = 0.0023, ref_loss = 0.0099, div_loss = 0.0363, aux_loss = 0.0201, aux_loss_eff = 0.0201, 0.661 seconds/batch
2026-04-21 21:01:30,421 - Epoch 29, Batch 250, lr = 0.00004, alpha_2 = 0.200, aux_scale = 1.000,  final_loss = 4.1683, nll_loss = 4.0398, ref_nll_loss = 4.2968, ivc_loss = 0.0325, neg_loss_1 = 0.0005, neg_loss_2 = 0.0023, ref_loss = 0.0098, div_loss = 0.0365, aux_loss = 0.0201, aux_loss_eff = 0.0201, 0.661 seconds/batch
2026-04-21 21:02:03,414 - Epoch 29, Batch 300, lr = 0.00004, alpha_2 = 0.200, aux_scale = 1.000,  final_loss = 4.1327, nll_loss = 4.0081, ref_nll_loss = 4.2572, ivc_loss = 0.0328, neg_loss_1 = 0.0002, neg_loss_2 = 0.0012, ref_loss = 0.0112, div_loss = 0.0369, aux_loss = 0.0200, aux_loss_eff = 0.0200, 0.660 seconds/batch
2026-04-21 21:02:36,398 - Epoch 29, Batch 350, lr = 0.00004, alpha_2 = 0.200, aux_scale = 1.000,  final_loss = 4.1898, nll_loss = 4.0616, ref_nll_loss = 4.3180, ivc_loss = 0.0297, neg_loss_1 = 0.0002, neg_loss_2 = 0.0016, ref_loss = 0.0094, div_loss = 0.0366, aux_loss = 0.0200, aux_loss_eff = 0.0200, 0.660 seconds/batch
2026-04-21 21:03:09,411 - Epoch 29, Batch 400, lr = 0.00004, alpha_2 = 0.200, aux_scale = 1.000,  final_loss = 4.1858, nll_loss = 4.0578, ref_nll_loss = 4.3137, ivc_loss = 0.0309, neg_loss_1 = 0.0001, neg_loss_2 = 0.0016, ref_loss = 0.0101, div_loss = 0.0363, aux_loss = 0.0200, aux_loss_eff = 0.0200, 0.660 seconds/batch
2026-04-21 21:03:42,376 - Epoch 29, Batch 450, lr = 0.00004, alpha_2 = 0.200, aux_scale = 1.000,  final_loss = 4.1709, nll_loss = 4.0427, ref_nll_loss = 4.2992, ivc_loss = 0.0294, neg_loss_1 = 0.0001, neg_loss_2 = 0.0022, ref_loss = 0.0088, div_loss = 0.0363, aux_loss = 0.0200, aux_loss_eff = 0.0200, 0.660 seconds/batch
2026-04-21 21:04:15,366 - Epoch 29, Batch 500, lr = 0.00004, alpha_2 = 0.200, aux_scale = 1.000,  final_loss = 4.1907, nll_loss = 4.0646, ref_nll_loss = 4.3168, ivc_loss = 0.0317, neg_loss_1 = 0.0001, neg_loss_2 = 0.0020, ref_loss = 0.0101, div_loss = 0.0364, aux_loss = 0.0201, aux_loss_eff = 0.0201, 0.660 seconds/batch
2026-04-21 21:04:48,339 - Epoch 29, Batch 550, lr = 0.00004, alpha_2 = 0.200, aux_scale = 1.000,  final_loss = 4.1998, nll_loss = 4.0729, ref_nll_loss = 4.3267, ivc_loss = 0.0307, neg_loss_1 = 0.0001, neg_loss_2 = 0.0012, ref_loss = 0.0103, div_loss = 0.0367, aux_loss = 0.0200, aux_loss_eff = 0.0200, 0.660 seconds/batch
2026-04-21 21:05:21,361 - Epoch 29, Batch 600, lr = 0.00004, alpha_2 = 0.200, aux_scale = 1.000,  final_loss = 4.2029, nll_loss = 4.0747, ref_nll_loss = 4.3310, ivc_loss = 0.0295, neg_loss_1 = 0.0001, neg_loss_2 = 0.0017, ref_loss = 0.0093, div_loss = 0.0364, aux_loss = 0.0200, aux_loss_eff = 0.0200, 0.660 seconds/batch
2026-04-21 21:05:54,338 - Epoch 29, Batch 650, lr = 0.00004, alpha_2 = 0.200, aux_scale = 1.000,  final_loss = 4.2000, nll_loss = 4.0736, ref_nll_loss = 4.3264, ivc_loss = 0.0360, neg_loss_1 = 0.0006, neg_loss_2 = 0.0019, ref_loss = 0.0119, div_loss = 0.0368, aux_loss = 0.0201, aux_loss_eff = 0.0201, 0.660 seconds/batch
2026-04-21 21:06:27,295 - Epoch 29, Batch 700, lr = 0.00004, alpha_2 = 0.200, aux_scale = 1.000,  final_loss = 4.1583, nll_loss = 4.0311, ref_nll_loss = 4.2855, ivc_loss = 0.0347, neg_loss_1 = 0.0003, neg_loss_2 = 0.0020, ref_loss = 0.0113, div_loss = 0.0367, aux_loss = 0.0201, aux_loss_eff = 0.0201, 0.660 seconds/batch
2026-04-21 21:07:00,276 - Epoch 29, Batch 750, lr = 0.00004, alpha_2 = 0.200, aux_scale = 1.000,  final_loss = 4.1993, nll_loss = 4.0685, ref_nll_loss = 4.3302, ivc_loss = 0.0299, neg_loss_1 = 0.0003, neg_loss_2 = 0.0023, ref_loss = 0.0086, div_loss = 0.0379, aux_loss = 0.0201, aux_loss_eff = 0.0201, 0.660 seconds/batch
2026-04-21 21:07:33,240 - Epoch 29, Batch 800, lr = 0.00004, alpha_2 = 0.200, aux_scale = 1.000,  final_loss = 4.1646, nll_loss = 4.0368, ref_nll_loss = 4.2925, ivc_loss = 0.0295, neg_loss_1 = 0.0004, neg_loss_2 = 0.0012, ref_loss = 0.0094, div_loss = 0.0369, aux_loss = 0.0201, aux_loss_eff = 0.0201, 0.660 seconds/batch
2026-04-21 21:08:06,171 - Epoch 29, Batch 850, lr = 0.00004, alpha_2 = 0.200, aux_scale = 1.000,  final_loss = 4.1718, nll_loss = 4.0426, ref_nll_loss = 4.3010, ivc_loss = 0.0301, neg_loss_1 = 0.0002, neg_loss_2 = 0.0009, ref_loss = 0.0102, div_loss = 0.0365, aux_loss = 0.0200, aux_loss_eff = 0.0200, 0.660 seconds/batch
2026-04-21 21:08:39,159 - Epoch 29, Batch 900, lr = 0.00004, alpha_2 = 0.200, aux_scale = 1.000,  final_loss = 4.1890, nll_loss = 4.0651, ref_nll_loss = 4.3128, ivc_loss = 0.0330, neg_loss_1 = 0.0002, neg_loss_2 = 0.0014, ref_loss = 0.0113, div_loss = 0.0361, aux_loss = 0.0200, aux_loss_eff = 0.0200, 0.660 seconds/batch
2026-04-21 21:09:12,105 - Epoch 29, Batch 950, lr = 0.00004, alpha_2 = 0.200, aux_scale = 1.000,  final_loss = 4.1648, nll_loss = 4.0415, ref_nll_loss = 4.2882, ivc_loss = 0.0344, neg_loss_1 = 0.0005, neg_loss_2 = 0.0014, ref_loss = 0.0118, div_loss = 0.0355, aux_loss = 0.0200, aux_loss_eff = 0.0200, 0.660 seconds/batch
2026-04-21 21:09:45,067 - Epoch 29, Batch 1000, lr = 0.00004, alpha_2 = 0.200, aux_scale = 1.000,  final_loss = 4.1955, nll_loss = 4.0693, ref_nll_loss = 4.3217, ivc_loss = 0.0317, neg_loss_1 = 0.0000, neg_loss_2 = 0.0023, ref_loss = 0.0099, div_loss = 0.0362, aux_loss = 0.0200, aux_loss_eff = 0.0200, 0.660 seconds/batch
2026-04-21 21:10:18,025 - Epoch 29, Batch 1050, lr = 0.00004, alpha_2 = 0.200, aux_scale = 1.000,  final_loss = 4.1991, nll_loss = 4.0713, ref_nll_loss = 4.3269, ivc_loss = 0.0293, neg_loss_1 = 0.0001, neg_loss_2 = 0.0015, ref_loss = 0.0094, div_loss = 0.0360, aux_loss = 0.0200, aux_loss_eff = 0.0200, 0.660 seconds/batch
2026-04-21 21:10:50,298 - Epoch 29, Batch 1100, lr = 0.00004, alpha_2 = 0.200, aux_scale = 1.000,  final_loss = 4.1935, nll_loss = 4.0669, ref_nll_loss = 4.3200, ivc_loss = 0.0274, neg_loss_1 = 0.0001, neg_loss_2 = 0.0015, ref_loss = 0.0085, div_loss = 0.0362, aux_loss = 0.0201, aux_loss_eff = 0.0201, 0.659 seconds/batch
2026-04-21 21:11:16,448 - Epoch 29, Batch 1150, lr = 0.00004, alpha_2 = 0.200, aux_scale = 1.000,  final_loss = 4.2034, nll_loss = 4.0778, ref_nll_loss = 4.3289, ivc_loss = 0.0322, neg_loss_1 = 0.0001, neg_loss_2 = 0.0012, ref_loss = 0.0111, div_loss = 0.0363, aux_loss = 0.0200, aux_loss_eff = 0.0200, 0.653 seconds/batch
2026-04-21 21:11:26,251 - Epoch 29, Batch 1170, lr = 0.00004, alpha_2 = 0.200, aux_scale = 1.000,  final_loss = 4.1993, nll_loss = 4.0735, ref_nll_loss = 4.3250, ivc_loss = 0.0293, neg_loss_1 = 0.0002, neg_loss_2 = 0.0017, ref_loss = 0.0092, div_loss = 0.0360, aux_loss = 0.0200, aux_loss_eff = 0.0200, 0.650 seconds/batch
2026-04-21 21:11:26,328 - save model to checkpoints/activitynet_moe_v2_shared_gate/moe_v2_shared_gate/model-29.pt, num_updates 33930.
2026-04-21 21:13:43,872 - | R@1,mIoU 0.3391 | R@1,IoU@0.1 0.8002 | R@1,IoU@0.3 0.4703 | R@1,IoU@0.5 0.2441 | R@1,IoU@0.7 0.1307 | R@1,IoU@0.9 0.0422 | R@5,mIoU 0.5185 | R@5,IoU@0.1 0.9141 | R@5,IoU@0.3 0.7492 | R@5,IoU@0.5 0.5468 | R@5,IoU@0.7 0.2980 | R@5,IoU@0.9 0.0840 |
2026-04-21 21:13:43,873 - ============================================================
2026-04-21 21:13:43,873 - Start Epoch 30
2026-04-21 21:14:16,916 - Epoch 30, Batch 50, lr = 0.00004, alpha_2 = 0.200, aux_scale = 1.000,  final_loss = 4.1122, nll_loss = 3.9824, ref_nll_loss = 4.2420, ivc_loss = 0.0282, neg_loss_1 = 0.0005, neg_loss_2 = 0.0012, ref_loss = 0.0088, div_loss = 0.0364, aux_loss = 0.0201, aux_loss_eff = 0.0201, 0.661 seconds/batch
2026-04-21 21:14:49,919 - Epoch 30, Batch 100, lr = 0.00004, alpha_2 = 0.200, aux_scale = 1.000,  final_loss = 4.1310, nll_loss = 4.0070, ref_nll_loss = 4.2551, ivc_loss = 0.0331, neg_loss_1 = 0.0005, neg_loss_2 = 0.0017, ref_loss = 0.0107, div_loss = 0.0365, aux_loss = 0.0200, aux_loss_eff = 0.0200, 0.660 seconds/batch
2026-04-21 21:15:22,923 - Epoch 30, Batch 150, lr = 0.00004, alpha_2 = 0.200, aux_scale = 1.000,  final_loss = 4.1605, nll_loss = 4.0312, ref_nll_loss = 4.2898, ivc_loss = 0.0343, neg_loss_1 = 0.0003, neg_loss_2 = 0.0020, ref_loss = 0.0111, div_loss = 0.0366, aux_loss = 0.0200, aux_loss_eff = 0.0200, 0.660 seconds/batch
2026-04-21 21:15:55,897 - Epoch 30, Batch 200, lr = 0.00004, alpha_2 = 0.200, aux_scale = 1.000,  final_loss = 4.1506, nll_loss = 4.0185, ref_nll_loss = 4.2827, ivc_loss = 0.0305, neg_loss_1 = 0.0004, neg_loss_2 = 0.0015, ref_loss = 0.0097, div_loss = 0.0364, aux_loss = 0.0201, aux_loss_eff = 0.0201, 0.660 seconds/batch
2026-04-21 21:16:28,902 - Epoch 30, Batch 250, lr = 0.00004, alpha_2 = 0.200, aux_scale = 1.000,  final_loss = 4.1310, nll_loss = 4.0004, ref_nll_loss = 4.2616, ivc_loss = 0.0283, neg_loss_1 = 0.0001, neg_loss_2 = 0.0013, ref_loss = 0.0091, div_loss = 0.0368, aux_loss = 0.0201, aux_loss_eff = 0.0201, 0.660 seconds/batch
2026-04-21 21:17:01,895 - Epoch 30, Batch 300, lr = 0.00004, alpha_2 = 0.200, aux_scale = 1.000,  final_loss = 4.1437, nll_loss = 4.0197, ref_nll_loss = 4.2678, ivc_loss = 0.0326, neg_loss_1 = 0.0002, neg_loss_2 = 0.0017, ref_loss = 0.0107, div_loss = 0.0375, aux_loss = 0.0200, aux_loss_eff = 0.0200, 0.660 seconds/batch
2026-04-21 21:17:34,878 - Epoch 30, Batch 350, lr = 0.00004, alpha_2 = 0.200, aux_scale = 1.000,  final_loss = 4.1656, nll_loss = 4.0373, ref_nll_loss = 4.2940, ivc_loss = 0.0307, neg_loss_1 = 0.0004, neg_loss_2 = 0.0016, ref_loss = 0.0097, div_loss = 0.0369, aux_loss = 0.0201, aux_loss_eff = 0.0201, 0.660 seconds/batch
2026-04-21 21:18:07,853 - Epoch 30, Batch 400, lr = 0.00004, alpha_2 = 0.200, aux_scale = 1.000,  final_loss = 4.1640, nll_loss = 4.0392, ref_nll_loss = 4.2888, ivc_loss = 0.0325, neg_loss_1 = 0.0001, neg_loss_2 = 0.0015, ref_loss = 0.0110, div_loss = 0.0369, aux_loss = 0.0200, aux_loss_eff = 0.0200, 0.660 seconds/batch
2026-04-21 21:18:40,825 - Epoch 30, Batch 450, lr = 0.00004, alpha_2 = 0.200, aux_scale = 1.000,  final_loss = 4.1403, nll_loss = 4.0123, ref_nll_loss = 4.2683, ivc_loss = 0.0339, neg_loss_1 = 0.0003, neg_loss_2 = 0.0022, ref_loss = 0.0107, div_loss = 0.0375, aux_loss = 0.0200, aux_loss_eff = 0.0200, 0.660 seconds/batch
2026-04-21 21:19:13,814 - Epoch 30, Batch 500, lr = 0.00004, alpha_2 = 0.200, aux_scale = 1.000,  final_loss = 4.1952, nll_loss = 4.0696, ref_nll_loss = 4.3208, ivc_loss = 0.0292, neg_loss_1 = 0.0001, neg_loss_2 = 0.0010, ref_loss = 0.0097, div_loss = 0.0370, aux_loss = 0.0200, aux_loss_eff = 0.0200, 0.660 seconds/batch
2026-04-21 21:19:46,825 - Epoch 30, Batch 550, lr = 0.00004, alpha_2 = 0.200, aux_scale = 1.000,  final_loss = 4.1597, nll_loss = 4.0323, ref_nll_loss = 4.2871, ivc_loss = 0.0296, neg_loss_1 = 0.0002, neg_loss_2 = 0.0013, ref_loss = 0.0097, div_loss = 0.0369, aux_loss = 0.0200, aux_loss_eff = 0.0200, 0.660 seconds/batch
2026-04-21 21:20:19,814 - Epoch 30, Batch 600, lr = 0.00004, alpha_2 = 0.200, aux_scale = 1.000,  final_loss = 4.2005, nll_loss = 4.0694, ref_nll_loss = 4.3315, ivc_loss = 0.0316, neg_loss_1 = 0.0004, neg_loss_2 = 0.0019, ref_loss = 0.0098, div_loss = 0.0373, aux_loss = 0.0201, aux_loss_eff = 0.0201, 0.660 seconds/batch
2026-04-21 21:20:52,813 - Epoch 30, Batch 650, lr = 0.00004, alpha_2 = 0.200, aux_scale = 1.000,  final_loss = 4.1473, nll_loss = 4.0155, ref_nll_loss = 4.2790, ivc_loss = 0.0309, neg_loss_1 = 0.0002, neg_loss_2 = 0.0023, ref_loss = 0.0092, div_loss = 0.0374, aux_loss = 0.0201, aux_loss_eff = 0.0201, 0.660 seconds/batch
2026-04-21 21:21:25,798 - Epoch 30, Batch 700, lr = 0.00004, alpha_2 = 0.200, aux_scale = 1.000,  final_loss = 4.1593, nll_loss = 4.0345, ref_nll_loss = 4.2841, ivc_loss = 0.0342, neg_loss_1 = 0.0006, neg_loss_2 = 0.0011, ref_loss = 0.0117, div_loss = 0.0369, aux_loss = 0.0201, aux_loss_eff = 0.0201, 0.660 seconds/batch
2026-04-21 21:21:58,747 - Epoch 30, Batch 750, lr = 0.00004, alpha_2 = 0.200, aux_scale = 1.000,  final_loss = 4.1884, nll_loss = 4.0581, ref_nll_loss = 4.3186, ivc_loss = 0.0286, neg_loss_1 = 0.0003, neg_loss_2 = 0.0016, ref_loss = 0.0086, div_loss = 0.0367, aux_loss = 0.0201, aux_loss_eff = 0.0201, 0.660 seconds/batch
2026-04-21 21:22:31,714 - Epoch 30, Batch 800, lr = 0.00004, alpha_2 = 0.200, aux_scale = 1.000,  final_loss = 4.1493, nll_loss = 4.0190, ref_nll_loss = 4.2796, ivc_loss = 0.0301, neg_loss_1 = 0.0004, neg_loss_2 = 0.0012, ref_loss = 0.0099, div_loss = 0.0363, aux_loss = 0.0201, aux_loss_eff = 0.0201, 0.660 seconds/batch
2026-04-21 21:23:04,711 - Epoch 30, Batch 850, lr = 0.00004, alpha_2 = 0.200, aux_scale = 1.000,  final_loss = 4.1871, nll_loss = 4.0599, ref_nll_loss = 4.3143, ivc_loss = 0.0311, neg_loss_1 = 0.0004, neg_loss_2 = 0.0014, ref_loss = 0.0101, div_loss = 0.0364, aux_loss = 0.0200, aux_loss_eff = 0.0200, 0.660 seconds/batch
2026-04-21 21:23:37,686 - Epoch 30, Batch 900, lr = 0.00004, alpha_2 = 0.200, aux_scale = 1.000,  final_loss = 4.2223, nll_loss = 4.0925, ref_nll_loss = 4.3521, ivc_loss = 0.0255, neg_loss_1 = 0.0002, neg_loss_2 = 0.0005, ref_loss = 0.0083, div_loss = 0.0369, aux_loss = 0.0201, aux_loss_eff = 0.0201, 0.660 seconds/batch
2026-04-21 21:24:10,545 - Epoch 30, Batch 950, lr = 0.00004, alpha_2 = 0.200, aux_scale = 1.000,  final_loss = 4.1774, nll_loss = 4.0486, ref_nll_loss = 4.3063, ivc_loss = 0.0313, neg_loss_1 = 0.0001, neg_loss_2 = 0.0013, ref_loss = 0.0106, div_loss = 0.0371, aux_loss = 0.0201, aux_loss_eff = 0.0201, 0.660 seconds/batch
2026-04-21 21:24:43,539 - Epoch 30, Batch 1000, lr = 0.00004, alpha_2 = 0.200, aux_scale = 1.000,  final_loss = 4.1598, nll_loss = 4.0319, ref_nll_loss = 4.2876, ivc_loss = 0.0308, neg_loss_1 = 0.0004, neg_loss_2 = 0.0016, ref_loss = 0.0097, div_loss = 0.0367, aux_loss = 0.0201, aux_loss_eff = 0.0201, 0.660 seconds/batch
2026-04-21 21:25:16,488 - Epoch 30, Batch 1050, lr = 0.00004, alpha_2 = 0.200, aux_scale = 1.000,  final_loss = 4.1865, nll_loss = 4.0579, ref_nll_loss = 4.3151, ivc_loss = 0.0328, neg_loss_1 = 0.0002, neg_loss_2 = 0.0021, ref_loss = 0.0103, div_loss = 0.0372, aux_loss = 0.0200, aux_loss_eff = 0.0200, 0.660 seconds/batch
2026-04-21 21:25:48,742 - Epoch 30, Batch 1100, lr = 0.00004, alpha_2 = 0.200, aux_scale = 1.000,  final_loss = 4.1415, nll_loss = 4.0092, ref_nll_loss = 4.2737, ivc_loss = 0.0274, neg_loss_1 = 0.0001, neg_loss_2 = 0.0010, ref_loss = 0.0089, div_loss = 0.0372, aux_loss = 0.0201, aux_loss_eff = 0.0201, 0.659 seconds/batch
2026-04-21 21:26:14,867 - Epoch 30, Batch 1150, lr = 0.00004, alpha_2 = 0.200, aux_scale = 1.000,  final_loss = 4.1813, nll_loss = 4.0528, ref_nll_loss = 4.3097, ivc_loss = 0.0330, neg_loss_1 = 0.0006, neg_loss_2 = 0.0013, ref_loss = 0.0109, div_loss = 0.0366, aux_loss = 0.0201, aux_loss_eff = 0.0201, 0.653 seconds/batch
2026-04-21 21:26:24,666 - Epoch 30, Batch 1170, lr = 0.00004, alpha_2 = 0.200, aux_scale = 1.000,  final_loss = 4.1657, nll_loss = 4.0434, ref_nll_loss = 4.2880, ivc_loss = 0.0355, neg_loss_1 = 0.0012, neg_loss_2 = 0.0015, ref_loss = 0.0113, div_loss = 0.0367, aux_loss = 0.0200, aux_loss_eff = 0.0200, 0.650 seconds/batch
2026-04-21 21:26:24,742 - save model to checkpoints/activitynet_moe_v2_shared_gate/moe_v2_shared_gate/model-30.pt, num_updates 35100.
2026-04-21 21:28:29,064 - | R@1,mIoU 0.3385 | R@1,IoU@0.1 0.8018 | R@1,IoU@0.3 0.4686 | R@1,IoU@0.5 0.2440 | R@1,IoU@0.7 0.1299 | R@1,IoU@0.9 0.0392 | R@5,mIoU 0.5206 | R@5,IoU@0.1 0.9125 | R@5,IoU@0.3 0.7488 | R@5,IoU@0.5 0.5491 | R@5,IoU@0.7 0.3056 | R@5,IoU@0.9 0.0853 |
2026-04-21 21:28:29,064 - ============================================================
2026-04-21 21:28:29,064 - === Final Best Results ===
2026-04-21 21:28:29,064 - R@1-best: | R@1,mIoU 0.3462 | R@1,IoU@0.1 0.7846 | R@1,IoU@0.3 0.4892 | R@1,IoU@0.5 0.2669 | R@1,IoU@0.7 0.1375 | R@1,IoU@0.9 0.0406 | R@5,mIoU 0.5346 | R@5,IoU@0.1 0.9221 | R@5,IoU@0.3 0.7596 | R@5,IoU@0.5 0.5661 | R@5,IoU@0.7 0.3243 | R@5,IoU@0.9 0.0999 |
2026-04-21 21:28:29,064 - R@5-best: | R@1,mIoU 0.3396 | R@1,IoU@0.1 0.7098 | R@1,IoU@0.3 0.4994 | R@1,IoU@0.5 0.2929 | R@1,IoU@0.7 0.1438 | R@1,IoU@0.9 0.0278 | R@5,mIoU 0.5537 | R@5,IoU@0.1 0.9114 | R@5,IoU@0.3 0.7577 | R@5,IoU@0.5 0.5969 | R@5,IoU@0.7 0.3985 | R@5,IoU@0.9 0.0998 |
2026-04-21 21:28:29,064 - Tradeoff-best: | R@1,mIoU 0.3396 | R@1,IoU@0.1 0.7098 | R@1,IoU@0.3 0.4994 | R@1,IoU@0.5 0.2929 | R@1,IoU@0.7 0.1438 | R@1,IoU@0.9 0.0278 | R@5,mIoU 0.5537 | R@5,IoU@0.1 0.9114 | R@5,IoU@0.3 0.7577 | R@5,IoU@0.5 0.5969 | R@5,IoU@0.7 0.3985 | R@5,IoU@0.9 0.0998 |
