2026-04-21 13:59:11,610 - {'dataset': {'dataset': 'ActivityNet', 'feature_path': '/data/chenyuan/videogrounding/cpl-main/data/activitynet/sub_activitynet_v1-3.c3d.hdf5', 'vocab_size': 8000, 'word_dim': 300, 'frame_dim': 500, 'max_num_words': 20, 'max_num_frames': 200, 'target_stride': 1, 'train_data': 'data/activitynet/train_data.json', 'test_data': 'data/activitynet/test_data.json', 'val_data': 'data/activitynet/val_data.json', 'vocab_path': 'data/activitynet/glove.pkl'}, 'train': {'optimizer': {'lr': 0.0004, 'weight_decay': 0, 'warmup_updates': 400, 'warmup_init_lr': 1e-07}, 'batch_size': 32, 'max_num_epochs': 30, 'model_saved_path': 'checkpoints/activitynet_moe_v2_staged_alpha_aux/moe_v2_staged_alpha_aux'}, 'model': {'name': 'CPL_MoE', 'source': 'models', 'config': {'frames_input_size': 500, 'words_input_size': 300, 'hidden_size': 256, 'use_negative': True, 'num_props': 8, 'sigma': 9, 'gamma': 0, 'dropout': 0.1, 'DualTransformer': {'d_model': 256, 'num_heads': 4, 'num_decoder_layers1': 3, 'num_decoder_layers2': 3, 'dropout': 0.1}, 'MoE': {'use_moe': True, 'use_simple_moe': False, 'num_experts': 8, 'num_shared_experts': 2, 'top_k': 2, 'use_load_balance_loss': True, 'load_balance_weight': 0.01, 'use_2layer_gate': True}}}, 'loss': {'margin_1': 0.1, 'margin_2': 0.15, 'lambda': 0.115, 'alpha_1': 2, 'alpha_2': 1.0, 'alpha_2_schedule': [[4, 1.0], [10, 0.5], [30, 0.2]], 'aux_loss_scale_schedule': [[4, 0.1], [10, 0.5], [30, 1.0]]}, '_comment': 'Staged alpha_2 + staged aux_loss. Diversity first, then let load-balance pressure grow. Run with train_moe_v2.py.', 'vote': True}
2026-04-21 13:59:11,979 - train: 37421 samples, test: 17031 samples
2026-04-21 13:59:13,035 - Start Epoch 1
2026-04-21 13:59:44,809 - Epoch 1, Batch 50, lr = 0.00005, alpha_2 = 1.000, aux_scale = 0.100,  final_loss = 8.8766, nll_loss = 8.8390, ref_nll_loss = 8.9141, ivc_loss = 0.7689, neg_loss_1 = 0.0831, neg_loss_2 = 0.0856, ref_loss = 0.0482, div_loss = 0.3350, aux_loss = 0.0220, aux_loss_eff = 0.0022, 0.635 seconds/batch
2026-04-21 14:00:17,712 - Epoch 1, Batch 100, lr = 0.00010, alpha_2 = 1.000, aux_scale = 0.100,  final_loss = 7.9736, nll_loss = 7.9367, ref_nll_loss = 8.0105, ivc_loss = 0.3916, neg_loss_1 = 0.0601, neg_loss_2 = 0.0571, ref_loss = 0.0437, div_loss = 0.0698, aux_loss = 0.0294, aux_loss_eff = 0.0029, 0.647 seconds/batch
2026-04-21 14:00:50,643 - Epoch 1, Batch 150, lr = 0.00015, alpha_2 = 1.000, aux_scale = 0.100,  final_loss = 7.2032, nll_loss = 7.1616, ref_nll_loss = 7.2447, ivc_loss = 0.3350, neg_loss_1 = 0.0536, neg_loss_2 = 0.0536, ref_loss = 0.0395, div_loss = 0.0417, aux_loss = 0.0346, aux_loss_eff = 0.0035, 0.651 seconds/batch
2026-04-21 14:01:23,555 - Epoch 1, Batch 200, lr = 0.00020, alpha_2 = 1.000, aux_scale = 0.100,  final_loss = 6.6487, nll_loss = 6.6036, ref_nll_loss = 6.6937, ivc_loss = 0.3139, neg_loss_1 = 0.0481, neg_loss_2 = 0.0537, ref_loss = 0.0363, div_loss = 0.0376, aux_loss = 0.0356, aux_loss_eff = 0.0036, 0.653 seconds/batch
2026-04-21 14:01:56,339 - Epoch 1, Batch 250, lr = 0.00025, alpha_2 = 1.000, aux_scale = 0.100,  final_loss = 6.3844, nll_loss = 6.3338, ref_nll_loss = 6.4350, ivc_loss = 0.2830, neg_loss_1 = 0.0470, neg_loss_2 = 0.0477, ref_loss = 0.0325, div_loss = 0.0286, aux_loss = 0.0348, aux_loss_eff = 0.0035, 0.653 seconds/batch
2026-04-21 14:02:29,238 - Epoch 1, Batch 300, lr = 0.00030, alpha_2 = 1.000, aux_scale = 0.100,  final_loss = 6.2577, nll_loss = 6.2056, ref_nll_loss = 6.3098, ivc_loss = 0.2879, neg_loss_1 = 0.0514, neg_loss_2 = 0.0424, ref_loss = 0.0334, div_loss = 0.0336, aux_loss = 0.0342, aux_loss_eff = 0.0034, 0.654 seconds/batch
2026-04-21 14:03:02,145 - Epoch 1, Batch 350, lr = 0.00035, alpha_2 = 1.000, aux_scale = 0.100,  final_loss = 6.1735, nll_loss = 6.1151, ref_nll_loss = 6.2320, ivc_loss = 0.2602, neg_loss_1 = 0.0455, neg_loss_2 = 0.0401, ref_loss = 0.0294, div_loss = 0.0302, aux_loss = 0.0306, aux_loss_eff = 0.0031, 0.655 seconds/batch
2026-04-21 14:03:35,007 - Epoch 1, Batch 400, lr = 0.00040, alpha_2 = 1.000, aux_scale = 0.100,  final_loss = 6.0613, nll_loss = 6.0040, ref_nll_loss = 6.1185, ivc_loss = 0.2630, neg_loss_1 = 0.0410, neg_loss_2 = 0.0435, ref_loss = 0.0315, div_loss = 0.0311, aux_loss = 0.0272, aux_loss_eff = 0.0027, 0.655 seconds/batch
2026-04-21 14:04:07,879 - Epoch 1, Batch 450, lr = 0.00038, alpha_2 = 1.000, aux_scale = 0.100,  final_loss = 6.0139, nll_loss = 5.9524, ref_nll_loss = 6.0754, ivc_loss = 0.2704, neg_loss_1 = 0.0400, neg_loss_2 = 0.0404, ref_loss = 0.0296, div_loss = 0.0504, aux_loss = 0.0259, aux_loss_eff = 0.0026, 0.655 seconds/batch
2026-04-21 14:04:40,766 - Epoch 1, Batch 500, lr = 0.00036, alpha_2 = 1.000, aux_scale = 0.100,  final_loss = 5.9513, nll_loss = 5.8950, ref_nll_loss = 6.0077, ivc_loss = 0.2603, neg_loss_1 = 0.0356, neg_loss_2 = 0.0406, ref_loss = 0.0309, div_loss = 0.0461, aux_loss = 0.0293, aux_loss_eff = 0.0029, 0.655 seconds/batch
2026-04-21 14:05:13,665 - Epoch 1, Batch 550, lr = 0.00034, alpha_2 = 1.000, aux_scale = 0.100,  final_loss = 5.8765, nll_loss = 5.8147, ref_nll_loss = 5.9383, ivc_loss = 0.2449, neg_loss_1 = 0.0401, neg_loss_2 = 0.0371, ref_loss = 0.0290, div_loss = 0.0324, aux_loss = 0.0274, aux_loss_eff = 0.0027, 0.656 seconds/batch
2026-04-21 14:05:46,402 - Epoch 1, Batch 600, lr = 0.00033, alpha_2 = 1.000, aux_scale = 0.100,  final_loss = 5.8074, nll_loss = 5.7471, ref_nll_loss = 5.8678, ivc_loss = 0.2459, neg_loss_1 = 0.0403, neg_loss_2 = 0.0315, ref_loss = 0.0306, div_loss = 0.0409, aux_loss = 0.0265, aux_loss_eff = 0.0027, 0.656 seconds/batch
2026-04-21 14:06:19,181 - Epoch 1, Batch 650, lr = 0.00031, alpha_2 = 1.000, aux_scale = 0.100,  final_loss = 5.7971, nll_loss = 5.7360, ref_nll_loss = 5.8581, ivc_loss = 0.2393, neg_loss_1 = 0.0365, neg_loss_2 = 0.0362, ref_loss = 0.0292, div_loss = 0.0354, aux_loss = 0.0251, aux_loss_eff = 0.0025, 0.656 seconds/batch
2026-04-21 14:06:52,002 - Epoch 1, Batch 700, lr = 0.00030, alpha_2 = 1.000, aux_scale = 0.100,  final_loss = 5.7716, nll_loss = 5.7049, ref_nll_loss = 5.8383, ivc_loss = 0.2189, neg_loss_1 = 0.0349, neg_loss_2 = 0.0331, ref_loss = 0.0266, div_loss = 0.0297, aux_loss = 0.0260, aux_loss_eff = 0.0026, 0.656 seconds/batch
2026-04-21 14:07:24,786 - Epoch 1, Batch 750, lr = 0.00029, alpha_2 = 1.000, aux_scale = 0.100,  final_loss = 5.7025, nll_loss = 5.6366, ref_nll_loss = 5.7684, ivc_loss = 0.2214, neg_loss_1 = 0.0366, neg_loss_2 = 0.0314, ref_loss = 0.0273, div_loss = 0.0308, aux_loss = 0.0233, aux_loss_eff = 0.0023, 0.656 seconds/batch
2026-04-21 14:07:57,533 - Epoch 1, Batch 800, lr = 0.00028, alpha_2 = 1.000, aux_scale = 0.100,  final_loss = 5.7015, nll_loss = 5.6364, ref_nll_loss = 5.7665, ivc_loss = 0.2030, neg_loss_1 = 0.0298, neg_loss_2 = 0.0257, ref_loss = 0.0295, div_loss = 0.0331, aux_loss = 0.0247, aux_loss_eff = 0.0025, 0.656 seconds/batch
2026-04-21 14:08:30,417 - Epoch 1, Batch 850, lr = 0.00027, alpha_2 = 1.000, aux_scale = 0.100,  final_loss = 5.6780, nll_loss = 5.6125, ref_nll_loss = 5.7435, ivc_loss = 0.2029, neg_loss_1 = 0.0311, neg_loss_2 = 0.0256, ref_loss = 0.0290, div_loss = 0.0315, aux_loss = 0.0260, aux_loss_eff = 0.0026, 0.656 seconds/batch
2026-04-21 14:09:03,260 - Epoch 1, Batch 900, lr = 0.00027, alpha_2 = 1.000, aux_scale = 0.100,  final_loss = 5.6248, nll_loss = 5.5600, ref_nll_loss = 5.6896, ivc_loss = 0.2193, neg_loss_1 = 0.0306, neg_loss_2 = 0.0310, ref_loss = 0.0308, div_loss = 0.0345, aux_loss = 0.0254, aux_loss_eff = 0.0025, 0.656 seconds/batch
2026-04-21 14:09:36,070 - Epoch 1, Batch 950, lr = 0.00026, alpha_2 = 1.000, aux_scale = 0.100,  final_loss = 5.6245, nll_loss = 5.5562, ref_nll_loss = 5.6929, ivc_loss = 0.1920, neg_loss_1 = 0.0252, neg_loss_2 = 0.0233, ref_loss = 0.0295, div_loss = 0.0359, aux_loss = 0.0231, aux_loss_eff = 0.0023, 0.656 seconds/batch
2026-04-21 14:10:08,947 - Epoch 1, Batch 1000, lr = 0.00025, alpha_2 = 1.000, aux_scale = 0.100,  final_loss = 5.5810, nll_loss = 5.5145, ref_nll_loss = 5.6475, ivc_loss = 0.1870, neg_loss_1 = 0.0224, neg_loss_2 = 0.0236, ref_loss = 0.0297, div_loss = 0.0358, aux_loss = 0.0253, aux_loss_eff = 0.0025, 0.656 seconds/batch
2026-04-21 14:10:41,798 - Epoch 1, Batch 1050, lr = 0.00025, alpha_2 = 1.000, aux_scale = 0.100,  final_loss = 5.5556, nll_loss = 5.4848, ref_nll_loss = 5.6264, ivc_loss = 0.1784, neg_loss_1 = 0.0209, neg_loss_2 = 0.0222, ref_loss = 0.0279, div_loss = 0.0363, aux_loss = 0.0234, aux_loss_eff = 0.0023, 0.656 seconds/batch
2026-04-21 14:11:14,646 - Epoch 1, Batch 1100, lr = 0.00024, alpha_2 = 1.000, aux_scale = 0.100,  final_loss = 5.5397, nll_loss = 5.4667, ref_nll_loss = 5.6126, ivc_loss = 0.1683, neg_loss_1 = 0.0212, neg_loss_2 = 0.0205, ref_loss = 0.0261, div_loss = 0.0329, aux_loss = 0.0223, aux_loss_eff = 0.0022, 0.656 seconds/batch
2026-04-21 14:11:44,506 - Epoch 1, Batch 1150, lr = 0.00024, alpha_2 = 1.000, aux_scale = 0.100,  final_loss = 5.5404, nll_loss = 5.4669, ref_nll_loss = 5.6139, ivc_loss = 0.1820, neg_loss_1 = 0.0224, neg_loss_2 = 0.0225, ref_loss = 0.0273, div_loss = 0.0378, aux_loss = 0.0223, aux_loss_eff = 0.0022, 0.653 seconds/batch
2026-04-21 14:11:54,786 - Epoch 1, Batch 1170, lr = 0.00023, alpha_2 = 1.000, aux_scale = 0.100,  final_loss = 5.4802, nll_loss = 5.4126, ref_nll_loss = 5.5477, ivc_loss = 0.1777, neg_loss_1 = 0.0215, neg_loss_2 = 0.0180, ref_loss = 0.0295, div_loss = 0.0396, aux_loss = 0.0221, aux_loss_eff = 0.0022, 0.651 seconds/batch
2026-04-21 14:11:54,913 - save model to checkpoints/activitynet_moe_v2_staged_alpha_aux/moe_v2_staged_alpha_aux/model-1.pt, num_updates 1170.
2026-04-21 14:14:07,678 - | R@1,mIoU 0.3271 | R@1,IoU@0.1 0.7900 | R@1,IoU@0.3 0.4330 | R@1,IoU@0.5 0.2588 | R@1,IoU@0.7 0.1274 | R@1,IoU@0.9 0.0110 | R@5,mIoU 0.5304 | R@5,IoU@0.1 0.9250 | R@5,IoU@0.3 0.7520 | R@5,IoU@0.5 0.5649 | R@5,IoU@0.7 0.3397 | R@5,IoU@0.9 0.0717 |
2026-04-21 14:14:07,761 - Best R@1 updated: 0.3271
2026-04-21 14:14:07,853 - Best R@5 updated: 0.5304
2026-04-21 14:14:08,066 - Best tradeoff updated: 0.5127  (R@1=0.3271, R@5=0.5304)
2026-04-21 14:14:08,067 - ============================================================
2026-04-21 14:14:08,067 - Start Epoch 2
2026-04-21 14:14:39,518 - Epoch 2, Batch 50, lr = 0.00023, alpha_2 = 1.000, aux_scale = 0.100,  final_loss = 5.4857, nll_loss = 5.4151, ref_nll_loss = 5.5563, ivc_loss = 0.1643, neg_loss_1 = 0.0221, neg_loss_2 = 0.0131, ref_loss = 0.0282, div_loss = 0.0375, aux_loss = 0.0230, aux_loss_eff = 0.0023, 0.629 seconds/batch
2026-04-21 14:15:12,449 - Epoch 2, Batch 100, lr = 0.00022, alpha_2 = 1.000, aux_scale = 0.100,  final_loss = 5.4442, nll_loss = 5.3732, ref_nll_loss = 5.5152, ivc_loss = 0.1523, neg_loss_1 = 0.0198, neg_loss_2 = 0.0117, ref_loss = 0.0276, div_loss = 0.0340, aux_loss = 0.0227, aux_loss_eff = 0.0023, 0.644 seconds/batch
2026-04-21 14:15:45,418 - Epoch 2, Batch 150, lr = 0.00022, alpha_2 = 1.000, aux_scale = 0.100,  final_loss = 5.4589, nll_loss = 5.3857, ref_nll_loss = 5.5320, ivc_loss = 0.1495, neg_loss_1 = 0.0179, neg_loss_2 = 0.0129, ref_loss = 0.0262, div_loss = 0.0356, aux_loss = 0.0214, aux_loss_eff = 0.0021, 0.649 seconds/batch
2026-04-21 14:16:18,352 - Epoch 2, Batch 200, lr = 0.00022, alpha_2 = 1.000, aux_scale = 0.100,  final_loss = 5.4302, nll_loss = 5.3552, ref_nll_loss = 5.5052, ivc_loss = 0.1400, neg_loss_1 = 0.0156, neg_loss_2 = 0.0126, ref_loss = 0.0254, div_loss = 0.0328, aux_loss = 0.0210, aux_loss_eff = 0.0021, 0.651 seconds/batch
2026-04-21 14:16:51,099 - Epoch 2, Batch 250, lr = 0.00021, alpha_2 = 1.000, aux_scale = 0.100,  final_loss = 5.4198, nll_loss = 5.3519, ref_nll_loss = 5.4877, ivc_loss = 0.1519, neg_loss_1 = 0.0166, neg_loss_2 = 0.0140, ref_loss = 0.0277, div_loss = 0.0353, aux_loss = 0.0212, aux_loss_eff = 0.0021, 0.652 seconds/batch
2026-04-21 14:17:23,952 - Epoch 2, Batch 300, lr = 0.00021, alpha_2 = 1.000, aux_scale = 0.100,  final_loss = 5.3996, nll_loss = 5.3267, ref_nll_loss = 5.4726, ivc_loss = 0.1371, neg_loss_1 = 0.0142, neg_loss_2 = 0.0100, ref_loss = 0.0269, div_loss = 0.0349, aux_loss = 0.0211, aux_loss_eff = 0.0021, 0.653 seconds/batch
2026-04-21 14:17:56,831 - Epoch 2, Batch 350, lr = 0.00021, alpha_2 = 1.000, aux_scale = 0.100,  final_loss = 5.3990, nll_loss = 5.3281, ref_nll_loss = 5.4699, ivc_loss = 0.1458, neg_loss_1 = 0.0144, neg_loss_2 = 0.0141, ref_loss = 0.0267, div_loss = 0.0353, aux_loss = 0.0229, aux_loss_eff = 0.0023, 0.654 seconds/batch
2026-04-21 14:18:29,775 - Epoch 2, Batch 400, lr = 0.00020, alpha_2 = 1.000, aux_scale = 0.100,  final_loss = 5.3431, nll_loss = 5.2704, ref_nll_loss = 5.4157, ivc_loss = 0.1397, neg_loss_1 = 0.0165, neg_loss_2 = 0.0103, ref_loss = 0.0256, div_loss = 0.0350, aux_loss = 0.0221, aux_loss_eff = 0.0022, 0.654 seconds/batch
2026-04-21 14:19:02,756 - Epoch 2, Batch 450, lr = 0.00020, alpha_2 = 1.000, aux_scale = 0.100,  final_loss = 5.3675, nll_loss = 5.2937, ref_nll_loss = 5.4412, ivc_loss = 0.1410, neg_loss_1 = 0.0147, neg_loss_2 = 0.0121, ref_loss = 0.0259, div_loss = 0.0356, aux_loss = 0.0214, aux_loss_eff = 0.0021, 0.655 seconds/batch
2026-04-21 14:19:35,511 - Epoch 2, Batch 500, lr = 0.00020, alpha_2 = 1.000, aux_scale = 0.100,  final_loss = 5.3654, nll_loss = 5.2900, ref_nll_loss = 5.4408, ivc_loss = 0.1339, neg_loss_1 = 0.0145, neg_loss_2 = 0.0114, ref_loss = 0.0240, div_loss = 0.0342, aux_loss = 0.0217, aux_loss_eff = 0.0022, 0.655 seconds/batch
2026-04-21 14:20:08,600 - Epoch 2, Batch 550, lr = 0.00019, alpha_2 = 1.000, aux_scale = 0.100,  final_loss = 5.3496, nll_loss = 5.2760, ref_nll_loss = 5.4231, ivc_loss = 0.1372, neg_loss_1 = 0.0116, neg_loss_2 = 0.0136, ref_loss = 0.0264, div_loss = 0.0340, aux_loss = 0.0219, aux_loss_eff = 0.0022, 0.656 seconds/batch
2026-04-21 14:20:41,562 - Epoch 2, Batch 600, lr = 0.00019, alpha_2 = 1.000, aux_scale = 0.100,  final_loss = 5.3228, nll_loss = 5.2430, ref_nll_loss = 5.4026, ivc_loss = 0.1259, neg_loss_1 = 0.0125, neg_loss_2 = 0.0113, ref_loss = 0.0225, div_loss = 0.0334, aux_loss = 0.0218, aux_loss_eff = 0.0022, 0.656 seconds/batch
2026-04-21 14:21:14,540 - Epoch 2, Batch 650, lr = 0.00019, alpha_2 = 1.000, aux_scale = 0.100,  final_loss = 5.3099, nll_loss = 5.2330, ref_nll_loss = 5.3867, ivc_loss = 0.1309, neg_loss_1 = 0.0142, neg_loss_2 = 0.0107, ref_loss = 0.0233, div_loss = 0.0345, aux_loss = 0.0212, aux_loss_eff = 0.0021, 0.656 seconds/batch
2026-04-21 14:21:47,432 - Epoch 2, Batch 700, lr = 0.00018, alpha_2 = 1.000, aux_scale = 0.100,  final_loss = 5.3082, nll_loss = 5.2341, ref_nll_loss = 5.3823, ivc_loss = 0.1333, neg_loss_1 = 0.0099, neg_loss_2 = 0.0134, ref_loss = 0.0269, div_loss = 0.0329, aux_loss = 0.0215, aux_loss_eff = 0.0021, 0.656 seconds/batch
2026-04-21 14:22:20,358 - Epoch 2, Batch 750, lr = 0.00018, alpha_2 = 1.000, aux_scale = 0.100,  final_loss = 5.2932, nll_loss = 5.2148, ref_nll_loss = 5.3716, ivc_loss = 0.1258, neg_loss_1 = 0.0115, neg_loss_2 = 0.0104, ref_loss = 0.0239, div_loss = 0.0341, aux_loss = 0.0213, aux_loss_eff = 0.0021, 0.656 seconds/batch
2026-04-21 14:22:53,303 - Epoch 2, Batch 800, lr = 0.00018, alpha_2 = 1.000, aux_scale = 0.100,  final_loss = 5.2423, nll_loss = 5.1675, ref_nll_loss = 5.3170, ivc_loss = 0.1265, neg_loss_1 = 0.0103, neg_loss_2 = 0.0096, ref_loss = 0.0263, div_loss = 0.0342, aux_loss = 0.0206, aux_loss_eff = 0.0021, 0.657 seconds/batch
2026-04-21 14:23:26,296 - Epoch 2, Batch 850, lr = 0.00018, alpha_2 = 1.000, aux_scale = 0.100,  final_loss = 5.2607, nll_loss = 5.1829, ref_nll_loss = 5.3386, ivc_loss = 0.1232, neg_loss_1 = 0.0085, neg_loss_2 = 0.0118, ref_loss = 0.0242, div_loss = 0.0341, aux_loss = 0.0210, aux_loss_eff = 0.0021, 0.657 seconds/batch
2026-04-21 14:23:59,216 - Epoch 2, Batch 900, lr = 0.00018, alpha_2 = 1.000, aux_scale = 0.100,  final_loss = 5.2808, nll_loss = 5.2055, ref_nll_loss = 5.3561, ivc_loss = 0.1281, neg_loss_1 = 0.0093, neg_loss_2 = 0.0105, ref_loss = 0.0259, div_loss = 0.0365, aux_loss = 0.0232, aux_loss_eff = 0.0023, 0.657 seconds/batch
2026-04-21 14:24:32,173 - Epoch 2, Batch 950, lr = 0.00017, alpha_2 = 1.000, aux_scale = 0.100,  final_loss = 5.2198, nll_loss = 5.1464, ref_nll_loss = 5.2932, ivc_loss = 0.1442, neg_loss_1 = 0.0096, neg_loss_2 = 0.0150, ref_loss = 0.0289, div_loss = 0.0372, aux_loss = 0.0223, aux_loss_eff = 0.0022, 0.657 seconds/batch
2026-04-21 14:25:05,150 - Epoch 2, Batch 1000, lr = 0.00017, alpha_2 = 1.000, aux_scale = 0.100,  final_loss = 5.2516, nll_loss = 5.1814, ref_nll_loss = 5.3218, ivc_loss = 0.1505, neg_loss_1 = 0.0117, neg_loss_2 = 0.0148, ref_loss = 0.0293, div_loss = 0.0388, aux_loss = 0.0217, aux_loss_eff = 0.0022, 0.657 seconds/batch
2026-04-21 14:25:38,105 - Epoch 2, Batch 1050, lr = 0.00017, alpha_2 = 1.000, aux_scale = 0.100,  final_loss = 5.2481, nll_loss = 5.1747, ref_nll_loss = 5.3216, ivc_loss = 0.1366, neg_loss_1 = 0.0094, neg_loss_2 = 0.0140, ref_loss = 0.0267, div_loss = 0.0363, aux_loss = 0.0218, aux_loss_eff = 0.0022, 0.657 seconds/batch
2026-04-21 14:26:11,075 - Epoch 2, Batch 1100, lr = 0.00017, alpha_2 = 1.000, aux_scale = 0.100,  final_loss = 5.2029, nll_loss = 5.1280, ref_nll_loss = 5.2778, ivc_loss = 0.1370, neg_loss_1 = 0.0101, neg_loss_2 = 0.0121, ref_loss = 0.0265, div_loss = 0.0396, aux_loss = 0.0217, aux_loss_eff = 0.0022, 0.657 seconds/batch
2026-04-21 14:26:41,017 - Epoch 2, Batch 1150, lr = 0.00017, alpha_2 = 1.000, aux_scale = 0.100,  final_loss = 5.2134, nll_loss = 5.1386, ref_nll_loss = 5.2881, ivc_loss = 0.1337, neg_loss_1 = 0.0071, neg_loss_2 = 0.0126, ref_loss = 0.0284, div_loss = 0.0376, aux_loss = 0.0211, aux_loss_eff = 0.0021, 0.655 seconds/batch
2026-04-21 14:26:51,350 - Epoch 2, Batch 1170, lr = 0.00017, alpha_2 = 1.000, aux_scale = 0.100,  final_loss = 5.1662, nll_loss = 5.0954, ref_nll_loss = 5.2370, ivc_loss = 0.1464, neg_loss_1 = 0.0072, neg_loss_2 = 0.0113, ref_loss = 0.0349, div_loss = 0.0395, aux_loss = 0.0209, aux_loss_eff = 0.0021, 0.652 seconds/batch
2026-04-21 14:26:51,435 - save model to checkpoints/activitynet_moe_v2_staged_alpha_aux/moe_v2_staged_alpha_aux/model-2.pt, num_updates 2340.
2026-04-21 14:29:04,238 - | R@1,mIoU 0.3409 | R@1,IoU@0.1 0.7596 | R@1,IoU@0.3 0.4846 | R@1,IoU@0.5 0.2451 | R@1,IoU@0.7 0.1327 | R@1,IoU@0.9 0.0805 | R@5,mIoU 0.5309 | R@5,IoU@0.1 0.9199 | R@5,IoU@0.3 0.7253 | R@5,IoU@0.5 0.5631 | R@5,IoU@0.7 0.3427 | R@5,IoU@0.9 0.1204 |
2026-04-21 14:29:04,417 - Best R@1 updated: 0.3409
2026-04-21 14:29:04,503 - Best R@5 updated: 0.5309
2026-04-21 14:29:04,582 - Best tradeoff updated: 0.5267  (R@1=0.3409, R@5=0.5309)
2026-04-21 14:29:04,583 - ============================================================
2026-04-21 14:29:04,583 - Start Epoch 3
2026-04-21 14:29:36,513 - Epoch 3, Batch 50, lr = 0.00016, alpha_2 = 1.000, aux_scale = 0.100,  final_loss = 5.1551, nll_loss = 5.0822, ref_nll_loss = 5.2280, ivc_loss = 0.1448, neg_loss_1 = 0.0096, neg_loss_2 = 0.0113, ref_loss = 0.0328, div_loss = 0.0373, aux_loss = 0.0211, aux_loss_eff = 0.0021, 0.639 seconds/batch
2026-04-21 14:30:09,413 - Epoch 3, Batch 100, lr = 0.00016, alpha_2 = 1.000, aux_scale = 0.100,  final_loss = 5.1564, nll_loss = 5.0854, ref_nll_loss = 5.2274, ivc_loss = 0.1381, neg_loss_1 = 0.0095, neg_loss_2 = 0.0112, ref_loss = 0.0308, div_loss = 0.0351, aux_loss = 0.0212, aux_loss_eff = 0.0021, 0.648 seconds/batch
2026-04-21 14:30:42,351 - Epoch 3, Batch 150, lr = 0.00016, alpha_2 = 1.000, aux_scale = 0.100,  final_loss = 5.1542, nll_loss = 5.0847, ref_nll_loss = 5.2236, ivc_loss = 0.1430, neg_loss_1 = 0.0087, neg_loss_2 = 0.0117, ref_loss = 0.0328, div_loss = 0.0365, aux_loss = 0.0211, aux_loss_eff = 0.0021, 0.652 seconds/batch
2026-04-21 14:31:15,338 - Epoch 3, Batch 200, lr = 0.00016, alpha_2 = 1.000, aux_scale = 0.100,  final_loss = 5.1384, nll_loss = 5.0621, ref_nll_loss = 5.2147, ivc_loss = 0.1461, neg_loss_1 = 0.0107, neg_loss_2 = 0.0126, ref_loss = 0.0292, div_loss = 0.0411, aux_loss = 0.0210, aux_loss_eff = 0.0021, 0.654 seconds/batch
2026-04-21 14:31:48,319 - Epoch 3, Batch 250, lr = 0.00016, alpha_2 = 1.000, aux_scale = 0.100,  final_loss = 5.1179, nll_loss = 5.0408, ref_nll_loss = 5.1950, ivc_loss = 0.1340, neg_loss_1 = 0.0106, neg_loss_2 = 0.0147, ref_loss = 0.0231, div_loss = 0.0373, aux_loss = 0.0212, aux_loss_eff = 0.0021, 0.655 seconds/batch
2026-04-21 14:32:21,210 - Epoch 3, Batch 300, lr = 0.00016, alpha_2 = 1.000, aux_scale = 0.100,  final_loss = 5.1410, nll_loss = 5.0695, ref_nll_loss = 5.2125, ivc_loss = 0.1295, neg_loss_1 = 0.0067, neg_loss_2 = 0.0117, ref_loss = 0.0282, div_loss = 0.0363, aux_loss = 0.0218, aux_loss_eff = 0.0022, 0.655 seconds/batch
2026-04-21 14:32:54,368 - Epoch 3, Batch 350, lr = 0.00015, alpha_2 = 1.000, aux_scale = 0.100,  final_loss = 5.1300, nll_loss = 5.0555, ref_nll_loss = 5.2046, ivc_loss = 0.1294, neg_loss_1 = 0.0082, neg_loss_2 = 0.0115, ref_loss = 0.0278, div_loss = 0.0343, aux_loss = 0.0217, aux_loss_eff = 0.0022, 0.657 seconds/batch
2026-04-21 14:33:27,308 - Epoch 3, Batch 400, lr = 0.00015, alpha_2 = 1.000, aux_scale = 0.100,  final_loss = 5.1529, nll_loss = 5.0752, ref_nll_loss = 5.2307, ivc_loss = 0.1258, neg_loss_1 = 0.0071, neg_loss_2 = 0.0132, ref_loss = 0.0253, div_loss = 0.0348, aux_loss = 0.0215, aux_loss_eff = 0.0021, 0.657 seconds/batch
2026-04-21 14:34:00,272 - Epoch 3, Batch 450, lr = 0.00015, alpha_2 = 1.000, aux_scale = 0.100,  final_loss = 5.0920, nll_loss = 5.0169, ref_nll_loss = 5.1670, ivc_loss = 0.1206, neg_loss_1 = 0.0050, neg_loss_2 = 0.0109, ref_loss = 0.0265, div_loss = 0.0359, aux_loss = 0.0216, aux_loss_eff = 0.0022, 0.657 seconds/batch
2026-04-21 14:34:33,206 - Epoch 3, Batch 500, lr = 0.00015, alpha_2 = 1.000, aux_scale = 0.100,  final_loss = 5.1058, nll_loss = 5.0329, ref_nll_loss = 5.1787, ivc_loss = 0.1324, neg_loss_1 = 0.0098, neg_loss_2 = 0.0103, ref_loss = 0.0288, div_loss = 0.0344, aux_loss = 0.0215, aux_loss_eff = 0.0021, 0.657 seconds/batch
2026-04-21 14:35:06,169 - Epoch 3, Batch 550, lr = 0.00015, alpha_2 = 1.000, aux_scale = 0.100,  final_loss = 5.1058, nll_loss = 5.0369, ref_nll_loss = 5.1747, ivc_loss = 0.1411, neg_loss_1 = 0.0097, neg_loss_2 = 0.0139, ref_loss = 0.0293, div_loss = 0.0353, aux_loss = 0.0215, aux_loss_eff = 0.0022, 0.657 seconds/batch
2026-04-21 14:35:39,132 - Epoch 3, Batch 600, lr = 0.00015, alpha_2 = 1.000, aux_scale = 0.100,  final_loss = 5.1063, nll_loss = 5.0325, ref_nll_loss = 5.1801, ivc_loss = 0.1331, neg_loss_1 = 0.0111, neg_loss_2 = 0.0115, ref_loss = 0.0267, div_loss = 0.0345, aux_loss = 0.0213, aux_loss_eff = 0.0021, 0.658 seconds/batch
2026-04-21 14:36:12,122 - Epoch 3, Batch 650, lr = 0.00015, alpha_2 = 1.000, aux_scale = 0.100,  final_loss = 5.0985, nll_loss = 5.0237, ref_nll_loss = 5.1733, ivc_loss = 0.1335, neg_loss_1 = 0.0090, neg_loss_2 = 0.0136, ref_loss = 0.0270, div_loss = 0.0343, aux_loss = 0.0212, aux_loss_eff = 0.0021, 0.658 seconds/batch
2026-04-21 14:36:45,144 - Epoch 3, Batch 700, lr = 0.00015, alpha_2 = 1.000, aux_scale = 0.100,  final_loss = 5.1180, nll_loss = 5.0444, ref_nll_loss = 5.1916, ivc_loss = 0.1330, neg_loss_1 = 0.0092, neg_loss_2 = 0.0126, ref_loss = 0.0274, div_loss = 0.0346, aux_loss = 0.0213, aux_loss_eff = 0.0021, 0.658 seconds/batch
2026-04-21 14:37:18,116 - Epoch 3, Batch 750, lr = 0.00014, alpha_2 = 1.000, aux_scale = 0.100,  final_loss = 5.1044, nll_loss = 5.0333, ref_nll_loss = 5.1755, ivc_loss = 0.1397, neg_loss_1 = 0.0092, neg_loss_2 = 0.0141, ref_loss = 0.0283, div_loss = 0.0366, aux_loss = 0.0221, aux_loss_eff = 0.0022, 0.658 seconds/batch
2026-04-21 14:37:51,015 - Epoch 3, Batch 800, lr = 0.00014, alpha_2 = 1.000, aux_scale = 0.100,  final_loss = 5.1125, nll_loss = 5.0356, ref_nll_loss = 5.1893, ivc_loss = 0.1265, neg_loss_1 = 0.0095, neg_loss_2 = 0.0117, ref_loss = 0.0256, div_loss = 0.0330, aux_loss = 0.0230, aux_loss_eff = 0.0023, 0.658 seconds/batch
2026-04-21 14:38:23,923 - Epoch 3, Batch 850, lr = 0.00014, alpha_2 = 1.000, aux_scale = 0.100,  final_loss = 5.1068, nll_loss = 5.0297, ref_nll_loss = 5.1840, ivc_loss = 0.1278, neg_loss_1 = 0.0095, neg_loss_2 = 0.0119, ref_loss = 0.0262, div_loss = 0.0326, aux_loss = 0.0222, aux_loss_eff = 0.0022, 0.658 seconds/batch
2026-04-21 14:38:56,873 - Epoch 3, Batch 900, lr = 0.00014, alpha_2 = 1.000, aux_scale = 0.100,  final_loss = 5.0792, nll_loss = 5.0028, ref_nll_loss = 5.1555, ivc_loss = 0.1338, neg_loss_1 = 0.0108, neg_loss_2 = 0.0120, ref_loss = 0.0278, div_loss = 0.0326, aux_loss = 0.0214, aux_loss_eff = 0.0021, 0.658 seconds/batch
2026-04-21 14:39:29,883 - Epoch 3, Batch 950, lr = 0.00014, alpha_2 = 1.000, aux_scale = 0.100,  final_loss = 5.0756, nll_loss = 5.0012, ref_nll_loss = 5.1499, ivc_loss = 0.1304, neg_loss_1 = 0.0085, neg_loss_2 = 0.0124, ref_loss = 0.0277, div_loss = 0.0331, aux_loss = 0.0212, aux_loss_eff = 0.0021, 0.658 seconds/batch
2026-04-21 14:40:02,873 - Epoch 3, Batch 1000, lr = 0.00014, alpha_2 = 1.000, aux_scale = 0.100,  final_loss = 5.0774, nll_loss = 5.0054, ref_nll_loss = 5.1494, ivc_loss = 0.1354, neg_loss_1 = 0.0107, neg_loss_2 = 0.0113, ref_loss = 0.0290, div_loss = 0.0334, aux_loss = 0.0211, aux_loss_eff = 0.0021, 0.658 seconds/batch
2026-04-21 14:40:35,781 - Epoch 3, Batch 1050, lr = 0.00014, alpha_2 = 1.000, aux_scale = 0.100,  final_loss = 5.0831, nll_loss = 5.0087, ref_nll_loss = 5.1576, ivc_loss = 0.1349, neg_loss_1 = 0.0091, neg_loss_2 = 0.0138, ref_loss = 0.0275, div_loss = 0.0341, aux_loss = 0.0209, aux_loss_eff = 0.0021, 0.658 seconds/batch
2026-04-21 14:41:08,752 - Epoch 3, Batch 1100, lr = 0.00014, alpha_2 = 1.000, aux_scale = 0.100,  final_loss = 5.0570, nll_loss = 4.9834, ref_nll_loss = 5.1307, ivc_loss = 0.1326, neg_loss_1 = 0.0073, neg_loss_2 = 0.0141, ref_loss = 0.0284, div_loss = 0.0330, aux_loss = 0.0207, aux_loss_eff = 0.0021, 0.658 seconds/batch
2026-04-21 14:41:38,467 - Epoch 3, Batch 1150, lr = 0.00014, alpha_2 = 1.000, aux_scale = 0.100,  final_loss = 5.0614, nll_loss = 4.9841, ref_nll_loss = 5.1386, ivc_loss = 0.1276, neg_loss_1 = 0.0127, neg_loss_2 = 0.0079, ref_loss = 0.0266, div_loss = 0.0330, aux_loss = 0.0213, aux_loss_eff = 0.0021, 0.656 seconds/batch
2026-04-21 14:41:48,789 - Epoch 3, Batch 1170, lr = 0.00014, alpha_2 = 1.000, aux_scale = 0.100,  final_loss = 5.0735, nll_loss = 4.9951, ref_nll_loss = 5.1519, ivc_loss = 0.1271, neg_loss_1 = 0.0121, neg_loss_2 = 0.0093, ref_loss = 0.0241, div_loss = 0.0360, aux_loss = 0.0215, aux_loss_eff = 0.0022, 0.653 seconds/batch
2026-04-21 14:41:48,874 - save model to checkpoints/activitynet_moe_v2_staged_alpha_aux/moe_v2_staged_alpha_aux/model-3.pt, num_updates 3510.
2026-04-21 14:44:02,231 - | R@1,mIoU 0.3450 | R@1,IoU@0.1 0.8161 | R@1,IoU@0.3 0.4761 | R@1,IoU@0.5 0.2284 | R@1,IoU@0.7 0.1271 | R@1,IoU@0.9 0.0788 | R@5,mIoU 0.5348 | R@5,IoU@0.1 0.9211 | R@5,IoU@0.3 0.7469 | R@5,IoU@0.5 0.5607 | R@5,IoU@0.7 0.3330 | R@5,IoU@0.9 0.1217 |
2026-04-21 14:44:02,315 - Best R@1 updated: 0.3450
2026-04-21 14:44:02,407 - Best R@5 updated: 0.5348
2026-04-21 14:44:02,496 - Best tradeoff updated: 0.5322  (R@1=0.3450, R@5=0.5348)
2026-04-21 14:44:02,496 - ============================================================
2026-04-21 14:44:02,496 - Start Epoch 4
2026-04-21 14:44:34,244 - Epoch 4, Batch 50, lr = 0.00013, alpha_2 = 1.000, aux_scale = 0.100,  final_loss = 5.0074, nll_loss = 4.9336, ref_nll_loss = 5.0812, ivc_loss = 0.1394, neg_loss_1 = 0.0106, neg_loss_2 = 0.0125, ref_loss = 0.0277, div_loss = 0.0378, aux_loss = 0.0214, aux_loss_eff = 0.0021, 0.635 seconds/batch
2026-04-21 14:45:07,120 - Epoch 4, Batch 100, lr = 0.00013, alpha_2 = 1.000, aux_scale = 0.100,  final_loss = 4.9847, nll_loss = 4.9058, ref_nll_loss = 5.0636, ivc_loss = 0.1266, neg_loss_1 = 0.0091, neg_loss_2 = 0.0121, ref_loss = 0.0251, div_loss = 0.0340, aux_loss = 0.0220, aux_loss_eff = 0.0022, 0.646 seconds/batch
2026-04-21 14:45:40,161 - Epoch 4, Batch 150, lr = 0.00013, alpha_2 = 1.000, aux_scale = 0.100,  final_loss = 5.0266, nll_loss = 4.9508, ref_nll_loss = 5.1024, ivc_loss = 0.1372, neg_loss_1 = 0.0086, neg_loss_2 = 0.0119, ref_loss = 0.0281, div_loss = 0.0399, aux_loss = 0.0219, aux_loss_eff = 0.0022, 0.651 seconds/batch
2026-04-21 14:46:13,103 - Epoch 4, Batch 200, lr = 0.00013, alpha_2 = 1.000, aux_scale = 0.100,  final_loss = 5.0218, nll_loss = 4.9450, ref_nll_loss = 5.0986, ivc_loss = 0.1235, neg_loss_1 = 0.0080, neg_loss_2 = 0.0107, ref_loss = 0.0273, div_loss = 0.0315, aux_loss = 0.0209, aux_loss_eff = 0.0021, 0.653 seconds/batch
2026-04-21 14:46:46,073 - Epoch 4, Batch 250, lr = 0.00013, alpha_2 = 1.000, aux_scale = 0.100,  final_loss = 4.9875, nll_loss = 4.9084, ref_nll_loss = 5.0665, ivc_loss = 0.1189, neg_loss_1 = 0.0118, neg_loss_2 = 0.0077, ref_loss = 0.0244, div_loss = 0.0312, aux_loss = 0.0211, aux_loss_eff = 0.0021, 0.654 seconds/batch
2026-04-21 14:47:19,010 - Epoch 4, Batch 300, lr = 0.00013, alpha_2 = 1.000, aux_scale = 0.100,  final_loss = 4.9627, nll_loss = 4.8885, ref_nll_loss = 5.0370, ivc_loss = 0.1330, neg_loss_1 = 0.0116, neg_loss_2 = 0.0097, ref_loss = 0.0283, div_loss = 0.0338, aux_loss = 0.0214, aux_loss_eff = 0.0021, 0.655 seconds/batch
2026-04-21 14:47:51,977 - Epoch 4, Batch 350, lr = 0.00013, alpha_2 = 1.000, aux_scale = 0.100,  final_loss = 5.0171, nll_loss = 4.9390, ref_nll_loss = 5.0952, ivc_loss = 0.1266, neg_loss_1 = 0.0122, neg_loss_2 = 0.0099, ref_loss = 0.0244, div_loss = 0.0336, aux_loss = 0.0219, aux_loss_eff = 0.0022, 0.656 seconds/batch
2026-04-21 14:48:24,937 - Epoch 4, Batch 400, lr = 0.00013, alpha_2 = 1.000, aux_scale = 0.100,  final_loss = 4.9811, nll_loss = 4.9055, ref_nll_loss = 5.0567, ivc_loss = 0.1302, neg_loss_1 = 0.0095, neg_loss_2 = 0.0118, ref_loss = 0.0264, div_loss = 0.0347, aux_loss = 0.0219, aux_loss_eff = 0.0022, 0.656 seconds/batch
2026-04-21 14:48:57,890 - Epoch 4, Batch 450, lr = 0.00013, alpha_2 = 1.000, aux_scale = 0.100,  final_loss = 4.9878, nll_loss = 4.9121, ref_nll_loss = 5.0634, ivc_loss = 0.1248, neg_loss_1 = 0.0087, neg_loss_2 = 0.0087, ref_loss = 0.0272, div_loss = 0.0358, aux_loss = 0.0217, aux_loss_eff = 0.0022, 0.656 seconds/batch
2026-04-21 14:49:30,905 - Epoch 4, Batch 500, lr = 0.00013, alpha_2 = 1.000, aux_scale = 0.100,  final_loss = 4.9583, nll_loss = 4.8809, ref_nll_loss = 5.0357, ivc_loss = 0.1312, neg_loss_1 = 0.0097, neg_loss_2 = 0.0097, ref_loss = 0.0284, div_loss = 0.0355, aux_loss = 0.0222, aux_loss_eff = 0.0022, 0.657 seconds/batch
2026-04-21 14:50:03,846 - Epoch 4, Batch 550, lr = 0.00013, alpha_2 = 1.000, aux_scale = 0.100,  final_loss = 4.9751, nll_loss = 4.8944, ref_nll_loss = 5.0559, ivc_loss = 0.1161, neg_loss_1 = 0.0075, neg_loss_2 = 0.0085, ref_loss = 0.0250, div_loss = 0.0340, aux_loss = 0.0217, aux_loss_eff = 0.0022, 0.657 seconds/batch
2026-04-21 14:50:36,769 - Epoch 4, Batch 600, lr = 0.00012, alpha_2 = 1.000, aux_scale = 0.100,  final_loss = 4.9857, nll_loss = 4.9060, ref_nll_loss = 5.0654, ivc_loss = 0.1133, neg_loss_1 = 0.0073, neg_loss_2 = 0.0092, ref_loss = 0.0236, div_loss = 0.0331, aux_loss = 0.0214, aux_loss_eff = 0.0021, 0.657 seconds/batch
2026-04-21 14:51:09,768 - Epoch 4, Batch 650, lr = 0.00012, alpha_2 = 1.000, aux_scale = 0.100,  final_loss = 4.9664, nll_loss = 4.8887, ref_nll_loss = 5.0442, ivc_loss = 0.1180, neg_loss_1 = 0.0072, neg_loss_2 = 0.0086, ref_loss = 0.0265, div_loss = 0.0333, aux_loss = 0.0215, aux_loss_eff = 0.0021, 0.657 seconds/batch
2026-04-21 14:51:42,720 - Epoch 4, Batch 700, lr = 0.00012, alpha_2 = 1.000, aux_scale = 0.100,  final_loss = 5.0173, nll_loss = 4.9431, ref_nll_loss = 5.0915, ivc_loss = 0.1262, neg_loss_1 = 0.0093, neg_loss_2 = 0.0075, ref_loss = 0.0291, div_loss = 0.0343, aux_loss = 0.0219, aux_loss_eff = 0.0022, 0.657 seconds/batch
2026-04-21 14:52:15,650 - Epoch 4, Batch 750, lr = 0.00012, alpha_2 = 1.000, aux_scale = 0.100,  final_loss = 4.9712, nll_loss = 4.8926, ref_nll_loss = 5.0498, ivc_loss = 0.1213, neg_loss_1 = 0.0109, neg_loss_2 = 0.0078, ref_loss = 0.0249, div_loss = 0.0342, aux_loss = 0.0217, aux_loss_eff = 0.0022, 0.658 seconds/batch
2026-04-21 14:52:48,565 - Epoch 4, Batch 800, lr = 0.00012, alpha_2 = 1.000, aux_scale = 0.100,  final_loss = 4.9687, nll_loss = 4.8906, ref_nll_loss = 5.0468, ivc_loss = 0.1171, neg_loss_1 = 0.0085, neg_loss_2 = 0.0087, ref_loss = 0.0253, div_loss = 0.0319, aux_loss = 0.0207, aux_loss_eff = 0.0021, 0.658 seconds/batch
2026-04-21 14:53:21,503 - Epoch 4, Batch 850, lr = 0.00012, alpha_2 = 1.000, aux_scale = 0.100,  final_loss = 4.9632, nll_loss = 4.8850, ref_nll_loss = 5.0415, ivc_loss = 0.1170, neg_loss_1 = 0.0073, neg_loss_2 = 0.0081, ref_loss = 0.0264, div_loss = 0.0335, aux_loss = 0.0206, aux_loss_eff = 0.0021, 0.658 seconds/batch
2026-04-21 14:53:54,455 - Epoch 4, Batch 900, lr = 0.00012, alpha_2 = 1.000, aux_scale = 0.100,  final_loss = 4.9494, nll_loss = 4.8736, ref_nll_loss = 5.0253, ivc_loss = 0.1232, neg_loss_1 = 0.0072, neg_loss_2 = 0.0088, ref_loss = 0.0285, div_loss = 0.0343, aux_loss = 0.0204, aux_loss_eff = 0.0020, 0.658 seconds/batch
2026-04-21 14:54:27,458 - Epoch 4, Batch 950, lr = 0.00012, alpha_2 = 1.000, aux_scale = 0.100,  final_loss = 4.9537, nll_loss = 4.8770, ref_nll_loss = 5.0304, ivc_loss = 0.1130, neg_loss_1 = 0.0062, neg_loss_2 = 0.0089, ref_loss = 0.0254, div_loss = 0.0322, aux_loss = 0.0205, aux_loss_eff = 0.0020, 0.658 seconds/batch
2026-04-21 14:55:00,442 - Epoch 4, Batch 1000, lr = 0.00012, alpha_2 = 1.000, aux_scale = 0.100,  final_loss = 4.9720, nll_loss = 4.8944, ref_nll_loss = 5.0496, ivc_loss = 0.1122, neg_loss_1 = 0.0062, neg_loss_2 = 0.0060, ref_loss = 0.0281, div_loss = 0.0314, aux_loss = 0.0208, aux_loss_eff = 0.0021, 0.658 seconds/batch
2026-04-21 14:55:33,359 - Epoch 4, Batch 1050, lr = 0.00012, alpha_2 = 1.000, aux_scale = 0.100,  final_loss = 4.9692, nll_loss = 4.8935, ref_nll_loss = 5.0448, ivc_loss = 0.1253, neg_loss_1 = 0.0073, neg_loss_2 = 0.0084, ref_loss = 0.0311, div_loss = 0.0316, aux_loss = 0.0205, aux_loss_eff = 0.0021, 0.658 seconds/batch
2026-04-21 14:56:06,225 - Epoch 4, Batch 1100, lr = 0.00012, alpha_2 = 1.000, aux_scale = 0.100,  final_loss = 4.9394, nll_loss = 4.8565, ref_nll_loss = 5.0222, ivc_loss = 0.1184, neg_loss_1 = 0.0078, neg_loss_2 = 0.0114, ref_loss = 0.0238, div_loss = 0.0323, aux_loss = 0.0208, aux_loss_eff = 0.0021, 0.658 seconds/batch
2026-04-21 14:56:35,797 - Epoch 4, Batch 1150, lr = 0.00012, alpha_2 = 1.000, aux_scale = 0.100,  final_loss = 4.9268, nll_loss = 4.8506, ref_nll_loss = 5.0029, ivc_loss = 0.1077, neg_loss_1 = 0.0045, neg_loss_2 = 0.0060, ref_loss = 0.0270, div_loss = 0.0328, aux_loss = 0.0209, aux_loss_eff = 0.0021, 0.655 seconds/batch
2026-04-21 14:56:46,144 - Epoch 4, Batch 1170, lr = 0.00012, alpha_2 = 1.000, aux_scale = 0.100,  final_loss = 4.9714, nll_loss = 4.8991, ref_nll_loss = 5.0437, ivc_loss = 0.1259, neg_loss_1 = 0.0075, neg_loss_2 = 0.0089, ref_loss = 0.0284, div_loss = 0.0363, aux_loss = 0.0211, aux_loss_eff = 0.0021, 0.653 seconds/batch
2026-04-21 14:56:46,226 - save model to checkpoints/activitynet_moe_v2_staged_alpha_aux/moe_v2_staged_alpha_aux/model-4.pt, num_updates 4680.
2026-04-21 14:58:59,494 - | R@1,mIoU 0.3260 | R@1,IoU@0.1 0.7860 | R@1,IoU@0.3 0.4322 | R@1,IoU@0.5 0.2601 | R@1,IoU@0.7 0.1274 | R@1,IoU@0.9 0.0096 | R@5,mIoU 0.5290 | R@5,IoU@0.1 0.9163 | R@5,IoU@0.3 0.7348 | R@5,IoU@0.5 0.5532 | R@5,IoU@0.7 0.3328 | R@5,IoU@0.9 0.1114 |
2026-04-21 14:58:59,495 - ============================================================
2026-04-21 14:58:59,495 - Start Epoch 5
2026-04-21 14:59:31,412 - Epoch 5, Batch 50, lr = 0.00012, alpha_2 = 0.500, aux_scale = 0.500,  final_loss = 4.8870, nll_loss = 4.8084, ref_nll_loss = 4.9656, ivc_loss = 0.0982, neg_loss_1 = 0.0073, neg_loss_2 = 0.0089, ref_loss = 0.0234, div_loss = 0.0377, aux_loss = 0.0205, aux_loss_eff = 0.0103, 0.638 seconds/batch
2026-04-21 15:00:04,143 - Epoch 5, Batch 100, lr = 0.00012, alpha_2 = 0.500, aux_scale = 0.500,  final_loss = 4.8833, nll_loss = 4.8063, ref_nll_loss = 4.9602, ivc_loss = 0.1005, neg_loss_1 = 0.0059, neg_loss_2 = 0.0070, ref_loss = 0.0281, div_loss = 0.0370, aux_loss = 0.0202, aux_loss_eff = 0.0101, 0.646 seconds/batch
2026-04-21 15:00:37,144 - Epoch 5, Batch 150, lr = 0.00012, alpha_2 = 0.500, aux_scale = 0.500,  final_loss = 4.9045, nll_loss = 4.8230, ref_nll_loss = 4.9860, ivc_loss = 0.0959, neg_loss_1 = 0.0083, neg_loss_2 = 0.0071, ref_loss = 0.0234, div_loss = 0.0370, aux_loss = 0.0202, aux_loss_eff = 0.0101, 0.651 seconds/batch
2026-04-21 15:01:10,171 - Epoch 5, Batch 200, lr = 0.00011, alpha_2 = 0.500, aux_scale = 0.500,  final_loss = 4.9196, nll_loss = 4.8405, ref_nll_loss = 4.9987, ivc_loss = 0.1008, neg_loss_1 = 0.0070, neg_loss_2 = 0.0082, ref_loss = 0.0256, div_loss = 0.0382, aux_loss = 0.0203, aux_loss_eff = 0.0101, 0.653 seconds/batch
2026-04-21 15:01:43,132 - Epoch 5, Batch 250, lr = 0.00011, alpha_2 = 0.500, aux_scale = 0.500,  final_loss = 4.8730, nll_loss = 4.7964, ref_nll_loss = 4.9496, ivc_loss = 0.0982, neg_loss_1 = 0.0060, neg_loss_2 = 0.0066, ref_loss = 0.0275, div_loss = 0.0357, aux_loss = 0.0203, aux_loss_eff = 0.0101, 0.655 seconds/batch
2026-04-21 15:02:16,084 - Epoch 5, Batch 300, lr = 0.00011, alpha_2 = 0.500, aux_scale = 0.500,  final_loss = 4.8950, nll_loss = 4.8131, ref_nll_loss = 4.9768, ivc_loss = 0.0866, neg_loss_1 = 0.0047, neg_loss_2 = 0.0060, ref_loss = 0.0238, div_loss = 0.0352, aux_loss = 0.0204, aux_loss_eff = 0.0102, 0.655 seconds/batch
2026-04-21 15:02:49,048 - Epoch 5, Batch 350, lr = 0.00011, alpha_2 = 0.500, aux_scale = 0.500,  final_loss = 4.9084, nll_loss = 4.8261, ref_nll_loss = 4.9907, ivc_loss = 0.0872, neg_loss_1 = 0.0073, neg_loss_2 = 0.0052, ref_loss = 0.0225, div_loss = 0.0343, aux_loss = 0.0204, aux_loss_eff = 0.0102, 0.656 seconds/batch
2026-04-21 15:03:22,056 - Epoch 5, Batch 400, lr = 0.00011, alpha_2 = 0.500, aux_scale = 0.500,  final_loss = 4.8936, nll_loss = 4.8113, ref_nll_loss = 4.9759, ivc_loss = 0.0909, neg_loss_1 = 0.0067, neg_loss_2 = 0.0060, ref_loss = 0.0239, div_loss = 0.0354, aux_loss = 0.0202, aux_loss_eff = 0.0101, 0.656 seconds/batch
2026-04-21 15:03:55,062 - Epoch 5, Batch 450, lr = 0.00011, alpha_2 = 0.500, aux_scale = 0.500,  final_loss = 4.8909, nll_loss = 4.8117, ref_nll_loss = 4.9701, ivc_loss = 0.0969, neg_loss_1 = 0.0083, neg_loss_2 = 0.0063, ref_loss = 0.0252, div_loss = 0.0348, aux_loss = 0.0202, aux_loss_eff = 0.0101, 0.657 seconds/batch
2026-04-21 15:04:28,047 - Epoch 5, Batch 500, lr = 0.00011, alpha_2 = 0.500, aux_scale = 0.500,  final_loss = 4.8722, nll_loss = 4.7938, ref_nll_loss = 4.9507, ivc_loss = 0.0929, neg_loss_1 = 0.0064, neg_loss_2 = 0.0056, ref_loss = 0.0253, div_loss = 0.0367, aux_loss = 0.0203, aux_loss_eff = 0.0101, 0.657 seconds/batch
2026-04-21 15:05:01,031 - Epoch 5, Batch 550, lr = 0.00011, alpha_2 = 0.500, aux_scale = 0.500,  final_loss = 4.9176, nll_loss = 4.8327, ref_nll_loss = 5.0024, ivc_loss = 0.0929, neg_loss_1 = 0.0066, neg_loss_2 = 0.0067, ref_loss = 0.0246, div_loss = 0.0341, aux_loss = 0.0202, aux_loss_eff = 0.0101, 0.657 seconds/batch
2026-04-21 15:05:34,060 - Epoch 5, Batch 600, lr = 0.00011, alpha_2 = 0.500, aux_scale = 0.500,  final_loss = 4.8565, nll_loss = 4.7751, ref_nll_loss = 4.9378, ivc_loss = 0.0871, neg_loss_1 = 0.0055, neg_loss_2 = 0.0052, ref_loss = 0.0241, div_loss = 0.0347, aux_loss = 0.0201, aux_loss_eff = 0.0101, 0.658 seconds/batch
2026-04-21 15:06:07,109 - Epoch 5, Batch 650, lr = 0.00011, alpha_2 = 0.500, aux_scale = 0.500,  final_loss = 4.8668, nll_loss = 4.7855, ref_nll_loss = 4.9480, ivc_loss = 0.0916, neg_loss_1 = 0.0066, neg_loss_2 = 0.0063, ref_loss = 0.0240, div_loss = 0.0355, aux_loss = 0.0202, aux_loss_eff = 0.0101, 0.658 seconds/batch
2026-04-21 15:06:40,119 - Epoch 5, Batch 700, lr = 0.00011, alpha_2 = 0.500, aux_scale = 0.500,  final_loss = 4.8799, nll_loss = 4.7999, ref_nll_loss = 4.9598, ivc_loss = 0.0925, neg_loss_1 = 0.0062, neg_loss_2 = 0.0063, ref_loss = 0.0245, div_loss = 0.0370, aux_loss = 0.0202, aux_loss_eff = 0.0101, 0.658 seconds/batch
2026-04-21 15:07:13,136 - Epoch 5, Batch 750, lr = 0.00011, alpha_2 = 0.500, aux_scale = 0.500,  final_loss = 4.8626, nll_loss = 4.7816, ref_nll_loss = 4.9437, ivc_loss = 0.0940, neg_loss_1 = 0.0066, neg_loss_2 = 0.0060, ref_loss = 0.0249, div_loss = 0.0380, aux_loss = 0.0204, aux_loss_eff = 0.0102, 0.658 seconds/batch
2026-04-21 15:07:46,161 - Epoch 5, Batch 800, lr = 0.00011, alpha_2 = 0.500, aux_scale = 0.500,  final_loss = 4.8891, nll_loss = 4.8112, ref_nll_loss = 4.9670, ivc_loss = 0.0991, neg_loss_1 = 0.0072, neg_loss_2 = 0.0057, ref_loss = 0.0270, div_loss = 0.0384, aux_loss = 0.0201, aux_loss_eff = 0.0101, 0.658 seconds/batch
2026-04-21 15:08:19,174 - Epoch 5, Batch 850, lr = 0.00011, alpha_2 = 0.500, aux_scale = 0.500,  final_loss = 4.8577, nll_loss = 4.7783, ref_nll_loss = 4.9370, ivc_loss = 0.0900, neg_loss_1 = 0.0054, neg_loss_2 = 0.0066, ref_loss = 0.0236, div_loss = 0.0376, aux_loss = 0.0201, aux_loss_eff = 0.0100, 0.658 seconds/batch
2026-04-21 15:08:52,153 - Epoch 5, Batch 900, lr = 0.00011, alpha_2 = 0.500, aux_scale = 0.500,  final_loss = 4.8947, nll_loss = 4.8151, ref_nll_loss = 4.9743, ivc_loss = 0.0946, neg_loss_1 = 0.0062, neg_loss_2 = 0.0055, ref_loss = 0.0259, div_loss = 0.0386, aux_loss = 0.0201, aux_loss_eff = 0.0101, 0.659 seconds/batch
2026-04-21 15:09:25,324 - Epoch 5, Batch 950, lr = 0.00011, alpha_2 = 0.500, aux_scale = 0.500,  final_loss = 4.8777, nll_loss = 4.7961, ref_nll_loss = 4.9594, ivc_loss = 0.0901, neg_loss_1 = 0.0071, neg_loss_2 = 0.0054, ref_loss = 0.0225, div_loss = 0.0400, aux_loss = 0.0202, aux_loss_eff = 0.0101, 0.659 seconds/batch
2026-04-21 15:09:58,299 - Epoch 5, Batch 1000, lr = 0.00011, alpha_2 = 0.500, aux_scale = 0.500,  final_loss = 4.8380, nll_loss = 4.7569, ref_nll_loss = 4.9192, ivc_loss = 0.0908, neg_loss_1 = 0.0050, neg_loss_2 = 0.0064, ref_loss = 0.0239, div_loss = 0.0406, aux_loss = 0.0201, aux_loss_eff = 0.0101, 0.659 seconds/batch
2026-04-21 15:10:31,229 - Epoch 5, Batch 1050, lr = 0.00011, alpha_2 = 0.500, aux_scale = 0.500,  final_loss = 4.8095, nll_loss = 4.7244, ref_nll_loss = 4.8946, ivc_loss = 0.0890, neg_loss_1 = 0.0065, neg_loss_2 = 0.0053, ref_loss = 0.0230, div_loss = 0.0391, aux_loss = 0.0201, aux_loss_eff = 0.0100, 0.659 seconds/batch
2026-04-21 15:11:04,202 - Epoch 5, Batch 1100, lr = 0.00011, alpha_2 = 0.500, aux_scale = 0.500,  final_loss = 4.8847, nll_loss = 4.8038, ref_nll_loss = 4.9657, ivc_loss = 0.0939, neg_loss_1 = 0.0059, neg_loss_2 = 0.0064, ref_loss = 0.0248, div_loss = 0.0394, aux_loss = 0.0201, aux_loss_eff = 0.0101, 0.659 seconds/batch
2026-04-21 15:11:33,561 - Epoch 5, Batch 1150, lr = 0.00010, alpha_2 = 0.500, aux_scale = 0.500,  final_loss = 4.8530, nll_loss = 4.7693, ref_nll_loss = 4.9367, ivc_loss = 0.0880, neg_loss_1 = 0.0065, neg_loss_2 = 0.0050, ref_loss = 0.0221, div_loss = 0.0416, aux_loss = 0.0202, aux_loss_eff = 0.0101, 0.656 seconds/batch
2026-04-21 15:11:43,882 - Epoch 5, Batch 1170, lr = 0.00010, alpha_2 = 0.500, aux_scale = 0.500,  final_loss = 4.8617, nll_loss = 4.7821, ref_nll_loss = 4.9413, ivc_loss = 0.0890, neg_loss_1 = 0.0054, neg_loss_2 = 0.0043, ref_loss = 0.0244, div_loss = 0.0418, aux_loss = 0.0201, aux_loss_eff = 0.0100, 0.653 seconds/batch
2026-04-21 15:11:44,003 - save model to checkpoints/activitynet_moe_v2_staged_alpha_aux/moe_v2_staged_alpha_aux/model-5.pt, num_updates 5850.
2026-04-21 15:13:58,364 - | R@1,mIoU 0.3370 | R@1,IoU@0.1 0.8113 | R@1,IoU@0.3 0.4555 | R@1,IoU@0.5 0.2383 | R@1,IoU@0.7 0.1255 | R@1,IoU@0.9 0.0400 | R@5,mIoU 0.5178 | R@5,IoU@0.1 0.9106 | R@5,IoU@0.3 0.7237 | R@5,IoU@0.5 0.5442 | R@5,IoU@0.7 0.3149 | R@5,IoU@0.9 0.0867 |
2026-04-21 15:13:58,364 - ============================================================
2026-04-21 15:13:58,364 - Start Epoch 6
2026-04-21 15:14:30,199 - Epoch 6, Batch 50, lr = 0.00010, alpha_2 = 0.500, aux_scale = 0.500,  final_loss = 4.8500, nll_loss = 4.7659, ref_nll_loss = 4.9340, ivc_loss = 0.0828, neg_loss_1 = 0.0055, neg_loss_2 = 0.0047, ref_loss = 0.0212, div_loss = 0.0402, aux_loss = 0.0201, aux_loss_eff = 0.0100, 0.637 seconds/batch
2026-04-21 15:15:03,204 - Epoch 6, Batch 100, lr = 0.00010, alpha_2 = 0.500, aux_scale = 0.500,  final_loss = 4.8336, nll_loss = 4.7539, ref_nll_loss = 4.9133, ivc_loss = 0.0905, neg_loss_1 = 0.0051, neg_loss_2 = 0.0054, ref_loss = 0.0248, div_loss = 0.0397, aux_loss = 0.0201, aux_loss_eff = 0.0100, 0.648 seconds/batch
2026-04-21 15:15:36,180 - Epoch 6, Batch 150, lr = 0.00010, alpha_2 = 0.500, aux_scale = 0.500,  final_loss = 4.8110, nll_loss = 4.7289, ref_nll_loss = 4.8931, ivc_loss = 0.0869, neg_loss_1 = 0.0064, neg_loss_2 = 0.0038, ref_loss = 0.0232, div_loss = 0.0404, aux_loss = 0.0201, aux_loss_eff = 0.0100, 0.652 seconds/batch
2026-04-21 15:16:09,167 - Epoch 6, Batch 200, lr = 0.00010, alpha_2 = 0.500, aux_scale = 0.500,  final_loss = 4.8076, nll_loss = 4.7238, ref_nll_loss = 4.8914, ivc_loss = 0.0842, neg_loss_1 = 0.0044, neg_loss_2 = 0.0046, ref_loss = 0.0233, div_loss = 0.0395, aux_loss = 0.0200, aux_loss_eff = 0.0100, 0.654 seconds/batch
2026-04-21 15:16:42,163 - Epoch 6, Batch 250, lr = 0.00010, alpha_2 = 0.500, aux_scale = 0.500,  final_loss = 4.8066, nll_loss = 4.7227, ref_nll_loss = 4.8905, ivc_loss = 0.0806, neg_loss_1 = 0.0050, neg_loss_2 = 0.0031, ref_loss = 0.0224, div_loss = 0.0393, aux_loss = 0.0200, aux_loss_eff = 0.0100, 0.655 seconds/batch
2026-04-21 15:17:15,153 - Epoch 6, Batch 300, lr = 0.00010, alpha_2 = 0.500, aux_scale = 0.500,  final_loss = 4.7982, nll_loss = 4.7168, ref_nll_loss = 4.8795, ivc_loss = 0.0839, neg_loss_1 = 0.0057, neg_loss_2 = 0.0036, ref_loss = 0.0227, div_loss = 0.0394, aux_loss = 0.0200, aux_loss_eff = 0.0100, 0.656 seconds/batch
2026-04-21 15:17:48,160 - Epoch 6, Batch 350, lr = 0.00010, alpha_2 = 0.500, aux_scale = 0.500,  final_loss = 4.8332, nll_loss = 4.7481, ref_nll_loss = 4.9184, ivc_loss = 0.0831, neg_loss_1 = 0.0040, neg_loss_2 = 0.0043, ref_loss = 0.0232, div_loss = 0.0403, aux_loss = 0.0201, aux_loss_eff = 0.0100, 0.657 seconds/batch
2026-04-21 15:18:21,185 - Epoch 6, Batch 400, lr = 0.00010, alpha_2 = 0.500, aux_scale = 0.500,  final_loss = 4.8221, nll_loss = 4.7380, ref_nll_loss = 4.9061, ivc_loss = 0.0783, neg_loss_1 = 0.0043, neg_loss_2 = 0.0037, ref_loss = 0.0213, div_loss = 0.0397, aux_loss = 0.0200, aux_loss_eff = 0.0100, 0.657 seconds/batch
2026-04-21 15:18:54,209 - Epoch 6, Batch 450, lr = 0.00010, alpha_2 = 0.500, aux_scale = 0.500,  final_loss = 4.8025, nll_loss = 4.7151, ref_nll_loss = 4.8899, ivc_loss = 0.0747, neg_loss_1 = 0.0042, neg_loss_2 = 0.0029, ref_loss = 0.0203, div_loss = 0.0397, aux_loss = 0.0200, aux_loss_eff = 0.0100, 0.657 seconds/batch
2026-04-21 15:19:27,207 - Epoch 6, Batch 500, lr = 0.00010, alpha_2 = 0.500, aux_scale = 0.500,  final_loss = 4.7873, nll_loss = 4.7021, ref_nll_loss = 4.8725, ivc_loss = 0.0784, neg_loss_1 = 0.0035, neg_loss_2 = 0.0052, ref_loss = 0.0206, div_loss = 0.0396, aux_loss = 0.0201, aux_loss_eff = 0.0100, 0.658 seconds/batch
2026-04-21 15:20:00,225 - Epoch 6, Batch 550, lr = 0.00010, alpha_2 = 0.500, aux_scale = 0.500,  final_loss = 4.7661, nll_loss = 4.6799, ref_nll_loss = 4.8522, ivc_loss = 0.0842, neg_loss_1 = 0.0060, neg_loss_2 = 0.0039, ref_loss = 0.0218, div_loss = 0.0420, aux_loss = 0.0201, aux_loss_eff = 0.0100, 0.658 seconds/batch
2026-04-21 15:20:33,228 - Epoch 6, Batch 600, lr = 0.00010, alpha_2 = 0.500, aux_scale = 0.500,  final_loss = 4.7793, nll_loss = 4.6933, ref_nll_loss = 4.8653, ivc_loss = 0.0854, neg_loss_1 = 0.0058, neg_loss_2 = 0.0035, ref_loss = 0.0231, div_loss = 0.0414, aux_loss = 0.0201, aux_loss_eff = 0.0100, 0.658 seconds/batch
2026-04-21 15:21:06,273 - Epoch 6, Batch 650, lr = 0.00010, alpha_2 = 0.500, aux_scale = 0.500,  final_loss = 4.8422, nll_loss = 4.7548, ref_nll_loss = 4.9296, ivc_loss = 0.0802, neg_loss_1 = 0.0041, neg_loss_2 = 0.0038, ref_loss = 0.0213, div_loss = 0.0437, aux_loss = 0.0201, aux_loss_eff = 0.0100, 0.658 seconds/batch
2026-04-21 15:21:39,275 - Epoch 6, Batch 700, lr = 0.00010, alpha_2 = 0.500, aux_scale = 0.500,  final_loss = 4.8148, nll_loss = 4.7313, ref_nll_loss = 4.8983, ivc_loss = 0.0836, neg_loss_1 = 0.0036, neg_loss_2 = 0.0039, ref_loss = 0.0233, div_loss = 0.0442, aux_loss = 0.0200, aux_loss_eff = 0.0100, 0.658 seconds/batch
2026-04-21 15:22:12,391 - Epoch 6, Batch 750, lr = 0.00010, alpha_2 = 0.500, aux_scale = 0.500,  final_loss = 4.8167, nll_loss = 4.7335, ref_nll_loss = 4.8999, ivc_loss = 0.0887, neg_loss_1 = 0.0051, neg_loss_2 = 0.0042, ref_loss = 0.0250, div_loss = 0.0406, aux_loss = 0.0201, aux_loss_eff = 0.0100, 0.659 seconds/batch
2026-04-21 15:22:45,377 - Epoch 6, Batch 800, lr = 0.00010, alpha_2 = 0.500, aux_scale = 0.500,  final_loss = 4.8302, nll_loss = 4.7468, ref_nll_loss = 4.9137, ivc_loss = 0.0859, neg_loss_1 = 0.0057, neg_loss_2 = 0.0038, ref_loss = 0.0228, div_loss = 0.0429, aux_loss = 0.0201, aux_loss_eff = 0.0100, 0.659 seconds/batch
2026-04-21 15:23:18,369 - Epoch 6, Batch 850, lr = 0.00010, alpha_2 = 0.500, aux_scale = 0.500,  final_loss = 4.8142, nll_loss = 4.7289, ref_nll_loss = 4.8995, ivc_loss = 0.0777, neg_loss_1 = 0.0040, neg_loss_2 = 0.0034, ref_loss = 0.0208, div_loss = 0.0429, aux_loss = 0.0201, aux_loss_eff = 0.0100, 0.659 seconds/batch
2026-04-21 15:23:51,396 - Epoch 6, Batch 900, lr = 0.00010, alpha_2 = 0.500, aux_scale = 0.500,  final_loss = 4.7431, nll_loss = 4.6598, ref_nll_loss = 4.8264, ivc_loss = 0.0905, neg_loss_1 = 0.0060, neg_loss_2 = 0.0056, ref_loss = 0.0236, div_loss = 0.0404, aux_loss = 0.0202, aux_loss_eff = 0.0101, 0.659 seconds/batch
2026-04-21 15:24:24,377 - Epoch 6, Batch 950, lr = 0.00010, alpha_2 = 0.500, aux_scale = 0.500,  final_loss = 4.7970, nll_loss = 4.7115, ref_nll_loss = 4.8824, ivc_loss = 0.0799, neg_loss_1 = 0.0040, neg_loss_2 = 0.0042, ref_loss = 0.0213, div_loss = 0.0417, aux_loss = 0.0201, aux_loss_eff = 0.0100, 0.659 seconds/batch
2026-04-21 15:24:57,351 - Epoch 6, Batch 1000, lr = 0.00010, alpha_2 = 0.500, aux_scale = 0.500,  final_loss = 4.7792, nll_loss = 4.6927, ref_nll_loss = 4.8657, ivc_loss = 0.0839, neg_loss_1 = 0.0048, neg_loss_2 = 0.0035, ref_loss = 0.0230, div_loss = 0.0429, aux_loss = 0.0201, aux_loss_eff = 0.0100, 0.659 seconds/batch
2026-04-21 15:25:30,220 - Epoch 6, Batch 1050, lr = 0.00010, alpha_2 = 0.500, aux_scale = 0.500,  final_loss = 4.7743, nll_loss = 4.6888, ref_nll_loss = 4.8598, ivc_loss = 0.0850, neg_loss_1 = 0.0044, neg_loss_2 = 0.0054, ref_loss = 0.0226, div_loss = 0.0406, aux_loss = 0.0202, aux_loss_eff = 0.0101, 0.659 seconds/batch
2026-04-21 15:26:03,220 - Epoch 6, Batch 1100, lr = 0.00010, alpha_2 = 0.500, aux_scale = 0.500,  final_loss = 4.7785, nll_loss = 4.6935, ref_nll_loss = 4.8635, ivc_loss = 0.0816, neg_loss_1 = 0.0048, neg_loss_2 = 0.0047, ref_loss = 0.0212, div_loss = 0.0404, aux_loss = 0.0201, aux_loss_eff = 0.0101, 0.659 seconds/batch
2026-04-21 15:26:32,571 - Epoch 6, Batch 1150, lr = 0.00010, alpha_2 = 0.500, aux_scale = 0.500,  final_loss = 4.7959, nll_loss = 4.7090, ref_nll_loss = 4.8828, ivc_loss = 0.0829, neg_loss_1 = 0.0056, neg_loss_2 = 0.0033, ref_loss = 0.0218, div_loss = 0.0431, aux_loss = 0.0201, aux_loss_eff = 0.0100, 0.656 seconds/batch
2026-04-21 15:26:42,914 - Epoch 6, Batch 1170, lr = 0.00010, alpha_2 = 0.500, aux_scale = 0.500,  final_loss = 4.7771, nll_loss = 4.6949, ref_nll_loss = 4.8593, ivc_loss = 0.0911, neg_loss_1 = 0.0049, neg_loss_2 = 0.0037, ref_loss = 0.0265, div_loss = 0.0420, aux_loss = 0.0200, aux_loss_eff = 0.0100, 0.653 seconds/batch
2026-04-21 15:26:43,003 - save model to checkpoints/activitynet_moe_v2_staged_alpha_aux/moe_v2_staged_alpha_aux/model-6.pt, num_updates 7020.
2026-04-21 15:28:57,455 - | R@1,mIoU 0.3340 | R@1,IoU@0.1 0.8028 | R@1,IoU@0.3 0.4524 | R@1,IoU@0.5 0.2461 | R@1,IoU@0.7 0.1269 | R@1,IoU@0.9 0.0290 | R@5,mIoU 0.5086 | R@5,IoU@0.1 0.9068 | R@5,IoU@0.3 0.7094 | R@5,IoU@0.5 0.5316 | R@5,IoU@0.7 0.3074 | R@5,IoU@0.9 0.0794 |
2026-04-21 15:28:57,455 - ============================================================
2026-04-21 15:28:57,455 - Start Epoch 7
2026-04-21 15:29:28,934 - Epoch 7, Batch 50, lr = 0.00010, alpha_2 = 0.500, aux_scale = 0.500,  final_loss = 4.7265, nll_loss = 4.6360, ref_nll_loss = 4.8170, ivc_loss = 0.0805, neg_loss_1 = 0.0048, neg_loss_2 = 0.0039, ref_loss = 0.0213, div_loss = 0.0415, aux_loss = 0.0201, aux_loss_eff = 0.0101, 0.630 seconds/batch
2026-04-21 15:30:01,917 - Epoch 7, Batch 100, lr = 0.00009, alpha_2 = 0.500, aux_scale = 0.500,  final_loss = 4.7512, nll_loss = 4.6636, ref_nll_loss = 4.8388, ivc_loss = 0.0827, neg_loss_1 = 0.0038, neg_loss_2 = 0.0043, ref_loss = 0.0224, div_loss = 0.0438, aux_loss = 0.0202, aux_loss_eff = 0.0101, 0.645 seconds/batch
2026-04-21 15:30:34,928 - Epoch 7, Batch 150, lr = 0.00009, alpha_2 = 0.500, aux_scale = 0.500,  final_loss = 4.7190, nll_loss = 4.6280, ref_nll_loss = 4.8099, ivc_loss = 0.0758, neg_loss_1 = 0.0033, neg_loss_2 = 0.0039, ref_loss = 0.0195, div_loss = 0.0448, aux_loss = 0.0201, aux_loss_eff = 0.0101, 0.650 seconds/batch
2026-04-21 15:31:07,969 - Epoch 7, Batch 200, lr = 0.00009, alpha_2 = 0.500, aux_scale = 0.500,  final_loss = 4.7410, nll_loss = 4.6526, ref_nll_loss = 4.8293, ivc_loss = 0.0788, neg_loss_1 = 0.0042, neg_loss_2 = 0.0030, ref_loss = 0.0215, div_loss = 0.0426, aux_loss = 0.0201, aux_loss_eff = 0.0100, 0.653 seconds/batch
2026-04-21 15:31:40,947 - Epoch 7, Batch 250, lr = 0.00009, alpha_2 = 0.500, aux_scale = 0.500,  final_loss = 4.7592, nll_loss = 4.6698, ref_nll_loss = 4.8485, ivc_loss = 0.0792, neg_loss_1 = 0.0050, neg_loss_2 = 0.0030, ref_loss = 0.0205, div_loss = 0.0445, aux_loss = 0.0201, aux_loss_eff = 0.0101, 0.654 seconds/batch
2026-04-21 15:32:13,919 - Epoch 7, Batch 300, lr = 0.00009, alpha_2 = 0.500, aux_scale = 0.500,  final_loss = 4.7682, nll_loss = 4.6824, ref_nll_loss = 4.8540, ivc_loss = 0.0807, neg_loss_1 = 0.0034, neg_loss_2 = 0.0041, ref_loss = 0.0221, div_loss = 0.0430, aux_loss = 0.0201, aux_loss_eff = 0.0101, 0.655 seconds/batch
2026-04-21 15:32:46,944 - Epoch 7, Batch 350, lr = 0.00009, alpha_2 = 0.500, aux_scale = 0.500,  final_loss = 4.7700, nll_loss = 4.6821, ref_nll_loss = 4.8579, ivc_loss = 0.0823, neg_loss_1 = 0.0030, neg_loss_2 = 0.0038, ref_loss = 0.0231, div_loss = 0.0447, aux_loss = 0.0201, aux_loss_eff = 0.0100, 0.656 seconds/batch
2026-04-21 15:33:19,881 - Epoch 7, Batch 400, lr = 0.00009, alpha_2 = 0.500, aux_scale = 0.500,  final_loss = 4.7470, nll_loss = 4.6594, ref_nll_loss = 4.8347, ivc_loss = 0.0863, neg_loss_1 = 0.0046, neg_loss_2 = 0.0037, ref_loss = 0.0239, div_loss = 0.0435, aux_loss = 0.0201, aux_loss_eff = 0.0100, 0.656 seconds/batch
2026-04-21 15:33:52,889 - Epoch 7, Batch 450, lr = 0.00009, alpha_2 = 0.500, aux_scale = 0.500,  final_loss = 4.7583, nll_loss = 4.6699, ref_nll_loss = 4.8466, ivc_loss = 0.0798, neg_loss_1 = 0.0040, neg_loss_2 = 0.0031, ref_loss = 0.0212, div_loss = 0.0461, aux_loss = 0.0200, aux_loss_eff = 0.0100, 0.657 seconds/batch
2026-04-21 15:34:25,786 - Epoch 7, Batch 500, lr = 0.00009, alpha_2 = 0.500, aux_scale = 0.500,  final_loss = 4.7506, nll_loss = 4.6611, ref_nll_loss = 4.8401, ivc_loss = 0.0783, neg_loss_1 = 0.0040, neg_loss_2 = 0.0027, ref_loss = 0.0211, div_loss = 0.0453, aux_loss = 0.0202, aux_loss_eff = 0.0101, 0.657 seconds/batch
2026-04-21 15:34:58,830 - Epoch 7, Batch 550, lr = 0.00009, alpha_2 = 0.500, aux_scale = 0.500,  final_loss = 4.7862, nll_loss = 4.7008, ref_nll_loss = 4.8716, ivc_loss = 0.0840, neg_loss_1 = 0.0043, neg_loss_2 = 0.0034, ref_loss = 0.0230, div_loss = 0.0453, aux_loss = 0.0201, aux_loss_eff = 0.0100, 0.657 seconds/batch
2026-04-21 15:35:31,859 - Epoch 7, Batch 600, lr = 0.00009, alpha_2 = 0.500, aux_scale = 0.500,  final_loss = 4.6908, nll_loss = 4.6034, ref_nll_loss = 4.7781, ivc_loss = 0.0815, neg_loss_1 = 0.0050, neg_loss_2 = 0.0031, ref_loss = 0.0214, div_loss = 0.0453, aux_loss = 0.0201, aux_loss_eff = 0.0100, 0.657 seconds/batch
2026-04-21 15:36:04,846 - Epoch 7, Batch 650, lr = 0.00009, alpha_2 = 0.500, aux_scale = 0.500,  final_loss = 4.7356, nll_loss = 4.6484, ref_nll_loss = 4.8228, ivc_loss = 0.0785, neg_loss_1 = 0.0037, neg_loss_2 = 0.0034, ref_loss = 0.0214, div_loss = 0.0429, aux_loss = 0.0201, aux_loss_eff = 0.0100, 0.658 seconds/batch
2026-04-21 15:36:37,906 - Epoch 7, Batch 700, lr = 0.00009, alpha_2 = 0.500, aux_scale = 0.500,  final_loss = 4.7384, nll_loss = 4.6531, ref_nll_loss = 4.8236, ivc_loss = 0.0895, neg_loss_1 = 0.0058, neg_loss_2 = 0.0044, ref_loss = 0.0234, div_loss = 0.0447, aux_loss = 0.0203, aux_loss_eff = 0.0101, 0.658 seconds/batch
2026-04-21 15:37:10,948 - Epoch 7, Batch 750, lr = 0.00009, alpha_2 = 0.500, aux_scale = 0.500,  final_loss = 4.7731, nll_loss = 4.6851, ref_nll_loss = 4.8611, ivc_loss = 0.0802, neg_loss_1 = 0.0051, neg_loss_2 = 0.0036, ref_loss = 0.0202, div_loss = 0.0449, aux_loss = 0.0201, aux_loss_eff = 0.0101, 0.658 seconds/batch
2026-04-21 15:37:43,918 - Epoch 7, Batch 800, lr = 0.00009, alpha_2 = 0.500, aux_scale = 0.500,  final_loss = 4.7223, nll_loss = 4.6376, ref_nll_loss = 4.8070, ivc_loss = 0.0793, neg_loss_1 = 0.0032, neg_loss_2 = 0.0030, ref_loss = 0.0224, div_loss = 0.0440, aux_loss = 0.0202, aux_loss_eff = 0.0101, 0.658 seconds/batch
2026-04-21 15:38:16,938 - Epoch 7, Batch 850, lr = 0.00009, alpha_2 = 0.500, aux_scale = 0.500,  final_loss = 4.7398, nll_loss = 4.6545, ref_nll_loss = 4.8250, ivc_loss = 0.0822, neg_loss_1 = 0.0045, neg_loss_2 = 0.0038, ref_loss = 0.0224, div_loss = 0.0415, aux_loss = 0.0201, aux_loss_eff = 0.0101, 0.658 seconds/batch
2026-04-21 15:38:49,979 - Epoch 7, Batch 900, lr = 0.00009, alpha_2 = 0.500, aux_scale = 0.500,  final_loss = 4.7664, nll_loss = 4.6802, ref_nll_loss = 4.8526, ivc_loss = 0.0811, neg_loss_1 = 0.0047, neg_loss_2 = 0.0036, ref_loss = 0.0217, div_loss = 0.0418, aux_loss = 0.0202, aux_loss_eff = 0.0101, 0.658 seconds/batch
2026-04-21 15:39:23,015 - Epoch 7, Batch 950, lr = 0.00009, alpha_2 = 0.500, aux_scale = 0.500,  final_loss = 4.7265, nll_loss = 4.6391, ref_nll_loss = 4.8139, ivc_loss = 0.0844, neg_loss_1 = 0.0042, neg_loss_2 = 0.0052, ref_loss = 0.0218, div_loss = 0.0437, aux_loss = 0.0201, aux_loss_eff = 0.0100, 0.658 seconds/batch
2026-04-21 15:39:55,989 - Epoch 7, Batch 1000, lr = 0.00009, alpha_2 = 0.500, aux_scale = 0.500,  final_loss = 4.7432, nll_loss = 4.6555, ref_nll_loss = 4.8308, ivc_loss = 0.0810, neg_loss_1 = 0.0054, neg_loss_2 = 0.0028, ref_loss = 0.0221, div_loss = 0.0408, aux_loss = 0.0201, aux_loss_eff = 0.0101, 0.659 seconds/batch
2026-04-21 15:40:29,003 - Epoch 7, Batch 1050, lr = 0.00009, alpha_2 = 0.500, aux_scale = 0.500,  final_loss = 4.7457, nll_loss = 4.6568, ref_nll_loss = 4.8345, ivc_loss = 0.0936, neg_loss_1 = 0.0072, neg_loss_2 = 0.0058, ref_loss = 0.0223, div_loss = 0.0460, aux_loss = 0.0203, aux_loss_eff = 0.0101, 0.659 seconds/batch
2026-04-21 15:41:02,027 - Epoch 7, Batch 1100, lr = 0.00009, alpha_2 = 0.500, aux_scale = 0.500,  final_loss = 4.7475, nll_loss = 4.6597, ref_nll_loss = 4.8353, ivc_loss = 0.0910, neg_loss_1 = 0.0060, neg_loss_2 = 0.0060, ref_loss = 0.0215, div_loss = 0.0479, aux_loss = 0.0203, aux_loss_eff = 0.0101, 0.659 seconds/batch
2026-04-21 15:41:31,320 - Epoch 7, Batch 1150, lr = 0.00009, alpha_2 = 0.500, aux_scale = 0.500,  final_loss = 4.7535, nll_loss = 4.6683, ref_nll_loss = 4.8386, ivc_loss = 0.0918, neg_loss_1 = 0.0064, neg_loss_2 = 0.0042, ref_loss = 0.0236, div_loss = 0.0467, aux_loss = 0.0201, aux_loss_eff = 0.0101, 0.656 seconds/batch
2026-04-21 15:41:41,702 - Epoch 7, Batch 1170, lr = 0.00009, alpha_2 = 0.500, aux_scale = 0.500,  final_loss = 4.7391, nll_loss = 4.6540, ref_nll_loss = 4.8242, ivc_loss = 0.0889, neg_loss_1 = 0.0055, neg_loss_2 = 0.0046, ref_loss = 0.0224, div_loss = 0.0475, aux_loss = 0.0201, aux_loss_eff = 0.0101, 0.653 seconds/batch
2026-04-21 15:41:41,787 - save model to checkpoints/activitynet_moe_v2_staged_alpha_aux/moe_v2_staged_alpha_aux/model-7.pt, num_updates 8190.
2026-04-21 15:43:56,502 - | R@1,mIoU 0.3305 | R@1,IoU@0.1 0.7872 | R@1,IoU@0.3 0.4408 | R@1,IoU@0.5 0.2487 | R@1,IoU@0.7 0.1263 | R@1,IoU@0.9 0.0383 | R@5,mIoU 0.5026 | R@5,IoU@0.1 0.9027 | R@5,IoU@0.3 0.7068 | R@5,IoU@0.5 0.5173 | R@5,IoU@0.7 0.2914 | R@5,IoU@0.9 0.0909 |
2026-04-21 15:43:56,502 - ============================================================
2026-04-21 15:43:56,502 - Start Epoch 8
2026-04-21 15:44:28,071 - Epoch 8, Batch 50, lr = 0.00009, alpha_2 = 0.500, aux_scale = 0.500,  final_loss = 4.6962, nll_loss = 4.6102, ref_nll_loss = 4.7822, ivc_loss = 0.0904, neg_loss_1 = 0.0073, neg_loss_2 = 0.0050, ref_loss = 0.0223, div_loss = 0.0423, aux_loss = 0.0201, aux_loss_eff = 0.0101, 0.631 seconds/batch
2026-04-21 15:45:01,076 - Epoch 8, Batch 100, lr = 0.00009, alpha_2 = 0.500, aux_scale = 0.500,  final_loss = 4.7225, nll_loss = 4.6344, ref_nll_loss = 4.8105, ivc_loss = 0.0810, neg_loss_1 = 0.0043, neg_loss_2 = 0.0045, ref_loss = 0.0205, div_loss = 0.0447, aux_loss = 0.0201, aux_loss_eff = 0.0100, 0.646 seconds/batch
2026-04-21 15:45:33,973 - Epoch 8, Batch 150, lr = 0.00009, alpha_2 = 0.500, aux_scale = 0.500,  final_loss = 4.7033, nll_loss = 4.6147, ref_nll_loss = 4.7920, ivc_loss = 0.0856, neg_loss_1 = 0.0061, neg_loss_2 = 0.0037, ref_loss = 0.0213, div_loss = 0.0467, aux_loss = 0.0200, aux_loss_eff = 0.0100, 0.650 seconds/batch
2026-04-21 15:46:06,991 - Epoch 8, Batch 200, lr = 0.00009, alpha_2 = 0.500, aux_scale = 0.500,  final_loss = 4.6896, nll_loss = 4.6027, ref_nll_loss = 4.7764, ivc_loss = 0.0812, neg_loss_1 = 0.0030, neg_loss_2 = 0.0047, ref_loss = 0.0209, div_loss = 0.0480, aux_loss = 0.0201, aux_loss_eff = 0.0100, 0.652 seconds/batch
2026-04-21 15:46:40,011 - Epoch 8, Batch 250, lr = 0.00009, alpha_2 = 0.500, aux_scale = 0.500,  final_loss = 4.7118, nll_loss = 4.6241, ref_nll_loss = 4.7995, ivc_loss = 0.0830, neg_loss_1 = 0.0037, neg_loss_2 = 0.0031, ref_loss = 0.0224, div_loss = 0.0493, aux_loss = 0.0201, aux_loss_eff = 0.0100, 0.654 seconds/batch
2026-04-21 15:47:13,095 - Epoch 8, Batch 300, lr = 0.00009, alpha_2 = 0.500, aux_scale = 0.500,  final_loss = 4.6712, nll_loss = 4.5813, ref_nll_loss = 4.7612, ivc_loss = 0.0807, neg_loss_1 = 0.0049, neg_loss_2 = 0.0028, ref_loss = 0.0213, div_loss = 0.0456, aux_loss = 0.0201, aux_loss_eff = 0.0100, 0.655 seconds/batch
2026-04-21 15:47:46,339 - Epoch 8, Batch 350, lr = 0.00009, alpha_2 = 0.500, aux_scale = 0.500,  final_loss = 4.6863, nll_loss = 4.5987, ref_nll_loss = 4.7739, ivc_loss = 0.0848, neg_loss_1 = 0.0055, neg_loss_2 = 0.0052, ref_loss = 0.0206, div_loss = 0.0443, aux_loss = 0.0201, aux_loss_eff = 0.0100, 0.657 seconds/batch
2026-04-21 15:48:19,330 - Epoch 8, Batch 400, lr = 0.00009, alpha_2 = 0.500, aux_scale = 0.500,  final_loss = 4.6961, nll_loss = 4.6080, ref_nll_loss = 4.7843, ivc_loss = 0.0806, neg_loss_1 = 0.0045, neg_loss_2 = 0.0031, ref_loss = 0.0213, div_loss = 0.0455, aux_loss = 0.0200, aux_loss_eff = 0.0100, 0.657 seconds/batch
2026-04-21 15:48:52,328 - Epoch 8, Batch 450, lr = 0.00009, alpha_2 = 0.500, aux_scale = 0.500,  final_loss = 4.7033, nll_loss = 4.6156, ref_nll_loss = 4.7909, ivc_loss = 0.0775, neg_loss_1 = 0.0061, neg_loss_2 = 0.0023, ref_loss = 0.0189, div_loss = 0.0459, aux_loss = 0.0201, aux_loss_eff = 0.0100, 0.657 seconds/batch
2026-04-21 15:49:25,328 - Epoch 8, Batch 500, lr = 0.00009, alpha_2 = 0.500, aux_scale = 0.500,  final_loss = 4.7183, nll_loss = 4.6310, ref_nll_loss = 4.8056, ivc_loss = 0.0809, neg_loss_1 = 0.0043, neg_loss_2 = 0.0038, ref_loss = 0.0214, div_loss = 0.0435, aux_loss = 0.0201, aux_loss_eff = 0.0100, 0.658 seconds/batch
2026-04-21 15:49:58,333 - Epoch 8, Batch 550, lr = 0.00009, alpha_2 = 0.500, aux_scale = 0.500,  final_loss = 4.6984, nll_loss = 4.6101, ref_nll_loss = 4.7867, ivc_loss = 0.0816, neg_loss_1 = 0.0047, neg_loss_2 = 0.0050, ref_loss = 0.0206, div_loss = 0.0422, aux_loss = 0.0201, aux_loss_eff = 0.0100, 0.658 seconds/batch
2026-04-21 15:50:31,333 - Epoch 8, Batch 600, lr = 0.00009, alpha_2 = 0.500, aux_scale = 0.500,  final_loss = 4.6206, nll_loss = 4.5326, ref_nll_loss = 4.7087, ivc_loss = 0.0812, neg_loss_1 = 0.0050, neg_loss_2 = 0.0033, ref_loss = 0.0211, div_loss = 0.0448, aux_loss = 0.0201, aux_loss_eff = 0.0100, 0.658 seconds/batch
2026-04-21 15:51:04,353 - Epoch 8, Batch 650, lr = 0.00009, alpha_2 = 0.500, aux_scale = 0.500,  final_loss = 4.7206, nll_loss = 4.6297, ref_nll_loss = 4.8116, ivc_loss = 0.0819, neg_loss_1 = 0.0043, neg_loss_2 = 0.0039, ref_loss = 0.0217, div_loss = 0.0442, aux_loss = 0.0201, aux_loss_eff = 0.0100, 0.658 seconds/batch
2026-04-21 15:51:37,357 - Epoch 8, Batch 700, lr = 0.00008, alpha_2 = 0.500, aux_scale = 0.500,  final_loss = 4.7024, nll_loss = 4.6119, ref_nll_loss = 4.7928, ivc_loss = 0.0791, neg_loss_1 = 0.0054, neg_loss_2 = 0.0028, ref_loss = 0.0205, div_loss = 0.0434, aux_loss = 0.0201, aux_loss_eff = 0.0100, 0.658 seconds/batch
2026-04-21 15:52:10,350 - Epoch 8, Batch 750, lr = 0.00008, alpha_2 = 0.500, aux_scale = 0.500,  final_loss = 4.7273, nll_loss = 4.6369, ref_nll_loss = 4.8178, ivc_loss = 0.0756, neg_loss_1 = 0.0051, neg_loss_2 = 0.0028, ref_loss = 0.0192, div_loss = 0.0427, aux_loss = 0.0201, aux_loss_eff = 0.0101, 0.658 seconds/batch
2026-04-21 15:52:43,355 - Epoch 8, Batch 800, lr = 0.00008, alpha_2 = 0.500, aux_scale = 0.500,  final_loss = 4.6486, nll_loss = 4.5539, ref_nll_loss = 4.7433, ivc_loss = 0.0775, neg_loss_1 = 0.0053, neg_loss_2 = 0.0027, ref_loss = 0.0200, div_loss = 0.0429, aux_loss = 0.0201, aux_loss_eff = 0.0100, 0.659 seconds/batch
2026-04-21 15:53:16,346 - Epoch 8, Batch 850, lr = 0.00008, alpha_2 = 0.500, aux_scale = 0.500,  final_loss = 4.7084, nll_loss = 4.6197, ref_nll_loss = 4.7971, ivc_loss = 0.0795, neg_loss_1 = 0.0055, neg_loss_2 = 0.0035, ref_loss = 0.0202, div_loss = 0.0422, aux_loss = 0.0201, aux_loss_eff = 0.0100, 0.659 seconds/batch
2026-04-21 15:53:49,335 - Epoch 8, Batch 900, lr = 0.00008, alpha_2 = 0.500, aux_scale = 0.500,  final_loss = 4.6798, nll_loss = 4.5872, ref_nll_loss = 4.7725, ivc_loss = 0.0753, neg_loss_1 = 0.0049, neg_loss_2 = 0.0027, ref_loss = 0.0193, div_loss = 0.0428, aux_loss = 0.0201, aux_loss_eff = 0.0100, 0.659 seconds/batch
2026-04-21 15:54:22,354 - Epoch 8, Batch 950, lr = 0.00008, alpha_2 = 0.500, aux_scale = 0.500,  final_loss = 4.6989, nll_loss = 4.6050, ref_nll_loss = 4.7929, ivc_loss = 0.0800, neg_loss_1 = 0.0050, neg_loss_2 = 0.0042, ref_loss = 0.0202, div_loss = 0.0424, aux_loss = 0.0201, aux_loss_eff = 0.0100, 0.659 seconds/batch
2026-04-21 15:54:55,328 - Epoch 8, Batch 1000, lr = 0.00008, alpha_2 = 0.500, aux_scale = 0.500,  final_loss = 4.7015, nll_loss = 4.6049, ref_nll_loss = 4.7981, ivc_loss = 0.0746, neg_loss_1 = 0.0050, neg_loss_2 = 0.0023, ref_loss = 0.0186, div_loss = 0.0458, aux_loss = 0.0201, aux_loss_eff = 0.0101, 0.659 seconds/batch
2026-04-21 15:55:28,355 - Epoch 8, Batch 1050, lr = 0.00008, alpha_2 = 0.500, aux_scale = 0.500,  final_loss = 4.6978, nll_loss = 4.6063, ref_nll_loss = 4.7894, ivc_loss = 0.0764, neg_loss_1 = 0.0050, neg_loss_2 = 0.0030, ref_loss = 0.0189, div_loss = 0.0448, aux_loss = 0.0202, aux_loss_eff = 0.0101, 0.659 seconds/batch
2026-04-21 15:56:01,359 - Epoch 8, Batch 1100, lr = 0.00008, alpha_2 = 0.500, aux_scale = 0.500,  final_loss = 4.7065, nll_loss = 4.6145, ref_nll_loss = 4.7985, ivc_loss = 0.0738, neg_loss_1 = 0.0050, neg_loss_2 = 0.0024, ref_loss = 0.0184, div_loss = 0.0443, aux_loss = 0.0201, aux_loss_eff = 0.0100, 0.659 seconds/batch
2026-04-21 15:56:30,546 - Epoch 8, Batch 1150, lr = 0.00008, alpha_2 = 0.500, aux_scale = 0.500,  final_loss = 4.6646, nll_loss = 4.5750, ref_nll_loss = 4.7542, ivc_loss = 0.0812, neg_loss_1 = 0.0053, neg_loss_2 = 0.0024, ref_loss = 0.0217, div_loss = 0.0449, aux_loss = 0.0200, aux_loss_eff = 0.0100, 0.656 seconds/batch
2026-04-21 15:56:40,899 - Epoch 8, Batch 1170, lr = 0.00008, alpha_2 = 0.500, aux_scale = 0.500,  final_loss = 4.6594, nll_loss = 4.5680, ref_nll_loss = 4.7508, ivc_loss = 0.0732, neg_loss_1 = 0.0036, neg_loss_2 = 0.0025, ref_loss = 0.0194, div_loss = 0.0442, aux_loss = 0.0200, aux_loss_eff = 0.0100, 0.653 seconds/batch
2026-04-21 15:56:40,988 - save model to checkpoints/activitynet_moe_v2_staged_alpha_aux/moe_v2_staged_alpha_aux/model-8.pt, num_updates 9360.
2026-04-21 15:58:56,153 - | R@1,mIoU 0.3332 | R@1,IoU@0.1 0.7891 | R@1,IoU@0.3 0.4490 | R@1,IoU@0.5 0.2453 | R@1,IoU@0.7 0.1273 | R@1,IoU@0.9 0.0453 | R@5,mIoU 0.4879 | R@5,IoU@0.1 0.8984 | R@5,IoU@0.3 0.6883 | R@5,IoU@0.5 0.4940 | R@5,IoU@0.7 0.2687 | R@5,IoU@0.9 0.0812 |
2026-04-21 15:58:56,153 - ============================================================
2026-04-21 15:58:56,153 - Start Epoch 9
2026-04-21 15:59:27,813 - Epoch 9, Batch 50, lr = 0.00008, alpha_2 = 0.500, aux_scale = 0.500,  final_loss = 4.6421, nll_loss = 4.5509, ref_nll_loss = 4.7332, ivc_loss = 0.0773, neg_loss_1 = 0.0039, neg_loss_2 = 0.0025, ref_loss = 0.0208, div_loss = 0.0457, aux_loss = 0.0201, aux_loss_eff = 0.0100, 0.633 seconds/batch
2026-04-21 16:00:00,808 - Epoch 9, Batch 100, lr = 0.00008, alpha_2 = 0.500, aux_scale = 0.500,  final_loss = 4.6523, nll_loss = 4.5611, ref_nll_loss = 4.7435, ivc_loss = 0.0771, neg_loss_1 = 0.0046, neg_loss_2 = 0.0025, ref_loss = 0.0206, div_loss = 0.0437, aux_loss = 0.0200, aux_loss_eff = 0.0100, 0.647 seconds/batch
2026-04-21 16:00:34,012 - Epoch 9, Batch 150, lr = 0.00008, alpha_2 = 0.500, aux_scale = 0.500,  final_loss = 4.6674, nll_loss = 4.5778, ref_nll_loss = 4.7570, ivc_loss = 0.0768, neg_loss_1 = 0.0049, neg_loss_2 = 0.0023, ref_loss = 0.0206, div_loss = 0.0427, aux_loss = 0.0201, aux_loss_eff = 0.0100, 0.652 seconds/batch
2026-04-21 16:01:06,995 - Epoch 9, Batch 200, lr = 0.00008, alpha_2 = 0.500, aux_scale = 0.500,  final_loss = 4.6286, nll_loss = 4.5348, ref_nll_loss = 4.7224, ivc_loss = 0.0766, neg_loss_1 = 0.0058, neg_loss_2 = 0.0027, ref_loss = 0.0183, div_loss = 0.0462, aux_loss = 0.0200, aux_loss_eff = 0.0100, 0.654 seconds/batch
2026-04-21 16:01:40,013 - Epoch 9, Batch 250, lr = 0.00008, alpha_2 = 0.500, aux_scale = 0.500,  final_loss = 4.6732, nll_loss = 4.5785, ref_nll_loss = 4.7679, ivc_loss = 0.0772, neg_loss_1 = 0.0047, neg_loss_2 = 0.0029, ref_loss = 0.0192, div_loss = 0.0471, aux_loss = 0.0200, aux_loss_eff = 0.0100, 0.655 seconds/batch
2026-04-21 16:02:13,023 - Epoch 9, Batch 300, lr = 0.00008, alpha_2 = 0.500, aux_scale = 0.500,  final_loss = 4.6567, nll_loss = 4.5652, ref_nll_loss = 4.7482, ivc_loss = 0.0754, neg_loss_1 = 0.0039, neg_loss_2 = 0.0027, ref_loss = 0.0201, div_loss = 0.0441, aux_loss = 0.0201, aux_loss_eff = 0.0100, 0.656 seconds/batch
2026-04-21 16:02:46,050 - Epoch 9, Batch 350, lr = 0.00008, alpha_2 = 0.500, aux_scale = 0.500,  final_loss = 4.6752, nll_loss = 4.5782, ref_nll_loss = 4.7723, ivc_loss = 0.0767, neg_loss_1 = 0.0052, neg_loss_2 = 0.0037, ref_loss = 0.0182, div_loss = 0.0446, aux_loss = 0.0200, aux_loss_eff = 0.0100, 0.657 seconds/batch
2026-04-21 16:03:19,043 - Epoch 9, Batch 400, lr = 0.00008, alpha_2 = 0.500, aux_scale = 0.500,  final_loss = 4.6452, nll_loss = 4.5524, ref_nll_loss = 4.7380, ivc_loss = 0.0768, neg_loss_1 = 0.0044, neg_loss_2 = 0.0027, ref_loss = 0.0192, div_loss = 0.0487, aux_loss = 0.0200, aux_loss_eff = 0.0100, 0.657 seconds/batch
2026-04-21 16:03:52,056 - Epoch 9, Batch 450, lr = 0.00008, alpha_2 = 0.500, aux_scale = 0.500,  final_loss = 4.6303, nll_loss = 4.5351, ref_nll_loss = 4.7255, ivc_loss = 0.0719, neg_loss_1 = 0.0038, neg_loss_2 = 0.0030, ref_loss = 0.0178, div_loss = 0.0457, aux_loss = 0.0200, aux_loss_eff = 0.0100, 0.658 seconds/batch
2026-04-21 16:04:25,080 - Epoch 9, Batch 500, lr = 0.00008, alpha_2 = 0.500, aux_scale = 0.500,  final_loss = 4.6268, nll_loss = 4.5320, ref_nll_loss = 4.7216, ivc_loss = 0.0803, neg_loss_1 = 0.0051, neg_loss_2 = 0.0041, ref_loss = 0.0194, div_loss = 0.0461, aux_loss = 0.0200, aux_loss_eff = 0.0100, 0.658 seconds/batch
2026-04-21 16:04:58,087 - Epoch 9, Batch 550, lr = 0.00008, alpha_2 = 0.500, aux_scale = 0.500,  final_loss = 4.6400, nll_loss = 4.5438, ref_nll_loss = 4.7362, ivc_loss = 0.0692, neg_loss_1 = 0.0040, neg_loss_2 = 0.0032, ref_loss = 0.0160, div_loss = 0.0460, aux_loss = 0.0200, aux_loss_eff = 0.0100, 0.658 seconds/batch
2026-04-21 16:05:31,106 - Epoch 9, Batch 600, lr = 0.00008, alpha_2 = 0.500, aux_scale = 0.500,  final_loss = 4.6580, nll_loss = 4.5616, ref_nll_loss = 4.7543, ivc_loss = 0.0723, neg_loss_1 = 0.0039, neg_loss_2 = 0.0019, ref_loss = 0.0183, div_loss = 0.0484, aux_loss = 0.0200, aux_loss_eff = 0.0100, 0.658 seconds/batch
2026-04-21 16:06:04,136 - Epoch 9, Batch 650, lr = 0.00008, alpha_2 = 0.500, aux_scale = 0.500,  final_loss = 4.6196, nll_loss = 4.5274, ref_nll_loss = 4.7118, ivc_loss = 0.0739, neg_loss_1 = 0.0035, neg_loss_2 = 0.0028, ref_loss = 0.0188, div_loss = 0.0475, aux_loss = 0.0200, aux_loss_eff = 0.0100, 0.658 seconds/batch
2026-04-21 16:06:37,094 - Epoch 9, Batch 700, lr = 0.00008, alpha_2 = 0.500, aux_scale = 0.500,  final_loss = 4.6400, nll_loss = 4.5439, ref_nll_loss = 4.7362, ivc_loss = 0.0734, neg_loss_1 = 0.0032, neg_loss_2 = 0.0017, ref_loss = 0.0194, div_loss = 0.0497, aux_loss = 0.0200, aux_loss_eff = 0.0100, 0.658 seconds/batch
2026-04-21 16:07:10,132 - Epoch 9, Batch 750, lr = 0.00008, alpha_2 = 0.500, aux_scale = 0.500,  final_loss = 4.6343, nll_loss = 4.5373, ref_nll_loss = 4.7314, ivc_loss = 0.0838, neg_loss_1 = 0.0046, neg_loss_2 = 0.0043, ref_loss = 0.0203, div_loss = 0.0506, aux_loss = 0.0202, aux_loss_eff = 0.0101, 0.659 seconds/batch
2026-04-21 16:07:43,107 - Epoch 9, Batch 800, lr = 0.00008, alpha_2 = 0.500, aux_scale = 0.500,  final_loss = 4.6585, nll_loss = 4.5604, ref_nll_loss = 4.7565, ivc_loss = 0.0775, neg_loss_1 = 0.0042, neg_loss_2 = 0.0039, ref_loss = 0.0180, div_loss = 0.0504, aux_loss = 0.0201, aux_loss_eff = 0.0100, 0.659 seconds/batch
2026-04-21 16:08:16,114 - Epoch 9, Batch 850, lr = 0.00008, alpha_2 = 0.500, aux_scale = 0.500,  final_loss = 4.6306, nll_loss = 4.5359, ref_nll_loss = 4.7253, ivc_loss = 0.0732, neg_loss_1 = 0.0036, neg_loss_2 = 0.0020, ref_loss = 0.0183, div_loss = 0.0510, aux_loss = 0.0200, aux_loss_eff = 0.0100, 0.659 seconds/batch
2026-04-21 16:08:49,107 - Epoch 9, Batch 900, lr = 0.00008, alpha_2 = 0.500, aux_scale = 0.500,  final_loss = 4.6768, nll_loss = 4.5840, ref_nll_loss = 4.7697, ivc_loss = 0.0785, neg_loss_1 = 0.0036, neg_loss_2 = 0.0038, ref_loss = 0.0201, div_loss = 0.0470, aux_loss = 0.0200, aux_loss_eff = 0.0100, 0.659 seconds/batch
2026-04-21 16:09:22,135 - Epoch 9, Batch 950, lr = 0.00008, alpha_2 = 0.500, aux_scale = 0.500,  final_loss = 4.6328, nll_loss = 4.5356, ref_nll_loss = 4.7301, ivc_loss = 0.0733, neg_loss_1 = 0.0042, neg_loss_2 = 0.0035, ref_loss = 0.0175, div_loss = 0.0459, aux_loss = 0.0200, aux_loss_eff = 0.0100, 0.659 seconds/batch
2026-04-21 16:09:55,138 - Epoch 9, Batch 1000, lr = 0.00008, alpha_2 = 0.500, aux_scale = 0.500,  final_loss = 4.6574, nll_loss = 4.5650, ref_nll_loss = 4.7498, ivc_loss = 0.0766, neg_loss_1 = 0.0038, neg_loss_2 = 0.0034, ref_loss = 0.0193, div_loss = 0.0471, aux_loss = 0.0200, aux_loss_eff = 0.0100, 0.659 seconds/batch
2026-04-21 16:10:28,117 - Epoch 9, Batch 1050, lr = 0.00008, alpha_2 = 0.500, aux_scale = 0.500,  final_loss = 4.6530, nll_loss = 4.5532, ref_nll_loss = 4.7527, ivc_loss = 0.0742, neg_loss_1 = 0.0047, neg_loss_2 = 0.0038, ref_loss = 0.0171, div_loss = 0.0460, aux_loss = 0.0200, aux_loss_eff = 0.0100, 0.659 seconds/batch
2026-04-21 16:11:01,076 - Epoch 9, Batch 1100, lr = 0.00008, alpha_2 = 0.500, aux_scale = 0.500,  final_loss = 4.6782, nll_loss = 4.5830, ref_nll_loss = 4.7733, ivc_loss = 0.0714, neg_loss_1 = 0.0041, neg_loss_2 = 0.0034, ref_loss = 0.0164, div_loss = 0.0470, aux_loss = 0.0200, aux_loss_eff = 0.0100, 0.659 seconds/batch
2026-04-21 16:11:30,064 - Epoch 9, Batch 1150, lr = 0.00008, alpha_2 = 0.500, aux_scale = 0.500,  final_loss = 4.6203, nll_loss = 4.5240, ref_nll_loss = 4.7166, ivc_loss = 0.0698, neg_loss_1 = 0.0030, neg_loss_2 = 0.0019, ref_loss = 0.0182, div_loss = 0.0472, aux_loss = 0.0200, aux_loss_eff = 0.0100, 0.656 seconds/batch
2026-04-21 16:11:40,390 - Epoch 9, Batch 1170, lr = 0.00008, alpha_2 = 0.500, aux_scale = 0.500,  final_loss = 4.6426, nll_loss = 4.5493, ref_nll_loss = 4.7360, ivc_loss = 0.0690, neg_loss_1 = 0.0032, neg_loss_2 = 0.0024, ref_loss = 0.0169, div_loss = 0.0479, aux_loss = 0.0200, aux_loss_eff = 0.0100, 0.653 seconds/batch
2026-04-21 16:11:40,472 - save model to checkpoints/activitynet_moe_v2_staged_alpha_aux/moe_v2_staged_alpha_aux/model-9.pt, num_updates 10530.
2026-04-21 16:13:55,388 - | R@1,mIoU 0.3290 | R@1,IoU@0.1 0.7890 | R@1,IoU@0.3 0.4374 | R@1,IoU@0.5 0.2525 | R@1,IoU@0.7 0.1266 | R@1,IoU@0.9 0.0332 | R@5,mIoU 0.4927 | R@5,IoU@0.1 0.9025 | R@5,IoU@0.3 0.6936 | R@5,IoU@0.5 0.5065 | R@5,IoU@0.7 0.2825 | R@5,IoU@0.9 0.0766 |
2026-04-21 16:13:55,388 - ============================================================
2026-04-21 16:13:55,388 - Start Epoch 10
2026-04-21 16:14:26,864 - Epoch 10, Batch 50, lr = 0.00008, alpha_2 = 0.500, aux_scale = 0.500,  final_loss = 4.5920, nll_loss = 4.4937, ref_nll_loss = 4.6904, ivc_loss = 0.0724, neg_loss_1 = 0.0029, neg_loss_2 = 0.0028, ref_loss = 0.0190, div_loss = 0.0461, aux_loss = 0.0200, aux_loss_eff = 0.0100, 0.630 seconds/batch
2026-04-21 16:14:59,783 - Epoch 10, Batch 100, lr = 0.00008, alpha_2 = 0.500, aux_scale = 0.500,  final_loss = 4.5743, nll_loss = 4.4756, ref_nll_loss = 4.6729, ivc_loss = 0.0667, neg_loss_1 = 0.0032, neg_loss_2 = 0.0024, ref_loss = 0.0162, div_loss = 0.0462, aux_loss = 0.0200, aux_loss_eff = 0.0100, 0.644 seconds/batch
2026-04-21 16:15:32,740 - Epoch 10, Batch 150, lr = 0.00008, alpha_2 = 0.500, aux_scale = 0.500,  final_loss = 4.6472, nll_loss = 4.5537, ref_nll_loss = 4.7406, ivc_loss = 0.0719, neg_loss_1 = 0.0039, neg_loss_2 = 0.0024, ref_loss = 0.0183, div_loss = 0.0455, aux_loss = 0.0200, aux_loss_eff = 0.0100, 0.649 seconds/batch
2026-04-21 16:16:05,761 - Epoch 10, Batch 200, lr = 0.00008, alpha_2 = 0.500, aux_scale = 0.500,  final_loss = 4.6150, nll_loss = 4.5213, ref_nll_loss = 4.7086, ivc_loss = 0.0699, neg_loss_1 = 0.0039, neg_loss_2 = 0.0021, ref_loss = 0.0181, div_loss = 0.0435, aux_loss = 0.0200, aux_loss_eff = 0.0100, 0.652 seconds/batch
2026-04-21 16:16:38,713 - Epoch 10, Batch 250, lr = 0.00008, alpha_2 = 0.500, aux_scale = 0.500,  final_loss = 4.5975, nll_loss = 4.5033, ref_nll_loss = 4.6917, ivc_loss = 0.0812, neg_loss_1 = 0.0049, neg_loss_2 = 0.0040, ref_loss = 0.0205, div_loss = 0.0450, aux_loss = 0.0200, aux_loss_eff = 0.0100, 0.653 seconds/batch
2026-04-21 16:17:11,721 - Epoch 10, Batch 300, lr = 0.00008, alpha_2 = 0.500, aux_scale = 0.500,  final_loss = 4.5926, nll_loss = 4.4955, ref_nll_loss = 4.6896, ivc_loss = 0.0681, neg_loss_1 = 0.0028, neg_loss_2 = 0.0026, ref_loss = 0.0174, div_loss = 0.0448, aux_loss = 0.0200, aux_loss_eff = 0.0100, 0.654 seconds/batch
2026-04-21 16:17:44,748 - Epoch 10, Batch 350, lr = 0.00008, alpha_2 = 0.500, aux_scale = 0.500,  final_loss = 4.6063, nll_loss = 4.5109, ref_nll_loss = 4.7018, ivc_loss = 0.0790, neg_loss_1 = 0.0055, neg_loss_2 = 0.0029, ref_loss = 0.0191, div_loss = 0.0481, aux_loss = 0.0200, aux_loss_eff = 0.0100, 0.655 seconds/batch
2026-04-21 16:18:17,790 - Epoch 10, Batch 400, lr = 0.00008, alpha_2 = 0.500, aux_scale = 0.500,  final_loss = 4.6020, nll_loss = 4.5097, ref_nll_loss = 4.6943, ivc_loss = 0.0756, neg_loss_1 = 0.0048, neg_loss_2 = 0.0020, ref_loss = 0.0193, div_loss = 0.0467, aux_loss = 0.0201, aux_loss_eff = 0.0100, 0.656 seconds/batch
2026-04-21 16:18:50,745 - Epoch 10, Batch 450, lr = 0.00008, alpha_2 = 0.500, aux_scale = 0.500,  final_loss = 4.5874, nll_loss = 4.4906, ref_nll_loss = 4.6843, ivc_loss = 0.0698, neg_loss_1 = 0.0037, neg_loss_2 = 0.0020, ref_loss = 0.0174, div_loss = 0.0471, aux_loss = 0.0201, aux_loss_eff = 0.0100, 0.656 seconds/batch
2026-04-21 16:19:23,745 - Epoch 10, Batch 500, lr = 0.00008, alpha_2 = 0.500, aux_scale = 0.500,  final_loss = 4.6211, nll_loss = 4.5253, ref_nll_loss = 4.7168, ivc_loss = 0.0716, neg_loss_1 = 0.0046, neg_loss_2 = 0.0022, ref_loss = 0.0176, div_loss = 0.0456, aux_loss = 0.0200, aux_loss_eff = 0.0100, 0.657 seconds/batch
2026-04-21 16:19:56,744 - Epoch 10, Batch 550, lr = 0.00008, alpha_2 = 0.500, aux_scale = 0.500,  final_loss = 4.5884, nll_loss = 4.4939, ref_nll_loss = 4.6828, ivc_loss = 0.0741, neg_loss_1 = 0.0039, neg_loss_2 = 0.0021, ref_loss = 0.0189, div_loss = 0.0484, aux_loss = 0.0200, aux_loss_eff = 0.0100, 0.657 seconds/batch
2026-04-21 16:20:29,780 - Epoch 10, Batch 600, lr = 0.00008, alpha_2 = 0.500, aux_scale = 0.500,  final_loss = 4.6263, nll_loss = 4.5305, ref_nll_loss = 4.7221, ivc_loss = 0.0674, neg_loss_1 = 0.0033, neg_loss_2 = 0.0016, ref_loss = 0.0169, div_loss = 0.0476, aux_loss = 0.0200, aux_loss_eff = 0.0100, 0.657 seconds/batch
2026-04-21 16:21:02,813 - Epoch 10, Batch 650, lr = 0.00008, alpha_2 = 0.500, aux_scale = 0.500,  final_loss = 4.6499, nll_loss = 4.5516, ref_nll_loss = 4.7483, ivc_loss = 0.0668, neg_loss_1 = 0.0035, neg_loss_2 = 0.0013, ref_loss = 0.0167, div_loss = 0.0473, aux_loss = 0.0200, aux_loss_eff = 0.0100, 0.658 seconds/batch
2026-04-21 16:21:35,814 - Epoch 10, Batch 700, lr = 0.00008, alpha_2 = 0.500, aux_scale = 0.500,  final_loss = 4.6074, nll_loss = 4.5111, ref_nll_loss = 4.7037, ivc_loss = 0.0717, neg_loss_1 = 0.0044, neg_loss_2 = 0.0025, ref_loss = 0.0182, div_loss = 0.0431, aux_loss = 0.0200, aux_loss_eff = 0.0100, 0.658 seconds/batch
2026-04-21 16:22:08,828 - Epoch 10, Batch 750, lr = 0.00008, alpha_2 = 0.500, aux_scale = 0.500,  final_loss = 4.6118, nll_loss = 4.5182, ref_nll_loss = 4.7054, ivc_loss = 0.0741, neg_loss_1 = 0.0054, neg_loss_2 = 0.0020, ref_loss = 0.0183, div_loss = 0.0451, aux_loss = 0.0201, aux_loss_eff = 0.0100, 0.658 seconds/batch
2026-04-21 16:22:41,839 - Epoch 10, Batch 800, lr = 0.00008, alpha_2 = 0.500, aux_scale = 0.500,  final_loss = 4.6158, nll_loss = 4.5234, ref_nll_loss = 4.7081, ivc_loss = 0.0796, neg_loss_1 = 0.0042, neg_loss_2 = 0.0039, ref_loss = 0.0203, div_loss = 0.0457, aux_loss = 0.0201, aux_loss_eff = 0.0100, 0.658 seconds/batch
2026-04-21 16:23:14,835 - Epoch 10, Batch 850, lr = 0.00007, alpha_2 = 0.500, aux_scale = 0.500,  final_loss = 4.6149, nll_loss = 4.5197, ref_nll_loss = 4.7101, ivc_loss = 0.0759, neg_loss_1 = 0.0035, neg_loss_2 = 0.0031, ref_loss = 0.0196, div_loss = 0.0470, aux_loss = 0.0200, aux_loss_eff = 0.0100, 0.658 seconds/batch
2026-04-21 16:23:47,765 - Epoch 10, Batch 900, lr = 0.00007, alpha_2 = 0.500, aux_scale = 0.500,  final_loss = 4.5939, nll_loss = 4.5024, ref_nll_loss = 4.6854, ivc_loss = 0.0766, neg_loss_1 = 0.0046, neg_loss_2 = 0.0024, ref_loss = 0.0196, div_loss = 0.0466, aux_loss = 0.0200, aux_loss_eff = 0.0100, 0.658 seconds/batch
2026-04-21 16:24:20,856 - Epoch 10, Batch 950, lr = 0.00007, alpha_2 = 0.500, aux_scale = 0.500,  final_loss = 4.5865, nll_loss = 4.4922, ref_nll_loss = 4.6808, ivc_loss = 0.0734, neg_loss_1 = 0.0039, neg_loss_2 = 0.0027, ref_loss = 0.0187, div_loss = 0.0452, aux_loss = 0.0200, aux_loss_eff = 0.0100, 0.658 seconds/batch
2026-04-21 16:24:53,873 - Epoch 10, Batch 1000, lr = 0.00007, alpha_2 = 0.500, aux_scale = 0.500,  final_loss = 4.6210, nll_loss = 4.5290, ref_nll_loss = 4.7130, ivc_loss = 0.0776, neg_loss_1 = 0.0053, neg_loss_2 = 0.0023, ref_loss = 0.0196, div_loss = 0.0465, aux_loss = 0.0201, aux_loss_eff = 0.0100, 0.658 seconds/batch
2026-04-21 16:25:26,856 - Epoch 10, Batch 1050, lr = 0.00007, alpha_2 = 0.500, aux_scale = 0.500,  final_loss = 4.6347, nll_loss = 4.5384, ref_nll_loss = 4.7310, ivc_loss = 0.0690, neg_loss_1 = 0.0031, neg_loss_2 = 0.0022, ref_loss = 0.0173, div_loss = 0.0476, aux_loss = 0.0201, aux_loss_eff = 0.0100, 0.659 seconds/batch
2026-04-21 16:25:59,863 - Epoch 10, Batch 1100, lr = 0.00007, alpha_2 = 0.500, aux_scale = 0.500,  final_loss = 4.6230, nll_loss = 4.5273, ref_nll_loss = 4.7186, ivc_loss = 0.0768, neg_loss_1 = 0.0039, neg_loss_2 = 0.0037, ref_loss = 0.0198, div_loss = 0.0441, aux_loss = 0.0200, aux_loss_eff = 0.0100, 0.659 seconds/batch
2026-04-21 16:26:28,871 - Epoch 10, Batch 1150, lr = 0.00007, alpha_2 = 0.500, aux_scale = 0.500,  final_loss = 4.6277, nll_loss = 4.5314, ref_nll_loss = 4.7240, ivc_loss = 0.0702, neg_loss_1 = 0.0038, neg_loss_2 = 0.0023, ref_loss = 0.0176, div_loss = 0.0455, aux_loss = 0.0200, aux_loss_eff = 0.0100, 0.655 seconds/batch
2026-04-21 16:26:39,225 - Epoch 10, Batch 1170, lr = 0.00007, alpha_2 = 0.500, aux_scale = 0.500,  final_loss = 4.5890, nll_loss = 4.4881, ref_nll_loss = 4.6899, ivc_loss = 0.0688, neg_loss_1 = 0.0046, neg_loss_2 = 0.0013, ref_loss = 0.0172, div_loss = 0.0452, aux_loss = 0.0200, aux_loss_eff = 0.0100, 0.653 seconds/batch
2026-04-21 16:26:39,312 - save model to checkpoints/activitynet_moe_v2_staged_alpha_aux/moe_v2_staged_alpha_aux/model-10.pt, num_updates 11700.
2026-04-21 16:28:54,662 - | R@1,mIoU 0.3346 | R@1,IoU@0.1 0.7974 | R@1,IoU@0.3 0.4501 | R@1,IoU@0.5 0.2392 | R@1,IoU@0.7 0.1258 | R@1,IoU@0.9 0.0496 | R@5,mIoU 0.4823 | R@5,IoU@0.1 0.9013 | R@5,IoU@0.3 0.6904 | R@5,IoU@0.5 0.4811 | R@5,IoU@0.7 0.2530 | R@5,IoU@0.9 0.0806 |
2026-04-21 16:28:54,662 - ============================================================
2026-04-21 16:28:54,662 - Start Epoch 11
2026-04-21 16:29:26,161 - Epoch 11, Batch 50, lr = 0.00007, alpha_2 = 0.200, aux_scale = 1.000,  final_loss = 4.5591, nll_loss = 4.4625, ref_nll_loss = 4.6557, ivc_loss = 0.0563, neg_loss_1 = 0.0026, neg_loss_2 = 0.0018, ref_loss = 0.0191, div_loss = 0.0470, aux_loss = 0.0201, aux_loss_eff = 0.0201, 0.630 seconds/batch
2026-04-21 16:29:59,142 - Epoch 11, Batch 100, lr = 0.00007, alpha_2 = 0.200, aux_scale = 1.000,  final_loss = 4.5930, nll_loss = 4.4968, ref_nll_loss = 4.6891, ivc_loss = 0.0563, neg_loss_1 = 0.0041, neg_loss_2 = 0.0013, ref_loss = 0.0182, div_loss = 0.0459, aux_loss = 0.0200, aux_loss_eff = 0.0200, 0.645 seconds/batch
2026-04-21 16:30:32,121 - Epoch 11, Batch 150, lr = 0.00007, alpha_2 = 0.200, aux_scale = 1.000,  final_loss = 4.5396, nll_loss = 4.4416, ref_nll_loss = 4.6376, ivc_loss = 0.0540, neg_loss_1 = 0.0027, neg_loss_2 = 0.0009, ref_loss = 0.0185, div_loss = 0.0490, aux_loss = 0.0200, aux_loss_eff = 0.0200, 0.650 seconds/batch
2026-04-21 16:31:05,068 - Epoch 11, Batch 200, lr = 0.00007, alpha_2 = 0.200, aux_scale = 1.000,  final_loss = 4.5283, nll_loss = 4.4315, ref_nll_loss = 4.6251, ivc_loss = 0.0587, neg_loss_1 = 0.0045, neg_loss_2 = 0.0027, ref_loss = 0.0173, div_loss = 0.0490, aux_loss = 0.0200, aux_loss_eff = 0.0200, 0.652 seconds/batch
2026-04-21 16:31:38,073 - Epoch 11, Batch 250, lr = 0.00007, alpha_2 = 0.200, aux_scale = 1.000,  final_loss = 4.5904, nll_loss = 4.4905, ref_nll_loss = 4.6904, ivc_loss = 0.0509, neg_loss_1 = 0.0036, neg_loss_2 = 0.0025, ref_loss = 0.0147, div_loss = 0.0472, aux_loss = 0.0200, aux_loss_eff = 0.0200, 0.654 seconds/batch
2026-04-21 16:32:11,096 - Epoch 11, Batch 300, lr = 0.00007, alpha_2 = 0.200, aux_scale = 1.000,  final_loss = 4.5531, nll_loss = 4.4537, ref_nll_loss = 4.6525, ivc_loss = 0.0573, neg_loss_1 = 0.0035, neg_loss_2 = 0.0021, ref_loss = 0.0180, div_loss = 0.0505, aux_loss = 0.0200, aux_loss_eff = 0.0200, 0.655 seconds/batch
2026-04-21 16:32:44,100 - Epoch 11, Batch 350, lr = 0.00007, alpha_2 = 0.200, aux_scale = 1.000,  final_loss = 4.5479, nll_loss = 4.4489, ref_nll_loss = 4.6470, ivc_loss = 0.0598, neg_loss_1 = 0.0042, neg_loss_2 = 0.0030, ref_loss = 0.0175, div_loss = 0.0522, aux_loss = 0.0200, aux_loss_eff = 0.0200, 0.656 seconds/batch
2026-04-21 16:33:17,080 - Epoch 11, Batch 400, lr = 0.00007, alpha_2 = 0.200, aux_scale = 1.000,  final_loss = 4.5679, nll_loss = 4.4682, ref_nll_loss = 4.6676, ivc_loss = 0.0546, neg_loss_1 = 0.0048, neg_loss_2 = 0.0018, ref_loss = 0.0157, div_loss = 0.0488, aux_loss = 0.0200, aux_loss_eff = 0.0200, 0.656 seconds/batch
2026-04-21 16:33:50,088 - Epoch 11, Batch 450, lr = 0.00007, alpha_2 = 0.200, aux_scale = 1.000,  final_loss = 4.5546, nll_loss = 4.4558, ref_nll_loss = 4.6535, ivc_loss = 0.0538, neg_loss_1 = 0.0038, neg_loss_2 = 0.0030, ref_loss = 0.0151, div_loss = 0.0493, aux_loss = 0.0200, aux_loss_eff = 0.0200, 0.657 seconds/batch
2026-04-21 16:34:23,093 - Epoch 11, Batch 500, lr = 0.00007, alpha_2 = 0.200, aux_scale = 1.000,  final_loss = 4.5758, nll_loss = 4.4756, ref_nll_loss = 4.6761, ivc_loss = 0.0516, neg_loss_1 = 0.0031, neg_loss_2 = 0.0026, ref_loss = 0.0150, div_loss = 0.0506, aux_loss = 0.0201, aux_loss_eff = 0.0201, 0.657 seconds/batch
2026-04-21 16:34:56,119 - Epoch 11, Batch 550, lr = 0.00007, alpha_2 = 0.200, aux_scale = 1.000,  final_loss = 4.5561, nll_loss = 4.4532, ref_nll_loss = 4.6589, ivc_loss = 0.0534, neg_loss_1 = 0.0039, neg_loss_2 = 0.0016, ref_loss = 0.0162, div_loss = 0.0506, aux_loss = 0.0201, aux_loss_eff = 0.0201, 0.657 seconds/batch
2026-04-21 16:35:29,115 - Epoch 11, Batch 600, lr = 0.00007, alpha_2 = 0.200, aux_scale = 1.000,  final_loss = 4.5994, nll_loss = 4.5003, ref_nll_loss = 4.6985, ivc_loss = 0.0584, neg_loss_1 = 0.0029, neg_loss_2 = 0.0029, ref_loss = 0.0184, div_loss = 0.0505, aux_loss = 0.0200, aux_loss_eff = 0.0200, 0.657 seconds/batch
2026-04-21 16:36:02,136 - Epoch 11, Batch 650, lr = 0.00007, alpha_2 = 0.200, aux_scale = 1.000,  final_loss = 4.5926, nll_loss = 4.4950, ref_nll_loss = 4.6901, ivc_loss = 0.0601, neg_loss_1 = 0.0036, neg_loss_2 = 0.0020, ref_loss = 0.0196, div_loss = 0.0494, aux_loss = 0.0200, aux_loss_eff = 0.0200, 0.658 seconds/batch
2026-04-21 16:36:35,165 - Epoch 11, Batch 700, lr = 0.00007, alpha_2 = 0.200, aux_scale = 1.000,  final_loss = 4.5904, nll_loss = 4.4898, ref_nll_loss = 4.6910, ivc_loss = 0.0560, neg_loss_1 = 0.0033, neg_loss_2 = 0.0016, ref_loss = 0.0180, div_loss = 0.0516, aux_loss = 0.0200, aux_loss_eff = 0.0200, 0.658 seconds/batch
2026-04-21 16:37:08,433 - Epoch 11, Batch 750, lr = 0.00007, alpha_2 = 0.200, aux_scale = 1.000,  final_loss = 4.5940, nll_loss = 4.4909, ref_nll_loss = 4.6971, ivc_loss = 0.0510, neg_loss_1 = 0.0029, neg_loss_2 = 0.0020, ref_loss = 0.0153, div_loss = 0.0528, aux_loss = 0.0200, aux_loss_eff = 0.0200, 0.658 seconds/batch
2026-04-21 16:37:41,433 - Epoch 11, Batch 800, lr = 0.00007, alpha_2 = 0.200, aux_scale = 1.000,  final_loss = 4.5435, nll_loss = 4.4407, ref_nll_loss = 4.6463, ivc_loss = 0.0495, neg_loss_1 = 0.0028, neg_loss_2 = 0.0012, ref_loss = 0.0154, div_loss = 0.0532, aux_loss = 0.0200, aux_loss_eff = 0.0200, 0.658 seconds/batch
2026-04-21 16:38:14,455 - Epoch 11, Batch 850, lr = 0.00007, alpha_2 = 0.200, aux_scale = 1.000,  final_loss = 4.5802, nll_loss = 4.4801, ref_nll_loss = 4.6803, ivc_loss = 0.0522, neg_loss_1 = 0.0025, neg_loss_2 = 0.0010, ref_loss = 0.0172, div_loss = 0.0536, aux_loss = 0.0200, aux_loss_eff = 0.0200, 0.659 seconds/batch
2026-04-21 16:38:47,462 - Epoch 11, Batch 900, lr = 0.00007, alpha_2 = 0.200, aux_scale = 1.000,  final_loss = 4.5813, nll_loss = 4.4825, ref_nll_loss = 4.6800, ivc_loss = 0.0567, neg_loss_1 = 0.0040, neg_loss_2 = 0.0016, ref_loss = 0.0177, div_loss = 0.0501, aux_loss = 0.0200, aux_loss_eff = 0.0200, 0.659 seconds/batch
2026-04-21 16:39:20,490 - Epoch 11, Batch 950, lr = 0.00007, alpha_2 = 0.200, aux_scale = 1.000,  final_loss = 4.5872, nll_loss = 4.4868, ref_nll_loss = 4.6877, ivc_loss = 0.0538, neg_loss_1 = 0.0033, neg_loss_2 = 0.0017, ref_loss = 0.0169, div_loss = 0.0493, aux_loss = 0.0200, aux_loss_eff = 0.0200, 0.659 seconds/batch
2026-04-21 16:39:53,499 - Epoch 11, Batch 1000, lr = 0.00007, alpha_2 = 0.200, aux_scale = 1.000,  final_loss = 4.5938, nll_loss = 4.4901, ref_nll_loss = 4.6975, ivc_loss = 0.0511, neg_loss_1 = 0.0035, neg_loss_2 = 0.0025, ref_loss = 0.0145, div_loss = 0.0500, aux_loss = 0.0200, aux_loss_eff = 0.0200, 0.659 seconds/batch
2026-04-21 16:40:26,552 - Epoch 11, Batch 1050, lr = 0.00007, alpha_2 = 0.200, aux_scale = 1.000,  final_loss = 4.5698, nll_loss = 4.4681, ref_nll_loss = 4.6715, ivc_loss = 0.0527, neg_loss_1 = 0.0030, neg_loss_2 = 0.0015, ref_loss = 0.0165, div_loss = 0.0541, aux_loss = 0.0200, aux_loss_eff = 0.0200, 0.659 seconds/batch
2026-04-21 16:40:59,566 - Epoch 11, Batch 1100, lr = 0.00007, alpha_2 = 0.200, aux_scale = 1.000,  final_loss = 4.5742, nll_loss = 4.4718, ref_nll_loss = 4.6766, ivc_loss = 0.0526, neg_loss_1 = 0.0029, neg_loss_2 = 0.0016, ref_loss = 0.0163, div_loss = 0.0557, aux_loss = 0.0200, aux_loss_eff = 0.0200, 0.659 seconds/batch
2026-04-21 16:41:28,449 - Epoch 11, Batch 1150, lr = 0.00007, alpha_2 = 0.200, aux_scale = 1.000,  final_loss = 4.5500, nll_loss = 4.4508, ref_nll_loss = 4.6493, ivc_loss = 0.0544, neg_loss_1 = 0.0021, neg_loss_2 = 0.0017, ref_loss = 0.0180, div_loss = 0.0541, aux_loss = 0.0200, aux_loss_eff = 0.0200, 0.655 seconds/batch
2026-04-21 16:41:38,758 - Epoch 11, Batch 1170, lr = 0.00007, alpha_2 = 0.200, aux_scale = 1.000,  final_loss = 4.5719, nll_loss = 4.4678, ref_nll_loss = 4.6760, ivc_loss = 0.0530, neg_loss_1 = 0.0038, neg_loss_2 = 0.0022, ref_loss = 0.0155, div_loss = 0.0506, aux_loss = 0.0200, aux_loss_eff = 0.0200, 0.653 seconds/batch
2026-04-21 16:41:38,845 - save model to checkpoints/activitynet_moe_v2_staged_alpha_aux/moe_v2_staged_alpha_aux/model-11.pt, num_updates 12870.
2026-04-21 16:43:54,354 - | R@1,mIoU 0.3324 | R@1,IoU@0.1 0.7863 | R@1,IoU@0.3 0.4573 | R@1,IoU@0.5 0.2420 | R@1,IoU@0.7 0.1235 | R@1,IoU@0.9 0.0439 | R@5,mIoU 0.4775 | R@5,IoU@0.1 0.8926 | R@5,IoU@0.3 0.6865 | R@5,IoU@0.5 0.4801 | R@5,IoU@0.7 0.2520 | R@5,IoU@0.9 0.0746 |
2026-04-21 16:43:54,354 - ============================================================
2026-04-21 16:43:54,354 - Start Epoch 12
2026-04-21 16:44:25,803 - Epoch 12, Batch 50, lr = 0.00007, alpha_2 = 0.200, aux_scale = 1.000,  final_loss = 4.5203, nll_loss = 4.4197, ref_nll_loss = 4.6209, ivc_loss = 0.0497, neg_loss_1 = 0.0027, neg_loss_2 = 0.0009, ref_loss = 0.0161, div_loss = 0.0513, aux_loss = 0.0200, aux_loss_eff = 0.0200, 0.629 seconds/batch
2026-04-21 16:44:58,831 - Epoch 12, Batch 100, lr = 0.00007, alpha_2 = 0.200, aux_scale = 1.000,  final_loss = 4.5128, nll_loss = 4.4092, ref_nll_loss = 4.6164, ivc_loss = 0.0487, neg_loss_1 = 0.0036, neg_loss_2 = 0.0013, ref_loss = 0.0142, div_loss = 0.0524, aux_loss = 0.0200, aux_loss_eff = 0.0200, 0.645 seconds/batch
2026-04-21 16:45:31,828 - Epoch 12, Batch 150, lr = 0.00007, alpha_2 = 0.200, aux_scale = 1.000,  final_loss = 4.5196, nll_loss = 4.4172, ref_nll_loss = 4.6220, ivc_loss = 0.0533, neg_loss_1 = 0.0036, neg_loss_2 = 0.0018, ref_loss = 0.0159, div_loss = 0.0531, aux_loss = 0.0200, aux_loss_eff = 0.0200, 0.650 seconds/batch
2026-04-21 16:46:04,854 - Epoch 12, Batch 200, lr = 0.00007, alpha_2 = 0.200, aux_scale = 1.000,  final_loss = 4.5247, nll_loss = 4.4214, ref_nll_loss = 4.6280, ivc_loss = 0.0492, neg_loss_1 = 0.0030, neg_loss_2 = 0.0015, ref_loss = 0.0147, div_loss = 0.0538, aux_loss = 0.0200, aux_loss_eff = 0.0200, 0.652 seconds/batch
2026-04-21 16:46:37,869 - Epoch 12, Batch 250, lr = 0.00007, alpha_2 = 0.200, aux_scale = 1.000,  final_loss = 4.5124, nll_loss = 4.4094, ref_nll_loss = 4.6153, ivc_loss = 0.0500, neg_loss_1 = 0.0033, neg_loss_2 = 0.0010, ref_loss = 0.0151, div_loss = 0.0560, aux_loss = 0.0200, aux_loss_eff = 0.0200, 0.654 seconds/batch
2026-04-21 16:47:10,888 - Epoch 12, Batch 300, lr = 0.00007, alpha_2 = 0.200, aux_scale = 1.000,  final_loss = 4.5243, nll_loss = 4.4198, ref_nll_loss = 4.6289, ivc_loss = 0.0495, neg_loss_1 = 0.0031, neg_loss_2 = 0.0011, ref_loss = 0.0151, div_loss = 0.0547, aux_loss = 0.0200, aux_loss_eff = 0.0200, 0.655 seconds/batch
2026-04-21 16:47:43,942 - Epoch 12, Batch 350, lr = 0.00007, alpha_2 = 0.200, aux_scale = 1.000,  final_loss = 4.5576, nll_loss = 4.4571, ref_nll_loss = 4.6581, ivc_loss = 0.0514, neg_loss_1 = 0.0031, neg_loss_2 = 0.0017, ref_loss = 0.0155, div_loss = 0.0543, aux_loss = 0.0200, aux_loss_eff = 0.0200, 0.656 seconds/batch
2026-04-21 16:48:16,867 - Epoch 12, Batch 400, lr = 0.00007, alpha_2 = 0.200, aux_scale = 1.000,  final_loss = 4.5732, nll_loss = 4.4727, ref_nll_loss = 4.6737, ivc_loss = 0.0581, neg_loss_1 = 0.0042, neg_loss_2 = 0.0023, ref_loss = 0.0171, div_loss = 0.0542, aux_loss = 0.0200, aux_loss_eff = 0.0200, 0.656 seconds/batch
2026-04-21 16:48:49,864 - Epoch 12, Batch 450, lr = 0.00007, alpha_2 = 0.200, aux_scale = 1.000,  final_loss = 4.5517, nll_loss = 4.4530, ref_nll_loss = 4.6503, ivc_loss = 0.0568, neg_loss_1 = 0.0037, neg_loss_2 = 0.0019, ref_loss = 0.0174, div_loss = 0.0542, aux_loss = 0.0200, aux_loss_eff = 0.0200, 0.657 seconds/batch
2026-04-21 16:49:22,872 - Epoch 12, Batch 500, lr = 0.00007, alpha_2 = 0.200, aux_scale = 1.000,  final_loss = 4.5599, nll_loss = 4.4560, ref_nll_loss = 4.6638, ivc_loss = 0.0537, neg_loss_1 = 0.0033, neg_loss_2 = 0.0023, ref_loss = 0.0161, div_loss = 0.0520, aux_loss = 0.0200, aux_loss_eff = 0.0200, 0.657 seconds/batch
2026-04-21 16:49:56,126 - Epoch 12, Batch 550, lr = 0.00007, alpha_2 = 0.200, aux_scale = 1.000,  final_loss = 4.5531, nll_loss = 4.4545, ref_nll_loss = 4.6517, ivc_loss = 0.0485, neg_loss_1 = 0.0028, neg_loss_2 = 0.0009, ref_loss = 0.0153, div_loss = 0.0523, aux_loss = 0.0200, aux_loss_eff = 0.0200, 0.658 seconds/batch
2026-04-21 16:50:29,157 - Epoch 12, Batch 600, lr = 0.00007, alpha_2 = 0.200, aux_scale = 1.000,  final_loss = 4.5674, nll_loss = 4.4642, ref_nll_loss = 4.6705, ivc_loss = 0.0529, neg_loss_1 = 0.0040, neg_loss_2 = 0.0014, ref_loss = 0.0155, div_loss = 0.0548, aux_loss = 0.0200, aux_loss_eff = 0.0200, 0.658 seconds/batch
2026-04-21 16:51:02,158 - Epoch 12, Batch 650, lr = 0.00007, alpha_2 = 0.200, aux_scale = 1.000,  final_loss = 4.5387, nll_loss = 4.4420, ref_nll_loss = 4.6355, ivc_loss = 0.0560, neg_loss_1 = 0.0038, neg_loss_2 = 0.0013, ref_loss = 0.0175, div_loss = 0.0534, aux_loss = 0.0200, aux_loss_eff = 0.0200, 0.658 seconds/batch
2026-04-21 16:51:35,200 - Epoch 12, Batch 700, lr = 0.00007, alpha_2 = 0.200, aux_scale = 1.000,  final_loss = 4.5426, nll_loss = 4.4399, ref_nll_loss = 4.6454, ivc_loss = 0.0515, neg_loss_1 = 0.0029, neg_loss_2 = 0.0019, ref_loss = 0.0156, div_loss = 0.0533, aux_loss = 0.0200, aux_loss_eff = 0.0200, 0.658 seconds/batch
2026-04-21 16:52:08,218 - Epoch 12, Batch 750, lr = 0.00007, alpha_2 = 0.200, aux_scale = 1.000,  final_loss = 4.5234, nll_loss = 4.4233, ref_nll_loss = 4.6234, ivc_loss = 0.0537, neg_loss_1 = 0.0031, neg_loss_2 = 0.0017, ref_loss = 0.0169, div_loss = 0.0518, aux_loss = 0.0200, aux_loss_eff = 0.0200, 0.658 seconds/batch
2026-04-21 16:52:41,216 - Epoch 12, Batch 800, lr = 0.00007, alpha_2 = 0.200, aux_scale = 1.000,  final_loss = 4.5600, nll_loss = 4.4565, ref_nll_loss = 4.6635, ivc_loss = 0.0523, neg_loss_1 = 0.0033, neg_loss_2 = 0.0013, ref_loss = 0.0161, div_loss = 0.0539, aux_loss = 0.0200, aux_loss_eff = 0.0200, 0.659 seconds/batch
2026-04-21 16:53:14,216 - Epoch 12, Batch 850, lr = 0.00007, alpha_2 = 0.200, aux_scale = 1.000,  final_loss = 4.5331, nll_loss = 4.4332, ref_nll_loss = 4.6330, ivc_loss = 0.0525, neg_loss_1 = 0.0026, neg_loss_2 = 0.0019, ref_loss = 0.0165, div_loss = 0.0532, aux_loss = 0.0200, aux_loss_eff = 0.0200, 0.659 seconds/batch
2026-04-21 16:53:47,192 - Epoch 12, Batch 900, lr = 0.00007, alpha_2 = 0.200, aux_scale = 1.000,  final_loss = 4.5563, nll_loss = 4.4518, ref_nll_loss = 4.6608, ivc_loss = 0.0499, neg_loss_1 = 0.0026, neg_loss_2 = 0.0013, ref_loss = 0.0158, div_loss = 0.0529, aux_loss = 0.0200, aux_loss_eff = 0.0200, 0.659 seconds/batch
2026-04-21 16:54:20,215 - Epoch 12, Batch 950, lr = 0.00007, alpha_2 = 0.200, aux_scale = 1.000,  final_loss = 4.5443, nll_loss = 4.4409, ref_nll_loss = 4.6477, ivc_loss = 0.0503, neg_loss_1 = 0.0027, neg_loss_2 = 0.0017, ref_loss = 0.0152, div_loss = 0.0548, aux_loss = 0.0200, aux_loss_eff = 0.0200, 0.659 seconds/batch
2026-04-21 16:54:53,183 - Epoch 12, Batch 1000, lr = 0.00007, alpha_2 = 0.200, aux_scale = 1.000,  final_loss = 4.5257, nll_loss = 4.4223, ref_nll_loss = 4.6290, ivc_loss = 0.0523, neg_loss_1 = 0.0027, neg_loss_2 = 0.0025, ref_loss = 0.0154, div_loss = 0.0559, aux_loss = 0.0200, aux_loss_eff = 0.0200, 0.659 seconds/batch
2026-04-21 16:55:26,184 - Epoch 12, Batch 1050, lr = 0.00007, alpha_2 = 0.200, aux_scale = 1.000,  final_loss = 4.5373, nll_loss = 4.4322, ref_nll_loss = 4.6423, ivc_loss = 0.0489, neg_loss_1 = 0.0021, neg_loss_2 = 0.0013, ref_loss = 0.0155, div_loss = 0.0546, aux_loss = 0.0200, aux_loss_eff = 0.0200, 0.659 seconds/batch
2026-04-21 16:55:59,161 - Epoch 12, Batch 1100, lr = 0.00007, alpha_2 = 0.200, aux_scale = 1.000,  final_loss = 4.5600, nll_loss = 4.4585, ref_nll_loss = 4.6615, ivc_loss = 0.0552, neg_loss_1 = 0.0033, neg_loss_2 = 0.0015, ref_loss = 0.0175, div_loss = 0.0529, aux_loss = 0.0200, aux_loss_eff = 0.0200, 0.659 seconds/batch
2026-04-21 16:56:27,837 - Epoch 12, Batch 1150, lr = 0.00007, alpha_2 = 0.200, aux_scale = 1.000,  final_loss = 4.5236, nll_loss = 4.4211, ref_nll_loss = 4.6261, ivc_loss = 0.0514, neg_loss_1 = 0.0035, neg_loss_2 = 0.0015, ref_loss = 0.0154, div_loss = 0.0519, aux_loss = 0.0200, aux_loss_eff = 0.0200, 0.655 seconds/batch
2026-04-21 16:56:38,196 - Epoch 12, Batch 1170, lr = 0.00007, alpha_2 = 0.200, aux_scale = 1.000,  final_loss = 4.4967, nll_loss = 4.3965, ref_nll_loss = 4.5968, ivc_loss = 0.0567, neg_loss_1 = 0.0033, neg_loss_2 = 0.0014, ref_loss = 0.0185, div_loss = 0.0513, aux_loss = 0.0200, aux_loss_eff = 0.0200, 0.653 seconds/batch
2026-04-21 16:56:38,273 - save model to checkpoints/activitynet_moe_v2_staged_alpha_aux/moe_v2_staged_alpha_aux/model-12.pt, num_updates 14040.
2026-04-21 16:58:54,128 - | R@1,mIoU 0.3295 | R@1,IoU@0.1 0.7718 | R@1,IoU@0.3 0.4532 | R@1,IoU@0.5 0.2443 | R@1,IoU@0.7 0.1252 | R@1,IoU@0.9 0.0494 | R@5,mIoU 0.4768 | R@5,IoU@0.1 0.8924 | R@5,IoU@0.3 0.6843 | R@5,IoU@0.5 0.4811 | R@5,IoU@0.7 0.2505 | R@5,IoU@0.9 0.0767 |
2026-04-21 16:58:54,129 - ============================================================
2026-04-21 16:58:54,129 - Start Epoch 13
2026-04-21 16:59:25,498 - Epoch 13, Batch 50, lr = 0.00007, alpha_2 = 0.200, aux_scale = 1.000,  final_loss = 4.4816, nll_loss = 4.3773, ref_nll_loss = 4.5859, ivc_loss = 0.0574, neg_loss_1 = 0.0037, neg_loss_2 = 0.0024, ref_loss = 0.0174, div_loss = 0.0517, aux_loss = 0.0200, aux_loss_eff = 0.0200, 0.627 seconds/batch
2026-04-21 16:59:58,279 - Epoch 13, Batch 100, lr = 0.00007, alpha_2 = 0.200, aux_scale = 1.000,  final_loss = 4.5371, nll_loss = 4.4321, ref_nll_loss = 4.6421, ivc_loss = 0.0464, neg_loss_1 = 0.0027, neg_loss_2 = 0.0020, ref_loss = 0.0135, div_loss = 0.0506, aux_loss = 0.0200, aux_loss_eff = 0.0200, 0.641 seconds/batch
2026-04-21 17:00:31,256 - Epoch 13, Batch 150, lr = 0.00007, alpha_2 = 0.200, aux_scale = 1.000,  final_loss = 4.4773, nll_loss = 4.3721, ref_nll_loss = 4.5824, ivc_loss = 0.0506, neg_loss_1 = 0.0025, neg_loss_2 = 0.0016, ref_loss = 0.0160, div_loss = 0.0517, aux_loss = 0.0200, aux_loss_eff = 0.0200, 0.648 seconds/batch
2026-04-21 17:01:04,239 - Epoch 13, Batch 200, lr = 0.00007, alpha_2 = 0.200, aux_scale = 1.000,  final_loss = 4.4924, nll_loss = 4.3883, ref_nll_loss = 4.5965, ivc_loss = 0.0527, neg_loss_1 = 0.0034, neg_loss_2 = 0.0016, ref_loss = 0.0162, div_loss = 0.0514, aux_loss = 0.0200, aux_loss_eff = 0.0200, 0.651 seconds/batch
2026-04-21 17:01:37,223 - Epoch 13, Batch 250, lr = 0.00007, alpha_2 = 0.200, aux_scale = 1.000,  final_loss = 4.5260, nll_loss = 4.4218, ref_nll_loss = 4.6303, ivc_loss = 0.0490, neg_loss_1 = 0.0028, neg_loss_2 = 0.0009, ref_loss = 0.0157, div_loss = 0.0505, aux_loss = 0.0200, aux_loss_eff = 0.0200, 0.652 seconds/batch
2026-04-21 17:02:10,211 - Epoch 13, Batch 300, lr = 0.00007, alpha_2 = 0.200, aux_scale = 1.000,  final_loss = 4.5142, nll_loss = 4.4100, ref_nll_loss = 4.6183, ivc_loss = 0.0503, neg_loss_1 = 0.0034, neg_loss_2 = 0.0015, ref_loss = 0.0153, div_loss = 0.0500, aux_loss = 0.0200, aux_loss_eff = 0.0200, 0.654 seconds/batch
2026-04-21 17:02:43,202 - Epoch 13, Batch 350, lr = 0.00007, alpha_2 = 0.200, aux_scale = 1.000,  final_loss = 4.5011, nll_loss = 4.4003, ref_nll_loss = 4.6018, ivc_loss = 0.0516, neg_loss_1 = 0.0030, neg_loss_2 = 0.0008, ref_loss = 0.0170, div_loss = 0.0507, aux_loss = 0.0200, aux_loss_eff = 0.0200, 0.654 seconds/batch
2026-04-21 17:03:16,220 - Epoch 13, Batch 400, lr = 0.00007, alpha_2 = 0.200, aux_scale = 1.000,  final_loss = 4.4815, nll_loss = 4.3787, ref_nll_loss = 4.5844, ivc_loss = 0.0515, neg_loss_1 = 0.0030, neg_loss_2 = 0.0017, ref_loss = 0.0160, div_loss = 0.0505, aux_loss = 0.0200, aux_loss_eff = 0.0200, 0.655 seconds/batch
2026-04-21 17:03:49,223 - Epoch 13, Batch 450, lr = 0.00007, alpha_2 = 0.200, aux_scale = 1.000,  final_loss = 4.5428, nll_loss = 4.4404, ref_nll_loss = 4.6452, ivc_loss = 0.0498, neg_loss_1 = 0.0025, neg_loss_2 = 0.0015, ref_loss = 0.0155, div_loss = 0.0539, aux_loss = 0.0200, aux_loss_eff = 0.0200, 0.656 seconds/batch
2026-04-21 17:04:22,222 - Epoch 13, Batch 500, lr = 0.00007, alpha_2 = 0.200, aux_scale = 1.000,  final_loss = 4.5002, nll_loss = 4.3952, ref_nll_loss = 4.6051, ivc_loss = 0.0523, neg_loss_1 = 0.0033, neg_loss_2 = 0.0019, ref_loss = 0.0155, div_loss = 0.0547, aux_loss = 0.0200, aux_loss_eff = 0.0200, 0.656 seconds/batch
2026-04-21 17:04:55,214 - Epoch 13, Batch 550, lr = 0.00007, alpha_2 = 0.200, aux_scale = 1.000,  final_loss = 4.4730, nll_loss = 4.3680, ref_nll_loss = 4.5781, ivc_loss = 0.0516, neg_loss_1 = 0.0025, neg_loss_2 = 0.0030, ref_loss = 0.0151, div_loss = 0.0523, aux_loss = 0.0200, aux_loss_eff = 0.0200, 0.657 seconds/batch
2026-04-21 17:05:28,183 - Epoch 13, Batch 600, lr = 0.00007, alpha_2 = 0.200, aux_scale = 1.000,  final_loss = 4.5351, nll_loss = 4.4319, ref_nll_loss = 4.6384, ivc_loss = 0.0539, neg_loss_1 = 0.0024, neg_loss_2 = 0.0028, ref_loss = 0.0166, div_loss = 0.0516, aux_loss = 0.0200, aux_loss_eff = 0.0200, 0.657 seconds/batch
2026-04-21 17:06:01,158 - Epoch 13, Batch 650, lr = 0.00007, alpha_2 = 0.200, aux_scale = 1.000,  final_loss = 4.5553, nll_loss = 4.4527, ref_nll_loss = 4.6579, ivc_loss = 0.0516, neg_loss_1 = 0.0034, neg_loss_2 = 0.0012, ref_loss = 0.0160, div_loss = 0.0516, aux_loss = 0.0200, aux_loss_eff = 0.0200, 0.657 seconds/batch
2026-04-21 17:06:34,128 - Epoch 13, Batch 700, lr = 0.00007, alpha_2 = 0.200, aux_scale = 1.000,  final_loss = 4.5335, nll_loss = 4.4285, ref_nll_loss = 4.6385, ivc_loss = 0.0497, neg_loss_1 = 0.0023, neg_loss_2 = 0.0023, ref_loss = 0.0149, div_loss = 0.0536, aux_loss = 0.0200, aux_loss_eff = 0.0200, 0.657 seconds/batch
2026-04-21 17:07:07,134 - Epoch 13, Batch 750, lr = 0.00007, alpha_2 = 0.200, aux_scale = 1.000,  final_loss = 4.5166, nll_loss = 4.4164, ref_nll_loss = 4.6168, ivc_loss = 0.0547, neg_loss_1 = 0.0032, neg_loss_2 = 0.0016, ref_loss = 0.0172, div_loss = 0.0537, aux_loss = 0.0200, aux_loss_eff = 0.0200, 0.657 seconds/batch
2026-04-21 17:07:40,130 - Epoch 13, Batch 800, lr = 0.00007, alpha_2 = 0.200, aux_scale = 1.000,  final_loss = 4.5235, nll_loss = 4.4184, ref_nll_loss = 4.6287, ivc_loss = 0.0501, neg_loss_1 = 0.0031, neg_loss_2 = 0.0023, ref_loss = 0.0146, div_loss = 0.0503, aux_loss = 0.0200, aux_loss_eff = 0.0200, 0.658 seconds/batch
2026-04-21 17:08:13,107 - Epoch 13, Batch 850, lr = 0.00007, alpha_2 = 0.200, aux_scale = 1.000,  final_loss = 4.4817, nll_loss = 4.3781, ref_nll_loss = 4.5853, ivc_loss = 0.0488, neg_loss_1 = 0.0022, neg_loss_2 = 0.0024, ref_loss = 0.0146, div_loss = 0.0518, aux_loss = 0.0200, aux_loss_eff = 0.0200, 0.658 seconds/batch
2026-04-21 17:08:46,100 - Epoch 13, Batch 900, lr = 0.00007, alpha_2 = 0.200, aux_scale = 1.000,  final_loss = 4.5516, nll_loss = 4.4479, ref_nll_loss = 4.6554, ivc_loss = 0.0509, neg_loss_1 = 0.0027, neg_loss_2 = 0.0018, ref_loss = 0.0155, div_loss = 0.0547, aux_loss = 0.0200, aux_loss_eff = 0.0200, 0.658 seconds/batch
2026-04-21 17:09:19,123 - Epoch 13, Batch 950, lr = 0.00007, alpha_2 = 0.200, aux_scale = 1.000,  final_loss = 4.4823, nll_loss = 4.3733, ref_nll_loss = 4.5912, ivc_loss = 0.0480, neg_loss_1 = 0.0027, neg_loss_2 = 0.0021, ref_loss = 0.0140, div_loss = 0.0518, aux_loss = 0.0200, aux_loss_eff = 0.0200, 0.658 seconds/batch
2026-04-21 17:09:52,137 - Epoch 13, Batch 1000, lr = 0.00007, alpha_2 = 0.200, aux_scale = 1.000,  final_loss = 4.5164, nll_loss = 4.4097, ref_nll_loss = 4.6231, ivc_loss = 0.0470, neg_loss_1 = 0.0028, neg_loss_2 = 0.0013, ref_loss = 0.0140, div_loss = 0.0546, aux_loss = 0.0200, aux_loss_eff = 0.0200, 0.658 seconds/batch
2026-04-21 17:10:25,141 - Epoch 13, Batch 1050, lr = 0.00007, alpha_2 = 0.200, aux_scale = 1.000,  final_loss = 4.4771, nll_loss = 4.3738, ref_nll_loss = 4.5804, ivc_loss = 0.0478, neg_loss_1 = 0.0015, neg_loss_2 = 0.0026, ref_loss = 0.0145, div_loss = 0.0528, aux_loss = 0.0200, aux_loss_eff = 0.0200, 0.658 seconds/batch
2026-04-21 17:10:58,142 - Epoch 13, Batch 1100, lr = 0.00007, alpha_2 = 0.200, aux_scale = 1.000,  final_loss = 4.5043, nll_loss = 4.3976, ref_nll_loss = 4.6110, ivc_loss = 0.0471, neg_loss_1 = 0.0031, neg_loss_2 = 0.0014, ref_loss = 0.0139, div_loss = 0.0519, aux_loss = 0.0200, aux_loss_eff = 0.0200, 0.658 seconds/batch
2026-04-21 17:11:26,659 - Epoch 13, Batch 1150, lr = 0.00006, alpha_2 = 0.200, aux_scale = 1.000,  final_loss = 4.4984, nll_loss = 4.3955, ref_nll_loss = 4.6013, ivc_loss = 0.0509, neg_loss_1 = 0.0029, neg_loss_2 = 0.0028, ref_loss = 0.0145, div_loss = 0.0529, aux_loss = 0.0200, aux_loss_eff = 0.0200, 0.654 seconds/batch
2026-04-21 17:11:36,965 - Epoch 13, Batch 1170, lr = 0.00006, alpha_2 = 0.200, aux_scale = 1.000,  final_loss = 4.4973, nll_loss = 4.3981, ref_nll_loss = 4.5965, ivc_loss = 0.0546, neg_loss_1 = 0.0030, neg_loss_2 = 0.0013, ref_loss = 0.0176, div_loss = 0.0544, aux_loss = 0.0200, aux_loss_eff = 0.0200, 0.652 seconds/batch
2026-04-21 17:11:37,047 - save model to checkpoints/activitynet_moe_v2_staged_alpha_aux/moe_v2_staged_alpha_aux/model-13.pt, num_updates 15210.
2026-04-21 17:13:52,801 - | R@1,mIoU 0.3282 | R@1,IoU@0.1 0.7810 | R@1,IoU@0.3 0.4457 | R@1,IoU@0.5 0.2560 | R@1,IoU@0.7 0.1232 | R@1,IoU@0.9 0.0307 | R@5,mIoU 0.4715 | R@5,IoU@0.1 0.8903 | R@5,IoU@0.3 0.6744 | R@5,IoU@0.5 0.4774 | R@5,IoU@0.7 0.2502 | R@5,IoU@0.9 0.0639 |
2026-04-21 17:13:52,801 - ============================================================
2026-04-21 17:13:52,801 - Start Epoch 14
2026-04-21 17:14:24,400 - Epoch 14, Batch 50, lr = 0.00006, alpha_2 = 0.200, aux_scale = 1.000,  final_loss = 4.4738, nll_loss = 4.3703, ref_nll_loss = 4.5774, ivc_loss = 0.0555, neg_loss_1 = 0.0035, neg_loss_2 = 0.0020, ref_loss = 0.0167, div_loss = 0.0549, aux_loss = 0.0200, aux_loss_eff = 0.0200, 0.632 seconds/batch
2026-04-21 17:14:57,390 - Epoch 14, Batch 100, lr = 0.00006, alpha_2 = 0.200, aux_scale = 1.000,  final_loss = 4.4570, nll_loss = 4.3508, ref_nll_loss = 4.5632, ivc_loss = 0.0559, neg_loss_1 = 0.0043, neg_loss_2 = 0.0021, ref_loss = 0.0160, div_loss = 0.0557, aux_loss = 0.0200, aux_loss_eff = 0.0200, 0.646 seconds/batch
2026-04-21 17:15:30,505 - Epoch 14, Batch 150, lr = 0.00006, alpha_2 = 0.200, aux_scale = 1.000,  final_loss = 4.4764, nll_loss = 4.3742, ref_nll_loss = 4.5785, ivc_loss = 0.0514, neg_loss_1 = 0.0027, neg_loss_2 = 0.0026, ref_loss = 0.0151, div_loss = 0.0524, aux_loss = 0.0200, aux_loss_eff = 0.0200, 0.651 seconds/batch
2026-04-21 17:16:03,477 - Epoch 14, Batch 200, lr = 0.00006, alpha_2 = 0.200, aux_scale = 1.000,  final_loss = 4.4468, nll_loss = 4.3423, ref_nll_loss = 4.5513, ivc_loss = 0.0468, neg_loss_1 = 0.0016, neg_loss_2 = 0.0013, ref_loss = 0.0154, div_loss = 0.0512, aux_loss = 0.0200, aux_loss_eff = 0.0200, 0.653 seconds/batch
2026-04-21 17:16:36,477 - Epoch 14, Batch 250, lr = 0.00006, alpha_2 = 0.200, aux_scale = 1.000,  final_loss = 4.4552, nll_loss = 4.3456, ref_nll_loss = 4.5648, ivc_loss = 0.0447, neg_loss_1 = 0.0022, neg_loss_2 = 0.0020, ref_loss = 0.0129, div_loss = 0.0525, aux_loss = 0.0200, aux_loss_eff = 0.0200, 0.655 seconds/batch
2026-04-21 17:17:09,480 - Epoch 14, Batch 300, lr = 0.00006, alpha_2 = 0.200, aux_scale = 1.000,  final_loss = 4.4851, nll_loss = 4.3775, ref_nll_loss = 4.5927, ivc_loss = 0.0451, neg_loss_1 = 0.0021, neg_loss_2 = 0.0014, ref_loss = 0.0138, div_loss = 0.0531, aux_loss = 0.0200, aux_loss_eff = 0.0200, 0.656 seconds/batch
2026-04-21 17:17:42,504 - Epoch 14, Batch 350, lr = 0.00006, alpha_2 = 0.200, aux_scale = 1.000,  final_loss = 4.4683, nll_loss = 4.3633, ref_nll_loss = 4.5733, ivc_loss = 0.0555, neg_loss_1 = 0.0024, neg_loss_2 = 0.0030, ref_loss = 0.0171, div_loss = 0.0526, aux_loss = 0.0200, aux_loss_eff = 0.0200, 0.656 seconds/batch
2026-04-21 17:18:15,490 - Epoch 14, Batch 400, lr = 0.00006, alpha_2 = 0.200, aux_scale = 1.000,  final_loss = 4.4494, nll_loss = 4.3396, ref_nll_loss = 4.5591, ivc_loss = 0.0508, neg_loss_1 = 0.0033, neg_loss_2 = 0.0019, ref_loss = 0.0151, div_loss = 0.0514, aux_loss = 0.0200, aux_loss_eff = 0.0200, 0.657 seconds/batch
2026-04-21 17:18:48,459 - Epoch 14, Batch 450, lr = 0.00006, alpha_2 = 0.200, aux_scale = 1.000,  final_loss = 4.4847, nll_loss = 4.3801, ref_nll_loss = 4.5893, ivc_loss = 0.0474, neg_loss_1 = 0.0025, neg_loss_2 = 0.0016, ref_loss = 0.0144, div_loss = 0.0520, aux_loss = 0.0200, aux_loss_eff = 0.0200, 0.657 seconds/batch
2026-04-21 17:19:21,456 - Epoch 14, Batch 500, lr = 0.00006, alpha_2 = 0.200, aux_scale = 1.000,  final_loss = 4.4908, nll_loss = 4.3852, ref_nll_loss = 4.5965, ivc_loss = 0.0492, neg_loss_1 = 0.0030, neg_loss_2 = 0.0014, ref_loss = 0.0149, div_loss = 0.0534, aux_loss = 0.0200, aux_loss_eff = 0.0200, 0.657 seconds/batch
2026-04-21 17:19:54,426 - Epoch 14, Batch 550, lr = 0.00006, alpha_2 = 0.200, aux_scale = 1.000,  final_loss = 4.5094, nll_loss = 4.4044, ref_nll_loss = 4.6145, ivc_loss = 0.0475, neg_loss_1 = 0.0012, neg_loss_2 = 0.0010, ref_loss = 0.0161, div_loss = 0.0538, aux_loss = 0.0200, aux_loss_eff = 0.0200, 0.657 seconds/batch
2026-04-21 17:20:27,419 - Epoch 14, Batch 600, lr = 0.00006, alpha_2 = 0.200, aux_scale = 1.000,  final_loss = 4.4799, nll_loss = 4.3762, ref_nll_loss = 4.5836, ivc_loss = 0.0525, neg_loss_1 = 0.0029, neg_loss_2 = 0.0015, ref_loss = 0.0166, div_loss = 0.0531, aux_loss = 0.0200, aux_loss_eff = 0.0200, 0.658 seconds/batch
2026-04-21 17:21:00,456 - Epoch 14, Batch 650, lr = 0.00006, alpha_2 = 0.200, aux_scale = 1.000,  final_loss = 4.4675, nll_loss = 4.3585, ref_nll_loss = 4.5765, ivc_loss = 0.0477, neg_loss_1 = 0.0028, neg_loss_2 = 0.0012, ref_loss = 0.0144, div_loss = 0.0541, aux_loss = 0.0200, aux_loss_eff = 0.0200, 0.658 seconds/batch
2026-04-21 17:21:33,432 - Epoch 14, Batch 700, lr = 0.00006, alpha_2 = 0.200, aux_scale = 1.000,  final_loss = 4.4724, nll_loss = 4.3662, ref_nll_loss = 4.5786, ivc_loss = 0.0458, neg_loss_1 = 0.0014, neg_loss_2 = 0.0007, ref_loss = 0.0152, div_loss = 0.0561, aux_loss = 0.0200, aux_loss_eff = 0.0200, 0.658 seconds/batch
2026-04-21 17:22:06,409 - Epoch 14, Batch 750, lr = 0.00006, alpha_2 = 0.200, aux_scale = 1.000,  final_loss = 4.4793, nll_loss = 4.3722, ref_nll_loss = 4.5863, ivc_loss = 0.0449, neg_loss_1 = 0.0026, neg_loss_2 = 0.0009, ref_loss = 0.0134, div_loss = 0.0557, aux_loss = 0.0200, aux_loss_eff = 0.0200, 0.658 seconds/batch
2026-04-21 17:22:39,400 - Epoch 14, Batch 800, lr = 0.00006, alpha_2 = 0.200, aux_scale = 1.000,  final_loss = 4.4872, nll_loss = 4.3814, ref_nll_loss = 4.5929, ivc_loss = 0.0429, neg_loss_1 = 0.0016, neg_loss_2 = 0.0009, ref_loss = 0.0136, div_loss = 0.0533, aux_loss = 0.0200, aux_loss_eff = 0.0200, 0.658 seconds/batch
2026-04-21 17:23:12,401 - Epoch 14, Batch 850, lr = 0.00006, alpha_2 = 0.200, aux_scale = 1.000,  final_loss = 4.5166, nll_loss = 4.4085, ref_nll_loss = 4.6247, ivc_loss = 0.0496, neg_loss_1 = 0.0029, neg_loss_2 = 0.0015, ref_loss = 0.0149, div_loss = 0.0552, aux_loss = 0.0200, aux_loss_eff = 0.0200, 0.658 seconds/batch
2026-04-21 17:23:45,439 - Epoch 14, Batch 900, lr = 0.00006, alpha_2 = 0.200, aux_scale = 1.000,  final_loss = 4.5011, nll_loss = 4.3940, ref_nll_loss = 4.6082, ivc_loss = 0.0525, neg_loss_1 = 0.0021, neg_loss_2 = 0.0029, ref_loss = 0.0156, div_loss = 0.0563, aux_loss = 0.0200, aux_loss_eff = 0.0200, 0.658 seconds/batch
2026-04-21 17:24:18,433 - Epoch 14, Batch 950, lr = 0.00006, alpha_2 = 0.200, aux_scale = 1.000,  final_loss = 4.4850, nll_loss = 4.3784, ref_nll_loss = 4.5915, ivc_loss = 0.0489, neg_loss_1 = 0.0031, neg_loss_2 = 0.0013, ref_loss = 0.0147, div_loss = 0.0536, aux_loss = 0.0200, aux_loss_eff = 0.0200, 0.659 seconds/batch
2026-04-21 17:24:51,436 - Epoch 14, Batch 1000, lr = 0.00006, alpha_2 = 0.200, aux_scale = 1.000,  final_loss = 4.4639, nll_loss = 4.3593, ref_nll_loss = 4.5686, ivc_loss = 0.0517, neg_loss_1 = 0.0034, neg_loss_2 = 0.0022, ref_loss = 0.0147, div_loss = 0.0557, aux_loss = 0.0200, aux_loss_eff = 0.0200, 0.659 seconds/batch
2026-04-21 17:25:24,408 - Epoch 14, Batch 1050, lr = 0.00006, alpha_2 = 0.200, aux_scale = 1.000,  final_loss = 4.5170, nll_loss = 4.4136, ref_nll_loss = 4.6204, ivc_loss = 0.0487, neg_loss_1 = 0.0023, neg_loss_2 = 0.0015, ref_loss = 0.0151, div_loss = 0.0555, aux_loss = 0.0200, aux_loss_eff = 0.0200, 0.659 seconds/batch
2026-04-21 17:25:57,240 - Epoch 14, Batch 1100, lr = 0.00006, alpha_2 = 0.200, aux_scale = 1.000,  final_loss = 4.4871, nll_loss = 4.3826, ref_nll_loss = 4.5917, ivc_loss = 0.0470, neg_loss_1 = 0.0021, neg_loss_2 = 0.0017, ref_loss = 0.0145, div_loss = 0.0526, aux_loss = 0.0200, aux_loss_eff = 0.0200, 0.659 seconds/batch
2026-04-21 17:26:25,542 - Epoch 14, Batch 1150, lr = 0.00006, alpha_2 = 0.200, aux_scale = 1.000,  final_loss = 4.5234, nll_loss = 4.4205, ref_nll_loss = 4.6262, ivc_loss = 0.0541, neg_loss_1 = 0.0032, neg_loss_2 = 0.0017, ref_loss = 0.0169, div_loss = 0.0523, aux_loss = 0.0200, aux_loss_eff = 0.0200, 0.655 seconds/batch
2026-04-21 17:26:35,856 - Epoch 14, Batch 1170, lr = 0.00006, alpha_2 = 0.200, aux_scale = 1.000,  final_loss = 4.4794, nll_loss = 4.3729, ref_nll_loss = 4.5860, ivc_loss = 0.0528, neg_loss_1 = 0.0029, neg_loss_2 = 0.0021, ref_loss = 0.0162, div_loss = 0.0521, aux_loss = 0.0200, aux_loss_eff = 0.0200, 0.652 seconds/batch
2026-04-21 17:26:35,931 - save model to checkpoints/activitynet_moe_v2_staged_alpha_aux/moe_v2_staged_alpha_aux/model-14.pt, num_updates 16380.
2026-04-21 17:28:52,116 - | R@1,mIoU 0.3295 | R@1,IoU@0.1 0.7890 | R@1,IoU@0.3 0.4474 | R@1,IoU@0.5 0.2505 | R@1,IoU@0.7 0.1218 | R@1,IoU@0.9 0.0310 | R@5,mIoU 0.4804 | R@5,IoU@0.1 0.8972 | R@5,IoU@0.3 0.6892 | R@5,IoU@0.5 0.4900 | R@5,IoU@0.7 0.2564 | R@5,IoU@0.9 0.0673 |
2026-04-21 17:28:52,117 - ============================================================
2026-04-21 17:28:52,117 - Start Epoch 15
2026-04-21 17:29:24,166 - Epoch 15, Batch 50, lr = 0.00006, alpha_2 = 0.200, aux_scale = 1.000,  final_loss = 4.4563, nll_loss = 4.3514, ref_nll_loss = 4.5611, ivc_loss = 0.0519, neg_loss_1 = 0.0039, neg_loss_2 = 0.0009, ref_loss = 0.0159, div_loss = 0.0520, aux_loss = 0.0200, aux_loss_eff = 0.0200, 0.641 seconds/batch
2026-04-21 17:29:57,182 - Epoch 15, Batch 100, lr = 0.00006, alpha_2 = 0.200, aux_scale = 1.000,  final_loss = 4.4601, nll_loss = 4.3538, ref_nll_loss = 4.5665, ivc_loss = 0.0482, neg_loss_1 = 0.0021, neg_loss_2 = 0.0013, ref_loss = 0.0154, div_loss = 0.0537, aux_loss = 0.0200, aux_loss_eff = 0.0200, 0.651 seconds/batch
2026-04-21 17:30:30,159 - Epoch 15, Batch 150, lr = 0.00006, alpha_2 = 0.200, aux_scale = 1.000,  final_loss = 4.4519, nll_loss = 4.3440, ref_nll_loss = 4.5598, ivc_loss = 0.0473, neg_loss_1 = 0.0023, neg_loss_2 = 0.0020, ref_loss = 0.0141, div_loss = 0.0528, aux_loss = 0.0200, aux_loss_eff = 0.0200, 0.654 seconds/batch
2026-04-21 17:31:03,174 - Epoch 15, Batch 200, lr = 0.00006, alpha_2 = 0.200, aux_scale = 1.000,  final_loss = 4.4530, nll_loss = 4.3469, ref_nll_loss = 4.5592, ivc_loss = 0.0503, neg_loss_1 = 0.0030, neg_loss_2 = 0.0008, ref_loss = 0.0159, div_loss = 0.0550, aux_loss = 0.0200, aux_loss_eff = 0.0200, 0.655 seconds/batch
2026-04-21 17:31:36,217 - Epoch 15, Batch 250, lr = 0.00006, alpha_2 = 0.200, aux_scale = 1.000,  final_loss = 4.4648, nll_loss = 4.3598, ref_nll_loss = 4.5699, ivc_loss = 0.0486, neg_loss_1 = 0.0018, neg_loss_2 = 0.0012, ref_loss = 0.0159, div_loss = 0.0533, aux_loss = 0.0200, aux_loss_eff = 0.0200, 0.656 seconds/batch
2026-04-21 17:32:09,242 - Epoch 15, Batch 300, lr = 0.00006, alpha_2 = 0.200, aux_scale = 1.000,  final_loss = 4.4219, nll_loss = 4.3130, ref_nll_loss = 4.5307, ivc_loss = 0.0459, neg_loss_1 = 0.0027, neg_loss_2 = 0.0016, ref_loss = 0.0135, div_loss = 0.0516, aux_loss = 0.0200, aux_loss_eff = 0.0200, 0.657 seconds/batch
2026-04-21 17:32:42,275 - Epoch 15, Batch 350, lr = 0.00006, alpha_2 = 0.200, aux_scale = 1.000,  final_loss = 4.4486, nll_loss = 4.3404, ref_nll_loss = 4.5568, ivc_loss = 0.0474, neg_loss_1 = 0.0028, neg_loss_2 = 0.0013, ref_loss = 0.0142, div_loss = 0.0541, aux_loss = 0.0200, aux_loss_eff = 0.0200, 0.658 seconds/batch
2026-04-21 17:33:15,260 - Epoch 15, Batch 400, lr = 0.00006, alpha_2 = 0.200, aux_scale = 1.000,  final_loss = 4.4716, nll_loss = 4.3658, ref_nll_loss = 4.5775, ivc_loss = 0.0515, neg_loss_1 = 0.0017, neg_loss_2 = 0.0022, ref_loss = 0.0161, div_loss = 0.0568, aux_loss = 0.0200, aux_loss_eff = 0.0200, 0.658 seconds/batch
2026-04-21 17:33:48,244 - Epoch 15, Batch 450, lr = 0.00006, alpha_2 = 0.200, aux_scale = 1.000,  final_loss = 4.4772, nll_loss = 4.3710, ref_nll_loss = 4.5833, ivc_loss = 0.0494, neg_loss_1 = 0.0027, neg_loss_2 = 0.0014, ref_loss = 0.0148, div_loss = 0.0578, aux_loss = 0.0200, aux_loss_eff = 0.0200, 0.658 seconds/batch
2026-04-21 17:34:21,228 - Epoch 15, Batch 500, lr = 0.00006, alpha_2 = 0.200, aux_scale = 1.000,  final_loss = 4.4363, nll_loss = 4.3319, ref_nll_loss = 4.5407, ivc_loss = 0.0508, neg_loss_1 = 0.0027, neg_loss_2 = 0.0020, ref_loss = 0.0152, div_loss = 0.0558, aux_loss = 0.0200, aux_loss_eff = 0.0200, 0.658 seconds/batch
2026-04-21 17:34:54,249 - Epoch 15, Batch 550, lr = 0.00006, alpha_2 = 0.200, aux_scale = 1.000,  final_loss = 4.4654, nll_loss = 4.3636, ref_nll_loss = 4.5672, ivc_loss = 0.0524, neg_loss_1 = 0.0025, neg_loss_2 = 0.0015, ref_loss = 0.0166, div_loss = 0.0562, aux_loss = 0.0200, aux_loss_eff = 0.0200, 0.658 seconds/batch
2026-04-21 17:35:27,213 - Epoch 15, Batch 600, lr = 0.00006, alpha_2 = 0.200, aux_scale = 1.000,  final_loss = 4.4619, nll_loss = 4.3521, ref_nll_loss = 4.5717, ivc_loss = 0.0509, neg_loss_1 = 0.0028, neg_loss_2 = 0.0022, ref_loss = 0.0153, div_loss = 0.0523, aux_loss = 0.0200, aux_loss_eff = 0.0200, 0.658 seconds/batch
2026-04-21 17:36:00,249 - Epoch 15, Batch 650, lr = 0.00006, alpha_2 = 0.200, aux_scale = 1.000,  final_loss = 4.4603, nll_loss = 4.3539, ref_nll_loss = 4.5668, ivc_loss = 0.0547, neg_loss_1 = 0.0038, neg_loss_2 = 0.0024, ref_loss = 0.0156, div_loss = 0.0560, aux_loss = 0.0200, aux_loss_eff = 0.0200, 0.659 seconds/batch
2026-04-21 17:36:33,262 - Epoch 15, Batch 700, lr = 0.00006, alpha_2 = 0.200, aux_scale = 1.000,  final_loss = 4.4378, nll_loss = 4.3290, ref_nll_loss = 4.5465, ivc_loss = 0.0502, neg_loss_1 = 0.0025, neg_loss_2 = 0.0019, ref_loss = 0.0151, div_loss = 0.0574, aux_loss = 0.0200, aux_loss_eff = 0.0200, 0.659 seconds/batch
2026-04-21 17:37:06,236 - Epoch 15, Batch 750, lr = 0.00006, alpha_2 = 0.200, aux_scale = 1.000,  final_loss = 4.4532, nll_loss = 4.3441, ref_nll_loss = 4.5622, ivc_loss = 0.0470, neg_loss_1 = 0.0021, neg_loss_2 = 0.0011, ref_loss = 0.0148, div_loss = 0.0546, aux_loss = 0.0200, aux_loss_eff = 0.0200, 0.659 seconds/batch
2026-04-21 17:37:39,240 - Epoch 15, Batch 800, lr = 0.00006, alpha_2 = 0.200, aux_scale = 1.000,  final_loss = 4.4717, nll_loss = 4.3655, ref_nll_loss = 4.5780, ivc_loss = 0.0483, neg_loss_1 = 0.0034, neg_loss_2 = 0.0012, ref_loss = 0.0142, div_loss = 0.0540, aux_loss = 0.0200, aux_loss_eff = 0.0200, 0.659 seconds/batch
2026-04-21 17:38:12,206 - Epoch 15, Batch 850, lr = 0.00006, alpha_2 = 0.200, aux_scale = 1.000,  final_loss = 4.4529, nll_loss = 4.3436, ref_nll_loss = 4.5622, ivc_loss = 0.0496, neg_loss_1 = 0.0026, neg_loss_2 = 0.0014, ref_loss = 0.0153, div_loss = 0.0538, aux_loss = 0.0200, aux_loss_eff = 0.0200, 0.659 seconds/batch
2026-04-21 17:38:45,248 - Epoch 15, Batch 900, lr = 0.00006, alpha_2 = 0.200, aux_scale = 1.000,  final_loss = 4.4388, nll_loss = 4.3339, ref_nll_loss = 4.5437, ivc_loss = 0.0563, neg_loss_1 = 0.0040, neg_loss_2 = 0.0022, ref_loss = 0.0165, div_loss = 0.0542, aux_loss = 0.0200, aux_loss_eff = 0.0200, 0.659 seconds/batch
2026-04-21 17:39:18,512 - Epoch 15, Batch 950, lr = 0.00006, alpha_2 = 0.200, aux_scale = 1.000,  final_loss = 4.4602, nll_loss = 4.3572, ref_nll_loss = 4.5632, ivc_loss = 0.0537, neg_loss_1 = 0.0027, neg_loss_2 = 0.0022, ref_loss = 0.0163, div_loss = 0.0575, aux_loss = 0.0200, aux_loss_eff = 0.0200, 0.659 seconds/batch
2026-04-21 17:39:51,529 - Epoch 15, Batch 1000, lr = 0.00006, alpha_2 = 0.200, aux_scale = 1.000,  final_loss = 4.4604, nll_loss = 4.3565, ref_nll_loss = 4.5642, ivc_loss = 0.0561, neg_loss_1 = 0.0025, neg_loss_2 = 0.0022, ref_loss = 0.0178, div_loss = 0.0556, aux_loss = 0.0200, aux_loss_eff = 0.0200, 0.659 seconds/batch
2026-04-21 17:40:24,561 - Epoch 15, Batch 1050, lr = 0.00006, alpha_2 = 0.200, aux_scale = 1.000,  final_loss = 4.4806, nll_loss = 4.3733, ref_nll_loss = 4.5879, ivc_loss = 0.0518, neg_loss_1 = 0.0032, neg_loss_2 = 0.0021, ref_loss = 0.0151, div_loss = 0.0553, aux_loss = 0.0200, aux_loss_eff = 0.0200, 0.659 seconds/batch
2026-04-21 17:40:57,560 - Epoch 15, Batch 1100, lr = 0.00006, alpha_2 = 0.200, aux_scale = 1.000,  final_loss = 4.5011, nll_loss = 4.3909, ref_nll_loss = 4.6114, ivc_loss = 0.0493, neg_loss_1 = 0.0025, neg_loss_2 = 0.0010, ref_loss = 0.0156, div_loss = 0.0552, aux_loss = 0.0200, aux_loss_eff = 0.0200, 0.659 seconds/batch
2026-04-21 17:41:25,499 - Epoch 15, Batch 1150, lr = 0.00006, alpha_2 = 0.200, aux_scale = 1.000,  final_loss = 4.4750, nll_loss = 4.3652, ref_nll_loss = 4.5848, ivc_loss = 0.0466, neg_loss_1 = 0.0017, neg_loss_2 = 0.0018, ref_loss = 0.0144, div_loss = 0.0543, aux_loss = 0.0200, aux_loss_eff = 0.0200, 0.655 seconds/batch
2026-04-21 17:41:35,844 - Epoch 15, Batch 1170, lr = 0.00006, alpha_2 = 0.200, aux_scale = 1.000,  final_loss = 4.4039, nll_loss = 4.2883, ref_nll_loss = 4.5196, ivc_loss = 0.0472, neg_loss_1 = 0.0016, neg_loss_2 = 0.0016, ref_loss = 0.0153, div_loss = 0.0519, aux_loss = 0.0200, aux_loss_eff = 0.0200, 0.653 seconds/batch
2026-04-21 17:41:35,919 - save model to checkpoints/activitynet_moe_v2_staged_alpha_aux/moe_v2_staged_alpha_aux/model-15.pt, num_updates 17550.
2026-04-21 17:43:52,224 - | R@1,mIoU 0.3298 | R@1,IoU@0.1 0.7771 | R@1,IoU@0.3 0.4526 | R@1,IoU@0.5 0.2500 | R@1,IoU@0.7 0.1215 | R@1,IoU@0.9 0.0450 | R@5,mIoU 0.4818 | R@5,IoU@0.1 0.8987 | R@5,IoU@0.3 0.6995 | R@5,IoU@0.5 0.4861 | R@5,IoU@0.7 0.2514 | R@5,IoU@0.9 0.0739 |
2026-04-21 17:43:52,224 - ============================================================
2026-04-21 17:43:52,225 - Start Epoch 16
2026-04-21 17:44:24,224 - Epoch 16, Batch 50, lr = 0.00006, alpha_2 = 0.200, aux_scale = 1.000,  final_loss = 4.4308, nll_loss = 4.3230, ref_nll_loss = 4.5386, ivc_loss = 0.0459, neg_loss_1 = 0.0018, neg_loss_2 = 0.0021, ref_loss = 0.0138, div_loss = 0.0539, aux_loss = 0.0200, aux_loss_eff = 0.0200, 0.640 seconds/batch
2026-04-21 17:44:57,222 - Epoch 16, Batch 100, lr = 0.00006, alpha_2 = 0.200, aux_scale = 1.000,  final_loss = 4.4309, nll_loss = 4.3218, ref_nll_loss = 4.5400, ivc_loss = 0.0454, neg_loss_1 = 0.0018, neg_loss_2 = 0.0012, ref_loss = 0.0143, div_loss = 0.0540, aux_loss = 0.0200, aux_loss_eff = 0.0200, 0.650 seconds/batch
2026-04-21 17:45:30,206 - Epoch 16, Batch 150, lr = 0.00006, alpha_2 = 0.200, aux_scale = 1.000,  final_loss = 4.4447, nll_loss = 4.3350, ref_nll_loss = 4.5545, ivc_loss = 0.0458, neg_loss_1 = 0.0022, neg_loss_2 = 0.0018, ref_loss = 0.0139, div_loss = 0.0503, aux_loss = 0.0200, aux_loss_eff = 0.0200, 0.653 seconds/batch
2026-04-21 17:46:03,215 - Epoch 16, Batch 200, lr = 0.00006, alpha_2 = 0.200, aux_scale = 1.000,  final_loss = 4.3817, nll_loss = 4.2730, ref_nll_loss = 4.4904, ivc_loss = 0.0470, neg_loss_1 = 0.0024, neg_loss_2 = 0.0012, ref_loss = 0.0147, div_loss = 0.0535, aux_loss = 0.0200, aux_loss_eff = 0.0200, 0.655 seconds/batch
2026-04-21 17:46:36,207 - Epoch 16, Batch 250, lr = 0.00006, alpha_2 = 0.200, aux_scale = 1.000,  final_loss = 4.4436, nll_loss = 4.3372, ref_nll_loss = 4.5500, ivc_loss = 0.0537, neg_loss_1 = 0.0037, neg_loss_2 = 0.0018, ref_loss = 0.0160, div_loss = 0.0524, aux_loss = 0.0200, aux_loss_eff = 0.0200, 0.656 seconds/batch
2026-04-21 17:47:09,237 - Epoch 16, Batch 300, lr = 0.00006, alpha_2 = 0.200, aux_scale = 1.000,  final_loss = 4.4255, nll_loss = 4.3165, ref_nll_loss = 4.5344, ivc_loss = 0.0523, neg_loss_1 = 0.0037, neg_loss_2 = 0.0014, ref_loss = 0.0151, div_loss = 0.0587, aux_loss = 0.0200, aux_loss_eff = 0.0200, 0.657 seconds/batch
2026-04-21 17:47:42,252 - Epoch 16, Batch 350, lr = 0.00006, alpha_2 = 0.200, aux_scale = 1.000,  final_loss = 4.4884, nll_loss = 4.3798, ref_nll_loss = 4.5971, ivc_loss = 0.0540, neg_loss_1 = 0.0032, neg_loss_2 = 0.0036, ref_loss = 0.0146, div_loss = 0.0556, aux_loss = 0.0200, aux_loss_eff = 0.0200, 0.657 seconds/batch
2026-04-21 17:48:15,256 - Epoch 16, Batch 400, lr = 0.00006, alpha_2 = 0.200, aux_scale = 1.000,  final_loss = 4.4113, nll_loss = 4.3033, ref_nll_loss = 4.5193, ivc_loss = 0.0515, neg_loss_1 = 0.0027, neg_loss_2 = 0.0013, ref_loss = 0.0158, div_loss = 0.0593, aux_loss = 0.0200, aux_loss_eff = 0.0200, 0.658 seconds/batch
2026-04-21 17:48:48,276 - Epoch 16, Batch 450, lr = 0.00006, alpha_2 = 0.200, aux_scale = 1.000,  final_loss = 4.4437, nll_loss = 4.3343, ref_nll_loss = 4.5531, ivc_loss = 0.0465, neg_loss_1 = 0.0020, neg_loss_2 = 0.0011, ref_loss = 0.0141, div_loss = 0.0597, aux_loss = 0.0200, aux_loss_eff = 0.0200, 0.658 seconds/batch
2026-04-21 17:49:21,285 - Epoch 16, Batch 500, lr = 0.00006, alpha_2 = 0.200, aux_scale = 1.000,  final_loss = 4.4317, nll_loss = 4.3215, ref_nll_loss = 4.5418, ivc_loss = 0.0453, neg_loss_1 = 0.0020, neg_loss_2 = 0.0010, ref_loss = 0.0140, div_loss = 0.0566, aux_loss = 0.0200, aux_loss_eff = 0.0200, 0.658 seconds/batch
2026-04-21 17:49:54,295 - Epoch 16, Batch 550, lr = 0.00006, alpha_2 = 0.200, aux_scale = 1.000,  final_loss = 4.4013, nll_loss = 4.2911, ref_nll_loss = 4.5115, ivc_loss = 0.0485, neg_loss_1 = 0.0025, neg_loss_2 = 0.0015, ref_loss = 0.0148, div_loss = 0.0544, aux_loss = 0.0200, aux_loss_eff = 0.0200, 0.658 seconds/batch
2026-04-21 17:50:27,298 - Epoch 16, Batch 600, lr = 0.00006, alpha_2 = 0.200, aux_scale = 1.000,  final_loss = 4.4407, nll_loss = 4.3360, ref_nll_loss = 4.5455, ivc_loss = 0.0579, neg_loss_1 = 0.0034, neg_loss_2 = 0.0020, ref_loss = 0.0177, div_loss = 0.0589, aux_loss = 0.0200, aux_loss_eff = 0.0200, 0.658 seconds/batch
2026-04-21 17:51:00,282 - Epoch 16, Batch 650, lr = 0.00006, alpha_2 = 0.200, aux_scale = 1.000,  final_loss = 4.3962, nll_loss = 4.2874, ref_nll_loss = 4.5050, ivc_loss = 0.0533, neg_loss_1 = 0.0033, neg_loss_2 = 0.0030, ref_loss = 0.0149, div_loss = 0.0544, aux_loss = 0.0200, aux_loss_eff = 0.0200, 0.659 seconds/batch
2026-04-21 17:51:33,295 - Epoch 16, Batch 700, lr = 0.00006, alpha_2 = 0.200, aux_scale = 1.000,  final_loss = 4.4618, nll_loss = 4.3519, ref_nll_loss = 4.5717, ivc_loss = 0.0459, neg_loss_1 = 0.0030, neg_loss_2 = 0.0014, ref_loss = 0.0134, div_loss = 0.0515, aux_loss = 0.0200, aux_loss_eff = 0.0200, 0.659 seconds/batch
2026-04-21 17:52:06,416 - Epoch 16, Batch 750, lr = 0.00006, alpha_2 = 0.200, aux_scale = 1.000,  final_loss = 4.4111, nll_loss = 4.2971, ref_nll_loss = 4.5252, ivc_loss = 0.0452, neg_loss_1 = 0.0021, neg_loss_2 = 0.0009, ref_loss = 0.0141, div_loss = 0.0545, aux_loss = 0.0200, aux_loss_eff = 0.0200, 0.659 seconds/batch
2026-04-21 17:52:39,393 - Epoch 16, Batch 800, lr = 0.00006, alpha_2 = 0.200, aux_scale = 1.000,  final_loss = 4.4422, nll_loss = 4.3351, ref_nll_loss = 4.5492, ivc_loss = 0.0496, neg_loss_1 = 0.0027, neg_loss_2 = 0.0016, ref_loss = 0.0149, div_loss = 0.0561, aux_loss = 0.0200, aux_loss_eff = 0.0200, 0.659 seconds/batch
2026-04-21 17:53:12,369 - Epoch 16, Batch 850, lr = 0.00006, alpha_2 = 0.200, aux_scale = 1.000,  final_loss = 4.4011, nll_loss = 4.2907, ref_nll_loss = 4.5115, ivc_loss = 0.0445, neg_loss_1 = 0.0019, neg_loss_2 = 0.0017, ref_loss = 0.0133, div_loss = 0.0544, aux_loss = 0.0200, aux_loss_eff = 0.0200, 0.659 seconds/batch
2026-04-21 17:53:45,340 - Epoch 16, Batch 900, lr = 0.00006, alpha_2 = 0.200, aux_scale = 1.000,  final_loss = 4.4463, nll_loss = 4.3370, ref_nll_loss = 4.5557, ivc_loss = 0.0469, neg_loss_1 = 0.0022, neg_loss_2 = 0.0014, ref_loss = 0.0143, div_loss = 0.0560, aux_loss = 0.0200, aux_loss_eff = 0.0200, 0.659 seconds/batch
2026-04-21 17:54:18,363 - Epoch 16, Batch 950, lr = 0.00006, alpha_2 = 0.200, aux_scale = 1.000,  final_loss = 4.4395, nll_loss = 4.3291, ref_nll_loss = 4.5500, ivc_loss = 0.0505, neg_loss_1 = 0.0027, neg_loss_2 = 0.0021, ref_loss = 0.0151, div_loss = 0.0546, aux_loss = 0.0200, aux_loss_eff = 0.0200, 0.659 seconds/batch
2026-04-21 17:54:51,323 - Epoch 16, Batch 1000, lr = 0.00006, alpha_2 = 0.200, aux_scale = 1.000,  final_loss = 4.4232, nll_loss = 4.3139, ref_nll_loss = 4.5326, ivc_loss = 0.0449, neg_loss_1 = 0.0024, neg_loss_2 = 0.0009, ref_loss = 0.0135, div_loss = 0.0558, aux_loss = 0.0200, aux_loss_eff = 0.0200, 0.659 seconds/batch
2026-04-21 17:55:24,332 - Epoch 16, Batch 1050, lr = 0.00006, alpha_2 = 0.200, aux_scale = 1.000,  final_loss = 4.4426, nll_loss = 4.3349, ref_nll_loss = 4.5503, ivc_loss = 0.0514, neg_loss_1 = 0.0038, neg_loss_2 = 0.0013, ref_loss = 0.0151, div_loss = 0.0543, aux_loss = 0.0200, aux_loss_eff = 0.0200, 0.659 seconds/batch
2026-04-21 17:55:57,289 - Epoch 16, Batch 1100, lr = 0.00006, alpha_2 = 0.200, aux_scale = 1.000,  final_loss = 4.4362, nll_loss = 4.3251, ref_nll_loss = 4.5474, ivc_loss = 0.0504, neg_loss_1 = 0.0035, neg_loss_2 = 0.0017, ref_loss = 0.0144, div_loss = 0.0559, aux_loss = 0.0200, aux_loss_eff = 0.0200, 0.659 seconds/batch
2026-04-21 17:56:24,901 - Epoch 16, Batch 1150, lr = 0.00006, alpha_2 = 0.200, aux_scale = 1.000,  final_loss = 4.4325, nll_loss = 4.3222, ref_nll_loss = 4.5429, ivc_loss = 0.0469, neg_loss_1 = 0.0035, neg_loss_2 = 0.0011, ref_loss = 0.0130, div_loss = 0.0584, aux_loss = 0.0200, aux_loss_eff = 0.0200, 0.655 seconds/batch
2026-04-21 17:56:35,249 - Epoch 16, Batch 1170, lr = 0.00006, alpha_2 = 0.200, aux_scale = 1.000,  final_loss = 4.4615, nll_loss = 4.3506, ref_nll_loss = 4.5723, ivc_loss = 0.0521, neg_loss_1 = 0.0022, neg_loss_2 = 0.0031, ref_loss = 0.0151, div_loss = 0.0568, aux_loss = 0.0200, aux_loss_eff = 0.0200, 0.652 seconds/batch
2026-04-21 17:56:35,325 - save model to checkpoints/activitynet_moe_v2_staged_alpha_aux/moe_v2_staged_alpha_aux/model-16.pt, num_updates 18720.
2026-04-21 17:58:51,443 - | R@1,mIoU 0.3289 | R@1,IoU@0.1 0.7732 | R@1,IoU@0.3 0.4516 | R@1,IoU@0.5 0.2524 | R@1,IoU@0.7 0.1180 | R@1,IoU@0.9 0.0405 | R@5,mIoU 0.4796 | R@5,IoU@0.1 0.8960 | R@5,IoU@0.3 0.6976 | R@5,IoU@0.5 0.4871 | R@5,IoU@0.7 0.2495 | R@5,IoU@0.9 0.0672 |
2026-04-21 17:58:51,443 - ============================================================
2026-04-21 17:58:51,443 - Start Epoch 17
2026-04-21 17:59:23,236 - Epoch 17, Batch 50, lr = 0.00006, alpha_2 = 0.200, aux_scale = 1.000,  final_loss = 4.4015, nll_loss = 4.2900, ref_nll_loss = 4.5129, ivc_loss = 0.0457, neg_loss_1 = 0.0023, neg_loss_2 = 0.0013, ref_loss = 0.0137, div_loss = 0.0566, aux_loss = 0.0200, aux_loss_eff = 0.0200, 0.636 seconds/batch
2026-04-21 17:59:56,226 - Epoch 17, Batch 100, lr = 0.00006, alpha_2 = 0.200, aux_scale = 1.000,  final_loss = 4.3989, nll_loss = 4.2896, ref_nll_loss = 4.5082, ivc_loss = 0.0510, neg_loss_1 = 0.0030, neg_loss_2 = 0.0021, ref_loss = 0.0148, div_loss = 0.0557, aux_loss = 0.0200, aux_loss_eff = 0.0200, 0.648 seconds/batch
2026-04-21 18:00:29,216 - Epoch 17, Batch 150, lr = 0.00006, alpha_2 = 0.200, aux_scale = 1.000,  final_loss = 4.4048, nll_loss = 4.2936, ref_nll_loss = 4.5160, ivc_loss = 0.0475, neg_loss_1 = 0.0029, neg_loss_2 = 0.0016, ref_loss = 0.0138, div_loss = 0.0548, aux_loss = 0.0200, aux_loss_eff = 0.0200, 0.652 seconds/batch
2026-04-21 18:01:02,189 - Epoch 17, Batch 200, lr = 0.00006, alpha_2 = 0.200, aux_scale = 1.000,  final_loss = 4.3912, nll_loss = 4.2836, ref_nll_loss = 4.4988, ivc_loss = 0.0521, neg_loss_1 = 0.0035, neg_loss_2 = 0.0012, ref_loss = 0.0158, div_loss = 0.0546, aux_loss = 0.0200, aux_loss_eff = 0.0200, 0.654 seconds/batch
2026-04-21 18:01:35,155 - Epoch 17, Batch 250, lr = 0.00006, alpha_2 = 0.200, aux_scale = 1.000,  final_loss = 4.3912, nll_loss = 4.2819, ref_nll_loss = 4.5005, ivc_loss = 0.0477, neg_loss_1 = 0.0017, neg_loss_2 = 0.0018, ref_loss = 0.0149, div_loss = 0.0549, aux_loss = 0.0200, aux_loss_eff = 0.0200, 0.655 seconds/batch
2026-04-21 18:02:08,170 - Epoch 17, Batch 300, lr = 0.00006, alpha_2 = 0.200, aux_scale = 1.000,  final_loss = 4.4155, nll_loss = 4.3015, ref_nll_loss = 4.5294, ivc_loss = 0.0445, neg_loss_1 = 0.0023, neg_loss_2 = 0.0015, ref_loss = 0.0129, div_loss = 0.0550, aux_loss = 0.0200, aux_loss_eff = 0.0200, 0.656 seconds/batch
2026-04-21 18:02:41,163 - Epoch 17, Batch 350, lr = 0.00006, alpha_2 = 0.200, aux_scale = 1.000,  final_loss = 4.3972, nll_loss = 4.2872, ref_nll_loss = 4.5072, ivc_loss = 0.0482, neg_loss_1 = 0.0015, neg_loss_2 = 0.0013, ref_loss = 0.0158, div_loss = 0.0555, aux_loss = 0.0200, aux_loss_eff = 0.0200, 0.656 seconds/batch
2026-04-21 18:03:14,160 - Epoch 17, Batch 400, lr = 0.00006, alpha_2 = 0.200, aux_scale = 1.000,  final_loss = 4.4070, nll_loss = 4.2943, ref_nll_loss = 4.5197, ivc_loss = 0.0417, neg_loss_1 = 0.0026, neg_loss_2 = 0.0004, ref_loss = 0.0121, div_loss = 0.0570, aux_loss = 0.0200, aux_loss_eff = 0.0200, 0.657 seconds/batch
2026-04-21 18:03:47,208 - Epoch 17, Batch 450, lr = 0.00006, alpha_2 = 0.200, aux_scale = 1.000,  final_loss = 4.4141, nll_loss = 4.3039, ref_nll_loss = 4.5242, ivc_loss = 0.0439, neg_loss_1 = 0.0018, neg_loss_2 = 0.0013, ref_loss = 0.0132, div_loss = 0.0562, aux_loss = 0.0200, aux_loss_eff = 0.0200, 0.657 seconds/batch
2026-04-21 18:04:20,207 - Epoch 17, Batch 500, lr = 0.00006, alpha_2 = 0.200, aux_scale = 1.000,  final_loss = 4.4383, nll_loss = 4.3268, ref_nll_loss = 4.5498, ivc_loss = 0.0463, neg_loss_1 = 0.0028, neg_loss_2 = 0.0012, ref_loss = 0.0135, div_loss = 0.0565, aux_loss = 0.0200, aux_loss_eff = 0.0200, 0.658 seconds/batch
2026-04-21 18:04:53,464 - Epoch 17, Batch 550, lr = 0.00006, alpha_2 = 0.200, aux_scale = 1.000,  final_loss = 4.4306, nll_loss = 4.3151, ref_nll_loss = 4.5461, ivc_loss = 0.0420, neg_loss_1 = 0.0010, neg_loss_2 = 0.0016, ref_loss = 0.0127, div_loss = 0.0562, aux_loss = 0.0200, aux_loss_eff = 0.0200, 0.658 seconds/batch
2026-04-21 18:05:26,446 - Epoch 17, Batch 600, lr = 0.00006, alpha_2 = 0.200, aux_scale = 1.000,  final_loss = 4.4124, nll_loss = 4.3044, ref_nll_loss = 4.5203, ivc_loss = 0.0510, neg_loss_1 = 0.0021, neg_loss_2 = 0.0020, ref_loss = 0.0158, div_loss = 0.0563, aux_loss = 0.0200, aux_loss_eff = 0.0200, 0.658 seconds/batch
2026-04-21 18:05:59,451 - Epoch 17, Batch 650, lr = 0.00006, alpha_2 = 0.200, aux_scale = 1.000,  final_loss = 4.3904, nll_loss = 4.2810, ref_nll_loss = 4.4997, ivc_loss = 0.0454, neg_loss_1 = 0.0018, neg_loss_2 = 0.0009, ref_loss = 0.0142, div_loss = 0.0583, aux_loss = 0.0200, aux_loss_eff = 0.0200, 0.658 seconds/batch
2026-04-21 18:06:32,421 - Epoch 17, Batch 700, lr = 0.00006, alpha_2 = 0.200, aux_scale = 1.000,  final_loss = 4.3778, nll_loss = 4.2656, ref_nll_loss = 4.4899, ivc_loss = 0.0463, neg_loss_1 = 0.0026, neg_loss_2 = 0.0011, ref_loss = 0.0136, div_loss = 0.0575, aux_loss = 0.0200, aux_loss_eff = 0.0200, 0.659 seconds/batch
2026-04-21 18:07:05,389 - Epoch 17, Batch 750, lr = 0.00006, alpha_2 = 0.200, aux_scale = 1.000,  final_loss = 4.4188, nll_loss = 4.3092, ref_nll_loss = 4.5284, ivc_loss = 0.0462, neg_loss_1 = 0.0024, neg_loss_2 = 0.0009, ref_loss = 0.0139, div_loss = 0.0591, aux_loss = 0.0200, aux_loss_eff = 0.0200, 0.659 seconds/batch
2026-04-21 18:07:38,434 - Epoch 17, Batch 800, lr = 0.00006, alpha_2 = 0.200, aux_scale = 1.000,  final_loss = 4.3990, nll_loss = 4.2843, ref_nll_loss = 4.5137, ivc_loss = 0.0436, neg_loss_1 = 0.0017, neg_loss_2 = 0.0011, ref_loss = 0.0132, div_loss = 0.0571, aux_loss = 0.0200, aux_loss_eff = 0.0200, 0.659 seconds/batch
2026-04-21 18:08:11,436 - Epoch 17, Batch 850, lr = 0.00006, alpha_2 = 0.200, aux_scale = 1.000,  final_loss = 4.4248, nll_loss = 4.3108, ref_nll_loss = 4.5388, ivc_loss = 0.0428, neg_loss_1 = 0.0016, neg_loss_2 = 0.0015, ref_loss = 0.0124, div_loss = 0.0583, aux_loss = 0.0200, aux_loss_eff = 0.0200, 0.659 seconds/batch
2026-04-21 18:08:44,420 - Epoch 17, Batch 900, lr = 0.00006, alpha_2 = 0.200, aux_scale = 1.000,  final_loss = 4.4128, nll_loss = 4.3023, ref_nll_loss = 4.5234, ivc_loss = 0.0457, neg_loss_1 = 0.0027, neg_loss_2 = 0.0011, ref_loss = 0.0133, div_loss = 0.0578, aux_loss = 0.0200, aux_loss_eff = 0.0200, 0.659 seconds/batch
2026-04-21 18:09:17,453 - Epoch 17, Batch 950, lr = 0.00006, alpha_2 = 0.200, aux_scale = 1.000,  final_loss = 4.3890, nll_loss = 4.2777, ref_nll_loss = 4.5002, ivc_loss = 0.0474, neg_loss_1 = 0.0016, neg_loss_2 = 0.0017, ref_loss = 0.0147, div_loss = 0.0557, aux_loss = 0.0200, aux_loss_eff = 0.0200, 0.659 seconds/batch
2026-04-21 18:09:50,480 - Epoch 17, Batch 1000, lr = 0.00006, alpha_2 = 0.200, aux_scale = 1.000,  final_loss = 4.4471, nll_loss = 4.3393, ref_nll_loss = 4.5548, ivc_loss = 0.0438, neg_loss_1 = 0.0016, neg_loss_2 = 0.0009, ref_loss = 0.0139, div_loss = 0.0560, aux_loss = 0.0200, aux_loss_eff = 0.0200, 0.659 seconds/batch
2026-04-21 18:10:23,463 - Epoch 17, Batch 1050, lr = 0.00006, alpha_2 = 0.200, aux_scale = 1.000,  final_loss = 4.4480, nll_loss = 4.3343, ref_nll_loss = 4.5618, ivc_loss = 0.0437, neg_loss_1 = 0.0022, neg_loss_2 = 0.0013, ref_loss = 0.0128, div_loss = 0.0563, aux_loss = 0.0200, aux_loss_eff = 0.0200, 0.659 seconds/batch
2026-04-21 18:10:56,443 - Epoch 17, Batch 1100, lr = 0.00006, alpha_2 = 0.200, aux_scale = 1.000,  final_loss = 4.3767, nll_loss = 4.2644, ref_nll_loss = 4.4890, ivc_loss = 0.0439, neg_loss_1 = 0.0025, neg_loss_2 = 0.0015, ref_loss = 0.0122, div_loss = 0.0572, aux_loss = 0.0200, aux_loss_eff = 0.0200, 0.659 seconds/batch
2026-04-21 18:11:24,001 - Epoch 17, Batch 1150, lr = 0.00006, alpha_2 = 0.200, aux_scale = 1.000,  final_loss = 4.4064, nll_loss = 4.2950, ref_nll_loss = 4.5178, ivc_loss = 0.0474, neg_loss_1 = 0.0017, neg_loss_2 = 0.0018, ref_loss = 0.0141, div_loss = 0.0604, aux_loss = 0.0200, aux_loss_eff = 0.0200, 0.654 seconds/batch
2026-04-21 18:11:34,334 - Epoch 17, Batch 1170, lr = 0.00006, alpha_2 = 0.200, aux_scale = 1.000,  final_loss = 4.4661, nll_loss = 4.3544, ref_nll_loss = 4.5778, ivc_loss = 0.0505, neg_loss_1 = 0.0021, neg_loss_2 = 0.0017, ref_loss = 0.0155, div_loss = 0.0590, aux_loss = 0.0200, aux_loss_eff = 0.0200, 0.652 seconds/batch
2026-04-21 18:11:34,410 - save model to checkpoints/activitynet_moe_v2_staged_alpha_aux/moe_v2_staged_alpha_aux/model-17.pt, num_updates 19890.
2026-04-21 18:13:51,127 - | R@1,mIoU 0.3297 | R@1,IoU@0.1 0.7783 | R@1,IoU@0.3 0.4524 | R@1,IoU@0.5 0.2503 | R@1,IoU@0.7 0.1194 | R@1,IoU@0.9 0.0415 | R@5,mIoU 0.4765 | R@5,IoU@0.1 0.8961 | R@5,IoU@0.3 0.6949 | R@5,IoU@0.5 0.4826 | R@5,IoU@0.7 0.2414 | R@5,IoU@0.9 0.0701 |
2026-04-21 18:13:51,127 - ============================================================
2026-04-21 18:13:51,127 - Start Epoch 18
2026-04-21 18:14:22,922 - Epoch 18, Batch 50, lr = 0.00006, alpha_2 = 0.200, aux_scale = 1.000,  final_loss = 4.3959, nll_loss = 4.2796, ref_nll_loss = 4.5121, ivc_loss = 0.0406, neg_loss_1 = 0.0018, neg_loss_2 = 0.0013, ref_loss = 0.0114, div_loss = 0.0583, aux_loss = 0.0200, aux_loss_eff = 0.0200, 0.636 seconds/batch
2026-04-21 18:14:55,915 - Epoch 18, Batch 100, lr = 0.00006, alpha_2 = 0.200, aux_scale = 1.000,  final_loss = 4.3778, nll_loss = 4.2649, ref_nll_loss = 4.4907, ivc_loss = 0.0384, neg_loss_1 = 0.0017, neg_loss_2 = 0.0010, ref_loss = 0.0107, div_loss = 0.0578, aux_loss = 0.0200, aux_loss_eff = 0.0200, 0.648 seconds/batch
2026-04-21 18:15:28,916 - Epoch 18, Batch 150, lr = 0.00006, alpha_2 = 0.200, aux_scale = 1.000,  final_loss = 4.3947, nll_loss = 4.2847, ref_nll_loss = 4.5048, ivc_loss = 0.0494, neg_loss_1 = 0.0023, neg_loss_2 = 0.0019, ref_loss = 0.0149, div_loss = 0.0564, aux_loss = 0.0200, aux_loss_eff = 0.0200, 0.652 seconds/batch
2026-04-21 18:16:01,913 - Epoch 18, Batch 200, lr = 0.00006, alpha_2 = 0.200, aux_scale = 1.000,  final_loss = 4.3806, nll_loss = 4.2694, ref_nll_loss = 4.4918, ivc_loss = 0.0491, neg_loss_1 = 0.0022, neg_loss_2 = 0.0018, ref_loss = 0.0149, div_loss = 0.0567, aux_loss = 0.0200, aux_loss_eff = 0.0200, 0.654 seconds/batch
2026-04-21 18:16:34,923 - Epoch 18, Batch 250, lr = 0.00006, alpha_2 = 0.200, aux_scale = 1.000,  final_loss = 4.3846, nll_loss = 4.2738, ref_nll_loss = 4.4955, ivc_loss = 0.0439, neg_loss_1 = 0.0022, neg_loss_2 = 0.0012, ref_loss = 0.0127, div_loss = 0.0581, aux_loss = 0.0200, aux_loss_eff = 0.0200, 0.655 seconds/batch
2026-04-21 18:17:07,921 - Epoch 18, Batch 300, lr = 0.00006, alpha_2 = 0.200, aux_scale = 1.000,  final_loss = 4.3928, nll_loss = 4.2781, ref_nll_loss = 4.5076, ivc_loss = 0.0457, neg_loss_1 = 0.0018, neg_loss_2 = 0.0013, ref_loss = 0.0138, div_loss = 0.0593, aux_loss = 0.0200, aux_loss_eff = 0.0200, 0.656 seconds/batch
2026-04-21 18:17:41,055 - Epoch 18, Batch 350, lr = 0.00006, alpha_2 = 0.200, aux_scale = 1.000,  final_loss = 4.3838, nll_loss = 4.2721, ref_nll_loss = 4.4956, ivc_loss = 0.0483, neg_loss_1 = 0.0025, neg_loss_2 = 0.0013, ref_loss = 0.0139, div_loss = 0.0641, aux_loss = 0.0200, aux_loss_eff = 0.0200, 0.657 seconds/batch
2026-04-21 18:18:14,085 - Epoch 18, Batch 400, lr = 0.00006, alpha_2 = 0.200, aux_scale = 1.000,  final_loss = 4.3669, nll_loss = 4.2594, ref_nll_loss = 4.4745, ivc_loss = 0.0506, neg_loss_1 = 0.0020, neg_loss_2 = 0.0015, ref_loss = 0.0156, div_loss = 0.0616, aux_loss = 0.0200, aux_loss_eff = 0.0200, 0.657 seconds/batch
2026-04-21 18:18:47,101 - Epoch 18, Batch 450, lr = 0.00006, alpha_2 = 0.200, aux_scale = 1.000,  final_loss = 4.3855, nll_loss = 4.2726, ref_nll_loss = 4.4985, ivc_loss = 0.0472, neg_loss_1 = 0.0019, neg_loss_2 = 0.0020, ref_loss = 0.0136, div_loss = 0.0620, aux_loss = 0.0200, aux_loss_eff = 0.0200, 0.658 seconds/batch
2026-04-21 18:19:20,041 - Epoch 18, Batch 500, lr = 0.00006, alpha_2 = 0.200, aux_scale = 1.000,  final_loss = 4.4256, nll_loss = 4.3102, ref_nll_loss = 4.5410, ivc_loss = 0.0453, neg_loss_1 = 0.0020, neg_loss_2 = 0.0011, ref_loss = 0.0136, div_loss = 0.0604, aux_loss = 0.0200, aux_loss_eff = 0.0200, 0.658 seconds/batch
2026-04-21 18:19:53,081 - Epoch 18, Batch 550, lr = 0.00006, alpha_2 = 0.200, aux_scale = 1.000,  final_loss = 4.3703, nll_loss = 4.2585, ref_nll_loss = 4.4821, ivc_loss = 0.0495, neg_loss_1 = 0.0017, neg_loss_2 = 0.0017, ref_loss = 0.0154, div_loss = 0.0592, aux_loss = 0.0200, aux_loss_eff = 0.0200, 0.658 seconds/batch
2026-04-21 18:20:26,078 - Epoch 18, Batch 600, lr = 0.00006, alpha_2 = 0.200, aux_scale = 1.000,  final_loss = 4.4084, nll_loss = 4.2922, ref_nll_loss = 4.5246, ivc_loss = 0.0457, neg_loss_1 = 0.0026, neg_loss_2 = 0.0010, ref_loss = 0.0133, div_loss = 0.0592, aux_loss = 0.0200, aux_loss_eff = 0.0200, 0.658 seconds/batch
2026-04-21 18:20:59,067 - Epoch 18, Batch 650, lr = 0.00006, alpha_2 = 0.200, aux_scale = 1.000,  final_loss = 4.3663, nll_loss = 4.2520, ref_nll_loss = 4.4806, ivc_loss = 0.0460, neg_loss_1 = 0.0021, neg_loss_2 = 0.0015, ref_loss = 0.0136, div_loss = 0.0583, aux_loss = 0.0200, aux_loss_eff = 0.0200, 0.658 seconds/batch
2026-04-21 18:21:32,101 - Epoch 18, Batch 700, lr = 0.00006, alpha_2 = 0.200, aux_scale = 1.000,  final_loss = 4.4088, nll_loss = 4.2990, ref_nll_loss = 4.5187, ivc_loss = 0.0462, neg_loss_1 = 0.0025, neg_loss_2 = 0.0012, ref_loss = 0.0135, div_loss = 0.0592, aux_loss = 0.0200, aux_loss_eff = 0.0200, 0.659 seconds/batch
2026-04-21 18:22:05,061 - Epoch 18, Batch 750, lr = 0.00006, alpha_2 = 0.200, aux_scale = 1.000,  final_loss = 4.3555, nll_loss = 4.2435, ref_nll_loss = 4.4675, ivc_loss = 0.0453, neg_loss_1 = 0.0020, neg_loss_2 = 0.0018, ref_loss = 0.0133, div_loss = 0.0564, aux_loss = 0.0200, aux_loss_eff = 0.0200, 0.659 seconds/batch
2026-04-21 18:22:38,072 - Epoch 18, Batch 800, lr = 0.00006, alpha_2 = 0.200, aux_scale = 1.000,  final_loss = 4.3794, nll_loss = 4.2697, ref_nll_loss = 4.4891, ivc_loss = 0.0470, neg_loss_1 = 0.0018, neg_loss_2 = 0.0024, ref_loss = 0.0137, div_loss = 0.0565, aux_loss = 0.0200, aux_loss_eff = 0.0200, 0.659 seconds/batch
2026-04-21 18:23:11,059 - Epoch 18, Batch 850, lr = 0.00006, alpha_2 = 0.200, aux_scale = 1.000,  final_loss = 4.3697, nll_loss = 4.2541, ref_nll_loss = 4.4853, ivc_loss = 0.0420, neg_loss_1 = 0.0017, neg_loss_2 = 0.0015, ref_loss = 0.0123, div_loss = 0.0557, aux_loss = 0.0200, aux_loss_eff = 0.0200, 0.659 seconds/batch
2026-04-21 18:23:44,071 - Epoch 18, Batch 900, lr = 0.00006, alpha_2 = 0.200, aux_scale = 1.000,  final_loss = 4.4334, nll_loss = 4.3202, ref_nll_loss = 4.5466, ivc_loss = 0.0468, neg_loss_1 = 0.0023, neg_loss_2 = 0.0016, ref_loss = 0.0138, div_loss = 0.0574, aux_loss = 0.0200, aux_loss_eff = 0.0200, 0.659 seconds/batch
2026-04-21 18:24:17,065 - Epoch 18, Batch 950, lr = 0.00006, alpha_2 = 0.200, aux_scale = 1.000,  final_loss = 4.4017, nll_loss = 4.2897, ref_nll_loss = 4.5138, ivc_loss = 0.0464, neg_loss_1 = 0.0016, neg_loss_2 = 0.0012, ref_loss = 0.0148, div_loss = 0.0556, aux_loss = 0.0200, aux_loss_eff = 0.0200, 0.659 seconds/batch
2026-04-21 18:24:50,012 - Epoch 18, Batch 1000, lr = 0.00006, alpha_2 = 0.200, aux_scale = 1.000,  final_loss = 4.4286, nll_loss = 4.3175, ref_nll_loss = 4.5397, ivc_loss = 0.0434, neg_loss_1 = 0.0022, neg_loss_2 = 0.0013, ref_loss = 0.0127, div_loss = 0.0545, aux_loss = 0.0200, aux_loss_eff = 0.0200, 0.659 seconds/batch
2026-04-21 18:25:22,938 - Epoch 18, Batch 1050, lr = 0.00006, alpha_2 = 0.200, aux_scale = 1.000,  final_loss = 4.3916, nll_loss = 4.2804, ref_nll_loss = 4.5028, ivc_loss = 0.0476, neg_loss_1 = 0.0021, neg_loss_2 = 0.0012, ref_loss = 0.0149, div_loss = 0.0565, aux_loss = 0.0200, aux_loss_eff = 0.0200, 0.659 seconds/batch
2026-04-21 18:25:55,884 - Epoch 18, Batch 1100, lr = 0.00006, alpha_2 = 0.200, aux_scale = 1.000,  final_loss = 4.3633, nll_loss = 4.2499, ref_nll_loss = 4.4767, ivc_loss = 0.0427, neg_loss_1 = 0.0023, neg_loss_2 = 0.0011, ref_loss = 0.0124, div_loss = 0.0560, aux_loss = 0.0200, aux_loss_eff = 0.0200, 0.659 seconds/batch
2026-04-21 18:26:23,148 - Epoch 18, Batch 1150, lr = 0.00006, alpha_2 = 0.200, aux_scale = 1.000,  final_loss = 4.4009, nll_loss = 4.2882, ref_nll_loss = 4.5135, ivc_loss = 0.0440, neg_loss_1 = 0.0016, neg_loss_2 = 0.0014, ref_loss = 0.0132, div_loss = 0.0582, aux_loss = 0.0200, aux_loss_eff = 0.0200, 0.654 seconds/batch
2026-04-21 18:26:33,510 - Epoch 18, Batch 1170, lr = 0.00006, alpha_2 = 0.200, aux_scale = 1.000,  final_loss = 4.3926, nll_loss = 4.2744, ref_nll_loss = 4.5107, ivc_loss = 0.0398, neg_loss_1 = 0.0016, neg_loss_2 = 0.0005, ref_loss = 0.0120, div_loss = 0.0581, aux_loss = 0.0200, aux_loss_eff = 0.0200, 0.652 seconds/batch
2026-04-21 18:26:33,586 - save model to checkpoints/activitynet_moe_v2_staged_alpha_aux/moe_v2_staged_alpha_aux/model-18.pt, num_updates 21060.
2026-04-21 18:28:50,594 - | R@1,mIoU 0.3272 | R@1,IoU@0.1 0.7665 | R@1,IoU@0.3 0.4501 | R@1,IoU@0.5 0.2549 | R@1,IoU@0.7 0.1144 | R@1,IoU@0.9 0.0396 | R@5,mIoU 0.4744 | R@5,IoU@0.1 0.8891 | R@5,IoU@0.3 0.6910 | R@5,IoU@0.5 0.4842 | R@5,IoU@0.7 0.2380 | R@5,IoU@0.9 0.0626 |
2026-04-21 18:28:50,595 - ============================================================
2026-04-21 18:28:50,595 - Start Epoch 19
2026-04-21 18:29:22,755 - Epoch 19, Batch 50, lr = 0.00006, alpha_2 = 0.200, aux_scale = 1.000,  final_loss = 4.3382, nll_loss = 4.2240, ref_nll_loss = 4.4525, ivc_loss = 0.0463, neg_loss_1 = 0.0023, neg_loss_2 = 0.0010, ref_loss = 0.0140, div_loss = 0.0581, aux_loss = 0.0200, aux_loss_eff = 0.0200, 0.643 seconds/batch
2026-04-21 18:29:55,770 - Epoch 19, Batch 100, lr = 0.00005, alpha_2 = 0.200, aux_scale = 1.000,  final_loss = 4.3724, nll_loss = 4.2576, ref_nll_loss = 4.4871, ivc_loss = 0.0415, neg_loss_1 = 0.0015, neg_loss_2 = 0.0016, ref_loss = 0.0121, div_loss = 0.0560, aux_loss = 0.0200, aux_loss_eff = 0.0200, 0.652 seconds/batch
2026-04-21 18:30:28,822 - Epoch 19, Batch 150, lr = 0.00005, alpha_2 = 0.200, aux_scale = 1.000,  final_loss = 4.3639, nll_loss = 4.2520, ref_nll_loss = 4.4758, ivc_loss = 0.0437, neg_loss_1 = 0.0022, neg_loss_2 = 0.0016, ref_loss = 0.0126, div_loss = 0.0553, aux_loss = 0.0200, aux_loss_eff = 0.0200, 0.655 seconds/batch
2026-04-21 18:31:01,829 - Epoch 19, Batch 200, lr = 0.00005, alpha_2 = 0.200, aux_scale = 1.000,  final_loss = 4.3766, nll_loss = 4.2635, ref_nll_loss = 4.4898, ivc_loss = 0.0422, neg_loss_1 = 0.0016, neg_loss_2 = 0.0007, ref_loss = 0.0132, div_loss = 0.0554, aux_loss = 0.0200, aux_loss_eff = 0.0200, 0.656 seconds/batch
2026-04-21 18:31:34,823 - Epoch 19, Batch 250, lr = 0.00005, alpha_2 = 0.200, aux_scale = 1.000,  final_loss = 4.3477, nll_loss = 4.2305, ref_nll_loss = 4.4650, ivc_loss = 0.0420, neg_loss_1 = 0.0022, neg_loss_2 = 0.0013, ref_loss = 0.0120, div_loss = 0.0551, aux_loss = 0.0200, aux_loss_eff = 0.0200, 0.657 seconds/batch
2026-04-21 18:32:07,812 - Epoch 19, Batch 300, lr = 0.00005, alpha_2 = 0.200, aux_scale = 1.000,  final_loss = 4.3371, nll_loss = 4.2229, ref_nll_loss = 4.4513, ivc_loss = 0.0454, neg_loss_1 = 0.0023, neg_loss_2 = 0.0017, ref_loss = 0.0131, div_loss = 0.0558, aux_loss = 0.0200, aux_loss_eff = 0.0200, 0.657 seconds/batch
2026-04-21 18:32:40,792 - Epoch 19, Batch 350, lr = 0.00005, alpha_2 = 0.200, aux_scale = 1.000,  final_loss = 4.3839, nll_loss = 4.2689, ref_nll_loss = 4.4990, ivc_loss = 0.0428, neg_loss_1 = 0.0015, neg_loss_2 = 0.0015, ref_loss = 0.0128, div_loss = 0.0564, aux_loss = 0.0200, aux_loss_eff = 0.0200, 0.658 seconds/batch
2026-04-21 18:33:13,798 - Epoch 19, Batch 400, lr = 0.00005, alpha_2 = 0.200, aux_scale = 1.000,  final_loss = 4.3533, nll_loss = 4.2374, ref_nll_loss = 4.4692, ivc_loss = 0.0445, neg_loss_1 = 0.0024, neg_loss_2 = 0.0015, ref_loss = 0.0127, div_loss = 0.0566, aux_loss = 0.0200, aux_loss_eff = 0.0200, 0.658 seconds/batch
2026-04-21 18:33:46,792 - Epoch 19, Batch 450, lr = 0.00005, alpha_2 = 0.200, aux_scale = 1.000,  final_loss = 4.3833, nll_loss = 4.2680, ref_nll_loss = 4.4987, ivc_loss = 0.0424, neg_loss_1 = 0.0013, neg_loss_2 = 0.0016, ref_loss = 0.0128, div_loss = 0.0561, aux_loss = 0.0200, aux_loss_eff = 0.0200, 0.658 seconds/batch
2026-04-21 18:34:19,809 - Epoch 19, Batch 500, lr = 0.00005, alpha_2 = 0.200, aux_scale = 1.000,  final_loss = 4.3968, nll_loss = 4.2823, ref_nll_loss = 4.5114, ivc_loss = 0.0393, neg_loss_1 = 0.0016, neg_loss_2 = 0.0007, ref_loss = 0.0117, div_loss = 0.0567, aux_loss = 0.0200, aux_loss_eff = 0.0200, 0.658 seconds/batch
2026-04-21 18:34:52,796 - Epoch 19, Batch 550, lr = 0.00005, alpha_2 = 0.200, aux_scale = 1.000,  final_loss = 4.3617, nll_loss = 4.2469, ref_nll_loss = 4.4766, ivc_loss = 0.0435, neg_loss_1 = 0.0011, neg_loss_2 = 0.0011, ref_loss = 0.0137, div_loss = 0.0581, aux_loss = 0.0200, aux_loss_eff = 0.0200, 0.659 seconds/batch
2026-04-21 18:35:25,807 - Epoch 19, Batch 600, lr = 0.00005, alpha_2 = 0.200, aux_scale = 1.000,  final_loss = 4.3869, nll_loss = 4.2766, ref_nll_loss = 4.4971, ivc_loss = 0.0485, neg_loss_1 = 0.0015, neg_loss_2 = 0.0014, ref_loss = 0.0153, div_loss = 0.0603, aux_loss = 0.0200, aux_loss_eff = 0.0200, 0.659 seconds/batch
2026-04-21 18:35:58,784 - Epoch 19, Batch 650, lr = 0.00005, alpha_2 = 0.200, aux_scale = 1.000,  final_loss = 4.3442, nll_loss = 4.2323, ref_nll_loss = 4.4561, ivc_loss = 0.0453, neg_loss_1 = 0.0021, neg_loss_2 = 0.0008, ref_loss = 0.0135, div_loss = 0.0615, aux_loss = 0.0200, aux_loss_eff = 0.0200, 0.659 seconds/batch
2026-04-21 18:36:31,707 - Epoch 19, Batch 700, lr = 0.00005, alpha_2 = 0.200, aux_scale = 1.000,  final_loss = 4.3334, nll_loss = 4.2178, ref_nll_loss = 4.4490, ivc_loss = 0.0438, neg_loss_1 = 0.0019, neg_loss_2 = 0.0009, ref_loss = 0.0129, div_loss = 0.0616, aux_loss = 0.0200, aux_loss_eff = 0.0200, 0.659 seconds/batch
2026-04-21 18:37:04,561 - Epoch 19, Batch 750, lr = 0.00005, alpha_2 = 0.200, aux_scale = 1.000,  final_loss = 4.3578, nll_loss = 4.2450, ref_nll_loss = 4.4706, ivc_loss = 0.0440, neg_loss_1 = 0.0022, neg_loss_2 = 0.0012, ref_loss = 0.0128, div_loss = 0.0588, aux_loss = 0.0200, aux_loss_eff = 0.0200, 0.659 seconds/batch
2026-04-21 18:37:37,571 - Epoch 19, Batch 800, lr = 0.00005, alpha_2 = 0.200, aux_scale = 1.000,  final_loss = 4.3707, nll_loss = 4.2596, ref_nll_loss = 4.4817, ivc_loss = 0.0424, neg_loss_1 = 0.0013, neg_loss_2 = 0.0012, ref_loss = 0.0126, div_loss = 0.0601, aux_loss = 0.0200, aux_loss_eff = 0.0200, 0.659 seconds/batch
2026-04-21 18:38:10,495 - Epoch 19, Batch 850, lr = 0.00005, alpha_2 = 0.200, aux_scale = 1.000,  final_loss = 4.3582, nll_loss = 4.2450, ref_nll_loss = 4.4713, ivc_loss = 0.0476, neg_loss_1 = 0.0022, neg_loss_2 = 0.0006, ref_loss = 0.0147, div_loss = 0.0627, aux_loss = 0.0200, aux_loss_eff = 0.0200, 0.659 seconds/batch
2026-04-21 18:38:43,509 - Epoch 19, Batch 900, lr = 0.00005, alpha_2 = 0.200, aux_scale = 1.000,  final_loss = 4.3727, nll_loss = 4.2574, ref_nll_loss = 4.4880, ivc_loss = 0.0428, neg_loss_1 = 0.0015, neg_loss_2 = 0.0009, ref_loss = 0.0130, div_loss = 0.0594, aux_loss = 0.0200, aux_loss_eff = 0.0200, 0.659 seconds/batch
2026-04-21 18:39:16,480 - Epoch 19, Batch 950, lr = 0.00005, alpha_2 = 0.200, aux_scale = 1.000,  final_loss = 4.3806, nll_loss = 4.2668, ref_nll_loss = 4.4944, ivc_loss = 0.0446, neg_loss_1 = 0.0017, neg_loss_2 = 0.0010, ref_loss = 0.0139, div_loss = 0.0575, aux_loss = 0.0200, aux_loss_eff = 0.0200, 0.659 seconds/batch
2026-04-21 18:39:49,460 - Epoch 19, Batch 1000, lr = 0.00005, alpha_2 = 0.200, aux_scale = 1.000,  final_loss = 4.3721, nll_loss = 4.2561, ref_nll_loss = 4.4881, ivc_loss = 0.0453, neg_loss_1 = 0.0020, neg_loss_2 = 0.0019, ref_loss = 0.0131, div_loss = 0.0566, aux_loss = 0.0200, aux_loss_eff = 0.0200, 0.659 seconds/batch
2026-04-21 18:40:22,461 - Epoch 19, Batch 1050, lr = 0.00005, alpha_2 = 0.200, aux_scale = 1.000,  final_loss = 4.3693, nll_loss = 4.2538, ref_nll_loss = 4.4848, ivc_loss = 0.0405, neg_loss_1 = 0.0014, neg_loss_2 = 0.0009, ref_loss = 0.0123, div_loss = 0.0560, aux_loss = 0.0200, aux_loss_eff = 0.0200, 0.659 seconds/batch
2026-04-21 18:40:55,522 - Epoch 19, Batch 1100, lr = 0.00005, alpha_2 = 0.200, aux_scale = 1.000,  final_loss = 4.3852, nll_loss = 4.2653, ref_nll_loss = 4.5051, ivc_loss = 0.0387, neg_loss_1 = 0.0024, neg_loss_2 = 0.0010, ref_loss = 0.0103, div_loss = 0.0560, aux_loss = 0.0200, aux_loss_eff = 0.0200, 0.659 seconds/batch
2026-04-21 18:41:22,453 - Epoch 19, Batch 1150, lr = 0.00005, alpha_2 = 0.200, aux_scale = 1.000,  final_loss = 4.3760, nll_loss = 4.2612, ref_nll_loss = 4.4909, ivc_loss = 0.0423, neg_loss_1 = 0.0016, neg_loss_2 = 0.0021, ref_loss = 0.0119, div_loss = 0.0557, aux_loss = 0.0200, aux_loss_eff = 0.0200, 0.654 seconds/batch
2026-04-21 18:41:32,756 - Epoch 19, Batch 1170, lr = 0.00005, alpha_2 = 0.200, aux_scale = 1.000,  final_loss = 4.4355, nll_loss = 4.3176, ref_nll_loss = 4.5534, ivc_loss = 0.0402, neg_loss_1 = 0.0023, neg_loss_2 = 0.0004, ref_loss = 0.0119, div_loss = 0.0552, aux_loss = 0.0200, aux_loss_eff = 0.0200, 0.651 seconds/batch
2026-04-21 18:41:32,831 - save model to checkpoints/activitynet_moe_v2_staged_alpha_aux/moe_v2_staged_alpha_aux/model-19.pt, num_updates 22230.
2026-04-21 18:43:49,832 - | R@1,mIoU 0.3323 | R@1,IoU@0.1 0.7893 | R@1,IoU@0.3 0.4570 | R@1,IoU@0.5 0.2468 | R@1,IoU@0.7 0.1228 | R@1,IoU@0.9 0.0443 | R@5,mIoU 0.4828 | R@5,IoU@0.1 0.8991 | R@5,IoU@0.3 0.7005 | R@5,IoU@0.5 0.4891 | R@5,IoU@0.7 0.2538 | R@5,IoU@0.9 0.0732 |
2026-04-21 18:43:49,832 - ============================================================
2026-04-21 18:43:49,832 - Start Epoch 20
2026-04-21 18:44:21,884 - Epoch 20, Batch 50, lr = 0.00005, alpha_2 = 0.200, aux_scale = 1.000,  final_loss = 4.3565, nll_loss = 4.2439, ref_nll_loss = 4.4691, ivc_loss = 0.0404, neg_loss_1 = 0.0014, neg_loss_2 = 0.0006, ref_loss = 0.0127, div_loss = 0.0546, aux_loss = 0.0200, aux_loss_eff = 0.0200, 0.641 seconds/batch
2026-04-21 18:44:54,851 - Epoch 20, Batch 100, lr = 0.00005, alpha_2 = 0.200, aux_scale = 1.000,  final_loss = 4.3186, nll_loss = 4.2017, ref_nll_loss = 4.4354, ivc_loss = 0.0391, neg_loss_1 = 0.0021, neg_loss_2 = 0.0010, ref_loss = 0.0108, div_loss = 0.0569, aux_loss = 0.0200, aux_loss_eff = 0.0200, 0.650 seconds/batch
2026-04-21 18:45:27,865 - Epoch 20, Batch 150, lr = 0.00005, alpha_2 = 0.200, aux_scale = 1.000,  final_loss = 4.3631, nll_loss = 4.2456, ref_nll_loss = 4.4806, ivc_loss = 0.0390, neg_loss_1 = 0.0013, neg_loss_2 = 0.0003, ref_loss = 0.0123, div_loss = 0.0565, aux_loss = 0.0200, aux_loss_eff = 0.0200, 0.654 seconds/batch
2026-04-21 18:46:00,868 - Epoch 20, Batch 200, lr = 0.00005, alpha_2 = 0.200, aux_scale = 1.000,  final_loss = 4.2931, nll_loss = 4.1775, ref_nll_loss = 4.4087, ivc_loss = 0.0416, neg_loss_1 = 0.0022, neg_loss_2 = 0.0007, ref_loss = 0.0121, div_loss = 0.0572, aux_loss = 0.0200, aux_loss_eff = 0.0200, 0.655 seconds/batch
2026-04-21 18:46:33,836 - Epoch 20, Batch 250, lr = 0.00005, alpha_2 = 0.200, aux_scale = 1.000,  final_loss = 4.3685, nll_loss = 4.2559, ref_nll_loss = 4.4810, ivc_loss = 0.0472, neg_loss_1 = 0.0027, neg_loss_2 = 0.0011, ref_loss = 0.0140, div_loss = 0.0577, aux_loss = 0.0200, aux_loss_eff = 0.0200, 0.656 seconds/batch
2026-04-21 18:47:06,826 - Epoch 20, Batch 300, lr = 0.00005, alpha_2 = 0.200, aux_scale = 1.000,  final_loss = 4.3451, nll_loss = 4.2297, ref_nll_loss = 4.4605, ivc_loss = 0.0447, neg_loss_1 = 0.0027, neg_loss_2 = 0.0012, ref_loss = 0.0127, div_loss = 0.0574, aux_loss = 0.0200, aux_loss_eff = 0.0200, 0.657 seconds/batch
2026-04-21 18:47:39,798 - Epoch 20, Batch 350, lr = 0.00005, alpha_2 = 0.200, aux_scale = 1.000,  final_loss = 4.3532, nll_loss = 4.2380, ref_nll_loss = 4.4684, ivc_loss = 0.0429, neg_loss_1 = 0.0024, neg_loss_2 = 0.0008, ref_loss = 0.0125, div_loss = 0.0573, aux_loss = 0.0200, aux_loss_eff = 0.0200, 0.657 seconds/batch
2026-04-21 18:48:12,824 - Epoch 20, Batch 400, lr = 0.00005, alpha_2 = 0.200, aux_scale = 1.000,  final_loss = 4.3361, nll_loss = 4.2240, ref_nll_loss = 4.4482, ivc_loss = 0.0436, neg_loss_1 = 0.0010, neg_loss_2 = 0.0019, ref_loss = 0.0132, div_loss = 0.0574, aux_loss = 0.0200, aux_loss_eff = 0.0200, 0.657 seconds/batch
2026-04-21 18:48:45,864 - Epoch 20, Batch 450, lr = 0.00005, alpha_2 = 0.200, aux_scale = 1.000,  final_loss = 4.3326, nll_loss = 4.2194, ref_nll_loss = 4.4458, ivc_loss = 0.0453, neg_loss_1 = 0.0016, neg_loss_2 = 0.0009, ref_loss = 0.0144, div_loss = 0.0574, aux_loss = 0.0200, aux_loss_eff = 0.0200, 0.658 seconds/batch
2026-04-21 18:49:18,851 - Epoch 20, Batch 500, lr = 0.00005, alpha_2 = 0.200, aux_scale = 1.000,  final_loss = 4.3620, nll_loss = 4.2487, ref_nll_loss = 4.4754, ivc_loss = 0.0430, neg_loss_1 = 0.0020, neg_loss_2 = 0.0011, ref_loss = 0.0130, div_loss = 0.0546, aux_loss = 0.0200, aux_loss_eff = 0.0200, 0.658 seconds/batch
2026-04-21 18:49:51,819 - Epoch 20, Batch 550, lr = 0.00005, alpha_2 = 0.200, aux_scale = 1.000,  final_loss = 4.3733, nll_loss = 4.2584, ref_nll_loss = 4.4881, ivc_loss = 0.0424, neg_loss_1 = 0.0025, neg_loss_2 = 0.0009, ref_loss = 0.0124, div_loss = 0.0533, aux_loss = 0.0200, aux_loss_eff = 0.0200, 0.658 seconds/batch
2026-04-21 18:50:24,819 - Epoch 20, Batch 600, lr = 0.00005, alpha_2 = 0.200, aux_scale = 1.000,  final_loss = 4.3701, nll_loss = 4.2522, ref_nll_loss = 4.4880, ivc_loss = 0.0409, neg_loss_1 = 0.0016, neg_loss_2 = 0.0012, ref_loss = 0.0122, div_loss = 0.0541, aux_loss = 0.0200, aux_loss_eff = 0.0200, 0.658 seconds/batch
2026-04-21 18:50:57,819 - Epoch 20, Batch 650, lr = 0.00005, alpha_2 = 0.200, aux_scale = 1.000,  final_loss = 4.3591, nll_loss = 4.2428, ref_nll_loss = 4.4754, ivc_loss = 0.0392, neg_loss_1 = 0.0019, neg_loss_2 = 0.0009, ref_loss = 0.0114, div_loss = 0.0544, aux_loss = 0.0200, aux_loss_eff = 0.0200, 0.658 seconds/batch
2026-04-21 18:51:30,796 - Epoch 20, Batch 700, lr = 0.00005, alpha_2 = 0.200, aux_scale = 1.000,  final_loss = 4.3505, nll_loss = 4.2342, ref_nll_loss = 4.4669, ivc_loss = 0.0414, neg_loss_1 = 0.0020, neg_loss_2 = 0.0007, ref_loss = 0.0124, div_loss = 0.0557, aux_loss = 0.0200, aux_loss_eff = 0.0200, 0.659 seconds/batch
2026-04-21 18:52:03,815 - Epoch 20, Batch 750, lr = 0.00005, alpha_2 = 0.200, aux_scale = 1.000,  final_loss = 4.3442, nll_loss = 4.2300, ref_nll_loss = 4.4583, ivc_loss = 0.0476, neg_loss_1 = 0.0023, neg_loss_2 = 0.0019, ref_loss = 0.0140, div_loss = 0.0562, aux_loss = 0.0200, aux_loss_eff = 0.0200, 0.659 seconds/batch
2026-04-21 18:52:36,816 - Epoch 20, Batch 800, lr = 0.00005, alpha_2 = 0.200, aux_scale = 1.000,  final_loss = 4.3375, nll_loss = 4.2214, ref_nll_loss = 4.4536, ivc_loss = 0.0387, neg_loss_1 = 0.0012, neg_loss_2 = 0.0010, ref_loss = 0.0118, div_loss = 0.0543, aux_loss = 0.0200, aux_loss_eff = 0.0200, 0.659 seconds/batch
2026-04-21 18:53:09,840 - Epoch 20, Batch 850, lr = 0.00005, alpha_2 = 0.200, aux_scale = 1.000,  final_loss = 4.3437, nll_loss = 4.2278, ref_nll_loss = 4.4595, ivc_loss = 0.0469, neg_loss_1 = 0.0029, neg_loss_2 = 0.0016, ref_loss = 0.0135, div_loss = 0.0544, aux_loss = 0.0200, aux_loss_eff = 0.0200, 0.659 seconds/batch
2026-04-21 18:53:42,855 - Epoch 20, Batch 900, lr = 0.00005, alpha_2 = 0.200, aux_scale = 1.000,  final_loss = 4.3245, nll_loss = 4.2111, ref_nll_loss = 4.4379, ivc_loss = 0.0435, neg_loss_1 = 0.0021, neg_loss_2 = 0.0008, ref_loss = 0.0133, div_loss = 0.0560, aux_loss = 0.0200, aux_loss_eff = 0.0200, 0.659 seconds/batch
2026-04-21 18:54:16,096 - Epoch 20, Batch 950, lr = 0.00005, alpha_2 = 0.200, aux_scale = 1.000,  final_loss = 4.3478, nll_loss = 4.2315, ref_nll_loss = 4.4642, ivc_loss = 0.0423, neg_loss_1 = 0.0021, neg_loss_2 = 0.0013, ref_loss = 0.0119, div_loss = 0.0589, aux_loss = 0.0200, aux_loss_eff = 0.0200, 0.659 seconds/batch
2026-04-21 18:54:49,040 - Epoch 20, Batch 1000, lr = 0.00005, alpha_2 = 0.200, aux_scale = 1.000,  final_loss = 4.3457, nll_loss = 4.2287, ref_nll_loss = 4.4628, ivc_loss = 0.0438, neg_loss_1 = 0.0014, neg_loss_2 = 0.0016, ref_loss = 0.0130, div_loss = 0.0591, aux_loss = 0.0200, aux_loss_eff = 0.0200, 0.659 seconds/batch
2026-04-21 18:55:22,036 - Epoch 20, Batch 1050, lr = 0.00005, alpha_2 = 0.200, aux_scale = 1.000,  final_loss = 4.3621, nll_loss = 4.2456, ref_nll_loss = 4.4785, ivc_loss = 0.0394, neg_loss_1 = 0.0013, neg_loss_2 = 0.0011, ref_loss = 0.0113, div_loss = 0.0603, aux_loss = 0.0201, aux_loss_eff = 0.0201, 0.659 seconds/batch
2026-04-21 18:55:55,021 - Epoch 20, Batch 1100, lr = 0.00005, alpha_2 = 0.200, aux_scale = 1.000,  final_loss = 4.3657, nll_loss = 4.2539, ref_nll_loss = 4.4775, ivc_loss = 0.0467, neg_loss_1 = 0.0029, neg_loss_2 = 0.0015, ref_loss = 0.0133, div_loss = 0.0568, aux_loss = 0.0200, aux_loss_eff = 0.0200, 0.659 seconds/batch
2026-04-21 18:56:21,772 - Epoch 20, Batch 1150, lr = 0.00005, alpha_2 = 0.200, aux_scale = 1.000,  final_loss = 4.3491, nll_loss = 4.2370, ref_nll_loss = 4.4612, ivc_loss = 0.0446, neg_loss_1 = 0.0018, neg_loss_2 = 0.0012, ref_loss = 0.0136, div_loss = 0.0570, aux_loss = 0.0201, aux_loss_eff = 0.0201, 0.654 seconds/batch
2026-04-21 18:56:32,101 - Epoch 20, Batch 1170, lr = 0.00005, alpha_2 = 0.200, aux_scale = 1.000,  final_loss = 4.3970, nll_loss = 4.2819, ref_nll_loss = 4.5121, ivc_loss = 0.0365, neg_loss_1 = 0.0011, neg_loss_2 = 0.0009, ref_loss = 0.0105, div_loss = 0.0568, aux_loss = 0.0201, aux_loss_eff = 0.0201, 0.652 seconds/batch
2026-04-21 18:56:32,177 - save model to checkpoints/activitynet_moe_v2_staged_alpha_aux/moe_v2_staged_alpha_aux/model-20.pt, num_updates 23400.
2026-04-21 18:58:49,373 - | R@1,mIoU 0.3319 | R@1,IoU@0.1 0.7827 | R@1,IoU@0.3 0.4579 | R@1,IoU@0.5 0.2478 | R@1,IoU@0.7 0.1220 | R@1,IoU@0.9 0.0416 | R@5,mIoU 0.4782 | R@5,IoU@0.1 0.8948 | R@5,IoU@0.3 0.6945 | R@5,IoU@0.5 0.4868 | R@5,IoU@0.7 0.2473 | R@5,IoU@0.9 0.0698 |
2026-04-21 18:58:49,373 - ============================================================
2026-04-21 18:58:49,373 - Start Epoch 21
2026-04-21 18:59:21,128 - Epoch 21, Batch 50, lr = 0.00005, alpha_2 = 0.200, aux_scale = 1.000,  final_loss = 4.3019, nll_loss = 4.1859, ref_nll_loss = 4.4178, ivc_loss = 0.0444, neg_loss_1 = 0.0018, neg_loss_2 = 0.0013, ref_loss = 0.0134, div_loss = 0.0560, aux_loss = 0.0200, aux_loss_eff = 0.0200, 0.635 seconds/batch
2026-04-21 18:59:54,080 - Epoch 21, Batch 100, lr = 0.00005, alpha_2 = 0.200, aux_scale = 1.000,  final_loss = 4.3216, nll_loss = 4.2077, ref_nll_loss = 4.4354, ivc_loss = 0.0427, neg_loss_1 = 0.0017, neg_loss_2 = 0.0010, ref_loss = 0.0130, div_loss = 0.0565, aux_loss = 0.0200, aux_loss_eff = 0.0200, 0.647 seconds/batch
2026-04-21 19:00:27,070 - Epoch 21, Batch 150, lr = 0.00005, alpha_2 = 0.200, aux_scale = 1.000,  final_loss = 4.3387, nll_loss = 4.2217, ref_nll_loss = 4.4556, ivc_loss = 0.0393, neg_loss_1 = 0.0011, neg_loss_2 = 0.0010, ref_loss = 0.0116, div_loss = 0.0585, aux_loss = 0.0200, aux_loss_eff = 0.0200, 0.651 seconds/batch
2026-04-21 19:01:00,041 - Epoch 21, Batch 200, lr = 0.00005, alpha_2 = 0.200, aux_scale = 1.000,  final_loss = 4.3140, nll_loss = 4.2000, ref_nll_loss = 4.4280, ivc_loss = 0.0408, neg_loss_1 = 0.0017, neg_loss_2 = 0.0009, ref_loss = 0.0120, div_loss = 0.0585, aux_loss = 0.0200, aux_loss_eff = 0.0200, 0.653 seconds/batch
2026-04-21 19:01:33,050 - Epoch 21, Batch 250, lr = 0.00005, alpha_2 = 0.200, aux_scale = 1.000,  final_loss = 4.3097, nll_loss = 4.1917, ref_nll_loss = 4.4276, ivc_loss = 0.0420, neg_loss_1 = 0.0029, neg_loss_2 = 0.0005, ref_loss = 0.0116, div_loss = 0.0598, aux_loss = 0.0200, aux_loss_eff = 0.0200, 0.655 seconds/batch
2026-04-21 19:02:06,043 - Epoch 21, Batch 300, lr = 0.00005, alpha_2 = 0.200, aux_scale = 1.000,  final_loss = 4.3119, nll_loss = 4.1945, ref_nll_loss = 4.4294, ivc_loss = 0.0425, neg_loss_1 = 0.0018, neg_loss_2 = 0.0013, ref_loss = 0.0122, div_loss = 0.0597, aux_loss = 0.0200, aux_loss_eff = 0.0200, 0.656 seconds/batch
2026-04-21 19:02:39,013 - Epoch 21, Batch 350, lr = 0.00005, alpha_2 = 0.200, aux_scale = 1.000,  final_loss = 4.3497, nll_loss = 4.2377, ref_nll_loss = 4.4617, ivc_loss = 0.0431, neg_loss_1 = 0.0020, neg_loss_2 = 0.0009, ref_loss = 0.0128, div_loss = 0.0584, aux_loss = 0.0200, aux_loss_eff = 0.0200, 0.656 seconds/batch
2026-04-21 19:03:11,993 - Epoch 21, Batch 400, lr = 0.00005, alpha_2 = 0.200, aux_scale = 1.000,  final_loss = 4.3494, nll_loss = 4.2375, ref_nll_loss = 4.4613, ivc_loss = 0.0436, neg_loss_1 = 0.0022, neg_loss_2 = 0.0007, ref_loss = 0.0131, div_loss = 0.0571, aux_loss = 0.0200, aux_loss_eff = 0.0200, 0.657 seconds/batch
2026-04-21 19:03:44,967 - Epoch 21, Batch 450, lr = 0.00005, alpha_2 = 0.200, aux_scale = 1.000,  final_loss = 4.3380, nll_loss = 4.2209, ref_nll_loss = 4.4551, ivc_loss = 0.0430, neg_loss_1 = 0.0016, neg_loss_2 = 0.0011, ref_loss = 0.0131, div_loss = 0.0568, aux_loss = 0.0200, aux_loss_eff = 0.0200, 0.657 seconds/batch
2026-04-21 19:04:17,959 - Epoch 21, Batch 500, lr = 0.00005, alpha_2 = 0.200, aux_scale = 1.000,  final_loss = 4.3337, nll_loss = 4.2195, ref_nll_loss = 4.4478, ivc_loss = 0.0438, neg_loss_1 = 0.0012, neg_loss_2 = 0.0008, ref_loss = 0.0142, div_loss = 0.0562, aux_loss = 0.0200, aux_loss_eff = 0.0200, 0.657 seconds/batch
2026-04-21 19:04:50,905 - Epoch 21, Batch 550, lr = 0.00005, alpha_2 = 0.200, aux_scale = 1.000,  final_loss = 4.3224, nll_loss = 4.2045, ref_nll_loss = 4.4403, ivc_loss = 0.0364, neg_loss_1 = 0.0015, neg_loss_2 = 0.0006, ref_loss = 0.0103, div_loss = 0.0570, aux_loss = 0.0200, aux_loss_eff = 0.0200, 0.657 seconds/batch
2026-04-21 19:05:23,891 - Epoch 21, Batch 600, lr = 0.00005, alpha_2 = 0.200, aux_scale = 1.000,  final_loss = 4.3283, nll_loss = 4.2134, ref_nll_loss = 4.4431, ivc_loss = 0.0438, neg_loss_1 = 0.0018, neg_loss_2 = 0.0012, ref_loss = 0.0133, div_loss = 0.0565, aux_loss = 0.0200, aux_loss_eff = 0.0200, 0.658 seconds/batch
2026-04-21 19:05:56,803 - Epoch 21, Batch 650, lr = 0.00005, alpha_2 = 0.200, aux_scale = 1.000,  final_loss = 4.3040, nll_loss = 4.1880, ref_nll_loss = 4.4200, ivc_loss = 0.0411, neg_loss_1 = 0.0016, neg_loss_2 = 0.0011, ref_loss = 0.0122, div_loss = 0.0559, aux_loss = 0.0200, aux_loss_eff = 0.0200, 0.658 seconds/batch
2026-04-21 19:06:29,756 - Epoch 21, Batch 700, lr = 0.00005, alpha_2 = 0.200, aux_scale = 1.000,  final_loss = 4.3229, nll_loss = 4.2058, ref_nll_loss = 4.4400, ivc_loss = 0.0419, neg_loss_1 = 0.0018, neg_loss_2 = 0.0006, ref_loss = 0.0128, div_loss = 0.0568, aux_loss = 0.0200, aux_loss_eff = 0.0200, 0.658 seconds/batch
2026-04-21 19:07:02,801 - Epoch 21, Batch 750, lr = 0.00005, alpha_2 = 0.200, aux_scale = 1.000,  final_loss = 4.3184, nll_loss = 4.2021, ref_nll_loss = 4.4348, ivc_loss = 0.0436, neg_loss_1 = 0.0015, neg_loss_2 = 0.0007, ref_loss = 0.0141, div_loss = 0.0561, aux_loss = 0.0200, aux_loss_eff = 0.0200, 0.658 seconds/batch
2026-04-21 19:07:35,772 - Epoch 21, Batch 800, lr = 0.00005, alpha_2 = 0.200, aux_scale = 1.000,  final_loss = 4.3560, nll_loss = 4.2442, ref_nll_loss = 4.4678, ivc_loss = 0.0453, neg_loss_1 = 0.0019, neg_loss_2 = 0.0006, ref_loss = 0.0145, div_loss = 0.0559, aux_loss = 0.0200, aux_loss_eff = 0.0200, 0.658 seconds/batch
2026-04-21 19:08:08,761 - Epoch 21, Batch 850, lr = 0.00005, alpha_2 = 0.200, aux_scale = 1.000,  final_loss = 4.3444, nll_loss = 4.2305, ref_nll_loss = 4.4583, ivc_loss = 0.0468, neg_loss_1 = 0.0019, neg_loss_2 = 0.0009, ref_loss = 0.0150, div_loss = 0.0557, aux_loss = 0.0200, aux_loss_eff = 0.0200, 0.658 seconds/batch
2026-04-21 19:08:41,758 - Epoch 21, Batch 900, lr = 0.00005, alpha_2 = 0.200, aux_scale = 1.000,  final_loss = 4.3306, nll_loss = 4.2139, ref_nll_loss = 4.4474, ivc_loss = 0.0452, neg_loss_1 = 0.0029, neg_loss_2 = 0.0009, ref_loss = 0.0133, div_loss = 0.0550, aux_loss = 0.0200, aux_loss_eff = 0.0200, 0.658 seconds/batch
2026-04-21 19:09:14,751 - Epoch 21, Batch 950, lr = 0.00005, alpha_2 = 0.200, aux_scale = 1.000,  final_loss = 4.3600, nll_loss = 4.2463, ref_nll_loss = 4.4736, ivc_loss = 0.0440, neg_loss_1 = 0.0022, neg_loss_2 = 0.0015, ref_loss = 0.0128, div_loss = 0.0548, aux_loss = 0.0200, aux_loss_eff = 0.0200, 0.658 seconds/batch
2026-04-21 19:09:47,743 - Epoch 21, Batch 1000, lr = 0.00005, alpha_2 = 0.200, aux_scale = 1.000,  final_loss = 4.3729, nll_loss = 4.2590, ref_nll_loss = 4.4869, ivc_loss = 0.0458, neg_loss_1 = 0.0023, neg_loss_2 = 0.0020, ref_loss = 0.0133, div_loss = 0.0533, aux_loss = 0.0200, aux_loss_eff = 0.0200, 0.658 seconds/batch
2026-04-21 19:10:20,691 - Epoch 21, Batch 1050, lr = 0.00005, alpha_2 = 0.200, aux_scale = 1.000,  final_loss = 4.3224, nll_loss = 4.2032, ref_nll_loss = 4.4417, ivc_loss = 0.0409, neg_loss_1 = 0.0019, neg_loss_2 = 0.0014, ref_loss = 0.0116, div_loss = 0.0555, aux_loss = 0.0200, aux_loss_eff = 0.0200, 0.658 seconds/batch
2026-04-21 19:10:53,651 - Epoch 21, Batch 1100, lr = 0.00005, alpha_2 = 0.200, aux_scale = 1.000,  final_loss = 4.3495, nll_loss = 4.2353, ref_nll_loss = 4.4638, ivc_loss = 0.0455, neg_loss_1 = 0.0016, neg_loss_2 = 0.0008, ref_loss = 0.0148, div_loss = 0.0562, aux_loss = 0.0200, aux_loss_eff = 0.0200, 0.658 seconds/batch
2026-04-21 19:11:20,239 - Epoch 21, Batch 1150, lr = 0.00005, alpha_2 = 0.200, aux_scale = 1.000,  final_loss = 4.3109, nll_loss = 4.1965, ref_nll_loss = 4.4254, ivc_loss = 0.0443, neg_loss_1 = 0.0025, neg_loss_2 = 0.0010, ref_loss = 0.0131, div_loss = 0.0552, aux_loss = 0.0200, aux_loss_eff = 0.0200, 0.653 seconds/batch
2026-04-21 19:11:30,601 - Epoch 21, Batch 1170, lr = 0.00005, alpha_2 = 0.200, aux_scale = 1.000,  final_loss = 4.3352, nll_loss = 4.2153, ref_nll_loss = 4.4551, ivc_loss = 0.0362, neg_loss_1 = 0.0009, neg_loss_2 = 0.0003, ref_loss = 0.0113, div_loss = 0.0560, aux_loss = 0.0200, aux_loss_eff = 0.0200, 0.651 seconds/batch
2026-04-21 19:11:30,676 - save model to checkpoints/activitynet_moe_v2_staged_alpha_aux/moe_v2_staged_alpha_aux/model-21.pt, num_updates 24570.
2026-04-21 19:13:47,835 - | R@1,mIoU 0.3307 | R@1,IoU@0.1 0.7806 | R@1,IoU@0.3 0.4556 | R@1,IoU@0.5 0.2518 | R@1,IoU@0.7 0.1192 | R@1,IoU@0.9 0.0404 | R@5,mIoU 0.4840 | R@5,IoU@0.1 0.8974 | R@5,IoU@0.3 0.7040 | R@5,IoU@0.5 0.4939 | R@5,IoU@0.7 0.2528 | R@5,IoU@0.9 0.0708 |
2026-04-21 19:13:47,835 - ============================================================
2026-04-21 19:13:47,836 - Start Epoch 22
2026-04-21 19:14:19,739 - Epoch 22, Batch 50, lr = 0.00005, alpha_2 = 0.200, aux_scale = 1.000,  final_loss = 4.3173, nll_loss = 4.2012, ref_nll_loss = 4.4335, ivc_loss = 0.0407, neg_loss_1 = 0.0016, neg_loss_2 = 0.0007, ref_loss = 0.0125, div_loss = 0.0556, aux_loss = 0.0200, aux_loss_eff = 0.0200, 0.638 seconds/batch
2026-04-21 19:14:52,700 - Epoch 22, Batch 100, lr = 0.00005, alpha_2 = 0.200, aux_scale = 1.000,  final_loss = 4.3006, nll_loss = 4.1852, ref_nll_loss = 4.4159, ivc_loss = 0.0408, neg_loss_1 = 0.0014, neg_loss_2 = 0.0009, ref_loss = 0.0125, div_loss = 0.0563, aux_loss = 0.0200, aux_loss_eff = 0.0200, 0.649 seconds/batch
2026-04-21 19:15:25,698 - Epoch 22, Batch 150, lr = 0.00005, alpha_2 = 0.200, aux_scale = 1.000,  final_loss = 4.2815, nll_loss = 4.1617, ref_nll_loss = 4.4012, ivc_loss = 0.0397, neg_loss_1 = 0.0019, neg_loss_2 = 0.0007, ref_loss = 0.0116, div_loss = 0.0569, aux_loss = 0.0200, aux_loss_eff = 0.0200, 0.652 seconds/batch
2026-04-21 19:15:58,566 - Epoch 22, Batch 200, lr = 0.00005, alpha_2 = 0.200, aux_scale = 1.000,  final_loss = 4.3002, nll_loss = 4.1826, ref_nll_loss = 4.4179, ivc_loss = 0.0426, neg_loss_1 = 0.0022, neg_loss_2 = 0.0009, ref_loss = 0.0128, div_loss = 0.0542, aux_loss = 0.0200, aux_loss_eff = 0.0200, 0.654 seconds/batch
2026-04-21 19:16:31,492 - Epoch 22, Batch 250, lr = 0.00005, alpha_2 = 0.200, aux_scale = 1.000,  final_loss = 4.3344, nll_loss = 4.2177, ref_nll_loss = 4.4511, ivc_loss = 0.0367, neg_loss_1 = 0.0010, neg_loss_2 = 0.0007, ref_loss = 0.0112, div_loss = 0.0548, aux_loss = 0.0200, aux_loss_eff = 0.0200, 0.655 seconds/batch
2026-04-21 19:17:04,391 - Epoch 22, Batch 300, lr = 0.00005, alpha_2 = 0.200, aux_scale = 1.000,  final_loss = 4.3254, nll_loss = 4.2106, ref_nll_loss = 4.4401, ivc_loss = 0.0452, neg_loss_1 = 0.0019, neg_loss_2 = 0.0010, ref_loss = 0.0140, div_loss = 0.0560, aux_loss = 0.0200, aux_loss_eff = 0.0200, 0.655 seconds/batch
2026-04-21 19:17:37,349 - Epoch 22, Batch 350, lr = 0.00005, alpha_2 = 0.200, aux_scale = 1.000,  final_loss = 4.2788, nll_loss = 4.1620, ref_nll_loss = 4.3957, ivc_loss = 0.0407, neg_loss_1 = 0.0018, neg_loss_2 = 0.0013, ref_loss = 0.0116, div_loss = 0.0560, aux_loss = 0.0200, aux_loss_eff = 0.0200, 0.656 seconds/batch
2026-04-21 19:18:10,316 - Epoch 22, Batch 400, lr = 0.00005, alpha_2 = 0.200, aux_scale = 1.000,  final_loss = 4.2954, nll_loss = 4.1837, ref_nll_loss = 4.4071, ivc_loss = 0.0451, neg_loss_1 = 0.0013, neg_loss_2 = 0.0014, ref_loss = 0.0143, div_loss = 0.0557, aux_loss = 0.0200, aux_loss_eff = 0.0200, 0.656 seconds/batch
2026-04-21 19:18:43,311 - Epoch 22, Batch 450, lr = 0.00005, alpha_2 = 0.200, aux_scale = 1.000,  final_loss = 4.3324, nll_loss = 4.2170, ref_nll_loss = 4.4477, ivc_loss = 0.0424, neg_loss_1 = 0.0017, neg_loss_2 = 0.0013, ref_loss = 0.0123, div_loss = 0.0596, aux_loss = 0.0200, aux_loss_eff = 0.0200, 0.657 seconds/batch
2026-04-21 19:19:16,301 - Epoch 22, Batch 500, lr = 0.00005, alpha_2 = 0.200, aux_scale = 1.000,  final_loss = 4.3084, nll_loss = 4.1899, ref_nll_loss = 4.4269, ivc_loss = 0.0429, neg_loss_1 = 0.0024, neg_loss_2 = 0.0003, ref_loss = 0.0125, div_loss = 0.0627, aux_loss = 0.0200, aux_loss_eff = 0.0200, 0.657 seconds/batch
2026-04-21 19:19:49,367 - Epoch 22, Batch 550, lr = 0.00005, alpha_2 = 0.200, aux_scale = 1.000,  final_loss = 4.2930, nll_loss = 4.1733, ref_nll_loss = 4.4128, ivc_loss = 0.0420, neg_loss_1 = 0.0014, neg_loss_2 = 0.0014, ref_loss = 0.0122, div_loss = 0.0606, aux_loss = 0.0200, aux_loss_eff = 0.0200, 0.657 seconds/batch
2026-04-21 19:20:22,360 - Epoch 22, Batch 600, lr = 0.00005, alpha_2 = 0.200, aux_scale = 1.000,  final_loss = 4.3288, nll_loss = 4.2121, ref_nll_loss = 4.4456, ivc_loss = 0.0381, neg_loss_1 = 0.0009, neg_loss_2 = 0.0010, ref_loss = 0.0115, div_loss = 0.0556, aux_loss = 0.0200, aux_loss_eff = 0.0200, 0.658 seconds/batch
2026-04-21 19:20:55,357 - Epoch 22, Batch 650, lr = 0.00005, alpha_2 = 0.200, aux_scale = 1.000,  final_loss = 4.3419, nll_loss = 4.2233, ref_nll_loss = 4.4604, ivc_loss = 0.0424, neg_loss_1 = 0.0015, neg_loss_2 = 0.0010, ref_loss = 0.0129, div_loss = 0.0571, aux_loss = 0.0200, aux_loss_eff = 0.0200, 0.658 seconds/batch
2026-04-21 19:21:28,355 - Epoch 22, Batch 700, lr = 0.00005, alpha_2 = 0.200, aux_scale = 1.000,  final_loss = 4.3438, nll_loss = 4.2278, ref_nll_loss = 4.4599, ivc_loss = 0.0424, neg_loss_1 = 0.0016, neg_loss_2 = 0.0007, ref_loss = 0.0130, div_loss = 0.0592, aux_loss = 0.0200, aux_loss_eff = 0.0200, 0.658 seconds/batch
2026-04-21 19:22:01,362 - Epoch 22, Batch 750, lr = 0.00005, alpha_2 = 0.200, aux_scale = 1.000,  final_loss = 4.2978, nll_loss = 4.1804, ref_nll_loss = 4.4151, ivc_loss = 0.0439, neg_loss_1 = 0.0031, neg_loss_2 = 0.0009, ref_loss = 0.0121, div_loss = 0.0597, aux_loss = 0.0200, aux_loss_eff = 0.0200, 0.658 seconds/batch
2026-04-21 19:22:34,392 - Epoch 22, Batch 800, lr = 0.00005, alpha_2 = 0.200, aux_scale = 1.000,  final_loss = 4.2919, nll_loss = 4.1784, ref_nll_loss = 4.4055, ivc_loss = 0.0434, neg_loss_1 = 0.0017, neg_loss_2 = 0.0009, ref_loss = 0.0129, div_loss = 0.0622, aux_loss = 0.0200, aux_loss_eff = 0.0200, 0.658 seconds/batch
2026-04-21 19:23:07,396 - Epoch 22, Batch 850, lr = 0.00005, alpha_2 = 0.200, aux_scale = 1.000,  final_loss = 4.3172, nll_loss = 4.2005, ref_nll_loss = 4.4339, ivc_loss = 0.0451, neg_loss_1 = 0.0021, neg_loss_2 = 0.0011, ref_loss = 0.0132, div_loss = 0.0607, aux_loss = 0.0200, aux_loss_eff = 0.0200, 0.658 seconds/batch
2026-04-21 19:23:40,364 - Epoch 22, Batch 900, lr = 0.00005, alpha_2 = 0.200, aux_scale = 1.000,  final_loss = 4.2989, nll_loss = 4.1833, ref_nll_loss = 4.4144, ivc_loss = 0.0448, neg_loss_1 = 0.0019, neg_loss_2 = 0.0011, ref_loss = 0.0136, div_loss = 0.0579, aux_loss = 0.0200, aux_loss_eff = 0.0200, 0.658 seconds/batch
2026-04-21 19:24:13,348 - Epoch 22, Batch 950, lr = 0.00005, alpha_2 = 0.200, aux_scale = 1.000,  final_loss = 4.2825, nll_loss = 4.1649, ref_nll_loss = 4.4000, ivc_loss = 0.0414, neg_loss_1 = 0.0022, neg_loss_2 = 0.0008, ref_loss = 0.0116, div_loss = 0.0614, aux_loss = 0.0200, aux_loss_eff = 0.0200, 0.658 seconds/batch
2026-04-21 19:24:46,314 - Epoch 22, Batch 1000, lr = 0.00005, alpha_2 = 0.200, aux_scale = 1.000,  final_loss = 4.3152, nll_loss = 4.1995, ref_nll_loss = 4.4308, ivc_loss = 0.0444, neg_loss_1 = 0.0018, neg_loss_2 = 0.0017, ref_loss = 0.0124, div_loss = 0.0640, aux_loss = 0.0200, aux_loss_eff = 0.0200, 0.658 seconds/batch
2026-04-21 19:25:19,274 - Epoch 22, Batch 1050, lr = 0.00005, alpha_2 = 0.200, aux_scale = 1.000,  final_loss = 4.3306, nll_loss = 4.2164, ref_nll_loss = 4.4448, ivc_loss = 0.0405, neg_loss_1 = 0.0013, neg_loss_2 = 0.0011, ref_loss = 0.0116, div_loss = 0.0628, aux_loss = 0.0200, aux_loss_eff = 0.0200, 0.659 seconds/batch
2026-04-21 19:25:52,247 - Epoch 22, Batch 1100, lr = 0.00005, alpha_2 = 0.200, aux_scale = 1.000,  final_loss = 4.3440, nll_loss = 4.2261, ref_nll_loss = 4.4619, ivc_loss = 0.0441, neg_loss_1 = 0.0022, neg_loss_2 = 0.0005, ref_loss = 0.0132, div_loss = 0.0614, aux_loss = 0.0200, aux_loss_eff = 0.0200, 0.659 seconds/batch
2026-04-21 19:26:18,758 - Epoch 22, Batch 1150, lr = 0.00005, alpha_2 = 0.200, aux_scale = 1.000,  final_loss = 4.3252, nll_loss = 4.2057, ref_nll_loss = 4.4447, ivc_loss = 0.0394, neg_loss_1 = 0.0012, neg_loss_2 = 0.0013, ref_loss = 0.0111, div_loss = 0.0603, aux_loss = 0.0200, aux_loss_eff = 0.0200, 0.653 seconds/batch
2026-04-21 19:26:29,119 - Epoch 22, Batch 1170, lr = 0.00005, alpha_2 = 0.200, aux_scale = 1.000,  final_loss = 4.3290, nll_loss = 4.2133, ref_nll_loss = 4.4448, ivc_loss = 0.0444, neg_loss_1 = 0.0027, neg_loss_2 = 0.0008, ref_loss = 0.0128, div_loss = 0.0594, aux_loss = 0.0200, aux_loss_eff = 0.0200, 0.651 seconds/batch
2026-04-21 19:26:29,198 - save model to checkpoints/activitynet_moe_v2_staged_alpha_aux/moe_v2_staged_alpha_aux/model-22.pt, num_updates 25740.
2026-04-21 19:28:46,329 - | R@1,mIoU 0.3300 | R@1,IoU@0.1 0.7776 | R@1,IoU@0.3 0.4551 | R@1,IoU@0.5 0.2534 | R@1,IoU@0.7 0.1202 | R@1,IoU@0.9 0.0398 | R@5,mIoU 0.4751 | R@5,IoU@0.1 0.8951 | R@5,IoU@0.3 0.6972 | R@5,IoU@0.5 0.4812 | R@5,IoU@0.7 0.2356 | R@5,IoU@0.9 0.0641 |
2026-04-21 19:28:46,329 - ============================================================
2026-04-21 19:28:46,329 - Start Epoch 23
2026-04-21 19:29:18,513 - Epoch 23, Batch 50, lr = 0.00005, alpha_2 = 0.200, aux_scale = 1.000,  final_loss = 4.3018, nll_loss = 4.1872, ref_nll_loss = 4.4164, ivc_loss = 0.0458, neg_loss_1 = 0.0025, neg_loss_2 = 0.0010, ref_loss = 0.0134, div_loss = 0.0598, aux_loss = 0.0200, aux_loss_eff = 0.0200, 0.644 seconds/batch
2026-04-21 19:29:51,484 - Epoch 23, Batch 100, lr = 0.00005, alpha_2 = 0.200, aux_scale = 1.000,  final_loss = 4.2785, nll_loss = 4.1617, ref_nll_loss = 4.3952, ivc_loss = 0.0390, neg_loss_1 = 0.0009, neg_loss_2 = 0.0008, ref_loss = 0.0119, div_loss = 0.0588, aux_loss = 0.0200, aux_loss_eff = 0.0200, 0.652 seconds/batch
2026-04-21 19:30:24,421 - Epoch 23, Batch 150, lr = 0.00005, alpha_2 = 0.200, aux_scale = 1.000,  final_loss = 4.2904, nll_loss = 4.1727, ref_nll_loss = 4.4081, ivc_loss = 0.0422, neg_loss_1 = 0.0023, neg_loss_2 = 0.0008, ref_loss = 0.0119, div_loss = 0.0606, aux_loss = 0.0200, aux_loss_eff = 0.0200, 0.654 seconds/batch
2026-04-21 19:30:57,416 - Epoch 23, Batch 200, lr = 0.00005, alpha_2 = 0.200, aux_scale = 1.000,  final_loss = 4.2762, nll_loss = 4.1597, ref_nll_loss = 4.3927, ivc_loss = 0.0419, neg_loss_1 = 0.0023, neg_loss_2 = 0.0015, ref_loss = 0.0112, div_loss = 0.0591, aux_loss = 0.0200, aux_loss_eff = 0.0200, 0.655 seconds/batch
2026-04-21 19:31:30,353 - Epoch 23, Batch 250, lr = 0.00005, alpha_2 = 0.200, aux_scale = 1.000,  final_loss = 4.3140, nll_loss = 4.1979, ref_nll_loss = 4.4302, ivc_loss = 0.0458, neg_loss_1 = 0.0021, neg_loss_2 = 0.0007, ref_loss = 0.0142, div_loss = 0.0588, aux_loss = 0.0200, aux_loss_eff = 0.0200, 0.656 seconds/batch
2026-04-21 19:32:03,308 - Epoch 23, Batch 300, lr = 0.00005, alpha_2 = 0.200, aux_scale = 1.000,  final_loss = 4.3055, nll_loss = 4.1904, ref_nll_loss = 4.4206, ivc_loss = 0.0431, neg_loss_1 = 0.0013, neg_loss_2 = 0.0009, ref_loss = 0.0136, div_loss = 0.0571, aux_loss = 0.0200, aux_loss_eff = 0.0200, 0.657 seconds/batch
2026-04-21 19:32:36,281 - Epoch 23, Batch 350, lr = 0.00005, alpha_2 = 0.200, aux_scale = 1.000,  final_loss = 4.3127, nll_loss = 4.1913, ref_nll_loss = 4.4341, ivc_loss = 0.0435, neg_loss_1 = 0.0017, neg_loss_2 = 0.0016, ref_loss = 0.0130, div_loss = 0.0553, aux_loss = 0.0200, aux_loss_eff = 0.0200, 0.657 seconds/batch
2026-04-21 19:33:09,259 - Epoch 23, Batch 400, lr = 0.00005, alpha_2 = 0.200, aux_scale = 1.000,  final_loss = 4.2955, nll_loss = 4.1764, ref_nll_loss = 4.4145, ivc_loss = 0.0408, neg_loss_1 = 0.0009, neg_loss_2 = 0.0011, ref_loss = 0.0127, div_loss = 0.0569, aux_loss = 0.0200, aux_loss_eff = 0.0200, 0.657 seconds/batch
2026-04-21 19:33:42,256 - Epoch 23, Batch 450, lr = 0.00005, alpha_2 = 0.200, aux_scale = 1.000,  final_loss = 4.2646, nll_loss = 4.1474, ref_nll_loss = 4.3819, ivc_loss = 0.0412, neg_loss_1 = 0.0016, neg_loss_2 = 0.0010, ref_loss = 0.0121, div_loss = 0.0588, aux_loss = 0.0200, aux_loss_eff = 0.0200, 0.658 seconds/batch
2026-04-21 19:34:15,240 - Epoch 23, Batch 500, lr = 0.00005, alpha_2 = 0.200, aux_scale = 1.000,  final_loss = 4.2624, nll_loss = 4.1437, ref_nll_loss = 4.3812, ivc_loss = 0.0390, neg_loss_1 = 0.0011, neg_loss_2 = 0.0008, ref_loss = 0.0120, div_loss = 0.0553, aux_loss = 0.0200, aux_loss_eff = 0.0200, 0.658 seconds/batch
2026-04-21 19:34:48,234 - Epoch 23, Batch 550, lr = 0.00005, alpha_2 = 0.200, aux_scale = 1.000,  final_loss = 4.2814, nll_loss = 4.1614, ref_nll_loss = 4.4014, ivc_loss = 0.0401, neg_loss_1 = 0.0019, neg_loss_2 = 0.0009, ref_loss = 0.0116, div_loss = 0.0563, aux_loss = 0.0200, aux_loss_eff = 0.0200, 0.658 seconds/batch
2026-04-21 19:35:21,220 - Epoch 23, Batch 600, lr = 0.00005, alpha_2 = 0.200, aux_scale = 1.000,  final_loss = 4.2889, nll_loss = 4.1681, ref_nll_loss = 4.4097, ivc_loss = 0.0405, neg_loss_1 = 0.0018, neg_loss_2 = 0.0011, ref_loss = 0.0116, div_loss = 0.0569, aux_loss = 0.0200, aux_loss_eff = 0.0200, 0.658 seconds/batch
2026-04-21 19:35:54,214 - Epoch 23, Batch 650, lr = 0.00005, alpha_2 = 0.200, aux_scale = 1.000,  final_loss = 4.2871, nll_loss = 4.1739, ref_nll_loss = 4.4003, ivc_loss = 0.0477, neg_loss_1 = 0.0023, neg_loss_2 = 0.0009, ref_loss = 0.0148, div_loss = 0.0589, aux_loss = 0.0200, aux_loss_eff = 0.0200, 0.658 seconds/batch
2026-04-21 19:36:27,165 - Epoch 23, Batch 700, lr = 0.00005, alpha_2 = 0.200, aux_scale = 1.000,  final_loss = 4.3163, nll_loss = 4.1999, ref_nll_loss = 4.4328, ivc_loss = 0.0430, neg_loss_1 = 0.0017, neg_loss_2 = 0.0005, ref_loss = 0.0134, div_loss = 0.0580, aux_loss = 0.0200, aux_loss_eff = 0.0200, 0.658 seconds/batch
2026-04-21 19:37:00,105 - Epoch 23, Batch 750, lr = 0.00005, alpha_2 = 0.200, aux_scale = 1.000,  final_loss = 4.2896, nll_loss = 4.1739, ref_nll_loss = 4.4053, ivc_loss = 0.0422, neg_loss_1 = 0.0021, neg_loss_2 = 0.0005, ref_loss = 0.0127, div_loss = 0.0575, aux_loss = 0.0200, aux_loss_eff = 0.0200, 0.658 seconds/batch
2026-04-21 19:37:33,085 - Epoch 23, Batch 800, lr = 0.00005, alpha_2 = 0.200, aux_scale = 1.000,  final_loss = 4.3149, nll_loss = 4.1973, ref_nll_loss = 4.4325, ivc_loss = 0.0440, neg_loss_1 = 0.0016, neg_loss_2 = 0.0011, ref_loss = 0.0135, div_loss = 0.0576, aux_loss = 0.0200, aux_loss_eff = 0.0200, 0.658 seconds/batch
2026-04-21 19:38:06,020 - Epoch 23, Batch 850, lr = 0.00005, alpha_2 = 0.200, aux_scale = 1.000,  final_loss = 4.3362, nll_loss = 4.2186, ref_nll_loss = 4.4539, ivc_loss = 0.0425, neg_loss_1 = 0.0017, neg_loss_2 = 0.0011, ref_loss = 0.0128, div_loss = 0.0571, aux_loss = 0.0200, aux_loss_eff = 0.0200, 0.658 seconds/batch
2026-04-21 19:38:38,892 - Epoch 23, Batch 900, lr = 0.00005, alpha_2 = 0.200, aux_scale = 1.000,  final_loss = 4.2810, nll_loss = 4.1603, ref_nll_loss = 4.4018, ivc_loss = 0.0419, neg_loss_1 = 0.0019, neg_loss_2 = 0.0013, ref_loss = 0.0121, div_loss = 0.0573, aux_loss = 0.0200, aux_loss_eff = 0.0200, 0.658 seconds/batch
2026-04-21 19:39:11,856 - Epoch 23, Batch 950, lr = 0.00005, alpha_2 = 0.200, aux_scale = 1.000,  final_loss = 4.2804, nll_loss = 4.1601, ref_nll_loss = 4.4008, ivc_loss = 0.0378, neg_loss_1 = 0.0015, neg_loss_2 = 0.0005, ref_loss = 0.0113, div_loss = 0.0561, aux_loss = 0.0200, aux_loss_eff = 0.0200, 0.658 seconds/batch
2026-04-21 19:39:44,835 - Epoch 23, Batch 1000, lr = 0.00005, alpha_2 = 0.200, aux_scale = 1.000,  final_loss = 4.3062, nll_loss = 4.1880, ref_nll_loss = 4.4243, ivc_loss = 0.0416, neg_loss_1 = 0.0018, neg_loss_2 = 0.0005, ref_loss = 0.0128, div_loss = 0.0573, aux_loss = 0.0200, aux_loss_eff = 0.0200, 0.659 seconds/batch
2026-04-21 19:40:17,808 - Epoch 23, Batch 1050, lr = 0.00005, alpha_2 = 0.200, aux_scale = 1.000,  final_loss = 4.3078, nll_loss = 4.1891, ref_nll_loss = 4.4265, ivc_loss = 0.0399, neg_loss_1 = 0.0011, neg_loss_2 = 0.0002, ref_loss = 0.0128, div_loss = 0.0588, aux_loss = 0.0200, aux_loss_eff = 0.0200, 0.659 seconds/batch
2026-04-21 19:40:50,804 - Epoch 23, Batch 1100, lr = 0.00005, alpha_2 = 0.200, aux_scale = 1.000,  final_loss = 4.2996, nll_loss = 4.1803, ref_nll_loss = 4.4189, ivc_loss = 0.0388, neg_loss_1 = 0.0009, neg_loss_2 = 0.0009, ref_loss = 0.0119, div_loss = 0.0574, aux_loss = 0.0200, aux_loss_eff = 0.0200, 0.659 seconds/batch
2026-04-21 19:41:17,422 - Epoch 23, Batch 1150, lr = 0.00005, alpha_2 = 0.200, aux_scale = 1.000,  final_loss = 4.3002, nll_loss = 4.1805, ref_nll_loss = 4.4198, ivc_loss = 0.0376, neg_loss_1 = 0.0016, neg_loss_2 = 0.0007, ref_loss = 0.0108, div_loss = 0.0569, aux_loss = 0.0200, aux_loss_eff = 0.0200, 0.653 seconds/batch
2026-04-21 19:41:27,737 - Epoch 23, Batch 1170, lr = 0.00005, alpha_2 = 0.200, aux_scale = 1.000,  final_loss = 4.3213, nll_loss = 4.2001, ref_nll_loss = 4.4426, ivc_loss = 0.0366, neg_loss_1 = 0.0016, neg_loss_2 = 0.0003, ref_loss = 0.0107, div_loss = 0.0572, aux_loss = 0.0200, aux_loss_eff = 0.0200, 0.651 seconds/batch
2026-04-21 19:41:27,817 - save model to checkpoints/activitynet_moe_v2_staged_alpha_aux/moe_v2_staged_alpha_aux/model-23.pt, num_updates 26910.
2026-04-21 19:43:45,004 - | R@1,mIoU 0.3297 | R@1,IoU@0.1 0.7767 | R@1,IoU@0.3 0.4561 | R@1,IoU@0.5 0.2497 | R@1,IoU@0.7 0.1174 | R@1,IoU@0.9 0.0419 | R@5,mIoU 0.4827 | R@5,IoU@0.1 0.8978 | R@5,IoU@0.3 0.7048 | R@5,IoU@0.5 0.4900 | R@5,IoU@0.7 0.2501 | R@5,IoU@0.9 0.0694 |
2026-04-21 19:43:45,004 - ============================================================
2026-04-21 19:43:45,004 - Start Epoch 24
2026-04-21 19:44:17,257 - Epoch 24, Batch 50, lr = 0.00005, alpha_2 = 0.200, aux_scale = 1.000,  final_loss = 4.2893, nll_loss = 4.1707, ref_nll_loss = 4.4080, ivc_loss = 0.0397, neg_loss_1 = 0.0015, neg_loss_2 = 0.0008, ref_loss = 0.0118, div_loss = 0.0577, aux_loss = 0.0200, aux_loss_eff = 0.0200, 0.645 seconds/batch
2026-04-21 19:44:50,233 - Epoch 24, Batch 100, lr = 0.00005, alpha_2 = 0.200, aux_scale = 1.000,  final_loss = 4.2735, nll_loss = 4.1525, ref_nll_loss = 4.3944, ivc_loss = 0.0406, neg_loss_1 = 0.0018, neg_loss_2 = 0.0007, ref_loss = 0.0121, div_loss = 0.0561, aux_loss = 0.0200, aux_loss_eff = 0.0200, 0.652 seconds/batch
2026-04-21 19:45:23,241 - Epoch 24, Batch 150, lr = 0.00005, alpha_2 = 0.200, aux_scale = 1.000,  final_loss = 4.2664, nll_loss = 4.1513, ref_nll_loss = 4.3815, ivc_loss = 0.0454, neg_loss_1 = 0.0017, neg_loss_2 = 0.0015, ref_loss = 0.0138, div_loss = 0.0569, aux_loss = 0.0200, aux_loss_eff = 0.0200, 0.655 seconds/batch
2026-04-21 19:45:56,227 - Epoch 24, Batch 200, lr = 0.00005, alpha_2 = 0.200, aux_scale = 1.000,  final_loss = 4.2773, nll_loss = 4.1562, ref_nll_loss = 4.3984, ivc_loss = 0.0416, neg_loss_1 = 0.0014, neg_loss_2 = 0.0006, ref_loss = 0.0133, div_loss = 0.0551, aux_loss = 0.0200, aux_loss_eff = 0.0200, 0.656 seconds/batch
2026-04-21 19:46:29,194 - Epoch 24, Batch 250, lr = 0.00005, alpha_2 = 0.200, aux_scale = 1.000,  final_loss = 4.2736, nll_loss = 4.1558, ref_nll_loss = 4.3915, ivc_loss = 0.0392, neg_loss_1 = 0.0012, neg_loss_2 = 0.0015, ref_loss = 0.0112, div_loss = 0.0570, aux_loss = 0.0200, aux_loss_eff = 0.0200, 0.657 seconds/batch
2026-04-21 19:47:02,177 - Epoch 24, Batch 300, lr = 0.00005, alpha_2 = 0.200, aux_scale = 1.000,  final_loss = 4.2856, nll_loss = 4.1671, ref_nll_loss = 4.4042, ivc_loss = 0.0416, neg_loss_1 = 0.0020, neg_loss_2 = 0.0014, ref_loss = 0.0117, div_loss = 0.0561, aux_loss = 0.0200, aux_loss_eff = 0.0200, 0.657 seconds/batch
2026-04-21 19:47:35,181 - Epoch 24, Batch 350, lr = 0.00005, alpha_2 = 0.200, aux_scale = 1.000,  final_loss = 4.2883, nll_loss = 4.1706, ref_nll_loss = 4.4060, ivc_loss = 0.0387, neg_loss_1 = 0.0017, neg_loss_2 = 0.0010, ref_loss = 0.0110, div_loss = 0.0566, aux_loss = 0.0200, aux_loss_eff = 0.0200, 0.658 seconds/batch
2026-04-21 19:48:08,176 - Epoch 24, Batch 400, lr = 0.00005, alpha_2 = 0.200, aux_scale = 1.000,  final_loss = 4.2838, nll_loss = 4.1652, ref_nll_loss = 4.4024, ivc_loss = 0.0415, neg_loss_1 = 0.0018, neg_loss_2 = 0.0006, ref_loss = 0.0126, div_loss = 0.0581, aux_loss = 0.0200, aux_loss_eff = 0.0200, 0.658 seconds/batch
2026-04-21 19:48:41,164 - Epoch 24, Batch 450, lr = 0.00005, alpha_2 = 0.200, aux_scale = 1.000,  final_loss = 4.2634, nll_loss = 4.1415, ref_nll_loss = 4.3853, ivc_loss = 0.0354, neg_loss_1 = 0.0017, neg_loss_2 = 0.0008, ref_loss = 0.0095, div_loss = 0.0577, aux_loss = 0.0200, aux_loss_eff = 0.0200, 0.658 seconds/batch
2026-04-21 19:49:14,162 - Epoch 24, Batch 500, lr = 0.00005, alpha_2 = 0.200, aux_scale = 1.000,  final_loss = 4.2760, nll_loss = 4.1584, ref_nll_loss = 4.3935, ivc_loss = 0.0398, neg_loss_1 = 0.0015, neg_loss_2 = 0.0010, ref_loss = 0.0117, div_loss = 0.0577, aux_loss = 0.0200, aux_loss_eff = 0.0200, 0.658 seconds/batch
2026-04-21 19:49:47,177 - Epoch 24, Batch 550, lr = 0.00005, alpha_2 = 0.200, aux_scale = 1.000,  final_loss = 4.2530, nll_loss = 4.1334, ref_nll_loss = 4.3725, ivc_loss = 0.0384, neg_loss_1 = 0.0016, neg_loss_2 = 0.0009, ref_loss = 0.0109, div_loss = 0.0579, aux_loss = 0.0200, aux_loss_eff = 0.0200, 0.658 seconds/batch
2026-04-21 19:50:20,177 - Epoch 24, Batch 600, lr = 0.00005, alpha_2 = 0.200, aux_scale = 1.000,  final_loss = 4.2708, nll_loss = 4.1483, ref_nll_loss = 4.3933, ivc_loss = 0.0407, neg_loss_1 = 0.0008, neg_loss_2 = 0.0013, ref_loss = 0.0124, div_loss = 0.0589, aux_loss = 0.0200, aux_loss_eff = 0.0200, 0.659 seconds/batch
2026-04-21 19:50:53,215 - Epoch 24, Batch 650, lr = 0.00005, alpha_2 = 0.200, aux_scale = 1.000,  final_loss = 4.2777, nll_loss = 4.1599, ref_nll_loss = 4.3955, ivc_loss = 0.0444, neg_loss_1 = 0.0022, neg_loss_2 = 0.0007, ref_loss = 0.0135, div_loss = 0.0583, aux_loss = 0.0200, aux_loss_eff = 0.0200, 0.659 seconds/batch
2026-04-21 19:51:26,234 - Epoch 24, Batch 700, lr = 0.00005, alpha_2 = 0.200, aux_scale = 1.000,  final_loss = 4.2918, nll_loss = 4.1749, ref_nll_loss = 4.4087, ivc_loss = 0.0412, neg_loss_1 = 0.0015, neg_loss_2 = 0.0006, ref_loss = 0.0127, div_loss = 0.0573, aux_loss = 0.0200, aux_loss_eff = 0.0200, 0.659 seconds/batch
2026-04-21 19:51:59,261 - Epoch 24, Batch 750, lr = 0.00005, alpha_2 = 0.200, aux_scale = 1.000,  final_loss = 4.2442, nll_loss = 4.1273, ref_nll_loss = 4.3611, ivc_loss = 0.0388, neg_loss_1 = 0.0009, neg_loss_2 = 0.0009, ref_loss = 0.0118, div_loss = 0.0588, aux_loss = 0.0200, aux_loss_eff = 0.0200, 0.659 seconds/batch
2026-04-21 19:52:32,253 - Epoch 24, Batch 800, lr = 0.00005, alpha_2 = 0.200, aux_scale = 1.000,  final_loss = 4.3090, nll_loss = 4.1932, ref_nll_loss = 4.4249, ivc_loss = 0.0387, neg_loss_1 = 0.0012, neg_loss_2 = 0.0007, ref_loss = 0.0116, div_loss = 0.0580, aux_loss = 0.0200, aux_loss_eff = 0.0200, 0.659 seconds/batch
2026-04-21 19:53:05,260 - Epoch 24, Batch 850, lr = 0.00005, alpha_2 = 0.200, aux_scale = 1.000,  final_loss = 4.2681, nll_loss = 4.1492, ref_nll_loss = 4.3871, ivc_loss = 0.0367, neg_loss_1 = 0.0011, neg_loss_2 = 0.0006, ref_loss = 0.0109, div_loss = 0.0579, aux_loss = 0.0200, aux_loss_eff = 0.0200, 0.659 seconds/batch
2026-04-21 19:53:38,204 - Epoch 24, Batch 900, lr = 0.00005, alpha_2 = 0.200, aux_scale = 1.000,  final_loss = 4.2969, nll_loss = 4.1772, ref_nll_loss = 4.4167, ivc_loss = 0.0441, neg_loss_1 = 0.0022, neg_loss_2 = 0.0011, ref_loss = 0.0128, div_loss = 0.0589, aux_loss = 0.0200, aux_loss_eff = 0.0200, 0.659 seconds/batch
2026-04-21 19:54:11,171 - Epoch 24, Batch 950, lr = 0.00005, alpha_2 = 0.200, aux_scale = 1.000,  final_loss = 4.2757, nll_loss = 4.1571, ref_nll_loss = 4.3944, ivc_loss = 0.0432, neg_loss_1 = 0.0020, neg_loss_2 = 0.0007, ref_loss = 0.0131, div_loss = 0.0576, aux_loss = 0.0200, aux_loss_eff = 0.0200, 0.659 seconds/batch
2026-04-21 19:54:44,158 - Epoch 24, Batch 1000, lr = 0.00005, alpha_2 = 0.200, aux_scale = 1.000,  final_loss = 4.2851, nll_loss = 4.1625, ref_nll_loss = 4.4076, ivc_loss = 0.0386, neg_loss_1 = 0.0017, neg_loss_2 = 0.0009, ref_loss = 0.0109, div_loss = 0.0579, aux_loss = 0.0200, aux_loss_eff = 0.0200, 0.659 seconds/batch
2026-04-21 19:55:17,171 - Epoch 24, Batch 1050, lr = 0.00005, alpha_2 = 0.200, aux_scale = 1.000,  final_loss = 4.2976, nll_loss = 4.1781, ref_nll_loss = 4.4170, ivc_loss = 0.0438, neg_loss_1 = 0.0023, neg_loss_2 = 0.0014, ref_loss = 0.0124, div_loss = 0.0580, aux_loss = 0.0200, aux_loss_eff = 0.0200, 0.659 seconds/batch
2026-04-21 19:55:50,248 - Epoch 24, Batch 1100, lr = 0.00005, alpha_2 = 0.200, aux_scale = 1.000,  final_loss = 4.3024, nll_loss = 4.1864, ref_nll_loss = 4.4185, ivc_loss = 0.0448, neg_loss_1 = 0.0016, neg_loss_2 = 0.0014, ref_loss = 0.0135, div_loss = 0.0582, aux_loss = 0.0200, aux_loss_eff = 0.0200, 0.659 seconds/batch
2026-04-21 19:56:16,618 - Epoch 24, Batch 1150, lr = 0.00005, alpha_2 = 0.200, aux_scale = 1.000,  final_loss = 4.2484, nll_loss = 4.1272, ref_nll_loss = 4.3696, ivc_loss = 0.0410, neg_loss_1 = 0.0017, neg_loss_2 = 0.0006, ref_loss = 0.0123, div_loss = 0.0587, aux_loss = 0.0200, aux_loss_eff = 0.0200, 0.654 seconds/batch
2026-04-21 19:56:26,977 - Epoch 24, Batch 1170, lr = 0.00005, alpha_2 = 0.200, aux_scale = 1.000,  final_loss = 4.2727, nll_loss = 4.1507, ref_nll_loss = 4.3946, ivc_loss = 0.0392, neg_loss_1 = 0.0015, neg_loss_2 = 0.0013, ref_loss = 0.0108, div_loss = 0.0600, aux_loss = 0.0200, aux_loss_eff = 0.0200, 0.651 seconds/batch
2026-04-21 19:56:27,056 - save model to checkpoints/activitynet_moe_v2_staged_alpha_aux/moe_v2_staged_alpha_aux/model-24.pt, num_updates 28080.
2026-04-21 19:58:44,144 - | R@1,mIoU 0.3299 | R@1,IoU@0.1 0.7771 | R@1,IoU@0.3 0.4562 | R@1,IoU@0.5 0.2515 | R@1,IoU@0.7 0.1158 | R@1,IoU@0.9 0.0428 | R@5,mIoU 0.4833 | R@5,IoU@0.1 0.9000 | R@5,IoU@0.3 0.7049 | R@5,IoU@0.5 0.4936 | R@5,IoU@0.7 0.2454 | R@5,IoU@0.9 0.0715 |
2026-04-21 19:58:44,144 - ============================================================
2026-04-21 19:58:44,145 - Start Epoch 25
2026-04-21 19:59:16,639 - Epoch 25, Batch 50, lr = 0.00005, alpha_2 = 0.200, aux_scale = 1.000,  final_loss = 4.2779, nll_loss = 4.1607, ref_nll_loss = 4.3951, ivc_loss = 0.0424, neg_loss_1 = 0.0014, neg_loss_2 = 0.0005, ref_loss = 0.0133, div_loss = 0.0593, aux_loss = 0.0200, aux_loss_eff = 0.0200, 0.650 seconds/batch
2026-04-21 19:59:49,631 - Epoch 25, Batch 100, lr = 0.00005, alpha_2 = 0.200, aux_scale = 1.000,  final_loss = 4.2391, nll_loss = 4.1179, ref_nll_loss = 4.3603, ivc_loss = 0.0412, neg_loss_1 = 0.0021, neg_loss_2 = 0.0011, ref_loss = 0.0116, div_loss = 0.0588, aux_loss = 0.0200, aux_loss_eff = 0.0200, 0.655 seconds/batch
2026-04-21 20:00:22,638 - Epoch 25, Batch 150, lr = 0.00005, alpha_2 = 0.200, aux_scale = 1.000,  final_loss = 4.2238, nll_loss = 4.1000, ref_nll_loss = 4.3475, ivc_loss = 0.0373, neg_loss_1 = 0.0018, neg_loss_2 = 0.0005, ref_loss = 0.0106, div_loss = 0.0573, aux_loss = 0.0200, aux_loss_eff = 0.0200, 0.657 seconds/batch
2026-04-21 20:00:55,651 - Epoch 25, Batch 200, lr = 0.00005, alpha_2 = 0.200, aux_scale = 1.000,  final_loss = 4.2689, nll_loss = 4.1501, ref_nll_loss = 4.3878, ivc_loss = 0.0386, neg_loss_1 = 0.0012, neg_loss_2 = 0.0004, ref_loss = 0.0119, div_loss = 0.0575, aux_loss = 0.0200, aux_loss_eff = 0.0200, 0.658 seconds/batch
2026-04-21 20:01:28,647 - Epoch 25, Batch 250, lr = 0.00005, alpha_2 = 0.200, aux_scale = 1.000,  final_loss = 4.2838, nll_loss = 4.1621, ref_nll_loss = 4.4056, ivc_loss = 0.0373, neg_loss_1 = 0.0013, neg_loss_2 = 0.0010, ref_loss = 0.0106, div_loss = 0.0578, aux_loss = 0.0200, aux_loss_eff = 0.0200, 0.658 seconds/batch
2026-04-21 20:02:01,673 - Epoch 25, Batch 300, lr = 0.00005, alpha_2 = 0.200, aux_scale = 1.000,  final_loss = 4.2674, nll_loss = 4.1477, ref_nll_loss = 4.3871, ivc_loss = 0.0422, neg_loss_1 = 0.0019, neg_loss_2 = 0.0012, ref_loss = 0.0125, div_loss = 0.0551, aux_loss = 0.0200, aux_loss_eff = 0.0200, 0.658 seconds/batch
2026-04-21 20:02:34,644 - Epoch 25, Batch 350, lr = 0.00005, alpha_2 = 0.200, aux_scale = 1.000,  final_loss = 4.2679, nll_loss = 4.1505, ref_nll_loss = 4.3852, ivc_loss = 0.0420, neg_loss_1 = 0.0012, neg_loss_2 = 0.0007, ref_loss = 0.0135, div_loss = 0.0558, aux_loss = 0.0200, aux_loss_eff = 0.0200, 0.659 seconds/batch
2026-04-21 20:03:07,664 - Epoch 25, Batch 400, lr = 0.00005, alpha_2 = 0.200, aux_scale = 1.000,  final_loss = 4.2518, nll_loss = 4.1327, ref_nll_loss = 4.3709, ivc_loss = 0.0412, neg_loss_1 = 0.0015, neg_loss_2 = 0.0012, ref_loss = 0.0124, div_loss = 0.0554, aux_loss = 0.0200, aux_loss_eff = 0.0200, 0.659 seconds/batch
2026-04-21 20:03:40,686 - Epoch 25, Batch 450, lr = 0.00005, alpha_2 = 0.200, aux_scale = 1.000,  final_loss = 4.2507, nll_loss = 4.1308, ref_nll_loss = 4.3706, ivc_loss = 0.0421, neg_loss_1 = 0.0021, neg_loss_2 = 0.0010, ref_loss = 0.0124, div_loss = 0.0556, aux_loss = 0.0200, aux_loss_eff = 0.0200, 0.659 seconds/batch
2026-04-21 20:04:13,704 - Epoch 25, Batch 500, lr = 0.00005, alpha_2 = 0.200, aux_scale = 1.000,  final_loss = 4.2429, nll_loss = 4.1236, ref_nll_loss = 4.3622, ivc_loss = 0.0402, neg_loss_1 = 0.0013, neg_loss_2 = 0.0016, ref_loss = 0.0117, div_loss = 0.0557, aux_loss = 0.0200, aux_loss_eff = 0.0200, 0.659 seconds/batch
2026-04-21 20:04:46,694 - Epoch 25, Batch 550, lr = 0.00005, alpha_2 = 0.200, aux_scale = 1.000,  final_loss = 4.2750, nll_loss = 4.1552, ref_nll_loss = 4.3947, ivc_loss = 0.0402, neg_loss_1 = 0.0020, neg_loss_2 = 0.0006, ref_loss = 0.0119, div_loss = 0.0556, aux_loss = 0.0200, aux_loss_eff = 0.0200, 0.659 seconds/batch
2026-04-21 20:05:19,717 - Epoch 25, Batch 600, lr = 0.00005, alpha_2 = 0.200, aux_scale = 1.000,  final_loss = 4.2551, nll_loss = 4.1336, ref_nll_loss = 4.3766, ivc_loss = 0.0427, neg_loss_1 = 0.0018, neg_loss_2 = 0.0016, ref_loss = 0.0122, div_loss = 0.0571, aux_loss = 0.0200, aux_loss_eff = 0.0200, 0.659 seconds/batch
2026-04-21 20:05:52,736 - Epoch 25, Batch 650, lr = 0.00005, alpha_2 = 0.200, aux_scale = 1.000,  final_loss = 4.2611, nll_loss = 4.1446, ref_nll_loss = 4.3777, ivc_loss = 0.0425, neg_loss_1 = 0.0017, neg_loss_2 = 0.0010, ref_loss = 0.0127, div_loss = 0.0586, aux_loss = 0.0200, aux_loss_eff = 0.0200, 0.659 seconds/batch
2026-04-21 20:06:25,747 - Epoch 25, Batch 700, lr = 0.00005, alpha_2 = 0.200, aux_scale = 1.000,  final_loss = 4.2561, nll_loss = 4.1365, ref_nll_loss = 4.3756, ivc_loss = 0.0417, neg_loss_1 = 0.0019, neg_loss_2 = 0.0005, ref_loss = 0.0126, div_loss = 0.0580, aux_loss = 0.0200, aux_loss_eff = 0.0200, 0.659 seconds/batch
2026-04-21 20:06:58,750 - Epoch 25, Batch 750, lr = 0.00005, alpha_2 = 0.200, aux_scale = 1.000,  final_loss = 4.2861, nll_loss = 4.1650, ref_nll_loss = 4.4073, ivc_loss = 0.0380, neg_loss_1 = 0.0013, neg_loss_2 = 0.0011, ref_loss = 0.0108, div_loss = 0.0585, aux_loss = 0.0200, aux_loss_eff = 0.0200, 0.659 seconds/batch
2026-04-21 20:07:31,695 - Epoch 25, Batch 800, lr = 0.00005, alpha_2 = 0.200, aux_scale = 1.000,  final_loss = 4.2439, nll_loss = 4.1259, ref_nll_loss = 4.3619, ivc_loss = 0.0445, neg_loss_1 = 0.0024, neg_loss_2 = 0.0006, ref_loss = 0.0135, div_loss = 0.0569, aux_loss = 0.0200, aux_loss_eff = 0.0200, 0.659 seconds/batch
2026-04-21 20:08:04,701 - Epoch 25, Batch 850, lr = 0.00005, alpha_2 = 0.200, aux_scale = 1.000,  final_loss = 4.3050, nll_loss = 4.1871, ref_nll_loss = 4.4228, ivc_loss = 0.0426, neg_loss_1 = 0.0012, neg_loss_2 = 0.0011, ref_loss = 0.0133, div_loss = 0.0566, aux_loss = 0.0200, aux_loss_eff = 0.0200, 0.659 seconds/batch
2026-04-21 20:08:37,842 - Epoch 25, Batch 900, lr = 0.00005, alpha_2 = 0.200, aux_scale = 1.000,  final_loss = 4.2729, nll_loss = 4.1553, ref_nll_loss = 4.3906, ivc_loss = 0.0410, neg_loss_1 = 0.0018, neg_loss_2 = 0.0009, ref_loss = 0.0122, div_loss = 0.0560, aux_loss = 0.0200, aux_loss_eff = 0.0200, 0.660 seconds/batch
2026-04-21 20:09:10,810 - Epoch 25, Batch 950, lr = 0.00005, alpha_2 = 0.200, aux_scale = 1.000,  final_loss = 4.2481, nll_loss = 4.1265, ref_nll_loss = 4.3698, ivc_loss = 0.0398, neg_loss_1 = 0.0007, neg_loss_2 = 0.0013, ref_loss = 0.0122, div_loss = 0.0570, aux_loss = 0.0200, aux_loss_eff = 0.0200, 0.660 seconds/batch
2026-04-21 20:09:43,785 - Epoch 25, Batch 1000, lr = 0.00005, alpha_2 = 0.200, aux_scale = 1.000,  final_loss = 4.2686, nll_loss = 4.1496, ref_nll_loss = 4.3877, ivc_loss = 0.0417, neg_loss_1 = 0.0013, neg_loss_2 = 0.0012, ref_loss = 0.0128, div_loss = 0.0548, aux_loss = 0.0200, aux_loss_eff = 0.0200, 0.660 seconds/batch
2026-04-21 20:10:16,793 - Epoch 25, Batch 1050, lr = 0.00005, alpha_2 = 0.200, aux_scale = 1.000,  final_loss = 4.2395, nll_loss = 4.1203, ref_nll_loss = 4.3587, ivc_loss = 0.0387, neg_loss_1 = 0.0016, neg_loss_2 = 0.0010, ref_loss = 0.0113, div_loss = 0.0548, aux_loss = 0.0200, aux_loss_eff = 0.0200, 0.660 seconds/batch
2026-04-21 20:10:49,757 - Epoch 25, Batch 1100, lr = 0.00005, alpha_2 = 0.200, aux_scale = 1.000,  final_loss = 4.2739, nll_loss = 4.1524, ref_nll_loss = 4.3954, ivc_loss = 0.0422, neg_loss_1 = 0.0020, neg_loss_2 = 0.0010, ref_loss = 0.0126, div_loss = 0.0543, aux_loss = 0.0200, aux_loss_eff = 0.0200, 0.660 seconds/batch
2026-04-21 20:11:16,104 - Epoch 25, Batch 1150, lr = 0.00005, alpha_2 = 0.200, aux_scale = 1.000,  final_loss = 4.2506, nll_loss = 4.1303, ref_nll_loss = 4.3710, ivc_loss = 0.0404, neg_loss_1 = 0.0014, neg_loss_2 = 0.0011, ref_loss = 0.0119, div_loss = 0.0586, aux_loss = 0.0200, aux_loss_eff = 0.0200, 0.654 seconds/batch
2026-04-21 20:11:26,430 - Epoch 25, Batch 1170, lr = 0.00005, alpha_2 = 0.200, aux_scale = 1.000,  final_loss = 4.2446, nll_loss = 4.1297, ref_nll_loss = 4.3596, ivc_loss = 0.0469, neg_loss_1 = 0.0006, neg_loss_2 = 0.0014, ref_loss = 0.0154, div_loss = 0.0596, aux_loss = 0.0200, aux_loss_eff = 0.0200, 0.652 seconds/batch
2026-04-21 20:11:26,508 - save model to checkpoints/activitynet_moe_v2_staged_alpha_aux/moe_v2_staged_alpha_aux/model-25.pt, num_updates 29250.
2026-04-21 20:13:43,654 - | R@1,mIoU 0.3285 | R@1,IoU@0.1 0.7707 | R@1,IoU@0.3 0.4529 | R@1,IoU@0.5 0.2537 | R@1,IoU@0.7 0.1168 | R@1,IoU@0.9 0.0404 | R@5,mIoU 0.4757 | R@5,IoU@0.1 0.8963 | R@5,IoU@0.3 0.6982 | R@5,IoU@0.5 0.4796 | R@5,IoU@0.7 0.2373 | R@5,IoU@0.9 0.0661 |
2026-04-21 20:13:43,654 - ============================================================
2026-04-21 20:13:43,654 - Start Epoch 26
2026-04-21 20:14:16,143 - Epoch 26, Batch 50, lr = 0.00005, alpha_2 = 0.200, aux_scale = 1.000,  final_loss = 4.2279, nll_loss = 4.1071, ref_nll_loss = 4.3487, ivc_loss = 0.0381, neg_loss_1 = 0.0009, neg_loss_2 = 0.0011, ref_loss = 0.0112, div_loss = 0.0586, aux_loss = 0.0200, aux_loss_eff = 0.0200, 0.650 seconds/batch
2026-04-21 20:14:48,942 - Epoch 26, Batch 100, lr = 0.00005, alpha_2 = 0.200, aux_scale = 1.000,  final_loss = 4.2083, nll_loss = 4.0853, ref_nll_loss = 4.3314, ivc_loss = 0.0381, neg_loss_1 = 0.0008, neg_loss_2 = 0.0006, ref_loss = 0.0119, div_loss = 0.0574, aux_loss = 0.0200, aux_loss_eff = 0.0200, 0.653 seconds/batch
2026-04-21 20:15:21,697 - Epoch 26, Batch 150, lr = 0.00005, alpha_2 = 0.200, aux_scale = 1.000,  final_loss = 4.2604, nll_loss = 4.1378, ref_nll_loss = 4.3830, ivc_loss = 0.0391, neg_loss_1 = 0.0015, neg_loss_2 = 0.0013, ref_loss = 0.0109, div_loss = 0.0587, aux_loss = 0.0200, aux_loss_eff = 0.0200, 0.654 seconds/batch
2026-04-21 20:15:54,679 - Epoch 26, Batch 200, lr = 0.00005, alpha_2 = 0.200, aux_scale = 1.000,  final_loss = 4.2578, nll_loss = 4.1366, ref_nll_loss = 4.3791, ivc_loss = 0.0363, neg_loss_1 = 0.0013, neg_loss_2 = 0.0006, ref_loss = 0.0102, div_loss = 0.0602, aux_loss = 0.0200, aux_loss_eff = 0.0200, 0.655 seconds/batch
2026-04-21 20:16:27,661 - Epoch 26, Batch 250, lr = 0.00005, alpha_2 = 0.200, aux_scale = 1.000,  final_loss = 4.2194, nll_loss = 4.1015, ref_nll_loss = 4.3372, ivc_loss = 0.0410, neg_loss_1 = 0.0012, neg_loss_2 = 0.0008, ref_loss = 0.0123, div_loss = 0.0618, aux_loss = 0.0200, aux_loss_eff = 0.0200, 0.656 seconds/batch
2026-04-21 20:17:00,637 - Epoch 26, Batch 300, lr = 0.00005, alpha_2 = 0.200, aux_scale = 1.000,  final_loss = 4.2308, nll_loss = 4.1086, ref_nll_loss = 4.3531, ivc_loss = 0.0390, neg_loss_1 = 0.0011, neg_loss_2 = 0.0013, ref_loss = 0.0113, div_loss = 0.0585, aux_loss = 0.0200, aux_loss_eff = 0.0200, 0.657 seconds/batch
2026-04-21 20:17:33,669 - Epoch 26, Batch 350, lr = 0.00005, alpha_2 = 0.200, aux_scale = 1.000,  final_loss = 4.2659, nll_loss = 4.1500, ref_nll_loss = 4.3819, ivc_loss = 0.0439, neg_loss_1 = 0.0017, neg_loss_2 = 0.0006, ref_loss = 0.0138, div_loss = 0.0585, aux_loss = 0.0200, aux_loss_eff = 0.0200, 0.657 seconds/batch
2026-04-21 20:18:06,684 - Epoch 26, Batch 400, lr = 0.00005, alpha_2 = 0.200, aux_scale = 1.000,  final_loss = 4.2547, nll_loss = 4.1364, ref_nll_loss = 4.3730, ivc_loss = 0.0420, neg_loss_1 = 0.0014, neg_loss_2 = 0.0010, ref_loss = 0.0125, div_loss = 0.0618, aux_loss = 0.0200, aux_loss_eff = 0.0200, 0.658 seconds/batch
2026-04-21 20:18:39,691 - Epoch 26, Batch 450, lr = 0.00005, alpha_2 = 0.200, aux_scale = 1.000,  final_loss = 4.2397, nll_loss = 4.1193, ref_nll_loss = 4.3601, ivc_loss = 0.0375, neg_loss_1 = 0.0015, neg_loss_2 = 0.0005, ref_loss = 0.0108, div_loss = 0.0586, aux_loss = 0.0200, aux_loss_eff = 0.0200, 0.658 seconds/batch
2026-04-21 20:19:12,679 - Epoch 26, Batch 500, lr = 0.00005, alpha_2 = 0.200, aux_scale = 1.000,  final_loss = 4.2443, nll_loss = 4.1241, ref_nll_loss = 4.3646, ivc_loss = 0.0401, neg_loss_1 = 0.0014, neg_loss_2 = 0.0004, ref_loss = 0.0122, div_loss = 0.0599, aux_loss = 0.0200, aux_loss_eff = 0.0200, 0.658 seconds/batch
2026-04-21 20:19:45,668 - Epoch 26, Batch 550, lr = 0.00005, alpha_2 = 0.200, aux_scale = 1.000,  final_loss = 4.2027, nll_loss = 4.0799, ref_nll_loss = 4.3256, ivc_loss = 0.0373, neg_loss_1 = 0.0013, neg_loss_2 = 0.0006, ref_loss = 0.0108, div_loss = 0.0587, aux_loss = 0.0200, aux_loss_eff = 0.0200, 0.658 seconds/batch
2026-04-21 20:20:18,619 - Epoch 26, Batch 600, lr = 0.00005, alpha_2 = 0.200, aux_scale = 1.000,  final_loss = 4.2588, nll_loss = 4.1402, ref_nll_loss = 4.3774, ivc_loss = 0.0385, neg_loss_1 = 0.0018, neg_loss_2 = 0.0003, ref_loss = 0.0114, div_loss = 0.0576, aux_loss = 0.0200, aux_loss_eff = 0.0200, 0.658 seconds/batch
2026-04-21 20:20:51,612 - Epoch 26, Batch 650, lr = 0.00005, alpha_2 = 0.200, aux_scale = 1.000,  final_loss = 4.2522, nll_loss = 4.1357, ref_nll_loss = 4.3687, ivc_loss = 0.0415, neg_loss_1 = 0.0020, neg_loss_2 = 0.0008, ref_loss = 0.0121, div_loss = 0.0596, aux_loss = 0.0200, aux_loss_eff = 0.0200, 0.658 seconds/batch
2026-04-21 20:21:24,689 - Epoch 26, Batch 700, lr = 0.00005, alpha_2 = 0.200, aux_scale = 1.000,  final_loss = 4.2623, nll_loss = 4.1430, ref_nll_loss = 4.3817, ivc_loss = 0.0387, neg_loss_1 = 0.0013, neg_loss_2 = 0.0008, ref_loss = 0.0113, div_loss = 0.0596, aux_loss = 0.0200, aux_loss_eff = 0.0200, 0.659 seconds/batch
2026-04-21 20:21:57,417 - Epoch 26, Batch 750, lr = 0.00005, alpha_2 = 0.200, aux_scale = 1.000,  final_loss = 4.2617, nll_loss = 4.1450, ref_nll_loss = 4.3785, ivc_loss = 0.0402, neg_loss_1 = 0.0008, neg_loss_2 = 0.0007, ref_loss = 0.0127, div_loss = 0.0589, aux_loss = 0.0200, aux_loss_eff = 0.0200, 0.658 seconds/batch
2026-04-21 20:22:30,404 - Epoch 26, Batch 800, lr = 0.00005, alpha_2 = 0.200, aux_scale = 1.000,  final_loss = 4.2222, nll_loss = 4.1025, ref_nll_loss = 4.3418, ivc_loss = 0.0381, neg_loss_1 = 0.0009, neg_loss_2 = 0.0003, ref_loss = 0.0121, div_loss = 0.0568, aux_loss = 0.0200, aux_loss_eff = 0.0200, 0.658 seconds/batch
2026-04-21 20:23:03,353 - Epoch 26, Batch 850, lr = 0.00005, alpha_2 = 0.200, aux_scale = 1.000,  final_loss = 4.2751, nll_loss = 4.1523, ref_nll_loss = 4.3980, ivc_loss = 0.0429, neg_loss_1 = 0.0025, neg_loss_2 = 0.0006, ref_loss = 0.0125, div_loss = 0.0591, aux_loss = 0.0200, aux_loss_eff = 0.0200, 0.658 seconds/batch
2026-04-21 20:23:36,348 - Epoch 26, Batch 900, lr = 0.00005, alpha_2 = 0.200, aux_scale = 1.000,  final_loss = 4.2503, nll_loss = 4.1310, ref_nll_loss = 4.3696, ivc_loss = 0.0401, neg_loss_1 = 0.0014, neg_loss_2 = 0.0010, ref_loss = 0.0119, div_loss = 0.0578, aux_loss = 0.0200, aux_loss_eff = 0.0200, 0.659 seconds/batch
2026-04-21 20:24:09,300 - Epoch 26, Batch 950, lr = 0.00005, alpha_2 = 0.200, aux_scale = 1.000,  final_loss = 4.2220, nll_loss = 4.1016, ref_nll_loss = 4.3424, ivc_loss = 0.0401, neg_loss_1 = 0.0019, neg_loss_2 = 0.0002, ref_loss = 0.0122, div_loss = 0.0578, aux_loss = 0.0200, aux_loss_eff = 0.0200, 0.659 seconds/batch
2026-04-21 20:24:42,331 - Epoch 26, Batch 1000, lr = 0.00005, alpha_2 = 0.200, aux_scale = 1.000,  final_loss = 4.2530, nll_loss = 4.1300, ref_nll_loss = 4.3761, ivc_loss = 0.0359, neg_loss_1 = 0.0009, neg_loss_2 = 0.0004, ref_loss = 0.0108, div_loss = 0.0588, aux_loss = 0.0200, aux_loss_eff = 0.0200, 0.659 seconds/batch
2026-04-21 20:25:15,338 - Epoch 26, Batch 1050, lr = 0.00005, alpha_2 = 0.200, aux_scale = 1.000,  final_loss = 4.2807, nll_loss = 4.1623, ref_nll_loss = 4.3991, ivc_loss = 0.0440, neg_loss_1 = 0.0018, neg_loss_2 = 0.0008, ref_loss = 0.0135, div_loss = 0.0593, aux_loss = 0.0200, aux_loss_eff = 0.0200, 0.659 seconds/batch
2026-04-21 20:25:48,352 - Epoch 26, Batch 1100, lr = 0.00005, alpha_2 = 0.200, aux_scale = 1.000,  final_loss = 4.2215, nll_loss = 4.0985, ref_nll_loss = 4.3445, ivc_loss = 0.0368, neg_loss_1 = 0.0006, neg_loss_2 = 0.0003, ref_loss = 0.0116, div_loss = 0.0587, aux_loss = 0.0200, aux_loss_eff = 0.0200, 0.659 seconds/batch
2026-04-21 20:26:14,621 - Epoch 26, Batch 1150, lr = 0.00005, alpha_2 = 0.200, aux_scale = 1.000,  final_loss = 4.2721, nll_loss = 4.1521, ref_nll_loss = 4.3922, ivc_loss = 0.0404, neg_loss_1 = 0.0023, neg_loss_2 = 0.0004, ref_loss = 0.0116, div_loss = 0.0583, aux_loss = 0.0200, aux_loss_eff = 0.0200, 0.653 seconds/batch
2026-04-21 20:26:24,979 - Epoch 26, Batch 1170, lr = 0.00005, alpha_2 = 0.200, aux_scale = 1.000,  final_loss = 4.2492, nll_loss = 4.1288, ref_nll_loss = 4.3697, ivc_loss = 0.0462, neg_loss_1 = 0.0017, neg_loss_2 = 0.0014, ref_loss = 0.0142, div_loss = 0.0576, aux_loss = 0.0200, aux_loss_eff = 0.0200, 0.651 seconds/batch
2026-04-21 20:26:25,053 - save model to checkpoints/activitynet_moe_v2_staged_alpha_aux/moe_v2_staged_alpha_aux/model-26.pt, num_updates 30420.
2026-04-21 20:28:42,445 - | R@1,mIoU 0.3307 | R@1,IoU@0.1 0.7813 | R@1,IoU@0.3 0.4563 | R@1,IoU@0.5 0.2517 | R@1,IoU@0.7 0.1173 | R@1,IoU@0.9 0.0370 | R@5,mIoU 0.4798 | R@5,IoU@0.1 0.8960 | R@5,IoU@0.3 0.7059 | R@5,IoU@0.5 0.4866 | R@5,IoU@0.7 0.2410 | R@5,IoU@0.9 0.0636 |
2026-04-21 20:28:42,445 - ============================================================
2026-04-21 20:28:42,445 - Start Epoch 27
2026-04-21 20:29:14,967 - Epoch 27, Batch 50, lr = 0.00005, alpha_2 = 0.200, aux_scale = 1.000,  final_loss = 4.1919, nll_loss = 4.0699, ref_nll_loss = 4.3138, ivc_loss = 0.0420, neg_loss_1 = 0.0023, neg_loss_2 = 0.0011, ref_loss = 0.0118, div_loss = 0.0581, aux_loss = 0.0200, aux_loss_eff = 0.0200, 0.650 seconds/batch
2026-04-21 20:29:47,950 - Epoch 27, Batch 100, lr = 0.00005, alpha_2 = 0.200, aux_scale = 1.000,  final_loss = 4.2323, nll_loss = 4.1095, ref_nll_loss = 4.3551, ivc_loss = 0.0400, neg_loss_1 = 0.0021, neg_loss_2 = 0.0004, ref_loss = 0.0116, div_loss = 0.0600, aux_loss = 0.0200, aux_loss_eff = 0.0200, 0.655 seconds/batch
2026-04-21 20:30:20,922 - Epoch 27, Batch 150, lr = 0.00005, alpha_2 = 0.200, aux_scale = 1.000,  final_loss = 4.2608, nll_loss = 4.1394, ref_nll_loss = 4.3822, ivc_loss = 0.0394, neg_loss_1 = 0.0012, neg_loss_2 = 0.0008, ref_loss = 0.0116, div_loss = 0.0612, aux_loss = 0.0200, aux_loss_eff = 0.0200, 0.657 seconds/batch
2026-04-21 20:30:53,935 - Epoch 27, Batch 200, lr = 0.00005, alpha_2 = 0.200, aux_scale = 1.000,  final_loss = 4.1927, nll_loss = 4.0702, ref_nll_loss = 4.3152, ivc_loss = 0.0375, neg_loss_1 = 0.0015, neg_loss_2 = 0.0008, ref_loss = 0.0103, div_loss = 0.0619, aux_loss = 0.0200, aux_loss_eff = 0.0200, 0.657 seconds/batch
2026-04-21 20:31:26,964 - Epoch 27, Batch 250, lr = 0.00005, alpha_2 = 0.200, aux_scale = 1.000,  final_loss = 4.2265, nll_loss = 4.1041, ref_nll_loss = 4.3489, ivc_loss = 0.0350, neg_loss_1 = 0.0010, neg_loss_2 = 0.0007, ref_loss = 0.0098, div_loss = 0.0594, aux_loss = 0.0200, aux_loss_eff = 0.0200, 0.658 seconds/batch
2026-04-21 20:31:59,978 - Epoch 27, Batch 300, lr = 0.00005, alpha_2 = 0.200, aux_scale = 1.000,  final_loss = 4.2362, nll_loss = 4.1184, ref_nll_loss = 4.3539, ivc_loss = 0.0434, neg_loss_1 = 0.0018, neg_loss_2 = 0.0007, ref_loss = 0.0132, div_loss = 0.0608, aux_loss = 0.0200, aux_loss_eff = 0.0200, 0.658 seconds/batch
2026-04-21 20:32:32,966 - Epoch 27, Batch 350, lr = 0.00005, alpha_2 = 0.200, aux_scale = 1.000,  final_loss = 4.2254, nll_loss = 4.1045, ref_nll_loss = 4.3463, ivc_loss = 0.0394, neg_loss_1 = 0.0009, neg_loss_2 = 0.0008, ref_loss = 0.0120, div_loss = 0.0599, aux_loss = 0.0200, aux_loss_eff = 0.0200, 0.659 seconds/batch
2026-04-21 20:33:05,977 - Epoch 27, Batch 400, lr = 0.00005, alpha_2 = 0.200, aux_scale = 1.000,  final_loss = 4.2397, nll_loss = 4.1158, ref_nll_loss = 4.3636, ivc_loss = 0.0406, neg_loss_1 = 0.0016, neg_loss_2 = 0.0009, ref_loss = 0.0119, div_loss = 0.0587, aux_loss = 0.0200, aux_loss_eff = 0.0200, 0.659 seconds/batch
2026-04-21 20:33:38,993 - Epoch 27, Batch 450, lr = 0.00005, alpha_2 = 0.200, aux_scale = 1.000,  final_loss = 4.2308, nll_loss = 4.1064, ref_nll_loss = 4.3553, ivc_loss = 0.0368, neg_loss_1 = 0.0013, neg_loss_2 = 0.0006, ref_loss = 0.0105, div_loss = 0.0602, aux_loss = 0.0200, aux_loss_eff = 0.0200, 0.659 seconds/batch
2026-04-21 20:34:11,991 - Epoch 27, Batch 500, lr = 0.00005, alpha_2 = 0.200, aux_scale = 1.000,  final_loss = 4.2238, nll_loss = 4.1031, ref_nll_loss = 4.3446, ivc_loss = 0.0391, neg_loss_1 = 0.0015, neg_loss_2 = 0.0007, ref_loss = 0.0115, div_loss = 0.0579, aux_loss = 0.0200, aux_loss_eff = 0.0200, 0.659 seconds/batch
2026-04-21 20:34:45,150 - Epoch 27, Batch 550, lr = 0.00005, alpha_2 = 0.200, aux_scale = 1.000,  final_loss = 4.2450, nll_loss = 4.1237, ref_nll_loss = 4.3662, ivc_loss = 0.0414, neg_loss_1 = 0.0023, neg_loss_2 = 0.0008, ref_loss = 0.0118, div_loss = 0.0578, aux_loss = 0.0200, aux_loss_eff = 0.0200, 0.659 seconds/batch
2026-04-21 20:35:18,107 - Epoch 27, Batch 600, lr = 0.00005, alpha_2 = 0.200, aux_scale = 1.000,  final_loss = 4.2292, nll_loss = 4.1081, ref_nll_loss = 4.3503, ivc_loss = 0.0380, neg_loss_1 = 0.0009, neg_loss_2 = 0.0009, ref_loss = 0.0113, div_loss = 0.0583, aux_loss = 0.0200, aux_loss_eff = 0.0200, 0.659 seconds/batch
2026-04-21 20:35:51,105 - Epoch 27, Batch 650, lr = 0.00005, alpha_2 = 0.200, aux_scale = 1.000,  final_loss = 4.2200, nll_loss = 4.0974, ref_nll_loss = 4.3425, ivc_loss = 0.0388, neg_loss_1 = 0.0011, neg_loss_2 = 0.0011, ref_loss = 0.0113, div_loss = 0.0592, aux_loss = 0.0200, aux_loss_eff = 0.0200, 0.659 seconds/batch
2026-04-21 20:36:24,115 - Epoch 27, Batch 700, lr = 0.00005, alpha_2 = 0.200, aux_scale = 1.000,  final_loss = 4.2204, nll_loss = 4.0982, ref_nll_loss = 4.3426, ivc_loss = 0.0405, neg_loss_1 = 0.0018, neg_loss_2 = 0.0006, ref_loss = 0.0118, div_loss = 0.0596, aux_loss = 0.0200, aux_loss_eff = 0.0200, 0.660 seconds/batch
2026-04-21 20:36:57,135 - Epoch 27, Batch 750, lr = 0.00005, alpha_2 = 0.200, aux_scale = 1.000,  final_loss = 4.2476, nll_loss = 4.1303, ref_nll_loss = 4.3649, ivc_loss = 0.0418, neg_loss_1 = 0.0019, neg_loss_2 = 0.0007, ref_loss = 0.0124, div_loss = 0.0594, aux_loss = 0.0200, aux_loss_eff = 0.0200, 0.660 seconds/batch
2026-04-21 20:37:30,138 - Epoch 27, Batch 800, lr = 0.00005, alpha_2 = 0.200, aux_scale = 1.000,  final_loss = 4.2160, nll_loss = 4.0963, ref_nll_loss = 4.3357, ivc_loss = 0.0424, neg_loss_1 = 0.0014, neg_loss_2 = 0.0006, ref_loss = 0.0129, div_loss = 0.0627, aux_loss = 0.0200, aux_loss_eff = 0.0200, 0.660 seconds/batch
2026-04-21 20:38:03,171 - Epoch 27, Batch 850, lr = 0.00005, alpha_2 = 0.200, aux_scale = 1.000,  final_loss = 4.2300, nll_loss = 4.1079, ref_nll_loss = 4.3521, ivc_loss = 0.0380, neg_loss_1 = 0.0014, neg_loss_2 = 0.0006, ref_loss = 0.0108, div_loss = 0.0623, aux_loss = 0.0200, aux_loss_eff = 0.0200, 0.660 seconds/batch
2026-04-21 20:38:36,208 - Epoch 27, Batch 900, lr = 0.00005, alpha_2 = 0.200, aux_scale = 1.000,  final_loss = 4.2318, nll_loss = 4.1081, ref_nll_loss = 4.3555, ivc_loss = 0.0383, neg_loss_1 = 0.0020, neg_loss_2 = 0.0005, ref_loss = 0.0106, div_loss = 0.0601, aux_loss = 0.0200, aux_loss_eff = 0.0200, 0.660 seconds/batch
2026-04-21 20:39:09,199 - Epoch 27, Batch 950, lr = 0.00005, alpha_2 = 0.200, aux_scale = 1.000,  final_loss = 4.2154, nll_loss = 4.0913, ref_nll_loss = 4.3396, ivc_loss = 0.0400, neg_loss_1 = 0.0013, neg_loss_2 = 0.0009, ref_loss = 0.0119, div_loss = 0.0593, aux_loss = 0.0200, aux_loss_eff = 0.0200, 0.660 seconds/batch
2026-04-21 20:39:42,177 - Epoch 27, Batch 1000, lr = 0.00005, alpha_2 = 0.200, aux_scale = 1.000,  final_loss = 4.2680, nll_loss = 4.1478, ref_nll_loss = 4.3881, ivc_loss = 0.0395, neg_loss_1 = 0.0014, neg_loss_2 = 0.0008, ref_loss = 0.0114, div_loss = 0.0613, aux_loss = 0.0200, aux_loss_eff = 0.0200, 0.660 seconds/batch
2026-04-21 20:40:15,182 - Epoch 27, Batch 1050, lr = 0.00005, alpha_2 = 0.200, aux_scale = 1.000,  final_loss = 4.2242, nll_loss = 4.1031, ref_nll_loss = 4.3453, ivc_loss = 0.0403, neg_loss_1 = 0.0016, neg_loss_2 = 0.0010, ref_loss = 0.0113, div_loss = 0.0628, aux_loss = 0.0200, aux_loss_eff = 0.0200, 0.660 seconds/batch
2026-04-21 20:40:48,206 - Epoch 27, Batch 1100, lr = 0.00005, alpha_2 = 0.200, aux_scale = 1.000,  final_loss = 4.2259, nll_loss = 4.1063, ref_nll_loss = 4.3455, ivc_loss = 0.0388, neg_loss_1 = 0.0010, neg_loss_2 = 0.0005, ref_loss = 0.0118, div_loss = 0.0608, aux_loss = 0.0200, aux_loss_eff = 0.0200, 0.660 seconds/batch
2026-04-21 20:41:14,410 - Epoch 27, Batch 1150, lr = 0.00005, alpha_2 = 0.200, aux_scale = 1.000,  final_loss = 4.2579, nll_loss = 4.1341, ref_nll_loss = 4.3818, ivc_loss = 0.0414, neg_loss_1 = 0.0019, neg_loss_2 = 0.0011, ref_loss = 0.0120, div_loss = 0.0575, aux_loss = 0.0200, aux_loss_eff = 0.0200, 0.654 seconds/batch
2026-04-21 20:41:24,720 - Epoch 27, Batch 1170, lr = 0.00005, alpha_2 = 0.200, aux_scale = 1.000,  final_loss = 4.2300, nll_loss = 4.1049, ref_nll_loss = 4.3551, ivc_loss = 0.0356, neg_loss_1 = 0.0005, neg_loss_2 = 0.0014, ref_loss = 0.0100, div_loss = 0.0591, aux_loss = 0.0200, aux_loss_eff = 0.0200, 0.652 seconds/batch
2026-04-21 20:41:24,819 - save model to checkpoints/activitynet_moe_v2_staged_alpha_aux/moe_v2_staged_alpha_aux/model-27.pt, num_updates 31590.
2026-04-21 20:43:43,285 - | R@1,mIoU 0.3294 | R@1,IoU@0.1 0.7761 | R@1,IoU@0.3 0.4536 | R@1,IoU@0.5 0.2528 | R@1,IoU@0.7 0.1164 | R@1,IoU@0.9 0.0416 | R@5,mIoU 0.4780 | R@5,IoU@0.1 0.8958 | R@5,IoU@0.3 0.6974 | R@5,IoU@0.5 0.4845 | R@5,IoU@0.7 0.2427 | R@5,IoU@0.9 0.0691 |
2026-04-21 20:43:43,285 - ============================================================
2026-04-21 20:43:43,285 - Start Epoch 28
2026-04-21 20:44:15,784 - Epoch 28, Batch 50, lr = 0.00004, alpha_2 = 0.200, aux_scale = 1.000,  final_loss = 4.2306, nll_loss = 4.1124, ref_nll_loss = 4.3488, ivc_loss = 0.0431, neg_loss_1 = 0.0012, neg_loss_2 = 0.0014, ref_loss = 0.0131, div_loss = 0.0588, aux_loss = 0.0200, aux_loss_eff = 0.0200, 0.650 seconds/batch
2026-04-21 20:44:48,775 - Epoch 28, Batch 100, lr = 0.00004, alpha_2 = 0.200, aux_scale = 1.000,  final_loss = 4.1922, nll_loss = 4.0711, ref_nll_loss = 4.3132, ivc_loss = 0.0418, neg_loss_1 = 0.0015, neg_loss_2 = 0.0010, ref_loss = 0.0125, div_loss = 0.0593, aux_loss = 0.0200, aux_loss_eff = 0.0200, 0.655 seconds/batch
2026-04-21 20:45:21,769 - Epoch 28, Batch 150, lr = 0.00004, alpha_2 = 0.200, aux_scale = 1.000,  final_loss = 4.1844, nll_loss = 4.0610, ref_nll_loss = 4.3078, ivc_loss = 0.0374, neg_loss_1 = 0.0011, neg_loss_2 = 0.0005, ref_loss = 0.0110, div_loss = 0.0609, aux_loss = 0.0200, aux_loss_eff = 0.0200, 0.657 seconds/batch
2026-04-21 20:45:54,761 - Epoch 28, Batch 200, lr = 0.00004, alpha_2 = 0.200, aux_scale = 1.000,  final_loss = 4.1901, nll_loss = 4.0693, ref_nll_loss = 4.3110, ivc_loss = 0.0419, neg_loss_1 = 0.0013, neg_loss_2 = 0.0005, ref_loss = 0.0130, div_loss = 0.0612, aux_loss = 0.0200, aux_loss_eff = 0.0200, 0.657 seconds/batch
2026-04-21 20:46:27,733 - Epoch 28, Batch 250, lr = 0.00004, alpha_2 = 0.200, aux_scale = 1.000,  final_loss = 4.2589, nll_loss = 4.1408, ref_nll_loss = 4.3770, ivc_loss = 0.0406, neg_loss_1 = 0.0015, neg_loss_2 = 0.0013, ref_loss = 0.0116, div_loss = 0.0588, aux_loss = 0.0200, aux_loss_eff = 0.0200, 0.658 seconds/batch
2026-04-21 20:47:00,757 - Epoch 28, Batch 300, lr = 0.00004, alpha_2 = 0.200, aux_scale = 1.000,  final_loss = 4.1916, nll_loss = 4.0692, ref_nll_loss = 4.3141, ivc_loss = 0.0388, neg_loss_1 = 0.0010, neg_loss_2 = 0.0009, ref_loss = 0.0116, div_loss = 0.0595, aux_loss = 0.0200, aux_loss_eff = 0.0200, 0.658 seconds/batch
2026-04-21 20:47:33,965 - Epoch 28, Batch 350, lr = 0.00004, alpha_2 = 0.200, aux_scale = 1.000,  final_loss = 4.2018, nll_loss = 4.0761, ref_nll_loss = 4.3274, ivc_loss = 0.0377, neg_loss_1 = 0.0009, neg_loss_2 = 0.0013, ref_loss = 0.0108, div_loss = 0.0584, aux_loss = 0.0200, aux_loss_eff = 0.0200, 0.659 seconds/batch
2026-04-21 20:48:06,993 - Epoch 28, Batch 400, lr = 0.00004, alpha_2 = 0.200, aux_scale = 1.000,  final_loss = 4.2032, nll_loss = 4.0816, ref_nll_loss = 4.3249, ivc_loss = 0.0415, neg_loss_1 = 0.0011, neg_loss_2 = 0.0006, ref_loss = 0.0131, div_loss = 0.0593, aux_loss = 0.0200, aux_loss_eff = 0.0200, 0.659 seconds/batch
2026-04-21 20:48:39,964 - Epoch 28, Batch 450, lr = 0.00004, alpha_2 = 0.200, aux_scale = 1.000,  final_loss = 4.2397, nll_loss = 4.1181, ref_nll_loss = 4.3614, ivc_loss = 0.0400, neg_loss_1 = 0.0019, neg_loss_2 = 0.0008, ref_loss = 0.0114, div_loss = 0.0588, aux_loss = 0.0200, aux_loss_eff = 0.0200, 0.659 seconds/batch
2026-04-21 20:49:12,975 - Epoch 28, Batch 500, lr = 0.00004, alpha_2 = 0.200, aux_scale = 1.000,  final_loss = 4.2091, nll_loss = 4.0872, ref_nll_loss = 4.3311, ivc_loss = 0.0408, neg_loss_1 = 0.0016, neg_loss_2 = 0.0007, ref_loss = 0.0120, div_loss = 0.0603, aux_loss = 0.0200, aux_loss_eff = 0.0200, 0.659 seconds/batch
2026-04-21 20:49:45,970 - Epoch 28, Batch 550, lr = 0.00004, alpha_2 = 0.200, aux_scale = 1.000,  final_loss = 4.2210, nll_loss = 4.0989, ref_nll_loss = 4.3431, ivc_loss = 0.0403, neg_loss_1 = 0.0014, neg_loss_2 = 0.0006, ref_loss = 0.0121, div_loss = 0.0604, aux_loss = 0.0200, aux_loss_eff = 0.0200, 0.659 seconds/batch
2026-04-21 20:50:18,957 - Epoch 28, Batch 600, lr = 0.00004, alpha_2 = 0.200, aux_scale = 1.000,  final_loss = 4.2348, nll_loss = 4.1122, ref_nll_loss = 4.3575, ivc_loss = 0.0388, neg_loss_1 = 0.0013, neg_loss_2 = 0.0008, ref_loss = 0.0113, div_loss = 0.0602, aux_loss = 0.0200, aux_loss_eff = 0.0200, 0.659 seconds/batch
2026-04-21 20:50:51,960 - Epoch 28, Batch 650, lr = 0.00004, alpha_2 = 0.200, aux_scale = 1.000,  final_loss = 4.2056, nll_loss = 4.0817, ref_nll_loss = 4.3295, ivc_loss = 0.0396, neg_loss_1 = 0.0013, neg_loss_2 = 0.0004, ref_loss = 0.0121, div_loss = 0.0605, aux_loss = 0.0200, aux_loss_eff = 0.0200, 0.659 seconds/batch
2026-04-21 20:51:24,941 - Epoch 28, Batch 700, lr = 0.00004, alpha_2 = 0.200, aux_scale = 1.000,  final_loss = 4.2299, nll_loss = 4.1096, ref_nll_loss = 4.3503, ivc_loss = 0.0438, neg_loss_1 = 0.0027, neg_loss_2 = 0.0013, ref_loss = 0.0119, div_loss = 0.0594, aux_loss = 0.0200, aux_loss_eff = 0.0200, 0.660 seconds/batch
2026-04-21 20:51:57,920 - Epoch 28, Batch 750, lr = 0.00004, alpha_2 = 0.200, aux_scale = 1.000,  final_loss = 4.1748, nll_loss = 4.0539, ref_nll_loss = 4.2956, ivc_loss = 0.0434, neg_loss_1 = 0.0015, neg_loss_2 = 0.0011, ref_loss = 0.0130, div_loss = 0.0602, aux_loss = 0.0200, aux_loss_eff = 0.0200, 0.660 seconds/batch
2026-04-21 20:52:30,900 - Epoch 28, Batch 800, lr = 0.00004, alpha_2 = 0.200, aux_scale = 1.000,  final_loss = 4.1995, nll_loss = 4.0786, ref_nll_loss = 4.3204, ivc_loss = 0.0432, neg_loss_1 = 0.0021, neg_loss_2 = 0.0006, ref_loss = 0.0129, div_loss = 0.0605, aux_loss = 0.0200, aux_loss_eff = 0.0200, 0.660 seconds/batch
2026-04-21 20:53:03,898 - Epoch 28, Batch 850, lr = 0.00004, alpha_2 = 0.200, aux_scale = 1.000,  final_loss = 4.2061, nll_loss = 4.0853, ref_nll_loss = 4.3269, ivc_loss = 0.0411, neg_loss_1 = 0.0022, neg_loss_2 = 0.0009, ref_loss = 0.0113, div_loss = 0.0615, aux_loss = 0.0200, aux_loss_eff = 0.0200, 0.660 seconds/batch
2026-04-21 20:53:36,857 - Epoch 28, Batch 900, lr = 0.00004, alpha_2 = 0.200, aux_scale = 1.000,  final_loss = 4.2264, nll_loss = 4.0983, ref_nll_loss = 4.3544, ivc_loss = 0.0381, neg_loss_1 = 0.0014, neg_loss_2 = 0.0013, ref_loss = 0.0104, div_loss = 0.0597, aux_loss = 0.0200, aux_loss_eff = 0.0200, 0.660 seconds/batch
2026-04-21 20:54:09,850 - Epoch 28, Batch 950, lr = 0.00004, alpha_2 = 0.200, aux_scale = 1.000,  final_loss = 4.1985, nll_loss = 4.0759, ref_nll_loss = 4.3212, ivc_loss = 0.0383, neg_loss_1 = 0.0010, neg_loss_2 = 0.0009, ref_loss = 0.0112, div_loss = 0.0606, aux_loss = 0.0200, aux_loss_eff = 0.0200, 0.660 seconds/batch
2026-04-21 20:54:42,851 - Epoch 28, Batch 1000, lr = 0.00004, alpha_2 = 0.200, aux_scale = 1.000,  final_loss = 4.2536, nll_loss = 4.1317, ref_nll_loss = 4.3755, ivc_loss = 0.0390, neg_loss_1 = 0.0018, neg_loss_2 = 0.0009, ref_loss = 0.0106, div_loss = 0.0611, aux_loss = 0.0200, aux_loss_eff = 0.0200, 0.660 seconds/batch
2026-04-21 20:55:15,868 - Epoch 28, Batch 1050, lr = 0.00004, alpha_2 = 0.200, aux_scale = 1.000,  final_loss = 4.2050, nll_loss = 4.0827, ref_nll_loss = 4.3274, ivc_loss = 0.0407, neg_loss_1 = 0.0014, neg_loss_2 = 0.0007, ref_loss = 0.0124, div_loss = 0.0584, aux_loss = 0.0200, aux_loss_eff = 0.0200, 0.660 seconds/batch
2026-04-21 20:55:48,605 - Epoch 28, Batch 1100, lr = 0.00004, alpha_2 = 0.200, aux_scale = 1.000,  final_loss = 4.2460, nll_loss = 4.1231, ref_nll_loss = 4.3689, ivc_loss = 0.0408, neg_loss_1 = 0.0012, neg_loss_2 = 0.0013, ref_loss = 0.0119, div_loss = 0.0592, aux_loss = 0.0200, aux_loss_eff = 0.0200, 0.659 seconds/batch
2026-04-21 20:56:14,754 - Epoch 28, Batch 1150, lr = 0.00004, alpha_2 = 0.200, aux_scale = 1.000,  final_loss = 4.2465, nll_loss = 4.1217, ref_nll_loss = 4.3714, ivc_loss = 0.0390, neg_loss_1 = 0.0015, neg_loss_2 = 0.0013, ref_loss = 0.0110, div_loss = 0.0573, aux_loss = 0.0200, aux_loss_eff = 0.0200, 0.653 seconds/batch
2026-04-21 20:56:25,087 - Epoch 28, Batch 1170, lr = 0.00004, alpha_2 = 0.200, aux_scale = 1.000,  final_loss = 4.2501, nll_loss = 4.1327, ref_nll_loss = 4.3676, ivc_loss = 0.0413, neg_loss_1 = 0.0012, neg_loss_2 = 0.0012, ref_loss = 0.0127, div_loss = 0.0559, aux_loss = 0.0200, aux_loss_eff = 0.0200, 0.651 seconds/batch
2026-04-21 20:56:25,160 - save model to checkpoints/activitynet_moe_v2_staged_alpha_aux/moe_v2_staged_alpha_aux/model-28.pt, num_updates 32760.
2026-04-21 20:58:43,355 - | R@1,mIoU 0.3314 | R@1,IoU@0.1 0.7817 | R@1,IoU@0.3 0.4579 | R@1,IoU@0.5 0.2490 | R@1,IoU@0.7 0.1195 | R@1,IoU@0.9 0.0416 | R@5,mIoU 0.4808 | R@5,IoU@0.1 0.8978 | R@5,IoU@0.3 0.7025 | R@5,IoU@0.5 0.4880 | R@5,IoU@0.7 0.2451 | R@5,IoU@0.9 0.0698 |
2026-04-21 20:58:43,355 - ============================================================
2026-04-21 20:58:43,356 - Start Epoch 29
2026-04-21 20:59:15,959 - Epoch 29, Batch 50, lr = 0.00004, alpha_2 = 0.200, aux_scale = 1.000,  final_loss = 4.1863, nll_loss = 4.0634, ref_nll_loss = 4.3091, ivc_loss = 0.0384, neg_loss_1 = 0.0015, neg_loss_2 = 0.0010, ref_loss = 0.0110, div_loss = 0.0570, aux_loss = 0.0200, aux_loss_eff = 0.0200, 0.652 seconds/batch
2026-04-21 20:59:48,965 - Epoch 29, Batch 100, lr = 0.00004, alpha_2 = 0.200, aux_scale = 1.000,  final_loss = 4.1701, nll_loss = 4.0437, ref_nll_loss = 4.2964, ivc_loss = 0.0386, neg_loss_1 = 0.0018, neg_loss_2 = 0.0005, ref_loss = 0.0113, div_loss = 0.0569, aux_loss = 0.0200, aux_loss_eff = 0.0200, 0.656 seconds/batch
2026-04-21 21:00:22,077 - Epoch 29, Batch 150, lr = 0.00004, alpha_2 = 0.200, aux_scale = 1.000,  final_loss = 4.1990, nll_loss = 4.0753, ref_nll_loss = 4.3227, ivc_loss = 0.0403, neg_loss_1 = 0.0016, neg_loss_2 = 0.0006, ref_loss = 0.0121, div_loss = 0.0580, aux_loss = 0.0200, aux_loss_eff = 0.0200, 0.658 seconds/batch
2026-04-21 21:00:55,077 - Epoch 29, Batch 200, lr = 0.00004, alpha_2 = 0.200, aux_scale = 1.000,  final_loss = 4.2103, nll_loss = 4.0854, ref_nll_loss = 4.3351, ivc_loss = 0.0373, neg_loss_1 = 0.0012, neg_loss_2 = 0.0005, ref_loss = 0.0111, div_loss = 0.0592, aux_loss = 0.0200, aux_loss_eff = 0.0200, 0.659 seconds/batch
2026-04-21 21:01:28,060 - Epoch 29, Batch 250, lr = 0.00004, alpha_2 = 0.200, aux_scale = 1.000,  final_loss = 4.1703, nll_loss = 4.0488, ref_nll_loss = 4.2918, ivc_loss = 0.0418, neg_loss_1 = 0.0014, neg_loss_2 = 0.0006, ref_loss = 0.0130, div_loss = 0.0596, aux_loss = 0.0200, aux_loss_eff = 0.0200, 0.659 seconds/batch
2026-04-21 21:02:01,072 - Epoch 29, Batch 300, lr = 0.00004, alpha_2 = 0.200, aux_scale = 1.000,  final_loss = 4.2122, nll_loss = 4.0884, ref_nll_loss = 4.3361, ivc_loss = 0.0394, neg_loss_1 = 0.0011, neg_loss_2 = 0.0004, ref_loss = 0.0122, div_loss = 0.0595, aux_loss = 0.0200, aux_loss_eff = 0.0200, 0.659 seconds/batch
2026-04-21 21:02:34,041 - Epoch 29, Batch 350, lr = 0.00004, alpha_2 = 0.200, aux_scale = 1.000,  final_loss = 4.1825, nll_loss = 4.0585, ref_nll_loss = 4.3065, ivc_loss = 0.0410, neg_loss_1 = 0.0010, neg_loss_2 = 0.0005, ref_loss = 0.0130, div_loss = 0.0602, aux_loss = 0.0200, aux_loss_eff = 0.0200, 0.659 seconds/batch
2026-04-21 21:03:07,056 - Epoch 29, Batch 400, lr = 0.00004, alpha_2 = 0.200, aux_scale = 1.000,  final_loss = 4.2025, nll_loss = 4.0787, ref_nll_loss = 4.3263, ivc_loss = 0.0396, neg_loss_1 = 0.0014, neg_loss_2 = 0.0008, ref_loss = 0.0117, div_loss = 0.0593, aux_loss = 0.0200, aux_loss_eff = 0.0200, 0.659 seconds/batch
2026-04-21 21:03:40,049 - Epoch 29, Batch 450, lr = 0.00004, alpha_2 = 0.200, aux_scale = 1.000,  final_loss = 4.2066, nll_loss = 4.0805, ref_nll_loss = 4.3327, ivc_loss = 0.0388, neg_loss_1 = 0.0017, neg_loss_2 = 0.0009, ref_loss = 0.0108, div_loss = 0.0602, aux_loss = 0.0200, aux_loss_eff = 0.0200, 0.659 seconds/batch
2026-04-21 21:04:13,021 - Epoch 29, Batch 500, lr = 0.00004, alpha_2 = 0.200, aux_scale = 1.000,  final_loss = 4.2281, nll_loss = 4.1054, ref_nll_loss = 4.3507, ivc_loss = 0.0421, neg_loss_1 = 0.0018, neg_loss_2 = 0.0008, ref_loss = 0.0125, div_loss = 0.0597, aux_loss = 0.0200, aux_loss_eff = 0.0200, 0.659 seconds/batch
2026-04-21 21:04:46,003 - Epoch 29, Batch 550, lr = 0.00004, alpha_2 = 0.200, aux_scale = 1.000,  final_loss = 4.1927, nll_loss = 4.0687, ref_nll_loss = 4.3166, ivc_loss = 0.0395, neg_loss_1 = 0.0013, neg_loss_2 = 0.0007, ref_loss = 0.0118, div_loss = 0.0591, aux_loss = 0.0200, aux_loss_eff = 0.0200, 0.659 seconds/batch
2026-04-21 21:05:19,020 - Epoch 29, Batch 600, lr = 0.00004, alpha_2 = 0.200, aux_scale = 1.000,  final_loss = 4.1911, nll_loss = 4.0646, ref_nll_loss = 4.3177, ivc_loss = 0.0364, neg_loss_1 = 0.0009, neg_loss_2 = 0.0006, ref_loss = 0.0108, div_loss = 0.0583, aux_loss = 0.0200, aux_loss_eff = 0.0200, 0.659 seconds/batch
2026-04-21 21:05:51,984 - Epoch 29, Batch 650, lr = 0.00004, alpha_2 = 0.200, aux_scale = 1.000,  final_loss = 4.1844, nll_loss = 4.0624, ref_nll_loss = 4.3065, ivc_loss = 0.0444, neg_loss_1 = 0.0013, neg_loss_2 = 0.0008, ref_loss = 0.0139, div_loss = 0.0618, aux_loss = 0.0200, aux_loss_eff = 0.0200, 0.659 seconds/batch
2026-04-21 21:06:24,936 - Epoch 29, Batch 700, lr = 0.00004, alpha_2 = 0.200, aux_scale = 1.000,  final_loss = 4.2104, nll_loss = 4.0875, ref_nll_loss = 4.3334, ivc_loss = 0.0394, neg_loss_1 = 0.0016, neg_loss_2 = 0.0007, ref_loss = 0.0114, div_loss = 0.0595, aux_loss = 0.0200, aux_loss_eff = 0.0200, 0.659 seconds/batch
2026-04-21 21:06:57,938 - Epoch 29, Batch 750, lr = 0.00004, alpha_2 = 0.200, aux_scale = 1.000,  final_loss = 4.2083, nll_loss = 4.0866, ref_nll_loss = 4.3301, ivc_loss = 0.0391, neg_loss_1 = 0.0012, neg_loss_2 = 0.0006, ref_loss = 0.0119, div_loss = 0.0583, aux_loss = 0.0200, aux_loss_eff = 0.0200, 0.659 seconds/batch
2026-04-21 21:07:30,896 - Epoch 29, Batch 800, lr = 0.00004, alpha_2 = 0.200, aux_scale = 1.000,  final_loss = 4.1937, nll_loss = 4.0717, ref_nll_loss = 4.3158, ivc_loss = 0.0366, neg_loss_1 = 0.0014, neg_loss_2 = 0.0008, ref_loss = 0.0103, div_loss = 0.0590, aux_loss = 0.0200, aux_loss_eff = 0.0200, 0.659 seconds/batch
2026-04-21 21:08:03,830 - Epoch 29, Batch 850, lr = 0.00004, alpha_2 = 0.200, aux_scale = 1.000,  final_loss = 4.1984, nll_loss = 4.0770, ref_nll_loss = 4.3198, ivc_loss = 0.0376, neg_loss_1 = 0.0010, neg_loss_2 = 0.0008, ref_loss = 0.0111, div_loss = 0.0588, aux_loss = 0.0200, aux_loss_eff = 0.0200, 0.659 seconds/batch
2026-04-21 21:08:36,778 - Epoch 29, Batch 900, lr = 0.00004, alpha_2 = 0.200, aux_scale = 1.000,  final_loss = 4.2076, nll_loss = 4.0868, ref_nll_loss = 4.3284, ivc_loss = 0.0395, neg_loss_1 = 0.0015, neg_loss_2 = 0.0008, ref_loss = 0.0115, div_loss = 0.0589, aux_loss = 0.0200, aux_loss_eff = 0.0200, 0.659 seconds/batch
2026-04-21 21:09:09,747 - Epoch 29, Batch 950, lr = 0.00004, alpha_2 = 0.200, aux_scale = 1.000,  final_loss = 4.2021, nll_loss = 4.0800, ref_nll_loss = 4.3242, ivc_loss = 0.0408, neg_loss_1 = 0.0010, neg_loss_2 = 0.0008, ref_loss = 0.0128, div_loss = 0.0587, aux_loss = 0.0200, aux_loss_eff = 0.0200, 0.659 seconds/batch
2026-04-21 21:09:42,722 - Epoch 29, Batch 1000, lr = 0.00004, alpha_2 = 0.200, aux_scale = 1.000,  final_loss = 4.2472, nll_loss = 4.1177, ref_nll_loss = 4.3767, ivc_loss = 0.0372, neg_loss_1 = 0.0017, neg_loss_2 = 0.0009, ref_loss = 0.0104, div_loss = 0.0568, aux_loss = 0.0200, aux_loss_eff = 0.0200, 0.659 seconds/batch
2026-04-21 21:10:15,703 - Epoch 29, Batch 1050, lr = 0.00004, alpha_2 = 0.200, aux_scale = 1.000,  final_loss = 4.2099, nll_loss = 4.0872, ref_nll_loss = 4.3326, ivc_loss = 0.0365, neg_loss_1 = 0.0012, neg_loss_2 = 0.0008, ref_loss = 0.0107, div_loss = 0.0559, aux_loss = 0.0200, aux_loss_eff = 0.0200, 0.659 seconds/batch
2026-04-21 21:10:48,435 - Epoch 29, Batch 1100, lr = 0.00004, alpha_2 = 0.200, aux_scale = 1.000,  final_loss = 4.2210, nll_loss = 4.0986, ref_nll_loss = 4.3434, ivc_loss = 0.0403, neg_loss_1 = 0.0009, neg_loss_2 = 0.0007, ref_loss = 0.0128, div_loss = 0.0576, aux_loss = 0.0200, aux_loss_eff = 0.0200, 0.659 seconds/batch
2026-04-21 21:11:14,575 - Epoch 29, Batch 1150, lr = 0.00004, alpha_2 = 0.200, aux_scale = 1.000,  final_loss = 4.2074, nll_loss = 4.0847, ref_nll_loss = 4.3300, ivc_loss = 0.0415, neg_loss_1 = 0.0021, neg_loss_2 = 0.0010, ref_loss = 0.0117, div_loss = 0.0593, aux_loss = 0.0200, aux_loss_eff = 0.0200, 0.653 seconds/batch
2026-04-21 21:11:24,876 - Epoch 29, Batch 1170, lr = 0.00004, alpha_2 = 0.200, aux_scale = 1.000,  final_loss = 4.2582, nll_loss = 4.1338, ref_nll_loss = 4.3826, ivc_loss = 0.0415, neg_loss_1 = 0.0020, neg_loss_2 = 0.0018, ref_loss = 0.0110, div_loss = 0.0605, aux_loss = 0.0200, aux_loss_eff = 0.0200, 0.651 seconds/batch
2026-04-21 21:11:24,948 - save model to checkpoints/activitynet_moe_v2_staged_alpha_aux/moe_v2_staged_alpha_aux/model-29.pt, num_updates 33930.
2026-04-21 21:13:42,222 - | R@1,mIoU 0.3283 | R@1,IoU@0.1 0.7688 | R@1,IoU@0.3 0.4544 | R@1,IoU@0.5 0.2511 | R@1,IoU@0.7 0.1154 | R@1,IoU@0.9 0.0436 | R@5,mIoU 0.4845 | R@5,IoU@0.1 0.8964 | R@5,IoU@0.3 0.7073 | R@5,IoU@0.5 0.4972 | R@5,IoU@0.7 0.2503 | R@5,IoU@0.9 0.0740 |
2026-04-21 21:13:42,222 - ============================================================
2026-04-21 21:13:42,222 - Start Epoch 30
2026-04-21 21:14:14,800 - Epoch 30, Batch 50, lr = 0.00004, alpha_2 = 0.200, aux_scale = 1.000,  final_loss = 4.1624, nll_loss = 4.0372, ref_nll_loss = 4.2875, ivc_loss = 0.0372, neg_loss_1 = 0.0011, neg_loss_2 = 0.0008, ref_loss = 0.0107, div_loss = 0.0597, aux_loss = 0.0200, aux_loss_eff = 0.0200, 0.652 seconds/batch
2026-04-21 21:14:47,783 - Epoch 30, Batch 100, lr = 0.00004, alpha_2 = 0.200, aux_scale = 1.000,  final_loss = 4.2207, nll_loss = 4.0979, ref_nll_loss = 4.3435, ivc_loss = 0.0419, neg_loss_1 = 0.0016, neg_loss_2 = 0.0013, ref_loss = 0.0119, div_loss = 0.0616, aux_loss = 0.0200, aux_loss_eff = 0.0200, 0.656 seconds/batch
2026-04-21 21:15:20,797 - Epoch 30, Batch 150, lr = 0.00004, alpha_2 = 0.200, aux_scale = 1.000,  final_loss = 4.1855, nll_loss = 4.0615, ref_nll_loss = 4.3096, ivc_loss = 0.0397, neg_loss_1 = 0.0013, neg_loss_2 = 0.0007, ref_loss = 0.0118, div_loss = 0.0605, aux_loss = 0.0200, aux_loss_eff = 0.0200, 0.657 seconds/batch
2026-04-21 21:15:53,779 - Epoch 30, Batch 200, lr = 0.00004, alpha_2 = 0.200, aux_scale = 1.000,  final_loss = 4.2004, nll_loss = 4.0762, ref_nll_loss = 4.3246, ivc_loss = 0.0357, neg_loss_1 = 0.0009, neg_loss_2 = 0.0004, ref_loss = 0.0105, div_loss = 0.0610, aux_loss = 0.0200, aux_loss_eff = 0.0200, 0.658 seconds/batch
2026-04-21 21:16:26,785 - Epoch 30, Batch 250, lr = 0.00004, alpha_2 = 0.200, aux_scale = 1.000,  final_loss = 4.2001, nll_loss = 4.0749, ref_nll_loss = 4.3252, ivc_loss = 0.0408, neg_loss_1 = 0.0012, neg_loss_2 = 0.0011, ref_loss = 0.0120, div_loss = 0.0610, aux_loss = 0.0200, aux_loss_eff = 0.0200, 0.658 seconds/batch
2026-04-21 21:16:59,769 - Epoch 30, Batch 300, lr = 0.00004, alpha_2 = 0.200, aux_scale = 1.000,  final_loss = 4.1595, nll_loss = 4.0353, ref_nll_loss = 4.2836, ivc_loss = 0.0384, neg_loss_1 = 0.0014, neg_loss_2 = 0.0008, ref_loss = 0.0110, div_loss = 0.0598, aux_loss = 0.0200, aux_loss_eff = 0.0200, 0.658 seconds/batch
2026-04-21 21:17:32,754 - Epoch 30, Batch 350, lr = 0.00004, alpha_2 = 0.200, aux_scale = 1.000,  final_loss = 4.1738, nll_loss = 4.0466, ref_nll_loss = 4.3010, ivc_loss = 0.0360, neg_loss_1 = 0.0010, neg_loss_2 = 0.0010, ref_loss = 0.0101, div_loss = 0.0593, aux_loss = 0.0200, aux_loss_eff = 0.0200, 0.659 seconds/batch
2026-04-21 21:18:05,724 - Epoch 30, Batch 400, lr = 0.00004, alpha_2 = 0.200, aux_scale = 1.000,  final_loss = 4.1807, nll_loss = 4.0590, ref_nll_loss = 4.3025, ivc_loss = 0.0411, neg_loss_1 = 0.0020, neg_loss_2 = 0.0007, ref_loss = 0.0118, div_loss = 0.0602, aux_loss = 0.0200, aux_loss_eff = 0.0200, 0.659 seconds/batch
2026-04-21 21:18:38,712 - Epoch 30, Batch 450, lr = 0.00004, alpha_2 = 0.200, aux_scale = 1.000,  final_loss = 4.1798, nll_loss = 4.0512, ref_nll_loss = 4.3084, ivc_loss = 0.0367, neg_loss_1 = 0.0010, neg_loss_2 = 0.0013, ref_loss = 0.0102, div_loss = 0.0588, aux_loss = 0.0200, aux_loss_eff = 0.0200, 0.659 seconds/batch
2026-04-21 21:19:11,694 - Epoch 30, Batch 500, lr = 0.00004, alpha_2 = 0.200, aux_scale = 1.000,  final_loss = 4.1802, nll_loss = 4.0570, ref_nll_loss = 4.3033, ivc_loss = 0.0403, neg_loss_1 = 0.0017, neg_loss_2 = 0.0008, ref_loss = 0.0117, div_loss = 0.0592, aux_loss = 0.0200, aux_loss_eff = 0.0200, 0.659 seconds/batch
2026-04-21 21:19:44,702 - Epoch 30, Batch 550, lr = 0.00004, alpha_2 = 0.200, aux_scale = 1.000,  final_loss = 4.2323, nll_loss = 4.1094, ref_nll_loss = 4.3552, ivc_loss = 0.0399, neg_loss_1 = 0.0013, neg_loss_2 = 0.0015, ref_loss = 0.0112, div_loss = 0.0593, aux_loss = 0.0200, aux_loss_eff = 0.0200, 0.659 seconds/batch
2026-04-21 21:20:17,684 - Epoch 30, Batch 600, lr = 0.00004, alpha_2 = 0.200, aux_scale = 1.000,  final_loss = 4.1680, nll_loss = 4.0443, ref_nll_loss = 4.2917, ivc_loss = 0.0407, neg_loss_1 = 0.0018, neg_loss_2 = 0.0005, ref_loss = 0.0121, div_loss = 0.0593, aux_loss = 0.0200, aux_loss_eff = 0.0200, 0.659 seconds/batch
2026-04-21 21:20:50,688 - Epoch 30, Batch 650, lr = 0.00004, alpha_2 = 0.200, aux_scale = 1.000,  final_loss = 4.1709, nll_loss = 4.0476, ref_nll_loss = 4.2941, ivc_loss = 0.0376, neg_loss_1 = 0.0012, neg_loss_2 = 0.0006, ref_loss = 0.0111, div_loss = 0.0592, aux_loss = 0.0200, aux_loss_eff = 0.0200, 0.659 seconds/batch
2026-04-21 21:21:23,680 - Epoch 30, Batch 700, lr = 0.00004, alpha_2 = 0.200, aux_scale = 1.000,  final_loss = 4.1728, nll_loss = 4.0483, ref_nll_loss = 4.2972, ivc_loss = 0.0349, neg_loss_1 = 0.0012, neg_loss_2 = 0.0002, ref_loss = 0.0102, div_loss = 0.0584, aux_loss = 0.0200, aux_loss_eff = 0.0200, 0.659 seconds/batch
2026-04-21 21:21:56,624 - Epoch 30, Batch 750, lr = 0.00004, alpha_2 = 0.200, aux_scale = 1.000,  final_loss = 4.2044, nll_loss = 4.0782, ref_nll_loss = 4.3305, ivc_loss = 0.0359, neg_loss_1 = 0.0010, neg_loss_2 = 0.0007, ref_loss = 0.0104, div_loss = 0.0584, aux_loss = 0.0200, aux_loss_eff = 0.0200, 0.659 seconds/batch
2026-04-21 21:22:29,597 - Epoch 30, Batch 800, lr = 0.00004, alpha_2 = 0.200, aux_scale = 1.000,  final_loss = 4.1629, nll_loss = 4.0389, ref_nll_loss = 4.2869, ivc_loss = 0.0406, neg_loss_1 = 0.0018, neg_loss_2 = 0.0007, ref_loss = 0.0119, div_loss = 0.0592, aux_loss = 0.0200, aux_loss_eff = 0.0200, 0.659 seconds/batch
2026-04-21 21:23:02,591 - Epoch 30, Batch 850, lr = 0.00004, alpha_2 = 0.200, aux_scale = 1.000,  final_loss = 4.2090, nll_loss = 4.0838, ref_nll_loss = 4.3342, ivc_loss = 0.0372, neg_loss_1 = 0.0012, neg_loss_2 = 0.0004, ref_loss = 0.0112, div_loss = 0.0580, aux_loss = 0.0200, aux_loss_eff = 0.0200, 0.659 seconds/batch
2026-04-21 21:23:35,565 - Epoch 30, Batch 900, lr = 0.00004, alpha_2 = 0.200, aux_scale = 1.000,  final_loss = 4.2039, nll_loss = 4.0784, ref_nll_loss = 4.3294, ivc_loss = 0.0355, neg_loss_1 = 0.0018, neg_loss_2 = 0.0004, ref_loss = 0.0096, div_loss = 0.0593, aux_loss = 0.0200, aux_loss_eff = 0.0200, 0.659 seconds/batch
2026-04-21 21:24:08,428 - Epoch 30, Batch 950, lr = 0.00004, alpha_2 = 0.200, aux_scale = 1.000,  final_loss = 4.1920, nll_loss = 4.0658, ref_nll_loss = 4.3182, ivc_loss = 0.0363, neg_loss_1 = 0.0008, neg_loss_2 = 0.0005, ref_loss = 0.0112, div_loss = 0.0573, aux_loss = 0.0200, aux_loss_eff = 0.0200, 0.659 seconds/batch
2026-04-21 21:24:41,432 - Epoch 30, Batch 1000, lr = 0.00004, alpha_2 = 0.200, aux_scale = 1.000,  final_loss = 4.2211, nll_loss = 4.0981, ref_nll_loss = 4.3441, ivc_loss = 0.0438, neg_loss_1 = 0.0016, neg_loss_2 = 0.0012, ref_loss = 0.0132, div_loss = 0.0589, aux_loss = 0.0200, aux_loss_eff = 0.0200, 0.659 seconds/batch
2026-04-21 21:25:14,368 - Epoch 30, Batch 1050, lr = 0.00004, alpha_2 = 0.200, aux_scale = 1.000,  final_loss = 4.2122, nll_loss = 4.0886, ref_nll_loss = 4.3358, ivc_loss = 0.0409, neg_loss_1 = 0.0011, neg_loss_2 = 0.0004, ref_loss = 0.0128, div_loss = 0.0609, aux_loss = 0.0200, aux_loss_eff = 0.0200, 0.659 seconds/batch
2026-04-21 21:25:46,867 - Epoch 30, Batch 1100, lr = 0.00004, alpha_2 = 0.200, aux_scale = 1.000,  final_loss = 4.1853, nll_loss = 4.0609, ref_nll_loss = 4.3098, ivc_loss = 0.0363, neg_loss_1 = 0.0013, neg_loss_2 = 0.0005, ref_loss = 0.0103, div_loss = 0.0606, aux_loss = 0.0200, aux_loss_eff = 0.0200, 0.659 seconds/batch
2026-04-21 21:26:12,999 - Epoch 30, Batch 1150, lr = 0.00004, alpha_2 = 0.200, aux_scale = 1.000,  final_loss = 4.1823, nll_loss = 4.0616, ref_nll_loss = 4.3031, ivc_loss = 0.0404, neg_loss_1 = 0.0008, neg_loss_2 = 0.0004, ref_loss = 0.0130, div_loss = 0.0607, aux_loss = 0.0200, aux_loss_eff = 0.0200, 0.653 seconds/batch
2026-04-21 21:26:23,293 - Epoch 30, Batch 1170, lr = 0.00004, alpha_2 = 0.200, aux_scale = 1.000,  final_loss = 4.1921, nll_loss = 4.0651, ref_nll_loss = 4.3190, ivc_loss = 0.0371, neg_loss_1 = 0.0010, neg_loss_2 = 0.0008, ref_loss = 0.0109, div_loss = 0.0586, aux_loss = 0.0200, aux_loss_eff = 0.0200, 0.650 seconds/batch
2026-04-21 21:26:23,366 - save model to checkpoints/activitynet_moe_v2_staged_alpha_aux/moe_v2_staged_alpha_aux/model-30.pt, num_updates 35100.
2026-04-21 21:28:28,409 - | R@1,mIoU 0.3310 | R@1,IoU@0.1 0.7800 | R@1,IoU@0.3 0.4583 | R@1,IoU@0.5 0.2500 | R@1,IoU@0.7 0.1193 | R@1,IoU@0.9 0.0421 | R@5,mIoU 0.4702 | R@5,IoU@0.1 0.8912 | R@5,IoU@0.3 0.6919 | R@5,IoU@0.5 0.4687 | R@5,IoU@0.7 0.2312 | R@5,IoU@0.9 0.0636 |
2026-04-21 21:28:28,409 - ============================================================
2026-04-21 21:28:28,409 - === Final Best Results ===
2026-04-21 21:28:28,409 - R@1-best: | R@1,mIoU 0.3450 | R@1,IoU@0.1 0.8161 | R@1,IoU@0.3 0.4761 | R@1,IoU@0.5 0.2284 | R@1,IoU@0.7 0.1271 | R@1,IoU@0.9 0.0788 | R@5,mIoU 0.5348 | R@5,IoU@0.1 0.9211 | R@5,IoU@0.3 0.7469 | R@5,IoU@0.5 0.5607 | R@5,IoU@0.7 0.3330 | R@5,IoU@0.9 0.1217 |
2026-04-21 21:28:28,409 - R@5-best: | R@1,mIoU 0.3450 | R@1,IoU@0.1 0.8161 | R@1,IoU@0.3 0.4761 | R@1,IoU@0.5 0.2284 | R@1,IoU@0.7 0.1271 | R@1,IoU@0.9 0.0788 | R@5,mIoU 0.5348 | R@5,IoU@0.1 0.9211 | R@5,IoU@0.3 0.7469 | R@5,IoU@0.5 0.5607 | R@5,IoU@0.7 0.3330 | R@5,IoU@0.9 0.1217 |
2026-04-21 21:28:28,409 - Tradeoff-best: | R@1,mIoU 0.3450 | R@1,IoU@0.1 0.8161 | R@1,IoU@0.3 0.4761 | R@1,IoU@0.5 0.2284 | R@1,IoU@0.7 0.1271 | R@1,IoU@0.9 0.0788 | R@5,mIoU 0.5348 | R@5,IoU@0.1 0.9211 | R@5,IoU@0.3 0.7469 | R@5,IoU@0.5 0.5607 | R@5,IoU@0.7 0.3330 | R@5,IoU@0.9 0.1217 |
