2026-04-21 13:59:02,246 - {'dataset': {'dataset': 'ActivityNet', 'feature_path': '/data/chenyuan/videogrounding/cpl-main/data/activitynet/sub_activitynet_v1-3.c3d.hdf5', 'vocab_size': 8000, 'word_dim': 300, 'frame_dim': 500, 'max_num_words': 20, 'max_num_frames': 200, 'target_stride': 1, 'train_data': 'data/activitynet/train_data.json', 'test_data': 'data/activitynet/test_data.json', 'val_data': 'data/activitynet/val_data.json', 'vocab_path': 'data/activitynet/glove.pkl'}, 'train': {'optimizer': {'lr': 0.0004, 'weight_decay': 0, 'warmup_updates': 400, 'warmup_init_lr': 1e-07}, 'batch_size': 32, 'max_num_epochs': 30, 'model_saved_path': 'checkpoints/activitynet_moe_v2_staged_alpha/moe_v2_staged_alpha'}, 'model': {'name': 'CPL_MoE', 'source': 'models', 'config': {'frames_input_size': 500, 'words_input_size': 300, 'hidden_size': 256, 'use_negative': True, 'num_props': 8, 'sigma': 9, 'gamma': 0, 'dropout': 0.1, 'DualTransformer': {'d_model': 256, 'num_heads': 4, 'num_decoder_layers1': 3, 'num_decoder_layers2': 3, 'dropout': 0.1}, 'MoE': {'use_moe': True, 'use_simple_moe': False, 'num_experts': 8, 'num_shared_experts': 2, 'top_k': 2, 'use_load_balance_loss': False, 'load_balance_weight': 0.01, 'use_2layer_gate': True}}}, 'loss': {'margin_1': 0.1, 'margin_2': 0.15, 'lambda': 0.115, 'alpha_1': 2, 'alpha_2': 1.0, 'alpha_2_schedule': [[4, 1.0], [10, 0.5], [30, 0.2]]}, '_comment': 'Staged alpha_2 only (no aux_loss). Epochs 1-4: high diversity (1.0), 5-10: medium (0.5), 11+: converge on localization (0.2). Run with train_moe_v2.py.', 'vote': True}
2026-04-21 13:59:02,599 - train: 37421 samples, test: 17031 samples
2026-04-21 13:59:03,329 - Start Epoch 1
2026-04-21 13:59:18,196 - Epoch 1, Batch 50, lr = 0.00005, alpha_2 = 1.000, aux_scale = 1.000,  final_loss = 8.8745, nll_loss = 8.8371, ref_nll_loss = 8.9120, ivc_loss = 0.7610, neg_loss_1 = 0.0813, neg_loss_2 = 0.0844, ref_loss = 0.0480, div_loss = 0.3335, 0.297 seconds/batch
2026-04-21 13:59:50,285 - Epoch 1, Batch 100, lr = 0.00010, alpha_2 = 1.000, aux_scale = 1.000,  final_loss = 7.9679, nll_loss = 7.9323, ref_nll_loss = 8.0035, ivc_loss = 0.3839, neg_loss_1 = 0.0570, neg_loss_2 = 0.0607, ref_loss = 0.0445, div_loss = 0.0597, 0.470 seconds/batch
2026-04-21 14:00:23,193 - Epoch 1, Batch 150, lr = 0.00015, alpha_2 = 1.000, aux_scale = 1.000,  final_loss = 7.2005, nll_loss = 7.1584, ref_nll_loss = 7.2426, ivc_loss = 0.3246, neg_loss_1 = 0.0541, neg_loss_2 = 0.0536, ref_loss = 0.0376, div_loss = 0.0340, 0.532 seconds/batch
2026-04-21 14:00:56,142 - Epoch 1, Batch 200, lr = 0.00020, alpha_2 = 1.000, aux_scale = 1.000,  final_loss = 6.6509, nll_loss = 6.6025, ref_nll_loss = 6.6992, ivc_loss = 0.3062, neg_loss_1 = 0.0529, neg_loss_2 = 0.0485, ref_loss = 0.0364, div_loss = 0.0306, 0.564 seconds/batch
2026-04-21 14:01:28,982 - Epoch 1, Batch 250, lr = 0.00025, alpha_2 = 1.000, aux_scale = 1.000,  final_loss = 6.3775, nll_loss = 6.3254, ref_nll_loss = 6.4297, ivc_loss = 0.2878, neg_loss_1 = 0.0502, neg_loss_2 = 0.0448, ref_loss = 0.0307, div_loss = 0.0364, 0.583 seconds/batch
2026-04-21 14:02:01,747 - Epoch 1, Batch 300, lr = 0.00030, alpha_2 = 1.000, aux_scale = 1.000,  final_loss = 6.2272, nll_loss = 6.1774, ref_nll_loss = 6.2770, ivc_loss = 0.2975, neg_loss_1 = 0.0500, neg_loss_2 = 0.0426, ref_loss = 0.0339, div_loss = 0.0445, 0.595 seconds/batch
2026-04-21 14:02:34,629 - Epoch 1, Batch 350, lr = 0.00035, alpha_2 = 1.000, aux_scale = 1.000,  final_loss = 6.1480, nll_loss = 6.0938, ref_nll_loss = 6.2023, ivc_loss = 0.2827, neg_loss_1 = 0.0438, neg_loss_2 = 0.0448, ref_loss = 0.0321, div_loss = 0.0413, 0.604 seconds/batch
2026-04-21 14:03:07,511 - Epoch 1, Batch 400, lr = 0.00040, alpha_2 = 1.000, aux_scale = 1.000,  final_loss = 6.0713, nll_loss = 6.0145, ref_nll_loss = 6.1281, ivc_loss = 0.2819, neg_loss_1 = 0.0524, neg_loss_2 = 0.0388, ref_loss = 0.0313, div_loss = 0.0370, 0.610 seconds/batch
2026-04-21 14:03:40,389 - Epoch 1, Batch 450, lr = 0.00038, alpha_2 = 1.000, aux_scale = 1.000,  final_loss = 6.0252, nll_loss = 5.9645, ref_nll_loss = 6.0860, ivc_loss = 0.2615, neg_loss_1 = 0.0429, neg_loss_2 = 0.0392, ref_loss = 0.0299, div_loss = 0.0374, 0.616 seconds/batch
2026-04-21 14:04:13,260 - Epoch 1, Batch 500, lr = 0.00036, alpha_2 = 1.000, aux_scale = 1.000,  final_loss = 5.9530, nll_loss = 5.8952, ref_nll_loss = 6.0108, ivc_loss = 0.2770, neg_loss_1 = 0.0479, neg_loss_2 = 0.0394, ref_loss = 0.0318, div_loss = 0.0387, 0.620 seconds/batch
2026-04-21 14:04:46,167 - Epoch 1, Batch 550, lr = 0.00034, alpha_2 = 1.000, aux_scale = 1.000,  final_loss = 5.8899, nll_loss = 5.8288, ref_nll_loss = 5.9509, ivc_loss = 0.2461, neg_loss_1 = 0.0432, neg_loss_2 = 0.0372, ref_loss = 0.0287, div_loss = 0.0278, 0.623 seconds/batch
2026-04-21 14:05:19,078 - Epoch 1, Batch 600, lr = 0.00033, alpha_2 = 1.000, aux_scale = 1.000,  final_loss = 5.8150, nll_loss = 5.7495, ref_nll_loss = 5.8804, ivc_loss = 0.2265, neg_loss_1 = 0.0389, neg_loss_2 = 0.0331, ref_loss = 0.0269, div_loss = 0.0287, 0.626 seconds/batch
2026-04-21 14:05:51,837 - Epoch 1, Batch 650, lr = 0.00031, alpha_2 = 1.000, aux_scale = 1.000,  final_loss = 5.8056, nll_loss = 5.7435, ref_nll_loss = 5.8677, ivc_loss = 0.2298, neg_loss_1 = 0.0377, neg_loss_2 = 0.0342, ref_loss = 0.0299, div_loss = 0.0262, 0.628 seconds/batch
2026-04-21 14:06:24,673 - Epoch 1, Batch 700, lr = 0.00030, alpha_2 = 1.000, aux_scale = 1.000,  final_loss = 5.7845, nll_loss = 5.7187, ref_nll_loss = 5.8503, ivc_loss = 0.2246, neg_loss_1 = 0.0390, neg_loss_2 = 0.0327, ref_loss = 0.0285, div_loss = 0.0242, 0.630 seconds/batch
2026-04-21 14:06:57,518 - Epoch 1, Batch 750, lr = 0.00029, alpha_2 = 1.000, aux_scale = 1.000,  final_loss = 5.7151, nll_loss = 5.6469, ref_nll_loss = 5.7833, ivc_loss = 0.2097, neg_loss_1 = 0.0343, neg_loss_2 = 0.0316, ref_loss = 0.0269, div_loss = 0.0241, 0.632 seconds/batch
2026-04-21 14:07:30,223 - Epoch 1, Batch 800, lr = 0.00028, alpha_2 = 1.000, aux_scale = 1.000,  final_loss = 5.7017, nll_loss = 5.6340, ref_nll_loss = 5.7695, ivc_loss = 0.2056, neg_loss_1 = 0.0323, neg_loss_2 = 0.0305, ref_loss = 0.0274, div_loss = 0.0253, 0.634 seconds/batch
2026-04-21 14:08:02,933 - Epoch 1, Batch 850, lr = 0.00027, alpha_2 = 1.000, aux_scale = 1.000,  final_loss = 5.6784, nll_loss = 5.6126, ref_nll_loss = 5.7443, ivc_loss = 0.2033, neg_loss_1 = 0.0316, neg_loss_2 = 0.0293, ref_loss = 0.0294, div_loss = 0.0226, 0.635 seconds/batch
2026-04-21 14:08:35,791 - Epoch 1, Batch 900, lr = 0.00027, alpha_2 = 1.000, aux_scale = 1.000,  final_loss = 5.6373, nll_loss = 5.5662, ref_nll_loss = 5.7084, ivc_loss = 0.2008, neg_loss_1 = 0.0306, neg_loss_2 = 0.0314, ref_loss = 0.0273, div_loss = 0.0223, 0.636 seconds/batch
2026-04-21 14:09:08,634 - Epoch 1, Batch 950, lr = 0.00026, alpha_2 = 1.000, aux_scale = 1.000,  final_loss = 5.6353, nll_loss = 5.5621, ref_nll_loss = 5.7084, ivc_loss = 0.1913, neg_loss_1 = 0.0273, neg_loss_2 = 0.0316, ref_loss = 0.0263, div_loss = 0.0208, 0.637 seconds/batch
2026-04-21 14:09:41,459 - Epoch 1, Batch 1000, lr = 0.00025, alpha_2 = 1.000, aux_scale = 1.000,  final_loss = 5.5690, nll_loss = 5.4990, ref_nll_loss = 5.6390, ivc_loss = 0.2011, neg_loss_1 = 0.0318, neg_loss_2 = 0.0293, ref_loss = 0.0289, div_loss = 0.0211, 0.638 seconds/batch
2026-04-21 14:10:14,307 - Epoch 1, Batch 1050, lr = 0.00025, alpha_2 = 1.000, aux_scale = 1.000,  final_loss = 5.5711, nll_loss = 5.4957, ref_nll_loss = 5.6466, ivc_loss = 0.1826, neg_loss_1 = 0.0293, neg_loss_2 = 0.0261, ref_loss = 0.0246, div_loss = 0.0224, 0.639 seconds/batch
2026-04-21 14:10:47,179 - Epoch 1, Batch 1100, lr = 0.00024, alpha_2 = 1.000, aux_scale = 1.000,  final_loss = 5.5428, nll_loss = 5.4709, ref_nll_loss = 5.6147, ivc_loss = 0.1873, neg_loss_1 = 0.0285, neg_loss_2 = 0.0281, ref_loss = 0.0274, div_loss = 0.0191, 0.640 seconds/batch
2026-04-21 14:11:20,050 - Epoch 1, Batch 1150, lr = 0.00024, alpha_2 = 1.000, aux_scale = 1.000,  final_loss = 5.5497, nll_loss = 5.4791, ref_nll_loss = 5.6204, ivc_loss = 0.1896, neg_loss_1 = 0.0294, neg_loss_2 = 0.0261, ref_loss = 0.0272, div_loss = 0.0242, 0.641 seconds/batch
2026-04-21 14:11:32,917 - Epoch 1, Batch 1170, lr = 0.00023, alpha_2 = 1.000, aux_scale = 1.000,  final_loss = 5.5103, nll_loss = 5.4327, ref_nll_loss = 5.5878, ivc_loss = 0.1674, neg_loss_1 = 0.0276, neg_loss_2 = 0.0257, ref_loss = 0.0209, div_loss = 0.0189, 0.641 seconds/batch
2026-04-21 14:11:33,002 - save model to checkpoints/activitynet_moe_v2_staged_alpha/moe_v2_staged_alpha/model-1.pt, num_updates 1170.
2026-04-21 14:13:52,073 - | R@1,mIoU 0.2890 | R@1,IoU@0.1 0.6621 | R@1,IoU@0.3 0.4462 | R@1,IoU@0.5 0.2746 | R@1,IoU@0.7 0.0438 | R@1,IoU@0.9 0.0039 | R@5,mIoU 0.5392 | R@5,IoU@0.1 0.9090 | R@5,IoU@0.3 0.7542 | R@5,IoU@0.5 0.6000 | R@5,IoU@0.7 0.3313 | R@5,IoU@0.9 0.0814 |
2026-04-21 14:13:52,166 - Best R@1 updated: 0.2890
2026-04-21 14:13:52,263 - Best R@5 updated: 0.5392
2026-04-21 14:13:52,428 - Best tradeoff updated: 0.4777  (R@1=0.2890, R@5=0.5392)
2026-04-21 14:13:52,429 - ============================================================
2026-04-21 14:13:52,429 - Start Epoch 2
2026-04-21 14:14:12,571 - Epoch 2, Batch 50, lr = 0.00023, alpha_2 = 1.000, aux_scale = 1.000,  final_loss = 5.4905, nll_loss = 5.4195, ref_nll_loss = 5.5615, ivc_loss = 0.1910, neg_loss_1 = 0.0271, neg_loss_2 = 0.0286, ref_loss = 0.0283, div_loss = 0.0231, 0.403 seconds/batch
2026-04-21 14:14:45,157 - Epoch 2, Batch 100, lr = 0.00022, alpha_2 = 1.000, aux_scale = 1.000,  final_loss = 5.4590, nll_loss = 5.3862, ref_nll_loss = 5.5318, ivc_loss = 0.1837, neg_loss_1 = 0.0296, neg_loss_2 = 0.0264, ref_loss = 0.0256, div_loss = 0.0205, 0.527 seconds/batch
2026-04-21 14:15:18,086 - Epoch 2, Batch 150, lr = 0.00022, alpha_2 = 1.000, aux_scale = 1.000,  final_loss = 5.4744, nll_loss = 5.4017, ref_nll_loss = 5.5471, ivc_loss = 0.1883, neg_loss_1 = 0.0257, neg_loss_2 = 0.0277, ref_loss = 0.0284, div_loss = 0.0246, 0.571 seconds/batch
2026-04-21 14:15:51,050 - Epoch 2, Batch 200, lr = 0.00022, alpha_2 = 1.000, aux_scale = 1.000,  final_loss = 5.4369, nll_loss = 5.3649, ref_nll_loss = 5.5090, ivc_loss = 0.1706, neg_loss_1 = 0.0255, neg_loss_2 = 0.0215, ref_loss = 0.0271, div_loss = 0.0223, 0.593 seconds/batch
2026-04-21 14:16:23,997 - Epoch 2, Batch 250, lr = 0.00021, alpha_2 = 1.000, aux_scale = 1.000,  final_loss = 5.4424, nll_loss = 5.3696, ref_nll_loss = 5.5152, ivc_loss = 0.1734, neg_loss_1 = 0.0264, neg_loss_2 = 0.0213, ref_loss = 0.0282, div_loss = 0.0216, 0.606 seconds/batch
2026-04-21 14:16:56,764 - Epoch 2, Batch 300, lr = 0.00021, alpha_2 = 1.000, aux_scale = 1.000,  final_loss = 5.4130, nll_loss = 5.3369, ref_nll_loss = 5.4891, ivc_loss = 0.1657, neg_loss_1 = 0.0239, neg_loss_2 = 0.0191, ref_loss = 0.0280, div_loss = 0.0238, 0.614 seconds/batch
2026-04-21 14:17:29,555 - Epoch 2, Batch 350, lr = 0.00021, alpha_2 = 1.000, aux_scale = 1.000,  final_loss = 5.4233, nll_loss = 5.3506, ref_nll_loss = 5.4960, ivc_loss = 0.1677, neg_loss_1 = 0.0235, neg_loss_2 = 0.0208, ref_loss = 0.0276, div_loss = 0.0240, 0.620 seconds/batch
2026-04-21 14:18:02,452 - Epoch 2, Batch 400, lr = 0.00020, alpha_2 = 1.000, aux_scale = 1.000,  final_loss = 5.3652, nll_loss = 5.2897, ref_nll_loss = 5.4407, ivc_loss = 0.1640, neg_loss_1 = 0.0241, neg_loss_2 = 0.0227, ref_loss = 0.0241, div_loss = 0.0222, 0.625 seconds/batch
2026-04-21 14:18:35,410 - Epoch 2, Batch 450, lr = 0.00020, alpha_2 = 1.000, aux_scale = 1.000,  final_loss = 5.3831, nll_loss = 5.3092, ref_nll_loss = 5.4570, ivc_loss = 0.1615, neg_loss_1 = 0.0210, neg_loss_2 = 0.0225, ref_loss = 0.0251, div_loss = 0.0241, 0.629 seconds/batch
2026-04-21 14:19:08,395 - Epoch 2, Batch 500, lr = 0.00020, alpha_2 = 1.000, aux_scale = 1.000,  final_loss = 5.3746, nll_loss = 5.3034, ref_nll_loss = 5.4458, ivc_loss = 0.1645, neg_loss_1 = 0.0220, neg_loss_2 = 0.0199, ref_loss = 0.0279, div_loss = 0.0251, 0.632 seconds/batch
2026-04-21 14:19:41,146 - Epoch 2, Batch 550, lr = 0.00019, alpha_2 = 1.000, aux_scale = 1.000,  final_loss = 5.3709, nll_loss = 5.2980, ref_nll_loss = 5.4438, ivc_loss = 0.1611, neg_loss_1 = 0.0207, neg_loss_2 = 0.0204, ref_loss = 0.0275, div_loss = 0.0238, 0.634 seconds/batch
2026-04-21 14:20:14,106 - Epoch 2, Batch 600, lr = 0.00019, alpha_2 = 1.000, aux_scale = 1.000,  final_loss = 5.3363, nll_loss = 5.2615, ref_nll_loss = 5.4112, ivc_loss = 0.1582, neg_loss_1 = 0.0215, neg_loss_2 = 0.0170, ref_loss = 0.0277, div_loss = 0.0257, 0.636 seconds/batch
2026-04-21 14:20:47,079 - Epoch 2, Batch 650, lr = 0.00019, alpha_2 = 1.000, aux_scale = 1.000,  final_loss = 5.3215, nll_loss = 5.2505, ref_nll_loss = 5.3924, ivc_loss = 0.1513, neg_loss_1 = 0.0195, neg_loss_2 = 0.0145, ref_loss = 0.0288, div_loss = 0.0256, 0.638 seconds/batch
2026-04-21 14:21:20,048 - Epoch 2, Batch 700, lr = 0.00018, alpha_2 = 1.000, aux_scale = 1.000,  final_loss = 5.3343, nll_loss = 5.2576, ref_nll_loss = 5.4110, ivc_loss = 0.1552, neg_loss_1 = 0.0218, neg_loss_2 = 0.0166, ref_loss = 0.0261, div_loss = 0.0261, 0.639 seconds/batch
2026-04-21 14:21:52,815 - Epoch 2, Batch 750, lr = 0.00018, alpha_2 = 1.000, aux_scale = 1.000,  final_loss = 5.2986, nll_loss = 5.2250, ref_nll_loss = 5.3721, ivc_loss = 0.1438, neg_loss_1 = 0.0176, neg_loss_2 = 0.0160, ref_loss = 0.0263, div_loss = 0.0240, 0.641 seconds/batch
2026-04-21 14:22:25,755 - Epoch 2, Batch 800, lr = 0.00018, alpha_2 = 1.000, aux_scale = 1.000,  final_loss = 5.2627, nll_loss = 5.1903, ref_nll_loss = 5.3351, ivc_loss = 0.1413, neg_loss_1 = 0.0186, neg_loss_2 = 0.0144, ref_loss = 0.0261, div_loss = 0.0232, 0.642 seconds/batch
2026-04-21 14:22:58,722 - Epoch 2, Batch 850, lr = 0.00018, alpha_2 = 1.000, aux_scale = 1.000,  final_loss = 5.2793, nll_loss = 5.2084, ref_nll_loss = 5.3502, ivc_loss = 0.1492, neg_loss_1 = 0.0183, neg_loss_2 = 0.0136, ref_loss = 0.0291, div_loss = 0.0272, 0.643 seconds/batch
2026-04-21 14:23:31,695 - Epoch 2, Batch 900, lr = 0.00018, alpha_2 = 1.000, aux_scale = 1.000,  final_loss = 5.3044, nll_loss = 5.2338, ref_nll_loss = 5.3751, ivc_loss = 0.1509, neg_loss_1 = 0.0180, neg_loss_2 = 0.0173, ref_loss = 0.0277, div_loss = 0.0247, 0.644 seconds/batch
2026-04-21 14:24:04,618 - Epoch 2, Batch 950, lr = 0.00017, alpha_2 = 1.000, aux_scale = 1.000,  final_loss = 5.2305, nll_loss = 5.1597, ref_nll_loss = 5.3013, ivc_loss = 0.1521, neg_loss_1 = 0.0196, neg_loss_2 = 0.0147, ref_loss = 0.0283, div_loss = 0.0268, 0.644 seconds/batch
2026-04-21 14:24:37,576 - Epoch 2, Batch 1000, lr = 0.00017, alpha_2 = 1.000, aux_scale = 1.000,  final_loss = 5.2669, nll_loss = 5.1922, ref_nll_loss = 5.3416, ivc_loss = 0.1486, neg_loss_1 = 0.0162, neg_loss_2 = 0.0156, ref_loss = 0.0277, div_loss = 0.0297, 0.645 seconds/batch
2026-04-21 14:25:10,547 - Epoch 2, Batch 1050, lr = 0.00017, alpha_2 = 1.000, aux_scale = 1.000,  final_loss = 5.2698, nll_loss = 5.1971, ref_nll_loss = 5.3424, ivc_loss = 0.1410, neg_loss_1 = 0.0157, neg_loss_2 = 0.0138, ref_loss = 0.0270, div_loss = 0.0280, 0.646 seconds/batch
2026-04-21 14:25:43,505 - Epoch 2, Batch 1100, lr = 0.00017, alpha_2 = 1.000, aux_scale = 1.000,  final_loss = 5.2154, nll_loss = 5.1439, ref_nll_loss = 5.2869, ivc_loss = 0.1385, neg_loss_1 = 0.0145, neg_loss_2 = 0.0132, ref_loss = 0.0279, div_loss = 0.0271, 0.646 seconds/batch
2026-04-21 14:26:16,459 - Epoch 2, Batch 1150, lr = 0.00017, alpha_2 = 1.000, aux_scale = 1.000,  final_loss = 5.2280, nll_loss = 5.1519, ref_nll_loss = 5.3041, ivc_loss = 0.1346, neg_loss_1 = 0.0152, neg_loss_2 = 0.0125, ref_loss = 0.0263, div_loss = 0.0266, 0.647 seconds/batch
2026-04-21 14:26:29,380 - Epoch 2, Batch 1170, lr = 0.00017, alpha_2 = 1.000, aux_scale = 1.000,  final_loss = 5.1765, nll_loss = 5.1007, ref_nll_loss = 5.2523, ivc_loss = 0.1329, neg_loss_1 = 0.0138, neg_loss_2 = 0.0126, ref_loss = 0.0264, div_loss = 0.0272, 0.647 seconds/batch
2026-04-21 14:26:29,462 - save model to checkpoints/activitynet_moe_v2_staged_alpha/moe_v2_staged_alpha/model-2.pt, num_updates 2340.
2026-04-21 14:28:48,695 - | R@1,mIoU 0.3411 | R@1,IoU@0.1 0.8109 | R@1,IoU@0.3 0.4660 | R@1,IoU@0.5 0.2331 | R@1,IoU@0.7 0.1268 | R@1,IoU@0.9 0.0788 | R@5,mIoU 0.5385 | R@5,IoU@0.1 0.9206 | R@5,IoU@0.3 0.7441 | R@5,IoU@0.5 0.5657 | R@5,IoU@0.7 0.3517 | R@5,IoU@0.9 0.1261 |
2026-04-21 14:28:48,789 - Best R@1 updated: 0.3411
2026-04-21 14:28:48,883 - Best tradeoff updated: 0.5295  (R@1=0.3411, R@5=0.5385)
2026-04-21 14:28:48,884 - ============================================================
2026-04-21 14:28:48,884 - Start Epoch 3
2026-04-21 14:29:08,880 - Epoch 3, Batch 50, lr = 0.00016, alpha_2 = 1.000, aux_scale = 1.000,  final_loss = 5.1751, nll_loss = 5.0999, ref_nll_loss = 5.2503, ivc_loss = 0.1391, neg_loss_1 = 0.0148, neg_loss_2 = 0.0143, ref_loss = 0.0263, div_loss = 0.0281, 0.400 seconds/batch
2026-04-21 14:29:41,244 - Epoch 3, Batch 100, lr = 0.00016, alpha_2 = 1.000, aux_scale = 1.000,  final_loss = 5.1622, nll_loss = 5.0910, ref_nll_loss = 5.2333, ivc_loss = 0.1376, neg_loss_1 = 0.0135, neg_loss_2 = 0.0123, ref_loss = 0.0272, div_loss = 0.0315, 0.524 seconds/batch
2026-04-21 14:30:14,158 - Epoch 3, Batch 150, lr = 0.00016, alpha_2 = 1.000, aux_scale = 1.000,  final_loss = 5.1598, nll_loss = 5.0880, ref_nll_loss = 5.2316, ivc_loss = 0.1339, neg_loss_1 = 0.0120, neg_loss_2 = 0.0118, ref_loss = 0.0279, div_loss = 0.0305, 0.568 seconds/batch
2026-04-21 14:30:47,094 - Epoch 3, Batch 200, lr = 0.00016, alpha_2 = 1.000, aux_scale = 1.000,  final_loss = 5.1379, nll_loss = 5.0694, ref_nll_loss = 5.2065, ivc_loss = 0.1453, neg_loss_1 = 0.0142, neg_loss_2 = 0.0139, ref_loss = 0.0294, div_loss = 0.0304, 0.591 seconds/batch
2026-04-21 14:31:20,084 - Epoch 3, Batch 250, lr = 0.00016, alpha_2 = 1.000, aux_scale = 1.000,  final_loss = 5.1301, nll_loss = 5.0562, ref_nll_loss = 5.2040, ivc_loss = 0.1333, neg_loss_1 = 0.0135, neg_loss_2 = 0.0104, ref_loss = 0.0281, div_loss = 0.0292, 0.605 seconds/batch
2026-04-21 14:31:53,043 - Epoch 3, Batch 300, lr = 0.00016, alpha_2 = 1.000, aux_scale = 1.000,  final_loss = 5.1568, nll_loss = 5.0803, ref_nll_loss = 5.2333, ivc_loss = 0.1393, neg_loss_1 = 0.0133, neg_loss_2 = 0.0146, ref_loss = 0.0263, div_loss = 0.0308, 0.614 seconds/batch
2026-04-21 14:32:25,952 - Epoch 3, Batch 350, lr = 0.00015, alpha_2 = 1.000, aux_scale = 1.000,  final_loss = 5.1453, nll_loss = 5.0768, ref_nll_loss = 5.2138, ivc_loss = 0.1362, neg_loss_1 = 0.0131, neg_loss_2 = 0.0122, ref_loss = 0.0276, div_loss = 0.0304, 0.620 seconds/batch
2026-04-21 14:32:58,445 - Epoch 3, Batch 400, lr = 0.00015, alpha_2 = 1.000, aux_scale = 1.000,  final_loss = 5.1620, nll_loss = 5.0900, ref_nll_loss = 5.2340, ivc_loss = 0.1349, neg_loss_1 = 0.0114, neg_loss_2 = 0.0123, ref_loss = 0.0270, div_loss = 0.0335, 0.624 seconds/batch
2026-04-21 14:33:31,393 - Epoch 3, Batch 450, lr = 0.00015, alpha_2 = 1.000, aux_scale = 1.000,  final_loss = 5.1123, nll_loss = 5.0414, ref_nll_loss = 5.1832, ivc_loss = 0.1342, neg_loss_1 = 0.0128, neg_loss_2 = 0.0123, ref_loss = 0.0260, div_loss = 0.0321, 0.628 seconds/batch
2026-04-21 14:34:04,349 - Epoch 3, Batch 500, lr = 0.00015, alpha_2 = 1.000, aux_scale = 1.000,  final_loss = 5.1216, nll_loss = 5.0474, ref_nll_loss = 5.1958, ivc_loss = 0.1287, neg_loss_1 = 0.0128, neg_loss_2 = 0.0108, ref_loss = 0.0255, div_loss = 0.0305, 0.631 seconds/batch
2026-04-21 14:34:37,301 - Epoch 3, Batch 550, lr = 0.00015, alpha_2 = 1.000, aux_scale = 1.000,  final_loss = 5.1096, nll_loss = 5.0371, ref_nll_loss = 5.1821, ivc_loss = 0.1352, neg_loss_1 = 0.0111, neg_loss_2 = 0.0137, ref_loss = 0.0268, div_loss = 0.0320, 0.633 seconds/batch
2026-04-21 14:35:10,274 - Epoch 3, Batch 600, lr = 0.00015, alpha_2 = 1.000, aux_scale = 1.000,  final_loss = 5.1168, nll_loss = 5.0437, ref_nll_loss = 5.1898, ivc_loss = 0.1354, neg_loss_1 = 0.0114, neg_loss_2 = 0.0128, ref_loss = 0.0264, div_loss = 0.0342, 0.636 seconds/batch
2026-04-21 14:35:43,217 - Epoch 3, Batch 650, lr = 0.00015, alpha_2 = 1.000, aux_scale = 1.000,  final_loss = 5.1058, nll_loss = 5.0323, ref_nll_loss = 5.1793, ivc_loss = 0.1318, neg_loss_1 = 0.0121, neg_loss_2 = 0.0111, ref_loss = 0.0263, div_loss = 0.0328, 0.637 seconds/batch
2026-04-21 14:36:16,198 - Epoch 3, Batch 700, lr = 0.00015, alpha_2 = 1.000, aux_scale = 1.000,  final_loss = 5.1212, nll_loss = 5.0447, ref_nll_loss = 5.1977, ivc_loss = 0.1318, neg_loss_1 = 0.0127, neg_loss_2 = 0.0128, ref_loss = 0.0253, div_loss = 0.0303, 0.639 seconds/batch
2026-04-21 14:36:49,214 - Epoch 3, Batch 750, lr = 0.00014, alpha_2 = 1.000, aux_scale = 1.000,  final_loss = 5.1149, nll_loss = 5.0384, ref_nll_loss = 5.1914, ivc_loss = 0.1215, neg_loss_1 = 0.0115, neg_loss_2 = 0.0096, ref_loss = 0.0249, div_loss = 0.0295, 0.640 seconds/batch
2026-04-21 14:37:22,158 - Epoch 3, Batch 800, lr = 0.00014, alpha_2 = 1.000, aux_scale = 1.000,  final_loss = 5.1226, nll_loss = 5.0445, ref_nll_loss = 5.2007, ivc_loss = 0.1194, neg_loss_1 = 0.0104, neg_loss_2 = 0.0101, ref_loss = 0.0231, div_loss = 0.0320, 0.642 seconds/batch
2026-04-21 14:37:55,090 - Epoch 3, Batch 850, lr = 0.00014, alpha_2 = 1.000, aux_scale = 1.000,  final_loss = 5.1224, nll_loss = 5.0499, ref_nll_loss = 5.1949, ivc_loss = 0.1329, neg_loss_1 = 0.0129, neg_loss_2 = 0.0115, ref_loss = 0.0264, div_loss = 0.0313, 0.643 seconds/batch
2026-04-21 14:38:27,999 - Epoch 3, Batch 900, lr = 0.00014, alpha_2 = 1.000, aux_scale = 1.000,  final_loss = 5.0872, nll_loss = 5.0158, ref_nll_loss = 5.1587, ivc_loss = 0.1316, neg_loss_1 = 0.0107, neg_loss_2 = 0.0125, ref_loss = 0.0264, div_loss = 0.0325, 0.643 seconds/batch
2026-04-21 14:39:00,957 - Epoch 3, Batch 950, lr = 0.00014, alpha_2 = 1.000, aux_scale = 1.000,  final_loss = 5.0923, nll_loss = 5.0161, ref_nll_loss = 5.1686, ivc_loss = 0.1266, neg_loss_1 = 0.0114, neg_loss_2 = 0.0115, ref_loss = 0.0252, div_loss = 0.0306, 0.644 seconds/batch
2026-04-21 14:39:33,967 - Epoch 3, Batch 1000, lr = 0.00014, alpha_2 = 1.000, aux_scale = 1.000,  final_loss = 5.0771, nll_loss = 5.0051, ref_nll_loss = 5.1490, ivc_loss = 0.1300, neg_loss_1 = 0.0123, neg_loss_2 = 0.0113, ref_loss = 0.0264, div_loss = 0.0300, 0.645 seconds/batch
2026-04-21 14:40:06,942 - Epoch 3, Batch 1050, lr = 0.00014, alpha_2 = 1.000, aux_scale = 1.000,  final_loss = 5.0965, nll_loss = 5.0226, ref_nll_loss = 5.1704, ivc_loss = 0.1267, neg_loss_1 = 0.0115, neg_loss_2 = 0.0109, ref_loss = 0.0250, div_loss = 0.0318, 0.646 seconds/batch
2026-04-21 14:40:39,872 - Epoch 3, Batch 1100, lr = 0.00014, alpha_2 = 1.000, aux_scale = 1.000,  final_loss = 5.0647, nll_loss = 4.9891, ref_nll_loss = 5.1402, ivc_loss = 0.1196, neg_loss_1 = 0.0101, neg_loss_2 = 0.0089, ref_loss = 0.0243, div_loss = 0.0329, 0.646 seconds/batch
2026-04-21 14:41:12,834 - Epoch 3, Batch 1150, lr = 0.00014, alpha_2 = 1.000, aux_scale = 1.000,  final_loss = 5.0601, nll_loss = 4.9873, ref_nll_loss = 5.1328, ivc_loss = 0.1171, neg_loss_1 = 0.0085, neg_loss_2 = 0.0087, ref_loss = 0.0252, div_loss = 0.0322, 0.647 seconds/batch
2026-04-21 14:41:25,768 - Epoch 3, Batch 1170, lr = 0.00014, alpha_2 = 1.000, aux_scale = 1.000,  final_loss = 5.0779, nll_loss = 5.0033, ref_nll_loss = 5.1526, ivc_loss = 0.1217, neg_loss_1 = 0.0099, neg_loss_2 = 0.0084, ref_loss = 0.0269, div_loss = 0.0314, 0.647 seconds/batch
2026-04-21 14:41:25,853 - save model to checkpoints/activitynet_moe_v2_staged_alpha/moe_v2_staged_alpha/model-3.pt, num_updates 3510.
2026-04-21 14:43:45,580 - | R@1,mIoU 0.3429 | R@1,IoU@0.1 0.8098 | R@1,IoU@0.3 0.4750 | R@1,IoU@0.5 0.2226 | R@1,IoU@0.7 0.1259 | R@1,IoU@0.9 0.0790 | R@5,mIoU 0.5154 | R@5,IoU@0.1 0.9149 | R@5,IoU@0.3 0.7305 | R@5,IoU@0.5 0.5275 | R@5,IoU@0.7 0.2930 | R@5,IoU@0.9 0.1230 |
2026-04-21 14:43:45,677 - Best R@1 updated: 0.3429
2026-04-21 14:43:45,677 - ============================================================
2026-04-21 14:43:45,678 - Start Epoch 4
2026-04-21 14:44:05,527 - Epoch 4, Batch 50, lr = 0.00013, alpha_2 = 1.000, aux_scale = 1.000,  final_loss = 5.0135, nll_loss = 4.9367, ref_nll_loss = 5.0904, ivc_loss = 0.1219, neg_loss_1 = 0.0116, neg_loss_2 = 0.0117, ref_loss = 0.0226, div_loss = 0.0302, 0.397 seconds/batch
2026-04-21 14:44:37,893 - Epoch 4, Batch 100, lr = 0.00013, alpha_2 = 1.000, aux_scale = 1.000,  final_loss = 4.9861, nll_loss = 4.9055, ref_nll_loss = 5.0668, ivc_loss = 0.1181, neg_loss_1 = 0.0110, neg_loss_2 = 0.0109, ref_loss = 0.0217, div_loss = 0.0310, 0.522 seconds/batch
2026-04-21 14:45:10,837 - Epoch 4, Batch 150, lr = 0.00013, alpha_2 = 1.000, aux_scale = 1.000,  final_loss = 5.0353, nll_loss = 4.9603, ref_nll_loss = 5.1103, ivc_loss = 0.1248, neg_loss_1 = 0.0122, neg_loss_2 = 0.0091, ref_loss = 0.0251, div_loss = 0.0320, 0.568 seconds/batch
2026-04-21 14:45:43,807 - Epoch 4, Batch 200, lr = 0.00013, alpha_2 = 1.000, aux_scale = 1.000,  final_loss = 5.0192, nll_loss = 4.9429, ref_nll_loss = 5.0956, ivc_loss = 0.1216, neg_loss_1 = 0.0102, neg_loss_2 = 0.0114, ref_loss = 0.0240, div_loss = 0.0305, 0.591 seconds/batch
2026-04-21 14:46:16,770 - Epoch 4, Batch 250, lr = 0.00013, alpha_2 = 1.000, aux_scale = 1.000,  final_loss = 4.9905, nll_loss = 4.9137, ref_nll_loss = 5.0674, ivc_loss = 0.1190, neg_loss_1 = 0.0099, neg_loss_2 = 0.0103, ref_loss = 0.0240, div_loss = 0.0307, 0.604 seconds/batch
2026-04-21 14:46:49,733 - Epoch 4, Batch 300, lr = 0.00013, alpha_2 = 1.000, aux_scale = 1.000,  final_loss = 4.9785, nll_loss = 4.9052, ref_nll_loss = 5.0518, ivc_loss = 0.1270, neg_loss_1 = 0.0120, neg_loss_2 = 0.0106, ref_loss = 0.0256, div_loss = 0.0305, 0.614 seconds/batch
2026-04-21 14:47:22,675 - Epoch 4, Batch 350, lr = 0.00013, alpha_2 = 1.000, aux_scale = 1.000,  final_loss = 5.0282, nll_loss = 4.9524, ref_nll_loss = 5.1040, ivc_loss = 0.1187, neg_loss_1 = 0.0095, neg_loss_2 = 0.0111, ref_loss = 0.0232, div_loss = 0.0310, 0.620 seconds/batch
2026-04-21 14:47:55,617 - Epoch 4, Batch 400, lr = 0.00013, alpha_2 = 1.000, aux_scale = 1.000,  final_loss = 4.9891, nll_loss = 4.9170, ref_nll_loss = 5.0611, ivc_loss = 0.1274, neg_loss_1 = 0.0108, neg_loss_2 = 0.0103, ref_loss = 0.0272, div_loss = 0.0307, 0.625 seconds/batch
2026-04-21 14:48:28,597 - Epoch 4, Batch 450, lr = 0.00013, alpha_2 = 1.000, aux_scale = 1.000,  final_loss = 5.0034, nll_loss = 4.9273, ref_nll_loss = 5.0795, ivc_loss = 0.1212, neg_loss_1 = 0.0123, neg_loss_2 = 0.0097, ref_loss = 0.0232, div_loss = 0.0308, 0.629 seconds/batch
2026-04-21 14:49:01,556 - Epoch 4, Batch 500, lr = 0.00013, alpha_2 = 1.000, aux_scale = 1.000,  final_loss = 4.9714, nll_loss = 4.8944, ref_nll_loss = 5.0484, ivc_loss = 0.1218, neg_loss_1 = 0.0107, neg_loss_2 = 0.0097, ref_loss = 0.0255, div_loss = 0.0301, 0.632 seconds/batch
2026-04-21 14:49:34,559 - Epoch 4, Batch 550, lr = 0.00013, alpha_2 = 1.000, aux_scale = 1.000,  final_loss = 4.9926, nll_loss = 4.9129, ref_nll_loss = 5.0723, ivc_loss = 0.1185, neg_loss_1 = 0.0103, neg_loss_2 = 0.0097, ref_loss = 0.0242, div_loss = 0.0299, 0.634 seconds/batch
2026-04-21 14:50:07,536 - Epoch 4, Batch 600, lr = 0.00012, alpha_2 = 1.000, aux_scale = 1.000,  final_loss = 4.9796, nll_loss = 4.9049, ref_nll_loss = 5.0542, ivc_loss = 0.1216, neg_loss_1 = 0.0113, neg_loss_2 = 0.0094, ref_loss = 0.0254, div_loss = 0.0293, 0.636 seconds/batch
2026-04-21 14:50:40,420 - Epoch 4, Batch 650, lr = 0.00012, alpha_2 = 1.000, aux_scale = 1.000,  final_loss = 4.9725, nll_loss = 4.8983, ref_nll_loss = 5.0467, ivc_loss = 0.1234, neg_loss_1 = 0.0120, neg_loss_2 = 0.0097, ref_loss = 0.0255, div_loss = 0.0289, 0.638 seconds/batch
2026-04-21 14:51:13,421 - Epoch 4, Batch 700, lr = 0.00012, alpha_2 = 1.000, aux_scale = 1.000,  final_loss = 5.0177, nll_loss = 4.9416, ref_nll_loss = 5.0937, ivc_loss = 0.1232, neg_loss_1 = 0.0108, neg_loss_2 = 0.0123, ref_loss = 0.0243, div_loss = 0.0284, 0.640 seconds/batch
2026-04-21 14:51:46,386 - Epoch 4, Batch 750, lr = 0.00012, alpha_2 = 1.000, aux_scale = 1.000,  final_loss = 4.9823, nll_loss = 4.9080, ref_nll_loss = 5.0566, ivc_loss = 0.1179, neg_loss_1 = 0.0103, neg_loss_2 = 0.0100, ref_loss = 0.0244, div_loss = 0.0286, 0.641 seconds/batch
2026-04-21 14:52:19,297 - Epoch 4, Batch 800, lr = 0.00012, alpha_2 = 1.000, aux_scale = 1.000,  final_loss = 4.9755, nll_loss = 4.8993, ref_nll_loss = 5.0516, ivc_loss = 0.1157, neg_loss_1 = 0.0106, neg_loss_2 = 0.0088, ref_loss = 0.0238, div_loss = 0.0293, 0.642 seconds/batch
2026-04-21 14:52:52,239 - Epoch 4, Batch 850, lr = 0.00012, alpha_2 = 1.000, aux_scale = 1.000,  final_loss = 4.9741, nll_loss = 4.8960, ref_nll_loss = 5.0521, ivc_loss = 0.1129, neg_loss_1 = 0.0090, neg_loss_2 = 0.0103, ref_loss = 0.0220, div_loss = 0.0304, 0.643 seconds/batch
2026-04-21 14:53:25,138 - Epoch 4, Batch 900, lr = 0.00012, alpha_2 = 1.000, aux_scale = 1.000,  final_loss = 4.9639, nll_loss = 4.8859, ref_nll_loss = 5.0420, ivc_loss = 0.1190, neg_loss_1 = 0.0099, neg_loss_2 = 0.0111, ref_loss = 0.0234, div_loss = 0.0301, 0.644 seconds/batch
2026-04-21 14:53:58,122 - Epoch 4, Batch 950, lr = 0.00012, alpha_2 = 1.000, aux_scale = 1.000,  final_loss = 4.9670, nll_loss = 4.8884, ref_nll_loss = 5.0455, ivc_loss = 0.1197, neg_loss_1 = 0.0091, neg_loss_2 = 0.0114, ref_loss = 0.0246, div_loss = 0.0292, 0.645 seconds/batch
2026-04-21 14:54:31,122 - Epoch 4, Batch 1000, lr = 0.00012, alpha_2 = 1.000, aux_scale = 1.000,  final_loss = 4.9691, nll_loss = 4.8936, ref_nll_loss = 5.0447, ivc_loss = 0.1200, neg_loss_1 = 0.0083, neg_loss_2 = 0.0109, ref_loss = 0.0267, div_loss = 0.0282, 0.645 seconds/batch
2026-04-21 14:55:04,093 - Epoch 4, Batch 1050, lr = 0.00012, alpha_2 = 1.000, aux_scale = 1.000,  final_loss = 4.9854, nll_loss = 4.9052, ref_nll_loss = 5.0655, ivc_loss = 0.1157, neg_loss_1 = 0.0114, neg_loss_2 = 0.0089, ref_loss = 0.0234, div_loss = 0.0284, 0.646 seconds/batch
2026-04-21 14:55:37,016 - Epoch 4, Batch 1100, lr = 0.00012, alpha_2 = 1.000, aux_scale = 1.000,  final_loss = 4.9402, nll_loss = 4.8582, ref_nll_loss = 5.0222, ivc_loss = 0.1047, neg_loss_1 = 0.0088, neg_loss_2 = 0.0078, ref_loss = 0.0212, div_loss = 0.0291, 0.647 seconds/batch
2026-04-21 14:56:09,941 - Epoch 4, Batch 1150, lr = 0.00012, alpha_2 = 1.000, aux_scale = 1.000,  final_loss = 4.9353, nll_loss = 4.8575, ref_nll_loss = 5.0131, ivc_loss = 0.1150, neg_loss_1 = 0.0106, neg_loss_2 = 0.0093, ref_loss = 0.0239, div_loss = 0.0276, 0.647 seconds/batch
2026-04-21 14:56:23,003 - Epoch 4, Batch 1170, lr = 0.00012, alpha_2 = 1.000, aux_scale = 1.000,  final_loss = 4.9813, nll_loss = 4.9056, ref_nll_loss = 5.0570, ivc_loss = 0.1182, neg_loss_1 = 0.0096, neg_loss_2 = 0.0112, ref_loss = 0.0247, div_loss = 0.0271, 0.647 seconds/batch
2026-04-21 14:56:23,132 - save model to checkpoints/activitynet_moe_v2_staged_alpha/moe_v2_staged_alpha/model-4.pt, num_updates 4680.
2026-04-21 14:58:42,930 - | R@1,mIoU 0.3433 | R@1,IoU@0.1 0.7628 | R@1,IoU@0.3 0.4884 | R@1,IoU@0.5 0.2491 | R@1,IoU@0.7 0.1338 | R@1,IoU@0.9 0.0778 | R@5,mIoU 0.5239 | R@5,IoU@0.1 0.9178 | R@5,IoU@0.3 0.7398 | R@5,IoU@0.5 0.5410 | R@5,IoU@0.7 0.3104 | R@5,IoU@0.9 0.1308 |
2026-04-21 14:58:43,022 - Best R@1 updated: 0.3433
2026-04-21 14:58:43,022 - ============================================================
2026-04-21 14:58:43,022 - Start Epoch 5
2026-04-21 14:59:02,779 - Epoch 5, Batch 50, lr = 0.00012, alpha_2 = 0.500, aux_scale = 1.000,  final_loss = 4.8911, nll_loss = 4.8117, ref_nll_loss = 4.9704, ivc_loss = 0.1033, neg_loss_1 = 0.0105, neg_loss_2 = 0.0119, ref_loss = 0.0219, div_loss = 0.0298, 0.395 seconds/batch
2026-04-21 14:59:34,807 - Epoch 5, Batch 100, lr = 0.00012, alpha_2 = 0.500, aux_scale = 1.000,  final_loss = 4.8866, nll_loss = 4.8064, ref_nll_loss = 4.9668, ivc_loss = 0.0966, neg_loss_1 = 0.0106, neg_loss_2 = 0.0086, ref_loss = 0.0216, div_loss = 0.0298, 0.518 seconds/batch
2026-04-21 15:00:07,629 - Epoch 5, Batch 150, lr = 0.00012, alpha_2 = 0.500, aux_scale = 1.000,  final_loss = 4.9074, nll_loss = 4.8267, ref_nll_loss = 4.9881, ivc_loss = 0.0998, neg_loss_1 = 0.0097, neg_loss_2 = 0.0100, ref_loss = 0.0222, div_loss = 0.0320, 0.564 seconds/batch
2026-04-21 15:00:40,576 - Epoch 5, Batch 200, lr = 0.00011, alpha_2 = 0.500, aux_scale = 1.000,  final_loss = 4.9361, nll_loss = 4.8572, ref_nll_loss = 5.0151, ivc_loss = 0.0977, neg_loss_1 = 0.0083, neg_loss_2 = 0.0094, ref_loss = 0.0232, div_loss = 0.0317, 0.588 seconds/batch
2026-04-21 15:01:13,580 - Epoch 5, Batch 250, lr = 0.00011, alpha_2 = 0.500, aux_scale = 1.000,  final_loss = 4.8810, nll_loss = 4.8021, ref_nll_loss = 4.9600, ivc_loss = 0.0976, neg_loss_1 = 0.0094, neg_loss_2 = 0.0077, ref_loss = 0.0234, div_loss = 0.0334, 0.602 seconds/batch
2026-04-21 15:01:46,546 - Epoch 5, Batch 300, lr = 0.00011, alpha_2 = 0.500, aux_scale = 1.000,  final_loss = 4.8993, nll_loss = 4.8187, ref_nll_loss = 4.9799, ivc_loss = 0.0980, neg_loss_1 = 0.0087, neg_loss_2 = 0.0101, ref_loss = 0.0221, div_loss = 0.0328, 0.612 seconds/batch
2026-04-21 15:02:19,492 - Epoch 5, Batch 350, lr = 0.00011, alpha_2 = 0.500, aux_scale = 1.000,  final_loss = 4.9077, nll_loss = 4.8306, ref_nll_loss = 4.9848, ivc_loss = 0.1008, neg_loss_1 = 0.0111, neg_loss_2 = 0.0081, ref_loss = 0.0236, div_loss = 0.0306, 0.618 seconds/batch
2026-04-21 15:02:52,474 - Epoch 5, Batch 400, lr = 0.00011, alpha_2 = 0.500, aux_scale = 1.000,  final_loss = 4.9020, nll_loss = 4.8212, ref_nll_loss = 4.9829, ivc_loss = 0.1011, neg_loss_1 = 0.0096, neg_loss_2 = 0.0099, ref_loss = 0.0227, div_loss = 0.0337, 0.624 seconds/batch
2026-04-21 15:03:25,484 - Epoch 5, Batch 450, lr = 0.00011, alpha_2 = 0.500, aux_scale = 1.000,  final_loss = 4.9077, nll_loss = 4.8242, ref_nll_loss = 4.9912, ivc_loss = 0.0948, neg_loss_1 = 0.0107, neg_loss_2 = 0.0070, ref_loss = 0.0214, div_loss = 0.0332, 0.628 seconds/batch
2026-04-21 15:03:58,486 - Epoch 5, Batch 500, lr = 0.00011, alpha_2 = 0.500, aux_scale = 1.000,  final_loss = 4.8764, nll_loss = 4.7953, ref_nll_loss = 4.9575, ivc_loss = 0.0929, neg_loss_1 = 0.0082, neg_loss_2 = 0.0079, ref_loss = 0.0215, div_loss = 0.0355, 0.631 seconds/batch
2026-04-21 15:04:31,462 - Epoch 5, Batch 550, lr = 0.00011, alpha_2 = 0.500, aux_scale = 1.000,  final_loss = 4.9291, nll_loss = 4.8506, ref_nll_loss = 5.0077, ivc_loss = 0.0970, neg_loss_1 = 0.0084, neg_loss_2 = 0.0072, ref_loss = 0.0235, div_loss = 0.0374, 0.634 seconds/batch
2026-04-21 15:05:04,458 - Epoch 5, Batch 600, lr = 0.00011, alpha_2 = 0.500, aux_scale = 1.000,  final_loss = 4.8679, nll_loss = 4.7872, ref_nll_loss = 4.9487, ivc_loss = 0.0993, neg_loss_1 = 0.0080, neg_loss_2 = 0.0083, ref_loss = 0.0237, div_loss = 0.0387, 0.636 seconds/batch
2026-04-21 15:05:37,496 - Epoch 5, Batch 650, lr = 0.00011, alpha_2 = 0.500, aux_scale = 1.000,  final_loss = 4.8835, nll_loss = 4.8023, ref_nll_loss = 4.9648, ivc_loss = 0.1106, neg_loss_1 = 0.0093, neg_loss_2 = 0.0091, ref_loss = 0.0238, div_loss = 0.0524, 0.638 seconds/batch
2026-04-21 15:06:10,530 - Epoch 5, Batch 700, lr = 0.00011, alpha_2 = 0.500, aux_scale = 1.000,  final_loss = 4.8924, nll_loss = 4.8121, ref_nll_loss = 4.9727, ivc_loss = 0.0998, neg_loss_1 = 0.0076, neg_loss_2 = 0.0062, ref_loss = 0.0241, div_loss = 0.0479, 0.639 seconds/batch
2026-04-21 15:06:43,552 - Epoch 5, Batch 750, lr = 0.00011, alpha_2 = 0.500, aux_scale = 1.000,  final_loss = 4.8718, nll_loss = 4.7892, ref_nll_loss = 4.9545, ivc_loss = 0.1005, neg_loss_1 = 0.0085, neg_loss_2 = 0.0068, ref_loss = 0.0245, div_loss = 0.0418, 0.641 seconds/batch
2026-04-21 15:07:16,570 - Epoch 5, Batch 800, lr = 0.00011, alpha_2 = 0.500, aux_scale = 1.000,  final_loss = 4.9059, nll_loss = 4.8217, ref_nll_loss = 4.9902, ivc_loss = 0.0960, neg_loss_1 = 0.0080, neg_loss_2 = 0.0075, ref_loss = 0.0224, div_loss = 0.0401, 0.642 seconds/batch
2026-04-21 15:07:49,571 - Epoch 5, Batch 850, lr = 0.00011, alpha_2 = 0.500, aux_scale = 1.000,  final_loss = 4.8868, nll_loss = 4.8049, ref_nll_loss = 4.9687, ivc_loss = 0.0998, neg_loss_1 = 0.0088, neg_loss_2 = 0.0070, ref_loss = 0.0227, div_loss = 0.0455, 0.643 seconds/batch
2026-04-21 15:08:22,587 - Epoch 5, Batch 900, lr = 0.00011, alpha_2 = 0.500, aux_scale = 1.000,  final_loss = 4.9139, nll_loss = 4.8311, ref_nll_loss = 4.9968, ivc_loss = 0.0910, neg_loss_1 = 0.0068, neg_loss_2 = 0.0059, ref_loss = 0.0227, div_loss = 0.0406, 0.644 seconds/batch
2026-04-21 15:08:55,537 - Epoch 5, Batch 950, lr = 0.00011, alpha_2 = 0.500, aux_scale = 1.000,  final_loss = 4.8808, nll_loss = 4.8007, ref_nll_loss = 4.9609, ivc_loss = 0.0930, neg_loss_1 = 0.0070, neg_loss_2 = 0.0052, ref_loss = 0.0236, div_loss = 0.0425, 0.645 seconds/batch
2026-04-21 15:09:28,341 - Epoch 5, Batch 1000, lr = 0.00011, alpha_2 = 0.500, aux_scale = 1.000,  final_loss = 4.8552, nll_loss = 4.7712, ref_nll_loss = 4.9391, ivc_loss = 0.0911, neg_loss_1 = 0.0075, neg_loss_2 = 0.0054, ref_loss = 0.0212, div_loss = 0.0459, 0.645 seconds/batch
2026-04-21 15:10:01,304 - Epoch 5, Batch 1050, lr = 0.00011, alpha_2 = 0.500, aux_scale = 1.000,  final_loss = 4.8197, nll_loss = 4.7337, ref_nll_loss = 4.9058, ivc_loss = 0.0849, neg_loss_1 = 0.0061, neg_loss_2 = 0.0056, ref_loss = 0.0196, div_loss = 0.0445, 0.646 seconds/batch
2026-04-21 15:10:34,238 - Epoch 5, Batch 1100, lr = 0.00011, alpha_2 = 0.500, aux_scale = 1.000,  final_loss = 4.8908, nll_loss = 4.8129, ref_nll_loss = 4.9687, ivc_loss = 0.0923, neg_loss_1 = 0.0056, neg_loss_2 = 0.0051, ref_loss = 0.0236, div_loss = 0.0472, 0.647 seconds/batch
2026-04-21 15:11:07,222 - Epoch 5, Batch 1150, lr = 0.00010, alpha_2 = 0.500, aux_scale = 1.000,  final_loss = 4.8614, nll_loss = 4.7790, ref_nll_loss = 4.9439, ivc_loss = 0.0939, neg_loss_1 = 0.0067, neg_loss_2 = 0.0061, ref_loss = 0.0223, div_loss = 0.0471, 0.647 seconds/batch
2026-04-21 15:11:20,250 - Epoch 5, Batch 1170, lr = 0.00010, alpha_2 = 0.500, aux_scale = 1.000,  final_loss = 4.8615, nll_loss = 4.7852, ref_nll_loss = 4.9377, ivc_loss = 0.0994, neg_loss_1 = 0.0076, neg_loss_2 = 0.0071, ref_loss = 0.0231, div_loss = 0.0476, 0.647 seconds/batch
2026-04-21 15:11:20,333 - save model to checkpoints/activitynet_moe_v2_staged_alpha/moe_v2_staged_alpha/model-5.pt, num_updates 5850.
2026-04-21 15:13:41,197 - | R@1,mIoU 0.3436 | R@1,IoU@0.1 0.7701 | R@1,IoU@0.3 0.4873 | R@1,IoU@0.5 0.2609 | R@1,IoU@0.7 0.1349 | R@1,IoU@0.9 0.0483 | R@5,mIoU 0.4894 | R@5,IoU@0.1 0.9102 | R@5,IoU@0.3 0.7155 | R@5,IoU@0.5 0.4905 | R@5,IoU@0.7 0.2494 | R@5,IoU@0.9 0.0723 |
2026-04-21 15:13:41,293 - Best R@1 updated: 0.3436
2026-04-21 15:13:41,294 - ============================================================
2026-04-21 15:13:41,294 - Start Epoch 6
2026-04-21 15:14:00,842 - Epoch 6, Batch 50, lr = 0.00010, alpha_2 = 0.500, aux_scale = 1.000,  final_loss = 4.8708, nll_loss = 4.7881, ref_nll_loss = 4.9535, ivc_loss = 0.0892, neg_loss_1 = 0.0049, neg_loss_2 = 0.0060, ref_loss = 0.0213, div_loss = 0.0496, 0.391 seconds/batch
2026-04-21 15:14:32,964 - Epoch 6, Batch 100, lr = 0.00010, alpha_2 = 0.500, aux_scale = 1.000,  final_loss = 4.8532, nll_loss = 4.7707, ref_nll_loss = 4.9357, ivc_loss = 0.0901, neg_loss_1 = 0.0053, neg_loss_2 = 0.0060, ref_loss = 0.0217, div_loss = 0.0483, 0.517 seconds/batch
2026-04-21 15:15:05,970 - Epoch 6, Batch 150, lr = 0.00010, alpha_2 = 0.500, aux_scale = 1.000,  final_loss = 4.8154, nll_loss = 4.7335, ref_nll_loss = 4.8973, ivc_loss = 0.0901, neg_loss_1 = 0.0060, neg_loss_2 = 0.0056, ref_loss = 0.0220, div_loss = 0.0459, 0.564 seconds/batch
2026-04-21 15:15:38,956 - Epoch 6, Batch 200, lr = 0.00010, alpha_2 = 0.500, aux_scale = 1.000,  final_loss = 4.8183, nll_loss = 4.7363, ref_nll_loss = 4.9003, ivc_loss = 0.0975, neg_loss_1 = 0.0075, neg_loss_2 = 0.0066, ref_loss = 0.0226, div_loss = 0.0483, 0.588 seconds/batch
2026-04-21 15:16:11,931 - Epoch 6, Batch 250, lr = 0.00010, alpha_2 = 0.500, aux_scale = 1.000,  final_loss = 4.8224, nll_loss = 4.7394, ref_nll_loss = 4.9053, ivc_loss = 0.0910, neg_loss_1 = 0.0057, neg_loss_2 = 0.0060, ref_loss = 0.0221, div_loss = 0.0469, 0.603 seconds/batch
2026-04-21 15:16:44,937 - Epoch 6, Batch 300, lr = 0.00010, alpha_2 = 0.500, aux_scale = 1.000,  final_loss = 4.8152, nll_loss = 4.7299, ref_nll_loss = 4.9005, ivc_loss = 0.0847, neg_loss_1 = 0.0064, neg_loss_2 = 0.0058, ref_loss = 0.0194, div_loss = 0.0429, 0.612 seconds/batch
2026-04-21 15:17:17,914 - Epoch 6, Batch 350, lr = 0.00010, alpha_2 = 0.500, aux_scale = 1.000,  final_loss = 4.8489, nll_loss = 4.7644, ref_nll_loss = 4.9333, ivc_loss = 0.0918, neg_loss_1 = 0.0058, neg_loss_2 = 0.0067, ref_loss = 0.0222, div_loss = 0.0450, 0.619 seconds/batch
2026-04-21 15:17:50,938 - Epoch 6, Batch 400, lr = 0.00010, alpha_2 = 0.500, aux_scale = 1.000,  final_loss = 4.8368, nll_loss = 4.7517, ref_nll_loss = 4.9219, ivc_loss = 0.0871, neg_loss_1 = 0.0058, neg_loss_2 = 0.0062, ref_loss = 0.0211, div_loss = 0.0417, 0.624 seconds/batch
2026-04-21 15:18:23,960 - Epoch 6, Batch 450, lr = 0.00010, alpha_2 = 0.500, aux_scale = 1.000,  final_loss = 4.8163, nll_loss = 4.7303, ref_nll_loss = 4.9023, ivc_loss = 0.0850, neg_loss_1 = 0.0057, neg_loss_2 = 0.0046, ref_loss = 0.0211, div_loss = 0.0445, 0.628 seconds/batch
2026-04-21 15:18:56,963 - Epoch 6, Batch 500, lr = 0.00010, alpha_2 = 0.500, aux_scale = 1.000,  final_loss = 4.7948, nll_loss = 4.7099, ref_nll_loss = 4.8796, ivc_loss = 0.0863, neg_loss_1 = 0.0066, neg_loss_2 = 0.0041, ref_loss = 0.0217, div_loss = 0.0429, 0.631 seconds/batch
2026-04-21 15:19:29,966 - Epoch 6, Batch 550, lr = 0.00010, alpha_2 = 0.500, aux_scale = 1.000,  final_loss = 4.7766, nll_loss = 4.6912, ref_nll_loss = 4.8620, ivc_loss = 0.0876, neg_loss_1 = 0.0059, neg_loss_2 = 0.0063, ref_loss = 0.0208, div_loss = 0.0434, 0.634 seconds/batch
2026-04-21 15:20:02,992 - Epoch 6, Batch 600, lr = 0.00010, alpha_2 = 0.500, aux_scale = 1.000,  final_loss = 4.7879, nll_loss = 4.7018, ref_nll_loss = 4.8741, ivc_loss = 0.0838, neg_loss_1 = 0.0058, neg_loss_2 = 0.0060, ref_loss = 0.0194, div_loss = 0.0430, 0.636 seconds/batch
2026-04-21 15:20:36,006 - Epoch 6, Batch 650, lr = 0.00010, alpha_2 = 0.500, aux_scale = 1.000,  final_loss = 4.8457, nll_loss = 4.7604, ref_nll_loss = 4.9310, ivc_loss = 0.0918, neg_loss_1 = 0.0082, neg_loss_2 = 0.0062, ref_loss = 0.0210, div_loss = 0.0421, 0.638 seconds/batch
2026-04-21 15:21:09,026 - Epoch 6, Batch 700, lr = 0.00010, alpha_2 = 0.500, aux_scale = 1.000,  final_loss = 4.8236, nll_loss = 4.7382, ref_nll_loss = 4.9090, ivc_loss = 0.0872, neg_loss_1 = 0.0064, neg_loss_2 = 0.0065, ref_loss = 0.0198, div_loss = 0.0436, 0.640 seconds/batch
2026-04-21 15:21:42,043 - Epoch 6, Batch 750, lr = 0.00010, alpha_2 = 0.500, aux_scale = 1.000,  final_loss = 4.8154, nll_loss = 4.7284, ref_nll_loss = 4.9024, ivc_loss = 0.0832, neg_loss_1 = 0.0071, neg_loss_2 = 0.0058, ref_loss = 0.0181, div_loss = 0.0425, 0.641 seconds/batch
2026-04-21 15:22:14,737 - Epoch 6, Batch 800, lr = 0.00010, alpha_2 = 0.500, aux_scale = 1.000,  final_loss = 4.8414, nll_loss = 4.7580, ref_nll_loss = 4.9247, ivc_loss = 0.0891, neg_loss_1 = 0.0062, neg_loss_2 = 0.0053, ref_loss = 0.0219, div_loss = 0.0444, 0.642 seconds/batch
2026-04-21 15:22:47,738 - Epoch 6, Batch 850, lr = 0.00010, alpha_2 = 0.500, aux_scale = 1.000,  final_loss = 4.8256, nll_loss = 4.7436, ref_nll_loss = 4.9077, ivc_loss = 0.0943, neg_loss_1 = 0.0059, neg_loss_2 = 0.0059, ref_loss = 0.0242, div_loss = 0.0449, 0.643 seconds/batch
2026-04-21 15:23:20,727 - Epoch 6, Batch 900, lr = 0.00010, alpha_2 = 0.500, aux_scale = 1.000,  final_loss = 4.7529, nll_loss = 4.6679, ref_nll_loss = 4.8379, ivc_loss = 0.0884, neg_loss_1 = 0.0065, neg_loss_2 = 0.0055, ref_loss = 0.0224, div_loss = 0.0393, 0.644 seconds/batch
2026-04-21 15:23:53,747 - Epoch 6, Batch 950, lr = 0.00010, alpha_2 = 0.500, aux_scale = 1.000,  final_loss = 4.8087, nll_loss = 4.7246, ref_nll_loss = 4.8929, ivc_loss = 0.0872, neg_loss_1 = 0.0082, neg_loss_2 = 0.0056, ref_loss = 0.0205, div_loss = 0.0372, 0.645 seconds/batch
2026-04-21 15:24:26,718 - Epoch 6, Batch 1000, lr = 0.00010, alpha_2 = 0.500, aux_scale = 1.000,  final_loss = 4.7903, nll_loss = 4.7040, ref_nll_loss = 4.8766, ivc_loss = 0.0848, neg_loss_1 = 0.0079, neg_loss_2 = 0.0049, ref_loss = 0.0195, div_loss = 0.0403, 0.645 seconds/batch
2026-04-21 15:24:59,693 - Epoch 6, Batch 1050, lr = 0.00010, alpha_2 = 0.500, aux_scale = 1.000,  final_loss = 4.7812, nll_loss = 4.6979, ref_nll_loss = 4.8646, ivc_loss = 0.0879, neg_loss_1 = 0.0059, neg_loss_2 = 0.0062, ref_loss = 0.0218, div_loss = 0.0400, 0.646 seconds/batch
2026-04-21 15:25:32,622 - Epoch 6, Batch 1100, lr = 0.00010, alpha_2 = 0.500, aux_scale = 1.000,  final_loss = 4.7923, nll_loss = 4.7054, ref_nll_loss = 4.8792, ivc_loss = 0.0809, neg_loss_1 = 0.0076, neg_loss_2 = 0.0045, ref_loss = 0.0186, div_loss = 0.0392, 0.647 seconds/batch
2026-04-21 15:26:05,618 - Epoch 6, Batch 1150, lr = 0.00010, alpha_2 = 0.500, aux_scale = 1.000,  final_loss = 4.8037, nll_loss = 4.7175, ref_nll_loss = 4.8899, ivc_loss = 0.0843, neg_loss_1 = 0.0063, neg_loss_2 = 0.0053, ref_loss = 0.0210, div_loss = 0.0384, 0.647 seconds/batch
2026-04-21 15:26:18,572 - Epoch 6, Batch 1170, lr = 0.00010, alpha_2 = 0.500, aux_scale = 1.000,  final_loss = 4.7884, nll_loss = 4.7042, ref_nll_loss = 4.8726, ivc_loss = 0.0906, neg_loss_1 = 0.0071, neg_loss_2 = 0.0052, ref_loss = 0.0232, div_loss = 0.0392, 0.647 seconds/batch
2026-04-21 15:26:18,730 - save model to checkpoints/activitynet_moe_v2_staged_alpha/moe_v2_staged_alpha/model-6.pt, num_updates 7020.
2026-04-21 15:28:39,898 - | R@1,mIoU 0.3434 | R@1,IoU@0.1 0.8180 | R@1,IoU@0.3 0.4733 | R@1,IoU@0.5 0.2317 | R@1,IoU@0.7 0.1261 | R@1,IoU@0.9 0.0676 | R@5,mIoU 0.5037 | R@5,IoU@0.1 0.9183 | R@5,IoU@0.3 0.7345 | R@5,IoU@0.5 0.5098 | R@5,IoU@0.7 0.2588 | R@5,IoU@0.9 0.0952 |
2026-04-21 15:28:39,898 - ============================================================
2026-04-21 15:28:39,898 - Start Epoch 7
2026-04-21 15:28:59,369 - Epoch 7, Batch 50, lr = 0.00010, alpha_2 = 0.500, aux_scale = 1.000,  final_loss = 4.7269, nll_loss = 4.6407, ref_nll_loss = 4.8132, ivc_loss = 0.0815, neg_loss_1 = 0.0067, neg_loss_2 = 0.0047, ref_loss = 0.0190, div_loss = 0.0418, 0.389 seconds/batch
2026-04-21 15:29:31,279 - Epoch 7, Batch 100, lr = 0.00009, alpha_2 = 0.500, aux_scale = 1.000,  final_loss = 4.7611, nll_loss = 4.6713, ref_nll_loss = 4.8509, ivc_loss = 0.0885, neg_loss_1 = 0.0090, neg_loss_2 = 0.0059, ref_loss = 0.0195, div_loss = 0.0395, 0.514 seconds/batch
2026-04-21 15:30:04,267 - Epoch 7, Batch 150, lr = 0.00009, alpha_2 = 0.500, aux_scale = 1.000,  final_loss = 4.7313, nll_loss = 4.6428, ref_nll_loss = 4.8199, ivc_loss = 0.0812, neg_loss_1 = 0.0063, neg_loss_2 = 0.0052, ref_loss = 0.0189, div_loss = 0.0408, 0.562 seconds/batch
2026-04-21 15:30:37,288 - Epoch 7, Batch 200, lr = 0.00009, alpha_2 = 0.500, aux_scale = 1.000,  final_loss = 4.7492, nll_loss = 4.6572, ref_nll_loss = 4.8411, ivc_loss = 0.0801, neg_loss_1 = 0.0067, neg_loss_2 = 0.0046, ref_loss = 0.0182, div_loss = 0.0421, 0.587 seconds/batch
2026-04-21 15:31:10,307 - Epoch 7, Batch 250, lr = 0.00009, alpha_2 = 0.500, aux_scale = 1.000,  final_loss = 4.7778, nll_loss = 4.6857, ref_nll_loss = 4.8699, ivc_loss = 0.0807, neg_loss_1 = 0.0055, neg_loss_2 = 0.0050, ref_loss = 0.0193, div_loss = 0.0422, 0.602 seconds/batch
2026-04-21 15:31:43,277 - Epoch 7, Batch 300, lr = 0.00009, alpha_2 = 0.500, aux_scale = 1.000,  final_loss = 4.7834, nll_loss = 4.6985, ref_nll_loss = 4.8683, ivc_loss = 0.0873, neg_loss_1 = 0.0047, neg_loss_2 = 0.0051, ref_loss = 0.0219, div_loss = 0.0477, 0.611 seconds/batch
2026-04-21 15:32:16,278 - Epoch 7, Batch 350, lr = 0.00009, alpha_2 = 0.500, aux_scale = 1.000,  final_loss = 4.7803, nll_loss = 4.6947, ref_nll_loss = 4.8659, ivc_loss = 0.0815, neg_loss_1 = 0.0050, neg_loss_2 = 0.0033, ref_loss = 0.0207, div_loss = 0.0469, 0.618 seconds/batch
2026-04-21 15:32:49,282 - Epoch 7, Batch 400, lr = 0.00009, alpha_2 = 0.500, aux_scale = 1.000,  final_loss = 4.7544, nll_loss = 4.6683, ref_nll_loss = 4.8405, ivc_loss = 0.0887, neg_loss_1 = 0.0061, neg_loss_2 = 0.0052, ref_loss = 0.0214, div_loss = 0.0467, 0.623 seconds/batch
2026-04-21 15:33:22,238 - Epoch 7, Batch 450, lr = 0.00009, alpha_2 = 0.500, aux_scale = 1.000,  final_loss = 4.7709, nll_loss = 4.6816, ref_nll_loss = 4.8601, ivc_loss = 0.0837, neg_loss_1 = 0.0063, neg_loss_2 = 0.0066, ref_loss = 0.0180, div_loss = 0.0439, 0.627 seconds/batch
2026-04-21 15:33:55,241 - Epoch 7, Batch 500, lr = 0.00009, alpha_2 = 0.500, aux_scale = 1.000,  final_loss = 4.7649, nll_loss = 4.6806, ref_nll_loss = 4.8493, ivc_loss = 0.0854, neg_loss_1 = 0.0046, neg_loss_2 = 0.0059, ref_loss = 0.0211, div_loss = 0.0444, 0.631 seconds/batch
2026-04-21 15:34:28,186 - Epoch 7, Batch 550, lr = 0.00009, alpha_2 = 0.500, aux_scale = 1.000,  final_loss = 4.8003, nll_loss = 4.7158, ref_nll_loss = 4.8847, ivc_loss = 0.0863, neg_loss_1 = 0.0051, neg_loss_2 = 0.0058, ref_loss = 0.0213, div_loss = 0.0439, 0.633 seconds/batch
2026-04-21 15:35:01,184 - Epoch 7, Batch 600, lr = 0.00009, alpha_2 = 0.500, aux_scale = 1.000,  final_loss = 4.7070, nll_loss = 4.6206, ref_nll_loss = 4.7933, ivc_loss = 0.0851, neg_loss_1 = 0.0059, neg_loss_2 = 0.0054, ref_loss = 0.0200, div_loss = 0.0451, 0.635 seconds/batch
2026-04-21 15:35:34,204 - Epoch 7, Batch 650, lr = 0.00009, alpha_2 = 0.500, aux_scale = 1.000,  final_loss = 4.7449, nll_loss = 4.6597, ref_nll_loss = 4.8300, ivc_loss = 0.0879, neg_loss_1 = 0.0064, neg_loss_2 = 0.0059, ref_loss = 0.0213, div_loss = 0.0415, 0.637 seconds/batch
2026-04-21 15:36:07,213 - Epoch 7, Batch 700, lr = 0.00009, alpha_2 = 0.500, aux_scale = 1.000,  final_loss = 4.7395, nll_loss = 4.6515, ref_nll_loss = 4.8274, ivc_loss = 0.0904, neg_loss_1 = 0.0075, neg_loss_2 = 0.0073, ref_loss = 0.0197, div_loss = 0.0426, 0.639 seconds/batch
2026-04-21 15:36:40,249 - Epoch 7, Batch 750, lr = 0.00009, alpha_2 = 0.500, aux_scale = 1.000,  final_loss = 4.7765, nll_loss = 4.6850, ref_nll_loss = 4.8680, ivc_loss = 0.0921, neg_loss_1 = 0.0073, neg_loss_2 = 0.0072, ref_loss = 0.0204, div_loss = 0.0448, 0.640 seconds/batch
2026-04-21 15:37:13,283 - Epoch 7, Batch 800, lr = 0.00009, alpha_2 = 0.500, aux_scale = 1.000,  final_loss = 4.7333, nll_loss = 4.6417, ref_nll_loss = 4.8249, ivc_loss = 0.0825, neg_loss_1 = 0.0052, neg_loss_2 = 0.0056, ref_loss = 0.0188, div_loss = 0.0464, 0.642 seconds/batch
2026-04-21 15:37:46,273 - Epoch 7, Batch 850, lr = 0.00009, alpha_2 = 0.500, aux_scale = 1.000,  final_loss = 4.7465, nll_loss = 4.6555, ref_nll_loss = 4.8376, ivc_loss = 0.0830, neg_loss_1 = 0.0075, neg_loss_2 = 0.0039, ref_loss = 0.0188, div_loss = 0.0451, 0.643 seconds/batch
2026-04-21 15:38:19,284 - Epoch 7, Batch 900, lr = 0.00009, alpha_2 = 0.500, aux_scale = 1.000,  final_loss = 4.7622, nll_loss = 4.6742, ref_nll_loss = 4.8503, ivc_loss = 0.0870, neg_loss_1 = 0.0058, neg_loss_2 = 0.0063, ref_loss = 0.0194, div_loss = 0.0475, 0.644 seconds/batch
2026-04-21 15:38:52,324 - Epoch 7, Batch 950, lr = 0.00009, alpha_2 = 0.500, aux_scale = 1.000,  final_loss = 4.7346, nll_loss = 4.6462, ref_nll_loss = 4.8231, ivc_loss = 0.0824, neg_loss_1 = 0.0047, neg_loss_2 = 0.0053, ref_loss = 0.0195, div_loss = 0.0469, 0.645 seconds/batch
2026-04-21 15:39:25,342 - Epoch 7, Batch 1000, lr = 0.00009, alpha_2 = 0.500, aux_scale = 1.000,  final_loss = 4.7413, nll_loss = 4.6520, ref_nll_loss = 4.8305, ivc_loss = 0.0771, neg_loss_1 = 0.0031, neg_loss_2 = 0.0043, ref_loss = 0.0194, div_loss = 0.0469, 0.645 seconds/batch
2026-04-21 15:39:58,334 - Epoch 7, Batch 1050, lr = 0.00009, alpha_2 = 0.500, aux_scale = 1.000,  final_loss = 4.7500, nll_loss = 4.6575, ref_nll_loss = 4.8425, ivc_loss = 0.0818, neg_loss_1 = 0.0054, neg_loss_2 = 0.0046, ref_loss = 0.0199, div_loss = 0.0436, 0.646 seconds/batch
2026-04-21 15:40:31,344 - Epoch 7, Batch 1100, lr = 0.00009, alpha_2 = 0.500, aux_scale = 1.000,  final_loss = 4.7418, nll_loss = 4.6493, ref_nll_loss = 4.8342, ivc_loss = 0.0844, neg_loss_1 = 0.0066, neg_loss_2 = 0.0054, ref_loss = 0.0196, div_loss = 0.0425, 0.647 seconds/batch
2026-04-21 15:41:04,384 - Epoch 7, Batch 1150, lr = 0.00009, alpha_2 = 0.500, aux_scale = 1.000,  final_loss = 4.7456, nll_loss = 4.6575, ref_nll_loss = 4.8336, ivc_loss = 0.0828, neg_loss_1 = 0.0062, neg_loss_2 = 0.0056, ref_loss = 0.0190, div_loss = 0.0424, 0.647 seconds/batch
2026-04-21 15:41:17,437 - Epoch 7, Batch 1170, lr = 0.00009, alpha_2 = 0.500, aux_scale = 1.000,  final_loss = 4.7346, nll_loss = 4.6420, ref_nll_loss = 4.8272, ivc_loss = 0.0753, neg_loss_1 = 0.0045, neg_loss_2 = 0.0052, ref_loss = 0.0171, div_loss = 0.0433, 0.647 seconds/batch
2026-04-21 15:41:17,521 - save model to checkpoints/activitynet_moe_v2_staged_alpha/moe_v2_staged_alpha/model-7.pt, num_updates 8190.
2026-04-21 15:43:39,007 - | R@1,mIoU 0.3430 | R@1,IoU@0.1 0.8125 | R@1,IoU@0.3 0.4727 | R@1,IoU@0.5 0.2276 | R@1,IoU@0.7 0.1278 | R@1,IoU@0.9 0.0784 | R@5,mIoU 0.4831 | R@5,IoU@0.1 0.9082 | R@5,IoU@0.3 0.7085 | R@5,IoU@0.5 0.4710 | R@5,IoU@0.7 0.2364 | R@5,IoU@0.9 0.0942 |
2026-04-21 15:43:39,008 - ============================================================
2026-04-21 15:43:39,008 - Start Epoch 8
2026-04-21 15:43:58,497 - Epoch 8, Batch 50, lr = 0.00009, alpha_2 = 0.500, aux_scale = 1.000,  final_loss = 4.7018, nll_loss = 4.6123, ref_nll_loss = 4.7913, ivc_loss = 0.0881, neg_loss_1 = 0.0056, neg_loss_2 = 0.0075, ref_loss = 0.0199, div_loss = 0.0443, 0.390 seconds/batch
2026-04-21 15:44:30,281 - Epoch 8, Batch 100, lr = 0.00009, alpha_2 = 0.500, aux_scale = 1.000,  final_loss = 4.7268, nll_loss = 4.6370, ref_nll_loss = 4.8166, ivc_loss = 0.0772, neg_loss_1 = 0.0047, neg_loss_2 = 0.0051, ref_loss = 0.0179, div_loss = 0.0437, 0.513 seconds/batch
2026-04-21 15:45:03,282 - Epoch 8, Batch 150, lr = 0.00009, alpha_2 = 0.500, aux_scale = 1.000,  final_loss = 4.7125, nll_loss = 4.6220, ref_nll_loss = 4.8029, ivc_loss = 0.0813, neg_loss_1 = 0.0056, neg_loss_2 = 0.0049, ref_loss = 0.0194, div_loss = 0.0428, 0.562 seconds/batch
2026-04-21 15:45:36,185 - Epoch 8, Batch 200, lr = 0.00009, alpha_2 = 0.500, aux_scale = 1.000,  final_loss = 4.7003, nll_loss = 4.6095, ref_nll_loss = 4.7912, ivc_loss = 0.0840, neg_loss_1 = 0.0062, neg_loss_2 = 0.0054, ref_loss = 0.0197, div_loss = 0.0428, 0.586 seconds/batch
2026-04-21 15:46:09,198 - Epoch 8, Batch 250, lr = 0.00009, alpha_2 = 0.500, aux_scale = 1.000,  final_loss = 4.7117, nll_loss = 4.6203, ref_nll_loss = 4.8031, ivc_loss = 0.0792, neg_loss_1 = 0.0060, neg_loss_2 = 0.0042, ref_loss = 0.0181, div_loss = 0.0449, 0.601 seconds/batch
2026-04-21 15:46:42,220 - Epoch 8, Batch 300, lr = 0.00009, alpha_2 = 0.500, aux_scale = 1.000,  final_loss = 4.6754, nll_loss = 4.5847, ref_nll_loss = 4.7661, ivc_loss = 0.0808, neg_loss_1 = 0.0063, neg_loss_2 = 0.0032, ref_loss = 0.0200, div_loss = 0.0438, 0.611 seconds/batch
2026-04-21 15:47:15,209 - Epoch 8, Batch 350, lr = 0.00009, alpha_2 = 0.500, aux_scale = 1.000,  final_loss = 4.6927, nll_loss = 4.6032, ref_nll_loss = 4.7821, ivc_loss = 0.0797, neg_loss_1 = 0.0045, neg_loss_2 = 0.0044, ref_loss = 0.0194, div_loss = 0.0462, 0.618 seconds/batch
2026-04-21 15:47:47,784 - Epoch 8, Batch 400, lr = 0.00009, alpha_2 = 0.500, aux_scale = 1.000,  final_loss = 4.7112, nll_loss = 4.6227, ref_nll_loss = 4.7996, ivc_loss = 0.0838, neg_loss_1 = 0.0057, neg_loss_2 = 0.0041, ref_loss = 0.0207, div_loss = 0.0456, 0.622 seconds/batch
2026-04-21 15:48:20,789 - Epoch 8, Batch 450, lr = 0.00009, alpha_2 = 0.500, aux_scale = 1.000,  final_loss = 4.7175, nll_loss = 4.6273, ref_nll_loss = 4.8078, ivc_loss = 0.0799, neg_loss_1 = 0.0044, neg_loss_2 = 0.0040, ref_loss = 0.0197, div_loss = 0.0475, 0.626 seconds/batch
2026-04-21 15:48:53,784 - Epoch 8, Batch 500, lr = 0.00009, alpha_2 = 0.500, aux_scale = 1.000,  final_loss = 4.7269, nll_loss = 4.6371, ref_nll_loss = 4.8168, ivc_loss = 0.0833, neg_loss_1 = 0.0053, neg_loss_2 = 0.0037, ref_loss = 0.0209, div_loss = 0.0470, 0.630 seconds/batch
2026-04-21 15:49:26,762 - Epoch 8, Batch 550, lr = 0.00009, alpha_2 = 0.500, aux_scale = 1.000,  final_loss = 4.7139, nll_loss = 4.6229, ref_nll_loss = 4.8050, ivc_loss = 0.0784, neg_loss_1 = 0.0043, neg_loss_2 = 0.0055, ref_loss = 0.0184, div_loss = 0.0444, 0.632 seconds/batch
2026-04-21 15:49:59,786 - Epoch 8, Batch 600, lr = 0.00009, alpha_2 = 0.500, aux_scale = 1.000,  final_loss = 4.6345, nll_loss = 4.5469, ref_nll_loss = 4.7221, ivc_loss = 0.0816, neg_loss_1 = 0.0046, neg_loss_2 = 0.0045, ref_loss = 0.0208, div_loss = 0.0439, 0.635 seconds/batch
2026-04-21 15:50:32,794 - Epoch 8, Batch 650, lr = 0.00009, alpha_2 = 0.500, aux_scale = 1.000,  final_loss = 4.7348, nll_loss = 4.6457, ref_nll_loss = 4.8239, ivc_loss = 0.0850, neg_loss_1 = 0.0054, neg_loss_2 = 0.0065, ref_loss = 0.0190, div_loss = 0.0464, 0.637 seconds/batch
2026-04-21 15:51:05,783 - Epoch 8, Batch 700, lr = 0.00008, alpha_2 = 0.500, aux_scale = 1.000,  final_loss = 4.7196, nll_loss = 4.6291, ref_nll_loss = 4.8100, ivc_loss = 0.0851, neg_loss_1 = 0.0046, neg_loss_2 = 0.0056, ref_loss = 0.0205, div_loss = 0.0475, 0.638 seconds/batch
2026-04-21 15:51:38,798 - Epoch 8, Batch 750, lr = 0.00008, alpha_2 = 0.500, aux_scale = 1.000,  final_loss = 4.7415, nll_loss = 4.6512, ref_nll_loss = 4.8318, ivc_loss = 0.0847, neg_loss_1 = 0.0069, neg_loss_2 = 0.0057, ref_loss = 0.0181, div_loss = 0.0464, 0.640 seconds/batch
2026-04-21 15:52:11,803 - Epoch 8, Batch 800, lr = 0.00008, alpha_2 = 0.500, aux_scale = 1.000,  final_loss = 4.6621, nll_loss = 4.5692, ref_nll_loss = 4.7550, ivc_loss = 0.0768, neg_loss_1 = 0.0046, neg_loss_2 = 0.0037, ref_loss = 0.0182, div_loss = 0.0477, 0.641 seconds/batch
2026-04-21 15:52:44,796 - Epoch 8, Batch 850, lr = 0.00008, alpha_2 = 0.500, aux_scale = 1.000,  final_loss = 4.7228, nll_loss = 4.6349, ref_nll_loss = 4.8107, ivc_loss = 0.0877, neg_loss_1 = 0.0048, neg_loss_2 = 0.0063, ref_loss = 0.0207, div_loss = 0.0480, 0.642 seconds/batch
2026-04-21 15:53:17,791 - Epoch 8, Batch 900, lr = 0.00008, alpha_2 = 0.500, aux_scale = 1.000,  final_loss = 4.6888, nll_loss = 4.5998, ref_nll_loss = 4.7778, ivc_loss = 0.0873, neg_loss_1 = 0.0069, neg_loss_2 = 0.0035, ref_loss = 0.0213, div_loss = 0.0482, 0.643 seconds/batch
2026-04-21 15:53:50,785 - Epoch 8, Batch 950, lr = 0.00008, alpha_2 = 0.500, aux_scale = 1.000,  final_loss = 4.7106, nll_loss = 4.6176, ref_nll_loss = 4.8035, ivc_loss = 0.0804, neg_loss_1 = 0.0057, neg_loss_2 = 0.0043, ref_loss = 0.0192, div_loss = 0.0442, 0.644 seconds/batch
2026-04-21 15:54:23,797 - Epoch 8, Batch 1000, lr = 0.00008, alpha_2 = 0.500, aux_scale = 1.000,  final_loss = 4.7106, nll_loss = 4.6201, ref_nll_loss = 4.8012, ivc_loss = 0.0801, neg_loss_1 = 0.0068, neg_loss_2 = 0.0041, ref_loss = 0.0186, div_loss = 0.0428, 0.645 seconds/batch
2026-04-21 15:54:56,778 - Epoch 8, Batch 1050, lr = 0.00008, alpha_2 = 0.500, aux_scale = 1.000,  final_loss = 4.7130, nll_loss = 4.6238, ref_nll_loss = 4.8022, ivc_loss = 0.0858, neg_loss_1 = 0.0066, neg_loss_2 = 0.0056, ref_loss = 0.0208, div_loss = 0.0397, 0.645 seconds/batch
2026-04-21 15:55:29,791 - Epoch 8, Batch 1100, lr = 0.00008, alpha_2 = 0.500, aux_scale = 1.000,  final_loss = 4.7113, nll_loss = 4.6214, ref_nll_loss = 4.8013, ivc_loss = 0.0818, neg_loss_1 = 0.0061, neg_loss_2 = 0.0047, ref_loss = 0.0200, div_loss = 0.0400, 0.646 seconds/batch
2026-04-21 15:56:02,788 - Epoch 8, Batch 1150, lr = 0.00008, alpha_2 = 0.500, aux_scale = 1.000,  final_loss = 4.6731, nll_loss = 4.5830, ref_nll_loss = 4.7632, ivc_loss = 0.0805, neg_loss_1 = 0.0065, neg_loss_2 = 0.0047, ref_loss = 0.0189, div_loss = 0.0408, 0.647 seconds/batch
2026-04-21 15:56:15,683 - Epoch 8, Batch 1170, lr = 0.00008, alpha_2 = 0.500, aux_scale = 1.000,  final_loss = 4.6849, nll_loss = 4.5936, ref_nll_loss = 4.7762, ivc_loss = 0.0740, neg_loss_1 = 0.0030, neg_loss_2 = 0.0043, ref_loss = 0.0192, div_loss = 0.0421, 0.647 seconds/batch
2026-04-21 15:56:15,768 - save model to checkpoints/activitynet_moe_v2_staged_alpha/moe_v2_staged_alpha/model-8.pt, num_updates 9360.
2026-04-21 15:58:37,994 - | R@1,mIoU 0.3465 | R@1,IoU@0.1 0.8197 | R@1,IoU@0.3 0.4827 | R@1,IoU@0.5 0.2296 | R@1,IoU@0.7 0.1280 | R@1,IoU@0.9 0.0776 | R@5,mIoU 0.4869 | R@5,IoU@0.1 0.9103 | R@5,IoU@0.3 0.7145 | R@5,IoU@0.5 0.4807 | R@5,IoU@0.7 0.2413 | R@5,IoU@0.9 0.0899 |
2026-04-21 15:58:38,093 - Best R@1 updated: 0.3465
2026-04-21 15:58:38,093 - ============================================================
2026-04-21 15:58:38,094 - Start Epoch 9
2026-04-21 15:58:57,563 - Epoch 9, Batch 50, lr = 0.00008, alpha_2 = 0.500, aux_scale = 1.000,  final_loss = 4.6530, nll_loss = 4.5631, ref_nll_loss = 4.7429, ivc_loss = 0.0808, neg_loss_1 = 0.0049, neg_loss_2 = 0.0057, ref_loss = 0.0188, div_loss = 0.0435, 0.389 seconds/batch
2026-04-21 15:59:29,249 - Epoch 9, Batch 100, lr = 0.00008, alpha_2 = 0.500, aux_scale = 1.000,  final_loss = 4.6709, nll_loss = 4.5817, ref_nll_loss = 4.7602, ivc_loss = 0.0759, neg_loss_1 = 0.0042, neg_loss_2 = 0.0034, ref_loss = 0.0190, div_loss = 0.0452, 0.512 seconds/batch
2026-04-21 16:00:02,255 - Epoch 9, Batch 150, lr = 0.00008, alpha_2 = 0.500, aux_scale = 1.000,  final_loss = 4.6781, nll_loss = 4.5867, ref_nll_loss = 4.7696, ivc_loss = 0.0784, neg_loss_1 = 0.0053, neg_loss_2 = 0.0041, ref_loss = 0.0184, div_loss = 0.0457, 0.561 seconds/batch
2026-04-21 16:00:34,782 - Epoch 9, Batch 200, lr = 0.00008, alpha_2 = 0.500, aux_scale = 1.000,  final_loss = 4.6390, nll_loss = 4.5456, ref_nll_loss = 4.7325, ivc_loss = 0.0770, neg_loss_1 = 0.0056, neg_loss_2 = 0.0035, ref_loss = 0.0182, div_loss = 0.0447, 0.583 seconds/batch
2026-04-21 16:01:07,787 - Epoch 9, Batch 250, lr = 0.00008, alpha_2 = 0.500, aux_scale = 1.000,  final_loss = 4.6848, nll_loss = 4.5932, ref_nll_loss = 4.7764, ivc_loss = 0.0825, neg_loss_1 = 0.0056, neg_loss_2 = 0.0050, ref_loss = 0.0191, div_loss = 0.0462, 0.599 seconds/batch
2026-04-21 16:01:40,789 - Epoch 9, Batch 300, lr = 0.00008, alpha_2 = 0.500, aux_scale = 1.000,  final_loss = 4.6727, nll_loss = 4.5804, ref_nll_loss = 4.7650, ivc_loss = 0.0798, neg_loss_1 = 0.0048, neg_loss_2 = 0.0039, ref_loss = 0.0196, div_loss = 0.0465, 0.609 seconds/batch
2026-04-21 16:02:13,818 - Epoch 9, Batch 350, lr = 0.00008, alpha_2 = 0.500, aux_scale = 1.000,  final_loss = 4.6889, nll_loss = 4.5962, ref_nll_loss = 4.7816, ivc_loss = 0.0752, neg_loss_1 = 0.0052, neg_loss_2 = 0.0030, ref_loss = 0.0184, div_loss = 0.0441, 0.616 seconds/batch
2026-04-21 16:02:46,818 - Epoch 9, Batch 400, lr = 0.00008, alpha_2 = 0.500, aux_scale = 1.000,  final_loss = 4.6586, nll_loss = 4.5630, ref_nll_loss = 4.7542, ivc_loss = 0.0764, neg_loss_1 = 0.0064, neg_loss_2 = 0.0045, ref_loss = 0.0167, div_loss = 0.0421, 0.622 seconds/batch
2026-04-21 16:03:19,807 - Epoch 9, Batch 450, lr = 0.00008, alpha_2 = 0.500, aux_scale = 1.000,  final_loss = 4.6432, nll_loss = 4.5515, ref_nll_loss = 4.7349, ivc_loss = 0.0810, neg_loss_1 = 0.0048, neg_loss_2 = 0.0062, ref_loss = 0.0188, div_loss = 0.0429, 0.626 seconds/batch
2026-04-21 16:03:52,819 - Epoch 9, Batch 500, lr = 0.00008, alpha_2 = 0.500, aux_scale = 1.000,  final_loss = 4.6332, nll_loss = 4.5384, ref_nll_loss = 4.7279, ivc_loss = 0.0773, neg_loss_1 = 0.0060, neg_loss_2 = 0.0050, ref_loss = 0.0171, div_loss = 0.0421, 0.629 seconds/batch
2026-04-21 16:04:25,862 - Epoch 9, Batch 550, lr = 0.00008, alpha_2 = 0.500, aux_scale = 1.000,  final_loss = 4.6469, nll_loss = 4.5527, ref_nll_loss = 4.7412, ivc_loss = 0.0761, neg_loss_1 = 0.0048, neg_loss_2 = 0.0040, ref_loss = 0.0184, div_loss = 0.0431, 0.632 seconds/batch
2026-04-21 16:04:58,868 - Epoch 9, Batch 600, lr = 0.00008, alpha_2 = 0.500, aux_scale = 1.000,  final_loss = 4.6687, nll_loss = 4.5724, ref_nll_loss = 4.7649, ivc_loss = 0.0757, neg_loss_1 = 0.0052, neg_loss_2 = 0.0040, ref_loss = 0.0180, div_loss = 0.0424, 0.635 seconds/batch
2026-04-21 16:05:31,876 - Epoch 9, Batch 650, lr = 0.00008, alpha_2 = 0.500, aux_scale = 1.000,  final_loss = 4.6304, nll_loss = 4.5391, ref_nll_loss = 4.7218, ivc_loss = 0.0764, neg_loss_1 = 0.0052, neg_loss_2 = 0.0031, ref_loss = 0.0194, div_loss = 0.0417, 0.637 seconds/batch
2026-04-21 16:06:04,913 - Epoch 9, Batch 700, lr = 0.00008, alpha_2 = 0.500, aux_scale = 1.000,  final_loss = 4.6555, nll_loss = 4.5614, ref_nll_loss = 4.7496, ivc_loss = 0.0785, neg_loss_1 = 0.0064, neg_loss_2 = 0.0050, ref_loss = 0.0173, div_loss = 0.0422, 0.638 seconds/batch
2026-04-21 16:06:37,879 - Epoch 9, Batch 750, lr = 0.00008, alpha_2 = 0.500, aux_scale = 1.000,  final_loss = 4.6330, nll_loss = 4.5381, ref_nll_loss = 4.7280, ivc_loss = 0.0778, neg_loss_1 = 0.0059, neg_loss_2 = 0.0039, ref_loss = 0.0181, div_loss = 0.0436, 0.640 seconds/batch
2026-04-21 16:07:10,887 - Epoch 9, Batch 800, lr = 0.00008, alpha_2 = 0.500, aux_scale = 1.000,  final_loss = 4.6613, nll_loss = 4.5690, ref_nll_loss = 4.7535, ivc_loss = 0.0825, neg_loss_1 = 0.0073, neg_loss_2 = 0.0045, ref_loss = 0.0189, div_loss = 0.0419, 0.641 seconds/batch
2026-04-21 16:07:43,891 - Epoch 9, Batch 850, lr = 0.00008, alpha_2 = 0.500, aux_scale = 1.000,  final_loss = 4.6487, nll_loss = 4.5539, ref_nll_loss = 4.7435, ivc_loss = 0.0683, neg_loss_1 = 0.0046, neg_loss_2 = 0.0028, ref_loss = 0.0161, div_loss = 0.0427, 0.642 seconds/batch
2026-04-21 16:08:16,896 - Epoch 9, Batch 900, lr = 0.00008, alpha_2 = 0.500, aux_scale = 1.000,  final_loss = 4.6847, nll_loss = 4.5939, ref_nll_loss = 4.7755, ivc_loss = 0.0766, neg_loss_1 = 0.0054, neg_loss_2 = 0.0047, ref_loss = 0.0179, div_loss = 0.0412, 0.643 seconds/batch
2026-04-21 16:08:49,905 - Epoch 9, Batch 950, lr = 0.00008, alpha_2 = 0.500, aux_scale = 1.000,  final_loss = 4.6422, nll_loss = 4.5471, ref_nll_loss = 4.7372, ivc_loss = 0.0733, neg_loss_1 = 0.0049, neg_loss_2 = 0.0046, ref_loss = 0.0168, div_loss = 0.0416, 0.644 seconds/batch
2026-04-21 16:09:22,911 - Epoch 9, Batch 1000, lr = 0.00008, alpha_2 = 0.500, aux_scale = 1.000,  final_loss = 4.6687, nll_loss = 4.5765, ref_nll_loss = 4.7610, ivc_loss = 0.0811, neg_loss_1 = 0.0061, neg_loss_2 = 0.0043, ref_loss = 0.0195, div_loss = 0.0428, 0.645 seconds/batch
2026-04-21 16:09:55,926 - Epoch 9, Batch 1050, lr = 0.00008, alpha_2 = 0.500, aux_scale = 1.000,  final_loss = 4.6581, nll_loss = 4.5664, ref_nll_loss = 4.7498, ivc_loss = 0.0746, neg_loss_1 = 0.0037, neg_loss_2 = 0.0043, ref_loss = 0.0186, div_loss = 0.0431, 0.646 seconds/batch
2026-04-21 16:10:28,904 - Epoch 9, Batch 1100, lr = 0.00008, alpha_2 = 0.500, aux_scale = 1.000,  final_loss = 4.6870, nll_loss = 4.5972, ref_nll_loss = 4.7769, ivc_loss = 0.0767, neg_loss_1 = 0.0044, neg_loss_2 = 0.0047, ref_loss = 0.0185, div_loss = 0.0426, 0.646 seconds/batch
2026-04-21 16:11:01,861 - Epoch 9, Batch 1150, lr = 0.00008, alpha_2 = 0.500, aux_scale = 1.000,  final_loss = 4.6265, nll_loss = 4.5315, ref_nll_loss = 4.7215, ivc_loss = 0.0768, neg_loss_1 = 0.0049, neg_loss_2 = 0.0040, ref_loss = 0.0189, div_loss = 0.0427, 0.647 seconds/batch
2026-04-21 16:11:14,828 - Epoch 9, Batch 1170, lr = 0.00008, alpha_2 = 0.500, aux_scale = 1.000,  final_loss = 4.6460, nll_loss = 4.5567, ref_nll_loss = 4.7354, ivc_loss = 0.0864, neg_loss_1 = 0.0039, neg_loss_2 = 0.0048, ref_loss = 0.0229, div_loss = 0.0465, 0.647 seconds/batch
2026-04-21 16:11:14,933 - save model to checkpoints/activitynet_moe_v2_staged_alpha/moe_v2_staged_alpha/model-9.pt, num_updates 10530.
2026-04-21 16:13:36,849 - | R@1,mIoU 0.3443 | R@1,IoU@0.1 0.8203 | R@1,IoU@0.3 0.4762 | R@1,IoU@0.5 0.2297 | R@1,IoU@0.7 0.1276 | R@1,IoU@0.9 0.0603 | R@5,mIoU 0.4932 | R@5,IoU@0.1 0.9119 | R@5,IoU@0.3 0.7186 | R@5,IoU@0.5 0.4997 | R@5,IoU@0.7 0.2512 | R@5,IoU@0.9 0.0891 |
2026-04-21 16:13:36,849 - ============================================================
2026-04-21 16:13:36,849 - Start Epoch 10
2026-04-21 16:13:56,254 - Epoch 10, Batch 50, lr = 0.00008, alpha_2 = 0.500, aux_scale = 1.000,  final_loss = 4.6021, nll_loss = 4.5098, ref_nll_loss = 4.6945, ivc_loss = 0.0768, neg_loss_1 = 0.0045, neg_loss_2 = 0.0056, ref_loss = 0.0168, div_loss = 0.0463, 0.388 seconds/batch
2026-04-21 16:14:27,894 - Epoch 10, Batch 100, lr = 0.00008, alpha_2 = 0.500, aux_scale = 1.000,  final_loss = 4.5880, nll_loss = 4.4949, ref_nll_loss = 4.6811, ivc_loss = 0.0810, neg_loss_1 = 0.0049, neg_loss_2 = 0.0042, ref_loss = 0.0193, div_loss = 0.0479, 0.510 seconds/batch
2026-04-21 16:15:00,818 - Epoch 10, Batch 150, lr = 0.00008, alpha_2 = 0.500, aux_scale = 1.000,  final_loss = 4.6561, nll_loss = 4.5652, ref_nll_loss = 4.7470, ivc_loss = 0.0829, neg_loss_1 = 0.0055, neg_loss_2 = 0.0046, ref_loss = 0.0196, div_loss = 0.0468, 0.560 seconds/batch
2026-04-21 16:15:33,780 - Epoch 10, Batch 200, lr = 0.00008, alpha_2 = 0.500, aux_scale = 1.000,  final_loss = 4.6257, nll_loss = 4.5297, ref_nll_loss = 4.7217, ivc_loss = 0.0810, neg_loss_1 = 0.0054, neg_loss_2 = 0.0052, ref_loss = 0.0182, div_loss = 0.0472, 0.585 seconds/batch
2026-04-21 16:16:06,789 - Epoch 10, Batch 250, lr = 0.00008, alpha_2 = 0.500, aux_scale = 1.000,  final_loss = 4.6088, nll_loss = 4.5123, ref_nll_loss = 4.7054, ivc_loss = 0.0768, neg_loss_1 = 0.0050, neg_loss_2 = 0.0047, ref_loss = 0.0170, div_loss = 0.0466, 0.600 seconds/batch
2026-04-21 16:16:39,749 - Epoch 10, Batch 300, lr = 0.00008, alpha_2 = 0.500, aux_scale = 1.000,  final_loss = 4.6061, nll_loss = 4.5077, ref_nll_loss = 4.7044, ivc_loss = 0.0750, neg_loss_1 = 0.0047, neg_loss_2 = 0.0051, ref_loss = 0.0169, div_loss = 0.0427, 0.610 seconds/batch
2026-04-21 16:17:12,750 - Epoch 10, Batch 350, lr = 0.00008, alpha_2 = 0.500, aux_scale = 1.000,  final_loss = 4.6155, nll_loss = 4.5200, ref_nll_loss = 4.7109, ivc_loss = 0.0824, neg_loss_1 = 0.0074, neg_loss_2 = 0.0044, ref_loss = 0.0185, div_loss = 0.0433, 0.617 seconds/batch
2026-04-21 16:17:45,763 - Epoch 10, Batch 400, lr = 0.00008, alpha_2 = 0.500, aux_scale = 1.000,  final_loss = 4.6093, nll_loss = 4.5140, ref_nll_loss = 4.7046, ivc_loss = 0.0773, neg_loss_1 = 0.0046, neg_loss_2 = 0.0044, ref_loss = 0.0185, div_loss = 0.0447, 0.622 seconds/batch
2026-04-21 16:18:18,783 - Epoch 10, Batch 450, lr = 0.00008, alpha_2 = 0.500, aux_scale = 1.000,  final_loss = 4.5863, nll_loss = 4.4894, ref_nll_loss = 4.6831, ivc_loss = 0.0776, neg_loss_1 = 0.0045, neg_loss_2 = 0.0040, ref_loss = 0.0190, div_loss = 0.0454, 0.627 seconds/batch
2026-04-21 16:18:51,768 - Epoch 10, Batch 500, lr = 0.00008, alpha_2 = 0.500, aux_scale = 1.000,  final_loss = 4.6328, nll_loss = 4.5363, ref_nll_loss = 4.7293, ivc_loss = 0.0738, neg_loss_1 = 0.0051, neg_loss_2 = 0.0034, ref_loss = 0.0173, div_loss = 0.0445, 0.630 seconds/batch
2026-04-21 16:19:24,766 - Epoch 10, Batch 550, lr = 0.00008, alpha_2 = 0.500, aux_scale = 1.000,  final_loss = 4.6033, nll_loss = 4.5051, ref_nll_loss = 4.7015, ivc_loss = 0.0734, neg_loss_1 = 0.0045, neg_loss_2 = 0.0040, ref_loss = 0.0171, div_loss = 0.0445, 0.633 seconds/batch
2026-04-21 16:19:57,769 - Epoch 10, Batch 600, lr = 0.00008, alpha_2 = 0.500, aux_scale = 1.000,  final_loss = 4.6363, nll_loss = 4.5401, ref_nll_loss = 4.7325, ivc_loss = 0.0748, neg_loss_1 = 0.0047, neg_loss_2 = 0.0031, ref_loss = 0.0183, div_loss = 0.0448, 0.635 seconds/batch
2026-04-21 16:20:30,812 - Epoch 10, Batch 650, lr = 0.00008, alpha_2 = 0.500, aux_scale = 1.000,  final_loss = 4.6678, nll_loss = 4.5726, ref_nll_loss = 4.7630, ivc_loss = 0.0742, neg_loss_1 = 0.0046, neg_loss_2 = 0.0046, ref_loss = 0.0165, div_loss = 0.0454, 0.637 seconds/batch
2026-04-21 16:21:03,840 - Epoch 10, Batch 700, lr = 0.00008, alpha_2 = 0.500, aux_scale = 1.000,  final_loss = 4.6164, nll_loss = 4.5166, ref_nll_loss = 4.7162, ivc_loss = 0.0672, neg_loss_1 = 0.0043, neg_loss_2 = 0.0030, ref_loss = 0.0149, div_loss = 0.0456, 0.639 seconds/batch
2026-04-21 16:21:36,856 - Epoch 10, Batch 750, lr = 0.00008, alpha_2 = 0.500, aux_scale = 1.000,  final_loss = 4.6170, nll_loss = 4.5207, ref_nll_loss = 4.7132, ivc_loss = 0.0733, neg_loss_1 = 0.0046, neg_loss_2 = 0.0035, ref_loss = 0.0169, div_loss = 0.0464, 0.640 seconds/batch
2026-04-21 16:22:09,852 - Epoch 10, Batch 800, lr = 0.00008, alpha_2 = 0.500, aux_scale = 1.000,  final_loss = 4.6178, nll_loss = 4.5222, ref_nll_loss = 4.7134, ivc_loss = 0.0751, neg_loss_1 = 0.0051, neg_loss_2 = 0.0019, ref_loss = 0.0185, div_loss = 0.0478, 0.641 seconds/batch
2026-04-21 16:22:42,857 - Epoch 10, Batch 850, lr = 0.00007, alpha_2 = 0.500, aux_scale = 1.000,  final_loss = 4.6230, nll_loss = 4.5287, ref_nll_loss = 4.7174, ivc_loss = 0.0762, neg_loss_1 = 0.0050, neg_loss_2 = 0.0038, ref_loss = 0.0177, div_loss = 0.0463, 0.642 seconds/batch
2026-04-21 16:23:15,867 - Epoch 10, Batch 900, lr = 0.00007, alpha_2 = 0.500, aux_scale = 1.000,  final_loss = 4.6017, nll_loss = 4.5064, ref_nll_loss = 4.6970, ivc_loss = 0.0805, neg_loss_1 = 0.0065, neg_loss_2 = 0.0045, ref_loss = 0.0184, div_loss = 0.0435, 0.643 seconds/batch
2026-04-21 16:23:48,842 - Epoch 10, Batch 950, lr = 0.00007, alpha_2 = 0.500, aux_scale = 1.000,  final_loss = 4.5969, nll_loss = 4.5015, ref_nll_loss = 4.6922, ivc_loss = 0.0773, neg_loss_1 = 0.0051, neg_loss_2 = 0.0044, ref_loss = 0.0186, div_loss = 0.0427, 0.644 seconds/batch
2026-04-21 16:24:21,891 - Epoch 10, Batch 1000, lr = 0.00007, alpha_2 = 0.500, aux_scale = 1.000,  final_loss = 4.6315, nll_loss = 4.5373, ref_nll_loss = 4.7256, ivc_loss = 0.0792, neg_loss_1 = 0.0064, neg_loss_2 = 0.0039, ref_loss = 0.0186, div_loss = 0.0425, 0.645 seconds/batch
2026-04-21 16:24:54,902 - Epoch 10, Batch 1050, lr = 0.00007, alpha_2 = 0.500, aux_scale = 1.000,  final_loss = 4.6444, nll_loss = 4.5480, ref_nll_loss = 4.7409, ivc_loss = 0.0744, neg_loss_1 = 0.0053, neg_loss_2 = 0.0048, ref_loss = 0.0161, div_loss = 0.0439, 0.646 seconds/batch
2026-04-21 16:25:27,885 - Epoch 10, Batch 1100, lr = 0.00007, alpha_2 = 0.500, aux_scale = 1.000,  final_loss = 4.6353, nll_loss = 4.5404, ref_nll_loss = 4.7303, ivc_loss = 0.0761, neg_loss_1 = 0.0055, neg_loss_2 = 0.0044, ref_loss = 0.0173, div_loss = 0.0433, 0.646 seconds/batch
2026-04-21 16:26:00,898 - Epoch 10, Batch 1150, lr = 0.00007, alpha_2 = 0.500, aux_scale = 1.000,  final_loss = 4.6336, nll_loss = 4.5384, ref_nll_loss = 4.7288, ivc_loss = 0.0772, neg_loss_1 = 0.0050, neg_loss_2 = 0.0047, ref_loss = 0.0182, div_loss = 0.0430, 0.647 seconds/batch
2026-04-21 16:26:13,937 - Epoch 10, Batch 1170, lr = 0.00007, alpha_2 = 0.500, aux_scale = 1.000,  final_loss = 4.5915, nll_loss = 4.4910, ref_nll_loss = 4.6921, ivc_loss = 0.0653, neg_loss_1 = 0.0052, neg_loss_2 = 0.0024, ref_loss = 0.0142, div_loss = 0.0433, 0.647 seconds/batch
2026-04-21 16:26:14,049 - save model to checkpoints/activitynet_moe_v2_staged_alpha/moe_v2_staged_alpha/model-10.pt, num_updates 11700.
2026-04-21 16:28:36,334 - | R@1,mIoU 0.3409 | R@1,IoU@0.1 0.8111 | R@1,IoU@0.3 0.4663 | R@1,IoU@0.5 0.2436 | R@1,IoU@0.7 0.1294 | R@1,IoU@0.9 0.0355 | R@5,mIoU 0.5051 | R@5,IoU@0.1 0.9149 | R@5,IoU@0.3 0.7345 | R@5,IoU@0.5 0.5210 | R@5,IoU@0.7 0.2731 | R@5,IoU@0.9 0.0793 |
2026-04-21 16:28:36,334 - ============================================================
2026-04-21 16:28:36,334 - Start Epoch 11
2026-04-21 16:28:55,596 - Epoch 11, Batch 50, lr = 0.00007, alpha_2 = 0.200, aux_scale = 1.000,  final_loss = 4.5685, nll_loss = 4.4729, ref_nll_loss = 4.6641, ivc_loss = 0.0609, neg_loss_1 = 0.0041, neg_loss_2 = 0.0046, ref_loss = 0.0174, div_loss = 0.0442, 0.385 seconds/batch
2026-04-21 16:29:26,948 - Epoch 11, Batch 100, lr = 0.00007, alpha_2 = 0.200, aux_scale = 1.000,  final_loss = 4.6026, nll_loss = 4.5081, ref_nll_loss = 4.6971, ivc_loss = 0.0583, neg_loss_1 = 0.0047, neg_loss_2 = 0.0031, ref_loss = 0.0170, div_loss = 0.0439, 0.506 seconds/batch
2026-04-21 16:29:59,934 - Epoch 11, Batch 150, lr = 0.00007, alpha_2 = 0.200, aux_scale = 1.000,  final_loss = 4.5532, nll_loss = 4.4565, ref_nll_loss = 4.6499, ivc_loss = 0.0586, neg_loss_1 = 0.0051, neg_loss_2 = 0.0041, ref_loss = 0.0158, div_loss = 0.0435, 0.557 seconds/batch
2026-04-21 16:30:32,900 - Epoch 11, Batch 200, lr = 0.00007, alpha_2 = 0.200, aux_scale = 1.000,  final_loss = 4.5360, nll_loss = 4.4362, ref_nll_loss = 4.6359, ivc_loss = 0.0595, neg_loss_1 = 0.0042, neg_loss_2 = 0.0044, ref_loss = 0.0166, div_loss = 0.0461, 0.583 seconds/batch
2026-04-21 16:31:05,843 - Epoch 11, Batch 250, lr = 0.00007, alpha_2 = 0.200, aux_scale = 1.000,  final_loss = 4.5908, nll_loss = 4.4901, ref_nll_loss = 4.6916, ivc_loss = 0.0569, neg_loss_1 = 0.0050, neg_loss_2 = 0.0036, ref_loss = 0.0151, div_loss = 0.0474, 0.598 seconds/batch
2026-04-21 16:31:38,847 - Epoch 11, Batch 300, lr = 0.00007, alpha_2 = 0.200, aux_scale = 1.000,  final_loss = 4.5635, nll_loss = 4.4664, ref_nll_loss = 4.6606, ivc_loss = 0.0656, neg_loss_1 = 0.0062, neg_loss_2 = 0.0032, ref_loss = 0.0186, div_loss = 0.0475, 0.608 seconds/batch
2026-04-21 16:32:11,869 - Epoch 11, Batch 350, lr = 0.00007, alpha_2 = 0.200, aux_scale = 1.000,  final_loss = 4.5508, nll_loss = 4.4509, ref_nll_loss = 4.6508, ivc_loss = 0.0588, neg_loss_1 = 0.0046, neg_loss_2 = 0.0038, ref_loss = 0.0158, div_loss = 0.0510, 0.616 seconds/batch
2026-04-21 16:32:44,880 - Epoch 11, Batch 400, lr = 0.00007, alpha_2 = 0.200, aux_scale = 1.000,  final_loss = 4.5794, nll_loss = 4.4804, ref_nll_loss = 4.6784, ivc_loss = 0.0576, neg_loss_1 = 0.0036, neg_loss_2 = 0.0037, ref_loss = 0.0164, div_loss = 0.0508, 0.621 seconds/batch
2026-04-21 16:33:17,873 - Epoch 11, Batch 450, lr = 0.00007, alpha_2 = 0.200, aux_scale = 1.000,  final_loss = 4.5666, nll_loss = 4.4690, ref_nll_loss = 4.6642, ivc_loss = 0.0614, neg_loss_1 = 0.0046, neg_loss_2 = 0.0037, ref_loss = 0.0171, div_loss = 0.0532, 0.626 seconds/batch
2026-04-21 16:33:50,853 - Epoch 11, Batch 500, lr = 0.00007, alpha_2 = 0.200, aux_scale = 1.000,  final_loss = 4.5791, nll_loss = 4.4790, ref_nll_loss = 4.6791, ivc_loss = 0.0575, neg_loss_1 = 0.0035, neg_loss_2 = 0.0037, ref_loss = 0.0163, div_loss = 0.0526, 0.629 seconds/batch
2026-04-21 16:34:23,879 - Epoch 11, Batch 550, lr = 0.00007, alpha_2 = 0.200, aux_scale = 1.000,  final_loss = 4.5664, nll_loss = 4.4668, ref_nll_loss = 4.6660, ivc_loss = 0.0613, neg_loss_1 = 0.0051, neg_loss_2 = 0.0045, ref_loss = 0.0157, div_loss = 0.0541, 0.632 seconds/batch
2026-04-21 16:34:56,905 - Epoch 11, Batch 600, lr = 0.00007, alpha_2 = 0.200, aux_scale = 1.000,  final_loss = 4.5989, nll_loss = 4.4990, ref_nll_loss = 4.6988, ivc_loss = 0.0523, neg_loss_1 = 0.0037, neg_loss_2 = 0.0030, ref_loss = 0.0142, div_loss = 0.0533, 0.634 seconds/batch
2026-04-21 16:35:29,901 - Epoch 11, Batch 650, lr = 0.00007, alpha_2 = 0.200, aux_scale = 1.000,  final_loss = 4.6031, nll_loss = 4.5042, ref_nll_loss = 4.7020, ivc_loss = 0.0628, neg_loss_1 = 0.0051, neg_loss_2 = 0.0051, ref_loss = 0.0160, div_loss = 0.0518, 0.636 seconds/batch
2026-04-21 16:36:02,920 - Epoch 11, Batch 700, lr = 0.00007, alpha_2 = 0.200, aux_scale = 1.000,  final_loss = 4.6026, nll_loss = 4.5027, ref_nll_loss = 4.7025, ivc_loss = 0.0577, neg_loss_1 = 0.0044, neg_loss_2 = 0.0042, ref_loss = 0.0152, div_loss = 0.0510, 0.638 seconds/batch
2026-04-21 16:36:35,947 - Epoch 11, Batch 750, lr = 0.00007, alpha_2 = 0.200, aux_scale = 1.000,  final_loss = 4.6015, nll_loss = 4.5048, ref_nll_loss = 4.6981, ivc_loss = 0.0598, neg_loss_1 = 0.0043, neg_loss_2 = 0.0028, ref_loss = 0.0177, div_loss = 0.0515, 0.639 seconds/batch
2026-04-21 16:37:08,546 - Epoch 11, Batch 800, lr = 0.00007, alpha_2 = 0.200, aux_scale = 1.000,  final_loss = 4.5535, nll_loss = 4.4552, ref_nll_loss = 4.6518, ivc_loss = 0.0591, neg_loss_1 = 0.0044, neg_loss_2 = 0.0041, ref_loss = 0.0157, div_loss = 0.0546, 0.640 seconds/batch
2026-04-21 16:37:41,567 - Epoch 11, Batch 850, lr = 0.00007, alpha_2 = 0.200, aux_scale = 1.000,  final_loss = 4.5925, nll_loss = 4.4948, ref_nll_loss = 4.6901, ivc_loss = 0.0599, neg_loss_1 = 0.0048, neg_loss_2 = 0.0033, ref_loss = 0.0165, div_loss = 0.0534, 0.641 seconds/batch
2026-04-21 16:38:14,572 - Epoch 11, Batch 900, lr = 0.00007, alpha_2 = 0.200, aux_scale = 1.000,  final_loss = 4.5877, nll_loss = 4.4846, ref_nll_loss = 4.6908, ivc_loss = 0.0525, neg_loss_1 = 0.0040, neg_loss_2 = 0.0022, ref_loss = 0.0150, div_loss = 0.0507, 0.642 seconds/batch
2026-04-21 16:38:47,581 - Epoch 11, Batch 950, lr = 0.00007, alpha_2 = 0.200, aux_scale = 1.000,  final_loss = 4.6040, nll_loss = 4.5056, ref_nll_loss = 4.7024, ivc_loss = 0.0646, neg_loss_1 = 0.0052, neg_loss_2 = 0.0042, ref_loss = 0.0180, div_loss = 0.0495, 0.643 seconds/batch
2026-04-21 16:39:20,621 - Epoch 11, Batch 1000, lr = 0.00007, alpha_2 = 0.200, aux_scale = 1.000,  final_loss = 4.6046, nll_loss = 4.5091, ref_nll_loss = 4.7001, ivc_loss = 0.0627, neg_loss_1 = 0.0069, neg_loss_2 = 0.0036, ref_loss = 0.0158, div_loss = 0.0506, 0.644 seconds/batch
2026-04-21 16:39:53,636 - Epoch 11, Batch 1050, lr = 0.00007, alpha_2 = 0.200, aux_scale = 1.000,  final_loss = 4.5822, nll_loss = 4.4844, ref_nll_loss = 4.6800, ivc_loss = 0.0648, neg_loss_1 = 0.0063, neg_loss_2 = 0.0037, ref_loss = 0.0173, div_loss = 0.0514, 0.645 seconds/batch
2026-04-21 16:40:26,662 - Epoch 11, Batch 1100, lr = 0.00007, alpha_2 = 0.200, aux_scale = 1.000,  final_loss = 4.5865, nll_loss = 4.4874, ref_nll_loss = 4.6855, ivc_loss = 0.0594, neg_loss_1 = 0.0047, neg_loss_2 = 0.0027, ref_loss = 0.0170, div_loss = 0.0537, 0.646 seconds/batch
2026-04-21 16:40:59,694 - Epoch 11, Batch 1150, lr = 0.00007, alpha_2 = 0.200, aux_scale = 1.000,  final_loss = 4.5678, nll_loss = 4.4691, ref_nll_loss = 4.6665, ivc_loss = 0.0529, neg_loss_1 = 0.0035, neg_loss_2 = 0.0034, ref_loss = 0.0140, div_loss = 0.0552, 0.646 seconds/batch
2026-04-21 16:41:12,661 - Epoch 11, Batch 1170, lr = 0.00007, alpha_2 = 0.200, aux_scale = 1.000,  final_loss = 4.5764, nll_loss = 4.4754, ref_nll_loss = 4.6774, ivc_loss = 0.0537, neg_loss_1 = 0.0035, neg_loss_2 = 0.0026, ref_loss = 0.0152, div_loss = 0.0549, 0.646 seconds/batch
2026-04-21 16:41:12,817 - save model to checkpoints/activitynet_moe_v2_staged_alpha/moe_v2_staged_alpha/model-11.pt, num_updates 12870.
2026-04-21 16:43:35,305 - | R@1,mIoU 0.3386 | R@1,IoU@0.1 0.8045 | R@1,IoU@0.3 0.4615 | R@1,IoU@0.5 0.2480 | R@1,IoU@0.7 0.1304 | R@1,IoU@0.9 0.0319 | R@5,mIoU 0.4865 | R@5,IoU@0.1 0.9077 | R@5,IoU@0.3 0.7022 | R@5,IoU@0.5 0.4844 | R@5,IoU@0.7 0.2558 | R@5,IoU@0.9 0.0750 |
2026-04-21 16:43:35,305 - ============================================================
2026-04-21 16:43:35,305 - Start Epoch 12
2026-04-21 16:43:54,387 - Epoch 12, Batch 50, lr = 0.00007, alpha_2 = 0.200, aux_scale = 1.000,  final_loss = 4.5304, nll_loss = 4.4303, ref_nll_loss = 4.6305, ivc_loss = 0.0553, neg_loss_1 = 0.0040, neg_loss_2 = 0.0028, ref_loss = 0.0156, div_loss = 0.0520, 0.382 seconds/batch
2026-04-21 16:44:25,371 - Epoch 12, Batch 100, lr = 0.00007, alpha_2 = 0.200, aux_scale = 1.000,  final_loss = 4.5265, nll_loss = 4.4271, ref_nll_loss = 4.6258, ivc_loss = 0.0611, neg_loss_1 = 0.0045, neg_loss_2 = 0.0031, ref_loss = 0.0176, div_loss = 0.0535, 0.501 seconds/batch
2026-04-21 16:44:58,384 - Epoch 12, Batch 150, lr = 0.00007, alpha_2 = 0.200, aux_scale = 1.000,  final_loss = 4.5284, nll_loss = 4.4282, ref_nll_loss = 4.6286, ivc_loss = 0.0616, neg_loss_1 = 0.0043, neg_loss_2 = 0.0041, ref_loss = 0.0168, div_loss = 0.0565, 0.554 seconds/batch
2026-04-21 16:45:31,393 - Epoch 12, Batch 200, lr = 0.00007, alpha_2 = 0.200, aux_scale = 1.000,  final_loss = 4.5313, nll_loss = 4.4318, ref_nll_loss = 4.6307, ivc_loss = 0.0551, neg_loss_1 = 0.0040, neg_loss_2 = 0.0040, ref_loss = 0.0138, div_loss = 0.0579, 0.580 seconds/batch
2026-04-21 16:46:04,420 - Epoch 12, Batch 250, lr = 0.00007, alpha_2 = 0.200, aux_scale = 1.000,  final_loss = 4.5295, nll_loss = 4.4270, ref_nll_loss = 4.6320, ivc_loss = 0.0591, neg_loss_1 = 0.0056, neg_loss_2 = 0.0029, ref_loss = 0.0149, div_loss = 0.0604, 0.596 seconds/batch
2026-04-21 16:46:37,442 - Epoch 12, Batch 300, lr = 0.00007, alpha_2 = 0.200, aux_scale = 1.000,  final_loss = 4.5412, nll_loss = 4.4419, ref_nll_loss = 4.6406, ivc_loss = 0.0654, neg_loss_1 = 0.0053, neg_loss_2 = 0.0041, ref_loss = 0.0174, div_loss = 0.0578, 0.607 seconds/batch
2026-04-21 16:47:10,457 - Epoch 12, Batch 350, lr = 0.00007, alpha_2 = 0.200, aux_scale = 1.000,  final_loss = 4.5585, nll_loss = 4.4598, ref_nll_loss = 4.6573, ivc_loss = 0.0519, neg_loss_1 = 0.0034, neg_loss_2 = 0.0024, ref_loss = 0.0144, div_loss = 0.0572, 0.615 seconds/batch
2026-04-21 16:47:43,497 - Epoch 12, Batch 400, lr = 0.00007, alpha_2 = 0.200, aux_scale = 1.000,  final_loss = 4.5830, nll_loss = 4.4842, ref_nll_loss = 4.6818, ivc_loss = 0.0617, neg_loss_1 = 0.0035, neg_loss_2 = 0.0037, ref_loss = 0.0177, div_loss = 0.0592, 0.620 seconds/batch
2026-04-21 16:48:16,335 - Epoch 12, Batch 450, lr = 0.00007, alpha_2 = 0.200, aux_scale = 1.000,  final_loss = 4.5648, nll_loss = 4.4694, ref_nll_loss = 4.6601, ivc_loss = 0.0612, neg_loss_1 = 0.0038, neg_loss_2 = 0.0026, ref_loss = 0.0179, div_loss = 0.0621, 0.625 seconds/batch
2026-04-21 16:48:49,336 - Epoch 12, Batch 500, lr = 0.00007, alpha_2 = 0.200, aux_scale = 1.000,  final_loss = 4.5635, nll_loss = 4.4613, ref_nll_loss = 4.6656, ivc_loss = 0.0545, neg_loss_1 = 0.0036, neg_loss_2 = 0.0028, ref_loss = 0.0150, div_loss = 0.0582, 0.628 seconds/batch
2026-04-21 16:49:22,327 - Epoch 12, Batch 550, lr = 0.00007, alpha_2 = 0.200, aux_scale = 1.000,  final_loss = 4.5514, nll_loss = 4.4497, ref_nll_loss = 4.6531, ivc_loss = 0.0531, neg_loss_1 = 0.0036, neg_loss_2 = 0.0036, ref_loss = 0.0138, div_loss = 0.0549, 0.631 seconds/batch
2026-04-21 16:49:54,936 - Epoch 12, Batch 600, lr = 0.00007, alpha_2 = 0.200, aux_scale = 1.000,  final_loss = 4.5692, nll_loss = 4.4683, ref_nll_loss = 4.6700, ivc_loss = 0.0530, neg_loss_1 = 0.0028, neg_loss_2 = 0.0028, ref_loss = 0.0151, div_loss = 0.0583, 0.633 seconds/batch
2026-04-21 16:50:27,955 - Epoch 12, Batch 650, lr = 0.00007, alpha_2 = 0.200, aux_scale = 1.000,  final_loss = 4.5427, nll_loss = 4.4426, ref_nll_loss = 4.6428, ivc_loss = 0.0497, neg_loss_1 = 0.0023, neg_loss_2 = 0.0028, ref_loss = 0.0142, div_loss = 0.0559, 0.635 seconds/batch
2026-04-21 16:51:00,966 - Epoch 12, Batch 700, lr = 0.00007, alpha_2 = 0.200, aux_scale = 1.000,  final_loss = 4.5437, nll_loss = 4.4425, ref_nll_loss = 4.6449, ivc_loss = 0.0599, neg_loss_1 = 0.0041, neg_loss_2 = 0.0043, ref_loss = 0.0162, div_loss = 0.0543, 0.637 seconds/batch
2026-04-21 16:51:33,999 - Epoch 12, Batch 750, lr = 0.00007, alpha_2 = 0.200, aux_scale = 1.000,  final_loss = 4.5323, nll_loss = 4.4307, ref_nll_loss = 4.6339, ivc_loss = 0.0560, neg_loss_1 = 0.0032, neg_loss_2 = 0.0037, ref_loss = 0.0159, div_loss = 0.0524, 0.638 seconds/batch
2026-04-21 16:52:07,017 - Epoch 12, Batch 800, lr = 0.00007, alpha_2 = 0.200, aux_scale = 1.000,  final_loss = 4.5622, nll_loss = 4.4573, ref_nll_loss = 4.6671, ivc_loss = 0.0501, neg_loss_1 = 0.0028, neg_loss_2 = 0.0037, ref_loss = 0.0134, div_loss = 0.0525, 0.640 seconds/batch
2026-04-21 16:52:40,022 - Epoch 12, Batch 850, lr = 0.00007, alpha_2 = 0.200, aux_scale = 1.000,  final_loss = 4.5448, nll_loss = 4.4425, ref_nll_loss = 4.6472, ivc_loss = 0.0565, neg_loss_1 = 0.0044, neg_loss_2 = 0.0033, ref_loss = 0.0151, div_loss = 0.0547, 0.641 seconds/batch
2026-04-21 16:53:13,010 - Epoch 12, Batch 900, lr = 0.00007, alpha_2 = 0.200, aux_scale = 1.000,  final_loss = 4.5587, nll_loss = 4.4558, ref_nll_loss = 4.6616, ivc_loss = 0.0549, neg_loss_1 = 0.0041, neg_loss_2 = 0.0031, ref_loss = 0.0147, div_loss = 0.0548, 0.642 seconds/batch
2026-04-21 16:53:46,001 - Epoch 12, Batch 950, lr = 0.00007, alpha_2 = 0.200, aux_scale = 1.000,  final_loss = 4.5568, nll_loss = 4.4579, ref_nll_loss = 4.6557, ivc_loss = 0.0581, neg_loss_1 = 0.0038, neg_loss_2 = 0.0037, ref_loss = 0.0163, div_loss = 0.0532, 0.643 seconds/batch
2026-04-21 16:54:19,012 - Epoch 12, Batch 1000, lr = 0.00007, alpha_2 = 0.200, aux_scale = 1.000,  final_loss = 4.5337, nll_loss = 4.4328, ref_nll_loss = 4.6346, ivc_loss = 0.0557, neg_loss_1 = 0.0041, neg_loss_2 = 0.0033, ref_loss = 0.0148, div_loss = 0.0557, 0.644 seconds/batch
2026-04-21 16:54:51,990 - Epoch 12, Batch 1050, lr = 0.00007, alpha_2 = 0.200, aux_scale = 1.000,  final_loss = 4.5427, nll_loss = 4.4399, ref_nll_loss = 4.6455, ivc_loss = 0.0561, neg_loss_1 = 0.0040, neg_loss_2 = 0.0036, ref_loss = 0.0146, div_loss = 0.0588, 0.644 seconds/batch
2026-04-21 16:55:24,996 - Epoch 12, Batch 1100, lr = 0.00007, alpha_2 = 0.200, aux_scale = 1.000,  final_loss = 4.5697, nll_loss = 4.4706, ref_nll_loss = 4.6688, ivc_loss = 0.0623, neg_loss_1 = 0.0041, neg_loss_2 = 0.0047, ref_loss = 0.0164, div_loss = 0.0587, 0.645 seconds/batch
2026-04-21 16:55:57,973 - Epoch 12, Batch 1150, lr = 0.00007, alpha_2 = 0.200, aux_scale = 1.000,  final_loss = 4.5279, nll_loss = 4.4277, ref_nll_loss = 4.6280, ivc_loss = 0.0554, neg_loss_1 = 0.0044, neg_loss_2 = 0.0033, ref_loss = 0.0142, div_loss = 0.0579, 0.646 seconds/batch
2026-04-21 16:56:10,910 - Epoch 12, Batch 1170, lr = 0.00007, alpha_2 = 0.200, aux_scale = 1.000,  final_loss = 4.5039, nll_loss = 4.3997, ref_nll_loss = 4.6082, ivc_loss = 0.0569, neg_loss_1 = 0.0048, neg_loss_2 = 0.0026, ref_loss = 0.0153, div_loss = 0.0579, 0.646 seconds/batch
2026-04-21 16:56:10,989 - save model to checkpoints/activitynet_moe_v2_staged_alpha/moe_v2_staged_alpha/model-12.pt, num_updates 14040.
2026-04-21 16:58:34,230 - | R@1,mIoU 0.3412 | R@1,IoU@0.1 0.8130 | R@1,IoU@0.3 0.4692 | R@1,IoU@0.5 0.2461 | R@1,IoU@0.7 0.1211 | R@1,IoU@0.9 0.0389 | R@5,mIoU 0.5028 | R@5,IoU@0.1 0.9122 | R@5,IoU@0.3 0.7251 | R@5,IoU@0.5 0.5179 | R@5,IoU@0.7 0.2751 | R@5,IoU@0.9 0.0824 |
2026-04-21 16:58:34,231 - ============================================================
2026-04-21 16:58:34,231 - Start Epoch 13
2026-04-21 16:58:53,386 - Epoch 13, Batch 50, lr = 0.00007, alpha_2 = 0.200, aux_scale = 1.000,  final_loss = 4.4867, nll_loss = 4.3850, ref_nll_loss = 4.5884, ivc_loss = 0.0633, neg_loss_1 = 0.0044, neg_loss_2 = 0.0039, ref_loss = 0.0177, div_loss = 0.0569, 0.383 seconds/batch
2026-04-21 16:59:23,745 - Epoch 13, Batch 100, lr = 0.00007, alpha_2 = 0.200, aux_scale = 1.000,  final_loss = 4.5400, nll_loss = 4.4392, ref_nll_loss = 4.6408, ivc_loss = 0.0575, neg_loss_1 = 0.0044, neg_loss_2 = 0.0028, ref_loss = 0.0161, div_loss = 0.0544, 0.495 seconds/batch
2026-04-21 16:59:56,527 - Epoch 13, Batch 150, lr = 0.00007, alpha_2 = 0.200, aux_scale = 1.000,  final_loss = 4.4867, nll_loss = 4.3824, ref_nll_loss = 4.5911, ivc_loss = 0.0530, neg_loss_1 = 0.0037, neg_loss_2 = 0.0026, ref_loss = 0.0146, div_loss = 0.0557, 0.549 seconds/batch
2026-04-21 17:00:29,502 - Epoch 13, Batch 200, lr = 0.00007, alpha_2 = 0.200, aux_scale = 1.000,  final_loss = 4.5055, nll_loss = 4.4027, ref_nll_loss = 4.6083, ivc_loss = 0.0550, neg_loss_1 = 0.0043, neg_loss_2 = 0.0025, ref_loss = 0.0150, div_loss = 0.0572, 0.576 seconds/batch
2026-04-21 17:01:02,492 - Epoch 13, Batch 250, lr = 0.00007, alpha_2 = 0.200, aux_scale = 1.000,  final_loss = 4.5400, nll_loss = 4.4373, ref_nll_loss = 4.6427, ivc_loss = 0.0543, neg_loss_1 = 0.0041, neg_loss_2 = 0.0024, ref_loss = 0.0150, div_loss = 0.0569, 0.593 seconds/batch
2026-04-21 17:01:35,471 - Epoch 13, Batch 300, lr = 0.00007, alpha_2 = 0.200, aux_scale = 1.000,  final_loss = 4.5194, nll_loss = 4.4148, ref_nll_loss = 4.6240, ivc_loss = 0.0562, neg_loss_1 = 0.0050, neg_loss_2 = 0.0023, ref_loss = 0.0153, div_loss = 0.0559, 0.604 seconds/batch
2026-04-21 17:02:08,576 - Epoch 13, Batch 350, lr = 0.00007, alpha_2 = 0.200, aux_scale = 1.000,  final_loss = 4.5103, nll_loss = 4.4094, ref_nll_loss = 4.6113, ivc_loss = 0.0550, neg_loss_1 = 0.0030, neg_loss_2 = 0.0029, ref_loss = 0.0161, div_loss = 0.0548, 0.612 seconds/batch
2026-04-21 17:02:41,447 - Epoch 13, Batch 400, lr = 0.00007, alpha_2 = 0.200, aux_scale = 1.000,  final_loss = 4.4881, nll_loss = 4.3839, ref_nll_loss = 4.5922, ivc_loss = 0.0533, neg_loss_1 = 0.0045, neg_loss_2 = 0.0026, ref_loss = 0.0141, div_loss = 0.0546, 0.618 seconds/batch
2026-04-21 17:03:14,465 - Epoch 13, Batch 450, lr = 0.00007, alpha_2 = 0.200, aux_scale = 1.000,  final_loss = 4.5518, nll_loss = 4.4495, ref_nll_loss = 4.6540, ivc_loss = 0.0565, neg_loss_1 = 0.0041, neg_loss_2 = 0.0031, ref_loss = 0.0154, div_loss = 0.0571, 0.623 seconds/batch
2026-04-21 17:03:47,466 - Epoch 13, Batch 500, lr = 0.00007, alpha_2 = 0.200, aux_scale = 1.000,  final_loss = 4.5160, nll_loss = 4.4128, ref_nll_loss = 4.6191, ivc_loss = 0.0529, neg_loss_1 = 0.0039, neg_loss_2 = 0.0033, ref_loss = 0.0138, div_loss = 0.0545, 0.626 seconds/batch
2026-04-21 17:04:20,472 - Epoch 13, Batch 550, lr = 0.00007, alpha_2 = 0.200, aux_scale = 1.000,  final_loss = 4.4736, nll_loss = 4.3729, ref_nll_loss = 4.5744, ivc_loss = 0.0595, neg_loss_1 = 0.0035, neg_loss_2 = 0.0040, ref_loss = 0.0168, div_loss = 0.0547, 0.630 seconds/batch
2026-04-21 17:04:53,454 - Epoch 13, Batch 600, lr = 0.00007, alpha_2 = 0.200, aux_scale = 1.000,  final_loss = 4.5403, nll_loss = 4.4366, ref_nll_loss = 4.6440, ivc_loss = 0.0548, neg_loss_1 = 0.0041, neg_loss_2 = 0.0034, ref_loss = 0.0145, div_loss = 0.0546, 0.632 seconds/batch
2026-04-21 17:05:26,445 - Epoch 13, Batch 650, lr = 0.00007, alpha_2 = 0.200, aux_scale = 1.000,  final_loss = 4.5566, nll_loss = 4.4527, ref_nll_loss = 4.6605, ivc_loss = 0.0560, neg_loss_1 = 0.0040, neg_loss_2 = 0.0026, ref_loss = 0.0157, div_loss = 0.0567, 0.634 seconds/batch
2026-04-21 17:05:59,403 - Epoch 13, Batch 700, lr = 0.00007, alpha_2 = 0.200, aux_scale = 1.000,  final_loss = 4.5387, nll_loss = 4.4355, ref_nll_loss = 4.6419, ivc_loss = 0.0548, neg_loss_1 = 0.0033, neg_loss_2 = 0.0037, ref_loss = 0.0147, div_loss = 0.0563, 0.636 seconds/batch
2026-04-21 17:06:32,374 - Epoch 13, Batch 750, lr = 0.00007, alpha_2 = 0.200, aux_scale = 1.000,  final_loss = 4.5298, nll_loss = 4.4280, ref_nll_loss = 4.6316, ivc_loss = 0.0553, neg_loss_1 = 0.0046, neg_loss_2 = 0.0034, ref_loss = 0.0144, div_loss = 0.0524, 0.638 seconds/batch
2026-04-21 17:07:05,378 - Epoch 13, Batch 800, lr = 0.00007, alpha_2 = 0.200, aux_scale = 1.000,  final_loss = 4.5273, nll_loss = 4.4199, ref_nll_loss = 4.6347, ivc_loss = 0.0524, neg_loss_1 = 0.0044, neg_loss_2 = 0.0029, ref_loss = 0.0136, div_loss = 0.0528, 0.639 seconds/batch
2026-04-21 17:07:38,372 - Epoch 13, Batch 850, lr = 0.00007, alpha_2 = 0.200, aux_scale = 1.000,  final_loss = 4.4900, nll_loss = 4.3861, ref_nll_loss = 4.5938, ivc_loss = 0.0561, neg_loss_1 = 0.0037, neg_loss_2 = 0.0027, ref_loss = 0.0159, div_loss = 0.0576, 0.640 seconds/batch
2026-04-21 17:08:11,353 - Epoch 13, Batch 900, lr = 0.00007, alpha_2 = 0.200, aux_scale = 1.000,  final_loss = 4.5575, nll_loss = 4.4538, ref_nll_loss = 4.6612, ivc_loss = 0.0540, neg_loss_1 = 0.0036, neg_loss_2 = 0.0034, ref_loss = 0.0143, div_loss = 0.0568, 0.641 seconds/batch
2026-04-21 17:08:44,344 - Epoch 13, Batch 950, lr = 0.00007, alpha_2 = 0.200, aux_scale = 1.000,  final_loss = 4.4914, nll_loss = 4.3867, ref_nll_loss = 4.5962, ivc_loss = 0.0560, neg_loss_1 = 0.0033, neg_loss_2 = 0.0047, ref_loss = 0.0142, div_loss = 0.0571, 0.642 seconds/batch
2026-04-21 17:09:17,364 - Epoch 13, Batch 1000, lr = 0.00007, alpha_2 = 0.200, aux_scale = 1.000,  final_loss = 4.5259, nll_loss = 4.4238, ref_nll_loss = 4.6280, ivc_loss = 0.0556, neg_loss_1 = 0.0042, neg_loss_2 = 0.0023, ref_loss = 0.0155, div_loss = 0.0585, 0.643 seconds/batch
2026-04-21 17:09:50,382 - Epoch 13, Batch 1050, lr = 0.00007, alpha_2 = 0.200, aux_scale = 1.000,  final_loss = 4.4904, nll_loss = 4.3878, ref_nll_loss = 4.5931, ivc_loss = 0.0529, neg_loss_1 = 0.0029, neg_loss_2 = 0.0031, ref_loss = 0.0147, div_loss = 0.0580, 0.644 seconds/batch
2026-04-21 17:10:23,397 - Epoch 13, Batch 1100, lr = 0.00007, alpha_2 = 0.200, aux_scale = 1.000,  final_loss = 4.5145, nll_loss = 4.4087, ref_nll_loss = 4.6204, ivc_loss = 0.0530, neg_loss_1 = 0.0045, neg_loss_2 = 0.0029, ref_loss = 0.0135, div_loss = 0.0558, 0.645 seconds/batch
2026-04-21 17:10:56,388 - Epoch 13, Batch 1150, lr = 0.00006, alpha_2 = 0.200, aux_scale = 1.000,  final_loss = 4.5074, nll_loss = 4.4049, ref_nll_loss = 4.6099, ivc_loss = 0.0521, neg_loss_1 = 0.0041, neg_loss_2 = 0.0024, ref_loss = 0.0140, div_loss = 0.0551, 0.645 seconds/batch
2026-04-21 17:11:09,424 - Epoch 13, Batch 1170, lr = 0.00006, alpha_2 = 0.200, aux_scale = 1.000,  final_loss = 4.5079, nll_loss = 4.4057, ref_nll_loss = 4.6101, ivc_loss = 0.0537, neg_loss_1 = 0.0028, neg_loss_2 = 0.0026, ref_loss = 0.0158, div_loss = 0.0565, 0.645 seconds/batch
2026-04-21 17:11:09,499 - save model to checkpoints/activitynet_moe_v2_staged_alpha/moe_v2_staged_alpha/model-13.pt, num_updates 15210.
2026-04-21 17:13:32,614 - | R@1,mIoU 0.3366 | R@1,IoU@0.1 0.8034 | R@1,IoU@0.3 0.4585 | R@1,IoU@0.5 0.2526 | R@1,IoU@0.7 0.1275 | R@1,IoU@0.9 0.0304 | R@5,mIoU 0.4889 | R@5,IoU@0.1 0.9047 | R@5,IoU@0.3 0.7022 | R@5,IoU@0.5 0.4955 | R@5,IoU@0.7 0.2682 | R@5,IoU@0.9 0.0723 |
2026-04-21 17:13:32,614 - ============================================================
2026-04-21 17:13:32,614 - Start Epoch 14
2026-04-21 17:13:51,679 - Epoch 14, Batch 50, lr = 0.00006, alpha_2 = 0.200, aux_scale = 1.000,  final_loss = 4.4758, nll_loss = 4.3709, ref_nll_loss = 4.5807, ivc_loss = 0.0540, neg_loss_1 = 0.0031, neg_loss_2 = 0.0037, ref_loss = 0.0147, div_loss = 0.0545, 0.381 seconds/batch
2026-04-21 17:14:22,174 - Epoch 14, Batch 100, lr = 0.00006, alpha_2 = 0.200, aux_scale = 1.000,  final_loss = 4.4673, nll_loss = 4.3588, ref_nll_loss = 4.5757, ivc_loss = 0.0539, neg_loss_1 = 0.0038, neg_loss_2 = 0.0035, ref_loss = 0.0142, div_loss = 0.0560, 0.496 seconds/batch
2026-04-21 17:14:55,165 - Epoch 14, Batch 150, lr = 0.00006, alpha_2 = 0.200, aux_scale = 1.000,  final_loss = 4.4783, nll_loss = 4.3716, ref_nll_loss = 4.5849, ivc_loss = 0.0544, neg_loss_1 = 0.0025, neg_loss_2 = 0.0044, ref_loss = 0.0146, div_loss = 0.0577, 0.550 seconds/batch
2026-04-21 17:15:28,244 - Epoch 14, Batch 200, lr = 0.00006, alpha_2 = 0.200, aux_scale = 1.000,  final_loss = 4.4562, nll_loss = 4.3525, ref_nll_loss = 4.5599, ivc_loss = 0.0542, neg_loss_1 = 0.0038, neg_loss_2 = 0.0039, ref_loss = 0.0139, div_loss = 0.0545, 0.578 seconds/batch
2026-04-21 17:16:01,199 - Epoch 14, Batch 250, lr = 0.00006, alpha_2 = 0.200, aux_scale = 1.000,  final_loss = 4.4646, nll_loss = 4.3542, ref_nll_loss = 4.5749, ivc_loss = 0.0503, neg_loss_1 = 0.0039, neg_loss_2 = 0.0033, ref_loss = 0.0122, div_loss = 0.0574, 0.594 seconds/batch
2026-04-21 17:16:34,201 - Epoch 14, Batch 300, lr = 0.00006, alpha_2 = 0.200, aux_scale = 1.000,  final_loss = 4.4907, nll_loss = 4.3834, ref_nll_loss = 4.5981, ivc_loss = 0.0517, neg_loss_1 = 0.0023, neg_loss_2 = 0.0046, ref_loss = 0.0130, div_loss = 0.0596, 0.605 seconds/batch
2026-04-21 17:17:07,218 - Epoch 14, Batch 350, lr = 0.00006, alpha_2 = 0.200, aux_scale = 1.000,  final_loss = 4.4719, nll_loss = 4.3666, ref_nll_loss = 4.5772, ivc_loss = 0.0530, neg_loss_1 = 0.0028, neg_loss_2 = 0.0023, ref_loss = 0.0157, div_loss = 0.0570, 0.613 seconds/batch
2026-04-21 17:17:40,223 - Epoch 14, Batch 400, lr = 0.00006, alpha_2 = 0.200, aux_scale = 1.000,  final_loss = 4.4604, nll_loss = 4.3569, ref_nll_loss = 4.5639, ivc_loss = 0.0525, neg_loss_1 = 0.0030, neg_loss_2 = 0.0033, ref_loss = 0.0141, div_loss = 0.0583, 0.619 seconds/batch
2026-04-21 17:18:13,196 - Epoch 14, Batch 450, lr = 0.00006, alpha_2 = 0.200, aux_scale = 1.000,  final_loss = 4.4956, nll_loss = 4.3923, ref_nll_loss = 4.5989, ivc_loss = 0.0505, neg_loss_1 = 0.0021, neg_loss_2 = 0.0027, ref_loss = 0.0148, div_loss = 0.0559, 0.624 seconds/batch
2026-04-21 17:18:46,187 - Epoch 14, Batch 500, lr = 0.00006, alpha_2 = 0.200, aux_scale = 1.000,  final_loss = 4.4950, nll_loss = 4.3943, ref_nll_loss = 4.5957, ivc_loss = 0.0498, neg_loss_1 = 0.0028, neg_loss_2 = 0.0022, ref_loss = 0.0146, div_loss = 0.0535, 0.627 seconds/batch
2026-04-21 17:19:19,185 - Epoch 14, Batch 550, lr = 0.00006, alpha_2 = 0.200, aux_scale = 1.000,  final_loss = 4.5159, nll_loss = 4.4098, ref_nll_loss = 4.6220, ivc_loss = 0.0458, neg_loss_1 = 0.0024, neg_loss_2 = 0.0021, ref_loss = 0.0129, div_loss = 0.0546, 0.630 seconds/batch
2026-04-21 17:19:52,142 - Epoch 14, Batch 600, lr = 0.00006, alpha_2 = 0.200, aux_scale = 1.000,  final_loss = 4.4973, nll_loss = 4.3937, ref_nll_loss = 4.6009, ivc_loss = 0.0515, neg_loss_1 = 0.0026, neg_loss_2 = 0.0029, ref_loss = 0.0147, div_loss = 0.0554, 0.633 seconds/batch
2026-04-21 17:20:25,159 - Epoch 14, Batch 650, lr = 0.00006, alpha_2 = 0.200, aux_scale = 1.000,  final_loss = 4.4765, nll_loss = 4.3731, ref_nll_loss = 4.5800, ivc_loss = 0.0466, neg_loss_1 = 0.0031, neg_loss_2 = 0.0015, ref_loss = 0.0133, div_loss = 0.0532, 0.635 seconds/batch
2026-04-21 17:20:58,161 - Epoch 14, Batch 700, lr = 0.00006, alpha_2 = 0.200, aux_scale = 1.000,  final_loss = 4.4836, nll_loss = 4.3836, ref_nll_loss = 4.5836, ivc_loss = 0.0505, neg_loss_1 = 0.0035, neg_loss_2 = 0.0026, ref_loss = 0.0138, div_loss = 0.0536, 0.636 seconds/batch
2026-04-21 17:21:31,168 - Epoch 14, Batch 750, lr = 0.00006, alpha_2 = 0.200, aux_scale = 1.000,  final_loss = 4.4932, nll_loss = 4.3899, ref_nll_loss = 4.5965, ivc_loss = 0.0498, neg_loss_1 = 0.0026, neg_loss_2 = 0.0027, ref_loss = 0.0141, div_loss = 0.0546, 0.638 seconds/batch
2026-04-21 17:22:04,130 - Epoch 14, Batch 800, lr = 0.00006, alpha_2 = 0.200, aux_scale = 1.000,  final_loss = 4.4904, nll_loss = 4.3842, ref_nll_loss = 4.5965, ivc_loss = 0.0502, neg_loss_1 = 0.0038, neg_loss_2 = 0.0015, ref_loss = 0.0143, div_loss = 0.0551, 0.639 seconds/batch
2026-04-21 17:22:37,135 - Epoch 14, Batch 850, lr = 0.00006, alpha_2 = 0.200, aux_scale = 1.000,  final_loss = 4.5244, nll_loss = 4.4151, ref_nll_loss = 4.6337, ivc_loss = 0.0479, neg_loss_1 = 0.0025, neg_loss_2 = 0.0021, ref_loss = 0.0139, div_loss = 0.0558, 0.641 seconds/batch
2026-04-21 17:23:10,137 - Epoch 14, Batch 900, lr = 0.00006, alpha_2 = 0.200, aux_scale = 1.000,  final_loss = 4.5096, nll_loss = 4.4040, ref_nll_loss = 4.6152, ivc_loss = 0.0509, neg_loss_1 = 0.0043, neg_loss_2 = 0.0022, ref_loss = 0.0135, div_loss = 0.0551, 0.642 seconds/batch
2026-04-21 17:23:43,176 - Epoch 14, Batch 950, lr = 0.00006, alpha_2 = 0.200, aux_scale = 1.000,  final_loss = 4.4945, nll_loss = 4.3864, ref_nll_loss = 4.6025, ivc_loss = 0.0481, neg_loss_1 = 0.0029, neg_loss_2 = 0.0026, ref_loss = 0.0132, div_loss = 0.0531, 0.643 seconds/batch
2026-04-21 17:24:16,157 - Epoch 14, Batch 1000, lr = 0.00006, alpha_2 = 0.200, aux_scale = 1.000,  final_loss = 4.4760, nll_loss = 4.3727, ref_nll_loss = 4.5794, ivc_loss = 0.0526, neg_loss_1 = 0.0040, neg_loss_2 = 0.0032, ref_loss = 0.0139, div_loss = 0.0525, 0.644 seconds/batch
2026-04-21 17:24:49,170 - Epoch 14, Batch 1050, lr = 0.00006, alpha_2 = 0.200, aux_scale = 1.000,  final_loss = 4.5141, nll_loss = 4.4098, ref_nll_loss = 4.6184, ivc_loss = 0.0529, neg_loss_1 = 0.0044, neg_loss_2 = 0.0022, ref_loss = 0.0146, div_loss = 0.0533, 0.644 seconds/batch
2026-04-21 17:25:22,149 - Epoch 14, Batch 1100, lr = 0.00006, alpha_2 = 0.200, aux_scale = 1.000,  final_loss = 4.4908, nll_loss = 4.3855, ref_nll_loss = 4.5960, ivc_loss = 0.0522, neg_loss_1 = 0.0041, neg_loss_2 = 0.0029, ref_loss = 0.0136, div_loss = 0.0549, 0.645 seconds/batch
2026-04-21 17:25:55,043 - Epoch 14, Batch 1150, lr = 0.00006, alpha_2 = 0.200, aux_scale = 1.000,  final_loss = 4.5291, nll_loss = 4.4264, ref_nll_loss = 4.6318, ivc_loss = 0.0582, neg_loss_1 = 0.0041, neg_loss_2 = 0.0035, ref_loss = 0.0165, div_loss = 0.0496, 0.646 seconds/batch
2026-04-21 17:26:07,918 - Epoch 14, Batch 1170, lr = 0.00006, alpha_2 = 0.200, aux_scale = 1.000,  final_loss = 4.4862, nll_loss = 4.3782, ref_nll_loss = 4.5943, ivc_loss = 0.0544, neg_loss_1 = 0.0059, neg_loss_2 = 0.0016, ref_loss = 0.0145, div_loss = 0.0524, 0.646 seconds/batch
2026-04-21 17:26:07,992 - save model to checkpoints/activitynet_moe_v2_staged_alpha/moe_v2_staged_alpha/model-14.pt, num_updates 16380.
2026-04-21 17:28:31,498 - | R@1,mIoU 0.3355 | R@1,IoU@0.1 0.8068 | R@1,IoU@0.3 0.4615 | R@1,IoU@0.5 0.2495 | R@1,IoU@0.7 0.1261 | R@1,IoU@0.9 0.0287 | R@5,mIoU 0.5044 | R@5,IoU@0.1 0.9144 | R@5,IoU@0.3 0.7206 | R@5,IoU@0.5 0.5242 | R@5,IoU@0.7 0.2864 | R@5,IoU@0.9 0.0742 |
2026-04-21 17:28:31,498 - ============================================================
2026-04-21 17:28:31,499 - Start Epoch 15
2026-04-21 17:28:50,633 - Epoch 15, Batch 50, lr = 0.00006, alpha_2 = 0.200, aux_scale = 1.000,  final_loss = 4.4585, nll_loss = 4.3530, ref_nll_loss = 4.5640, ivc_loss = 0.0529, neg_loss_1 = 0.0032, neg_loss_2 = 0.0039, ref_loss = 0.0141, div_loss = 0.0527, 0.383 seconds/batch
2026-04-21 17:29:20,456 - Epoch 15, Batch 100, lr = 0.00006, alpha_2 = 0.200, aux_scale = 1.000,  final_loss = 4.4584, nll_loss = 4.3518, ref_nll_loss = 4.5650, ivc_loss = 0.0512, neg_loss_1 = 0.0042, neg_loss_2 = 0.0030, ref_loss = 0.0131, div_loss = 0.0529, 0.490 seconds/batch
2026-04-21 17:29:53,449 - Epoch 15, Batch 150, lr = 0.00006, alpha_2 = 0.200, aux_scale = 1.000,  final_loss = 4.4527, nll_loss = 4.3454, ref_nll_loss = 4.5601, ivc_loss = 0.0486, neg_loss_1 = 0.0024, neg_loss_2 = 0.0026, ref_loss = 0.0140, div_loss = 0.0535, 0.546 seconds/batch
2026-04-21 17:30:26,431 - Epoch 15, Batch 200, lr = 0.00006, alpha_2 = 0.200, aux_scale = 1.000,  final_loss = 4.4588, nll_loss = 4.3533, ref_nll_loss = 4.5643, ivc_loss = 0.0501, neg_loss_1 = 0.0031, neg_loss_2 = 0.0030, ref_loss = 0.0137, div_loss = 0.0534, 0.575 seconds/batch
2026-04-21 17:30:59,436 - Epoch 15, Batch 250, lr = 0.00006, alpha_2 = 0.200, aux_scale = 1.000,  final_loss = 4.4739, nll_loss = 4.3700, ref_nll_loss = 4.5778, ivc_loss = 0.0492, neg_loss_1 = 0.0028, neg_loss_2 = 0.0028, ref_loss = 0.0135, div_loss = 0.0549, 0.592 seconds/batch
2026-04-21 17:31:32,479 - Epoch 15, Batch 300, lr = 0.00006, alpha_2 = 0.200, aux_scale = 1.000,  final_loss = 4.4306, nll_loss = 4.3297, ref_nll_loss = 4.5314, ivc_loss = 0.0572, neg_loss_1 = 0.0033, neg_loss_2 = 0.0033, ref_loss = 0.0164, div_loss = 0.0553, 0.603 seconds/batch
2026-04-21 17:32:05,509 - Epoch 15, Batch 350, lr = 0.00006, alpha_2 = 0.200, aux_scale = 1.000,  final_loss = 4.4570, nll_loss = 4.3502, ref_nll_loss = 4.5638, ivc_loss = 0.0488, neg_loss_1 = 0.0024, neg_loss_2 = 0.0026, ref_loss = 0.0141, div_loss = 0.0539, 0.611 seconds/batch
2026-04-21 17:32:38,510 - Epoch 15, Batch 400, lr = 0.00006, alpha_2 = 0.200, aux_scale = 1.000,  final_loss = 4.4847, nll_loss = 4.3780, ref_nll_loss = 4.5914, ivc_loss = 0.0470, neg_loss_1 = 0.0022, neg_loss_2 = 0.0016, ref_loss = 0.0140, div_loss = 0.0566, 0.618 seconds/batch
2026-04-21 17:33:11,429 - Epoch 15, Batch 450, lr = 0.00006, alpha_2 = 0.200, aux_scale = 1.000,  final_loss = 4.4849, nll_loss = 4.3791, ref_nll_loss = 4.5907, ivc_loss = 0.0490, neg_loss_1 = 0.0030, neg_loss_2 = 0.0018, ref_loss = 0.0140, div_loss = 0.0571, 0.622 seconds/batch
2026-04-21 17:33:44,402 - Epoch 15, Batch 500, lr = 0.00006, alpha_2 = 0.200, aux_scale = 1.000,  final_loss = 4.4486, nll_loss = 4.3430, ref_nll_loss = 4.5542, ivc_loss = 0.0533, neg_loss_1 = 0.0025, neg_loss_2 = 0.0039, ref_loss = 0.0140, div_loss = 0.0617, 0.626 seconds/batch
2026-04-21 17:34:17,401 - Epoch 15, Batch 550, lr = 0.00006, alpha_2 = 0.200, aux_scale = 1.000,  final_loss = 4.4761, nll_loss = 4.3697, ref_nll_loss = 4.5826, ivc_loss = 0.0536, neg_loss_1 = 0.0038, neg_loss_2 = 0.0033, ref_loss = 0.0139, div_loss = 0.0578, 0.629 seconds/batch
2026-04-21 17:34:50,407 - Epoch 15, Batch 600, lr = 0.00006, alpha_2 = 0.200, aux_scale = 1.000,  final_loss = 4.4685, nll_loss = 4.3612, ref_nll_loss = 4.5758, ivc_loss = 0.0509, neg_loss_1 = 0.0033, neg_loss_2 = 0.0021, ref_loss = 0.0145, div_loss = 0.0565, 0.632 seconds/batch
2026-04-21 17:35:23,411 - Epoch 15, Batch 650, lr = 0.00006, alpha_2 = 0.200, aux_scale = 1.000,  final_loss = 4.4604, nll_loss = 4.3519, ref_nll_loss = 4.5689, ivc_loss = 0.0497, neg_loss_1 = 0.0029, neg_loss_2 = 0.0032, ref_loss = 0.0131, div_loss = 0.0559, 0.634 seconds/batch
2026-04-21 17:35:56,412 - Epoch 15, Batch 700, lr = 0.00006, alpha_2 = 0.200, aux_scale = 1.000,  final_loss = 4.4441, nll_loss = 4.3366, ref_nll_loss = 4.5515, ivc_loss = 0.0469, neg_loss_1 = 0.0020, neg_loss_2 = 0.0021, ref_loss = 0.0139, div_loss = 0.0545, 0.636 seconds/batch
2026-04-21 17:36:29,430 - Epoch 15, Batch 750, lr = 0.00006, alpha_2 = 0.200, aux_scale = 1.000,  final_loss = 4.4623, nll_loss = 4.3567, ref_nll_loss = 4.5680, ivc_loss = 0.0519, neg_loss_1 = 0.0032, neg_loss_2 = 0.0035, ref_loss = 0.0137, div_loss = 0.0556, 0.637 seconds/batch
2026-04-21 17:37:02,417 - Epoch 15, Batch 800, lr = 0.00006, alpha_2 = 0.200, aux_scale = 1.000,  final_loss = 4.4701, nll_loss = 4.3653, ref_nll_loss = 4.5749, ivc_loss = 0.0545, neg_loss_1 = 0.0031, neg_loss_2 = 0.0038, ref_loss = 0.0148, div_loss = 0.0556, 0.639 seconds/batch
2026-04-21 17:37:35,392 - Epoch 15, Batch 850, lr = 0.00006, alpha_2 = 0.200, aux_scale = 1.000,  final_loss = 4.4603, nll_loss = 4.3515, ref_nll_loss = 4.5691, ivc_loss = 0.0508, neg_loss_1 = 0.0029, neg_loss_2 = 0.0035, ref_loss = 0.0134, div_loss = 0.0556, 0.640 seconds/batch
2026-04-21 17:38:08,383 - Epoch 15, Batch 900, lr = 0.00006, alpha_2 = 0.200, aux_scale = 1.000,  final_loss = 4.4391, nll_loss = 4.3321, ref_nll_loss = 4.5461, ivc_loss = 0.0513, neg_loss_1 = 0.0021, neg_loss_2 = 0.0029, ref_loss = 0.0149, div_loss = 0.0572, 0.641 seconds/batch
2026-04-21 17:38:41,405 - Epoch 15, Batch 950, lr = 0.00006, alpha_2 = 0.200, aux_scale = 1.000,  final_loss = 4.4714, nll_loss = 4.3627, ref_nll_loss = 4.5801, ivc_loss = 0.0504, neg_loss_1 = 0.0028, neg_loss_2 = 0.0025, ref_loss = 0.0142, div_loss = 0.0571, 0.642 seconds/batch
2026-04-21 17:39:14,002 - Epoch 15, Batch 1000, lr = 0.00006, alpha_2 = 0.200, aux_scale = 1.000,  final_loss = 4.4579, nll_loss = 4.3509, ref_nll_loss = 4.5648, ivc_loss = 0.0494, neg_loss_1 = 0.0024, neg_loss_2 = 0.0037, ref_loss = 0.0129, div_loss = 0.0566, 0.643 seconds/batch
2026-04-21 17:39:47,029 - Epoch 15, Batch 1050, lr = 0.00006, alpha_2 = 0.200, aux_scale = 1.000,  final_loss = 4.4830, nll_loss = 4.3751, ref_nll_loss = 4.5910, ivc_loss = 0.0495, neg_loss_1 = 0.0037, neg_loss_2 = 0.0023, ref_loss = 0.0129, div_loss = 0.0579, 0.643 seconds/batch
2026-04-21 17:40:20,068 - Epoch 15, Batch 1100, lr = 0.00006, alpha_2 = 0.200, aux_scale = 1.000,  final_loss = 4.5119, nll_loss = 4.4044, ref_nll_loss = 4.6193, ivc_loss = 0.0509, neg_loss_1 = 0.0028, neg_loss_2 = 0.0035, ref_loss = 0.0131, div_loss = 0.0605, 0.644 seconds/batch
2026-04-21 17:40:53,047 - Epoch 15, Batch 1150, lr = 0.00006, alpha_2 = 0.200, aux_scale = 1.000,  final_loss = 4.4820, nll_loss = 4.3739, ref_nll_loss = 4.5900, ivc_loss = 0.0510, neg_loss_1 = 0.0032, neg_loss_2 = 0.0025, ref_loss = 0.0137, div_loss = 0.0609, 0.645 seconds/batch
2026-04-21 17:41:05,990 - Epoch 15, Batch 1170, lr = 0.00006, alpha_2 = 0.200, aux_scale = 1.000,  final_loss = 4.4130, nll_loss = 4.3051, ref_nll_loss = 4.5210, ivc_loss = 0.0499, neg_loss_1 = 0.0018, neg_loss_2 = 0.0025, ref_loss = 0.0148, div_loss = 0.0584, 0.645 seconds/batch
2026-04-21 17:41:06,067 - save model to checkpoints/activitynet_moe_v2_staged_alpha/moe_v2_staged_alpha/model-15.pt, num_updates 17550.
2026-04-21 17:43:30,808 - | R@1,mIoU 0.3378 | R@1,IoU@0.1 0.8032 | R@1,IoU@0.3 0.4620 | R@1,IoU@0.5 0.2517 | R@1,IoU@0.7 0.1298 | R@1,IoU@0.9 0.0287 | R@5,mIoU 0.4901 | R@5,IoU@0.1 0.9028 | R@5,IoU@0.3 0.7048 | R@5,IoU@0.5 0.5012 | R@5,IoU@0.7 0.2658 | R@5,IoU@0.9 0.0712 |
2026-04-21 17:43:30,808 - ============================================================
2026-04-21 17:43:30,809 - Start Epoch 16
2026-04-21 17:43:49,971 - Epoch 16, Batch 50, lr = 0.00006, alpha_2 = 0.200, aux_scale = 1.000,  final_loss = 4.4345, nll_loss = 4.3302, ref_nll_loss = 4.5387, ivc_loss = 0.0523, neg_loss_1 = 0.0033, neg_loss_2 = 0.0027, ref_loss = 0.0144, div_loss = 0.0582, 0.383 seconds/batch
2026-04-21 17:44:19,169 - Epoch 16, Batch 100, lr = 0.00006, alpha_2 = 0.200, aux_scale = 1.000,  final_loss = 4.4399, nll_loss = 4.3360, ref_nll_loss = 4.5438, ivc_loss = 0.0571, neg_loss_1 = 0.0032, neg_loss_2 = 0.0037, ref_loss = 0.0158, div_loss = 0.0579, 0.484 seconds/batch
2026-04-21 17:44:52,162 - Epoch 16, Batch 150, lr = 0.00006, alpha_2 = 0.200, aux_scale = 1.000,  final_loss = 4.4486, nll_loss = 4.3429, ref_nll_loss = 4.5543, ivc_loss = 0.0522, neg_loss_1 = 0.0031, neg_loss_2 = 0.0026, ref_loss = 0.0147, div_loss = 0.0565, 0.542 seconds/batch
2026-04-21 17:45:25,161 - Epoch 16, Batch 200, lr = 0.00006, alpha_2 = 0.200, aux_scale = 1.000,  final_loss = 4.3924, nll_loss = 4.2855, ref_nll_loss = 4.4994, ivc_loss = 0.0544, neg_loss_1 = 0.0029, neg_loss_2 = 0.0027, ref_loss = 0.0160, div_loss = 0.0554, 0.572 seconds/batch
2026-04-21 17:45:58,162 - Epoch 16, Batch 250, lr = 0.00006, alpha_2 = 0.200, aux_scale = 1.000,  final_loss = 4.4497, nll_loss = 4.3417, ref_nll_loss = 4.5578, ivc_loss = 0.0509, neg_loss_1 = 0.0035, neg_loss_2 = 0.0032, ref_loss = 0.0128, div_loss = 0.0593, 0.589 seconds/batch
2026-04-21 17:46:31,173 - Epoch 16, Batch 300, lr = 0.00006, alpha_2 = 0.200, aux_scale = 1.000,  final_loss = 4.4292, nll_loss = 4.3187, ref_nll_loss = 4.5397, ivc_loss = 0.0486, neg_loss_1 = 0.0025, neg_loss_2 = 0.0031, ref_loss = 0.0129, div_loss = 0.0578, 0.601 seconds/batch
2026-04-21 17:47:04,193 - Epoch 16, Batch 350, lr = 0.00006, alpha_2 = 0.200, aux_scale = 1.000,  final_loss = 4.4906, nll_loss = 4.3819, ref_nll_loss = 4.5994, ivc_loss = 0.0486, neg_loss_1 = 0.0027, neg_loss_2 = 0.0019, ref_loss = 0.0143, div_loss = 0.0549, 0.610 seconds/batch
2026-04-21 17:47:37,200 - Epoch 16, Batch 400, lr = 0.00006, alpha_2 = 0.200, aux_scale = 1.000,  final_loss = 4.4051, nll_loss = 4.2992, ref_nll_loss = 4.5110, ivc_loss = 0.0516, neg_loss_1 = 0.0041, neg_loss_2 = 0.0026, ref_loss = 0.0135, div_loss = 0.0550, 0.616 seconds/batch
2026-04-21 17:48:10,205 - Epoch 16, Batch 450, lr = 0.00006, alpha_2 = 0.200, aux_scale = 1.000,  final_loss = 4.4465, nll_loss = 4.3364, ref_nll_loss = 4.5567, ivc_loss = 0.0464, neg_loss_1 = 0.0023, neg_loss_2 = 0.0026, ref_loss = 0.0126, div_loss = 0.0569, 0.621 seconds/batch
2026-04-21 17:48:43,212 - Epoch 16, Batch 500, lr = 0.00006, alpha_2 = 0.200, aux_scale = 1.000,  final_loss = 4.4403, nll_loss = 4.3303, ref_nll_loss = 4.5503, ivc_loss = 0.0470, neg_loss_1 = 0.0023, neg_loss_2 = 0.0026, ref_loss = 0.0129, div_loss = 0.0577, 0.625 seconds/batch
2026-04-21 17:49:16,226 - Epoch 16, Batch 550, lr = 0.00006, alpha_2 = 0.200, aux_scale = 1.000,  final_loss = 4.4093, nll_loss = 4.3036, ref_nll_loss = 4.5150, ivc_loss = 0.0528, neg_loss_1 = 0.0023, neg_loss_2 = 0.0038, ref_loss = 0.0139, div_loss = 0.0639, 0.628 seconds/batch
2026-04-21 17:49:49,249 - Epoch 16, Batch 600, lr = 0.00006, alpha_2 = 0.200, aux_scale = 1.000,  final_loss = 4.4470, nll_loss = 4.3384, ref_nll_loss = 4.5557, ivc_loss = 0.0562, neg_loss_1 = 0.0027, neg_loss_2 = 0.0034, ref_loss = 0.0154, div_loss = 0.0659, 0.631 seconds/batch
2026-04-21 17:50:22,141 - Epoch 16, Batch 650, lr = 0.00006, alpha_2 = 0.200, aux_scale = 1.000,  final_loss = 4.4018, nll_loss = 4.2933, ref_nll_loss = 4.5104, ivc_loss = 0.0492, neg_loss_1 = 0.0027, neg_loss_2 = 0.0021, ref_loss = 0.0136, div_loss = 0.0628, 0.633 seconds/batch
2026-04-21 17:50:55,114 - Epoch 16, Batch 700, lr = 0.00006, alpha_2 = 0.200, aux_scale = 1.000,  final_loss = 4.4682, nll_loss = 4.3642, ref_nll_loss = 4.5722, ivc_loss = 0.0565, neg_loss_1 = 0.0034, neg_loss_2 = 0.0033, ref_loss = 0.0151, div_loss = 0.0642, 0.635 seconds/batch
2026-04-21 17:51:28,127 - Epoch 16, Batch 750, lr = 0.00006, alpha_2 = 0.200, aux_scale = 1.000,  final_loss = 4.4221, nll_loss = 4.3105, ref_nll_loss = 4.5338, ivc_loss = 0.0474, neg_loss_1 = 0.0030, neg_loss_2 = 0.0021, ref_loss = 0.0126, div_loss = 0.0610, 0.636 seconds/batch
2026-04-21 17:52:00,860 - Epoch 16, Batch 800, lr = 0.00006, alpha_2 = 0.200, aux_scale = 1.000,  final_loss = 4.4435, nll_loss = 4.3356, ref_nll_loss = 4.5515, ivc_loss = 0.0500, neg_loss_1 = 0.0029, neg_loss_2 = 0.0021, ref_loss = 0.0141, div_loss = 0.0589, 0.638 seconds/batch
2026-04-21 17:52:33,812 - Epoch 16, Batch 850, lr = 0.00006, alpha_2 = 0.200, aux_scale = 1.000,  final_loss = 4.4117, nll_loss = 4.3061, ref_nll_loss = 4.5174, ivc_loss = 0.0564, neg_loss_1 = 0.0030, neg_loss_2 = 0.0028, ref_loss = 0.0164, div_loss = 0.0601, 0.639 seconds/batch
2026-04-21 17:53:06,790 - Epoch 16, Batch 900, lr = 0.00006, alpha_2 = 0.200, aux_scale = 1.000,  final_loss = 4.4489, nll_loss = 4.3429, ref_nll_loss = 4.5550, ivc_loss = 0.0517, neg_loss_1 = 0.0031, neg_loss_2 = 0.0024, ref_loss = 0.0144, div_loss = 0.0598, 0.640 seconds/batch
2026-04-21 17:53:39,785 - Epoch 16, Batch 950, lr = 0.00006, alpha_2 = 0.200, aux_scale = 1.000,  final_loss = 4.4493, nll_loss = 4.3367, ref_nll_loss = 4.5619, ivc_loss = 0.0474, neg_loss_1 = 0.0028, neg_loss_2 = 0.0022, ref_loss = 0.0128, div_loss = 0.0600, 0.641 seconds/batch
2026-04-21 17:54:12,788 - Epoch 16, Batch 1000, lr = 0.00006, alpha_2 = 0.200, aux_scale = 1.000,  final_loss = 4.4340, nll_loss = 4.3243, ref_nll_loss = 4.5438, ivc_loss = 0.0489, neg_loss_1 = 0.0030, neg_loss_2 = 0.0030, ref_loss = 0.0128, div_loss = 0.0570, 0.642 seconds/batch
2026-04-21 17:54:45,781 - Epoch 16, Batch 1050, lr = 0.00006, alpha_2 = 0.200, aux_scale = 1.000,  final_loss = 4.4412, nll_loss = 4.3306, ref_nll_loss = 4.5519, ivc_loss = 0.0488, neg_loss_1 = 0.0022, neg_loss_2 = 0.0035, ref_loss = 0.0131, div_loss = 0.0562, 0.643 seconds/batch
2026-04-21 17:55:18,755 - Epoch 16, Batch 1100, lr = 0.00006, alpha_2 = 0.200, aux_scale = 1.000,  final_loss = 4.4371, nll_loss = 4.3247, ref_nll_loss = 4.5494, ivc_loss = 0.0481, neg_loss_1 = 0.0023, neg_loss_2 = 0.0030, ref_loss = 0.0130, div_loss = 0.0569, 0.644 seconds/batch
2026-04-21 17:55:51,729 - Epoch 16, Batch 1150, lr = 0.00006, alpha_2 = 0.200, aux_scale = 1.000,  final_loss = 4.4372, nll_loss = 4.3274, ref_nll_loss = 4.5471, ivc_loss = 0.0500, neg_loss_1 = 0.0026, neg_loss_2 = 0.0032, ref_loss = 0.0136, div_loss = 0.0553, 0.644 seconds/batch
2026-04-21 17:56:04,749 - Epoch 16, Batch 1170, lr = 0.00006, alpha_2 = 0.200, aux_scale = 1.000,  final_loss = 4.4764, nll_loss = 4.3649, ref_nll_loss = 4.5880, ivc_loss = 0.0541, neg_loss_1 = 0.0038, neg_loss_2 = 0.0028, ref_loss = 0.0150, div_loss = 0.0554, 0.644 seconds/batch
2026-04-21 17:56:04,828 - save model to checkpoints/activitynet_moe_v2_staged_alpha/moe_v2_staged_alpha/model-16.pt, num_updates 18720.
2026-04-21 17:58:29,516 - | R@1,mIoU 0.3336 | R@1,IoU@0.1 0.7985 | R@1,IoU@0.3 0.4545 | R@1,IoU@0.5 0.2517 | R@1,IoU@0.7 0.1279 | R@1,IoU@0.9 0.0298 | R@5,mIoU 0.4970 | R@5,IoU@0.1 0.9083 | R@5,IoU@0.3 0.7109 | R@5,IoU@0.5 0.5112 | R@5,IoU@0.7 0.2778 | R@5,IoU@0.9 0.0760 |
2026-04-21 17:58:29,516 - ============================================================
2026-04-21 17:58:29,516 - Start Epoch 17
2026-04-21 17:58:48,451 - Epoch 17, Batch 50, lr = 0.00006, alpha_2 = 0.200, aux_scale = 1.000,  final_loss = 4.4134, nll_loss = 4.3026, ref_nll_loss = 4.5241, ivc_loss = 0.0472, neg_loss_1 = 0.0027, neg_loss_2 = 0.0032, ref_loss = 0.0122, div_loss = 0.0557, 0.379 seconds/batch
2026-04-21 17:59:17,438 - Epoch 17, Batch 100, lr = 0.00006, alpha_2 = 0.200, aux_scale = 1.000,  final_loss = 4.4089, nll_loss = 4.3013, ref_nll_loss = 4.5165, ivc_loss = 0.0495, neg_loss_1 = 0.0037, neg_loss_2 = 0.0022, ref_loss = 0.0133, div_loss = 0.0556, 0.479 seconds/batch
2026-04-21 17:59:50,410 - Epoch 17, Batch 150, lr = 0.00006, alpha_2 = 0.200, aux_scale = 1.000,  final_loss = 4.4133, nll_loss = 4.3048, ref_nll_loss = 4.5217, ivc_loss = 0.0500, neg_loss_1 = 0.0031, neg_loss_2 = 0.0022, ref_loss = 0.0139, div_loss = 0.0575, 0.539 seconds/batch
2026-04-21 18:00:23,400 - Epoch 17, Batch 200, lr = 0.00006, alpha_2 = 0.200, aux_scale = 1.000,  final_loss = 4.3963, nll_loss = 4.2850, ref_nll_loss = 4.5076, ivc_loss = 0.0494, neg_loss_1 = 0.0023, neg_loss_2 = 0.0025, ref_loss = 0.0138, div_loss = 0.0612, 0.569 seconds/batch
2026-04-21 18:00:56,366 - Epoch 17, Batch 250, lr = 0.00006, alpha_2 = 0.200, aux_scale = 1.000,  final_loss = 4.3907, nll_loss = 4.2830, ref_nll_loss = 4.4985, ivc_loss = 0.0477, neg_loss_1 = 0.0027, neg_loss_2 = 0.0017, ref_loss = 0.0132, div_loss = 0.0620, 0.587 seconds/batch
2026-04-21 18:01:29,339 - Epoch 17, Batch 300, lr = 0.00006, alpha_2 = 0.200, aux_scale = 1.000,  final_loss = 4.4195, nll_loss = 4.3068, ref_nll_loss = 4.5321, ivc_loss = 0.0511, neg_loss_1 = 0.0034, neg_loss_2 = 0.0021, ref_loss = 0.0142, div_loss = 0.0585, 0.599 seconds/batch
2026-04-21 18:02:02,344 - Epoch 17, Batch 350, lr = 0.00006, alpha_2 = 0.200, aux_scale = 1.000,  final_loss = 4.4089, nll_loss = 4.3005, ref_nll_loss = 4.5174, ivc_loss = 0.0469, neg_loss_1 = 0.0025, neg_loss_2 = 0.0024, ref_loss = 0.0128, div_loss = 0.0578, 0.608 seconds/batch
2026-04-21 18:02:35,339 - Epoch 17, Batch 400, lr = 0.00006, alpha_2 = 0.200, aux_scale = 1.000,  final_loss = 4.4132, nll_loss = 4.3022, ref_nll_loss = 4.5242, ivc_loss = 0.0464, neg_loss_1 = 0.0023, neg_loss_2 = 0.0019, ref_loss = 0.0131, div_loss = 0.0592, 0.615 seconds/batch
2026-04-21 18:03:08,339 - Epoch 17, Batch 450, lr = 0.00006, alpha_2 = 0.200, aux_scale = 1.000,  final_loss = 4.4253, nll_loss = 4.3171, ref_nll_loss = 4.5336, ivc_loss = 0.0496, neg_loss_1 = 0.0032, neg_loss_2 = 0.0017, ref_loss = 0.0142, div_loss = 0.0565, 0.620 seconds/batch
2026-04-21 18:03:41,360 - Epoch 17, Batch 500, lr = 0.00006, alpha_2 = 0.200, aux_scale = 1.000,  final_loss = 4.4486, nll_loss = 4.3367, ref_nll_loss = 4.5606, ivc_loss = 0.0478, neg_loss_1 = 0.0030, neg_loss_2 = 0.0024, ref_loss = 0.0128, div_loss = 0.0574, 0.624 seconds/batch
2026-04-21 18:04:14,386 - Epoch 17, Batch 550, lr = 0.00006, alpha_2 = 0.200, aux_scale = 1.000,  final_loss = 4.4339, nll_loss = 4.3246, ref_nll_loss = 4.5432, ivc_loss = 0.0469, neg_loss_1 = 0.0022, neg_loss_2 = 0.0022, ref_loss = 0.0132, div_loss = 0.0594, 0.627 seconds/batch
2026-04-21 18:04:46,975 - Epoch 17, Batch 600, lr = 0.00006, alpha_2 = 0.200, aux_scale = 1.000,  final_loss = 4.4160, nll_loss = 4.3036, ref_nll_loss = 4.5283, ivc_loss = 0.0442, neg_loss_1 = 0.0019, neg_loss_2 = 0.0021, ref_loss = 0.0122, div_loss = 0.0589, 0.629 seconds/batch
2026-04-21 18:05:19,990 - Epoch 17, Batch 650, lr = 0.00006, alpha_2 = 0.200, aux_scale = 1.000,  final_loss = 4.4038, nll_loss = 4.2960, ref_nll_loss = 4.5116, ivc_loss = 0.0457, neg_loss_1 = 0.0020, neg_loss_2 = 0.0018, ref_loss = 0.0133, div_loss = 0.0579, 0.631 seconds/batch
2026-04-21 18:05:52,969 - Epoch 17, Batch 700, lr = 0.00006, alpha_2 = 0.200, aux_scale = 1.000,  final_loss = 4.3841, nll_loss = 4.2730, ref_nll_loss = 4.4952, ivc_loss = 0.0496, neg_loss_1 = 0.0033, neg_loss_2 = 0.0028, ref_loss = 0.0132, div_loss = 0.0556, 0.634 seconds/batch
2026-04-21 18:06:25,949 - Epoch 17, Batch 750, lr = 0.00006, alpha_2 = 0.200, aux_scale = 1.000,  final_loss = 4.4199, nll_loss = 4.3087, ref_nll_loss = 4.5311, ivc_loss = 0.0465, neg_loss_1 = 0.0025, neg_loss_2 = 0.0024, ref_loss = 0.0127, div_loss = 0.0574, 0.635 seconds/batch
2026-04-21 18:06:58,916 - Epoch 17, Batch 800, lr = 0.00006, alpha_2 = 0.200, aux_scale = 1.000,  final_loss = 4.4012, nll_loss = 4.2915, ref_nll_loss = 4.5109, ivc_loss = 0.0446, neg_loss_1 = 0.0024, neg_loss_2 = 0.0018, ref_loss = 0.0125, div_loss = 0.0559, 0.637 seconds/batch
2026-04-21 18:07:31,960 - Epoch 17, Batch 850, lr = 0.00006, alpha_2 = 0.200, aux_scale = 1.000,  final_loss = 4.4412, nll_loss = 4.3326, ref_nll_loss = 4.5499, ivc_loss = 0.0466, neg_loss_1 = 0.0021, neg_loss_2 = 0.0031, ref_loss = 0.0125, div_loss = 0.0561, 0.638 seconds/batch
2026-04-21 18:08:04,979 - Epoch 17, Batch 900, lr = 0.00006, alpha_2 = 0.200, aux_scale = 1.000,  final_loss = 4.4199, nll_loss = 4.3113, ref_nll_loss = 4.5284, ivc_loss = 0.0499, neg_loss_1 = 0.0032, neg_loss_2 = 0.0020, ref_loss = 0.0141, div_loss = 0.0577, 0.639 seconds/batch
2026-04-21 18:08:37,950 - Epoch 17, Batch 950, lr = 0.00006, alpha_2 = 0.200, aux_scale = 1.000,  final_loss = 4.3973, nll_loss = 4.2873, ref_nll_loss = 4.5073, ivc_loss = 0.0460, neg_loss_1 = 0.0025, neg_loss_2 = 0.0025, ref_loss = 0.0120, div_loss = 0.0598, 0.640 seconds/batch
2026-04-21 18:09:10,983 - Epoch 17, Batch 1000, lr = 0.00006, alpha_2 = 0.200, aux_scale = 1.000,  final_loss = 4.4529, nll_loss = 4.3441, ref_nll_loss = 4.5616, ivc_loss = 0.0482, neg_loss_1 = 0.0034, neg_loss_2 = 0.0015, ref_loss = 0.0134, div_loss = 0.0578, 0.641 seconds/batch
2026-04-21 18:09:43,997 - Epoch 17, Batch 1050, lr = 0.00006, alpha_2 = 0.200, aux_scale = 1.000,  final_loss = 4.4546, nll_loss = 4.3463, ref_nll_loss = 4.5628, ivc_loss = 0.0541, neg_loss_1 = 0.0039, neg_loss_2 = 0.0023, ref_loss = 0.0150, div_loss = 0.0573, 0.642 seconds/batch
2026-04-21 18:10:16,987 - Epoch 17, Batch 1100, lr = 0.00006, alpha_2 = 0.200, aux_scale = 1.000,  final_loss = 4.3815, nll_loss = 4.2677, ref_nll_loss = 4.4953, ivc_loss = 0.0512, neg_loss_1 = 0.0026, neg_loss_2 = 0.0020, ref_loss = 0.0148, div_loss = 0.0618, 0.643 seconds/batch
2026-04-21 18:10:49,976 - Epoch 17, Batch 1150, lr = 0.00006, alpha_2 = 0.200, aux_scale = 1.000,  final_loss = 4.4143, nll_loss = 4.3055, ref_nll_loss = 4.5231, ivc_loss = 0.0507, neg_loss_1 = 0.0026, neg_loss_2 = 0.0025, ref_loss = 0.0142, div_loss = 0.0598, 0.644 seconds/batch
2026-04-21 18:11:02,848 - Epoch 17, Batch 1170, lr = 0.00006, alpha_2 = 0.200, aux_scale = 1.000,  final_loss = 4.4843, nll_loss = 4.3738, ref_nll_loss = 4.5947, ivc_loss = 0.0465, neg_loss_1 = 0.0025, neg_loss_2 = 0.0030, ref_loss = 0.0120, div_loss = 0.0574, 0.644 seconds/batch
2026-04-21 18:11:02,922 - save model to checkpoints/activitynet_moe_v2_staged_alpha/moe_v2_staged_alpha/model-17.pt, num_updates 19890.
2026-04-21 18:13:28,357 - | R@1,mIoU 0.3353 | R@1,IoU@0.1 0.8024 | R@1,IoU@0.3 0.4578 | R@1,IoU@0.5 0.2540 | R@1,IoU@0.7 0.1273 | R@1,IoU@0.9 0.0329 | R@5,mIoU 0.4947 | R@5,IoU@0.1 0.9077 | R@5,IoU@0.3 0.7078 | R@5,IoU@0.5 0.5098 | R@5,IoU@0.7 0.2730 | R@5,IoU@0.9 0.0741 |
2026-04-21 18:13:28,358 - ============================================================
2026-04-21 18:13:28,358 - Start Epoch 18
2026-04-21 18:13:47,397 - Epoch 18, Batch 50, lr = 0.00006, alpha_2 = 0.200, aux_scale = 1.000,  final_loss = 4.4026, nll_loss = 4.2929, ref_nll_loss = 4.5124, ivc_loss = 0.0479, neg_loss_1 = 0.0023, neg_loss_2 = 0.0022, ref_loss = 0.0135, div_loss = 0.0594, 0.381 seconds/batch
2026-04-21 18:14:15,809 - Epoch 18, Batch 100, lr = 0.00006, alpha_2 = 0.200, aux_scale = 1.000,  final_loss = 4.3777, nll_loss = 4.2705, ref_nll_loss = 4.4849, ivc_loss = 0.0492, neg_loss_1 = 0.0019, neg_loss_2 = 0.0023, ref_loss = 0.0142, div_loss = 0.0620, 0.475 seconds/batch
2026-04-21 18:14:48,781 - Epoch 18, Batch 150, lr = 0.00006, alpha_2 = 0.200, aux_scale = 1.000,  final_loss = 4.4075, nll_loss = 4.3014, ref_nll_loss = 4.5137, ivc_loss = 0.0497, neg_loss_1 = 0.0026, neg_loss_2 = 0.0025, ref_loss = 0.0139, div_loss = 0.0592, 0.536 seconds/batch
2026-04-21 18:15:21,781 - Epoch 18, Batch 200, lr = 0.00006, alpha_2 = 0.200, aux_scale = 1.000,  final_loss = 4.3901, nll_loss = 4.2795, ref_nll_loss = 4.5007, ivc_loss = 0.0455, neg_loss_1 = 0.0026, neg_loss_2 = 0.0018, ref_loss = 0.0123, div_loss = 0.0604, 0.567 seconds/batch
2026-04-21 18:15:54,774 - Epoch 18, Batch 250, lr = 0.00006, alpha_2 = 0.200, aux_scale = 1.000,  final_loss = 4.3897, nll_loss = 4.2810, ref_nll_loss = 4.4985, ivc_loss = 0.0499, neg_loss_1 = 0.0023, neg_loss_2 = 0.0021, ref_loss = 0.0143, div_loss = 0.0623, 0.586 seconds/batch
2026-04-21 18:16:27,784 - Epoch 18, Batch 300, lr = 0.00006, alpha_2 = 0.200, aux_scale = 1.000,  final_loss = 4.3925, nll_loss = 4.2782, ref_nll_loss = 4.5069, ivc_loss = 0.0468, neg_loss_1 = 0.0023, neg_loss_2 = 0.0020, ref_loss = 0.0134, div_loss = 0.0575, 0.598 seconds/batch
2026-04-21 18:17:00,778 - Epoch 18, Batch 350, lr = 0.00006, alpha_2 = 0.200, aux_scale = 1.000,  final_loss = 4.3832, nll_loss = 4.2731, ref_nll_loss = 4.4933, ivc_loss = 0.0489, neg_loss_1 = 0.0029, neg_loss_2 = 0.0018, ref_loss = 0.0140, div_loss = 0.0579, 0.607 seconds/batch
2026-04-21 18:17:33,303 - Epoch 18, Batch 400, lr = 0.00006, alpha_2 = 0.200, aux_scale = 1.000,  final_loss = 4.3682, nll_loss = 4.2594, ref_nll_loss = 4.4770, ivc_loss = 0.0484, neg_loss_1 = 0.0028, neg_loss_2 = 0.0015, ref_loss = 0.0141, div_loss = 0.0585, 0.612 seconds/batch
2026-04-21 18:18:06,282 - Epoch 18, Batch 450, lr = 0.00006, alpha_2 = 0.200, aux_scale = 1.000,  final_loss = 4.3928, nll_loss = 4.2854, ref_nll_loss = 4.5003, ivc_loss = 0.0505, neg_loss_1 = 0.0041, neg_loss_2 = 0.0015, ref_loss = 0.0140, div_loss = 0.0567, 0.618 seconds/batch
2026-04-21 18:18:39,283 - Epoch 18, Batch 500, lr = 0.00006, alpha_2 = 0.200, aux_scale = 1.000,  final_loss = 4.4275, nll_loss = 4.3210, ref_nll_loss = 4.5340, ivc_loss = 0.0509, neg_loss_1 = 0.0027, neg_loss_2 = 0.0023, ref_loss = 0.0148, div_loss = 0.0576, 0.622 seconds/batch
2026-04-21 18:19:12,252 - Epoch 18, Batch 550, lr = 0.00006, alpha_2 = 0.200, aux_scale = 1.000,  final_loss = 4.3727, nll_loss = 4.2646, ref_nll_loss = 4.4808, ivc_loss = 0.0506, neg_loss_1 = 0.0027, neg_loss_2 = 0.0029, ref_loss = 0.0140, div_loss = 0.0569, 0.625 seconds/batch
2026-04-21 18:19:45,275 - Epoch 18, Batch 600, lr = 0.00006, alpha_2 = 0.200, aux_scale = 1.000,  final_loss = 4.4084, nll_loss = 4.2984, ref_nll_loss = 4.5185, ivc_loss = 0.0504, neg_loss_1 = 0.0037, neg_loss_2 = 0.0023, ref_loss = 0.0137, div_loss = 0.0556, 0.628 seconds/batch
2026-04-21 18:20:18,279 - Epoch 18, Batch 650, lr = 0.00006, alpha_2 = 0.200, aux_scale = 1.000,  final_loss = 4.3729, nll_loss = 4.2614, ref_nll_loss = 4.4844, ivc_loss = 0.0567, neg_loss_1 = 0.0038, neg_loss_2 = 0.0035, ref_loss = 0.0153, div_loss = 0.0576, 0.631 seconds/batch
2026-04-21 18:20:51,305 - Epoch 18, Batch 700, lr = 0.00006, alpha_2 = 0.200, aux_scale = 1.000,  final_loss = 4.4142, nll_loss = 4.3038, ref_nll_loss = 4.5247, ivc_loss = 0.0483, neg_loss_1 = 0.0035, neg_loss_2 = 0.0025, ref_loss = 0.0123, div_loss = 0.0581, 0.633 seconds/batch
2026-04-21 18:21:24,303 - Epoch 18, Batch 750, lr = 0.00006, alpha_2 = 0.200, aux_scale = 1.000,  final_loss = 4.3644, nll_loss = 4.2524, ref_nll_loss = 4.4763, ivc_loss = 0.0542, neg_loss_1 = 0.0024, neg_loss_2 = 0.0035, ref_loss = 0.0152, div_loss = 0.0600, 0.635 seconds/batch
2026-04-21 18:21:57,305 - Epoch 18, Batch 800, lr = 0.00006, alpha_2 = 0.200, aux_scale = 1.000,  final_loss = 4.3852, nll_loss = 4.2754, ref_nll_loss = 4.4950, ivc_loss = 0.0505, neg_loss_1 = 0.0033, neg_loss_2 = 0.0030, ref_loss = 0.0128, div_loss = 0.0622, 0.636 seconds/batch
2026-04-21 18:22:30,260 - Epoch 18, Batch 850, lr = 0.00006, alpha_2 = 0.200, aux_scale = 1.000,  final_loss = 4.3772, nll_loss = 4.2638, ref_nll_loss = 4.4907, ivc_loss = 0.0516, neg_loss_1 = 0.0028, neg_loss_2 = 0.0032, ref_loss = 0.0137, div_loss = 0.0614, 0.638 seconds/batch
2026-04-21 18:23:03,256 - Epoch 18, Batch 900, lr = 0.00006, alpha_2 = 0.200, aux_scale = 1.000,  final_loss = 4.4441, nll_loss = 4.3349, ref_nll_loss = 4.5534, ivc_loss = 0.0510, neg_loss_1 = 0.0031, neg_loss_2 = 0.0026, ref_loss = 0.0142, div_loss = 0.0569, 0.639 seconds/batch
2026-04-21 18:23:36,272 - Epoch 18, Batch 950, lr = 0.00006, alpha_2 = 0.200, aux_scale = 1.000,  final_loss = 4.4103, nll_loss = 4.2966, ref_nll_loss = 4.5240, ivc_loss = 0.0496, neg_loss_1 = 0.0031, neg_loss_2 = 0.0029, ref_loss = 0.0132, div_loss = 0.0564, 0.640 seconds/batch
2026-04-21 18:24:09,267 - Epoch 18, Batch 1000, lr = 0.00006, alpha_2 = 0.200, aux_scale = 1.000,  final_loss = 4.4262, nll_loss = 4.3170, ref_nll_loss = 4.5355, ivc_loss = 0.0511, neg_loss_1 = 0.0027, neg_loss_2 = 0.0024, ref_loss = 0.0147, div_loss = 0.0588, 0.641 seconds/batch
2026-04-21 18:24:42,237 - Epoch 18, Batch 1050, lr = 0.00006, alpha_2 = 0.200, aux_scale = 1.000,  final_loss = 4.4039, nll_loss = 4.2921, ref_nll_loss = 4.5157, ivc_loss = 0.0479, neg_loss_1 = 0.0023, neg_loss_2 = 0.0028, ref_loss = 0.0129, div_loss = 0.0588, 0.642 seconds/batch
2026-04-21 18:25:15,153 - Epoch 18, Batch 1100, lr = 0.00006, alpha_2 = 0.200, aux_scale = 1.000,  final_loss = 4.3713, nll_loss = 4.2576, ref_nll_loss = 4.4850, ivc_loss = 0.0465, neg_loss_1 = 0.0022, neg_loss_2 = 0.0015, ref_loss = 0.0133, div_loss = 0.0625, 0.643 seconds/batch
2026-04-21 18:25:48,075 - Epoch 18, Batch 1150, lr = 0.00006, alpha_2 = 0.200, aux_scale = 1.000,  final_loss = 4.3998, nll_loss = 4.2887, ref_nll_loss = 4.5109, ivc_loss = 0.0475, neg_loss_1 = 0.0026, neg_loss_2 = 0.0024, ref_loss = 0.0129, div_loss = 0.0582, 0.643 seconds/batch
2026-04-21 18:26:01,039 - Epoch 18, Batch 1170, lr = 0.00006, alpha_2 = 0.200, aux_scale = 1.000,  final_loss = 4.4026, nll_loss = 4.2881, ref_nll_loss = 4.5171, ivc_loss = 0.0437, neg_loss_1 = 0.0028, neg_loss_2 = 0.0013, ref_loss = 0.0119, div_loss = 0.0589, 0.643 seconds/batch
2026-04-21 18:26:01,113 - save model to checkpoints/activitynet_moe_v2_staged_alpha/moe_v2_staged_alpha/model-18.pt, num_updates 21060.
2026-04-21 18:28:26,968 - | R@1,mIoU 0.3388 | R@1,IoU@0.1 0.8056 | R@1,IoU@0.3 0.4724 | R@1,IoU@0.5 0.2579 | R@1,IoU@0.7 0.1195 | R@1,IoU@0.9 0.0341 | R@5,mIoU 0.5047 | R@5,IoU@0.1 0.9132 | R@5,IoU@0.3 0.7152 | R@5,IoU@0.5 0.5245 | R@5,IoU@0.7 0.2939 | R@5,IoU@0.9 0.0837 |
2026-04-21 18:28:26,968 - ============================================================
2026-04-21 18:28:26,968 - Start Epoch 19
2026-04-21 18:28:46,083 - Epoch 19, Batch 50, lr = 0.00006, alpha_2 = 0.200, aux_scale = 1.000,  final_loss = 4.3473, nll_loss = 4.2343, ref_nll_loss = 4.4602, ivc_loss = 0.0449, neg_loss_1 = 0.0019, neg_loss_2 = 0.0023, ref_loss = 0.0121, div_loss = 0.0616, 0.382 seconds/batch
2026-04-21 18:29:13,877 - Epoch 19, Batch 100, lr = 0.00005, alpha_2 = 0.200, aux_scale = 1.000,  final_loss = 4.3814, nll_loss = 4.2735, ref_nll_loss = 4.4893, ivc_loss = 0.0491, neg_loss_1 = 0.0024, neg_loss_2 = 0.0024, ref_loss = 0.0139, div_loss = 0.0579, 0.469 seconds/batch
2026-04-21 18:29:46,901 - Epoch 19, Batch 150, lr = 0.00005, alpha_2 = 0.200, aux_scale = 1.000,  final_loss = 4.3722, nll_loss = 4.2594, ref_nll_loss = 4.4850, ivc_loss = 0.0487, neg_loss_1 = 0.0017, neg_loss_2 = 0.0039, ref_loss = 0.0128, div_loss = 0.0594, 0.533 seconds/batch
2026-04-21 18:30:19,958 - Epoch 19, Batch 200, lr = 0.00005, alpha_2 = 0.200, aux_scale = 1.000,  final_loss = 4.3823, nll_loss = 4.2725, ref_nll_loss = 4.4921, ivc_loss = 0.0491, neg_loss_1 = 0.0016, neg_loss_2 = 0.0022, ref_loss = 0.0147, div_loss = 0.0612, 0.565 seconds/batch
2026-04-21 18:30:52,970 - Epoch 19, Batch 250, lr = 0.00005, alpha_2 = 0.200, aux_scale = 1.000,  final_loss = 4.3514, nll_loss = 4.2412, ref_nll_loss = 4.4616, ivc_loss = 0.0444, neg_loss_1 = 0.0020, neg_loss_2 = 0.0016, ref_loss = 0.0127, div_loss = 0.0588, 0.584 seconds/batch
2026-04-21 18:31:25,950 - Epoch 19, Batch 300, lr = 0.00005, alpha_2 = 0.200, aux_scale = 1.000,  final_loss = 4.3417, nll_loss = 4.2278, ref_nll_loss = 4.4556, ivc_loss = 0.0463, neg_loss_1 = 0.0030, neg_loss_2 = 0.0025, ref_loss = 0.0118, div_loss = 0.0584, 0.597 seconds/batch
2026-04-21 18:31:58,953 - Epoch 19, Batch 350, lr = 0.00005, alpha_2 = 0.200, aux_scale = 1.000,  final_loss = 4.3935, nll_loss = 4.2832, ref_nll_loss = 4.5039, ivc_loss = 0.0469, neg_loss_1 = 0.0018, neg_loss_2 = 0.0028, ref_loss = 0.0131, div_loss = 0.0573, 0.606 seconds/batch
2026-04-21 18:32:31,918 - Epoch 19, Batch 400, lr = 0.00005, alpha_2 = 0.200, aux_scale = 1.000,  final_loss = 4.3639, nll_loss = 4.2518, ref_nll_loss = 4.4761, ivc_loss = 0.0490, neg_loss_1 = 0.0029, neg_loss_2 = 0.0021, ref_loss = 0.0136, div_loss = 0.0592, 0.612 seconds/batch
2026-04-21 18:33:04,923 - Epoch 19, Batch 450, lr = 0.00005, alpha_2 = 0.200, aux_scale = 1.000,  final_loss = 4.3959, nll_loss = 4.2841, ref_nll_loss = 4.5077, ivc_loss = 0.0472, neg_loss_1 = 0.0022, neg_loss_2 = 0.0023, ref_loss = 0.0133, div_loss = 0.0595, 0.618 seconds/batch
2026-04-21 18:33:37,914 - Epoch 19, Batch 500, lr = 0.00005, alpha_2 = 0.200, aux_scale = 1.000,  final_loss = 4.4044, nll_loss = 4.2959, ref_nll_loss = 4.5130, ivc_loss = 0.0476, neg_loss_1 = 0.0022, neg_loss_2 = 0.0025, ref_loss = 0.0130, div_loss = 0.0621, 0.622 seconds/batch
2026-04-21 18:34:10,925 - Epoch 19, Batch 550, lr = 0.00005, alpha_2 = 0.200, aux_scale = 1.000,  final_loss = 4.3656, nll_loss = 4.2517, ref_nll_loss = 4.4795, ivc_loss = 0.0478, neg_loss_1 = 0.0036, neg_loss_2 = 0.0019, ref_loss = 0.0123, div_loss = 0.0618, 0.625 seconds/batch
2026-04-21 18:34:43,922 - Epoch 19, Batch 600, lr = 0.00005, alpha_2 = 0.200, aux_scale = 1.000,  final_loss = 4.3847, nll_loss = 4.2711, ref_nll_loss = 4.4983, ivc_loss = 0.0458, neg_loss_1 = 0.0024, neg_loss_2 = 0.0017, ref_loss = 0.0127, div_loss = 0.0613, 0.628 seconds/batch
2026-04-21 18:35:16,918 - Epoch 19, Batch 650, lr = 0.00005, alpha_2 = 0.200, aux_scale = 1.000,  final_loss = 4.3465, nll_loss = 4.2374, ref_nll_loss = 4.4556, ivc_loss = 0.0467, neg_loss_1 = 0.0019, neg_loss_2 = 0.0020, ref_loss = 0.0134, div_loss = 0.0603, 0.631 seconds/batch
2026-04-21 18:35:49,925 - Epoch 19, Batch 700, lr = 0.00005, alpha_2 = 0.200, aux_scale = 1.000,  final_loss = 4.3456, nll_loss = 4.2343, ref_nll_loss = 4.4570, ivc_loss = 0.0455, neg_loss_1 = 0.0025, neg_loss_2 = 0.0016, ref_loss = 0.0127, div_loss = 0.0601, 0.633 seconds/batch
2026-04-21 18:36:22,918 - Epoch 19, Batch 750, lr = 0.00005, alpha_2 = 0.200, aux_scale = 1.000,  final_loss = 4.3667, nll_loss = 4.2535, ref_nll_loss = 4.4800, ivc_loss = 0.0443, neg_loss_1 = 0.0028, neg_loss_2 = 0.0025, ref_loss = 0.0112, div_loss = 0.0564, 0.635 seconds/batch
2026-04-21 18:36:55,756 - Epoch 19, Batch 800, lr = 0.00005, alpha_2 = 0.200, aux_scale = 1.000,  final_loss = 4.3838, nll_loss = 4.2720, ref_nll_loss = 4.4957, ivc_loss = 0.0462, neg_loss_1 = 0.0026, neg_loss_2 = 0.0017, ref_loss = 0.0132, div_loss = 0.0567, 0.636 seconds/batch
2026-04-21 18:37:28,736 - Epoch 19, Batch 850, lr = 0.00005, alpha_2 = 0.200, aux_scale = 1.000,  final_loss = 4.3721, nll_loss = 4.2603, ref_nll_loss = 4.4839, ivc_loss = 0.0479, neg_loss_1 = 0.0027, neg_loss_2 = 0.0024, ref_loss = 0.0131, div_loss = 0.0575, 0.637 seconds/batch
2026-04-21 18:38:01,710 - Epoch 19, Batch 900, lr = 0.00005, alpha_2 = 0.200, aux_scale = 1.000,  final_loss = 4.3793, nll_loss = 4.2633, ref_nll_loss = 4.4952, ivc_loss = 0.0454, neg_loss_1 = 0.0024, neg_loss_2 = 0.0020, ref_loss = 0.0124, div_loss = 0.0588, 0.639 seconds/batch
2026-04-21 18:38:34,678 - Epoch 19, Batch 950, lr = 0.00005, alpha_2 = 0.200, aux_scale = 1.000,  final_loss = 4.3846, nll_loss = 4.2719, ref_nll_loss = 4.4974, ivc_loss = 0.0472, neg_loss_1 = 0.0016, neg_loss_2 = 0.0022, ref_loss = 0.0135, div_loss = 0.0638, 0.640 seconds/batch
2026-04-21 18:39:07,661 - Epoch 19, Batch 1000, lr = 0.00005, alpha_2 = 0.200, aux_scale = 1.000,  final_loss = 4.3842, nll_loss = 4.2678, ref_nll_loss = 4.5006, ivc_loss = 0.0473, neg_loss_1 = 0.0022, neg_loss_2 = 0.0020, ref_loss = 0.0132, div_loss = 0.0631, 0.641 seconds/batch
2026-04-21 18:39:40,659 - Epoch 19, Batch 1050, lr = 0.00005, alpha_2 = 0.200, aux_scale = 1.000,  final_loss = 4.3739, nll_loss = 4.2610, ref_nll_loss = 4.4868, ivc_loss = 0.0500, neg_loss_1 = 0.0032, neg_loss_2 = 0.0024, ref_loss = 0.0132, div_loss = 0.0626, 0.642 seconds/batch
2026-04-21 18:40:13,641 - Epoch 19, Batch 1100, lr = 0.00005, alpha_2 = 0.200, aux_scale = 1.000,  final_loss = 4.3882, nll_loss = 4.2770, ref_nll_loss = 4.4993, ivc_loss = 0.0475, neg_loss_1 = 0.0023, neg_loss_2 = 0.0019, ref_loss = 0.0135, div_loss = 0.0602, 0.642 seconds/batch
2026-04-21 18:40:46,637 - Epoch 19, Batch 1150, lr = 0.00005, alpha_2 = 0.200, aux_scale = 1.000,  final_loss = 4.3783, nll_loss = 4.2631, ref_nll_loss = 4.4934, ivc_loss = 0.0482, neg_loss_1 = 0.0022, neg_loss_2 = 0.0030, ref_loss = 0.0128, div_loss = 0.0613, 0.643 seconds/batch
2026-04-21 18:40:59,690 - Epoch 19, Batch 1170, lr = 0.00005, alpha_2 = 0.200, aux_scale = 1.000,  final_loss = 4.4323, nll_loss = 4.3209, ref_nll_loss = 4.5438, ivc_loss = 0.0485, neg_loss_1 = 0.0015, neg_loss_2 = 0.0027, ref_loss = 0.0142, div_loss = 0.0590, 0.643 seconds/batch
2026-04-21 18:40:59,767 - save model to checkpoints/activitynet_moe_v2_staged_alpha/moe_v2_staged_alpha/model-19.pt, num_updates 22230.
2026-04-21 18:43:25,550 - | R@1,mIoU 0.3356 | R@1,IoU@0.1 0.7951 | R@1,IoU@0.3 0.4606 | R@1,IoU@0.5 0.2660 | R@1,IoU@0.7 0.1265 | R@1,IoU@0.9 0.0275 | R@5,mIoU 0.5068 | R@5,IoU@0.1 0.9133 | R@5,IoU@0.3 0.7168 | R@5,IoU@0.5 0.5299 | R@5,IoU@0.7 0.2933 | R@5,IoU@0.9 0.0783 |
2026-04-21 18:43:25,551 - ============================================================
2026-04-21 18:43:25,551 - Start Epoch 20
2026-04-21 18:43:44,580 - Epoch 20, Batch 50, lr = 0.00005, alpha_2 = 0.200, aux_scale = 1.000,  final_loss = 4.3659, nll_loss = 4.2550, ref_nll_loss = 4.4769, ivc_loss = 0.0497, neg_loss_1 = 0.0031, neg_loss_2 = 0.0025, ref_loss = 0.0131, div_loss = 0.0610, 0.381 seconds/batch
2026-04-21 18:44:12,118 - Epoch 20, Batch 100, lr = 0.00005, alpha_2 = 0.200, aux_scale = 1.000,  final_loss = 4.3223, nll_loss = 4.2084, ref_nll_loss = 4.4362, ivc_loss = 0.0497, neg_loss_1 = 0.0026, neg_loss_2 = 0.0025, ref_loss = 0.0132, div_loss = 0.0645, 0.466 seconds/batch
2026-04-21 18:44:45,097 - Epoch 20, Batch 150, lr = 0.00005, alpha_2 = 0.200, aux_scale = 1.000,  final_loss = 4.3704, nll_loss = 4.2583, ref_nll_loss = 4.4824, ivc_loss = 0.0471, neg_loss_1 = 0.0021, neg_loss_2 = 0.0023, ref_loss = 0.0129, div_loss = 0.0618, 0.530 seconds/batch
2026-04-21 18:45:18,077 - Epoch 20, Batch 200, lr = 0.00005, alpha_2 = 0.200, aux_scale = 1.000,  final_loss = 4.3013, nll_loss = 4.1884, ref_nll_loss = 4.4141, ivc_loss = 0.0447, neg_loss_1 = 0.0016, neg_loss_2 = 0.0027, ref_loss = 0.0120, div_loss = 0.0605, 0.563 seconds/batch
2026-04-21 18:45:51,088 - Epoch 20, Batch 250, lr = 0.00005, alpha_2 = 0.200, aux_scale = 1.000,  final_loss = 4.3764, nll_loss = 4.2611, ref_nll_loss = 4.4917, ivc_loss = 0.0453, neg_loss_1 = 0.0031, neg_loss_2 = 0.0021, ref_loss = 0.0117, div_loss = 0.0574, 0.582 seconds/batch
2026-04-21 18:46:24,072 - Epoch 20, Batch 300, lr = 0.00005, alpha_2 = 0.200, aux_scale = 1.000,  final_loss = 4.3509, nll_loss = 4.2385, ref_nll_loss = 4.4633, ivc_loss = 0.0499, neg_loss_1 = 0.0020, neg_loss_2 = 0.0030, ref_loss = 0.0142, div_loss = 0.0570, 0.595 seconds/batch
2026-04-21 18:46:57,059 - Epoch 20, Batch 350, lr = 0.00005, alpha_2 = 0.200, aux_scale = 1.000,  final_loss = 4.3588, nll_loss = 4.2427, ref_nll_loss = 4.4750, ivc_loss = 0.0437, neg_loss_1 = 0.0020, neg_loss_2 = 0.0016, ref_loss = 0.0123, div_loss = 0.0598, 0.604 seconds/batch
2026-04-21 18:47:30,052 - Epoch 20, Batch 400, lr = 0.00005, alpha_2 = 0.200, aux_scale = 1.000,  final_loss = 4.3406, nll_loss = 4.2256, ref_nll_loss = 4.4556, ivc_loss = 0.0451, neg_loss_1 = 0.0026, neg_loss_2 = 0.0018, ref_loss = 0.0124, div_loss = 0.0583, 0.611 seconds/batch
2026-04-21 18:48:03,053 - Epoch 20, Batch 450, lr = 0.00005, alpha_2 = 0.200, aux_scale = 1.000,  final_loss = 4.3418, nll_loss = 4.2287, ref_nll_loss = 4.4550, ivc_loss = 0.0444, neg_loss_1 = 0.0014, neg_loss_2 = 0.0027, ref_loss = 0.0122, div_loss = 0.0590, 0.617 seconds/batch
2026-04-21 18:48:36,078 - Epoch 20, Batch 500, lr = 0.00005, alpha_2 = 0.200, aux_scale = 1.000,  final_loss = 4.3696, nll_loss = 4.2553, ref_nll_loss = 4.4839, ivc_loss = 0.0430, neg_loss_1 = 0.0016, neg_loss_2 = 0.0018, ref_loss = 0.0119, div_loss = 0.0624, 0.621 seconds/batch
2026-04-21 18:49:09,073 - Epoch 20, Batch 550, lr = 0.00005, alpha_2 = 0.200, aux_scale = 1.000,  final_loss = 4.3708, nll_loss = 4.2544, ref_nll_loss = 4.4871, ivc_loss = 0.0410, neg_loss_1 = 0.0015, neg_loss_2 = 0.0026, ref_loss = 0.0107, div_loss = 0.0573, 0.625 seconds/batch
2026-04-21 18:49:42,066 - Epoch 20, Batch 600, lr = 0.00005, alpha_2 = 0.200, aux_scale = 1.000,  final_loss = 4.3706, nll_loss = 4.2579, ref_nll_loss = 4.4834, ivc_loss = 0.0462, neg_loss_1 = 0.0023, neg_loss_2 = 0.0018, ref_loss = 0.0131, div_loss = 0.0586, 0.628 seconds/batch
2026-04-21 18:50:15,057 - Epoch 20, Batch 650, lr = 0.00005, alpha_2 = 0.200, aux_scale = 1.000,  final_loss = 4.3671, nll_loss = 4.2549, ref_nll_loss = 4.4793, ivc_loss = 0.0483, neg_loss_1 = 0.0031, neg_loss_2 = 0.0025, ref_loss = 0.0127, div_loss = 0.0588, 0.630 seconds/batch
2026-04-21 18:50:48,041 - Epoch 20, Batch 700, lr = 0.00005, alpha_2 = 0.200, aux_scale = 1.000,  final_loss = 4.3638, nll_loss = 4.2525, ref_nll_loss = 4.4752, ivc_loss = 0.0414, neg_loss_1 = 0.0022, neg_loss_2 = 0.0016, ref_loss = 0.0110, div_loss = 0.0599, 0.632 seconds/batch
2026-04-21 18:51:21,025 - Epoch 20, Batch 750, lr = 0.00005, alpha_2 = 0.200, aux_scale = 1.000,  final_loss = 4.3574, nll_loss = 4.2432, ref_nll_loss = 4.4717, ivc_loss = 0.0474, neg_loss_1 = 0.0033, neg_loss_2 = 0.0021, ref_loss = 0.0125, div_loss = 0.0577, 0.634 seconds/batch
2026-04-21 18:51:54,035 - Epoch 20, Batch 800, lr = 0.00005, alpha_2 = 0.200, aux_scale = 1.000,  final_loss = 4.3431, nll_loss = 4.2253, ref_nll_loss = 4.4608, ivc_loss = 0.0417, neg_loss_1 = 0.0024, neg_loss_2 = 0.0020, ref_loss = 0.0106, div_loss = 0.0590, 0.636 seconds/batch
2026-04-21 18:52:27,039 - Epoch 20, Batch 850, lr = 0.00005, alpha_2 = 0.200, aux_scale = 1.000,  final_loss = 4.3534, nll_loss = 4.2379, ref_nll_loss = 4.4689, ivc_loss = 0.0456, neg_loss_1 = 0.0028, neg_loss_2 = 0.0025, ref_loss = 0.0118, div_loss = 0.0574, 0.637 seconds/batch
2026-04-21 18:53:00,050 - Epoch 20, Batch 900, lr = 0.00005, alpha_2 = 0.200, aux_scale = 1.000,  final_loss = 4.3290, nll_loss = 4.2155, ref_nll_loss = 4.4425, ivc_loss = 0.0434, neg_loss_1 = 0.0017, neg_loss_2 = 0.0017, ref_loss = 0.0123, div_loss = 0.0595, 0.638 seconds/batch
2026-04-21 18:53:33,067 - Epoch 20, Batch 950, lr = 0.00005, alpha_2 = 0.200, aux_scale = 1.000,  final_loss = 4.3556, nll_loss = 4.2411, ref_nll_loss = 4.4701, ivc_loss = 0.0473, neg_loss_1 = 0.0028, neg_loss_2 = 0.0015, ref_loss = 0.0137, div_loss = 0.0567, 0.639 seconds/batch
2026-04-21 18:54:05,650 - Epoch 20, Batch 1000, lr = 0.00005, alpha_2 = 0.200, aux_scale = 1.000,  final_loss = 4.3482, nll_loss = 4.2341, ref_nll_loss = 4.4622, ivc_loss = 0.0408, neg_loss_1 = 0.0020, neg_loss_2 = 0.0023, ref_loss = 0.0104, div_loss = 0.0571, 0.640 seconds/batch
2026-04-21 18:54:38,629 - Epoch 20, Batch 1050, lr = 0.00005, alpha_2 = 0.200, aux_scale = 1.000,  final_loss = 4.3655, nll_loss = 4.2509, ref_nll_loss = 4.4800, ivc_loss = 0.0461, neg_loss_1 = 0.0020, neg_loss_2 = 0.0023, ref_loss = 0.0128, div_loss = 0.0597, 0.641 seconds/batch
2026-04-21 18:55:11,584 - Epoch 20, Batch 1100, lr = 0.00005, alpha_2 = 0.200, aux_scale = 1.000,  final_loss = 4.3692, nll_loss = 4.2591, ref_nll_loss = 4.4794, ivc_loss = 0.0497, neg_loss_1 = 0.0021, neg_loss_2 = 0.0019, ref_loss = 0.0149, div_loss = 0.0599, 0.642 seconds/batch
2026-04-21 18:55:44,584 - Epoch 20, Batch 1150, lr = 0.00005, alpha_2 = 0.200, aux_scale = 1.000,  final_loss = 4.3529, nll_loss = 4.2422, ref_nll_loss = 4.4636, ivc_loss = 0.0470, neg_loss_1 = 0.0017, neg_loss_2 = 0.0031, ref_loss = 0.0129, div_loss = 0.0580, 0.643 seconds/batch
2026-04-21 18:55:57,504 - Epoch 20, Batch 1170, lr = 0.00005, alpha_2 = 0.200, aux_scale = 1.000,  final_loss = 4.3985, nll_loss = 4.2881, ref_nll_loss = 4.5090, ivc_loss = 0.0553, neg_loss_1 = 0.0033, neg_loss_2 = 0.0037, ref_loss = 0.0146, div_loss = 0.0598, 0.643 seconds/batch
2026-04-21 18:55:57,580 - save model to checkpoints/activitynet_moe_v2_staged_alpha/moe_v2_staged_alpha/model-20.pt, num_updates 23400.
2026-04-21 18:58:24,179 - | R@1,mIoU 0.3348 | R@1,IoU@0.1 0.7995 | R@1,IoU@0.3 0.4549 | R@1,IoU@0.5 0.2597 | R@1,IoU@0.7 0.1286 | R@1,IoU@0.9 0.0241 | R@5,mIoU 0.4925 | R@5,IoU@0.1 0.9100 | R@5,IoU@0.3 0.7066 | R@5,IoU@0.5 0.5045 | R@5,IoU@0.7 0.2700 | R@5,IoU@0.9 0.0676 |
2026-04-21 18:58:24,179 - ============================================================
2026-04-21 18:58:24,179 - Start Epoch 21
2026-04-21 18:58:43,369 - Epoch 21, Batch 50, lr = 0.00005, alpha_2 = 0.200, aux_scale = 1.000,  final_loss = 4.3133, nll_loss = 4.2017, ref_nll_loss = 4.4249, ivc_loss = 0.0514, neg_loss_1 = 0.0027, neg_loss_2 = 0.0029, ref_loss = 0.0140, div_loss = 0.0611, 0.384 seconds/batch
2026-04-21 18:59:10,445 - Epoch 21, Batch 100, lr = 0.00005, alpha_2 = 0.200, aux_scale = 1.000,  final_loss = 4.3209, nll_loss = 4.2033, ref_nll_loss = 4.4385, ivc_loss = 0.0461, neg_loss_1 = 0.0026, neg_loss_2 = 0.0017, ref_loss = 0.0126, div_loss = 0.0614, 0.463 seconds/batch
2026-04-21 18:59:43,235 - Epoch 21, Batch 150, lr = 0.00005, alpha_2 = 0.200, aux_scale = 1.000,  final_loss = 4.3450, nll_loss = 4.2346, ref_nll_loss = 4.4554, ivc_loss = 0.0451, neg_loss_1 = 0.0020, neg_loss_2 = 0.0016, ref_loss = 0.0130, div_loss = 0.0595, 0.527 seconds/batch
2026-04-21 19:00:16,220 - Epoch 21, Batch 200, lr = 0.00005, alpha_2 = 0.200, aux_scale = 1.000,  final_loss = 4.3269, nll_loss = 4.2148, ref_nll_loss = 4.4390, ivc_loss = 0.0452, neg_loss_1 = 0.0026, neg_loss_2 = 0.0018, ref_loss = 0.0124, div_loss = 0.0587, 0.560 seconds/batch
2026-04-21 19:00:49,197 - Epoch 21, Batch 250, lr = 0.00005, alpha_2 = 0.200, aux_scale = 1.000,  final_loss = 4.3100, nll_loss = 4.1966, ref_nll_loss = 4.4235, ivc_loss = 0.0430, neg_loss_1 = 0.0022, neg_loss_2 = 0.0018, ref_loss = 0.0115, div_loss = 0.0595, 0.580 seconds/batch
2026-04-21 19:01:22,199 - Epoch 21, Batch 300, lr = 0.00005, alpha_2 = 0.200, aux_scale = 1.000,  final_loss = 4.3195, nll_loss = 4.2040, ref_nll_loss = 4.4351, ivc_loss = 0.0432, neg_loss_1 = 0.0016, neg_loss_2 = 0.0017, ref_loss = 0.0121, div_loss = 0.0613, 0.593 seconds/batch
2026-04-21 19:01:55,180 - Epoch 21, Batch 350, lr = 0.00005, alpha_2 = 0.200, aux_scale = 1.000,  final_loss = 4.3618, nll_loss = 4.2475, ref_nll_loss = 4.4760, ivc_loss = 0.0433, neg_loss_1 = 0.0020, neg_loss_2 = 0.0021, ref_loss = 0.0115, div_loss = 0.0602, 0.603 seconds/batch
2026-04-21 19:02:28,168 - Epoch 21, Batch 400, lr = 0.00005, alpha_2 = 0.200, aux_scale = 1.000,  final_loss = 4.3491, nll_loss = 4.2349, ref_nll_loss = 4.4634, ivc_loss = 0.0450, neg_loss_1 = 0.0024, neg_loss_2 = 0.0022, ref_loss = 0.0119, div_loss = 0.0603, 0.610 seconds/batch
2026-04-21 19:03:01,147 - Epoch 21, Batch 450, lr = 0.00005, alpha_2 = 0.200, aux_scale = 1.000,  final_loss = 4.3421, nll_loss = 4.2261, ref_nll_loss = 4.4582, ivc_loss = 0.0471, neg_loss_1 = 0.0019, neg_loss_2 = 0.0018, ref_loss = 0.0136, div_loss = 0.0621, 0.615 seconds/batch
2026-04-21 19:03:34,129 - Epoch 21, Batch 500, lr = 0.00005, alpha_2 = 0.200, aux_scale = 1.000,  final_loss = 4.3381, nll_loss = 4.2242, ref_nll_loss = 4.4520, ivc_loss = 0.0433, neg_loss_1 = 0.0020, neg_loss_2 = 0.0018, ref_loss = 0.0116, div_loss = 0.0623, 0.620 seconds/batch
2026-04-21 19:04:07,120 - Epoch 21, Batch 550, lr = 0.00005, alpha_2 = 0.200, aux_scale = 1.000,  final_loss = 4.3231, nll_loss = 4.2100, ref_nll_loss = 4.4362, ivc_loss = 0.0485, neg_loss_1 = 0.0021, neg_loss_2 = 0.0022, ref_loss = 0.0135, div_loss = 0.0641, 0.624 seconds/batch
2026-04-21 19:04:40,056 - Epoch 21, Batch 600, lr = 0.00005, alpha_2 = 0.200, aux_scale = 1.000,  final_loss = 4.3324, nll_loss = 4.2185, ref_nll_loss = 4.4462, ivc_loss = 0.0447, neg_loss_1 = 0.0021, neg_loss_2 = 0.0017, ref_loss = 0.0122, div_loss = 0.0629, 0.626 seconds/batch
2026-04-21 19:05:13,028 - Epoch 21, Batch 650, lr = 0.00005, alpha_2 = 0.200, aux_scale = 1.000,  final_loss = 4.3091, nll_loss = 4.1975, ref_nll_loss = 4.4206, ivc_loss = 0.0465, neg_loss_1 = 0.0025, neg_loss_2 = 0.0015, ref_loss = 0.0131, div_loss = 0.0621, 0.629 seconds/batch
2026-04-21 19:05:45,947 - Epoch 21, Batch 700, lr = 0.00005, alpha_2 = 0.200, aux_scale = 1.000,  final_loss = 4.3338, nll_loss = 4.2181, ref_nll_loss = 4.4495, ivc_loss = 0.0480, neg_loss_1 = 0.0022, neg_loss_2 = 0.0023, ref_loss = 0.0133, div_loss = 0.0624, 0.631 seconds/batch
2026-04-21 19:06:18,907 - Epoch 21, Batch 750, lr = 0.00005, alpha_2 = 0.200, aux_scale = 1.000,  final_loss = 4.3269, nll_loss = 4.2151, ref_nll_loss = 4.4388, ivc_loss = 0.0523, neg_loss_1 = 0.0031, neg_loss_2 = 0.0029, ref_loss = 0.0138, div_loss = 0.0641, 0.633 seconds/batch
2026-04-21 19:06:51,953 - Epoch 21, Batch 800, lr = 0.00005, alpha_2 = 0.200, aux_scale = 1.000,  final_loss = 4.3563, nll_loss = 4.2440, ref_nll_loss = 4.4686, ivc_loss = 0.0456, neg_loss_1 = 0.0026, neg_loss_2 = 0.0015, ref_loss = 0.0123, div_loss = 0.0648, 0.635 seconds/batch
2026-04-21 19:07:24,909 - Epoch 21, Batch 850, lr = 0.00005, alpha_2 = 0.200, aux_scale = 1.000,  final_loss = 4.3482, nll_loss = 4.2313, ref_nll_loss = 4.4650, ivc_loss = 0.0494, neg_loss_1 = 0.0025, neg_loss_2 = 0.0028, ref_loss = 0.0130, div_loss = 0.0648, 0.636 seconds/batch
2026-04-21 19:07:57,937 - Epoch 21, Batch 900, lr = 0.00005, alpha_2 = 0.200, aux_scale = 1.000,  final_loss = 4.3358, nll_loss = 4.2227, ref_nll_loss = 4.4489, ivc_loss = 0.0482, neg_loss_1 = 0.0027, neg_loss_2 = 0.0021, ref_loss = 0.0131, div_loss = 0.0628, 0.638 seconds/batch
2026-04-21 19:08:30,918 - Epoch 21, Batch 950, lr = 0.00005, alpha_2 = 0.200, aux_scale = 1.000,  final_loss = 4.3588, nll_loss = 4.2459, ref_nll_loss = 4.4717, ivc_loss = 0.0455, neg_loss_1 = 0.0024, neg_loss_2 = 0.0019, ref_loss = 0.0125, div_loss = 0.0589, 0.639 seconds/batch
2026-04-21 19:09:03,909 - Epoch 21, Batch 1000, lr = 0.00005, alpha_2 = 0.200, aux_scale = 1.000,  final_loss = 4.3787, nll_loss = 4.2630, ref_nll_loss = 4.4944, ivc_loss = 0.0450, neg_loss_1 = 0.0018, neg_loss_2 = 0.0023, ref_loss = 0.0123, div_loss = 0.0616, 0.640 seconds/batch
2026-04-21 19:09:36,902 - Epoch 21, Batch 1050, lr = 0.00005, alpha_2 = 0.200, aux_scale = 1.000,  final_loss = 4.3316, nll_loss = 4.2151, ref_nll_loss = 4.4481, ivc_loss = 0.0453, neg_loss_1 = 0.0026, neg_loss_2 = 0.0019, ref_loss = 0.0118, div_loss = 0.0629, 0.641 seconds/batch
2026-04-21 19:10:09,862 - Epoch 21, Batch 1100, lr = 0.00005, alpha_2 = 0.200, aux_scale = 1.000,  final_loss = 4.3632, nll_loss = 4.2515, ref_nll_loss = 4.4750, ivc_loss = 0.0454, neg_loss_1 = 0.0026, neg_loss_2 = 0.0020, ref_loss = 0.0121, div_loss = 0.0594, 0.642 seconds/batch
2026-04-21 19:10:42,813 - Epoch 21, Batch 1150, lr = 0.00005, alpha_2 = 0.200, aux_scale = 1.000,  final_loss = 4.3186, nll_loss = 4.2043, ref_nll_loss = 4.4329, ivc_loss = 0.0476, neg_loss_1 = 0.0020, neg_loss_2 = 0.0022, ref_loss = 0.0131, div_loss = 0.0645, 0.642 seconds/batch
2026-04-21 19:10:55,855 - Epoch 21, Batch 1170, lr = 0.00005, alpha_2 = 0.200, aux_scale = 1.000,  final_loss = 4.3316, nll_loss = 4.2144, ref_nll_loss = 4.4487, ivc_loss = 0.0470, neg_loss_1 = 0.0023, neg_loss_2 = 0.0036, ref_loss = 0.0115, div_loss = 0.0620, 0.642 seconds/batch
2026-04-21 19:10:55,931 - save model to checkpoints/activitynet_moe_v2_staged_alpha/moe_v2_staged_alpha/model-21.pt, num_updates 24570.
2026-04-21 19:13:22,622 - | R@1,mIoU 0.3369 | R@1,IoU@0.1 0.8040 | R@1,IoU@0.3 0.4616 | R@1,IoU@0.5 0.2564 | R@1,IoU@0.7 0.1258 | R@1,IoU@0.9 0.0349 | R@5,mIoU 0.4893 | R@5,IoU@0.1 0.9049 | R@5,IoU@0.3 0.6987 | R@5,IoU@0.5 0.4987 | R@5,IoU@0.7 0.2677 | R@5,IoU@0.9 0.0742 |
2026-04-21 19:13:22,622 - ============================================================
2026-04-21 19:13:22,622 - Start Epoch 22
2026-04-21 19:13:41,814 - Epoch 22, Batch 50, lr = 0.00005, alpha_2 = 0.200, aux_scale = 1.000,  final_loss = 4.3262, nll_loss = 4.2100, ref_nll_loss = 4.4424, ivc_loss = 0.0427, neg_loss_1 = 0.0027, neg_loss_2 = 0.0020, ref_loss = 0.0104, div_loss = 0.0631, 0.384 seconds/batch
2026-04-21 19:14:08,989 - Epoch 22, Batch 100, lr = 0.00005, alpha_2 = 0.200, aux_scale = 1.000,  final_loss = 4.3062, nll_loss = 4.1924, ref_nll_loss = 4.4200, ivc_loss = 0.0444, neg_loss_1 = 0.0017, neg_loss_2 = 0.0013, ref_loss = 0.0129, div_loss = 0.0620, 0.464 seconds/batch
2026-04-21 19:14:41,861 - Epoch 22, Batch 150, lr = 0.00005, alpha_2 = 0.200, aux_scale = 1.000,  final_loss = 4.2905, nll_loss = 4.1677, ref_nll_loss = 4.4133, ivc_loss = 0.0371, neg_loss_1 = 0.0025, neg_loss_2 = 0.0007, ref_loss = 0.0090, div_loss = 0.0627, 0.528 seconds/batch
2026-04-21 19:15:14,853 - Epoch 22, Batch 200, lr = 0.00005, alpha_2 = 0.200, aux_scale = 1.000,  final_loss = 4.3054, nll_loss = 4.1882, ref_nll_loss = 4.4226, ivc_loss = 0.0452, neg_loss_1 = 0.0017, neg_loss_2 = 0.0026, ref_loss = 0.0121, div_loss = 0.0618, 0.561 seconds/batch
2026-04-21 19:15:47,849 - Epoch 22, Batch 250, lr = 0.00005, alpha_2 = 0.200, aux_scale = 1.000,  final_loss = 4.3385, nll_loss = 4.2265, ref_nll_loss = 4.4505, ivc_loss = 0.0431, neg_loss_1 = 0.0015, neg_loss_2 = 0.0016, ref_loss = 0.0124, div_loss = 0.0611, 0.581 seconds/batch
2026-04-21 19:16:20,659 - Epoch 22, Batch 300, lr = 0.00005, alpha_2 = 0.200, aux_scale = 1.000,  final_loss = 4.3353, nll_loss = 4.2233, ref_nll_loss = 4.4473, ivc_loss = 0.0491, neg_loss_1 = 0.0032, neg_loss_2 = 0.0017, ref_loss = 0.0135, div_loss = 0.0614, 0.593 seconds/batch
2026-04-21 19:16:53,559 - Epoch 22, Batch 350, lr = 0.00005, alpha_2 = 0.200, aux_scale = 1.000,  final_loss = 4.2863, nll_loss = 4.1719, ref_nll_loss = 4.4008, ivc_loss = 0.0458, neg_loss_1 = 0.0019, neg_loss_2 = 0.0016, ref_loss = 0.0132, div_loss = 0.0622, 0.603 seconds/batch
2026-04-21 19:17:26,500 - Epoch 22, Batch 400, lr = 0.00005, alpha_2 = 0.200, aux_scale = 1.000,  final_loss = 4.3019, nll_loss = 4.1895, ref_nll_loss = 4.4142, ivc_loss = 0.0448, neg_loss_1 = 0.0020, neg_loss_2 = 0.0013, ref_loss = 0.0130, div_loss = 0.0612, 0.610 seconds/batch
2026-04-21 19:17:59,458 - Epoch 22, Batch 450, lr = 0.00005, alpha_2 = 0.200, aux_scale = 1.000,  final_loss = 4.3359, nll_loss = 4.2220, ref_nll_loss = 4.4497, ivc_loss = 0.0500, neg_loss_1 = 0.0023, neg_loss_2 = 0.0028, ref_loss = 0.0137, div_loss = 0.0618, 0.615 seconds/batch
2026-04-21 19:18:32,452 - Epoch 22, Batch 500, lr = 0.00005, alpha_2 = 0.200, aux_scale = 1.000,  final_loss = 4.3061, nll_loss = 4.1909, ref_nll_loss = 4.4213, ivc_loss = 0.0439, neg_loss_1 = 0.0019, neg_loss_2 = 0.0019, ref_loss = 0.0122, div_loss = 0.0598, 0.620 seconds/batch
2026-04-21 19:19:05,470 - Epoch 22, Batch 550, lr = 0.00005, alpha_2 = 0.200, aux_scale = 1.000,  final_loss = 4.2974, nll_loss = 4.1799, ref_nll_loss = 4.4149, ivc_loss = 0.0499, neg_loss_1 = 0.0029, neg_loss_2 = 0.0023, ref_loss = 0.0137, div_loss = 0.0607, 0.623 seconds/batch
2026-04-21 19:19:38,480 - Epoch 22, Batch 600, lr = 0.00005, alpha_2 = 0.200, aux_scale = 1.000,  final_loss = 4.3319, nll_loss = 4.2175, ref_nll_loss = 4.4462, ivc_loss = 0.0459, neg_loss_1 = 0.0020, neg_loss_2 = 0.0019, ref_loss = 0.0129, div_loss = 0.0615, 0.626 seconds/batch
2026-04-21 19:20:11,505 - Epoch 22, Batch 650, lr = 0.00005, alpha_2 = 0.200, aux_scale = 1.000,  final_loss = 4.3491, nll_loss = 4.2338, ref_nll_loss = 4.4644, ivc_loss = 0.0428, neg_loss_1 = 0.0023, neg_loss_2 = 0.0015, ref_loss = 0.0116, div_loss = 0.0603, 0.629 seconds/batch
2026-04-21 19:20:44,480 - Epoch 22, Batch 700, lr = 0.00005, alpha_2 = 0.200, aux_scale = 1.000,  final_loss = 4.3568, nll_loss = 4.2453, ref_nll_loss = 4.4683, ivc_loss = 0.0493, neg_loss_1 = 0.0018, neg_loss_2 = 0.0022, ref_loss = 0.0147, div_loss = 0.0595, 0.631 seconds/batch
2026-04-21 19:21:17,492 - Epoch 22, Batch 750, lr = 0.00005, alpha_2 = 0.200, aux_scale = 1.000,  final_loss = 4.3068, nll_loss = 4.1908, ref_nll_loss = 4.4228, ivc_loss = 0.0433, neg_loss_1 = 0.0016, neg_loss_2 = 0.0013, ref_loss = 0.0126, div_loss = 0.0615, 0.633 seconds/batch
2026-04-21 19:21:50,496 - Epoch 22, Batch 800, lr = 0.00005, alpha_2 = 0.200, aux_scale = 1.000,  final_loss = 4.3014, nll_loss = 4.1863, ref_nll_loss = 4.4166, ivc_loss = 0.0474, neg_loss_1 = 0.0033, neg_loss_2 = 0.0018, ref_loss = 0.0125, div_loss = 0.0606, 0.635 seconds/batch
2026-04-21 19:22:23,526 - Epoch 22, Batch 850, lr = 0.00005, alpha_2 = 0.200, aux_scale = 1.000,  final_loss = 4.3251, nll_loss = 4.2111, ref_nll_loss = 4.4390, ivc_loss = 0.0453, neg_loss_1 = 0.0019, neg_loss_2 = 0.0014, ref_loss = 0.0132, div_loss = 0.0618, 0.636 seconds/batch
2026-04-21 19:22:56,536 - Epoch 22, Batch 900, lr = 0.00005, alpha_2 = 0.200, aux_scale = 1.000,  final_loss = 4.3059, nll_loss = 4.1938, ref_nll_loss = 4.4181, ivc_loss = 0.0444, neg_loss_1 = 0.0019, neg_loss_2 = 0.0013, ref_loss = 0.0129, div_loss = 0.0610, 0.638 seconds/batch
2026-04-21 19:23:29,529 - Epoch 22, Batch 950, lr = 0.00005, alpha_2 = 0.200, aux_scale = 1.000,  final_loss = 4.2884, nll_loss = 4.1756, ref_nll_loss = 4.4012, ivc_loss = 0.0515, neg_loss_1 = 0.0037, neg_loss_2 = 0.0019, ref_loss = 0.0139, div_loss = 0.0629, 0.639 seconds/batch
2026-04-21 19:24:02,508 - Epoch 22, Batch 1000, lr = 0.00005, alpha_2 = 0.200, aux_scale = 1.000,  final_loss = 4.3201, nll_loss = 4.2061, ref_nll_loss = 4.4341, ivc_loss = 0.0452, neg_loss_1 = 0.0023, neg_loss_2 = 0.0022, ref_loss = 0.0119, div_loss = 0.0617, 0.640 seconds/batch
2026-04-21 19:24:35,479 - Epoch 22, Batch 1050, lr = 0.00005, alpha_2 = 0.200, aux_scale = 1.000,  final_loss = 4.3410, nll_loss = 4.2272, ref_nll_loss = 4.4549, ivc_loss = 0.0464, neg_loss_1 = 0.0019, neg_loss_2 = 0.0024, ref_loss = 0.0127, div_loss = 0.0624, 0.641 seconds/batch
2026-04-21 19:25:08,453 - Epoch 22, Batch 1100, lr = 0.00005, alpha_2 = 0.200, aux_scale = 1.000,  final_loss = 4.3524, nll_loss = 4.2380, ref_nll_loss = 4.4667, ivc_loss = 0.0466, neg_loss_1 = 0.0026, neg_loss_2 = 0.0022, ref_loss = 0.0123, div_loss = 0.0623, 0.642 seconds/batch
2026-04-21 19:25:41,399 - Epoch 22, Batch 1150, lr = 0.00005, alpha_2 = 0.200, aux_scale = 1.000,  final_loss = 4.3289, nll_loss = 4.2164, ref_nll_loss = 4.4413, ivc_loss = 0.0477, neg_loss_1 = 0.0023, neg_loss_2 = 0.0020, ref_loss = 0.0136, div_loss = 0.0597, 0.642 seconds/batch
2026-04-21 19:25:54,450 - Epoch 22, Batch 1170, lr = 0.00005, alpha_2 = 0.200, aux_scale = 1.000,  final_loss = 4.3322, nll_loss = 4.2199, ref_nll_loss = 4.4444, ivc_loss = 0.0446, neg_loss_1 = 0.0013, neg_loss_2 = 0.0006, ref_loss = 0.0145, div_loss = 0.0584, 0.643 seconds/batch
2026-04-21 19:25:54,528 - save model to checkpoints/activitynet_moe_v2_staged_alpha/moe_v2_staged_alpha/model-22.pt, num_updates 25740.
2026-04-21 19:28:21,183 - | R@1,mIoU 0.3353 | R@1,IoU@0.1 0.8024 | R@1,IoU@0.3 0.4555 | R@1,IoU@0.5 0.2497 | R@1,IoU@0.7 0.1284 | R@1,IoU@0.9 0.0323 | R@5,mIoU 0.4921 | R@5,IoU@0.1 0.9065 | R@5,IoU@0.3 0.7015 | R@5,IoU@0.5 0.5027 | R@5,IoU@0.7 0.2702 | R@5,IoU@0.9 0.0755 |
2026-04-21 19:28:21,183 - ============================================================
2026-04-21 19:28:21,183 - Start Epoch 23
2026-04-21 19:28:40,318 - Epoch 23, Batch 50, lr = 0.00005, alpha_2 = 0.200, aux_scale = 1.000,  final_loss = 4.3022, nll_loss = 4.1925, ref_nll_loss = 4.4118, ivc_loss = 0.0517, neg_loss_1 = 0.0030, neg_loss_2 = 0.0021, ref_loss = 0.0148, div_loss = 0.0606, 0.383 seconds/batch
2026-04-21 19:29:07,671 - Epoch 23, Batch 100, lr = 0.00005, alpha_2 = 0.200, aux_scale = 1.000,  final_loss = 4.2855, nll_loss = 4.1742, ref_nll_loss = 4.3969, ivc_loss = 0.0452, neg_loss_1 = 0.0023, neg_loss_2 = 0.0015, ref_loss = 0.0130, div_loss = 0.0585, 0.465 seconds/batch
2026-04-21 19:29:40,619 - Epoch 23, Batch 150, lr = 0.00005, alpha_2 = 0.200, aux_scale = 1.000,  final_loss = 4.3030, nll_loss = 4.1872, ref_nll_loss = 4.4188, ivc_loss = 0.0437, neg_loss_1 = 0.0022, neg_loss_2 = 0.0020, ref_loss = 0.0119, div_loss = 0.0575, 0.530 seconds/batch
2026-04-21 19:30:13,581 - Epoch 23, Batch 200, lr = 0.00005, alpha_2 = 0.200, aux_scale = 1.000,  final_loss = 4.2782, nll_loss = 4.1611, ref_nll_loss = 4.3954, ivc_loss = 0.0433, neg_loss_1 = 0.0028, neg_loss_2 = 0.0018, ref_loss = 0.0113, div_loss = 0.0585, 0.562 seconds/batch
2026-04-21 19:30:46,558 - Epoch 23, Batch 250, lr = 0.00005, alpha_2 = 0.200, aux_scale = 1.000,  final_loss = 4.3183, nll_loss = 4.2037, ref_nll_loss = 4.4329, ivc_loss = 0.0437, neg_loss_1 = 0.0023, neg_loss_2 = 0.0016, ref_loss = 0.0121, div_loss = 0.0589, 0.581 seconds/batch
2026-04-21 19:31:19,501 - Epoch 23, Batch 300, lr = 0.00005, alpha_2 = 0.200, aux_scale = 1.000,  final_loss = 4.3093, nll_loss = 4.1969, ref_nll_loss = 4.4217, ivc_loss = 0.0459, neg_loss_1 = 0.0021, neg_loss_2 = 0.0018, ref_loss = 0.0130, div_loss = 0.0592, 0.594 seconds/batch
2026-04-21 19:31:52,483 - Epoch 23, Batch 350, lr = 0.00005, alpha_2 = 0.200, aux_scale = 1.000,  final_loss = 4.3099, nll_loss = 4.1937, ref_nll_loss = 4.4260, ivc_loss = 0.0448, neg_loss_1 = 0.0017, neg_loss_2 = 0.0019, ref_loss = 0.0128, div_loss = 0.0597, 0.604 seconds/batch
2026-04-21 19:32:25,444 - Epoch 23, Batch 400, lr = 0.00005, alpha_2 = 0.200, aux_scale = 1.000,  final_loss = 4.3013, nll_loss = 4.1846, ref_nll_loss = 4.4180, ivc_loss = 0.0450, neg_loss_1 = 0.0026, neg_loss_2 = 0.0018, ref_loss = 0.0123, div_loss = 0.0582, 0.611 seconds/batch
2026-04-21 19:32:58,403 - Epoch 23, Batch 450, lr = 0.00005, alpha_2 = 0.200, aux_scale = 1.000,  final_loss = 4.2728, nll_loss = 4.1549, ref_nll_loss = 4.3906, ivc_loss = 0.0430, neg_loss_1 = 0.0017, neg_loss_2 = 0.0016, ref_loss = 0.0122, div_loss = 0.0610, 0.616 seconds/batch
2026-04-21 19:33:31,400 - Epoch 23, Batch 500, lr = 0.00005, alpha_2 = 0.200, aux_scale = 1.000,  final_loss = 4.2579, nll_loss = 4.1426, ref_nll_loss = 4.3731, ivc_loss = 0.0403, neg_loss_1 = 0.0018, neg_loss_2 = 0.0010, ref_loss = 0.0111, div_loss = 0.0615, 0.620 seconds/batch
2026-04-21 19:34:04,408 - Epoch 23, Batch 550, lr = 0.00005, alpha_2 = 0.200, aux_scale = 1.000,  final_loss = 4.2889, nll_loss = 4.1729, ref_nll_loss = 4.4050, ivc_loss = 0.0433, neg_loss_1 = 0.0019, neg_loss_2 = 0.0014, ref_loss = 0.0123, div_loss = 0.0600, 0.624 seconds/batch
2026-04-21 19:34:37,388 - Epoch 23, Batch 600, lr = 0.00005, alpha_2 = 0.200, aux_scale = 1.000,  final_loss = 4.2980, nll_loss = 4.1804, ref_nll_loss = 4.4156, ivc_loss = 0.0421, neg_loss_1 = 0.0027, neg_loss_2 = 0.0015, ref_loss = 0.0109, div_loss = 0.0592, 0.627 seconds/batch
2026-04-21 19:35:10,369 - Epoch 23, Batch 650, lr = 0.00005, alpha_2 = 0.200, aux_scale = 1.000,  final_loss = 4.2943, nll_loss = 4.1793, ref_nll_loss = 4.4093, ivc_loss = 0.0474, neg_loss_1 = 0.0023, neg_loss_2 = 0.0029, ref_loss = 0.0126, div_loss = 0.0595, 0.630 seconds/batch
2026-04-21 19:35:43,364 - Epoch 23, Batch 700, lr = 0.00005, alpha_2 = 0.200, aux_scale = 1.000,  final_loss = 4.3281, nll_loss = 4.2146, ref_nll_loss = 4.4416, ivc_loss = 0.0492, neg_loss_1 = 0.0024, neg_loss_2 = 0.0022, ref_loss = 0.0140, div_loss = 0.0590, 0.632 seconds/batch
2026-04-21 19:36:16,348 - Epoch 23, Batch 750, lr = 0.00005, alpha_2 = 0.200, aux_scale = 1.000,  final_loss = 4.2998, nll_loss = 4.1890, ref_nll_loss = 4.4105, ivc_loss = 0.0513, neg_loss_1 = 0.0023, neg_loss_2 = 0.0029, ref_loss = 0.0147, div_loss = 0.0585, 0.634 seconds/batch
2026-04-21 19:36:49,273 - Epoch 23, Batch 800, lr = 0.00005, alpha_2 = 0.200, aux_scale = 1.000,  final_loss = 4.3268, nll_loss = 4.2121, ref_nll_loss = 4.4415, ivc_loss = 0.0432, neg_loss_1 = 0.0024, neg_loss_2 = 0.0018, ref_loss = 0.0115, div_loss = 0.0588, 0.635 seconds/batch
2026-04-21 19:37:22,249 - Epoch 23, Batch 850, lr = 0.00005, alpha_2 = 0.200, aux_scale = 1.000,  final_loss = 4.3454, nll_loss = 4.2286, ref_nll_loss = 4.4622, ivc_loss = 0.0452, neg_loss_1 = 0.0025, neg_loss_2 = 0.0020, ref_loss = 0.0122, div_loss = 0.0590, 0.637 seconds/batch
2026-04-21 19:37:55,200 - Epoch 23, Batch 900, lr = 0.00005, alpha_2 = 0.200, aux_scale = 1.000,  final_loss = 4.2859, nll_loss = 4.1711, ref_nll_loss = 4.4007, ivc_loss = 0.0446, neg_loss_1 = 0.0023, neg_loss_2 = 0.0020, ref_loss = 0.0120, div_loss = 0.0592, 0.638 seconds/batch
2026-04-21 19:38:28,094 - Epoch 23, Batch 950, lr = 0.00005, alpha_2 = 0.200, aux_scale = 1.000,  final_loss = 4.2923, nll_loss = 4.1765, ref_nll_loss = 4.4081, ivc_loss = 0.0447, neg_loss_1 = 0.0022, neg_loss_2 = 0.0021, ref_loss = 0.0121, div_loss = 0.0594, 0.639 seconds/batch
2026-04-21 19:39:01,055 - Epoch 23, Batch 1000, lr = 0.00005, alpha_2 = 0.200, aux_scale = 1.000,  final_loss = 4.3214, nll_loss = 4.2039, ref_nll_loss = 4.4389, ivc_loss = 0.0440, neg_loss_1 = 0.0023, neg_loss_2 = 0.0023, ref_loss = 0.0116, div_loss = 0.0583, 0.640 seconds/batch
2026-04-21 19:39:34,033 - Epoch 23, Batch 1050, lr = 0.00005, alpha_2 = 0.200, aux_scale = 1.000,  final_loss = 4.3133, nll_loss = 4.1963, ref_nll_loss = 4.4304, ivc_loss = 0.0410, neg_loss_1 = 0.0018, neg_loss_2 = 0.0017, ref_loss = 0.0112, div_loss = 0.0574, 0.641 seconds/batch
2026-04-21 19:40:07,014 - Epoch 23, Batch 1100, lr = 0.00005, alpha_2 = 0.200, aux_scale = 1.000,  final_loss = 4.3060, nll_loss = 4.1903, ref_nll_loss = 4.4217, ivc_loss = 0.0426, neg_loss_1 = 0.0024, neg_loss_2 = 0.0012, ref_loss = 0.0121, div_loss = 0.0567, 0.642 seconds/batch
2026-04-21 19:40:39,999 - Epoch 23, Batch 1150, lr = 0.00005, alpha_2 = 0.200, aux_scale = 1.000,  final_loss = 4.3123, nll_loss = 4.1976, ref_nll_loss = 4.4270, ivc_loss = 0.0444, neg_loss_1 = 0.0021, neg_loss_2 = 0.0016, ref_loss = 0.0130, div_loss = 0.0549, 0.642 seconds/batch
2026-04-21 19:40:52,953 - Epoch 23, Batch 1170, lr = 0.00005, alpha_2 = 0.200, aux_scale = 1.000,  final_loss = 4.3284, nll_loss = 4.2141, ref_nll_loss = 4.4428, ivc_loss = 0.0459, neg_loss_1 = 0.0016, neg_loss_2 = 0.0039, ref_loss = 0.0120, div_loss = 0.0554, 0.643 seconds/batch
2026-04-21 19:40:53,029 - save model to checkpoints/activitynet_moe_v2_staged_alpha/moe_v2_staged_alpha/model-23.pt, num_updates 26910.
2026-04-21 19:43:19,576 - | R@1,mIoU 0.3336 | R@1,IoU@0.1 0.8012 | R@1,IoU@0.3 0.4508 | R@1,IoU@0.5 0.2500 | R@1,IoU@0.7 0.1270 | R@1,IoU@0.9 0.0308 | R@5,mIoU 0.4947 | R@5,IoU@0.1 0.9073 | R@5,IoU@0.3 0.7072 | R@5,IoU@0.5 0.5052 | R@5,IoU@0.7 0.2766 | R@5,IoU@0.9 0.0719 |
2026-04-21 19:43:19,577 - ============================================================
2026-04-21 19:43:19,577 - Start Epoch 24
2026-04-21 19:43:38,607 - Epoch 24, Batch 50, lr = 0.00005, alpha_2 = 0.200, aux_scale = 1.000,  final_loss = 4.3000, nll_loss = 4.1812, ref_nll_loss = 4.4189, ivc_loss = 0.0474, neg_loss_1 = 0.0020, neg_loss_2 = 0.0020, ref_loss = 0.0139, div_loss = 0.0569, 0.381 seconds/batch
2026-04-21 19:44:05,816 - Epoch 24, Batch 100, lr = 0.00005, alpha_2 = 0.200, aux_scale = 1.000,  final_loss = 4.2744, nll_loss = 4.1597, ref_nll_loss = 4.3891, ivc_loss = 0.0451, neg_loss_1 = 0.0021, neg_loss_2 = 0.0015, ref_loss = 0.0130, div_loss = 0.0590, 0.462 seconds/batch
2026-04-21 19:44:38,771 - Epoch 24, Batch 150, lr = 0.00005, alpha_2 = 0.200, aux_scale = 1.000,  final_loss = 4.2831, nll_loss = 4.1665, ref_nll_loss = 4.3997, ivc_loss = 0.0409, neg_loss_1 = 0.0018, neg_loss_2 = 0.0018, ref_loss = 0.0111, div_loss = 0.0585, 0.528 seconds/batch
2026-04-21 19:45:11,771 - Epoch 24, Batch 200, lr = 0.00005, alpha_2 = 0.200, aux_scale = 1.000,  final_loss = 4.2877, nll_loss = 4.1684, ref_nll_loss = 4.4069, ivc_loss = 0.0450, neg_loss_1 = 0.0019, neg_loss_2 = 0.0023, ref_loss = 0.0125, div_loss = 0.0578, 0.561 seconds/batch
2026-04-21 19:45:44,769 - Epoch 24, Batch 250, lr = 0.00005, alpha_2 = 0.200, aux_scale = 1.000,  final_loss = 4.2770, nll_loss = 4.1635, ref_nll_loss = 4.3905, ivc_loss = 0.0432, neg_loss_1 = 0.0018, neg_loss_2 = 0.0017, ref_loss = 0.0122, div_loss = 0.0591, 0.581 seconds/batch
2026-04-21 19:46:17,730 - Epoch 24, Batch 300, lr = 0.00005, alpha_2 = 0.200, aux_scale = 1.000,  final_loss = 4.3000, nll_loss = 4.1834, ref_nll_loss = 4.4166, ivc_loss = 0.0412, neg_loss_1 = 0.0020, neg_loss_2 = 0.0016, ref_loss = 0.0113, div_loss = 0.0579, 0.594 seconds/batch
2026-04-21 19:46:50,717 - Epoch 24, Batch 350, lr = 0.00005, alpha_2 = 0.200, aux_scale = 1.000,  final_loss = 4.2922, nll_loss = 4.1764, ref_nll_loss = 4.4081, ivc_loss = 0.0442, neg_loss_1 = 0.0017, neg_loss_2 = 0.0012, ref_loss = 0.0132, div_loss = 0.0592, 0.603 seconds/batch
2026-04-21 19:47:23,720 - Epoch 24, Batch 400, lr = 0.00005, alpha_2 = 0.200, aux_scale = 1.000,  final_loss = 4.2870, nll_loss = 4.1719, ref_nll_loss = 4.4020, ivc_loss = 0.0444, neg_loss_1 = 0.0016, neg_loss_2 = 0.0020, ref_loss = 0.0127, div_loss = 0.0593, 0.610 seconds/batch
2026-04-21 19:47:56,702 - Epoch 24, Batch 450, lr = 0.00005, alpha_2 = 0.200, aux_scale = 1.000,  final_loss = 4.2715, nll_loss = 4.1533, ref_nll_loss = 4.3897, ivc_loss = 0.0402, neg_loss_1 = 0.0026, neg_loss_2 = 0.0016, ref_loss = 0.0102, div_loss = 0.0571, 0.616 seconds/batch
2026-04-21 19:48:29,709 - Epoch 24, Batch 500, lr = 0.00005, alpha_2 = 0.200, aux_scale = 1.000,  final_loss = 4.2834, nll_loss = 4.1688, ref_nll_loss = 4.3980, ivc_loss = 0.0448, neg_loss_1 = 0.0025, neg_loss_2 = 0.0022, ref_loss = 0.0121, div_loss = 0.0559, 0.620 seconds/batch
2026-04-21 19:49:02,694 - Epoch 24, Batch 550, lr = 0.00005, alpha_2 = 0.200, aux_scale = 1.000,  final_loss = 4.2526, nll_loss = 4.1395, ref_nll_loss = 4.3658, ivc_loss = 0.0473, neg_loss_1 = 0.0033, neg_loss_2 = 0.0018, ref_loss = 0.0129, div_loss = 0.0573, 0.624 seconds/batch
2026-04-21 19:49:35,703 - Epoch 24, Batch 600, lr = 0.00005, alpha_2 = 0.200, aux_scale = 1.000,  final_loss = 4.2751, nll_loss = 4.1581, ref_nll_loss = 4.3922, ivc_loss = 0.0466, neg_loss_1 = 0.0023, neg_loss_2 = 0.0020, ref_loss = 0.0131, div_loss = 0.0586, 0.627 seconds/batch
2026-04-21 19:50:08,702 - Epoch 24, Batch 650, lr = 0.00005, alpha_2 = 0.200, aux_scale = 1.000,  final_loss = 4.2869, nll_loss = 4.1714, ref_nll_loss = 4.4024, ivc_loss = 0.0449, neg_loss_1 = 0.0021, neg_loss_2 = 0.0029, ref_loss = 0.0116, div_loss = 0.0588, 0.629 seconds/batch
2026-04-21 19:50:41,729 - Epoch 24, Batch 700, lr = 0.00005, alpha_2 = 0.200, aux_scale = 1.000,  final_loss = 4.2923, nll_loss = 4.1801, ref_nll_loss = 4.4045, ivc_loss = 0.0460, neg_loss_1 = 0.0023, neg_loss_2 = 0.0014, ref_loss = 0.0136, div_loss = 0.0575, 0.632 seconds/batch
2026-04-21 19:51:14,763 - Epoch 24, Batch 750, lr = 0.00005, alpha_2 = 0.200, aux_scale = 1.000,  final_loss = 4.2512, nll_loss = 4.1351, ref_nll_loss = 4.3672, ivc_loss = 0.0426, neg_loss_1 = 0.0019, neg_loss_2 = 0.0018, ref_loss = 0.0118, div_loss = 0.0583, 0.634 seconds/batch
2026-04-21 19:51:47,790 - Epoch 24, Batch 800, lr = 0.00005, alpha_2 = 0.200, aux_scale = 1.000,  final_loss = 4.3172, nll_loss = 4.2057, ref_nll_loss = 4.4286, ivc_loss = 0.0491, neg_loss_1 = 0.0021, neg_loss_2 = 0.0018, ref_loss = 0.0149, div_loss = 0.0581, 0.635 seconds/batch
2026-04-21 19:52:20,799 - Epoch 24, Batch 850, lr = 0.00005, alpha_2 = 0.200, aux_scale = 1.000,  final_loss = 4.2779, nll_loss = 4.1605, ref_nll_loss = 4.3954, ivc_loss = 0.0461, neg_loss_1 = 0.0030, neg_loss_2 = 0.0012, ref_loss = 0.0132, div_loss = 0.0567, 0.637 seconds/batch
2026-04-21 19:52:53,799 - Epoch 24, Batch 900, lr = 0.00005, alpha_2 = 0.200, aux_scale = 1.000,  final_loss = 4.3031, nll_loss = 4.1832, ref_nll_loss = 4.4231, ivc_loss = 0.0433, neg_loss_1 = 0.0021, neg_loss_2 = 0.0015, ref_loss = 0.0125, div_loss = 0.0555, 0.638 seconds/batch
2026-04-21 19:53:26,750 - Epoch 24, Batch 950, lr = 0.00005, alpha_2 = 0.200, aux_scale = 1.000,  final_loss = 4.2812, nll_loss = 4.1643, ref_nll_loss = 4.3980, ivc_loss = 0.0418, neg_loss_1 = 0.0018, neg_loss_2 = 0.0017, ref_loss = 0.0117, div_loss = 0.0570, 0.639 seconds/batch
2026-04-21 19:53:59,703 - Epoch 24, Batch 1000, lr = 0.00005, alpha_2 = 0.200, aux_scale = 1.000,  final_loss = 4.2851, nll_loss = 4.1672, ref_nll_loss = 4.4030, ivc_loss = 0.0434, neg_loss_1 = 0.0023, neg_loss_2 = 0.0019, ref_loss = 0.0118, div_loss = 0.0574, 0.640 seconds/batch
2026-04-21 19:54:32,691 - Epoch 24, Batch 1050, lr = 0.00005, alpha_2 = 0.200, aux_scale = 1.000,  final_loss = 4.3044, nll_loss = 4.1909, ref_nll_loss = 4.4178, ivc_loss = 0.0458, neg_loss_1 = 0.0028, neg_loss_2 = 0.0025, ref_loss = 0.0118, div_loss = 0.0573, 0.641 seconds/batch
2026-04-21 19:55:05,692 - Epoch 24, Batch 1100, lr = 0.00005, alpha_2 = 0.200, aux_scale = 1.000,  final_loss = 4.3062, nll_loss = 4.1948, ref_nll_loss = 4.4177, ivc_loss = 0.0451, neg_loss_1 = 0.0020, neg_loss_2 = 0.0022, ref_loss = 0.0127, div_loss = 0.0570, 0.642 seconds/batch
2026-04-21 19:55:38,738 - Epoch 24, Batch 1150, lr = 0.00005, alpha_2 = 0.200, aux_scale = 1.000,  final_loss = 4.2554, nll_loss = 4.1380, ref_nll_loss = 4.3728, ivc_loss = 0.0456, neg_loss_1 = 0.0024, neg_loss_2 = 0.0019, ref_loss = 0.0128, div_loss = 0.0575, 0.643 seconds/batch
2026-04-21 19:55:51,831 - Epoch 24, Batch 1170, lr = 0.00005, alpha_2 = 0.200, aux_scale = 1.000,  final_loss = 4.2818, nll_loss = 4.1681, ref_nll_loss = 4.3956, ivc_loss = 0.0476, neg_loss_1 = 0.0014, neg_loss_2 = 0.0018, ref_loss = 0.0145, div_loss = 0.0606, 0.643 seconds/batch
2026-04-21 19:55:51,905 - save model to checkpoints/activitynet_moe_v2_staged_alpha/moe_v2_staged_alpha/model-24.pt, num_updates 28080.
2026-04-21 19:58:18,543 - | R@1,mIoU 0.3336 | R@1,IoU@0.1 0.8002 | R@1,IoU@0.3 0.4535 | R@1,IoU@0.5 0.2520 | R@1,IoU@0.7 0.1272 | R@1,IoU@0.9 0.0312 | R@5,mIoU 0.4994 | R@5,IoU@0.1 0.9105 | R@5,IoU@0.3 0.7105 | R@5,IoU@0.5 0.5139 | R@5,IoU@0.7 0.2870 | R@5,IoU@0.9 0.0773 |
2026-04-21 19:58:18,544 - ============================================================
2026-04-21 19:58:18,544 - Start Epoch 25
2026-04-21 19:58:37,762 - Epoch 25, Batch 50, lr = 0.00005, alpha_2 = 0.200, aux_scale = 1.000,  final_loss = 4.2896, nll_loss = 4.1744, ref_nll_loss = 4.4048, ivc_loss = 0.0442, neg_loss_1 = 0.0027, neg_loss_2 = 0.0019, ref_loss = 0.0115, div_loss = 0.0598, 0.384 seconds/batch
2026-04-21 19:59:04,886 - Epoch 25, Batch 100, lr = 0.00005, alpha_2 = 0.200, aux_scale = 1.000,  final_loss = 4.2460, nll_loss = 4.1286, ref_nll_loss = 4.3634, ivc_loss = 0.0449, neg_loss_1 = 0.0021, neg_loss_2 = 0.0014, ref_loss = 0.0128, div_loss = 0.0607, 0.463 seconds/batch
2026-04-21 19:59:37,890 - Epoch 25, Batch 150, lr = 0.00005, alpha_2 = 0.200, aux_scale = 1.000,  final_loss = 4.2263, nll_loss = 4.1060, ref_nll_loss = 4.3465, ivc_loss = 0.0452, neg_loss_1 = 0.0028, neg_loss_2 = 0.0030, ref_loss = 0.0107, div_loss = 0.0611, 0.529 seconds/batch
2026-04-21 20:00:10,877 - Epoch 25, Batch 200, lr = 0.00005, alpha_2 = 0.200, aux_scale = 1.000,  final_loss = 4.2810, nll_loss = 4.1656, ref_nll_loss = 4.3964, ivc_loss = 0.0433, neg_loss_1 = 0.0023, neg_loss_2 = 0.0015, ref_loss = 0.0118, div_loss = 0.0602, 0.562 seconds/batch
2026-04-21 20:00:43,887 - Epoch 25, Batch 250, lr = 0.00005, alpha_2 = 0.200, aux_scale = 1.000,  final_loss = 4.2892, nll_loss = 4.1708, ref_nll_loss = 4.4076, ivc_loss = 0.0431, neg_loss_1 = 0.0027, neg_loss_2 = 0.0017, ref_loss = 0.0111, div_loss = 0.0601, 0.581 seconds/batch
2026-04-21 20:01:16,885 - Epoch 25, Batch 300, lr = 0.00005, alpha_2 = 0.200, aux_scale = 1.000,  final_loss = 4.2678, nll_loss = 4.1507, ref_nll_loss = 4.3849, ivc_loss = 0.0459, neg_loss_1 = 0.0019, neg_loss_2 = 0.0014, ref_loss = 0.0135, div_loss = 0.0616, 0.594 seconds/batch
2026-04-21 20:01:49,886 - Epoch 25, Batch 350, lr = 0.00005, alpha_2 = 0.200, aux_scale = 1.000,  final_loss = 4.2709, nll_loss = 4.1562, ref_nll_loss = 4.3856, ivc_loss = 0.0440, neg_loss_1 = 0.0021, neg_loss_2 = 0.0020, ref_loss = 0.0120, div_loss = 0.0597, 0.604 seconds/batch
2026-04-21 20:02:22,904 - Epoch 25, Batch 400, lr = 0.00005, alpha_2 = 0.200, aux_scale = 1.000,  final_loss = 4.2563, nll_loss = 4.1390, ref_nll_loss = 4.3736, ivc_loss = 0.0458, neg_loss_1 = 0.0025, neg_loss_2 = 0.0025, ref_loss = 0.0119, div_loss = 0.0603, 0.611 seconds/batch
2026-04-21 20:02:55,902 - Epoch 25, Batch 450, lr = 0.00005, alpha_2 = 0.200, aux_scale = 1.000,  final_loss = 4.2563, nll_loss = 4.1374, ref_nll_loss = 4.3752, ivc_loss = 0.0433, neg_loss_1 = 0.0020, neg_loss_2 = 0.0022, ref_loss = 0.0115, div_loss = 0.0594, 0.616 seconds/batch
2026-04-21 20:03:28,903 - Epoch 25, Batch 500, lr = 0.00005, alpha_2 = 0.200, aux_scale = 1.000,  final_loss = 4.2540, nll_loss = 4.1356, ref_nll_loss = 4.3723, ivc_loss = 0.0405, neg_loss_1 = 0.0014, neg_loss_2 = 0.0016, ref_loss = 0.0114, div_loss = 0.0594, 0.621 seconds/batch
2026-04-21 20:04:01,940 - Epoch 25, Batch 550, lr = 0.00005, alpha_2 = 0.200, aux_scale = 1.000,  final_loss = 4.2880, nll_loss = 4.1718, ref_nll_loss = 4.4042, ivc_loss = 0.0426, neg_loss_1 = 0.0020, neg_loss_2 = 0.0026, ref_loss = 0.0108, div_loss = 0.0593, 0.624 seconds/batch
2026-04-21 20:04:34,947 - Epoch 25, Batch 600, lr = 0.00005, alpha_2 = 0.200, aux_scale = 1.000,  final_loss = 4.2655, nll_loss = 4.1497, ref_nll_loss = 4.3813, ivc_loss = 0.0446, neg_loss_1 = 0.0019, neg_loss_2 = 0.0017, ref_loss = 0.0128, div_loss = 0.0596, 0.627 seconds/batch
2026-04-21 20:05:07,958 - Epoch 25, Batch 650, lr = 0.00005, alpha_2 = 0.200, aux_scale = 1.000,  final_loss = 4.2734, nll_loss = 4.1566, ref_nll_loss = 4.3902, ivc_loss = 0.0438, neg_loss_1 = 0.0024, neg_loss_2 = 0.0015, ref_loss = 0.0123, div_loss = 0.0571, 0.630 seconds/batch
2026-04-21 20:05:40,962 - Epoch 25, Batch 700, lr = 0.00005, alpha_2 = 0.200, aux_scale = 1.000,  final_loss = 4.2655, nll_loss = 4.1499, ref_nll_loss = 4.3811, ivc_loss = 0.0406, neg_loss_1 = 0.0022, neg_loss_2 = 0.0017, ref_loss = 0.0107, div_loss = 0.0572, 0.632 seconds/batch
2026-04-21 20:06:13,988 - Epoch 25, Batch 750, lr = 0.00005, alpha_2 = 0.200, aux_scale = 1.000,  final_loss = 4.2956, nll_loss = 4.1774, ref_nll_loss = 4.4139, ivc_loss = 0.0397, neg_loss_1 = 0.0018, neg_loss_2 = 0.0017, ref_loss = 0.0106, div_loss = 0.0581, 0.634 seconds/batch
2026-04-21 20:06:47,006 - Epoch 25, Batch 800, lr = 0.00005, alpha_2 = 0.200, aux_scale = 1.000,  final_loss = 4.2515, nll_loss = 4.1360, ref_nll_loss = 4.3670, ivc_loss = 0.0433, neg_loss_1 = 0.0014, neg_loss_2 = 0.0018, ref_loss = 0.0127, div_loss = 0.0581, 0.636 seconds/batch
2026-04-21 20:07:19,961 - Epoch 25, Batch 850, lr = 0.00005, alpha_2 = 0.200, aux_scale = 1.000,  final_loss = 4.3123, nll_loss = 4.1986, ref_nll_loss = 4.4260, ivc_loss = 0.0449, neg_loss_1 = 0.0015, neg_loss_2 = 0.0012, ref_loss = 0.0137, div_loss = 0.0604, 0.637 seconds/batch
2026-04-21 20:07:52,939 - Epoch 25, Batch 900, lr = 0.00005, alpha_2 = 0.200, aux_scale = 1.000,  final_loss = 4.2750, nll_loss = 4.1574, ref_nll_loss = 4.3927, ivc_loss = 0.0417, neg_loss_1 = 0.0013, neg_loss_2 = 0.0016, ref_loss = 0.0118, div_loss = 0.0606, 0.638 seconds/batch
2026-04-21 20:08:25,924 - Epoch 25, Batch 950, lr = 0.00005, alpha_2 = 0.200, aux_scale = 1.000,  final_loss = 4.2608, nll_loss = 4.1370, ref_nll_loss = 4.3845, ivc_loss = 0.0392, neg_loss_1 = 0.0020, neg_loss_2 = 0.0017, ref_loss = 0.0099, div_loss = 0.0603, 0.639 seconds/batch
2026-04-21 20:08:58,694 - Epoch 25, Batch 1000, lr = 0.00005, alpha_2 = 0.200, aux_scale = 1.000,  final_loss = 4.2748, nll_loss = 4.1584, ref_nll_loss = 4.3912, ivc_loss = 0.0414, neg_loss_1 = 0.0011, neg_loss_2 = 0.0012, ref_loss = 0.0125, div_loss = 0.0589, 0.640 seconds/batch
2026-04-21 20:09:31,667 - Epoch 25, Batch 1050, lr = 0.00005, alpha_2 = 0.200, aux_scale = 1.000,  final_loss = 4.2506, nll_loss = 4.1310, ref_nll_loss = 4.3702, ivc_loss = 0.0412, neg_loss_1 = 0.0023, neg_loss_2 = 0.0016, ref_loss = 0.0108, div_loss = 0.0587, 0.641 seconds/batch
2026-04-21 20:10:04,649 - Epoch 25, Batch 1100, lr = 0.00005, alpha_2 = 0.200, aux_scale = 1.000,  final_loss = 4.2742, nll_loss = 4.1538, ref_nll_loss = 4.3946, ivc_loss = 0.0455, neg_loss_1 = 0.0020, neg_loss_2 = 0.0020, ref_loss = 0.0126, div_loss = 0.0615, 0.642 seconds/batch
2026-04-21 20:10:37,670 - Epoch 25, Batch 1150, lr = 0.00005, alpha_2 = 0.200, aux_scale = 1.000,  final_loss = 4.2604, nll_loss = 4.1442, ref_nll_loss = 4.3767, ivc_loss = 0.0464, neg_loss_1 = 0.0022, neg_loss_2 = 0.0016, ref_loss = 0.0133, div_loss = 0.0609, 0.643 seconds/batch
2026-04-21 20:10:50,584 - Epoch 25, Batch 1170, lr = 0.00005, alpha_2 = 0.200, aux_scale = 1.000,  final_loss = 4.2665, nll_loss = 4.1463, ref_nll_loss = 4.3867, ivc_loss = 0.0409, neg_loss_1 = 0.0017, neg_loss_2 = 0.0026, ref_loss = 0.0102, div_loss = 0.0594, 0.643 seconds/batch
2026-04-21 20:10:50,662 - save model to checkpoints/activitynet_moe_v2_staged_alpha/moe_v2_staged_alpha/model-25.pt, num_updates 29250.
2026-04-21 20:13:17,580 - | R@1,mIoU 0.3328 | R@1,IoU@0.1 0.8015 | R@1,IoU@0.3 0.4509 | R@1,IoU@0.5 0.2524 | R@1,IoU@0.7 0.1269 | R@1,IoU@0.9 0.0301 | R@5,mIoU 0.4956 | R@5,IoU@0.1 0.9096 | R@5,IoU@0.3 0.7100 | R@5,IoU@0.5 0.5093 | R@5,IoU@0.7 0.2750 | R@5,IoU@0.9 0.0709 |
2026-04-21 20:13:17,580 - ============================================================
2026-04-21 20:13:17,580 - Start Epoch 26
2026-04-21 20:13:36,913 - Epoch 26, Batch 50, lr = 0.00005, alpha_2 = 0.200, aux_scale = 1.000,  final_loss = 4.2385, nll_loss = 4.1183, ref_nll_loss = 4.3587, ivc_loss = 0.0459, neg_loss_1 = 0.0024, neg_loss_2 = 0.0022, ref_loss = 0.0123, div_loss = 0.0610, 0.387 seconds/batch
2026-04-21 20:14:04,002 - Epoch 26, Batch 100, lr = 0.00005, alpha_2 = 0.200, aux_scale = 1.000,  final_loss = 4.2187, nll_loss = 4.1032, ref_nll_loss = 4.3341, ivc_loss = 0.0416, neg_loss_1 = 0.0016, neg_loss_2 = 0.0010, ref_loss = 0.0120, div_loss = 0.0625, 0.464 seconds/batch
2026-04-21 20:14:36,946 - Epoch 26, Batch 150, lr = 0.00005, alpha_2 = 0.200, aux_scale = 1.000,  final_loss = 4.2699, nll_loss = 4.1519, ref_nll_loss = 4.3880, ivc_loss = 0.0407, neg_loss_1 = 0.0021, neg_loss_2 = 0.0013, ref_loss = 0.0107, div_loss = 0.0622, 0.529 seconds/batch
2026-04-21 20:15:09,617 - Epoch 26, Batch 200, lr = 0.00005, alpha_2 = 0.200, aux_scale = 1.000,  final_loss = 4.2628, nll_loss = 4.1448, ref_nll_loss = 4.3808, ivc_loss = 0.0424, neg_loss_1 = 0.0019, neg_loss_2 = 0.0019, ref_loss = 0.0114, div_loss = 0.0601, 0.560 seconds/batch
2026-04-21 20:15:42,583 - Epoch 26, Batch 250, lr = 0.00005, alpha_2 = 0.200, aux_scale = 1.000,  final_loss = 4.2219, nll_loss = 4.1054, ref_nll_loss = 4.3385, ivc_loss = 0.0436, neg_loss_1 = 0.0019, neg_loss_2 = 0.0020, ref_loss = 0.0120, div_loss = 0.0594, 0.580 seconds/batch
2026-04-21 20:16:15,529 - Epoch 26, Batch 300, lr = 0.00005, alpha_2 = 0.200, aux_scale = 1.000,  final_loss = 4.2375, nll_loss = 4.1184, ref_nll_loss = 4.3566, ivc_loss = 0.0429, neg_loss_1 = 0.0022, neg_loss_2 = 0.0015, ref_loss = 0.0117, div_loss = 0.0608, 0.593 seconds/batch
2026-04-21 20:16:48,529 - Epoch 26, Batch 350, lr = 0.00005, alpha_2 = 0.200, aux_scale = 1.000,  final_loss = 4.2675, nll_loss = 4.1537, ref_nll_loss = 4.3812, ivc_loss = 0.0482, neg_loss_1 = 0.0027, neg_loss_2 = 0.0015, ref_loss = 0.0141, div_loss = 0.0582, 0.603 seconds/batch
2026-04-21 20:17:21,535 - Epoch 26, Batch 400, lr = 0.00005, alpha_2 = 0.200, aux_scale = 1.000,  final_loss = 4.2595, nll_loss = 4.1435, ref_nll_loss = 4.3754, ivc_loss = 0.0450, neg_loss_1 = 0.0017, neg_loss_2 = 0.0015, ref_loss = 0.0133, div_loss = 0.0603, 0.610 seconds/batch
2026-04-21 20:17:54,561 - Epoch 26, Batch 450, lr = 0.00005, alpha_2 = 0.200, aux_scale = 1.000,  final_loss = 4.2501, nll_loss = 4.1352, ref_nll_loss = 4.3650, ivc_loss = 0.0455, neg_loss_1 = 0.0021, neg_loss_2 = 0.0012, ref_loss = 0.0134, div_loss = 0.0606, 0.616 seconds/batch
2026-04-21 20:18:27,559 - Epoch 26, Batch 500, lr = 0.00005, alpha_2 = 0.200, aux_scale = 1.000,  final_loss = 4.2442, nll_loss = 4.1273, ref_nll_loss = 4.3610, ivc_loss = 0.0460, neg_loss_1 = 0.0015, neg_loss_2 = 0.0029, ref_loss = 0.0124, div_loss = 0.0616, 0.620 seconds/batch
2026-04-21 20:19:00,562 - Epoch 26, Batch 550, lr = 0.00005, alpha_2 = 0.200, aux_scale = 1.000,  final_loss = 4.2149, nll_loss = 4.0956, ref_nll_loss = 4.3342, ivc_loss = 0.0460, neg_loss_1 = 0.0022, neg_loss_2 = 0.0018, ref_loss = 0.0125, div_loss = 0.0640, 0.624 seconds/batch
2026-04-21 20:19:33,524 - Epoch 26, Batch 600, lr = 0.00005, alpha_2 = 0.200, aux_scale = 1.000,  final_loss = 4.2610, nll_loss = 4.1405, ref_nll_loss = 4.3816, ivc_loss = 0.0442, neg_loss_1 = 0.0023, neg_loss_2 = 0.0015, ref_loss = 0.0120, div_loss = 0.0618, 0.627 seconds/batch
2026-04-21 20:20:06,492 - Epoch 26, Batch 650, lr = 0.00005, alpha_2 = 0.200, aux_scale = 1.000,  final_loss = 4.2577, nll_loss = 4.1414, ref_nll_loss = 4.3740, ivc_loss = 0.0439, neg_loss_1 = 0.0016, neg_loss_2 = 0.0025, ref_loss = 0.0118, div_loss = 0.0605, 0.629 seconds/batch
2026-04-21 20:20:39,506 - Epoch 26, Batch 700, lr = 0.00005, alpha_2 = 0.200, aux_scale = 1.000,  final_loss = 4.2748, nll_loss = 4.1580, ref_nll_loss = 4.3917, ivc_loss = 0.0451, neg_loss_1 = 0.0024, neg_loss_2 = 0.0021, ref_loss = 0.0120, div_loss = 0.0597, 0.631 seconds/batch
2026-04-21 20:21:12,481 - Epoch 26, Batch 750, lr = 0.00005, alpha_2 = 0.200, aux_scale = 1.000,  final_loss = 4.2735, nll_loss = 4.1557, ref_nll_loss = 4.3914, ivc_loss = 0.0450, neg_loss_1 = 0.0026, neg_loss_2 = 0.0023, ref_loss = 0.0114, div_loss = 0.0626, 0.633 seconds/batch
2026-04-21 20:21:45,439 - Epoch 26, Batch 800, lr = 0.00005, alpha_2 = 0.200, aux_scale = 1.000,  final_loss = 4.2355, nll_loss = 4.1175, ref_nll_loss = 4.3535, ivc_loss = 0.0462, neg_loss_1 = 0.0027, neg_loss_2 = 0.0021, ref_loss = 0.0121, div_loss = 0.0623, 0.635 seconds/batch
2026-04-21 20:22:18,243 - Epoch 26, Batch 850, lr = 0.00005, alpha_2 = 0.200, aux_scale = 1.000,  final_loss = 4.2762, nll_loss = 4.1595, ref_nll_loss = 4.3929, ivc_loss = 0.0453, neg_loss_1 = 0.0025, neg_loss_2 = 0.0015, ref_loss = 0.0125, div_loss = 0.0607, 0.636 seconds/batch
2026-04-21 20:22:51,199 - Epoch 26, Batch 900, lr = 0.00005, alpha_2 = 0.200, aux_scale = 1.000,  final_loss = 4.2603, nll_loss = 4.1428, ref_nll_loss = 4.3777, ivc_loss = 0.0420, neg_loss_1 = 0.0019, neg_loss_2 = 0.0018, ref_loss = 0.0113, div_loss = 0.0598, 0.637 seconds/batch
2026-04-21 20:23:24,162 - Epoch 26, Batch 950, lr = 0.00005, alpha_2 = 0.200, aux_scale = 1.000,  final_loss = 4.2283, nll_loss = 4.1127, ref_nll_loss = 4.3438, ivc_loss = 0.0448, neg_loss_1 = 0.0025, neg_loss_2 = 0.0021, ref_loss = 0.0120, div_loss = 0.0579, 0.639 seconds/batch
2026-04-21 20:23:57,146 - Epoch 26, Batch 1000, lr = 0.00005, alpha_2 = 0.200, aux_scale = 1.000,  final_loss = 4.2602, nll_loss = 4.1434, ref_nll_loss = 4.3771, ivc_loss = 0.0486, neg_loss_1 = 0.0019, neg_loss_2 = 0.0023, ref_loss = 0.0142, div_loss = 0.0600, 0.640 seconds/batch
2026-04-21 20:24:30,141 - Epoch 26, Batch 1050, lr = 0.00005, alpha_2 = 0.200, aux_scale = 1.000,  final_loss = 4.2904, nll_loss = 4.1694, ref_nll_loss = 4.4113, ivc_loss = 0.0443, neg_loss_1 = 0.0028, neg_loss_2 = 0.0022, ref_loss = 0.0111, div_loss = 0.0597, 0.641 seconds/batch
2026-04-21 20:25:03,161 - Epoch 26, Batch 1100, lr = 0.00005, alpha_2 = 0.200, aux_scale = 1.000,  final_loss = 4.2294, nll_loss = 4.1103, ref_nll_loss = 4.3486, ivc_loss = 0.0445, neg_loss_1 = 0.0015, neg_loss_2 = 0.0023, ref_loss = 0.0124, div_loss = 0.0606, 0.641 seconds/batch
2026-04-21 20:25:36,156 - Epoch 26, Batch 1150, lr = 0.00005, alpha_2 = 0.200, aux_scale = 1.000,  final_loss = 4.2754, nll_loss = 4.1572, ref_nll_loss = 4.3936, ivc_loss = 0.0406, neg_loss_1 = 0.0013, neg_loss_2 = 0.0013, ref_loss = 0.0117, div_loss = 0.0597, 0.642 seconds/batch
2026-04-21 20:25:49,222 - Epoch 26, Batch 1170, lr = 0.00005, alpha_2 = 0.200, aux_scale = 1.000,  final_loss = 4.2522, nll_loss = 4.1323, ref_nll_loss = 4.3721, ivc_loss = 0.0436, neg_loss_1 = 0.0017, neg_loss_2 = 0.0027, ref_loss = 0.0115, div_loss = 0.0590, 0.642 seconds/batch
2026-04-21 20:25:49,301 - save model to checkpoints/activitynet_moe_v2_staged_alpha/moe_v2_staged_alpha/model-26.pt, num_updates 30420.
2026-04-21 20:28:16,555 - | R@1,mIoU 0.3320 | R@1,IoU@0.1 0.7975 | R@1,IoU@0.3 0.4510 | R@1,IoU@0.5 0.2548 | R@1,IoU@0.7 0.1276 | R@1,IoU@0.9 0.0299 | R@5,mIoU 0.5018 | R@5,IoU@0.1 0.9119 | R@5,IoU@0.3 0.7154 | R@5,IoU@0.5 0.5216 | R@5,IoU@0.7 0.2847 | R@5,IoU@0.9 0.0747 |
2026-04-21 20:28:16,555 - ============================================================
2026-04-21 20:28:16,555 - Start Epoch 27
2026-04-21 20:28:35,701 - Epoch 27, Batch 50, lr = 0.00005, alpha_2 = 0.200, aux_scale = 1.000,  final_loss = 4.1938, nll_loss = 4.0752, ref_nll_loss = 4.3123, ivc_loss = 0.0462, neg_loss_1 = 0.0023, neg_loss_2 = 0.0021, ref_loss = 0.0128, div_loss = 0.0586, 0.383 seconds/batch
2026-04-21 20:29:02,534 - Epoch 27, Batch 100, lr = 0.00005, alpha_2 = 0.200, aux_scale = 1.000,  final_loss = 4.2491, nll_loss = 4.1328, ref_nll_loss = 4.3655, ivc_loss = 0.0412, neg_loss_1 = 0.0012, neg_loss_2 = 0.0021, ref_loss = 0.0113, div_loss = 0.0596, 0.460 seconds/batch
2026-04-21 20:29:35,531 - Epoch 27, Batch 150, lr = 0.00005, alpha_2 = 0.200, aux_scale = 1.000,  final_loss = 4.2737, nll_loss = 4.1526, ref_nll_loss = 4.3949, ivc_loss = 0.0419, neg_loss_1 = 0.0020, neg_loss_2 = 0.0018, ref_loss = 0.0113, div_loss = 0.0588, 0.526 seconds/batch
2026-04-21 20:30:08,509 - Epoch 27, Batch 200, lr = 0.00005, alpha_2 = 0.200, aux_scale = 1.000,  final_loss = 4.2075, nll_loss = 4.0888, ref_nll_loss = 4.3262, ivc_loss = 0.0463, neg_loss_1 = 0.0031, neg_loss_2 = 0.0026, ref_loss = 0.0111, div_loss = 0.0633, 0.560 seconds/batch
2026-04-21 20:30:41,527 - Epoch 27, Batch 250, lr = 0.00005, alpha_2 = 0.200, aux_scale = 1.000,  final_loss = 4.2378, nll_loss = 4.1183, ref_nll_loss = 4.3574, ivc_loss = 0.0444, neg_loss_1 = 0.0022, neg_loss_2 = 0.0025, ref_loss = 0.0111, div_loss = 0.0635, 0.580 seconds/batch
2026-04-21 20:31:14,543 - Epoch 27, Batch 300, lr = 0.00005, alpha_2 = 0.200, aux_scale = 1.000,  final_loss = 4.2453, nll_loss = 4.1306, ref_nll_loss = 4.3599, ivc_loss = 0.0458, neg_loss_1 = 0.0024, neg_loss_2 = 0.0011, ref_loss = 0.0135, div_loss = 0.0581, 0.593 seconds/batch
2026-04-21 20:31:47,552 - Epoch 27, Batch 350, lr = 0.00005, alpha_2 = 0.200, aux_scale = 1.000,  final_loss = 4.2376, nll_loss = 4.1196, ref_nll_loss = 4.3557, ivc_loss = 0.0444, neg_loss_1 = 0.0017, neg_loss_2 = 0.0018, ref_loss = 0.0130, div_loss = 0.0573, 0.603 seconds/batch
2026-04-21 20:32:20,549 - Epoch 27, Batch 400, lr = 0.00005, alpha_2 = 0.200, aux_scale = 1.000,  final_loss = 4.2516, nll_loss = 4.1343, ref_nll_loss = 4.3688, ivc_loss = 0.0484, neg_loss_1 = 0.0030, neg_loss_2 = 0.0027, ref_loss = 0.0128, div_loss = 0.0576, 0.610 seconds/batch
2026-04-21 20:32:53,558 - Epoch 27, Batch 450, lr = 0.00005, alpha_2 = 0.200, aux_scale = 1.000,  final_loss = 4.2347, nll_loss = 4.1148, ref_nll_loss = 4.3547, ivc_loss = 0.0412, neg_loss_1 = 0.0021, neg_loss_2 = 0.0017, ref_loss = 0.0108, div_loss = 0.0607, 0.616 seconds/batch
2026-04-21 20:33:26,573 - Epoch 27, Batch 500, lr = 0.00005, alpha_2 = 0.200, aux_scale = 1.000,  final_loss = 4.2297, nll_loss = 4.1136, ref_nll_loss = 4.3458, ivc_loss = 0.0432, neg_loss_1 = 0.0019, neg_loss_2 = 0.0015, ref_loss = 0.0119, div_loss = 0.0625, 0.620 seconds/batch
2026-04-21 20:33:59,585 - Epoch 27, Batch 550, lr = 0.00005, alpha_2 = 0.200, aux_scale = 1.000,  final_loss = 4.2479, nll_loss = 4.1307, ref_nll_loss = 4.3651, ivc_loss = 0.0439, neg_loss_1 = 0.0027, neg_loss_2 = 0.0021, ref_loss = 0.0112, div_loss = 0.0598, 0.624 seconds/batch
2026-04-21 20:34:32,365 - Epoch 27, Batch 600, lr = 0.00005, alpha_2 = 0.200, aux_scale = 1.000,  final_loss = 4.2376, nll_loss = 4.1216, ref_nll_loss = 4.3535, ivc_loss = 0.0489, neg_loss_1 = 0.0019, neg_loss_2 = 0.0028, ref_loss = 0.0136, div_loss = 0.0624, 0.626 seconds/batch
2026-04-21 20:35:05,346 - Epoch 27, Batch 650, lr = 0.00005, alpha_2 = 0.200, aux_scale = 1.000,  final_loss = 4.2277, nll_loss = 4.1095, ref_nll_loss = 4.3458, ivc_loss = 0.0450, neg_loss_1 = 0.0020, neg_loss_2 = 0.0022, ref_loss = 0.0120, div_loss = 0.0628, 0.629 seconds/batch
2026-04-21 20:35:38,315 - Epoch 27, Batch 700, lr = 0.00005, alpha_2 = 0.200, aux_scale = 1.000,  final_loss = 4.2320, nll_loss = 4.1147, ref_nll_loss = 4.3492, ivc_loss = 0.0467, neg_loss_1 = 0.0019, neg_loss_2 = 0.0011, ref_loss = 0.0141, div_loss = 0.0625, 0.631 seconds/batch
2026-04-21 20:36:11,330 - Epoch 27, Batch 750, lr = 0.00005, alpha_2 = 0.200, aux_scale = 1.000,  final_loss = 4.2592, nll_loss = 4.1395, ref_nll_loss = 4.3789, ivc_loss = 0.0431, neg_loss_1 = 0.0021, neg_loss_2 = 0.0013, ref_loss = 0.0122, div_loss = 0.0599, 0.633 seconds/batch
2026-04-21 20:36:44,341 - Epoch 27, Batch 800, lr = 0.00005, alpha_2 = 0.200, aux_scale = 1.000,  final_loss = 4.2196, nll_loss = 4.1004, ref_nll_loss = 4.3389, ivc_loss = 0.0461, neg_loss_1 = 0.0028, neg_loss_2 = 0.0019, ref_loss = 0.0123, div_loss = 0.0612, 0.635 seconds/batch
2026-04-21 20:37:17,363 - Epoch 27, Batch 850, lr = 0.00005, alpha_2 = 0.200, aux_scale = 1.000,  final_loss = 4.2291, nll_loss = 4.1125, ref_nll_loss = 4.3457, ivc_loss = 0.0418, neg_loss_1 = 0.0021, neg_loss_2 = 0.0018, ref_loss = 0.0110, div_loss = 0.0607, 0.636 seconds/batch
2026-04-21 20:37:50,370 - Epoch 27, Batch 900, lr = 0.00005, alpha_2 = 0.200, aux_scale = 1.000,  final_loss = 4.2387, nll_loss = 4.1214, ref_nll_loss = 4.3560, ivc_loss = 0.0450, neg_loss_1 = 0.0013, neg_loss_2 = 0.0022, ref_loss = 0.0131, div_loss = 0.0589, 0.638 seconds/batch
2026-04-21 20:38:23,400 - Epoch 27, Batch 950, lr = 0.00005, alpha_2 = 0.200, aux_scale = 1.000,  final_loss = 4.2255, nll_loss = 4.1073, ref_nll_loss = 4.3438, ivc_loss = 0.0422, neg_loss_1 = 0.0022, neg_loss_2 = 0.0011, ref_loss = 0.0119, div_loss = 0.0591, 0.639 seconds/batch
2026-04-21 20:38:56,422 - Epoch 27, Batch 1000, lr = 0.00005, alpha_2 = 0.200, aux_scale = 1.000,  final_loss = 4.2756, nll_loss = 4.1586, ref_nll_loss = 4.3925, ivc_loss = 0.0439, neg_loss_1 = 0.0022, neg_loss_2 = 0.0022, ref_loss = 0.0117, div_loss = 0.0581, 0.640 seconds/batch
2026-04-21 20:39:29,392 - Epoch 27, Batch 1050, lr = 0.00005, alpha_2 = 0.200, aux_scale = 1.000,  final_loss = 4.2349, nll_loss = 4.1173, ref_nll_loss = 4.3524, ivc_loss = 0.0418, neg_loss_1 = 0.0016, neg_loss_2 = 0.0018, ref_loss = 0.0117, div_loss = 0.0574, 0.641 seconds/batch
2026-04-21 20:40:02,388 - Epoch 27, Batch 1100, lr = 0.00005, alpha_2 = 0.200, aux_scale = 1.000,  final_loss = 4.2306, nll_loss = 4.1123, ref_nll_loss = 4.3489, ivc_loss = 0.0417, neg_loss_1 = 0.0015, neg_loss_2 = 0.0015, ref_loss = 0.0121, div_loss = 0.0583, 0.642 seconds/batch
2026-04-21 20:40:35,424 - Epoch 27, Batch 1150, lr = 0.00005, alpha_2 = 0.200, aux_scale = 1.000,  final_loss = 4.2647, nll_loss = 4.1473, ref_nll_loss = 4.3820, ivc_loss = 0.0417, neg_loss_1 = 0.0022, neg_loss_2 = 0.0009, ref_loss = 0.0121, div_loss = 0.0564, 0.642 seconds/batch
2026-04-21 20:40:48,368 - Epoch 27, Batch 1170, lr = 0.00005, alpha_2 = 0.200, aux_scale = 1.000,  final_loss = 4.2179, nll_loss = 4.0991, ref_nll_loss = 4.3367, ivc_loss = 0.0439, neg_loss_1 = 0.0008, neg_loss_2 = 0.0031, ref_loss = 0.0123, div_loss = 0.0571, 0.643 seconds/batch
2026-04-21 20:40:48,452 - save model to checkpoints/activitynet_moe_v2_staged_alpha/moe_v2_staged_alpha/model-27.pt, num_updates 31590.
2026-04-21 20:43:16,625 - | R@1,mIoU 0.3339 | R@1,IoU@0.1 0.8005 | R@1,IoU@0.3 0.4562 | R@1,IoU@0.5 0.2562 | R@1,IoU@0.7 0.1275 | R@1,IoU@0.9 0.0304 | R@5,mIoU 0.4887 | R@5,IoU@0.1 0.9073 | R@5,IoU@0.3 0.7064 | R@5,IoU@0.5 0.4991 | R@5,IoU@0.7 0.2656 | R@5,IoU@0.9 0.0703 |
2026-04-21 20:43:16,625 - ============================================================
2026-04-21 20:43:16,625 - Start Epoch 28
2026-04-21 20:43:35,781 - Epoch 28, Batch 50, lr = 0.00004, alpha_2 = 0.200, aux_scale = 1.000,  final_loss = 4.2324, nll_loss = 4.1123, ref_nll_loss = 4.3525, ivc_loss = 0.0396, neg_loss_1 = 0.0016, neg_loss_2 = 0.0014, ref_loss = 0.0109, div_loss = 0.0597, 0.383 seconds/batch
2026-04-21 20:44:02,069 - Epoch 28, Batch 100, lr = 0.00004, alpha_2 = 0.200, aux_scale = 1.000,  final_loss = 4.2021, nll_loss = 4.0843, ref_nll_loss = 4.3199, ivc_loss = 0.0441, neg_loss_1 = 0.0017, neg_loss_2 = 0.0014, ref_loss = 0.0130, div_loss = 0.0592, 0.454 seconds/batch
2026-04-21 20:44:35,066 - Epoch 28, Batch 150, lr = 0.00004, alpha_2 = 0.200, aux_scale = 1.000,  final_loss = 4.1877, nll_loss = 4.0698, ref_nll_loss = 4.3056, ivc_loss = 0.0433, neg_loss_1 = 0.0025, neg_loss_2 = 0.0011, ref_loss = 0.0120, div_loss = 0.0617, 0.523 seconds/batch
2026-04-21 20:45:08,013 - Epoch 28, Batch 200, lr = 0.00004, alpha_2 = 0.200, aux_scale = 1.000,  final_loss = 4.2035, nll_loss = 4.0858, ref_nll_loss = 4.3211, ivc_loss = 0.0448, neg_loss_1 = 0.0022, neg_loss_2 = 0.0016, ref_loss = 0.0123, div_loss = 0.0631, 0.557 seconds/batch
2026-04-21 20:45:41,023 - Epoch 28, Batch 250, lr = 0.00004, alpha_2 = 0.200, aux_scale = 1.000,  final_loss = 4.2648, nll_loss = 4.1455, ref_nll_loss = 4.3841, ivc_loss = 0.0405, neg_loss_1 = 0.0014, neg_loss_2 = 0.0020, ref_loss = 0.0107, div_loss = 0.0619, 0.578 seconds/batch
2026-04-21 20:46:14,019 - Epoch 28, Batch 300, lr = 0.00004, alpha_2 = 0.200, aux_scale = 1.000,  final_loss = 4.2056, nll_loss = 4.0881, ref_nll_loss = 4.3230, ivc_loss = 0.0421, neg_loss_1 = 0.0019, neg_loss_2 = 0.0011, ref_loss = 0.0118, div_loss = 0.0614, 0.591 seconds/batch
2026-04-21 20:46:47,031 - Epoch 28, Batch 350, lr = 0.00004, alpha_2 = 0.200, aux_scale = 1.000,  final_loss = 4.2085, nll_loss = 4.0922, ref_nll_loss = 4.3248, ivc_loss = 0.0462, neg_loss_1 = 0.0026, neg_loss_2 = 0.0021, ref_loss = 0.0125, div_loss = 0.0594, 0.601 seconds/batch
2026-04-21 20:47:19,638 - Epoch 28, Batch 400, lr = 0.00004, alpha_2 = 0.200, aux_scale = 1.000,  final_loss = 4.2097, nll_loss = 4.0896, ref_nll_loss = 4.3298, ivc_loss = 0.0446, neg_loss_1 = 0.0019, neg_loss_2 = 0.0015, ref_loss = 0.0129, div_loss = 0.0607, 0.608 seconds/batch
2026-04-21 20:47:52,579 - Epoch 28, Batch 450, lr = 0.00004, alpha_2 = 0.200, aux_scale = 1.000,  final_loss = 4.2413, nll_loss = 4.1277, ref_nll_loss = 4.3548, ivc_loss = 0.0438, neg_loss_1 = 0.0012, neg_loss_2 = 0.0020, ref_loss = 0.0127, div_loss = 0.0599, 0.613 seconds/batch
2026-04-21 20:48:25,586 - Epoch 28, Batch 500, lr = 0.00004, alpha_2 = 0.200, aux_scale = 1.000,  final_loss = 4.2187, nll_loss = 4.1010, ref_nll_loss = 4.3364, ivc_loss = 0.0404, neg_loss_1 = 0.0014, neg_loss_2 = 0.0016, ref_loss = 0.0113, div_loss = 0.0593, 0.618 seconds/batch
2026-04-21 20:48:58,588 - Epoch 28, Batch 550, lr = 0.00004, alpha_2 = 0.200, aux_scale = 1.000,  final_loss = 4.2279, nll_loss = 4.1080, ref_nll_loss = 4.3478, ivc_loss = 0.0397, neg_loss_1 = 0.0019, neg_loss_2 = 0.0015, ref_loss = 0.0103, div_loss = 0.0605, 0.622 seconds/batch
2026-04-21 20:49:31,591 - Epoch 28, Batch 600, lr = 0.00004, alpha_2 = 0.200, aux_scale = 1.000,  final_loss = 4.2374, nll_loss = 4.1207, ref_nll_loss = 4.3541, ivc_loss = 0.0425, neg_loss_1 = 0.0018, neg_loss_2 = 0.0016, ref_loss = 0.0117, div_loss = 0.0620, 0.625 seconds/batch
2026-04-21 20:50:04,551 - Epoch 28, Batch 650, lr = 0.00004, alpha_2 = 0.200, aux_scale = 1.000,  final_loss = 4.2176, nll_loss = 4.0987, ref_nll_loss = 4.3364, ivc_loss = 0.0402, neg_loss_1 = 0.0015, neg_loss_2 = 0.0012, ref_loss = 0.0112, div_loss = 0.0625, 0.628 seconds/batch
2026-04-21 20:50:37,543 - Epoch 28, Batch 700, lr = 0.00004, alpha_2 = 0.200, aux_scale = 1.000,  final_loss = 4.2324, nll_loss = 4.1149, ref_nll_loss = 4.3499, ivc_loss = 0.0417, neg_loss_1 = 0.0017, neg_loss_2 = 0.0009, ref_loss = 0.0120, div_loss = 0.0627, 0.630 seconds/batch
2026-04-21 20:51:10,521 - Epoch 28, Batch 750, lr = 0.00004, alpha_2 = 0.200, aux_scale = 1.000,  final_loss = 4.1855, nll_loss = 4.0668, ref_nll_loss = 4.3043, ivc_loss = 0.0437, neg_loss_1 = 0.0023, neg_loss_2 = 0.0011, ref_loss = 0.0121, div_loss = 0.0632, 0.632 seconds/batch
2026-04-21 20:51:43,541 - Epoch 28, Batch 800, lr = 0.00004, alpha_2 = 0.200, aux_scale = 1.000,  final_loss = 4.2046, nll_loss = 4.0867, ref_nll_loss = 4.3224, ivc_loss = 0.0440, neg_loss_1 = 0.0021, neg_loss_2 = 0.0021, ref_loss = 0.0117, div_loss = 0.0608, 0.634 seconds/batch
2026-04-21 20:52:16,515 - Epoch 28, Batch 850, lr = 0.00004, alpha_2 = 0.200, aux_scale = 1.000,  final_loss = 4.2115, nll_loss = 4.0929, ref_nll_loss = 4.3301, ivc_loss = 0.0446, neg_loss_1 = 0.0024, neg_loss_2 = 0.0014, ref_loss = 0.0124, div_loss = 0.0608, 0.635 seconds/batch
2026-04-21 20:52:49,497 - Epoch 28, Batch 900, lr = 0.00004, alpha_2 = 0.200, aux_scale = 1.000,  final_loss = 4.2347, nll_loss = 4.1156, ref_nll_loss = 4.3537, ivc_loss = 0.0451, neg_loss_1 = 0.0027, neg_loss_2 = 0.0018, ref_loss = 0.0120, div_loss = 0.0605, 0.637 seconds/batch
2026-04-21 20:53:22,467 - Epoch 28, Batch 950, lr = 0.00004, alpha_2 = 0.200, aux_scale = 1.000,  final_loss = 4.2023, nll_loss = 4.0817, ref_nll_loss = 4.3229, ivc_loss = 0.0391, neg_loss_1 = 0.0016, neg_loss_2 = 0.0014, ref_loss = 0.0105, div_loss = 0.0597, 0.638 seconds/batch
2026-04-21 20:53:55,468 - Epoch 28, Batch 1000, lr = 0.00004, alpha_2 = 0.200, aux_scale = 1.000,  final_loss = 4.2654, nll_loss = 4.1471, ref_nll_loss = 4.3837, ivc_loss = 0.0417, neg_loss_1 = 0.0013, neg_loss_2 = 0.0021, ref_loss = 0.0114, div_loss = 0.0608, 0.639 seconds/batch
2026-04-21 20:54:28,447 - Epoch 28, Batch 1050, lr = 0.00004, alpha_2 = 0.200, aux_scale = 1.000,  final_loss = 4.2124, nll_loss = 4.0914, ref_nll_loss = 4.3334, ivc_loss = 0.0418, neg_loss_1 = 0.0006, neg_loss_2 = 0.0021, ref_loss = 0.0121, div_loss = 0.0609, 0.640 seconds/batch
2026-04-21 20:55:01,456 - Epoch 28, Batch 1100, lr = 0.00004, alpha_2 = 0.200, aux_scale = 1.000,  final_loss = 4.2527, nll_loss = 4.1366, ref_nll_loss = 4.3688, ivc_loss = 0.0423, neg_loss_1 = 0.0019, neg_loss_2 = 0.0016, ref_loss = 0.0119, div_loss = 0.0586, 0.641 seconds/batch
2026-04-21 20:55:34,481 - Epoch 28, Batch 1150, lr = 0.00004, alpha_2 = 0.200, aux_scale = 1.000,  final_loss = 4.2503, nll_loss = 4.1317, ref_nll_loss = 4.3689, ivc_loss = 0.0453, neg_loss_1 = 0.0021, neg_loss_2 = 0.0013, ref_loss = 0.0133, div_loss = 0.0595, 0.642 seconds/batch
2026-04-21 20:55:47,413 - Epoch 28, Batch 1170, lr = 0.00004, alpha_2 = 0.200, aux_scale = 1.000,  final_loss = 4.2481, nll_loss = 4.1322, ref_nll_loss = 4.3640, ivc_loss = 0.0471, neg_loss_1 = 0.0022, neg_loss_2 = 0.0027, ref_loss = 0.0127, div_loss = 0.0592, 0.642 seconds/batch
2026-04-21 20:55:47,488 - save model to checkpoints/activitynet_moe_v2_staged_alpha/moe_v2_staged_alpha/model-28.pt, num_updates 32760.
2026-04-21 20:58:16,400 - | R@1,mIoU 0.3346 | R@1,IoU@0.1 0.8050 | R@1,IoU@0.3 0.4579 | R@1,IoU@0.5 0.2493 | R@1,IoU@0.7 0.1262 | R@1,IoU@0.9 0.0326 | R@5,mIoU 0.4834 | R@5,IoU@0.1 0.9047 | R@5,IoU@0.3 0.6976 | R@5,IoU@0.5 0.4912 | R@5,IoU@0.7 0.2523 | R@5,IoU@0.9 0.0671 |
2026-04-21 20:58:16,400 - ============================================================
2026-04-21 20:58:16,400 - Start Epoch 29
2026-04-21 20:58:35,495 - Epoch 29, Batch 50, lr = 0.00004, alpha_2 = 0.200, aux_scale = 1.000,  final_loss = 4.1943, nll_loss = 4.0744, ref_nll_loss = 4.3142, ivc_loss = 0.0450, neg_loss_1 = 0.0023, neg_loss_2 = 0.0012, ref_loss = 0.0128, div_loss = 0.0617, 0.382 seconds/batch
2026-04-21 20:59:01,688 - Epoch 29, Batch 100, lr = 0.00004, alpha_2 = 0.200, aux_scale = 1.000,  final_loss = 4.1816, nll_loss = 4.0616, ref_nll_loss = 4.3016, ivc_loss = 0.0465, neg_loss_1 = 0.0020, neg_loss_2 = 0.0017, ref_loss = 0.0133, div_loss = 0.0622, 0.453 seconds/batch
2026-04-21 20:59:34,669 - Epoch 29, Batch 150, lr = 0.00004, alpha_2 = 0.200, aux_scale = 1.000,  final_loss = 4.2112, nll_loss = 4.0932, ref_nll_loss = 4.3293, ivc_loss = 0.0403, neg_loss_1 = 0.0011, neg_loss_2 = 0.0010, ref_loss = 0.0120, div_loss = 0.0612, 0.522 seconds/batch
2026-04-21 21:00:07,848 - Epoch 29, Batch 200, lr = 0.00004, alpha_2 = 0.200, aux_scale = 1.000,  final_loss = 4.2315, nll_loss = 4.1126, ref_nll_loss = 4.3504, ivc_loss = 0.0463, neg_loss_1 = 0.0022, neg_loss_2 = 0.0016, ref_loss = 0.0131, div_loss = 0.0617, 0.557 seconds/batch
2026-04-21 21:00:40,687 - Epoch 29, Batch 250, lr = 0.00004, alpha_2 = 0.200, aux_scale = 1.000,  final_loss = 4.1869, nll_loss = 4.0721, ref_nll_loss = 4.3017, ivc_loss = 0.0452, neg_loss_1 = 0.0011, neg_loss_2 = 0.0023, ref_loss = 0.0130, div_loss = 0.0622, 0.577 seconds/batch
2026-04-21 21:01:13,675 - Epoch 29, Batch 300, lr = 0.00004, alpha_2 = 0.200, aux_scale = 1.000,  final_loss = 4.2158, nll_loss = 4.0958, ref_nll_loss = 4.3358, ivc_loss = 0.0447, neg_loss_1 = 0.0011, neg_loss_2 = 0.0023, ref_loss = 0.0124, div_loss = 0.0653, 0.591 seconds/batch
2026-04-21 21:01:46,646 - Epoch 29, Batch 350, lr = 0.00004, alpha_2 = 0.200, aux_scale = 1.000,  final_loss = 4.1972, nll_loss = 4.0758, ref_nll_loss = 4.3187, ivc_loss = 0.0452, neg_loss_1 = 0.0019, neg_loss_2 = 0.0024, ref_loss = 0.0120, div_loss = 0.0625, 0.601 seconds/batch
2026-04-21 21:02:19,661 - Epoch 29, Batch 400, lr = 0.00004, alpha_2 = 0.200, aux_scale = 1.000,  final_loss = 4.2073, nll_loss = 4.0887, ref_nll_loss = 4.3258, ivc_loss = 0.0457, neg_loss_1 = 0.0024, neg_loss_2 = 0.0023, ref_loss = 0.0118, div_loss = 0.0644, 0.608 seconds/batch
2026-04-21 21:02:52,658 - Epoch 29, Batch 450, lr = 0.00004, alpha_2 = 0.200, aux_scale = 1.000,  final_loss = 4.2204, nll_loss = 4.0998, ref_nll_loss = 4.3410, ivc_loss = 0.0433, neg_loss_1 = 0.0020, neg_loss_2 = 0.0018, ref_loss = 0.0119, div_loss = 0.0604, 0.614 seconds/batch
2026-04-21 21:03:25,646 - Epoch 29, Batch 500, lr = 0.00004, alpha_2 = 0.200, aux_scale = 1.000,  final_loss = 4.2343, nll_loss = 4.1141, ref_nll_loss = 4.3544, ivc_loss = 0.0419, neg_loss_1 = 0.0016, neg_loss_2 = 0.0008, ref_loss = 0.0126, div_loss = 0.0590, 0.618 seconds/batch
2026-04-21 21:03:58,625 - Epoch 29, Batch 550, lr = 0.00004, alpha_2 = 0.200, aux_scale = 1.000,  final_loss = 4.2061, nll_loss = 4.0882, ref_nll_loss = 4.3239, ivc_loss = 0.0420, neg_loss_1 = 0.0024, neg_loss_2 = 0.0011, ref_loss = 0.0114, div_loss = 0.0597, 0.622 seconds/batch
2026-04-21 21:04:31,619 - Epoch 29, Batch 600, lr = 0.00004, alpha_2 = 0.200, aux_scale = 1.000,  final_loss = 4.1927, nll_loss = 4.0756, ref_nll_loss = 4.3098, ivc_loss = 0.0439, neg_loss_1 = 0.0021, neg_loss_2 = 0.0019, ref_loss = 0.0119, div_loss = 0.0603, 0.625 seconds/batch
2026-04-21 21:05:04,602 - Epoch 29, Batch 650, lr = 0.00004, alpha_2 = 0.200, aux_scale = 1.000,  final_loss = 4.1948, nll_loss = 4.0773, ref_nll_loss = 4.3122, ivc_loss = 0.0406, neg_loss_1 = 0.0020, neg_loss_2 = 0.0012, ref_loss = 0.0110, div_loss = 0.0605, 0.628 seconds/batch
2026-04-21 21:05:37,592 - Epoch 29, Batch 700, lr = 0.00004, alpha_2 = 0.200, aux_scale = 1.000,  final_loss = 4.2272, nll_loss = 4.1094, ref_nll_loss = 4.3451, ivc_loss = 0.0459, neg_loss_1 = 0.0019, neg_loss_2 = 0.0015, ref_loss = 0.0135, div_loss = 0.0598, 0.630 seconds/batch
2026-04-21 21:06:10,575 - Epoch 29, Batch 750, lr = 0.00004, alpha_2 = 0.200, aux_scale = 1.000,  final_loss = 4.2168, nll_loss = 4.0957, ref_nll_loss = 4.3379, ivc_loss = 0.0413, neg_loss_1 = 0.0019, neg_loss_2 = 0.0019, ref_loss = 0.0109, div_loss = 0.0596, 0.632 seconds/batch
2026-04-21 21:06:43,555 - Epoch 29, Batch 800, lr = 0.00004, alpha_2 = 0.200, aux_scale = 1.000,  final_loss = 4.1995, nll_loss = 4.0803, ref_nll_loss = 4.3187, ivc_loss = 0.0422, neg_loss_1 = 0.0015, neg_loss_2 = 0.0008, ref_loss = 0.0127, div_loss = 0.0604, 0.634 seconds/batch
2026-04-21 21:07:16,501 - Epoch 29, Batch 850, lr = 0.00004, alpha_2 = 0.200, aux_scale = 1.000,  final_loss = 4.2083, nll_loss = 4.0881, ref_nll_loss = 4.3285, ivc_loss = 0.0411, neg_loss_1 = 0.0021, neg_loss_2 = 0.0010, ref_loss = 0.0113, div_loss = 0.0617, 0.635 seconds/batch
2026-04-21 21:07:49,457 - Epoch 29, Batch 900, lr = 0.00004, alpha_2 = 0.200, aux_scale = 1.000,  final_loss = 4.2070, nll_loss = 4.0892, ref_nll_loss = 4.3249, ivc_loss = 0.0427, neg_loss_1 = 0.0019, neg_loss_2 = 0.0012, ref_loss = 0.0121, div_loss = 0.0613, 0.637 seconds/batch
2026-04-21 21:08:22,427 - Epoch 29, Batch 950, lr = 0.00004, alpha_2 = 0.200, aux_scale = 1.000,  final_loss = 4.2048, nll_loss = 4.0870, ref_nll_loss = 4.3226, ivc_loss = 0.0461, neg_loss_1 = 0.0022, neg_loss_2 = 0.0020, ref_loss = 0.0126, div_loss = 0.0624, 0.638 seconds/batch
2026-04-21 21:08:55,395 - Epoch 29, Batch 1000, lr = 0.00004, alpha_2 = 0.200, aux_scale = 1.000,  final_loss = 4.2609, nll_loss = 4.1372, ref_nll_loss = 4.3847, ivc_loss = 0.0453, neg_loss_1 = 0.0028, neg_loss_2 = 0.0023, ref_loss = 0.0114, div_loss = 0.0618, 0.639 seconds/batch
2026-04-21 21:09:28,343 - Epoch 29, Batch 1050, lr = 0.00004, alpha_2 = 0.200, aux_scale = 1.000,  final_loss = 4.2233, nll_loss = 4.1068, ref_nll_loss = 4.3398, ivc_loss = 0.0424, neg_loss_1 = 0.0013, neg_loss_2 = 0.0014, ref_loss = 0.0123, div_loss = 0.0620, 0.640 seconds/batch
2026-04-21 21:10:01,318 - Epoch 29, Batch 1100, lr = 0.00004, alpha_2 = 0.200, aux_scale = 1.000,  final_loss = 4.2328, nll_loss = 4.1134, ref_nll_loss = 4.3522, ivc_loss = 0.0416, neg_loss_1 = 0.0011, neg_loss_2 = 0.0016, ref_loss = 0.0118, div_loss = 0.0624, 0.641 seconds/batch
2026-04-21 21:10:34,287 - Epoch 29, Batch 1150, lr = 0.00004, alpha_2 = 0.200, aux_scale = 1.000,  final_loss = 4.2201, nll_loss = 4.0991, ref_nll_loss = 4.3412, ivc_loss = 0.0440, neg_loss_1 = 0.0014, neg_loss_2 = 0.0018, ref_loss = 0.0126, div_loss = 0.0621, 0.642 seconds/batch
2026-04-21 21:10:47,168 - Epoch 29, Batch 1170, lr = 0.00004, alpha_2 = 0.200, aux_scale = 1.000,  final_loss = 4.2626, nll_loss = 4.1450, ref_nll_loss = 4.3802, ivc_loss = 0.0429, neg_loss_1 = 0.0021, neg_loss_2 = 0.0011, ref_loss = 0.0121, div_loss = 0.0616, 0.642 seconds/batch
2026-04-21 21:10:47,243 - save model to checkpoints/activitynet_moe_v2_staged_alpha/moe_v2_staged_alpha/model-29.pt, num_updates 33930.
2026-04-21 21:13:14,856 - | R@1,mIoU 0.3336 | R@1,IoU@0.1 0.8012 | R@1,IoU@0.3 0.4540 | R@1,IoU@0.5 0.2547 | R@1,IoU@0.7 0.1274 | R@1,IoU@0.9 0.0308 | R@5,mIoU 0.4871 | R@5,IoU@0.1 0.9042 | R@5,IoU@0.3 0.6977 | R@5,IoU@0.5 0.4982 | R@5,IoU@0.7 0.2652 | R@5,IoU@0.9 0.0685 |
2026-04-21 21:13:14,856 - ============================================================
2026-04-21 21:13:14,856 - Start Epoch 30
2026-04-21 21:13:33,987 - Epoch 30, Batch 50, lr = 0.00004, alpha_2 = 0.200, aux_scale = 1.000,  final_loss = 4.1731, nll_loss = 4.0535, ref_nll_loss = 4.2927, ivc_loss = 0.0448, neg_loss_1 = 0.0027, neg_loss_2 = 0.0012, ref_loss = 0.0123, div_loss = 0.0614, 0.383 seconds/batch
2026-04-21 21:14:00,015 - Epoch 30, Batch 100, lr = 0.00004, alpha_2 = 0.200, aux_scale = 1.000,  final_loss = 4.2352, nll_loss = 4.1169, ref_nll_loss = 4.3535, ivc_loss = 0.0424, neg_loss_1 = 0.0016, neg_loss_2 = 0.0011, ref_loss = 0.0123, div_loss = 0.0618, 0.452 seconds/batch
2026-04-21 21:14:32,978 - Epoch 30, Batch 150, lr = 0.00004, alpha_2 = 0.200, aux_scale = 1.000,  final_loss = 4.1931, nll_loss = 4.0733, ref_nll_loss = 4.3129, ivc_loss = 0.0447, neg_loss_1 = 0.0020, neg_loss_2 = 0.0020, ref_loss = 0.0123, div_loss = 0.0606, 0.521 seconds/batch
2026-04-21 21:15:05,973 - Epoch 30, Batch 200, lr = 0.00004, alpha_2 = 0.200, aux_scale = 1.000,  final_loss = 4.2034, nll_loss = 4.0806, ref_nll_loss = 4.3263, ivc_loss = 0.0354, neg_loss_1 = 0.0009, neg_loss_2 = 0.0013, ref_loss = 0.0094, div_loss = 0.0606, 0.556 seconds/batch
2026-04-21 21:15:38,972 - Epoch 30, Batch 250, lr = 0.00004, alpha_2 = 0.200, aux_scale = 1.000,  final_loss = 4.2105, nll_loss = 4.0916, ref_nll_loss = 4.3295, ivc_loss = 0.0468, neg_loss_1 = 0.0022, neg_loss_2 = 0.0021, ref_loss = 0.0131, div_loss = 0.0602, 0.576 seconds/batch
2026-04-21 21:16:11,969 - Epoch 30, Batch 300, lr = 0.00004, alpha_2 = 0.200, aux_scale = 1.000,  final_loss = 4.1667, nll_loss = 4.0439, ref_nll_loss = 4.2895, ivc_loss = 0.0413, neg_loss_1 = 0.0026, neg_loss_2 = 0.0016, ref_loss = 0.0103, div_loss = 0.0603, 0.590 seconds/batch
2026-04-21 21:16:44,983 - Epoch 30, Batch 350, lr = 0.00004, alpha_2 = 0.200, aux_scale = 1.000,  final_loss = 4.1801, nll_loss = 4.0601, ref_nll_loss = 4.3001, ivc_loss = 0.0420, neg_loss_1 = 0.0018, neg_loss_2 = 0.0020, ref_loss = 0.0112, div_loss = 0.0602, 0.600 seconds/batch
2026-04-21 21:17:17,940 - Epoch 30, Batch 400, lr = 0.00004, alpha_2 = 0.200, aux_scale = 1.000,  final_loss = 4.1937, nll_loss = 4.0741, ref_nll_loss = 4.3133, ivc_loss = 0.0412, neg_loss_1 = 0.0020, neg_loss_2 = 0.0014, ref_loss = 0.0112, div_loss = 0.0599, 0.608 seconds/batch
2026-04-21 21:17:50,925 - Epoch 30, Batch 450, lr = 0.00004, alpha_2 = 0.200, aux_scale = 1.000,  final_loss = 4.1932, nll_loss = 4.0732, ref_nll_loss = 4.3131, ivc_loss = 0.0441, neg_loss_1 = 0.0023, neg_loss_2 = 0.0010, ref_loss = 0.0127, div_loss = 0.0601, 0.613 seconds/batch
2026-04-21 21:18:23,910 - Epoch 30, Batch 500, lr = 0.00004, alpha_2 = 0.200, aux_scale = 1.000,  final_loss = 4.1943, nll_loss = 4.0752, ref_nll_loss = 4.3134, ivc_loss = 0.0462, neg_loss_1 = 0.0023, neg_loss_2 = 0.0023, ref_loss = 0.0126, div_loss = 0.0595, 0.618 seconds/batch
2026-04-21 21:18:56,880 - Epoch 30, Batch 550, lr = 0.00004, alpha_2 = 0.200, aux_scale = 1.000,  final_loss = 4.2286, nll_loss = 4.1058, ref_nll_loss = 4.3514, ivc_loss = 0.0401, neg_loss_1 = 0.0019, neg_loss_2 = 0.0016, ref_loss = 0.0106, div_loss = 0.0595, 0.622 seconds/batch
2026-04-21 21:19:29,888 - Epoch 30, Batch 600, lr = 0.00004, alpha_2 = 0.200, aux_scale = 1.000,  final_loss = 4.1857, nll_loss = 4.0643, ref_nll_loss = 4.3071, ivc_loss = 0.0420, neg_loss_1 = 0.0020, neg_loss_2 = 0.0010, ref_loss = 0.0120, div_loss = 0.0601, 0.625 seconds/batch
2026-04-21 21:20:02,891 - Epoch 30, Batch 650, lr = 0.00004, alpha_2 = 0.200, aux_scale = 1.000,  final_loss = 4.1834, nll_loss = 4.0642, ref_nll_loss = 4.3026, ivc_loss = 0.0452, neg_loss_1 = 0.0017, neg_loss_2 = 0.0022, ref_loss = 0.0125, div_loss = 0.0612, 0.628 seconds/batch
2026-04-21 21:20:35,871 - Epoch 30, Batch 700, lr = 0.00004, alpha_2 = 0.200, aux_scale = 1.000,  final_loss = 4.1794, nll_loss = 4.0627, ref_nll_loss = 4.2961, ivc_loss = 0.0475, neg_loss_1 = 0.0025, neg_loss_2 = 0.0026, ref_loss = 0.0127, div_loss = 0.0596, 0.630 seconds/batch
2026-04-21 21:21:08,873 - Epoch 30, Batch 750, lr = 0.00004, alpha_2 = 0.200, aux_scale = 1.000,  final_loss = 4.2126, nll_loss = 4.0902, ref_nll_loss = 4.3349, ivc_loss = 0.0403, neg_loss_1 = 0.0015, neg_loss_2 = 0.0022, ref_loss = 0.0106, div_loss = 0.0591, 0.632 seconds/batch
2026-04-21 21:21:41,847 - Epoch 30, Batch 800, lr = 0.00004, alpha_2 = 0.200, aux_scale = 1.000,  final_loss = 4.1678, nll_loss = 4.0445, ref_nll_loss = 4.2910, ivc_loss = 0.0390, neg_loss_1 = 0.0016, neg_loss_2 = 0.0015, ref_loss = 0.0104, div_loss = 0.0594, 0.634 seconds/batch
2026-04-21 21:22:14,808 - Epoch 30, Batch 850, lr = 0.00004, alpha_2 = 0.200, aux_scale = 1.000,  final_loss = 4.2155, nll_loss = 4.0974, ref_nll_loss = 4.3336, ivc_loss = 0.0454, neg_loss_1 = 0.0024, neg_loss_2 = 0.0016, ref_loss = 0.0127, div_loss = 0.0604, 0.635 seconds/batch
2026-04-21 21:22:47,767 - Epoch 30, Batch 900, lr = 0.00004, alpha_2 = 0.200, aux_scale = 1.000,  final_loss = 4.2025, nll_loss = 4.0822, ref_nll_loss = 4.3229, ivc_loss = 0.0441, neg_loss_1 = 0.0018, neg_loss_2 = 0.0017, ref_loss = 0.0124, div_loss = 0.0617, 0.637 seconds/batch
2026-04-21 21:23:20,734 - Epoch 30, Batch 950, lr = 0.00004, alpha_2 = 0.200, aux_scale = 1.000,  final_loss = 4.1953, nll_loss = 4.0749, ref_nll_loss = 4.3156, ivc_loss = 0.0406, neg_loss_1 = 0.0018, neg_loss_2 = 0.0014, ref_loss = 0.0108, div_loss = 0.0619, 0.638 seconds/batch
2026-04-21 21:23:53,728 - Epoch 30, Batch 1000, lr = 0.00004, alpha_2 = 0.200, aux_scale = 1.000,  final_loss = 4.2248, nll_loss = 4.1058, ref_nll_loss = 4.3437, ivc_loss = 0.0417, neg_loss_1 = 0.0009, neg_loss_2 = 0.0019, ref_loss = 0.0117, div_loss = 0.0639, 0.639 seconds/batch
2026-04-21 21:24:26,615 - Epoch 30, Batch 1050, lr = 0.00004, alpha_2 = 0.200, aux_scale = 1.000,  final_loss = 4.2227, nll_loss = 4.1029, ref_nll_loss = 4.3425, ivc_loss = 0.0428, neg_loss_1 = 0.0020, neg_loss_2 = 0.0020, ref_loss = 0.0112, div_loss = 0.0624, 0.640 seconds/batch
2026-04-21 21:24:59,586 - Epoch 30, Batch 1100, lr = 0.00004, alpha_2 = 0.200, aux_scale = 1.000,  final_loss = 4.1942, nll_loss = 4.0702, ref_nll_loss = 4.3183, ivc_loss = 0.0404, neg_loss_1 = 0.0013, neg_loss_2 = 0.0023, ref_loss = 0.0105, div_loss = 0.0618, 0.641 seconds/batch
2026-04-21 21:25:32,533 - Epoch 30, Batch 1150, lr = 0.00004, alpha_2 = 0.200, aux_scale = 1.000,  final_loss = 4.1997, nll_loss = 4.0811, ref_nll_loss = 4.3183, ivc_loss = 0.0426, neg_loss_1 = 0.0020, neg_loss_2 = 0.0014, ref_loss = 0.0118, div_loss = 0.0619, 0.641 seconds/batch
2026-04-21 21:25:45,544 - Epoch 30, Batch 1170, lr = 0.00004, alpha_2 = 0.200, aux_scale = 1.000,  final_loss = 4.1906, nll_loss = 4.0750, ref_nll_loss = 4.3063, ivc_loss = 0.0434, neg_loss_1 = 0.0010, neg_loss_2 = 0.0020, ref_loss = 0.0128, div_loss = 0.0599, 0.642 seconds/batch
2026-04-21 21:25:45,624 - save model to checkpoints/activitynet_moe_v2_staged_alpha/moe_v2_staged_alpha/model-30.pt, num_updates 35100.
2026-04-21 21:28:13,248 - | R@1,mIoU 0.3364 | R@1,IoU@0.1 0.8026 | R@1,IoU@0.3 0.4620 | R@1,IoU@0.5 0.2562 | R@1,IoU@0.7 0.1262 | R@1,IoU@0.9 0.0327 | R@5,mIoU 0.4898 | R@5,IoU@0.1 0.9056 | R@5,IoU@0.3 0.7018 | R@5,IoU@0.5 0.5009 | R@5,IoU@0.7 0.2683 | R@5,IoU@0.9 0.0726 |
2026-04-21 21:28:13,248 - ============================================================
2026-04-21 21:28:13,248 - === Final Best Results ===
2026-04-21 21:28:13,248 - R@1-best: | R@1,mIoU 0.3465 | R@1,IoU@0.1 0.8197 | R@1,IoU@0.3 0.4827 | R@1,IoU@0.5 0.2296 | R@1,IoU@0.7 0.1280 | R@1,IoU@0.9 0.0776 | R@5,mIoU 0.4869 | R@5,IoU@0.1 0.9103 | R@5,IoU@0.3 0.7145 | R@5,IoU@0.5 0.4807 | R@5,IoU@0.7 0.2413 | R@5,IoU@0.9 0.0899 |
2026-04-21 21:28:13,248 - R@5-best: | R@1,mIoU 0.2890 | R@1,IoU@0.1 0.6621 | R@1,IoU@0.3 0.4462 | R@1,IoU@0.5 0.2746 | R@1,IoU@0.7 0.0438 | R@1,IoU@0.9 0.0039 | R@5,mIoU 0.5392 | R@5,IoU@0.1 0.9090 | R@5,IoU@0.3 0.7542 | R@5,IoU@0.5 0.6000 | R@5,IoU@0.7 0.3313 | R@5,IoU@0.9 0.0814 |
2026-04-21 21:28:13,248 - Tradeoff-best: | R@1,mIoU 0.3411 | R@1,IoU@0.1 0.8109 | R@1,IoU@0.3 0.4660 | R@1,IoU@0.5 0.2331 | R@1,IoU@0.7 0.1268 | R@1,IoU@0.9 0.0788 | R@5,mIoU 0.5385 | R@5,IoU@0.1 0.9206 | R@5,IoU@0.3 0.7441 | R@5,IoU@0.5 0.5657 | R@5,IoU@0.7 0.3517 | R@5,IoU@0.9 0.1261 |
