2026-04-19 23:09:54,751 - {'dataset': {'dataset': 'ActivityNet', 'feature_path': '/data/chenyuan/videogrounding/cpl-main/data/activitynet/sub_activitynet_v1-3.c3d.hdf5', 'vocab_size': 1111, 'word_dim': 300, 'frame_dim': 500, 'max_num_words': 40, 'max_num_frames': 200, 'target_stride': 1, 'train_data': 'data/activitynet/train_data.json', 'test_data': 'data/activitynet/test_data.json', 'val_data': 'data/activitynet/val_data.json', 'vocab_path': 'data/activitynet/glove.pkl'}, 'train': {'optimizer': {'lr': 0.0004, 'weight_decay': 0, 'warmup_updates': 400, 'warmup_init_lr': 1e-07}, 'batch_size': 32, 'max_num_epochs': 30, 'model_saved_path': 'checkpoints/activitynet_moe/cpl_moe'}, 'model': {'name': 'CPL_MoE', 'source': 'models', 'config': {'frames_input_size': 500, 'words_input_size': 300, 'hidden_size': 256, 'use_negative': True, 'num_props': 8, 'sigma': 9, 'gamma': 0.5, 'dropout': 0.1, 'DualTransformer': {'d_model': 256, 'num_heads': 4, 'num_decoder_layers1': 3, 'num_decoder_layers2': 3, 'dropout': 0.1}, 'MoE': {'use_moe': True, 'use_simple_moe': False, 'num_experts': 8, 'num_shared_experts': 2, 'top_k': 2, 'use_load_balance_loss': True, 'load_balance_weight': 0.01, 'use_2layer_gate': True}}}, 'loss': {'margin_1': 0.1, 'margin_2': 0.2, 'lambda': 0.124, 'alpha_1': 1, 'alpha_2': 5, 'use_width_reg': False, 'width_lambda': 0.05}, 'vote': True}
2026-04-19 23:09:55,106 - train: 37421 samples, test: 17031 samples
2026-04-19 23:09:56,832 - Start Epoch 1
2026-04-19 23:10:37,877 - Epoch 1, Batch 50, lr = 0.00005, final_loss = 6.8853, nll_loss = 6.8432, ref_nll_loss = 6.9274, ivc_loss = 1.3221, neg_loss_1 = 0.1106, neg_loss_2 = 0.1077, ref_loss = 0.0423, div_loss = 0.2123, 0.821 seconds/batch
2026-04-19 23:11:16,921 - Epoch 1, Batch 100, lr = 0.00010, final_loss = 6.0579, nll_loss = 6.0190, ref_nll_loss = 6.0968, ivc_loss = 0.3234, neg_loss_1 = 0.0676, neg_loss_2 = 0.0678, ref_loss = 0.0401, div_loss = 0.0296, 0.801 seconds/batch
2026-04-19 23:11:56,551 - Epoch 1, Batch 150, lr = 0.00015, final_loss = 5.6438, nll_loss = 5.6021, ref_nll_loss = 5.6855, ivc_loss = 0.2247, neg_loss_1 = 0.0660, neg_loss_2 = 0.0644, ref_loss = 0.0386, div_loss = 0.0111, 0.798 seconds/batch
2026-04-19 23:12:36,016 - Epoch 1, Batch 200, lr = 0.00020, final_loss = 5.4330, nll_loss = 5.3873, ref_nll_loss = 5.4786, ivc_loss = 0.1967, neg_loss_1 = 0.0614, neg_loss_2 = 0.0597, ref_loss = 0.0360, div_loss = 0.0079, 0.796 seconds/batch
2026-04-19 23:13:15,627 - Epoch 1, Batch 250, lr = 0.00025, final_loss = 5.3255, nll_loss = 5.2798, ref_nll_loss = 5.3711, ivc_loss = 0.1845, neg_loss_1 = 0.0564, neg_loss_2 = 0.0531, ref_loss = 0.0369, div_loss = 0.0076, 0.795 seconds/batch
2026-04-19 23:13:55,230 - Epoch 1, Batch 300, lr = 0.00030, final_loss = 5.2619, nll_loss = 5.2104, ref_nll_loss = 5.3134, ivc_loss = 0.1764, neg_loss_1 = 0.0534, neg_loss_2 = 0.0495, ref_loss = 0.0339, div_loss = 0.0079, 0.795 seconds/batch
2026-04-19 23:14:34,958 - Epoch 1, Batch 350, lr = 0.00035, final_loss = 5.1641, nll_loss = 5.1124, ref_nll_loss = 5.2159, ivc_loss = 0.1708, neg_loss_1 = 0.0528, neg_loss_2 = 0.0493, ref_loss = 0.0335, div_loss = 0.0070, 0.795 seconds/batch
2026-04-19 23:15:14,803 - Epoch 1, Batch 400, lr = 0.00040, final_loss = 5.0855, nll_loss = 5.0310, ref_nll_loss = 5.1401, ivc_loss = 0.1585, neg_loss_1 = 0.0489, neg_loss_2 = 0.0435, ref_loss = 0.0311, div_loss = 0.0070, 0.795 seconds/batch
2026-04-19 23:15:54,428 - Epoch 1, Batch 450, lr = 0.00038, final_loss = 5.0441, nll_loss = 4.9912, ref_nll_loss = 5.0970, ivc_loss = 0.1621, neg_loss_1 = 0.0470, neg_loss_2 = 0.0483, ref_loss = 0.0335, div_loss = 0.0067, 0.795 seconds/batch
2026-04-19 23:16:33,758 - Epoch 1, Batch 500, lr = 0.00036, final_loss = 4.9514, nll_loss = 4.8978, ref_nll_loss = 5.0050, ivc_loss = 0.1471, neg_loss_1 = 0.0396, neg_loss_2 = 0.0390, ref_loss = 0.0343, div_loss = 0.0068, 0.794 seconds/batch
2026-04-19 23:17:13,664 - Epoch 1, Batch 550, lr = 0.00034, final_loss = 4.8686, nll_loss = 4.8116, ref_nll_loss = 4.9255, ivc_loss = 0.1269, neg_loss_1 = 0.0308, neg_loss_2 = 0.0325, ref_loss = 0.0331, div_loss = 0.0061, 0.794 seconds/batch
2026-04-19 23:17:53,392 - Epoch 1, Batch 600, lr = 0.00033, final_loss = 4.8452, nll_loss = 4.7903, ref_nll_loss = 4.9002, ivc_loss = 0.1192, neg_loss_1 = 0.0245, neg_loss_2 = 0.0281, ref_loss = 0.0370, div_loss = 0.0059, 0.794 seconds/batch
2026-04-19 23:18:33,299 - Epoch 1, Batch 650, lr = 0.00031, final_loss = 4.8089, nll_loss = 4.7517, ref_nll_loss = 4.8661, ivc_loss = 0.1098, neg_loss_1 = 0.0216, neg_loss_2 = 0.0237, ref_loss = 0.0347, div_loss = 0.0060, 0.795 seconds/batch
2026-04-19 23:19:13,075 - Epoch 1, Batch 700, lr = 0.00030, final_loss = 4.7507, nll_loss = 4.6928, ref_nll_loss = 4.8086, ivc_loss = 0.0990, neg_loss_1 = 0.0166, neg_loss_2 = 0.0165, ref_loss = 0.0360, div_loss = 0.0060, 0.795 seconds/batch
2026-04-19 23:19:52,656 - Epoch 1, Batch 750, lr = 0.00029, final_loss = 4.7586, nll_loss = 4.7017, ref_nll_loss = 4.8156, ivc_loss = 0.0959, neg_loss_1 = 0.0144, neg_loss_2 = 0.0149, ref_loss = 0.0358, div_loss = 0.0062, 0.794 seconds/batch
2026-04-19 23:20:31,949 - Epoch 1, Batch 800, lr = 0.00028, final_loss = 4.6881, nll_loss = 4.6256, ref_nll_loss = 4.7505, ivc_loss = 0.0868, neg_loss_1 = 0.0110, neg_loss_2 = 0.0133, ref_loss = 0.0333, div_loss = 0.0058, 0.794 seconds/batch
2026-04-19 23:21:11,610 - Epoch 1, Batch 850, lr = 0.00027, final_loss = 4.6882, nll_loss = 4.6320, ref_nll_loss = 4.7445, ivc_loss = 0.0887, neg_loss_1 = 0.0099, neg_loss_2 = 0.0113, ref_loss = 0.0388, div_loss = 0.0057, 0.794 seconds/batch
2026-04-19 23:21:51,275 - Epoch 1, Batch 900, lr = 0.00027, final_loss = 4.6645, nll_loss = 4.6017, ref_nll_loss = 4.7273, ivc_loss = 0.0801, neg_loss_1 = 0.0087, neg_loss_2 = 0.0112, ref_loss = 0.0323, div_loss = 0.0056, 0.794 seconds/batch
2026-04-19 23:22:30,983 - Epoch 1, Batch 950, lr = 0.00026, final_loss = 4.6644, nll_loss = 4.6060, ref_nll_loss = 4.7227, ivc_loss = 0.0842, neg_loss_1 = 0.0084, neg_loss_2 = 0.0094, ref_loss = 0.0376, div_loss = 0.0058, 0.794 seconds/batch
2026-04-19 23:23:10,348 - Epoch 1, Batch 1000, lr = 0.00025, final_loss = 4.6301, nll_loss = 4.5706, ref_nll_loss = 4.6896, ivc_loss = 0.0783, neg_loss_1 = 0.0079, neg_loss_2 = 0.0070, ref_loss = 0.0353, div_loss = 0.0056, 0.794 seconds/batch
2026-04-19 23:23:49,237 - Epoch 1, Batch 1050, lr = 0.00025, final_loss = 4.6201, nll_loss = 4.5595, ref_nll_loss = 4.6808, ivc_loss = 0.0795, neg_loss_1 = 0.0062, neg_loss_2 = 0.0077, ref_loss = 0.0343, div_loss = 0.0063, 0.793 seconds/batch
2026-04-19 23:24:22,971 - Epoch 1, Batch 1100, lr = 0.00024, final_loss = 4.5687, nll_loss = 4.5068, ref_nll_loss = 4.6305, ivc_loss = 0.0744, neg_loss_1 = 0.0066, neg_loss_2 = 0.0067, ref_loss = 0.0338, div_loss = 0.0054, 0.787 seconds/batch
2026-04-19 23:24:50,638 - Epoch 1, Batch 1150, lr = 0.00024, final_loss = 4.5594, nll_loss = 4.4974, ref_nll_loss = 4.6215, ivc_loss = 0.0715, neg_loss_1 = 0.0056, neg_loss_2 = 0.0072, ref_loss = 0.0319, div_loss = 0.0053, 0.777 seconds/batch
2026-04-19 23:24:59,247 - Epoch 1, Batch 1170, lr = 0.00023, final_loss = 4.5278, nll_loss = 4.4677, ref_nll_loss = 4.5879, ivc_loss = 0.0670, neg_loss_1 = 0.0032, neg_loss_2 = 0.0032, ref_loss = 0.0340, div_loss = 0.0053, 0.771 seconds/batch
2026-04-19 23:24:59,324 - save model to checkpoints/activitynet_moe/cpl_moe/model-1.pt, num_updates 1170.
2026-04-19 23:28:05,043 - | R@1,mIoU 0.2243 | R@1,IoU@0.1 0.5420 | R@1,IoU@0.3 0.3868 | R@1,IoU@0.5 0.1492 | R@1,IoU@0.7 0.0378 | R@1,IoU@0.9 0.0012 | R@5,mIoU 0.5239 | R@5,IoU@0.1 0.9169 | R@5,IoU@0.3 0.7822 | R@5,IoU@0.5 0.5311 | R@5,IoU@0.7 0.3123 | R@5,IoU@0.9 0.0725 |
2026-04-19 23:28:05,109 - Best results have been updated.
2026-04-19 23:28:05,110 - ============================================================
2026-04-19 23:28:05,110 - Start Epoch 2
2026-04-19 23:28:44,940 - Epoch 2, Batch 50, lr = 0.00023, final_loss = 4.5157, nll_loss = 4.4538, ref_nll_loss = 4.5776, ivc_loss = 0.0810, neg_loss_1 = 0.0104, neg_loss_2 = 0.0109, ref_loss = 0.0308, div_loss = 0.0058, 0.797 seconds/batch
2026-04-19 23:29:24,734 - Epoch 2, Batch 100, lr = 0.00022, final_loss = 4.5146, nll_loss = 4.4498, ref_nll_loss = 4.5794, ivc_loss = 0.0822, neg_loss_1 = 0.0113, neg_loss_2 = 0.0114, ref_loss = 0.0315, div_loss = 0.0056, 0.796 seconds/batch
2026-04-19 23:30:04,400 - Epoch 2, Batch 150, lr = 0.00022, final_loss = 4.5292, nll_loss = 4.4665, ref_nll_loss = 4.5920, ivc_loss = 0.0782, neg_loss_1 = 0.0082, neg_loss_2 = 0.0103, ref_loss = 0.0330, div_loss = 0.0053, 0.795 seconds/batch
2026-04-19 23:30:44,042 - Epoch 2, Batch 200, lr = 0.00022, final_loss = 4.4910, nll_loss = 4.4296, ref_nll_loss = 4.5523, ivc_loss = 0.0772, neg_loss_1 = 0.0062, neg_loss_2 = 0.0070, ref_loss = 0.0362, div_loss = 0.0056, 0.795 seconds/batch
2026-04-19 23:31:23,778 - Epoch 2, Batch 250, lr = 0.00021, final_loss = 4.4863, nll_loss = 4.4214, ref_nll_loss = 4.5512, ivc_loss = 0.0750, neg_loss_1 = 0.0057, neg_loss_2 = 0.0073, ref_loss = 0.0337, div_loss = 0.0057, 0.795 seconds/batch
2026-04-19 23:32:03,594 - Epoch 2, Batch 300, lr = 0.00021, final_loss = 4.4771, nll_loss = 4.4138, ref_nll_loss = 4.5403, ivc_loss = 0.0729, neg_loss_1 = 0.0055, neg_loss_2 = 0.0065, ref_loss = 0.0335, div_loss = 0.0055, 0.795 seconds/batch
2026-04-19 23:32:43,352 - Epoch 2, Batch 350, lr = 0.00021, final_loss = 4.4921, nll_loss = 4.4277, ref_nll_loss = 4.5565, ivc_loss = 0.0739, neg_loss_1 = 0.0066, neg_loss_2 = 0.0082, ref_loss = 0.0320, div_loss = 0.0054, 0.795 seconds/batch
2026-04-19 23:33:22,947 - Epoch 2, Batch 400, lr = 0.00020, final_loss = 4.4694, nll_loss = 4.4064, ref_nll_loss = 4.5324, ivc_loss = 0.0733, neg_loss_1 = 0.0076, neg_loss_2 = 0.0073, ref_loss = 0.0308, div_loss = 0.0055, 0.795 seconds/batch
2026-04-19 23:34:02,496 - Epoch 2, Batch 450, lr = 0.00020, final_loss = 4.4376, nll_loss = 4.3746, ref_nll_loss = 4.5006, ivc_loss = 0.0725, neg_loss_1 = 0.0068, neg_loss_2 = 0.0065, ref_loss = 0.0316, div_loss = 0.0055, 0.794 seconds/batch
2026-04-19 23:34:42,575 - Epoch 2, Batch 500, lr = 0.00020, final_loss = 4.4366, nll_loss = 4.3775, ref_nll_loss = 4.4956, ivc_loss = 0.0766, neg_loss_1 = 0.0074, neg_loss_2 = 0.0086, ref_loss = 0.0337, div_loss = 0.0054, 0.795 seconds/batch
2026-04-19 23:35:22,339 - Epoch 2, Batch 550, lr = 0.00019, final_loss = 4.4222, nll_loss = 4.3572, ref_nll_loss = 4.4871, ivc_loss = 0.0709, neg_loss_1 = 0.0056, neg_loss_2 = 0.0062, ref_loss = 0.0317, div_loss = 0.0055, 0.795 seconds/batch
2026-04-19 23:36:01,995 - Epoch 2, Batch 600, lr = 0.00019, final_loss = 4.4249, nll_loss = 4.3632, ref_nll_loss = 4.4865, ivc_loss = 0.0721, neg_loss_1 = 0.0048, neg_loss_2 = 0.0051, ref_loss = 0.0345, div_loss = 0.0055, 0.795 seconds/batch
2026-04-19 23:36:41,810 - Epoch 2, Batch 650, lr = 0.00019, final_loss = 4.4107, nll_loss = 4.3470, ref_nll_loss = 4.4744, ivc_loss = 0.0675, neg_loss_1 = 0.0037, neg_loss_2 = 0.0050, ref_loss = 0.0318, div_loss = 0.0054, 0.795 seconds/batch
2026-04-19 23:37:21,532 - Epoch 2, Batch 700, lr = 0.00018, final_loss = 4.4023, nll_loss = 4.3377, ref_nll_loss = 4.4670, ivc_loss = 0.0672, neg_loss_1 = 0.0046, neg_loss_2 = 0.0045, ref_loss = 0.0307, div_loss = 0.0055, 0.795 seconds/batch
2026-04-19 23:38:01,604 - Epoch 2, Batch 750, lr = 0.00018, final_loss = 4.3846, nll_loss = 4.3168, ref_nll_loss = 4.4523, ivc_loss = 0.0642, neg_loss_1 = 0.0036, neg_loss_2 = 0.0043, ref_loss = 0.0284, div_loss = 0.0056, 0.795 seconds/batch
2026-04-19 23:38:41,565 - Epoch 2, Batch 800, lr = 0.00018, final_loss = 4.3800, nll_loss = 4.3164, ref_nll_loss = 4.4435, ivc_loss = 0.0750, neg_loss_1 = 0.0041, neg_loss_2 = 0.0066, ref_loss = 0.0318, div_loss = 0.0065, 0.796 seconds/batch
2026-04-19 23:39:21,458 - Epoch 2, Batch 850, lr = 0.00018, final_loss = 4.3982, nll_loss = 4.3346, ref_nll_loss = 4.4618, ivc_loss = 0.0686, neg_loss_1 = 0.0053, neg_loss_2 = 0.0049, ref_loss = 0.0304, div_loss = 0.0056, 0.796 seconds/batch
2026-04-19 23:40:01,292 - Epoch 2, Batch 900, lr = 0.00018, final_loss = 4.3843, nll_loss = 4.3183, ref_nll_loss = 4.4502, ivc_loss = 0.0695, neg_loss_1 = 0.0054, neg_loss_2 = 0.0058, ref_loss = 0.0315, div_loss = 0.0054, 0.796 seconds/batch
2026-04-19 23:40:41,325 - Epoch 2, Batch 950, lr = 0.00017, final_loss = 4.3837, nll_loss = 4.3211, ref_nll_loss = 4.4463, ivc_loss = 0.0707, neg_loss_1 = 0.0039, neg_loss_2 = 0.0054, ref_loss = 0.0331, div_loss = 0.0057, 0.796 seconds/batch
2026-04-19 23:41:20,957 - Epoch 2, Batch 1000, lr = 0.00017, final_loss = 4.3440, nll_loss = 4.2778, ref_nll_loss = 4.4102, ivc_loss = 0.0677, neg_loss_1 = 0.0046, neg_loss_2 = 0.0066, ref_loss = 0.0293, div_loss = 0.0054, 0.796 seconds/batch
2026-04-19 23:42:00,043 - Epoch 2, Batch 1050, lr = 0.00017, final_loss = 4.3827, nll_loss = 4.3179, ref_nll_loss = 4.4474, ivc_loss = 0.0656, neg_loss_1 = 0.0047, neg_loss_2 = 0.0050, ref_loss = 0.0292, div_loss = 0.0053, 0.795 seconds/batch
2026-04-19 23:42:33,817 - Epoch 2, Batch 1100, lr = 0.00017, final_loss = 4.3547, nll_loss = 4.2915, ref_nll_loss = 4.4179, ivc_loss = 0.0714, neg_loss_1 = 0.0029, neg_loss_2 = 0.0045, ref_loss = 0.0343, div_loss = 0.0060, 0.790 seconds/batch
2026-04-19 23:43:00,973 - Epoch 2, Batch 1150, lr = 0.00017, final_loss = 4.3480, nll_loss = 4.2810, ref_nll_loss = 4.4150, ivc_loss = 0.0650, neg_loss_1 = 0.0036, neg_loss_2 = 0.0048, ref_loss = 0.0291, div_loss = 0.0055, 0.779 seconds/batch
2026-04-19 23:43:09,685 - Epoch 2, Batch 1170, lr = 0.00017, final_loss = 4.3623, nll_loss = 4.2958, ref_nll_loss = 4.4288, ivc_loss = 0.0652, neg_loss_1 = 0.0041, neg_loss_2 = 0.0042, ref_loss = 0.0306, div_loss = 0.0053, 0.773 seconds/batch
2026-04-19 23:43:09,760 - save model to checkpoints/activitynet_moe/cpl_moe/model-2.pt, num_updates 2340.
2026-04-19 23:46:15,712 - | R@1,mIoU 0.2371 | R@1,IoU@0.1 0.5646 | R@1,IoU@0.3 0.4027 | R@1,IoU@0.5 0.1555 | R@1,IoU@0.7 0.0441 | R@1,IoU@0.9 0.0039 | R@5,mIoU 0.5275 | R@5,IoU@0.1 0.9270 | R@5,IoU@0.3 0.7896 | R@5,IoU@0.5 0.5324 | R@5,IoU@0.7 0.3145 | R@5,IoU@0.9 0.0719 |
2026-04-19 23:46:15,781 - Best results have been updated.
2026-04-19 23:46:15,782 - ============================================================
2026-04-19 23:46:15,782 - Start Epoch 3
2026-04-19 23:46:55,154 - Epoch 3, Batch 50, lr = 0.00016, final_loss = 4.3129, nll_loss = 4.2500, ref_nll_loss = 4.3757, ivc_loss = 0.0745, neg_loss_1 = 0.0063, neg_loss_2 = 0.0063, ref_loss = 0.0314, div_loss = 0.0061, 0.787 seconds/batch
2026-04-19 23:47:34,551 - Epoch 3, Batch 100, lr = 0.00016, final_loss = 4.3195, nll_loss = 4.2536, ref_nll_loss = 4.3853, ivc_loss = 0.0699, neg_loss_1 = 0.0071, neg_loss_2 = 0.0057, ref_loss = 0.0293, div_loss = 0.0056, 0.788 seconds/batch
2026-04-19 23:48:13,937 - Epoch 3, Batch 150, lr = 0.00016, final_loss = 4.3222, nll_loss = 4.2563, ref_nll_loss = 4.3882, ivc_loss = 0.0730, neg_loss_1 = 0.0064, neg_loss_2 = 0.0069, ref_loss = 0.0314, div_loss = 0.0056, 0.788 seconds/batch
2026-04-19 23:48:53,458 - Epoch 3, Batch 200, lr = 0.00016, final_loss = 4.2923, nll_loss = 4.2294, ref_nll_loss = 4.3552, ivc_loss = 0.0739, neg_loss_1 = 0.0048, neg_loss_2 = 0.0068, ref_loss = 0.0330, div_loss = 0.0059, 0.788 seconds/batch
2026-04-19 23:49:32,793 - Epoch 3, Batch 250, lr = 0.00016, final_loss = 4.3004, nll_loss = 4.2327, ref_nll_loss = 4.3681, ivc_loss = 0.0650, neg_loss_1 = 0.0042, neg_loss_2 = 0.0049, ref_loss = 0.0288, div_loss = 0.0054, 0.788 seconds/batch
2026-04-19 23:50:12,359 - Epoch 3, Batch 300, lr = 0.00016, final_loss = 4.3150, nll_loss = 4.2499, ref_nll_loss = 4.3801, ivc_loss = 0.0736, neg_loss_1 = 0.0057, neg_loss_2 = 0.0071, ref_loss = 0.0320, div_loss = 0.0058, 0.789 seconds/batch
2026-04-19 23:50:51,514 - Epoch 3, Batch 350, lr = 0.00015, final_loss = 4.3112, nll_loss = 4.2440, ref_nll_loss = 4.3785, ivc_loss = 0.0681, neg_loss_1 = 0.0071, neg_loss_2 = 0.0049, ref_loss = 0.0287, div_loss = 0.0055, 0.788 seconds/batch
2026-04-19 23:51:30,948 - Epoch 3, Batch 400, lr = 0.00015, final_loss = 4.2720, nll_loss = 4.2064, ref_nll_loss = 4.3376, ivc_loss = 0.0731, neg_loss_1 = 0.0067, neg_loss_2 = 0.0078, ref_loss = 0.0310, div_loss = 0.0055, 0.788 seconds/batch
2026-04-19 23:52:10,822 - Epoch 3, Batch 450, lr = 0.00015, final_loss = 4.2584, nll_loss = 4.1888, ref_nll_loss = 4.3280, ivc_loss = 0.0687, neg_loss_1 = 0.0053, neg_loss_2 = 0.0069, ref_loss = 0.0291, div_loss = 0.0055, 0.789 seconds/batch
2026-04-19 23:52:50,529 - Epoch 3, Batch 500, lr = 0.00015, final_loss = 4.3042, nll_loss = 4.2323, ref_nll_loss = 4.3761, ivc_loss = 0.0692, neg_loss_1 = 0.0051, neg_loss_2 = 0.0076, ref_loss = 0.0276, div_loss = 0.0058, 0.789 seconds/batch
2026-04-19 23:53:30,332 - Epoch 3, Batch 550, lr = 0.00015, final_loss = 4.3093, nll_loss = 4.2363, ref_nll_loss = 4.3823, ivc_loss = 0.0660, neg_loss_1 = 0.0051, neg_loss_2 = 0.0073, ref_loss = 0.0263, div_loss = 0.0055, 0.790 seconds/batch
2026-04-19 23:54:10,218 - Epoch 3, Batch 600, lr = 0.00015, final_loss = 4.2830, nll_loss = 4.2124, ref_nll_loss = 4.3535, ivc_loss = 0.0691, neg_loss_1 = 0.0054, neg_loss_2 = 0.0069, ref_loss = 0.0281, div_loss = 0.0058, 0.791 seconds/batch
2026-04-19 23:54:50,206 - Epoch 3, Batch 650, lr = 0.00015, final_loss = 4.2593, nll_loss = 4.1907, ref_nll_loss = 4.3279, ivc_loss = 0.0698, neg_loss_1 = 0.0062, neg_loss_2 = 0.0070, ref_loss = 0.0294, div_loss = 0.0055, 0.791 seconds/batch
2026-04-19 23:55:30,009 - Epoch 3, Batch 700, lr = 0.00015, final_loss = 4.2792, nll_loss = 4.2090, ref_nll_loss = 4.3494, ivc_loss = 0.0676, neg_loss_1 = 0.0056, neg_loss_2 = 0.0060, ref_loss = 0.0283, div_loss = 0.0055, 0.792 seconds/batch
2026-04-19 23:56:10,265 - Epoch 3, Batch 750, lr = 0.00014, final_loss = 4.3082, nll_loss = 4.2390, ref_nll_loss = 4.3773, ivc_loss = 0.0701, neg_loss_1 = 0.0052, neg_loss_2 = 0.0069, ref_loss = 0.0304, div_loss = 0.0055, 0.793 seconds/batch
2026-04-19 23:56:50,259 - Epoch 3, Batch 800, lr = 0.00014, final_loss = 4.2451, nll_loss = 4.1774, ref_nll_loss = 4.3127, ivc_loss = 0.0697, neg_loss_1 = 0.0053, neg_loss_2 = 0.0057, ref_loss = 0.0314, div_loss = 0.0055, 0.793 seconds/batch
2026-04-19 23:57:30,380 - Epoch 3, Batch 850, lr = 0.00014, final_loss = 4.2474, nll_loss = 4.1785, ref_nll_loss = 4.3163, ivc_loss = 0.0684, neg_loss_1 = 0.0049, neg_loss_2 = 0.0066, ref_loss = 0.0293, div_loss = 0.0055, 0.794 seconds/batch
2026-04-19 23:58:10,300 - Epoch 3, Batch 900, lr = 0.00014, final_loss = 4.2646, nll_loss = 4.1936, ref_nll_loss = 4.3357, ivc_loss = 0.0646, neg_loss_1 = 0.0041, neg_loss_2 = 0.0048, ref_loss = 0.0283, div_loss = 0.0055, 0.794 seconds/batch
2026-04-19 23:58:50,095 - Epoch 3, Batch 950, lr = 0.00014, final_loss = 4.2661, nll_loss = 4.1974, ref_nll_loss = 4.3349, ivc_loss = 0.0707, neg_loss_1 = 0.0054, neg_loss_2 = 0.0077, ref_loss = 0.0283, div_loss = 0.0059, 0.794 seconds/batch
2026-04-19 23:59:29,874 - Epoch 3, Batch 1000, lr = 0.00014, final_loss = 4.2379, nll_loss = 4.1710, ref_nll_loss = 4.3048, ivc_loss = 0.0706, neg_loss_1 = 0.0061, neg_loss_2 = 0.0070, ref_loss = 0.0306, div_loss = 0.0054, 0.794 seconds/batch
2026-04-20 00:00:08,973 - Epoch 3, Batch 1050, lr = 0.00014, final_loss = 4.2359, nll_loss = 4.1697, ref_nll_loss = 4.3020, ivc_loss = 0.0704, neg_loss_1 = 0.0048, neg_loss_2 = 0.0064, ref_loss = 0.0311, div_loss = 0.0056, 0.794 seconds/batch
2026-04-20 00:00:42,605 - Epoch 3, Batch 1100, lr = 0.00014, final_loss = 4.2494, nll_loss = 4.1804, ref_nll_loss = 4.3184, ivc_loss = 0.0686, neg_loss_1 = 0.0046, neg_loss_2 = 0.0057, ref_loss = 0.0297, div_loss = 0.0057, 0.788 seconds/batch
2026-04-20 00:01:09,859 - Epoch 3, Batch 1150, lr = 0.00014, final_loss = 4.2583, nll_loss = 4.1864, ref_nll_loss = 4.3302, ivc_loss = 0.0687, neg_loss_1 = 0.0050, neg_loss_2 = 0.0074, ref_loss = 0.0284, div_loss = 0.0056, 0.777 seconds/batch
2026-04-20 00:01:19,080 - Epoch 3, Batch 1170, lr = 0.00014, final_loss = 4.2200, nll_loss = 4.1516, ref_nll_loss = 4.2884, ivc_loss = 0.0704, neg_loss_1 = 0.0046, neg_loss_2 = 0.0081, ref_loss = 0.0289, div_loss = 0.0057, 0.772 seconds/batch
2026-04-20 00:01:19,154 - save model to checkpoints/activitynet_moe/cpl_moe/model-3.pt, num_updates 3510.
2026-04-20 00:04:27,047 - | R@1,mIoU 0.2499 | R@1,IoU@0.1 0.6108 | R@1,IoU@0.3 0.4306 | R@1,IoU@0.5 0.1595 | R@1,IoU@0.7 0.0412 | R@1,IoU@0.9 0.0023 | R@5,mIoU 0.5232 | R@5,IoU@0.1 0.9224 | R@5,IoU@0.3 0.7827 | R@5,IoU@0.5 0.5269 | R@5,IoU@0.7 0.3147 | R@5,IoU@0.9 0.0725 |
2026-04-20 00:04:27,115 - Best results have been updated.
2026-04-20 00:04:27,116 - ============================================================
2026-04-20 00:04:27,116 - Start Epoch 4
2026-04-20 00:05:07,426 - Epoch 4, Batch 50, lr = 0.00013, final_loss = 4.1968, nll_loss = 4.1250, ref_nll_loss = 4.2685, ivc_loss = 0.0724, neg_loss_1 = 0.0062, neg_loss_2 = 0.0084, ref_loss = 0.0285, div_loss = 0.0059, 0.806 seconds/batch
2026-04-20 00:05:47,236 - Epoch 4, Batch 100, lr = 0.00013, final_loss = 4.1881, nll_loss = 4.1179, ref_nll_loss = 4.2582, ivc_loss = 0.0707, neg_loss_1 = 0.0034, neg_loss_2 = 0.0080, ref_loss = 0.0290, div_loss = 0.0061, 0.801 seconds/batch
2026-04-20 00:06:27,200 - Epoch 4, Batch 150, lr = 0.00013, final_loss = 4.2214, nll_loss = 4.1518, ref_nll_loss = 4.2911, ivc_loss = 0.0723, neg_loss_1 = 0.0062, neg_loss_2 = 0.0085, ref_loss = 0.0292, div_loss = 0.0057, 0.801 seconds/batch
2026-04-20 00:07:06,963 - Epoch 4, Batch 200, lr = 0.00013, final_loss = 4.2234, nll_loss = 4.1545, ref_nll_loss = 4.2923, ivc_loss = 0.0729, neg_loss_1 = 0.0066, neg_loss_2 = 0.0084, ref_loss = 0.0296, div_loss = 0.0057, 0.799 seconds/batch
2026-04-20 00:07:46,401 - Epoch 4, Batch 250, lr = 0.00013, final_loss = 4.1840, nll_loss = 4.1112, ref_nll_loss = 4.2567, ivc_loss = 0.0720, neg_loss_1 = 0.0060, neg_loss_2 = 0.0069, ref_loss = 0.0279, div_loss = 0.0062, 0.797 seconds/batch
2026-04-20 00:08:26,251 - Epoch 4, Batch 300, lr = 0.00013, final_loss = 4.2122, nll_loss = 4.1403, ref_nll_loss = 4.2842, ivc_loss = 0.0702, neg_loss_1 = 0.0067, neg_loss_2 = 0.0076, ref_loss = 0.0278, div_loss = 0.0056, 0.797 seconds/batch
2026-04-20 00:09:05,976 - Epoch 4, Batch 350, lr = 0.00013, final_loss = 4.2145, nll_loss = 4.1436, ref_nll_loss = 4.2854, ivc_loss = 0.0694, neg_loss_1 = 0.0063, neg_loss_2 = 0.0066, ref_loss = 0.0279, div_loss = 0.0057, 0.797 seconds/batch
2026-04-20 00:09:45,780 - Epoch 4, Batch 400, lr = 0.00013, final_loss = 4.1873, nll_loss = 4.1175, ref_nll_loss = 4.2571, ivc_loss = 0.0711, neg_loss_1 = 0.0072, neg_loss_2 = 0.0070, ref_loss = 0.0278, div_loss = 0.0058, 0.797 seconds/batch
2026-04-20 00:10:25,592 - Epoch 4, Batch 450, lr = 0.00013, final_loss = 4.1701, nll_loss = 4.0940, ref_nll_loss = 4.2462, ivc_loss = 0.0688, neg_loss_1 = 0.0066, neg_loss_2 = 0.0087, ref_loss = 0.0251, div_loss = 0.0057, 0.797 seconds/batch
2026-04-20 00:11:05,438 - Epoch 4, Batch 500, lr = 0.00013, final_loss = 4.1744, nll_loss = 4.1030, ref_nll_loss = 4.2457, ivc_loss = 0.0710, neg_loss_1 = 0.0061, neg_loss_2 = 0.0059, ref_loss = 0.0300, div_loss = 0.0058, 0.797 seconds/batch
2026-04-20 00:11:45,446 - Epoch 4, Batch 550, lr = 0.00013, final_loss = 4.2131, nll_loss = 4.1419, ref_nll_loss = 4.2842, ivc_loss = 0.0695, neg_loss_1 = 0.0052, neg_loss_2 = 0.0061, ref_loss = 0.0297, div_loss = 0.0057, 0.797 seconds/batch
2026-04-20 00:12:25,813 - Epoch 4, Batch 600, lr = 0.00012, final_loss = 4.1995, nll_loss = 4.1312, ref_nll_loss = 4.2679, ivc_loss = 0.0729, neg_loss_1 = 0.0057, neg_loss_2 = 0.0082, ref_loss = 0.0293, div_loss = 0.0059, 0.798 seconds/batch
2026-04-20 00:13:05,710 - Epoch 4, Batch 650, lr = 0.00012, final_loss = 4.2180, nll_loss = 4.1491, ref_nll_loss = 4.2869, ivc_loss = 0.0715, neg_loss_1 = 0.0045, neg_loss_2 = 0.0065, ref_loss = 0.0305, div_loss = 0.0060, 0.798 seconds/batch
2026-04-20 00:13:45,221 - Epoch 4, Batch 700, lr = 0.00012, final_loss = 4.1697, nll_loss = 4.0974, ref_nll_loss = 4.2419, ivc_loss = 0.0713, neg_loss_1 = 0.0065, neg_loss_2 = 0.0087, ref_loss = 0.0265, div_loss = 0.0059, 0.797 seconds/batch
2026-04-20 00:14:24,959 - Epoch 4, Batch 750, lr = 0.00012, final_loss = 4.2057, nll_loss = 4.1357, ref_nll_loss = 4.2758, ivc_loss = 0.0726, neg_loss_1 = 0.0053, neg_loss_2 = 0.0075, ref_loss = 0.0295, div_loss = 0.0061, 0.797 seconds/batch
2026-04-20 00:15:04,298 - Epoch 4, Batch 800, lr = 0.00012, final_loss = 4.1854, nll_loss = 4.1140, ref_nll_loss = 4.2567, ivc_loss = 0.0713, neg_loss_1 = 0.0049, neg_loss_2 = 0.0082, ref_loss = 0.0291, div_loss = 0.0058, 0.796 seconds/batch
2026-04-20 00:15:43,935 - Epoch 4, Batch 850, lr = 0.00012, final_loss = 4.2101, nll_loss = 4.1414, ref_nll_loss = 4.2788, ivc_loss = 0.0726, neg_loss_1 = 0.0055, neg_loss_2 = 0.0075, ref_loss = 0.0310, div_loss = 0.0057, 0.796 seconds/batch
2026-04-20 00:16:23,359 - Epoch 4, Batch 900, lr = 0.00012, final_loss = 4.1958, nll_loss = 4.1235, ref_nll_loss = 4.2681, ivc_loss = 0.0651, neg_loss_1 = 0.0058, neg_loss_2 = 0.0058, ref_loss = 0.0251, div_loss = 0.0057, 0.796 seconds/batch
2026-04-20 00:17:03,167 - Epoch 4, Batch 950, lr = 0.00012, final_loss = 4.1911, nll_loss = 4.1193, ref_nll_loss = 4.2630, ivc_loss = 0.0711, neg_loss_1 = 0.0059, neg_loss_2 = 0.0083, ref_loss = 0.0296, div_loss = 0.0055, 0.796 seconds/batch
2026-04-20 00:17:43,028 - Epoch 4, Batch 1000, lr = 0.00012, final_loss = 4.1962, nll_loss = 4.1239, ref_nll_loss = 4.2684, ivc_loss = 0.0660, neg_loss_1 = 0.0042, neg_loss_2 = 0.0059, ref_loss = 0.0281, div_loss = 0.0056, 0.796 seconds/batch
2026-04-20 00:18:21,749 - Epoch 4, Batch 1050, lr = 0.00012, final_loss = 4.1976, nll_loss = 4.1269, ref_nll_loss = 4.2683, ivc_loss = 0.0691, neg_loss_1 = 0.0051, neg_loss_2 = 0.0064, ref_loss = 0.0292, div_loss = 0.0057, 0.795 seconds/batch
2026-04-20 00:18:55,161 - Epoch 4, Batch 1100, lr = 0.00012, final_loss = 4.1866, nll_loss = 4.1125, ref_nll_loss = 4.2607, ivc_loss = 0.0731, neg_loss_1 = 0.0063, neg_loss_2 = 0.0102, ref_loss = 0.0278, div_loss = 0.0058, 0.789 seconds/batch
2026-04-20 00:19:22,533 - Epoch 4, Batch 1150, lr = 0.00012, final_loss = 4.1637, nll_loss = 4.0920, ref_nll_loss = 4.2354, ivc_loss = 0.0705, neg_loss_1 = 0.0041, neg_loss_2 = 0.0082, ref_loss = 0.0290, div_loss = 0.0058, 0.779 seconds/batch
2026-04-20 00:19:32,011 - Epoch 4, Batch 1170, lr = 0.00012, final_loss = 4.1882, nll_loss = 4.1182, ref_nll_loss = 4.2582, ivc_loss = 0.0679, neg_loss_1 = 0.0040, neg_loss_2 = 0.0047, ref_loss = 0.0302, div_loss = 0.0058, 0.773 seconds/batch
2026-04-20 00:19:32,085 - save model to checkpoints/activitynet_moe/cpl_moe/model-4.pt, num_updates 4680.
2026-04-20 00:22:38,473 - | R@1,mIoU 0.2937 | R@1,IoU@0.1 0.6936 | R@1,IoU@0.3 0.4978 | R@1,IoU@0.5 0.2049 | R@1,IoU@0.7 0.0594 | R@1,IoU@0.9 0.0059 | R@5,mIoU 0.5267 | R@5,IoU@0.1 0.9253 | R@5,IoU@0.3 0.7819 | R@5,IoU@0.5 0.5337 | R@5,IoU@0.7 0.3172 | R@5,IoU@0.9 0.0742 |
2026-04-20 00:22:38,550 - Best results have been updated.
2026-04-20 00:22:38,550 - ============================================================
2026-04-20 00:22:38,550 - Start Epoch 5
2026-04-20 00:23:18,431 - Epoch 5, Batch 50, lr = 0.00012, final_loss = 4.1388, nll_loss = 4.0645, ref_nll_loss = 4.2131, ivc_loss = 0.0709, neg_loss_1 = 0.0060, neg_loss_2 = 0.0082, ref_loss = 0.0269, div_loss = 0.0060, 0.798 seconds/batch
2026-04-20 00:23:58,408 - Epoch 5, Batch 100, lr = 0.00012, final_loss = 4.1260, nll_loss = 4.0528, ref_nll_loss = 4.1993, ivc_loss = 0.0720, neg_loss_1 = 0.0078, neg_loss_2 = 0.0081, ref_loss = 0.0268, div_loss = 0.0059, 0.799 seconds/batch
2026-04-20 00:24:38,361 - Epoch 5, Batch 150, lr = 0.00012, final_loss = 4.1230, nll_loss = 4.0480, ref_nll_loss = 4.1980, ivc_loss = 0.0694, neg_loss_1 = 0.0064, neg_loss_2 = 0.0067, ref_loss = 0.0273, div_loss = 0.0058, 0.799 seconds/batch
2026-04-20 00:25:18,176 - Epoch 5, Batch 200, lr = 0.00011, final_loss = 4.1346, nll_loss = 4.0592, ref_nll_loss = 4.2100, ivc_loss = 0.0711, neg_loss_1 = 0.0077, neg_loss_2 = 0.0081, ref_loss = 0.0254, div_loss = 0.0060, 0.798 seconds/batch
2026-04-20 00:25:57,735 - Epoch 5, Batch 250, lr = 0.00011, final_loss = 4.1387, nll_loss = 4.0620, ref_nll_loss = 4.2153, ivc_loss = 0.0682, neg_loss_1 = 0.0054, neg_loss_2 = 0.0066, ref_loss = 0.0265, div_loss = 0.0059, 0.797 seconds/batch
2026-04-20 00:26:37,324 - Epoch 5, Batch 300, lr = 0.00011, final_loss = 4.1528, nll_loss = 4.0825, ref_nll_loss = 4.2230, ivc_loss = 0.0746, neg_loss_1 = 0.0064, neg_loss_2 = 0.0059, ref_loss = 0.0311, div_loss = 0.0063, 0.796 seconds/batch
2026-04-20 00:27:16,723 - Epoch 5, Batch 350, lr = 0.00011, final_loss = 4.1741, nll_loss = 4.0981, ref_nll_loss = 4.2502, ivc_loss = 0.0712, neg_loss_1 = 0.0072, neg_loss_2 = 0.0074, ref_loss = 0.0254, div_loss = 0.0063, 0.795 seconds/batch
2026-04-20 00:27:56,468 - Epoch 5, Batch 400, lr = 0.00011, final_loss = 4.1390, nll_loss = 4.0635, ref_nll_loss = 4.2145, ivc_loss = 0.0703, neg_loss_1 = 0.0062, neg_loss_2 = 0.0065, ref_loss = 0.0281, div_loss = 0.0059, 0.795 seconds/batch
2026-04-20 00:28:36,379 - Epoch 5, Batch 450, lr = 0.00011, final_loss = 4.1442, nll_loss = 4.0689, ref_nll_loss = 4.2195, ivc_loss = 0.0719, neg_loss_1 = 0.0061, neg_loss_2 = 0.0082, ref_loss = 0.0277, div_loss = 0.0060, 0.795 seconds/batch
2026-04-20 00:29:16,119 - Epoch 5, Batch 500, lr = 0.00011, final_loss = 4.1162, nll_loss = 4.0408, ref_nll_loss = 4.1916, ivc_loss = 0.0705, neg_loss_1 = 0.0055, neg_loss_2 = 0.0077, ref_loss = 0.0278, div_loss = 0.0059, 0.795 seconds/batch
2026-04-20 00:29:56,174 - Epoch 5, Batch 550, lr = 0.00011, final_loss = 4.1379, nll_loss = 4.0607, ref_nll_loss = 4.2152, ivc_loss = 0.0727, neg_loss_1 = 0.0063, neg_loss_2 = 0.0083, ref_loss = 0.0278, div_loss = 0.0061, 0.796 seconds/batch
2026-04-20 00:30:36,218 - Epoch 5, Batch 600, lr = 0.00011, final_loss = 4.1595, nll_loss = 4.0818, ref_nll_loss = 4.2372, ivc_loss = 0.0730, neg_loss_1 = 0.0050, neg_loss_2 = 0.0081, ref_loss = 0.0263, div_loss = 0.0067, 0.796 seconds/batch
2026-04-20 00:31:16,269 - Epoch 5, Batch 650, lr = 0.00011, final_loss = 4.1564, nll_loss = 4.0820, ref_nll_loss = 4.2309, ivc_loss = 0.0685, neg_loss_1 = 0.0047, neg_loss_2 = 0.0054, ref_loss = 0.0283, div_loss = 0.0060, 0.796 seconds/batch
2026-04-20 00:31:56,350 - Epoch 5, Batch 700, lr = 0.00011, final_loss = 4.1532, nll_loss = 4.0784, ref_nll_loss = 4.2279, ivc_loss = 0.0710, neg_loss_1 = 0.0069, neg_loss_2 = 0.0068, ref_loss = 0.0275, div_loss = 0.0060, 0.797 seconds/batch
2026-04-20 00:32:35,849 - Epoch 5, Batch 750, lr = 0.00011, final_loss = 4.1109, nll_loss = 4.0394, ref_nll_loss = 4.1823, ivc_loss = 0.0705, neg_loss_1 = 0.0043, neg_loss_2 = 0.0057, ref_loss = 0.0301, div_loss = 0.0061, 0.796 seconds/batch
2026-04-20 00:33:15,233 - Epoch 5, Batch 800, lr = 0.00011, final_loss = 4.1401, nll_loss = 4.0655, ref_nll_loss = 4.2147, ivc_loss = 0.0763, neg_loss_1 = 0.0075, neg_loss_2 = 0.0101, ref_loss = 0.0277, div_loss = 0.0062, 0.796 seconds/batch
2026-04-20 00:33:54,830 - Epoch 5, Batch 850, lr = 0.00011, final_loss = 4.1363, nll_loss = 4.0615, ref_nll_loss = 4.2111, ivc_loss = 0.0702, neg_loss_1 = 0.0050, neg_loss_2 = 0.0079, ref_loss = 0.0269, div_loss = 0.0061, 0.796 seconds/batch
2026-04-20 00:34:34,471 - Epoch 5, Batch 900, lr = 0.00011, final_loss = 4.1253, nll_loss = 4.0506, ref_nll_loss = 4.2000, ivc_loss = 0.0714, neg_loss_1 = 0.0060, neg_loss_2 = 0.0064, ref_loss = 0.0288, div_loss = 0.0060, 0.795 seconds/batch
2026-04-20 00:35:14,352 - Epoch 5, Batch 950, lr = 0.00011, final_loss = 4.1105, nll_loss = 4.0336, ref_nll_loss = 4.1874, ivc_loss = 0.0661, neg_loss_1 = 0.0051, neg_loss_2 = 0.0067, ref_loss = 0.0255, div_loss = 0.0058, 0.796 seconds/batch
2026-04-20 00:35:54,331 - Epoch 5, Batch 1000, lr = 0.00011, final_loss = 4.1585, nll_loss = 4.0861, ref_nll_loss = 4.2308, ivc_loss = 0.0707, neg_loss_1 = 0.0037, neg_loss_2 = 0.0076, ref_loss = 0.0297, div_loss = 0.0060, 0.796 seconds/batch
2026-04-20 00:36:33,073 - Epoch 5, Batch 1050, lr = 0.00011, final_loss = 4.1442, nll_loss = 4.0693, ref_nll_loss = 4.2191, ivc_loss = 0.0705, neg_loss_1 = 0.0053, neg_loss_2 = 0.0066, ref_loss = 0.0285, div_loss = 0.0060, 0.795 seconds/batch
2026-04-20 00:37:07,029 - Epoch 5, Batch 1100, lr = 0.00011, final_loss = 4.1277, nll_loss = 4.0515, ref_nll_loss = 4.2039, ivc_loss = 0.0720, neg_loss_1 = 0.0066, neg_loss_2 = 0.0084, ref_loss = 0.0265, div_loss = 0.0061, 0.790 seconds/batch
2026-04-20 00:37:34,557 - Epoch 5, Batch 1150, lr = 0.00010, final_loss = 4.1107, nll_loss = 4.0368, ref_nll_loss = 4.1846, ivc_loss = 0.0712, neg_loss_1 = 0.0065, neg_loss_2 = 0.0078, ref_loss = 0.0274, div_loss = 0.0059, 0.779 seconds/batch
2026-04-20 00:37:44,666 - Epoch 5, Batch 1170, lr = 0.00010, final_loss = 4.1468, nll_loss = 4.0781, ref_nll_loss = 4.2155, ivc_loss = 0.0748, neg_loss_1 = 0.0054, neg_loss_2 = 0.0077, ref_loss = 0.0317, div_loss = 0.0060, 0.774 seconds/batch
2026-04-20 00:37:44,757 - save model to checkpoints/activitynet_moe/cpl_moe/model-5.pt, num_updates 5850.
2026-04-20 00:40:52,347 - | R@1,mIoU 0.2286 | R@1,IoU@0.1 0.5379 | R@1,IoU@0.3 0.3925 | R@1,IoU@0.5 0.1551 | R@1,IoU@0.7 0.0437 | R@1,IoU@0.9 0.0039 | R@5,mIoU 0.5245 | R@5,IoU@0.1 0.9235 | R@5,IoU@0.3 0.7799 | R@5,IoU@0.5 0.5307 | R@5,IoU@0.7 0.3134 | R@5,IoU@0.9 0.0730 |
2026-04-20 00:40:52,347 - ============================================================
2026-04-20 00:40:52,348 - Start Epoch 6
2026-04-20 00:41:32,767 - Epoch 6, Batch 50, lr = 0.00010, final_loss = 4.0797, nll_loss = 4.0054, ref_nll_loss = 4.1541, ivc_loss = 0.0726, neg_loss_1 = 0.0071, neg_loss_2 = 0.0067, ref_loss = 0.0280, div_loss = 0.0062, 0.808 seconds/batch
2026-04-20 00:42:12,884 - Epoch 6, Batch 100, lr = 0.00010, final_loss = 4.0836, nll_loss = 4.0120, ref_nll_loss = 4.1551, ivc_loss = 0.0769, neg_loss_1 = 0.0062, neg_loss_2 = 0.0086, ref_loss = 0.0311, div_loss = 0.0062, 0.805 seconds/batch
2026-04-20 00:42:52,927 - Epoch 6, Batch 150, lr = 0.00010, final_loss = 4.0896, nll_loss = 4.0174, ref_nll_loss = 4.1618, ivc_loss = 0.0875, neg_loss_1 = 0.0080, neg_loss_2 = 0.0098, ref_loss = 0.0302, div_loss = 0.0079, 0.804 seconds/batch
2026-04-20 00:43:32,472 - Epoch 6, Batch 200, lr = 0.00010, final_loss = 4.0900, nll_loss = 4.0140, ref_nll_loss = 4.1660, ivc_loss = 0.0752, neg_loss_1 = 0.0077, neg_loss_2 = 0.0082, ref_loss = 0.0270, div_loss = 0.0065, 0.801 seconds/batch
2026-04-20 00:44:12,464 - Epoch 6, Batch 250, lr = 0.00010, final_loss = 4.0879, nll_loss = 4.0098, ref_nll_loss = 4.1659, ivc_loss = 0.0731, neg_loss_1 = 0.0081, neg_loss_2 = 0.0082, ref_loss = 0.0266, div_loss = 0.0060, 0.800 seconds/batch
2026-04-20 00:44:52,279 - Epoch 6, Batch 300, lr = 0.00010, final_loss = 4.1097, nll_loss = 4.0356, ref_nll_loss = 4.1839, ivc_loss = 0.0769, neg_loss_1 = 0.0074, neg_loss_2 = 0.0078, ref_loss = 0.0303, div_loss = 0.0063, 0.800 seconds/batch
2026-04-20 00:45:32,028 - Epoch 6, Batch 350, lr = 0.00010, final_loss = 4.1083, nll_loss = 4.0340, ref_nll_loss = 4.1826, ivc_loss = 0.0731, neg_loss_1 = 0.0057, neg_loss_2 = 0.0076, ref_loss = 0.0279, div_loss = 0.0064, 0.799 seconds/batch
2026-04-20 00:46:11,787 - Epoch 6, Batch 400, lr = 0.00010, final_loss = 4.0569, nll_loss = 3.9842, ref_nll_loss = 4.1296, ivc_loss = 0.0768, neg_loss_1 = 0.0075, neg_loss_2 = 0.0104, ref_loss = 0.0276, div_loss = 0.0063, 0.799 seconds/batch
2026-04-20 00:46:51,708 - Epoch 6, Batch 450, lr = 0.00010, final_loss = 4.0908, nll_loss = 4.0138, ref_nll_loss = 4.1677, ivc_loss = 0.0797, neg_loss_1 = 0.0104, neg_loss_2 = 0.0132, ref_loss = 0.0274, div_loss = 0.0057, 0.799 seconds/batch
2026-04-20 00:47:31,896 - Epoch 6, Batch 500, lr = 0.00010, final_loss = 4.1092, nll_loss = 4.0332, ref_nll_loss = 4.1852, ivc_loss = 0.0772, neg_loss_1 = 0.0083, neg_loss_2 = 0.0115, ref_loss = 0.0282, div_loss = 0.0058, 0.799 seconds/batch
2026-04-20 00:48:11,785 - Epoch 6, Batch 550, lr = 0.00010, final_loss = 4.0760, nll_loss = 3.9960, ref_nll_loss = 4.1561, ivc_loss = 0.0707, neg_loss_1 = 0.0074, neg_loss_2 = 0.0092, ref_loss = 0.0250, div_loss = 0.0058, 0.799 seconds/batch
2026-04-20 00:48:51,730 - Epoch 6, Batch 600, lr = 0.00010, final_loss = 4.0880, nll_loss = 4.0115, ref_nll_loss = 4.1644, ivc_loss = 0.0744, neg_loss_1 = 0.0077, neg_loss_2 = 0.0072, ref_loss = 0.0289, div_loss = 0.0061, 0.799 seconds/batch
2026-04-20 00:49:31,499 - Epoch 6, Batch 650, lr = 0.00010, final_loss = 4.1093, nll_loss = 4.0324, ref_nll_loss = 4.1862, ivc_loss = 0.0760, neg_loss_1 = 0.0074, neg_loss_2 = 0.0116, ref_loss = 0.0248, div_loss = 0.0064, 0.799 seconds/batch
2026-04-20 00:50:11,284 - Epoch 6, Batch 700, lr = 0.00010, final_loss = 4.0660, nll_loss = 3.9893, ref_nll_loss = 4.1427, ivc_loss = 0.0730, neg_loss_1 = 0.0062, neg_loss_2 = 0.0091, ref_loss = 0.0266, div_loss = 0.0062, 0.798 seconds/batch
2026-04-20 00:50:51,053 - Epoch 6, Batch 750, lr = 0.00010, final_loss = 4.1036, nll_loss = 4.0283, ref_nll_loss = 4.1789, ivc_loss = 0.0760, neg_loss_1 = 0.0068, neg_loss_2 = 0.0114, ref_loss = 0.0267, div_loss = 0.0062, 0.798 seconds/batch
2026-04-20 00:51:30,869 - Epoch 6, Batch 800, lr = 0.00010, final_loss = 4.0795, nll_loss = 4.0046, ref_nll_loss = 4.1545, ivc_loss = 0.0711, neg_loss_1 = 0.0059, neg_loss_2 = 0.0073, ref_loss = 0.0277, div_loss = 0.0060, 0.798 seconds/batch
2026-04-20 00:52:10,463 - Epoch 6, Batch 850, lr = 0.00010, final_loss = 4.0983, nll_loss = 4.0240, ref_nll_loss = 4.1725, ivc_loss = 0.0739, neg_loss_1 = 0.0077, neg_loss_2 = 0.0098, ref_loss = 0.0270, div_loss = 0.0059, 0.798 seconds/batch
2026-04-20 00:52:50,005 - Epoch 6, Batch 900, lr = 0.00010, final_loss = 4.0764, nll_loss = 4.0015, ref_nll_loss = 4.1514, ivc_loss = 0.0761, neg_loss_1 = 0.0088, neg_loss_2 = 0.0094, ref_loss = 0.0279, div_loss = 0.0060, 0.797 seconds/batch
2026-04-20 00:53:29,051 - Epoch 6, Batch 950, lr = 0.00010, final_loss = 4.0920, nll_loss = 4.0144, ref_nll_loss = 4.1696, ivc_loss = 0.0739, neg_loss_1 = 0.0077, neg_loss_2 = 0.0080, ref_loss = 0.0268, div_loss = 0.0063, 0.797 seconds/batch
2026-04-20 00:54:08,867 - Epoch 6, Batch 1000, lr = 0.00010, final_loss = 4.0960, nll_loss = 4.0199, ref_nll_loss = 4.1721, ivc_loss = 0.0757, neg_loss_1 = 0.0084, neg_loss_2 = 0.0066, ref_loss = 0.0272, div_loss = 0.0067, 0.797 seconds/batch
2026-04-20 00:54:46,896 - Epoch 6, Batch 1050, lr = 0.00010, final_loss = 4.0933, nll_loss = 4.0173, ref_nll_loss = 4.1693, ivc_loss = 0.0743, neg_loss_1 = 0.0081, neg_loss_2 = 0.0096, ref_loss = 0.0254, div_loss = 0.0062, 0.795 seconds/batch
2026-04-20 00:55:20,694 - Epoch 6, Batch 1100, lr = 0.00010, final_loss = 4.0797, nll_loss = 4.0041, ref_nll_loss = 4.1552, ivc_loss = 0.0748, neg_loss_1 = 0.0068, neg_loss_2 = 0.0098, ref_loss = 0.0268, div_loss = 0.0063, 0.789 seconds/batch
2026-04-20 00:55:48,622 - Epoch 6, Batch 1150, lr = 0.00010, final_loss = 4.1025, nll_loss = 4.0250, ref_nll_loss = 4.1801, ivc_loss = 0.0757, neg_loss_1 = 0.0065, neg_loss_2 = 0.0103, ref_loss = 0.0295, div_loss = 0.0059, 0.779 seconds/batch
2026-04-20 00:55:58,611 - Epoch 6, Batch 1170, lr = 0.00010, final_loss = 4.0841, nll_loss = 4.0093, ref_nll_loss = 4.1590, ivc_loss = 0.0712, neg_loss_1 = 0.0055, neg_loss_2 = 0.0083, ref_loss = 0.0270, div_loss = 0.0061, 0.775 seconds/batch
2026-04-20 00:55:58,687 - save model to checkpoints/activitynet_moe/cpl_moe/model-6.pt, num_updates 7020.
2026-04-20 00:59:06,449 - | R@1,mIoU 0.2335 | R@1,IoU@0.1 0.5538 | R@1,IoU@0.3 0.4008 | R@1,IoU@0.5 0.1599 | R@1,IoU@0.7 0.0455 | R@1,IoU@0.9 0.0015 | R@5,mIoU 0.5261 | R@5,IoU@0.1 0.9249 | R@5,IoU@0.3 0.7845 | R@5,IoU@0.5 0.5313 | R@5,IoU@0.7 0.3143 | R@5,IoU@0.9 0.0704 |
2026-04-20 00:59:06,450 - ============================================================
2026-04-20 00:59:06,450 - Start Epoch 7
2026-04-20 00:59:46,772 - Epoch 7, Batch 50, lr = 0.00010, final_loss = 4.0549, nll_loss = 3.9780, ref_nll_loss = 4.1319, ivc_loss = 0.0784, neg_loss_1 = 0.0094, neg_loss_2 = 0.0122, ref_loss = 0.0260, div_loss = 0.0062, 0.806 seconds/batch
2026-04-20 01:00:26,277 - Epoch 7, Batch 100, lr = 0.00009, final_loss = 4.0403, nll_loss = 3.9627, ref_nll_loss = 4.1178, ivc_loss = 0.0745, neg_loss_1 = 0.0088, neg_loss_2 = 0.0094, ref_loss = 0.0266, div_loss = 0.0059, 0.798 seconds/batch
2026-04-20 01:01:05,945 - Epoch 7, Batch 150, lr = 0.00009, final_loss = 4.0654, nll_loss = 3.9892, ref_nll_loss = 4.1415, ivc_loss = 0.0766, neg_loss_1 = 0.0078, neg_loss_2 = 0.0093, ref_loss = 0.0287, div_loss = 0.0062, 0.797 seconds/batch
2026-04-20 01:01:45,634 - Epoch 7, Batch 200, lr = 0.00009, final_loss = 4.0347, nll_loss = 3.9607, ref_nll_loss = 4.1088, ivc_loss = 0.0788, neg_loss_1 = 0.0075, neg_loss_2 = 0.0104, ref_loss = 0.0301, div_loss = 0.0062, 0.796 seconds/batch
2026-04-20 01:02:25,295 - Epoch 7, Batch 250, lr = 0.00009, final_loss = 4.0637, nll_loss = 3.9838, ref_nll_loss = 4.1436, ivc_loss = 0.0726, neg_loss_1 = 0.0077, neg_loss_2 = 0.0090, ref_loss = 0.0257, div_loss = 0.0061, 0.795 seconds/batch
2026-04-20 01:03:05,036 - Epoch 7, Batch 300, lr = 0.00009, final_loss = 4.0436, nll_loss = 3.9692, ref_nll_loss = 4.1181, ivc_loss = 0.0747, neg_loss_1 = 0.0079, neg_loss_2 = 0.0081, ref_loss = 0.0286, div_loss = 0.0060, 0.795 seconds/batch
2026-04-20 01:03:45,179 - Epoch 7, Batch 350, lr = 0.00009, final_loss = 4.0588, nll_loss = 3.9816, ref_nll_loss = 4.1360, ivc_loss = 0.0724, neg_loss_1 = 0.0071, neg_loss_2 = 0.0090, ref_loss = 0.0265, div_loss = 0.0060, 0.796 seconds/batch
2026-04-20 01:04:25,140 - Epoch 7, Batch 400, lr = 0.00009, final_loss = 4.0838, nll_loss = 4.0063, ref_nll_loss = 4.1613, ivc_loss = 0.0796, neg_loss_1 = 0.0095, neg_loss_2 = 0.0111, ref_loss = 0.0285, div_loss = 0.0061, 0.797 seconds/batch
2026-04-20 01:05:04,982 - Epoch 7, Batch 450, lr = 0.00009, final_loss = 4.0531, nll_loss = 3.9799, ref_nll_loss = 4.1263, ivc_loss = 0.0766, neg_loss_1 = 0.0081, neg_loss_2 = 0.0083, ref_loss = 0.0302, div_loss = 0.0060, 0.797 seconds/batch
2026-04-20 01:05:45,122 - Epoch 7, Batch 500, lr = 0.00009, final_loss = 4.0483, nll_loss = 3.9702, ref_nll_loss = 4.1264, ivc_loss = 0.0757, neg_loss_1 = 0.0094, neg_loss_2 = 0.0097, ref_loss = 0.0258, div_loss = 0.0062, 0.797 seconds/batch
2026-04-20 01:06:24,910 - Epoch 7, Batch 550, lr = 0.00009, final_loss = 4.0705, nll_loss = 3.9923, ref_nll_loss = 4.1487, ivc_loss = 0.0787, neg_loss_1 = 0.0106, neg_loss_2 = 0.0093, ref_loss = 0.0271, div_loss = 0.0063, 0.797 seconds/batch
2026-04-20 01:07:05,085 - Epoch 7, Batch 600, lr = 0.00009, final_loss = 4.0719, nll_loss = 3.9947, ref_nll_loss = 4.1492, ivc_loss = 0.0770, neg_loss_1 = 0.0086, neg_loss_2 = 0.0099, ref_loss = 0.0277, div_loss = 0.0062, 0.798 seconds/batch
2026-04-20 01:07:44,841 - Epoch 7, Batch 650, lr = 0.00009, final_loss = 4.0702, nll_loss = 3.9942, ref_nll_loss = 4.1462, ivc_loss = 0.0792, neg_loss_1 = 0.0093, neg_loss_2 = 0.0093, ref_loss = 0.0299, div_loss = 0.0062, 0.798 seconds/batch
2026-04-20 01:08:24,478 - Epoch 7, Batch 700, lr = 0.00009, final_loss = 4.0517, nll_loss = 3.9721, ref_nll_loss = 4.1313, ivc_loss = 0.0776, neg_loss_1 = 0.0092, neg_loss_2 = 0.0105, ref_loss = 0.0270, div_loss = 0.0062, 0.797 seconds/batch
2026-04-20 01:09:04,475 - Epoch 7, Batch 750, lr = 0.00009, final_loss = 4.0747, nll_loss = 3.9962, ref_nll_loss = 4.1533, ivc_loss = 0.0752, neg_loss_1 = 0.0085, neg_loss_2 = 0.0096, ref_loss = 0.0265, div_loss = 0.0061, 0.797 seconds/batch
2026-04-20 01:09:44,294 - Epoch 7, Batch 800, lr = 0.00009, final_loss = 4.0550, nll_loss = 3.9756, ref_nll_loss = 4.1343, ivc_loss = 0.0757, neg_loss_1 = 0.0088, neg_loss_2 = 0.0098, ref_loss = 0.0256, div_loss = 0.0063, 0.797 seconds/batch
2026-04-20 01:10:24,571 - Epoch 7, Batch 850, lr = 0.00009, final_loss = 4.0679, nll_loss = 3.9889, ref_nll_loss = 4.1469, ivc_loss = 0.0748, neg_loss_1 = 0.0093, neg_loss_2 = 0.0092, ref_loss = 0.0255, div_loss = 0.0061, 0.798 seconds/batch
2026-04-20 01:11:04,605 - Epoch 7, Batch 900, lr = 0.00009, final_loss = 4.0527, nll_loss = 3.9732, ref_nll_loss = 4.1322, ivc_loss = 0.0741, neg_loss_1 = 0.0082, neg_loss_2 = 0.0089, ref_loss = 0.0262, div_loss = 0.0062, 0.798 seconds/batch
2026-04-20 01:11:44,642 - Epoch 7, Batch 950, lr = 0.00009, final_loss = 4.0714, nll_loss = 3.9930, ref_nll_loss = 4.1497, ivc_loss = 0.0767, neg_loss_1 = 0.0074, neg_loss_2 = 0.0104, ref_loss = 0.0267, div_loss = 0.0064, 0.798 seconds/batch
2026-04-20 01:12:24,435 - Epoch 7, Batch 1000, lr = 0.00009, final_loss = 4.0579, nll_loss = 3.9835, ref_nll_loss = 4.1322, ivc_loss = 0.0758, neg_loss_1 = 0.0078, neg_loss_2 = 0.0092, ref_loss = 0.0280, div_loss = 0.0062, 0.798 seconds/batch
2026-04-20 01:13:02,361 - Epoch 7, Batch 1050, lr = 0.00009, final_loss = 4.0207, nll_loss = 3.9426, ref_nll_loss = 4.0989, ivc_loss = 0.0768, neg_loss_1 = 0.0093, neg_loss_2 = 0.0077, ref_loss = 0.0278, div_loss = 0.0064, 0.796 seconds/batch
2026-04-20 01:13:35,903 - Epoch 7, Batch 1100, lr = 0.00009, final_loss = 4.0584, nll_loss = 3.9783, ref_nll_loss = 4.1385, ivc_loss = 0.0736, neg_loss_1 = 0.0076, neg_loss_2 = 0.0088, ref_loss = 0.0265, div_loss = 0.0061, 0.790 seconds/batch
2026-04-20 01:14:03,073 - Epoch 7, Batch 1150, lr = 0.00009, final_loss = 3.9938, nll_loss = 3.9171, ref_nll_loss = 4.0706, ivc_loss = 0.0758, neg_loss_1 = 0.0085, neg_loss_2 = 0.0106, ref_loss = 0.0255, div_loss = 0.0062, 0.780 seconds/batch
2026-04-20 01:14:13,646 - Epoch 7, Batch 1170, lr = 0.00009, final_loss = 4.0636, nll_loss = 3.9798, ref_nll_loss = 4.1473, ivc_loss = 0.0737, neg_loss_1 = 0.0086, neg_loss_2 = 0.0118, ref_loss = 0.0229, div_loss = 0.0061, 0.775 seconds/batch
2026-04-20 01:14:13,721 - save model to checkpoints/activitynet_moe/cpl_moe/model-7.pt, num_updates 8190.
2026-04-20 01:17:21,111 - | R@1,mIoU 0.2256 | R@1,IoU@0.1 0.5417 | R@1,IoU@0.3 0.3882 | R@1,IoU@0.5 0.1541 | R@1,IoU@0.7 0.0449 | R@1,IoU@0.9 0.0025 | R@5,mIoU 0.5255 | R@5,IoU@0.1 0.9257 | R@5,IoU@0.3 0.7856 | R@5,IoU@0.5 0.5315 | R@5,IoU@0.7 0.3113 | R@5,IoU@0.9 0.0691 |
2026-04-20 01:17:21,112 - ============================================================
2026-04-20 01:17:21,112 - Start Epoch 8
2026-04-20 01:18:00,758 - Epoch 8, Batch 50, lr = 0.00009, final_loss = 4.0321, nll_loss = 3.9572, ref_nll_loss = 4.1071, ivc_loss = 0.0799, neg_loss_1 = 0.0090, neg_loss_2 = 0.0123, ref_loss = 0.0284, div_loss = 0.0060, 0.793 seconds/batch
2026-04-20 01:18:40,647 - Epoch 8, Batch 100, lr = 0.00009, final_loss = 4.0206, nll_loss = 3.9426, ref_nll_loss = 4.0986, ivc_loss = 0.0788, neg_loss_1 = 0.0105, neg_loss_2 = 0.0101, ref_loss = 0.0277, div_loss = 0.0061, 0.795 seconds/batch
2026-04-20 01:19:20,526 - Epoch 8, Batch 150, lr = 0.00009, final_loss = 4.0184, nll_loss = 3.9365, ref_nll_loss = 4.1002, ivc_loss = 0.0761, neg_loss_1 = 0.0087, neg_loss_2 = 0.0098, ref_loss = 0.0256, div_loss = 0.0064, 0.796 seconds/batch
2026-04-20 01:20:00,053 - Epoch 8, Batch 200, lr = 0.00009, final_loss = 4.0274, nll_loss = 3.9454, ref_nll_loss = 4.1093, ivc_loss = 0.0746, neg_loss_1 = 0.0090, neg_loss_2 = 0.0078, ref_loss = 0.0255, div_loss = 0.0064, 0.795 seconds/batch
2026-04-20 01:20:39,763 - Epoch 8, Batch 250, lr = 0.00009, final_loss = 4.0322, nll_loss = 3.9523, ref_nll_loss = 4.1121, ivc_loss = 0.0742, neg_loss_1 = 0.0078, neg_loss_2 = 0.0088, ref_loss = 0.0251, div_loss = 0.0065, 0.795 seconds/batch
2026-04-20 01:21:19,897 - Epoch 8, Batch 300, lr = 0.00009, final_loss = 4.0276, nll_loss = 3.9472, ref_nll_loss = 4.1079, ivc_loss = 0.0729, neg_loss_1 = 0.0076, neg_loss_2 = 0.0090, ref_loss = 0.0242, div_loss = 0.0064, 0.796 seconds/batch
2026-04-20 01:21:59,552 - Epoch 8, Batch 350, lr = 0.00009, final_loss = 4.0090, nll_loss = 3.9289, ref_nll_loss = 4.0891, ivc_loss = 0.0793, neg_loss_1 = 0.0099, neg_loss_2 = 0.0115, ref_loss = 0.0277, div_loss = 0.0060, 0.796 seconds/batch
2026-04-20 01:22:39,508 - Epoch 8, Batch 400, lr = 0.00009, final_loss = 4.0353, nll_loss = 3.9567, ref_nll_loss = 4.1138, ivc_loss = 0.0776, neg_loss_1 = 0.0094, neg_loss_2 = 0.0105, ref_loss = 0.0257, div_loss = 0.0064, 0.796 seconds/batch
2026-04-20 01:23:19,584 - Epoch 8, Batch 450, lr = 0.00009, final_loss = 3.9929, nll_loss = 3.9114, ref_nll_loss = 4.0744, ivc_loss = 0.0775, neg_loss_1 = 0.0088, neg_loss_2 = 0.0116, ref_loss = 0.0247, div_loss = 0.0065, 0.797 seconds/batch
2026-04-20 01:23:59,647 - Epoch 8, Batch 500, lr = 0.00009, final_loss = 4.0322, nll_loss = 3.9525, ref_nll_loss = 4.1119, ivc_loss = 0.0732, neg_loss_1 = 0.0087, neg_loss_2 = 0.0082, ref_loss = 0.0248, div_loss = 0.0063, 0.797 seconds/batch
2026-04-20 01:24:39,437 - Epoch 8, Batch 550, lr = 0.00009, final_loss = 4.0369, nll_loss = 3.9575, ref_nll_loss = 4.1163, ivc_loss = 0.0783, neg_loss_1 = 0.0084, neg_loss_2 = 0.0100, ref_loss = 0.0272, div_loss = 0.0065, 0.797 seconds/batch
2026-04-20 01:25:19,398 - Epoch 8, Batch 600, lr = 0.00009, final_loss = 4.0424, nll_loss = 3.9629, ref_nll_loss = 4.1220, ivc_loss = 0.0781, neg_loss_1 = 0.0089, neg_loss_2 = 0.0098, ref_loss = 0.0267, div_loss = 0.0065, 0.797 seconds/batch
2026-04-20 01:25:59,408 - Epoch 8, Batch 650, lr = 0.00009, final_loss = 4.0445, nll_loss = 3.9697, ref_nll_loss = 4.1192, ivc_loss = 0.0796, neg_loss_1 = 0.0089, neg_loss_2 = 0.0101, ref_loss = 0.0272, div_loss = 0.0067, 0.797 seconds/batch
2026-04-20 01:26:39,548 - Epoch 8, Batch 700, lr = 0.00008, final_loss = 4.0110, nll_loss = 3.9304, ref_nll_loss = 4.0917, ivc_loss = 0.0763, neg_loss_1 = 0.0091, neg_loss_2 = 0.0098, ref_loss = 0.0237, div_loss = 0.0067, 0.798 seconds/batch
2026-04-20 01:27:19,634 - Epoch 8, Batch 750, lr = 0.00008, final_loss = 4.0612, nll_loss = 3.9849, ref_nll_loss = 4.1374, ivc_loss = 0.0797, neg_loss_1 = 0.0085, neg_loss_2 = 0.0085, ref_loss = 0.0296, div_loss = 0.0066, 0.798 seconds/batch
2026-04-20 01:27:59,549 - Epoch 8, Batch 800, lr = 0.00008, final_loss = 4.0319, nll_loss = 3.9521, ref_nll_loss = 4.1117, ivc_loss = 0.0777, neg_loss_1 = 0.0083, neg_loss_2 = 0.0103, ref_loss = 0.0272, div_loss = 0.0064, 0.798 seconds/batch
2026-04-20 01:28:39,816 - Epoch 8, Batch 850, lr = 0.00008, final_loss = 4.0016, nll_loss = 3.9229, ref_nll_loss = 4.0803, ivc_loss = 0.0746, neg_loss_1 = 0.0082, neg_loss_2 = 0.0095, ref_loss = 0.0253, div_loss = 0.0063, 0.798 seconds/batch
2026-04-20 01:29:19,593 - Epoch 8, Batch 900, lr = 0.00008, final_loss = 4.0055, nll_loss = 3.9278, ref_nll_loss = 4.0832, ivc_loss = 0.0796, neg_loss_1 = 0.0094, neg_loss_2 = 0.0129, ref_loss = 0.0267, div_loss = 0.0061, 0.798 seconds/batch
2026-04-20 01:29:59,471 - Epoch 8, Batch 950, lr = 0.00008, final_loss = 4.0083, nll_loss = 3.9305, ref_nll_loss = 4.0860, ivc_loss = 0.0778, neg_loss_1 = 0.0072, neg_loss_2 = 0.0108, ref_loss = 0.0287, div_loss = 0.0062, 0.798 seconds/batch
2026-04-20 01:30:39,334 - Epoch 8, Batch 1000, lr = 0.00008, final_loss = 4.0095, nll_loss = 3.9308, ref_nll_loss = 4.0882, ivc_loss = 0.0763, neg_loss_1 = 0.0090, neg_loss_2 = 0.0077, ref_loss = 0.0282, div_loss = 0.0063, 0.798 seconds/batch
2026-04-20 01:31:17,364 - Epoch 8, Batch 1050, lr = 0.00008, final_loss = 4.0449, nll_loss = 3.9667, ref_nll_loss = 4.1230, ivc_loss = 0.0783, neg_loss_1 = 0.0094, neg_loss_2 = 0.0106, ref_loss = 0.0264, div_loss = 0.0064, 0.796 seconds/batch
2026-04-20 01:31:50,961 - Epoch 8, Batch 1100, lr = 0.00008, final_loss = 4.0115, nll_loss = 3.9306, ref_nll_loss = 4.0923, ivc_loss = 0.0732, neg_loss_1 = 0.0081, neg_loss_2 = 0.0086, ref_loss = 0.0256, div_loss = 0.0062, 0.791 seconds/batch
2026-04-20 01:32:18,440 - Epoch 8, Batch 1150, lr = 0.00008, final_loss = 4.0374, nll_loss = 3.9555, ref_nll_loss = 4.1193, ivc_loss = 0.0771, neg_loss_1 = 0.0091, neg_loss_2 = 0.0078, ref_loss = 0.0270, div_loss = 0.0066, 0.780 seconds/batch
2026-04-20 01:32:29,301 - Epoch 8, Batch 1170, lr = 0.00008, final_loss = 4.0350, nll_loss = 3.9572, ref_nll_loss = 4.1129, ivc_loss = 0.0765, neg_loss_1 = 0.0076, neg_loss_2 = 0.0097, ref_loss = 0.0265, div_loss = 0.0065, 0.776 seconds/batch
2026-04-20 01:32:29,375 - save model to checkpoints/activitynet_moe/cpl_moe/model-8.pt, num_updates 9360.
2026-04-20 01:35:36,673 - | R@1,mIoU 0.3136 | R@1,IoU@0.1 0.7313 | R@1,IoU@0.3 0.5365 | R@1,IoU@0.5 0.2223 | R@1,IoU@0.7 0.0711 | R@1,IoU@0.9 0.0075 | R@5,mIoU 0.5257 | R@5,IoU@0.1 0.9241 | R@5,IoU@0.3 0.7832 | R@5,IoU@0.5 0.5327 | R@5,IoU@0.7 0.3187 | R@5,IoU@0.9 0.0731 |
2026-04-20 01:35:36,749 - Best results have been updated.
2026-04-20 01:35:36,750 - ============================================================
2026-04-20 01:35:36,750 - Start Epoch 9
2026-04-20 01:36:16,375 - Epoch 9, Batch 50, lr = 0.00008, final_loss = 3.9761, nll_loss = 3.9001, ref_nll_loss = 4.0522, ivc_loss = 0.0803, neg_loss_1 = 0.0094, neg_loss_2 = 0.0086, ref_loss = 0.0300, div_loss = 0.0065, 0.792 seconds/batch
2026-04-20 01:36:56,257 - Epoch 9, Batch 100, lr = 0.00008, final_loss = 4.0110, nll_loss = 3.9293, ref_nll_loss = 4.0927, ivc_loss = 0.0739, neg_loss_1 = 0.0089, neg_loss_2 = 0.0081, ref_loss = 0.0251, div_loss = 0.0064, 0.795 seconds/batch
2026-04-20 01:37:35,877 - Epoch 9, Batch 150, lr = 0.00008, final_loss = 3.9826, nll_loss = 3.8999, ref_nll_loss = 4.0653, ivc_loss = 0.0768, neg_loss_1 = 0.0074, neg_loss_2 = 0.0105, ref_loss = 0.0249, div_loss = 0.0068, 0.794 seconds/batch
2026-04-20 01:38:15,831 - Epoch 9, Batch 200, lr = 0.00008, final_loss = 3.9764, nll_loss = 3.8970, ref_nll_loss = 4.0558, ivc_loss = 0.0835, neg_loss_1 = 0.0126, neg_loss_2 = 0.0140, ref_loss = 0.0251, div_loss = 0.0064, 0.795 seconds/batch
2026-04-20 01:38:55,872 - Epoch 9, Batch 250, lr = 0.00008, final_loss = 4.0008, nll_loss = 3.9209, ref_nll_loss = 4.0807, ivc_loss = 0.0796, neg_loss_1 = 0.0120, neg_loss_2 = 0.0093, ref_loss = 0.0274, div_loss = 0.0062, 0.796 seconds/batch
2026-04-20 01:39:35,578 - Epoch 9, Batch 300, lr = 0.00008, final_loss = 3.9984, nll_loss = 3.9196, ref_nll_loss = 4.0772, ivc_loss = 0.0805, neg_loss_1 = 0.0099, neg_loss_2 = 0.0103, ref_loss = 0.0270, div_loss = 0.0067, 0.796 seconds/batch
2026-04-20 01:40:15,349 - Epoch 9, Batch 350, lr = 0.00008, final_loss = 3.9978, nll_loss = 3.9173, ref_nll_loss = 4.0783, ivc_loss = 0.0793, neg_loss_1 = 0.0124, neg_loss_2 = 0.0102, ref_loss = 0.0242, div_loss = 0.0065, 0.796 seconds/batch
2026-04-20 01:40:55,275 - Epoch 9, Batch 400, lr = 0.00008, final_loss = 3.9804, nll_loss = 3.8971, ref_nll_loss = 4.0637, ivc_loss = 0.0765, neg_loss_1 = 0.0101, neg_loss_2 = 0.0085, ref_loss = 0.0266, div_loss = 0.0063, 0.796 seconds/batch
2026-04-20 01:41:35,548 - Epoch 9, Batch 450, lr = 0.00008, final_loss = 3.9969, nll_loss = 3.9144, ref_nll_loss = 4.0794, ivc_loss = 0.0744, neg_loss_1 = 0.0098, neg_loss_2 = 0.0098, ref_loss = 0.0241, div_loss = 0.0062, 0.797 seconds/batch
2026-04-20 01:42:15,615 - Epoch 9, Batch 500, lr = 0.00008, final_loss = 4.0111, nll_loss = 3.9279, ref_nll_loss = 4.0943, ivc_loss = 0.0750, neg_loss_1 = 0.0077, neg_loss_2 = 0.0103, ref_loss = 0.0254, div_loss = 0.0063, 0.798 seconds/batch
2026-04-20 01:42:55,248 - Epoch 9, Batch 550, lr = 0.00008, final_loss = 3.9546, nll_loss = 3.8721, ref_nll_loss = 4.0371, ivc_loss = 0.0789, neg_loss_1 = 0.0112, neg_loss_2 = 0.0104, ref_loss = 0.0263, div_loss = 0.0062, 0.797 seconds/batch
2026-04-20 01:43:35,746 - Epoch 9, Batch 600, lr = 0.00008, final_loss = 4.0174, nll_loss = 3.9359, ref_nll_loss = 4.0989, ivc_loss = 0.0758, neg_loss_1 = 0.0098, neg_loss_2 = 0.0093, ref_loss = 0.0244, div_loss = 0.0064, 0.798 seconds/batch
2026-04-20 01:44:15,998 - Epoch 9, Batch 650, lr = 0.00008, final_loss = 4.0049, nll_loss = 3.9206, ref_nll_loss = 4.0892, ivc_loss = 0.0748, neg_loss_1 = 0.0099, neg_loss_2 = 0.0089, ref_loss = 0.0247, div_loss = 0.0062, 0.799 seconds/batch
2026-04-20 01:44:56,014 - Epoch 9, Batch 700, lr = 0.00008, final_loss = 4.0095, nll_loss = 3.9285, ref_nll_loss = 4.0905, ivc_loss = 0.0810, neg_loss_1 = 0.0109, neg_loss_2 = 0.0108, ref_loss = 0.0267, div_loss = 0.0065, 0.799 seconds/batch
2026-04-20 01:45:35,863 - Epoch 9, Batch 750, lr = 0.00008, final_loss = 4.0409, nll_loss = 3.9594, ref_nll_loss = 4.1223, ivc_loss = 0.0780, neg_loss_1 = 0.0100, neg_loss_2 = 0.0111, ref_loss = 0.0250, div_loss = 0.0064, 0.799 seconds/batch
2026-04-20 01:46:15,631 - Epoch 9, Batch 800, lr = 0.00008, final_loss = 3.9816, nll_loss = 3.9021, ref_nll_loss = 4.0610, ivc_loss = 0.0820, neg_loss_1 = 0.0126, neg_loss_2 = 0.0112, ref_loss = 0.0266, div_loss = 0.0063, 0.799 seconds/batch
2026-04-20 01:46:55,283 - Epoch 9, Batch 850, lr = 0.00008, final_loss = 3.9964, nll_loss = 3.9134, ref_nll_loss = 4.0794, ivc_loss = 0.0751, neg_loss_1 = 0.0100, neg_loss_2 = 0.0082, ref_loss = 0.0238, div_loss = 0.0066, 0.798 seconds/batch
2026-04-20 01:47:34,638 - Epoch 9, Batch 900, lr = 0.00008, final_loss = 3.9812, nll_loss = 3.8979, ref_nll_loss = 4.0646, ivc_loss = 0.0780, neg_loss_1 = 0.0102, neg_loss_2 = 0.0107, ref_loss = 0.0255, div_loss = 0.0063, 0.798 seconds/batch
2026-04-20 01:48:14,253 - Epoch 9, Batch 950, lr = 0.00008, final_loss = 4.0101, nll_loss = 3.9301, ref_nll_loss = 4.0901, ivc_loss = 0.0785, neg_loss_1 = 0.0124, neg_loss_2 = 0.0082, ref_loss = 0.0258, div_loss = 0.0064, 0.797 seconds/batch
2026-04-20 01:48:53,884 - Epoch 9, Batch 1000, lr = 0.00008, final_loss = 3.9888, nll_loss = 3.9067, ref_nll_loss = 4.0709, ivc_loss = 0.0787, neg_loss_1 = 0.0115, neg_loss_2 = 0.0102, ref_loss = 0.0240, div_loss = 0.0066, 0.797 seconds/batch
2026-04-20 01:49:31,689 - Epoch 9, Batch 1050, lr = 0.00008, final_loss = 3.9990, nll_loss = 3.9184, ref_nll_loss = 4.0795, ivc_loss = 0.0735, neg_loss_1 = 0.0081, neg_loss_2 = 0.0079, ref_loss = 0.0250, div_loss = 0.0065, 0.795 seconds/batch
2026-04-20 01:50:05,366 - Epoch 9, Batch 1100, lr = 0.00008, final_loss = 3.9999, nll_loss = 3.9164, ref_nll_loss = 4.0835, ivc_loss = 0.0806, neg_loss_1 = 0.0116, neg_loss_2 = 0.0111, ref_loss = 0.0246, div_loss = 0.0067, 0.790 seconds/batch
2026-04-20 01:50:33,051 - Epoch 9, Batch 1150, lr = 0.00008, final_loss = 4.0024, nll_loss = 3.9172, ref_nll_loss = 4.0877, ivc_loss = 0.0739, neg_loss_1 = 0.0082, neg_loss_2 = 0.0089, ref_loss = 0.0224, div_loss = 0.0069, 0.779 seconds/batch
2026-04-20 01:50:43,795 - Epoch 9, Batch 1170, lr = 0.00008, final_loss = 3.9665, nll_loss = 3.8861, ref_nll_loss = 4.0469, ivc_loss = 0.0917, neg_loss_1 = 0.0104, neg_loss_2 = 0.0180, ref_loss = 0.0277, div_loss = 0.0071, 0.775 seconds/batch
2026-04-20 01:50:43,866 - save model to checkpoints/activitynet_moe/cpl_moe/model-9.pt, num_updates 10530.
2026-04-20 01:53:51,661 - | R@1,mIoU 0.2892 | R@1,IoU@0.1 0.6654 | R@1,IoU@0.3 0.4789 | R@1,IoU@0.5 0.2217 | R@1,IoU@0.7 0.0718 | R@1,IoU@0.9 0.0075 | R@5,mIoU 0.5304 | R@5,IoU@0.1 0.9268 | R@5,IoU@0.3 0.7913 | R@5,IoU@0.5 0.5438 | R@5,IoU@0.7 0.3198 | R@5,IoU@0.9 0.0759 |
2026-04-20 01:53:51,661 - ============================================================
2026-04-20 01:53:51,661 - Start Epoch 10
2026-04-20 01:54:31,262 - Epoch 10, Batch 50, lr = 0.00008, final_loss = 3.9455, nll_loss = 3.8623, ref_nll_loss = 4.0287, ivc_loss = 0.0813, neg_loss_1 = 0.0110, neg_loss_2 = 0.0091, ref_loss = 0.0255, div_loss = 0.0071, 0.792 seconds/batch
2026-04-20 01:55:11,547 - Epoch 10, Batch 100, lr = 0.00008, final_loss = 3.9775, nll_loss = 3.8935, ref_nll_loss = 4.0615, ivc_loss = 0.0791, neg_loss_1 = 0.0106, neg_loss_2 = 0.0094, ref_loss = 0.0233, div_loss = 0.0072, 0.799 seconds/batch
2026-04-20 01:55:51,389 - Epoch 10, Batch 150, lr = 0.00008, final_loss = 3.9482, nll_loss = 3.8676, ref_nll_loss = 4.0289, ivc_loss = 0.0820, neg_loss_1 = 0.0118, neg_loss_2 = 0.0094, ref_loss = 0.0266, div_loss = 0.0068, 0.798 seconds/batch
2026-04-20 01:56:31,269 - Epoch 10, Batch 200, lr = 0.00008, final_loss = 3.9915, nll_loss = 3.9097, ref_nll_loss = 4.0733, ivc_loss = 0.0839, neg_loss_1 = 0.0125, neg_loss_2 = 0.0127, ref_loss = 0.0247, div_loss = 0.0068, 0.798 seconds/batch
2026-04-20 01:57:11,126 - Epoch 10, Batch 250, lr = 0.00008, final_loss = 3.9756, nll_loss = 3.8937, ref_nll_loss = 4.0575, ivc_loss = 0.0801, neg_loss_1 = 0.0114, neg_loss_2 = 0.0094, ref_loss = 0.0262, div_loss = 0.0066, 0.798 seconds/batch
2026-04-20 01:57:50,880 - Epoch 10, Batch 300, lr = 0.00008, final_loss = 3.9648, nll_loss = 3.8806, ref_nll_loss = 4.0490, ivc_loss = 0.0791, neg_loss_1 = 0.0109, neg_loss_2 = 0.0099, ref_loss = 0.0248, div_loss = 0.0067, 0.797 seconds/batch
2026-04-20 01:58:30,856 - Epoch 10, Batch 350, lr = 0.00008, final_loss = 3.9790, nll_loss = 3.8985, ref_nll_loss = 4.0594, ivc_loss = 0.0810, neg_loss_1 = 0.0099, neg_loss_2 = 0.0093, ref_loss = 0.0272, div_loss = 0.0069, 0.798 seconds/batch
2026-04-20 01:59:10,613 - Epoch 10, Batch 400, lr = 0.00008, final_loss = 3.9911, nll_loss = 3.9109, ref_nll_loss = 4.0713, ivc_loss = 0.0786, neg_loss_1 = 0.0103, neg_loss_2 = 0.0114, ref_loss = 0.0254, div_loss = 0.0063, 0.797 seconds/batch
2026-04-20 01:59:50,488 - Epoch 10, Batch 450, lr = 0.00008, final_loss = 3.9661, nll_loss = 3.8853, ref_nll_loss = 4.0469, ivc_loss = 0.0783, neg_loss_1 = 0.0108, neg_loss_2 = 0.0094, ref_loss = 0.0257, div_loss = 0.0065, 0.797 seconds/batch
2026-04-20 02:00:30,447 - Epoch 10, Batch 500, lr = 0.00008, final_loss = 3.9629, nll_loss = 3.8783, ref_nll_loss = 4.0475, ivc_loss = 0.0827, neg_loss_1 = 0.0129, neg_loss_2 = 0.0126, ref_loss = 0.0245, div_loss = 0.0065, 0.798 seconds/batch
2026-04-20 02:01:10,342 - Epoch 10, Batch 550, lr = 0.00008, final_loss = 3.9929, nll_loss = 3.9132, ref_nll_loss = 4.0725, ivc_loss = 0.0803, neg_loss_1 = 0.0106, neg_loss_2 = 0.0111, ref_loss = 0.0266, div_loss = 0.0064, 0.798 seconds/batch
2026-04-20 02:01:50,215 - Epoch 10, Batch 600, lr = 0.00008, final_loss = 3.9914, nll_loss = 3.9069, ref_nll_loss = 4.0759, ivc_loss = 0.0785, neg_loss_1 = 0.0123, neg_loss_2 = 0.0103, ref_loss = 0.0244, div_loss = 0.0063, 0.798 seconds/batch
2026-04-20 02:02:29,728 - Epoch 10, Batch 650, lr = 0.00008, final_loss = 3.9829, nll_loss = 3.9037, ref_nll_loss = 4.0620, ivc_loss = 0.0826, neg_loss_1 = 0.0100, neg_loss_2 = 0.0124, ref_loss = 0.0291, div_loss = 0.0062, 0.797 seconds/batch
2026-04-20 02:03:09,327 - Epoch 10, Batch 700, lr = 0.00008, final_loss = 3.9346, nll_loss = 3.8510, ref_nll_loss = 4.0181, ivc_loss = 0.0744, neg_loss_1 = 0.0098, neg_loss_2 = 0.0088, ref_loss = 0.0240, div_loss = 0.0063, 0.797 seconds/batch
2026-04-20 02:03:49,504 - Epoch 10, Batch 750, lr = 0.00008, final_loss = 3.9743, nll_loss = 3.8912, ref_nll_loss = 4.0574, ivc_loss = 0.0788, neg_loss_1 = 0.0105, neg_loss_2 = 0.0094, ref_loss = 0.0262, div_loss = 0.0065, 0.797 seconds/batch
2026-04-20 02:04:29,467 - Epoch 10, Batch 800, lr = 0.00008, final_loss = 3.9879, nll_loss = 3.9059, ref_nll_loss = 4.0699, ivc_loss = 0.0798, neg_loss_1 = 0.0103, neg_loss_2 = 0.0103, ref_loss = 0.0273, div_loss = 0.0064, 0.797 seconds/batch
2026-04-20 02:05:09,216 - Epoch 10, Batch 850, lr = 0.00007, final_loss = 3.9448, nll_loss = 3.8617, ref_nll_loss = 4.0278, ivc_loss = 0.0800, neg_loss_1 = 0.0122, neg_loss_2 = 0.0089, ref_loss = 0.0255, div_loss = 0.0067, 0.797 seconds/batch
2026-04-20 02:05:48,911 - Epoch 10, Batch 900, lr = 0.00007, final_loss = 3.9625, nll_loss = 3.8766, ref_nll_loss = 4.0485, ivc_loss = 0.0799, neg_loss_1 = 0.0108, neg_loss_2 = 0.0118, ref_loss = 0.0237, div_loss = 0.0067, 0.797 seconds/batch
2026-04-20 02:06:28,795 - Epoch 10, Batch 950, lr = 0.00007, final_loss = 3.9895, nll_loss = 3.9061, ref_nll_loss = 4.0729, ivc_loss = 0.0759, neg_loss_1 = 0.0091, neg_loss_2 = 0.0088, ref_loss = 0.0251, div_loss = 0.0066, 0.797 seconds/batch
2026-04-20 02:07:08,405 - Epoch 10, Batch 1000, lr = 0.00007, final_loss = 3.9834, nll_loss = 3.8969, ref_nll_loss = 4.0699, ivc_loss = 0.0768, neg_loss_1 = 0.0102, neg_loss_2 = 0.0101, ref_loss = 0.0219, div_loss = 0.0069, 0.797 seconds/batch
2026-04-20 02:07:45,977 - Epoch 10, Batch 1050, lr = 0.00007, final_loss = 4.0112, nll_loss = 3.9286, ref_nll_loss = 4.0937, ivc_loss = 0.0796, neg_loss_1 = 0.0106, neg_loss_2 = 0.0105, ref_loss = 0.0238, div_loss = 0.0069, 0.795 seconds/batch
2026-04-20 02:08:20,112 - Epoch 10, Batch 1100, lr = 0.00007, final_loss = 3.9699, nll_loss = 3.8867, ref_nll_loss = 4.0530, ivc_loss = 0.0862, neg_loss_1 = 0.0129, neg_loss_2 = 0.0135, ref_loss = 0.0260, div_loss = 0.0067, 0.790 seconds/batch
2026-04-20 02:08:47,648 - Epoch 10, Batch 1150, lr = 0.00007, final_loss = 4.0053, nll_loss = 3.9263, ref_nll_loss = 4.0843, ivc_loss = 0.0844, neg_loss_1 = 0.0122, neg_loss_2 = 0.0125, ref_loss = 0.0269, div_loss = 0.0066, 0.779 seconds/batch
2026-04-20 02:08:58,505 - Epoch 10, Batch 1170, lr = 0.00007, final_loss = 3.9365, nll_loss = 3.8558, ref_nll_loss = 4.0173, ivc_loss = 0.0898, neg_loss_1 = 0.0119, neg_loss_2 = 0.0168, ref_loss = 0.0289, div_loss = 0.0064, 0.775 seconds/batch
2026-04-20 02:08:58,575 - save model to checkpoints/activitynet_moe/cpl_moe/model-10.pt, num_updates 11700.
2026-04-20 02:12:06,177 - | R@1,mIoU 0.2549 | R@1,IoU@0.1 0.6137 | R@1,IoU@0.3 0.4413 | R@1,IoU@0.5 0.1688 | R@1,IoU@0.7 0.0444 | R@1,IoU@0.9 0.0023 | R@5,mIoU 0.5343 | R@5,IoU@0.1 0.9261 | R@5,IoU@0.3 0.7948 | R@5,IoU@0.5 0.5463 | R@5,IoU@0.7 0.3253 | R@5,IoU@0.9 0.0782 |
2026-04-20 02:12:06,177 - ============================================================
2026-04-20 02:12:06,177 - Start Epoch 11
2026-04-20 02:12:45,512 - Epoch 11, Batch 50, lr = 0.00007, final_loss = 3.9342, nll_loss = 3.8488, ref_nll_loss = 4.0197, ivc_loss = 0.0778, neg_loss_1 = 0.0102, neg_loss_2 = 0.0111, ref_loss = 0.0236, div_loss = 0.0066, 0.787 seconds/batch
2026-04-20 02:13:25,726 - Epoch 11, Batch 100, lr = 0.00007, final_loss = 3.9349, nll_loss = 3.8514, ref_nll_loss = 4.0183, ivc_loss = 0.0796, neg_loss_1 = 0.0113, neg_loss_2 = 0.0100, ref_loss = 0.0250, div_loss = 0.0066, 0.795 seconds/batch
2026-04-20 02:14:05,814 - Epoch 11, Batch 150, lr = 0.00007, final_loss = 3.9902, nll_loss = 3.9078, ref_nll_loss = 4.0726, ivc_loss = 0.0827, neg_loss_1 = 0.0133, neg_loss_2 = 0.0114, ref_loss = 0.0261, div_loss = 0.0064, 0.798 seconds/batch
2026-04-20 02:14:46,078 - Epoch 11, Batch 200, lr = 0.00007, final_loss = 3.9531, nll_loss = 3.8702, ref_nll_loss = 4.0360, ivc_loss = 0.0817, neg_loss_1 = 0.0107, neg_loss_2 = 0.0105, ref_loss = 0.0272, div_loss = 0.0067, 0.799 seconds/batch
2026-04-20 02:15:26,139 - Epoch 11, Batch 250, lr = 0.00007, final_loss = 3.9612, nll_loss = 3.8772, ref_nll_loss = 4.0452, ivc_loss = 0.0803, neg_loss_1 = 0.0121, neg_loss_2 = 0.0102, ref_loss = 0.0239, div_loss = 0.0068, 0.800 seconds/batch
2026-04-20 02:16:06,032 - Epoch 11, Batch 300, lr = 0.00007, final_loss = 3.9657, nll_loss = 3.8824, ref_nll_loss = 4.0490, ivc_loss = 0.0793, neg_loss_1 = 0.0107, neg_loss_2 = 0.0117, ref_loss = 0.0235, div_loss = 0.0067, 0.800 seconds/batch
2026-04-20 02:16:45,935 - Epoch 11, Batch 350, lr = 0.00007, final_loss = 3.9366, nll_loss = 3.8532, ref_nll_loss = 4.0200, ivc_loss = 0.0808, neg_loss_1 = 0.0149, neg_loss_2 = 0.0098, ref_loss = 0.0248, div_loss = 0.0063, 0.799 seconds/batch
2026-04-20 02:17:25,654 - Epoch 11, Batch 400, lr = 0.00007, final_loss = 3.9427, nll_loss = 3.8582, ref_nll_loss = 4.0273, ivc_loss = 0.0782, neg_loss_1 = 0.0119, neg_loss_2 = 0.0115, ref_loss = 0.0236, div_loss = 0.0063, 0.799 seconds/batch
2026-04-20 02:18:05,368 - Epoch 11, Batch 450, lr = 0.00007, final_loss = 3.9459, nll_loss = 3.8597, ref_nll_loss = 4.0321, ivc_loss = 0.0765, neg_loss_1 = 0.0104, neg_loss_2 = 0.0107, ref_loss = 0.0231, div_loss = 0.0065, 0.798 seconds/batch
2026-04-20 02:18:45,186 - Epoch 11, Batch 500, lr = 0.00007, final_loss = 3.9459, nll_loss = 3.8604, ref_nll_loss = 4.0313, ivc_loss = 0.0825, neg_loss_1 = 0.0126, neg_loss_2 = 0.0107, ref_loss = 0.0250, div_loss = 0.0068, 0.798 seconds/batch
2026-04-20 02:19:24,995 - Epoch 11, Batch 550, lr = 0.00007, final_loss = 3.9713, nll_loss = 3.8873, ref_nll_loss = 4.0553, ivc_loss = 0.0829, neg_loss_1 = 0.0118, neg_loss_2 = 0.0123, ref_loss = 0.0250, div_loss = 0.0068, 0.798 seconds/batch
2026-04-20 02:20:04,789 - Epoch 11, Batch 600, lr = 0.00007, final_loss = 3.9334, nll_loss = 3.8515, ref_nll_loss = 4.0152, ivc_loss = 0.0821, neg_loss_1 = 0.0116, neg_loss_2 = 0.0117, ref_loss = 0.0251, div_loss = 0.0067, 0.798 seconds/batch
2026-04-20 02:20:44,703 - Epoch 11, Batch 650, lr = 0.00007, final_loss = 3.9389, nll_loss = 3.8509, ref_nll_loss = 4.0270, ivc_loss = 0.0803, neg_loss_1 = 0.0112, neg_loss_2 = 0.0127, ref_loss = 0.0234, div_loss = 0.0066, 0.798 seconds/batch
2026-04-20 02:21:24,740 - Epoch 11, Batch 700, lr = 0.00007, final_loss = 3.9763, nll_loss = 3.8931, ref_nll_loss = 4.0595, ivc_loss = 0.0798, neg_loss_1 = 0.0119, neg_loss_2 = 0.0107, ref_loss = 0.0241, div_loss = 0.0066, 0.798 seconds/batch
2026-04-20 02:22:04,581 - Epoch 11, Batch 750, lr = 0.00007, final_loss = 3.9792, nll_loss = 3.8966, ref_nll_loss = 4.0618, ivc_loss = 0.0807, neg_loss_1 = 0.0132, neg_loss_2 = 0.0108, ref_loss = 0.0248, div_loss = 0.0064, 0.798 seconds/batch
2026-04-20 02:22:44,395 - Epoch 11, Batch 800, lr = 0.00007, final_loss = 3.9401, nll_loss = 3.8575, ref_nll_loss = 4.0226, ivc_loss = 0.0801, neg_loss_1 = 0.0117, neg_loss_2 = 0.0109, ref_loss = 0.0245, div_loss = 0.0066, 0.798 seconds/batch
2026-04-20 02:23:24,238 - Epoch 11, Batch 850, lr = 0.00007, final_loss = 3.9751, nll_loss = 3.8931, ref_nll_loss = 4.0570, ivc_loss = 0.0846, neg_loss_1 = 0.0129, neg_loss_2 = 0.0122, ref_loss = 0.0271, div_loss = 0.0065, 0.798 seconds/batch
2026-04-20 02:24:03,765 - Epoch 11, Batch 900, lr = 0.00007, final_loss = 3.9749, nll_loss = 3.8876, ref_nll_loss = 4.0622, ivc_loss = 0.0771, neg_loss_1 = 0.0108, neg_loss_2 = 0.0103, ref_loss = 0.0223, div_loss = 0.0068, 0.797 seconds/batch
2026-04-20 02:24:43,707 - Epoch 11, Batch 950, lr = 0.00007, final_loss = 3.9286, nll_loss = 3.8446, ref_nll_loss = 4.0126, ivc_loss = 0.0792, neg_loss_1 = 0.0113, neg_loss_2 = 0.0102, ref_loss = 0.0252, div_loss = 0.0065, 0.797 seconds/batch
2026-04-20 02:25:23,263 - Epoch 11, Batch 1000, lr = 0.00007, final_loss = 3.9565, nll_loss = 3.8712, ref_nll_loss = 4.0418, ivc_loss = 0.0828, neg_loss_1 = 0.0145, neg_loss_2 = 0.0111, ref_loss = 0.0258, div_loss = 0.0063, 0.797 seconds/batch
2026-04-20 02:25:59,931 - Epoch 11, Batch 1050, lr = 0.00007, final_loss = 3.9342, nll_loss = 3.8495, ref_nll_loss = 4.0189, ivc_loss = 0.0819, neg_loss_1 = 0.0114, neg_loss_2 = 0.0107, ref_loss = 0.0264, div_loss = 0.0067, 0.794 seconds/batch
2026-04-20 02:26:33,728 - Epoch 11, Batch 1100, lr = 0.00007, final_loss = 3.9498, nll_loss = 3.8667, ref_nll_loss = 4.0330, ivc_loss = 0.0777, neg_loss_1 = 0.0111, neg_loss_2 = 0.0086, ref_loss = 0.0242, div_loss = 0.0067, 0.789 seconds/batch
2026-04-20 02:27:01,251 - Epoch 11, Batch 1150, lr = 0.00007, final_loss = 3.9810, nll_loss = 3.8961, ref_nll_loss = 4.0659, ivc_loss = 0.0787, neg_loss_1 = 0.0116, neg_loss_2 = 0.0093, ref_loss = 0.0235, div_loss = 0.0068, 0.778 seconds/batch
2026-04-20 02:27:12,205 - Epoch 11, Batch 1170, lr = 0.00007, final_loss = 3.9353, nll_loss = 3.8483, ref_nll_loss = 4.0223, ivc_loss = 0.0780, neg_loss_1 = 0.0112, neg_loss_2 = 0.0073, ref_loss = 0.0251, div_loss = 0.0069, 0.774 seconds/batch
2026-04-20 02:27:12,276 - save model to checkpoints/activitynet_moe/cpl_moe/model-11.pt, num_updates 12870.
2026-04-20 02:30:19,707 - | R@1,mIoU 0.2324 | R@1,IoU@0.1 0.5542 | R@1,IoU@0.3 0.3987 | R@1,IoU@0.5 0.1607 | R@1,IoU@0.7 0.0475 | R@1,IoU@0.9 0.0023 | R@5,mIoU 0.5306 | R@5,IoU@0.1 0.9243 | R@5,IoU@0.3 0.7917 | R@5,IoU@0.5 0.5417 | R@5,IoU@0.7 0.3218 | R@5,IoU@0.9 0.0750 |
2026-04-20 02:30:19,707 - ============================================================
2026-04-20 02:30:19,707 - Start Epoch 12
2026-04-20 02:30:58,415 - Epoch 12, Batch 50, lr = 0.00007, final_loss = 3.9165, nll_loss = 3.8318, ref_nll_loss = 4.0013, ivc_loss = 0.0835, neg_loss_1 = 0.0134, neg_loss_2 = 0.0094, ref_loss = 0.0257, div_loss = 0.0070, 0.774 seconds/batch
2026-04-20 02:31:38,536 - Epoch 12, Batch 100, lr = 0.00007, final_loss = 3.8977, nll_loss = 3.8123, ref_nll_loss = 3.9831, ivc_loss = 0.0802, neg_loss_1 = 0.0128, neg_loss_2 = 0.0102, ref_loss = 0.0235, div_loss = 0.0068, 0.788 seconds/batch
2026-04-20 02:32:18,595 - Epoch 12, Batch 150, lr = 0.00007, final_loss = 3.9063, nll_loss = 3.8212, ref_nll_loss = 3.9914, ivc_loss = 0.0820, neg_loss_1 = 0.0120, neg_loss_2 = 0.0113, ref_loss = 0.0248, div_loss = 0.0068, 0.793 seconds/batch
2026-04-20 02:32:58,129 - Epoch 12, Batch 200, lr = 0.00007, final_loss = 3.9230, nll_loss = 3.8382, ref_nll_loss = 4.0078, ivc_loss = 0.0790, neg_loss_1 = 0.0123, neg_loss_2 = 0.0115, ref_loss = 0.0224, div_loss = 0.0066, 0.792 seconds/batch
2026-04-20 02:33:37,548 - Epoch 12, Batch 250, lr = 0.00007, final_loss = 3.9257, nll_loss = 3.8389, ref_nll_loss = 4.0125, ivc_loss = 0.0814, neg_loss_1 = 0.0127, neg_loss_2 = 0.0116, ref_loss = 0.0241, div_loss = 0.0066, 0.791 seconds/batch
2026-04-20 02:34:17,189 - Epoch 12, Batch 300, lr = 0.00007, final_loss = 3.9319, nll_loss = 3.8472, ref_nll_loss = 4.0166, ivc_loss = 0.0830, neg_loss_1 = 0.0114, neg_loss_2 = 0.0116, ref_loss = 0.0270, div_loss = 0.0066, 0.792 seconds/batch
2026-04-20 02:34:56,634 - Epoch 12, Batch 350, lr = 0.00007, final_loss = 3.9280, nll_loss = 3.8413, ref_nll_loss = 4.0147, ivc_loss = 0.0812, neg_loss_1 = 0.0129, neg_loss_2 = 0.0093, ref_loss = 0.0247, div_loss = 0.0069, 0.791 seconds/batch
2026-04-20 02:35:36,575 - Epoch 12, Batch 400, lr = 0.00007, final_loss = 3.9354, nll_loss = 3.8486, ref_nll_loss = 4.0223, ivc_loss = 0.0830, neg_loss_1 = 0.0139, neg_loss_2 = 0.0089, ref_loss = 0.0248, div_loss = 0.0071, 0.792 seconds/batch
2026-04-20 02:36:16,495 - Epoch 12, Batch 450, lr = 0.00007, final_loss = 3.9437, nll_loss = 3.8575, ref_nll_loss = 4.0299, ivc_loss = 0.0825, neg_loss_1 = 0.0136, neg_loss_2 = 0.0115, ref_loss = 0.0226, div_loss = 0.0070, 0.793 seconds/batch
2026-04-20 02:36:56,465 - Epoch 12, Batch 500, lr = 0.00007, final_loss = 3.9248, nll_loss = 3.8370, ref_nll_loss = 4.0126, ivc_loss = 0.0794, neg_loss_1 = 0.0140, neg_loss_2 = 0.0084, ref_loss = 0.0225, div_loss = 0.0069, 0.794 seconds/batch
2026-04-20 02:37:36,315 - Epoch 12, Batch 550, lr = 0.00007, final_loss = 3.9386, nll_loss = 3.8552, ref_nll_loss = 4.0221, ivc_loss = 0.0830, neg_loss_1 = 0.0131, neg_loss_2 = 0.0084, ref_loss = 0.0274, div_loss = 0.0068, 0.794 seconds/batch
2026-04-20 02:38:16,029 - Epoch 12, Batch 600, lr = 0.00007, final_loss = 3.9076, nll_loss = 3.8180, ref_nll_loss = 3.9972, ivc_loss = 0.0804, neg_loss_1 = 0.0121, neg_loss_2 = 0.0108, ref_loss = 0.0218, div_loss = 0.0071, 0.794 seconds/batch
2026-04-20 02:38:55,679 - Epoch 12, Batch 650, lr = 0.00007, final_loss = 3.9279, nll_loss = 3.8427, ref_nll_loss = 4.0131, ivc_loss = 0.0811, neg_loss_1 = 0.0116, neg_loss_2 = 0.0106, ref_loss = 0.0242, div_loss = 0.0069, 0.794 seconds/batch
2026-04-20 02:39:35,279 - Epoch 12, Batch 700, lr = 0.00007, final_loss = 3.9451, nll_loss = 3.8574, ref_nll_loss = 4.0329, ivc_loss = 0.0799, neg_loss_1 = 0.0123, neg_loss_2 = 0.0099, ref_loss = 0.0240, div_loss = 0.0067, 0.794 seconds/batch
2026-04-20 02:40:14,849 - Epoch 12, Batch 750, lr = 0.00007, final_loss = 3.9488, nll_loss = 3.8640, ref_nll_loss = 4.0335, ivc_loss = 0.0806, neg_loss_1 = 0.0119, neg_loss_2 = 0.0112, ref_loss = 0.0231, div_loss = 0.0069, 0.794 seconds/batch
2026-04-20 02:40:54,726 - Epoch 12, Batch 800, lr = 0.00007, final_loss = 3.9866, nll_loss = 3.9014, ref_nll_loss = 4.0717, ivc_loss = 0.0839, neg_loss_1 = 0.0132, neg_loss_2 = 0.0104, ref_loss = 0.0255, div_loss = 0.0070, 0.794 seconds/batch
2026-04-20 02:41:34,679 - Epoch 12, Batch 850, lr = 0.00007, final_loss = 3.9233, nll_loss = 3.8391, ref_nll_loss = 4.0075, ivc_loss = 0.0855, neg_loss_1 = 0.0136, neg_loss_2 = 0.0099, ref_loss = 0.0267, div_loss = 0.0071, 0.794 seconds/batch
2026-04-20 02:42:14,616 - Epoch 12, Batch 900, lr = 0.00007, final_loss = 3.9263, nll_loss = 3.8386, ref_nll_loss = 4.0139, ivc_loss = 0.0815, neg_loss_1 = 0.0147, neg_loss_2 = 0.0079, ref_loss = 0.0243, div_loss = 0.0069, 0.794 seconds/batch
2026-04-20 02:42:54,558 - Epoch 12, Batch 950, lr = 0.00007, final_loss = 3.9504, nll_loss = 3.8611, ref_nll_loss = 4.0397, ivc_loss = 0.0810, neg_loss_1 = 0.0123, neg_loss_2 = 0.0098, ref_loss = 0.0235, div_loss = 0.0071, 0.795 seconds/batch
2026-04-20 02:43:34,928 - Epoch 12, Batch 1000, lr = 0.00007, final_loss = 3.9270, nll_loss = 3.8422, ref_nll_loss = 4.0118, ivc_loss = 0.0796, neg_loss_1 = 0.0129, neg_loss_2 = 0.0094, ref_loss = 0.0228, div_loss = 0.0069, 0.795 seconds/batch
2026-04-20 02:44:11,995 - Epoch 12, Batch 1050, lr = 0.00007, final_loss = 3.9371, nll_loss = 3.8549, ref_nll_loss = 4.0194, ivc_loss = 0.0822, neg_loss_1 = 0.0141, neg_loss_2 = 0.0081, ref_loss = 0.0265, div_loss = 0.0067, 0.793 seconds/batch
2026-04-20 02:44:46,261 - Epoch 12, Batch 1100, lr = 0.00007, final_loss = 3.9513, nll_loss = 3.8648, ref_nll_loss = 4.0378, ivc_loss = 0.0805, neg_loss_1 = 0.0138, neg_loss_2 = 0.0103, ref_loss = 0.0234, div_loss = 0.0066, 0.788 seconds/batch
2026-04-20 02:45:13,735 - Epoch 12, Batch 1150, lr = 0.00007, final_loss = 3.9186, nll_loss = 3.8321, ref_nll_loss = 4.0050, ivc_loss = 0.0827, neg_loss_1 = 0.0144, neg_loss_2 = 0.0091, ref_loss = 0.0249, div_loss = 0.0069, 0.777 seconds/batch
2026-04-20 02:45:24,576 - Epoch 12, Batch 1170, lr = 0.00007, final_loss = 3.9548, nll_loss = 3.8745, ref_nll_loss = 4.0352, ivc_loss = 0.0857, neg_loss_1 = 0.0132, neg_loss_2 = 0.0097, ref_loss = 0.0276, div_loss = 0.0071, 0.773 seconds/batch
2026-04-20 02:45:24,646 - save model to checkpoints/activitynet_moe/cpl_moe/model-12.pt, num_updates 14040.
2026-04-20 02:48:32,733 - | R@1,mIoU 0.2728 | R@1,IoU@0.1 0.6593 | R@1,IoU@0.3 0.4618 | R@1,IoU@0.5 0.1830 | R@1,IoU@0.7 0.0504 | R@1,IoU@0.9 0.0025 | R@5,mIoU 0.5298 | R@5,IoU@0.1 0.9241 | R@5,IoU@0.3 0.7901 | R@5,IoU@0.5 0.5416 | R@5,IoU@0.7 0.3134 | R@5,IoU@0.9 0.0760 |
2026-04-20 02:48:32,733 - ============================================================
2026-04-20 02:48:32,733 - Start Epoch 13
2026-04-20 02:49:11,521 - Epoch 13, Batch 50, lr = 0.00007, final_loss = 3.9080, nll_loss = 3.8182, ref_nll_loss = 3.9979, ivc_loss = 0.0795, neg_loss_1 = 0.0125, neg_loss_2 = 0.0084, ref_loss = 0.0233, div_loss = 0.0071, 0.776 seconds/batch
2026-04-20 02:49:51,005 - Epoch 13, Batch 100, lr = 0.00007, final_loss = 3.8991, nll_loss = 3.8109, ref_nll_loss = 3.9873, ivc_loss = 0.0806, neg_loss_1 = 0.0135, neg_loss_2 = 0.0094, ref_loss = 0.0231, div_loss = 0.0069, 0.783 seconds/batch
2026-04-20 02:50:30,679 - Epoch 13, Batch 150, lr = 0.00007, final_loss = 3.9057, nll_loss = 3.8147, ref_nll_loss = 3.9967, ivc_loss = 0.0785, neg_loss_1 = 0.0129, neg_loss_2 = 0.0089, ref_loss = 0.0213, div_loss = 0.0071, 0.786 seconds/batch
2026-04-20 02:51:10,441 - Epoch 13, Batch 200, lr = 0.00007, final_loss = 3.9062, nll_loss = 3.8214, ref_nll_loss = 3.9910, ivc_loss = 0.0843, neg_loss_1 = 0.0150, neg_loss_2 = 0.0104, ref_loss = 0.0242, div_loss = 0.0069, 0.789 seconds/batch
2026-04-20 02:51:50,250 - Epoch 13, Batch 250, lr = 0.00007, final_loss = 3.8901, nll_loss = 3.8016, ref_nll_loss = 3.9787, ivc_loss = 0.0824, neg_loss_1 = 0.0141, neg_loss_2 = 0.0097, ref_loss = 0.0222, div_loss = 0.0073, 0.790 seconds/batch
2026-04-20 02:52:29,979 - Epoch 13, Batch 300, lr = 0.00007, final_loss = 3.8959, nll_loss = 3.8070, ref_nll_loss = 3.9848, ivc_loss = 0.0834, neg_loss_1 = 0.0154, neg_loss_2 = 0.0110, ref_loss = 0.0218, div_loss = 0.0070, 0.791 seconds/batch
2026-04-20 02:53:09,361 - Epoch 13, Batch 350, lr = 0.00007, final_loss = 3.9094, nll_loss = 3.8200, ref_nll_loss = 3.9988, ivc_loss = 0.0832, neg_loss_1 = 0.0124, neg_loss_2 = 0.0094, ref_loss = 0.0235, div_loss = 0.0076, 0.790 seconds/batch
2026-04-20 02:53:49,040 - Epoch 13, Batch 400, lr = 0.00007, final_loss = 3.8923, nll_loss = 3.8059, ref_nll_loss = 3.9787, ivc_loss = 0.0850, neg_loss_1 = 0.0138, neg_loss_2 = 0.0086, ref_loss = 0.0248, div_loss = 0.0075, 0.791 seconds/batch
2026-04-20 02:54:29,050 - Epoch 13, Batch 450, lr = 0.00007, final_loss = 3.9179, nll_loss = 3.8289, ref_nll_loss = 4.0069, ivc_loss = 0.0806, neg_loss_1 = 0.0117, neg_loss_2 = 0.0075, ref_loss = 0.0232, div_loss = 0.0076, 0.792 seconds/batch
2026-04-20 02:55:08,906 - Epoch 13, Batch 500, lr = 0.00007, final_loss = 3.9370, nll_loss = 3.8498, ref_nll_loss = 4.0242, ivc_loss = 0.0843, neg_loss_1 = 0.0132, neg_loss_2 = 0.0092, ref_loss = 0.0264, div_loss = 0.0071, 0.792 seconds/batch
2026-04-20 02:55:48,275 - Epoch 13, Batch 550, lr = 0.00007, final_loss = 3.9113, nll_loss = 3.8228, ref_nll_loss = 3.9998, ivc_loss = 0.0852, neg_loss_1 = 0.0146, neg_loss_2 = 0.0105, ref_loss = 0.0230, div_loss = 0.0074, 0.792 seconds/batch
2026-04-20 02:56:28,325 - Epoch 13, Batch 600, lr = 0.00007, final_loss = 3.9489, nll_loss = 3.8624, ref_nll_loss = 4.0354, ivc_loss = 0.0840, neg_loss_1 = 0.0131, neg_loss_2 = 0.0096, ref_loss = 0.0245, div_loss = 0.0073, 0.793 seconds/batch
2026-04-20 02:57:08,340 - Epoch 13, Batch 650, lr = 0.00007, final_loss = 3.9477, nll_loss = 3.8592, ref_nll_loss = 4.0362, ivc_loss = 0.0818, neg_loss_1 = 0.0126, neg_loss_2 = 0.0090, ref_loss = 0.0230, div_loss = 0.0074, 0.793 seconds/batch
2026-04-20 02:57:48,277 - Epoch 13, Batch 700, lr = 0.00007, final_loss = 3.8904, nll_loss = 3.8048, ref_nll_loss = 3.9761, ivc_loss = 0.0952, neg_loss_1 = 0.0166, neg_loss_2 = 0.0108, ref_loss = 0.0259, div_loss = 0.0084, 0.794 seconds/batch
2026-04-20 02:58:28,193 - Epoch 13, Batch 750, lr = 0.00007, final_loss = 3.9193, nll_loss = 3.8321, ref_nll_loss = 4.0064, ivc_loss = 0.0925, neg_loss_1 = 0.0148, neg_loss_2 = 0.0108, ref_loss = 0.0236, div_loss = 0.0087, 0.794 seconds/batch
2026-04-20 02:59:08,183 - Epoch 13, Batch 800, lr = 0.00007, final_loss = 3.9233, nll_loss = 3.8368, ref_nll_loss = 4.0098, ivc_loss = 0.0884, neg_loss_1 = 0.0140, neg_loss_2 = 0.0094, ref_loss = 0.0246, div_loss = 0.0081, 0.794 seconds/batch
2026-04-20 02:59:48,198 - Epoch 13, Batch 850, lr = 0.00007, final_loss = 3.9007, nll_loss = 3.8128, ref_nll_loss = 3.9886, ivc_loss = 0.0859, neg_loss_1 = 0.0134, neg_loss_2 = 0.0103, ref_loss = 0.0242, div_loss = 0.0076, 0.795 seconds/batch
2026-04-20 03:00:27,972 - Epoch 13, Batch 900, lr = 0.00007, final_loss = 3.9026, nll_loss = 3.8170, ref_nll_loss = 3.9882, ivc_loss = 0.0865, neg_loss_1 = 0.0168, neg_loss_2 = 0.0086, ref_loss = 0.0243, div_loss = 0.0073, 0.795 seconds/batch
2026-04-20 03:01:08,316 - Epoch 13, Batch 950, lr = 0.00007, final_loss = 3.9359, nll_loss = 3.8473, ref_nll_loss = 4.0244, ivc_loss = 0.0835, neg_loss_1 = 0.0149, neg_loss_2 = 0.0107, ref_loss = 0.0223, div_loss = 0.0071, 0.795 seconds/batch
2026-04-20 03:01:48,420 - Epoch 13, Batch 1000, lr = 0.00007, final_loss = 3.9083, nll_loss = 3.8213, ref_nll_loss = 3.9954, ivc_loss = 0.0861, neg_loss_1 = 0.0150, neg_loss_2 = 0.0106, ref_loss = 0.0243, div_loss = 0.0072, 0.796 seconds/batch
2026-04-20 03:02:25,601 - Epoch 13, Batch 1050, lr = 0.00007, final_loss = 3.9276, nll_loss = 3.8396, ref_nll_loss = 4.0156, ivc_loss = 0.0859, neg_loss_1 = 0.0144, neg_loss_2 = 0.0099, ref_loss = 0.0240, div_loss = 0.0075, 0.793 seconds/batch
2026-04-20 03:02:59,482 - Epoch 13, Batch 1100, lr = 0.00007, final_loss = 3.9279, nll_loss = 3.8396, ref_nll_loss = 4.0162, ivc_loss = 0.0817, neg_loss_1 = 0.0117, neg_loss_2 = 0.0089, ref_loss = 0.0237, div_loss = 0.0075, 0.788 seconds/batch
2026-04-20 03:03:28,049 - Epoch 13, Batch 1150, lr = 0.00006, final_loss = 3.8997, nll_loss = 3.8128, ref_nll_loss = 3.9866, ivc_loss = 0.0866, neg_loss_1 = 0.0141, neg_loss_2 = 0.0084, ref_loss = 0.0256, div_loss = 0.0077, 0.779 seconds/batch
2026-04-20 03:03:38,803 - Epoch 13, Batch 1170, lr = 0.00006, final_loss = 3.9580, nll_loss = 3.8657, ref_nll_loss = 4.0502, ivc_loss = 0.0845, neg_loss_1 = 0.0140, neg_loss_2 = 0.0097, ref_loss = 0.0228, div_loss = 0.0076, 0.774 seconds/batch
2026-04-20 03:03:38,876 - save model to checkpoints/activitynet_moe/cpl_moe/model-13.pt, num_updates 15210.
2026-04-20 03:06:48,294 - | R@1,mIoU 0.3277 | R@1,IoU@0.1 0.7482 | R@1,IoU@0.3 0.5452 | R@1,IoU@0.5 0.2497 | R@1,IoU@0.7 0.0878 | R@1,IoU@0.9 0.0120 | R@5,mIoU 0.5332 | R@5,IoU@0.1 0.9301 | R@5,IoU@0.3 0.7963 | R@5,IoU@0.5 0.5448 | R@5,IoU@0.7 0.3223 | R@5,IoU@0.9 0.0778 |
2026-04-20 03:06:48,366 - Best results have been updated.
2026-04-20 03:06:48,366 - ============================================================
2026-04-20 03:06:48,367 - Start Epoch 14
2026-04-20 03:07:26,342 - Epoch 14, Batch 50, lr = 0.00006, final_loss = 3.8745, nll_loss = 3.7806, ref_nll_loss = 3.9685, ivc_loss = 0.0803, neg_loss_1 = 0.0137, neg_loss_2 = 0.0089, ref_loss = 0.0201, div_loss = 0.0075, 0.759 seconds/batch
2026-04-20 03:08:06,593 - Epoch 14, Batch 100, lr = 0.00006, final_loss = 3.8849, nll_loss = 3.7975, ref_nll_loss = 3.9722, ivc_loss = 0.0873, neg_loss_1 = 0.0149, neg_loss_2 = 0.0101, ref_loss = 0.0246, div_loss = 0.0075, 0.782 seconds/batch
2026-04-20 03:08:46,073 - Epoch 14, Batch 150, lr = 0.00006, final_loss = 3.9027, nll_loss = 3.8138, ref_nll_loss = 3.9915, ivc_loss = 0.0849, neg_loss_1 = 0.0130, neg_loss_2 = 0.0097, ref_loss = 0.0236, div_loss = 0.0077, 0.785 seconds/batch
2026-04-20 03:09:25,694 - Epoch 14, Batch 200, lr = 0.00006, final_loss = 3.9195, nll_loss = 3.8310, ref_nll_loss = 4.0080, ivc_loss = 0.0871, neg_loss_1 = 0.0143, neg_loss_2 = 0.0099, ref_loss = 0.0238, div_loss = 0.0078, 0.787 seconds/batch
2026-04-20 03:10:05,583 - Epoch 14, Batch 250, lr = 0.00006, final_loss = 3.8991, nll_loss = 3.8117, ref_nll_loss = 3.9864, ivc_loss = 0.0852, neg_loss_1 = 0.0126, neg_loss_2 = 0.0075, ref_loss = 0.0250, div_loss = 0.0080, 0.789 seconds/batch
2026-04-20 03:10:45,685 - Epoch 14, Batch 300, lr = 0.00006, final_loss = 3.8827, nll_loss = 3.7931, ref_nll_loss = 3.9723, ivc_loss = 0.0836, neg_loss_1 = 0.0137, neg_loss_2 = 0.0095, ref_loss = 0.0231, div_loss = 0.0075, 0.791 seconds/batch
2026-04-20 03:11:25,256 - Epoch 14, Batch 350, lr = 0.00006, final_loss = 3.8734, nll_loss = 3.7843, ref_nll_loss = 3.9625, ivc_loss = 0.0859, neg_loss_1 = 0.0131, neg_loss_2 = 0.0105, ref_loss = 0.0236, div_loss = 0.0077, 0.791 seconds/batch
2026-04-20 03:12:05,076 - Epoch 14, Batch 400, lr = 0.00006, final_loss = 3.9036, nll_loss = 3.8183, ref_nll_loss = 3.9889, ivc_loss = 0.0847, neg_loss_1 = 0.0138, neg_loss_2 = 0.0083, ref_loss = 0.0237, div_loss = 0.0078, 0.792 seconds/batch
2026-04-20 03:12:44,872 - Epoch 14, Batch 450, lr = 0.00006, final_loss = 3.9251, nll_loss = 3.8397, ref_nll_loss = 4.0104, ivc_loss = 0.0863, neg_loss_1 = 0.0143, neg_loss_2 = 0.0088, ref_loss = 0.0253, div_loss = 0.0076, 0.792 seconds/batch
2026-04-20 03:13:24,999 - Epoch 14, Batch 500, lr = 0.00006, final_loss = 3.8874, nll_loss = 3.7974, ref_nll_loss = 3.9774, ivc_loss = 0.0875, neg_loss_1 = 0.0155, neg_loss_2 = 0.0110, ref_loss = 0.0227, div_loss = 0.0077, 0.793 seconds/batch
2026-04-20 03:14:04,835 - Epoch 14, Batch 550, lr = 0.00006, final_loss = 3.8977, nll_loss = 3.8081, ref_nll_loss = 3.9874, ivc_loss = 0.0831, neg_loss_1 = 0.0133, neg_loss_2 = 0.0109, ref_loss = 0.0222, div_loss = 0.0073, 0.794 seconds/batch
2026-04-20 03:14:44,738 - Epoch 14, Batch 600, lr = 0.00006, final_loss = 3.9114, nll_loss = 3.8237, ref_nll_loss = 3.9992, ivc_loss = 0.0864, neg_loss_1 = 0.0147, neg_loss_2 = 0.0102, ref_loss = 0.0240, div_loss = 0.0075, 0.794 seconds/batch
2026-04-20 03:15:24,541 - Epoch 14, Batch 650, lr = 0.00006, final_loss = 3.9099, nll_loss = 3.8227, ref_nll_loss = 3.9971, ivc_loss = 0.0870, neg_loss_1 = 0.0149, neg_loss_2 = 0.0111, ref_loss = 0.0241, div_loss = 0.0074, 0.794 seconds/batch
2026-04-20 03:16:04,329 - Epoch 14, Batch 700, lr = 0.00006, final_loss = 3.8635, nll_loss = 3.7701, ref_nll_loss = 3.9569, ivc_loss = 0.0814, neg_loss_1 = 0.0135, neg_loss_2 = 0.0077, ref_loss = 0.0213, div_loss = 0.0078, 0.794 seconds/batch
2026-04-20 03:16:43,827 - Epoch 14, Batch 750, lr = 0.00006, final_loss = 3.8761, nll_loss = 3.7901, ref_nll_loss = 3.9621, ivc_loss = 0.0869, neg_loss_1 = 0.0144, neg_loss_2 = 0.0110, ref_loss = 0.0248, div_loss = 0.0074, 0.794 seconds/batch
2026-04-20 03:17:23,518 - Epoch 14, Batch 800, lr = 0.00006, final_loss = 3.8882, nll_loss = 3.8028, ref_nll_loss = 3.9735, ivc_loss = 0.0856, neg_loss_1 = 0.0133, neg_loss_2 = 0.0096, ref_loss = 0.0250, div_loss = 0.0075, 0.794 seconds/batch
2026-04-20 03:18:03,174 - Epoch 14, Batch 850, lr = 0.00006, final_loss = 3.8898, nll_loss = 3.8026, ref_nll_loss = 3.9770, ivc_loss = 0.0886, neg_loss_1 = 0.0154, neg_loss_2 = 0.0102, ref_loss = 0.0250, div_loss = 0.0076, 0.794 seconds/batch
2026-04-20 03:18:42,913 - Epoch 14, Batch 900, lr = 0.00006, final_loss = 3.8870, nll_loss = 3.7960, ref_nll_loss = 3.9780, ivc_loss = 0.0844, neg_loss_1 = 0.0148, neg_loss_2 = 0.0099, ref_loss = 0.0235, div_loss = 0.0072, 0.794 seconds/batch
2026-04-20 03:19:22,817 - Epoch 14, Batch 950, lr = 0.00006, final_loss = 3.8947, nll_loss = 3.8053, ref_nll_loss = 3.9841, ivc_loss = 0.0846, neg_loss_1 = 0.0158, neg_loss_2 = 0.0093, ref_loss = 0.0227, div_loss = 0.0074, 0.794 seconds/batch
2026-04-20 03:20:02,738 - Epoch 14, Batch 1000, lr = 0.00006, final_loss = 3.9048, nll_loss = 3.8154, ref_nll_loss = 3.9941, ivc_loss = 0.0828, neg_loss_1 = 0.0146, neg_loss_2 = 0.0072, ref_loss = 0.0228, div_loss = 0.0076, 0.794 seconds/batch
2026-04-20 03:20:39,134 - Epoch 14, Batch 1050, lr = 0.00006, final_loss = 3.9293, nll_loss = 3.8369, ref_nll_loss = 4.0216, ivc_loss = 0.0819, neg_loss_1 = 0.0116, neg_loss_2 = 0.0101, ref_loss = 0.0224, div_loss = 0.0076, 0.791 seconds/batch
2026-04-20 03:21:13,189 - Epoch 14, Batch 1100, lr = 0.00006, final_loss = 3.9446, nll_loss = 3.8533, ref_nll_loss = 4.0360, ivc_loss = 0.0835, neg_loss_1 = 0.0135, neg_loss_2 = 0.0091, ref_loss = 0.0220, div_loss = 0.0078, 0.786 seconds/batch
2026-04-20 03:21:40,980 - Epoch 14, Batch 1150, lr = 0.00006, final_loss = 3.8990, nll_loss = 3.8120, ref_nll_loss = 3.9859, ivc_loss = 0.0865, neg_loss_1 = 0.0161, neg_loss_2 = 0.0104, ref_loss = 0.0237, div_loss = 0.0073, 0.776 seconds/batch
2026-04-20 03:21:51,753 - Epoch 14, Batch 1170, lr = 0.00006, final_loss = 3.9199, nll_loss = 3.8288, ref_nll_loss = 4.0110, ivc_loss = 0.0867, neg_loss_1 = 0.0142, neg_loss_2 = 0.0121, ref_loss = 0.0217, div_loss = 0.0078, 0.772 seconds/batch
2026-04-20 03:21:51,828 - save model to checkpoints/activitynet_moe/cpl_moe/model-14.pt, num_updates 16380.
2026-04-20 03:25:01,761 - | R@1,mIoU 0.3246 | R@1,IoU@0.1 0.7446 | R@1,IoU@0.3 0.5484 | R@1,IoU@0.5 0.2410 | R@1,IoU@0.7 0.0820 | R@1,IoU@0.9 0.0117 | R@5,mIoU 0.5273 | R@5,IoU@0.1 0.9221 | R@5,IoU@0.3 0.7923 | R@5,IoU@0.5 0.5374 | R@5,IoU@0.7 0.3138 | R@5,IoU@0.9 0.0756 |
2026-04-20 03:25:01,761 - ============================================================
2026-04-20 03:25:01,761 - Start Epoch 15
2026-04-20 03:25:39,554 - Epoch 15, Batch 50, lr = 0.00006, final_loss = 3.8708, nll_loss = 3.7804, ref_nll_loss = 3.9612, ivc_loss = 0.0864, neg_loss_1 = 0.0160, neg_loss_2 = 0.0104, ref_loss = 0.0222, div_loss = 0.0076, 0.756 seconds/batch
2026-04-20 03:26:19,479 - Epoch 15, Batch 100, lr = 0.00006, final_loss = 3.8751, nll_loss = 3.7803, ref_nll_loss = 3.9699, ivc_loss = 0.0811, neg_loss_1 = 0.0123, neg_loss_2 = 0.0098, ref_loss = 0.0197, div_loss = 0.0078, 0.777 seconds/batch
2026-04-20 03:26:59,240 - Epoch 15, Batch 150, lr = 0.00006, final_loss = 3.8610, nll_loss = 3.7700, ref_nll_loss = 3.9520, ivc_loss = 0.0854, neg_loss_1 = 0.0138, neg_loss_2 = 0.0097, ref_loss = 0.0234, div_loss = 0.0077, 0.783 seconds/batch
2026-04-20 03:27:39,271 - Epoch 15, Batch 200, lr = 0.00006, final_loss = 3.8592, nll_loss = 3.7704, ref_nll_loss = 3.9480, ivc_loss = 0.0885, neg_loss_1 = 0.0160, neg_loss_2 = 0.0092, ref_loss = 0.0244, div_loss = 0.0078, 0.788 seconds/batch
2026-04-20 03:28:19,514 - Epoch 15, Batch 250, lr = 0.00006, final_loss = 3.8746, nll_loss = 3.7862, ref_nll_loss = 3.9630, ivc_loss = 0.0881, neg_loss_1 = 0.0161, neg_loss_2 = 0.0105, ref_loss = 0.0236, div_loss = 0.0076, 0.791 seconds/batch
2026-04-20 03:28:59,405 - Epoch 15, Batch 300, lr = 0.00006, final_loss = 3.8945, nll_loss = 3.8020, ref_nll_loss = 3.9869, ivc_loss = 0.0840, neg_loss_1 = 0.0123, neg_loss_2 = 0.0088, ref_loss = 0.0233, div_loss = 0.0079, 0.792 seconds/batch
2026-04-20 03:29:39,293 - Epoch 15, Batch 350, lr = 0.00006, final_loss = 3.8612, nll_loss = 3.7728, ref_nll_loss = 3.9496, ivc_loss = 0.0850, neg_loss_1 = 0.0126, neg_loss_2 = 0.0101, ref_loss = 0.0242, div_loss = 0.0076, 0.793 seconds/batch
2026-04-20 03:30:18,990 - Epoch 15, Batch 400, lr = 0.00006, final_loss = 3.8867, nll_loss = 3.7962, ref_nll_loss = 3.9772, ivc_loss = 0.0837, neg_loss_1 = 0.0138, neg_loss_2 = 0.0107, ref_loss = 0.0212, div_loss = 0.0076, 0.793 seconds/batch
2026-04-20 03:30:59,149 - Epoch 15, Batch 450, lr = 0.00006, final_loss = 3.8939, nll_loss = 3.8066, ref_nll_loss = 3.9812, ivc_loss = 0.0845, neg_loss_1 = 0.0133, neg_loss_2 = 0.0088, ref_loss = 0.0244, div_loss = 0.0076, 0.794 seconds/batch
2026-04-20 03:31:38,889 - Epoch 15, Batch 500, lr = 0.00006, final_loss = 3.8931, nll_loss = 3.8030, ref_nll_loss = 3.9833, ivc_loss = 0.0849, neg_loss_1 = 0.0132, neg_loss_2 = 0.0099, ref_loss = 0.0233, div_loss = 0.0077, 0.794 seconds/batch
2026-04-20 03:32:18,626 - Epoch 15, Batch 550, lr = 0.00006, final_loss = 3.8909, nll_loss = 3.8021, ref_nll_loss = 3.9798, ivc_loss = 0.0885, neg_loss_1 = 0.0159, neg_loss_2 = 0.0107, ref_loss = 0.0237, div_loss = 0.0077, 0.794 seconds/batch
2026-04-20 03:32:58,858 - Epoch 15, Batch 600, lr = 0.00006, final_loss = 3.9023, nll_loss = 3.8154, ref_nll_loss = 3.9891, ivc_loss = 0.0888, neg_loss_1 = 0.0162, neg_loss_2 = 0.0100, ref_loss = 0.0247, div_loss = 0.0076, 0.795 seconds/batch
2026-04-20 03:33:38,899 - Epoch 15, Batch 650, lr = 0.00006, final_loss = 3.8763, nll_loss = 3.7834, ref_nll_loss = 3.9691, ivc_loss = 0.0885, neg_loss_1 = 0.0156, neg_loss_2 = 0.0108, ref_loss = 0.0226, div_loss = 0.0079, 0.796 seconds/batch
2026-04-20 03:34:18,855 - Epoch 15, Batch 700, lr = 0.00006, final_loss = 3.8856, nll_loss = 3.7945, ref_nll_loss = 3.9767, ivc_loss = 0.0833, neg_loss_1 = 0.0136, neg_loss_2 = 0.0090, ref_loss = 0.0239, div_loss = 0.0073, 0.796 seconds/batch
2026-04-20 03:34:58,541 - Epoch 15, Batch 750, lr = 0.00006, final_loss = 3.8759, nll_loss = 3.7860, ref_nll_loss = 3.9657, ivc_loss = 0.0836, neg_loss_1 = 0.0120, neg_loss_2 = 0.0096, ref_loss = 0.0241, div_loss = 0.0076, 0.796 seconds/batch
2026-04-20 03:35:38,345 - Epoch 15, Batch 800, lr = 0.00006, final_loss = 3.8768, nll_loss = 3.7892, ref_nll_loss = 3.9645, ivc_loss = 0.0894, neg_loss_1 = 0.0152, neg_loss_2 = 0.0099, ref_loss = 0.0240, div_loss = 0.0081, 0.796 seconds/batch
2026-04-20 03:36:18,172 - Epoch 15, Batch 850, lr = 0.00006, final_loss = 3.8784, nll_loss = 3.7849, ref_nll_loss = 3.9718, ivc_loss = 0.0829, neg_loss_1 = 0.0133, neg_loss_2 = 0.0098, ref_loss = 0.0230, div_loss = 0.0074, 0.796 seconds/batch
2026-04-20 03:36:57,570 - Epoch 15, Batch 900, lr = 0.00006, final_loss = 3.8611, nll_loss = 3.7722, ref_nll_loss = 3.9499, ivc_loss = 0.0872, neg_loss_1 = 0.0151, neg_loss_2 = 0.0103, ref_loss = 0.0236, div_loss = 0.0076, 0.795 seconds/batch
2026-04-20 03:37:37,443 - Epoch 15, Batch 950, lr = 0.00006, final_loss = 3.8945, nll_loss = 3.8043, ref_nll_loss = 3.9848, ivc_loss = 0.0866, neg_loss_1 = 0.0157, neg_loss_2 = 0.0101, ref_loss = 0.0216, div_loss = 0.0078, 0.795 seconds/batch
2026-04-20 03:38:17,322 - Epoch 15, Batch 1000, lr = 0.00006, final_loss = 3.8795, nll_loss = 3.7892, ref_nll_loss = 3.9698, ivc_loss = 0.0872, neg_loss_1 = 0.0152, neg_loss_2 = 0.0108, ref_loss = 0.0228, div_loss = 0.0077, 0.796 seconds/batch
2026-04-20 03:38:53,552 - Epoch 15, Batch 1050, lr = 0.00006, final_loss = 3.9102, nll_loss = 3.8196, ref_nll_loss = 4.0008, ivc_loss = 0.0842, neg_loss_1 = 0.0128, neg_loss_2 = 0.0094, ref_loss = 0.0233, div_loss = 0.0077, 0.792 seconds/batch
2026-04-20 03:39:27,312 - Epoch 15, Batch 1100, lr = 0.00006, final_loss = 3.8366, nll_loss = 3.7440, ref_nll_loss = 3.9293, ivc_loss = 0.0806, neg_loss_1 = 0.0137, neg_loss_2 = 0.0079, ref_loss = 0.0213, div_loss = 0.0076, 0.787 seconds/batch
2026-04-20 03:39:54,836 - Epoch 15, Batch 1150, lr = 0.00006, final_loss = 3.9062, nll_loss = 3.8147, ref_nll_loss = 3.9976, ivc_loss = 0.0879, neg_loss_1 = 0.0133, neg_loss_2 = 0.0109, ref_loss = 0.0234, div_loss = 0.0081, 0.777 seconds/batch
2026-04-20 03:40:05,398 - Epoch 15, Batch 1170, lr = 0.00006, final_loss = 3.8336, nll_loss = 3.7337, ref_nll_loss = 3.9335, ivc_loss = 0.0833, neg_loss_1 = 0.0125, neg_loss_2 = 0.0111, ref_loss = 0.0206, div_loss = 0.0078, 0.772 seconds/batch
2026-04-20 03:40:05,467 - save model to checkpoints/activitynet_moe/cpl_moe/model-15.pt, num_updates 17550.
2026-04-20 03:43:15,911 - | R@1,mIoU 0.3237 | R@1,IoU@0.1 0.7350 | R@1,IoU@0.3 0.5447 | R@1,IoU@0.5 0.2477 | R@1,IoU@0.7 0.0865 | R@1,IoU@0.9 0.0103 | R@5,mIoU 0.5290 | R@5,IoU@0.1 0.9239 | R@5,IoU@0.3 0.7928 | R@5,IoU@0.5 0.5411 | R@5,IoU@0.7 0.3219 | R@5,IoU@0.9 0.0785 |
2026-04-20 03:43:15,911 - ============================================================
2026-04-20 03:43:15,911 - Start Epoch 16
2026-04-20 03:43:53,114 - Epoch 16, Batch 50, lr = 0.00006, final_loss = 3.8792, nll_loss = 3.7904, ref_nll_loss = 3.9681, ivc_loss = 0.0886, neg_loss_1 = 0.0148, neg_loss_2 = 0.0120, ref_loss = 0.0224, div_loss = 0.0079, 0.744 seconds/batch
2026-04-20 03:44:33,186 - Epoch 16, Batch 100, lr = 0.00006, final_loss = 3.8592, nll_loss = 3.7664, ref_nll_loss = 3.9521, ivc_loss = 0.0867, neg_loss_1 = 0.0142, neg_loss_2 = 0.0102, ref_loss = 0.0243, div_loss = 0.0076, 0.773 seconds/batch
2026-04-20 03:45:13,341 - Epoch 16, Batch 150, lr = 0.00006, final_loss = 3.8596, nll_loss = 3.7649, ref_nll_loss = 3.9544, ivc_loss = 0.0838, neg_loss_1 = 0.0141, neg_loss_2 = 0.0093, ref_loss = 0.0205, div_loss = 0.0080, 0.783 seconds/batch
2026-04-20 03:45:53,435 - Epoch 16, Batch 200, lr = 0.00006, final_loss = 3.8392, nll_loss = 3.7464, ref_nll_loss = 3.9320, ivc_loss = 0.0869, neg_loss_1 = 0.0157, neg_loss_2 = 0.0097, ref_loss = 0.0231, div_loss = 0.0077, 0.788 seconds/batch
2026-04-20 03:46:33,734 - Epoch 16, Batch 250, lr = 0.00006, final_loss = 3.8834, nll_loss = 3.7890, ref_nll_loss = 3.9778, ivc_loss = 0.0886, neg_loss_1 = 0.0155, neg_loss_2 = 0.0105, ref_loss = 0.0229, div_loss = 0.0079, 0.791 seconds/batch
2026-04-20 03:47:13,548 - Epoch 16, Batch 300, lr = 0.00006, final_loss = 3.9009, nll_loss = 3.8071, ref_nll_loss = 3.9946, ivc_loss = 0.0856, neg_loss_1 = 0.0169, neg_loss_2 = 0.0094, ref_loss = 0.0212, div_loss = 0.0076, 0.792 seconds/batch
2026-04-20 03:47:53,166 - Epoch 16, Batch 350, lr = 0.00006, final_loss = 3.8512, nll_loss = 3.7614, ref_nll_loss = 3.9411, ivc_loss = 0.0870, neg_loss_1 = 0.0158, neg_loss_2 = 0.0095, ref_loss = 0.0229, div_loss = 0.0078, 0.792 seconds/batch
2026-04-20 03:48:32,941 - Epoch 16, Batch 400, lr = 0.00006, final_loss = 3.8351, nll_loss = 3.7412, ref_nll_loss = 3.9291, ivc_loss = 0.0855, neg_loss_1 = 0.0154, neg_loss_2 = 0.0092, ref_loss = 0.0221, div_loss = 0.0078, 0.793 seconds/batch
2026-04-20 03:49:12,692 - Epoch 16, Batch 450, lr = 0.00006, final_loss = 3.8659, nll_loss = 3.7739, ref_nll_loss = 3.9580, ivc_loss = 0.0872, neg_loss_1 = 0.0154, neg_loss_2 = 0.0104, ref_loss = 0.0218, div_loss = 0.0079, 0.793 seconds/batch
2026-04-20 03:49:52,210 - Epoch 16, Batch 500, lr = 0.00006, final_loss = 3.8469, nll_loss = 3.7550, ref_nll_loss = 3.9387, ivc_loss = 0.0872, neg_loss_1 = 0.0157, neg_loss_2 = 0.0082, ref_loss = 0.0225, div_loss = 0.0082, 0.793 seconds/batch
2026-04-20 03:50:31,889 - Epoch 16, Batch 550, lr = 0.00006, final_loss = 3.8726, nll_loss = 3.7807, ref_nll_loss = 3.9644, ivc_loss = 0.0853, neg_loss_1 = 0.0140, neg_loss_2 = 0.0092, ref_loss = 0.0237, div_loss = 0.0077, 0.793 seconds/batch
2026-04-20 03:51:12,116 - Epoch 16, Batch 600, lr = 0.00006, final_loss = 3.8691, nll_loss = 3.7749, ref_nll_loss = 3.9632, ivc_loss = 0.0879, neg_loss_1 = 0.0154, neg_loss_2 = 0.0107, ref_loss = 0.0224, div_loss = 0.0079, 0.794 seconds/batch
2026-04-20 03:51:52,117 - Epoch 16, Batch 650, lr = 0.00006, final_loss = 3.8931, nll_loss = 3.8013, ref_nll_loss = 3.9849, ivc_loss = 0.0842, neg_loss_1 = 0.0134, neg_loss_2 = 0.0087, ref_loss = 0.0222, div_loss = 0.0080, 0.794 seconds/batch
2026-04-20 03:52:31,780 - Epoch 16, Batch 700, lr = 0.00006, final_loss = 3.8491, nll_loss = 3.7556, ref_nll_loss = 3.9426, ivc_loss = 0.0879, neg_loss_1 = 0.0142, neg_loss_2 = 0.0105, ref_loss = 0.0233, div_loss = 0.0080, 0.794 seconds/batch
2026-04-20 03:53:11,471 - Epoch 16, Batch 750, lr = 0.00006, final_loss = 3.8415, nll_loss = 3.7498, ref_nll_loss = 3.9332, ivc_loss = 0.0859, neg_loss_1 = 0.0143, neg_loss_2 = 0.0084, ref_loss = 0.0234, div_loss = 0.0079, 0.794 seconds/batch
2026-04-20 03:53:51,291 - Epoch 16, Batch 800, lr = 0.00006, final_loss = 3.8646, nll_loss = 3.7680, ref_nll_loss = 3.9612, ivc_loss = 0.0803, neg_loss_1 = 0.0112, neg_loss_2 = 0.0087, ref_loss = 0.0210, div_loss = 0.0079, 0.794 seconds/batch
2026-04-20 03:54:31,122 - Epoch 16, Batch 850, lr = 0.00006, final_loss = 3.8429, nll_loss = 3.7509, ref_nll_loss = 3.9349, ivc_loss = 0.0837, neg_loss_1 = 0.0124, neg_loss_2 = 0.0098, ref_loss = 0.0224, div_loss = 0.0078, 0.794 seconds/batch
2026-04-20 03:55:10,941 - Epoch 16, Batch 900, lr = 0.00006, final_loss = 3.8586, nll_loss = 3.7643, ref_nll_loss = 3.9529, ivc_loss = 0.0879, neg_loss_1 = 0.0165, neg_loss_2 = 0.0109, ref_loss = 0.0223, div_loss = 0.0077, 0.794 seconds/batch
2026-04-20 03:55:50,907 - Epoch 16, Batch 950, lr = 0.00006, final_loss = 3.8755, nll_loss = 3.7841, ref_nll_loss = 3.9669, ivc_loss = 0.0833, neg_loss_1 = 0.0162, neg_loss_2 = 0.0082, ref_loss = 0.0217, div_loss = 0.0074, 0.795 seconds/batch
2026-04-20 03:56:30,863 - Epoch 16, Batch 1000, lr = 0.00006, final_loss = 3.8864, nll_loss = 3.7943, ref_nll_loss = 3.9785, ivc_loss = 0.0837, neg_loss_1 = 0.0160, neg_loss_2 = 0.0092, ref_loss = 0.0216, div_loss = 0.0074, 0.795 seconds/batch
2026-04-20 03:57:07,345 - Epoch 16, Batch 1050, lr = 0.00006, final_loss = 3.8702, nll_loss = 3.7788, ref_nll_loss = 3.9616, ivc_loss = 0.0872, neg_loss_1 = 0.0142, neg_loss_2 = 0.0104, ref_loss = 0.0235, div_loss = 0.0078, 0.792 seconds/batch
2026-04-20 03:57:41,161 - Epoch 16, Batch 1100, lr = 0.00006, final_loss = 3.8472, nll_loss = 3.7533, ref_nll_loss = 3.9412, ivc_loss = 0.0842, neg_loss_1 = 0.0140, neg_loss_2 = 0.0102, ref_loss = 0.0214, div_loss = 0.0077, 0.787 seconds/batch
2026-04-20 03:58:08,693 - Epoch 16, Batch 1150, lr = 0.00006, final_loss = 3.8626, nll_loss = 3.7684, ref_nll_loss = 3.9569, ivc_loss = 0.0910, neg_loss_1 = 0.0154, neg_loss_2 = 0.0121, ref_loss = 0.0244, div_loss = 0.0078, 0.776 seconds/batch
2026-04-20 03:58:19,345 - Epoch 16, Batch 1170, lr = 0.00006, final_loss = 3.8261, nll_loss = 3.7372, ref_nll_loss = 3.9150, ivc_loss = 0.0930, neg_loss_1 = 0.0168, neg_loss_2 = 0.0118, ref_loss = 0.0256, div_loss = 0.0077, 0.772 seconds/batch
2026-04-20 03:58:19,418 - save model to checkpoints/activitynet_moe/cpl_moe/model-16.pt, num_updates 18720.
2026-04-20 04:01:30,712 - | R@1,mIoU 0.3147 | R@1,IoU@0.1 0.7222 | R@1,IoU@0.3 0.5396 | R@1,IoU@0.5 0.2334 | R@1,IoU@0.7 0.0725 | R@1,IoU@0.9 0.0077 | R@5,mIoU 0.5328 | R@5,IoU@0.1 0.9245 | R@5,IoU@0.3 0.7933 | R@5,IoU@0.5 0.5440 | R@5,IoU@0.7 0.3285 | R@5,IoU@0.9 0.0804 |
2026-04-20 04:01:30,712 - ============================================================
2026-04-20 04:01:30,712 - Start Epoch 17
2026-04-20 04:02:07,205 - Epoch 17, Batch 50, lr = 0.00006, final_loss = 3.8369, nll_loss = 3.7442, ref_nll_loss = 3.9296, ivc_loss = 0.0880, neg_loss_1 = 0.0159, neg_loss_2 = 0.0100, ref_loss = 0.0216, div_loss = 0.0081, 0.730 seconds/batch
2026-04-20 04:02:46,909 - Epoch 17, Batch 100, lr = 0.00006, final_loss = 3.8724, nll_loss = 3.7806, ref_nll_loss = 3.9643, ivc_loss = 0.0864, neg_loss_1 = 0.0155, neg_loss_2 = 0.0102, ref_loss = 0.0216, div_loss = 0.0078, 0.762 seconds/batch
2026-04-20 04:03:26,925 - Epoch 17, Batch 150, lr = 0.00006, final_loss = 3.8168, nll_loss = 3.7243, ref_nll_loss = 3.9094, ivc_loss = 0.0862, neg_loss_1 = 0.0159, neg_loss_2 = 0.0091, ref_loss = 0.0234, div_loss = 0.0076, 0.775 seconds/batch
2026-04-20 04:04:06,663 - Epoch 17, Batch 200, lr = 0.00006, final_loss = 3.8566, nll_loss = 3.7631, ref_nll_loss = 3.9500, ivc_loss = 0.0885, neg_loss_1 = 0.0155, neg_loss_2 = 0.0093, ref_loss = 0.0242, div_loss = 0.0079, 0.780 seconds/batch
2026-04-20 04:04:46,409 - Epoch 17, Batch 250, lr = 0.00006, final_loss = 3.8288, nll_loss = 3.7341, ref_nll_loss = 3.9234, ivc_loss = 0.0857, neg_loss_1 = 0.0145, neg_loss_2 = 0.0097, ref_loss = 0.0216, div_loss = 0.0080, 0.783 seconds/batch
2026-04-20 04:05:26,115 - Epoch 17, Batch 300, lr = 0.00006, final_loss = 3.8596, nll_loss = 3.7652, ref_nll_loss = 3.9539, ivc_loss = 0.0852, neg_loss_1 = 0.0162, neg_loss_2 = 0.0097, ref_loss = 0.0220, div_loss = 0.0075, 0.785 seconds/batch
2026-04-20 04:06:05,611 - Epoch 17, Batch 350, lr = 0.00006, final_loss = 3.8607, nll_loss = 3.7675, ref_nll_loss = 3.9539, ivc_loss = 0.0902, neg_loss_1 = 0.0141, neg_loss_2 = 0.0116, ref_loss = 0.0239, div_loss = 0.0081, 0.785 seconds/batch
2026-04-20 04:06:45,657 - Epoch 17, Batch 400, lr = 0.00006, final_loss = 3.8764, nll_loss = 3.7821, ref_nll_loss = 3.9706, ivc_loss = 0.0895, neg_loss_1 = 0.0158, neg_loss_2 = 0.0096, ref_loss = 0.0239, div_loss = 0.0080, 0.787 seconds/batch
2026-04-20 04:07:25,576 - Epoch 17, Batch 450, lr = 0.00006, final_loss = 3.8319, nll_loss = 3.7397, ref_nll_loss = 3.9241, ivc_loss = 0.0873, neg_loss_1 = 0.0150, neg_loss_2 = 0.0088, ref_loss = 0.0217, div_loss = 0.0084, 0.789 seconds/batch
2026-04-20 04:08:05,304 - Epoch 17, Batch 500, lr = 0.00006, final_loss = 3.8281, nll_loss = 3.7326, ref_nll_loss = 3.9235, ivc_loss = 0.0865, neg_loss_1 = 0.0131, neg_loss_2 = 0.0093, ref_loss = 0.0227, div_loss = 0.0083, 0.789 seconds/batch
2026-04-20 04:08:45,061 - Epoch 17, Batch 550, lr = 0.00006, final_loss = 3.8691, nll_loss = 3.7779, ref_nll_loss = 3.9602, ivc_loss = 0.0876, neg_loss_1 = 0.0142, neg_loss_2 = 0.0097, ref_loss = 0.0243, div_loss = 0.0079, 0.790 seconds/batch
2026-04-20 04:09:24,942 - Epoch 17, Batch 600, lr = 0.00006, final_loss = 3.8414, nll_loss = 3.7498, ref_nll_loss = 3.9330, ivc_loss = 0.0892, neg_loss_1 = 0.0152, neg_loss_2 = 0.0111, ref_loss = 0.0236, div_loss = 0.0079, 0.790 seconds/batch
2026-04-20 04:10:04,719 - Epoch 17, Batch 650, lr = 0.00006, final_loss = 3.8028, nll_loss = 3.7107, ref_nll_loss = 3.8949, ivc_loss = 0.0850, neg_loss_1 = 0.0149, neg_loss_2 = 0.0081, ref_loss = 0.0229, div_loss = 0.0078, 0.791 seconds/batch
2026-04-20 04:10:44,277 - Epoch 17, Batch 700, lr = 0.00006, final_loss = 3.8329, nll_loss = 3.7360, ref_nll_loss = 3.9297, ivc_loss = 0.0818, neg_loss_1 = 0.0139, neg_loss_2 = 0.0088, ref_loss = 0.0202, div_loss = 0.0078, 0.791 seconds/batch
2026-04-20 04:11:24,075 - Epoch 17, Batch 750, lr = 0.00006, final_loss = 3.8295, nll_loss = 3.7358, ref_nll_loss = 3.9232, ivc_loss = 0.0856, neg_loss_1 = 0.0129, neg_loss_2 = 0.0111, ref_loss = 0.0218, div_loss = 0.0080, 0.791 seconds/batch
2026-04-20 04:12:03,624 - Epoch 17, Batch 800, lr = 0.00006, final_loss = 3.8385, nll_loss = 3.7465, ref_nll_loss = 3.9305, ivc_loss = 0.0909, neg_loss_1 = 0.0157, neg_loss_2 = 0.0105, ref_loss = 0.0242, div_loss = 0.0081, 0.791 seconds/batch
2026-04-20 04:12:43,257 - Epoch 17, Batch 850, lr = 0.00006, final_loss = 3.8514, nll_loss = 3.7570, ref_nll_loss = 3.9457, ivc_loss = 0.0868, neg_loss_1 = 0.0153, neg_loss_2 = 0.0102, ref_loss = 0.0228, div_loss = 0.0077, 0.791 seconds/batch
2026-04-20 04:13:22,866 - Epoch 17, Batch 900, lr = 0.00006, final_loss = 3.8702, nll_loss = 3.7777, ref_nll_loss = 3.9628, ivc_loss = 0.0871, neg_loss_1 = 0.0152, neg_loss_2 = 0.0117, ref_loss = 0.0221, div_loss = 0.0076, 0.791 seconds/batch
2026-04-20 04:14:02,538 - Epoch 17, Batch 950, lr = 0.00006, final_loss = 3.8639, nll_loss = 3.7702, ref_nll_loss = 3.9576, ivc_loss = 0.0873, neg_loss_1 = 0.0160, neg_loss_2 = 0.0094, ref_loss = 0.0211, div_loss = 0.0082, 0.791 seconds/batch
2026-04-20 04:14:42,605 - Epoch 17, Batch 1000, lr = 0.00006, final_loss = 3.8635, nll_loss = 3.7674, ref_nll_loss = 3.9595, ivc_loss = 0.0856, neg_loss_1 = 0.0158, neg_loss_2 = 0.0077, ref_loss = 0.0214, div_loss = 0.0081, 0.792 seconds/batch
2026-04-20 04:15:18,806 - Epoch 17, Batch 1050, lr = 0.00006, final_loss = 3.8126, nll_loss = 3.7175, ref_nll_loss = 3.9076, ivc_loss = 0.0879, neg_loss_1 = 0.0147, neg_loss_2 = 0.0109, ref_loss = 0.0228, div_loss = 0.0079, 0.789 seconds/batch
2026-04-20 04:15:52,684 - Epoch 17, Batch 1100, lr = 0.00006, final_loss = 3.8346, nll_loss = 3.7407, ref_nll_loss = 3.9285, ivc_loss = 0.0857, neg_loss_1 = 0.0138, neg_loss_2 = 0.0096, ref_loss = 0.0211, div_loss = 0.0082, 0.784 seconds/batch
2026-04-20 04:16:20,805 - Epoch 17, Batch 1150, lr = 0.00006, final_loss = 3.8596, nll_loss = 3.7699, ref_nll_loss = 3.9492, ivc_loss = 0.0911, neg_loss_1 = 0.0155, neg_loss_2 = 0.0090, ref_loss = 0.0239, div_loss = 0.0086, 0.774 seconds/batch
2026-04-20 04:16:31,640 - Epoch 17, Batch 1170, lr = 0.00006, final_loss = 3.8455, nll_loss = 3.7519, ref_nll_loss = 3.9390, ivc_loss = 0.0863, neg_loss_1 = 0.0121, neg_loss_2 = 0.0074, ref_loss = 0.0233, div_loss = 0.0087, 0.770 seconds/batch
2026-04-20 04:16:31,712 - save model to checkpoints/activitynet_moe/cpl_moe/model-17.pt, num_updates 19890.
2026-04-20 04:19:43,094 - | R@1,mIoU 0.3000 | R@1,IoU@0.1 0.6852 | R@1,IoU@0.3 0.4929 | R@1,IoU@0.5 0.2267 | R@1,IoU@0.7 0.0826 | R@1,IoU@0.9 0.0104 | R@5,mIoU 0.5279 | R@5,IoU@0.1 0.9186 | R@5,IoU@0.3 0.7841 | R@5,IoU@0.5 0.5405 | R@5,IoU@0.7 0.3205 | R@5,IoU@0.9 0.0753 |
2026-04-20 04:19:43,094 - ============================================================
2026-04-20 04:19:43,094 - Start Epoch 18
2026-04-20 04:20:18,666 - Epoch 18, Batch 50, lr = 0.00006, final_loss = 3.8317, nll_loss = 3.7369, ref_nll_loss = 3.9265, ivc_loss = 0.0880, neg_loss_1 = 0.0154, neg_loss_2 = 0.0086, ref_loss = 0.0222, div_loss = 0.0084, 0.711 seconds/batch
2026-04-20 04:20:58,380 - Epoch 18, Batch 100, lr = 0.00006, final_loss = 3.8288, nll_loss = 3.7381, ref_nll_loss = 3.9196, ivc_loss = 0.0922, neg_loss_1 = 0.0138, neg_loss_2 = 0.0115, ref_loss = 0.0243, div_loss = 0.0085, 0.753 seconds/batch
2026-04-20 04:21:38,195 - Epoch 18, Batch 150, lr = 0.00006, final_loss = 3.8131, nll_loss = 3.7187, ref_nll_loss = 3.9075, ivc_loss = 0.0863, neg_loss_1 = 0.0144, neg_loss_2 = 0.0087, ref_loss = 0.0205, div_loss = 0.0086, 0.767 seconds/batch
2026-04-20 04:22:18,129 - Epoch 18, Batch 200, lr = 0.00006, final_loss = 3.8160, nll_loss = 3.7220, ref_nll_loss = 3.9100, ivc_loss = 0.0873, neg_loss_1 = 0.0142, neg_loss_2 = 0.0095, ref_loss = 0.0211, div_loss = 0.0085, 0.775 seconds/batch
2026-04-20 04:22:58,055 - Epoch 18, Batch 250, lr = 0.00006, final_loss = 3.8295, nll_loss = 3.7319, ref_nll_loss = 3.9271, ivc_loss = 0.0860, neg_loss_1 = 0.0137, neg_loss_2 = 0.0094, ref_loss = 0.0202, div_loss = 0.0085, 0.780 seconds/batch
2026-04-20 04:23:37,954 - Epoch 18, Batch 300, lr = 0.00006, final_loss = 3.8151, nll_loss = 3.7213, ref_nll_loss = 3.9089, ivc_loss = 0.0875, neg_loss_1 = 0.0141, neg_loss_2 = 0.0102, ref_loss = 0.0228, div_loss = 0.0081, 0.783 seconds/batch
2026-04-20 04:24:18,082 - Epoch 18, Batch 350, lr = 0.00006, final_loss = 3.8425, nll_loss = 3.7443, ref_nll_loss = 3.9406, ivc_loss = 0.0836, neg_loss_1 = 0.0153, neg_loss_2 = 0.0092, ref_loss = 0.0194, div_loss = 0.0079, 0.786 seconds/batch
2026-04-20 04:24:57,686 - Epoch 18, Batch 400, lr = 0.00006, final_loss = 3.8104, nll_loss = 3.7155, ref_nll_loss = 3.9053, ivc_loss = 0.0836, neg_loss_1 = 0.0137, neg_loss_2 = 0.0082, ref_loss = 0.0213, div_loss = 0.0081, 0.786 seconds/batch
2026-04-20 04:25:37,412 - Epoch 18, Batch 450, lr = 0.00006, final_loss = 3.8413, nll_loss = 3.7448, ref_nll_loss = 3.9378, ivc_loss = 0.0859, neg_loss_1 = 0.0128, neg_loss_2 = 0.0106, ref_loss = 0.0221, div_loss = 0.0081, 0.787 seconds/batch
2026-04-20 04:26:17,161 - Epoch 18, Batch 500, lr = 0.00006, final_loss = 3.8275, nll_loss = 3.7349, ref_nll_loss = 3.9201, ivc_loss = 0.0853, neg_loss_1 = 0.0136, neg_loss_2 = 0.0084, ref_loss = 0.0235, div_loss = 0.0080, 0.788 seconds/batch
2026-04-20 04:26:56,811 - Epoch 18, Batch 550, lr = 0.00006, final_loss = 3.8242, nll_loss = 3.7303, ref_nll_loss = 3.9182, ivc_loss = 0.0871, neg_loss_1 = 0.0144, neg_loss_2 = 0.0098, ref_loss = 0.0230, div_loss = 0.0080, 0.789 seconds/batch
2026-04-20 04:27:36,562 - Epoch 18, Batch 600, lr = 0.00006, final_loss = 3.8304, nll_loss = 3.7334, ref_nll_loss = 3.9274, ivc_loss = 0.0878, neg_loss_1 = 0.0181, neg_loss_2 = 0.0093, ref_loss = 0.0201, div_loss = 0.0081, 0.789 seconds/batch
2026-04-20 04:28:16,392 - Epoch 18, Batch 650, lr = 0.00006, final_loss = 3.8260, nll_loss = 3.7315, ref_nll_loss = 3.9204, ivc_loss = 0.0858, neg_loss_1 = 0.0141, neg_loss_2 = 0.0084, ref_loss = 0.0226, div_loss = 0.0081, 0.790 seconds/batch
2026-04-20 04:28:56,430 - Epoch 18, Batch 700, lr = 0.00006, final_loss = 3.8325, nll_loss = 3.7389, ref_nll_loss = 3.9262, ivc_loss = 0.0844, neg_loss_1 = 0.0147, neg_loss_2 = 0.0088, ref_loss = 0.0207, div_loss = 0.0080, 0.790 seconds/batch
2026-04-20 04:29:36,552 - Epoch 18, Batch 750, lr = 0.00006, final_loss = 3.8479, nll_loss = 3.7550, ref_nll_loss = 3.9408, ivc_loss = 0.0847, neg_loss_1 = 0.0128, neg_loss_2 = 0.0098, ref_loss = 0.0214, div_loss = 0.0081, 0.791 seconds/batch
2026-04-20 04:30:16,224 - Epoch 18, Batch 800, lr = 0.00006, final_loss = 3.8524, nll_loss = 3.7580, ref_nll_loss = 3.9468, ivc_loss = 0.0866, neg_loss_1 = 0.0154, neg_loss_2 = 0.0098, ref_loss = 0.0213, div_loss = 0.0080, 0.791 seconds/batch
2026-04-20 04:30:56,539 - Epoch 18, Batch 850, lr = 0.00006, final_loss = 3.8432, nll_loss = 3.7482, ref_nll_loss = 3.9381, ivc_loss = 0.0886, neg_loss_1 = 0.0151, neg_loss_2 = 0.0105, ref_loss = 0.0221, div_loss = 0.0082, 0.792 seconds/batch
2026-04-20 04:31:36,059 - Epoch 18, Batch 900, lr = 0.00006, final_loss = 3.8654, nll_loss = 3.7702, ref_nll_loss = 3.9607, ivc_loss = 0.0862, neg_loss_1 = 0.0140, neg_loss_2 = 0.0079, ref_loss = 0.0224, div_loss = 0.0084, 0.792 seconds/batch
2026-04-20 04:32:16,037 - Epoch 18, Batch 950, lr = 0.00006, final_loss = 3.8019, nll_loss = 3.7061, ref_nll_loss = 3.8976, ivc_loss = 0.0878, neg_loss_1 = 0.0144, neg_loss_2 = 0.0107, ref_loss = 0.0223, div_loss = 0.0081, 0.793 seconds/batch
2026-04-20 04:32:55,904 - Epoch 18, Batch 1000, lr = 0.00006, final_loss = 3.8462, nll_loss = 3.7523, ref_nll_loss = 3.9401, ivc_loss = 0.0850, neg_loss_1 = 0.0149, neg_loss_2 = 0.0074, ref_loss = 0.0226, div_loss = 0.0080, 0.793 seconds/batch
2026-04-20 04:33:31,890 - Epoch 18, Batch 1050, lr = 0.00006, final_loss = 3.8074, nll_loss = 3.7130, ref_nll_loss = 3.9018, ivc_loss = 0.0866, neg_loss_1 = 0.0134, neg_loss_2 = 0.0094, ref_loss = 0.0217, div_loss = 0.0084, 0.789 seconds/batch
2026-04-20 04:34:06,094 - Epoch 18, Batch 1100, lr = 0.00006, final_loss = 3.8303, nll_loss = 3.7341, ref_nll_loss = 3.9265, ivc_loss = 0.0846, neg_loss_1 = 0.0132, neg_loss_2 = 0.0095, ref_loss = 0.0209, div_loss = 0.0082, 0.785 seconds/batch
2026-04-20 04:34:34,316 - Epoch 18, Batch 1150, lr = 0.00006, final_loss = 3.8528, nll_loss = 3.7561, ref_nll_loss = 3.9496, ivc_loss = 0.0834, neg_loss_1 = 0.0153, neg_loss_2 = 0.0093, ref_loss = 0.0204, div_loss = 0.0077, 0.775 seconds/batch
2026-04-20 04:34:45,257 - Epoch 18, Batch 1170, lr = 0.00006, final_loss = 3.8305, nll_loss = 3.7386, ref_nll_loss = 3.9223, ivc_loss = 0.0865, neg_loss_1 = 0.0122, neg_loss_2 = 0.0116, ref_loss = 0.0239, div_loss = 0.0078, 0.771 seconds/batch
2026-04-20 04:34:45,328 - save model to checkpoints/activitynet_moe/cpl_moe/model-18.pt, num_updates 21060.
2026-04-20 04:37:58,033 - | R@1,mIoU 0.2851 | R@1,IoU@0.1 0.6585 | R@1,IoU@0.3 0.4867 | R@1,IoU@0.5 0.2091 | R@1,IoU@0.7 0.0633 | R@1,IoU@0.9 0.0055 | R@5,mIoU 0.5303 | R@5,IoU@0.1 0.9222 | R@5,IoU@0.3 0.7887 | R@5,IoU@0.5 0.5440 | R@5,IoU@0.7 0.3252 | R@5,IoU@0.9 0.0763 |
2026-04-20 04:37:58,033 - ============================================================
2026-04-20 04:37:58,033 - Start Epoch 19
2026-04-20 04:38:33,435 - Epoch 19, Batch 50, lr = 0.00006, final_loss = 3.8159, nll_loss = 3.7192, ref_nll_loss = 3.9126, ivc_loss = 0.0882, neg_loss_1 = 0.0154, neg_loss_2 = 0.0110, ref_loss = 0.0217, div_loss = 0.0080, 0.708 seconds/batch
2026-04-20 04:39:12,993 - Epoch 19, Batch 100, lr = 0.00005, final_loss = 3.8091, nll_loss = 3.7120, ref_nll_loss = 3.9063, ivc_loss = 0.0889, neg_loss_1 = 0.0169, neg_loss_2 = 0.0121, ref_loss = 0.0196, div_loss = 0.0081, 0.750 seconds/batch
2026-04-20 04:39:52,844 - Epoch 19, Batch 150, lr = 0.00005, final_loss = 3.8239, nll_loss = 3.7274, ref_nll_loss = 3.9203, ivc_loss = 0.0886, neg_loss_1 = 0.0140, neg_loss_2 = 0.0128, ref_loss = 0.0228, div_loss = 0.0078, 0.765 seconds/batch
2026-04-20 04:40:32,820 - Epoch 19, Batch 200, lr = 0.00005, final_loss = 3.8005, nll_loss = 3.7034, ref_nll_loss = 3.8976, ivc_loss = 0.0865, neg_loss_1 = 0.0139, neg_loss_2 = 0.0095, ref_loss = 0.0216, div_loss = 0.0083, 0.774 seconds/batch
2026-04-20 04:41:12,317 - Epoch 19, Batch 250, lr = 0.00005, final_loss = 3.8125, nll_loss = 3.7216, ref_nll_loss = 3.9033, ivc_loss = 0.0905, neg_loss_1 = 0.0155, neg_loss_2 = 0.0097, ref_loss = 0.0233, div_loss = 0.0084, 0.777 seconds/batch
2026-04-20 04:41:52,009 - Epoch 19, Batch 300, lr = 0.00005, final_loss = 3.8039, nll_loss = 3.7105, ref_nll_loss = 3.8974, ivc_loss = 0.0850, neg_loss_1 = 0.0118, neg_loss_2 = 0.0100, ref_loss = 0.0216, div_loss = 0.0083, 0.780 seconds/batch
2026-04-20 04:42:31,633 - Epoch 19, Batch 350, lr = 0.00005, final_loss = 3.8010, nll_loss = 3.7047, ref_nll_loss = 3.8973, ivc_loss = 0.0849, neg_loss_1 = 0.0150, neg_loss_2 = 0.0095, ref_loss = 0.0195, div_loss = 0.0082, 0.782 seconds/batch
2026-04-20 04:43:11,640 - Epoch 19, Batch 400, lr = 0.00005, final_loss = 3.8450, nll_loss = 3.7508, ref_nll_loss = 3.9392, ivc_loss = 0.0843, neg_loss_1 = 0.0143, neg_loss_2 = 0.0085, ref_loss = 0.0214, div_loss = 0.0080, 0.784 seconds/batch
2026-04-20 04:43:51,288 - Epoch 19, Batch 450, lr = 0.00005, final_loss = 3.8060, nll_loss = 3.7123, ref_nll_loss = 3.8997, ivc_loss = 0.0835, neg_loss_1 = 0.0140, neg_loss_2 = 0.0088, ref_loss = 0.0216, div_loss = 0.0078, 0.785 seconds/batch
2026-04-20 04:44:31,067 - Epoch 19, Batch 500, lr = 0.00005, final_loss = 3.8007, nll_loss = 3.7023, ref_nll_loss = 3.8992, ivc_loss = 0.0861, neg_loss_1 = 0.0151, neg_loss_2 = 0.0093, ref_loss = 0.0218, div_loss = 0.0080, 0.786 seconds/batch
2026-04-20 04:45:10,560 - Epoch 19, Batch 550, lr = 0.00005, final_loss = 3.8135, nll_loss = 3.7167, ref_nll_loss = 3.9104, ivc_loss = 0.0872, neg_loss_1 = 0.0129, neg_loss_2 = 0.0111, ref_loss = 0.0212, div_loss = 0.0084, 0.786 seconds/batch
2026-04-20 04:45:50,514 - Epoch 19, Batch 600, lr = 0.00005, final_loss = 3.8315, nll_loss = 3.7363, ref_nll_loss = 3.9267, ivc_loss = 0.0856, neg_loss_1 = 0.0159, neg_loss_2 = 0.0088, ref_loss = 0.0204, div_loss = 0.0081, 0.787 seconds/batch
2026-04-20 04:46:30,136 - Epoch 19, Batch 650, lr = 0.00005, final_loss = 3.8134, nll_loss = 3.7153, ref_nll_loss = 3.9114, ivc_loss = 0.0883, neg_loss_1 = 0.0191, neg_loss_2 = 0.0093, ref_loss = 0.0206, div_loss = 0.0079, 0.788 seconds/batch
2026-04-20 04:47:10,006 - Epoch 19, Batch 700, lr = 0.00005, final_loss = 3.8329, nll_loss = 3.7381, ref_nll_loss = 3.9276, ivc_loss = 0.0846, neg_loss_1 = 0.0140, neg_loss_2 = 0.0083, ref_loss = 0.0227, div_loss = 0.0079, 0.789 seconds/batch
2026-04-20 04:47:50,137 - Epoch 19, Batch 750, lr = 0.00005, final_loss = 3.8075, nll_loss = 3.7118, ref_nll_loss = 3.9032, ivc_loss = 0.0871, neg_loss_1 = 0.0153, neg_loss_2 = 0.0100, ref_loss = 0.0213, div_loss = 0.0081, 0.789 seconds/batch
2026-04-20 04:48:30,125 - Epoch 19, Batch 800, lr = 0.00005, final_loss = 3.8123, nll_loss = 3.7138, ref_nll_loss = 3.9107, ivc_loss = 0.0851, neg_loss_1 = 0.0142, neg_loss_2 = 0.0090, ref_loss = 0.0204, div_loss = 0.0083, 0.790 seconds/batch
2026-04-20 04:49:10,361 - Epoch 19, Batch 850, lr = 0.00005, final_loss = 3.8088, nll_loss = 3.7148, ref_nll_loss = 3.9029, ivc_loss = 0.0910, neg_loss_1 = 0.0156, neg_loss_2 = 0.0112, ref_loss = 0.0237, div_loss = 0.0081, 0.791 seconds/batch
2026-04-20 04:49:50,385 - Epoch 19, Batch 900, lr = 0.00005, final_loss = 3.8140, nll_loss = 3.7236, ref_nll_loss = 3.9044, ivc_loss = 0.0945, neg_loss_1 = 0.0178, neg_loss_2 = 0.0125, ref_loss = 0.0233, div_loss = 0.0082, 0.792 seconds/batch
2026-04-20 04:50:30,190 - Epoch 19, Batch 950, lr = 0.00005, final_loss = 3.8047, nll_loss = 3.7056, ref_nll_loss = 3.9038, ivc_loss = 0.0892, neg_loss_1 = 0.0148, neg_loss_2 = 0.0106, ref_loss = 0.0214, div_loss = 0.0085, 0.792 seconds/batch
2026-04-20 04:51:10,140 - Epoch 19, Batch 1000, lr = 0.00005, final_loss = 3.8506, nll_loss = 3.7554, ref_nll_loss = 3.9458, ivc_loss = 0.0899, neg_loss_1 = 0.0157, neg_loss_2 = 0.0093, ref_loss = 0.0231, div_loss = 0.0083, 0.792 seconds/batch
2026-04-20 04:51:45,768 - Epoch 19, Batch 1050, lr = 0.00005, final_loss = 3.8580, nll_loss = 3.7605, ref_nll_loss = 3.9554, ivc_loss = 0.0882, neg_loss_1 = 0.0155, neg_loss_2 = 0.0104, ref_loss = 0.0211, div_loss = 0.0082, 0.788 seconds/batch
2026-04-20 04:52:19,678 - Epoch 19, Batch 1100, lr = 0.00005, final_loss = 3.8116, nll_loss = 3.7183, ref_nll_loss = 3.9050, ivc_loss = 0.0887, neg_loss_1 = 0.0147, neg_loss_2 = 0.0103, ref_loss = 0.0248, div_loss = 0.0078, 0.783 seconds/batch
2026-04-20 04:52:48,373 - Epoch 19, Batch 1150, lr = 0.00005, final_loss = 3.8221, nll_loss = 3.7271, ref_nll_loss = 3.9171, ivc_loss = 0.0849, neg_loss_1 = 0.0152, neg_loss_2 = 0.0098, ref_loss = 0.0219, div_loss = 0.0076, 0.774 seconds/batch
2026-04-20 04:52:59,235 - Epoch 19, Batch 1170, lr = 0.00005, final_loss = 3.8351, nll_loss = 3.7386, ref_nll_loss = 3.9315, ivc_loss = 0.0841, neg_loss_1 = 0.0166, neg_loss_2 = 0.0063, ref_loss = 0.0226, div_loss = 0.0077, 0.770 seconds/batch
2026-04-20 04:52:59,306 - save model to checkpoints/activitynet_moe/cpl_moe/model-19.pt, num_updates 22230.
2026-04-20 04:56:13,390 - | R@1,mIoU 0.3303 | R@1,IoU@0.1 0.7432 | R@1,IoU@0.3 0.5563 | R@1,IoU@0.5 0.2563 | R@1,IoU@0.7 0.0903 | R@1,IoU@0.9 0.0139 | R@5,mIoU 0.5291 | R@5,IoU@0.1 0.9218 | R@5,IoU@0.3 0.7904 | R@5,IoU@0.5 0.5431 | R@5,IoU@0.7 0.3231 | R@5,IoU@0.9 0.0772 |
2026-04-20 04:56:13,462 - Best results have been updated.
2026-04-20 04:56:13,463 - ============================================================
2026-04-20 04:56:13,463 - Start Epoch 20
2026-04-20 04:56:48,745 - Epoch 20, Batch 50, lr = 0.00005, final_loss = 3.7873, nll_loss = 3.6895, ref_nll_loss = 3.8850, ivc_loss = 0.0816, neg_loss_1 = 0.0131, neg_loss_2 = 0.0085, ref_loss = 0.0194, div_loss = 0.0081, 0.706 seconds/batch
2026-04-20 04:57:28,416 - Epoch 20, Batch 100, lr = 0.00005, final_loss = 3.8234, nll_loss = 3.7244, ref_nll_loss = 3.9223, ivc_loss = 0.0845, neg_loss_1 = 0.0143, neg_loss_2 = 0.0088, ref_loss = 0.0199, div_loss = 0.0083, 0.750 seconds/batch
2026-04-20 04:58:08,164 - Epoch 20, Batch 150, lr = 0.00005, final_loss = 3.7837, nll_loss = 3.6878, ref_nll_loss = 3.8796, ivc_loss = 0.0857, neg_loss_1 = 0.0148, neg_loss_2 = 0.0086, ref_loss = 0.0220, div_loss = 0.0080, 0.765 seconds/batch
2026-04-20 04:58:47,641 - Epoch 20, Batch 200, lr = 0.00005, final_loss = 3.7791, nll_loss = 3.6840, ref_nll_loss = 3.8741, ivc_loss = 0.0883, neg_loss_1 = 0.0145, neg_loss_2 = 0.0103, ref_loss = 0.0219, div_loss = 0.0083, 0.771 seconds/batch
2026-04-20 04:59:27,302 - Epoch 20, Batch 250, lr = 0.00005, final_loss = 3.7954, nll_loss = 3.6988, ref_nll_loss = 3.8921, ivc_loss = 0.0867, neg_loss_1 = 0.0136, neg_loss_2 = 0.0082, ref_loss = 0.0227, div_loss = 0.0084, 0.775 seconds/batch
2026-04-20 05:00:06,707 - Epoch 20, Batch 300, lr = 0.00005, final_loss = 3.8098, nll_loss = 3.7111, ref_nll_loss = 3.9085, ivc_loss = 0.0852, neg_loss_1 = 0.0150, neg_loss_2 = 0.0087, ref_loss = 0.0199, div_loss = 0.0083, 0.777 seconds/batch
2026-04-20 05:00:46,576 - Epoch 20, Batch 350, lr = 0.00005, final_loss = 3.8192, nll_loss = 3.7231, ref_nll_loss = 3.9153, ivc_loss = 0.0848, neg_loss_1 = 0.0157, neg_loss_2 = 0.0086, ref_loss = 0.0221, div_loss = 0.0077, 0.780 seconds/batch
2026-04-20 05:01:26,343 - Epoch 20, Batch 400, lr = 0.00005, final_loss = 3.8039, nll_loss = 3.7039, ref_nll_loss = 3.9040, ivc_loss = 0.0849, neg_loss_1 = 0.0126, neg_loss_2 = 0.0088, ref_loss = 0.0205, div_loss = 0.0086, 0.782 seconds/batch
2026-04-20 05:02:06,378 - Epoch 20, Batch 450, lr = 0.00005, final_loss = 3.8057, nll_loss = 3.7094, ref_nll_loss = 3.9020, ivc_loss = 0.0871, neg_loss_1 = 0.0144, neg_loss_2 = 0.0104, ref_loss = 0.0215, div_loss = 0.0082, 0.784 seconds/batch
2026-04-20 05:02:46,423 - Epoch 20, Batch 500, lr = 0.00005, final_loss = 3.7981, nll_loss = 3.6993, ref_nll_loss = 3.8968, ivc_loss = 0.0886, neg_loss_1 = 0.0167, neg_loss_2 = 0.0112, ref_loss = 0.0202, div_loss = 0.0081, 0.786 seconds/batch
2026-04-20 05:03:26,288 - Epoch 20, Batch 550, lr = 0.00005, final_loss = 3.8393, nll_loss = 3.7441, ref_nll_loss = 3.9346, ivc_loss = 0.0889, neg_loss_1 = 0.0159, neg_loss_2 = 0.0099, ref_loss = 0.0239, div_loss = 0.0078, 0.787 seconds/batch
2026-04-20 05:04:06,236 - Epoch 20, Batch 600, lr = 0.00005, final_loss = 3.8023, nll_loss = 3.7042, ref_nll_loss = 3.9004, ivc_loss = 0.0837, neg_loss_1 = 0.0139, neg_loss_2 = 0.0083, ref_loss = 0.0213, div_loss = 0.0081, 0.788 seconds/batch
2026-04-20 05:04:46,300 - Epoch 20, Batch 650, lr = 0.00005, final_loss = 3.8196, nll_loss = 3.7247, ref_nll_loss = 3.9145, ivc_loss = 0.0888, neg_loss_1 = 0.0147, neg_loss_2 = 0.0086, ref_loss = 0.0230, div_loss = 0.0085, 0.789 seconds/batch
2026-04-20 05:05:26,308 - Epoch 20, Batch 700, lr = 0.00005, final_loss = 3.8055, nll_loss = 3.7070, ref_nll_loss = 3.9041, ivc_loss = 0.0845, neg_loss_1 = 0.0131, neg_loss_2 = 0.0082, ref_loss = 0.0210, div_loss = 0.0084, 0.790 seconds/batch
2026-04-20 05:06:06,066 - Epoch 20, Batch 750, lr = 0.00005, final_loss = 3.7993, nll_loss = 3.7012, ref_nll_loss = 3.8973, ivc_loss = 0.0884, neg_loss_1 = 0.0134, neg_loss_2 = 0.0096, ref_loss = 0.0233, div_loss = 0.0084, 0.790 seconds/batch
2026-04-20 05:06:45,860 - Epoch 20, Batch 800, lr = 0.00005, final_loss = 3.8208, nll_loss = 3.7250, ref_nll_loss = 3.9166, ivc_loss = 0.0900, neg_loss_1 = 0.0172, neg_loss_2 = 0.0083, ref_loss = 0.0223, div_loss = 0.0084, 0.790 seconds/batch
2026-04-20 05:07:25,743 - Epoch 20, Batch 850, lr = 0.00005, final_loss = 3.8258, nll_loss = 3.7296, ref_nll_loss = 3.9221, ivc_loss = 0.0857, neg_loss_1 = 0.0156, neg_loss_2 = 0.0089, ref_loss = 0.0210, div_loss = 0.0080, 0.791 seconds/batch
2026-04-20 05:08:05,492 - Epoch 20, Batch 900, lr = 0.00005, final_loss = 3.7938, nll_loss = 3.6947, ref_nll_loss = 3.8928, ivc_loss = 0.0851, neg_loss_1 = 0.0136, neg_loss_2 = 0.0088, ref_loss = 0.0193, div_loss = 0.0087, 0.791 seconds/batch
2026-04-20 05:08:45,451 - Epoch 20, Batch 950, lr = 0.00005, final_loss = 3.8064, nll_loss = 3.7122, ref_nll_loss = 3.9006, ivc_loss = 0.0911, neg_loss_1 = 0.0141, neg_loss_2 = 0.0092, ref_loss = 0.0228, div_loss = 0.0090, 0.792 seconds/batch
2026-04-20 05:09:25,306 - Epoch 20, Batch 1000, lr = 0.00005, final_loss = 3.8207, nll_loss = 3.7259, ref_nll_loss = 3.9155, ivc_loss = 0.0867, neg_loss_1 = 0.0141, neg_loss_2 = 0.0101, ref_loss = 0.0200, div_loss = 0.0085, 0.792 seconds/batch
2026-04-20 05:10:00,084 - Epoch 20, Batch 1050, lr = 0.00005, final_loss = 3.7703, nll_loss = 3.6705, ref_nll_loss = 3.8700, ivc_loss = 0.0856, neg_loss_1 = 0.0133, neg_loss_2 = 0.0095, ref_loss = 0.0198, div_loss = 0.0086, 0.787 seconds/batch
2026-04-20 05:10:34,031 - Epoch 20, Batch 1100, lr = 0.00005, final_loss = 3.7849, nll_loss = 3.6874, ref_nll_loss = 3.8823, ivc_loss = 0.0854, neg_loss_1 = 0.0150, neg_loss_2 = 0.0085, ref_loss = 0.0198, div_loss = 0.0084, 0.782 seconds/batch
2026-04-20 05:11:02,559 - Epoch 20, Batch 1150, lr = 0.00005, final_loss = 3.8042, nll_loss = 3.7086, ref_nll_loss = 3.8998, ivc_loss = 0.0841, neg_loss_1 = 0.0138, neg_loss_2 = 0.0074, ref_loss = 0.0209, div_loss = 0.0084, 0.773 seconds/batch
2026-04-20 05:11:13,396 - Epoch 20, Batch 1170, lr = 0.00005, final_loss = 3.8294, nll_loss = 3.7303, ref_nll_loss = 3.9284, ivc_loss = 0.0835, neg_loss_1 = 0.0137, neg_loss_2 = 0.0086, ref_loss = 0.0179, div_loss = 0.0087, 0.769 seconds/batch
2026-04-20 05:11:13,467 - save model to checkpoints/activitynet_moe/cpl_moe/model-20.pt, num_updates 23400.
2026-04-20 05:14:27,735 - | R@1,mIoU 0.3018 | R@1,IoU@0.1 0.6762 | R@1,IoU@0.3 0.5110 | R@1,IoU@0.5 0.2322 | R@1,IoU@0.7 0.0805 | R@1,IoU@0.9 0.0112 | R@5,mIoU 0.5285 | R@5,IoU@0.1 0.9206 | R@5,IoU@0.3 0.7864 | R@5,IoU@0.5 0.5449 | R@5,IoU@0.7 0.3232 | R@5,IoU@0.9 0.0732 |
2026-04-20 05:14:27,735 - ============================================================
2026-04-20 05:14:27,735 - Start Epoch 21
2026-04-20 05:15:02,964 - Epoch 21, Batch 50, lr = 0.00005, final_loss = 3.7734, nll_loss = 3.6785, ref_nll_loss = 3.8684, ivc_loss = 0.0895, neg_loss_1 = 0.0150, neg_loss_2 = 0.0107, ref_loss = 0.0192, div_loss = 0.0089, 0.705 seconds/batch
2026-04-20 05:15:42,303 - Epoch 21, Batch 100, lr = 0.00005, final_loss = 3.8049, nll_loss = 3.7102, ref_nll_loss = 3.8997, ivc_loss = 0.0906, neg_loss_1 = 0.0139, neg_loss_2 = 0.0092, ref_loss = 0.0217, div_loss = 0.0092, 0.746 seconds/batch
2026-04-20 05:16:21,834 - Epoch 21, Batch 150, lr = 0.00005, final_loss = 3.7780, nll_loss = 3.6781, ref_nll_loss = 3.8778, ivc_loss = 0.0854, neg_loss_1 = 0.0132, neg_loss_2 = 0.0086, ref_loss = 0.0196, div_loss = 0.0088, 0.761 seconds/batch
2026-04-20 05:17:01,406 - Epoch 21, Batch 200, lr = 0.00005, final_loss = 3.8069, nll_loss = 3.7109, ref_nll_loss = 3.9028, ivc_loss = 0.0868, neg_loss_1 = 0.0148, neg_loss_2 = 0.0082, ref_loss = 0.0201, div_loss = 0.0087, 0.768 seconds/batch
2026-04-20 05:17:41,302 - Epoch 21, Batch 250, lr = 0.00005, final_loss = 3.7789, nll_loss = 3.6771, ref_nll_loss = 3.8807, ivc_loss = 0.0856, neg_loss_1 = 0.0134, neg_loss_2 = 0.0088, ref_loss = 0.0206, div_loss = 0.0086, 0.774 seconds/batch
2026-04-20 05:18:21,000 - Epoch 21, Batch 300, lr = 0.00005, final_loss = 3.8034, nll_loss = 3.7052, ref_nll_loss = 3.9016, ivc_loss = 0.0833, neg_loss_1 = 0.0127, neg_loss_2 = 0.0094, ref_loss = 0.0209, div_loss = 0.0081, 0.778 seconds/batch
2026-04-20 05:19:00,943 - Epoch 21, Batch 350, lr = 0.00005, final_loss = 3.7802, nll_loss = 3.6799, ref_nll_loss = 3.8805, ivc_loss = 0.0857, neg_loss_1 = 0.0137, neg_loss_2 = 0.0091, ref_loss = 0.0203, div_loss = 0.0085, 0.781 seconds/batch
2026-04-20 05:19:40,913 - Epoch 21, Batch 400, lr = 0.00005, final_loss = 3.7799, nll_loss = 3.6833, ref_nll_loss = 3.8765, ivc_loss = 0.0869, neg_loss_1 = 0.0157, neg_loss_2 = 0.0078, ref_loss = 0.0216, div_loss = 0.0084, 0.783 seconds/batch
2026-04-20 05:20:20,759 - Epoch 21, Batch 450, lr = 0.00005, final_loss = 3.7810, nll_loss = 3.6840, ref_nll_loss = 3.8780, ivc_loss = 0.0872, neg_loss_1 = 0.0142, neg_loss_2 = 0.0092, ref_loss = 0.0198, div_loss = 0.0088, 0.784 seconds/batch
2026-04-20 05:21:00,614 - Epoch 21, Batch 500, lr = 0.00005, final_loss = 3.7524, nll_loss = 3.6550, ref_nll_loss = 3.8498, ivc_loss = 0.0866, neg_loss_1 = 0.0162, neg_loss_2 = 0.0082, ref_loss = 0.0204, div_loss = 0.0084, 0.786 seconds/batch
2026-04-20 05:21:40,713 - Epoch 21, Batch 550, lr = 0.00005, final_loss = 3.7863, nll_loss = 3.6883, ref_nll_loss = 3.8844, ivc_loss = 0.0851, neg_loss_1 = 0.0140, neg_loss_2 = 0.0079, ref_loss = 0.0213, div_loss = 0.0084, 0.787 seconds/batch
2026-04-20 05:22:20,628 - Epoch 21, Batch 600, lr = 0.00005, final_loss = 3.8010, nll_loss = 3.7029, ref_nll_loss = 3.8991, ivc_loss = 0.0870, neg_loss_1 = 0.0138, neg_loss_2 = 0.0111, ref_loss = 0.0206, div_loss = 0.0083, 0.788 seconds/batch
2026-04-20 05:23:00,098 - Epoch 21, Batch 650, lr = 0.00005, final_loss = 3.7808, nll_loss = 3.6823, ref_nll_loss = 3.8792, ivc_loss = 0.0845, neg_loss_1 = 0.0135, neg_loss_2 = 0.0085, ref_loss = 0.0207, div_loss = 0.0084, 0.788 seconds/batch
2026-04-20 05:23:40,205 - Epoch 21, Batch 700, lr = 0.00005, final_loss = 3.7938, nll_loss = 3.6976, ref_nll_loss = 3.8900, ivc_loss = 0.0871, neg_loss_1 = 0.0138, neg_loss_2 = 0.0083, ref_loss = 0.0213, div_loss = 0.0087, 0.789 seconds/batch
2026-04-20 05:24:20,358 - Epoch 21, Batch 750, lr = 0.00005, final_loss = 3.8038, nll_loss = 3.7048, ref_nll_loss = 3.9027, ivc_loss = 0.0847, neg_loss_1 = 0.0139, neg_loss_2 = 0.0077, ref_loss = 0.0215, div_loss = 0.0083, 0.790 seconds/batch
2026-04-20 05:25:00,113 - Epoch 21, Batch 800, lr = 0.00005, final_loss = 3.7986, nll_loss = 3.6991, ref_nll_loss = 3.8982, ivc_loss = 0.0857, neg_loss_1 = 0.0134, neg_loss_2 = 0.0090, ref_loss = 0.0207, div_loss = 0.0085, 0.790 seconds/batch
2026-04-20 05:25:40,204 - Epoch 21, Batch 850, lr = 0.00005, final_loss = 3.7713, nll_loss = 3.6700, ref_nll_loss = 3.8727, ivc_loss = 0.0878, neg_loss_1 = 0.0164, neg_loss_2 = 0.0098, ref_loss = 0.0204, div_loss = 0.0082, 0.791 seconds/batch
2026-04-20 05:26:20,591 - Epoch 21, Batch 900, lr = 0.00005, final_loss = 3.7912, nll_loss = 3.6959, ref_nll_loss = 3.8866, ivc_loss = 0.0894, neg_loss_1 = 0.0144, neg_loss_2 = 0.0091, ref_loss = 0.0231, div_loss = 0.0086, 0.792 seconds/batch
2026-04-20 05:27:00,730 - Epoch 21, Batch 950, lr = 0.00005, final_loss = 3.8402, nll_loss = 3.7408, ref_nll_loss = 3.9395, ivc_loss = 0.0860, neg_loss_1 = 0.0148, neg_loss_2 = 0.0093, ref_loss = 0.0205, div_loss = 0.0083, 0.793 seconds/batch
2026-04-20 05:27:40,674 - Epoch 21, Batch 1000, lr = 0.00005, final_loss = 3.8054, nll_loss = 3.7061, ref_nll_loss = 3.9048, ivc_loss = 0.0833, neg_loss_1 = 0.0155, neg_loss_2 = 0.0078, ref_loss = 0.0200, div_loss = 0.0080, 0.793 seconds/batch
2026-04-20 05:28:15,212 - Epoch 21, Batch 1050, lr = 0.00005, final_loss = 3.7801, nll_loss = 3.6841, ref_nll_loss = 3.8762, ivc_loss = 0.0840, neg_loss_1 = 0.0130, neg_loss_2 = 0.0096, ref_loss = 0.0205, div_loss = 0.0082, 0.788 seconds/batch
2026-04-20 05:28:49,181 - Epoch 21, Batch 1100, lr = 0.00005, final_loss = 3.7707, nll_loss = 3.6693, ref_nll_loss = 3.8720, ivc_loss = 0.0821, neg_loss_1 = 0.0120, neg_loss_2 = 0.0091, ref_loss = 0.0189, div_loss = 0.0084, 0.783 seconds/batch
2026-04-20 05:29:17,643 - Epoch 21, Batch 1150, lr = 0.00005, final_loss = 3.8014, nll_loss = 3.7045, ref_nll_loss = 3.8983, ivc_loss = 0.0891, neg_loss_1 = 0.0155, neg_loss_2 = 0.0096, ref_loss = 0.0217, div_loss = 0.0085, 0.774 seconds/batch
2026-04-20 05:29:28,569 - Epoch 21, Batch 1170, lr = 0.00005, final_loss = 3.8023, nll_loss = 3.6988, ref_nll_loss = 3.9058, ivc_loss = 0.0814, neg_loss_1 = 0.0133, neg_loss_2 = 0.0090, ref_loss = 0.0175, div_loss = 0.0083, 0.770 seconds/batch
2026-04-20 05:29:28,647 - save model to checkpoints/activitynet_moe/cpl_moe/model-21.pt, num_updates 24570.
2026-04-20 05:32:43,356 - | R@1,mIoU 0.2777 | R@1,IoU@0.1 0.6424 | R@1,IoU@0.3 0.4772 | R@1,IoU@0.5 0.2040 | R@1,IoU@0.7 0.0629 | R@1,IoU@0.9 0.0059 | R@5,mIoU 0.5270 | R@5,IoU@0.1 0.9221 | R@5,IoU@0.3 0.7857 | R@5,IoU@0.5 0.5420 | R@5,IoU@0.7 0.3157 | R@5,IoU@0.9 0.0736 |
2026-04-20 05:32:43,356 - ============================================================
2026-04-20 05:32:43,356 - Start Epoch 22
2026-04-20 05:33:18,352 - Epoch 22, Batch 50, lr = 0.00005, final_loss = 3.7828, nll_loss = 3.6851, ref_nll_loss = 3.8805, ivc_loss = 0.0885, neg_loss_1 = 0.0160, neg_loss_2 = 0.0103, ref_loss = 0.0200, div_loss = 0.0084, 0.700 seconds/batch
2026-04-20 05:33:58,085 - Epoch 22, Batch 100, lr = 0.00005, final_loss = 3.7792, nll_loss = 3.6806, ref_nll_loss = 3.8778, ivc_loss = 0.0846, neg_loss_1 = 0.0149, neg_loss_2 = 0.0075, ref_loss = 0.0196, div_loss = 0.0085, 0.747 seconds/batch
2026-04-20 05:34:37,634 - Epoch 22, Batch 150, lr = 0.00005, final_loss = 3.7766, nll_loss = 3.6755, ref_nll_loss = 3.8778, ivc_loss = 0.0855, neg_loss_1 = 0.0157, neg_loss_2 = 0.0079, ref_loss = 0.0197, div_loss = 0.0085, 0.762 seconds/batch
2026-04-20 05:35:17,354 - Epoch 22, Batch 200, lr = 0.00005, final_loss = 3.7805, nll_loss = 3.6836, ref_nll_loss = 3.8775, ivc_loss = 0.0876, neg_loss_1 = 0.0132, neg_loss_2 = 0.0085, ref_loss = 0.0225, div_loss = 0.0087, 0.770 seconds/batch
2026-04-20 05:35:57,062 - Epoch 22, Batch 250, lr = 0.00005, final_loss = 3.7942, nll_loss = 3.6950, ref_nll_loss = 3.8935, ivc_loss = 0.0822, neg_loss_1 = 0.0137, neg_loss_2 = 0.0057, ref_loss = 0.0196, div_loss = 0.0086, 0.775 seconds/batch
2026-04-20 05:36:36,694 - Epoch 22, Batch 300, lr = 0.00005, final_loss = 3.7708, nll_loss = 3.6728, ref_nll_loss = 3.8687, ivc_loss = 0.0909, neg_loss_1 = 0.0162, neg_loss_2 = 0.0096, ref_loss = 0.0216, div_loss = 0.0087, 0.778 seconds/batch
2026-04-20 05:37:16,411 - Epoch 22, Batch 350, lr = 0.00005, final_loss = 3.7718, nll_loss = 3.6710, ref_nll_loss = 3.8725, ivc_loss = 0.0866, neg_loss_1 = 0.0135, neg_loss_2 = 0.0100, ref_loss = 0.0211, div_loss = 0.0084, 0.780 seconds/batch
2026-04-20 05:37:55,777 - Epoch 22, Batch 400, lr = 0.00005, final_loss = 3.7476, nll_loss = 3.6483, ref_nll_loss = 3.8469, ivc_loss = 0.0825, neg_loss_1 = 0.0136, neg_loss_2 = 0.0079, ref_loss = 0.0196, div_loss = 0.0083, 0.781 seconds/batch
2026-04-20 05:38:35,311 - Epoch 22, Batch 450, lr = 0.00005, final_loss = 3.7908, nll_loss = 3.6921, ref_nll_loss = 3.8894, ivc_loss = 0.0901, neg_loss_1 = 0.0142, neg_loss_2 = 0.0099, ref_loss = 0.0223, div_loss = 0.0087, 0.782 seconds/batch
2026-04-20 05:39:15,209 - Epoch 22, Batch 500, lr = 0.00005, final_loss = 3.7752, nll_loss = 3.6736, ref_nll_loss = 3.8769, ivc_loss = 0.0844, neg_loss_1 = 0.0131, neg_loss_2 = 0.0089, ref_loss = 0.0190, div_loss = 0.0087, 0.784 seconds/batch
2026-04-20 05:39:54,978 - Epoch 22, Batch 550, lr = 0.00005, final_loss = 3.7777, nll_loss = 3.6814, ref_nll_loss = 3.8739, ivc_loss = 0.0906, neg_loss_1 = 0.0156, neg_loss_2 = 0.0100, ref_loss = 0.0221, div_loss = 0.0086, 0.785 seconds/batch
2026-04-20 05:40:34,686 - Epoch 22, Batch 600, lr = 0.00005, final_loss = 3.7674, nll_loss = 3.6672, ref_nll_loss = 3.8677, ivc_loss = 0.0865, neg_loss_1 = 0.0162, neg_loss_2 = 0.0087, ref_loss = 0.0200, div_loss = 0.0083, 0.786 seconds/batch
2026-04-20 05:41:14,741 - Epoch 22, Batch 650, lr = 0.00005, final_loss = 3.7791, nll_loss = 3.6795, ref_nll_loss = 3.8788, ivc_loss = 0.0853, neg_loss_1 = 0.0134, neg_loss_2 = 0.0084, ref_loss = 0.0200, div_loss = 0.0087, 0.787 seconds/batch
2026-04-20 05:41:54,657 - Epoch 22, Batch 700, lr = 0.00005, final_loss = 3.7877, nll_loss = 3.6904, ref_nll_loss = 3.8850, ivc_loss = 0.0871, neg_loss_1 = 0.0143, neg_loss_2 = 0.0080, ref_loss = 0.0208, div_loss = 0.0088, 0.788 seconds/batch
2026-04-20 05:42:34,389 - Epoch 22, Batch 750, lr = 0.00005, final_loss = 3.7567, nll_loss = 3.6578, ref_nll_loss = 3.8557, ivc_loss = 0.0845, neg_loss_1 = 0.0136, neg_loss_2 = 0.0098, ref_loss = 0.0199, div_loss = 0.0083, 0.788 seconds/batch
2026-04-20 05:43:14,409 - Epoch 22, Batch 800, lr = 0.00005, final_loss = 3.7897, nll_loss = 3.6930, ref_nll_loss = 3.8863, ivc_loss = 0.0905, neg_loss_1 = 0.0159, neg_loss_2 = 0.0094, ref_loss = 0.0225, div_loss = 0.0085, 0.789 seconds/batch
2026-04-20 05:43:54,196 - Epoch 22, Batch 850, lr = 0.00005, final_loss = 3.7963, nll_loss = 3.6967, ref_nll_loss = 3.8960, ivc_loss = 0.0852, neg_loss_1 = 0.0136, neg_loss_2 = 0.0086, ref_loss = 0.0210, div_loss = 0.0084, 0.789 seconds/batch
2026-04-20 05:44:34,317 - Epoch 22, Batch 900, lr = 0.00005, final_loss = 3.7742, nll_loss = 3.6758, ref_nll_loss = 3.8726, ivc_loss = 0.0845, neg_loss_1 = 0.0153, neg_loss_2 = 0.0081, ref_loss = 0.0205, div_loss = 0.0081, 0.790 seconds/batch
2026-04-20 05:45:14,140 - Epoch 22, Batch 950, lr = 0.00005, final_loss = 3.7996, nll_loss = 3.7008, ref_nll_loss = 3.8984, ivc_loss = 0.0894, neg_loss_1 = 0.0150, neg_loss_2 = 0.0085, ref_loss = 0.0233, div_loss = 0.0085, 0.790 seconds/batch
2026-04-20 05:45:54,081 - Epoch 22, Batch 1000, lr = 0.00005, final_loss = 3.7674, nll_loss = 3.6696, ref_nll_loss = 3.8652, ivc_loss = 0.0863, neg_loss_1 = 0.0132, neg_loss_2 = 0.0085, ref_loss = 0.0207, div_loss = 0.0088, 0.791 seconds/batch
2026-04-20 05:46:28,597 - Epoch 22, Batch 1050, lr = 0.00005, final_loss = 3.7696, nll_loss = 3.6723, ref_nll_loss = 3.8669, ivc_loss = 0.0866, neg_loss_1 = 0.0111, neg_loss_2 = 0.0086, ref_loss = 0.0231, div_loss = 0.0088, 0.786 seconds/batch
2026-04-20 05:47:02,475 - Epoch 22, Batch 1100, lr = 0.00005, final_loss = 3.7967, nll_loss = 3.6971, ref_nll_loss = 3.8963, ivc_loss = 0.0872, neg_loss_1 = 0.0137, neg_loss_2 = 0.0101, ref_loss = 0.0214, div_loss = 0.0084, 0.781 seconds/batch
2026-04-20 05:47:30,835 - Epoch 22, Batch 1150, lr = 0.00005, final_loss = 3.8116, nll_loss = 3.7125, ref_nll_loss = 3.9107, ivc_loss = 0.0851, neg_loss_1 = 0.0153, neg_loss_2 = 0.0080, ref_loss = 0.0201, div_loss = 0.0083, 0.772 seconds/batch
2026-04-20 05:47:41,717 - Epoch 22, Batch 1170, lr = 0.00005, final_loss = 3.8454, nll_loss = 3.7524, ref_nll_loss = 3.9384, ivc_loss = 0.0873, neg_loss_1 = 0.0117, neg_loss_2 = 0.0122, ref_loss = 0.0235, div_loss = 0.0080, 0.768 seconds/batch
2026-04-20 05:47:41,788 - save model to checkpoints/activitynet_moe/cpl_moe/model-22.pt, num_updates 25740.
2026-04-20 05:50:56,558 - | R@1,mIoU 0.2813 | R@1,IoU@0.1 0.6482 | R@1,IoU@0.3 0.4792 | R@1,IoU@0.5 0.2074 | R@1,IoU@0.7 0.0638 | R@1,IoU@0.9 0.0057 | R@5,mIoU 0.5282 | R@5,IoU@0.1 0.9199 | R@5,IoU@0.3 0.7847 | R@5,IoU@0.5 0.5418 | R@5,IoU@0.7 0.3204 | R@5,IoU@0.9 0.0755 |
2026-04-20 05:50:56,558 - ============================================================
2026-04-20 05:50:56,558 - Start Epoch 23
2026-04-20 05:51:30,779 - Epoch 23, Batch 50, lr = 0.00005, final_loss = 3.7537, nll_loss = 3.6530, ref_nll_loss = 3.8544, ivc_loss = 0.0859, neg_loss_1 = 0.0139, neg_loss_2 = 0.0086, ref_loss = 0.0208, div_loss = 0.0085, 0.684 seconds/batch
2026-04-20 05:52:10,546 - Epoch 23, Batch 100, lr = 0.00005, final_loss = 3.7727, nll_loss = 3.6728, ref_nll_loss = 3.8726, ivc_loss = 0.0845, neg_loss_1 = 0.0127, neg_loss_2 = 0.0081, ref_loss = 0.0195, div_loss = 0.0088, 0.740 seconds/batch
2026-04-20 05:52:50,383 - Epoch 23, Batch 150, lr = 0.00005, final_loss = 3.7554, nll_loss = 3.6565, ref_nll_loss = 3.8542, ivc_loss = 0.0841, neg_loss_1 = 0.0144, neg_loss_2 = 0.0080, ref_loss = 0.0203, div_loss = 0.0083, 0.759 seconds/batch
2026-04-20 05:53:30,223 - Epoch 23, Batch 200, lr = 0.00005, final_loss = 3.7776, nll_loss = 3.6741, ref_nll_loss = 3.8812, ivc_loss = 0.0847, neg_loss_1 = 0.0125, neg_loss_2 = 0.0083, ref_loss = 0.0220, div_loss = 0.0084, 0.768 seconds/batch
2026-04-20 05:54:10,437 - Epoch 23, Batch 250, lr = 0.00005, final_loss = 3.7554, nll_loss = 3.6540, ref_nll_loss = 3.8569, ivc_loss = 0.0864, neg_loss_1 = 0.0125, neg_loss_2 = 0.0092, ref_loss = 0.0200, div_loss = 0.0089, 0.776 seconds/batch
2026-04-20 05:54:50,336 - Epoch 23, Batch 300, lr = 0.00005, final_loss = 3.7625, nll_loss = 3.6651, ref_nll_loss = 3.8599, ivc_loss = 0.0843, neg_loss_1 = 0.0107, neg_loss_2 = 0.0084, ref_loss = 0.0203, div_loss = 0.0090, 0.779 seconds/batch
2026-04-20 05:55:30,270 - Epoch 23, Batch 350, lr = 0.00005, final_loss = 3.7640, nll_loss = 3.6660, ref_nll_loss = 3.8621, ivc_loss = 0.0873, neg_loss_1 = 0.0138, neg_loss_2 = 0.0093, ref_loss = 0.0210, div_loss = 0.0086, 0.782 seconds/batch
2026-04-20 05:56:10,355 - Epoch 23, Batch 400, lr = 0.00005, final_loss = 3.7590, nll_loss = 3.6619, ref_nll_loss = 3.8561, ivc_loss = 0.0897, neg_loss_1 = 0.0142, neg_loss_2 = 0.0093, ref_loss = 0.0224, div_loss = 0.0088, 0.784 seconds/batch
2026-04-20 05:56:50,285 - Epoch 23, Batch 450, lr = 0.00005, final_loss = 3.7239, nll_loss = 3.6251, ref_nll_loss = 3.8228, ivc_loss = 0.0919, neg_loss_1 = 0.0156, neg_loss_2 = 0.0114, ref_loss = 0.0215, div_loss = 0.0087, 0.786 seconds/batch
2026-04-20 05:57:29,888 - Epoch 23, Batch 500, lr = 0.00005, final_loss = 3.7673, nll_loss = 3.6689, ref_nll_loss = 3.8657, ivc_loss = 0.0933, neg_loss_1 = 0.0151, neg_loss_2 = 0.0123, ref_loss = 0.0234, div_loss = 0.0085, 0.787 seconds/batch
2026-04-20 05:58:09,486 - Epoch 23, Batch 550, lr = 0.00005, final_loss = 3.7882, nll_loss = 3.6881, ref_nll_loss = 3.8883, ivc_loss = 0.0859, neg_loss_1 = 0.0152, neg_loss_2 = 0.0098, ref_loss = 0.0191, div_loss = 0.0084, 0.787 seconds/batch
2026-04-20 05:58:48,715 - Epoch 23, Batch 600, lr = 0.00005, final_loss = 3.7654, nll_loss = 3.6657, ref_nll_loss = 3.8650, ivc_loss = 0.0861, neg_loss_1 = 0.0147, neg_loss_2 = 0.0099, ref_loss = 0.0190, div_loss = 0.0085, 0.787 seconds/batch
2026-04-20 05:59:28,485 - Epoch 23, Batch 650, lr = 0.00005, final_loss = 3.7829, nll_loss = 3.6856, ref_nll_loss = 3.8802, ivc_loss = 0.0878, neg_loss_1 = 0.0146, neg_loss_2 = 0.0070, ref_loss = 0.0222, div_loss = 0.0088, 0.788 seconds/batch
2026-04-20 06:00:08,327 - Epoch 23, Batch 700, lr = 0.00005, final_loss = 3.7737, nll_loss = 3.6743, ref_nll_loss = 3.8731, ivc_loss = 0.0868, neg_loss_1 = 0.0137, neg_loss_2 = 0.0095, ref_loss = 0.0209, div_loss = 0.0086, 0.788 seconds/batch
2026-04-20 06:00:48,157 - Epoch 23, Batch 750, lr = 0.00005, final_loss = 3.7864, nll_loss = 3.6852, ref_nll_loss = 3.8877, ivc_loss = 0.0837, neg_loss_1 = 0.0111, neg_loss_2 = 0.0076, ref_loss = 0.0213, div_loss = 0.0087, 0.789 seconds/batch
2026-04-20 06:01:28,298 - Epoch 23, Batch 800, lr = 0.00005, final_loss = 3.7851, nll_loss = 3.6818, ref_nll_loss = 3.8883, ivc_loss = 0.0870, neg_loss_1 = 0.0124, neg_loss_2 = 0.0089, ref_loss = 0.0185, div_loss = 0.0094, 0.790 seconds/batch
2026-04-20 06:02:08,091 - Epoch 23, Batch 850, lr = 0.00005, final_loss = 3.7642, nll_loss = 3.6647, ref_nll_loss = 3.8637, ivc_loss = 0.0902, neg_loss_1 = 0.0144, neg_loss_2 = 0.0103, ref_loss = 0.0203, div_loss = 0.0091, 0.790 seconds/batch
2026-04-20 06:02:48,143 - Epoch 23, Batch 900, lr = 0.00005, final_loss = 3.7486, nll_loss = 3.6505, ref_nll_loss = 3.8467, ivc_loss = 0.0912, neg_loss_1 = 0.0172, neg_loss_2 = 0.0094, ref_loss = 0.0215, div_loss = 0.0086, 0.791 seconds/batch
2026-04-20 06:03:28,032 - Epoch 23, Batch 950, lr = 0.00005, final_loss = 3.7779, nll_loss = 3.6777, ref_nll_loss = 3.8782, ivc_loss = 0.0857, neg_loss_1 = 0.0154, neg_loss_2 = 0.0081, ref_loss = 0.0198, div_loss = 0.0085, 0.791 seconds/batch
2026-04-20 06:04:08,007 - Epoch 23, Batch 1000, lr = 0.00005, final_loss = 3.7789, nll_loss = 3.6807, ref_nll_loss = 3.8771, ivc_loss = 0.0881, neg_loss_1 = 0.0136, neg_loss_2 = 0.0090, ref_loss = 0.0217, div_loss = 0.0088, 0.791 seconds/batch
2026-04-20 06:04:42,228 - Epoch 23, Batch 1050, lr = 0.00005, final_loss = 3.7858, nll_loss = 3.6848, ref_nll_loss = 3.8869, ivc_loss = 0.0883, neg_loss_1 = 0.0163, neg_loss_2 = 0.0086, ref_loss = 0.0206, div_loss = 0.0086, 0.786 seconds/batch
2026-04-20 06:05:16,219 - Epoch 23, Batch 1100, lr = 0.00005, final_loss = 3.7581, nll_loss = 3.6573, ref_nll_loss = 3.8590, ivc_loss = 0.0878, neg_loss_1 = 0.0153, neg_loss_2 = 0.0094, ref_loss = 0.0206, div_loss = 0.0085, 0.782 seconds/batch
2026-04-20 06:05:43,836 - Epoch 23, Batch 1150, lr = 0.00005, final_loss = 3.7618, nll_loss = 3.6634, ref_nll_loss = 3.8602, ivc_loss = 0.0910, neg_loss_1 = 0.0160, neg_loss_2 = 0.0100, ref_loss = 0.0223, div_loss = 0.0085, 0.772 seconds/batch
2026-04-20 06:05:54,454 - Epoch 23, Batch 1170, lr = 0.00005, final_loss = 3.7743, nll_loss = 3.6733, ref_nll_loss = 3.8753, ivc_loss = 0.0835, neg_loss_1 = 0.0120, neg_loss_2 = 0.0083, ref_loss = 0.0177, div_loss = 0.0091, 0.767 seconds/batch
2026-04-20 06:05:54,527 - save model to checkpoints/activitynet_moe/cpl_moe/model-23.pt, num_updates 26910.
2026-04-20 06:09:09,913 - | R@1,mIoU 0.3103 | R@1,IoU@0.1 0.6931 | R@1,IoU@0.3 0.5232 | R@1,IoU@0.5 0.2412 | R@1,IoU@0.7 0.0853 | R@1,IoU@0.9 0.0127 | R@5,mIoU 0.5260 | R@5,IoU@0.1 0.9200 | R@5,IoU@0.3 0.7838 | R@5,IoU@0.5 0.5404 | R@5,IoU@0.7 0.3198 | R@5,IoU@0.9 0.0746 |
2026-04-20 06:09:09,913 - ============================================================
2026-04-20 06:09:09,913 - Start Epoch 24
2026-04-20 06:09:44,325 - Epoch 24, Batch 50, lr = 0.00005, final_loss = 3.7535, nll_loss = 3.6517, ref_nll_loss = 3.8552, ivc_loss = 0.0839, neg_loss_1 = 0.0138, neg_loss_2 = 0.0082, ref_loss = 0.0178, div_loss = 0.0088, 0.688 seconds/batch
2026-04-20 06:10:23,604 - Epoch 24, Batch 100, lr = 0.00005, final_loss = 3.7350, nll_loss = 3.6332, ref_nll_loss = 3.8368, ivc_loss = 0.0857, neg_loss_1 = 0.0138, neg_loss_2 = 0.0077, ref_loss = 0.0189, div_loss = 0.0090, 0.737 seconds/batch
2026-04-20 06:11:03,608 - Epoch 24, Batch 150, lr = 0.00005, final_loss = 3.7653, nll_loss = 3.6664, ref_nll_loss = 3.8643, ivc_loss = 0.0894, neg_loss_1 = 0.0131, neg_loss_2 = 0.0095, ref_loss = 0.0226, div_loss = 0.0088, 0.758 seconds/batch
2026-04-20 06:11:43,493 - Epoch 24, Batch 200, lr = 0.00005, final_loss = 3.7484, nll_loss = 3.6490, ref_nll_loss = 3.8478, ivc_loss = 0.0885, neg_loss_1 = 0.0168, neg_loss_2 = 0.0080, ref_loss = 0.0202, div_loss = 0.0087, 0.768 seconds/batch
2026-04-20 06:12:23,316 - Epoch 24, Batch 250, lr = 0.00005, final_loss = 3.7421, nll_loss = 3.6436, ref_nll_loss = 3.8407, ivc_loss = 0.0878, neg_loss_1 = 0.0121, neg_loss_2 = 0.0097, ref_loss = 0.0213, div_loss = 0.0090, 0.774 seconds/batch
2026-04-20 06:13:02,897 - Epoch 24, Batch 300, lr = 0.00005, final_loss = 3.7584, nll_loss = 3.6592, ref_nll_loss = 3.8575, ivc_loss = 0.0891, neg_loss_1 = 0.0142, neg_loss_2 = 0.0085, ref_loss = 0.0217, div_loss = 0.0089, 0.777 seconds/batch
2026-04-20 06:13:42,713 - Epoch 24, Batch 350, lr = 0.00005, final_loss = 3.7771, nll_loss = 3.6776, ref_nll_loss = 3.8766, ivc_loss = 0.0873, neg_loss_1 = 0.0154, neg_loss_2 = 0.0082, ref_loss = 0.0206, div_loss = 0.0086, 0.779 seconds/batch
2026-04-20 06:14:22,561 - Epoch 24, Batch 400, lr = 0.00005, final_loss = 3.7385, nll_loss = 3.6359, ref_nll_loss = 3.8410, ivc_loss = 0.0844, neg_loss_1 = 0.0151, neg_loss_2 = 0.0076, ref_loss = 0.0195, div_loss = 0.0084, 0.782 seconds/batch
2026-04-20 06:15:02,365 - Epoch 24, Batch 450, lr = 0.00005, final_loss = 3.7778, nll_loss = 3.6804, ref_nll_loss = 3.8753, ivc_loss = 0.0824, neg_loss_1 = 0.0127, neg_loss_2 = 0.0082, ref_loss = 0.0193, div_loss = 0.0084, 0.783 seconds/batch
2026-04-20 06:15:42,042 - Epoch 24, Batch 500, lr = 0.00005, final_loss = 3.7316, nll_loss = 3.6302, ref_nll_loss = 3.8330, ivc_loss = 0.0847, neg_loss_1 = 0.0134, neg_loss_2 = 0.0083, ref_loss = 0.0208, div_loss = 0.0085, 0.784 seconds/batch
2026-04-20 06:16:21,703 - Epoch 24, Batch 550, lr = 0.00005, final_loss = 3.7427, nll_loss = 3.6411, ref_nll_loss = 3.8442, ivc_loss = 0.0854, neg_loss_1 = 0.0136, neg_loss_2 = 0.0079, ref_loss = 0.0194, div_loss = 0.0089, 0.785 seconds/batch
2026-04-20 06:17:01,509 - Epoch 24, Batch 600, lr = 0.00005, final_loss = 3.7780, nll_loss = 3.6774, ref_nll_loss = 3.8785, ivc_loss = 0.0885, neg_loss_1 = 0.0133, neg_loss_2 = 0.0096, ref_loss = 0.0222, div_loss = 0.0087, 0.786 seconds/batch
2026-04-20 06:17:41,343 - Epoch 24, Batch 650, lr = 0.00005, final_loss = 3.7680, nll_loss = 3.6668, ref_nll_loss = 3.8692, ivc_loss = 0.0895, neg_loss_1 = 0.0153, neg_loss_2 = 0.0092, ref_loss = 0.0209, div_loss = 0.0088, 0.787 seconds/batch
2026-04-20 06:18:21,326 - Epoch 24, Batch 700, lr = 0.00005, final_loss = 3.7820, nll_loss = 3.6810, ref_nll_loss = 3.8829, ivc_loss = 0.0867, neg_loss_1 = 0.0160, neg_loss_2 = 0.0093, ref_loss = 0.0190, div_loss = 0.0085, 0.788 seconds/batch
2026-04-20 06:19:00,903 - Epoch 24, Batch 750, lr = 0.00005, final_loss = 3.7340, nll_loss = 3.6323, ref_nll_loss = 3.8357, ivc_loss = 0.0860, neg_loss_1 = 0.0134, neg_loss_2 = 0.0097, ref_loss = 0.0205, div_loss = 0.0085, 0.788 seconds/batch
2026-04-20 06:19:40,436 - Epoch 24, Batch 800, lr = 0.00005, final_loss = 3.7526, nll_loss = 3.6541, ref_nll_loss = 3.8511, ivc_loss = 0.0876, neg_loss_1 = 0.0143, neg_loss_2 = 0.0079, ref_loss = 0.0231, div_loss = 0.0085, 0.788 seconds/batch
2026-04-20 06:20:20,241 - Epoch 24, Batch 850, lr = 0.00005, final_loss = 3.7523, nll_loss = 3.6513, ref_nll_loss = 3.8534, ivc_loss = 0.0863, neg_loss_1 = 0.0154, neg_loss_2 = 0.0079, ref_loss = 0.0204, div_loss = 0.0085, 0.789 seconds/batch
2026-04-20 06:20:59,904 - Epoch 24, Batch 900, lr = 0.00005, final_loss = 3.7674, nll_loss = 3.6689, ref_nll_loss = 3.8660, ivc_loss = 0.0881, neg_loss_1 = 0.0155, neg_loss_2 = 0.0092, ref_loss = 0.0210, div_loss = 0.0085, 0.789 seconds/batch
2026-04-20 06:21:39,544 - Epoch 24, Batch 950, lr = 0.00005, final_loss = 3.7526, nll_loss = 3.6576, ref_nll_loss = 3.8477, ivc_loss = 0.0905, neg_loss_1 = 0.0160, neg_loss_2 = 0.0087, ref_loss = 0.0243, div_loss = 0.0083, 0.789 seconds/batch
2026-04-20 06:22:19,457 - Epoch 24, Batch 1000, lr = 0.00005, final_loss = 3.7613, nll_loss = 3.6597, ref_nll_loss = 3.8629, ivc_loss = 0.0870, neg_loss_1 = 0.0141, neg_loss_2 = 0.0097, ref_loss = 0.0209, div_loss = 0.0085, 0.790 seconds/batch
2026-04-20 06:22:53,624 - Epoch 24, Batch 1050, lr = 0.00005, final_loss = 3.7412, nll_loss = 3.6407, ref_nll_loss = 3.8418, ivc_loss = 0.0877, neg_loss_1 = 0.0134, neg_loss_2 = 0.0095, ref_loss = 0.0223, div_loss = 0.0085, 0.784 seconds/batch
2026-04-20 06:23:27,692 - Epoch 24, Batch 1100, lr = 0.00005, final_loss = 3.8022, nll_loss = 3.7042, ref_nll_loss = 3.9003, ivc_loss = 0.0894, neg_loss_1 = 0.0149, neg_loss_2 = 0.0084, ref_loss = 0.0217, div_loss = 0.0089, 0.780 seconds/batch
2026-04-20 06:23:55,865 - Epoch 24, Batch 1150, lr = 0.00005, final_loss = 3.7733, nll_loss = 3.6740, ref_nll_loss = 3.8725, ivc_loss = 0.0892, neg_loss_1 = 0.0146, neg_loss_2 = 0.0085, ref_loss = 0.0208, div_loss = 0.0090, 0.770 seconds/batch
2026-04-20 06:24:06,510 - Epoch 24, Batch 1170, lr = 0.00005, final_loss = 3.7611, nll_loss = 3.6584, ref_nll_loss = 3.8638, ivc_loss = 0.0862, neg_loss_1 = 0.0131, neg_loss_2 = 0.0101, ref_loss = 0.0199, div_loss = 0.0086, 0.766 seconds/batch
2026-04-20 06:24:06,585 - save model to checkpoints/activitynet_moe/cpl_moe/model-24.pt, num_updates 28080.
2026-04-20 06:27:22,498 - | R@1,mIoU 0.3077 | R@1,IoU@0.1 0.6838 | R@1,IoU@0.3 0.5173 | R@1,IoU@0.5 0.2382 | R@1,IoU@0.7 0.0872 | R@1,IoU@0.9 0.0143 | R@5,mIoU 0.5261 | R@5,IoU@0.1 0.9189 | R@5,IoU@0.3 0.7869 | R@5,IoU@0.5 0.5404 | R@5,IoU@0.7 0.3158 | R@5,IoU@0.9 0.0761 |
2026-04-20 06:27:22,498 - ============================================================
2026-04-20 06:27:22,498 - Start Epoch 25
2026-04-20 06:27:56,636 - Epoch 25, Batch 50, lr = 0.00005, final_loss = 3.7438, nll_loss = 3.6445, ref_nll_loss = 3.8431, ivc_loss = 0.0854, neg_loss_1 = 0.0141, neg_loss_2 = 0.0101, ref_loss = 0.0201, div_loss = 0.0082, 0.683 seconds/batch
2026-04-20 06:28:35,420 - Epoch 25, Batch 100, lr = 0.00005, final_loss = 3.7442, nll_loss = 3.6443, ref_nll_loss = 3.8441, ivc_loss = 0.0895, neg_loss_1 = 0.0165, neg_loss_2 = 0.0089, ref_loss = 0.0205, div_loss = 0.0087, 0.729 seconds/batch
2026-04-20 06:29:14,946 - Epoch 25, Batch 150, lr = 0.00005, final_loss = 3.7373, nll_loss = 3.6384, ref_nll_loss = 3.8362, ivc_loss = 0.0879, neg_loss_1 = 0.0148, neg_loss_2 = 0.0085, ref_loss = 0.0204, div_loss = 0.0089, 0.750 seconds/batch
2026-04-20 06:29:54,396 - Epoch 25, Batch 200, lr = 0.00005, final_loss = 3.7469, nll_loss = 3.6469, ref_nll_loss = 3.8469, ivc_loss = 0.0860, neg_loss_1 = 0.0142, neg_loss_2 = 0.0079, ref_loss = 0.0204, div_loss = 0.0087, 0.759 seconds/batch
2026-04-20 06:30:34,077 - Epoch 25, Batch 250, lr = 0.00005, final_loss = 3.7452, nll_loss = 3.6442, ref_nll_loss = 3.8463, ivc_loss = 0.0881, neg_loss_1 = 0.0149, neg_loss_2 = 0.0093, ref_loss = 0.0196, div_loss = 0.0089, 0.766 seconds/batch
2026-04-20 06:31:13,675 - Epoch 25, Batch 300, lr = 0.00005, final_loss = 3.7585, nll_loss = 3.6582, ref_nll_loss = 3.8587, ivc_loss = 0.0892, neg_loss_1 = 0.0152, neg_loss_2 = 0.0097, ref_loss = 0.0208, div_loss = 0.0087, 0.771 seconds/batch
2026-04-20 06:31:53,514 - Epoch 25, Batch 350, lr = 0.00005, final_loss = 3.7213, nll_loss = 3.6186, ref_nll_loss = 3.8240, ivc_loss = 0.0842, neg_loss_1 = 0.0117, neg_loss_2 = 0.0085, ref_loss = 0.0196, div_loss = 0.0089, 0.774 seconds/batch
2026-04-20 06:32:32,626 - Epoch 25, Batch 400, lr = 0.00005, final_loss = 3.7316, nll_loss = 3.6303, ref_nll_loss = 3.8329, ivc_loss = 0.0889, neg_loss_1 = 0.0136, neg_loss_2 = 0.0091, ref_loss = 0.0199, div_loss = 0.0093, 0.775 seconds/batch
2026-04-20 06:33:12,045 - Epoch 25, Batch 450, lr = 0.00005, final_loss = 3.7616, nll_loss = 3.6607, ref_nll_loss = 3.8625, ivc_loss = 0.0837, neg_loss_1 = 0.0118, neg_loss_2 = 0.0078, ref_loss = 0.0203, div_loss = 0.0088, 0.777 seconds/batch
2026-04-20 06:33:51,426 - Epoch 25, Batch 500, lr = 0.00005, final_loss = 3.7536, nll_loss = 3.6564, ref_nll_loss = 3.8508, ivc_loss = 0.0901, neg_loss_1 = 0.0147, neg_loss_2 = 0.0082, ref_loss = 0.0229, div_loss = 0.0089, 0.778 seconds/batch
2026-04-20 06:34:31,030 - Epoch 25, Batch 550, lr = 0.00005, final_loss = 3.7296, nll_loss = 3.6316, ref_nll_loss = 3.8275, ivc_loss = 0.0881, neg_loss_1 = 0.0136, neg_loss_2 = 0.0083, ref_loss = 0.0214, div_loss = 0.0090, 0.779 seconds/batch
2026-04-20 06:35:10,682 - Epoch 25, Batch 600, lr = 0.00005, final_loss = 3.7534, nll_loss = 3.6532, ref_nll_loss = 3.8536, ivc_loss = 0.0901, neg_loss_1 = 0.0175, neg_loss_2 = 0.0071, ref_loss = 0.0217, div_loss = 0.0088, 0.780 seconds/batch
2026-04-20 06:35:50,584 - Epoch 25, Batch 650, lr = 0.00005, final_loss = 3.7408, nll_loss = 3.6397, ref_nll_loss = 3.8419, ivc_loss = 0.0875, neg_loss_1 = 0.0151, neg_loss_2 = 0.0082, ref_loss = 0.0211, div_loss = 0.0086, 0.782 seconds/batch
2026-04-20 06:36:30,788 - Epoch 25, Batch 700, lr = 0.00005, final_loss = 3.7282, nll_loss = 3.6270, ref_nll_loss = 3.8294, ivc_loss = 0.0866, neg_loss_1 = 0.0154, neg_loss_2 = 0.0077, ref_loss = 0.0205, div_loss = 0.0086, 0.783 seconds/batch
2026-04-20 06:37:10,676 - Epoch 25, Batch 750, lr = 0.00005, final_loss = 3.7277, nll_loss = 3.6258, ref_nll_loss = 3.8297, ivc_loss = 0.0878, neg_loss_1 = 0.0142, neg_loss_2 = 0.0086, ref_loss = 0.0214, div_loss = 0.0087, 0.784 seconds/batch
2026-04-20 06:37:50,891 - Epoch 25, Batch 800, lr = 0.00005, final_loss = 3.7398, nll_loss = 3.6365, ref_nll_loss = 3.8431, ivc_loss = 0.0863, neg_loss_1 = 0.0137, neg_loss_2 = 0.0088, ref_loss = 0.0203, div_loss = 0.0087, 0.785 seconds/batch
2026-04-20 06:38:30,681 - Epoch 25, Batch 850, lr = 0.00005, final_loss = 3.7439, nll_loss = 3.6415, ref_nll_loss = 3.8462, ivc_loss = 0.0853, neg_loss_1 = 0.0127, neg_loss_2 = 0.0091, ref_loss = 0.0186, div_loss = 0.0090, 0.786 seconds/batch
2026-04-20 06:39:10,885 - Epoch 25, Batch 900, lr = 0.00005, final_loss = 3.7250, nll_loss = 3.6251, ref_nll_loss = 3.8249, ivc_loss = 0.0856, neg_loss_1 = 0.0140, neg_loss_2 = 0.0074, ref_loss = 0.0211, div_loss = 0.0086, 0.787 seconds/batch
2026-04-20 06:39:50,671 - Epoch 25, Batch 950, lr = 0.00005, final_loss = 3.7645, nll_loss = 3.6623, ref_nll_loss = 3.8668, ivc_loss = 0.0873, neg_loss_1 = 0.0134, neg_loss_2 = 0.0097, ref_loss = 0.0205, div_loss = 0.0088, 0.788 seconds/batch
2026-04-20 06:40:30,803 - Epoch 25, Batch 1000, lr = 0.00005, final_loss = 3.7641, nll_loss = 3.6644, ref_nll_loss = 3.8639, ivc_loss = 0.0918, neg_loss_1 = 0.0143, neg_loss_2 = 0.0108, ref_loss = 0.0211, div_loss = 0.0091, 0.788 seconds/batch
2026-04-20 06:41:05,054 - Epoch 25, Batch 1050, lr = 0.00005, final_loss = 3.7335, nll_loss = 3.6294, ref_nll_loss = 3.8375, ivc_loss = 0.0849, neg_loss_1 = 0.0118, neg_loss_2 = 0.0090, ref_loss = 0.0195, div_loss = 0.0089, 0.783 seconds/batch
2026-04-20 06:41:39,237 - Epoch 25, Batch 1100, lr = 0.00005, final_loss = 3.7595, nll_loss = 3.6578, ref_nll_loss = 3.8612, ivc_loss = 0.0861, neg_loss_1 = 0.0145, neg_loss_2 = 0.0078, ref_loss = 0.0209, div_loss = 0.0086, 0.779 seconds/batch
2026-04-20 06:42:07,697 - Epoch 25, Batch 1150, lr = 0.00005, final_loss = 3.7713, nll_loss = 3.6716, ref_nll_loss = 3.8710, ivc_loss = 0.0901, neg_loss_1 = 0.0151, neg_loss_2 = 0.0083, ref_loss = 0.0214, div_loss = 0.0091, 0.770 seconds/batch
2026-04-20 06:42:18,587 - Epoch 25, Batch 1170, lr = 0.00005, final_loss = 3.7144, nll_loss = 3.6132, ref_nll_loss = 3.8157, ivc_loss = 0.0917, neg_loss_1 = 0.0169, neg_loss_2 = 0.0100, ref_loss = 0.0201, div_loss = 0.0090, 0.766 seconds/batch
2026-04-20 06:42:18,659 - save model to checkpoints/activitynet_moe/cpl_moe/model-25.pt, num_updates 29250.
2026-04-20 06:45:35,476 - | R@1,mIoU 0.3283 | R@1,IoU@0.1 0.7478 | R@1,IoU@0.3 0.5501 | R@1,IoU@0.5 0.2504 | R@1,IoU@0.7 0.0867 | R@1,IoU@0.9 0.0102 | R@5,mIoU 0.5269 | R@5,IoU@0.1 0.9206 | R@5,IoU@0.3 0.7860 | R@5,IoU@0.5 0.5434 | R@5,IoU@0.7 0.3191 | R@5,IoU@0.9 0.0743 |
2026-04-20 06:45:35,476 - ============================================================
2026-04-20 06:45:35,476 - Start Epoch 26
2026-04-20 06:46:09,580 - Epoch 26, Batch 50, lr = 0.00005, final_loss = 3.7330, nll_loss = 3.6321, ref_nll_loss = 3.8340, ivc_loss = 0.0873, neg_loss_1 = 0.0139, neg_loss_2 = 0.0102, ref_loss = 0.0204, div_loss = 0.0086, 0.682 seconds/batch
2026-04-20 06:46:48,016 - Epoch 26, Batch 100, lr = 0.00005, final_loss = 3.7425, nll_loss = 3.6390, ref_nll_loss = 3.8459, ivc_loss = 0.0872, neg_loss_1 = 0.0162, neg_loss_2 = 0.0080, ref_loss = 0.0189, div_loss = 0.0088, 0.725 seconds/batch
2026-04-20 06:47:27,624 - Epoch 26, Batch 150, lr = 0.00005, final_loss = 3.7062, nll_loss = 3.6050, ref_nll_loss = 3.8075, ivc_loss = 0.0875, neg_loss_1 = 0.0138, neg_loss_2 = 0.0102, ref_loss = 0.0206, div_loss = 0.0086, 0.748 seconds/batch
2026-04-20 06:48:07,229 - Epoch 26, Batch 200, lr = 0.00005, final_loss = 3.7149, nll_loss = 3.6171, ref_nll_loss = 3.8127, ivc_loss = 0.0882, neg_loss_1 = 0.0145, neg_loss_2 = 0.0089, ref_loss = 0.0224, div_loss = 0.0085, 0.759 seconds/batch
2026-04-20 06:48:47,072 - Epoch 26, Batch 250, lr = 0.00005, final_loss = 3.7279, nll_loss = 3.6269, ref_nll_loss = 3.8288, ivc_loss = 0.0860, neg_loss_1 = 0.0150, neg_loss_2 = 0.0085, ref_loss = 0.0195, div_loss = 0.0086, 0.766 seconds/batch
2026-04-20 06:49:26,825 - Epoch 26, Batch 300, lr = 0.00005, final_loss = 3.7310, nll_loss = 3.6315, ref_nll_loss = 3.8305, ivc_loss = 0.0888, neg_loss_1 = 0.0144, neg_loss_2 = 0.0085, ref_loss = 0.0210, div_loss = 0.0090, 0.771 seconds/batch
2026-04-20 06:50:06,565 - Epoch 26, Batch 350, lr = 0.00005, final_loss = 3.7546, nll_loss = 3.6515, ref_nll_loss = 3.8578, ivc_loss = 0.0877, neg_loss_1 = 0.0149, neg_loss_2 = 0.0091, ref_loss = 0.0190, div_loss = 0.0089, 0.775 seconds/batch
2026-04-20 06:50:46,419 - Epoch 26, Batch 400, lr = 0.00005, final_loss = 3.7307, nll_loss = 3.6304, ref_nll_loss = 3.8309, ivc_loss = 0.0882, neg_loss_1 = 0.0137, neg_loss_2 = 0.0090, ref_loss = 0.0223, div_loss = 0.0086, 0.777 seconds/batch
2026-04-20 06:51:25,866 - Epoch 26, Batch 450, lr = 0.00005, final_loss = 3.6909, nll_loss = 3.5873, ref_nll_loss = 3.7944, ivc_loss = 0.0844, neg_loss_1 = 0.0138, neg_loss_2 = 0.0080, ref_loss = 0.0203, div_loss = 0.0085, 0.779 seconds/batch
2026-04-20 06:52:05,499 - Epoch 26, Batch 500, lr = 0.00005, final_loss = 3.7311, nll_loss = 3.6290, ref_nll_loss = 3.8332, ivc_loss = 0.0857, neg_loss_1 = 0.0149, neg_loss_2 = 0.0093, ref_loss = 0.0201, div_loss = 0.0083, 0.780 seconds/batch
2026-04-20 06:52:44,958 - Epoch 26, Batch 550, lr = 0.00005, final_loss = 3.7492, nll_loss = 3.6460, ref_nll_loss = 3.8525, ivc_loss = 0.0862, neg_loss_1 = 0.0136, neg_loss_2 = 0.0089, ref_loss = 0.0185, div_loss = 0.0090, 0.781 seconds/batch
2026-04-20 06:53:24,465 - Epoch 26, Batch 600, lr = 0.00005, final_loss = 3.7425, nll_loss = 3.6434, ref_nll_loss = 3.8417, ivc_loss = 0.0860, neg_loss_1 = 0.0127, neg_loss_2 = 0.0073, ref_loss = 0.0207, div_loss = 0.0091, 0.782 seconds/batch
2026-04-20 06:54:04,127 - Epoch 26, Batch 650, lr = 0.00005, final_loss = 3.7424, nll_loss = 3.6410, ref_nll_loss = 3.8438, ivc_loss = 0.0865, neg_loss_1 = 0.0133, neg_loss_2 = 0.0075, ref_loss = 0.0216, div_loss = 0.0088, 0.783 seconds/batch
2026-04-20 06:54:43,900 - Epoch 26, Batch 700, lr = 0.00005, final_loss = 3.7479, nll_loss = 3.6458, ref_nll_loss = 3.8500, ivc_loss = 0.0863, neg_loss_1 = 0.0138, neg_loss_2 = 0.0092, ref_loss = 0.0200, div_loss = 0.0087, 0.783 seconds/batch
2026-04-20 06:55:23,745 - Epoch 26, Batch 750, lr = 0.00005, final_loss = 3.7630, nll_loss = 3.6639, ref_nll_loss = 3.8621, ivc_loss = 0.0903, neg_loss_1 = 0.0142, neg_loss_2 = 0.0085, ref_loss = 0.0227, div_loss = 0.0090, 0.784 seconds/batch
2026-04-20 06:56:03,681 - Epoch 26, Batch 800, lr = 0.00005, final_loss = 3.7419, nll_loss = 3.6424, ref_nll_loss = 3.8414, ivc_loss = 0.0907, neg_loss_1 = 0.0167, neg_loss_2 = 0.0093, ref_loss = 0.0212, div_loss = 0.0087, 0.785 seconds/batch
2026-04-20 06:56:43,627 - Epoch 26, Batch 850, lr = 0.00005, final_loss = 3.7053, nll_loss = 3.6033, ref_nll_loss = 3.8072, ivc_loss = 0.0883, neg_loss_1 = 0.0120, neg_loss_2 = 0.0097, ref_loss = 0.0202, div_loss = 0.0093, 0.786 seconds/batch
2026-04-20 06:57:23,534 - Epoch 26, Batch 900, lr = 0.00005, final_loss = 3.7503, nll_loss = 3.6495, ref_nll_loss = 3.8511, ivc_loss = 0.0886, neg_loss_1 = 0.0131, neg_loss_2 = 0.0073, ref_loss = 0.0214, div_loss = 0.0093, 0.787 seconds/batch
2026-04-20 06:58:03,387 - Epoch 26, Batch 950, lr = 0.00005, final_loss = 3.7416, nll_loss = 3.6389, ref_nll_loss = 3.8443, ivc_loss = 0.0850, neg_loss_1 = 0.0126, neg_loss_2 = 0.0075, ref_loss = 0.0188, div_loss = 0.0092, 0.787 seconds/batch
2026-04-20 06:58:43,690 - Epoch 26, Batch 1000, lr = 0.00005, final_loss = 3.7353, nll_loss = 3.6320, ref_nll_loss = 3.8386, ivc_loss = 0.0872, neg_loss_1 = 0.0143, neg_loss_2 = 0.0098, ref_loss = 0.0193, div_loss = 0.0087, 0.788 seconds/batch
2026-04-20 06:59:17,941 - Epoch 26, Batch 1050, lr = 0.00005, final_loss = 3.7575, nll_loss = 3.6545, ref_nll_loss = 3.8605, ivc_loss = 0.0850, neg_loss_1 = 0.0140, neg_loss_2 = 0.0089, ref_loss = 0.0202, div_loss = 0.0084, 0.783 seconds/batch
2026-04-20 06:59:52,271 - Epoch 26, Batch 1100, lr = 0.00005, final_loss = 3.7475, nll_loss = 3.6482, ref_nll_loss = 3.8469, ivc_loss = 0.0906, neg_loss_1 = 0.0145, neg_loss_2 = 0.0104, ref_loss = 0.0227, div_loss = 0.0086, 0.779 seconds/batch
2026-04-20 07:00:20,639 - Epoch 26, Batch 1150, lr = 0.00005, final_loss = 3.7189, nll_loss = 3.6154, ref_nll_loss = 3.8223, ivc_loss = 0.0851, neg_loss_1 = 0.0127, neg_loss_2 = 0.0076, ref_loss = 0.0189, div_loss = 0.0092, 0.770 seconds/batch
2026-04-20 07:00:31,474 - Epoch 26, Batch 1170, lr = 0.00005, final_loss = 3.7452, nll_loss = 3.6495, ref_nll_loss = 3.8408, ivc_loss = 0.0892, neg_loss_1 = 0.0147, neg_loss_2 = 0.0063, ref_loss = 0.0255, div_loss = 0.0085, 0.766 seconds/batch
2026-04-20 07:00:31,544 - save model to checkpoints/activitynet_moe/cpl_moe/model-26.pt, num_updates 30420.
2026-04-20 07:03:49,753 - | R@1,mIoU 0.2859 | R@1,IoU@0.1 0.6484 | R@1,IoU@0.3 0.4805 | R@1,IoU@0.5 0.2145 | R@1,IoU@0.7 0.0711 | R@1,IoU@0.9 0.0077 | R@5,mIoU 0.5288 | R@5,IoU@0.1 0.9200 | R@5,IoU@0.3 0.7852 | R@5,IoU@0.5 0.5445 | R@5,IoU@0.7 0.3247 | R@5,IoU@0.9 0.0750 |
2026-04-20 07:03:49,753 - ============================================================
2026-04-20 07:03:49,754 - Start Epoch 27
2026-04-20 07:04:23,864 - Epoch 27, Batch 50, lr = 0.00005, final_loss = 3.7073, nll_loss = 3.6042, ref_nll_loss = 3.8104, ivc_loss = 0.0863, neg_loss_1 = 0.0133, neg_loss_2 = 0.0087, ref_loss = 0.0199, div_loss = 0.0089, 0.682 seconds/batch
2026-04-20 07:05:02,061 - Epoch 27, Batch 100, lr = 0.00005, final_loss = 3.7211, nll_loss = 3.6201, ref_nll_loss = 3.8221, ivc_loss = 0.0851, neg_loss_1 = 0.0150, neg_loss_2 = 0.0091, ref_loss = 0.0194, div_loss = 0.0083, 0.723 seconds/batch
2026-04-20 07:05:41,691 - Epoch 27, Batch 150, lr = 0.00005, final_loss = 3.7096, nll_loss = 3.6097, ref_nll_loss = 3.8096, ivc_loss = 0.0900, neg_loss_1 = 0.0165, neg_loss_2 = 0.0079, ref_loss = 0.0201, div_loss = 0.0091, 0.746 seconds/batch
2026-04-20 07:06:21,479 - Epoch 27, Batch 200, lr = 0.00005, final_loss = 3.6938, nll_loss = 3.5920, ref_nll_loss = 3.7956, ivc_loss = 0.0848, neg_loss_1 = 0.0134, neg_loss_2 = 0.0070, ref_loss = 0.0200, div_loss = 0.0089, 0.759 seconds/batch
2026-04-20 07:07:01,442 - Epoch 27, Batch 250, lr = 0.00005, final_loss = 3.7218, nll_loss = 3.6229, ref_nll_loss = 3.8207, ivc_loss = 0.0857, neg_loss_1 = 0.0140, neg_loss_2 = 0.0081, ref_loss = 0.0208, div_loss = 0.0086, 0.767 seconds/batch
2026-04-20 07:07:41,283 - Epoch 27, Batch 300, lr = 0.00005, final_loss = 3.7311, nll_loss = 3.6319, ref_nll_loss = 3.8303, ivc_loss = 0.0851, neg_loss_1 = 0.0146, neg_loss_2 = 0.0079, ref_loss = 0.0195, div_loss = 0.0086, 0.772 seconds/batch
2026-04-20 07:08:21,278 - Epoch 27, Batch 350, lr = 0.00005, final_loss = 3.7458, nll_loss = 3.6451, ref_nll_loss = 3.8465, ivc_loss = 0.0882, neg_loss_1 = 0.0161, neg_loss_2 = 0.0084, ref_loss = 0.0202, div_loss = 0.0087, 0.776 seconds/batch
2026-04-20 07:09:01,044 - Epoch 27, Batch 400, lr = 0.00005, final_loss = 3.7377, nll_loss = 3.6330, ref_nll_loss = 3.8423, ivc_loss = 0.0870, neg_loss_1 = 0.0151, neg_loss_2 = 0.0104, ref_loss = 0.0185, div_loss = 0.0086, 0.778 seconds/batch
2026-04-20 07:09:40,741 - Epoch 27, Batch 450, lr = 0.00005, final_loss = 3.7365, nll_loss = 3.6335, ref_nll_loss = 3.8396, ivc_loss = 0.0870, neg_loss_1 = 0.0137, neg_loss_2 = 0.0081, ref_loss = 0.0208, div_loss = 0.0089, 0.780 seconds/batch
2026-04-20 07:10:20,277 - Epoch 27, Batch 500, lr = 0.00005, final_loss = 3.7202, nll_loss = 3.6176, ref_nll_loss = 3.8229, ivc_loss = 0.0897, neg_loss_1 = 0.0180, neg_loss_2 = 0.0082, ref_loss = 0.0202, div_loss = 0.0087, 0.781 seconds/batch
2026-04-20 07:10:59,679 - Epoch 27, Batch 550, lr = 0.00005, final_loss = 3.7216, nll_loss = 3.6189, ref_nll_loss = 3.8243, ivc_loss = 0.0874, neg_loss_1 = 0.0142, neg_loss_2 = 0.0091, ref_loss = 0.0197, div_loss = 0.0089, 0.782 seconds/batch
2026-04-20 07:11:39,212 - Epoch 27, Batch 600, lr = 0.00005, final_loss = 3.7259, nll_loss = 3.6251, ref_nll_loss = 3.8268, ivc_loss = 0.0885, neg_loss_1 = 0.0144, neg_loss_2 = 0.0064, ref_loss = 0.0213, div_loss = 0.0093, 0.782 seconds/batch
2026-04-20 07:12:18,819 - Epoch 27, Batch 650, lr = 0.00005, final_loss = 3.7080, nll_loss = 3.6047, ref_nll_loss = 3.8114, ivc_loss = 0.0855, neg_loss_1 = 0.0132, neg_loss_2 = 0.0062, ref_loss = 0.0207, div_loss = 0.0091, 0.783 seconds/batch
2026-04-20 07:12:58,357 - Epoch 27, Batch 700, lr = 0.00005, final_loss = 3.7328, nll_loss = 3.6305, ref_nll_loss = 3.8352, ivc_loss = 0.0838, neg_loss_1 = 0.0123, neg_loss_2 = 0.0074, ref_loss = 0.0200, div_loss = 0.0088, 0.784 seconds/batch
2026-04-20 07:13:38,288 - Epoch 27, Batch 750, lr = 0.00005, final_loss = 3.7580, nll_loss = 3.6551, ref_nll_loss = 3.8608, ivc_loss = 0.0862, neg_loss_1 = 0.0150, neg_loss_2 = 0.0080, ref_loss = 0.0189, div_loss = 0.0089, 0.785 seconds/batch
2026-04-20 07:14:18,243 - Epoch 27, Batch 800, lr = 0.00005, final_loss = 3.7430, nll_loss = 3.6424, ref_nll_loss = 3.8435, ivc_loss = 0.0841, neg_loss_1 = 0.0124, neg_loss_2 = 0.0077, ref_loss = 0.0198, div_loss = 0.0089, 0.786 seconds/batch
2026-04-20 07:14:57,958 - Epoch 27, Batch 850, lr = 0.00005, final_loss = 3.7199, nll_loss = 3.6195, ref_nll_loss = 3.8203, ivc_loss = 0.0860, neg_loss_1 = 0.0133, neg_loss_2 = 0.0080, ref_loss = 0.0206, div_loss = 0.0088, 0.786 seconds/batch
2026-04-20 07:15:37,706 - Epoch 27, Batch 900, lr = 0.00005, final_loss = 3.7273, nll_loss = 3.6251, ref_nll_loss = 3.8294, ivc_loss = 0.0884, neg_loss_1 = 0.0159, neg_loss_2 = 0.0087, ref_loss = 0.0200, div_loss = 0.0088, 0.787 seconds/batch
2026-04-20 07:16:17,493 - Epoch 27, Batch 950, lr = 0.00005, final_loss = 3.7257, nll_loss = 3.6236, ref_nll_loss = 3.8277, ivc_loss = 0.0883, neg_loss_1 = 0.0157, neg_loss_2 = 0.0082, ref_loss = 0.0207, div_loss = 0.0088, 0.787 seconds/batch
2026-04-20 07:16:57,442 - Epoch 27, Batch 1000, lr = 0.00005, final_loss = 3.7329, nll_loss = 3.6306, ref_nll_loss = 3.8352, ivc_loss = 0.0885, neg_loss_1 = 0.0152, neg_loss_2 = 0.0086, ref_loss = 0.0203, div_loss = 0.0089, 0.788 seconds/batch
2026-04-20 07:17:31,279 - Epoch 27, Batch 1050, lr = 0.00005, final_loss = 3.7321, nll_loss = 3.6282, ref_nll_loss = 3.8359, ivc_loss = 0.0879, neg_loss_1 = 0.0142, neg_loss_2 = 0.0073, ref_loss = 0.0205, div_loss = 0.0092, 0.782 seconds/batch
2026-04-20 07:18:05,095 - Epoch 27, Batch 1100, lr = 0.00005, final_loss = 3.7149, nll_loss = 3.6118, ref_nll_loss = 3.8180, ivc_loss = 0.0907, neg_loss_1 = 0.0156, neg_loss_2 = 0.0102, ref_loss = 0.0206, div_loss = 0.0089, 0.778 seconds/batch
2026-04-20 07:18:33,857 - Epoch 27, Batch 1150, lr = 0.00005, final_loss = 3.7242, nll_loss = 3.6215, ref_nll_loss = 3.8269, ivc_loss = 0.0910, neg_loss_1 = 0.0157, neg_loss_2 = 0.0096, ref_loss = 0.0211, div_loss = 0.0089, 0.769 seconds/batch
2026-04-20 07:18:44,731 - Epoch 27, Batch 1170, lr = 0.00005, final_loss = 3.7741, nll_loss = 3.6720, ref_nll_loss = 3.8762, ivc_loss = 0.0871, neg_loss_1 = 0.0138, neg_loss_2 = 0.0091, ref_loss = 0.0184, div_loss = 0.0092, 0.765 seconds/batch
2026-04-20 07:18:44,802 - save model to checkpoints/activitynet_moe/cpl_moe/model-27.pt, num_updates 31590.
2026-04-20 07:22:04,065 - | R@1,mIoU 0.3306 | R@1,IoU@0.1 0.7457 | R@1,IoU@0.3 0.5573 | R@1,IoU@0.5 0.2558 | R@1,IoU@0.7 0.0877 | R@1,IoU@0.9 0.0104 | R@5,mIoU 0.5258 | R@5,IoU@0.1 0.9196 | R@5,IoU@0.3 0.7840 | R@5,IoU@0.5 0.5415 | R@5,IoU@0.7 0.3189 | R@5,IoU@0.9 0.0741 |
2026-04-20 07:22:04,140 - Best results have been updated.
2026-04-20 07:22:04,140 - ============================================================
2026-04-20 07:22:04,140 - Start Epoch 28
2026-04-20 07:22:38,489 - Epoch 28, Batch 50, lr = 0.00004, final_loss = 3.6970, nll_loss = 3.5921, ref_nll_loss = 3.8020, ivc_loss = 0.0856, neg_loss_1 = 0.0129, neg_loss_2 = 0.0078, ref_loss = 0.0182, div_loss = 0.0093, 0.687 seconds/batch
2026-04-20 07:23:16,537 - Epoch 28, Batch 100, lr = 0.00004, final_loss = 3.7072, nll_loss = 3.6013, ref_nll_loss = 3.8130, ivc_loss = 0.0884, neg_loss_1 = 0.0135, neg_loss_2 = 0.0089, ref_loss = 0.0194, div_loss = 0.0093, 0.724 seconds/batch
2026-04-20 07:23:56,776 - Epoch 28, Batch 150, lr = 0.00004, final_loss = 3.6835, nll_loss = 3.5789, ref_nll_loss = 3.7881, ivc_loss = 0.0876, neg_loss_1 = 0.0131, neg_loss_2 = 0.0087, ref_loss = 0.0184, div_loss = 0.0095, 0.751 seconds/batch
2026-04-20 07:24:36,524 - Epoch 28, Batch 200, lr = 0.00004, final_loss = 3.7095, nll_loss = 3.6068, ref_nll_loss = 3.8121, ivc_loss = 0.0892, neg_loss_1 = 0.0159, neg_loss_2 = 0.0091, ref_loss = 0.0193, div_loss = 0.0090, 0.762 seconds/batch
2026-04-20 07:25:16,480 - Epoch 28, Batch 250, lr = 0.00004, final_loss = 3.7083, nll_loss = 3.6040, ref_nll_loss = 3.8126, ivc_loss = 0.0893, neg_loss_1 = 0.0122, neg_loss_2 = 0.0091, ref_loss = 0.0201, div_loss = 0.0096, 0.769 seconds/batch
2026-04-20 07:25:56,370 - Epoch 28, Batch 300, lr = 0.00004, final_loss = 3.6925, nll_loss = 3.5878, ref_nll_loss = 3.7972, ivc_loss = 0.0916, neg_loss_1 = 0.0137, neg_loss_2 = 0.0084, ref_loss = 0.0206, div_loss = 0.0098, 0.774 seconds/batch
2026-04-20 07:26:36,347 - Epoch 28, Batch 350, lr = 0.00004, final_loss = 3.7231, nll_loss = 3.6203, ref_nll_loss = 3.8259, ivc_loss = 0.0869, neg_loss_1 = 0.0133, neg_loss_2 = 0.0078, ref_loss = 0.0190, div_loss = 0.0094, 0.778 seconds/batch
2026-04-20 07:27:16,307 - Epoch 28, Batch 400, lr = 0.00004, final_loss = 3.6969, nll_loss = 3.5945, ref_nll_loss = 3.7993, ivc_loss = 0.0824, neg_loss_1 = 0.0119, neg_loss_2 = 0.0077, ref_loss = 0.0188, div_loss = 0.0088, 0.780 seconds/batch
2026-04-20 07:27:55,892 - Epoch 28, Batch 450, lr = 0.00004, final_loss = 3.7245, nll_loss = 3.6202, ref_nll_loss = 3.8287, ivc_loss = 0.0901, neg_loss_1 = 0.0151, neg_loss_2 = 0.0089, ref_loss = 0.0203, div_loss = 0.0091, 0.782 seconds/batch
2026-04-20 07:28:35,625 - Epoch 28, Batch 500, lr = 0.00004, final_loss = 3.7067, nll_loss = 3.6030, ref_nll_loss = 3.8104, ivc_loss = 0.0911, neg_loss_1 = 0.0151, neg_loss_2 = 0.0075, ref_loss = 0.0212, div_loss = 0.0095, 0.783 seconds/batch
2026-04-20 07:29:15,367 - Epoch 28, Batch 550, lr = 0.00004, final_loss = 3.7160, nll_loss = 3.6161, ref_nll_loss = 3.8158, ivc_loss = 0.0870, neg_loss_1 = 0.0132, neg_loss_2 = 0.0087, ref_loss = 0.0213, div_loss = 0.0088, 0.784 seconds/batch
2026-04-20 07:29:55,259 - Epoch 28, Batch 600, lr = 0.00004, final_loss = 3.7419, nll_loss = 3.6404, ref_nll_loss = 3.8434, ivc_loss = 0.0859, neg_loss_1 = 0.0137, neg_loss_2 = 0.0080, ref_loss = 0.0210, div_loss = 0.0086, 0.785 seconds/batch
2026-04-20 07:30:35,058 - Epoch 28, Batch 650, lr = 0.00004, final_loss = 3.7173, nll_loss = 3.6151, ref_nll_loss = 3.8196, ivc_loss = 0.0872, neg_loss_1 = 0.0146, neg_loss_2 = 0.0095, ref_loss = 0.0194, div_loss = 0.0088, 0.786 seconds/batch
2026-04-20 07:31:15,034 - Epoch 28, Batch 700, lr = 0.00004, final_loss = 3.7302, nll_loss = 3.6319, ref_nll_loss = 3.8285, ivc_loss = 0.0871, neg_loss_1 = 0.0147, neg_loss_2 = 0.0107, ref_loss = 0.0197, div_loss = 0.0084, 0.787 seconds/batch
2026-04-20 07:31:54,805 - Epoch 28, Batch 750, lr = 0.00004, final_loss = 3.7641, nll_loss = 3.6621, ref_nll_loss = 3.8662, ivc_loss = 0.0877, neg_loss_1 = 0.0145, neg_loss_2 = 0.0090, ref_loss = 0.0198, div_loss = 0.0089, 0.788 seconds/batch
2026-04-20 07:32:34,690 - Epoch 28, Batch 800, lr = 0.00004, final_loss = 3.7061, nll_loss = 3.6014, ref_nll_loss = 3.8108, ivc_loss = 0.0839, neg_loss_1 = 0.0112, neg_loss_2 = 0.0073, ref_loss = 0.0195, div_loss = 0.0092, 0.788 seconds/batch
2026-04-20 07:33:14,348 - Epoch 28, Batch 850, lr = 0.00004, final_loss = 3.7293, nll_loss = 3.6261, ref_nll_loss = 3.8324, ivc_loss = 0.0844, neg_loss_1 = 0.0130, neg_loss_2 = 0.0077, ref_loss = 0.0196, div_loss = 0.0088, 0.788 seconds/batch
2026-04-20 07:33:53,903 - Epoch 28, Batch 900, lr = 0.00004, final_loss = 3.7256, nll_loss = 3.6219, ref_nll_loss = 3.8292, ivc_loss = 0.0890, neg_loss_1 = 0.0140, neg_loss_2 = 0.0080, ref_loss = 0.0206, div_loss = 0.0093, 0.789 seconds/batch
2026-04-20 07:34:33,916 - Epoch 28, Batch 950, lr = 0.00004, final_loss = 3.7133, nll_loss = 3.6101, ref_nll_loss = 3.8165, ivc_loss = 0.0870, neg_loss_1 = 0.0128, neg_loss_2 = 0.0088, ref_loss = 0.0200, div_loss = 0.0091, 0.789 seconds/batch
2026-04-20 07:35:12,892 - Epoch 28, Batch 1000, lr = 0.00004, final_loss = 3.7070, nll_loss = 3.6053, ref_nll_loss = 3.8087, ivc_loss = 0.0912, neg_loss_1 = 0.0148, neg_loss_2 = 0.0084, ref_loss = 0.0211, div_loss = 0.0094, 0.789 seconds/batch
2026-04-20 07:35:46,682 - Epoch 28, Batch 1050, lr = 0.00004, final_loss = 3.7271, nll_loss = 3.6255, ref_nll_loss = 3.8287, ivc_loss = 0.0906, neg_loss_1 = 0.0155, neg_loss_2 = 0.0093, ref_loss = 0.0216, div_loss = 0.0088, 0.783 seconds/batch
2026-04-20 07:36:20,683 - Epoch 28, Batch 1100, lr = 0.00004, final_loss = 3.7289, nll_loss = 3.6264, ref_nll_loss = 3.8314, ivc_loss = 0.0882, neg_loss_1 = 0.0137, neg_loss_2 = 0.0086, ref_loss = 0.0203, div_loss = 0.0091, 0.779 seconds/batch
2026-04-20 07:36:48,391 - Epoch 28, Batch 1150, lr = 0.00004, final_loss = 3.7158, nll_loss = 3.6112, ref_nll_loss = 3.8203, ivc_loss = 0.0882, neg_loss_1 = 0.0145, neg_loss_2 = 0.0087, ref_loss = 0.0200, div_loss = 0.0090, 0.769 seconds/batch
2026-04-20 07:36:59,124 - Epoch 28, Batch 1170, lr = 0.00004, final_loss = 3.7256, nll_loss = 3.6269, ref_nll_loss = 3.8242, ivc_loss = 0.0972, neg_loss_1 = 0.0165, neg_loss_2 = 0.0086, ref_loss = 0.0267, div_loss = 0.0091, 0.765 seconds/batch
2026-04-20 07:36:59,193 - save model to checkpoints/activitynet_moe/cpl_moe/model-28.pt, num_updates 32760.
2026-04-20 07:40:19,341 - | R@1,mIoU 0.2722 | R@1,IoU@0.1 0.6260 | R@1,IoU@0.3 0.4636 | R@1,IoU@0.5 0.2020 | R@1,IoU@0.7 0.0642 | R@1,IoU@0.9 0.0046 | R@5,mIoU 0.5269 | R@5,IoU@0.1 0.9204 | R@5,IoU@0.3 0.7839 | R@5,IoU@0.5 0.5446 | R@5,IoU@0.7 0.3181 | R@5,IoU@0.9 0.0730 |
2026-04-20 07:40:19,341 - ============================================================
2026-04-20 07:40:19,341 - Start Epoch 29
2026-04-20 07:40:53,692 - Epoch 29, Batch 50, lr = 0.00004, final_loss = 3.7244, nll_loss = 3.6224, ref_nll_loss = 3.8263, ivc_loss = 0.0871, neg_loss_1 = 0.0122, neg_loss_2 = 0.0090, ref_loss = 0.0211, div_loss = 0.0090, 0.687 seconds/batch
2026-04-20 07:41:31,381 - Epoch 29, Batch 100, lr = 0.00004, final_loss = 3.7057, nll_loss = 3.6024, ref_nll_loss = 3.8090, ivc_loss = 0.0878, neg_loss_1 = 0.0124, neg_loss_2 = 0.0082, ref_loss = 0.0207, div_loss = 0.0093, 0.720 seconds/batch
2026-04-20 07:42:11,196 - Epoch 29, Batch 150, lr = 0.00004, final_loss = 3.7035, nll_loss = 3.6009, ref_nll_loss = 3.8061, ivc_loss = 0.0909, neg_loss_1 = 0.0157, neg_loss_2 = 0.0089, ref_loss = 0.0199, div_loss = 0.0093, 0.746 seconds/batch
2026-04-20 07:42:51,161 - Epoch 29, Batch 200, lr = 0.00004, final_loss = 3.7083, nll_loss = 3.6071, ref_nll_loss = 3.8095, ivc_loss = 0.0892, neg_loss_1 = 0.0146, neg_loss_2 = 0.0076, ref_loss = 0.0209, div_loss = 0.0092, 0.759 seconds/batch
2026-04-20 07:43:31,050 - Epoch 29, Batch 250, lr = 0.00004, final_loss = 3.6773, nll_loss = 3.5713, ref_nll_loss = 3.7833, ivc_loss = 0.0842, neg_loss_1 = 0.0115, neg_loss_2 = 0.0087, ref_loss = 0.0190, div_loss = 0.0090, 0.767 seconds/batch
2026-04-20 07:44:10,655 - Epoch 29, Batch 300, lr = 0.00004, final_loss = 3.6945, nll_loss = 3.5916, ref_nll_loss = 3.7975, ivc_loss = 0.0903, neg_loss_1 = 0.0146, neg_loss_2 = 0.0085, ref_loss = 0.0212, div_loss = 0.0092, 0.771 seconds/batch
2026-04-20 07:44:50,423 - Epoch 29, Batch 350, lr = 0.00004, final_loss = 3.7106, nll_loss = 3.6069, ref_nll_loss = 3.8143, ivc_loss = 0.0884, neg_loss_1 = 0.0128, neg_loss_2 = 0.0063, ref_loss = 0.0205, div_loss = 0.0098, 0.775 seconds/batch
2026-04-20 07:45:30,000 - Epoch 29, Batch 400, lr = 0.00004, final_loss = 3.6785, nll_loss = 3.5763, ref_nll_loss = 3.7807, ivc_loss = 0.0864, neg_loss_1 = 0.0117, neg_loss_2 = 0.0064, ref_loss = 0.0222, div_loss = 0.0092, 0.777 seconds/batch
2026-04-20 07:46:09,812 - Epoch 29, Batch 450, lr = 0.00004, final_loss = 3.7116, nll_loss = 3.6146, ref_nll_loss = 3.8086, ivc_loss = 0.0944, neg_loss_1 = 0.0151, neg_loss_2 = 0.0090, ref_loss = 0.0233, div_loss = 0.0094, 0.779 seconds/batch
2026-04-20 07:46:49,862 - Epoch 29, Batch 500, lr = 0.00004, final_loss = 3.7029, nll_loss = 3.5993, ref_nll_loss = 3.8065, ivc_loss = 0.0860, neg_loss_1 = 0.0144, neg_loss_2 = 0.0074, ref_loss = 0.0194, div_loss = 0.0090, 0.781 seconds/batch
2026-04-20 07:47:29,116 - Epoch 29, Batch 550, lr = 0.00004, final_loss = 3.6862, nll_loss = 3.5806, ref_nll_loss = 3.7919, ivc_loss = 0.0853, neg_loss_1 = 0.0149, neg_loss_2 = 0.0078, ref_loss = 0.0182, div_loss = 0.0089, 0.781 seconds/batch
2026-04-20 07:48:09,007 - Epoch 29, Batch 600, lr = 0.00004, final_loss = 3.6929, nll_loss = 3.5885, ref_nll_loss = 3.7973, ivc_loss = 0.0872, neg_loss_1 = 0.0131, neg_loss_2 = 0.0082, ref_loss = 0.0209, div_loss = 0.0090, 0.783 seconds/batch
2026-04-20 07:48:48,830 - Epoch 29, Batch 650, lr = 0.00004, final_loss = 3.6969, nll_loss = 3.5924, ref_nll_loss = 3.8014, ivc_loss = 0.0873, neg_loss_1 = 0.0133, neg_loss_2 = 0.0083, ref_loss = 0.0206, div_loss = 0.0090, 0.784 seconds/batch
2026-04-20 07:49:28,592 - Epoch 29, Batch 700, lr = 0.00004, final_loss = 3.7050, nll_loss = 3.6067, ref_nll_loss = 3.8033, ivc_loss = 0.0903, neg_loss_1 = 0.0143, neg_loss_2 = 0.0092, ref_loss = 0.0215, div_loss = 0.0091, 0.785 seconds/batch
2026-04-20 07:50:08,136 - Epoch 29, Batch 750, lr = 0.00004, final_loss = 3.7068, nll_loss = 3.6051, ref_nll_loss = 3.8084, ivc_loss = 0.0892, neg_loss_1 = 0.0139, neg_loss_2 = 0.0106, ref_loss = 0.0194, div_loss = 0.0091, 0.785 seconds/batch
2026-04-20 07:50:47,799 - Epoch 29, Batch 800, lr = 0.00004, final_loss = 3.7244, nll_loss = 3.6208, ref_nll_loss = 3.8280, ivc_loss = 0.0859, neg_loss_1 = 0.0125, neg_loss_2 = 0.0094, ref_loss = 0.0206, div_loss = 0.0087, 0.786 seconds/batch
2026-04-20 07:51:27,601 - Epoch 29, Batch 850, lr = 0.00004, final_loss = 3.7195, nll_loss = 3.6186, ref_nll_loss = 3.8204, ivc_loss = 0.0854, neg_loss_1 = 0.0148, neg_loss_2 = 0.0072, ref_loss = 0.0194, div_loss = 0.0088, 0.786 seconds/batch
2026-04-20 07:52:07,572 - Epoch 29, Batch 900, lr = 0.00004, final_loss = 3.6905, nll_loss = 3.5872, ref_nll_loss = 3.7939, ivc_loss = 0.0874, neg_loss_1 = 0.0138, neg_loss_2 = 0.0079, ref_loss = 0.0202, div_loss = 0.0091, 0.787 seconds/batch
2026-04-20 07:52:47,428 - Epoch 29, Batch 950, lr = 0.00004, final_loss = 3.7470, nll_loss = 3.6412, ref_nll_loss = 3.8527, ivc_loss = 0.0879, neg_loss_1 = 0.0134, neg_loss_2 = 0.0083, ref_loss = 0.0203, div_loss = 0.0092, 0.787 seconds/batch
2026-04-20 07:53:26,101 - Epoch 29, Batch 1000, lr = 0.00004, final_loss = 3.6897, nll_loss = 3.5880, ref_nll_loss = 3.7914, ivc_loss = 0.0860, neg_loss_1 = 0.0129, neg_loss_2 = 0.0074, ref_loss = 0.0205, div_loss = 0.0090, 0.787 seconds/batch
2026-04-20 07:54:00,149 - Epoch 29, Batch 1050, lr = 0.00004, final_loss = 3.7064, nll_loss = 3.6017, ref_nll_loss = 3.8112, ivc_loss = 0.0896, neg_loss_1 = 0.0141, neg_loss_2 = 0.0097, ref_loss = 0.0193, div_loss = 0.0093, 0.782 seconds/batch
2026-04-20 07:54:34,274 - Epoch 29, Batch 1100, lr = 0.00004, final_loss = 3.7549, nll_loss = 3.6515, ref_nll_loss = 3.8583, ivc_loss = 0.0889, neg_loss_1 = 0.0145, neg_loss_2 = 0.0069, ref_loss = 0.0194, div_loss = 0.0096, 0.777 seconds/batch
2026-04-20 07:55:02,274 - Epoch 29, Batch 1150, lr = 0.00004, final_loss = 3.7228, nll_loss = 3.6169, ref_nll_loss = 3.8287, ivc_loss = 0.0879, neg_loss_1 = 0.0123, neg_loss_2 = 0.0084, ref_loss = 0.0193, div_loss = 0.0096, 0.768 seconds/batch
2026-04-20 07:55:13,093 - Epoch 29, Batch 1170, lr = 0.00004, final_loss = 3.7122, nll_loss = 3.6052, ref_nll_loss = 3.8192, ivc_loss = 0.0896, neg_loss_1 = 0.0090, neg_loss_2 = 0.0103, ref_loss = 0.0187, div_loss = 0.0103, 0.764 seconds/batch
2026-04-20 07:55:13,168 - save model to checkpoints/activitynet_moe/cpl_moe/model-29.pt, num_updates 33930.
2026-04-20 07:58:33,398 - | R@1,mIoU 0.3062 | R@1,IoU@0.1 0.6684 | R@1,IoU@0.3 0.4983 | R@1,IoU@0.5 0.2471 | R@1,IoU@0.7 0.1031 | R@1,IoU@0.9 0.0174 | R@5,mIoU 0.5249 | R@5,IoU@0.1 0.9184 | R@5,IoU@0.3 0.7823 | R@5,IoU@0.5 0.5406 | R@5,IoU@0.7 0.3170 | R@5,IoU@0.9 0.0752 |
2026-04-20 07:58:33,398 - ============================================================
2026-04-20 07:58:33,398 - Start Epoch 30
2026-04-20 07:59:07,486 - Epoch 30, Batch 50, lr = 0.00004, final_loss = 3.6560, nll_loss = 3.5534, ref_nll_loss = 3.7587, ivc_loss = 0.0837, neg_loss_1 = 0.0127, neg_loss_2 = 0.0060, ref_loss = 0.0199, div_loss = 0.0090, 0.682 seconds/batch
2026-04-20 07:59:44,867 - Epoch 30, Batch 100, lr = 0.00004, final_loss = 3.6560, nll_loss = 3.5511, ref_nll_loss = 3.7608, ivc_loss = 0.0851, neg_loss_1 = 0.0130, neg_loss_2 = 0.0083, ref_loss = 0.0196, div_loss = 0.0089, 0.715 seconds/batch
2026-04-20 08:00:24,523 - Epoch 30, Batch 150, lr = 0.00004, final_loss = 3.6926, nll_loss = 3.5894, ref_nll_loss = 3.7958, ivc_loss = 0.0878, neg_loss_1 = 0.0151, neg_loss_2 = 0.0079, ref_loss = 0.0193, div_loss = 0.0091, 0.741 seconds/batch
2026-04-20 08:01:04,447 - Epoch 30, Batch 200, lr = 0.00004, final_loss = 3.6834, nll_loss = 3.5781, ref_nll_loss = 3.7887, ivc_loss = 0.0880, neg_loss_1 = 0.0141, neg_loss_2 = 0.0085, ref_loss = 0.0185, div_loss = 0.0094, 0.755 seconds/batch
2026-04-20 08:01:44,299 - Epoch 30, Batch 250, lr = 0.00004, final_loss = 3.7059, nll_loss = 3.6018, ref_nll_loss = 3.8099, ivc_loss = 0.0879, neg_loss_1 = 0.0134, neg_loss_2 = 0.0086, ref_loss = 0.0206, div_loss = 0.0091, 0.764 seconds/batch
2026-04-20 08:02:24,351 - Epoch 30, Batch 300, lr = 0.00004, final_loss = 3.6815, nll_loss = 3.5767, ref_nll_loss = 3.7863, ivc_loss = 0.0840, neg_loss_1 = 0.0111, neg_loss_2 = 0.0075, ref_loss = 0.0194, div_loss = 0.0092, 0.770 seconds/batch
2026-04-20 08:03:04,019 - Epoch 30, Batch 350, lr = 0.00004, final_loss = 3.6862, nll_loss = 3.5823, ref_nll_loss = 3.7901, ivc_loss = 0.0908, neg_loss_1 = 0.0143, neg_loss_2 = 0.0092, ref_loss = 0.0183, div_loss = 0.0098, 0.773 seconds/batch
2026-04-20 08:03:43,831 - Epoch 30, Batch 400, lr = 0.00004, final_loss = 3.7215, nll_loss = 3.6166, ref_nll_loss = 3.8264, ivc_loss = 0.0873, neg_loss_1 = 0.0141, neg_loss_2 = 0.0070, ref_loss = 0.0196, div_loss = 0.0093, 0.776 seconds/batch
2026-04-20 08:04:23,351 - Epoch 30, Batch 450, lr = 0.00004, final_loss = 3.6834, nll_loss = 3.5764, ref_nll_loss = 3.7904, ivc_loss = 0.0880, neg_loss_1 = 0.0135, neg_loss_2 = 0.0069, ref_loss = 0.0181, div_loss = 0.0099, 0.778 seconds/batch
2026-04-20 08:05:02,993 - Epoch 30, Batch 500, lr = 0.00004, final_loss = 3.7124, nll_loss = 3.6055, ref_nll_loss = 3.8192, ivc_loss = 0.0903, neg_loss_1 = 0.0152, neg_loss_2 = 0.0080, ref_loss = 0.0193, div_loss = 0.0096, 0.779 seconds/batch
2026-04-20 08:05:42,608 - Epoch 30, Batch 550, lr = 0.00004, final_loss = 3.6966, nll_loss = 3.5924, ref_nll_loss = 3.8009, ivc_loss = 0.0876, neg_loss_1 = 0.0106, neg_loss_2 = 0.0074, ref_loss = 0.0204, div_loss = 0.0098, 0.780 seconds/batch
2026-04-20 08:06:22,239 - Epoch 30, Batch 600, lr = 0.00004, final_loss = 3.7086, nll_loss = 3.6049, ref_nll_loss = 3.8124, ivc_loss = 0.0872, neg_loss_1 = 0.0115, neg_loss_2 = 0.0087, ref_loss = 0.0215, div_loss = 0.0091, 0.781 seconds/batch
2026-04-20 08:07:02,148 - Epoch 30, Batch 650, lr = 0.00004, final_loss = 3.6781, nll_loss = 3.5796, ref_nll_loss = 3.7766, ivc_loss = 0.0901, neg_loss_1 = 0.0144, neg_loss_2 = 0.0081, ref_loss = 0.0207, div_loss = 0.0094, 0.783 seconds/batch
2026-04-20 08:07:41,935 - Epoch 30, Batch 700, lr = 0.00004, final_loss = 3.6851, nll_loss = 3.5810, ref_nll_loss = 3.7893, ivc_loss = 0.0890, neg_loss_1 = 0.0116, neg_loss_2 = 0.0085, ref_loss = 0.0205, div_loss = 0.0097, 0.784 seconds/batch
2026-04-20 08:08:21,741 - Epoch 30, Batch 750, lr = 0.00004, final_loss = 3.7021, nll_loss = 3.5979, ref_nll_loss = 3.8063, ivc_loss = 0.0854, neg_loss_1 = 0.0124, neg_loss_2 = 0.0077, ref_loss = 0.0195, div_loss = 0.0092, 0.784 seconds/batch
2026-04-20 08:09:01,596 - Epoch 30, Batch 800, lr = 0.00004, final_loss = 3.7116, nll_loss = 3.6098, ref_nll_loss = 3.8134, ivc_loss = 0.0884, neg_loss_1 = 0.0134, neg_loss_2 = 0.0078, ref_loss = 0.0216, div_loss = 0.0091, 0.785 seconds/batch
2026-04-20 08:09:41,628 - Epoch 30, Batch 850, lr = 0.00004, final_loss = 3.7110, nll_loss = 3.6063, ref_nll_loss = 3.8157, ivc_loss = 0.0891, neg_loss_1 = 0.0131, neg_loss_2 = 0.0086, ref_loss = 0.0217, div_loss = 0.0091, 0.786 seconds/batch
2026-04-20 08:10:21,580 - Epoch 30, Batch 900, lr = 0.00004, final_loss = 3.7228, nll_loss = 3.6143, ref_nll_loss = 3.8312, ivc_loss = 0.0874, neg_loss_1 = 0.0152, neg_loss_2 = 0.0088, ref_loss = 0.0185, div_loss = 0.0090, 0.787 seconds/batch
2026-04-20 08:11:01,307 - Epoch 30, Batch 950, lr = 0.00004, final_loss = 3.7184, nll_loss = 3.6150, ref_nll_loss = 3.8218, ivc_loss = 0.0883, neg_loss_1 = 0.0122, neg_loss_2 = 0.0101, ref_loss = 0.0190, div_loss = 0.0094, 0.787 seconds/batch
2026-04-20 08:11:40,108 - Epoch 30, Batch 1000, lr = 0.00004, final_loss = 3.7179, nll_loss = 3.6138, ref_nll_loss = 3.8221, ivc_loss = 0.0848, neg_loss_1 = 0.0112, neg_loss_2 = 0.0068, ref_loss = 0.0209, div_loss = 0.0092, 0.787 seconds/batch
2026-04-20 08:12:14,143 - Epoch 30, Batch 1050, lr = 0.00004, final_loss = 3.7293, nll_loss = 3.6246, ref_nll_loss = 3.8341, ivc_loss = 0.0886, neg_loss_1 = 0.0126, neg_loss_2 = 0.0080, ref_loss = 0.0208, div_loss = 0.0094, 0.782 seconds/batch
2026-04-20 08:12:48,213 - Epoch 30, Batch 1100, lr = 0.00004, final_loss = 3.6879, nll_loss = 3.5840, ref_nll_loss = 3.7918, ivc_loss = 0.0863, neg_loss_1 = 0.0123, neg_loss_2 = 0.0078, ref_loss = 0.0199, div_loss = 0.0093, 0.777 seconds/batch
2026-04-20 08:13:16,254 - Epoch 30, Batch 1150, lr = 0.00004, final_loss = 3.7054, nll_loss = 3.6026, ref_nll_loss = 3.8082, ivc_loss = 0.0907, neg_loss_1 = 0.0132, neg_loss_2 = 0.0086, ref_loss = 0.0216, div_loss = 0.0094, 0.768 seconds/batch
2026-04-20 08:13:27,118 - Epoch 30, Batch 1170, lr = 0.00004, final_loss = 3.6910, nll_loss = 3.5838, ref_nll_loss = 3.7982, ivc_loss = 0.0863, neg_loss_1 = 0.0166, neg_loss_2 = 0.0053, ref_loss = 0.0194, div_loss = 0.0090, 0.764 seconds/batch
2026-04-20 08:13:27,188 - save model to checkpoints/activitynet_moe/cpl_moe/model-30.pt, num_updates 35100.
2026-04-20 08:16:02,062 - | R@1,mIoU 0.3249 | R@1,IoU@0.1 0.7227 | R@1,IoU@0.3 0.5467 | R@1,IoU@0.5 0.2549 | R@1,IoU@0.7 0.0905 | R@1,IoU@0.9 0.0135 | R@5,mIoU 0.5295 | R@5,IoU@0.1 0.9207 | R@5,IoU@0.3 0.7871 | R@5,IoU@0.5 0.5481 | R@5,IoU@0.7 0.3239 | R@5,IoU@0.9 0.0793 |
2026-04-20 08:16:02,062 - ============================================================
2026-04-20 08:16:02,062 - Best results:
2026-04-20 08:16:02,062 - | R@1,mIoU 0.3306 | R@1,IoU@0.1 0.7457 | R@1,IoU@0.3 0.5573 | R@1,IoU@0.5 0.2558 | R@1,IoU@0.7 0.0877 | R@1,IoU@0.9 0.0104 | R@5,mIoU 0.5258 | R@5,IoU@0.1 0.9196 | R@5,IoU@0.3 0.7840 | R@5,IoU@0.5 0.5415 | R@5,IoU@0.7 0.3189 | R@5,IoU@0.9 0.0741 |
